id,path,name,is_leaf,actual_loss_rate,actual_loss_percent,status,rule_code,label,confidence,source_level,source_refs,basis
15,黑色及有色金属 > 建筑钢材 > 钢筋,钢筋,是,0.025,2.5%,已覆盖,STEEL_REBAR,钢筋,高,公开资料/本地定额,LOCAL_GD_SN_PARAM;PUBLIC_BUILDING_LOSS_TABLE,螺纹钢/热轧带肋钢筋按 2.5% 控制；圆钢小规格可低至 2.0%，这里取通用采购侧 2.5%。
1081,黑色及有色金属 > 建筑钢材 > 钢丝,钢丝,是,0.03,3%,已覆盖,STEEL_PRESTRESS,钢绞线/钢丝绳,中,公开资料/本地定额,PUBLIC_BUILDING_LOSS_TABLE,预应力钢丝、钢绞线、钢丝绳受切断、锚固、端部处理影响，按 3.0% 估算。
1082,黑色及有色金属 > 建筑钢材 > 钢丝绳,钢丝绳,是,0.03,3%,已覆盖,STEEL_PRESTRESS,钢绞线/钢丝绳,中,公开资料/本地定额,PUBLIC_BUILDING_LOSS_TABLE,预应力钢丝、钢绞线、钢丝绳受切断、锚固、端部处理影响，按 3.0% 估算。
1083,黑色及有色金属 > 建筑钢材 > 钢绞线、钢丝束,钢绞线、钢丝束,是,0.03,3%,已覆盖,STEEL_PRESTRESS,钢绞线/钢丝绳,中,公开资料/本地定额,PUBLIC_BUILDING_LOSS_TABLE,预应力钢丝、钢绞线、钢丝绳受切断、锚固、端部处理影响，按 3.0% 估算。
1084,黑色及有色金属 > 建筑钢材 > 圆钢,圆钢,是,0.03,3%,已覆盖,METAL_GENERAL,金属材料,中,公开资料/本地定额,PUBLIC_BUILDING_LOSS_TABLE;LOCAL_GD_SN_PARAM,一般金属材料存在切割、加工、搬运损耗，取 3.0%。
1085,黑色及有色金属 > 建筑钢材 > 方钢,方钢,是,0.05,5%,已覆盖,STEEL_STRUCTURAL,型钢/钢构件,中,公开资料/本地定额,LOCAL_GD_SN_PARAM;INSTALL_LOSS_TABLE,安装工程校准表中型钢常见为 4%~5%，构件加工下料损耗更高，取 5.0%。
1086,黑色及有色金属 > 建筑钢材 > 扁钢,扁钢,是,0.05,5%,已覆盖,STEEL_STRUCTURAL,型钢/钢构件,中,公开资料/本地定额,LOCAL_GD_SN_PARAM;INSTALL_LOSS_TABLE,安装工程校准表中型钢常见为 4%~5%，构件加工下料损耗更高，取 5.0%。
1087,黑色及有色金属 > 建筑钢材 > 六角钢,六角钢,是,0.05,5%,已覆盖,STEEL_STRUCTURAL,型钢/钢构件,中,公开资料/本地定额,LOCAL_GD_SN_PARAM;INSTALL_LOSS_TABLE,安装工程校准表中型钢常见为 4%~5%，构件加工下料损耗更高，取 5.0%。
1088,黑色及有色金属 > 建筑钢材 > 八角钢,八角钢,是,0.05,5%,已覆盖,STEEL_STRUCTURAL,型钢/钢构件,中,公开资料/本地定额,LOCAL_GD_SN_PARAM;INSTALL_LOSS_TABLE,安装工程校准表中型钢常见为 4%~5%，构件加工下料损耗更高，取 5.0%。
1089,黑色及有色金属 > 建筑钢材 > 工字钢,工字钢,是,0.05,5%,已覆盖,STEEL_STRUCTURAL,型钢/钢构件,中,公开资料/本地定额,LOCAL_GD_SN_PARAM;INSTALL_LOSS_TABLE,安装工程校准表中型钢常见为 4%~5%，构件加工下料损耗更高，取 5.0%。
1090,黑色及有色金属 > 建筑钢材 > 槽钢（C型钢）,槽钢（C型钢）,是,0.05,5%,已覆盖,STEEL_STRUCTURAL,型钢/钢构件,中,公开资料/本地定额,LOCAL_GD_SN_PARAM;INSTALL_LOSS_TABLE,安装工程校准表中型钢常见为 4%~5%，构件加工下料损耗更高，取 5.0%。
1091,黑色及有色金属 > 建筑钢材 > 角钢,角钢,是,0.05,5%,已覆盖,STEEL_STRUCTURAL,型钢/钢构件,中,公开资料/本地定额,LOCAL_GD_SN_PARAM;INSTALL_LOSS_TABLE,安装工程校准表中型钢常见为 4%~5%，构件加工下料损耗更高，取 5.0%。
1092,黑色及有色金属 > 建筑钢材 > H型钢,H型钢,是,0.05,5%,已覆盖,STEEL_STRUCTURAL,型钢/钢构件,中,公开资料/本地定额,LOCAL_GD_SN_PARAM;INSTALL_LOSS_TABLE,安装工程校准表中型钢常见为 4%~5%，构件加工下料损耗更高，取 5.0%。
1093,黑色及有色金属 > 建筑钢材 > Z型钢,Z型钢,是,0.05,5%,已覆盖,STEEL_STRUCTURAL,型钢/钢构件,中,公开资料/本地定额,LOCAL_GD_SN_PARAM;INSTALL_LOSS_TABLE,安装工程校准表中型钢常见为 4%~5%，构件加工下料损耗更高，取 5.0%。
1094,黑色及有色金属 > 建筑钢材 > 钢板桩,钢板桩,是,0.05,5%,已覆盖,STEEL_STRUCTURAL,型钢/钢构件,中,公开资料/本地定额,LOCAL_GD_SN_PARAM;INSTALL_LOSS_TABLE,安装工程校准表中型钢常见为 4%~5%，构件加工下料损耗更高，取 5.0%。
1095,黑色及有色金属 > 建筑钢材 > 钢板,钢板,是,0.05,5%,已覆盖,STEEL_STRUCTURAL,型钢/钢构件,中,公开资料/本地定额,LOCAL_GD_SN_PARAM;INSTALL_LOSS_TABLE,安装工程校准表中型钢常见为 4%~5%，构件加工下料损耗更高，取 5.0%。
1096,黑色及有色金属 > 建筑钢材 > 钢带,钢带,是,0.03,3%,已覆盖,METAL_GENERAL,金属材料,中,公开资料/本地定额,PUBLIC_BUILDING_LOSS_TABLE;LOCAL_GD_SN_PARAM,一般金属材料存在切割、加工、搬运损耗，取 3.0%。
1097,黑色及有色金属 > 建筑钢材 > 其他钢材,其他钢材,是,0.03,3%,已覆盖,METAL_GENERAL,金属材料,中,公开资料/本地定额,PUBLIC_BUILDING_LOSS_TABLE;LOCAL_GD_SN_PARAM,一般金属材料存在切割、加工、搬运损耗，取 3.0%。
10006,黑色及有色金属 > 建筑钢材 > 方矩管,方矩管,是,0.03,3%,已覆盖,METAL_GENERAL,金属材料,中,公开资料/本地定额,PUBLIC_BUILDING_LOSS_TABLE;LOCAL_GD_SN_PARAM,一般金属材料存在切割、加工、搬运损耗，取 3.0%。
1098,黑色及有色金属 > 铝材 > 铝板（带）材,铝板（带）材,是,0.03,3%,已覆盖,METAL_GENERAL,金属材料,中,公开资料/本地定额,PUBLIC_BUILDING_LOSS_TABLE;LOCAL_GD_SN_PARAM,一般金属材料存在切割、加工、搬运损耗，取 3.0%。
1099,黑色及有色金属 > 铝材 > 铝棒材,铝棒材,是,0.03,3%,已覆盖,METAL_GENERAL,金属材料,中,公开资料/本地定额,PUBLIC_BUILDING_LOSS_TABLE;LOCAL_GD_SN_PARAM,一般金属材料存在切割、加工、搬运损耗，取 3.0%。
1100,黑色及有色金属 > 铝材 > 铝线材,铝线材,是,0.03,3%,已覆盖,METAL_GENERAL,金属材料,中,公开资料/本地定额,PUBLIC_BUILDING_LOSS_TABLE;LOCAL_GD_SN_PARAM,一般金属材料存在切割、加工、搬运损耗，取 3.0%。
1101,黑色及有色金属 > 铝材 > 铝型材,铝型材,是,0.03,3%,已覆盖,METAL_GENERAL,金属材料,中,公开资料/本地定额,PUBLIC_BUILDING_LOSS_TABLE;LOCAL_GD_SN_PARAM,一般金属材料存在切割、加工、搬运损耗，取 3.0%。
75,黑色及有色金属 > 铝材 > 铝合金建筑型材,铝合金建筑型材,是,0.03,3%,已覆盖,METAL_GENERAL,金属材料,中,公开资料/本地定额,PUBLIC_BUILDING_LOSS_TABLE;LOCAL_GD_SN_PARAM,一般金属材料存在切割、加工、搬运损耗，取 3.0%。
1102,黑色及有色金属 > 铜材 > 铜板,铜板,是,0.03,3%,已覆盖,METAL_GENERAL,金属材料,中,公开资料/本地定额,PUBLIC_BUILDING_LOSS_TABLE;LOCAL_GD_SN_PARAM,一般金属材料存在切割、加工、搬运损耗，取 3.0%。
1103,黑色及有色金属 > 铜材 > 铜带材,铜带材,是,0.03,3%,已覆盖,METAL_GENERAL,金属材料,中,公开资料/本地定额,PUBLIC_BUILDING_LOSS_TABLE;LOCAL_GD_SN_PARAM,一般金属材料存在切割、加工、搬运损耗，取 3.0%。
1104,黑色及有色金属 > 铜材 > 铜棒材,铜棒材,是,0.03,3%,已覆盖,METAL_GENERAL,金属材料,中,公开资料/本地定额,PUBLIC_BUILDING_LOSS_TABLE;LOCAL_GD_SN_PARAM,一般金属材料存在切割、加工、搬运损耗，取 3.0%。
1105,黑色及有色金属 > 铜材 > 铜线材,铜线材,是,0.03,3%,已覆盖,METAL_GENERAL,金属材料,中,公开资料/本地定额,PUBLIC_BUILDING_LOSS_TABLE;LOCAL_GD_SN_PARAM,一般金属材料存在切割、加工、搬运损耗，取 3.0%。
1106,黑色及有色金属 > 其他金属材料 > 铅材,铅材,是,0.03,3%,已覆盖,METAL_GENERAL,金属材料,中,公开资料/本地定额,PUBLIC_BUILDING_LOSS_TABLE;LOCAL_GD_SN_PARAM,一般金属材料存在切割、加工、搬运损耗，取 3.0%。
1107,黑色及有色金属 > 其他金属材料 > 钛材,钛材,是,0.03,3%,已覆盖,METAL_GENERAL,金属材料,中,公开资料/本地定额,PUBLIC_BUILDING_LOSS_TABLE;LOCAL_GD_SN_PARAM,一般金属材料存在切割、加工、搬运损耗，取 3.0%。
1108,黑色及有色金属 > 其他金属材料 > 镍材,镍材,是,0.03,3%,已覆盖,METAL_GENERAL,金属材料,中,公开资料/本地定额,PUBLIC_BUILDING_LOSS_TABLE;LOCAL_GD_SN_PARAM,一般金属材料存在切割、加工、搬运损耗，取 3.0%。
1109,黑色及有色金属 > 其他金属材料 > 锌材,锌材,是,0.03,3%,已覆盖,METAL_GENERAL,金属材料,中,公开资料/本地定额,PUBLIC_BUILDING_LOSS_TABLE;LOCAL_GD_SN_PARAM,一般金属材料存在切割、加工、搬运损耗，取 3.0%。
1110,黑色及有色金属 > 其他金属材料 > 金属原材料,金属原材料,是,0.03,3%,已覆盖,METAL_GENERAL,金属材料,中,公开资料/本地定额,PUBLIC_BUILDING_LOSS_TABLE;LOCAL_GD_SN_PARAM,一般金属材料存在切割、加工、搬运损耗，取 3.0%。
1111,黑色及有色金属 > 其他金属材料 > 其他金属材料,其他金属材料,是,0.03,3%,已覆盖,METAL_GENERAL,金属材料,中,公开资料/本地定额,PUBLIC_BUILDING_LOSS_TABLE;LOCAL_GD_SN_PARAM,一般金属材料存在切割、加工、搬运损耗，取 3.0%。
16,砼、砂浆及其他配合比材料 > 预拌混凝土 > 普通混凝土,普通混凝土,是,0.01,1%,已覆盖,CONCRETE_READY_MIXED,预拌混凝土,高,公开资料/本地定额,LOCAL_GD_SN_PARAM;PUBLIC_BUILDING_LOSS_TABLE,本地校准中广东房建普通构件混凝土损耗率为 1.0%；采购侧采用 1.0%，避免与消耗量系数重复。
1112,砼、砂浆及其他配合比材料 > 预拌混凝土 > 轻骨料混凝土,轻骨料混凝土,是,0.01,1%,已覆盖,CONCRETE_READY_MIXED,预拌混凝土,高,公开资料/本地定额,LOCAL_GD_SN_PARAM;PUBLIC_BUILDING_LOSS_TABLE,本地校准中广东房建普通构件混凝土损耗率为 1.0%；采购侧采用 1.0%，避免与消耗量系数重复。
184,砼、砂浆及其他配合比材料 > 预拌混凝土 > 沥青混凝土,沥青混凝土,是,0.01,1%,已覆盖,CONCRETE_READY_MIXED,预拌混凝土,高,公开资料/本地定额,LOCAL_GD_SN_PARAM;PUBLIC_BUILDING_LOSS_TABLE,本地校准中广东房建普通构件混凝土损耗率为 1.0%；采购侧采用 1.0%，避免与消耗量系数重复。
1113,砼、砂浆及其他配合比材料 > 预拌混凝土 > 纤维混凝土,纤维混凝土,是,0.01,1%,已覆盖,CONCRETE_READY_MIXED,预拌混凝土,高,公开资料/本地定额,LOCAL_GD_SN_PARAM;PUBLIC_BUILDING_LOSS_TABLE,本地校准中广东房建普通构件混凝土损耗率为 1.0%；采购侧采用 1.0%，避免与消耗量系数重复。
1114,砼、砂浆及其他配合比材料 > 预拌混凝土 > 再生骨料混凝土,再生骨料混凝土,是,0.01,1%,已覆盖,CONCRETE_READY_MIXED,预拌混凝土,高,公开资料/本地定额,LOCAL_GD_SN_PARAM;PUBLIC_BUILDING_LOSS_TABLE,本地校准中广东房建普通构件混凝土损耗率为 1.0%；采购侧采用 1.0%，避免与消耗量系数重复。
1115,砼、砂浆及其他配合比材料 > 预拌混凝土 > 自密实混凝土,自密实混凝土,是,0.01,1%,已覆盖,CONCRETE_READY_MIXED,预拌混凝土,高,公开资料/本地定额,LOCAL_GD_SN_PARAM;PUBLIC_BUILDING_LOSS_TABLE,本地校准中广东房建普通构件混凝土损耗率为 1.0%；采购侧采用 1.0%，避免与消耗量系数重复。
1116,砼、砂浆及其他配合比材料 > 预拌混凝土 > 特种混凝土,特种混凝土,是,0.01,1%,已覆盖,CONCRETE_READY_MIXED,预拌混凝土,高,公开资料/本地定额,LOCAL_GD_SN_PARAM;PUBLIC_BUILDING_LOSS_TABLE,本地校准中广东房建普通构件混凝土损耗率为 1.0%；采购侧采用 1.0%，避免与消耗量系数重复。
1117,砼、砂浆及其他配合比材料 > 预拌砂浆 > 湿拌砂浆,湿拌砂浆,是,0.03,3%,已覆盖,MORTAR_READY_MIXED,预拌/砌筑砂浆,高,公开资料/本地定额,LOCAL_GD_SN_PARAM;PUBLIC_BUILDING_LOSS_TABLE,砌筑砂浆按 3.0% 控制，抹灰、找平类砂浆易受落地灰和厚度偏差影响可单独提高。
18,砼、砂浆及其他配合比材料 > 预拌砂浆 > 干混砂浆,干混砂浆,是,0.03,3%,已覆盖,MORTAR_READY_MIXED,预拌/砌筑砂浆,高,公开资料/本地定额,LOCAL_GD_SN_PARAM;PUBLIC_BUILDING_LOSS_TABLE,砌筑砂浆按 3.0% 控制，抹灰、找平类砂浆易受落地灰和厚度偏差影响可单独提高。
1118,砼、砂浆及其他配合比材料 > 预拌砂浆 > 特种砂浆,特种砂浆,是,0.03,3%,已覆盖,MORTAR_READY_MIXED,预拌/砌筑砂浆,高,公开资料/本地定额,LOCAL_GD_SN_PARAM;PUBLIC_BUILDING_LOSS_TABLE,砌筑砂浆按 3.0% 控制，抹灰、找平类砂浆易受落地灰和厚度偏差影响可单独提高。
1119,砼、砂浆及其他配合比材料 > 预拌砂浆 > 其他砂浆,其他砂浆,是,0.03,3%,已覆盖,MORTAR_READY_MIXED,预拌/砌筑砂浆,高,公开资料/本地定额,LOCAL_GD_SN_PARAM;PUBLIC_BUILDING_LOSS_TABLE,砌筑砂浆按 3.0% 控制，抹灰、找平类砂浆易受落地灰和厚度偏差影响可单独提高。
1120,砼、砂浆及其他配合比材料 > 垫层材料 > 灰土垫层,灰土垫层,是,0.03,3%,已覆盖,SAND_STONE,砂石粉灰土,中,公开资料/本地定额,PUBLIC_BUILDING_LOSS_TABLE,砂、石、粉、灰、土等散料按 3.0% 估算。
1121,砼、砂浆及其他配合比材料 > 垫层材料 > 多合土垫层,多合土垫层,是,0.03,3%,已覆盖,SAND_STONE,砂石粉灰土,中,公开资料/本地定额,PUBLIC_BUILDING_LOSS_TABLE,砂、石、粉、灰、土等散料按 3.0% 估算。
1122,砼、砂浆及其他配合比材料 > 垫层材料 > 其他垫层材料,其他垫层材料,是,0.03,3%,已覆盖,SAND_STONE,砂石粉灰土,中,公开资料/本地定额,PUBLIC_BUILDING_LOSS_TABLE,砂、石、粉、灰、土等散料按 3.0% 估算。
1123,砼、砂浆及其他配合比材料 > 其他配合比材料 > 胶泥、脂、油,胶泥、脂、油,是,0.03,3%,已覆盖,OTHER_MATERIAL_LOW_CONF,其他材料,低,经验估算,,未命中细分规则的材料按通用采购损耗 3.0%，需要后续用企业历史采购数据校准。
1124,砼、砂浆及其他配合比材料 > 其他配合比材料 > 其他配合比材料,其他配合比材料,是,0.03,3%,已覆盖,OTHER_MATERIAL_LOW_CONF,其他材料,低,经验估算,,未命中细分规则的材料按通用采购损耗 3.0%，需要后续用企业历史采购数据校准。
20,水泥、砖瓦灰砂石及混凝土制品 > 水泥 > 水泥,水泥,是,0.02,2%,已覆盖,CEMENT,水泥,中,公开资料/本地定额,PUBLIC_BUILDING_LOSS_TABLE,袋装/散装水泥现场转运、计量和散落损耗，取 2.0%。
19,水泥、砖瓦灰砂石及混凝土制品 > 砂石、粉、灰、土 > 砂,砂,是,0.03,3%,已覆盖,SAND_STONE,砂石粉灰土,中,公开资料/本地定额,PUBLIC_BUILDING_LOSS_TABLE,砂、石、粉、灰、土等散料按 3.0% 估算。
1125,水泥、砖瓦灰砂石及混凝土制品 > 砂石、粉、灰、土 > 石子,石子,是,0.03,3%,已覆盖,SAND_STONE,砂石粉灰土,中,公开资料/本地定额,PUBLIC_BUILDING_LOSS_TABLE,砂、石、粉、灰、土等散料按 3.0% 估算。
1126,水泥、砖瓦灰砂石及混凝土制品 > 砂石、粉、灰、土 > 石料,石料,是,0.03,3%,已覆盖,SAND_STONE,砂石粉灰土,中,公开资料/本地定额,PUBLIC_BUILDING_LOSS_TABLE,砂、石、粉、灰、土等散料按 3.0% 估算。
1127,水泥、砖瓦灰砂石及混凝土制品 > 砂石、粉、灰、土 > 轻骨料,轻骨料,是,0.03,3%,已覆盖,SAND_STONE,砂石粉灰土,中,公开资料/本地定额,PUBLIC_BUILDING_LOSS_TABLE,砂、石、粉、灰、土等散料按 3.0% 估算。
1128,水泥、砖瓦灰砂石及混凝土制品 > 砂石、粉、灰、土 > 灰、粉、土等掺合填充料,灰、粉、土等掺合填充料,是,0.03,3%,已覆盖,SAND_STONE,砂石粉灰土,中,公开资料/本地定额,PUBLIC_BUILDING_LOSS_TABLE,砂、石、粉、灰、土等散料按 3.0% 估算。
120,水泥、砖瓦灰砂石及混凝土制品 > 砼、砂浆外加剂 > 混凝土、砂浆外加剂,混凝土、砂浆外加剂,是,0.02,2%,已覆盖,ADMIXTURE,外加剂,中,公开资料/本地定额,PUBLIC_BUILDING_LOSS_TABLE,液体/粉体外加剂按计量、包装残留和现场储运损耗 2.0%。
1129,水泥、砖瓦灰砂石及混凝土制品 > 砌砖、砌块 > 砌砖,砌砖,是,0.03,3%,已覆盖,BRICK,砖,高,公开资料/本地定额,LOCAL_GD_SN_PARAM;PUBLIC_BUILDING_LOSS_TABLE,普通砖、烧结砖砌体本地校准为 3.0%。
17,水泥、砖瓦灰砂石及混凝土制品 > 砌砖、砌块 > 砌块,砌块,是,0.04,4%,已覆盖,BLOCK,砌块,中,公开资料/本地定额,LOCAL_GD_SN_PARAM;PUBLIC_BUILDING_LOSS_TABLE,砌块损耗各地区差异较大，本地基准 4.0%，轻质砌块可低至 2.0%。
1130,水泥、砖瓦灰砂石及混凝土制品 > 混凝土制品 > 水泥及混凝土预制品,水泥及混凝土预制品,是,0.02,2%,已覆盖,CONCRETE_PRODUCTS,混凝土制品/瓦,中,公开资料/本地定额,PUBLIC_BUILDING_LOSS_TABLE,成品混凝土制品、瓦类以破损和切割损耗为主，取 2.0%。
22,水泥、砖瓦灰砂石及混凝土制品 > 混凝土制品 > 钢筋混凝土预制构件（非装配式）,钢筋混凝土预制构件（非装配式）,是,0.02,2%,已覆盖,CONCRETE_PRODUCTS,混凝土制品/瓦,中,公开资料/本地定额,PUBLIC_BUILDING_LOSS_TABLE,成品混凝土制品、瓦类以破损和切割损耗为主，取 2.0%。
21,水泥、砖瓦灰砂石及混凝土制品 > 瓦 > 瓦,瓦,是,0.02,2%,已覆盖,CONCRETE_PRODUCTS,混凝土制品/瓦,中,公开资料/本地定额,PUBLIC_BUILDING_LOSS_TABLE,成品混凝土制品、瓦类以破损和切割损耗为主，取 2.0%。
1131,装配式建筑预制构件 > 装配式混凝土结构构件 > 预制楼板,预制楼板,是,0.01,1%,已覆盖,PREFAB_COMPONENT,装配式预制构件,低,经验估算,,该大类更接近预制成品构件采购，现场施工损耗主要为堆放、吊装和安装破损备损，暂取 1.0%。
1132,装配式建筑预制构件 > 装配式混凝土结构构件 > 预制梁,预制梁,是,0.01,1%,已覆盖,PREFAB_COMPONENT,装配式预制构件,低,经验估算,,该大类更接近预制成品构件采购，现场施工损耗主要为堆放、吊装和安装破损备损，暂取 1.0%。
1133,装配式建筑预制构件 > 装配式混凝土结构构件 > 预制墙,预制墙,是,0.01,1%,已覆盖,PREFAB_COMPONENT,装配式预制构件,低,经验估算,,该大类更接近预制成品构件采购，现场施工损耗主要为堆放、吊装和安装破损备损，暂取 1.0%。
1134,装配式建筑预制构件 > 装配式混凝土结构构件 > 预制柱,预制柱,是,0.01,1%,已覆盖,PREFAB_COMPONENT,装配式预制构件,低,经验估算,,该大类更接近预制成品构件采购，现场施工损耗主要为堆放、吊装和安装破损备损，暂取 1.0%。
1135,装配式建筑预制构件 > 装配式混凝土结构构件 > 预制楼梯,预制楼梯,是,0.01,1%,已覆盖,PREFAB_COMPONENT,装配式预制构件,低,经验估算,,该大类更接近预制成品构件采购，现场施工损耗主要为堆放、吊装和安装破损备损，暂取 1.0%。
1136,装配式建筑预制构件 > 装配式混凝土结构构件 > 其他异形构件,其他异形构件,是,0.01,1%,已覆盖,PREFAB_COMPONENT,装配式预制构件,低,经验估算,,该大类更接近预制成品构件采购，现场施工损耗主要为堆放、吊装和安装破损备损，暂取 1.0%。
1137,装配式建筑预制构件 > 装配式钢结构构件 > 预制钢楼层板,预制钢楼层板,是,0.01,1%,已覆盖,PREFAB_COMPONENT,装配式预制构件,低,经验估算,,该大类更接近预制成品构件采购，现场施工损耗主要为堆放、吊装和安装破损备损，暂取 1.0%。
1138,装配式建筑预制构件 > 装配式钢结构构件 > 预制钢墙面板,预制钢墙面板,是,0.01,1%,已覆盖,PREFAB_COMPONENT,装配式预制构件,低,经验估算,,该大类更接近预制成品构件采购，现场施工损耗主要为堆放、吊装和安装破损备损，暂取 1.0%。
1139,装配式建筑预制构件 > 装配式钢结构构件 > 预制钢屋面板,预制钢屋面板,是,0.01,1%,已覆盖,PREFAB_COMPONENT,装配式预制构件,低,经验估算,,该大类更接近预制成品构件采购，现场施工损耗主要为堆放、吊装和安装破损备损，暂取 1.0%。
1140,装配式建筑预制构件 > 装配式钢结构构件 > 预制钢屋架,预制钢屋架,是,0.01,1%,已覆盖,PREFAB_COMPONENT,装配式预制构件,低,经验估算,,该大类更接近预制成品构件采购，现场施工损耗主要为堆放、吊装和安装破损备损，暂取 1.0%。
1141,装配式建筑预制构件 > 装配式钢结构构件 > 预制钢桁架,预制钢桁架,是,0.01,1%,已覆盖,PREFAB_COMPONENT,装配式预制构件,低,经验估算,,该大类更接近预制成品构件采购，现场施工损耗主要为堆放、吊装和安装破损备损，暂取 1.0%。
1142,装配式建筑预制构件 > 装配式钢结构构件 > 预制钢柱,预制钢柱,是,0.01,1%,已覆盖,PREFAB_COMPONENT,装配式预制构件,低,经验估算,,该大类更接近预制成品构件采购，现场施工损耗主要为堆放、吊装和安装破损备损，暂取 1.0%。
1143,装配式建筑预制构件 > 装配式钢结构构件 > 预制钢梁,预制钢梁,是,0.01,1%,已覆盖,PREFAB_COMPONENT,装配式预制构件,低,经验估算,,该大类更接近预制成品构件采购，现场施工损耗主要为堆放、吊装和安装破损备损，暂取 1.0%。
1144,装配式建筑预制构件 > 装配式钢结构构件 > 预制钢支撑,预制钢支撑,是,0.01,1%,已覆盖,PREFAB_COMPONENT,装配式预制构件,低,经验估算,,该大类更接近预制成品构件采购，现场施工损耗主要为堆放、吊装和安装破损备损，暂取 1.0%。
1145,装配式建筑预制构件 > 装配式钢结构构件 > 预制钢楼梯,预制钢楼梯,是,0.01,1%,已覆盖,PREFAB_COMPONENT,装配式预制构件,低,经验估算,,该大类更接近预制成品构件采购，现场施工损耗主要为堆放、吊装和安装破损备损，暂取 1.0%。
1146,装配式建筑预制构件 > 装配式钢结构构件 > 其他钢结构构件,其他钢结构构件,是,0.01,1%,已覆盖,PREFAB_COMPONENT,装配式预制构件,低,经验估算,,该大类更接近预制成品构件采购，现场施工损耗主要为堆放、吊装和安装破损备损，暂取 1.0%。
1147,装配式建筑预制构件 > 装配式木结构构件 > 预制梁柱式构件,预制梁柱式构件,是,0.01,1%,已覆盖,PREFAB_COMPONENT,装配式预制构件,低,经验估算,,该大类更接近预制成品构件采购，现场施工损耗主要为堆放、吊装和安装破损备损，暂取 1.0%。
1148,装配式建筑预制构件 > 装配式木结构构件 > 预制木桁架,预制木桁架,是,0.01,1%,已覆盖,PREFAB_COMPONENT,装配式预制构件,低,经验估算,,该大类更接近预制成品构件采购，现场施工损耗主要为堆放、吊装和安装破损备损，暂取 1.0%。
1149,装配式建筑预制构件 > 装配式木结构构件 > 预制板式组件,预制板式组件,是,0.01,1%,已覆盖,PREFAB_COMPONENT,装配式预制构件,低,经验估算,,该大类更接近预制成品构件采购，现场施工损耗主要为堆放、吊装和安装破损备损，暂取 1.0%。
1150,装配式建筑预制构件 > 装配式木结构构件 > 预制空间模块式组件,预制空间模块式组件,是,0.01,1%,已覆盖,PREFAB_COMPONENT,装配式预制构件,低,经验估算,,该大类更接近预制成品构件采购，现场施工损耗主要为堆放、吊装和安装破损备损，暂取 1.0%。
1151,装配式建筑预制构件 > 装配式木结构构件 > 装配式木结构凉亭,装配式木结构凉亭,是,0.01,1%,已覆盖,PREFAB_COMPONENT,装配式预制构件,低,经验估算,,该大类更接近预制成品构件采购，现场施工损耗主要为堆放、吊装和安装破损备损，暂取 1.0%。
1152,装配式建筑预制构件 > 装配式木结构构件 > 其他预制木结构构件,其他预制木结构构件,是,0.01,1%,已覆盖,PREFAB_COMPONENT,装配式预制构件,低,经验估算,,该大类更接近预制成品构件采购，现场施工损耗主要为堆放、吊装和安装破损备损，暂取 1.0%。
164,五金制品 > 紧固件 > 紧固件,紧固件,是,0.02,2%,已覆盖,HARDWARE,五金/紧固件,中,公开资料/本地定额,INSTALL_LOSS_TABLE,五金、紧固件、连接件按安装遗失和备损 2.0%。
68,五金制品 > 门窗及幕墙五金 > 幕墙五金,幕墙五金,是,0.01,1%,已覆盖,DOOR_WINDOW,门窗成品,低,公开资料/本地定额,PUBLIC_BUILDING_LOSS_TABLE,门窗、卷帘、楼梯栏杆等成品或半成品按破损备损 1.0%。
76,五金制品 > 门窗及幕墙五金 > 门窗五金,门窗五金,是,0.01,1%,已覆盖,DOOR_WINDOW,门窗成品,低,公开资料/本地定额,PUBLIC_BUILDING_LOSS_TABLE,门窗、卷帘、楼梯栏杆等成品或半成品按破损备损 1.0%。
56,五金制品 > 家具五金 > 家具五金,家具五金,是,0.02,2%,已覆盖,HARDWARE,五金/紧固件,中,公开资料/本地定额,INSTALL_LOSS_TABLE,五金、紧固件、连接件按安装遗失和备损 2.0%。
36,五金制品 > 水暖及卫浴五金 > 水暖及卫浴五金,水暖及卫浴五金,是,0.02,2%,已覆盖,HARDWARE,五金/紧固件,中,公开资料/本地定额,INSTALL_LOSS_TABLE,五金、紧固件、连接件按安装遗失和备损 2.0%。
1153,五金制品 > 涂附磨具与磨料 > 涂附磨具与磨料,涂附磨具与磨料,是,0.03,3%,已覆盖,ABRASIVE_CONSUMABLE,磨具磨料,低,经验估算,,涂附磨具、磨料属于施工消耗品，按一般消耗辅材 3.0% 备损。
1154,五金制品 > 焊材 > 焊材,焊材,是,0.05,5%,已覆盖,WELDING,焊材,高,公开资料/本地定额,LOCAL_GD_SN_PARAM;INSTALL_LOSS_TABLE,焊条、焊丝、焊剂按消耗残头、飞溅和烘干损耗 5.0%。
165,五金制品 > 其他五金 > 轴承,轴承,是,0.02,2%,已覆盖,HARDWARE,五金/紧固件,中,公开资料/本地定额,INSTALL_LOSS_TABLE,五金、紧固件、连接件按安装遗失和备损 2.0%。
1155,五金制品 > 其他五金 > 网、纱、布,网、纱、布,是,0.02,2%,已覆盖,HARDWARE,五金/紧固件,中,公开资料/本地定额,INSTALL_LOSS_TABLE,五金、紧固件、连接件按安装遗失和备损 2.0%。
1156,五金制品 > 其他五金 > 铁丝,铁丝,是,0.02,2%,已覆盖,HARDWARE,五金/紧固件,中,公开资料/本地定额,INSTALL_LOSS_TABLE,五金、紧固件、连接件按安装遗失和备损 2.0%。
1157,五金制品 > 其他五金 > 铁件,铁件,是,0.03,3%,已覆盖,METAL_GENERAL,金属材料,中,公开资料/本地定额,PUBLIC_BUILDING_LOSS_TABLE;LOCAL_GD_SN_PARAM,一般金属材料存在切割、加工、搬运损耗，取 3.0%。
1158,五金制品 > 其他五金 > 钢筋接头、锚具及钢筋保护帽,钢筋接头、锚具及钢筋保护帽,是,0.025,2.5%,已覆盖,STEEL_REBAR,钢筋,高,公开资料/本地定额,LOCAL_GD_SN_PARAM;PUBLIC_BUILDING_LOSS_TABLE,螺纹钢/热轧带肋钢筋按 2.5% 控制；圆钢小规格可低至 2.0%，这里取通用采购侧 2.5%。
191,五金制品 > 其他五金 > 其他五金,其他五金,是,0.02,2%,已覆盖,HARDWARE,五金/紧固件,中,公开资料/本地定额,INSTALL_LOSS_TABLE,五金、紧固件、连接件按安装遗失和备损 2.0%。
1159,周转材料及工器具 > 钢支撑 > 钢支撑,钢支撑,是,,,不适用,NA_TURNOVER_TOOL,周转/工器具不适用,中,口径判断,GD_2018_QUOTA_EXPLANATION,模板、脚手架、工器具更适合按周转次数、租赁或摊销量计算，不宜使用一次性施工损耗率。
1160,周转材料及工器具 > 模板及附件 > 模板及其附件,模板及其附件,是,,,不适用,NA_TURNOVER_TOOL,周转/工器具不适用,中,口径判断,GD_2018_QUOTA_EXPLANATION,模板、脚手架、工器具更适合按周转次数、租赁或摊销量计算，不宜使用一次性施工损耗率。
228,周转材料及工器具 > 脚手架及其配件 > 脚手架及其配件,脚手架及其配件,是,,,不适用,NA_TURNOVER_TOOL,周转/工器具不适用,中,口径判断,GD_2018_QUOTA_EXPLANATION,模板、脚手架、工器具更适合按周转次数、租赁或摊销量计算，不宜使用一次性施工损耗率。
229,周转材料及工器具 > 活动板房 > 活动板房,活动板房,是,,,不适用,NA_TURNOVER_TOOL,周转/工器具不适用,中,口径判断,GD_2018_QUOTA_EXPLANATION,模板、脚手架、工器具更适合按周转次数、租赁或摊销量计算，不宜使用一次性施工损耗率。
230,周转材料及工器具 > 围护、运输类周转材料 > 围护类周转材料,围护类周转材料,是,,,不适用,NA_TURNOVER_TOOL,周转/工器具不适用,中,口径判断,GD_2018_QUOTA_EXPLANATION,模板、脚手架、工器具更适合按周转次数、租赁或摊销量计算，不宜使用一次性施工损耗率。
1161,周转材料及工器具 > 围护、运输类周转材料 > 运输类周转材料,运输类周转材料,是,,,不适用,NA_TURNOVER_TOOL,周转/工器具不适用,中,口径判断,GD_2018_QUOTA_EXPLANATION,模板、脚手架、工器具更适合按周转次数、租赁或摊销量计算，不宜使用一次性施工损耗率。
1162,周转材料及工器具 > 其他周转材料 > 胎具、模具类周转材料,胎具、模具类周转材料,是,,,不适用,NA_TURNOVER_TOOL,周转/工器具不适用,中,口径判断,GD_2018_QUOTA_EXPLANATION,模板、脚手架、工器具更适合按周转次数、租赁或摊销量计算，不宜使用一次性施工损耗率。
1163,周转材料及工器具 > 其他周转材料 > 其他周转材料,其他周转材料,是,,,不适用,NA_TURNOVER_TOOL,周转/工器具不适用,中,口径判断,GD_2018_QUOTA_EXPLANATION,模板、脚手架、工器具更适合按周转次数、租赁或摊销量计算，不宜使用一次性施工损耗率。
171,周转材料及工器具 > 工器具 > 手动工具,手动工具,是,,,不适用,NA_TURNOVER_TOOL,周转/工器具不适用,中,口径判断,GD_2018_QUOTA_EXPLANATION,模板、脚手架、工器具更适合按周转次数、租赁或摊销量计算，不宜使用一次性施工损耗率。
1164,周转材料及工器具 > 工器具 > 手动起重工具,手动起重工具,是,,,不适用,NA_TURNOVER_TOOL,周转/工器具不适用,中,口径判断,GD_2018_QUOTA_EXPLANATION,模板、脚手架、工器具更适合按周转次数、租赁或摊销量计算，不宜使用一次性施工损耗率。
1165,周转材料及工器具 > 工器具 > 气动工具,气动工具,是,,,不适用,NA_TURNOVER_TOOL,周转/工器具不适用,中,口径判断,GD_2018_QUOTA_EXPLANATION,模板、脚手架、工器具更适合按周转次数、租赁或摊销量计算，不宜使用一次性施工损耗率。
1166,周转材料及工器具 > 工器具 > 电动工具,电动工具,是,,,不适用,NA_TURNOVER_TOOL,周转/工器具不适用,中,口径判断,GD_2018_QUOTA_EXPLANATION,模板、脚手架、工器具更适合按周转次数、租赁或摊销量计算，不宜使用一次性施工损耗率。
1167,周转材料及工器具 > 工器具 > 土木工具,土木工具,是,,,不适用,NA_TURNOVER_TOOL,周转/工器具不适用,中,口径判断,GD_2018_QUOTA_EXPLANATION,模板、脚手架、工器具更适合按周转次数、租赁或摊销量计算，不宜使用一次性施工损耗率。
1168,周转材料及工器具 > 工器具 > 钳工工具,钳工工具,是,,,不适用,NA_TURNOVER_TOOL,周转/工器具不适用,中,口径判断,GD_2018_QUOTA_EXPLANATION,模板、脚手架、工器具更适合按周转次数、租赁或摊销量计算，不宜使用一次性施工损耗率。
1169,周转材料及工器具 > 工器具 > 水暖工具,水暖工具,是,,,不适用,NA_TURNOVER_TOOL,周转/工器具不适用,中,口径判断,GD_2018_QUOTA_EXPLANATION,模板、脚手架、工器具更适合按周转次数、租赁或摊销量计算，不宜使用一次性施工损耗率。
1170,周转材料及工器具 > 工器具 > 电工工具,电工工具,是,,,不适用,NA_TURNOVER_TOOL,周转/工器具不适用,中,口径判断,GD_2018_QUOTA_EXPLANATION,模板、脚手架、工器具更适合按周转次数、租赁或摊销量计算，不宜使用一次性施工损耗率。
1171,周转材料及工器具 > 工器具 > 测量工具,测量工具,是,,,不适用,NA_TURNOVER_TOOL,周转/工器具不适用,中,口径判断,GD_2018_QUOTA_EXPLANATION,模板、脚手架、工器具更适合按周转次数、租赁或摊销量计算，不宜使用一次性施工损耗率。
1172,周转材料及工器具 > 工器具 > 衡器,衡器,是,,,不适用,NA_TURNOVER_TOOL,周转/工器具不适用,中,口径判断,GD_2018_QUOTA_EXPLANATION,模板、脚手架、工器具更适合按周转次数、租赁或摊销量计算，不宜使用一次性施工损耗率。
1173,周转材料及工器具 > 工器具 > 实验室用工器具,实验室用工器具,是,,,不适用,NA_TURNOVER_TOOL,周转/工器具不适用,中,口径判断,GD_2018_QUOTA_EXPLANATION,模板、脚手架、工器具更适合按周转次数、租赁或摊销量计算，不宜使用一次性施工损耗率。
1174,周转材料及工器具 > 工器具 > 其他工器具,其他工器具,是,,,不适用,NA_TURNOVER_TOOL,周转/工器具不适用,中,口径判断,GD_2018_QUOTA_EXPLANATION,模板、脚手架、工器具更适合按周转次数、租赁或摊销量计算，不宜使用一次性施工损耗率。
223,涂料及防腐、防水材料 > 防水材料 > 防水卷材,防水卷材,是,0.08,8%,已覆盖,WATERPROOF_ROLL,防水卷材,高,公开资料/本地定额,LOCAL_GD_SN_PARAM;PUBLIC_BUILDING_LOSS_TABLE,SBS/高分子卷材采购侧按 8.0%；搭接已在消耗系数中体现时，不再重复叠加。
232,涂料及防腐、防水材料 > 防水材料 > 防水涂料,防水涂料,是,0.08,8%,已覆盖,WATERPROOF_COATING,防水涂料,中,公开资料/本地定额,LOCAL_GD_SN_PARAM;PUBLIC_BUILDING_LOSS_TABLE,聚氨酯/JS 等涂膜防水采购侧取 8.0%，厚度偏差已经通过设计消耗量复核。
47,涂料及防腐、防水材料 > 防水材料 > 防水密封材料,防水密封材料,是,0.05,5%,已覆盖,SEALING_STOP_WATER,止水/密封材料,中,公开资料/本地定额,PUBLIC_BUILDING_LOSS_TABLE;LOCAL_GD_SN_PARAM,止水带、密封胶、嵌缝材料按切断、搭接和胶料残留 5.0%。
1175,涂料及防腐、防水材料 > 防水材料 > 堵漏灌浆材料,堵漏灌浆材料,是,0.05,5%,已覆盖,SEALING_STOP_WATER,止水/密封材料,中,公开资料/本地定额,PUBLIC_BUILDING_LOSS_TABLE;LOCAL_GD_SN_PARAM,止水带、密封胶、嵌缝材料按切断、搭接和胶料残留 5.0%。
1176,涂料及防腐、防水材料 > 防水材料 > 其他防水材料,其他防水材料,是,0.03,3%,已覆盖,OTHER_MATERIAL_LOW_CONF,其他材料,低,经验估算,,未命中细分规则的材料按通用采购损耗 3.0%，需要后续用企业历史采购数据校准。
231,涂料及防腐、防水材料 > 止水材料 > 止水材料,止水材料,是,0.05,5%,已覆盖,SEALING_STOP_WATER,止水/密封材料,中,公开资料/本地定额,PUBLIC_BUILDING_LOSS_TABLE;LOCAL_GD_SN_PARAM,止水带、密封胶、嵌缝材料按切断、搭接和胶料残留 5.0%。
53,涂料及防腐、防水材料 > 涂料 > 建筑涂料,建筑涂料,是,0.08,8%,已覆盖,PAINT_COATING,涂料/油漆,中,公开资料/本地定额,LOCAL_GD_SN_PARAM;INSTALL_LOSS_TABLE,房建涂料常用 8.0%，安装防腐涂装受喷涂/刷涂影响可高至 12.0%；默认取 8.0%。
1177,涂料及防腐、防水材料 > 涂料 > 功能性建筑涂料,功能性建筑涂料,是,0.08,8%,已覆盖,PAINT_COATING,涂料/油漆,中,公开资料/本地定额,LOCAL_GD_SN_PARAM;INSTALL_LOSS_TABLE,房建涂料常用 8.0%，安装防腐涂装受喷涂/刷涂影响可高至 12.0%；默认取 8.0%。
1178,涂料及防腐、防水材料 > 涂料 > 道路、路面涂料,道路、路面涂料,是,0.08,8%,已覆盖,PAINT_COATING,涂料/油漆,中,公开资料/本地定额,LOCAL_GD_SN_PARAM;INSTALL_LOSS_TABLE,房建涂料常用 8.0%，安装防腐涂装受喷涂/刷涂影响可高至 12.0%；默认取 8.0%。
1179,涂料及防腐、防水材料 > 涂料 > 其他专用涂料,其他专用涂料,是,0.08,8%,已覆盖,PAINT_COATING,涂料/油漆,中,公开资料/本地定额,LOCAL_GD_SN_PARAM;INSTALL_LOSS_TABLE,房建涂料常用 8.0%，安装防腐涂装受喷涂/刷涂影响可高至 12.0%；默认取 8.0%。
1180,涂料及防腐、防水材料 > 油漆 > 通用油漆,通用油漆,是,0.08,8%,已覆盖,PAINT_COATING,涂料/油漆,中,公开资料/本地定额,LOCAL_GD_SN_PARAM;INSTALL_LOSS_TABLE,房建涂料常用 8.0%，安装防腐涂装受喷涂/刷涂影响可高至 12.0%；默认取 8.0%。
1181,涂料及防腐、防水材料 > 油漆 > 木器漆,木器漆,是,0.08,8%,已覆盖,PAINT_COATING,涂料/油漆,中,公开资料/本地定额,LOCAL_GD_SN_PARAM;INSTALL_LOSS_TABLE,房建涂料常用 8.0%，安装防腐涂装受喷涂/刷涂影响可高至 12.0%；默认取 8.0%。
1182,涂料及防腐、防水材料 > 油漆 > 金属漆,金属漆,是,0.03,3%,已覆盖,METAL_GENERAL,金属材料,中,公开资料/本地定额,PUBLIC_BUILDING_LOSS_TABLE;LOCAL_GD_SN_PARAM,一般金属材料存在切割、加工、搬运损耗，取 3.0%。
1183,涂料及防腐、防水材料 > 防腐材料 > 沥青,沥青,是,0.03,3%,已覆盖,ROAD_BRIDGE,道路桥梁材料,低,经验估算,,路面、路基、防护标志材料按铺筑、切割、破损综合 3.0%。
1184,涂料及防腐、防水材料 > 防腐材料 > 耐酸砖、板,耐酸砖、板,是,0.03,3%,已覆盖,BRICK,砖,高,公开资料/本地定额,LOCAL_GD_SN_PARAM;PUBLIC_BUILDING_LOSS_TABLE,普通砖、烧结砖砌体本地校准为 3.0%。
37,绝热（保温）、耐火材料 > 保温绝热材料 > 岩棉及其制品,岩棉及其制品,是,0.05,5%,已覆盖,INSULATION_BOARD,保温绝热材料,中,公开资料/本地定额,LOCAL_GD_SN_PARAM;INSTALL_LOSS_TABLE,保温板、岩棉、玻璃棉、橡塑等按裁切、拼缝和破损 5.0%。
1185,绝热（保温）、耐火材料 > 保温绝热材料 > 矿渣棉及其制品,矿渣棉及其制品,是,0.05,5%,已覆盖,INSULATION_BOARD,保温绝热材料,中,公开资料/本地定额,LOCAL_GD_SN_PARAM;INSTALL_LOSS_TABLE,保温板、岩棉、玻璃棉、橡塑等按裁切、拼缝和破损 5.0%。
1186,绝热（保温）、耐火材料 > 保温绝热材料 > 玻璃棉及其制品,玻璃棉及其制品,是,0.05,5%,已覆盖,INSULATION_BOARD,保温绝热材料,中,公开资料/本地定额,LOCAL_GD_SN_PARAM;INSTALL_LOSS_TABLE,保温板、岩棉、玻璃棉、橡塑等按裁切、拼缝和破损 5.0%。
1187,绝热（保温）、耐火材料 > 保温绝热材料 > 膨胀珍珠岩及其制品,膨胀珍珠岩及其制品,是,0.05,5%,已覆盖,INSULATION_BOARD,保温绝热材料,中,公开资料/本地定额,LOCAL_GD_SN_PARAM;INSTALL_LOSS_TABLE,保温板、岩棉、玻璃棉、橡塑等按裁切、拼缝和破损 5.0%。
1188,绝热（保温）、耐火材料 > 保温绝热材料 > 发泡陶瓷制品,发泡陶瓷制品,是,0.05,5%,已覆盖,INSULATION_BOARD,保温绝热材料,中,公开资料/本地定额,LOCAL_GD_SN_PARAM;INSTALL_LOSS_TABLE,保温板、岩棉、玻璃棉、橡塑等按裁切、拼缝和破损 5.0%。
1189,绝热（保温）、耐火材料 > 保温绝热材料 > 硬质聚氨酯板泡沫塑料,硬质聚氨酯板泡沫塑料,是,0.08,8%,已覆盖,WATERPROOF_COATING,防水涂料,中,公开资料/本地定额,LOCAL_GD_SN_PARAM;PUBLIC_BUILDING_LOSS_TABLE,聚氨酯/JS 等涂膜防水采购侧取 8.0%，厚度偏差已经通过设计消耗量复核。
1190,绝热（保温）、耐火材料 > 保温绝热材料 > 模塑聚苯乙烯泡沫塑料（EPS）制品,模塑聚苯乙烯泡沫塑料（EPS）制品,是,0.05,5%,已覆盖,INSULATION_BOARD,保温绝热材料,中,公开资料/本地定额,LOCAL_GD_SN_PARAM;INSTALL_LOSS_TABLE,保温板、岩棉、玻璃棉、橡塑等按裁切、拼缝和破损 5.0%。
1191,绝热（保温）、耐火材料 > 保温绝热材料 > 挤塑聚苯乙烯泡沫塑料（XPS）制品,挤塑聚苯乙烯泡沫塑料（XPS）制品,是,0.05,5%,已覆盖,INSULATION_BOARD,保温绝热材料,中,公开资料/本地定额,LOCAL_GD_SN_PARAM;INSTALL_LOSS_TABLE,保温板、岩棉、玻璃棉、橡塑等按裁切、拼缝和破损 5.0%。
1192,绝热（保温）、耐火材料 > 保温绝热材料 > 膨胀蛭石散材及其制品,膨胀蛭石散材及其制品,是,0.03,3%,已覆盖,SAND_STONE,砂石粉灰土,中,公开资料/本地定额,PUBLIC_BUILDING_LOSS_TABLE,砂、石、粉、灰、土等散料按 3.0% 估算。
1193,绝热（保温）、耐火材料 > 保温绝热材料 > 柔性泡沫橡塑制品,柔性泡沫橡塑制品,是,0.05,5%,已覆盖,INSULATION_BOARD,保温绝热材料,中,公开资料/本地定额,LOCAL_GD_SN_PARAM;INSTALL_LOSS_TABLE,保温板、岩棉、玻璃棉、橡塑等按裁切、拼缝和破损 5.0%。
1194,绝热（保温）、耐火材料 > 保温绝热材料 > 泡沫玻璃制品,泡沫玻璃制品,是,0.05,5%,已覆盖,INSULATION_BOARD,保温绝热材料,中,公开资料/本地定额,LOCAL_GD_SN_PARAM;INSTALL_LOSS_TABLE,保温板、岩棉、玻璃棉、橡塑等按裁切、拼缝和破损 5.0%。
1195,绝热（保温）、耐火材料 > 保温绝热材料 > 复合硅酸盐绝热材料,复合硅酸盐绝热材料,是,0.05,5%,已覆盖,INSULATION_BOARD,保温绝热材料,中,公开资料/本地定额,LOCAL_GD_SN_PARAM;INSTALL_LOSS_TABLE,保温板、岩棉、玻璃棉、橡塑等按裁切、拼缝和破损 5.0%。
1196,绝热（保温）、耐火材料 > 保温绝热材料 > 硅藻土及其制品,硅藻土及其制品,是,0.03,3%,已覆盖,SAND_STONE,砂石粉灰土,中,公开资料/本地定额,PUBLIC_BUILDING_LOSS_TABLE,砂、石、粉、灰、土等散料按 3.0% 估算。
1197,绝热（保温）、耐火材料 > 保温绝热材料 > 石棉及其制品,石棉及其制品,是,0.05,5%,已覆盖,INSULATION_BOARD,保温绝热材料,中,公开资料/本地定额,LOCAL_GD_SN_PARAM;INSTALL_LOSS_TABLE,保温板、岩棉、玻璃棉、橡塑等按裁切、拼缝和破损 5.0%。
222,绝热（保温）、耐火材料 > 保温绝热材料 > 其他绝热材料,其他绝热材料,是,0.05,5%,已覆盖,INSULATION_BOARD,保温绝热材料,中,公开资料/本地定额,LOCAL_GD_SN_PARAM;INSTALL_LOSS_TABLE,保温板、岩棉、玻璃棉、橡塑等按裁切、拼缝和破损 5.0%。
10005,绝热（保温）、耐火材料 > 保温绝热材料 > 保温装饰一体板,保温装饰一体板,是,0.05,5%,已覆盖,INSULATION_BOARD,保温绝热材料,中,公开资料/本地定额,LOCAL_GD_SN_PARAM;INSTALL_LOSS_TABLE,保温板、岩棉、玻璃棉、橡塑等按裁切、拼缝和破损 5.0%。
10016,绝热（保温）、耐火材料 > 保温绝热材料 > 保温结构一体板,保温结构一体板,是,0.05,5%,已覆盖,INSULATION_BOARD,保温绝热材料,中,公开资料/本地定额,LOCAL_GD_SN_PARAM;INSTALL_LOSS_TABLE,保温板、岩棉、玻璃棉、橡塑等按裁切、拼缝和破损 5.0%。
202,绝热（保温）、耐火材料 > 电伴热带、缆 > 电伴热带、缆,电伴热带、缆,是,0.02,2%,已覆盖,ELECTRICAL_ACCESSORY,电气附件,低,公开资料/本地定额,INSTALL_LOSS_TABLE,开关、插座、接线端子、绝缘、防雷接地等附件按 2.0%。
127,绝热（保温）、耐火材料 > 耐火材料 > 粘土质耐火砖,粘土质耐火砖,是,0.03,3%,已覆盖,SAND_STONE,砂石粉灰土,中,公开资料/本地定额,PUBLIC_BUILDING_LOSS_TABLE,砂、石、粉、灰、土等散料按 3.0% 估算。
1198,绝热（保温）、耐火材料 > 耐火材料 > 硅质耐火砖,硅质耐火砖,是,0.03,3%,已覆盖,BRICK,砖,高,公开资料/本地定额,LOCAL_GD_SN_PARAM;PUBLIC_BUILDING_LOSS_TABLE,普通砖、烧结砖砌体本地校准为 3.0%。
1199,绝热（保温）、耐火材料 > 耐火材料 > 铝质耐火砖,铝质耐火砖,是,0.03,3%,已覆盖,BRICK,砖,高,公开资料/本地定额,LOCAL_GD_SN_PARAM;PUBLIC_BUILDING_LOSS_TABLE,普通砖、烧结砖砌体本地校准为 3.0%。
1200,绝热（保温）、耐火材料 > 耐火材料 > 镁质耐火砖,镁质耐火砖,是,0.03,3%,已覆盖,BRICK,砖,高,公开资料/本地定额,LOCAL_GD_SN_PARAM;PUBLIC_BUILDING_LOSS_TABLE,普通砖、烧结砖砌体本地校准为 3.0%。
1201,绝热（保温）、耐火材料 > 耐火材料 > 其他耐火砖,其他耐火砖,是,0.03,3%,已覆盖,BRICK,砖,高,公开资料/本地定额,LOCAL_GD_SN_PARAM;PUBLIC_BUILDING_LOSS_TABLE,普通砖、烧结砖砌体本地校准为 3.0%。
1202,绝热（保温）、耐火材料 > 耐火材料 > 耐火泥、砂、石,耐火泥、砂、石,是,0.03,3%,已覆盖,SAND_STONE,砂石粉灰土,中,公开资料/本地定额,PUBLIC_BUILDING_LOSS_TABLE,砂、石、粉、灰、土等散料按 3.0% 估算。
1203,绝热（保温）、耐火材料 > 耐火材料 > 不定形耐火材料,不定形耐火材料,是,0.04,4%,已覆盖,FIRE_RESISTANT,耐火材料,中,公开资料/本地定额,LOCAL_GD_SN_PARAM;PUBLIC_BUILDING_LOSS_TABLE,耐火砖、耐火浇注料、陶瓷板类取 4.0%。
1204,绝热（保温）、耐火材料 > 耐火材料 > 耐火纤维及其制品,耐火纤维及其制品,是,0.04,4%,已覆盖,FIRE_RESISTANT,耐火材料,中,公开资料/本地定额,LOCAL_GD_SN_PARAM;PUBLIC_BUILDING_LOSS_TABLE,耐火砖、耐火浇注料、陶瓷板类取 4.0%。
1205,绝热（保温）、耐火材料 > 耐火材料 > 耐火粉、骨料,耐火粉、骨料,是,0.03,3%,已覆盖,SAND_STONE,砂石粉灰土,中,公开资料/本地定额,PUBLIC_BUILDING_LOSS_TABLE,砂、石、粉、灰、土等散料按 3.0% 估算。
125,绝热（保温）、耐火材料 > 耐火材料 > 其他耐火材料,其他耐火材料,是,0.04,4%,已覆盖,FIRE_RESISTANT,耐火材料,中,公开资料/本地定额,LOCAL_GD_SN_PARAM;PUBLIC_BUILDING_LOSS_TABLE,耐火砖、耐火浇注料、陶瓷板类取 4.0%。
220,消防器材 > 灭火器 > 灭火器,灭火器,是,0.01,1%,已覆盖,FIRE_EQUIPMENT,消防器材,低,公开资料/本地定额,INSTALL_LOSS_TABLE,灭火器、喷头、报警设备等成品按运输安装破损/备件 1.0%。
1206,消防器材 > 灭火器 > 灭火器专用阀门,灭火器专用阀门,是,0.01,1%,已覆盖,FIRE_EQUIPMENT,消防器材,低,公开资料/本地定额,INSTALL_LOSS_TABLE,灭火器、喷头、报警设备等成品按运输安装破损/备件 1.0%。
1207,消防器材 > 灭火器 > 泡沫发生器、比例混合器,泡沫发生器、比例混合器,是,0.01,1%,已覆盖,FIRE_EQUIPMENT,消防器材,低,公开资料/本地定额,INSTALL_LOSS_TABLE,灭火器、喷头、报警设备等成品按运输安装破损/备件 1.0%。
1208,消防器材 > 灭火器 > 空气泡沫枪,空气泡沫枪,是,0.01,1%,已覆盖,FIRE_EQUIPMENT,消防器材,低,公开资料/本地定额,INSTALL_LOSS_TABLE,灭火器、喷头、报警设备等成品按运输安装破损/备件 1.0%。
1209,消防器材 > 灭火器 > 成套泡沫灭火设备,成套泡沫灭火设备,是,0.01,1%,已覆盖,FIRE_EQUIPMENT,消防器材,低,公开资料/本地定额,INSTALL_LOSS_TABLE,灭火器、喷头、报警设备等成品按运输安装破损/备件 1.0%。
1210,消防器材 > 灭火器 > 灭火剂,灭火剂,是,0.01,1%,已覆盖,FIRE_EQUIPMENT,消防器材,低,公开资料/本地定额,INSTALL_LOSS_TABLE,灭火器、喷头、报警设备等成品按运输安装破损/备件 1.0%。
1211,消防器材 > 灭火器 > 灭火散材,灭火散材,是,0.01,1%,已覆盖,FIRE_EQUIPMENT,消防器材,低,公开资料/本地定额,INSTALL_LOSS_TABLE,灭火器、喷头、报警设备等成品按运输安装破损/备件 1.0%。
1212,消防器材 > 灭火器 > 成套气体灭火设备,成套气体灭火设备,是,0.01,1%,已覆盖,FIRE_EQUIPMENT,消防器材,低,公开资料/本地定额,INSTALL_LOSS_TABLE,灭火器、喷头、报警设备等成品按运输安装破损/备件 1.0%。
103,消防器材 > 喷水灭火产品 > 消火栓,消火栓,是,0.01,1%,已覆盖,FIRE_EQUIPMENT,消防器材,低,公开资料/本地定额,INSTALL_LOSS_TABLE,灭火器、喷头、报警设备等成品按运输安装破损/备件 1.0%。
1213,消防器材 > 喷水灭火产品 > 消防水泵接合器,消防水泵接合器,是,0.01,1%,已覆盖,FIRE_EQUIPMENT,消防器材,低,公开资料/本地定额,INSTALL_LOSS_TABLE,灭火器、喷头、报警设备等成品按运输安装破损/备件 1.0%。
1214,消防器材 > 喷水灭火产品 > 水流指示器,水流指示器,是,0.01,1%,已覆盖,FIRE_EQUIPMENT,消防器材,低,公开资料/本地定额,INSTALL_LOSS_TABLE,灭火器、喷头、报警设备等成品按运输安装破损/备件 1.0%。
1215,消防器材 > 喷水灭火产品 > 消防水枪,消防水枪,是,0.01,1%,已覆盖,FIRE_EQUIPMENT,消防器材,低,公开资料/本地定额,INSTALL_LOSS_TABLE,灭火器、喷头、报警设备等成品按运输安装破损/备件 1.0%。
1216,消防器材 > 喷水灭火产品 > 消防喷头,消防喷头,是,0.01,1%,已覆盖,FIRE_EQUIPMENT,消防器材,低,公开资料/本地定额,INSTALL_LOSS_TABLE,灭火器、喷头、报警设备等成品按运输安装破损/备件 1.0%。
1217,消防器材 > 喷水灭火产品 > 喷嘴,喷嘴,是,0.01,1%,已覆盖,FIRE_EQUIPMENT,消防器材,低,公开资料/本地定额,INSTALL_LOSS_TABLE,灭火器、喷头、报警设备等成品按运输安装破损/备件 1.0%。
1218,消防器材 > 喷水灭火产品 > 软管卷盘、水龙带及接口,软管卷盘、水龙带及接口,是,0.01,1%,已覆盖,FIRE_EQUIPMENT,消防器材,低,公开资料/本地定额,INSTALL_LOSS_TABLE,灭火器、喷头、报警设备等成品按运输安装破损/备件 1.0%。
1220,消防器材 > 喷水灭火产品 > 隔膜式气压水罐,隔膜式气压水罐,是,0.01,1%,已覆盖,FIRE_EQUIPMENT,消防器材,低,公开资料/本地定额,INSTALL_LOSS_TABLE,灭火器、喷头、报警设备等成品按运输安装破损/备件 1.0%。
1221,消防器材 > 喷水灭火产品 > 末端试水装置,末端试水装置,是,0.01,1%,已覆盖,FIRE_EQUIPMENT,消防器材,低,公开资料/本地定额,INSTALL_LOSS_TABLE,灭火器、喷头、报警设备等成品按运输安装破损/备件 1.0%。
1222,消防器材 > 喷水灭火产品 > 消防水炮,消防水炮,是,0.01,1%,已覆盖,FIRE_EQUIPMENT,消防器材,低,公开资料/本地定额,INSTALL_LOSS_TABLE,灭火器、喷头、报警设备等成品按运输安装破损/备件 1.0%。
1223,消防器材 > 喷水灭火产品 > 水带接扣,水带接扣,是,0.01,1%,已覆盖,FIRE_EQUIPMENT,消防器材,低,公开资料/本地定额,INSTALL_LOSS_TABLE,灭火器、喷头、报警设备等成品按运输安装破损/备件 1.0%。
1224,消防器材 > 火灾报警产品 > 探测器,探测器,是,0.01,1%,已覆盖,FIRE_EQUIPMENT,消防器材,低,公开资料/本地定额,INSTALL_LOSS_TABLE,灭火器、喷头、报警设备等成品按运输安装破损/备件 1.0%。
157,消防器材 > 火灾报警产品 > 火灾报警、警报及消防联动控制装置,火灾报警、警报及消防联动控制装置,是,0.01,1%,已覆盖,FIRE_EQUIPMENT,消防器材,低,公开资料/本地定额,INSTALL_LOSS_TABLE,灭火器、喷头、报警设备等成品按运输安装破损/备件 1.0%。
1225,消防器材 > 火灾报警产品 > 现场模块,现场模块,是,0.01,1%,已覆盖,FIRE_EQUIPMENT,消防器材,低,公开资料/本地定额,INSTALL_LOSS_TABLE,灭火器、喷头、报警设备等成品按运输安装破损/备件 1.0%。
1226,消防器材 > 火灾报警产品 > 其他报警器材,其他报警器材,是,0.01,1%,已覆盖,FIRE_EQUIPMENT,消防器材,低,公开资料/本地定额,INSTALL_LOSS_TABLE,灭火器、喷头、报警设备等成品按运输安装破损/备件 1.0%。
1227,消防器材 > 消防工具 > 消防工具,消防工具,是,0.01,1%,已覆盖,FIRE_EQUIPMENT,消防器材,低,公开资料/本地定额,INSTALL_LOSS_TABLE,灭火器、喷头、报警设备等成品按运输安装破损/备件 1.0%。
105,消防器材 > 消防应急广播、电话系统 > 消防通讯广播器材,消防通讯广播器材,是,0.01,1%,已覆盖,FIRE_EQUIPMENT,消防器材,低,公开资料/本地定额,INSTALL_LOSS_TABLE,灭火器、喷头、报警设备等成品按运输安装破损/备件 1.0%。
237,消防器材 > 避难逃生产品 > 标志、应急灯,标志、应急灯,是,0.01,1%,已覆盖,FIRE_EQUIPMENT,消防器材,低,公开资料/本地定额,INSTALL_LOSS_TABLE,灭火器、喷头、报警设备等成品按运输安装破损/备件 1.0%。
1228,消防器材 > 其他消防器材 > 消防箱、柜,消防箱、柜,是,0.01,1%,已覆盖,FIRE_EQUIPMENT,消防器材,低,公开资料/本地定额,INSTALL_LOSS_TABLE,灭火器、喷头、报警设备等成品按运输安装破损/备件 1.0%。
1229,消防器材 > 其他消防器材 > 其他消防器材及专用配件,其他消防器材及专用配件,是,0.01,1%,已覆盖,FIRE_EQUIPMENT,消防器材,低,公开资料/本地定额,INSTALL_LOSS_TABLE,灭火器、喷头、报警设备等成品按运输安装破损/备件 1.0%。
28,管材 > 塑料管材 > 塑料管,塑料管,是,0.03,3%,已覆盖,PIPE_PLASTIC,塑料管材,高,公开资料/本地定额,LOCAL_GD_SN_PARAM;INSTALL_LOSS_TABLE,本地安装校准中塑料管/管材管件常用 3.0%。
1230,管材 > 塑料管材 > 玻璃钢管,玻璃钢管,是,0.03,3%,已覆盖,PIPE_PLASTIC,塑料管材,高,公开资料/本地定额,LOCAL_GD_SN_PARAM;INSTALL_LOSS_TABLE,本地安装校准中塑料管/管材管件常用 3.0%。
27,管材 > 金属管材 > 焊接钢管,焊接钢管,是,0.02,2%,已覆盖,PIPE_METAL,金属管材,高,公开资料/本地定额,LOCAL_GD_SN_PARAM;INSTALL_LOSS_TABLE,本地安装校准中低压碳钢管、铸铁管等常用 2.0%；不锈钢/高压可提高到 3.6%。
1231,管材 > 金属管材 > 镀锌钢管,镀锌钢管,是,0.02,2%,已覆盖,PIPE_METAL,金属管材,高,公开资料/本地定额,LOCAL_GD_SN_PARAM;INSTALL_LOSS_TABLE,本地安装校准中低压碳钢管、铸铁管等常用 2.0%；不锈钢/高压可提高到 3.6%。
1232,管材 > 金属管材 > 不锈钢管,不锈钢管,是,0.02,2%,已覆盖,PIPE_METAL,金属管材,高,公开资料/本地定额,LOCAL_GD_SN_PARAM;INSTALL_LOSS_TABLE,本地安装校准中低压碳钢管、铸铁管等常用 2.0%；不锈钢/高压可提高到 3.6%。
1233,管材 > 金属管材 > 无缝钢管,无缝钢管,是,0.02,2%,已覆盖,PIPE_METAL,金属管材,高,公开资料/本地定额,LOCAL_GD_SN_PARAM;INSTALL_LOSS_TABLE,本地安装校准中低压碳钢管、铸铁管等常用 2.0%；不锈钢/高压可提高到 3.6%。
1234,管材 > 金属管材 > 异型钢管,异型钢管,是,0.02,2%,已覆盖,PIPE_METAL,金属管材,高,公开资料/本地定额,LOCAL_GD_SN_PARAM;INSTALL_LOSS_TABLE,本地安装校准中低压碳钢管、铸铁管等常用 2.0%；不锈钢/高压可提高到 3.6%。
121,管材 > 金属管材 > 铸铁管,铸铁管,是,0.02,2%,已覆盖,PIPE_METAL,金属管材,高,公开资料/本地定额,LOCAL_GD_SN_PARAM;INSTALL_LOSS_TABLE,本地安装校准中低压碳钢管、铸铁管等常用 2.0%；不锈钢/高压可提高到 3.6%。
1235,管材 > 金属管材 > 金属软管,金属软管,是,0.02,2%,已覆盖,PIPE_METAL,金属管材,高,公开资料/本地定额,LOCAL_GD_SN_PARAM;INSTALL_LOSS_TABLE,本地安装校准中低压碳钢管、铸铁管等常用 2.0%；不锈钢/高压可提高到 3.6%。
1236,管材 > 金属管材 > 金属波纹管,金属波纹管,是,0.02,2%,已覆盖,PIPE_METAL,金属管材,高,公开资料/本地定额,LOCAL_GD_SN_PARAM;INSTALL_LOSS_TABLE,本地安装校准中低压碳钢管、铸铁管等常用 2.0%；不锈钢/高压可提高到 3.6%。
1237,管材 > 金属管材 > 冷波纹管,冷波纹管,是,0.02,2%,已覆盖,PIPE_METAL,金属管材,高,公开资料/本地定额,LOCAL_GD_SN_PARAM;INSTALL_LOSS_TABLE,本地安装校准中低压碳钢管、铸铁管等常用 2.0%；不锈钢/高压可提高到 3.6%。
1238,管材 > 金属管材 > 铝管,铝管,是,0.02,2%,已覆盖,PIPE_METAL,金属管材,高,公开资料/本地定额,LOCAL_GD_SN_PARAM;INSTALL_LOSS_TABLE,本地安装校准中低压碳钢管、铸铁管等常用 2.0%；不锈钢/高压可提高到 3.6%。
1239,管材 > 金属管材 > 铜管、铜合金管,铜管、铜合金管,是,0.02,2%,已覆盖,PIPE_METAL,金属管材,高,公开资料/本地定额,LOCAL_GD_SN_PARAM;INSTALL_LOSS_TABLE,本地安装校准中低压碳钢管、铸铁管等常用 2.0%；不锈钢/高压可提高到 3.6%。
1240,管材 > 橡胶管材 > 橡胶管,橡胶管,是,0.03,3%,已覆盖,PIPE_GENERAL,一般管材,中,公开资料/本地定额,LOCAL_GD_SN_PARAM;INSTALL_LOSS_TABLE,未细分材质的管材按通用管材管件 3.0%。
1241,管材 > 复合管材 > 衬里管,衬里管,是,0.03,3%,已覆盖,PIPE_GENERAL,一般管材,中,公开资料/本地定额,LOCAL_GD_SN_PARAM;INSTALL_LOSS_TABLE,未细分材质的管材按通用管材管件 3.0%。
29,管材 > 复合管材 > 复合管,复合管,是,0.03,3%,已覆盖,PIPE_GENERAL,一般管材,中,公开资料/本地定额,LOCAL_GD_SN_PARAM;INSTALL_LOSS_TABLE,未细分材质的管材按通用管材管件 3.0%。
26,管材 > 混凝土管 > 混凝土管,混凝土管,是,0.02,2%,已覆盖,CONCRETE_PRODUCTS,混凝土制品/瓦,中,公开资料/本地定额,PUBLIC_BUILDING_LOSS_TABLE,成品混凝土制品、瓦类以破损和切割损耗为主，取 2.0%。
30,管材 > 其他管材 > 其他管材,其他管材,是,0.03,3%,已覆盖,PIPE_GENERAL,一般管材,中,公开资料/本地定额,LOCAL_GD_SN_PARAM;INSTALL_LOSS_TABLE,未细分材质的管材按通用管材管件 3.0%。
1242,管件及管道用器材 > 塑料管件 > 塑料管件,塑料管件,是,0.03,3%,已覆盖,FITTING,管件及管道用器材,中,公开资料/本地定额,LOCAL_GD_SN_PARAM;INSTALL_LOSS_TABLE,弯头、三通、接头等按安装管材管件通用 3.0%。
1243,管件及管道用器材 > 金属管件 > 钢管管件,钢管管件,是,0.02,2%,已覆盖,PIPE_METAL,金属管材,高,公开资料/本地定额,LOCAL_GD_SN_PARAM;INSTALL_LOSS_TABLE,本地安装校准中低压碳钢管、铸铁管等常用 2.0%；不锈钢/高压可提高到 3.6%。
1244,管件及管道用器材 > 金属管件 > 不锈钢管件,不锈钢管件,是,0.02,2%,已覆盖,PIPE_METAL,金属管材,高,公开资料/本地定额,LOCAL_GD_SN_PARAM;INSTALL_LOSS_TABLE,本地安装校准中低压碳钢管、铸铁管等常用 2.0%；不锈钢/高压可提高到 3.6%。
1245,管件及管道用器材 > 金属管件 > 铸铁管件,铸铁管件,是,0.02,2%,已覆盖,PIPE_METAL,金属管材,高,公开资料/本地定额,LOCAL_GD_SN_PARAM;INSTALL_LOSS_TABLE,本地安装校准中低压碳钢管、铸铁管等常用 2.0%；不锈钢/高压可提高到 3.6%。
1246,管件及管道用器材 > 金属管件 > 铜、铜合金管件,铜、铜合金管件,是,0.03,3%,已覆盖,FITTING,管件及管道用器材,中,公开资料/本地定额,LOCAL_GD_SN_PARAM;INSTALL_LOSS_TABLE,弯头、三通、接头等按安装管材管件通用 3.0%。
1247,管件及管道用器材 > 复合管件 > 钢塑复合管件,钢塑复合管件,是,0.03,3%,已覆盖,PIPE_GENERAL,一般管材,中,公开资料/本地定额,LOCAL_GD_SN_PARAM;INSTALL_LOSS_TABLE,未细分材质的管材按通用管材管件 3.0%。
1248,管件及管道用器材 > 管道用器材 > 管接头,管接头,是,0.03,3%,已覆盖,PIPE_GENERAL,一般管材,中,公开资料/本地定额,LOCAL_GD_SN_PARAM;INSTALL_LOSS_TABLE,未细分材质的管材按通用管材管件 3.0%。
1249,管件及管道用器材 > 管道用器材 > 阻火器,阻火器,是,0.03,3%,已覆盖,PIPE_GENERAL,一般管材,中,公开资料/本地定额,LOCAL_GD_SN_PARAM;INSTALL_LOSS_TABLE,未细分材质的管材按通用管材管件 3.0%。
1250,管件及管道用器材 > 管道用器材 > 过滤器,过滤器,是,0.03,3%,已覆盖,PIPE_GENERAL,一般管材,中,公开资料/本地定额,LOCAL_GD_SN_PARAM;INSTALL_LOSS_TABLE,未细分材质的管材按通用管材管件 3.0%。
1251,管件及管道用器材 > 管道用器材 > 补偿器及软接头,补偿器及软接头,是,0.03,3%,已覆盖,PIPE_GENERAL,一般管材,中,公开资料/本地定额,LOCAL_GD_SN_PARAM;INSTALL_LOSS_TABLE,未细分材质的管材按通用管材管件 3.0%。
1252,管件及管道用器材 > 管道用器材 > 管卡、管箍,管卡、管箍,是,0.03,3%,已覆盖,PIPE_GENERAL,一般管材,中,公开资料/本地定额,LOCAL_GD_SN_PARAM;INSTALL_LOSS_TABLE,未细分材质的管材按通用管材管件 3.0%。
221,管件及管道用器材 > 管道用器材 > 管道支架、吊架,管道支架、吊架,是,0.03,3%,已覆盖,PIPE_GENERAL,一般管材,中,公开资料/本地定额,LOCAL_GD_SN_PARAM;INSTALL_LOSS_TABLE,未细分材质的管材按通用管材管件 3.0%。
1253,管件及管道用器材 > 管道用器材 > 抗震支架,抗震支架,是,0.03,3%,已覆盖,PIPE_GENERAL,一般管材,中,公开资料/本地定额,LOCAL_GD_SN_PARAM;INSTALL_LOSS_TABLE,未细分材质的管材按通用管材管件 3.0%。
1254,管件及管道用器材 > 管道用器材 > 套管,套管,是,0.03,3%,已覆盖,PIPE_GENERAL,一般管材,中,公开资料/本地定额,LOCAL_GD_SN_PARAM;INSTALL_LOSS_TABLE,未细分材质的管材按通用管材管件 3.0%。
1255,管件及管道用器材 > 管道用器材 > 其他管道用器材,其他管道用器材,是,0.03,3%,已覆盖,PIPE_GENERAL,一般管材,中,公开资料/本地定额,LOCAL_GD_SN_PARAM;INSTALL_LOSS_TABLE,未细分材质的管材按通用管材管件 3.0%。
1256,管件及管道用器材 > 其他管件 > 其他管件,其他管件,是,0.03,3%,已覆盖,FITTING,管件及管道用器材,中,公开资料/本地定额,LOCAL_GD_SN_PARAM;INSTALL_LOSS_TABLE,弯头、三通、接头等按安装管材管件通用 3.0%。
25,阀门 > 截断阀类 > 截止阀,截止阀,是,0.01,1%,已覆盖,VALVE,阀门,低,公开资料/本地定额,INSTALL_LOSS_TABLE,阀门为成品件，通常按台/个采购，施工损耗取 1.0% 的备损控制值。
1257,阀门 > 截断阀类 > 闸阀,闸阀,是,0.01,1%,已覆盖,VALVE,阀门,低,公开资料/本地定额,INSTALL_LOSS_TABLE,阀门为成品件，通常按台/个采购，施工损耗取 1.0% 的备损控制值。
1258,阀门 > 截断阀类 > 球阀,球阀,是,0.01,1%,已覆盖,VALVE,阀门,低,公开资料/本地定额,INSTALL_LOSS_TABLE,阀门为成品件，通常按台/个采购，施工损耗取 1.0% 的备损控制值。
1259,阀门 > 截断阀类 > 蝶阀,蝶阀,是,0.01,1%,已覆盖,VALVE,阀门,低,公开资料/本地定额,INSTALL_LOSS_TABLE,阀门为成品件，通常按台/个采购，施工损耗取 1.0% 的备损控制值。
1260,阀门 > 截断阀类 > 旋塞阀,旋塞阀,是,0.01,1%,已覆盖,VALVE,阀门,低,公开资料/本地定额,INSTALL_LOSS_TABLE,阀门为成品件，通常按台/个采购，施工损耗取 1.0% 的备损控制值。
1261,阀门 > 截断阀类 > 柱塞阀,柱塞阀,是,0.01,1%,已覆盖,VALVE,阀门,低,公开资料/本地定额,INSTALL_LOSS_TABLE,阀门为成品件，通常按台/个采购，施工损耗取 1.0% 的备损控制值。
1262,阀门 > 截断阀类 > 隔膜阀,隔膜阀,是,0.01,1%,已覆盖,VALVE,阀门,低,公开资料/本地定额,INSTALL_LOSS_TABLE,阀门为成品件，通常按台/个采购，施工损耗取 1.0% 的备损控制值。
1263,阀门 > 截断阀类 > 浮球阀,浮球阀,是,0.01,1%,已覆盖,VALVE,阀门,低,公开资料/本地定额,INSTALL_LOSS_TABLE,阀门为成品件，通常按台/个采购，施工损耗取 1.0% 的备损控制值。
1264,阀门 > 调节阀类 > 调节阀,调节阀,是,0.01,1%,已覆盖,VALVE,阀门,低,公开资料/本地定额,INSTALL_LOSS_TABLE,阀门为成品件，通常按台/个采购，施工损耗取 1.0% 的备损控制值。
1265,阀门 > 调节阀类 > 减压阀,减压阀,是,0.01,1%,已覆盖,VALVE,阀门,低,公开资料/本地定额,INSTALL_LOSS_TABLE,阀门为成品件，通常按台/个采购，施工损耗取 1.0% 的备损控制值。
1266,阀门 > 调节阀类 > 节流阀,节流阀,是,0.01,1%,已覆盖,VALVE,阀门,低,公开资料/本地定额,INSTALL_LOSS_TABLE,阀门为成品件，通常按台/个采购，施工损耗取 1.0% 的备损控制值。
1267,阀门 > 调节阀类 > 减温减压阀,减温减压阀,是,0.01,1%,已覆盖,VALVE,阀门,低,公开资料/本地定额,INSTALL_LOSS_TABLE,阀门为成品件，通常按台/个采购，施工损耗取 1.0% 的备损控制值。
1268,阀门 > 调节阀类 > 水位控制阀,水位控制阀,是,0.01,1%,已覆盖,VALVE,阀门,低,公开资料/本地定额,INSTALL_LOSS_TABLE,阀门为成品件，通常按台/个采购，施工损耗取 1.0% 的备损控制值。
1269,阀门 > 止回阀类 > 止回阀,止回阀,是,0.01,1%,已覆盖,VALVE,阀门,低,公开资料/本地定额,INSTALL_LOSS_TABLE,阀门为成品件，通常按台/个采购，施工损耗取 1.0% 的备损控制值。
1270,阀门 > 分流阀类 > 给水分配阀,给水分配阀,是,0.01,1%,已覆盖,VALVE,阀门,低,公开资料/本地定额,INSTALL_LOSS_TABLE,阀门为成品件，通常按台/个采购，施工损耗取 1.0% 的备损控制值。
1271,阀门 > 分流阀类 > 疏水阀,疏水阀,是,0.01,1%,已覆盖,VALVE,阀门,低,公开资料/本地定额,INSTALL_LOSS_TABLE,阀门为成品件，通常按台/个采购，施工损耗取 1.0% 的备损控制值。
1272,阀门 > 安全阀类 > 安全阀,安全阀,是,0.01,1%,已覆盖,VALVE,阀门,低,公开资料/本地定额,INSTALL_LOSS_TABLE,阀门为成品件，通常按台/个采购，施工损耗取 1.0% 的备损控制值。
1273,阀门 > 特殊阀门 > 排污阀,排污阀,是,0.01,1%,已覆盖,VALVE,阀门,低,公开资料/本地定额,INSTALL_LOSS_TABLE,阀门为成品件，通常按台/个采购，施工损耗取 1.0% 的备损控制值。
1274,阀门 > 特殊阀门 > 排气阀,排气阀,是,0.01,1%,已覆盖,VALVE,阀门,低,公开资料/本地定额,INSTALL_LOSS_TABLE,阀门为成品件，通常按台/个采购，施工损耗取 1.0% 的备损控制值。
1275,阀门 > 特殊阀门 > 平衡阀,平衡阀,是,0.01,1%,已覆盖,VALVE,阀门,低,公开资料/本地定额,INSTALL_LOSS_TABLE,阀门为成品件，通常按台/个采购，施工损耗取 1.0% 的备损控制值。
1276,阀门 > 特殊阀门 > 电磁阀,电磁阀,是,0.01,1%,已覆盖,VALVE,阀门,低,公开资料/本地定额,INSTALL_LOSS_TABLE,阀门为成品件，通常按台/个采购，施工损耗取 1.0% 的备损控制值。
1277,阀门 > 其他阀门及附件 > 其他阀门,其他阀门,是,0.01,1%,已覆盖,VALVE,阀门,低,公开资料/本地定额,INSTALL_LOSS_TABLE,阀门为成品件，通常按台/个采购，施工损耗取 1.0% 的备损控制值。
1278,阀门 > 其他阀门及附件 > 阀门专用附件,阀门专用附件,是,0.01,1%,已覆盖,VALVE,阀门,低,公开资料/本地定额,INSTALL_LOSS_TABLE,阀门为成品件，通常按台/个采购，施工损耗取 1.0% 的备损控制值。
123,法兰及其垫片 > 法兰 > 钢制法兰,钢制法兰,是,0.02,2%,已覆盖,FLANGE_GASKET,法兰及垫片,中,公开资料/本地定额,INSTALL_LOSS_TABLE;LOCAL_GD_SN_PARAM,法兰、垫片按成品连接件损耗 2.0%。
1279,法兰及其垫片 > 法兰 > 不锈钢法兰,不锈钢法兰,是,0.02,2%,已覆盖,FLANGE_GASKET,法兰及垫片,中,公开资料/本地定额,INSTALL_LOSS_TABLE;LOCAL_GD_SN_PARAM,法兰、垫片按成品连接件损耗 2.0%。
1280,法兰及其垫片 > 法兰 > 铸铁法兰,铸铁法兰,是,0.02,2%,已覆盖,FLANGE_GASKET,法兰及垫片,中,公开资料/本地定额,INSTALL_LOSS_TABLE;LOCAL_GD_SN_PARAM,法兰、垫片按成品连接件损耗 2.0%。
1281,法兰及其垫片 > 法兰 > 铜法兰,铜法兰,是,0.02,2%,已覆盖,FLANGE_GASKET,法兰及垫片,中,公开资料/本地定额,INSTALL_LOSS_TABLE;LOCAL_GD_SN_PARAM,法兰、垫片按成品连接件损耗 2.0%。
1282,法兰及其垫片 > 法兰 > 钛法兰,钛法兰,是,0.02,2%,已覆盖,FLANGE_GASKET,法兰及垫片,中,公开资料/本地定额,INSTALL_LOSS_TABLE;LOCAL_GD_SN_PARAM,法兰、垫片按成品连接件损耗 2.0%。
1283,法兰及其垫片 > 法兰 > 塑料法兰,塑料法兰,是,0.05,5%,已覆盖,RUBBER_PLASTIC_GENERAL,橡胶塑料材料,中,公开资料/本地定额,INSTALL_LOSS_TABLE,塑料/橡胶板、膜、带、制品按裁切和安装损耗 5.0%。
1284,法兰及其垫片 > 法兰 > 盲板,盲板,是,0.02,2%,已覆盖,FLANGE_GASKET,法兰及垫片,中,公开资料/本地定额,INSTALL_LOSS_TABLE;LOCAL_GD_SN_PARAM,法兰、垫片按成品连接件损耗 2.0%。
1285,法兰及其垫片 > 法兰 > 其他法兰,其他法兰,是,0.02,2%,已覆盖,FLANGE_GASKET,法兰及垫片,中,公开资料/本地定额,INSTALL_LOSS_TABLE;LOCAL_GD_SN_PARAM,法兰、垫片按成品连接件损耗 2.0%。
1286,法兰及其垫片 > 法兰垫片 > 金属垫片,金属垫片,是,0.02,2%,已覆盖,FLANGE_GASKET,法兰及垫片,中,公开资料/本地定额,INSTALL_LOSS_TABLE;LOCAL_GD_SN_PARAM,法兰、垫片按成品连接件损耗 2.0%。
1287,法兰及其垫片 > 法兰垫片 > 非金属垫片,非金属垫片,是,0.05,5%,已覆盖,RUBBER_PLASTIC_GENERAL,橡胶塑料材料,中,公开资料/本地定额,INSTALL_LOSS_TABLE,塑料/橡胶板、膜、带、制品按裁切和安装损耗 5.0%。
1288,法兰及其垫片 > 法兰垫片 > 其他垫片,其他垫片,是,0.02,2%,已覆盖,FLANGE_GASKET,法兰及垫片,中,公开资料/本地定额,INSTALL_LOSS_TABLE;LOCAL_GD_SN_PARAM,法兰、垫片按成品连接件损耗 2.0%。
1289,灯具、光源 > 光源 > 光源,光源,是,0.01,1%,已覆盖,LAMP,灯具/光源,低,公开资料/本地定额,INSTALL_LOSS_TABLE,灯具、光源为成品采购，按运输和安装破损 1.0%。
1290,灯具、光源 > 光源 > 灯带,灯带,是,0.01,1%,已覆盖,LAMP,灯具/光源,低,公开资料/本地定额,INSTALL_LOSS_TABLE,灯具、光源为成品采购，按运输和安装破损 1.0%。
1291,灯具、光源 > 室内照明 > 吊灯(装饰花灯）,吊灯(装饰花灯）,是,0.01,1%,已覆盖,LAMP,灯具/光源,低,公开资料/本地定额,INSTALL_LOSS_TABLE,灯具、光源为成品采购，按运输和安装破损 1.0%。
1292,灯具、光源 > 室内照明 > 吸顶灯,吸顶灯,是,0.01,1%,已覆盖,LAMP,灯具/光源,低,公开资料/本地定额,INSTALL_LOSS_TABLE,灯具、光源为成品采购，按运输和安装破损 1.0%。
1293,灯具、光源 > 室内照明 > 壁灯,壁灯,是,0.01,1%,已覆盖,LAMP,灯具/光源,低,公开资料/本地定额,INSTALL_LOSS_TABLE,灯具、光源为成品采购，按运输和安装破损 1.0%。
1294,灯具、光源 > 室内照明 > 筒灯,筒灯,是,0.01,1%,已覆盖,LAMP,灯具/光源,低,公开资料/本地定额,INSTALL_LOSS_TABLE,灯具、光源为成品采购，按运输和安装破损 1.0%。
1295,灯具、光源 > 室内照明 > 格栅灯（荧光灯盘）,格栅灯（荧光灯盘）,是,0.01,1%,已覆盖,LAMP,灯具/光源,低,公开资料/本地定额,INSTALL_LOSS_TABLE,灯具、光源为成品采购，按运输和安装破损 1.0%。
1296,灯具、光源 > 室内照明 > 射灯,射灯,是,0.01,1%,已覆盖,LAMP,灯具/光源,低,公开资料/本地定额,INSTALL_LOSS_TABLE,灯具、光源为成品采购，按运输和安装破损 1.0%。
1297,灯具、光源 > 室内照明 > 台灯、落地灯,台灯、落地灯,是,0.01,1%,已覆盖,LAMP,灯具/光源,低,公开资料/本地定额,INSTALL_LOSS_TABLE,灯具、光源为成品采购，按运输和安装破损 1.0%。
209,灯具、光源 > 室内照明 > 其他室内灯具,其他室内灯具,是,0.01,1%,已覆盖,LAMP,灯具/光源,低,公开资料/本地定额,INSTALL_LOSS_TABLE,灯具、光源为成品采购，按运输和安装破损 1.0%。
1298,灯具、光源 > 室外照明 > 泛光灯、投光灯,泛光灯、投光灯,是,0.01,1%,已覆盖,LAMP,灯具/光源,低,公开资料/本地定额,INSTALL_LOSS_TABLE,灯具、光源为成品采购，按运输和安装破损 1.0%。
1299,灯具、光源 > 室外照明 > 地埋灯,地埋灯,是,0.01,1%,已覆盖,LAMP,灯具/光源,低,公开资料/本地定额,INSTALL_LOSS_TABLE,灯具、光源为成品采购，按运输和安装破损 1.0%。
1300,灯具、光源 > 室外照明 > 草坪灯,草坪灯,是,0.01,1%,已覆盖,LAMP,灯具/光源,低,公开资料/本地定额,INSTALL_LOSS_TABLE,灯具、光源为成品采购，按运输和安装破损 1.0%。
1301,灯具、光源 > 室外照明 > 轮廓装饰灯,轮廓装饰灯,是,0.01,1%,已覆盖,LAMP,灯具/光源,低,公开资料/本地定额,INSTALL_LOSS_TABLE,灯具、光源为成品采购，按运输和安装破损 1.0%。
210,灯具、光源 > 室外照明 > 庭院、广场、道路、景观灯,庭院、广场、道路、景观灯,是,0.01,1%,已覆盖,LAMP,灯具/光源,低,公开资料/本地定额,INSTALL_LOSS_TABLE,灯具、光源为成品采购，按运输和安装破损 1.0%。
1302,灯具、光源 > 室外照明 > 水下灯,水下灯,是,0.01,1%,已覆盖,LAMP,灯具/光源,低,公开资料/本地定额,INSTALL_LOSS_TABLE,灯具、光源为成品采购，按运输和安装破损 1.0%。
1303,灯具、光源 > 特种灯具 > 厂矿、场馆用灯,厂矿、场馆用灯,是,0.01,1%,已覆盖,LAMP,灯具/光源,低,公开资料/本地定额,INSTALL_LOSS_TABLE,灯具、光源为成品采购，按运输和安装破损 1.0%。
1304,灯具、光源 > 特种灯具 > 歌舞厅灯,歌舞厅灯,是,0.01,1%,已覆盖,LAMP,灯具/光源,低,公开资料/本地定额,INSTALL_LOSS_TABLE,灯具、光源为成品采购，按运输和安装破损 1.0%。
1305,灯具、光源 > 特种灯具 > 隧道灯,隧道灯,是,0.01,1%,已覆盖,LAMP,灯具/光源,低,公开资料/本地定额,INSTALL_LOSS_TABLE,灯具、光源为成品采购，按运输和安装破损 1.0%。
1306,灯具、光源 > 特种灯具 > 医院专用灯,医院专用灯,是,0.01,1%,已覆盖,LAMP,灯具/光源,低,公开资料/本地定额,INSTALL_LOSS_TABLE,灯具、光源为成品采购，按运输和安装破损 1.0%。
1307,灯具、光源 > 其他灯具及附件 > 荧光灯支架,荧光灯支架,是,0.01,1%,已覆盖,LAMP,灯具/光源,低,公开资料/本地定额,INSTALL_LOSS_TABLE,灯具、光源为成品采购，按运输和安装破损 1.0%。
1308,灯具、光源 > 其他灯具及附件 > 灯戗、灯伞、灯臂,灯戗、灯伞、灯臂,是,0.01,1%,已覆盖,LAMP,灯具/光源,低,公开资料/本地定额,INSTALL_LOSS_TABLE,灯具、光源为成品采购，按运输和安装破损 1.0%。
1309,灯具、光源 > 其他灯具及附件 > 启辉器、镇流器,启辉器、镇流器,是,0.01,1%,已覆盖,LAMP,灯具/光源,低,公开资料/本地定额,INSTALL_LOSS_TABLE,灯具、光源为成品采购，按运输和安装破损 1.0%。
1310,灯具、光源 > 其他灯具及附件 > 专用灯具电源,专用灯具电源,是,0.01,1%,已覆盖,LAMP,灯具/光源,低,公开资料/本地定额,INSTALL_LOSS_TABLE,灯具、光源为成品采购，按运输和安装破损 1.0%。
1311,灯具、光源 > 其他灯具及附件 > 航空障碍灯,航空障碍灯,是,0.01,1%,已覆盖,LAMP,灯具/光源,低,公开资料/本地定额,INSTALL_LOSS_TABLE,灯具、光源为成品采购，按运输和安装破损 1.0%。
1313,灯具、光源 > 其他灯具及附件 > 灯线及其附件,灯线及其附件,是,0.01,1%,已覆盖,LAMP,灯具/光源,低,公开资料/本地定额,INSTALL_LOSS_TABLE,灯具、光源为成品采购，按运输和安装破损 1.0%。
211,灯具、光源 > 其他灯具及附件 > 其他灯具及附件,其他灯具及附件,是,0.01,1%,已覆盖,LAMP,灯具/光源,低,公开资料/本地定额,INSTALL_LOSS_TABLE,灯具、光源为成品采购，按运输和安装破损 1.0%。
62,开关、插座 > 开关插座 > 普通面板开关,普通面板开关,是,0.02,2%,已覆盖,ELECTRICAL_ACCESSORY,电气附件,低,公开资料/本地定额,INSTALL_LOSS_TABLE,开关、插座、接线端子、绝缘、防雷接地等附件按 2.0%。
1314,开关、插座 > 开关插座 > 调光面板开关,调光面板开关,是,0.02,2%,已覆盖,ELECTRICAL_ACCESSORY,电气附件,低,公开资料/本地定额,INSTALL_LOSS_TABLE,开关、插座、接线端子、绝缘、防雷接地等附件按 2.0%。
1315,开关、插座 > 开关插座 > 电子感应开关,电子感应开关,是,0.02,2%,已覆盖,ELECTRICAL_ACCESSORY,电气附件,低,公开资料/本地定额,INSTALL_LOSS_TABLE,开关、插座、接线端子、绝缘、防雷接地等附件按 2.0%。
1316,开关、插座 > 开关插座 > 调速面板开关,调速面板开关,是,0.02,2%,已覆盖,ELECTRICAL_ACCESSORY,电气附件,低,公开资料/本地定额,INSTALL_LOSS_TABLE,开关、插座、接线端子、绝缘、防雷接地等附件按 2.0%。
1317,开关、插座 > 开关插座 > 插卡取电开关,插卡取电开关,是,0.02,2%,已覆盖,ELECTRICAL_ACCESSORY,电气附件,低,公开资料/本地定额,INSTALL_LOSS_TABLE,开关、插座、接线端子、绝缘、防雷接地等附件按 2.0%。
1318,开关、插座 > 开关插座 > 门铃，电铃开关,门铃，电铃开关,是,0.02,2%,已覆盖,ELECTRICAL_ACCESSORY,电气附件,低,公开资料/本地定额,INSTALL_LOSS_TABLE,开关、插座、接线端子、绝缘、防雷接地等附件按 2.0%。
1319,开关、插座 > 开关插座 > 音量调节开关,音量调节开关,是,0.02,2%,已覆盖,ELECTRICAL_ACCESSORY,电气附件,低,公开资料/本地定额,INSTALL_LOSS_TABLE,开关、插座、接线端子、绝缘、防雷接地等附件按 2.0%。
1320,开关、插座 > 开关插座 > 电源插座,电源插座,是,0.02,2%,已覆盖,ELECTRICAL_ACCESSORY,电气附件,低,公开资料/本地定额,INSTALL_LOSS_TABLE,开关、插座、接线端子、绝缘、防雷接地等附件按 2.0%。
1321,开关、插座 > 开关插座 > 刮须插座,刮须插座,是,0.02,2%,已覆盖,ELECTRICAL_ACCESSORY,电气附件,低,公开资料/本地定额,INSTALL_LOSS_TABLE,开关、插座、接线端子、绝缘、防雷接地等附件按 2.0%。
1322,开关、插座 > 开关插座 > 信息插座,信息插座,是,0.02,2%,已覆盖,ELECTRICAL_ACCESSORY,电气附件,低,公开资料/本地定额,INSTALL_LOSS_TABLE,开关、插座、接线端子、绝缘、防雷接地等附件按 2.0%。
1323,开关、插座 > 排插/插头 > 电源插头,电源插头,是,0.02,2%,已覆盖,ELECTRICAL_ACCESSORY,电气附件,低,公开资料/本地定额,INSTALL_LOSS_TABLE,开关、插座、接线端子、绝缘、防雷接地等附件按 2.0%。
1324,开关、插座 > 排插/插头 > 电源插座转换器,电源插座转换器,是,0.02,2%,已覆盖,ELECTRICAL_ACCESSORY,电气附件,低,公开资料/本地定额,INSTALL_LOSS_TABLE,开关、插座、接线端子、绝缘、防雷接地等附件按 2.0%。
1325,开关、插座 > 开关插座附件 > 面板、边框、盖板,面板、边框、盖板,是,0.02,2%,已覆盖,CONCRETE_PRODUCTS,混凝土制品/瓦,中,公开资料/本地定额,PUBLIC_BUILDING_LOSS_TABLE,成品混凝土制品、瓦类以破损和切割损耗为主，取 2.0%。
1326,开关、插座 > 开关插座附件 > 开关、插座功能件,开关、插座功能件,是,0.02,2%,已覆盖,ELECTRICAL_ACCESSORY,电气附件,低,公开资料/本地定额,INSTALL_LOSS_TABLE,开关、插座、接线端子、绝缘、防雷接地等附件按 2.0%。
1327,开关、插座 > 其他开关插座 > 自复位开关,自复位开关,是,0.02,2%,已覆盖,ELECTRICAL_ACCESSORY,电气附件,低,公开资料/本地定额,INSTALL_LOSS_TABLE,开关、插座、接线端子、绝缘、防雷接地等附件按 2.0%。
1328,开关、插座 > 其他开关插座 > 拉线开关,拉线开关,是,0.02,2%,已覆盖,ELECTRICAL_ACCESSORY,电气附件,低,公开资料/本地定额,INSTALL_LOSS_TABLE,开关、插座、接线端子、绝缘、防雷接地等附件按 2.0%。
1329,开关、插座 > 其他开关插座 > 扳把开关,扳把开关,是,0.02,2%,已覆盖,ELECTRICAL_ACCESSORY,电气附件,低,公开资料/本地定额,INSTALL_LOSS_TABLE,开关、插座、接线端子、绝缘、防雷接地等附件按 2.0%。
1330,开关、插座 > 其他开关插座 > 按钮开关,按钮开关,是,0.02,2%,已覆盖,ELECTRICAL_ACCESSORY,电气附件,低,公开资料/本地定额,INSTALL_LOSS_TABLE,开关、插座、接线端子、绝缘、防雷接地等附件按 2.0%。
1331,开关、插座 > 其他开关插座 > 其他开关插座,其他开关插座,是,0.02,2%,已覆盖,ELECTRICAL_ACCESSORY,电气附件,低,公开资料/本地定额,INSTALL_LOSS_TABLE,开关、插座、接线端子、绝缘、防雷接地等附件按 2.0%。
1332,电线电缆及光纤光缆 > 电线电缆 > 电气装备用电线电缆,电气装备用电线电缆,是,0.02,2%,已覆盖,CABLE_GENERAL,一般电线电缆,中,公开资料/本地定额,LOCAL_GD_SN_PARAM;INSTALL_LOSS_TABLE,未细分电力/控制/弱电的线缆按 2.0% 采购损耗估算。
61,电线电缆及光纤光缆 > 电线电缆 > 电力电缆,电力电缆,是,0.01,1%,已覆盖,POWER_CABLE,电力电缆,高,公开资料/本地定额,LOCAL_GD_SN_PARAM;INSTALL_LOSS_TABLE,本地校准：广东2018 第四册电力电缆损耗 1.0%。
1333,电线电缆及光纤光缆 > 电线电缆 > 控制电缆,控制电缆,是,0.015,1.5%,已覆盖,CONTROL_CABLE,控制电缆,高,公开资料/本地定额,LOCAL_GD_SN_PARAM;INSTALL_LOSS_TABLE,本地校准：控制电缆常用 1.5%。
1334,电线电缆及光纤光缆 > 电线电缆 > 裸电线,裸电线,是,0.018,1.8%,已覆盖,WIRE,绝缘电线/导线,高,公开资料/本地定额,LOCAL_GD_SN_PARAM;INSTALL_LOSS_TABLE,本地校准：绝缘导线 1.8%。
214,电线电缆及光纤光缆 > 电线电缆 > 计算机用电缆,计算机用电缆,是,0.02,2%,已覆盖,COMM_OPTIC_CABLE,通信线缆/光缆,中,公开资料/本地定额,LOCAL_GD_SN_PARAM;INSTALL_LOSS_TABLE,弱电、通信、光纤光缆按本地校准 2.0%。
1335,电线电缆及光纤光缆 > 电线电缆 > 电磁线,电磁线,是,0.02,2%,已覆盖,CABLE_GENERAL,一般电线电缆,中,公开资料/本地定额,LOCAL_GD_SN_PARAM;INSTALL_LOSS_TABLE,未细分电力/控制/弱电的线缆按 2.0% 采购损耗估算。
1336,电线电缆及光纤光缆 > 电线电缆 > 充油及油浸纸绝缘电力电缆,充油及油浸纸绝缘电力电缆,是,0.01,1%,已覆盖,POWER_CABLE,电力电缆,高,公开资料/本地定额,LOCAL_GD_SN_PARAM;INSTALL_LOSS_TABLE,本地校准：广东2018 第四册电力电缆损耗 1.0%。
64,电线电缆及光纤光缆 > 通信电缆 > 通信电缆,通信电缆,是,0.02,2%,已覆盖,COMM_OPTIC_CABLE,通信线缆/光缆,中,公开资料/本地定额,LOCAL_GD_SN_PARAM;INSTALL_LOSS_TABLE,弱电、通信、光纤光缆按本地校准 2.0%。
1337,电线电缆及光纤光缆 > 通信电缆 > 信号电缆,信号电缆,是,0.02,2%,已覆盖,COMM_OPTIC_CABLE,通信线缆/光缆,中,公开资料/本地定额,LOCAL_GD_SN_PARAM;INSTALL_LOSS_TABLE,弱电、通信、光纤光缆按本地校准 2.0%。
1338,电线电缆及光纤光缆 > 通信电缆 > 同轴通信电缆,同轴通信电缆,是,0.02,2%,已覆盖,COMM_OPTIC_CABLE,通信线缆/光缆,中,公开资料/本地定额,LOCAL_GD_SN_PARAM;INSTALL_LOSS_TABLE,弱电、通信、光纤光缆按本地校准 2.0%。
1339,电线电缆及光纤光缆 > 光纤光缆 > 光纤光缆,光纤光缆,是,0.02,2%,已覆盖,COMM_OPTIC_CABLE,通信线缆/光缆,中,公开资料/本地定额,LOCAL_GD_SN_PARAM;INSTALL_LOSS_TABLE,弱电、通信、光纤光缆按本地校准 2.0%。
1340,电线电缆及光纤光缆 > 特种电缆 > 特种电缆,特种电缆,是,0.02,2%,已覆盖,COMM_OPTIC_CABLE,通信线缆/光缆,中,公开资料/本地定额,LOCAL_GD_SN_PARAM;INSTALL_LOSS_TABLE,弱电、通信、光纤光缆按本地校准 2.0%。
213,电线电缆及光纤光缆 > 其他电线电缆 > 其他电线电缆,其他电线电缆,是,0.02,2%,已覆盖,CABLE_GENERAL,一般电线电缆,中,公开资料/本地定额,LOCAL_GD_SN_PARAM;INSTALL_LOSS_TABLE,未细分电力/控制/弱电的线缆按 2.0% 采购损耗估算。
1341,电气线路敷设材料 > 母线槽 > 母线槽,母线槽,是,0.005,0.5%,已覆盖,BRIDGE_TRAY,桥架/线槽/母线槽,中,公开资料/本地定额,LOCAL_GD_SN_PARAM;INSTALL_LOSS_TABLE,桥架、线槽、母线槽为成品段安装，切割损耗小，取 0.5%。
1342,电气线路敷设材料 > 母线槽 > 母线槽连接件及附件,母线槽连接件及附件,是,0.005,0.5%,已覆盖,BRIDGE_TRAY,桥架/线槽/母线槽,中,公开资料/本地定额,LOCAL_GD_SN_PARAM;INSTALL_LOSS_TABLE,桥架、线槽、母线槽为成品段安装，切割损耗小，取 0.5%。
147,电气线路敷设材料 > 电缆桥架 > 电缆桥架,电缆桥架,是,0.01,1%,已覆盖,POWER_CABLE,电力电缆,高,公开资料/本地定额,LOCAL_GD_SN_PARAM;INSTALL_LOSS_TABLE,本地校准：广东2018 第四册电力电缆损耗 1.0%。
1343,电气线路敷设材料 > 电缆桥架 > 电缆桥架连接件及附件,电缆桥架连接件及附件,是,0.01,1%,已覆盖,POWER_CABLE,电力电缆,高,公开资料/本地定额,LOCAL_GD_SN_PARAM;INSTALL_LOSS_TABLE,本地校准：广东2018 第四册电力电缆损耗 1.0%。
1344,电气线路敷设材料 > 线槽 > 线槽,线槽,是,0.005,0.5%,已覆盖,BRIDGE_TRAY,桥架/线槽/母线槽,中,公开资料/本地定额,LOCAL_GD_SN_PARAM;INSTALL_LOSS_TABLE,桥架、线槽、母线槽为成品段安装，切割损耗小，取 0.5%。
1345,电气线路敷设材料 > 线槽 > 线槽连接件及附件,线槽连接件及附件,是,0.005,0.5%,已覆盖,BRIDGE_TRAY,桥架/线槽/母线槽,中,公开资料/本地定额,LOCAL_GD_SN_PARAM;INSTALL_LOSS_TABLE,桥架、线槽、母线槽为成品段安装，切割损耗小，取 0.5%。
1346,电气线路敷设材料 > 电缆头及接线端子 > 电缆头,电缆头,是,0.01,1%,已覆盖,POWER_CABLE,电力电缆,高,公开资料/本地定额,LOCAL_GD_SN_PARAM;INSTALL_LOSS_TABLE,本地校准：广东2018 第四册电力电缆损耗 1.0%。
1347,电气线路敷设材料 > 电缆头及接线端子 > 接线端子,接线端子,是,0.01,1%,已覆盖,POWER_CABLE,电力电缆,高,公开资料/本地定额,LOCAL_GD_SN_PARAM;INSTALL_LOSS_TABLE,本地校准：广东2018 第四册电力电缆损耗 1.0%。
1348,电气线路敷设材料 > 电缆头及接线端子 > 接地端子箱,接地端子箱,是,0.01,1%,已覆盖,POWER_CABLE,电力电缆,高,公开资料/本地定额,LOCAL_GD_SN_PARAM;INSTALL_LOSS_TABLE,本地校准：广东2018 第四册电力电缆损耗 1.0%。
1349,电气线路敷设材料 > 电力金具 > 母线金具,母线金具,是,0.005,0.5%,已覆盖,BRIDGE_TRAY,桥架/线槽/母线槽,中,公开资料/本地定额,LOCAL_GD_SN_PARAM;INSTALL_LOSS_TABLE,桥架、线槽、母线槽为成品段安装，切割损耗小，取 0.5%。
1350,电气线路敷设材料 > 电力金具 > 变电金具,变电金具,是,0.02,2%,已覆盖,ELECTRICAL_ACCESSORY,电气附件,低,公开资料/本地定额,INSTALL_LOSS_TABLE,开关、插座、接线端子、绝缘、防雷接地等附件按 2.0%。
1351,电气线路敷设材料 > 电力金具 > 线路金具,线路金具,是,0.02,2%,已覆盖,ELECTRICAL_ACCESSORY,电气附件,低,公开资料/本地定额,INSTALL_LOSS_TABLE,开关、插座、接线端子、绝缘、防雷接地等附件按 2.0%。
212,电气线路敷设材料 > 电杆、塔及附件 > 电杆、塔,电杆、塔,是,0.01,1%,已覆盖,GENERAL_FINISHED_PRODUCT,一般成品件,低,经验估算,,未细分成品件按运输、安装破损和备件 1.0%。
1352,电气线路敷设材料 > 电杆、塔及附件 > 杆塔固定件,杆塔固定件,是,0.01,1%,已覆盖,GENERAL_FINISHED_PRODUCT,一般成品件,低,经验估算,,未细分成品件按运输、安装破损和备件 1.0%。
1353,电气线路敷设材料 > 电杆、塔及附件 > 杆塔支撑横担及附件,杆塔支撑横担及附件,是,0.01,1%,已覆盖,GENERAL_FINISHED_PRODUCT,一般成品件,低,经验估算,,未细分成品件按运输、安装破损和备件 1.0%。
1354,电气线路敷设材料 > 其他线路敷设材料 > 线路连接附件,线路连接附件,是,0.01,1%,已覆盖,GENERAL_FINISHED_PRODUCT,一般成品件,低,经验估算,,未细分成品件按运输、安装破损和备件 1.0%。
1355,电气线路敷设材料 > 其他线路敷设材料 > 接线盒（箱）,接线盒（箱）,是,0.03,3%,已覆盖,OTHER_MATERIAL_LOW_CONF,其他材料,低,经验估算,,未命中细分规则的材料按通用采购损耗 3.0%，需要后续用企业历史采购数据校准。
60,电气线路敷设材料 > 其他线路敷设材料 > 其他线路敷设材料,其他线路敷设材料,是,0.03,3%,已覆盖,OTHER_MATERIAL_LOW_CONF,其他材料,低,经验估算,,未命中细分规则的材料按通用采购损耗 3.0%，需要后续用企业历史采购数据校准。
1356,保险、绝缘及电热材料 > 保险材料 > 保险器材,保险器材,是,0.02,2%,已覆盖,ELECTRICAL_ACCESSORY,电气附件,低,公开资料/本地定额,INSTALL_LOSS_TABLE,开关、插座、接线端子、绝缘、防雷接地等附件按 2.0%。
1357,保险、绝缘及电热材料 > 防雷接地材料 > 避雷装置,避雷装置,是,0.02,2%,已覆盖,ELECTRICAL_ACCESSORY,电气附件,低,公开资料/本地定额,INSTALL_LOSS_TABLE,开关、插座、接线端子、绝缘、防雷接地等附件按 2.0%。
1358,保险、绝缘及电热材料 > 防雷接地材料 > 接地装置,接地装置,是,0.02,2%,已覆盖,ELECTRICAL_ACCESSORY,电气附件,低,公开资料/本地定额,INSTALL_LOSS_TABLE,开关、插座、接线端子、绝缘、防雷接地等附件按 2.0%。
1359,保险、绝缘及电热材料 > 绝缘材料 > 高压绝缘子,高压绝缘子,是,0.02,2%,已覆盖,ELECTRICAL_ACCESSORY,电气附件,低,公开资料/本地定额,INSTALL_LOSS_TABLE,开关、插座、接线端子、绝缘、防雷接地等附件按 2.0%。
1360,保险、绝缘及电热材料 > 绝缘材料 > 低压绝缘子,低压绝缘子,是,0.02,2%,已覆盖,ELECTRICAL_ACCESSORY,电气附件,低,公开资料/本地定额,INSTALL_LOSS_TABLE,开关、插座、接线端子、绝缘、防雷接地等附件按 2.0%。
1361,保险、绝缘及电热材料 > 绝缘材料 > 绝缘穿墙套管、瓷套管,绝缘穿墙套管、瓷套管,是,0.03,3%,已覆盖,FITTING,管件及管道用器材,中,公开资料/本地定额,LOCAL_GD_SN_PARAM;INSTALL_LOSS_TABLE,弯头、三通、接头等按安装管材管件通用 3.0%。
1362,保险、绝缘及电热材料 > 绝缘材料 > 瓷绝缘散材,瓷绝缘散材,是,0.02,2%,已覆盖,ELECTRICAL_ACCESSORY,电气附件,低,公开资料/本地定额,INSTALL_LOSS_TABLE,开关、插座、接线端子、绝缘、防雷接地等附件按 2.0%。
1363,保险、绝缘及电热材料 > 绝缘材料 > 绝缘布、绝缘带,绝缘布、绝缘带,是,0.02,2%,已覆盖,ELECTRICAL_ACCESSORY,电气附件,低,公开资料/本地定额,INSTALL_LOSS_TABLE,开关、插座、接线端子、绝缘、防雷接地等附件按 2.0%。
1364,保险、绝缘及电热材料 > 绝缘材料 > 绝缘板、绝缘箔,绝缘板、绝缘箔,是,0.02,2%,已覆盖,ELECTRICAL_ACCESSORY,电气附件,低,公开资料/本地定额,INSTALL_LOSS_TABLE,开关、插座、接线端子、绝缘、防雷接地等附件按 2.0%。
1365,保险、绝缘及电热材料 > 绝缘材料 > 绝缘管,绝缘管,是,0.02,2%,已覆盖,ELECTRICAL_ACCESSORY,电气附件,低,公开资料/本地定额,INSTALL_LOSS_TABLE,开关、插座、接线端子、绝缘、防雷接地等附件按 2.0%。
1366,保险、绝缘及电热材料 > 绝缘材料 > 绝缘棒,绝缘棒,是,0.02,2%,已覆盖,ELECTRICAL_ACCESSORY,电气附件,低,公开资料/本地定额,INSTALL_LOSS_TABLE,开关、插座、接线端子、绝缘、防雷接地等附件按 2.0%。
148,保险、绝缘及电热材料 > 绝缘材料 > 其他绝缘材料,其他绝缘材料,是,0.02,2%,已覆盖,ELECTRICAL_ACCESSORY,电气附件,低,公开资料/本地定额,INSTALL_LOSS_TABLE,开关、插座、接线端子、绝缘、防雷接地等附件按 2.0%。
1367,保险、绝缘及电热材料 > 电热材料 > 电热材料,电热材料,是,0.02,2%,已覆盖,ELECTRICAL_ACCESSORY,电气附件,低,公开资料/本地定额,INSTALL_LOSS_TABLE,开关、插座、接线端子、绝缘、防雷接地等附件按 2.0%。
1368,电气设备及附件 > 配电设备 > 成套配电设备,成套配电设备,是,0.0,0%,已覆盖,EQUIPMENT_COMPLETE,成套设备/仪器/家具,中,口径判断,GD_2018_QUOTA_EXPLANATION,按台套、件、系统成品采购，施工材料净用量损耗率不适用；采购计算中按 0% 处理。
1369,电气设备及附件 > 配电设备 > 电气柜类,电气柜类,是,0.0,0%,已覆盖,EQUIPMENT_COMPLETE,成套设备/仪器/家具,中,口径判断,GD_2018_QUOTA_EXPLANATION,按台套、件、系统成品采购，施工材料净用量损耗率不适用；采购计算中按 0% 处理。
63,电气设备及附件 > 配电设备 > 配电箱,配电箱,是,0.0,0%,已覆盖,EQUIPMENT_COMPLETE,成套设备/仪器/家具,中,口径判断,GD_2018_QUOTA_EXPLANATION,按台套、件、系统成品采购，施工材料净用量损耗率不适用；采购计算中按 0% 处理。
1370,电气设备及附件 > 配电设备 > 电气屏类,电气屏类,是,0.0,0%,已覆盖,EQUIPMENT_COMPLETE,成套设备/仪器/家具,中,口径判断,GD_2018_QUOTA_EXPLANATION,按台套、件、系统成品采购，施工材料净用量损耗率不适用；采购计算中按 0% 处理。
1371,电气设备及附件 > 配电设备 > 变频器,变频器,是,0.0,0%,已覆盖,EQUIPMENT_COMPLETE,成套设备/仪器/家具,中,口径判断,GD_2018_QUOTA_EXPLANATION,按台套、件、系统成品采购，施工材料净用量损耗率不适用；采购计算中按 0% 处理。
1372,电气设备及附件 > 配电设备 > 变压器,变压器,是,0.0,0%,已覆盖,EQUIPMENT_COMPLETE,成套设备/仪器/家具,中,口径判断,GD_2018_QUOTA_EXPLANATION,按台套、件、系统成品采购，施工材料净用量损耗率不适用；采购计算中按 0% 处理。
1373,电气设备及附件 > 配电设备 > 箱式变电站,箱式变电站,是,0.0,0%,已覆盖,EQUIPMENT_COMPLETE,成套设备/仪器/家具,中,口径判断,GD_2018_QUOTA_EXPLANATION,按台套、件、系统成品采购，施工材料净用量损耗率不适用；采购计算中按 0% 处理。
99,电气设备及附件 > 电气元器件 > 断路器,断路器,是,0.02,2%,已覆盖,ELECTRICAL_ACCESSORY,电气附件,低,公开资料/本地定额,INSTALL_LOSS_TABLE,开关、插座、接线端子、绝缘、防雷接地等附件按 2.0%。
1374,电气设备及附件 > 电气元器件 > 互感器,互感器,是,0.02,2%,已覆盖,ELECTRICAL_ACCESSORY,电气附件,低,公开资料/本地定额,INSTALL_LOSS_TABLE,开关、插座、接线端子、绝缘、防雷接地等附件按 2.0%。
1375,电气设备及附件 > 电气元器件 > 调压器、稳压器,调压器、稳压器,是,0.02,2%,已覆盖,ELECTRICAL_ACCESSORY,电气附件,低,公开资料/本地定额,INSTALL_LOSS_TABLE,开关、插座、接线端子、绝缘、防雷接地等附件按 2.0%。
1376,电气设备及附件 > 电气元器件 > 电抗器、电容器,电抗器、电容器,是,0.02,2%,已覆盖,ELECTRICAL_ACCESSORY,电气附件,低,公开资料/本地定额,INSTALL_LOSS_TABLE,开关、插座、接线端子、绝缘、防雷接地等附件按 2.0%。
1377,电气设备及附件 > 电气元器件 > 接触器,接触器,是,0.02,2%,已覆盖,ELECTRICAL_ACCESSORY,电气附件,低,公开资料/本地定额,INSTALL_LOSS_TABLE,开关、插座、接线端子、绝缘、防雷接地等附件按 2.0%。
1378,电气设备及附件 > 电气元器件 > 启动器,启动器,是,0.02,2%,已覆盖,ELECTRICAL_ACCESSORY,电气附件,低,公开资料/本地定额,INSTALL_LOSS_TABLE,开关、插座、接线端子、绝缘、防雷接地等附件按 2.0%。
1379,电气设备及附件 > 电气元器件 > 电气控制器,电气控制器,是,0.02,2%,已覆盖,ELECTRICAL_ACCESSORY,电气附件,低,公开资料/本地定额,INSTALL_LOSS_TABLE,开关、插座、接线端子、绝缘、防雷接地等附件按 2.0%。
1380,电气设备及附件 > 电气元器件 > 继电器,继电器,是,0.02,2%,已覆盖,ELECTRICAL_ACCESSORY,电气附件,低,公开资料/本地定额,INSTALL_LOSS_TABLE,开关、插座、接线端子、绝缘、防雷接地等附件按 2.0%。
1381,电气设备及附件 > 电气元器件 > 中继器,中继器,是,0.02,2%,已覆盖,ELECTRICAL_ACCESSORY,电气附件,低,公开资料/本地定额,INSTALL_LOSS_TABLE,开关、插座、接线端子、绝缘、防雷接地等附件按 2.0%。
1382,电气设备及附件 > 电气元器件 > 电阻器、分流器,电阻器、分流器,是,0.02,2%,已覆盖,ELECTRICAL_ACCESSORY,电气附件,低,公开资料/本地定额,INSTALL_LOSS_TABLE,开关、插座、接线端子、绝缘、防雷接地等附件按 2.0%。
1383,电气设备及附件 > 电气元器件 > 电磁器件,电磁器件,是,0.02,2%,已覆盖,ELECTRICAL_ACCESSORY,电气附件,低,公开资料/本地定额,INSTALL_LOSS_TABLE,开关、插座、接线端子、绝缘、防雷接地等附件按 2.0%。
1384,电气设备及附件 > 电气元器件 > 整流器,整流器,是,0.02,2%,已覆盖,ELECTRICAL_ACCESSORY,电气附件,低,公开资料/本地定额,INSTALL_LOSS_TABLE,开关、插座、接线端子、绝缘、防雷接地等附件按 2.0%。
1385,电气设备及附件 > 电气元器件 > 熔断器,熔断器,是,0.02,2%,已覆盖,ELECTRICAL_ACCESSORY,电气附件,低,公开资料/本地定额,INSTALL_LOSS_TABLE,开关、插座、接线端子、绝缘、防雷接地等附件按 2.0%。
100,电气设备及附件 > 电气元器件 > 配电开关,配电开关,是,0.02,2%,已覆盖,ELECTRICAL_ACCESSORY,电气附件,低,公开资料/本地定额,INSTALL_LOSS_TABLE,开关、插座、接线端子、绝缘、防雷接地等附件按 2.0%。
1386,电气设备及附件 > 电气元器件 > 漏电保护器材,漏电保护器材,是,0.02,2%,已覆盖,ELECTRICAL_ACCESSORY,电气附件,低,公开资料/本地定额,INSTALL_LOSS_TABLE,开关、插座、接线端子、绝缘、防雷接地等附件按 2.0%。
1387,电气设备及附件 > 电气机械设备 > 电动机,电动机,是,0.0,0%,已覆盖,EQUIPMENT_COMPLETE,成套设备/仪器/家具,中,口径判断,GD_2018_QUOTA_EXPLANATION,按台套、件、系统成品采购，施工材料净用量损耗率不适用；采购计算中按 0% 处理。
101,电气设备及附件 > 电气机械设备 > 发电机,发电机,是,0.0,0%,已覆盖,EQUIPMENT_COMPLETE,成套设备/仪器/家具,中,口径判断,GD_2018_QUOTA_EXPLANATION,按台套、件、系统成品采购，施工材料净用量损耗率不适用；采购计算中按 0% 处理。
1388,电气设备及附件 > 电池与蓄能设备 > 蓄电池及附件,蓄电池及附件,是,0.0,0%,已覆盖,EQUIPMENT_COMPLETE,成套设备/仪器/家具,中,口径判断,GD_2018_QUOTA_EXPLANATION,按台套、件、系统成品采购，施工材料净用量损耗率不适用；采购计算中按 0% 处理。
1389,电气设备及附件 > 电池与蓄能设备 > 电能储能式系列,电能储能式系列,是,0.0,0%,已覆盖,EQUIPMENT_COMPLETE,成套设备/仪器/家具,中,口径判断,GD_2018_QUOTA_EXPLANATION,按台套、件、系统成品采购，施工材料净用量损耗率不适用；采购计算中按 0% 处理。
1390,电气设备及附件 > 其他电气设备 > 电笛、电铃,电笛、电铃,是,0.0,0%,已覆盖,EQUIPMENT_COMPLETE,成套设备/仪器/家具,中,口径判断,GD_2018_QUOTA_EXPLANATION,按台套、件、系统成品采购，施工材料净用量损耗率不适用；采购计算中按 0% 处理。
59,电气设备及附件 > 其他电气设备 > 其他电气设备,其他电气设备,是,0.0,0%,已覆盖,EQUIPMENT_COMPLETE,成套设备/仪器/家具,中,口径判断,GD_2018_QUOTA_EXPLANATION,按台套、件、系统成品采购，施工材料净用量损耗率不适用；采购计算中按 0% 处理。
1391,橡胶、塑料及非金属材料 > 橡胶材料及制品 > 橡胶板,橡胶板,是,0.05,5%,已覆盖,RUBBER_PLASTIC_GENERAL,橡胶塑料材料,中,公开资料/本地定额,INSTALL_LOSS_TABLE,塑料/橡胶板、膜、带、制品按裁切和安装损耗 5.0%。
1392,橡胶、塑料及非金属材料 > 橡胶材料及制品 > 橡胶条、带,橡胶条、带,是,0.05,5%,已覆盖,RUBBER_PLASTIC_GENERAL,橡胶塑料材料,中,公开资料/本地定额,INSTALL_LOSS_TABLE,塑料/橡胶板、膜、带、制品按裁切和安装损耗 5.0%。
1393,橡胶、塑料及非金属材料 > 橡胶材料及制品 > 橡胶圈,橡胶圈,是,0.05,5%,已覆盖,RUBBER_PLASTIC_GENERAL,橡胶塑料材料,中,公开资料/本地定额,INSTALL_LOSS_TABLE,塑料/橡胶板、膜、带、制品按裁切和安装损耗 5.0%。
126,橡胶、塑料及非金属材料 > 橡胶材料及制品 > 其他橡胶材料,其他橡胶材料,是,0.05,5%,已覆盖,RUBBER_PLASTIC_GENERAL,橡胶塑料材料,中,公开资料/本地定额,INSTALL_LOSS_TABLE,塑料/橡胶板、膜、带、制品按裁切和安装损耗 5.0%。
130,橡胶、塑料及非金属材料 > 塑料材料及制品 > 塑料薄膜、布,塑料薄膜、布,是,0.05,5%,已覆盖,RUBBER_PLASTIC_GENERAL,橡胶塑料材料,中,公开资料/本地定额,INSTALL_LOSS_TABLE,塑料/橡胶板、膜、带、制品按裁切和安装损耗 5.0%。
1394,橡胶、塑料及非金属材料 > 塑料材料及制品 > 塑料板,塑料板,是,0.05,5%,已覆盖,RUBBER_PLASTIC_GENERAL,橡胶塑料材料,中,公开资料/本地定额,INSTALL_LOSS_TABLE,塑料/橡胶板、膜、带、制品按裁切和安装损耗 5.0%。
1395,橡胶、塑料及非金属材料 > 塑料材料及制品 > 塑料带,塑料带,是,0.05,5%,已覆盖,RUBBER_PLASTIC_GENERAL,橡胶塑料材料,中,公开资料/本地定额,INSTALL_LOSS_TABLE,塑料/橡胶板、膜、带、制品按裁切和安装损耗 5.0%。
1396,橡胶、塑料及非金属材料 > 塑料材料及制品 > 塑料棒,塑料棒,是,0.05,5%,已覆盖,RUBBER_PLASTIC_GENERAL,橡胶塑料材料,中,公开资料/本地定额,INSTALL_LOSS_TABLE,塑料/橡胶板、膜、带、制品按裁切和安装损耗 5.0%。
205,橡胶、塑料及非金属材料 > 塑料材料及制品 > 有机玻璃,有机玻璃,是,0.05,5%,已覆盖,RUBBER_PLASTIC_GENERAL,橡胶塑料材料,中,公开资料/本地定额,INSTALL_LOSS_TABLE,塑料/橡胶板、膜、带、制品按裁切和安装损耗 5.0%。
1397,橡胶、塑料及非金属材料 > 塑料材料及制品 > 橡塑复合材料,橡塑复合材料,是,0.05,5%,已覆盖,INSULATION_BOARD,保温绝热材料,中,公开资料/本地定额,LOCAL_GD_SN_PARAM;INSTALL_LOSS_TABLE,保温板、岩棉、玻璃棉、橡塑等按裁切、拼缝和破损 5.0%。
1398,橡胶、塑料及非金属材料 > 塑料材料及制品 > 玻璃钢及其制品,玻璃钢及其制品,是,0.05,5%,已覆盖,RUBBER_PLASTIC_GENERAL,橡胶塑料材料,中,公开资料/本地定额,INSTALL_LOSS_TABLE,塑料/橡胶板、膜、带、制品按裁切和安装损耗 5.0%。
1399,橡胶、塑料及非金属材料 > 塑料材料及制品 > 其他塑料制品,其他塑料制品,是,0.05,5%,已覆盖,RUBBER_PLASTIC_GENERAL,橡胶塑料材料,中,公开资料/本地定额,INSTALL_LOSS_TABLE,塑料/橡胶板、膜、带、制品按裁切和安装损耗 5.0%。
1400,橡胶、塑料及非金属材料 > 其他非金属材料 > 石墨碳素制品,石墨碳素制品,是,0.03,3%,已覆盖,METAL_GENERAL,金属材料,中,公开资料/本地定额,PUBLIC_BUILDING_LOSS_TABLE;LOCAL_GD_SN_PARAM,一般金属材料存在切割、加工、搬运损耗，取 3.0%。
1401,橡胶、塑料及非金属材料 > 其他非金属材料 > 棉毛及其制品,棉毛及其制品,是,0.03,3%,已覆盖,METAL_GENERAL,金属材料,中,公开资料/本地定额,PUBLIC_BUILDING_LOSS_TABLE;LOCAL_GD_SN_PARAM,一般金属材料存在切割、加工、搬运损耗，取 3.0%。
1402,橡胶、塑料及非金属材料 > 其他非金属材料 > 丝麻及其制品,丝麻及其制品,是,0.03,3%,已覆盖,METAL_GENERAL,金属材料,中,公开资料/本地定额,PUBLIC_BUILDING_LOSS_TABLE;LOCAL_GD_SN_PARAM,一般金属材料存在切割、加工、搬运损耗，取 3.0%。
1403,橡胶、塑料及非金属材料 > 其他非金属材料 > 化纤及其制品,化纤及其制品,是,0.03,3%,已覆盖,METAL_GENERAL,金属材料,中,公开资料/本地定额,PUBLIC_BUILDING_LOSS_TABLE;LOCAL_GD_SN_PARAM,一般金属材料存在切割、加工、搬运损耗，取 3.0%。
1404,橡胶、塑料及非金属材料 > 其他非金属材料 > 草及其制品,草及其制品,是,0.03,3%,已覆盖,METAL_GENERAL,金属材料,中,公开资料/本地定额,PUBLIC_BUILDING_LOSS_TABLE;LOCAL_GD_SN_PARAM,一般金属材料存在切割、加工、搬运损耗，取 3.0%。
198,橡胶、塑料及非金属材料 > 其他非金属材料 > 其他非金属材料,其他非金属材料,是,0.03,3%,已覆盖,METAL_GENERAL,金属材料,中,公开资料/本地定额,PUBLIC_BUILDING_LOSS_TABLE;LOCAL_GD_SN_PARAM,一般金属材料存在切割、加工、搬运损耗，取 3.0%。
181,橡胶、塑料及非金属材料 > 其他非金属材料 > 土工材料,土工材料,是,0.03,3%,已覆盖,METAL_GENERAL,金属材料,中,公开资料/本地定额,PUBLIC_BUILDING_LOSS_TABLE;LOCAL_GD_SN_PARAM,一般金属材料存在切割、加工、搬运损耗，取 3.0%。
143,木、竹材料及其制品 > 木材及其制品 > 原木,原木,是,0.08,8%,已覆盖,WOOD_BAMBOO,木竹材料,中,公开资料/本地定额,LOCAL_GD_SN_PARAM;PUBLIC_BUILDING_LOSS_TABLE,木材及木制品受加工、裁切影响，本地房建 T2 取 8.0%。
1406,木、竹材料及其制品 > 木材及其制品 > 板材,板材,是,0.08,8%,已覆盖,WOOD_BAMBOO,木竹材料,中,公开资料/本地定额,LOCAL_GD_SN_PARAM;PUBLIC_BUILDING_LOSS_TABLE,木材及木制品受加工、裁切影响，本地房建 T2 取 8.0%。
226,木、竹材料及其制品 > 木材及其制品 > 枋材,枋材,是,0.08,8%,已覆盖,WOOD_BAMBOO,木竹材料,中,公开资料/本地定额,LOCAL_GD_SN_PARAM;PUBLIC_BUILDING_LOSS_TABLE,木材及木制品受加工、裁切影响，本地房建 T2 取 8.0%。
1407,木、竹材料及其制品 > 木材及其制品 > 胶合板,胶合板,是,0.08,8%,已覆盖,WOOD_BAMBOO,木竹材料,中,公开资料/本地定额,LOCAL_GD_SN_PARAM;PUBLIC_BUILDING_LOSS_TABLE,木材及木制品受加工、裁切影响，本地房建 T2 取 8.0%。
1408,木、竹材料及其制品 > 木材及其制品 > 多层实木板,多层实木板,是,0.08,8%,已覆盖,WOOD_BAMBOO,木竹材料,中,公开资料/本地定额,LOCAL_GD_SN_PARAM;PUBLIC_BUILDING_LOSS_TABLE,木材及木制品受加工、裁切影响，本地房建 T2 取 8.0%。
1409,木、竹材料及其制品 > 木材及其制品 > 纤维板,纤维板,是,0.08,8%,已覆盖,WOOD_BAMBOO,木竹材料,中,公开资料/本地定额,LOCAL_GD_SN_PARAM;PUBLIC_BUILDING_LOSS_TABLE,木材及木制品受加工、裁切影响，本地房建 T2 取 8.0%。
1410,木、竹材料及其制品 > 木材及其制品 > 细木工板,细木工板,是,0.08,8%,已覆盖,WOOD_BAMBOO,木竹材料,中,公开资料/本地定额,LOCAL_GD_SN_PARAM;PUBLIC_BUILDING_LOSS_TABLE,木材及木制品受加工、裁切影响，本地房建 T2 取 8.0%。
142,木、竹材料及其制品 > 木材及其制品 > 防腐木,防腐木,是,0.08,8%,已覆盖,WOOD_BAMBOO,木竹材料,中,公开资料/本地定额,LOCAL_GD_SN_PARAM;PUBLIC_BUILDING_LOSS_TABLE,木材及木制品受加工、裁切影响，本地房建 T2 取 8.0%。
1411,木、竹材料及其制品 > 木材及其制品 > 刨花板,刨花板,是,0.08,8%,已覆盖,WOOD_BAMBOO,木竹材料,中,公开资料/本地定额,LOCAL_GD_SN_PARAM;PUBLIC_BUILDING_LOSS_TABLE,木材及木制品受加工、裁切影响，本地房建 T2 取 8.0%。
1412,木、竹材料及其制品 > 木材及其制品 > 集成板,集成板,是,0.08,8%,已覆盖,WOOD_BAMBOO,木竹材料,中,公开资料/本地定额,LOCAL_GD_SN_PARAM;PUBLIC_BUILDING_LOSS_TABLE,木材及木制品受加工、裁切影响，本地房建 T2 取 8.0%。
1413,木、竹材料及其制品 > 木材及其制品 > 其他人造木板,其他人造木板,是,0.08,8%,已覆盖,WOOD_BAMBOO,木竹材料,中,公开资料/本地定额,LOCAL_GD_SN_PARAM;PUBLIC_BUILDING_LOSS_TABLE,木材及木制品受加工、裁切影响，本地房建 T2 取 8.0%。
1414,木、竹材料及其制品 > 木材及其制品 > 木制容器类,木制容器类,是,0.08,8%,已覆盖,WOOD_BAMBOO,木竹材料,中,公开资料/本地定额,LOCAL_GD_SN_PARAM;PUBLIC_BUILDING_LOSS_TABLE,木材及木制品受加工、裁切影响，本地房建 T2 取 8.0%。
1415,木、竹材料及其制品 > 木材及其制品 > 木制台类及货架,木制台类及货架,是,0.08,8%,已覆盖,WOOD_BAMBOO,木竹材料,中,公开资料/本地定额,LOCAL_GD_SN_PARAM;PUBLIC_BUILDING_LOSS_TABLE,木材及木制品受加工、裁切影响，本地房建 T2 取 8.0%。
132,木、竹材料及其制品 > 木材及其制品 > 其他木制品,其他木制品,是,0.08,8%,已覆盖,WOOD_BAMBOO,木竹材料,中,公开资料/本地定额,LOCAL_GD_SN_PARAM;PUBLIC_BUILDING_LOSS_TABLE,木材及木制品受加工、裁切影响，本地房建 T2 取 8.0%。
144,木、竹材料及其制品 > 竹材及其制品 > 竹材,竹材,是,0.08,8%,已覆盖,WOOD_BAMBOO,木竹材料,中,公开资料/本地定额,LOCAL_GD_SN_PARAM;PUBLIC_BUILDING_LOSS_TABLE,木材及木制品受加工、裁切影响，本地房建 T2 取 8.0%。
1416,木、竹材料及其制品 > 竹材及其制品 > 竹板,竹板,是,0.08,8%,已覆盖,WOOD_BAMBOO,木竹材料,中,公开资料/本地定额,LOCAL_GD_SN_PARAM;PUBLIC_BUILDING_LOSS_TABLE,木材及木制品受加工、裁切影响，本地房建 T2 取 8.0%。
1417,木、竹材料及其制品 > 竹材及其制品 > 竹制品,竹制品,是,0.08,8%,已覆盖,WOOD_BAMBOO,木竹材料,中,公开资料/本地定额,LOCAL_GD_SN_PARAM;PUBLIC_BUILDING_LOSS_TABLE,木材及木制品受加工、裁切影响，本地房建 T2 取 8.0%。
1418,玻璃及玻璃制品 > 普通玻璃 > 浮法玻璃,浮法玻璃,是,0.03,3%,已覆盖,GLASS,玻璃及玻璃制品,中,公开资料/本地定额,PUBLIC_BUILDING_LOSS_TABLE,玻璃按加工、运输、安装破损 3.0%。
1419,玻璃及玻璃制品 > 普通玻璃 > 超白玻璃,超白玻璃,是,0.03,3%,已覆盖,GLASS,玻璃及玻璃制品,中,公开资料/本地定额,PUBLIC_BUILDING_LOSS_TABLE,玻璃按加工、运输、安装破损 3.0%。
1420,玻璃及玻璃制品 > 普通玻璃 > 钢化玻璃,钢化玻璃,是,0.03,3%,已覆盖,GLASS,玻璃及玻璃制品,中,公开资料/本地定额,PUBLIC_BUILDING_LOSS_TABLE,玻璃按加工、运输、安装破损 3.0%。
1421,玻璃及玻璃制品 > 普通玻璃 > 夹丝（夹网）玻璃,夹丝（夹网）玻璃,是,0.03,3%,已覆盖,GLASS,玻璃及玻璃制品,中,公开资料/本地定额,PUBLIC_BUILDING_LOSS_TABLE,玻璃按加工、运输、安装破损 3.0%。
1422,玻璃及玻璃制品 > 普通玻璃 > 夹层玻璃,夹层玻璃,是,0.03,3%,已覆盖,GLASS,玻璃及玻璃制品,中,公开资料/本地定额,PUBLIC_BUILDING_LOSS_TABLE,玻璃按加工、运输、安装破损 3.0%。
1423,玻璃及玻璃制品 > 普通玻璃 > 中空玻璃,中空玻璃,是,0.03,3%,已覆盖,GLASS,玻璃及玻璃制品,中,公开资料/本地定额,PUBLIC_BUILDING_LOSS_TABLE,玻璃按加工、运输、安装破损 3.0%。
1424,玻璃及玻璃制品 > 普通玻璃 > 镀膜玻璃,镀膜玻璃,是,0.03,3%,已覆盖,GLASS,玻璃及玻璃制品,中,公开资料/本地定额,PUBLIC_BUILDING_LOSS_TABLE,玻璃按加工、运输、安装破损 3.0%。
1425,玻璃及玻璃制品 > 艺术玻璃 > 艺术装饰玻璃,艺术装饰玻璃,是,0.03,3%,已覆盖,GLASS,玻璃及玻璃制品,中,公开资料/本地定额,PUBLIC_BUILDING_LOSS_TABLE,玻璃按加工、运输、安装破损 3.0%。
1426,玻璃及玻璃制品 > 艺术玻璃 > 镭射玻璃,镭射玻璃,是,0.03,3%,已覆盖,GLASS,玻璃及玻璃制品,中,公开资料/本地定额,PUBLIC_BUILDING_LOSS_TABLE,玻璃按加工、运输、安装破损 3.0%。
1427,玻璃及玻璃制品 > 特种玻璃 > 特种玻璃,特种玻璃,是,0.03,3%,已覆盖,GLASS,玻璃及玻璃制品,中,公开资料/本地定额,PUBLIC_BUILDING_LOSS_TABLE,玻璃按加工、运输、安装破损 3.0%。
67,玻璃及玻璃制品 > 其他玻璃 > 其他玻璃,其他玻璃,是,0.03,3%,已覆盖,GLASS,玻璃及玻璃制品,中,公开资料/本地定额,PUBLIC_BUILDING_LOSS_TABLE,玻璃按加工、运输、安装破损 3.0%。
1428,玻璃及玻璃制品 > 玻璃制品 > 玻璃砖,玻璃砖,是,0.03,3%,已覆盖,BRICK,砖,高,公开资料/本地定额,LOCAL_GD_SN_PARAM;PUBLIC_BUILDING_LOSS_TABLE,普通砖、烧结砖砌体本地校准为 3.0%。
1429,玻璃及玻璃制品 > 玻璃制品 > 玻璃马赛克,玻璃马赛克,是,0.04,4%,已覆盖,TILE,墙地砖/块料,高,公开资料/本地定额,LOCAL_GD_SN_PARAM;PUBLIC_BUILDING_LOSS_TABLE,本地校准：瓷片/墙地砖约 3.5%~4.0%，采购侧取 4.0%。
1430,玻璃及玻璃制品 > 玻璃制品 > 玻璃镜,玻璃镜,是,0.03,3%,已覆盖,GLASS,玻璃及玻璃制品,中,公开资料/本地定额,PUBLIC_BUILDING_LOSS_TABLE,玻璃按加工、运输、安装破损 3.0%。
140,玻璃及玻璃制品 > 玻璃制品 > 玻璃制品,玻璃制品,是,0.03,3%,已覆盖,GLASS,玻璃及玻璃制品,中,公开资料/本地定额,PUBLIC_BUILDING_LOSS_TABLE,玻璃按加工、运输、安装破损 3.0%。
1431,玻璃及玻璃制品 > 玻璃制品 > 防爆膜,防爆膜,是,0.03,3%,已覆盖,GLASS,玻璃及玻璃制品,中,公开资料/本地定额,PUBLIC_BUILDING_LOSS_TABLE,玻璃按加工、运输、安装破损 3.0%。
1432,玻璃及玻璃制品 > 玻璃制品 > 防雾镜,防雾镜,是,0.03,3%,已覆盖,GLASS,玻璃及玻璃制品,中,公开资料/本地定额,PUBLIC_BUILDING_LOSS_TABLE,玻璃按加工、运输、安装破损 3.0%。
1433,墙砖、地砖、地板、地毯类材料 > 陶瓷砖（板） > 瓷砖,瓷砖,是,0.04,4%,已覆盖,TILE,墙地砖/块料,高,公开资料/本地定额,LOCAL_GD_SN_PARAM;PUBLIC_BUILDING_LOSS_TABLE,本地校准：瓷片/墙地砖约 3.5%~4.0%，采购侧取 4.0%。
1435,墙砖、地砖、地板、地毯类材料 > 陶瓷砖（板） > 马赛克,马赛克,是,0.04,4%,已覆盖,TILE,墙地砖/块料,高,公开资料/本地定额,LOCAL_GD_SN_PARAM;PUBLIC_BUILDING_LOSS_TABLE,本地校准：瓷片/墙地砖约 3.5%~4.0%，采购侧取 4.0%。
40,墙砖、地砖、地板、地毯类材料 > 木地板 > 实木地板,实木地板,是,0.08,8%,已覆盖,WOOD_BAMBOO,木竹材料,中,公开资料/本地定额,LOCAL_GD_SN_PARAM;PUBLIC_BUILDING_LOSS_TABLE,木材及木制品受加工、裁切影响，本地房建 T2 取 8.0%。
1436,墙砖、地砖、地板、地毯类材料 > 木地板 > 软木地板,软木地板,是,0.08,8%,已覆盖,WOOD_BAMBOO,木竹材料,中,公开资料/本地定额,LOCAL_GD_SN_PARAM;PUBLIC_BUILDING_LOSS_TABLE,木材及木制品受加工、裁切影响，本地房建 T2 取 8.0%。
1437,墙砖、地砖、地板、地毯类材料 > 木地板 > 软木复合弹性地板,软木复合弹性地板,是,0.08,8%,已覆盖,WOOD_BAMBOO,木竹材料,中,公开资料/本地定额,LOCAL_GD_SN_PARAM;PUBLIC_BUILDING_LOSS_TABLE,木材及木制品受加工、裁切影响，本地房建 T2 取 8.0%。
1438,墙砖、地砖、地板、地毯类材料 > 木地板 > 木塑复合地板,木塑复合地板,是,0.08,8%,已覆盖,WOOD_BAMBOO,木竹材料,中,公开资料/本地定额,LOCAL_GD_SN_PARAM;PUBLIC_BUILDING_LOSS_TABLE,木材及木制品受加工、裁切影响，本地房建 T2 取 8.0%。
1439,墙砖、地砖、地板、地毯类材料 > 木地板 > 强化复合地板,强化复合地板,是,0.08,8%,已覆盖,WOOD_BAMBOO,木竹材料,中,公开资料/本地定额,LOCAL_GD_SN_PARAM;PUBLIC_BUILDING_LOSS_TABLE,木材及木制品受加工、裁切影响，本地房建 T2 取 8.0%。
1440,墙砖、地砖、地板、地毯类材料 > 木地板 > 实木复合地板,实木复合地板,是,0.08,8%,已覆盖,WOOD_BAMBOO,木竹材料,中,公开资料/本地定额,LOCAL_GD_SN_PARAM;PUBLIC_BUILDING_LOSS_TABLE,木材及木制品受加工、裁切影响，本地房建 T2 取 8.0%。
1441,墙砖、地砖、地板、地毯类材料 > 木地板 > 竹（木）地板,竹（木）地板,是,0.08,8%,已覆盖,WOOD_BAMBOO,木竹材料,中,公开资料/本地定额,LOCAL_GD_SN_PARAM;PUBLIC_BUILDING_LOSS_TABLE,木材及木制品受加工、裁切影响，本地房建 T2 取 8.0%。
1442,墙砖、地砖、地板、地毯类材料 > 塑料、橡胶地板 > 石塑地砖,石塑地砖,是,0.03,3%,已覆盖,SAND_STONE,砂石粉灰土,中,公开资料/本地定额,PUBLIC_BUILDING_LOSS_TABLE,砂、石、粉、灰、土等散料按 3.0% 估算。
129,墙砖、地砖、地板、地毯类材料 > 塑料、橡胶地板 > 塑料地板,塑料地板,是,0.03,3%,已覆盖,CARPET_FLOOR,地板/地毯,中,公开资料/本地定额,PUBLIC_BUILDING_LOSS_TABLE,成品地板、地毯按排版裁切和边角料 3.0%。
1443,墙砖、地砖、地板、地毯类材料 > 塑料、橡胶地板 > 塑料地砖,塑料地砖,是,0.04,4%,已覆盖,TILE,墙地砖/块料,高,公开资料/本地定额,LOCAL_GD_SN_PARAM;PUBLIC_BUILDING_LOSS_TABLE,本地校准：瓷片/墙地砖约 3.5%~4.0%，采购侧取 4.0%。
1444,墙砖、地砖、地板、地毯类材料 > 塑料、橡胶地板 > 橡胶地板,橡胶地板,是,0.03,3%,已覆盖,CARPET_FLOOR,地板/地毯,中,公开资料/本地定额,PUBLIC_BUILDING_LOSS_TABLE,成品地板、地毯按排版裁切和边角料 3.0%。
235,墙砖、地砖、地板、地毯类材料 > 防静电地板 > 防静电地板,防静电地板,是,0.03,3%,已覆盖,CARPET_FLOOR,地板/地毯,中,公开资料/本地定额,PUBLIC_BUILDING_LOSS_TABLE,成品地板、地毯按排版裁切和边角料 3.0%。
98,墙砖、地砖、地板、地毯类材料 > 地毯、挂毯 > 地毯,地毯,是,0.03,3%,已覆盖,CARPET_FLOOR,地板/地毯,中,公开资料/本地定额,PUBLIC_BUILDING_LOSS_TABLE,成品地板、地毯按排版裁切和边角料 3.0%。
1445,墙砖、地砖、地板、地毯类材料 > 地毯、挂毯 > 挂毯、门毡,挂毯、门毡,是,0.03,3%,已覆盖,CARPET_FLOOR,地板/地毯,中,公开资料/本地定额,PUBLIC_BUILDING_LOSS_TABLE,成品地板、地毯按排版裁切和边角料 3.0%。
42,墙砖、地砖、地板、地毯类材料 > 地坪 > 地坪,地坪,是,0.03,3%,已覆盖,CARPET_FLOOR,地板/地毯,中,公开资料/本地定额,PUBLIC_BUILDING_LOSS_TABLE,成品地板、地毯按排版裁切和边角料 3.0%。
1446,墙砖、地砖、地板、地毯类材料 > 其他地板 > 亚麻环保地板,亚麻环保地板,是,0.03,3%,已覆盖,CARPET_FLOOR,地板/地毯,中,公开资料/本地定额,PUBLIC_BUILDING_LOSS_TABLE,成品地板、地毯按排版裁切和边角料 3.0%。
41,墙砖、地砖、地板、地毯类材料 > 其他地板 > 其他地板,其他地板,是,0.03,3%,已覆盖,CARPET_FLOOR,地板/地毯,中,公开资料/本地定额,PUBLIC_BUILDING_LOSS_TABLE,成品地板、地毯按排版裁切和边角料 3.0%。
135,装饰石材及石材制品 > 天然石材 > 大理石板,大理石板,是,0.02,2%,已覆盖,STONE_FINISH,装饰石材,高,公开资料/本地定额,LOCAL_GD_SN_PARAM;PUBLIC_BUILDING_LOSS_TABLE,本地校准：石料块料地面墙面损耗 2.0%。
1447,装饰石材及石材制品 > 天然石材 > 花岗石板,花岗石板,是,0.02,2%,已覆盖,STONE_FINISH,装饰石材,高,公开资料/本地定额,LOCAL_GD_SN_PARAM;PUBLIC_BUILDING_LOSS_TABLE,本地校准：石料块料地面墙面损耗 2.0%。
137,装饰石材及石材制品 > 天然石材 > 青石板,青石板,是,0.02,2%,已覆盖,STONE_FINISH,装饰石材,高,公开资料/本地定额,LOCAL_GD_SN_PARAM;PUBLIC_BUILDING_LOSS_TABLE,本地校准：石料块料地面墙面损耗 2.0%。
1448,装饰石材及石材制品 > 天然石材 > 砂岩,砂岩,是,0.02,2%,已覆盖,STONE_FINISH,装饰石材,高,公开资料/本地定额,LOCAL_GD_SN_PARAM;PUBLIC_BUILDING_LOSS_TABLE,本地校准：石料块料地面墙面损耗 2.0%。
1449,装饰石材及石材制品 > 天然石材 > 文化石,文化石,是,0.02,2%,已覆盖,STONE_FINISH,装饰石材,高,公开资料/本地定额,LOCAL_GD_SN_PARAM;PUBLIC_BUILDING_LOSS_TABLE,本地校准：石料块料地面墙面损耗 2.0%。
1450,装饰石材及石材制品 > 天然石材 > 麻石,麻石,是,0.02,2%,已覆盖,STONE_FINISH,装饰石材,高,公开资料/本地定额,LOCAL_GD_SN_PARAM;PUBLIC_BUILDING_LOSS_TABLE,本地校准：石料块料地面墙面损耗 2.0%。
136,装饰石材及石材制品 > 人造石材 > 人造石板材,人造石板材,是,0.02,2%,已覆盖,STONE_FINISH,装饰石材,高,公开资料/本地定额,LOCAL_GD_SN_PARAM;PUBLIC_BUILDING_LOSS_TABLE,本地校准：石料块料地面墙面损耗 2.0%。
1451,装饰石材及石材制品 > 人造石材 > 微晶石,微晶石,是,0.02,2%,已覆盖,STONE_FINISH,装饰石材,高,公开资料/本地定额,LOCAL_GD_SN_PARAM;PUBLIC_BUILDING_LOSS_TABLE,本地校准：石料块料地面墙面损耗 2.0%。
1452,装饰石材及石材制品 > 人造石材 > 水磨石板,水磨石板,是,0.02,2%,已覆盖,STONE_FINISH,装饰石材,高,公开资料/本地定额,LOCAL_GD_SN_PARAM;PUBLIC_BUILDING_LOSS_TABLE,本地校准：石料块料地面墙面损耗 2.0%。
1453,装饰石材及石材制品 > 石材制品及其他 > 石材加工制品,石材加工制品,是,0.02,2%,已覆盖,STONE_FINISH,装饰石材,高,公开资料/本地定额,LOCAL_GD_SN_PARAM;PUBLIC_BUILDING_LOSS_TABLE,本地校准：石料块料地面墙面损耗 2.0%。
1455,装饰石材及石材制品 > 石材制品及其他 > 石材养护用品,石材养护用品,是,0.02,2%,已覆盖,STONE_FINISH,装饰石材,高,公开资料/本地定额,LOCAL_GD_SN_PARAM;PUBLIC_BUILDING_LOSS_TABLE,本地校准：石料块料地面墙面损耗 2.0%。
46,墙面、天棚及屋面饰面材料 > 金属装饰板 > 铝装饰板,铝装饰板,是,0.03,3%,已覆盖,METAL_GENERAL,金属材料,中,公开资料/本地定额,PUBLIC_BUILDING_LOSS_TABLE;LOCAL_GD_SN_PARAM,一般金属材料存在切割、加工、搬运损耗，取 3.0%。
1456,墙面、天棚及屋面饰面材料 > 金属装饰板 > 不锈钢装饰板,不锈钢装饰板,是,0.03,3%,已覆盖,METAL_GENERAL,金属材料,中,公开资料/本地定额,PUBLIC_BUILDING_LOSS_TABLE;LOCAL_GD_SN_PARAM,一般金属材料存在切割、加工、搬运损耗，取 3.0%。
131,墙面、天棚及屋面饰面材料 > 金属装饰板 > 其它金属装饰板,其它金属装饰板,是,0.03,3%,已覆盖,METAL_GENERAL,金属材料,中,公开资料/本地定额,PUBLIC_BUILDING_LOSS_TABLE;LOCAL_GD_SN_PARAM,一般金属材料存在切割、加工、搬运损耗，取 3.0%。
1405,墙面、天棚及屋面饰面材料 > 非金属装饰板 > 木质装饰板,木质装饰板,是,0.03,3%,已覆盖,METAL_GENERAL,金属材料,中,公开资料/本地定额,PUBLIC_BUILDING_LOSS_TABLE;LOCAL_GD_SN_PARAM,一般金属材料存在切割、加工、搬运损耗，取 3.0%。
51,墙面、天棚及屋面饰面材料 > 非金属装饰板 > 石膏板,石膏板,是,0.03,3%,已覆盖,METAL_GENERAL,金属材料,中,公开资料/本地定额,PUBLIC_BUILDING_LOSS_TABLE;LOCAL_GD_SN_PARAM,一般金属材料存在切割、加工、搬运损耗，取 3.0%。
43,墙面、天棚及屋面饰面材料 > 非金属装饰板 > 矿物棉装饰板,矿物棉装饰板,是,0.03,3%,已覆盖,METAL_GENERAL,金属材料,中,公开资料/本地定额,PUBLIC_BUILDING_LOSS_TABLE;LOCAL_GD_SN_PARAM,一般金属材料存在切割、加工、搬运损耗，取 3.0%。
49,墙面、天棚及屋面饰面材料 > 非金属装饰板 > 塑料装饰板,塑料装饰板,是,0.03,3%,已覆盖,METAL_GENERAL,金属材料,中,公开资料/本地定额,PUBLIC_BUILDING_LOSS_TABLE;LOCAL_GD_SN_PARAM,一般金属材料存在切割、加工、搬运损耗，取 3.0%。
1457,墙面、天棚及屋面饰面材料 > 非金属装饰板 > 复合装饰板,复合装饰板,是,0.03,3%,已覆盖,METAL_GENERAL,金属材料,中,公开资料/本地定额,PUBLIC_BUILDING_LOSS_TABLE;LOCAL_GD_SN_PARAM,一般金属材料存在切割、加工、搬运损耗，取 3.0%。
236,墙面、天棚及屋面饰面材料 > 非金属装饰板 > 纤维水泥装饰板,纤维水泥装饰板,是,0.03,3%,已覆盖,METAL_GENERAL,金属材料,中,公开资料/本地定额,PUBLIC_BUILDING_LOSS_TABLE;LOCAL_GD_SN_PARAM,一般金属材料存在切割、加工、搬运损耗，取 3.0%。
1458,墙面、天棚及屋面饰面材料 > 非金属装饰板 > 硅酸钙装饰板,硅酸钙装饰板,是,0.03,3%,已覆盖,METAL_GENERAL,金属材料,中,公开资料/本地定额,PUBLIC_BUILDING_LOSS_TABLE;LOCAL_GD_SN_PARAM,一般金属材料存在切割、加工、搬运损耗，取 3.0%。
1459,墙面、天棚及屋面饰面材料 > 非金属装饰板 > 珍珠岩装饰板,珍珠岩装饰板,是,0.03,3%,已覆盖,METAL_GENERAL,金属材料,中,公开资料/本地定额,PUBLIC_BUILDING_LOSS_TABLE;LOCAL_GD_SN_PARAM,一般金属材料存在切割、加工、搬运损耗，取 3.0%。
48,墙面、天棚及屋面饰面材料 > 非金属装饰板 > 竹木装饰板,竹木装饰板,是,0.03,3%,已覆盖,METAL_GENERAL,金属材料,中,公开资料/本地定额,PUBLIC_BUILDING_LOSS_TABLE;LOCAL_GD_SN_PARAM,一般金属材料存在切割、加工、搬运损耗，取 3.0%。
1460,墙面、天棚及屋面饰面材料 > 格栅、格片、挂片 > 格栅、格片、挂片,格栅、格片、挂片,是,0.05,5%,已覆盖,BOARD_CEILING,饰面板/吊顶板,中,公开资料/本地定额,PUBLIC_BUILDING_LOSS_TABLE,石膏板、装饰板、吊顶板、格栅等按裁切排版 5.0%。
45,墙面、天棚及屋面饰面材料 > 集成吊顶系统 > 集成吊顶系统,集成吊顶系统,是,0.05,5%,已覆盖,BOARD_CEILING,饰面板/吊顶板,中,公开资料/本地定额,PUBLIC_BUILDING_LOSS_TABLE,石膏板、装饰板、吊顶板、格栅等按裁切排版 5.0%。
52,墙面、天棚及屋面饰面材料 > 轻质复合板 > 轻质复合板,轻质复合板,是,0.05,5%,已覆盖,BOARD_CEILING,饰面板/吊顶板,中,公开资料/本地定额,PUBLIC_BUILDING_LOSS_TABLE,石膏板、装饰板、吊顶板、格栅等按裁切排版 5.0%。
44,墙面、天棚及屋面饰面材料 > 装饰隔断 > 屏风、隔断,屏风、隔断,是,0.05,5%,已覆盖,BOARD_CEILING,饰面板/吊顶板,中,公开资料/本地定额,PUBLIC_BUILDING_LOSS_TABLE,石膏板、装饰板、吊顶板、格栅等按裁切排版 5.0%。
128,墙面、天棚及屋面饰面材料 > 壁纸、壁布 > 壁纸,壁纸,是,0.05,5%,已覆盖,BOARD_CEILING,饰面板/吊顶板,中,公开资料/本地定额,PUBLIC_BUILDING_LOSS_TABLE,石膏板、装饰板、吊顶板、格栅等按裁切排版 5.0%。
1461,墙面、天棚及屋面饰面材料 > 壁纸、壁布 > 壁布,壁布,是,0.05,5%,已覆盖,BOARD_CEILING,饰面板/吊顶板,中,公开资料/本地定额,PUBLIC_BUILDING_LOSS_TABLE,石膏板、装饰板、吊顶板、格栅等按裁切排版 5.0%。
1462,墙面、天棚及屋面饰面材料 > 壁纸、壁布 > 壁画,壁画,是,0.05,5%,已覆盖,BOARD_CEILING,饰面板/吊顶板,中,公开资料/本地定额,PUBLIC_BUILDING_LOSS_TABLE,石膏板、装饰板、吊顶板、格栅等按裁切排版 5.0%。
1464,墙面、天棚及屋面饰面材料 > 其他装饰板及材料 > 金、银箔制品,金、银箔制品,是,0.05,5%,已覆盖,BOARD_CEILING,饰面板/吊顶板,中,公开资料/本地定额,PUBLIC_BUILDING_LOSS_TABLE,石膏板、装饰板、吊顶板、格栅等按裁切排版 5.0%。
54,墙面、天棚及屋面饰面材料 > 其他装饰板及材料 > 其他装饰板及材料,其他装饰板及材料,是,0.05,5%,已覆盖,BOARD_CEILING,饰面板/吊顶板,中,公开资料/本地定额,PUBLIC_BUILDING_LOSS_TABLE,石膏板、装饰板、吊顶板、格栅等按裁切排版 5.0%。
1465,龙骨、龙骨配件 > 龙骨 > 轻钢龙骨,轻钢龙骨,是,0.03,3%,已覆盖,KEEL,龙骨及配件,中,公开资料/本地定额,PUBLIC_BUILDING_LOSS_TABLE;LOCAL_GD_SN_PARAM,轻钢/铝合金/木龙骨按下料、搭接和配件损耗 3.0%。
1466,龙骨、龙骨配件 > 龙骨 > 型钢龙骨,型钢龙骨,是,0.05,5%,已覆盖,STEEL_STRUCTURAL,型钢/钢构件,中,公开资料/本地定额,LOCAL_GD_SN_PARAM;INSTALL_LOSS_TABLE,安装工程校准表中型钢常见为 4%~5%，构件加工下料损耗更高，取 5.0%。
1467,龙骨、龙骨配件 > 龙骨 > 铝合金龙骨,铝合金龙骨,是,0.03,3%,已覆盖,KEEL,龙骨及配件,中,公开资料/本地定额,PUBLIC_BUILDING_LOSS_TABLE;LOCAL_GD_SN_PARAM,轻钢/铝合金/木龙骨按下料、搭接和配件损耗 3.0%。
1468,龙骨、龙骨配件 > 龙骨 > 木龙骨,木龙骨,是,0.03,3%,已覆盖,KEEL,龙骨及配件,中,公开资料/本地定额,PUBLIC_BUILDING_LOSS_TABLE;LOCAL_GD_SN_PARAM,轻钢/铝合金/木龙骨按下料、搭接和配件损耗 3.0%。
1469,龙骨、龙骨配件 > 龙骨 > 烤漆龙骨,烤漆龙骨,是,0.03,3%,已覆盖,KEEL,龙骨及配件,中,公开资料/本地定额,PUBLIC_BUILDING_LOSS_TABLE;LOCAL_GD_SN_PARAM,轻钢/铝合金/木龙骨按下料、搭接和配件损耗 3.0%。
1470,龙骨、龙骨配件 > 龙骨 > 石膏龙骨,石膏龙骨,是,0.03,3%,已覆盖,SAND_STONE,砂石粉灰土,中,公开资料/本地定额,PUBLIC_BUILDING_LOSS_TABLE,砂、石、粉、灰、土等散料按 3.0% 估算。
1471,龙骨、龙骨配件 > 龙骨 > 不锈钢龙骨,不锈钢龙骨,是,0.03,3%,已覆盖,METAL_GENERAL,金属材料,中,公开资料/本地定额,PUBLIC_BUILDING_LOSS_TABLE;LOCAL_GD_SN_PARAM,一般金属材料存在切割、加工、搬运损耗，取 3.0%。
1472,龙骨、龙骨配件 > 龙骨配件 > 轻钢龙骨配件,轻钢龙骨配件,是,0.03,3%,已覆盖,KEEL,龙骨及配件,中,公开资料/本地定额,PUBLIC_BUILDING_LOSS_TABLE;LOCAL_GD_SN_PARAM,轻钢/铝合金/木龙骨按下料、搭接和配件损耗 3.0%。
1473,龙骨、龙骨配件 > 龙骨配件 > 铝合金龙骨配件,铝合金龙骨配件,是,0.03,3%,已覆盖,KEEL,龙骨及配件,中,公开资料/本地定额,PUBLIC_BUILDING_LOSS_TABLE;LOCAL_GD_SN_PARAM,轻钢/铝合金/木龙骨按下料、搭接和配件损耗 3.0%。
1474,龙骨、龙骨配件 > 龙骨配件 > 其他龙骨配件,其他龙骨配件,是,0.03,3%,已覆盖,KEEL,龙骨及配件,中,公开资料/本地定额,PUBLIC_BUILDING_LOSS_TABLE;LOCAL_GD_SN_PARAM,轻钢/铝合金/木龙骨按下料、搭接和配件损耗 3.0%。
1475,吸声、抗辐射及无损探伤材料 > 吸声材料 > 木质吸音板,木质吸音板,是,0.05,5%,已覆盖,ACOUSTIC_MATERIAL,吸声/隔声材料,低,经验估算,,吸音板、隔声棉、空间吸声体按裁切、排版、边角料和安装破损 5.0%。
1476,吸声、抗辐射及无损探伤材料 > 吸声材料 > 软木及其制品,软木及其制品,是,0.05,5%,已覆盖,ACOUSTIC_MATERIAL,吸声/隔声材料,低,经验估算,,吸音板、隔声棉、空间吸声体按裁切、排版、边角料和安装破损 5.0%。
193,吸声、抗辐射及无损探伤材料 > 吸声材料 > 复合吸音板,复合吸音板,是,0.05,5%,已覆盖,ACOUSTIC_MATERIAL,吸声/隔声材料,低,经验估算,,吸音板、隔声棉、空间吸声体按裁切、排版、边角料和安装破损 5.0%。
1477,吸声、抗辐射及无损探伤材料 > 吸声材料 > 隔声棉,隔声棉,是,0.05,5%,已覆盖,ACOUSTIC_MATERIAL,吸声/隔声材料,低,经验估算,,吸音板、隔声棉、空间吸声体按裁切、排版、边角料和安装破损 5.0%。
1478,吸声、抗辐射及无损探伤材料 > 吸声材料 > 空间吸声体,空间吸声体,是,0.05,5%,已覆盖,ACOUSTIC_MATERIAL,吸声/隔声材料,低,经验估算,,吸音板、隔声棉、空间吸声体按裁切、排版、边角料和安装破损 5.0%。
1479,吸声、抗辐射及无损探伤材料 > 表面防护材料 > 表面防护材料,表面防护材料,是,0.03,3%,已覆盖,SURFACE_RADIATION_PROTECTION,表面防护/防辐射材料,低,经验估算,,表面防护、防辐射材料缺少公开可比损耗表，暂按板材/片材类综合损耗 3.0%。
1480,吸声、抗辐射及无损探伤材料 > 无损探伤材料 > 无损探伤材料,无损探伤材料,是,0.01,1%,已覆盖,GENERAL_FINISHED_PRODUCT,一般成品件,低,经验估算,,未细分成品件按运输、安装破损和备件 1.0%。
1481,吸声、抗辐射及无损探伤材料 > 防辐射材料 > 防辐射材料,防辐射材料,是,0.03,3%,已覆盖,SURFACE_RADIATION_PROTECTION,表面防护/防辐射材料,低,经验估算,,表面防护、防辐射材料缺少公开可比损耗表，暂按板材/片材类综合损耗 3.0%。
150,门窗及楼梯制品 > 普通门窗 > 铝合金门窗,铝合金门窗,是,0.01,1%,已覆盖,DOOR_WINDOW,门窗成品,低,公开资料/本地定额,PUBLIC_BUILDING_LOSS_TABLE,门窗、卷帘、楼梯栏杆等成品或半成品按破损备损 1.0%。
149,门窗及楼梯制品 > 普通门窗 > 钢门窗,钢门窗,是,0.01,1%,已覆盖,DOOR_WINDOW,门窗成品,低,公开资料/本地定额,PUBLIC_BUILDING_LOSS_TABLE,门窗、卷帘、楼梯栏杆等成品或半成品按破损备损 1.0%。
1482,门窗及楼梯制品 > 普通门窗 > 彩钢门窗,彩钢门窗,是,0.01,1%,已覆盖,DOOR_WINDOW,门窗成品,低,公开资料/本地定额,PUBLIC_BUILDING_LOSS_TABLE,门窗、卷帘、楼梯栏杆等成品或半成品按破损备损 1.0%。
1483,门窗及楼梯制品 > 普通门窗 > 不锈钢门窗,不锈钢门窗,是,0.03,3%,已覆盖,METAL_GENERAL,金属材料,中,公开资料/本地定额,PUBLIC_BUILDING_LOSS_TABLE;LOCAL_GD_SN_PARAM,一般金属材料存在切割、加工、搬运损耗，取 3.0%。
152,门窗及楼梯制品 > 普通门窗 > 木门窗,木门窗,是,0.01,1%,已覆盖,DOOR_WINDOW,门窗成品,低,公开资料/本地定额,PUBLIC_BUILDING_LOSS_TABLE,门窗、卷帘、楼梯栏杆等成品或半成品按破损备损 1.0%。
151,门窗及楼梯制品 > 普通门窗 > 塑钢、塑铝门窗,塑钢、塑铝门窗,是,0.01,1%,已覆盖,DOOR_WINDOW,门窗成品,低,公开资料/本地定额,PUBLIC_BUILDING_LOSS_TABLE,门窗、卷帘、楼梯栏杆等成品或半成品按破损备损 1.0%。
1484,门窗及楼梯制品 > 普通门窗 > 铝木门窗,铝木门窗,是,0.01,1%,已覆盖,DOOR_WINDOW,门窗成品,低,公开资料/本地定额,PUBLIC_BUILDING_LOSS_TABLE,门窗、卷帘、楼梯栏杆等成品或半成品按破损备损 1.0%。
1485,门窗及楼梯制品 > 普通门窗 > 木塑门窗,木塑门窗,是,0.01,1%,已覆盖,DOOR_WINDOW,门窗成品,低,公开资料/本地定额,PUBLIC_BUILDING_LOSS_TABLE,门窗、卷帘、楼梯栏杆等成品或半成品按破损备损 1.0%。
1486,门窗及楼梯制品 > 普通门窗 > 塑料门窗,塑料门窗,是,0.05,5%,已覆盖,RUBBER_PLASTIC_GENERAL,橡胶塑料材料,中,公开资料/本地定额,INSTALL_LOSS_TABLE,塑料/橡胶板、膜、带、制品按裁切和安装损耗 5.0%。
1487,门窗及楼梯制品 > 普通门窗 > 玻璃钢门窗,玻璃钢门窗,是,0.03,3%,已覆盖,GLASS,玻璃及玻璃制品,中,公开资料/本地定额,PUBLIC_BUILDING_LOSS_TABLE,玻璃按加工、运输、安装破损 3.0%。
154,门窗及楼梯制品 > 普通门窗 > 全玻门、自动门,全玻门、自动门,是,0.01,1%,已覆盖,DOOR_WINDOW,门窗成品,低,公开资料/本地定额,PUBLIC_BUILDING_LOSS_TABLE,门窗、卷帘、楼梯栏杆等成品或半成品按破损备损 1.0%。
70,门窗及楼梯制品 > 特种门窗 > 防火门,防火门,是,0.01,1%,已覆盖,DOOR_WINDOW,门窗成品,低,公开资料/本地定额,PUBLIC_BUILDING_LOSS_TABLE,门窗、卷帘、楼梯栏杆等成品或半成品按破损备损 1.0%。
1488,门窗及楼梯制品 > 特种门窗 > 防盗门,防盗门,是,0.01,1%,已覆盖,DOOR_WINDOW,门窗成品,低,公开资料/本地定额,PUBLIC_BUILDING_LOSS_TABLE,门窗、卷帘、楼梯栏杆等成品或半成品按破损备损 1.0%。
1489,门窗及楼梯制品 > 特种门窗 > 保温门,保温门,是,0.05,5%,已覆盖,INSULATION_BOARD,保温绝热材料,中,公开资料/本地定额,LOCAL_GD_SN_PARAM;INSTALL_LOSS_TABLE,保温板、岩棉、玻璃棉、橡塑等按裁切、拼缝和破损 5.0%。
1490,门窗及楼梯制品 > 特种门窗 > 防辐射门,防辐射门,是,0.03,3%,已覆盖,SURFACE_RADIATION_PROTECTION,表面防护/防辐射材料,低,经验估算,,表面防护、防辐射材料缺少公开可比损耗表，暂按板材/片材类综合损耗 3.0%。
156,门窗及楼梯制品 > 特种门窗 > 其他特种门窗,其他特种门窗,是,0.01,1%,已覆盖,DOOR_WINDOW,门窗成品,低,公开资料/本地定额,PUBLIC_BUILDING_LOSS_TABLE,门窗、卷帘、楼梯栏杆等成品或半成品按破损备损 1.0%。
1491,门窗及楼梯制品 > 卷帘 > 防火卷帘,防火卷帘,是,0.01,1%,已覆盖,DOOR_WINDOW,门窗成品,低,公开资料/本地定额,PUBLIC_BUILDING_LOSS_TABLE,门窗、卷帘、楼梯栏杆等成品或半成品按破损备损 1.0%。
73,门窗及楼梯制品 > 卷帘 > 普通卷帘,普通卷帘,是,0.01,1%,已覆盖,DOOR_WINDOW,门窗成品,低,公开资料/本地定额,PUBLIC_BUILDING_LOSS_TABLE,门窗、卷帘、楼梯栏杆等成品或半成品按破损备损 1.0%。
1492,门窗及楼梯制品 > 卷帘 > 挡烟垂壁,挡烟垂壁,是,0.01,1%,已覆盖,DOOR_WINDOW,门窗成品,低,公开资料/本地定额,PUBLIC_BUILDING_LOSS_TABLE,门窗、卷帘、楼梯栏杆等成品或半成品按破损备损 1.0%。
155,门窗及楼梯制品 > 其他门窗及配件 > 铁艺门窗,铁艺门窗,是,0.01,1%,已覆盖,DOOR_WINDOW,门窗成品,低,公开资料/本地定额,PUBLIC_BUILDING_LOSS_TABLE,门窗、卷帘、楼梯栏杆等成品或半成品按破损备损 1.0%。
1493,门窗及楼梯制品 > 其他门窗及配件 > 纱门、纱窗,纱门、纱窗,是,0.01,1%,已覆盖,DOOR_WINDOW,门窗成品,低,公开资料/本地定额,PUBLIC_BUILDING_LOSS_TABLE,门窗、卷帘、楼梯栏杆等成品或半成品按破损备损 1.0%。
133,门窗及楼梯制品 > 其他门窗及配件 > 门、窗帘及其配件,门、窗帘及其配件,是,0.01,1%,已覆盖,DOOR_WINDOW,门窗成品,低,公开资料/本地定额,PUBLIC_BUILDING_LOSS_TABLE,门窗、卷帘、楼梯栏杆等成品或半成品按破损备损 1.0%。
102,门窗及楼梯制品 > 其他门窗及配件 > 其他门窗,其他门窗,是,0.01,1%,已覆盖,DOOR_WINDOW,门窗成品,低,公开资料/本地定额,PUBLIC_BUILDING_LOSS_TABLE,门窗、卷帘、楼梯栏杆等成品或半成品按破损备损 1.0%。
199,门窗及楼梯制品 > 楼梯及附件 > 普通楼梯,普通楼梯,是,0.01,1%,已覆盖,DOOR_WINDOW,门窗成品,低,公开资料/本地定额,PUBLIC_BUILDING_LOSS_TABLE,门窗、卷帘、楼梯栏杆等成品或半成品按破损备损 1.0%。
1494,门窗及楼梯制品 > 楼梯及附件 > 旋转楼梯,旋转楼梯,是,0.01,1%,已覆盖,DOOR_WINDOW,门窗成品,低,公开资料/本地定额,PUBLIC_BUILDING_LOSS_TABLE,门窗、卷帘、楼梯栏杆等成品或半成品按破损备损 1.0%。
78,人防工程设备 > 人防防护设备 > 人防门,人防门,是,0.01,1%,已覆盖,DOOR_WINDOW,门窗成品,低,公开资料/本地定额,PUBLIC_BUILDING_LOSS_TABLE,门窗、卷帘、楼梯栏杆等成品或半成品按破损备损 1.0%。
1495,人防工程设备 > 人防防护设备 > 密闭观察窗,密闭观察窗,是,0.01,1%,已覆盖,DOOR_WINDOW,门窗成品,低,公开资料/本地定额,PUBLIC_BUILDING_LOSS_TABLE,门窗、卷帘、楼梯栏杆等成品或半成品按破损备损 1.0%。
1496,人防工程设备 > 人防防护设备 > 人防封堵板,人防封堵板,是,0.0,0%,已覆盖,EQUIPMENT_COMPLETE,成套设备/仪器/家具,中,口径判断,GD_2018_QUOTA_EXPLANATION,按台套、件、系统成品采购，施工材料净用量损耗率不适用；采购计算中按 0% 处理。
1497,人防工程设备 > 人防防护设备 > 其他防护设备,其他防护设备,是,0.0,0%,已覆盖,EQUIPMENT_COMPLETE,成套设备/仪器/家具,中,口径判断,GD_2018_QUOTA_EXPLANATION,按台套、件、系统成品采购，施工材料净用量损耗率不适用；采购计算中按 0% 处理。
1498,人防工程设备 > 人防防化设备 > 防化报警、监测与控制设备,防化报警、监测与控制设备,是,0.01,1%,已覆盖,FIRE_EQUIPMENT,消防器材,低,公开资料/本地定额,INSTALL_LOSS_TABLE,灭火器、喷头、报警设备等成品按运输安装破损/备件 1.0%。
1499,人防工程设备 > 人防防化设备 > 滤毒与净化设备,滤毒与净化设备,是,0.0,0%,已覆盖,EQUIPMENT_COMPLETE,成套设备/仪器/家具,中,口径判断,GD_2018_QUOTA_EXPLANATION,按台套、件、系统成品采购，施工材料净用量损耗率不适用；采购计算中按 0% 处理。
1500,人防工程设备 > 人防防化设备 > 战时通风设备,战时通风设备,是,0.0,0%,已覆盖,EQUIPMENT_COMPLETE,成套设备/仪器/家具,中,口径判断,GD_2018_QUOTA_EXPLANATION,按台套、件、系统成品采购，施工材料净用量损耗率不适用；采购计算中按 0% 处理。
1501,人防工程设备 > 人防防化设备 > 其他防化设备,其他防化设备,是,0.0,0%,已覆盖,EQUIPMENT_COMPLETE,成套设备/仪器/家具,中,口径判断,GD_2018_QUOTA_EXPLANATION,按台套、件、系统成品采购，施工材料净用量损耗率不适用；采购计算中按 0% 处理。
1502,人防工程设备 > 人防阀门及地漏 > 人防密闭阀,人防密闭阀,是,0.01,1%,已覆盖,VALVE,阀门,低,公开资料/本地定额,INSTALL_LOSS_TABLE,阀门为成品件，通常按台/个采购，施工损耗取 1.0% 的备损控制值。
1503,人防工程设备 > 人防阀门及地漏 > 防爆波闸阀,防爆波闸阀,是,0.01,1%,已覆盖,VALVE,阀门,低,公开资料/本地定额,INSTALL_LOSS_TABLE,阀门为成品件，通常按台/个采购，施工损耗取 1.0% 的备损控制值。
1504,人防工程设备 > 人防阀门及地漏 > 人防插板阀,人防插板阀,是,0.01,1%,已覆盖,VALVE,阀门,低,公开资料/本地定额,INSTALL_LOSS_TABLE,阀门为成品件，通常按台/个采购，施工损耗取 1.0% 的备损控制值。
1505,人防工程设备 > 人防阀门及地漏 > 防爆超压排气活门,防爆超压排气活门,是,0.01,1%,已覆盖,VALVE,阀门,低,公开资料/本地定额,INSTALL_LOSS_TABLE,阀门为成品件，通常按台/个采购，施工损耗取 1.0% 的备损控制值。
1506,人防工程设备 > 人防阀门及地漏 > 排气阀门,排气阀门,是,0.01,1%,已覆盖,VALVE,阀门,低,公开资料/本地定额,INSTALL_LOSS_TABLE,阀门为成品件，通常按台/个采购，施工损耗取 1.0% 的备损控制值。
1507,人防工程设备 > 人防阀门及地漏 > 换气堵头,换气堵头,是,0.01,1%,已覆盖,VALVE,阀门,低,公开资料/本地定额,INSTALL_LOSS_TABLE,阀门为成品件，通常按台/个采购，施工损耗取 1.0% 的备损控制值。
1508,人防工程设备 > 人防阀门及地漏 > 防爆地漏,防爆地漏,是,0.01,1%,已覆盖,VALVE,阀门,低,公开资料/本地定额,INSTALL_LOSS_TABLE,阀门为成品件，通常按台/个采购，施工损耗取 1.0% 的备损控制值。
1509,人防工程设备 > 人防阀门及地漏 > 其他人防阀门,其他人防阀门,是,0.01,1%,已覆盖,VALVE,阀门,低,公开资料/本地定额,INSTALL_LOSS_TABLE,阀门为成品件，通常按台/个采购，施工损耗取 1.0% 的备损控制值。
24,成型构件及加工件 > 成型构件 > 钢结构制作件（非装配式）,钢结构制作件（非装配式）,是,0.05,5%,已覆盖,STEEL_STRUCTURAL,型钢/钢构件,中,公开资料/本地定额,LOCAL_GD_SN_PARAM;INSTALL_LOSS_TABLE,安装工程校准表中型钢常见为 4%~5%，构件加工下料损耗更高，取 5.0%。
1510,成型构件及加工件 > 成型构件 > 铸铁及铁构件,铸铁及铁构件,是,0.01,1%,已覆盖,GENERAL_FINISHED_PRODUCT,一般成品件,低,经验估算,,未细分成品件按运输、安装破损和备件 1.0%。
1511,成型构件及加工件 > 成型构件 > 压力容器构件,压力容器构件,是,0.01,1%,已覆盖,GENERAL_FINISHED_PRODUCT,一般成品件,低,经验估算,,未细分成品件按运输、安装破损和备件 1.0%。
32,成型构件及加工件 > 成型构件 > 水箱,水箱,是,0.01,1%,已覆盖,GENERAL_FINISHED_PRODUCT,一般成品件,低,经验估算,,未细分成品件按运输、安装破损和备件 1.0%。
1512,成型构件及加工件 > 成型构件 > 木质构件,木质构件,是,0.01,1%,已覆盖,GENERAL_FINISHED_PRODUCT,一般成品件,低,经验估算,,未细分成品件按运输、安装破损和备件 1.0%。
93,成型构件及加工件 > 成型构件 > 预制烟囱、烟道,预制烟囱、烟道,是,0.02,2%,已覆盖,CONCRETE_PRODUCTS,混凝土制品/瓦,中,公开资料/本地定额,PUBLIC_BUILDING_LOSS_TABLE,成品混凝土制品、瓦类以破损和切割损耗为主，取 2.0%。
1513,成型构件及加工件 > 成型构件 > 钢楼梯,钢楼梯,是,0.01,1%,已覆盖,DOOR_WINDOW,门窗成品,低,公开资料/本地定额,PUBLIC_BUILDING_LOSS_TABLE,门窗、卷帘、楼梯栏杆等成品或半成品按破损备损 1.0%。
195,成型构件及加工件 > 成型构件 > 其他成型制品,其他成型制品,是,0.01,1%,已覆盖,GENERAL_FINISHED_PRODUCT,一般成品件,低,经验估算,,未细分成品件按运输、安装破损和备件 1.0%。
1514,成型构件及加工件 > 成型加工件 > 漏斗,漏斗,是,0.01,1%,已覆盖,GENERAL_FINISHED_PRODUCT,一般成品件,低,经验估算,,未细分成品件按运输、安装破损和备件 1.0%。
1515,成型构件及加工件 > 成型加工件 > 变形缝装置,变形缝装置,是,0.01,1%,已覆盖,GENERAL_FINISHED_PRODUCT,一般成品件,低,经验估算,,未细分成品件按运输、安装破损和备件 1.0%。
1516,成型构件及加工件 > 成型加工件 > 翻边短管,翻边短管,是,0.01,1%,已覆盖,GENERAL_FINISHED_PRODUCT,一般成品件,低,经验估算,,未细分成品件按运输、安装破损和备件 1.0%。
1517,成型构件及加工件 > 成型加工件 > 木质加工件,木质加工件,是,0.01,1%,已覆盖,GENERAL_FINISHED_PRODUCT,一般成品件,低,经验估算,,未细分成品件按运输、安装破损和备件 1.0%。
1518,成型构件及加工件 > 成型加工件 > 机械设备安装用加工件,机械设备安装用加工件,是,0.0,0%,已覆盖,EQUIPMENT_COMPLETE,成套设备/仪器/家具,中,口径判断,GD_2018_QUOTA_EXPLANATION,按台套、件、系统成品采购，施工材料净用量损耗率不适用；采购计算中按 0% 处理。
1519,成型构件及加工件 > 成型加工件 > 装置设备附件,装置设备附件,是,0.0,0%,已覆盖,EQUIPMENT_COMPLETE,成套设备/仪器/家具,中,口径判断,GD_2018_QUOTA_EXPLANATION,按台套、件、系统成品采购，施工材料净用量损耗率不适用；采购计算中按 0% 处理。
1520,装饰线条、装饰件、栏杆、扶手及其他 > 装饰线条 > 木质装饰线条,木质装饰线条,是,0.03,3%,已覆盖,DECOR_LINE,装饰线条/装饰件,低,公开资料/本地定额,PUBLIC_BUILDING_LOSS_TABLE,装饰线条、收口件、装饰件按裁切损耗 3.0%。
1521,装饰线条、装饰件、栏杆、扶手及其他 > 装饰线条 > 金属装饰线条,金属装饰线条,是,0.03,3%,已覆盖,METAL_GENERAL,金属材料,中,公开资料/本地定额,PUBLIC_BUILDING_LOSS_TABLE;LOCAL_GD_SN_PARAM,一般金属材料存在切割、加工、搬运损耗，取 3.0%。
1522,装饰线条、装饰件、栏杆、扶手及其他 > 装饰线条 > 石材装饰线条,石材装饰线条,是,0.02,2%,已覆盖,STONE_FINISH,装饰石材,高,公开资料/本地定额,LOCAL_GD_SN_PARAM;PUBLIC_BUILDING_LOSS_TABLE,本地校准：石料块料地面墙面损耗 2.0%。
1523,装饰线条、装饰件、栏杆、扶手及其他 > 装饰线条 > 石膏装饰线条,石膏装饰线条,是,0.03,3%,已覆盖,SAND_STONE,砂石粉灰土,中,公开资料/本地定额,PUBLIC_BUILDING_LOSS_TABLE,砂、石、粉、灰、土等散料按 3.0% 估算。
1524,装饰线条、装饰件、栏杆、扶手及其他 > 装饰线条 > 塑料装饰线条,塑料装饰线条,是,0.05,5%,已覆盖,RUBBER_PLASTIC_GENERAL,橡胶塑料材料,中,公开资料/本地定额,INSTALL_LOSS_TABLE,塑料/橡胶板、膜、带、制品按裁切和安装损耗 5.0%。
1525,装饰线条、装饰件、栏杆、扶手及其他 > 装饰线条 > 复合材料装饰线条,复合材料装饰线条,是,0.03,3%,已覆盖,DECOR_LINE,装饰线条/装饰件,低,公开资料/本地定额,PUBLIC_BUILDING_LOSS_TABLE,装饰线条、收口件、装饰件按裁切损耗 3.0%。
1526,装饰线条、装饰件、栏杆、扶手及其他 > 装饰线条 > 玻璃钢装饰线条,玻璃钢装饰线条,是,0.03,3%,已覆盖,GLASS,玻璃及玻璃制品,中,公开资料/本地定额,PUBLIC_BUILDING_LOSS_TABLE,玻璃按加工、运输、安装破损 3.0%。
1527,装饰线条、装饰件、栏杆、扶手及其他 > 装饰线条 > 轻质水泥纤维装饰线条,轻质水泥纤维装饰线条,是,0.02,2%,已覆盖,CEMENT,水泥,中,公开资料/本地定额,PUBLIC_BUILDING_LOSS_TABLE,袋装/散装水泥现场转运、计量和散落损耗，取 2.0%。
207,装饰线条、装饰件、栏杆、扶手及其他 > 装饰线条 > 其他装饰线条,其他装饰线条,是,0.03,3%,已覆盖,DECOR_LINE,装饰线条/装饰件,低,公开资料/本地定额,PUBLIC_BUILDING_LOSS_TABLE,装饰线条、收口件、装饰件按裁切损耗 3.0%。
1528,装饰线条、装饰件、栏杆、扶手及其他 > 装饰线条 > 踢脚线,踢脚线,是,0.03,3%,已覆盖,DECOR_LINE,装饰线条/装饰件,低,公开资料/本地定额,PUBLIC_BUILDING_LOSS_TABLE,装饰线条、收口件、装饰件按裁切损耗 3.0%。
74,装饰线条、装饰件、栏杆、扶手及其他 > 装饰栏杆及扶手 > 栏杆、栏板,栏杆、栏板,是,0.01,1%,已覆盖,DOOR_WINDOW,门窗成品,低,公开资料/本地定额,PUBLIC_BUILDING_LOSS_TABLE,门窗、卷帘、楼梯栏杆等成品或半成品按破损备损 1.0%。
1529,装饰线条、装饰件、栏杆、扶手及其他 > 装饰栏杆及扶手 > 扶手,扶手,是,0.01,1%,已覆盖,DOOR_WINDOW,门窗成品,低,公开资料/本地定额,PUBLIC_BUILDING_LOSS_TABLE,门窗、卷帘、楼梯栏杆等成品或半成品按破损备损 1.0%。
145,装饰线条、装饰件、栏杆、扶手及其他 > 其他装饰材料 > 广告图文,广告图文,是,0.03,3%,已覆盖,OTHER_MATERIAL_LOW_CONF,其他材料,低,经验估算,,未命中细分规则的材料按通用采购损耗 3.0%，需要后续用企业历史采购数据校准。
1530,装饰线条、装饰件、栏杆、扶手及其他 > 其他装饰材料 > 装饰件,装饰件,是,0.03,3%,已覆盖,DECOR_LINE,装饰线条/装饰件,低,公开资料/本地定额,PUBLIC_BUILDING_LOSS_TABLE,装饰线条、收口件、装饰件按裁切损耗 3.0%。
1531,装饰线条、装饰件、栏杆、扶手及其他 > 其他装饰材料 > 艺术装饰制品,艺术装饰制品,是,0.01,1%,已覆盖,GENERAL_FINISHED_PRODUCT,一般成品件,低,经验估算,,未细分成品件按运输、安装破损和备件 1.0%。
50,装饰线条、装饰件、栏杆、扶手及其他 > 其他装饰材料 > 其他装饰材料,其他装饰材料,是,0.03,3%,已覆盖,OTHER_MATERIAL_LOW_CONF,其他材料,低,经验估算,,未命中细分规则的材料按通用采购损耗 3.0%，需要后续用企业历史采购数据校准。
1797,装饰线条、装饰件、栏杆、扶手及其他 > 其他装饰材料 > 号牌、铭牌,号牌、铭牌,是,0.03,3%,已覆盖,OTHER_MATERIAL_LOW_CONF,其他材料,低,经验估算,,未命中细分规则的材料按通用采购损耗 3.0%，需要后续用企业历史采购数据校准。
1532,油品、化工原料及胶粘材料 > 化工油品 > 油料,油料,是,0.03,3%,已覆盖,CHEMICAL_OIL,油品/化工原料,低,公开资料/本地定额,INSTALL_LOSS_TABLE,油品、化工原料按容器残留、配制和现场损耗 3.0%。
1533,油品、化工原料及胶粘材料 > 化工油品 > 燃料油,燃料油,是,0.03,3%,已覆盖,CHEMICAL_OIL,油品/化工原料,低,公开资料/本地定额,INSTALL_LOSS_TABLE,油品、化工原料按容器残留、配制和现场损耗 3.0%。
1534,油品、化工原料及胶粘材料 > 化工油品 > 溶剂油、绝缘油,溶剂油、绝缘油,是,0.02,2%,已覆盖,ELECTRICAL_ACCESSORY,电气附件,低,公开资料/本地定额,INSTALL_LOSS_TABLE,开关、插座、接线端子、绝缘、防雷接地等附件按 2.0%。
1535,油品、化工原料及胶粘材料 > 化工油品 > 润滑油,润滑油,是,0.03,3%,已覆盖,CHEMICAL_OIL,油品/化工原料,低,公开资料/本地定额,INSTALL_LOSS_TABLE,油品、化工原料按容器残留、配制和现场损耗 3.0%。
1536,油品、化工原料及胶粘材料 > 化工油品 > 润滑脂、蜡,润滑脂、蜡,是,0.03,3%,已覆盖,CHEMICAL_OIL,油品/化工原料,低,公开资料/本地定额,INSTALL_LOSS_TABLE,油品、化工原料按容器残留、配制和现场损耗 3.0%。
167,油品、化工原料及胶粘材料 > 化工油品 > 其他油品,其他油品,是,0.03,3%,已覆盖,CHEMICAL_OIL,油品/化工原料,低,公开资料/本地定额,INSTALL_LOSS_TABLE,油品、化工原料按容器残留、配制和现场损耗 3.0%。
1537,油品、化工原料及胶粘材料 > 化工原料 > 树脂,树脂,是,0.03,3%,已覆盖,CHEMICAL_OIL,油品/化工原料,低,公开资料/本地定额,INSTALL_LOSS_TABLE,油品、化工原料按容器残留、配制和现场损耗 3.0%。
1538,油品、化工原料及胶粘材料 > 化工原料 > 颜料,颜料,是,0.03,3%,已覆盖,CHEMICAL_OIL,油品/化工原料,低,公开资料/本地定额,INSTALL_LOSS_TABLE,油品、化工原料按容器残留、配制和现场损耗 3.0%。
1539,油品、化工原料及胶粘材料 > 化工原料 > 工业气体,工业气体,是,0.03,3%,已覆盖,CHEMICAL_OIL,油品/化工原料,低,公开资料/本地定额,INSTALL_LOSS_TABLE,油品、化工原料按容器残留、配制和现场损耗 3.0%。
1540,油品、化工原料及胶粘材料 > 化工原料 > 无机化工原料,无机化工原料,是,0.03,3%,已覆盖,CHEMICAL_OIL,油品/化工原料,低,公开资料/本地定额,INSTALL_LOSS_TABLE,油品、化工原料按容器残留、配制和现场损耗 3.0%。
168,油品、化工原料及胶粘材料 > 化工原料 > 有机化工原料,有机化工原料,是,0.03,3%,已覆盖,CHEMICAL_OIL,油品/化工原料,低,公开资料/本地定额,INSTALL_LOSS_TABLE,油品、化工原料按容器残留、配制和现场损耗 3.0%。
1541,油品、化工原料及胶粘材料 > 化工原料 > 化工剂类,化工剂类,是,0.03,3%,已覆盖,CHEMICAL_OIL,油品/化工原料,低,公开资料/本地定额,INSTALL_LOSS_TABLE,油品、化工原料按容器残留、配制和现场损耗 3.0%。
1542,油品、化工原料及胶粘材料 > 化工原料 > 化工填料,化工填料,是,0.03,3%,已覆盖,CHEMICAL_OIL,油品/化工原料,低,公开资料/本地定额,INSTALL_LOSS_TABLE,油品、化工原料按容器残留、配制和现场损耗 3.0%。
134,油品、化工原料及胶粘材料 > 胶粘材料 > 胶粘剂,胶粘剂,是,0.05,5%,已覆盖,SEALING_STOP_WATER,止水/密封材料,中,公开资料/本地定额,PUBLIC_BUILDING_LOSS_TABLE;LOCAL_GD_SN_PARAM,止水带、密封胶、嵌缝材料按切断、搭接和胶料残留 5.0%。
169,油品、化工原料及胶粘材料 > 胶粘材料 > 胶粘制品,胶粘制品,是,0.05,5%,已覆盖,SEALING_STOP_WATER,止水/密封材料,中,公开资料/本地定额,PUBLIC_BUILDING_LOSS_TABLE;LOCAL_GD_SN_PARAM,止水带、密封胶、嵌缝材料按切断、搭接和胶料残留 5.0%。
1543,洁具及燃气器具 > 卫浴洁具 > 浴缸、浴盘,浴缸、浴盘,是,0.01,1%,已覆盖,SANITARY_FIXTURE,洁具/燃气器具,低,经验估算,,洁具、燃气器具为成品采购，取 1.0% 备损。
1544,洁具及燃气器具 > 卫浴洁具 > 净身盆、器（妇洗盆）,净身盆、器（妇洗盆）,是,0.01,1%,已覆盖,SANITARY_FIXTURE,洁具/燃气器具,低,经验估算,,洁具、燃气器具为成品采购，取 1.0% 备损。
1545,洁具及燃气器具 > 卫浴洁具 > 台盆（洗脸盆、洗手盆）,台盆（洗脸盆、洗手盆）,是,0.01,1%,已覆盖,SANITARY_FIXTURE,洁具/燃气器具,低,经验估算,,洁具、燃气器具为成品采购，取 1.0% 备损。
1546,洁具及燃气器具 > 卫浴洁具 > 洗发盆（洗头槽）,洗发盆（洗头槽）,是,0.01,1%,已覆盖,SANITARY_FIXTURE,洁具/燃气器具,低,经验估算,,洁具、燃气器具为成品采购，取 1.0% 备损。
1547,洁具及燃气器具 > 卫浴洁具 > 蹲便器,蹲便器,是,0.01,1%,已覆盖,SANITARY_FIXTURE,洁具/燃气器具,低,经验估算,,洁具、燃气器具为成品采购，取 1.0% 备损。
1548,洁具及燃气器具 > 卫浴洁具 > 座便器,座便器,是,0.01,1%,已覆盖,SANITARY_FIXTURE,洁具/燃气器具,低,经验估算,,洁具、燃气器具为成品采购，取 1.0% 备损。
1549,洁具及燃气器具 > 卫浴洁具 > 小便器,小便器,是,0.01,1%,已覆盖,SANITARY_FIXTURE,洁具/燃气器具,低,经验估算,,洁具、燃气器具为成品采购，取 1.0% 备损。
1550,洁具及燃气器具 > 卫浴洁具 > 淋浴间（房）、淋浴屏,淋浴间（房）、淋浴屏,是,0.01,1%,已覆盖,SANITARY_FIXTURE,洁具/燃气器具,低,经验估算,,洁具、燃气器具为成品采购，取 1.0% 备损。
1551,洁具及燃气器具 > 卫浴洁具 > 蒸汽房、桑拿房,蒸汽房、桑拿房,是,0.01,1%,已覆盖,SANITARY_FIXTURE,洁具/燃气器具,低,经验估算,,洁具、燃气器具为成品采购，取 1.0% 备损。
1552,洁具及燃气器具 > 洗涤类洁具 > 水槽,水槽,是,0.01,1%,已覆盖,SANITARY_FIXTURE,洁具/燃气器具,低,经验估算,,洁具、燃气器具为成品采购，取 1.0% 备损。
1553,洁具及燃气器具 > 洗涤类洁具 > 洗涤盆、化验盆,洗涤盆、化验盆,是,0.01,1%,已覆盖,SANITARY_FIXTURE,洁具/燃气器具,低,经验估算,,洁具、燃气器具为成品采购，取 1.0% 备损。
1554,洁具及燃气器具 > 卫浴家具、电器 > 化妆台、化妆镜,化妆台、化妆镜,是,0.01,1%,已覆盖,SANITARY_FIXTURE,洁具/燃气器具,低,经验估算,,洁具、燃气器具为成品采购，取 1.0% 备损。
1555,洁具及燃气器具 > 卫浴家具、电器 > 浴室家具,浴室家具,是,0.01,1%,已覆盖,SANITARY_FIXTURE,洁具/燃气器具,低,经验估算,,洁具、燃气器具为成品采购，取 1.0% 备损。
1556,洁具及燃气器具 > 卫浴家具、电器 > 卫生洁具用水箱,卫生洁具用水箱,是,0.01,1%,已覆盖,SANITARY_FIXTURE,洁具/燃气器具,低,经验估算,,洁具、燃气器具为成品采购，取 1.0% 备损。
1557,洁具及燃气器具 > 卫浴家具、电器 > 卫浴小电器,卫浴小电器,是,0.01,1%,已覆盖,SANITARY_FIXTURE,洁具/燃气器具,低,经验估算,,洁具、燃气器具为成品采购，取 1.0% 备损。
1558,洁具及燃气器具 > 卫浴家具、电器 > 喷香机、给皂器,喷香机、给皂器,是,0.01,1%,已覆盖,SANITARY_FIXTURE,洁具/燃气器具,低,经验估算,,洁具、燃气器具为成品采购，取 1.0% 备损。
1559,洁具及燃气器具 > 卫浴家具、电器 > 消毒器、消毒锅,消毒器、消毒锅,是,0.01,1%,已覆盖,SANITARY_FIXTURE,洁具/燃气器具,低,经验估算,,洁具、燃气器具为成品采购，取 1.0% 备损。
1560,洁具及燃气器具 > 燃气器具 > 调压装置,调压装置,是,0.01,1%,已覆盖,SANITARY_FIXTURE,洁具/燃气器具,低,经验估算,,洁具、燃气器具为成品采购，取 1.0% 备损。
1561,洁具及燃气器具 > 燃气器具 > 燃气管道专用附件,燃气管道专用附件,是,0.03,3%,已覆盖,PIPE_GENERAL,一般管材,中,公开资料/本地定额,LOCAL_GD_SN_PARAM;INSTALL_LOSS_TABLE,未细分材质的管材按通用管材管件 3.0%。
1562,洁具及燃气器具 > 燃气器具 > 其他燃气器具,其他燃气器具,是,0.01,1%,已覆盖,SANITARY_FIXTURE,洁具/燃气器具,低,经验估算,,洁具、燃气器具为成品采购，取 1.0% 备损。
1563,洁具及燃气器具 > 其他洁具及器具 > 厨用隔油器,厨用隔油器,是,0.01,1%,已覆盖,SANITARY_FIXTURE,洁具/燃气器具,低,经验估算,,洁具、燃气器具为成品采购，取 1.0% 备损。
1564,洁具及燃气器具 > 其他洁具及器具 > 饮水器,饮水器,是,0.01,1%,已覆盖,SANITARY_FIXTURE,洁具/燃气器具,低,经验估算,,洁具、燃气器具为成品采购，取 1.0% 备损。
1565,洁具及燃气器具 > 其他洁具及器具 > 抽水缸（凝水器）,抽水缸（凝水器）,是,0.01,1%,已覆盖,SANITARY_FIXTURE,洁具/燃气器具,低,经验估算,,洁具、燃气器具为成品采购，取 1.0% 备损。
35,洁具及燃气器具 > 其他洁具及器具 > 其他卫生洁具,其他卫生洁具,是,0.01,1%,已覆盖,SANITARY_FIXTURE,洁具/燃气器具,低,经验估算,,洁具、燃气器具为成品采购，取 1.0% 备损。
1566,水暖器材及热水、采暖锅炉设备 > 散热器 > 铸铁散热器,铸铁散热器,是,0.0,0%,已覆盖,EQUIPMENT_COMPLETE,成套设备/仪器/家具,中,口径判断,GD_2018_QUOTA_EXPLANATION,按台套、件、系统成品采购，施工材料净用量损耗率不适用；采购计算中按 0% 处理。
1567,水暖器材及热水、采暖锅炉设备 > 散热器 > 钢制散热器,钢制散热器,是,0.0,0%,已覆盖,EQUIPMENT_COMPLETE,成套设备/仪器/家具,中,口径判断,GD_2018_QUOTA_EXPLANATION,按台套、件、系统成品采购，施工材料净用量损耗率不适用；采购计算中按 0% 处理。
1568,水暖器材及热水、采暖锅炉设备 > 散热器 > 铝及铝合金散热器,铝及铝合金散热器,是,0.0,0%,已覆盖,EQUIPMENT_COMPLETE,成套设备/仪器/家具,中,口径判断,GD_2018_QUOTA_EXPLANATION,按台套、件、系统成品采购，施工材料净用量损耗率不适用；采购计算中按 0% 处理。
1569,水暖器材及热水、采暖锅炉设备 > 散热器 > 铜及复合散热器,铜及复合散热器,是,0.0,0%,已覆盖,EQUIPMENT_COMPLETE,成套设备/仪器/家具,中,口径判断,GD_2018_QUOTA_EXPLANATION,按台套、件、系统成品采购，施工材料净用量损耗率不适用；采购计算中按 0% 处理。
1570,水暖器材及热水、采暖锅炉设备 > 散热器 > 散热器专用配件,散热器专用配件,是,0.0,0%,已覆盖,EQUIPMENT_COMPLETE,成套设备/仪器/家具,中,口径判断,GD_2018_QUOTA_EXPLANATION,按台套、件、系统成品采购，施工材料净用量损耗率不适用；采购计算中按 0% 处理。
1571,水暖器材及热水、采暖锅炉设备 > 散热器 > 散热器温控阀,散热器温控阀,是,0.01,1%,已覆盖,VALVE,阀门,低,公开资料/本地定额,INSTALL_LOSS_TABLE,阀门为成品件，通常按台/个采购，施工损耗取 1.0% 的备损控制值。
1572,水暖器材及热水、采暖锅炉设备 > 散热器 > 其他散热器,其他散热器,是,0.0,0%,已覆盖,EQUIPMENT_COMPLETE,成套设备/仪器/家具,中,口径判断,GD_2018_QUOTA_EXPLANATION,按台套、件、系统成品采购，施工材料净用量损耗率不适用；采购计算中按 0% 处理。
1573,水暖器材及热水、采暖锅炉设备 > 水暖器材及设备 > 地暖分、集水器,地暖分、集水器,是,0.0,0%,已覆盖,EQUIPMENT_COMPLETE,成套设备/仪器/家具,中,口径判断,GD_2018_QUOTA_EXPLANATION,按台套、件、系统成品采购，施工材料净用量损耗率不适用；采购计算中按 0% 处理。
1574,水暖器材及热水、采暖锅炉设备 > 水暖器材及设备 > 集气罐,集气罐,是,0.0,0%,已覆盖,EQUIPMENT_COMPLETE,成套设备/仪器/家具,中,口径判断,GD_2018_QUOTA_EXPLANATION,按台套、件、系统成品采购，施工材料净用量损耗率不适用；采购计算中按 0% 处理。
1575,水暖器材及热水、采暖锅炉设备 > 水暖器材及设备 > 集热器,集热器,是,0.0,0%,已覆盖,EQUIPMENT_COMPLETE,成套设备/仪器/家具,中,口径判断,GD_2018_QUOTA_EXPLANATION,按台套、件、系统成品采购，施工材料净用量损耗率不适用；采购计算中按 0% 处理。
1576,水暖器材及热水、采暖锅炉设备 > 水暖器材及设备 > 除污器,除污器,是,0.0,0%,已覆盖,EQUIPMENT_COMPLETE,成套设备/仪器/家具,中,口径判断,GD_2018_QUOTA_EXPLANATION,按台套、件、系统成品采购，施工材料净用量损耗率不适用；采购计算中按 0% 处理。
1577,水暖器材及热水、采暖锅炉设备 > 水暖器材及设备 > 膨胀水箱,膨胀水箱,是,0.0,0%,已覆盖,EQUIPMENT_COMPLETE,成套设备/仪器/家具,中,口径判断,GD_2018_QUOTA_EXPLANATION,按台套、件、系统成品采购，施工材料净用量损耗率不适用；采购计算中按 0% 处理。
1578,水暖器材及热水、采暖锅炉设备 > 水暖器材及设备 > 水锤吸纳器,水锤吸纳器,是,0.0,0%,已覆盖,EQUIPMENT_COMPLETE,成套设备/仪器/家具,中,口径判断,GD_2018_QUOTA_EXPLANATION,按台套、件、系统成品采购，施工材料净用量损耗率不适用；采购计算中按 0% 处理。
1579,水暖器材及热水、采暖锅炉设备 > 水暖器材及设备 > 汽水集配器,汽水集配器,是,0.0,0%,已覆盖,EQUIPMENT_COMPLETE,成套设备/仪器/家具,中,口径判断,GD_2018_QUOTA_EXPLANATION,按台套、件、系统成品采购，施工材料净用量损耗率不适用；采购计算中按 0% 处理。
66,水暖器材及热水、采暖锅炉设备 > 水暖器材及设备 > 其他水暖器材及设备,其他水暖器材及设备,是,0.0,0%,已覆盖,EQUIPMENT_COMPLETE,成套设备/仪器/家具,中,口径判断,GD_2018_QUOTA_EXPLANATION,按台套、件、系统成品采购，施工材料净用量损耗率不适用；采购计算中按 0% 处理。
1580,水暖器材及热水、采暖锅炉设备 > 热水、采暖设备 > 热水器、开水炉,热水器、开水炉,是,0.0,0%,已覆盖,EQUIPMENT_COMPLETE,成套设备/仪器/家具,中,口径判断,GD_2018_QUOTA_EXPLANATION,按台套、件、系统成品采购，施工材料净用量损耗率不适用；采购计算中按 0% 处理。
1581,水暖器材及热水、采暖锅炉设备 > 热水、采暖设备 > 沸水器,沸水器,是,0.0,0%,已覆盖,EQUIPMENT_COMPLETE,成套设备/仪器/家具,中,口径判断,GD_2018_QUOTA_EXPLANATION,按台套、件、系统成品采购，施工材料净用量损耗率不适用；采购计算中按 0% 处理。
1582,水暖器材及热水、采暖锅炉设备 > 热水、采暖设备 > 热交换器,热交换器,是,0.0,0%,已覆盖,EQUIPMENT_COMPLETE,成套设备/仪器/家具,中,口径判断,GD_2018_QUOTA_EXPLANATION,按台套、件、系统成品采购，施工材料净用量损耗率不适用；采购计算中按 0% 处理。
1583,水暖器材及热水、采暖锅炉设备 > 热水、采暖设备 > 采暖炉,采暖炉,是,0.0,0%,已覆盖,EQUIPMENT_COMPLETE,成套设备/仪器/家具,中,口径判断,GD_2018_QUOTA_EXPLANATION,按台套、件、系统成品采购，施工材料净用量损耗率不适用；采购计算中按 0% 处理。
1584,水暖器材及热水、采暖锅炉设备 > 热水、采暖设备 > 浴霸,浴霸,是,0.0,0%,已覆盖,EQUIPMENT_COMPLETE,成套设备/仪器/家具,中,口径判断,GD_2018_QUOTA_EXPLANATION,按台套、件、系统成品采购，施工材料净用量损耗率不适用；采购计算中按 0% 处理。
1585,水暖器材及热水、采暖锅炉设备 > 热水、采暖设备 > 其他热水、采暖设备,其他热水、采暖设备,是,0.0,0%,已覆盖,EQUIPMENT_COMPLETE,成套设备/仪器/家具,中,口径判断,GD_2018_QUOTA_EXPLANATION,按台套、件、系统成品采购，施工材料净用量损耗率不适用；采购计算中按 0% 处理。
1586,水暖器材及热水、采暖锅炉设备 > 锅炉设备 > 锅炉,锅炉,是,0.0,0%,已覆盖,EQUIPMENT_COMPLETE,成套设备/仪器/家具,中,口径判断,GD_2018_QUOTA_EXPLANATION,按台套、件、系统成品采购，施工材料净用量损耗率不适用；采购计算中按 0% 处理。
1587,水暖器材及热水、采暖锅炉设备 > 锅炉设备 > 其他锅炉设备,其他锅炉设备,是,0.0,0%,已覆盖,EQUIPMENT_COMPLETE,成套设备/仪器/家具,中,口径判断,GD_2018_QUOTA_EXPLANATION,按台套、件、系统成品采购，施工材料净用量损耗率不适用；采购计算中按 0% 处理。
1588,通风空调设备 > 空调设备 > 分散式空调系统（空调器）,分散式空调系统（空调器）,是,0.0,0%,已覆盖,EQUIPMENT_COMPLETE,成套设备/仪器/家具,中,口径判断,GD_2018_QUOTA_EXPLANATION,按台套、件、系统成品采购，施工材料净用量损耗率不适用；采购计算中按 0% 处理。
219,通风空调设备 > 空调设备 > 集中式空调系统（中央空调）,集中式空调系统（中央空调）,是,0.0,0%,已覆盖,EQUIPMENT_COMPLETE,成套设备/仪器/家具,中,口径判断,GD_2018_QUOTA_EXPLANATION,按台套、件、系统成品采购，施工材料净用量损耗率不适用；采购计算中按 0% 处理。
1589,通风空调设备 > 空调末端设备 > 新风机组,新风机组,是,0.0,0%,已覆盖,EQUIPMENT_COMPLETE,成套设备/仪器/家具,中,口径判断,GD_2018_QUOTA_EXPLANATION,按台套、件、系统成品采购，施工材料净用量损耗率不适用；采购计算中按 0% 处理。
1590,通风空调设备 > 空调末端设备 > 风机盘管,风机盘管,是,0.0,0%,已覆盖,EQUIPMENT_COMPLETE,成套设备/仪器/家具,中,口径判断,GD_2018_QUOTA_EXPLANATION,按台套、件、系统成品采购，施工材料净用量损耗率不适用；采购计算中按 0% 处理。
1591,通风空调设备 > 空调末端设备 > 诱导器,诱导器,是,0.0,0%,已覆盖,EQUIPMENT_COMPLETE,成套设备/仪器/家具,中,口径判断,GD_2018_QUOTA_EXPLANATION,按台套、件、系统成品采购，施工材料净用量损耗率不适用；采购计算中按 0% 处理。
1592,通风空调设备 > 空调末端设备 > 空气幕,空气幕,是,0.0,0%,已覆盖,EQUIPMENT_COMPLETE,成套设备/仪器/家具,中,口径判断,GD_2018_QUOTA_EXPLANATION,按台套、件、系统成品采购，施工材料净用量损耗率不适用；采购计算中按 0% 处理。
80,通风空调设备 > 空调末端设备 > 风口,风口,是,0.0,0%,已覆盖,EQUIPMENT_COMPLETE,成套设备/仪器/家具,中,口径判断,GD_2018_QUOTA_EXPLANATION,按台套、件、系统成品采购，施工材料净用量损耗率不适用；采购计算中按 0% 处理。
1593,通风空调设备 > 空调末端设备 > 散流器,散流器,是,0.0,0%,已覆盖,EQUIPMENT_COMPLETE,成套设备/仪器/家具,中,口径判断,GD_2018_QUOTA_EXPLANATION,按台套、件、系统成品采购，施工材料净用量损耗率不适用；采购计算中按 0% 处理。
1594,通风空调设备 > 冷热水机组 > 水冷冷水机组,水冷冷水机组,是,0.0,0%,已覆盖,EQUIPMENT_COMPLETE,成套设备/仪器/家具,中,口径判断,GD_2018_QUOTA_EXPLANATION,按台套、件、系统成品采购，施工材料净用量损耗率不适用；采购计算中按 0% 处理。
1595,通风空调设备 > 冷热水机组 > 风冷冷水机组,风冷冷水机组,是,0.0,0%,已覆盖,EQUIPMENT_COMPLETE,成套设备/仪器/家具,中,口径判断,GD_2018_QUOTA_EXPLANATION,按台套、件、系统成品采购，施工材料净用量损耗率不适用；采购计算中按 0% 处理。
1596,通风空调设备 > 冷热水机组 > 压缩式冷水机组,压缩式冷水机组,是,0.0,0%,已覆盖,EQUIPMENT_COMPLETE,成套设备/仪器/家具,中,口径判断,GD_2018_QUOTA_EXPLANATION,按台套、件、系统成品采购，施工材料净用量损耗率不适用；采购计算中按 0% 处理。
1597,通风空调设备 > 冷热水机组 > 吸收式冷水机组,吸收式冷水机组,是,0.0,0%,已覆盖,EQUIPMENT_COMPLETE,成套设备/仪器/家具,中,口径判断,GD_2018_QUOTA_EXPLANATION,按台套、件、系统成品采购，施工材料净用量损耗率不适用；采购计算中按 0% 处理。
1598,通风空调设备 > 冷热水机组 > 水源热泵机组,水源热泵机组,是,0.0,0%,已覆盖,EQUIPMENT_COMPLETE,成套设备/仪器/家具,中,口径判断,GD_2018_QUOTA_EXPLANATION,按台套、件、系统成品采购，施工材料净用量损耗率不适用；采购计算中按 0% 处理。
1599,通风空调设备 > 冷热水机组 > 地源热泵机组,地源热泵机组,是,0.0,0%,已覆盖,EQUIPMENT_COMPLETE,成套设备/仪器/家具,中,口径判断,GD_2018_QUOTA_EXPLANATION,按台套、件、系统成品采购，施工材料净用量损耗率不适用；采购计算中按 0% 处理。
1600,通风空调设备 > 冷热水机组 > 空气源热泵机组,空气源热泵机组,是,0.0,0%,已覆盖,EQUIPMENT_COMPLETE,成套设备/仪器/家具,中,口径判断,GD_2018_QUOTA_EXPLANATION,按台套、件、系统成品采购，施工材料净用量损耗率不适用；采购计算中按 0% 处理。
1601,通风空调设备 > 冷却塔 > 逆流式冷却塔,逆流式冷却塔,是,0.0,0%,已覆盖,EQUIPMENT_COMPLETE,成套设备/仪器/家具,中,口径判断,GD_2018_QUOTA_EXPLANATION,按台套、件、系统成品采购，施工材料净用量损耗率不适用；采购计算中按 0% 处理。
1602,通风空调设备 > 冷却塔 > 横流式冷却塔,横流式冷却塔,是,0.0,0%,已覆盖,EQUIPMENT_COMPLETE,成套设备/仪器/家具,中,口径判断,GD_2018_QUOTA_EXPLANATION,按台套、件、系统成品采购，施工材料净用量损耗率不适用；采购计算中按 0% 处理。
1603,通风空调设备 > 冷却塔 > 混流式冷却塔,混流式冷却塔,是,0.0,0%,已覆盖,EQUIPMENT_COMPLETE,成套设备/仪器/家具,中,口径判断,GD_2018_QUOTA_EXPLANATION,按台套、件、系统成品采购，施工材料净用量损耗率不适用；采购计算中按 0% 处理。
1604,通风空调设备 > 空调系统部件 > 压缩机,压缩机,是,0.0,0%,已覆盖,EQUIPMENT_COMPLETE,成套设备/仪器/家具,中,口径判断,GD_2018_QUOTA_EXPLANATION,按台套、件、系统成品采购，施工材料净用量损耗率不适用；采购计算中按 0% 处理。
1605,通风空调设备 > 空调系统部件 > 换热器（蒸发器、冷凝器）,换热器（蒸发器、冷凝器）,是,0.0,0%,已覆盖,EQUIPMENT_COMPLETE,成套设备/仪器/家具,中,口径判断,GD_2018_QUOTA_EXPLANATION,按台套、件、系统成品采购，施工材料净用量损耗率不适用；采购计算中按 0% 处理。
1606,通风空调设备 > 空调系统部件 > 节流元件,节流元件,是,0.0,0%,已覆盖,EQUIPMENT_COMPLETE,成套设备/仪器/家具,中,口径判断,GD_2018_QUOTA_EXPLANATION,按台套、件、系统成品采购，施工材料净用量损耗率不适用；采购计算中按 0% 处理。
1607,通风空调设备 > 空调系统部件 > 空气加热、冷却器,空气加热、冷却器,是,0.0,0%,已覆盖,EQUIPMENT_COMPLETE,成套设备/仪器/家具,中,口径判断,GD_2018_QUOTA_EXPLANATION,按台套、件、系统成品采购，施工材料净用量损耗率不适用；采购计算中按 0% 处理。
1608,通风空调设备 > 空调系统部件 > 风口过滤器、过滤网,风口过滤器、过滤网,是,0.0,0%,已覆盖,EQUIPMENT_COMPLETE,成套设备/仪器/家具,中,口径判断,GD_2018_QUOTA_EXPLANATION,按台套、件、系统成品采购，施工材料净用量损耗率不适用；采购计算中按 0% 处理。
1609,通风空调设备 > 空调系统部件 > 净化过滤设备,净化过滤设备,是,0.0,0%,已覆盖,EQUIPMENT_COMPLETE,成套设备/仪器/家具,中,口径判断,GD_2018_QUOTA_EXPLANATION,按台套、件、系统成品采购，施工材料净用量损耗率不适用；采购计算中按 0% 处理。
1610,通风空调设备 > 空调系统部件 > 变速器,变速器,是,0.0,0%,已覆盖,EQUIPMENT_COMPLETE,成套设备/仪器/家具,中,口径判断,GD_2018_QUOTA_EXPLANATION,按台套、件、系统成品采购，施工材料净用量损耗率不适用；采购计算中按 0% 处理。
1611,通风空调设备 > 空调系统部件 > 喷雾器,喷雾器,是,0.0,0%,已覆盖,EQUIPMENT_COMPLETE,成套设备/仪器/家具,中,口径判断,GD_2018_QUOTA_EXPLANATION,按台套、件、系统成品采购，施工材料净用量损耗率不适用；采购计算中按 0% 处理。
216,通风空调设备 > 通风设备 > 通风机,通风机,是,0.0,0%,已覆盖,EQUIPMENT_COMPLETE,成套设备/仪器/家具,中,口径判断,GD_2018_QUOTA_EXPLANATION,按台套、件、系统成品采购，施工材料净用量损耗率不适用；采购计算中按 0% 处理。
1612,通风空调设备 > 通风设备 > 鼓风机,鼓风机,是,0.0,0%,已覆盖,EQUIPMENT_COMPLETE,成套设备/仪器/家具,中,口径判断,GD_2018_QUOTA_EXPLANATION,按台套、件、系统成品采购，施工材料净用量损耗率不适用；采购计算中按 0% 处理。
1613,通风空调设备 > 通风设备 > 吊风扇、壁扇,吊风扇、壁扇,是,0.0,0%,已覆盖,EQUIPMENT_COMPLETE,成套设备/仪器/家具,中,口径判断,GD_2018_QUOTA_EXPLANATION,按台套、件、系统成品采购，施工材料净用量损耗率不适用；采购计算中按 0% 处理。
217,通风空调设备 > 通风设备 > 排气扇、换气扇,排气扇、换气扇,是,0.0,0%,已覆盖,EQUIPMENT_COMPLETE,成套设备/仪器/家具,中,口径判断,GD_2018_QUOTA_EXPLANATION,按台套、件、系统成品采购，施工材料净用量损耗率不适用；采购计算中按 0% 处理。
1614,通风空调设备 > 通风设备 > 台扇、落地扇,台扇、落地扇,是,0.0,0%,已覆盖,EQUIPMENT_COMPLETE,成套设备/仪器/家具,中,口径判断,GD_2018_QUOTA_EXPLANATION,按台套、件、系统成品采购，施工材料净用量损耗率不适用；采购计算中按 0% 处理。
1615,通风空调设备 > 风管及风管部件 > 风管、风道,风管、风道,是,0.138,13.8%,已覆盖,DUCT,风管,高,公开资料/本地定额,LOCAL_GD_SN_PARAM;INSTALL_LOSS_TABLE,本地校准：广东通风镀锌钢板咬口风管消耗 11.38m²/10m²，折算 13.8%。
1616,通风空调设备 > 风管及风管部件 > 风帽,风帽,是,0.138,13.8%,已覆盖,DUCT,风管,高,公开资料/本地定额,LOCAL_GD_SN_PARAM;INSTALL_LOSS_TABLE,本地校准：广东通风镀锌钢板咬口风管消耗 11.38m²/10m²，折算 13.8%。
1617,通风空调设备 > 风管及风管部件 > 风管罩,风管罩,是,0.138,13.8%,已覆盖,DUCT,风管,高,公开资料/本地定额,LOCAL_GD_SN_PARAM;INSTALL_LOSS_TABLE,本地校准：广东通风镀锌钢板咬口风管消耗 11.38m²/10m²，折算 13.8%。
1618,通风空调设备 > 风管及风管部件 > 消声器,消声器,是,0.138,13.8%,已覆盖,DUCT,风管,高,公开资料/本地定额,LOCAL_GD_SN_PARAM;INSTALL_LOSS_TABLE,本地校准：广东通风镀锌钢板咬口风管消耗 11.38m²/10m²，折算 13.8%。
1619,通风空调设备 > 风管及风管部件 > 静压箱,静压箱,是,0.138,13.8%,已覆盖,DUCT,风管,高,公开资料/本地定额,LOCAL_GD_SN_PARAM;INSTALL_LOSS_TABLE,本地校准：广东通风镀锌钢板咬口风管消耗 11.38m²/10m²，折算 13.8%。
82,通风空调设备 > 风管及风管部件 > 风管调节阀,风管调节阀,是,0.01,1%,已覆盖,VALVE,阀门,低,公开资料/本地定额,INSTALL_LOSS_TABLE,阀门为成品件，通常按台/个采购，施工损耗取 1.0% 的备损控制值。
1620,通风空调设备 > 其他通风空调设备及配件 > 空调配件,空调配件,是,0.0,0%,已覆盖,EQUIPMENT_COMPLETE,成套设备/仪器/家具,中,口径判断,GD_2018_QUOTA_EXPLANATION,按台套、件、系统成品采购，施工材料净用量损耗率不适用；采购计算中按 0% 处理。
1622,通风空调设备 > 其他通风空调设备及配件 > 除湿机,除湿机,是,0.0,0%,已覆盖,EQUIPMENT_COMPLETE,成套设备/仪器/家具,中,口径判断,GD_2018_QUOTA_EXPLANATION,按台套、件、系统成品采购，施工材料净用量损耗率不适用；采购计算中按 0% 处理。
1623,通风空调设备 > 其他通风空调设备及配件 > 其他通风空调设备,其他通风空调设备,是,0.0,0%,已覆盖,EQUIPMENT_COMPLETE,成套设备/仪器/家具,中,口径判断,GD_2018_QUOTA_EXPLANATION,按台套、件、系统成品采购，施工材料净用量损耗率不适用；采购计算中按 0% 处理。
218,通风空调设备 > 其他通风空调设备及配件 > 其他通风器材,其他通风器材,是,0.0,0%,已覆盖,EQUIPMENT_COMPLETE,成套设备/仪器/家具,中,口径判断,GD_2018_QUOTA_EXPLANATION,按台套、件、系统成品采购，施工材料净用量损耗率不适用；采购计算中按 0% 处理。
1624,通风空调设备 > 其他通风空调设备及配件 > 其他配件,其他配件,是,0.0,0%,已覆盖,EQUIPMENT_COMPLETE,成套设备/仪器/家具,中,口径判断,GD_2018_QUOTA_EXPLANATION,按台套、件、系统成品采购，施工材料净用量损耗率不适用；采购计算中按 0% 处理。
79,电梯 > 普通电梯 > 乘客电梯,乘客电梯,是,0.0,0%,已覆盖,EQUIPMENT_COMPLETE,成套设备/仪器/家具,中,口径判断,GD_2018_QUOTA_EXPLANATION,按台套、件、系统成品采购，施工材料净用量损耗率不适用；采购计算中按 0% 处理。
1625,电梯 > 普通电梯 > 客货电梯,客货电梯,是,0.0,0%,已覆盖,EQUIPMENT_COMPLETE,成套设备/仪器/家具,中,口径判断,GD_2018_QUOTA_EXPLANATION,按台套、件、系统成品采购，施工材料净用量损耗率不适用；采购计算中按 0% 处理。
1626,电梯 > 普通电梯 > 载货电梯,载货电梯,是,0.0,0%,已覆盖,EQUIPMENT_COMPLETE,成套设备/仪器/家具,中,口径判断,GD_2018_QUOTA_EXPLANATION,按台套、件、系统成品采购，施工材料净用量损耗率不适用；采购计算中按 0% 处理。
1627,电梯 > 普通电梯 > 杂物电梯,杂物电梯,是,0.0,0%,已覆盖,EQUIPMENT_COMPLETE,成套设备/仪器/家具,中,口径判断,GD_2018_QUOTA_EXPLANATION,按台套、件、系统成品采购，施工材料净用量损耗率不适用；采购计算中按 0% 处理。
1628,电梯 > 普通电梯 > 家用电梯,家用电梯,是,0.0,0%,已覆盖,EQUIPMENT_COMPLETE,成套设备/仪器/家具,中,口径判断,GD_2018_QUOTA_EXPLANATION,按台套、件、系统成品采购，施工材料净用量损耗率不适用；采购计算中按 0% 处理。
1629,电梯 > 医用电梯 > 医用电梯,医用电梯,是,0.0,0%,已覆盖,EQUIPMENT_COMPLETE,成套设备/仪器/家具,中,口径判断,GD_2018_QUOTA_EXPLANATION,按台套、件、系统成品采购，施工材料净用量损耗率不适用；采购计算中按 0% 处理。
1630,电梯 > 观光电梯 > 观光电梯,观光电梯,是,0.0,0%,已覆盖,EQUIPMENT_COMPLETE,成套设备/仪器/家具,中,口径判断,GD_2018_QUOTA_EXPLANATION,按台套、件、系统成品采购，施工材料净用量损耗率不适用；采购计算中按 0% 处理。
1631,电梯 > 汽车电梯 > 非商用汽车电梯,非商用汽车电梯,是,0.0,0%,已覆盖,EQUIPMENT_COMPLETE,成套设备/仪器/家具,中,口径判断,GD_2018_QUOTA_EXPLANATION,按台套、件、系统成品采购，施工材料净用量损耗率不适用；采购计算中按 0% 处理。
1632,电梯 > 自动扶梯和自动人行道 > 自动扶梯,自动扶梯,是,0.0,0%,已覆盖,EQUIPMENT_COMPLETE,成套设备/仪器/家具,中,口径判断,GD_2018_QUOTA_EXPLANATION,按台套、件、系统成品采购，施工材料净用量损耗率不适用；采购计算中按 0% 处理。
1633,电梯 > 自动扶梯和自动人行道 > 自动人行道,自动人行道,是,0.0,0%,已覆盖,EQUIPMENT_COMPLETE,成套设备/仪器/家具,中,口径判断,GD_2018_QUOTA_EXPLANATION,按台套、件、系统成品采购，施工材料净用量损耗率不适用；采购计算中按 0% 处理。
1634,电梯 > 其他电梯及配件 > 电梯配件,电梯配件,是,0.0,0%,已覆盖,EQUIPMENT_COMPLETE,成套设备/仪器/家具,中,口径判断,GD_2018_QUOTA_EXPLANATION,按台套、件、系统成品采购，施工材料净用量损耗率不适用；采购计算中按 0% 处理。
1635,电梯 > 其他电梯及配件 > 其他电梯,其他电梯,是,0.0,0%,已覆盖,EQUIPMENT_COMPLETE,成套设备/仪器/家具,中,口径判断,GD_2018_QUOTA_EXPLANATION,按台套、件、系统成品采购，施工材料净用量损耗率不适用；采购计算中按 0% 处理。
1636,泵、供水设备 > 泵类设备 > 离心式水泵,离心式水泵,是,0.0,0%,已覆盖,EQUIPMENT_COMPLETE,成套设备/仪器/家具,中,口径判断,GD_2018_QUOTA_EXPLANATION,按台套、件、系统成品采购，施工材料净用量损耗率不适用；采购计算中按 0% 处理。
1637,泵、供水设备 > 泵类设备 > 离心式油泵,离心式油泵,是,0.0,0%,已覆盖,EQUIPMENT_COMPLETE,成套设备/仪器/家具,中,口径判断,GD_2018_QUOTA_EXPLANATION,按台套、件、系统成品采购，施工材料净用量损耗率不适用；采购计算中按 0% 处理。
1638,泵、供水设备 > 泵类设备 > 离心式耐腐蚀泵,离心式耐腐蚀泵,是,0.0,0%,已覆盖,EQUIPMENT_COMPLETE,成套设备/仪器/家具,中,口径判断,GD_2018_QUOTA_EXPLANATION,按台套、件、系统成品采购，施工材料净用量损耗率不适用；采购计算中按 0% 处理。
1639,泵、供水设备 > 泵类设备 > 离心式杂质泵,离心式杂质泵,是,0.0,0%,已覆盖,EQUIPMENT_COMPLETE,成套设备/仪器/家具,中,口径判断,GD_2018_QUOTA_EXPLANATION,按台套、件、系统成品采购，施工材料净用量损耗率不适用；采购计算中按 0% 处理。
1640,泵、供水设备 > 泵类设备 > 轴流泵,轴流泵,是,0.0,0%,已覆盖,EQUIPMENT_COMPLETE,成套设备/仪器/家具,中,口径判断,GD_2018_QUOTA_EXPLANATION,按台套、件、系统成品采购，施工材料净用量损耗率不适用；采购计算中按 0% 处理。
1641,泵、供水设备 > 泵类设备 > 混流泵,混流泵,是,0.0,0%,已覆盖,EQUIPMENT_COMPLETE,成套设备/仪器/家具,中,口径判断,GD_2018_QUOTA_EXPLANATION,按台套、件、系统成品采购，施工材料净用量损耗率不适用；采购计算中按 0% 处理。
1642,泵、供水设备 > 泵类设备 > 旋涡泵,旋涡泵,是,0.0,0%,已覆盖,EQUIPMENT_COMPLETE,成套设备/仪器/家具,中,口径判断,GD_2018_QUOTA_EXPLANATION,按台套、件、系统成品采购，施工材料净用量损耗率不适用；采购计算中按 0% 处理。
1643,泵、供水设备 > 泵类设备 > 往复泵,往复泵,是,0.0,0%,已覆盖,EQUIPMENT_COMPLETE,成套设备/仪器/家具,中,口径判断,GD_2018_QUOTA_EXPLANATION,按台套、件、系统成品采购，施工材料净用量损耗率不适用；采购计算中按 0% 处理。
1644,泵、供水设备 > 泵类设备 > 转子泵,转子泵,是,0.0,0%,已覆盖,EQUIPMENT_COMPLETE,成套设备/仪器/家具,中,口径判断,GD_2018_QUOTA_EXPLANATION,按台套、件、系统成品采购，施工材料净用量损耗率不适用；采购计算中按 0% 处理。
1645,泵、供水设备 > 泵类设备 > 计量泵,计量泵,是,0.0,0%,已覆盖,EQUIPMENT_COMPLETE,成套设备/仪器/家具,中,口径判断,GD_2018_QUOTA_EXPLANATION,按台套、件、系统成品采购，施工材料净用量损耗率不适用；采购计算中按 0% 处理。
1646,泵、供水设备 > 泵类设备 > 真空泵,真空泵,是,0.0,0%,已覆盖,EQUIPMENT_COMPLETE,成套设备/仪器/家具,中,口径判断,GD_2018_QUOTA_EXPLANATION,按台套、件、系统成品采购，施工材料净用量损耗率不适用；采购计算中按 0% 处理。
1647,泵、供水设备 > 泵类设备 > 射流泵,射流泵,是,0.0,0%,已覆盖,EQUIPMENT_COMPLETE,成套设备/仪器/家具,中,口径判断,GD_2018_QUOTA_EXPLANATION,按台套、件、系统成品采购，施工材料净用量损耗率不适用；采购计算中按 0% 处理。
1648,泵、供水设备 > 泵类设备 > 气体扬水泵,气体扬水泵,是,0.0,0%,已覆盖,EQUIPMENT_COMPLETE,成套设备/仪器/家具,中,口径判断,GD_2018_QUOTA_EXPLANATION,按台套、件、系统成品采购，施工材料净用量损耗率不适用；采购计算中按 0% 处理。
1649,泵、供水设备 > 泵类设备 > 水锤泵,水锤泵,是,0.0,0%,已覆盖,EQUIPMENT_COMPLETE,成套设备/仪器/家具,中,口径判断,GD_2018_QUOTA_EXPLANATION,按台套、件、系统成品采购，施工材料净用量损耗率不适用；采购计算中按 0% 处理。
1650,泵、供水设备 > 泵类设备 > 电磁泵,电磁泵,是,0.0,0%,已覆盖,EQUIPMENT_COMPLETE,成套设备/仪器/家具,中,口径判断,GD_2018_QUOTA_EXPLANATION,按台套、件、系统成品采购，施工材料净用量损耗率不适用；采购计算中按 0% 处理。
1651,泵、供水设备 > 泵类设备 > 水轮泵,水轮泵,是,0.0,0%,已覆盖,EQUIPMENT_COMPLETE,成套设备/仪器/家具,中,口径判断,GD_2018_QUOTA_EXPLANATION,按台套、件、系统成品采购，施工材料净用量损耗率不适用；采购计算中按 0% 处理。
31,泵、供水设备 > 泵类设备 > 其他泵,其他泵,是,0.0,0%,已覆盖,EQUIPMENT_COMPLETE,成套设备/仪器/家具,中,口径判断,GD_2018_QUOTA_EXPLANATION,按台套、件、系统成品采购，施工材料净用量损耗率不适用；采购计算中按 0% 处理。
1652,泵、供水设备 > 泵类设备 > 泵专用配件,泵专用配件,是,0.0,0%,已覆盖,EQUIPMENT_COMPLETE,成套设备/仪器/家具,中,口径判断,GD_2018_QUOTA_EXPLANATION,按台套、件、系统成品采购，施工材料净用量损耗率不适用；采购计算中按 0% 处理。
90,泵、供水设备 > 供水设备 > 供水设备,供水设备,是,0.0,0%,已覆盖,EQUIPMENT_COMPLETE,成套设备/仪器/家具,中,口径判断,GD_2018_QUOTA_EXPLANATION,按台套、件、系统成品采购，施工材料净用量损耗率不适用；采购计算中按 0% 处理。
1653,泵、供水设备 > 供水设备 > 供水控制柜,供水控制柜,是,0.0,0%,已覆盖,EQUIPMENT_COMPLETE,成套设备/仪器/家具,中,口径判断,GD_2018_QUOTA_EXPLANATION,按台套、件、系统成品采购，施工材料净用量损耗率不适用；采购计算中按 0% 处理。
1654,水处理及环保设备 > 原水处理设备 > 水软化设备,水软化设备,是,0.0,0%,已覆盖,EQUIPMENT_COMPLETE,成套设备/仪器/家具,中,口径判断,GD_2018_QUOTA_EXPLANATION,按台套、件、系统成品采购，施工材料净用量损耗率不适用；采购计算中按 0% 处理。
1655,水处理及环保设备 > 原水处理设备 > 水垢处理设备,水垢处理设备,是,0.0,0%,已覆盖,EQUIPMENT_COMPLETE,成套设备/仪器/家具,中,口径判断,GD_2018_QUOTA_EXPLANATION,按台套、件、系统成品采购，施工材料净用量损耗率不适用；采购计算中按 0% 处理。
1656,水处理及环保设备 > 原水处理设备 > 膜与膜设备,膜与膜设备,是,0.0,0%,已覆盖,EQUIPMENT_COMPLETE,成套设备/仪器/家具,中,口径判断,GD_2018_QUOTA_EXPLANATION,按台套、件、系统成品采购，施工材料净用量损耗率不适用；采购计算中按 0% 处理。
1657,水处理及环保设备 > 原水处理设备 > 过滤设备,过滤设备,是,0.0,0%,已覆盖,EQUIPMENT_COMPLETE,成套设备/仪器/家具,中,口径判断,GD_2018_QUOTA_EXPLANATION,按台套、件、系统成品采购，施工材料净用量损耗率不适用；采购计算中按 0% 处理。
163,水处理及环保设备 > 原水处理设备 > 水处理成套设备,水处理成套设备,是,0.0,0%,已覆盖,EQUIPMENT_COMPLETE,成套设备/仪器/家具,中,口径判断,GD_2018_QUOTA_EXPLANATION,按台套、件、系统成品采购，施工材料净用量损耗率不适用；采购计算中按 0% 处理。
1658,水处理及环保设备 > 原水处理设备 > 毛发聚集器,毛发聚集器,是,0.0,0%,已覆盖,EQUIPMENT_COMPLETE,成套设备/仪器/家具,中,口径判断,GD_2018_QUOTA_EXPLANATION,按台套、件、系统成品采购，施工材料净用量损耗率不适用；采购计算中按 0% 处理。
1659,水处理及环保设备 > 污水处理设备 > 曝气设备,曝气设备,是,0.0,0%,已覆盖,EQUIPMENT_COMPLETE,成套设备/仪器/家具,中,口径判断,GD_2018_QUOTA_EXPLANATION,按台套、件、系统成品采购，施工材料净用量损耗率不适用；采购计算中按 0% 处理。
1660,水处理及环保设备 > 污水处理设备 > 气浮设备,气浮设备,是,0.0,0%,已覆盖,EQUIPMENT_COMPLETE,成套设备/仪器/家具,中,口径判断,GD_2018_QUOTA_EXPLANATION,按台套、件、系统成品采购，施工材料净用量损耗率不适用；采购计算中按 0% 处理。
1661,水处理及环保设备 > 污水处理设备 > 格栅类栏污设备,格栅类栏污设备,是,0.05,5%,已覆盖,BOARD_CEILING,饰面板/吊顶板,中,公开资料/本地定额,PUBLIC_BUILDING_LOSS_TABLE,石膏板、装饰板、吊顶板、格栅等按裁切排版 5.0%。
1662,水处理及环保设备 > 污水处理设备 > 油水分离装置,油水分离装置,是,0.0,0%,已覆盖,EQUIPMENT_COMPLETE,成套设备/仪器/家具,中,口径判断,GD_2018_QUOTA_EXPLANATION,按台套、件、系统成品采购，施工材料净用量损耗率不适用；采购计算中按 0% 处理。
1663,水处理及环保设备 > 污水处理设备 > 除污除砂排泥设备,除污除砂排泥设备,是,0.03,3%,已覆盖,SAND_STONE,砂石粉灰土,中,公开资料/本地定额,PUBLIC_BUILDING_LOSS_TABLE,砂、石、粉、灰、土等散料按 3.0% 估算。
1664,水处理及环保设备 > 污水处理设备 > 污泥脱水设备,污泥脱水设备,是,0.0,0%,已覆盖,EQUIPMENT_COMPLETE,成套设备/仪器/家具,中,口径判断,GD_2018_QUOTA_EXPLANATION,按台套、件、系统成品采购，施工材料净用量损耗率不适用；采购计算中按 0% 处理。
1665,水处理及环保设备 > 污水处理设备 > 生化反应器,生化反应器,是,0.0,0%,已覆盖,EQUIPMENT_COMPLETE,成套设备/仪器/家具,中,口径判断,GD_2018_QUOTA_EXPLANATION,按台套、件、系统成品采购，施工材料净用量损耗率不适用；采购计算中按 0% 处理。
1666,水处理及环保设备 > 消毒设备 > 灭菌消毒/加药装置,灭菌消毒/加药装置,是,0.0,0%,已覆盖,EQUIPMENT_COMPLETE,成套设备/仪器/家具,中,口径判断,GD_2018_QUOTA_EXPLANATION,按台套、件、系统成品采购，施工材料净用量损耗率不适用；采购计算中按 0% 处理。
1667,水处理及环保设备 > 环保设备 > 除气设备,除气设备,是,0.0,0%,已覆盖,EQUIPMENT_COMPLETE,成套设备/仪器/家具,中,口径判断,GD_2018_QUOTA_EXPLANATION,按台套、件、系统成品采购，施工材料净用量损耗率不适用；采购计算中按 0% 处理。
1668,水处理及环保设备 > 环保设备 > 除尘设备,除尘设备,是,0.0,0%,已覆盖,EQUIPMENT_COMPLETE,成套设备/仪器/家具,中,口径判断,GD_2018_QUOTA_EXPLANATION,按台套、件、系统成品采购，施工材料净用量损耗率不适用；采购计算中按 0% 处理。
1669,水处理及环保设备 > 环保设备 > 垃圾处理设施,垃圾处理设施,是,0.0,0%,已覆盖,EQUIPMENT_COMPLETE,成套设备/仪器/家具,中,口径判断,GD_2018_QUOTA_EXPLANATION,按台套、件、系统成品采购，施工材料净用量损耗率不适用；采购计算中按 0% 处理。
1670,水处理及环保设备 > 环保设备 > 环保厕所,环保厕所,是,0.0,0%,已覆盖,EQUIPMENT_COMPLETE,成套设备/仪器/家具,中,口径判断,GD_2018_QUOTA_EXPLANATION,按台套、件、系统成品采购，施工材料净用量损耗率不适用；采购计算中按 0% 处理。
1671,水处理及环保设备 > 环保设备 > 化粪池,化粪池,是,0.0,0%,已覆盖,EQUIPMENT_COMPLETE,成套设备/仪器/家具,中,口径判断,GD_2018_QUOTA_EXPLANATION,按台套、件、系统成品采购，施工材料净用量损耗率不适用；采购计算中按 0% 处理。
1672,水处理及环保设备 > 环保设备 > 噪音防护设施,噪音防护设施,是,0.0,0%,已覆盖,EQUIPMENT_COMPLETE,成套设备/仪器/家具,中,口径判断,GD_2018_QUOTA_EXPLANATION,按台套、件、系统成品采购，施工材料净用量损耗率不适用；采购计算中按 0% 处理。
107,水处理及环保设备 > 环保设备 > 其他环保设备,其他环保设备,是,0.0,0%,已覆盖,EQUIPMENT_COMPLETE,成套设备/仪器/家具,中,口径判断,GD_2018_QUOTA_EXPLANATION,按台套、件、系统成品采购，施工材料净用量损耗率不适用；采购计算中按 0% 处理。
1673,水处理及环保设备 > 水处理及环保设备耗材 > 水处理及环保用填料,水处理及环保用填料,是,0.0,0%,已覆盖,EQUIPMENT_COMPLETE,成套设备/仪器/家具,中,口径判断,GD_2018_QUOTA_EXPLANATION,按台套、件、系统成品采购，施工材料净用量损耗率不适用；采购计算中按 0% 处理。
1674,水处理及环保设备 > 水处理及环保设备耗材 > 过滤材料,过滤材料,是,0.0,0%,已覆盖,EQUIPMENT_COMPLETE,成套设备/仪器/家具,中,口径判断,GD_2018_QUOTA_EXPLANATION,按台套、件、系统成品采购，施工材料净用量损耗率不适用；采购计算中按 0% 处理。
160,弱电智能化系统及设备 > 信息设施系统 > 有线电视、卫星电视系统,有线电视、卫星电视系统,是,0.0,0%,已覆盖,EQUIPMENT_COMPLETE,成套设备/仪器/家具,中,口径判断,GD_2018_QUOTA_EXPLANATION,按台套、件、系统成品采购，施工材料净用量损耗率不适用；采购计算中按 0% 处理。
1675,弱电智能化系统及设备 > 信息设施系统 > 移动通信室内信号系统,移动通信室内信号系统,是,0.0,0%,已覆盖,EQUIPMENT_COMPLETE,成套设备/仪器/家具,中,口径判断,GD_2018_QUOTA_EXPLANATION,按台套、件、系统成品采购，施工材料净用量损耗率不适用；采购计算中按 0% 处理。
86,弱电智能化系统及设备 > 信息设施系统 > 信息网络系统,信息网络系统,是,0.0,0%,已覆盖,EQUIPMENT_COMPLETE,成套设备/仪器/家具,中,口径判断,GD_2018_QUOTA_EXPLANATION,按台套、件、系统成品采购，施工材料净用量损耗率不适用；采购计算中按 0% 处理。
1676,弱电智能化系统及设备 > 信息设施系统 > 微波无线接入设备,微波无线接入设备,是,0.0,0%,已覆盖,EQUIPMENT_COMPLETE,成套设备/仪器/家具,中,口径判断,GD_2018_QUOTA_EXPLANATION,按台套、件、系统成品采购，施工材料净用量损耗率不适用；采购计算中按 0% 处理。
161,弱电智能化系统及设备 > 信息设施系统 > 公共广播系统,公共广播系统,是,0.0,0%,已覆盖,EQUIPMENT_COMPLETE,成套设备/仪器/家具,中,口径判断,GD_2018_QUOTA_EXPLANATION,按台套、件、系统成品采购，施工材料净用量损耗率不适用；采购计算中按 0% 处理。
162,弱电智能化系统及设备 > 信息设施系统 > 电话会议设备,电话会议设备,是,0.0,0%,已覆盖,EQUIPMENT_COMPLETE,成套设备/仪器/家具,中,口径判断,GD_2018_QUOTA_EXPLANATION,按台套、件、系统成品采购，施工材料净用量损耗率不适用；采购计算中按 0% 处理。
106,弱电智能化系统及设备 > 信息设施系统 > 综合布线系统,综合布线系统,是,0.0,0%,已覆盖,EQUIPMENT_COMPLETE,成套设备/仪器/家具,中,口径判断,GD_2018_QUOTA_EXPLANATION,按台套、件、系统成品采购，施工材料净用量损耗率不适用；采购计算中按 0% 处理。
1677,弱电智能化系统及设备 > 信息设施系统 > 信息导引及发布系统,信息导引及发布系统,是,0.0,0%,已覆盖,EQUIPMENT_COMPLETE,成套设备/仪器/家具,中,口径判断,GD_2018_QUOTA_EXPLANATION,按台套、件、系统成品采购，施工材料净用量损耗率不适用；采购计算中按 0% 处理。
225,弱电智能化系统及设备 > 信息设施系统 > LED显示及大屏拼接系统器材,LED显示及大屏拼接系统器材,是,0.0,0%,已覆盖,EQUIPMENT_COMPLETE,成套设备/仪器/家具,中,口径判断,GD_2018_QUOTA_EXPLANATION,按台套、件、系统成品采购，施工材料净用量损耗率不适用；采购计算中按 0% 处理。
1678,弱电智能化系统及设备 > 信息设施系统 > 终端显示设备,终端显示设备,是,0.0,0%,已覆盖,EQUIPMENT_COMPLETE,成套设备/仪器/家具,中,口径判断,GD_2018_QUOTA_EXPLANATION,按台套、件、系统成品采购，施工材料净用量损耗率不适用；采购计算中按 0% 处理。
1679,弱电智能化系统及设备 > 信息设施系统 > 同声传译设备及器材,同声传译设备及器材,是,0.0,0%,已覆盖,EQUIPMENT_COMPLETE,成套设备/仪器/家具,中,口径判断,GD_2018_QUOTA_EXPLANATION,按台套、件、系统成品采购，施工材料净用量损耗率不适用；采购计算中按 0% 处理。
159,弱电智能化系统及设备 > 楼宇智能化系统 > 门禁系统,门禁系统,是,0.01,1%,已覆盖,DOOR_WINDOW,门窗成品,低,公开资料/本地定额,PUBLIC_BUILDING_LOSS_TABLE,门窗、卷帘、楼梯栏杆等成品或半成品按破损备损 1.0%。
1680,弱电智能化系统及设备 > 楼宇智能化系统 > 楼宇对讲系统,楼宇对讲系统,是,0.0,0%,已覆盖,EQUIPMENT_COMPLETE,成套设备/仪器/家具,中,口径判断,GD_2018_QUOTA_EXPLANATION,按台套、件、系统成品采购，施工材料净用量损耗率不适用；采购计算中按 0% 处理。
1681,弱电智能化系统及设备 > 楼宇智能化系统 > 楼宇自控系统,楼宇自控系统,是,0.0,0%,已覆盖,EQUIPMENT_COMPLETE,成套设备/仪器/家具,中,口径判断,GD_2018_QUOTA_EXPLANATION,按台套、件、系统成品采购，施工材料净用量损耗率不适用；采购计算中按 0% 处理。
1682,弱电智能化系统及设备 > 楼宇智能化系统 > 楼宇多表远传系统,楼宇多表远传系统,是,0.0,0%,已覆盖,EQUIPMENT_COMPLETE,成套设备/仪器/家具,中,口径判断,GD_2018_QUOTA_EXPLANATION,按台套、件、系统成品采购，施工材料净用量损耗率不适用；采购计算中按 0% 处理。
85,弱电智能化系统及设备 > 公共安全系统 > 电视监控设备,电视监控设备,是,0.0,0%,已覆盖,EQUIPMENT_COMPLETE,成套设备/仪器/家具,中,口径判断,GD_2018_QUOTA_EXPLANATION,按台套、件、系统成品采购，施工材料净用量损耗率不适用；采购计算中按 0% 处理。
89,弱电智能化系统及设备 > 公共安全系统 > 入侵报警设备,入侵报警设备,是,0.01,1%,已覆盖,FIRE_EQUIPMENT,消防器材,低,公开资料/本地定额,INSTALL_LOSS_TABLE,灭火器、喷头、报警设备等成品按运输安装破损/备件 1.0%。
1683,弱电智能化系统及设备 > 公共安全系统 > 电子巡更系统,电子巡更系统,是,0.0,0%,已覆盖,EQUIPMENT_COMPLETE,成套设备/仪器/家具,中,口径判断,GD_2018_QUOTA_EXPLANATION,按台套、件、系统成品采购，施工材料净用量损耗率不适用；采购计算中按 0% 处理。
1684,弱电智能化系统及设备 > 公共安全系统 > 出入口控制设备,出入口控制设备,是,0.0,0%,已覆盖,EQUIPMENT_COMPLETE,成套设备/仪器/家具,中,口径判断,GD_2018_QUOTA_EXPLANATION,按台套、件、系统成品采购，施工材料净用量损耗率不适用；采购计算中按 0% 处理。
88,弱电智能化系统及设备 > 公共安全系统 > 停车库(场)管理系统,停车库(场)管理系统,是,0.0,0%,已覆盖,EQUIPMENT_COMPLETE,成套设备/仪器/家具,中,口径判断,GD_2018_QUOTA_EXPLANATION,按台套、件、系统成品采购，施工材料净用量损耗率不适用；采购计算中按 0% 处理。
189,弱电智能化系统及设备 > 公共安全系统 > 安全检查设备,安全检查设备,是,0.0,0%,已覆盖,EQUIPMENT_COMPLETE,成套设备/仪器/家具,中,口径判断,GD_2018_QUOTA_EXPLANATION,按台套、件、系统成品采购，施工材料净用量损耗率不适用；采购计算中按 0% 处理。
1685,弱电智能化系统及设备 > 公共安全系统 > 其他安防设备,其他安防设备,是,0.0,0%,已覆盖,EQUIPMENT_COMPLETE,成套设备/仪器/家具,中,口径判断,GD_2018_QUOTA_EXPLANATION,按台套、件、系统成品采购，施工材料净用量损耗率不适用；采购计算中按 0% 处理。
1686,弱电智能化系统及设备 > 建筑设备管理系统 > 建筑设备监控系统,建筑设备监控系统,是,0.0,0%,已覆盖,EQUIPMENT_COMPLETE,成套设备/仪器/家具,中,口径判断,GD_2018_QUOTA_EXPLANATION,按台套、件、系统成品采购，施工材料净用量损耗率不适用；采购计算中按 0% 处理。
1687,弱电智能化系统及设备 > 建筑设备管理系统 > 建筑能效监管系统,建筑能效监管系统,是,0.0,0%,已覆盖,EQUIPMENT_COMPLETE,成套设备/仪器/家具,中,口径判断,GD_2018_QUOTA_EXPLANATION,按台套、件、系统成品采购，施工材料净用量损耗率不适用；采购计算中按 0% 处理。
1688,弱电智能化系统及设备 > 其他智能化设备 > 能源计量、远程抄表系统器材,能源计量、远程抄表系统器材,是,0.0,0%,已覆盖,EQUIPMENT_COMPLETE,成套设备/仪器/家具,中,口径判断,GD_2018_QUOTA_EXPLANATION,按台套、件、系统成品采购，施工材料净用量损耗率不适用；采购计算中按 0% 处理。
1689,弱电智能化系统及设备 > 其他智能化设备 > 一体化集成机房,一体化集成机房,是,0.0,0%,已覆盖,EQUIPMENT_COMPLETE,成套设备/仪器/家具,中,口径判断,GD_2018_QUOTA_EXPLANATION,按台套、件、系统成品采购，施工材料净用量损耗率不适用；采购计算中按 0% 处理。
84,弱电智能化系统及设备 > 其他智能化设备 > 充电桩,充电桩,是,0.0,0%,已覆盖,EQUIPMENT_COMPLETE,成套设备/仪器/家具,中,口径判断,GD_2018_QUOTA_EXPLANATION,按台套、件、系统成品采购，施工材料净用量损耗率不适用；采购计算中按 0% 处理。
1690,弱电智能化系统及设备 > 其他智能化设备 > 其他智能化设备,其他智能化设备,是,0.0,0%,已覆盖,EQUIPMENT_COMPLETE,成套设备/仪器/家具,中,口径判断,GD_2018_QUOTA_EXPLANATION,按台套、件、系统成品采购，施工材料净用量损耗率不适用；采购计算中按 0% 处理。
188,园林绿化 > 园林植物 > 乔木,乔木,是,0.05,5%,已覆盖,LANDSCAPE_PLANT,园林植物,低,经验估算,,苗木、草皮考虑运输、栽植和成活率风险，按 5.0% 采购备损。
1691,园林绿化 > 园林植物 > 灌木,灌木,是,0.05,5%,已覆盖,LANDSCAPE_PLANT,园林植物,低,经验估算,,苗木、草皮考虑运输、栽植和成活率风险，按 5.0% 采购备损。
1692,园林绿化 > 园林植物 > 藤本植物,藤本植物,是,0.05,5%,已覆盖,LANDSCAPE_PLANT,园林植物,低,经验估算,,苗木、草皮考虑运输、栽植和成活率风险，按 5.0% 采购备损。
1693,园林绿化 > 园林植物 > 地被植物,地被植物,是,0.05,5%,已覆盖,LANDSCAPE_PLANT,园林植物,低,经验估算,,苗木、草皮考虑运输、栽植和成活率风险，按 5.0% 采购备损。
1694,园林绿化 > 园林植物 > 棕榈科植物,棕榈科植物,是,0.05,5%,已覆盖,LANDSCAPE_PLANT,园林植物,低,经验估算,,苗木、草皮考虑运输、栽植和成活率风险，按 5.0% 采购备损。
1695,园林绿化 > 园林植物 > 观赏竹类,观赏竹类,是,0.05,5%,已覆盖,LANDSCAPE_PLANT,园林植物,低,经验估算,,苗木、草皮考虑运输、栽植和成活率风险，按 5.0% 采购备损。
1696,园林绿化 > 园林植物 > 花卉,花卉,是,0.05,5%,已覆盖,LANDSCAPE_PLANT,园林植物,低,经验估算,,苗木、草皮考虑运输、栽植和成活率风险，按 5.0% 采购备损。
1697,园林绿化 > 园林植物 > 盆景,盆景,是,0.05,5%,已覆盖,LANDSCAPE_PLANT,园林植物,低,经验估算,,苗木、草皮考虑运输、栽植和成活率风险，按 5.0% 采购备损。
1698,园林绿化 > 园林植物 > 绿篱,绿篱,是,0.05,5%,已覆盖,LANDSCAPE_PLANT,园林植物,低,经验估算,,苗木、草皮考虑运输、栽植和成活率风险，按 5.0% 采购备损。
1699,园林绿化 > 园林植物 > 水生植物,水生植物,是,0.05,5%,已覆盖,LANDSCAPE_PLANT,园林植物,低,经验估算,,苗木、草皮考虑运输、栽植和成活率风险，按 5.0% 采购备损。
1700,园林绿化 > 园林植物 > 草坪、草籽,草坪、草籽,是,0.05,5%,已覆盖,LANDSCAPE_PLANT,园林植物,低,经验估算,,苗木、草皮考虑运输、栽植和成活率风险，按 5.0% 采购备损。
1701,园林绿化 > 园林植物 > 林木种子,林木种子,是,0.05,5%,已覆盖,LANDSCAPE_PLANT,园林植物,低,经验估算,,苗木、草皮考虑运输、栽植和成活率风险，按 5.0% 采购备损。
1702,园林绿化 > 园林植物 > 其他园林植物,其他园林植物,是,0.05,5%,已覆盖,LANDSCAPE_PLANT,园林植物,低,经验估算,,苗木、草皮考虑运输、栽植和成活率风险，按 5.0% 采购备损。
186,园林绿化 > 景观材料 > 园林雕塑,园林雕塑,是,0.01,1%,已覆盖,GENERAL_FINISHED_PRODUCT,一般成品件,低,经验估算,,未细分成品件按运输、安装破损和备件 1.0%。
1703,园林绿化 > 景观材料 > 假山、观景石,假山、观景石,是,0.03,3%,已覆盖,SAND_STONE,砂石粉灰土,中,公开资料/本地定额,PUBLIC_BUILDING_LOSS_TABLE,砂、石、粉、灰、土等散料按 3.0% 估算。
96,园林绿化 > 景观材料 > 喷泉,喷泉,是,0.01,1%,已覆盖,GENERAL_FINISHED_PRODUCT,一般成品件,低,经验估算,,未细分成品件按运输、安装破损和备件 1.0%。
1704,园林绿化 > 园艺资材 > 化肥、农药、杀虫剂,化肥、农药、杀虫剂,是,0.03,3%,已覆盖,CHEMICAL_OIL,油品/化工原料,低,公开资料/本地定额,INSTALL_LOSS_TABLE,油品、化工原料按容器残留、配制和现场损耗 3.0%。
1705,园林绿化 > 园艺资材 > 种植土,种植土,是,0.03,3%,已覆盖,SAND_STONE,砂石粉灰土,中,公开资料/本地定额,PUBLIC_BUILDING_LOSS_TABLE,砂、石、粉、灰、土等散料按 3.0% 估算。
187,园林绿化 > 园艺资材 > 园艺资材,园艺资材,是,0.03,3%,已覆盖,CHEMICAL_OIL,油品/化工原料,低,公开资料/本地定额,INSTALL_LOSS_TABLE,油品、化工原料按容器残留、配制和现场损耗 3.0%。
1706,园林绿化 > 园艺资材 > 浇水喷头,浇水喷头,是,0.03,3%,已覆盖,CHEMICAL_OIL,油品/化工原料,低,公开资料/本地定额,INSTALL_LOSS_TABLE,油品、化工原料按容器残留、配制和现场损耗 3.0%。
1707,园林绿化 > 园艺资材 > 苗木检修、栽培器材,苗木检修、栽培器材,是,0.03,3%,已覆盖,CHEMICAL_OIL,油品/化工原料,低,公开资料/本地定额,INSTALL_LOSS_TABLE,油品、化工原料按容器残留、配制和现场损耗 3.0%。
1708,园林绿化 > 园艺资材 > 其他园林绿化器材,其他园林绿化器材,是,0.03,3%,已覆盖,CHEMICAL_OIL,油品/化工原料,低,公开资料/本地定额,INSTALL_LOSS_TABLE,油品、化工原料按容器残留、配制和现场损耗 3.0%。
1709,仿古建筑材料 > 琉璃仿古材料 > 琉璃砖,琉璃砖,是,0.03,3%,已覆盖,BRICK,砖,高,公开资料/本地定额,LOCAL_GD_SN_PARAM;PUBLIC_BUILDING_LOSS_TABLE,普通砖、烧结砖砌体本地校准为 3.0%。
1710,仿古建筑材料 > 琉璃仿古材料 > 琉璃瓦件,琉璃瓦件,是,0.02,2%,已覆盖,CONCRETE_PRODUCTS,混凝土制品/瓦,中,公开资料/本地定额,PUBLIC_BUILDING_LOSS_TABLE,成品混凝土制品、瓦类以破损和切割损耗为主，取 2.0%。
1711,仿古建筑材料 > 琉璃仿古材料 > 琉璃人、兽材料,琉璃人、兽材料,是,0.04,4%,已覆盖,ANCIENT_BUILDING,仿古建筑材料,低,经验估算,,琉璃、黏土、木制仿古材料按破损与裁切 4.0%。
1712,仿古建筑材料 > 琉璃仿古材料 > 其他琉璃仿古材料,其他琉璃仿古材料,是,0.04,4%,已覆盖,ANCIENT_BUILDING,仿古建筑材料,低,经验估算,,琉璃、黏土、木制仿古材料按破损与裁切 4.0%。
1713,仿古建筑材料 > 黏土仿古材料 > 黏土砖,黏土砖,是,0.03,3%,已覆盖,SAND_STONE,砂石粉灰土,中,公开资料/本地定额,PUBLIC_BUILDING_LOSS_TABLE,砂、石、粉、灰、土等散料按 3.0% 估算。
1714,仿古建筑材料 > 黏土仿古材料 > 黏土瓦件,黏土瓦件,是,0.03,3%,已覆盖,SAND_STONE,砂石粉灰土,中,公开资料/本地定额,PUBLIC_BUILDING_LOSS_TABLE,砂、石、粉、灰、土等散料按 3.0% 估算。
1715,仿古建筑材料 > 黏土仿古材料 > 黏土人、兽材料,黏土人、兽材料,是,0.03,3%,已覆盖,SAND_STONE,砂石粉灰土,中,公开资料/本地定额,PUBLIC_BUILDING_LOSS_TABLE,砂、石、粉、灰、土等散料按 3.0% 估算。
1716,仿古建筑材料 > 黏土仿古材料 > 其他黏土仿古材料,其他黏土仿古材料,是,0.03,3%,已覆盖,SAND_STONE,砂石粉灰土,中,公开资料/本地定额,PUBLIC_BUILDING_LOSS_TABLE,砂、石、粉、灰、土等散料按 3.0% 估算。
1717,仿古建筑材料 > 木制仿古材料 > 木制仿古材料,木制仿古材料,是,0.08,8%,已覆盖,WOOD_BAMBOO,木竹材料,中,公开资料/本地定额,LOCAL_GD_SN_PARAM;PUBLIC_BUILDING_LOSS_TABLE,木材及木制品受加工、裁切影响，本地房建 T2 取 8.0%。
1718,仿古建筑材料 > 其他仿古材料 > 仿古油饰、彩绘材料,仿古油饰、彩绘材料,是,0.04,4%,已覆盖,ANCIENT_BUILDING,仿古建筑材料,低,经验估算,,琉璃、黏土、木制仿古材料按破损与裁切 4.0%。
1719,仿古建筑材料 > 其他仿古材料 > 裱糊材料,裱糊材料,是,0.04,4%,已覆盖,ANCIENT_BUILDING,仿古建筑材料,低,经验估算,,琉璃、黏土、木制仿古材料按破损与裁切 4.0%。
141,仿古建筑材料 > 其他仿古材料 > 其他仿古材料,其他仿古材料,是,0.04,4%,已覆盖,ANCIENT_BUILDING,仿古建筑材料,低,经验估算,,琉璃、黏土、木制仿古材料按破损与裁切 4.0%。
1720,体育休闲设施 > 康体健身设施 > 田径设施,田径设施,是,0.01,1%,已覆盖,GENERAL_FINISHED_PRODUCT,一般成品件,低,经验估算,,未细分成品件按运输、安装破损和备件 1.0%。
1721,体育休闲设施 > 康体健身设施 > 室内球馆设施,室内球馆设施,是,0.01,1%,已覆盖,GENERAL_FINISHED_PRODUCT,一般成品件,低,经验估算,,未细分成品件按运输、安装破损和备件 1.0%。
1722,体育休闲设施 > 康体健身设施 > 室外球场设施,室外球场设施,是,0.01,1%,已覆盖,GENERAL_FINISHED_PRODUCT,一般成品件,低,经验估算,,未细分成品件按运输、安装破损和备件 1.0%。
1723,体育休闲设施 > 康体健身设施 > 游泳馆设施,游泳馆设施,是,0.01,1%,已覆盖,GENERAL_FINISHED_PRODUCT,一般成品件,低,经验估算,,未细分成品件按运输、安装破损和备件 1.0%。
1724,体育休闲设施 > 康体健身设施 > 健身设施,健身设施,是,0.01,1%,已覆盖,GENERAL_FINISHED_PRODUCT,一般成品件,低,经验估算,,未细分成品件按运输、安装破损和备件 1.0%。
1725,体育休闲设施 > 康体健身设施 > 攀岩设施,攀岩设施,是,0.01,1%,已覆盖,GENERAL_FINISHED_PRODUCT,一般成品件,低,经验估算,,未细分成品件按运输、安装破损和备件 1.0%。
91,体育休闲设施 > 康体健身设施 > 其他体育休闲设施,其他体育休闲设施,是,0.0,0%,已覆盖,EQUIPMENT_COMPLETE,成套设备/仪器/家具,中,口径判断,GD_2018_QUOTA_EXPLANATION,按台套、件、系统成品采购，施工材料净用量损耗率不适用；采购计算中按 0% 处理。
1726,体育休闲设施 > 康体游乐设施 > 水上游乐设施,水上游乐设施,是,0.01,1%,已覆盖,GENERAL_FINISHED_PRODUCT,一般成品件,低,经验估算,,未细分成品件按运输、安装破损和备件 1.0%。
1727,体育休闲设施 > 康体游乐设施 > 保龄球设施,保龄球设施,是,0.01,1%,已覆盖,GENERAL_FINISHED_PRODUCT,一般成品件,低,经验估算,,未细分成品件按运输、安装破损和备件 1.0%。
1728,体育休闲设施 > 康体游乐设施 > 滑雪溜冰设施,滑雪溜冰设施,是,0.01,1%,已覆盖,GENERAL_FINISHED_PRODUCT,一般成品件,低,经验估算,,未细分成品件按运输、安装破损和备件 1.0%。
180,道路桥梁专用材料 > 道路用构件及加工件 > 道路管井、沟槽等构件,道路管井、沟槽等构件,是,0.03,3%,已覆盖,ROAD_BRIDGE,道路桥梁材料,低,经验估算,,路面、路基、防护标志材料按铺筑、切割、破损综合 3.0%。
146,道路桥梁专用材料 > 道路用构件及加工件 > 路桥接口材料,路桥接口材料,是,0.03,3%,已覆盖,ROAD_BRIDGE,道路桥梁材料,低,经验估算,,路面、路基、防护标志材料按铺筑、切割、破损综合 3.0%。
1729,道路桥梁专用材料 > 路面材料 > 路面天然石构件,路面天然石构件,是,0.03,3%,已覆盖,SAND_STONE,砂石粉灰土,中,公开资料/本地定额,PUBLIC_BUILDING_LOSS_TABLE,砂、石、粉、灰、土等散料按 3.0% 估算。
1730,道路桥梁专用材料 > 路面材料 > 路面砖、广场砖,路面砖、广场砖,是,0.03,3%,已覆盖,BRICK,砖,高,公开资料/本地定额,LOCAL_GD_SN_PARAM;PUBLIC_BUILDING_LOSS_TABLE,普通砖、烧结砖砌体本地校准为 3.0%。
1731,道路桥梁专用材料 > 路基材料 > 路用基层材料,路用基层材料,是,0.03,3%,已覆盖,ROAD_BRIDGE,道路桥梁材料,低,经验估算,,路面、路基、防护标志材料按铺筑、切割、破损综合 3.0%。
1732,道路桥梁专用材料 > 防护与标志材料 > 防撞装置,防撞装置,是,0.03,3%,已覆盖,ROAD_BRIDGE,道路桥梁材料,低,经验估算,,路面、路基、防护标志材料按铺筑、切割、破损综合 3.0%。
1733,道路桥梁专用材料 > 防护与标志材料 > 隔离装置,隔离装置,是,0.03,3%,已覆盖,ROAD_BRIDGE,道路桥梁材料,低,经验估算,,路面、路基、防护标志材料按铺筑、切割、破损综合 3.0%。
1734,道路桥梁专用材料 > 防护与标志材料 > 交通（安全）标志,交通（安全）标志,是,0.03,3%,已覆盖,ROAD_BRIDGE,道路桥梁材料,低,经验估算,,路面、路基、防护标志材料按铺筑、切割、破损综合 3.0%。
1735,道路桥梁专用材料 > 防护与标志材料 > 车位锁,车位锁,是,0.03,3%,已覆盖,ROAD_BRIDGE,道路桥梁材料,低,经验估算,,路面、路基、防护标志材料按铺筑、切割、破损综合 3.0%。
182,道路桥梁专用材料 > 防护与标志材料 > 护栏、防护栏、隔离栅,护栏、防护栏、隔离栅,是,0.03,3%,已覆盖,ROAD_BRIDGE,道路桥梁材料,低,经验估算,,路面、路基、防护标志材料按铺筑、切割、破损综合 3.0%。
1736,道路桥梁专用材料 > 岗亭 > 交通岗亭,交通岗亭,是,0.01,1%,已覆盖,GENERAL_FINISHED_PRODUCT,一般成品件,低,经验估算,,未细分成品件按运输、安装破损和备件 1.0%。
1737,道路桥梁专用材料 > 岗亭 > 其他岗亭,其他岗亭,是,0.01,1%,已覆盖,GENERAL_FINISHED_PRODUCT,一般成品件,低,经验估算,,未细分成品件按运输、安装破损和备件 1.0%。
1312,道路桥梁专用材料 > 其他交通设施 > 信号灯,信号灯,是,0.01,1%,已覆盖,GENERAL_FINISHED_PRODUCT,一般成品件,低,经验估算,,未细分成品件按运输、安装破损和备件 1.0%。
94,道路桥梁专用材料 > 其他交通设施 > 其他交通设施,其他交通设施,是,0.01,1%,已覆盖,GENERAL_FINISHED_PRODUCT,一般成品件,低,经验估算,,未细分成品件按运输、安装破损和备件 1.0%。
1738,轨道交通专用材料及设备 > 钢轨、轨枕 > 钢轨及钢轨配件,钢轨及钢轨配件,是,0.03,3%,已覆盖,ROAD_BRIDGE,道路桥梁材料,低,经验估算,,路面、路基、防护标志材料按铺筑、切割、破损综合 3.0%。
1739,轨道交通专用材料及设备 > 钢轨、轨枕 > 轨枕（岔枕）,轨枕（岔枕）,是,0.03,3%,已覆盖,ROAD_BRIDGE,道路桥梁材料,低,经验估算,,路面、路基、防护标志材料按铺筑、切割、破损综合 3.0%。
1740,轨道交通专用材料及设备 > 钢轨、轨枕 > 道岔,道岔,是,0.03,3%,已覆盖,ROAD_BRIDGE,道路桥梁材料,低,经验估算,,路面、路基、防护标志材料按铺筑、切割、破损综合 3.0%。
1741,轨道交通专用材料及设备 > 信号器材 > 道口信号器材,道口信号器材,是,0.0,0%,已覆盖,EQUIPMENT_COMPLETE,成套设备/仪器/家具,中,口径判断,GD_2018_QUOTA_EXPLANATION,按台套、件、系统成品采购，施工材料净用量损耗率不适用；采购计算中按 0% 处理。
1742,轨道交通专用材料及设备 > 信号器材 > 信号线路连接附件,信号线路连接附件,是,0.0,0%,已覆盖,EQUIPMENT_COMPLETE,成套设备/仪器/家具,中,口径判断,GD_2018_QUOTA_EXPLANATION,按台套、件、系统成品采购，施工材料净用量损耗率不适用；采购计算中按 0% 处理。
1743,轨道交通专用材料及设备 > 信号器材 > 车载定位装置,车载定位装置,是,0.0,0%,已覆盖,EQUIPMENT_COMPLETE,成套设备/仪器/家具,中,口径判断,GD_2018_QUOTA_EXPLANATION,按台套、件、系统成品采购，施工材料净用量损耗率不适用；采购计算中按 0% 处理。
1744,轨道交通专用材料及设备 > 信号器材 > 其他轨道信号器材,其他轨道信号器材,是,0.0,0%,已覆盖,EQUIPMENT_COMPLETE,成套设备/仪器/家具,中,口径判断,GD_2018_QUOTA_EXPLANATION,按台套、件、系统成品采购，施工材料净用量损耗率不适用；采购计算中按 0% 处理。
1745,轨道交通专用材料及设备 > 信号器材 > 车载设备配线装置,车载设备配线装置,是,0.0,0%,已覆盖,EQUIPMENT_COMPLETE,成套设备/仪器/家具,中,口径判断,GD_2018_QUOTA_EXPLANATION,按台套、件、系统成品采购，施工材料净用量损耗率不适用；采购计算中按 0% 处理。
1746,轨道交通专用材料及设备 > 信号器材 > 信号设备装置,信号设备装置,是,0.0,0%,已覆盖,EQUIPMENT_COMPLETE,成套设备/仪器/家具,中,口径判断,GD_2018_QUOTA_EXPLANATION,按台套、件、系统成品采购，施工材料净用量损耗率不适用；采购计算中按 0% 处理。
1747,轨道交通专用材料及设备 > 轨道智能化系统 > 轨道综合监控系统SCADSA,轨道综合监控系统SCADSA,是,0.0,0%,已覆盖,EQUIPMENT_COMPLETE,成套设备/仪器/家具,中,口径判断,GD_2018_QUOTA_EXPLANATION,按台套、件、系统成品采购，施工材料净用量损耗率不适用；采购计算中按 0% 处理。
1748,轨道交通专用材料及设备 > 轨道智能化系统 > 自动售检票系统AFC,自动售检票系统AFC,是,0.0,0%,已覆盖,EQUIPMENT_COMPLETE,成套设备/仪器/家具,中,口径判断,GD_2018_QUOTA_EXPLANATION,按台套、件、系统成品采购，施工材料净用量损耗率不适用；采购计算中按 0% 处理。
1749,轨道交通专用材料及设备 > 轨道智能化系统 > 行车智能化与控制系统,行车智能化与控制系统,是,0.0,0%,已覆盖,EQUIPMENT_COMPLETE,成套设备/仪器/家具,中,口径判断,GD_2018_QUOTA_EXPLANATION,按台套、件、系统成品采购，施工材料净用量损耗率不适用；采购计算中按 0% 处理。
1750,轨道交通专用材料及设备 > 轨道智能化系统 > 环境监控系统,环境监控系统,是,0.0,0%,已覆盖,EQUIPMENT_COMPLETE,成套设备/仪器/家具,中,口径判断,GD_2018_QUOTA_EXPLANATION,按台套、件、系统成品采购，施工材料净用量损耗率不适用；采购计算中按 0% 处理。
1751,轨道交通专用材料及设备 > 轨道智能化系统 > 客运信息系统,客运信息系统,是,0.0,0%,已覆盖,EQUIPMENT_COMPLETE,成套设备/仪器/家具,中,口径判断,GD_2018_QUOTA_EXPLANATION,按台套、件、系统成品采购，施工材料净用量损耗率不适用；采购计算中按 0% 处理。
1752,轨道交通专用材料及设备 > 防雷设备装置 > 防雷设备装置,防雷设备装置,是,0.02,2%,已覆盖,ELECTRICAL_ACCESSORY,电气附件,低,公开资料/本地定额,INSTALL_LOSS_TABLE,开关、插座、接线端子、绝缘、防雷接地等附件按 2.0%。
1753,轨道交通专用材料及设备 > 其他轨道交通材料 > 鱼尾板,鱼尾板,是,0.03,3%,已覆盖,OTHER_MATERIAL_LOW_CONF,其他材料,低,经验估算,,未命中细分规则的材料按通用采购损耗 3.0%，需要后续用企业历史采购数据校准。
178,轨道交通专用材料及设备 > 其他轨道交通材料 > 轨道用辅助材料,轨道用辅助材料,是,0.03,3%,已覆盖,OTHER_MATERIAL_LOW_CONF,其他材料,低,经验估算,,未命中细分规则的材料按通用采购损耗 3.0%，需要后续用企业历史采购数据校准。
1754,轨道交通专用材料及设备 > 其他轨道交通材料 > 轨道用工器具,轨道用工器具,是,,,不适用,NA_TURNOVER_TOOL,周转/工器具不适用,中,口径判断,GD_2018_QUOTA_EXPLANATION,模板、脚手架、工器具更适合按周转次数、租赁或摊销量计算，不宜使用一次性施工损耗率。
1755,轨道交通专用材料及设备 > 其他轨道交通材料 > 轨道线路检测设备,轨道线路检测设备,是,0.0,0%,已覆盖,EQUIPMENT_COMPLETE,成套设备/仪器/家具,中,口径判断,GD_2018_QUOTA_EXPLANATION,按台套、件、系统成品采购，施工材料净用量损耗率不适用；采购计算中按 0% 处理。
1756,轨道交通专用材料及设备 > 其他轨道交通材料 > 线路养护设备,线路养护设备,是,0.0,0%,已覆盖,EQUIPMENT_COMPLETE,成套设备/仪器/家具,中,口径判断,GD_2018_QUOTA_EXPLANATION,按台套、件、系统成品采购，施工材料净用量损耗率不适用；采购计算中按 0% 处理。
1757,轨道交通专用材料及设备 > 其他轨道交通材料 > 接触网零配件,接触网零配件,是,0.01,1%,已覆盖,GENERAL_FINISHED_PRODUCT,一般成品件,低,经验估算,,未细分成品件按运输、安装破损和备件 1.0%。
170,厨房设备 > 存储设备 > 冷藏、冷冻柜（库）,冷藏、冷冻柜（库）,是,0.0,0%,已覆盖,EQUIPMENT_COMPLETE,成套设备/仪器/家具,中,口径判断,GD_2018_QUOTA_EXPLANATION,按台套、件、系统成品采购，施工材料净用量损耗率不适用；采购计算中按 0% 处理。
1758,厨房设备 > 存储设备 > 展示柜、保鲜柜,展示柜、保鲜柜,是,0.0,0%,已覆盖,EQUIPMENT_COMPLETE,成套设备/仪器/家具,中,口径判断,GD_2018_QUOTA_EXPLANATION,按台套、件、系统成品采购，施工材料净用量损耗率不适用；采购计算中按 0% 处理。
1759,厨房设备 > 存储设备 > 餐柜,餐柜,是,0.0,0%,已覆盖,EQUIPMENT_COMPLETE,成套设备/仪器/家具,中,口径判断,GD_2018_QUOTA_EXPLANATION,按台套、件、系统成品采购，施工材料净用量损耗率不适用；采购计算中按 0% 处理。
1760,厨房设备 > 存储设备 > 餐架,餐架,是,0.0,0%,已覆盖,EQUIPMENT_COMPLETE,成套设备/仪器/家具,中,口径判断,GD_2018_QUOTA_EXPLANATION,按台套、件、系统成品采购，施工材料净用量损耗率不适用；采购计算中按 0% 处理。
1761,厨房设备 > 存储设备 > 餐车,餐车,是,0.0,0%,已覆盖,EQUIPMENT_COMPLETE,成套设备/仪器/家具,中,口径判断,GD_2018_QUOTA_EXPLANATION,按台套、件、系统成品采购，施工材料净用量损耗率不适用；采购计算中按 0% 处理。
1762,厨房设备 > 洗涤与消毒设备 > 洗碗机,洗碗机,是,0.01,1%,已覆盖,SANITARY_FIXTURE,洁具/燃气器具,低,经验估算,,洁具、燃气器具为成品采购，取 1.0% 备损。
1763,厨房设备 > 洗涤与消毒设备 > 消毒柜,消毒柜,是,0.01,1%,已覆盖,SANITARY_FIXTURE,洁具/燃气器具,低,经验估算,,洁具、燃气器具为成品采购，取 1.0% 备损。
1764,厨房设备 > 洗涤与消毒设备 > 洗刷台、洗涮柜,洗刷台、洗涮柜,是,0.01,1%,已覆盖,SANITARY_FIXTURE,洁具/燃气器具,低,经验估算,,洁具、燃气器具为成品采购，取 1.0% 备损。
1765,厨房设备 > 洗涤与消毒设备 > 盆台,盆台,是,0.01,1%,已覆盖,SANITARY_FIXTURE,洁具/燃气器具,低,经验估算,,洁具、燃气器具为成品采购，取 1.0% 备损。
1766,厨房设备 > 调理设备 > 操作台、操作柜,操作台、操作柜,是,0.0,0%,已覆盖,EQUIPMENT_COMPLETE,成套设备/仪器/家具,中,口径判断,GD_2018_QUOTA_EXPLANATION,按台套、件、系统成品采购，施工材料净用量损耗率不适用；采购计算中按 0% 处理。
1767,厨房设备 > 调理设备 > 小型食品加工机械,小型食品加工机械,是,0.0,0%,已覆盖,EQUIPMENT_COMPLETE,成套设备/仪器/家具,中,口径判断,GD_2018_QUOTA_EXPLANATION,按台套、件、系统成品采购，施工材料净用量损耗率不适用；采购计算中按 0% 处理。
1768,厨房设备 > 烹调设备 > 炉具,炉具,是,0.0,0%,已覆盖,EQUIPMENT_COMPLETE,成套设备/仪器/家具,中,口径判断,GD_2018_QUOTA_EXPLANATION,按台套、件、系统成品采购，施工材料净用量损耗率不适用；采购计算中按 0% 处理。
1769,厨房设备 > 烹调设备 > 灶具,灶具,是,0.0,0%,已覆盖,EQUIPMENT_COMPLETE,成套设备/仪器/家具,中,口径判断,GD_2018_QUOTA_EXPLANATION,按台套、件、系统成品采购，施工材料净用量损耗率不适用；采购计算中按 0% 处理。
1770,厨房设备 > 烹调设备 > 烤箱及蒸具,烤箱及蒸具,是,0.0,0%,已覆盖,EQUIPMENT_COMPLETE,成套设备/仪器/家具,中,口径判断,GD_2018_QUOTA_EXPLANATION,按台套、件、系统成品采购，施工材料净用量损耗率不适用；采购计算中按 0% 处理。
1771,厨房设备 > 进餐设备 > 餐桌、餐椅,餐桌、餐椅,是,0.0,0%,已覆盖,EQUIPMENT_COMPLETE,成套设备/仪器/家具,中,口径判断,GD_2018_QUOTA_EXPLANATION,按台套、件、系统成品采购，施工材料净用量损耗率不适用；采购计算中按 0% 处理。
1772,厨房设备 > 排油排烟设备 > 抽油烟机,抽油烟机,是,0.0,0%,已覆盖,EQUIPMENT_COMPLETE,成套设备/仪器/家具,中,口径判断,GD_2018_QUOTA_EXPLANATION,按台套、件、系统成品采购，施工材料净用量损耗率不适用；采购计算中按 0% 处理。
1773,厨房设备 > 排油排烟设备 > 其他排烟设备,其他排烟设备,是,0.0,0%,已覆盖,EQUIPMENT_COMPLETE,成套设备/仪器/家具,中,口径判断,GD_2018_QUOTA_EXPLANATION,按台套、件、系统成品采购，施工材料净用量损耗率不适用；采购计算中按 0% 处理。
138,家具及医疗器具 > 家用家具 > 椅凳类,椅凳类,是,0.0,0%,已覆盖,EQUIPMENT_COMPLETE,成套设备/仪器/家具,中,口径判断,GD_2018_QUOTA_EXPLANATION,按台套、件、系统成品采购，施工材料净用量损耗率不适用；采购计算中按 0% 处理。
1774,家具及医疗器具 > 家用家具 > 案几类,案几类,是,0.0,0%,已覆盖,EQUIPMENT_COMPLETE,成套设备/仪器/家具,中,口径判断,GD_2018_QUOTA_EXPLANATION,按台套、件、系统成品采购，施工材料净用量损耗率不适用；采购计算中按 0% 处理。
1775,家具及医疗器具 > 家用家具 > 橱柜类,橱柜类,是,0.0,0%,已覆盖,EQUIPMENT_COMPLETE,成套设备/仪器/家具,中,口径判断,GD_2018_QUOTA_EXPLANATION,按台套、件、系统成品采购，施工材料净用量损耗率不适用；采购计算中按 0% 处理。
1776,家具及医疗器具 > 家用家具 > 床类,床类,是,0.0,0%,已覆盖,EQUIPMENT_COMPLETE,成套设备/仪器/家具,中,口径判断,GD_2018_QUOTA_EXPLANATION,按台套、件、系统成品采购，施工材料净用量损耗率不适用；采购计算中按 0% 处理。
1777,家具及医疗器具 > 家用家具 > 桌台类,桌台类,是,0.0,0%,已覆盖,EQUIPMENT_COMPLETE,成套设备/仪器/家具,中,口径判断,GD_2018_QUOTA_EXPLANATION,按台套、件、系统成品采购，施工材料净用量损耗率不适用；采购计算中按 0% 处理。
1778,家具及医疗器具 > 家用家具 > 架类,架类,是,0.0,0%,已覆盖,EQUIPMENT_COMPLETE,成套设备/仪器/家具,中,口径判断,GD_2018_QUOTA_EXPLANATION,按台套、件、系统成品采购，施工材料净用量损耗率不适用；采购计算中按 0% 处理。
1779,家具及医疗器具 > 家用家具 > 沙发类,沙发类,是,0.0,0%,已覆盖,EQUIPMENT_COMPLETE,成套设备/仪器/家具,中,口径判断,GD_2018_QUOTA_EXPLANATION,按台套、件、系统成品采购，施工材料净用量损耗率不适用；采购计算中按 0% 处理。
10007,家具及医疗器具 > 家用家具 > 全屋定制,全屋定制,是,0.0,0%,已覆盖,EQUIPMENT_COMPLETE,成套设备/仪器/家具,中,口径判断,GD_2018_QUOTA_EXPLANATION,按台套、件、系统成品采购，施工材料净用量损耗率不适用；采购计算中按 0% 处理。
204,家具及医疗器具 > 办公家具 > 办公桌,办公桌,是,0.0,0%,已覆盖,EQUIPMENT_COMPLETE,成套设备/仪器/家具,中,口径判断,GD_2018_QUOTA_EXPLANATION,按台套、件、系统成品采购，施工材料净用量损耗率不适用；采购计算中按 0% 处理。
1780,家具及医疗器具 > 办公家具 > 办公椅,办公椅,是,0.0,0%,已覆盖,EQUIPMENT_COMPLETE,成套设备/仪器/家具,中,口径判断,GD_2018_QUOTA_EXPLANATION,按台套、件、系统成品采购，施工材料净用量损耗率不适用；采购计算中按 0% 处理。
1781,家具及医疗器具 > 办公家具 > 会客沙发,会客沙发,是,0.0,0%,已覆盖,EQUIPMENT_COMPLETE,成套设备/仪器/家具,中,口径判断,GD_2018_QUOTA_EXPLANATION,按台套、件、系统成品采购，施工材料净用量损耗率不适用；采购计算中按 0% 处理。
1782,家具及医疗器具 > 办公家具 > 办公案几,办公案几,是,0.0,0%,已覆盖,EQUIPMENT_COMPLETE,成套设备/仪器/家具,中,口径判断,GD_2018_QUOTA_EXPLANATION,按台套、件、系统成品采购，施工材料净用量损耗率不适用；采购计算中按 0% 处理。
1783,家具及医疗器具 > 办公家具 > 办公柜,办公柜,是,0.0,0%,已覆盖,EQUIPMENT_COMPLETE,成套设备/仪器/家具,中,口径判断,GD_2018_QUOTA_EXPLANATION,按台套、件、系统成品采购，施工材料净用量损耗率不适用；采购计算中按 0% 处理。
1784,家具及医疗器具 > 办公家具 > 接待台,接待台,是,0.0,0%,已覆盖,EQUIPMENT_COMPLETE,成套设备/仪器/家具,中,口径判断,GD_2018_QUOTA_EXPLANATION,按台套、件、系统成品采购，施工材料净用量损耗率不适用；采购计算中按 0% 处理。
1785,家具及医疗器具 > 办公家具 > 办公架类,办公架类,是,0.0,0%,已覆盖,EQUIPMENT_COMPLETE,成套设备/仪器/家具,中,口径判断,GD_2018_QUOTA_EXPLANATION,按台套、件、系统成品采购，施工材料净用量损耗率不适用；采购计算中按 0% 处理。
1786,家具及医疗器具 > 办公家具 > 展柜,展柜,是,0.0,0%,已覆盖,EQUIPMENT_COMPLETE,成套设备/仪器/家具,中,口径判断,GD_2018_QUOTA_EXPLANATION,按台套、件、系统成品采购，施工材料净用量损耗率不适用；采购计算中按 0% 处理。
1787,家具及医疗器具 > 办公家具 > 机房移动电脑桌,机房移动电脑桌,是,0.0,0%,已覆盖,EQUIPMENT_COMPLETE,成套设备/仪器/家具,中,口径判断,GD_2018_QUOTA_EXPLANATION,按台套、件、系统成品采购，施工材料净用量损耗率不适用；采购计算中按 0% 处理。
139,家具及医疗器具 > 医疗器具 > 病床(护理床),病床(护理床),是,0.0,0%,已覆盖,EQUIPMENT_COMPLETE,成套设备/仪器/家具,中,口径判断,GD_2018_QUOTA_EXPLANATION,按台套、件、系统成品采购，施工材料净用量损耗率不适用；采购计算中按 0% 处理。
1788,家具及医疗器具 > 医疗器具 > 手术床,手术床,是,0.0,0%,已覆盖,EQUIPMENT_COMPLETE,成套设备/仪器/家具,中,口径判断,GD_2018_QUOTA_EXPLANATION,按台套、件、系统成品采购，施工材料净用量损耗率不适用；采购计算中按 0% 处理。
1789,家具及医疗器具 > 医疗器具 > 理疗床,理疗床,是,0.0,0%,已覆盖,EQUIPMENT_COMPLETE,成套设备/仪器/家具,中,口径判断,GD_2018_QUOTA_EXPLANATION,按台套、件、系统成品采购，施工材料净用量损耗率不适用；采购计算中按 0% 处理。
1790,家具及医疗器具 > 医疗器具 > 智能电动垫,智能电动垫,是,0.0,0%,已覆盖,EQUIPMENT_COMPLETE,成套设备/仪器/家具,中,口径判断,GD_2018_QUOTA_EXPLANATION,按台套、件、系统成品采购，施工材料净用量损耗率不适用；采购计算中按 0% 处理。
1791,家具及医疗器具 > 医疗器具 > 厕所凳,厕所凳,是,0.0,0%,已覆盖,EQUIPMENT_COMPLETE,成套设备/仪器/家具,中,口径判断,GD_2018_QUOTA_EXPLANATION,按台套、件、系统成品采购，施工材料净用量损耗率不适用；采购计算中按 0% 处理。
1792,家具及医疗器具 > 医疗器具 > 扶手架,扶手架,是,0.01,1%,已覆盖,DOOR_WINDOW,门窗成品,低,公开资料/本地定额,PUBLIC_BUILDING_LOSS_TABLE,门窗、卷帘、楼梯栏杆等成品或半成品按破损备损 1.0%。
1793,家具及医疗器具 > 医疗器具 > 等候椅,等候椅,是,0.0,0%,已覆盖,EQUIPMENT_COMPLETE,成套设备/仪器/家具,中,口径判断,GD_2018_QUOTA_EXPLANATION,按台套、件、系统成品采购，施工材料净用量损耗率不适用；采购计算中按 0% 处理。
1794,家具及医疗器具 > 医疗器具 > 输液脚蹬椅,输液脚蹬椅,是,0.0,0%,已覆盖,EQUIPMENT_COMPLETE,成套设备/仪器/家具,中,口径判断,GD_2018_QUOTA_EXPLANATION,按台套、件、系统成品采购，施工材料净用量损耗率不适用；采购计算中按 0% 处理。
10001,家具及医疗器具 > 户外家具 > 户外椅凳类,户外椅凳类,是,0.0,0%,已覆盖,EQUIPMENT_COMPLETE,成套设备/仪器/家具,中,口径判断,GD_2018_QUOTA_EXPLANATION,按台套、件、系统成品采购，施工材料净用量损耗率不适用；采购计算中按 0% 处理。
10002,家具及医疗器具 > 户外家具 > 户外桌台类,户外桌台类,是,0.0,0%,已覆盖,EQUIPMENT_COMPLETE,成套设备/仪器/家具,中,口径判断,GD_2018_QUOTA_EXPLANATION,按台套、件、系统成品采购，施工材料净用量损耗率不适用；采购计算中按 0% 处理。
10003,家具及医疗器具 > 户外家具 > 户外遮阳类,户外遮阳类,是,0.0,0%,已覆盖,EQUIPMENT_COMPLETE,成套设备/仪器/家具,中,口径判断,GD_2018_QUOTA_EXPLANATION,按台套、件、系统成品采购，施工材料净用量损耗率不适用；采购计算中按 0% 处理。
10004,家具及医疗器具 > 户外家具 > 其他户外休闲家具,其他户外休闲家具,是,0.0,0%,已覆盖,EQUIPMENT_COMPLETE,成套设备/仪器/家具,中,口径判断,GD_2018_QUOTA_EXPLANATION,按台套、件、系统成品采购，施工材料净用量损耗率不适用；采购计算中按 0% 处理。
179,电极及劳保用品等其他材料 > 劳保用品 > 劳保用品,劳保用品,是,0.01,1%,已覆盖,LABOR_OFFICE_MISC,劳保办公及零星材料,低,经验估算,,劳保、办公、零星施工用料按一般备损 1.0%。
1795,电极及劳保用品等其他材料 > 办公用品 > 纸、笔,纸、笔,是,0.01,1%,已覆盖,LABOR_OFFICE_MISC,劳保办公及零星材料,低,经验估算,,劳保、办公、零星施工用料按一般备损 1.0%。
190,电极及劳保用品等其他材料 > 办公用品 > 其他办公用品,其他办公用品,是,0.01,1%,已覆盖,LABOR_OFFICE_MISC,劳保办公及零星材料,低,经验估算,,劳保、办公、零星施工用料按一般备损 1.0%。
1796,电极及劳保用品等其他材料 > 零星施工用料 > 零星施工用料,零星施工用料,是,0.01,1%,已覆盖,LABOR_OFFICE_MISC,劳保办公及零星材料,低,经验估算,,劳保、办公、零星施工用料按一般备损 1.0%。
196,电极及劳保用品等其他材料 > 零星施工用料 > 水、电、煤炭、木柴,水、电、煤炭、木柴,是,0.01,1%,已覆盖,LABOR_OFFICE_MISC,劳保办公及零星材料,低,经验估算,,劳保、办公、零星施工用料按一般备损 1.0%。
1798,电极及劳保用品等其他材料 > 火工、电极材料 > 电极材料,电极材料,是,0.01,1%,已覆盖,LABOR_OFFICE_MISC,劳保办公及零星材料,低,经验估算,,劳保、办公、零星施工用料按一般备损 1.0%。
1799,电极及劳保用品等其他材料 > 火工、电极材料 > 火工材料,火工材料,是,0.01,1%,已覆盖,LABOR_OFFICE_MISC,劳保办公及零星材料,低,经验估算,,劳保、办公、零星施工用料按一般备损 1.0%。
1800,电极及劳保用品等其他材料 > 其他材料 > 低值易耗品,低值易耗品,是,0.03,3%,已覆盖,OTHER_MATERIAL_LOW_CONF,其他材料,低,经验估算,,未命中细分规则的材料按通用采购损耗 3.0%，需要后续用企业历史采购数据校准。
1801,电极及劳保用品等其他材料 > 其他材料 > 其他材料,其他材料,是,0.03,3%,已覆盖,OTHER_MATERIAL_LOW_CONF,其他材料,低,经验估算,,未命中细分规则的材料按通用采购损耗 3.0%，需要后续用企业历史采购数据校准。
1802,工程检测仪器仪表 > 自动化仪表及系统 > 自动化仪表及系统,自动化仪表及系统,是,0.0,0%,已覆盖,EQUIPMENT_COMPLETE,成套设备/仪器/家具,中,口径判断,GD_2018_QUOTA_EXPLANATION,按台套、件、系统成品采购，施工材料净用量损耗率不适用；采购计算中按 0% 处理。
1803,工程检测仪器仪表 > 水电燃气用仪表 > 电工仪器仪表,电工仪器仪表,是,0.0,0%,已覆盖,EQUIPMENT_COMPLETE,成套设备/仪器/家具,中,口径判断,GD_2018_QUOTA_EXPLANATION,按台套、件、系统成品采购，施工材料净用量损耗率不适用；采购计算中按 0% 处理。
1804,工程检测仪器仪表 > 水电燃气用仪表 > 水表,水表,是,0.0,0%,已覆盖,EQUIPMENT_COMPLETE,成套设备/仪器/家具,中,口径判断,GD_2018_QUOTA_EXPLANATION,按台套、件、系统成品采购，施工材料净用量损耗率不适用；采购计算中按 0% 处理。
1805,工程检测仪器仪表 > 水电燃气用仪表 > 燃气表,燃气表,是,0.0,0%,已覆盖,EQUIPMENT_COMPLETE,成套设备/仪器/家具,中,口径判断,GD_2018_QUOTA_EXPLANATION,按台套、件、系统成品采购，施工材料净用量损耗率不适用；采购计算中按 0% 处理。
1806,工程检测仪器仪表 > 水电燃气用仪表 > 热量表,热量表,是,0.0,0%,已覆盖,EQUIPMENT_COMPLETE,成套设备/仪器/家具,中,口径判断,GD_2018_QUOTA_EXPLANATION,按台套、件、系统成品采购，施工材料净用量损耗率不适用；采购计算中按 0% 处理。
1807,工程检测仪器仪表 > 计量测量及分析仪器仪表 > 光学仪器,光学仪器,是,0.0,0%,已覆盖,EQUIPMENT_COMPLETE,成套设备/仪器/家具,中,口径判断,GD_2018_QUOTA_EXPLANATION,按台套、件、系统成品采购，施工材料净用量损耗率不适用；采购计算中按 0% 处理。
1808,工程检测仪器仪表 > 计量测量及分析仪器仪表 > 电子和通信测量仪器,电子和通信测量仪器,是,0.0,0%,已覆盖,EQUIPMENT_COMPLETE,成套设备/仪器/家具,中,口径判断,GD_2018_QUOTA_EXPLANATION,按台套、件、系统成品采购，施工材料净用量损耗率不适用；采购计算中按 0% 处理。
1809,工程检测仪器仪表 > 计量测量及分析仪器仪表 > 分析仪表,分析仪表,是,0.0,0%,已覆盖,EQUIPMENT_COMPLETE,成套设备/仪器/家具,中,口径判断,GD_2018_QUOTA_EXPLANATION,按台套、件、系统成品采购，施工材料净用量损耗率不适用；采购计算中按 0% 处理。
1810,工程检测仪器仪表 > 计量测量及分析仪器仪表 > 试验机,试验机,是,0.0,0%,已覆盖,EQUIPMENT_COMPLETE,成套设备/仪器/家具,中,口径判断,GD_2018_QUOTA_EXPLANATION,按台套、件、系统成品采购，施工材料净用量损耗率不适用；采购计算中按 0% 处理。
1811,工程检测仪器仪表 > 专用仪器仪表 > 专用仪器仪表,专用仪器仪表,是,0.0,0%,已覆盖,EQUIPMENT_COMPLETE,成套设备/仪器/家具,中,口径判断,GD_2018_QUOTA_EXPLANATION,按台套、件、系统成品采购，施工材料净用量损耗率不适用；采购计算中按 0% 处理。
122,工程检测仪器仪表 > 其他仪器仪表及附件 > 仪器仪表元器件及器材,仪器仪表元器件及器材,是,0.0,0%,已覆盖,EQUIPMENT_COMPLETE,成套设备/仪器/家具,中,口径判断,GD_2018_QUOTA_EXPLANATION,按台套、件、系统成品采购，施工材料净用量损耗率不适用；采购计算中按 0% 处理。
34,工程检测仪器仪表 > 其他仪器仪表及附件 > 其他仪器仪表,其他仪器仪表,是,0.0,0%,已覆盖,EQUIPMENT_COMPLETE,成套设备/仪器/家具,中,口径判断,GD_2018_QUOTA_EXPLANATION,按台套、件、系统成品采购，施工材料净用量损耗率不适用；采购计算中按 0% 处理。
175,工程机械设备 > 起重机械 > 起重及垂直运输机械,起重及垂直运输机械,是,0.0,0%,已覆盖,EQUIPMENT_COMPLETE,成套设备/仪器/家具,中,口径判断,GD_2018_QUOTA_EXPLANATION,按台套、件、系统成品采购，施工材料净用量损耗率不适用；采购计算中按 0% 处理。
173,工程机械设备 > 土石方机械 > 挖掘机械,挖掘机械,是,0.03,3%,已覆盖,SAND_STONE,砂石粉灰土,中,公开资料/本地定额,PUBLIC_BUILDING_LOSS_TABLE,砂、石、粉、灰、土等散料按 3.0% 估算。
1812,工程机械设备 > 土石方机械 > 铲土及水平运输机械,铲土及水平运输机械,是,0.03,3%,已覆盖,SAND_STONE,砂石粉灰土,中,公开资料/本地定额,PUBLIC_BUILDING_LOSS_TABLE,砂、石、粉、灰、土等散料按 3.0% 估算。
1813,工程机械设备 > 土石方机械 > 压实及路面机械,压实及路面机械,是,0.03,3%,已覆盖,SAND_STONE,砂石粉灰土,中,公开资料/本地定额,PUBLIC_BUILDING_LOSS_TABLE,砂、石、粉、灰、土等散料按 3.0% 估算。
1814,工程机械设备 > 土石方机械 > 破碎及凿岩机械,破碎及凿岩机械,是,0.03,3%,已覆盖,SAND_STONE,砂石粉灰土,中,公开资料/本地定额,PUBLIC_BUILDING_LOSS_TABLE,砂、石、粉、灰、土等散料按 3.0% 估算。
1815,工程机械设备 > 土石方机械 > 钻探及地下工程机械,钻探及地下工程机械,是,0.03,3%,已覆盖,SAND_STONE,砂石粉灰土,中,公开资料/本地定额,PUBLIC_BUILDING_LOSS_TABLE,砂、石、粉、灰、土等散料按 3.0% 估算。
1816,工程机械设备 > 加工机械 > 钢筋和预应力机械,钢筋和预应力机械,是,0.025,2.5%,已覆盖,STEEL_REBAR,钢筋,高,公开资料/本地定额,LOCAL_GD_SN_PARAM;PUBLIC_BUILDING_LOSS_TABLE,螺纹钢/热轧带肋钢筋按 2.5% 控制；圆钢小规格可低至 2.0%，这里取通用采购侧 2.5%。
174,工程机械设备 > 加工机械 > 加工机械,加工机械,是,0.0,0%,已覆盖,EQUIPMENT_COMPLETE,成套设备/仪器/家具,中,口径判断,GD_2018_QUOTA_EXPLANATION,按台套、件、系统成品采购，施工材料净用量损耗率不适用；采购计算中按 0% 处理。
1817,工程机械设备 > 加工机械 > 木工机械,木工机械,是,0.0,0%,已覆盖,EQUIPMENT_COMPLETE,成套设备/仪器/家具,中,口径判断,GD_2018_QUOTA_EXPLANATION,按台套、件、系统成品采购，施工材料净用量损耗率不适用；采购计算中按 0% 处理。
1818,工程机械设备 > 加工机械 > 切割及打磨机械设备,切割及打磨机械设备,是,0.0,0%,已覆盖,EQUIPMENT_COMPLETE,成套设备/仪器/家具,中,口径判断,GD_2018_QUOTA_EXPLANATION,按台套、件、系统成品采购，施工材料净用量损耗率不适用；采购计算中按 0% 处理。
1819,工程机械设备 > 加工机械 > 焊接机械设备,焊接机械设备,是,0.0,0%,已覆盖,EQUIPMENT_COMPLETE,成套设备/仪器/家具,中,口径判断,GD_2018_QUOTA_EXPLANATION,按台套、件、系统成品采购，施工材料净用量损耗率不适用；采购计算中按 0% 处理。
1820,工程机械设备 > 加工机械 > 冷却及热处理机械设备,冷却及热处理机械设备,是,0.0,0%,已覆盖,EQUIPMENT_COMPLETE,成套设备/仪器/家具,中,口径判断,GD_2018_QUOTA_EXPLANATION,按台套、件、系统成品采购，施工材料净用量损耗率不适用；采购计算中按 0% 处理。
176,工程机械设备 > 桩基机械 > 桩工、钻孔机械,桩工、钻孔机械,是,0.0,0%,已覆盖,EQUIPMENT_COMPLETE,成套设备/仪器/家具,中,口径判断,GD_2018_QUOTA_EXPLANATION,按台套、件、系统成品采购，施工材料净用量损耗率不适用；采购计算中按 0% 处理。
1821,工程机械设备 > 混凝土机械 > 混凝土及灰浆用机械,混凝土及灰浆用机械,是,0.01,1%,已覆盖,CONCRETE_READY_MIXED,预拌混凝土,高,公开资料/本地定额,LOCAL_GD_SN_PARAM;PUBLIC_BUILDING_LOSS_TABLE,本地校准中广东房建普通构件混凝土损耗率为 1.0%；采购侧采用 1.0%，避免与消耗量系数重复。
1621,工程机械设备 > 其他机械设备 > 减震器,减震器,是,0.0,0%,已覆盖,EQUIPMENT_COMPLETE,成套设备/仪器/家具,中,口径判断,GD_2018_QUOTA_EXPLANATION,按台套、件、系统成品采购，施工材料净用量损耗率不适用；采购计算中按 0% 处理。
1822,工程机械设备 > 其他机械设备 > 无损探伤机械设备,无损探伤机械设备,是,0.0,0%,已覆盖,EQUIPMENT_COMPLETE,成套设备/仪器/家具,中,口径判断,GD_2018_QUOTA_EXPLANATION,按台套、件、系统成品采购，施工材料净用量损耗率不适用；采购计算中按 0% 处理。
1823,工程机械设备 > 其他机械设备 > 环卫机械,环卫机械,是,0.0,0%,已覆盖,EQUIPMENT_COMPLETE,成套设备/仪器/家具,中,口径判断,GD_2018_QUOTA_EXPLANATION,按台套、件、系统成品采购，施工材料净用量损耗率不适用；采购计算中按 0% 处理。
1824,工程机械设备 > 其他机械设备 > 机动工业车辆,机动工业车辆,是,0.0,0%,已覆盖,EQUIPMENT_COMPLETE,成套设备/仪器/家具,中,口径判断,GD_2018_QUOTA_EXPLANATION,按台套、件、系统成品采购，施工材料净用量损耗率不适用；采购计算中按 0% 处理。
1825,工程机械设备 > 其他机械设备 > 清洗筛选及装修机械,清洗筛选及装修机械,是,0.0,0%,已覆盖,EQUIPMENT_COMPLETE,成套设备/仪器/家具,中,口径判断,GD_2018_QUOTA_EXPLANATION,按台套、件、系统成品采购，施工材料净用量损耗率不适用；采购计算中按 0% 处理。
1826,工程机械设备 > 其他机械设备 > 园林和高空作业机械,园林和高空作业机械,是,0.0,0%,已覆盖,EQUIPMENT_COMPLETE,成套设备/仪器/家具,中,口径判断,GD_2018_QUOTA_EXPLANATION,按台套、件、系统成品采购，施工材料净用量损耗率不适用；采购计算中按 0% 处理。
1827,工程机械设备 > 其他机械设备 > 电气线路机械,电气线路机械,是,0.0,0%,已覆盖,EQUIPMENT_COMPLETE,成套设备/仪器/家具,中,口径判断,GD_2018_QUOTA_EXPLANATION,按台套、件、系统成品采购，施工材料净用量损耗率不适用；采购计算中按 0% 处理。
1828,工程机械设备 > 其他机械设备 > 潜水及水面作用机械,潜水及水面作用机械,是,0.0,0%,已覆盖,EQUIPMENT_COMPLETE,成套设备/仪器/家具,中,口径判断,GD_2018_QUOTA_EXPLANATION,按台套、件、系统成品采购，施工材料净用量损耗率不适用；采购计算中按 0% 处理。
1829,工程机械设备 > 其他机械设备 > 动力机械,动力机械,是,0.0,0%,已覆盖,EQUIPMENT_COMPLETE,成套设备/仪器/家具,中,口径判断,GD_2018_QUOTA_EXPLANATION,按台套、件、系统成品采购，施工材料净用量损耗率不适用；采购计算中按 0% 处理。
1830,工程机械设备 > 其他机械设备 > 泵类机械,泵类机械,是,0.0,0%,已覆盖,EQUIPMENT_COMPLETE,成套设备/仪器/家具,中,口径判断,GD_2018_QUOTA_EXPLANATION,按台套、件、系统成品采购，施工材料净用量损耗率不适用；采购计算中按 0% 处理。
177,工程机械设备 > 其他机械设备 > 其他工程机械,其他工程机械,是,0.0,0%,已覆盖,EQUIPMENT_COMPLETE,成套设备/仪器/家具,中,口径判断,GD_2018_QUOTA_EXPLANATION,按台套、件、系统成品采购，施工材料净用量损耗率不适用；采购计算中按 0% 处理。
1831,其他类别 > 防疫、防护用品 > 人体防护用品,人体防护用品,是,0.01,1%,已覆盖,LABOR_OFFICE_MISC,劳保办公及零星材料,低,经验估算,,劳保、办公、零星施工用料按一般备损 1.0%。
1832,其他类别 > 防疫、防护用品 > 消毒用品及器具,消毒用品及器具,是,0.01,1%,已覆盖,LABOR_OFFICE_MISC,劳保办公及零星材料,低,经验估算,,劳保、办公、零星施工用料按一般备损 1.0%。
1833,其他类别 > 防疫、防护用品 > 测温用具,测温用具,是,0.01,1%,已覆盖,LABOR_OFFICE_MISC,劳保办公及零星材料,低,经验估算,,劳保、办公、零星施工用料按一般备损 1.0%。
1834,其他类别 > 防疫、防护用品 > 消纳用品,消纳用品,是,0.01,1%,已覆盖,LABOR_OFFICE_MISC,劳保办公及零星材料,低,经验估算,,劳保、办公、零星施工用料按一般备损 1.0%。
1835,其他类别 > 防疫、防护用品 > 防疫药物,防疫药物,是,0.01,1%,已覆盖,LABOR_OFFICE_MISC,劳保办公及零星材料,低,经验估算,,劳保、办公、零星施工用料按一般备损 1.0%。
1836,其他类别 > 防疫、防护用品 > 其他防疫、防护用品,其他防疫、防护用品,是,0.01,1%,已覆盖,LABOR_OFFICE_MISC,劳保办公及零星材料,低,经验估算,,劳保、办公、零星施工用料按一般备损 1.0%。
1837,其他类别 > 其他品类 > 其他品类,其他品类,是,0.03,3%,已覆盖,OTHER_MATERIAL_LOW_CONF,其他材料,低,经验估算,,未命中细分规则的材料按通用采购损耗 3.0%，需要后续用企业历史采购数据校准。
1838,咨询服务 > 工程咨询 > 规划咨询,规划咨询,是,,,不适用,NA_SERVICE,服务类不适用,高,不适用,,咨询、勘察设计、工程施工、定制服务不是可按材料净用量展开的采购材料。
1839,咨询服务 > 工程咨询 > 项目咨询,项目咨询,是,,,不适用,NA_SERVICE,服务类不适用,高,不适用,,咨询、勘察设计、工程施工、定制服务不是可按材料净用量展开的采购材料。
1840,咨询服务 > 工程咨询 > 评估咨询,评估咨询,是,,,不适用,NA_SERVICE,服务类不适用,高,不适用,,咨询、勘察设计、工程施工、定制服务不是可按材料净用量展开的采购材料。
241,咨询服务 > 工程咨询 > 全过程工程咨询,全过程工程咨询,是,,,不适用,NA_SERVICE,服务类不适用,高,不适用,,咨询、勘察设计、工程施工、定制服务不是可按材料净用量展开的采购材料。
240,咨询服务 > 工程咨询 > 工程造价咨询,工程造价咨询,是,,,不适用,NA_SERVICE,服务类不适用,高,不适用,,咨询、勘察设计、工程施工、定制服务不是可按材料净用量展开的采购材料。
1841,咨询服务 > 工程监理 > 综合监理类,综合监理类,是,,,不适用,NA_SERVICE,服务类不适用,高,不适用,,咨询、勘察设计、工程施工、定制服务不是可按材料净用量展开的采购材料。
1842,咨询服务 > 工程监理 > 建筑工程监理,建筑工程监理,是,,,不适用,NA_SERVICE,服务类不适用,高,不适用,,咨询、勘察设计、工程施工、定制服务不是可按材料净用量展开的采购材料。
1843,咨询服务 > 工程监理 > 市政公用工程监理,市政公用工程监理,是,,,不适用,NA_SERVICE,服务类不适用,高,不适用,,咨询、勘察设计、工程施工、定制服务不是可按材料净用量展开的采购材料。
1844,咨询服务 > 工程监理 > 电力工程监理,电力工程监理,是,,,不适用,NA_SERVICE,服务类不适用,高,不适用,,咨询、勘察设计、工程施工、定制服务不是可按材料净用量展开的采购材料。
1845,咨询服务 > 工程监理 > 通信工程监理,通信工程监理,是,,,不适用,NA_SERVICE,服务类不适用,高,不适用,,咨询、勘察设计、工程施工、定制服务不是可按材料净用量展开的采购材料。
1846,咨询服务 > 工程监理 > 机电工程监理,机电工程监理,是,,,不适用,NA_SERVICE,服务类不适用,高,不适用,,咨询、勘察设计、工程施工、定制服务不是可按材料净用量展开的采购材料。
239,咨询服务 > 工程监理 > 其他工程监理,其他工程监理,是,,,不适用,NA_SERVICE,服务类不适用,高,不适用,,咨询、勘察设计、工程施工、定制服务不是可按材料净用量展开的采购材料。
1847,咨询服务 > 工程检测 > 地基基础检测,地基基础检测,是,,,不适用,NA_SERVICE,服务类不适用,高,不适用,,咨询、勘察设计、工程施工、定制服务不是可按材料净用量展开的采购材料。
1848,咨询服务 > 工程检测 > 建筑结构检测,建筑结构检测,是,,,不适用,NA_SERVICE,服务类不适用,高,不适用,,咨询、勘察设计、工程施工、定制服务不是可按材料净用量展开的采购材料。
1849,咨询服务 > 工程检测 > 建筑材料检测,建筑材料检测,是,,,不适用,NA_SERVICE,服务类不适用,高,不适用,,咨询、勘察设计、工程施工、定制服务不是可按材料净用量展开的采购材料。
1850,咨询服务 > 工程检测 > 室内环境检测,室内环境检测,是,,,不适用,NA_SERVICE,服务类不适用,高,不适用,,咨询、勘察设计、工程施工、定制服务不是可按材料净用量展开的采购材料。
238,咨询服务 > 工程检测 > 其他检测服务,其他检测服务,是,,,不适用,NA_SERVICE,服务类不适用,高,不适用,,咨询、勘察设计、工程施工、定制服务不是可按材料净用量展开的采购材料。
1851,咨询服务 > 其他咨询服务 > 绿色建材咨询,绿色建材咨询,是,,,不适用,NA_SERVICE,服务类不适用,高,不适用,,咨询、勘察设计、工程施工、定制服务不是可按材料净用量展开的采购材料。
1852,咨询服务 > 其他咨询服务 > 绿色建筑咨询,绿色建筑咨询,是,,,不适用,NA_SERVICE,服务类不适用,高,不适用,,咨询、勘察设计、工程施工、定制服务不是可按材料净用量展开的采购材料。
1853,咨询服务 > 其他咨询服务 > BIM咨询服务,BIM咨询服务,是,,,不适用,NA_SERVICE,服务类不适用,高,不适用,,咨询、勘察设计、工程施工、定制服务不是可按材料净用量展开的采购材料。
1854,咨询服务 > 其他咨询服务 > 精益建造咨询,精益建造咨询,是,,,不适用,NA_SERVICE,服务类不适用,高,不适用,,咨询、勘察设计、工程施工、定制服务不是可按材料净用量展开的采购材料。
1855,咨询服务 > 其他咨询服务 > 招标代理,招标代理,是,,,不适用,NA_SERVICE,服务类不适用,高,不适用,,咨询、勘察设计、工程施工、定制服务不是可按材料净用量展开的采购材料。
243,咨询服务 > 其他咨询服务 > 其他咨询服务,其他咨询服务,是,,,不适用,NA_SERVICE,服务类不适用,高,不适用,,咨询、勘察设计、工程施工、定制服务不是可按材料净用量展开的采购材料。
1856,勘察设计 > 工程勘察 > 综合勘察类,综合勘察类,是,,,不适用,NA_SERVICE,服务类不适用,高,不适用,,咨询、勘察设计、工程施工、定制服务不是可按材料净用量展开的采购材料。
1857,勘察设计 > 工程勘察 > 岩土工程,岩土工程,是,,,不适用,NA_SERVICE,服务类不适用,高,不适用,,咨询、勘察设计、工程施工、定制服务不是可按材料净用量展开的采购材料。
1858,勘察设计 > 工程勘察 > 工程测量,工程测量,是,,,不适用,NA_SERVICE,服务类不适用,高,不适用,,咨询、勘察设计、工程施工、定制服务不是可按材料净用量展开的采购材料。
1859,勘察设计 > 工程勘察 > 勘探测试,勘探测试,是,,,不适用,NA_SERVICE,服务类不适用,高,不适用,,咨询、勘察设计、工程施工、定制服务不是可按材料净用量展开的采购材料。
1860,勘察设计 > 工程设计 > 综合设计类,综合设计类,是,,,不适用,NA_SERVICE,服务类不适用,高,不适用,,咨询、勘察设计、工程施工、定制服务不是可按材料净用量展开的采购材料。
1861,勘察设计 > 工程设计 > 建筑行业设计,建筑行业设计,是,,,不适用,NA_SERVICE,服务类不适用,高,不适用,,咨询、勘察设计、工程施工、定制服务不是可按材料净用量展开的采购材料。
1862,勘察设计 > 工程设计 > 市政设计,市政设计,是,,,不适用,NA_SERVICE,服务类不适用,高,不适用,,咨询、勘察设计、工程施工、定制服务不是可按材料净用量展开的采购材料。
1863,勘察设计 > 工程设计 > 公路设计,公路设计,是,,,不适用,NA_SERVICE,服务类不适用,高,不适用,,咨询、勘察设计、工程施工、定制服务不是可按材料净用量展开的采购材料。
1864,勘察设计 > 工程设计 > 水利设计,水利设计,是,,,不适用,NA_SERVICE,服务类不适用,高,不适用,,咨询、勘察设计、工程施工、定制服务不是可按材料净用量展开的采购材料。
1865,勘察设计 > 工程设计 > 电子通信广电设计,电子通信广电设计,是,,,不适用,NA_SERVICE,服务类不适用,高,不适用,,咨询、勘察设计、工程施工、定制服务不是可按材料净用量展开的采购材料。
242,勘察设计 > 工程设计 > 其他设计,其他设计,是,,,不适用,NA_SERVICE,服务类不适用,高,不适用,,咨询、勘察设计、工程施工、定制服务不是可按材料净用量展开的采购材料。
1866,工程施工 > 施工综合 > 综合施工类,综合施工类,是,,,不适用,NA_SERVICE,服务类不适用,高,不适用,,咨询、勘察设计、工程施工、定制服务不是可按材料净用量展开的采购材料。
244,工程施工 > 施工总承包 > 建筑工程施工总承包,建筑工程施工总承包,是,,,不适用,NA_SERVICE,服务类不适用,高,不适用,,咨询、勘察设计、工程施工、定制服务不是可按材料净用量展开的采购材料。
1867,工程施工 > 施工总承包 > 公路工程施工总承包,公路工程施工总承包,是,,,不适用,NA_SERVICE,服务类不适用,高,不适用,,咨询、勘察设计、工程施工、定制服务不是可按材料净用量展开的采购材料。
1868,工程施工 > 施工总承包 > 市政公用工程施工总承包,市政公用工程施工总承包,是,,,不适用,NA_SERVICE,服务类不适用,高,不适用,,咨询、勘察设计、工程施工、定制服务不是可按材料净用量展开的采购材料。
1869,工程施工 > 施工总承包 > 水利水电工程施工总承包,水利水电工程施工总承包,是,,,不适用,NA_SERVICE,服务类不适用,高,不适用,,咨询、勘察设计、工程施工、定制服务不是可按材料净用量展开的采购材料。
1870,工程施工 > 施工总承包 > 电力工程施工总承包,电力工程施工总承包,是,,,不适用,NA_SERVICE,服务类不适用,高,不适用,,咨询、勘察设计、工程施工、定制服务不是可按材料净用量展开的采购材料。
1871,工程施工 > 施工总承包 > 通信工程施工总承包,通信工程施工总承包,是,,,不适用,NA_SERVICE,服务类不适用,高,不适用,,咨询、勘察设计、工程施工、定制服务不是可按材料净用量展开的采购材料。
245,工程施工 > 施工总承包 > 机电工程施工总承包,机电工程施工总承包,是,,,不适用,NA_SERVICE,服务类不适用,高,不适用,,咨询、勘察设计、工程施工、定制服务不是可按材料净用量展开的采购材料。
1872,工程施工 > 施工总承包 > 其他工程施工总承包,其他工程施工总承包,是,,,不适用,NA_SERVICE,服务类不适用,高,不适用,,咨询、勘察设计、工程施工、定制服务不是可按材料净用量展开的采购材料。
247,工程施工 > 专业承包 > 地基基础工程专业承包,地基基础工程专业承包,是,,,不适用,NA_SERVICE,服务类不适用,高,不适用,,咨询、勘察设计、工程施工、定制服务不是可按材料净用量展开的采购材料。
1873,工程施工 > 专业承包 > 防水防腐保温工程专业承包,防水防腐保温工程专业承包,是,,,不适用,NA_SERVICE,服务类不适用,高,不适用,,咨询、勘察设计、工程施工、定制服务不是可按材料净用量展开的采购材料。
246,工程施工 > 专业承包 > 建筑装修装饰工程专业承包,建筑装修装饰工程专业承包,是,,,不适用,NA_SERVICE,服务类不适用,高,不适用,,咨询、勘察设计、工程施工、定制服务不是可按材料净用量展开的采购材料。
1874,工程施工 > 专业承包 > 建筑机电工程专业承包,建筑机电工程专业承包,是,,,不适用,NA_SERVICE,服务类不适用,高,不适用,,咨询、勘察设计、工程施工、定制服务不是可按材料净用量展开的采购材料。
1875,工程施工 > 专业承包 > 消防设施工程专业承包,消防设施工程专业承包,是,,,不适用,NA_SERVICE,服务类不适用,高,不适用,,咨询、勘察设计、工程施工、定制服务不是可按材料净用量展开的采购材料。
1876,工程施工 > 专业承包 > 古建筑工程专业承包,古建筑工程专业承包,是,,,不适用,NA_SERVICE,服务类不适用,高,不适用,,咨询、勘察设计、工程施工、定制服务不是可按材料净用量展开的采购材料。
252,工程施工 > 专业承包 > 输变电工程专业承包,输变电工程专业承包,是,,,不适用,NA_SERVICE,服务类不适用,高,不适用,,咨询、勘察设计、工程施工、定制服务不是可按材料净用量展开的采购材料。
1877,工程施工 > 专业承包 > 通用专业承包,通用专业承包,是,,,不适用,NA_SERVICE,服务类不适用,高,不适用,,咨询、勘察设计、工程施工、定制服务不是可按材料净用量展开的采购材料。
1878,工程施工 > 专业承包 > 模板脚手架专业承包,模板脚手架专业承包,是,,,不适用,NA_SERVICE,服务类不适用,高,不适用,,咨询、勘察设计、工程施工、定制服务不是可按材料净用量展开的采购材料。
1879,工程施工 > 专业承包 > 起重设备安装工程专业承包,起重设备安装工程专业承包,是,,,不适用,NA_SERVICE,服务类不适用,高,不适用,,咨询、勘察设计、工程施工、定制服务不是可按材料净用量展开的采购材料。
1880,工程施工 > 专业承包 > 公路工程类专业承包,公路工程类专业承包,是,,,不适用,NA_SERVICE,服务类不适用,高,不适用,,咨询、勘察设计、工程施工、定制服务不是可按材料净用量展开的采购材料。
1881,工程施工 > 专业承包 > 水利水电工程类专业承包,水利水电工程类专业承包,是,,,不适用,NA_SERVICE,服务类不适用,高,不适用,,咨询、勘察设计、工程施工、定制服务不是可按材料净用量展开的采购材料。
1882,工程施工 > 专业承包 > 桥梁工程专业承包,桥梁工程专业承包,是,,,不适用,NA_SERVICE,服务类不适用,高,不适用,,咨询、勘察设计、工程施工、定制服务不是可按材料净用量展开的采购材料。
1883,工程施工 > 专业承包 > 隧道工程专业承包,隧道工程专业承包,是,,,不适用,NA_SERVICE,服务类不适用,高,不适用,,咨询、勘察设计、工程施工、定制服务不是可按材料净用量展开的采购材料。
248,工程施工 > 专业承包 > 其他工程专业承包,其他工程专业承包,是,,,不适用,NA_SERVICE,服务类不适用,高,不适用,,咨询、勘察设计、工程施工、定制服务不是可按材料净用量展开的采购材料。
2105,工程施工 > 专业承包 > 城市及道路照明工程专业承包,城市及道路照明工程专业承包,是,,,不适用,NA_SERVICE,服务类不适用,高,不适用,,咨询、勘察设计、工程施工、定制服务不是可按材料净用量展开的采购材料。
2104,工程施工 > 专业承包 > 建筑幕墙工程专业承包,建筑幕墙工程专业承包,是,,,不适用,NA_SERVICE,服务类不适用,高,不适用,,咨询、勘察设计、工程施工、定制服务不是可按材料净用量展开的采购材料。
1884,工程施工 > 专业作业 > 专业作业分包,专业作业分包,是,,,不适用,NA_SERVICE,服务类不适用,高,不适用,,咨询、勘察设计、工程施工、定制服务不是可按材料净用量展开的采购材料。
9999,特殊类别 > 定制服务 > 年度招募,年度招募,是,,,不适用,NA_SERVICE,服务类不适用,高,不适用,,咨询、勘察设计、工程施工、定制服务不是可按材料净用量展开的采购材料。
