专业工程代码,专业工程名称,附录编号,附录名称,分部编码,分部名称,项目编码,项目名称,项目特征,计量单位,工程量计算规则,工作内容,所属表格,原文页码,备注,trade_code
03,通用安装工程,A,机械设备安装工程,030101,切削设备安装,030101001,机床,"1.名称
2.型号
3.规格
4.类型
5.质量
6.灌浆配合比
7.单机试运转要求",台,按设计图示数量 计算,"1.本体安装
2.地脚螺栓孔灌浆
3.设备底座与基础 间灌浆",表 A.1.1 切削设备安装,,,03
03,通用安装工程,A,机械设备安装工程,030101,切削设备安装,030101002,跑车带锯机,"1.名称
2.型号
3.规格
4.质量
5.单机试运转要求",台,按设计图示数量 计算,本体安装,表 A.1.1 切削设备安装,,,03
03,通用安装工程,A,机械设备安装工程,030101,切削设备安装,030101003,带锯机保护罩 制作与安装,"1.名称
2.材质、形式 3.型号
4.规格
5.质量",台,按设计图示数量 计算,制作、安装,表 A.1.1 切削设备安装,,,03
03,通用安装工程,A,机械设备安装工程,030102,锻压设备安装,030102001,机械压力机,"1.名称
2.型号
3.规格
4.质量
5.灌浆配合比
6.单机试运转要求",台,按设计图示数量 计算,"1.本体安装
2.随机附件安装
3.地脚螺栓孔灌浆
4.设备底座与基础 间灌浆",表 A.2.1 锻压设备安装,,,03
03,通用安装工程,A,机械设备安装工程,030102,锻压设备安装,030102002,液压机,"1.名称
2.型号
3.规格
4.质量
5.灌浆配合比
6.单机试运转要求",台,按设计图示数量 计算,"1.本体安装
2.随机附件安装
3.地脚螺栓孔灌浆
4.设备底座与基础 间灌浆",表 A.2.1 锻压设备安装,,,03
03,通用安装工程,A,机械设备安装工程,030102,锻压设备安装,030102003,自动锻压机,"1.名称
2.型号
3.规格
4.质量
5.灌浆配合比
6.单机试运转要求",台,按设计图示数量 计算,"1.本体安装
2.随机附件安装
3.地脚螺栓孔灌浆
4.设备底座与基础 间灌浆",表 A.2.1 锻压设备安装,,,03
03,通用安装工程,A,机械设备安装工程,030102,锻压设备安装,030102004,锻锤,"1.名称
2.型号
3.规格
4.质量
5.灌浆配合比
6.单机试运转要求",台,按设计图示数量 计算,"1.本体安装
2.随机附件安装
3.地脚螺栓孔灌浆
4.设备底座与基础 间灌浆",表 A.2.1 锻压设备安装,,,03
03,通用安装工程,A,机械设备安装工程,030102,锻压设备安装,030102005,剪切机,"1.名称
2.型号
3.规格
4.质量
5.灌浆配合比
6.单机试运转要求",台,按设计图示数量 计算,"1.本体安装
2.随机附件安装
3.地脚螺栓孔灌浆
4.设备底座与基础 间灌浆",表 A.2.1 锻压设备安装,,,03
03,通用安装工程,A,机械设备安装工程,030102,锻压设备安装,030102006,弯曲校正机,"1.名称
2.型号
3.规格
4.质量
5.灌浆配合比
6.单机试运转要求",台,按设计图示数量 计算,"1.本体安装
2.随机附件安装
3.地脚螺栓孔灌浆
4.设备底座与基础 间灌浆",表 A.2.1 锻压设备安装,,,03
03,通用安装工程,A,机械设备安装工程,030102,锻压设备安装,030102007,锻造水压机,"1.名称
2.型号
3.规格
4.质量
5.公称压力
6.灌浆配合比
7.单机试运转要求",台,按设计图示数量 计算,"1.本体安装
2.随机附件安装
3.地脚螺栓孔灌浆
4.设备底座与基础 间灌浆",表 A.2.1 锻压设备安装,,,03
03,通用安装工程,A,机械设备安装工程,030103,铸造设备安装,030103001,砂处理设备,"1.名称
2.型号
3.规格
4.质量
5.灌浆配合比
6.单机试运转要求",台,按设计图示数量 计算,"1.本体安装、组装
2.设备钢梁基础检 查、复核调整
3.随机附件安装
4.设备底座与基础 间灌浆
5.管道酸洗、液压油 冲洗
6.安全护栏制作安装
7.轨道安装调整",表 A.3.1 铸造设备安装,,,03
03,通用安装工程,A,机械设备安装工程,030103,铸造设备安装,030103002,造型设备,"1.名称
2.型号
3.规格
4.质量
5.灌浆配合比
6.单机试运转要求",台,按设计图示数量 计算,"1.本体安装、组装
2.设备钢梁基础检 查、复核调整
3.随机附件安装
4.设备底座与基础 间灌浆
5.管道酸洗、液压油 冲洗
6.安全护栏制作安装
7.轨道安装调整",表 A.3.1 铸造设备安装,,,03
03,通用安装工程,A,机械设备安装工程,030103,铸造设备安装,030103003,制芯设备,"1.名称
2.型号
3.规格
4.质量
5.灌浆配合比
6.单机试运转要求",台,按设计图示数量 计算,"1.本体安装、组装
2.设备钢梁基础检 查、复核调整
3.随机附件安装
4.设备底座与基础 间灌浆
5.管道酸洗、液压油 冲洗
6.安全护栏制作安装
7.轨道安装调整",表 A.3.1 铸造设备安装,,,03
03,通用安装工程,A,机械设备安装工程,030103,铸造设备安装,030103004,落砂设备,"1.名称
2.型号
3.规格
4.质量
5.灌浆配合比
6.试运转要求",台,按设计图示数量 计算,"1.本体安装、组装
2.设备钢梁基础检 查、调整
3.随机附件安装
4.设备底座与基础 间灌浆
5.管道酸洗、液压油 冲洗
6.安全护栏制作安装
7.轨道安装调整",表 A.3.1 铸造设备安装,,,03
03,通用安装工程,A,机械设备安装工程,030103,铸造设备安装,030103005,清理设备,"1.名称
2.型号
3.规格
4.质量
5.灌浆配合比
6.试运转要求",台,按设计图示数量 计算,"1.本体安装、组装
2.设备钢梁基础检 查、调整
3.随机附件安装
4.设备底座与基础 间灌浆
5.管道酸洗、液压油 冲洗
6.安全护栏制作安装
7.轨道安装调整",表 A.3.1 铸造设备安装,,,03
03,通用安装工程,A,机械设备安装工程,030103,铸造设备安装,030103006,"金属型铸造
设备","1.名称
2.型号
3.规格
4.质量
5.灌浆配合比
6.试运转要求",台,按设计图示数量 计算,"1.本体安装、组装
2.设备钢梁基础检 查、调整
3.随机附件安装
4.设备底座与基础 间灌浆
5.管道酸洗、液压油 冲洗
6.安全护栏制作安装
7.轨道安装调整",表 A.3.1 铸造设备安装,,,03
03,通用安装工程,A,机械设备安装工程,030103,铸造设备安装,030103007,材料准备设备,"1.名称
2.型号
3.规格
4.质量
5.灌浆配合比
6.试运转要求",台,按设计图示数量 计算,"1.本体安装、组装
2.设备钢梁基础检 查、调整
3.随机附件安装
4.设备底座与基础 间灌浆
5.管道酸洗、液压油 冲洗
6.安全护栏制作安装
7.轨道安装调整",表 A.3.1 铸造设备安装,,,03
03,通用安装工程,A,机械设备安装工程,030103,铸造设备安装,030103008,抛丸清理室,"1.名称
2.型号
3.规格
4.质量
5.灌浆配合比
6.试运转要求",套,按设计图示数量 计算,"1.抛丸清理室机械 设备安装
2.抛丸清理室地轨 安装
3.金属结构件和车 挡制作、安装
4.除尘机及除尘器 与风机间的风管 安装",表 A.3.1 铸造设备安装,,,03
03,通用安装工程,A,机械设备安装工程,030103,铸造设备安装,030103009,铸铁平台,"1.名称
2.规格
3.灌浆配合比",t,按设计图示尺寸 以质量计算,"1.平台制作、安装
2.灌浆",表 A.3.1 铸造设备安装,,,03
03,通用安装工程,A,机械设备安装工程,030104,起重设备安装,030104001,桥式起重机,"1.名称
2.型号
3.跨距
4.起重质量
5.单机试运转要求",台,按设计图示数量 计算,本体组装,表 A.4.1 起重设备安装,,,03
03,通用安装工程,A,机械设备安装工程,030104,起重设备安装,030104002,吊钩门式 起重机,"1.名称
2.型号
3.跨距
4.起重质量
5.单机试运转要求",台,按设计图示数量 计算,本体组装,表 A.4.1 起重设备安装,,,03
03,通用安装工程,A,机械设备安装工程,030104,起重设备安装,030104003,梁式起重机,"1.名称
2.型号
3.跨距
4.起重质量
5.单机试运转要求",台,按设计图示数量 计算,本体组装,表 A.4.1 起重设备安装,,,03
03,通用安装工程,A,机械设备安装工程,030104,起重设备安装,030104004,电动壁行悬臂 挂式起重机,"1.名称
2.型号
3.跨距
4.起重质量
5.单机试运转要求",台,按设计图示数量 计算,本体组装,表 A.4.1 起重设备安装,,,03
03,通用安装工程,A,机械设备安装工程,030104,起重设备安装,030104005,旋臂壁式 起重机,"1.名称
2.型号
3.跨距
4.起重质量
5.单机试运转要求",台,按设计图示数量 计算,本体组装,表 A.4.1 起重设备安装,,,03
03,通用安装工程,A,机械设备安装工程,030104,起重设备安装,030104006,"旋臂立柱式
起重机","1.名称
2.型号
3.跨距
4.起重质量
5.单机试运转要求",台,按设计图示数量 计算,本体组装,表 A.4.1 起重设备安装,,,03
03,通用安装工程,A,机械设备安装工程,030104,起重设备安装,030104007,电动葫芦,"1.名称
2.型号
3.跨距
4.起重质量
5.单机试运转要求",台,按设计图示数量 计算,本体组装,表 A.4.1 起重设备安装,,,03
03,通用安装工程,A,机械设备安装工程,030104,起重设备安装,030104008,单轨小车,"1.名称
2.型号
3.跨距
4.起重质量
5.单机试运转要求",台,按设计图示数量 计算,本体组装,表 A.4.1 起重设备安装,,,03
03,通用安装工程,A,机械设备安装工程,030105,起重机轨道安装,030105001,起重机轨道,"1.型号
2.规格
3.安装部位
4.固定方式
5.纵横向孔距
6.车挡材质",m,"按设计图示尺
寸，以单根轨道长 度计算","1.轨道安装
2.车挡制作、安装",表 A.5.1 起重机轨道安装,,,03
03,通用安装工程,A,机械设备安装工程,030106,输送设备安装,030106001,斗式提升机,"1.名称
2.型号
3.提升高度
4.单机试运转要求",台,按设计图示数量 计算,本体安装,表 A.6.1 输送设备安装,,,03
03,通用安装工程,A,机械设备安装工程,030106,输送设备安装,030106002,刮板输送机,"1.名称
2.型号
3.输送机槽宽
4.输送机长度
5.驱动装置组数
6.单机试运转要求",台,按设计图示数量 计算,本体安装,表 A.6.1 输送设备安装,,,03
03,通用安装工程,A,机械设备安装工程,030106,输送设备安装,030106003,板(裙)式 输送机,"1.名称
2.型号
3.链板宽度
4.链轮中心距
5.单机试运转要求",台,按设计图示数量 计算,本体安装,表 A.6.1 输送设备安装,,,03
03,通用安装工程,A,机械设备安装工程,030106,输送设备安装,030106004,悬挂输送机,"1.名称
2.型号
3.质量
4.链条类型
5.节距
6.单机试运转要求",台,按设计图示数量 计算,本体安装,表 A.6.1 输送设备安装,,,03
03,通用安装工程,A,机械设备安装工程,030106,输送设备安装,030106005,"固定式胶带
输送机","1.名称
2.型号
3.输送长度
4.输送机胶带宽度
5.单机试运转要求",台,按设计图示数量 计算,本体安装,表 A.6.1 输送设备安装,,,03
03,通用安装工程,A,机械设备安装工程,030106,输送设备安装,030106006,螺旋输送机,"1.名称
2.型号
3.规格
4.单机试运转要求",台,按设计图示数量 计算,本体安装,表 A.6.1 输送设备安装,,,03
03,通用安装工程,A,机械设备安装工程,030106,输送设备安装,030106007,卸矿车,"1.名称
2.型号
3.设备宽度
4.单机试运转要求",台,按设计图示数量 计算,本体安装,表 A.6.1 输送设备安装,,,03
03,通用安装工程,A,机械设备安装工程,030106,输送设备安装,030106008,皮带秤,"1.名称
2.型号
3.设备宽度
4.单机试运转要求",台,按设计图示数量 计算,本体安装,表 A.6.1 输送设备安装,,,03
03,通用安装工程,A,机械设备安装工程,030107,电梯安装,030107001,交流电梯,"1.名称
2.型号
3.层数
4.站数
5.额定载重量
6.额定人数
7.提升高度
8.梯速",部,按设计图示数量 计算,"1.本体安装
2. 电梯电气安装、 调试
3.辅助项目安装
4.检测、调试、试运行",表 A.7.1 电梯安装,,,03
03,通用安装工程,A,机械设备安装工程,030107,电梯安装,030107002,直流电梯,"1.名称
2.型号
3.层数
4.站数
5.额定载重量
6.额定人数
7.提升高度
8.梯速",部,按设计图示数量 计算,"1.本体安装
2. 电梯电气安装、 调试
3.辅助项目安装
4.检测、调试、试运行",表 A.7.1 电梯安装,,,03
03,通用安装工程,A,机械设备安装工程,030107,电梯安装,030107003,杂货电梯,"1.名称
2.型号
3.层数
4.站数
5.额定载重量
6.额定人数
7.提升高度
8.梯速",部,按设计图示数量 计算,"1.本体安装
2. 电梯电气安装、 调试
3.辅助项目安装
4.检测、调试、试运行",表 A.7.1 电梯安装,,,03
03,通用安装工程,A,机械设备安装工程,030107,电梯安装,030107004,观光电梯,"1.名称
2.型号
3.层数
4.站数
5.额定载重量
6.额定人数
7.提升高度
8.梯速",部,按设计图示数量 计算,"1.本体安装
2. 电梯电气安装、 调试
3.辅助项目安装
4.检测、调试、试运行",表 A.7.1 电梯安装,,,03
03,通用安装工程,A,机械设备安装工程,030107,电梯安装,030107005,液压电梯,"1.名称
2.型号
3.层数
4.站数
5.额定载重量
6.额定人数
7.提升高度
8.梯速",部,按设计图示数量 计算,"1.本体安装
2. 电梯电气安装、 调试
3.辅助项目安装
4.检测、调试、试运行",表 A.7.1 电梯安装,,,03
03,通用安装工程,A,机械设备安装工程,030107,电梯安装,030107006,自动扶梯,"1.名称
2.型号
3.层高
4.额定载重量
5.倾斜度
6.扶手中心距 7.梯速",部,按设计图示数量 计算,"1.本体安装
2. 自动扶梯电气安 装、调试
3.检测、调试、试运行",表 A.7.1 电梯安装,,,03
03,通用安装工程,A,机械设备安装工程,030107,电梯安装,030107007,自动人行道,"1.名称
2.型号
3.宽度、长度
4.前后轮距
5.运行速度",部,按设计图示数量 计算,"1.本体安装
2.人行道电气安装、 调试
3.检测、调试、试运行",表 A.7.1 电梯安装,,,03
03,通用安装工程,A,机械设备安装工程,030107,电梯安装,030107008,轮椅升降台,"1.名称
2.型号
3.提升高度",部,按设计图示数量 计算,"1.本体安装
2.轮椅升降台电气 安装、调试
3.检测、调试、试运行",表 A.7.1 电梯安装,,,03
03,通用安装工程,A,机械设备安装工程,030108,风机安装,030108001,风机,"1.名称
2.型号
3.规格
4.材质
5.类型
6.质量
7.减振底座形式、 数量
8.灌浆配合比
9.单机试运转要求",台,按设计图示数量 计算,"1.本体安装
2.拆装检查
3.减振台座制作、 安装
4.设备底座与基础 间灌浆",表 A.8.1 风机安装,,,03
03,通用安装工程,A,机械设备安装工程,030109,泵安装,030109001,泵,"1.名称
2.型号
3.规格
4.材质
5.类型
6.质量
7.减振装置形式、 数量
8.灌浆配合比
9.单机试运转要求",台,按设计图示数量 计算,"1.本体安装
2.泵拆装检查
3.电动机安装
4.设备底座与基础 间灌浆",表 A.9.1 泵安装,,,03
03,通用安装工程,A,机械设备安装工程,030110,压缩机安装,030110001,压缩机,"1.名称
2.型号
3.规格
4.类型
5.质量
6.结构形式
7.驱动方式
8.灌浆配合比
9.单机试运转要求",台,按设计图示数量 计算,"1.本体安装
2.拆装检查
3.设备底座与基础 间灌浆",表 A.10.1 压缩机安装,,,03
03,通用安装工程,A,机械设备安装工程,030111,煤气发生设备安装,030111001,煤气发生炉,"1.名称
2.型号
3.规格
4.质量
5.灌浆配合",台,按设计图示数量 计算,"1.本体安装
2.设备底座与基础 间灌浆",表 A.11.1 煤气发生设备安装,,,03
03,通用安装工程,A,机械设备安装工程,030111,煤气发生设备安装,030111002,洗涤塔,"1.名称
2.型号
3.规格
4.质量
5.灌浆配合",台,按设计图示数量 计算,"1.本体安装
2.设备底座与基础 间灌浆",表 A.11.1 煤气发生设备安装,,,03
03,通用安装工程,A,机械设备安装工程,030111,煤气发生设备安装,030111003,电气滤清器,"1.名称 2.型号 3.规格
4.质量",台,按设计图示数量 计算,本体安装,表 A.11.1 煤气发生设备安装,,,03
03,通用安装工程,A,机械设备安装工程,030111,煤气发生设备安装,030111004,竖管,"1.类型 2.高度
3.规格",台,按设计图示数量 计算,本体安装,表 A.11.1 煤气发生设备安装,,,03
03,通用安装工程,A,机械设备安装工程,030111,煤气发生设备安装,030111005,附属设备,"1.名称
2.型号
3.规格
4.质量
5.灌浆配合比",台,按设计图示数量 计算,"1.本体安装
2.设备底座与基础 间灌浆",表 A.11.1 煤气发生设备安装,,,03
03,通用安装工程,A,机械设备安装工程,030111,煤气发生设备安装,030111006,"附属容器
构件","1.名称 2.型号 3.规格
4.质量",t,按设计图示质量 计算,"1.附属容器、构件 组对
2.本体安装",表 A.11.1 煤气发生设备安装,,,03
03,通用安装工程,A,机械设备安装工程,030112,制冷设备安装,030112001,冷水机组,"1.名称
2.型号
3.规格
4.质量
5.制冷形式
6.制冷量
7.灌浆配合比
8.单机试运转要求",台,按设计图示数量 计算,"1.本体安装
2.设备底座与基础 间灌浆",表 A.12.1 制冷设备安装,,,03
03,通用安装工程,A,机械设备安装工程,030112,制冷设备安装,030112002,制冰设备,"1.名称
2.型号
3.规格
4.质量
5.制冰方式
6.灌浆配合比
7.单机试运转要求",台,按设计图示数量 计算,"1.本体安装
2.设备底座与基础 间灌浆",表 A.12.1 制冷设备安装,,,03
03,通用安装工程,A,机械设备安装工程,030112,制冷设备安装,030112003,热泵机组,"1.名称
2.型号
3.规格
4.质量
5.灌浆配合比
6.单机试运转要求",台,按设计图示数量 计算,"1.本体安装
2.设备底座与基础 间灌浆",表 A.12.1 制冷设备安装,,,03
03,通用安装工程,A,机械设备安装工程,030112,制冷设备安装,030112004,"溴化锂吸收式
制冷机","1.名称
2.型号
3.规格
4.质量
5.灌浆配合比
6.单机试运转要求",台,按设计图示数量 计算,"1.本体安装
2.设备底座与基础 间灌浆",表 A.12.1 制冷设备安装,,,03
03,通用安装工程,A,机械设备安装工程,030112,制冷设备安装,030112005,冷风机,"1.名称
2.型号
3.规格
4.质量
5.灌浆配合比
6.单机试运转要求",台,按设计图示数量 计算,"1.本体安装
2.设备底座与基础 间灌浆",表 A.12.1 制冷设备安装,,,03
03,通用安装工程,A,机械设备安装工程,030112,制冷设备安装,030112006,冷却塔,"1.名称
2.型号
3.材质
4.规格
5.质量
6.单机试运转要求",台,按设计图示数量 计算,本体安装,表 A.12.1 制冷设备安装,,,03
03,通用安装工程,A,机械设备安装工程,030113,其他机械安装,030113001,热力机组,"1.名称
2.型号
3.规格
4.质量
5.制热形式
6.制热量
7.灌浆配合比
8.单机试运转要求",台,按设计图示数量 计算,"1.本体安装
2.设备底座与基础 间灌浆",表 A.13.1 其他机械安装,,,03
03,通用安装工程,A,机械设备安装工程,030113,其他机械安装,030113002,"润滑油处理
设备","1.名称
2.型号
3.规格
4.质量
5.灌浆配合比
6.单机试运转要求",台,按设计图示数量 计算,"1.本体安装
2.设备底座与基础 间灌浆",表 A.13.1 其他机械安装,,,03
03,通用安装工程,A,机械设备安装工程,030113,其他机械安装,030113003,膨胀机,"1.名称
2.型号
3.规格
4.质量
5.灌浆配合比
6.单机试运转要求",台,按设计图示数量 计算,"1.本体安装
2.设备底座与基础 间灌浆",表 A.13.1 其他机械安装,,,03
03,通用安装工程,A,机械设备安装工程,030113,其他机械安装,030113004,柴油机,"1.名称
2.型号
3.规格
4.质量
5.灌浆配合比
6.单机试运转要求",台,按设计图示数量 计算,"1.本体安装
2.设备底座与基础 间灌浆",表 A.13.1 其他机械安装,,,03
03,通用安装工程,A,机械设备安装工程,030113,其他机械安装,030113005,柴油发电机组,"1.名称
2.型号
3.规格
4.质量
5.灌浆配合比
6.单机试运转要求",台,按设计图示数量 计算,"1.本体安装
2.设备底座与基础 间灌浆",表 A.13.1 其他机械安装,,,03
03,通用安装工程,A,机械设备安装工程,030113,其他机械安装,030113006,电动机,"1.名称
2.型号
3.规格
4.质量
5.灌浆配合比
6.单机试运转要求",台,按设计图示数量 计算,"1.本体安装
2.设备底座与基础 间灌浆",表 A.13.1 其他机械安装,,,03
03,通用安装工程,A,机械设备安装工程,030113,其他机械安装,030113007,电动发电机组,"1.名称
2.型号
3.规格
4.质量
5.灌浆配合比
6.单机试运转要求",台,按设计图示数量 计算,"1.本体安装
2.设备底座与基础 间灌浆",表 A.13.1 其他机械安装,,,03
03,通用安装工程,A,机械设备安装工程,030113,其他机械安装,030113008,储气罐,"1.名称 2.型号
3.规格",台,按设计图示数量 计算,本体安装,表 A.13.1 其他机械安装,,,03
03,通用安装工程,A,机械设备安装工程,030113,其他机械安装,030113009,乙炔发生器,"1.名称 2.型号
3.规格",台,按设计图示数量 计算,本体安装,表 A.13.1 其他机械安装,,,03
03,通用安装工程,A,机械设备安装工程,030113,其他机械安装,030113010,水压机蓄势罐,"1.名称 2.型号 3.规格
4.质量",台,按设计图示数量 计算,本体安装,表 A.13.1 其他机械安装,,,03
03,通用安装工程,A,机械设备安装工程,030113,其他机械安装,030113011,空气分离塔,"1.名称 2.型号
3.规格",台,按设计图示数量 计算,本体安装,表 A.13.1 其他机械安装,,,03
03,通用安装工程,A,机械设备安装工程,030113,其他机械安装,030113012,小型制氧机 附属设备,"1.名称 2.型号 3.规格
4.质量",台,按设计图示数量 计算,本体安装,表 A.13.1 其他机械安装,,,03
03,通用安装工程,A,机械设备安装工程,030113,其他机械安装,030112013,冷凝器,"1.名称
2.型号
3.结构形式 4.规格",台,按设计图示数量 计算,本体安装,表 A.13.1 其他机械安装,,,03
03,通用安装工程,A,机械设备安装工程,030113,其他机械安装,030112014,蒸发器,"1.名称
2.型号
3.结构形式 4.规格",台,按设计图示数量 计算,本体安装,表 A.13.1 其他机械安装,,,03
03,通用安装工程,A,机械设备安装工程,030113,其他机械安装,030112015,"贮液器
(排液桶)","1.名称 2.型号 3.质量
4.规格",台,按设计图示数量 计算,本体安装,表 A.13.1 其他机械安装,,,03
03,通用安装工程,A,机械设备安装工程,030113,其他机械安装,030112016,集油器,"1.名称 2.型号
3.规格",台,按设计图示数量 计算,本体安装,表 A.13.1 其他机械安装,,,03
03,通用安装工程,A,机械设备安装工程,030113,其他机械安装,030112017,紧急泄氨器,"1.名称 2.型号
3.规格",台,按设计图示数量 计算,本体安装,表 A.13.1 其他机械安装,,,03
03,通用安装工程,A,机械设备安装工程,030113,其他机械安装,030112018,油视镜,"1.名称 2.型号
3.规格",支,按设计图示数量 计算,本体安装,表 A.13.1 其他机械安装,,,03
03,通用安装工程,A,机械设备安装工程,030113,其他机械安装,030112019,分离器,"1.名称 2.型号 3.形式 4.质量
5.规格",支,按设计图示数量 计算,本体安装,表 A.13.1 其他机械安装,,,03
03,通用安装工程,A,机械设备安装工程,030113,其他机械安装,030112020,过滤器,"1.名称 2.型号 3.规格
4.介质",支,按设计图示数量 计算,本体安装,表 A.13.1 其他机械安装,,,03
03,通用安装工程,A,机械设备安装工程,030113,其他机械安装,030112021,中间冷却器,"1.名称 2.型号 3.规格
4.质量",支,按设计图示数量 计算,本体安装,表 A.13.1 其他机械安装,,,03
03,通用安装工程,A,机械设备安装工程,030113,其他机械安装,030113022,风力发电机,"1.名称 2.型号 3.规格 4.容量
5.塔高",组,按设计图示数量 计算,本体安装,表 A.13.1 其他机械安装,,,03
03,通用安装工程,A,机械设备安装工程,030113,其他机械安装,030113023,设备减震台座,"1.名称 2.型号
3.规格",台,按设计图示数量 计算,安装,表 A.13.1 其他机械安装,,,03
03,通用安装工程,B,热力设备安装工程,030201,中(高)压锅炉本体设备安装,030201001,钢炉架,"1.锅炉类型
2.规格
3.蒸发量(t/h)",1,按设计图示质量 计算,"1.构件清点
2.安装",表 B.1.1 中(高)压锅炉本体设备安装,,,03
03,通用安装工程,B,热力设备安装工程,030201,中(高)压锅炉本体设备安装,030201002,汽包,"1.锅炉类型
2.规格
3.支撑方式
4.蒸发量(t/h)
5.质量",台,按设计图示数量 计算,"1.汽包及其内部装 置安装
2.外置式汽水分离器 及连接管道安装
3.底座或吊架安装",表 B.1.1 中(高)压锅炉本体设备安装,,,03
03,通用安装工程,B,热力设备安装工程,030201,中(高)压锅炉本体设备安装,030201003,水冷系统,"1.锅炉类型
2.规格
3.结构形式
4.蒸发量(t/h)",t,按设计图示质量 计算,"1.水冷壁组件安装
2.联箱安装
3.降水管、汽水引出 管安装
4.支吊架、支座、固 定装置安装
5.刚性梁及其联接 件安装
6.防磨片安装
7.炉水循环泵系统 安装
8.循环硫化床锅炉 的水冷风室安装",表 B.1.1 中(高)压锅炉本体设备安装,,,03
03,通用安装工程,B,热力设备安装工程,030201,中(高)压锅炉本体设备安装,030201004,过热系统,"1.锅炉类型
2.规格
3.结构形式
4.蒸发量(t/h)",t,按设计图示质量 计算,"1.蛇形管排及组件 安装
2.顶棚管、包墙管 安装
3.联箱、减温器、蒸 汽联络管安装
4.联箱支座或吊杆、 管排定位或支吊 铁件安装
5.刚性梁及其联接 件等安装
6.防磨装置安装",表 B.1.1 中(高)压锅炉本体设备安装,,,03
03,通用安装工程,B,热力设备安装工程,030201,中(高)压锅炉本体设备安装,030201005,省煤器,"1.锅炉类型
2.规格
3.结构形式
4.蒸发量(t/h)",t,按设计图示质量 计算,"1.蛇形管排组件安装
2.包墙及悬吊管安装
3.联箱、联络管安装
4.联箱支座、管排支 吊铁件安装
5.防磨装置安装
6.管系支吊架安装",表 B.1.1 中(高)压锅炉本体设备安装,,,03
03,通用安装工程,B,热力设备安装工程,030201,中(高)压锅炉本体设备安装,030201006,管式空气 预热器,"1.锅炉类型
2.规格
3.结构形式
4.蒸发量(t/h)",t,按设计图示质量 计算,"1.设备供货范围内 的部(组)件安装
2.检修平台安装",表 B.1.1 中(高)压锅炉本体设备安装,,,03
03,通用安装工程,B,热力设备安装工程,030201,中(高)压锅炉本体设备安装,030201007,回转式空气 预热器,"1.锅炉类型 2.规格
3.结构形式
4.转子直径 5.质量",台,按设计图示数量 计算,"1.设备供货范围内 的部(组)件安装
2.检修平台安装",表 B.1.1 中(高)压锅炉本体设备安装,,,03
03,通用安装工程,B,热力设备安装工程,030201,中(高)压锅炉本体设备安装,030201008,"旋风分离器
(循环流化床
锅炉)","1.锅炉类型 2.规格
3.结构形式 4.直径",t,按设计图示质量 计算,"1.外护板组合安装
2.水冷套组合安装
3.中心筒安装",表 B.1.1 中(高)压锅炉本体设备安装,,,03
03,通用安装工程,B,热力设备安装工程,030201,中(高)压锅炉本体设备安装,030201009,本体管路系统,"1.锅炉类型
2.规格
3.结构形式
4.蒸发量(t/h)",t,按设计图示质量 计算,"1.锅炉本体设计图范 围内属制造厂定型 设计的系统管道
安装
2.阀门、管件、表计 安装
3.支吊架安装
4.吹灰器安装",表 B.1.1 中(高)压锅炉本体设备安装,,,03
03,通用安装工程,B,热力设备安装工程,030201,中(高)压锅炉本体设备安装,030201010,锅炉本体 金属结构,"1.锅炉类型
2.规格
3.结构形式
4.蒸发量(t/h)
5.出口压力(MPa)",t,按设计图示质量 计算,"1.锅炉本体的护板、 内、外金属墙皮
安装
2.联箱和炉顶的罩 壳、构件及铁件 安装
3.各类门孔和支吊 装置等金属构件 安装",表 B.1.1 中(高)压锅炉本体设备安装,,,03
03,通用安装工程,B,热力设备安装工程,030201,中(高)压锅炉本体设备安装,030201011,"锅炉本体
平台扶梯","1.锅炉类型
2.规格
3.结构形式
4.蒸发量(t/h)
5.出口压力(MPa)",t,按设计图示质量 计算,"锅炉本体设备成套
供应的平台、扶梯、
栏杆及围护板安装",表 B.1.1 中(高)压锅炉本体设备安装,,,03
03,通用安装工程,B,热力设备安装工程,030201,中(高)压锅炉本体设备安装,030201012,"炉排及燃烧
装置","1.锅炉类型
2.规格
3.结构形式
4.蒸发量(t/h)
5.出口压力(MPa)",套,按设计图示数量 计算,"1.锅炉的炉排、传动 机组件安装
2.煤粉炉的燃烧器、 喷嘴、点火油枪
安装
3.循环硫化床锅炉 的风帽安装",表 B.1.1 中(高)压锅炉本体设备安装,,,03
03,通用安装工程,B,热力设备安装工程,030201,中(高)压锅炉本体设备安装,030201013,除渣装置,"1.锅炉类型
2.规格
3.结构形式
4.蒸发量(t/h)
5.出口压力(MPa)",t,按设计图示质量 计算,"1.除渣室安装
2.渣斗水封槽安装
3.循环硫化床锅炉 的冷渣器安装
4.锅炉碎渣机、输灰 机、除渣机安装",表 B.1.1 中(高)压锅炉本体设备安装,,,03
03,通用安装工程,B,热力设备安装工程,030201,中(高)压锅炉本体设备安装,030201014,"煨制、焊接 锅炉基础
钢筋","1.钢筋种类
2.钢筋规格
3.预留钢筋长度
4.钢筋焊接要求",组,按设计图示锅炉 钢柱基础数量计算,"1.钢架基础钢筋煨弯
2.钢筋切割
3.焊接
4.清除焊渣",表 B.1.1 中(高)压锅炉本体设备安装,,,03
03,通用安装工程,B,热力设备安装工程,030202,中(高)压锅炉分部试验及试运,030202001,"锅炉清洗及
试验","1.锅炉类型
2.规格
3.结构形式
4.蒸发量(t/h)",台,按整套锅炉计量,"1.清洗设备安装和清洗管路安 装、拆除
2.锅炉清洗
3.水压试验用临时管路的安 装、拆除
4.锅炉水压试验
5.锅炉燃烧室、尾部烟道和空气 预热器风压试验
6.砖砌锅炉及循环流化床锅炉 的烘炉
7.锅炉的碱煮炉
8.本体范围内的蒸汽严密性试验
9.安全门调整",表 B.2.1 中(高)压锅炉分部试验及试运,,,03
03,通用安装工程,B,热力设备安装工程,030203,中(高)压锅炉风机安装,030203001,送、引风机,"1.名称 2.型号 3.规格 4.功率
5.质量",台,按设计图示数量 计算,"1.本体安装
2.电动机安装
3.附属系统安装",表 B.3.1 中(高)压锅炉风机安装,,,03
03,通用安装工程,B,热力设备安装工程,030203,中(高)压锅炉风机安装,030203002,排粉风机,"1.名称 2.型号 3.规格 4.功率
5.质量",台,按设计图示数量 计算,"1.本体安装
2.电动机安装
3.附属系统安装",表 B.3.1 中(高)压锅炉风机安装,,,03
03,通用安装工程,B,热力设备安装工程,030203,中(高)压锅炉风机安装,030203003,"石灰石粉
输送风机","1.名称 2.型号 3.规格 4.功率
5.质量",台,按设计图示数量 计算,"1.本体安装
2.电动机安装
3.附属系统安装",表 B.3.1 中(高)压锅炉风机安装,,,03
03,通用安装工程,B,热力设备安装工程,030203,中(高)压锅炉风机安装,030203004,回料(流化) 风机,"1.名称 2.型号 3.规格 4.功率
5.质量",台,按设计图示数量 计算,"1.本体安装
2.电动机安装
3.附属系统安装",表 B.3.1 中(高)压锅炉风机安装,,,03
03,通用安装工程,B,热力设备安装工程,030204,中(高)压锅炉除尘装置安装【,030204001,除尘器,"1.名称
2.型号
3.规格
4.结构形式
5.筒体直径
6. 电感面积(m²)",台,按设计图示数量 计算,"1.本体安装
2.附件安装
3.附属系统安装",表 B.4.1 中(高)压锅炉除尘装置安装【,,,03
03,通用安装工程,B,热力设备安装工程,030205,中(高)压锅炉制粉系统安装,030205001,磨煤机,"1.名称 2.型号 3.出力
4.功率",台,按设计图示数量 计算,"1.本体安装
2.传动设备、电动机 安装
3.附属设备安装
4.油系统安装
5.钢球磨煤机的加 钢球
6.平台、扶梯、栏杆 及围栅安装
7.密封风机安装",表 B.5.1 中(高)压锅炉制粉系统安装,,,03
03,通用安装工程,B,热力设备安装工程,030205,中(高)压锅炉制粉系统安装,030205002,给煤机,"1.名称 2.型号 3.出力
4.功率",台,按设计图示数量 计算,"1.主机安装
2.减速机安装
3.电动机安装
4.附件安装",表 B.5.1 中(高)压锅炉制粉系统安装,,,03
03,通用安装工程,B,热力设备安装工程,030205,中(高)压锅炉制粉系统安装,030205003,叶轮给粉机,"1.名称 2.型号 3.出力
4.功率",台,按设计图示数量 计算,"1.主机安装
2.电动机安装",表 B.5.1 中(高)压锅炉制粉系统安装,,,03
03,通用安装工程,B,热力设备安装工程,030205,中(高)压锅炉制粉系统安装,030205004,螺旋输粉机,"1.名称 2.型号 3.出力
4.功率",台,按设计图示数量 计算,"1.主机安装
2.减速机、电动机 安装
3.落粉管安装
4.闸门板安装",表 B.5.1 中(高)压锅炉制粉系统安装,,,03
03,通用安装工程,B,热力设备安装工程,030206,中(高)压锅炉烟、风、煤管道安装,030206001,烟道,"1.管道形状
2.材质
3.管道断面尺寸
4.管壁厚度",t,按设计图示尺寸 以管道质量计算,"1.管道安装
2.送粉管弯头浇灌 防磨混凝土
3.风门、挡板安装
4.金属膨胀节预拉 伸、安装
5.管道附件安装
6.支吊架制作、安装
7.附属设备安装
8.管道密封试验",表 B.6.1 中(高)压锅炉烟、风、煤管道安装,,,03
03,通用安装工程,B,热力设备安装工程,030206,中(高)压锅炉烟、风、煤管道安装,030206002,热风道,"1.管道形状
2.材质
3.管道断面尺寸
4.管壁厚度",t,按设计图示尺寸 以管道质量计算,"1.管道安装
2.送粉管弯头浇灌 防磨混凝土
3.风门、挡板安装
4.金属膨胀节预拉 伸、安装
5.管道附件安装
6.支吊架制作、安装
7.附属设备安装
8.管道密封试验",表 B.6.1 中(高)压锅炉烟、风、煤管道安装,,,03
03,通用安装工程,B,热力设备安装工程,030206,中(高)压锅炉烟、风、煤管道安装,030206003,冷风道,"1.管道形状
2.材质
3.管道断面尺寸
4.管壁厚度",t,按设计图示尺寸 以管道质量计算,"1.管道安装
2.送粉管弯头浇灌 防磨混凝土
3.风门、挡板安装
4.金属膨胀节预拉 伸、安装
5.管道附件安装
6.支吊架制作、安装
7.附属设备安装
8.管道密封试验",表 B.6.1 中(高)压锅炉烟、风、煤管道安装,,,03
03,通用安装工程,B,热力设备安装工程,030206,中(高)压锅炉烟、风、煤管道安装,030206004,制粉管道,"1.管道形状
2.材质
3.管道断面尺寸
4.管壁厚度",t,按设计图示尺寸 以管道质量计算,"1.管道安装
2.送粉管弯头浇灌 防磨混凝土
3.风门、挡板安装
4.金属膨胀节预拉 伸、安装
5.管道附件安装
6.支吊架制作、安装
7.附属设备安装
8.管道密封试验",表 B.6.1 中(高)压锅炉烟、风、煤管道安装,,,03
03,通用安装工程,B,热力设备安装工程,030206,中(高)压锅炉烟、风、煤管道安装,030206005,送粉管道,"1.管道形状
2.材质
3.管道断面尺寸
4.管壁厚度",t,按设计图示尺寸 以管道质量计算,"1.管道安装
2.送粉管弯头浇灌 防磨混凝土
3.风门、挡板安装
4.金属膨胀节预拉 伸、安装
5.管道附件安装
6.支吊架制作、安装
7.附属设备安装
8.管道密封试验",表 B.6.1 中(高)压锅炉烟、风、煤管道安装,,,03
03,通用安装工程,B,热力设备安装工程,030206,中(高)压锅炉烟、风、煤管道安装,030206006,原煤管道,"1.管道形状
2.材质
3.管道断面尺寸
4.管壁厚度",t,按设计图示尺寸 以管道质量计算,"1.管道安装
2.送粉管弯头浇灌 防磨混凝土
3.风门、挡板安装
4.金属膨胀节预拉 伸、安装
5.管道附件安装
6.支吊架制作、安装
7.附属设备安装
8.管道密封试验",表 B.6.1 中(高)压锅炉烟、风、煤管道安装,,,03
03,通用安装工程,B,热力设备安装工程,030207,中(高)压锅炉其他辅助设备安装,030207001,扩容器,"1.名称
2.型号
3.规格
4.出力
5.结构形式 6.质量",台,按设计图示数量 计算,"1.本体安装
2.附件安装",表 B.7.1 中(高)压锅炉其他辅助设备安装,,,03
03,通用安装工程,B,热力设备安装工程,030207,中(高)压锅炉其他辅助设备安装,030207002,消音器,"1.名称
2.型号
3.规格
4.出力
5.结构形式 6.质量",台,按设计图示数量 计算,本体安装,表 B.7.1 中(高)压锅炉其他辅助设备安装,,,03
03,通用安装工程,B,热力设备安装工程,030207,中(高)压锅炉其他辅助设备安装,030207003,暖风器,"1.名称
2.型号
3.规格
4.出力
5.结构形式 6.质量",台,按设计图示数量 计算,本体安装,表 B.7.1 中(高)压锅炉其他辅助设备安装,,,03
03,通用安装工程,B,热力设备安装工程,030207,中(高)压锅炉其他辅助设备安装,030207004,测粉装置,"1.名称
2.型号
3.规格
4.标尺比例",套,按设计图示数量 计算,"1.本体安装
2.附件安装",表 B.7.1 中(高)压锅炉其他辅助设备安装,,,03
03,通用安装工程,B,热力设备安装工程,030207,中(高)压锅炉其他辅助设备安装,030207005,煤粉分离器,"1.名称
2.型号
3.规格(直径、长度 等 )
4.结构形式",台,按设计图示数量 计算,"1.本体安装
2.操作装置安装
3.防爆门及人孔门 安装",表 B.7.1 中(高)压锅炉其他辅助设备安装,,,03
03,通用安装工程,B,热力设备安装工程,030208,中(高)压锅炉炉墙砌筑,030208001,"敷管式及膜式 水冷壁炉墙
和框架式
炉墙","1.砌筑材料名称、 规格
2.砌筑要求
3.保温制品名称及 厚度
4.填塞材料名称",m³,按设计图示尺寸 以体积计算,"1.炉底磷酸盐混凝 土砌筑
2.炉墙耐火混凝土 砌筑
3.炉墙保温混凝土 砌筑
4.矿棉、岩棉、超细 棉制品敷设
5.炉墙密封、抹面
6.炉顶砌筑
7.耐火混凝土浇灌
8.耐火塑料浇灌
9.保温混凝土浇灌
10.燃烧带敷设
11.炉墙耐火材料填塞",表 B.8.1 中(高)压锅炉炉墙砌筑,,,03
03,通用安装工程,B,热力设备安装工程,030208,中(高)压锅炉炉墙砌筑,030208002,"循环流化床
锅炉旋风
分离器内衬","1.砌筑材料名称、 规格
2.砌筑要求
3.保温制品名称及 厚度
4.填塞材料名称",m³,按设计图示尺寸 以体积计算,"1.耐火混凝土浇灌
2.耐火塑料浇灌
3.耐火砖砌筑
4.炉顶砌筑
5.耐火材料填塞
6.岩棉毡、硅酸铝制 品敷设",表 B.8.1 中(高)压锅炉炉墙砌筑,,,03
03,通用安装工程,B,热力设备安装工程,030208,中(高)压锅炉炉墙砌筑,030208003,炉墙耐火砖,"1.耐火砖材料名 称、规格
2.砌筑要求
3.耐火砖墙厚度
4.填塞材料名称",m³,按设计图示尺寸 以体积计算,"1.非定型异型砖配制
2.耐火砖砌筑
3.耐火混凝土填塞",表 B.8.1 中(高)压锅炉炉墙砌筑,,,03
03,通用安装工程,B,热力设备安装工程,030209,汽轮发电机本体安装,030209001,汽轮机,"1.名称
2.型号
3.规格
4.结构形式
5.容量(MW)
6.质量",台,按设计图示数量 计算,"1.汽轮机本体安装
2.调速系统安装
3.主汽门、联合汽门 安装
4.随本体设备成套 供应的系统管道、 管件、阀门安装
5.管道系统水压试验",表 B.9.1 汽轮发电机本体安装,,,03
03,通用安装工程,B,热力设备安装工程,030209,汽轮发电机本体安装,030209002,发电机 、 励磁机,"1.名称
2.型号
3.规格
4.结构形式
5.发电机功率(MW)
6.质量",台,按设计图示数量 计算,"1.发电机本体安装
2.励磁机、副励磁机 安装
3.抽真空系统安装
4.随本体设备成套 供应的系统管道、 管件、阀门安装
5.发电机整套风压 试验",表 B.9.1 汽轮发电机本体安装,,,03
03,通用安装工程,B,热力设备安装工程,030209,汽轮发电机本体安装,030209003,汽轮发电机组 空负荷试运,"1.名称
2.型号
3.规格
4.机组容量(MW)",台,按设计图示数量 计算,"1.润滑油过滤
2.配合调试单位对 各分系统调试
3.分系统调试项目 的系统恢复",表 B.9.1 汽轮发电机本体安装,,,03
03,通用安装工程,B,热力设备安装工程,030210,汽轮发电机辅助设备安装,030210001,凝汽器,"1.名称
2.型号
3.规格
4.冷凝面积 5.质量",台,按设计图示数量 计算,"1.外壳组装
2.铜管安装
3.内部设备安装
4.管件安装
5.附件安装",表 B.10.1 汽轮发电机辅助设备安装,,,03
03,通用安装工程,B,热力设备安装工程,030210,汽轮发电机辅助设备安装,030210002,加热器,"1.名称
2.型号
3.规格
4.热交换面积 5.质量",台,按设计图示数量 计算,"1.本体安装
2.附件安装",表 B.10.1 汽轮发电机辅助设备安装,,,03
03,通用安装工程,B,热力设备安装工程,030210,汽轮发电机辅助设备安装,030210003,抽气器,"1.名称 2.型号 3.规格
4.质量",台,按设计图示数量 计算,"1.本体安装
2.附件安装
3.随设备供货的连 接管道安装
4.支吊架制作、安装",表 B.10.1 汽轮发电机辅助设备安装,,,03
03,通用安装工程,B,热力设备安装工程,030210,汽轮发电机辅助设备安装,030210004,"油箱和
油系统设备","1.名称
2.型号
3.规格
4.冷却面积
5.油箱容积",台,按设计图示数量 计算,"1.本体安装
2.附件安装
3.随设备供货的连 接管道安装
4.支吊架制作、安装",表 B.10.1 汽轮发电机辅助设备安装,,,03
03,通用安装工程,B,热力设备安装工程,030211,汽轮发电机附属设备安装,030211001,除氧器及水箱,"1.名称
2.型号
3.规格
4.水箱容积",台,按设计图示数量 计算,"1.水箱本体及托架 安装
2.除氧器本体安装
3.附件及平台安装",表 B.11.1 汽轮发电机附属设备安装,,,03
03,通用安装工程,B,热力设备安装工程,030211,汽轮发电机附属设备安装,030211002,电动给水泵,"1.名称 2.型号 3.规格
4.功率",台,按设计图示数量 计算,"1.本体安装
2.附件安装
3.电动机安装",表 B.11.1 汽轮发电机附属设备安装,,,03
03,通用安装工程,B,热力设备安装工程,030211,汽轮发电机附属设备安装,030211003,循环水泵,"1.名称 2.型号 3.规格
4.功率",台,按设计图示数量 计算,"1.本体安装
2.附件安装
3.电动机安装",表 B.11.1 汽轮发电机附属设备安装,,,03
03,通用安装工程,B,热力设备安装工程,030211,汽轮发电机附属设备安装,030211004,凝结水泵,"1.名称 2.型号 3.规格
4.功率",台,按设计图示数量 计算,"1.本体安装
2.附件安装
3.电动机安装",表 B.11.1 汽轮发电机附属设备安装,,,03
03,通用安装工程,B,热力设备安装工程,030211,汽轮发电机附属设备安装,030211005,机械真空泵,"1.名称 2.型号 3.规格
4.功率",台,按设计图示数量 计算,"1.本体安装
2.附件安装
3.电动机安装",表 B.11.1 汽轮发电机附属设备安装,,,03
03,通用安装工程,B,热力设备安装工程,030211,汽轮发电机附属设备安装,030211006,胶球清洗装置,"1.名称 2.型号 3.规格
4.功率",台,按设计图示数量 计算,"1.装球室、收球网检查 2.本体、附件安装
3.液压系统安装",表 B.11.1 汽轮发电机附属设备安装,,,03
03,通用安装工程,B,热力设备安装工程,030211,汽轮发电机附属设备安装,030211007,减温减压装置,"1.名称 2.型号 3.规格 4.流量
5.直径",台,按设计图示数量 计算,"1.本体安装
2.配套管路、仪表安装",表 B.11.1 汽轮发电机附属设备安装,,,03
03,通用安装工程,B,热力设备安装工程,030211,汽轮发电机附属设备安装,030211008,空冷设备,"1.名称 2.型号 3.规格
4.功率",台,按设计图示数量 计算,"1.本体安装
2.钢结构框架组对、 安装
3.系统冲洗",表 B.11.1 汽轮发电机附属设备安装,,,03
03,通用安装工程,B,热力设备安装工程,030211,汽轮发电机附属设备安装,030211009,循环水泵房 入口设备,"1.名称 2.型号 3.规格
4.功率",台,按设计图示数量 计算,"1.本体安装
2.附件安装",表 B.11.1 汽轮发电机附属设备安装,,,03
03,通用安装工程,B,热力设备安装工程,030212,卸煤设备安装,030212001,抓斗,"1.名称
2.型号
3.跨度
4.高度
5.起重量",台,按设计图示数量 计算,"1.构架安装
2.行走机构安装
3.抓斗安装
4.附件安装
5.平台、扶梯的组 合、安装",表 B.12.1 卸煤设备安装,,,03
03,通用安装工程,B,热力设备安装工程,030212,卸煤设备安装,030212002,"斗链式
卸煤机","1.名称
2.型号
3.规格
4.输送量 5.功率",台,按设计图示数量 计算,"1.构架安装
2.行走、传动机构 安装
3.斗链安装
4.输送机构安装
5.附件安装
6.平台、扶梯的组合、 安装",表 B.12.1 卸煤设备安装,,,03
03,通用安装工程,B,热力设备安装工程,030213,煤场设备安装,030213001,斗轮堆取料机,"1.名称
2.型号
3.规格
4.跨度
5.高度
6.装载量",台,按设计图示数量 计算,"1.门座架安装
2.行走机构安装
3.皮带机安装
4.取料机构安装
5.液压机构安装",表 B.13.1 煤场设备安装,,,03
03,通用安装工程,B,热力设备安装工程,030213,煤场设备安装,030213002,"门式滚轮
堆取料机","1.名称
2.型号
3.规格
4.跨度
5.高度
6.装载量",台,按设计图示数量 计算,"1.构架安装
2.转动机构安装
3.输送机安装
4.检修用吊车安装",表 B.13.1 煤场设备安装,,,03
03,通用安装工程,B,热力设备安装工程,030213,煤场设备安装,030213003,煤(料)仓,"1.名称 2.材质 3.型号 4.规格 5.容积
6.壁厚",t,按设计图示尺寸 以质量计算,本体制作、安装,表 B.13.1 煤场设备安装,,,03
03,通用安装工程,B,热力设备安装工程,030214,碎煤设备安装,030214001,反击式碎煤机,"1.名称 2.型号 3.规格
4.功率",台,按设计图示数量 计算,"1.本体安装
2.电动机安装
3.传动部件安装",表 B.14.1 碎煤设备安装,,,03
03,通用安装工程,B,热力设备安装工程,030214,碎煤设备安装,030214002,锤击式破碎机,"1.名称 2.型号 3.规格
4.功率",台,按设计图示数量 计算,"1.本体安装
2.电动机安装
3.传动部件安装",表 B.14.1 碎煤设备安装,,,03
03,通用安装工程,B,热力设备安装工程,030214,碎煤设备安装,030214003,筛分设备,"1.名称 2.型号
3.规格",台,按设计图示数量 计算,"1.本体安装
2.电动机安装",表 B.14.1 碎煤设备安装,,,03
03,通用安装工程,B,热力设备安装工程,030215,上煤设备安装,030215001,皮带机,"1.名称
2.型号
3.规格
4.长度
5.皮带宽度",套,按设计图示数量 计算,"1.构架、托辊安装 2.头部、尾部安装
3.减速机安装
4.电动机安装
5.拉紧装置安装
6.皮带安装
7.附件安装
8.扶手、平台安装",表 B.15.1 上煤设备安装,,,03
03,通用安装工程,B,热力设备安装工程,030215,上煤设备安装,030215002,配仓皮带机,"1.名称
2.型号
3.规格
4.长度
5.皮带宽度",套,按设计图示数量 计算,"1.皮带机安装
2.中间构架安装
3.附件安装",表 B.15.1 上煤设备安装,,,03
03,通用安装工程,B,热力设备安装工程,030215,上煤设备安装,030215003,输煤转运站 落煤设备,"1.名称 2.型号 3.规格
4.质量",套,按设计图示数量 计算,"1.落煤管安装
2.落煤斗安装
3.切换挡板安装
4.传动装置安装",表 B.15.1 上煤设备安装,,,03
03,通用安装工程,B,热力设备安装工程,030215,上煤设备安装,030215004,皮带秤,"1.名称 2.型号
3.规格",套,按设计图示数量 计算,本体安装,表 B.15.1 上煤设备安装,,,03
03,通用安装工程,B,热力设备安装工程,030215,上煤设备安装,030215005,"机械采样装置
及除木器","1.名称 2.型号
3.规格",套,按设计图示数量 计算,"1.本体安装
2.减速机安装
3.电动机安装",表 B.15.1 上煤设备安装,,,03
03,通用安装工程,B,热力设备安装工程,030215,上煤设备安装,030215006,电动犁式 卸料器,"1.名称 2.型号
3.规格",套,按设计图示数量 计算,"1.犁煤器安装
2.落煤斗安装
3.电动推杆安装",表 B.15.1 上煤设备安装,,,03
03,通用安装工程,B,热力设备安装工程,030215,上煤设备安装,030215007,电动卸料车,"1.名称
2.型号
3.规格
4.皮带宽度",套,按设计图示数量 计算,"1.卸煤车安装
2.减速机安装
3.电动机安装
4.电动推杆安装
5.落煤管安装
6.导煤槽安装
7.扶梯、栏杆组合、 安装",表 B.15.1 上煤设备安装,,,03
03,通用安装工程,B,热力设备安装工程,030215,上煤设备安装,030215008,电磁分离器,"1.名称 2.型号
3.规格",套,按设计图示数量 计算,"1.本体安装
2.附属设备安装
3.附属构件安装",表 B.15.1 上煤设备安装,,,03
03,通用安装工程,B,热力设备安装工程,030216,气力除灰设备安装,030216001,负压风机,"1.名称
2.型号
3.规格
4.功率(kW)",台,按设计图示数量 计算,"1.本体安装
2.附件安装",表 B.16.1 气力除灰设备安装,,,03
03,通用安装工程,B,热力设备安装工程,030216,气力除灰设备安装,030216002,"灰斗气化风机
(包括气化板)","1.名称
2.型号
3.规格
4.功率(kW)",台,按设计图示数量 计算,"1.本体安装
2.附件安装",表 B.16.1 气力除灰设备安装,,,03
03,通用安装工程,B,热力设备安装工程,030216,气力除灰设备安装,030216003,布袋收尘器,"1.名称
2.型号
3.规格(m²)",台,按设计图示数量 计算,"1.本体安装
2.布袋套装
3.附件安装",表 B.16.1 气力除灰设备安装,,,03
03,通用安装工程,B,热力设备安装工程,030216,气力除灰设备安装,030216004,袋式排气 过滤器,"1.名称
2.型号
3.规格(m²)",台,按设计图示数量 计算,"1.本体安装
2.布袋套装
3.附件安装",表 B.16.1 气力除灰设备安装,,,03
03,通用安装工程,B,热力设备安装工程,030216,气力除灰设备安装,030216005,加热器,"1.名称
2.型号
3.规格
4.出力(m³/min)",台,按设计图示数量 计算,"1.本体安装
2.保温",表 B.16.1 气力除灰设备安装,,,03
03,通用安装工程,B,热力设备安装工程,030216,气力除灰设备安装,030216006,回转式给料机,"1.名称
2.型号
3.规格
4. 出力(m³/h)
5.功率",台,按设计图示数量 计算,"1.本体组装
2.电动机安装
3.附件安装",表 B.16.1 气力除灰设备安装,,,03
03,通用安装工程,B,热力设备安装工程,030216,气力除灰设备安装,030216007,空气斜槽,"1.名称 2.型号 3.规格 4.长度
5.宽度",台,按设计图示数量 计算,"1.槽体、端盖板安装
2.载气阀安装",表 B.16.1 气力除灰设备安装,,,03
03,通用安装工程,B,热力设备安装工程,030216,气力除灰设备安装,030216008,"电动灰斗闸
板门","1.名称
2.型号
3.规格
4.门孔尺寸",套,按设计图示数量 计算,"1.本体安装
2.内部组件安装
3.电动机安装
4.附件安装",表 B.16.1 气力除灰设备安装,,,03
03,通用安装工程,B,热力设备安装工程,030216,气力除灰设备安装,030216009,锁气器,"1.名称
2.型号
3.规格
4. 出力(m³/h)",台,按设计图示数量 计算,"1.本体安装
2.内部组件安装
3.电动机安装
4.附件安装",表 B.16.1 气力除灰设备安装,,,03
03,通用安装工程,B,热力设备安装工程,030216,气力除灰设备安装,030216010,灰(渣)仓,"1.名称 2规格
3.材质 4.容积 5.厚度",t,按设计图示以质 量计算,本体制作、安装,表 B.16.1 气力除灰设备安装,,,03
03,通用安装工程,B,热力设备安装工程,030217,化学水预处理系统设备安装,030217001,"反渗透处理
系统","1.型号
2.规格
3.出力(t/h)
4.附属设备参数",套,按设计图示数量 计算,"1.组件安装
2.附属设备安装",表 B.17.1 化学水预处理系统设备安装,,,03
03,通用安装工程,B,热力设备安装工程,030217,化学水预处理系统设备安装,030217002,"凝聚澄清
过滤系统","1.名称
2.型号
3.规格
4.出力(t/h)
5.容积
6.附属设备参数",套,按设计图示数量 计算,"1.本体设备安装
2.附件安装",表 B.17.1 化学水预处理系统设备安装,,,03
03,通用安装工程,B,热力设备安装工程,030218,锅炉补给水除盐系统设备安装,030218001,机械过滤系统,"1.名称
2.型号
3.规格
4.直径或容积
5.树脂高度",套,按设计图示数量 计算,"1.衬里设备防腐层 检验
2.本体设备安装
3.随设备供应的管 子、管件、阀门等 的安装
4.设备本体范围内 的平台、梯子、栏 杆的安装
5.随设备供货的配 套附件的安装
6.树脂预处理、运 搬、筛分、装填
7.设备试运前的灌 水及水压试验",表 B.18.1 锅炉补给水除盐系统设备安装,,,03
03,通用安装工程,B,热力设备安装工程,030218,锅炉补给水除盐系统设备安装,030218002,"除盐加混床
设备","1.名称
2.型号
3.规格
4.直径或容积
5.树脂高度",套,按设计图示数量 计算,"1.衬里设备防腐层 检验
2.本体设备安装
3.随设备供应的管 子、管件、阀门等 的安装
4.设备本体范围内 的平台、梯子、栏 杆的安装
5.随设备供货的配 套附件的安装
6.树脂预处理、运 搬、筛分、装填
7.设备试运前的灌 水及水压试验",表 B.18.1 锅炉补给水除盐系统设备安装,,,03
03,通用安装工程,B,热力设备安装工程,030218,锅炉补给水除盐系统设备安装,030218003,"除二氧化碳和
离子交换
设备","1.名称
2.型号
3.规格
4.出力(t/h)
5.直径
6.树脂高度",套,按设计图示数量 计算,"1.衬里设备防腐层 检验
2.本体设备安装
3.随设备供应的管 子、管件、阀门等 的安装
4.设备本体范围内 的平台、梯子、栏 杆的安装
5.随设备供货的配 套附件的安装
6.树脂预处理、运 搬、筛分、装填
7.设备试运前的灌 水及水压试验",表 B.18.1 锅炉补给水除盐系统设备安装,,,03
03,通用安装工程,B,热力设备安装工程,030219,锅炉防腐蚀保护,030219001,锅炉防腐蚀 保护,"1.锅炉类型
2. 防腐蚀材质、 规格
3.蒸发量(t/h)
4.出口压力(MPa)
5.保护方式
6.保护时段",台,按设计图示数量 计算,"1.临时系统安装、 拆除
2.保护段封闭
3.检测、记录
4 . 废 液 废 气 介 质 处理
5.系统恢复",表 B.19.1 锅炉防腐蚀保护,,,03
03,通用安装工程,B,热力设备安装工程,030220,凝结水处理系统设备安装,030220001,"凝结水处理
设备","1.名称
2.型号
3.规格
4.出力(t/h)
5.容积或直径
6.树脂高度",套,按设计图示数量 计算,"1.衬里设备防腐层 检验
2.本体设备安装
3.随设备供应的管 子、管件、阀门等 的安装
4.设备本体范围内 的平台、梯子、栏 杆的安装
5.随设备供货的配 套附件的安装
6.树脂预处理、运 搬、筛分、装填
7.设备试运前的灌 水及水压试验",表 B.20.1 凝结水处理系统设备安装,,,03
03,通用安装工程,B,热力设备安装工程,030221,循环水处理系统设备安装,030221001,"循环水处理及
加药设备","1.名称
2.型号
3.规格
4.出力(t/h)
5.直径",套,按设计图示数量 计算,"1.衬里设备防腐层 检验
2.本体设备安装
3.随设备供应的管 子、管件、阀门等 的安装
4.设备本体范围内 的平台、梯子、栏 杆的安装
5.随设备供货的配 套附件的安装
6.设备试运前的灌 水及水压试验",表 B.21.1 循环水处理系统设备安装,,,03
03,通用安装工程,B,热力设备安装工程,030222,给水、炉水校正处理系统设备安装,030222001,给水、炉水 校正处理设备,"1.名称
2.型号
3.规格
4.出力(t/h)
5.容积或直径",套,按设计图示数量 计算,"1.衬里设备防腐层 检验
2.本体设备安装
3.随设备供应的管 子、管件、阀门等 的安装
4.随设备供货的平 台、梯子、栏杆的 安装
5.随设备供货的配 套附件的安装
6.设备试运前的灌 水及水压试验",表 B.22.1 给水、炉水校正处理系统设备安装,,,03
03,通用安装工程,B,热力设备安装工程,030223,脱硫设备安装,030223001,石粉仓,"1.名称 2型号
3.规格
4.出力(t/h)
5.容积或直径",t,按设计图示以仓 质量计算,"1.基础预埋框架、地 脚螺栓的安装
2.本体安装
3.附件及附属管道 的组合、安装",表 B.23.1 脱硫设备安装,,,03
03,通用安装工程,B,热力设备安装工程,030223,脱硫设备安装,030223002,吸收塔,"1.名称 2型号
3.规格
4.出力(t/h)
5.容积或直径",台,按设计图示数量 计算,"1.基础预埋框架、地 脚螺栓的安装
2.本体安装
3.吸收塔内部装置 安装
4.附件及附属管道 的组合、安装
5.平台、扶梯的安装",表 B.23.1 脱硫设备安装,,,03
03,通用安装工程,B,热力设备安装工程,030223,脱硫设备安装,030223003,"脱硫附属 机械及辅助
设备","1.名称 2.型号
3.规格",套,按设计图示数量 计算,"1.设备检查、清洗与 检修
2.本体设备组合、安装
3.随设备供货的配 套附件的安装",表 B.23.1 脱硫设备安装,,,03
03,通用安装工程,B,热力设备安装工程,030224,脱硝设备安装,030224001,脱硝反应器,"1.名称 2.规格 3.容积
4.材质",台,按设计图示数量 计算,"1.组对、焊接
2.本体安装",表 B.24.1 脱硝设备安装,,,03
03,通用安装工程,B,热力设备安装工程,030224,脱硝设备安装,030224002,催化剂模块,"1.名称
2.规格 3型号
4.基材
5.堆放层数",m³,按设计图示体积 计算,"1.挡灰板安装
2.催化剂模块安装
3.密封板安装",表 B.24.1 脱硝设备安装,,,03
03,通用安装工程,B,热力设备安装工程,030224,脱硝设备安装,030224003,稀释风机,"1.名称 2.型号 3.规格
4.功率",台,按设计图示数量 计算,本体安装,表 B.24.1 脱硝设备安装,,,03
03,通用安装工程,B,热力设备安装工程,030224,脱硝设备安装,030224004,氨气一热空气 混合器,"1.名称 2.型号 3.规格
4.功率",台,按设计图示数量 计算,本体安装,表 B.24.1 脱硝设备安装,,,03
03,通用安装工程,B,热力设备安装工程,030224,脱硝设备安装,030224005,"液氨卸料
压缩机组","1.名称 2.型号 3.规格
4.功率",台,按设计图示数量 计算,本体安装,表 B.24.1 脱硝设备安装,,,03
03,通用安装工程,B,热力设备安装工程,030224,脱硝设备安装,030224006,液氨蒸发器,"1.名称
2.型号
3.规格
4.蒸发量(t/h)",台,按设计图示数量 计算,本体安装,表 B.24.1 脱硝设备安装,,,03
03,通用安装工程,B,热力设备安装工程,030224,脱硝设备安装,030224007,其他罐体设备,"1.名称 2.型号 3.规格
4.容积",台,按设计图示数量 计算,本体安装,表 B.24.1 脱硝设备安装,,,03
03,通用安装工程,B,热力设备安装工程,030225,低压锅炉本体设备安装,030225001,成套整装锅炉,"1.锅炉类型
2.规格
3.结构形式
4.蒸发量(t/h)
5.热功率(MW)
6.质量",台,按设计图示数量 计算,"1.锅炉本体安装
2.附属设备安装
3.管道、阀门、表计 安装",表 B.25.1 低压锅炉本体设备安装,,,03
03,通用安装工程,B,热力设备安装工程,030225,低压锅炉本体设备安装,030225002,组装锅炉,"1.锅炉类型
2.规格
3.结构形式
4.蒸发量(t/h)
5.热功率(MW)
6.质量",台,按设计图示数量 计算,"1.锅炉本体组对、安装
2.附属设备安装
3.管道、阀门、表计 安装",表 B.25.1 低压锅炉本体设备安装,,,03
03,通用安装工程,B,热力设备安装工程,030225,低压锅炉本体设备安装,030225003,散装锅炉,"1.锅炉类型
2.规格
3.结构形式
4.蒸发量(t/h)
5 . 热功率(MW)",t,按设计图示尺寸 以质量计算,"1.钢炉架安装
2.汽包、水冷壁、过 热器安装
3.省煤器、空气预热 器安装
4.本体管路、吹灰器
安装
5.炉排、门、孔安装
6.平台、扶梯的组 合、安装
7.炉墙砌筑
8.水压试验、酸洗
9.烘炉、煮炉",表 B.25.1 低压锅炉本体设备安装,,,03
03,通用安装工程,B,热力设备安装工程,030226,低压锅炉附属及辅助设备安装,030226001,除尘器,"1.名称 2.型号 3.规格
4.质量",台,按设计图示数量 计算,"1.本体安装
2.附件安装",表 B.26.1 低压锅炉附属及辅助设备安装,,,03
03,通用安装工程,B,热力设备安装工程,030226,低压锅炉附属及辅助设备安装,030226002,水处理设备,"1.名称
2.型号
3.规格
4.出力(t/h)",台,按设计图示数量 计算,"1.浮动床钠离子交 换器
2.组合式水处理设 备的本体安装
3.内部组件安装
4.附件安装
5.填料",表 B.26.1 低压锅炉附属及辅助设备安装,,,03
03,通用安装工程,B,热力设备安装工程,030226,低压锅炉附属及辅助设备安装,030226003,换热器,"1.名称 2.型号 3.规格
4.质量",台,按设计图示数量 计算,"1.本体安装
2.管件、阀门、表计 安装",表 B.26.1 低压锅炉附属及辅助设备安装,,,03
03,通用安装工程,B,热力设备安装工程,030226,低压锅炉附属及辅助设备安装,030226004,"输煤设备
(上煤机)","1.名称
2.型号
3.规格
4.结构形式 5.功率",台,按设计图示数量 计算,"1.本体安装
2.附属部件安装",表 B.26.1 低压锅炉附属及辅助设备安装,,,03
03,通用安装工程,B,热力设备安装工程,030226,低压锅炉附属及辅助设备安装,030226005,除渣机,"1.名称
2.型号
3.规格
4.输送长度
5.出力(t/h)
6.功率",台,按设计图示数量 计算,"1.本体安装
2.机槽安装
3.传动装置安装
4.附件安装",表 B.26.1 低压锅炉附属及辅助设备安装,,,03
03,通用安装工程,B,热力设备安装工程,030226,低压锅炉附属及辅助设备安装,030225006,齿轮式破碎机,"1.型号
2.规格
3.辊齿直径 4.功率",台,按设计图示数量 计算,"1.本体安装
2.润滑系统安装
3.液压管路安装
4.附件安装",表 B.26.1 低压锅炉附属及辅助设备安装,,,03
03,通用安装工程,B,热力设备安装工程,030227,燃机余热锅炉辅助设备安装,030227001,"板框压力式
滤油机","1.名称
2.结构形式 3.型号
4.规格
5.质量
6.滤油能力",台,按设计图示数量 计算,本体安装,表 B.27.1 燃机余热锅炉辅助设备安装,,,03
03,通用安装工程,B,热力设备安装工程,030227,燃机余热锅炉辅助设备安装,030227002,"锅炉清灰振打
装置","1.名称
2.结构形式 3.型号
4.规格
5.功率",台,按设计图示数量 计算,本体安装,表 B.27.1 燃机余热锅炉辅助设备安装,,,03
03,通用安装工程,B,热力设备安装工程,030227,燃机余热锅炉辅助设备安装,030227003,滤气器,"1.名称 2.型号
3.规格",台,按设计图示数量 计算,本体安装,表 B.27.1 燃机余热锅炉辅助设备安装,,,03
03,通用安装工程,B,热力设备安装工程,030227,燃机余热锅炉辅助设备安装,030227004,疏水注水器,"1.名称 2.型号
3.规格",台,按设计图示数量 计算,本体安装,表 B.27.1 燃机余热锅炉辅助设备安装,,,03
03,通用安装工程,B,热力设备安装工程,030227,燃机余热锅炉辅助设备安装,030227005,补偿器,"1.名称 2.材质 3.型号
4.规格",台,按设计图示数量 计算,"1.本体安装
2.补偿器预拉伸",表 B.27.1 燃机余热锅炉辅助设备安装,,,03
03,通用安装工程,B,热力设备安装工程,030227,燃机余热锅炉辅助设备安装,030227006,均压箱,"1.名称 2.材质 3.型号
4.规格",台,按设计图示数量 计算,本体安装,表 B.27.1 燃机余热锅炉辅助设备安装,,,03
03,通用安装工程,B,热力设备安装工程,030227,燃机余热锅炉辅助设备安装,030227007,双筒过滤器,"1.名称
2.结构形式 3.型号
4.规格
5.过滤能力
6.连接方式",台,按设计图示数量 计算,本体安装,表 B.27.1 燃机余热锅炉辅助设备安装,,,03
03,通用安装工程,B,热力设备安装工程,030227,燃机余热锅炉辅助设备安装,030227008,除灰孔,"1.名称
2.结构形式 3.型号
4.规格",个,按设计图示数量 计算,本体安装,表 B.27.1 燃机余热锅炉辅助设备安装,,,03
03,通用安装工程,B,热力设备安装工程,030227,燃机余热锅炉辅助设备安装,030227009,氨溶液箱,"1.名称 2.材质 3.型号 4.规格
5.质量",台,按设计图示数量 计算,本体安装,表 B.27.1 燃机余热锅炉辅助设备安装,,,03
03,通用安装工程,B,热力设备安装工程,030227,燃机余热锅炉辅助设备安装,030227010,"汽水分离
装置","1.名称
2.结构形式 3.型号
4.规格
5.质量",台,按设计图示数量 计算,本体安装,表 B.27.1 燃机余热锅炉辅助设备安装,,,03
03,通用安装工程,B,热力设备安装工程,030227,燃机余热锅炉辅助设备安装,030227011,"其他辅助
设备","1.名称 2.规格 3.型号
4.质量",台,按设计图示数量 计算,本体安装,表 B.27.1 燃机余热锅炉辅助设备安装,,,03
03,通用安装工程,B,热力设备安装工程,030228,三联供锅炉辅助设备安装,030228001,燃气发电机,"1.类型 2.型号 3.规格 4.质量
5.功率",台,按设计图示数量 计算,本体安装,表 B.28.1 三联供锅炉辅助设备安装,,,03
03,通用安装工程,B,热力设备安装工程,030228,三联供锅炉辅助设备安装,030228002,压气机,"1.类型 2.型号 3.规格 4.质量
5.功率",台,按设计图示数量 计算,本体安装,表 B.28.1 三联供锅炉辅助设备安装,,,03
03,通用安装工程,B,热力设备安装工程,030228,三联供锅炉辅助设备安装,030228003,燃烧室,"1.类型 2.型号 3.规格 4.质量
5.功率",台,按设计图示数量 计算,本体安装,表 B.28.1 三联供锅炉辅助设备安装,,,03
03,通用安装工程,B,热力设备安装工程,030228,三联供锅炉辅助设备安装,030228004,吸收式制冷机,"1.类型 2.型号 3.规格 4.质量
5.功率",台,按设计图示数量 计算,本体安装,表 B.28.1 三联供锅炉辅助设备安装,,,03
03,通用安装工程,B,热力设备安装工程,030228,三联供锅炉辅助设备安装,030228005,回热器,"1.类型 2.型号 3.规格 4.质量
5.功率",台,按设计图示数量 计算,本体安装,表 B.28.1 三联供锅炉辅助设备安装,,,03
03,通用安装工程,B,热力设备安装工程,030228,三联供锅炉辅助设备安装,0302280006,重整器,"1.类型 2.型号
3.规格",台,按设计图示数量 计算,本体安装,表 B.28.1 三联供锅炉辅助设备安装,,清单编码位数异常: 10位 (0302280006),03
03,通用安装工程,B,热力设备安装工程,030228,三联供锅炉辅助设备安装,030228007,气液分离器,"1.类型 2.型号
3.规格",台,按设计图示数量 计算,本体安装,表 B.28.1 三联供锅炉辅助设备安装,,,03
03,通用安装工程,B,热力设备安装工程,030228,三联供锅炉辅助设备安装,030228008,补燃器,"1.类型 2.型号
3.规格",台,按设计图示数量 计算,本体安装,表 B.28.1 三联供锅炉辅助设备安装,,,03
03,通用安装工程,B,热力设备安装工程,030228,三联供锅炉辅助设备安装,030228009,水槽(罐),"1.名称 2.材质 3.型号 4.规格
5.容积",台,按设计图示数量 计算,本体安装,表 B.28.1 三联供锅炉辅助设备安装,,,03
03,通用安装工程,B,热力设备安装工程,030228,三联供锅炉辅助设备安装,030228010,阀件,"1.名称 2.材质 3.型号
4.规格",个,按设计图示数量 计算,本体安装,表 B.28.1 三联供锅炉辅助设备安装,,,03
03,通用安装工程,B,热力设备安装工程,030228,三联供锅炉辅助设备安装,030228011,风门,"1.名称 2.材质 3.型号
4.规格",个,按设计图示数量 计算,本体安装,表 B.28.1 三联供锅炉辅助设备安装,,,03
03,通用安装工程,B,热力设备安装工程,030229,工业炉安装,030229001,燃烧炉、 灼烧炉,"1.名称
2.能力
3.类型
4.质量
5.灌浆配合比",台,按设计图示数量 计算,"1.燃烧炉、灼烧炉 安装
2.设备底座与基础 间灌浆",表 B.29.1 工业炉安装,,,03
03,通用安装工程,B,热力设备安装工程,030229,工业炉安装,030229002,裂解炉,"1.名称
2.能力
3.质量
4.结构
5.附件种类、规格 及数量、材质
6.压力试验设计 要求",台,按设计图示数量 计算,"1.裂解炉制作、安装
2.附件安装
3.压力试验",表 B.29.1 工业炉安装,,,03
03,通用安装工程,B,热力设备安装工程,030229,工业炉安装,030229003,转化炉,"1.名称
2.结构
3.质量
4.能力
5.附件种类、规格 及数量、材质
6.压力试验设计 要求",台,按设计图示数量 计算,"1.转换炉制作、安装
2.附件安装
3.压力试验",表 B.29.1 工业炉安装,,,03
03,通用安装工程,B,热力设备安装工程,030229,工业炉安装,030229004,化肥装置 加热炉,"1.名称
2.结构
3.质量
4.能力
5.附件种类、规格 及数量、材质
6.压力试验设计 要求",台,按设计图示数量 计算,"1.化肥装置加热炉 制作、安装
2.附件安装
3.压力试验",表 B.29.1 工业炉安装,,,03
03,通用安装工程,B,热力设备安装工程,030229,工业炉安装,030229005,芳烃装置 加热炉,"1.名称
2.结构
3.质量
4.能力
5.附件种类、规格 及数量、材质
6.压力试验设计 要求",台,按设计图示数量 计算,"1.转换炉制作、安装
2.附件安装
3.压力试验",表 B.29.1 工业炉安装,,,03
03,通用安装工程,B,热力设备安装工程,030229,工业炉安装,030229006,炼油厂加热炉,"1.名称
2.结构
3.质量
4.能力
5.附件种类、规格 及数量、材质
6.压力试验设计 要求",台,按设计图示数量 计算,"1.炼油厂加热炉制 作、安装
2.附件安装
3.压力试验",表 B.29.1 工业炉安装,,,03
03,通用安装工程,B,热力设备安装工程,030229,工业炉安装,030229007,废热锅炉,"1.名称
2.结构
3.质量
4.燃烧床形式
5.压力试验设计 要求
6.灌浆配合比",台,按设计图示数量 计算,"1.废热锅炉安装
2.设备底座与基础 间灌浆
3.压力试验",表 B.29.1 工业炉安装,,,03
03,通用安装工程,B,热力设备安装工程,030229,工业炉安装,030229008,电弧炼钢炉,"1.名称
2.型号
3.规格
4.质量
5.设备容量
6.内衬砌筑要求",台,按设计图示数量 计算,"1.本体安装
2.内衬砌筑、烘炉",表 B.29.1 工业炉安装,,,03
03,通用安装工程,B,热力设备安装工程,030229,工业炉安装,030229009,无芯工频感 应电炉,"1.名称
2.型号
3.规格
4.质量
5.设备容量
6.内衬砌筑要求",台,按设计图示数量 计算,"1.本体安装
2.内衬砌筑、烘炉",表 B.29.1 工业炉安装,,,03
03,通用安装工程,B,热力设备安装工程,030229,工业炉安装,030229010,电阻炉,"1.名称
2.型号
3.规格
4.质量
5.内衬砌筑要求",台,按设计图示数量 计算,"1.本体安装
2.内衬砌筑、烘炉",表 B.29.1 工业炉安装,,,03
03,通用安装工程,B,热力设备安装工程,030229,工业炉安装,030229011,真空炉,"1.名称
2.型号
3.规格
4.质量
5.内衬砌筑要求",台,按设计图示数量 计算,"1.本体安装
2.内衬砌筑、烘炉",表 B.29.1 工业炉安装,,,03
03,通用安装工程,B,热力设备安装工程,030229,工业炉安装,030229012,"高频及中
频感应炉","1.名称
2.型号
3.规格
4.质量
5.内衬砌筑要求",台,按设计图示数量 计算,"1.本体安装
2.内衬砌筑、烘炉",表 B.29.1 工业炉安装,,,03
03,通用安装工程,B,热力设备安装工程,030229,工业炉安装,030229013,冲天炉,"1.名称
2.型号
3.规格
4.质量
5.熔化率
6.车挡材质
7.试压标准
8.内衬砌筑要求",台,按设计图示数量 计算,"1.本体安装
2.前炉安装
3.冲天炉加料机的
轨道加料车、卷扬 装置等安装
4.轨道安装
5.车挡制作、安装
6.炉体管道的试压
7.内衬砌筑、烘炉",表 B.29.1 工业炉安装,,,03
03,通用安装工程,B,热力设备安装工程,030229,工业炉安装,030229014,加热炉,"1.名称
2.型号
3.规格
4.质量
5.结构形式
6.内衬砌筑要求",台,按设计图示数量 计算,"1.本体安装
2.内衬砌筑、烘炉",表 B.29.1 工业炉安装,,,03
03,通用安装工程,B,热力设备安装工程,030229,工业炉安装,030229015,热处理炉,"1.名称
2.型号
3.规格
4.质量
5.结构形式
6.内衬砌筑要求",台,按设计图示数量 计算,"1.本体安装
2.内衬砌筑、烘炉",表 B.29.1 工业炉安装,,,03
03,通用安装工程,B,热力设备安装工程,030229,工业炉安装,030229016,解体结构井式 热处理炉,"1.名称
2.型号
3.规格
4.质量
5.试压标准
6.内衬砌筑要求",台,按设计图示数量 计算,"1.本体安装
2.炉体管道安装、 试压
3.内衬砌筑、烘炉",表 B.29.1 工业炉安装,,,03
03,通用安装工程,B,热力设备安装工程,030230,锅炉系统调试、特殊项目测试和性能验收试验,030230001,"锅炉分系统
调试","1.锅炉类型
2.规格
3.结构形式
4.出力(t/h)",台,按设计图示数量 计算,"1.锅炉系统调试
2.汽机系统调试
3.化学系统调试
4.热网系统调试
5.尾气系统调试
6.脱硫、脱硝分系统 调试",表 B.30.1 锅炉系统调试、特殊项目测试和性能验收试验,,,03
03,通用安装工程,B,热力设备安装工程,030230,锅炉系统调试、特殊项目测试和性能验收试验,030230002,"锅炉整套
启动调试","1.锅炉类型
2.规格
3.结构形式
4.出力(t/h)",台,按设计图示数量 计算,"1.锅炉系统整体启 动调试
2.汽机系统整体启 动调试
3.化学系统整体启 动调试
4.整套启动调试",表 B.30.1 锅炉系统调试、特殊项目测试和性能验收试验,,,03
03,通用安装工程,B,热力设备安装工程,030230,锅炉系统调试、特殊项目测试和性能验收试验,030230003,"特殊项目
测试和性能
验收试验","1.锅炉类型
2.规格
3.结构形式
4.出力(t/h)",台,按设计图示数量 计算,"1.锅炉燃烧试验
2.锅炉石灰石投入 试验
3.给水、减温水调节 漏流量与特性试验
4.点火装置调整试验
5.制粉系统出力测试
6.磨煤机单耗测试
7.机组热耗测试
8.机组轴系震动测试
9.机组供电煤耗测试
10.机组RB(RUNB- ACK)试验
11.污染物排放试验
12.噪声测试
13.散热测试
14.粉尘试验
15.除尘效率测试
16.烟气监测系统测试
17.锅炉热效率测试
18.其他特殊项测试 (渗沥液、二恶英 等 )",表 B.30.1 锅炉系统调试、特殊项目测试和性能验收试验,,,03
03,通用安装工程,C,静置设备与工艺金属结构制作安装工程,030301,静置设备,030301001,容器,"1.名称
2.材质
3.规格
4.容积
5.构造形式
6.内部构件名称",台,按设计图示数量 计算,"1.容器组吊装
2.内部构件组对
3.吊耳制作、安装
4.焊缝热处理
5.压力试验
6.清洗、脱脂、钝化",表 C.1.1 静置设备,,,03
03,通用安装工程,C,静置设备与工艺金属结构制作安装工程,030301,静置设备,030301002,塔器,"1.名称
2.材质
3.规格
4.容积
5.构造形式
6.塔内固定件材质
7.塔盘结构类型
8.填充材料种类",台,按设计图示数量 计算,"1.塔器组装吊装
2.塔盘安装
3.塔内固定件组对
4.吊耳制作、安装
5.焊缝热处理
6.设备填充
7.压力试验
8.清洗、脱脂、钝化",表 C.1.1 静置设备,,,03
03,通用安装工程,C,静置设备与工艺金属结构制作安装工程,030301,静置设备,030301003,"热交换器类
设备","1.名称
2.材质
3.规格
4.构造形式
5.抽芯设计要求",台,按设计图示数量 计算,"1.安装
2.地面抽芯检查",表 C.1.1 静置设备,,,03
03,通用安装工程,C,静置设备与工艺金属结构制作安装工程,030301,静置设备,030301004,空气冷却器,"1.名称
2.规格",台,按设计图示数量 计算,"1.管束(翅片)安装
2.构架安装
3.风机安装",表 C.1.1 静置设备,,,03
03,通用安装工程,C,静置设备与工艺金属结构制作安装工程,030301,静置设备,030301005,反应器,"1.名称
2.规格
3.内部结构形式",台,按设计图示数量 计算,安装,表 C.1.1 静置设备,,,03
03,通用安装工程,C,静置设备与工艺金属结构制作安装工程,030301,静置设备,030301006,电解槽,"1.名称
2.规格
3.构造形式",套,按设计图示数量 计算,安装,表 C.1.1 静置设备,,,03
03,通用安装工程,C,静置设备与工艺金属结构制作安装工程,030301,静置设备,030301007,电除雾器,"1.名称
2.规格
3.构造形式
4.壳体材料",套,按设计图示数量 计算,安装,表 C.1.1 静置设备,,,03
03,通用安装工程,C,静置设备与工艺金属结构制作安装工程,030301,静置设备,030301008,电除尘器,"1.名称
2.规格
3.内部结构
4.除尘面积",台,按设计图示数量 计算,安装,表 C.1.1 静置设备,,,03
03,通用安装工程,C,静置设备与工艺金属结构制作安装工程,030302,金属油罐制作安装,030302001,拱顶罐,"1.名称
2.材质
3.规格
4.容量
5.型钢圈材质",台,按设计图示数量 计算,"1.罐本体制作、安装
2.型钢圈煨制
3.充水试验
4.卷板平直
5.拱顶罐临时加固件 制作、安装与拆除
6.本体梯子、平台、 栏杆制作安装
7.附件制作、安装",表 C.2.1 金属油罐制作安装,,,03
03,通用安装工程,C,静置设备与工艺金属结构制作安装工程,030302,金属油罐制作安装,030302002,浮顶罐,"1.名称
2.材质
3.规格
4.容量
5.型钢圈材质",台,按设计图示数量 计算,"1.罐本体制作、安装
2.一二次密封装置 安装
3.旋转喷射器安装
4.型钢圈煨制
5.内浮顶罐充水试验
6.浮顶罐升降试验 7.卷板平直
8.浮顶罐组装加固
9.附件制作、安装
10.本体梯子、平台、
栏杆制作安装",表 C.2.1 金属油罐制作安装,,,03
03,通用安装工程,C,静置设备与工艺金属结构制作安装工程,030302,金属油罐制作安装,030302003,大型金属油罐,"1.名称 2.材质
3.容积",座,按设计图示数量 计算,"1.底板、壁板预制 安装
2.底板、壁板板幅 调整
3.浮船船舱预制安装
4.浮船支柱预制安装
5.抗风圈、加强圈预 制安装
6.附件制作、安装
7.大型油罐充水试验 8.本体浮船升降试验
9.焊缝预热，壁板焊 缝热处理
10.盘梯、平台制作、 安装
11.钢板卷材平卷平直",表 C.2.1 金属油罐制作安装,,,03
03,通用安装工程,C,静置设备与工艺金属结构制作安装工程,030302,金属油罐制作安装,030302004,加热器,"1.名称
2.蒸汽盘管管径
3.排管的长度
4.连接管主管长度 5.支座构造形式",m,盘管式加热器按 设计图示尺寸以长 度计算，不扣除管 件所占长度；排管 式加热器按设计图 示配管长度计算,"1.制作、安装
2.支座制作、安装
3.连接管制作、安装
4.压力试验",表 C.2.1 金属油罐制作安装,,,03
03,通用安装工程,C,静置设备与工艺金属结构制作安装工程,030303,球形罐组对安装,030303001,球形罐组对,"1.名称
2.材质
3.球罐容量
4.球板厚度
5.支柱耐火层材料",台,按设计图示数量 计算,"1.球形罐吊装、组对
2.产品球板试验
3.焊缝预热、后热
4.球形罐水压试验
5.球形罐气密性试验 6.支柱耐火层施工
7.本体梯子、平台、
栏杆制作、安装",表 C.3.1 球形罐组对安装,,,03
03,通用安装工程,C,静置设备与工艺金属结构制作安装工程,030304,气柜制作安装,030304001,气柜,"1.名称
2.构造形式 3.容量",座,按设计图示数量 计算,"1.气柜本体制作、 安装
2.焊缝热处理
3.型钢圈煨制
4.配重块安装
5.气柜充水、气密、 快速升降试验
6.平台、梯子、栏杆 制作、安装
7.附件制作、安装",表 C.4.1 气柜制作安装,,,03
03,通用安装工程,C,静置设备与工艺金属结构制作安装工程,030305,工艺金属结构制作安装,030305001,联合平台,"1.名称
2.平台材质",t,按设计图示尺寸 以质量计算,制作、安装,表 C.5.1 工艺金属结构制作安装,,,03
03,通用安装工程,C,静置设备与工艺金属结构制作安装工程,030305,工艺金属结构制作安装,030305002,平台,"1.名称
2.平台板材质",t,按设计图示尺寸 以质量计算,制作、安装,表 C.5.1 工艺金属结构制作安装,,,03
03,通用安装工程,C,静置设备与工艺金属结构制作安装工程,030305,工艺金属结构制作安装,030305003,"梯子、栏杆、
扶手","1.名称
2.材质",t,按设计图示尺寸 以质量计算,制作、安装,表 C.5.1 工艺金属结构制作安装,,,03
03,通用安装工程,C,静置设备与工艺金属结构制作安装工程,030305,工艺金属结构制作安装,030305004,"桁架、管廊、 设备框架、
单梁结构","1.名称
2.材质
3.管廊高度
4.设备框架跨度",t,按设计图示尺寸 以质量计算,"1.制作、安装
2.钢板组合型钢制作",表 C.5.1 工艺金属结构制作安装,,,03
03,通用安装工程,C,静置设备与工艺金属结构制作安装工程,030305,工艺金属结构制作安装,030305005,漏斗、料仓,"1.名称
2.材质
3.规格
4.漏斗形状",t,按设计图示尺寸 以质量计算,"1.制作、安装
2.型钢圈煨制
3.漏斗、料仓、衬板(若 有需要)的制作、
安装",表 C.5.1 工艺金属结构制作安装,,,03
03,通用安装工程,C,静置设备与工艺金属结构制作安装工程,030305,工艺金属结构制作安装,030305006,烟囱、烟道,"1.名称
2.材质
3.烟囱直径",t,按设计图示尺寸 展开面积以质量 计算,"1.制作、安装
2.型钢圈煨制",表 C.5.1 工艺金属结构制作安装,,,03
03,通用安装工程,C,静置设备与工艺金属结构制作安装工程,030305,工艺金属结构制作安装,030305007,双层保温 成品烟囱,"1.名称
2.材质
3.规格
4.保温厚度
5.接口形式",m,按设计图示烟囱 中心线以长度计算,制作、安装,表 C.5.1 工艺金属结构制作安装,,,03
03,通用安装工程,C,静置设备与工艺金属结构制作安装工程,030305,工艺金属结构制作安装,030305008,火炬及排气筒,"1.名称 2.材质 3.规格 4.质量
5.高度",座,按设计图示数量 计算,"1.筒体制作、组对
2.塔架制作、组装
3.火炬、塔架、筒体 吊装
4.火炬头安装",表 C.5.1 工艺金属结构制作安装,,,03
03,通用安装工程,C,静置设备与工艺金属结构制作安装工程,030306,铝制、铸铁、非金属设备安装,030306001,容器,"1.名称
2.材质",台,按设计图示数量 计算,"1.安装
2.清洗、钝化及脱脂",表 C.6.1 铝制、铸铁、非金属设备安装,,,03
03,通用安装工程,C,静置设备与工艺金属结构制作安装工程,030306,铝制、铸铁、非金属设备安装,030306002,塔器,"1.名称
2.材质
3.规格、型号",台,按设计图示数量 计算,"1.塔器整体安装
2.塔器分段组装
3.塔器清洗、钝化及 脱脂",表 C.6.1 铝制、铸铁、非金属设备安装,,,03
03,通用安装工程,C,静置设备与工艺金属结构制作安装工程,030306,铝制、铸铁、非金属设备安装,030306003,热交换器,"1.名称
2.材质",台,按设计图示数量 计算,安装,表 C.6.1 铝制、铸铁、非金属设备安装,,,03
03,通用安装工程,C,静置设备与工艺金属结构制作安装工程,030307,撬块安装,030307001,撬块,"1.名称
2.规格",套,按设计图示数量 计算,"1.撬块整体安装
2.撬上部件与撬外 部件的连接",表 C.7.1 撬块安装,,,03
03,通用安装工程,C,静置设备与工艺金属结构制作安装工程,030308,无损检验,030308001,X射线探伤,"1.名称
2.板厚
3.底片规格",张,按规范或设计要 求计算,无损检验,表 C.8.1 无损检验,,,03
03,通用安装工程,C,静置设备与工艺金属结构制作安装工程,030308,无损检验,030308002,Y射线探伤,"1.名称
2.板厚
3.底片规格",张,按规范或设计要 求计算,无损检验,表 C.8.1 无损检验,,,03
03,通用安装工程,C,静置设备与工艺金属结构制作安装工程,030308,无损检验,030308003,超声波探伤,"1.名称 2.部位
3.板厚",1.m 2.m²,"按规范或设计要 求计算：
1.金属板材对接 焊缝、周边超声波 探伤按长度计算
2.板面超声波探 伤检测按面积计算","1.对接焊缝、板面、板 材周边超声波探伤
2.对比试块制作",表 C.8.1 无损检验,,,03
03,通用安装工程,C,静置设备与工艺金属结构制作安装工程,030308,无损检验,030308004,磁粉探伤,"1.名称
2.部位",1.m 2.m²,"按规范或设计要 求计算：
1.金属板材周边 磁粉探伤按长度计算
2.板面磁粉探伤 按面积计算","1.板材周边、板面磁 粉探伤
2.被检工件退磁",表 C.8.1 无损检验,,,03
03,通用安装工程,C,静置设备与工艺金属结构制作安装工程,030308,无损检验,030308005,渗透探伤,名称,m,按设计图示数量 以长度计算,渗透探伤,表 C.8.1 无损检验,,,03
03,通用安装工程,C,静置设备与工艺金属结构制作安装工程,030308,无损检验,030308006,整体热处理,"1.设备名称
2.设备质量 3.容积
4.加热方式",台,按设计图示数量 计算,"1.整体热处理
2.硬度测定",表 C.8.1 无损检验,,,03
03,通用安装工程,C,静置设备与工艺金属结构制作安装工程,030308,无损检验,030308007,光谱分析,"1.名称
2.部位",点,按规范或设计要 求计算,光谱分析,表 C.8.1 无损检验,,,03
03,通用安装工程,C,静置设备与工艺金属结构制作安装工程,030308,无损检验,030308008,焊缝热处理,"1.名称
2.加热方式 3.部位
4.板材厚度",m,按规范或设计要 求以焊缝长度计算,焊缝热处理,表 C.8.1 无损检验,,,03
03,通用安装工程,D,电气设备安装工程,030401,变压器安装,030401001,油浸式变压器,"1.名称
2.型号
3.类型
4.容量(kV ·A)
5.电压(kV)
6.油过滤要求
7.温控箱型号、规格",台,按设计图示数量 计算,"1.本体及附件安装
2.油过滤
3.干燥、试验、化验、 色谱分析
4.本体接地",表 D.1.1 变压器安装,,,03
03,通用安装工程,D,电气设备安装工程,030401,变压器安装,030401002,干式变压器,"1.名称
2.型号
3.类型
4.容量(kV ·A)
5.电压(kV)
6.干燥要求
7.温控箱型号、规格",台,按设计图示数量 计算,"1.本体及附件安装
2.温控箱安装
3.本体接地",表 D.1.1 变压器安装,,,03
03,通用安装工程,D,电气设备安装工程,030401,变压器安装,030401003,油浸式消 弧线圈,"1.名称
2.型号
3.类型
4.容量(kV ·A)
5.电压(kV)
6.油过滤要求",台,按设计图示数量 计算,"1.本体及附件安装
2.油过滤
3.干燥、试验、化验、 色谱分析
4.本体接地",表 D.1.1 变压器安装,,,03
03,通用安装工程,D,电气设备安装工程,030401,变压器安装,030401004,干式消弧 线圈,"1.名称
2.型号
3.类型
4.容量(kV ·A)
5.电压(kV)
6.干燥要求",台,按设计图示数量 计算,"1.本体及附件安装 2.干燥
3.本体接地",表 D.1.1 变压器安装,,,03
03,通用安装工程,D,电气设备安装工程,030402,配电装置安装,030402001,"高压开
关设备","1.名称
2.型号
3.额定电流(A)
4.电压(kV)
5.接线材质、规格
6.油过滤要求",台(组),按设计图示数量 计算,"1.本体安装
2.本体接地
3.油过滤
4.干燥、试验、化验、 色谱分析",表 D.2.1 配电装置安装,,,03
03,通用安装工程,D,电气设备安装工程,030402,配电装置安装,030402002,熔断器,"1.名称
2.型号
3.规格
4.电压(kV
5.额定电流(A)",组,按设计图示数量 计算,"1.本体安装
2.本体接地",表 D.2.1 配电装置安装,,,03
03,通用安装工程,D,电气设备安装工程,030402,配电装置安装,030402003,互感器,1.名称 2.型号 3.规格 4.类型 5.电流(A),台,按设计图示数量 计算,"1.本体安装 2.干燥
3.本体接地",表 D.2.1 配电装置安装,,,03
03,通用安装工程,D,电气设备安装工程,030402,配电装置安装,030402004,避雷器,"1.名称
2.型号
3.规格
4.电压(kV)",组,按设计图示数量 计算,"1.本体安装
2.本体接地",表 D.2.1 配电装置安装,,,03
03,通用安装工程,D,电气设备安装工程,030402,配电装置安装,030402005,电抗器,"1.名称
2.型号
3.规格
4.容量(kV ·A)
5.电压(kV)
6.质量(t/组)
7.油过滤要求
8.干燥要求",组,按设计图示数量 计算,"1.本体安装
2.油过滤
3.干燥、试验、化验、 色谱分析
4.本体接地",表 D.2.1 配电装置安装,,,03
03,通用安装工程,D,电气设备安装工程,030402,配电装置安装,030402006,电容器,"1.名称
2.型号
3.质量(t/个)
4.结构形式",个,按设计图示数量 计算,"1.本体安装
2.本体接地",表 D.2.1 配电装置安装,,,03
03,通用安装工程,D,电气设备安装工程,030402,配电装置安装,030402007,"交流滤波
装置组架","1.名称
2.型号
3.规格
4.导线连接材质、 规格",台,按设计图示数量 计算,"1.本体安装
2.本体接地",表 D.2.1 配电装置安装,,,03
03,通用安装工程,D,电气设备安装工程,030402,配电装置安装,030402008,开闭所成 套配电装置,"1.名称
2.型号
3.规格
4.电压(kV)
5.导线连接材质、 规格",座,按设计图示数量 计算,"1.本体安装 2.接线
3.本体接地",表 D.2.1 配电装置安装,,,03
03,通用安装工程,D,电气设备安装工程,030402,配电装置安装,030402009,高压开关柜,"1.名称
2.型号
3.规格
4.电压(kV)
5.母线配置方式",台,按设计图示数量 计算,"1.本体安装
2.本体接地",表 D.2.1 配电装置安装,,,03
03,通用安装工程,D,电气设备安装工程,030402,配电装置安装,030402010,低压开关柜,"1.名称
2.规格
3.型号
4.电压等级(kV)",台,按设计图示数量 计算,"1.本体安装
2.本体接地",表 D.2.1 配电装置安装,,,03
03,通用安装工程,D,电气设备安装工程,030402,配电装置安装,030402011,成套配电箱,"1.名称
2.型号
3.规格
4.电压(kV)
5.安装方式
6.接线端子材质、 规格
7.端子板外部接线 材质、规格",台,按设计图示数量 计算,"1.本体安装
2.焊、压接线端子
3.配电箱二次线连接 4.本体接地",表 D.2.1 配电装置安装,,,03
03,通用安装工程,D,电气设备安装工程,030402,配电装置安装,030402012,预装式变电站,"1.名称
2.型号
3.规格
4.容量(kV ·A)
5.电压(kV)
6.结构形式",台,按设计图示数量 计算,"1.本体安装
2.进箱母线安装 3.本体接地",表 D.2.1 配电装置安装,,,03
03,通用安装工程,D,电气设备安装工程,030402,配电装置安装,030402013,"配电智能
设备","1.名称 2.型号 3.规格
4.类型",台,按设计图示数量 计算,"1.本体安装 2.接线
3.本体接地",表 D.2.1 配电装置安装,,,03
03,通用安装工程,D,电气设备安装工程,030403,母线安装,030403001,软母线,"1.名称
2.材质
3.规格
4.绝缘子类型、规格
5. 电流(A)",m,按设计图示尺寸 以单相长度的总长 度加预留长度计算,"1.母线安装
2.绝缘子耐压试验
3.跳线安装
4.绝缘子安装",表 D.3.1 母线安装,,,03
03,通用安装工程,D,电气设备安装工程,030403,母线安装,030403002,矩形母线、 引下线,"1.名称
2.规格
3.材质
4.绝缘子类型、规格
5.穿通板材质、规格
6.母线桥材质、规格
7.伸缩节、过渡板材 质、规格",m,按设计图示尺寸 以单相长度的总长 度加预留长度计算,"1.母线安装
2.穿通板制作、安装 3.支持绝缘子耐压
试验，安装
4.伸缩节安装
5.过渡板安装
6.刷分相漆或套相 色管
7.本体接地",表 D.3.1 母线安装,,,03
03,通用安装工程,D,电气设备安装工程,030403,母线安装,030403003,槽形母线,"1.名称
2.规格
3.材质
4.连接设备名称、 规格",m,按设计图示尺寸 以单相长度的总长 度加预留长度计算,"1.母线制作、安装
2.与发电机、变压器 连接
3.与断路器、隔离开 关连接
4.刷分相漆或套相 色管
5.本体接地",表 D.3.1 母线安装,,,03
03,通用安装工程,D,电气设备安装工程,030403,母线安装,030403004,"管型母线、
引下线","1.名称
2.规格
3.材质
4.绝缘子类型、规格
5.穿通板材质、规格
6.母线桥材质、规格
7.伸缩节、过渡板材 质、规格",m,按设计图示尺寸 以单相长度的总长 度加预留长度计算,"1.母线安装
2.穿通板制作、安装 3.支持绝缘子耐压
试验，安装
4.伸缩节安装
5.过渡板安装
6.刷分相漆或套相 色管
7.本体接地",表 D.3.1 母线安装,,,03
03,通用安装工程,D,电气设备安装工程,030403,母线安装,030403005,封闭母线,"1.名称
2.型号
3.规格
4.材质
5.额定电流(A)",m,按设计图示尺寸 以中心线长度的总 长度计算,"1.母线安装
2.附件安装 3.本体接地",表 D.3.1 母线安装,,,03
03,通用安装工程,D,电气设备安装工程,030403,母线安装,030403006,"低压封闭式
插接母线槽","1.名称
2.型号
3.规格
4.额定电流(A)
5.线制",m,按设计图示尺寸 以中心线长度的总 长度计算,"1.母线安装
2.附件安装 3.本体接地",表 D.3.1 母线安装,,,03
03,通用安装工程,D,电气设备安装工程,030403,母线安装,030403007,始端箱、 分线箱,"1.名称
2.型号
3.规格
4.额定电流(A)",台,按设计图示数量 计算,"1.本体安装
2.本体接地",表 D.3.1 母线安装,,,03
03,通用安装工程,D,电气设备安装工程,030403,母线安装,030403008,重型母线,"1.名称
2.材质
3.规格
4.电压(kV)
5.额定电流(A)
6.绝缘子类型、规格
7.伸缩器及导板 规格
8.加工面面积(mm²)",t,按设计图示尺寸 以质量计算,"1.母线制作、安装
2.伸缩器及导板制 作、安装
3.支持绝缘子安装
4.母线接触面加工 5.本体接地",表 D.3.1 母线安装,,,03
03,通用安装工程,D,电气设备安装工程,030403,母线安装,030403009,母线绝缘 热缩管,"1.名称
2.型号
3.规格
4.电压(kV)",m,按设计图示尺寸 以长度计算,本体安装,表 D.3.1 母线安装,,,03
03,通用安装工程,D,电气设备安装工程,030403,母线安装,030403010,"母线穿墙
套管","1.名称
2.材质
3.型号
4.规格
5.电压(kV)",个,按设计图示数量 计算,"1.本体安装
2.本体接地
3.高压母线穿墙套 管耐压试验",表 D.3.1 母线安装,,,03
03,通用安装工程,D,电气设备安装工程,030404,控制、保护、直流装置安装,030404001,控制屏,"1.名称
2.型号
3.规格
4.接线端子材质、 规格
5.端子外部接线材 质、规格
6 . 小 母 线 材 质 、 规格
7.屏边规格",台,按设计图示数量 计算,"1.本体安装
2.焊、压接线端子
3.盘柜配线、端子接线
4.小母线安装
5.屏边安装
6.本体接地",表 D.4.1 控制、保护、直流装置安装,,,03
03,通用安装工程,D,电气设备安装工程,030404,控制、保护、直流装置安装,030404002,继电、信号屏,"1.名称
2.型号
3.规格
4.接线端子材质、 规格
5.端子外部接线材 质、规格
6 . 小 母 线 材 质 、 规格
7.屏边规格",台,按设计图示数量 计算,"1.本体安装
2.焊、压接线端子
3.盘柜配线、端子接线
4.小母线安装
5.屏边安装
6.本体接地",表 D.4.1 控制、保护、直流装置安装,,,03
03,通用安装工程,D,电气设备安装工程,030404,控制、保护、直流装置安装,030404003,模拟屏,"1.名称
2.型号
3.规格
4.接线端子材质、 规格
5.端子外部接线材 质、规格
6 . 小 母 线 材 质 、 规格
7.屏边规格",台,按设计图示数量 计算,"1.本体安装
2.焊、压接线端子
3.盘柜配线、端子接线
4.小母线安装
5.屏边安装
6.本体接地",表 D.4.1 控制、保护、直流装置安装,,,03
03,通用安装工程,D,电气设备安装工程,030404,控制、保护、直流装置安装,030404004,配电屏,"1.名称
2.型号
3.规格
4.接线端子材质、 规格
5.端子外部接线材 质、规格
6 . 小 母 线 材 质 、 规格
7.屏边规格",台,按设计图示数量 计算,"1.本体安装
2.焊、压接线端子
3.盘柜配线、端子接线
4.小母线安装
5.屏边安装
6.本体接地",表 D.4.1 控制、保护、直流装置安装,,,03
03,通用安装工程,D,电气设备安装工程,030404,控制、保护、直流装置安装,030404005,弱电控制 返回屏,"1.名称
2.型号
3.规格
4.接线端子材质、 规格
5.端子外部接线材 质、规格
6 . 小 母 线 材 质 、 规格
7.屏边规格",台,按设计图示数量 计算,"1.本体安装
2.焊、压接线端子
3.盘柜配线、端子接线
4.小母线安装
5.屏边安装
6.本体接地",表 D.4.1 控制、保护、直流装置安装,,,03
03,通用安装工程,D,电气设备安装工程,030404,控制、保护、直流装置安装,030404006,"高频开关
电源","1.名称
2.型号
3.额定电流(A)",座,按设计图示数量 计算,"1.本体安装
2.焊、压接线端子 3.本体接地",表 D.4.1 控制、保护、直流装置安装,,,03
03,通用安装工程,D,电气设备安装工程,030404,控制、保护、直流装置安装,030404007,硅整流柜,"1.名称
2.型号
3.规格
4.额定电流(A)",台,按设计图示数量 计算,"1.本体安装
2.本体接地",表 D.4.1 控制、保护、直流装置安装,,,03
03,通用安装工程,D,电气设备安装工程,030404,控制、保护、直流装置安装,030404008,可控硅柜,"1.名称
2.型号
3.额定电流(A)",台,按设计图示数量 计算,"1.本体安装
2.本体接地",表 D.4.1 控制、保护、直流装置安装,,,03
03,通用安装工程,D,电气设备安装工程,030404,控制、保护、直流装置安装,030404009,自动调节 励磁屏,"1.名称
2.型号
3.规格
4.接线端子材质、 规格
5.端子外部接线材 质、规格
6 . 小 母 线 材 质 、 规格
7.屏边规格",台,按设计图示数量 计算,"1.本体安装
2.焊、压接线端子
3.盘柜配线、端子接线
4.小母线安装
5.屏边安装
6.本体接地",表 D.4.1 控制、保护、直流装置安装,,,03
03,通用安装工程,D,电气设备安装工程,030404,控制、保护、直流装置安装,030404010,励磁灭磁屏,"1.名称
2.型号
3.规格
4.接线端子材质、 规格
5.端子外部接线材 质、规格
6 . 小 母 线 材 质 、 规格
7.屏边规格",台,按设计图示数量 计算,"1.本体安装
2.焊、压接线端子
3.盘柜配线、端子接线
4.小母线安装
5.屏边安装
6.本体接地",表 D.4.1 控制、保护、直流装置安装,,,03
03,通用安装工程,D,电气设备安装工程,030404,控制、保护、直流装置安装,030404011,直流馈电屏,"1.名称
2.型号
3.规格
4.接线端子材质、 规格
5.端子外部接线材 质、规格
6 . 小 母 线 材 质 、 规格
7.屏边规格",台,按设计图示数量 计算,"1.本体安装
2.焊、压接线端子
3.盘柜配线、端子接线
4.小母线安装
5.屏边安装
6.本体接地",表 D.4.1 控制、保护、直流装置安装,,,03
03,通用安装工程,D,电气设备安装工程,030404,控制、保护、直流装置安装,030404012,事故照明 切换屏,"1.名称
2.型号
3.规格
4.接线端子材质、 规格
5.端子外部接线材 质、规格
6 . 小 母 线 材 质 、 规格
7.屏边规格",台,按设计图示数量 计算,"1.本体安装
2.焊、压接线端子
3.盘柜配线、端子接线
4.小母线安装
5.屏边安装
6.本体接地",表 D.4.1 控制、保护、直流装置安装,,,03
03,通用安装工程,D,电气设备安装工程,030404,控制、保护、直流装置安装,030404013,控制台,"1.名称
2.型号
3.规格
4.接线端子材质、 规格
5.端子外部接线材 质、规格
6.小母线材质、规格",台,按设计图示数量 计算,"1.本体安装
2.焊、压接线端子
3.盘柜配线、端子接线
4.小母线安装
5.本体接地",表 D.4.1 控制、保护、直流装置安装,,,03
03,通用安装工程,D,电气设备安装工程,030404,控制、保护、直流装置安装,030404014,"控制箱、
同期小屏","1.名称
2.型号
3.规格
4.接线端子材质、 规格
5.端子外部接线材 质、规格",台,按设计图示数量 计算,"1.本体安装
2.焊、压接线端子
3.箱内配线、端子接线 4.本体接地",表 D.4.1 控制、保护、直流装置安装,,,03
03,通用安装工程,D,电气设备安装工程,030405,低压电器设备安装,030405001,低压电气 开关,"1.名称
2.型号
3.规格
4.类别
5.接线端子材质、 规格
6.额定电流(A)
7.安装方式",个,按设计图示数量 计算,"1.本体安装 2.接线
3.接地",表 D.5.1 低压电器设备安装,,,03
03,通用安装工程,D,电气设备安装工程,030405,低压电器设备安装,030405002,低压熔断器,"1.名称
2.型号
3.规格
4.类别
5.额定电流(A)
6.接线端子材质、 规格",台,按设计图示数量 计算,"1.本体安装
2.焊、压接线端子 3.接线",表 D.5.1 低压电器设备安装,,,03
03,通用安装工程,D,电气设备安装工程,030405,低压电器设备安装,030405003,限位开关,"1.名称
2.型号
3.规格
4.类别
5.额定电流(A)
6.接线端子材质、 规格",台,按设计图示数量 计算,"1.本体安装
2.焊、压接线端子 3.接线",表 D.5.1 低压电器设备安装,,,03
03,通用安装工程,D,电气设备安装工程,030405,低压电器设备安装,030405004,控制器,"1.名称
2.型号
3.规格
4.类别
5.额定电流(A)
6.接线端子材质、 规格",台,按设计图示数量 计算,"1.本体安装
2.焊、压接线端子 3.接线",表 D.5.1 低压电器设备安装,,,03
03,通用安装工程,D,电气设备安装工程,030405,低压电器设备安装,030405005,接触器、 磁力启动器,"1.名称
2.型号
3.规格
4.类别
5.额定电流(A)
6.接线端子材质、 规格",台,按设计图示数量 计算,"1.本体安装
2.焊、压接线端子 3.接线",表 D.5.1 低压电器设备安装,,,03
03,通用安装工程,D,电气设备安装工程,030405,低压电器设备安装,030405006,"Y-△自耦
减压启动器","1.名称
2.型号
3.规格
4.类别
5.额定电流(A)
6.接线端子材质、 规格",台,按设计图示数量 计算,"1.本体安装
2.焊、压接线端子 3.接线",表 D.5.1 低压电器设备安装,,,03
03,通用安装工程,D,电气设备安装工程,030405,低压电器设备安装,030405007,"电磁铁
(电磁制动器)","1.名称
2.型号
3.规格
4.类别
5.额定电流(A)
6.接线端子材质、 规格",台,按设计图示数量 计算,"1.本体安装
2.焊、压接线端子 3.接线",表 D.5.1 低压电器设备安装,,,03
03,通用安装工程,D,电气设备安装工程,030405,低压电器设备安装,030405008,快速自动开关,"1.名称
2.型号
3.规格
4.类别
5.额定电流(A)
6.接线端子材质、 规格",台,按设计图示数量 计算,"1.本体安装
2.焊、压接线端子 3.接线",表 D.5.1 低压电器设备安装,,,03
03,通用安装工程,D,电气设备安装工程,030405,低压电器设备安装,030405009,电阻器,"1.名称
2.型号
3.规格
4.类别
5.额定电流(A)
6.接线端子材质、 规格",箱,按设计图示数量 计算,"1.本体安装
2.焊、压接线端子 3.接线",表 D.5.1 低压电器设备安装,,,03
03,通用安装工程,D,电气设备安装工程,030405,低压电器设备安装,030405010,油浸频敏 变阻器,"1.名称
2.型号
3.规格
4.类别
5.额定电流(A)
6.接线端子材质、 规格",台,按设计图示数量 计算,"1.本体安装
2.焊、压接线端子 3.接线",表 D.5.1 低压电器设备安装,,,03
03,通用安装工程,D,电气设备安装工程,030405,低压电器设备安装,030405011,分流器,"1.名称
2.型号
3.规格
4额定电流(A)
5.接线端子材质、 规格",个,按设计图示数量 计算,"1.本体安装
2.焊、压接线端子 3.接线",表 D.5.1 低压电器设备安装,,,03
03,通用安装工程,D,电气设备安装工程,030405,低压电器设备安装,030405012,自动调压器,"1.名称
2.型号
3.规格
4.容量(kV ·A)
5.安装方式",台,按设计图示数量 计算,"1.本体安装
2.焊、压接线端子 3.接线",表 D.5.1 低压电器设备安装,,,03
03,通用安装工程,D,电气设备安装工程,030405,低压电器设备安装,030405013,小电器,"1.名称
2.型号
3.容量(V ·A) 4.类别
5.接线端子材质、 规格",个,按设计图示数量 计算,"1.本体安装
2.焊、压接线端子 3.接线",表 D.5.1 低压电器设备安装,,,03
03,通用安装工程,D,电气设备安装工程,030405,低压电器设备安装,030405014,端子箱,"1.名称
2.型号
3.规格
4.安装部位",台,按设计图示数量 计算,"1.本体安装
2.端子板安装 3.接线
4.接地",表 D.5.1 低压电器设备安装,,,03
03,通用安装工程,D,电气设备安装工程,030405,低压电器设备安装,030405015,风扇,"1.名称
2.型号
3.规格
4.安装方式",台,按设计图示数量 计算,"1.本体安装
2.调速开关安装",表 D.5.1 低压电器设备安装,,,03
03,通用安装工程,D,电气设备安装工程,030405,低压电器设备安装,030405016,充电桩,"1.名称
2.型号
3.规格
4.电压类型
5.电压等级
6.安装方式",台,按设计图示数量 计算,"1.本体安装 2.接线
3.接地",表 D.5.1 低压电器设备安装,,,03
03,通用安装工程,D,电气设备安装工程,030405,低压电器设备安装,030405017,其他电器,"1.名称
2.型号
3.规格
4.安装方式",台,按设计图示数量 计算,"1.本体安装 2.接线
3.接地",表 D.5.1 低压电器设备安装,,,03
03,通用安装工程,D,电气设备安装工程,030406,光伏组件设备安装,030406001,蓄电池,"1.名称
2.型号
3.规格
4.容量(A ·h)
5.充放电要求",个,按设计图示数量 计算,"1.本体安装
2.充放电",表 D.6.1 光伏组件设备安装,,,03
03,通用安装工程,D,电气设备安装工程,030406,光伏组件设备安装,030406002,"EPS、UPS
电源","1.名称
2.型号
3.容量(kV ·A)
4.充放电要求",套,按设计图示数量 计算,"1.本体安装
2.本体接地",表 D.6.1 光伏组件设备安装,,,03
03,通用安装工程,D,电气设备安装工程,030406,光伏组件设备安装,030406003,太阳能电池,"1.名称
2.型号
3.规格
4.安装方式",组,按设计图示数量 计算,"1.安装
2.接地",表 D.6.1 光伏组件设备安装,,,03
03,通用安装工程,D,电气设备安装工程,030406,光伏组件设备安装,030406004,太阳能控制 器安装,"1.名称
2.型号
3.安装方式",台,按设计图示数量 计算,"1.安装 2.接线
3.接地",表 D.6.1 光伏组件设备安装,,,03
03,通用安装工程,D,电气设备安装工程,030406,光伏组件设备安装,030406005,光伏成品支架,"1.名称
2.型号
3.规格
4.安装方式",t,按设计图示数量 计算,"1.安装
2.接地",表 D.6.1 光伏组件设备安装,,,03
03,通用安装工程,D,电气设备安装工程,030406,光伏组件设备安装,030406006,光伏组件,"1.名称
2.组件规格
3.容量
4.接线端子材质、 规格
5.安装方式",块,按设计图示数量 计算,"1.光伏组件安装 2.接线
3.本体接地",表 D.6.1 光伏组件设备安装,,,03
03,通用安装工程,D,电气设备安装工程,030406,光伏组件设备安装,030406007,光伏逆变器,"1.名称
2.型号
3.基础底座形式、 材质
4.容量(kW)
5.接线端子材质、 规格",台,按设计图示数量 计算,"1.基础底座安装
2.逆变器本体安装 3.接线
4.接地",表 D.6.1 光伏组件设备安装,,,03
03,通用安装工程,D,电气设备安装工程,030406,光伏组件设备安装,030406008,太阳能光导管,"1.名称
2.型号
3.电压等级
4.接线端子材质、 规格
5.安装方式",套,按设计图示数量 计算,"1.预留孔洞
2.洞口的检查、调 整、定位
3.安装防水帽
4.安装采光罩
5.安装导光管
6.安装漫射器
7.接线
8.本体接地",表 D.6.1 光伏组件设备安装,,,03
03,通用安装工程,D,电气设备安装工程,030406,光伏组件设备安装,030406009,光伏方阵联测,"1.名称
2.组件数量",方阵组,按设计图示数量 计算,联测,表 D.6.1 光伏组件设备安装,,,03
03,通用安装工程,D,电气设备安装工程,030407,电机检查接线,030407001,交流发电机,"1.名称
2.型号
3.额定功率(kW)
4.电压(kV)
5.接线端子材质、 规格",台,按设计图示数量 计算,"1.检查接线
2.本体接地",表 D.7.1 电机检查接线,,,03
03,通用安装工程,D,电气设备安装工程,030407,电机检查接线,030407002,直流发电机,"1.名称
2.型号
3.额定功率(kW)
4.电压(kV)
5.接线端子材质、 规格",台,按设计图示数量 计算,"1.检查接线
2.本体接地",表 D.7.1 电机检查接线,,,03
03,通用安装工程,D,电气设备安装工程,030407,电机检查接线,030407003,微型电机,"1.名称
2.类型
3.额定功率(kW)
4.电压(kV)
5.电源类型
6.防爆要求
7.接线端子材质、 规格",台,按设计图示数量 计算,"1.检查接线
2.本体接地",表 D.7.1 电机检查接线,,,03
03,通用安装工程,D,电气设备安装工程,030407,电机检查接线,030407004,小型电动机,"1.名称
2.型号
3.额定功率(kW)
4.电压(kV)
5.电源类型
6.防爆要求
7.接线端子材质、 规格",台,按设计图示数量 计算,"1.检查接线
2.本体接地",表 D.7.1 电机检查接线,,,03
03,通用安装工程,D,电气设备安装工程,030407,电机检查接线,030407005,大中型电动机,"1.名称
2.型号
3.额定功率(kW)
4.电压(kV)
5.电源类型
6.防爆要求
7.接线端子材质、 规格",台,按设计图示数量 计算,"1.检查接线
2.本体接地
3.大型电机抽芯检查",表 D.7.1 电机检查接线,,,03
03,通用安装工程,D,电气设备安装工程,030407,电机检查接线,030407006,变频机组,"1.名称
2.型号
3.额定功率(kW)
4.接线端子材质、 规格",台,按设计图示数量 计算,"1.检查接线
2.本体接地",表 D.7.1 电机检查接线,,,03
03,通用安装工程,D,电气设备安装工程,030408,滑触线装置安装,030408001,滑触线,"1.名称
2.型号
3.规格
4.材质
5.额定电流(A)
6.紧固装置类型
7.伸缩接头材质、 规格",m,按设计图示尺寸 以单相长度的总长 度数量加预留长度 计算,"1.支架制作、安装
2.瓷瓶安装
3.滑触线安装
4.涂刷相色漆
5.接线
6.接地",表 D.8.1 滑触线装置安装,,,03
03,通用安装工程,D,电气设备安装工程,030408,滑触线装置安装,030408002,移动软电缆,"1.名称
2.材质
3.型号
4.规格
5.拉紧装置类型
6.拉紧装置材质、 规格
7.接线端子材质、 规格
8.电压(kV)",m,按设计图示尺寸 以单根长度的总长 度数量加预留长度 计算,"1.支架制作、安装
2.拉紧装置及挂式
支持器制作、安装
3.移动软电缆安装
4.伸缩接头制作、 安装
5.压、焊接线端子
6.接线
7.接地",表 D.8.1 滑触线装置安装,,,03
03,通用安装工程,D,电气设备安装工程,030409,电缆安装,030409001,电力电缆,"1.名称
2.型号
3.规格
4.材质
5.电压(kV)
6.敷设方式",m,按设计图示尺寸 以单根长度的总长 度加预留长度计算,"1.电缆敷设
2.揭(盖)盖板",表 D.9.1 电缆安装,,,03
03,通用安装工程,D,电气设备安装工程,030409,电缆安装,030409002,控制电缆,"1.名称
2.型号
3.规格
4.材质
5.电压(kV)
6.敷设方式",m,按设计图示尺寸 以单根长度的总长 度加预留长度计算,"1.电缆敷设
2.揭(盖)盖板",表 D.9.1 电缆安装,,,03
03,通用安装工程,D,电气设备安装工程,030409,电缆安装,030409003,电力电缆头,"1.名称
2.型号
3.规格
4.材质、类型
5.电压(kV)",个,按设计图示数量 计算,"1.电缆头制作
2.电缆头安装
3.电缆头接地",表 D.9.1 电缆安装,,,03
03,通用安装工程,D,电气设备安装工程,030409,电缆安装,030409004,电缆中间头,"1.名称
2.型号
3.规格
4.材质、类型
5.电压(kV)",个,按设计图示数量 计算,"1.电缆中间头制作
2.电缆头中间安装
3.电缆头接地",表 D.9.1 电缆安装,,,03
03,通用安装工程,D,电气设备安装工程,030409,电缆安装,030409005,控制电缆头,"1.名称
2.型号
3.规格
4.材质、类型
5.电压(kV)",个,按设计图示数量 计算,"1.电缆头制作
2.电缆头安装
3.电缆头接地",表 D.9.1 电缆安装,,,03
03,通用安装工程,D,电气设备安装工程,030409,电缆安装,030409006,电缆保护管,"1.名称
2.材质
3.规格
4.敷设方式",m,按设计图示尺寸 以长度计算,保护管敷设,表 D.9.1 电缆安装,,,03
03,通用安装工程,D,电气设备安装工程,030409,电缆安装,030409007,阻燃槽盒,"1.名称 2.材质 3.规格
4.型号",m,按设计图示尺寸 以长度计算,槽盒安装,表 D.9.1 电缆安装,,,03
03,通用安装工程,D,电气设备安装工程,030409,电缆安装,030408008,铺砂、盖保 护板(砖),"1.种类
2.规格",m,按设计图示尺寸 以长度计算,"1.铺砂
2.盖板(砖)",表 D.9.1 电缆安装,,,03
03,通用安装工程,D,电气设备安装工程,030409,电缆安装,030409009,防火槽、带,"1.名称
2.材质
3.防火要求",m,按设计图示尺寸 以长度计算,安装,表 D.9.1 电缆安装,,,03
03,通用安装工程,D,电气设备安装工程,030409,电缆安装,030409010,"防火隔板、
防火墙","1.名称
2.材质
3.防火要求",m²,按设计图示尺寸 以面积计算,安装,表 D.9.1 电缆安装,,,03
03,通用安装工程,D,电气设备安装工程,030409,电缆安装,030409011,防火堵料(包),"1.名称
2.材质
3.防火要求",kg,按设计图示尺寸 以质量计算,安装,表 D.9.1 电缆安装,,,03
03,通用安装工程,D,电气设备安装工程,030409,电缆安装,030409012,电缆防火涂料,"1.名称
2.材质
3.防火要求",m²,按设计图示尺寸 以涂刷面积计算,安装,表 D.9.1 电缆安装,,,03
03,通用安装工程,D,电气设备安装工程,0304010,防雷及接地装置,030410001,接地极,"1.名称 2.材质
3.规格",根(块、套),按设计图示数量 计算,接地极(板、桩)制 作、安装,表 D.10.1 防雷及接地装置,,,03
03,通用安装工程,D,电气设备安装工程,0304010,防雷及接地装置,030410002,接地母线,"1.名称
2.材质
3.规格
4.安装部位",m,按设计图示尺寸 的总长度加预留长 度计算,"1.室外母线挖填土
2.接地母线制作、 安装",表 D.10.1 防雷及接地装置,,,03
03,通用安装工程,D,电气设备安装工程,0304010,防雷及接地装置,030410003,引下线,"1.名称
2.材质
3.规格
4.安装形式",m,按设计图示尺寸 的总长度加预留长 度计算,"1.引下线制作、安装
2.利用主钢筋进行 电气连接",表 D.10.1 防雷及接地装置,,,03
03,通用安装工程,D,电气设备安装工程,0304010,防雷及接地装置,030410004,均压环,"1.名称
2.材质
3.规格
4.安装形式",m,按设计图示尺寸 的总长度计算,"1.均压环敷设
2.柱主筋与圈梁焊接
3.利用圈梁钢筋焊接",表 D.10.1 防雷及接地装置,,,03
03,通用安装工程,D,电气设备安装工程,0304010,防雷及接地装置,030410005,接闪带,"1.名称
2.材质
3.规格
4.安装形式",m,按设计图示尺寸 的总长度加预留长 度计算,接闪带制作、安装,表 D.10.1 防雷及接地装置,,,03
03,通用安装工程,D,电气设备安装工程,0304010,防雷及接地装置,030410006,接闪杆,"1.名称
2.材质
3.规格
4.安装形式、高度",根,按设计图示数量 计算,接闪杆制作、安装,表 D.10.1 防雷及接地装置,,,03
03,通用安装工程,D,电气设备安装工程,0304010,防雷及接地装置,030410007,"等电位端子
箱、测试板","1.名称 2.材质
3.规格",台,按设计图示尺寸 以展开面积计算,1.制作 2安装,表 D.10.1 防雷及接地装置,,,03
03,通用安装工程,D,电气设备安装工程,0304010,防雷及接地装置,030410008,绝缘垫,"1.名称 2.材质
3.规格",m²,按设计图示尺寸 以展开面积计算,1.制作 2安装,表 D.10.1 防雷及接地装置,,,03
03,通用安装工程,D,电气设备安装工程,0304010,防雷及接地装置,030410009,"智能防雷
装置","1.名称
2.规格 3.类别
4.防雷等级",套,按设计图示数量 计算,"1.本体安装 2.接线
3.接地",表 D.10.1 防雷及接地装置,,,03
03,通用安装工程,D,电气设备安装工程,0304010,防雷及接地装置,030410010,降阻剂,"1.名称
2.型号",kg,按设计图示规格 以质量计算,1.施放降阻剂 2运输,表 D.10.1 防雷及接地装置,,,03
03,通用安装工程,D,电气设备安装工程,0304010,防雷及接地装置,030410011,接地跨接,"1.名称 2.材质
3.规格",处,按设计图示数量 计算,"1.制作
2.跨接",表 D.10.1 防雷及接地装置,,,03
03,通用安装工程,D,电气设备安装工程,0304010,防雷及接地装置,030410012,防雷断 接卡、箱,"1.名称
2.型号
3.安装形式
4.箱体材质、尺寸",个,按设计图示数量 计算,"1.断接卡制作、安装
2.箱体安装",表 D.10.1 防雷及接地装置,,,03
03,通用安装工程,D,电气设备安装工程,030411,kV及以下架空配电线路,030411001,电杆组立,"1.名称
2.材质
3.规格
4.类型
5.地形
6.土壤类别
7.底盘、拉盘、卡盘 规格
8.电杆防腐要求
9.拉线类别、规格
10.撑杆杆长(m)
11.钢圈直径(mm)
12.封顶直径(mm)",基,按设计图示数量 计算,"1.定位
2.电杆组立
3.底盘、拉盘、卡盘 安装
4.拉线制作、安装
5.撑杆、钢圈焊接、 封顶
6.电杆防腐
7.运输",表 D.11.110 kV及以下架空配电线路,,,03
03,通用安装工程,D,电气设备安装工程,030411,kV及以下架空配电线路,030411002,铁塔组立,"1.名称
2.材质
3.规格
4.质量
5.地形
6.土壤类别",基,按设计图示数量 计算,"1.定位
2.铁塔组立
3.塔身调整 4.运输
5.本体接地",表 D.11.110 kV及以下架空配电线路,,,03
03,通用安装工程,D,电气设备安装工程,030411,kV及以下架空配电线路,030411003,横担组装,"1.名称
2.材质
3.规格
4.类型
5.电压等级(kV)
6.绝缘子类别
7.金具品种规格",组,按设计图示数量 计算,"1.横担安装
2.瓷瓶、金具组装 3.运输",表 D.11.110 kV及以下架空配电线路,,,03
03,通用安装工程,D,电气设备安装工程,030411,kV及以下架空配电线路,030411004,导线,"1.名称
2.型号
3.材质
4.规格
5.地形
6.跨越类型、宽度",km,"按设计图示尺寸 以单线长度计算
(含预留长度)","1.导线架设
2.导线跨越 3进户线架设 4.运输",表 D.11.110 kV及以下架空配电线路,,,03
03,通用安装工程,D,电气设备安装工程,030411,kV及以下架空配电线路,030411005,杆上设备,"1.名称
2.型号
3.规格
4.容量(kV ·A)
5.支撑架种类、规格
6.接线端子材质、 规格
7.接地要求
8.附属设备","1.台
2.组",按设计图示数量 计算,"1.支撑架
2.本体安装
3.焊压接线端子、接线
4.设备本体接地
5.运输
6.接地环及绝缘护罩 等附属设备安装",表 D.11.110 kV及以下架空配电线路,,,03
03,通用安装工程,D,电气设备安装工程,030412,配管、配线,030412001,配管,"1.名称
2.材质
3.规格
4.配置形式
5.接地要求
6.钢索材质、规格
7.引线材质",m,按设计图示尺寸 以长度计算,"1.电线管路敷设 2.钢索架设(拉紧装
置安装)
3.穿引线
4.接地",表 D.12.1 配管、配线,,,03
03,通用安装工程,D,电气设备安装工程,030412,配管、配线,030412002,线槽,"1.名称 2.材质
3.规格",m,按设计图示尺寸 以长度计算,本体安装,表 D.12.1 配管、配线,,,03
03,通用安装工程,D,电气设备安装工程,030412,配管、配线,030412003,桥架,"1.名称
2.型号
3.规格
4.材质
5.类型
6.接地跨接方式",m,按设计图示尺寸 以长度计算,"1.本体安装
2.本体跨接接地
3.隔板、盖板等附件 安装",表 D.12.1 配管、配线,,,03
03,通用安装工程,D,电气设备安装工程,030412,配管、配线,030412004,配线,"1.名称
2.配线形式
3.型号
4.规格
5.材质
6.配线线制
7.钢索材质、规格
8.导线连接方式",m,按设计图示尺寸 加预留长度以单线 长度计算,"1.配线
2.钢索架设(拉紧装 置安装)
3.支持体(夹板、绝缘 子、槽板等)安装",表 D.12.1 配管、配线,,,03
03,通用安装工程,D,电气设备安装工程,030412,配管、配线,030412005,接线箱,"1.名称
2.材质
3.规格
4.安装形式",个,按设计图示数量 计算,本体安装,表 D.12.1 配管、配线,,,03
03,通用安装工程,D,电气设备安装工程,030412,配管、配线,030412006,接线盒,"1.名称
2.材质
3.规格
4.安装形式",个,按设计图示数量 计算,本体安装,表 D.12.1 配管、配线,,,03
03,通用安装工程,D,电气设备安装工程,030412,配管、配线,030412007,连接短管,"1.名称
2.材质
3.规格
4.安装形式",根,按设计图示数量 计算,本体安装,表 D.12.1 配管、配线,,,03
03,通用安装工程,D,电气设备安装工程,030413,照明器具安装,030413001,普通灯具,"1.名称 2.型号 3.规格
4.类型",套,按设计图示数量 计算,"1.本体安装
2.接地",表 D.13.1 照明器具安装,,,03
03,通用安装工程,D,电气设备安装工程,030413,照明器具安装,030413002,装饰灯,"1.名称
2.型号
3.规格
4.安装方式","1.套 2.m
3.m²","1.以“套”计量，按设 计图示数量计算
2.以“m”计量，按设 计图示尺寸以长
度计算
3.以“m²”计量，按设 计图示尺寸以面
积计算","1.本体安装
2.接地",表 D.13.1 照明器具安装,,,03
03,通用安装工程,D,电气设备安装工程,030413,照明器具安装,030413003,荧光灯,"1.名称
2.型号
3.规格
4.安装方式",套,按设计图示数量 计算,"1.本体安装
2.接地",表 D.13.1 照明器具安装,,,03
03,通用安装工程,D,电气设备安装工程,030413,照明器具安装,030413004,嵌入式地灯,"1.名称
2.型号
3.安装方式",套,按设计图示数量 计算,"1.本体安装
2.接地",表 D.13.1 照明器具安装,,,03
03,通用安装工程,D,电气设备安装工程,030413,照明器具安装,030413005,工厂灯,"1.名称
2.型号
3.安装方式",套,按设计图示数量 计算,"1.本体安装
2.接地",表 D.13.1 照明器具安装,,,03
03,通用安装工程,D,电气设备安装工程,030413,照明器具安装,030413006,"高度标志灯、
障碍灯","1.名称
2.型号
3.规格
4.安装高度",套,按设计图示数量 计算,"1.本体安装
2.接地",表 D.13.1 照明器具安装,,,03
03,通用安装工程,D,电气设备安装工程,030413,照明器具安装,030413007,医疗专用灯,"1.名称 2.型号
3.规格",套,按设计图示数量 计算,"1.本体安装
2.接地",表 D.13.1 照明器具安装,,,03
03,通用安装工程,D,电气设备安装工程,030413,照明器具安装,030413008,霓虹灯,"1.名称
2.型号
3.单位数量
4.安装方式",m,按设计图示尺寸 以长度计算,"1.霓虹灯管安装
2.接线",表 D.13.1 照明器具安装,,,03
03,通用安装工程,D,电气设备安装工程,030413,照明器具安装,030413009,霓虹灯控制 变压器、 控制器,"1.名称
2.型号
3.安装方式",台,按设计图示数量 计算,"1.设备安装 2.接线
3.接地",表 D.13.1 照明器具安装,,,03
03,通用安装工程,D,电气设备安装工程,030413,照明器具安装,030413010,小区路灯,"1.名称
2.型号
3.规格
4.灯具类型
5.灯杆材质、规格
6.灯架形式及臂长
7.附件配置要求
8.灯杆形式(单、双)
9.杆座材质、规格
10.安装方式
11.接线端子材质、 规格",套,按设计图示数量 计算,"1.立灯杆
2.杆座安装
3.灯架及灯具附件 安装
4.焊、压接线端子
5.灯杆编号
6.接地",表 D.13.1 照明器具安装,,,03
03,通用安装工程,D,电气设备安装工程,030413,照明器具安装,030413011,"智能灯光
控制系统","1.灯具、控制设备 名称
2.型号
3.规格
4.控制软件
5.连接、控制、数据 导线材质、规格
6.安装方式
7.接地线材质、规格",系统,按设计图示以系 统计算,"1.灯具安装
2.线路安装
3.控制设备安装 4接线
5.接地",表 D.13.1 照明器具安装,,,03
03,通用安装工程,D,电气设备安装工程,030413,照明器具安装,030413012,景观灯,"1.名称
2.型号
3.规格
4.安装方式
5.接地线材质、规格","1.套 2.m
3.m²","1.以“套”计量， 按设计图示数 量计算
2.以“m”计量，按 设计图示尺寸 以长度计算
3. 以“m²”计量， 按设计图示尺 寸以面积计算","1.安装 2.接线
3.接地",表 D.13.1 照明器具安装,,,03
03,通用安装工程,D,电气设备安装工程,030413,照明器具安装,030413013,"照明开关、
按钮","1.名称
2.材质
3.规格
4.安装方式",套,按设计图示数量 计算,安装接线,表 D.13.1 照明器具安装,,,03
03,通用安装工程,D,电气设备安装工程,030413,照明器具安装,030413014,插座,"1.名称
2.材质
3.规格
4.安装方式",套,按设计图示数量 计算,安装接线,表 D.13.1 照明器具安装,,,03
03,通用安装工程,D,电气设备安装工程,030413,照明器具安装,030413015,照明系统调试,"1.名称
2.电压等级",系统,按设灯具回路数 量计算,系统调试,表 D.13.1 照明器具安装,,,03
03,通用安装工程,D,电气设备安装工程,030413,照明器具安装,030413016,"光导管采光
装置","1.名称
2.材质
3.规格
4.安装方式",套,按设计图示数量 计算,本体安装,表 D.13.1 照明器具安装,,,03
03,通用安装工程,D,电气设备安装工程,030413,照明器具安装,030413017,"采光井照明
装置","1.名称
2.材质
3.规格
4.安装方式",套,按设计图示数量 计算,本体安装,表 D.13.1 照明器具安装,,,03
03,通用安装工程,D,电气设备安装工程,030413,照明器具安装,030413018,"光纤式阳光
导入器","1.名称
2.材质
3.规格
4.安装方式",套,按设计图示数量 计算,"1.支架台的制作、安装
2.光纤接入
3.电源接线
4.太阳光导入器安装
5.光纤发光尾灯安装",表 D.13.1 照明器具安装,,,03
03,通用安装工程,D,电气设备安装工程,030414,起重运输设备电气装置,030414001,"起重设备
电气装置","1.名称
2.型号
3.规格
4.起重重量",台,按设计图示数量 计算,"1.本体设备之控制 设备安装
2.本体设备线缆安装
3.电气系统调试
4.负荷试验",表 D.14.1 起重运输设备电气装置,,,03
03,通用安装工程,D,电气设备安装工程,030415,附属工程,030415001,穿墙板,"1.名称 2.规格
3.材质",套,按设计图示数量 计算,"1.定位
2.安装",表 D.15.1 附属工程,,,03
03,通用安装工程,D,电气设备安装工程,030415,附属工程,030415002,金属围网、 金属网门,"1.名称
2.规格",m²,按设计图示尺寸 以面积计算,"1.放线 2.定位 3.下料
4.安装",表 D.15.1 附属工程,,,03
03,通用安装工程,D,电气设备安装工程,030416,电气调整试验,030416001,发电机,"1.名称
2.型号
3.电压(kV)
4.容量(MW)",台,按设计图示数量 计算,系统调试,表 D.16.1 电气调整试验,,,03
03,通用安装工程,D,电气设备安装工程,030416,电气调整试验,030416002,励磁机(柜),"1.名称
2.型号
3.容量(MW) 4.类型",台,按设计图示数量 计算,系统调试,表 D.16.1 电气调整试验,,,03
03,通用安装工程,D,电气设备安装工程,030416,电气调整试验,030416003,"发电机主
变压器组","1.名称
2.型号
3.电压(kV)
4.容量(MW)",台,按设计图示数量 计算,系统调试,表 D.16.1 电气调整试验,,,03
03,通用安装工程,D,电气设备安装工程,030416,电气调整试验,030416004,"发电机同期
系统","1.名称
2.电压
3.容量(MW)
4.机组数量",组,按设计图示数量 计算,系统调试,表 D.16.1 电气调整试验,,,03
03,通用安装工程,D,电气设备安装工程,030416,电气调整试验,030416005,"电力变压器
系统","1.名称
2.型号
3.容量(kV ·A)",系统,按设计图示系统 计算,系统调试,表 D.16.1 电气调整试验,,,03
03,通用安装工程,D,电气设备安装工程,030416,电气调整试验,030416006,"输配电装置
系统","1.名称
2.型号
3.电压(kV) 4.类型",系统,按设计图示系统 计算,系统调试,表 D.16.1 电气调整试验,,,03
03,通用安装工程,D,电气设备安装工程,030416,电气调整试验,030416007,母线系统,"1.名称
2.电压(kV)",段,按设计图示数量 计算,系统调试,表 D.16.1 电气调整试验,,,03
03,通用安装工程,D,电气设备安装工程,030416,电气调整试验,030416008,保护装置,"1.名称
2.类型",套,按设计图示数量 计算,系统调试,表 D.16.1 电气调整试验,,,03
03,通用安装工程,D,电气设备安装工程,030416,电气调整试验,030416009,自动投入装置,"1.名称
2.类型",系统、套,按设计图示数量 计算,系统调试,表 D.16.1 电气调整试验,,,03
03,通用安装工程,D,电气设备安装工程,030416,电气调整试验,030416010,"测量与监视
系统","1.名称
2.类别",系统、套,按设计图示数量 计算,系统调试,表 D.16.1 电气调整试验,,,03
03,通用安装工程,D,电气设备安装工程,030416,电气调整试验,030416011,保安电源系统,"1.名称
2.型号
3.类别
4.容量(kW、kV ·A)",系统,按设计图示数量 计算,系统调试,表 D.16.1 电气调整试验,,,03
03,通用安装工程,D,电气设备安装工程,030416,电气调整试验,030416012,"事故照明切换
系统","1.名称
2.型号
3.类别
4.容量(MW)",台、座,按设计图示系统 计算,系统调试,表 D.16.1 电气调整试验,,,03
03,通用安装工程,D,电气设备安装工程,030416,电气调整试验,030416013,"无功补偿装置
系统","1.名称
2.电压(kV)",组,按设计图示系统 计算,系统调试,表 D.16.1 电气调整试验,,,03
03,通用安装工程,D,电气设备安装工程,030416,电气调整试验,030416014,电除尘器,"1.名称
2.型号
3.规格(m²)",套,按设计图示系统 计算,系统调试,表 D.16.1 电气调整试验,,,03
03,通用安装工程,D,电气设备安装工程,030416,电气调整试验,030416015,"故障滤波
系统","1.名称
2.容量(MW)",系统,按设计图示数量 计算,系统调试,表 D.16.1 电气调整试验,,,03
03,通用安装工程,D,电气设备安装工程,030416,电气调整试验,030416016,"硅整流设备、 可控硅整流
装置","1.名称
2.类别
3. 电流(A)",系统,按设计图示系统 计算,系统调试,表 D.16.1 电气调整试验,,,03
03,通用安装工程,D,电气设备安装工程,030416,电气调整试验,030416017,"电动机负载
调试","1.名称
2.电压
3.功率(kW)
4.电流类型
5.控制方式
6.电动机类型
7.联锁台数",台,按设计图示数量 计算,系统调试,表 D.16.1 电气调整试验,,,03
03,通用安装工程,D,电气设备安装工程,030416,电气调整试验,030416018,"10kV及以下
开闭所成套
装置系统","1.名称
2.电压(kV)
3.操作方式
4.开关间隔单元 个数",座,按设计图示数量 计算,系统调试,表 D.16.1 电气调整试验,,,03
03,通用安装工程,D,电气设备安装工程,030416,电气调整试验,030416019,组合成套箱式 变电站系统,"1.名称
2.电压(kV)
3.变压器容(kV ·A)",座,按设计图示数量 计算,系统调试,表 D.16.1 电气调整试验,,,03
03,通用安装工程,D,电气设备安装工程,030416,电气调整试验,030416020,"微机监控
系统","1.名称
2.容量(MW)",台、座,按设计图示数量 计算,系统调试,表 D.16.1 电气调整试验,,,03
03,通用安装工程,D,电气设备安装工程,030416,电气调整试验,030416021,“五防”系统,"1.名称
2.容量(MW)",座,按设计图示数量 计算,系统调试,表 D.16.1 电气调整试验,,,03
03,通用安装工程,D,电气设备安装工程,030416,电气调整试验,030416022,"配电智能
系统","1.名称
2.间隔数量(个)",系统,按设计图示数量 计算,系统调试,表 D.16.1 电气调整试验,,,03
03,通用安装工程,D,电气设备安装工程,030416,电气调整试验,030416023,"整套启动
系统","1.名称
2.电压(kV)
3.容量(MW) 4.类型",台、座,按设计图示数量 计算,系统调试,表 D.16.1 电气调整试验,,,03
03,通用安装工程,D,电气设备安装工程,030416,电气调整试验,030416024,特殊项目,"1.名称
2.电压(kV)
3.容量",台、组,按设计图示数量 计算,"1.测试
2.性能验收试验
3.系统调试",表 D.16.1 电气调整试验,,,03
03,通用安装工程,D,电气设备安装工程,030416,电气调整试验,030416025,智能防雷 预警监控,"1.名称
2.型号",系统、组,按设计图示数量 计算,系统调试,表 D.16.1 电气调整试验,,,03
03,通用安装工程,D,电气设备安装工程,030416,电气调整试验,030416026,"智能灯光
控制系统","1.名称
2.型号",系统、组,按设计图示数量 计算,系统调试,表 D.16.1 电气调整试验,,,03
03,通用安装工程,D,电气设备安装工程,030416,电气调整试验,030416027,接地装置,"1.名称
2.型号",系统、组,按设计图示数量 计算,接地电阻测试,表 D.16.1 电气调整试验,,,03
03,通用安装工程,D,电气设备安装工程,030416,电气调整试验,030416028,电缆试验,"1.名称
2.电压(kV)",根、次,按设计图示数量 计算,电气试验测试,表 D.16.1 电气调整试验,,,03
03,通用安装工程,D,电气设备安装工程,030416,电气调整试验,030416029,其他项目调试,"1.名称
2.型号",系统,按设计图示数量 计算,系统调试,表 D.16.1 电气调整试验,,,03
03,通用安装工程,E,建筑智能化工程,030501,计算机应用、网络系统,030501001,输入设备,"1.名称 2.类别
3.规格
4.安装方式",台,按设计图示数量 计算,本体安装,表 E.1.1 计算机应用、网络系统,,,03
03,通用安装工程,E,建筑智能化工程,030501,计算机应用、网络系统,030501002,输出设备,"1.名称 2.类别
3.规格
4.安装方式",台,按设计图示数量 计算,"1.本体安装
2.设备组装 3.接线
4.接地",表 E.1.1 计算机应用、网络系统,,,03
03,通用安装工程,E,建筑智能化工程,030501,计算机应用、网络系统,030501003,控制设备,"1.名称 2.类别
3.规格
4.安装方式",台,按设计图示数量 计算,"1.本体安装 2.接线
3.接地",表 E.1.1 计算机应用、网络系统,,,03
03,通用安装工程,E,建筑智能化工程,030501,计算机应用、网络系统,030501004,存储设备,"1.名称 2.类别
3.规格
4.安装方式",台,按设计图示数量 计算,"1.本体安装
2.设备组装 3.接线
4.接地",表 E.1.1 计算机应用、网络系统,,,03
03,通用安装工程,E,建筑智能化工程,030501,计算机应用、网络系统,030501005,插箱、机柜、 台架,"1.名称
2.类别
3.规格
4.安装方式
5.抗震底座规格",台,按设计图示数量 计算,"1.本体安装
2.设备组装
3.接线
4.接地
5.抗震底座安装",表 E.1.1 计算机应用、网络系统,,,03
03,通用安装工程,E,建筑智能化工程,030501,计算机应用、网络系统,030501006,操作台,"1.名称 2.类别
3.规格
4.安装方式",套,按设计图示数量 计算,"1.本体安装
2.接地",表 E.1.1 计算机应用、网络系统,,,03
03,通用安装工程,E,建筑智能化工程,030501,计算机应用、网络系统,030501007,互联电缆,"1.名称 2.类别
3.规格",条,按设计图示数量 计算,"1.连接
2.测试",表 E.1.1 计算机应用、网络系统,,,03
03,通用安装工程,E,建筑智能化工程,030501,计算机应用、网络系统,030501008,扩展板卡,"1.名称 2.类别
3.规格",个,按设计图示数量 计算,本体安装,表 E.1.1 计算机应用、网络系统,,,03
03,通用安装工程,E,建筑智能化工程,030501,计算机应用、网络系统,030501009,集线器,"1.名称 2.类别
3.规格",台,按设计图示数量 计算,本体安装,表 E.1.1 计算机应用、网络系统,,,03
03,通用安装工程,E,建筑智能化工程,030501,计算机应用、网络系统,030501010,路由器,"1.名称 2.类别
3.规格
4.安装方式",台,按设计图示数量 计算,"1.本体安装 2.接线
3.接地",表 E.1.1 计算机应用、网络系统,,,03
03,通用安装工程,E,建筑智能化工程,030501,计算机应用、网络系统,030501011,适配器,"1.名称 2.类别
3.规格
4.安装方式",台,按设计图示数量 计算,"1.本体安装 2.接线
3.接地",表 E.1.1 计算机应用、网络系统,,,03
03,通用安装工程,E,建筑智能化工程,030501,计算机应用、网络系统,030501012,中继器,"1.名称 2.类别
3.规格
4.安装方式",台,按设计图示数量 计算,"1.本体安装 2.接线
3.接地",表 E.1.1 计算机应用、网络系统,,,03
03,通用安装工程,E,建筑智能化工程,030501,计算机应用、网络系统,030501013,收发器,"1.名称 2.类别
3.规格
4.安装方式",台,按设计图示数量 计算,"1.本体安装 2.接线
3.接地",表 E.1.1 计算机应用、网络系统,,,03
03,通用安装工程,E,建筑智能化工程,030501,计算机应用、网络系统,030501014,防火墙,"1.名称 2.类别
3.规格
4.安装方式",台,按设计图示数量 计算,"1.本体安装 2.接线
3.接地",表 E.1.1 计算机应用、网络系统,,,03
03,通用安装工程,E,建筑智能化工程,030501,计算机应用、网络系统,030501015,交换机,"1.名称 2.类别
3.规格
4.安装方式",台,按设计图示数量 计算,"1.本体安装 2.接线
3.接地",表 E.1.1 计算机应用、网络系统,,,03
03,通用安装工程,E,建筑智能化工程,030501,计算机应用、网络系统,030501016,网关,"1.名称 2.类别
3.规格
4.安装方式",台,按设计图示数量 计算,"1.本体安装 2.接线
3.接地",表 E.1.1 计算机应用、网络系统,,,03
03,通用安装工程,E,建筑智能化工程,030501,计算机应用、网络系统,030501017,转换器,"1.名称 2.类别
3.规格
4.安装方式",个,按设计图示数量 计算,本体安装,表 E.1.1 计算机应用、网络系统,,,03
03,通用安装工程,E,建筑智能化工程,030501,计算机应用、网络系统,030501018,网桥,"1.名称 2.类别
3.规格
4.安装方式",台,按设计图示数量 计算,"1.本体安装
2.设备组装 3.接线
4.接地",表 E.1.1 计算机应用、网络系统,,,03
03,通用安装工程,E,建筑智能化工程,030501,计算机应用、网络系统,030501019,服务器,"1.名称 2.类别
3.规格
4.安装方式",台,按设计图示数量 计算,"1.本体安装
2.设备组装 3.接线
4.接地",表 E.1.1 计算机应用、网络系统,,,03
03,通用安装工程,E,建筑智能化工程,030501,计算机应用、网络系统,030501020,调制解调器,"1.名称 2.类别
3.规格
4.安装方式",台,按设计图示数量 计算,"1.本体安装 2.接线
3.接地",表 E.1.1 计算机应用、网络系统,,,03
03,通用安装工程,E,建筑智能化工程,030501,计算机应用、网络系统,030501021,无线设备,"1.名称 2.类别
3.规格
4.安装方式",台,按设计图示数量 计算,"1.本体安装 2.接线
3.接地",表 E.1.1 计算机应用、网络系统,,,03
03,通用安装工程,E,建筑智能化工程,030501,计算机应用、网络系统,030501022,"计算机应用、
网络系统
联调及试运行","1.调试类别
2.调试内容
3.试运行类别
4.试运行内容",系统,按设计图示系统 计算,"1.系统联调
2.试运行",表 E.1.1 计算机应用、网络系统,,,03
03,通用安装工程,E,建筑智能化工程,030501,计算机应用、网络系统,030501023,软件,"1.名称 2.类别 3.规格
4.指标",套,按设计图示数量 计算,"1.安装
2.本体调试 3系统联调
4.功能参数设置",表 E.1.1 计算机应用、网络系统,,,03
03,通用安装工程,E,建筑智能化工程,030502,综合布线系统,030502001,"光缆分纤箱、
光缆交接箱、
分线接线箱","1.名称 2.类别
3.规格
4.安装方式",台,按设计图示数量 计算,"1.本体安装 2.联接
3.标记",表 E.2.1 综合布线系统,,,03
03,通用安装工程,E,建筑智能化工程,030502,综合布线系统,030502002,电话插座,"1.名称 2.类别
3.规格
4.安装方式",个,按设计图示数量 计算,"1.本体安装
2.接线",表 E.2.1 综合布线系统,,,03
03,通用安装工程,E,建筑智能化工程,030502,综合布线系统,030502003,双绞线缆,"1.名称 2.类别
3.规格
4.敷设方式",m,按设计图示尺 付以长度计算,"1.敷设
2.卡接
3.绑扎
4.标记
5.测试
6.清理敷设通道",表 E.2.1 综合布线系统,,,03
03,通用安装工程,E,建筑智能化工程,030502,综合布线系统,030502004,大对数电缆、 电话线,"1.名称 2.类别
3.规格
4.敷设方式",m,按设计图示尺 付以长度计算,"1.敷设
2.卡接
3.绑扎
4.标记
5.测试
6.清理敷设通道",表 E.2.1 综合布线系统,,,03
03,通用安装工程,E,建筑智能化工程,030502,综合布线系统,030502005,光缆,"1.名称 2.类别
3.规格
4.敷设方式",m,按设计图示尺 付以长度计算,"1.敷设
2.卡接
3.绑扎
4.标记
5.测试
6.清理敷设通道",表 E.2.1 综合布线系统,,,03
03,通用安装工程,E,建筑智能化工程,030502,综合布线系统,030502006,光纤合束器、 光纤分束器,"1.名称 2.类别
3.规格",条,按设计图示数量 计算,"1.连接 2.标记
3.测试",表 E.2.1 综合布线系统,,,03
03,通用安装工程,E,建筑智能化工程,030502,综合布线系统,030502007,跳线、跳纤,"1.名称 2.类别
3.规格",条,按设计图示数量 计算,"1.卡接 2.绑扎 3.标记
4.测试",表 E.2.1 综合布线系统,,,03
03,通用安装工程,E,建筑智能化工程,030502,综合布线系统,030502008,配线架,"1.名称 2.类别
3.规格
4.安装方式",架,按设计图示数量 计算,"1.安装
2.卡接
3.绑扎
4.标记
5.电子配线架附件 安装",表 E.2.1 综合布线系统,,,03
03,通用安装工程,E,建筑智能化工程,030502,综合布线系统,030502009,跳线架,"1.名称 2.类别
3.规格
4.安装方式",架,按设计图示数量 计算,"1.安装 2.卡接 3.绑扎
4.标记",表 E.2.1 综合布线系统,,,03
03,通用安装工程,E,建筑智能化工程,030502,综合布线系统,030502010,信 息 、 网络插座,"1.名称 2.类别
3.规格
4.安装方式",个,按设计图示数量 计算,"1.本体安装
2.接线",表 E.2.1 综合布线系统,,,03
03,通用安装工程,E,建筑智能化工程,030502,综合布线系统,030502011,光纤接续盒,"1.名称 2.类别
3.规格
4.安装方式",个,按设计图示数量 计算,"1.本体安装 2.联接
3.标记",表 E.2.1 综合布线系统,,,03
03,通用安装工程,E,建筑智能化工程,030502,综合布线系统,030502012,光纤接续,"1.接续方式
2.规格",芯,按设计图示数量 计算,"1.接续
2.测试",表 E.2.1 综合布线系统,,,03
03,通用安装工程,E,建筑智能化工程,030502,综合布线系统,030502013,光缆终端盒,"1.名称 2.类别
3.规格
4.安装方式",个,按设计图示数量 计算,"1.本体安装 2.联接
3.标记",表 E.2.1 综合布线系统,,,03
03,通用安装工程,E,建筑智能化工程,030502,综合布线系统,030502014,尾纤,"1.名称 2.类别
3.规格
4.安装方式",条,按设计图示数量 计算,"1.卡接 2.绑扎 3.标记
4.测试",表 E.2.1 综合布线系统,,,03
03,通用安装工程,E,建筑智能化工程,030502,综合布线系统,030502015,线管理器,"1.名称 2.类别
3.规格
4.安装方式",个,按设计图示数量 计算,"1.本体安装 2.绑扎
3.标记",表 E.2.1 综合布线系统,,,03
03,通用安装工程,E,建筑智能化工程,030502,综合布线系统,030502016,光纤插座,"1.名称 2.类别
3.规格
4.安装方式",个,按设计图示数量 计算,本体安装,表 E.2.1 综合布线系统,,,03
03,通用安装工程,E,建筑智能化工程,030502,综合布线系统,030502017,双绞线缆测试,"1.测试类别
2.测试内容",链路,按设计图示数量 计算,测试,表 E.2.1 综合布线系统,,,03
03,通用安装工程,E,建筑智能化工程,030502,综合布线系统,030502018,大对数电缆、 电话线测试,"1.测试类别
2.测试内容",链路,按设计图示数量 计算,测试,表 E.2.1 综合布线系统,,,03
03,通用安装工程,E,建筑智能化工程,030502,综合布线系统,030502019,光纤测试,"1.测试类别
2.测试内容",链路,按设计图示数量 计算,测试,表 E.2.1 综合布线系统,,,03
03,通用安装工程,E,建筑智能化工程,030502,综合布线系统,030502020,"综合布线 系统调试及
试运行","1.调试类别
2.调试内容
3.试运行类别
4.试运行内容",系统,按设计图示系统 计算,"1.系统调试
2.试运行",表 E.2.1 综合布线系统,,,03
03,通用安装工程,E,建筑智能化工程,030503,建筑设备自动化系统,030503001,"通讯网络
控制设备","1.名称 2.类别
3.规格 4.指标
5.功能
6.安装方式",台,按设计图示数量 计算,"1.本体安装
2.连接
3.软件安装、测试
4.功能参数设置",表 E.3.1 建筑设备自动化系统,,,03
03,通用安装工程,E,建筑智能化工程,030503,建筑设备自动化系统,030503002,控制器,"1.名称 2.类别
3.规格 4.指标
5.功能
6.安装方式",台,按设计图示数量 计算,"1.本体安装
2.连接
3.软件安装、测试
4.功能参数设置",表 E.3.1 建筑设备自动化系统,,,03
03,通用安装工程,E,建筑智能化工程,030503,建筑设备自动化系统,030503003,控制箱,"1.名称 2.类别 3.规格
4.参数",台,按设计图示数量 计算,"1.本体安装、标识
2.控制器、控制模块 组装
3.接地",表 E.3.1 建筑设备自动化系统,,,03
03,通用安装工程,E,建筑智能化工程,030503,建筑设备自动化系统,030503004,第三方通信 设备接口,"1.名称 2.类别
3.规格",台,按设计图示数量 计算,"1.本体安装 2.连接
3.通电测试",表 E.3.1 建筑设备自动化系统,,,03
03,通用安装工程,E,建筑智能化工程,030503,建筑设备自动化系统,030503005,传感器,"1.名称 2.类别
3.规格",支,按设计图示数量 计算,"1.本体安装
2.连接",表 E.3.1 建筑设备自动化系统,,,03
03,通用安装工程,E,建筑智能化工程,030503,建筑设备自动化系统,030503006,电动调节阀及 执行机构,"1.名称 2.类别
3.规格",个,按设计图示数量 计算,"1.本体安装 2.接线
3.水压试验
4.绝缘测试",表 E.3.1 建筑设备自动化系统,,,03
03,通用安装工程,E,建筑智能化工程,030503,建筑设备自动化系统,030503007,分系统调试,"1.调试类别
2.调试内容
3.测量类别
4.测量内容 5.指标",系统,按设计图示系统 计算,"1.分系统调试
2.测量",表 E.3.1 建筑设备自动化系统,,,03
03,通用安装工程,E,建筑智能化工程,030503,建筑设备自动化系统,030503008,"楼控系统 调试及
试运行","1.调试类别
2.调试内容
3.试运行类别
4.试运行内容",系统,按设计图示系统 计算,"1.系统联调
2.试运行",表 E.3.1 建筑设备自动化系统,,,03
03,通用安装工程,E,建筑智能化工程,030503,建筑设备自动化系统,030503009,"基表及控制
设备","1.名称 2.类别
3.规格
4.安装方式",个,按设计图示数量 计算,"1.本体安装 2.接线
3.压力试验",表 E.3.1 建筑设备自动化系统,,,03
03,通用安装工程,E,建筑智能化工程,030503,建筑设备自动化系统,030503010,采集系统,"1.名称 2.类别
3.规格
4.安装方式",个,按设计图示数量 计算,"1.本体安装
2.接线",表 E.3.1 建筑设备自动化系统,,,03
03,通用安装工程,E,建筑智能化工程,030503,建筑设备自动化系统,030503011,"微机电系统
(MEMS)","1.名称 2.类别 3.规格
4.功能",个,按设计图示数量 计算,"1.本体安装
2.连接
3. 自系统内部调试
4.功能参数设置",表 E.3.1 建筑设备自动化系统,,,03
03,通用安装工程,E,建筑智能化工程,030503,建筑设备自动化系统,030503012,"能耗监测
系统中心
管理设备","1.名称 2.类别
3.规格 4.指标
5.功能
6.安装方式",个,按设计图示数量 计算,"1.本体安装
2.接线
3.软件安装、测试
4.功能参数设置",表 E.3.1 建筑设备自动化系统,,,03
03,通用安装工程,E,建筑智能化工程,030503,建筑设备自动化系统,030503013,电量变送器,"1.名称 2.类别
3.规格
4.安装方式",支,按设计图示数量 计算,"1.本体安装
2.接线",表 E.3.1 建筑设备自动化系统,,,03
03,通用安装工程,E,建筑智能化工程,030503,建筑设备自动化系统,030503014,"其他传感器及
变送器","1.名称 2.类别
3.规格
4.安装方式",支,按设计图示数量 计算,"1.本体安装
2.接线",表 E.3.1 建筑设备自动化系统,,,03
03,通用安装工程,E,建筑智能化工程,030503,建筑设备自动化系统,030503015,"物联网
M 2 M 设 备","1.名称 2.类别
3.规格",个,按设计图示数量 计算,"1.本体安装
2.接线
3.接地
4.设备间通信协议 编辑",表 E.3.1 建筑设备自动化系统,,,03
03,通用安装工程,E,建筑智能化工程,030504,有线电视、卫星接收系统,030504001,共用天线,"1.名称
2.规格
3.设备箱参数规格
4.天线杆规格",副,按设计图示数量 计算,"1.设备箱安装
2.天线杆安装
3.天线安装、调测
4.天线共用器安装、 调试",表 E.4.1 有线电视、卫星接收系统,,,03
03,通用安装工程,E,建筑智能化工程,030504,有线电视、卫星接收系统,030504002,"卫星电视 天线、馈线
系统","1.名称
2.规格
3.安装方式
4.馈线规格",副,按设计图示数量 计算,"1.本体安装
2.天线调测
3.附属设备安装、调试
4.馈线调测",表 E.4.1 有线电视、卫星接收系统,,,03
03,通用安装工程,E,建筑智能化工程,030504,有线电视、卫星接收系统,030504003,前端机柜,"1.名称 2.类别
3.规格
4.安装方式",个,按设计图示数量。 计算,"1.本体安装
2.连接电源 3.接地",表 E.4.1 有线电视、卫星接收系统,,,03
03,通用安装工程,E,建筑智能化工程,030504,有线电视、卫星接收系统,030504004,电视墙,"1.名称 2.类别
3.规格
4.安装方式",套,按设计图示数量。 计算,"1.机架、监(显)视器 安装
2.信号分配系统安装
3.连接电源
4.接地",表 E.4.1 有线电视、卫星接收系统,,,03
03,通用安装工程,E,建筑智能化工程,030504,有线电视、卫星接收系统,030504005,电视插座,"1.名称 2.类别
3.规格
4.安装方式",个,按设计图示数量 计算,"1.本体安装
2.接线",表 E.4.1 有线电视、卫星接收系统,,,03
03,通用安装工程,E,建筑智能化工程,030504,有线电视、卫星接收系统,030504006,同轴电缆,"1.名称 2.类别
3.规格
4.安装方式",m,按设计图示尺寸 以长度计算,"1.敷设
2.卡接
3.绑扎
4.标记
5.测试
6.清理敷设通道",表 E.4.1 有线电视、卫星接收系统,,,03
03,通用安装工程,E,建筑智能化工程,030504,有线电视、卫星接收系统,030504007,"同轴电缆
接续","1.接续方式
2.规格",处,按设计图示数量 计算,"1.接续
2.测试",表 E.4.1 有线电视、卫星接收系统,,,03
03,通用安装工程,E,建筑智能化工程,030504,有线电视、卫星接收系统,030504008,前端射频、 广播设备,"1.名称 2.类别
3.规格
4.安装方式",套,按设计图示数量 计算,"1.本体安装
2.接线",表 E.4.1 有线电视、卫星接收系统,,,03
03,通用安装工程,E,建筑智能化工程,030504,有线电视、卫星接收系统,030504009,"卫星电视
接收设备","1.名称 2.类别
3.规格
4.安装方式",台,按设计图示数量 计算,"1.本体安装
2.接线",表 E.4.1 有线电视、卫星接收系统,,,03
03,通用安装工程,E,建筑智能化工程,030504,有线电视、卫星接收系统,030504010,光端设备,"1.名称 2.类别
3.规格
4.安装方式",台,按设计图示数量 计算,"1.本体安装
2.接地",表 E.4.1 有线电视、卫星接收系统,,,03
03,通用安装工程,E,建筑智能化工程,030504,有线电视、卫星接收系统,030504011,"有线电视系统
管理设备","1.名称 2.类别
3.规格
4.安装方式",台,按设计图示数量 计算,"1.本体安装
2.接线",表 E.4.1 有线电视、卫星接收系统,,,03
03,通用安装工程,E,建筑智能化工程,030504,有线电视、卫星接收系统,030504012,播控台,"1.名称 2.类别
3.规格
4.安装方式",台,按设计图示数量 计算,"1.本体安装 2.接线
3.接地",表 E.4.1 有线电视、卫星接收系统,,,03
03,通用安装工程,E,建筑智能化工程,030504,有线电视、卫星接收系统,030504013,数字电视设备,"1.名称 2.类别
3.规格 4.指标
5.功能
6.安装方式",台,按设计图示数量 计算,"1.本体安装
2.接线
3.接地
4.软件安装、测试
5.功能参数设置",表 E.4.1 有线电视、卫星接收系统,,,03
03,通用安装工程,E,建筑智能化工程,030504,有线电视、卫星接收系统,030504014,干线传输设备,"1.名称 2.类别
3.规格
4.安装方式",个,按设计图示数量 计算,"1.本体安装 2.接线
3.接地",表 E.4.1 有线电视、卫星接收系统,,,03
03,通用安装工程,E,建筑智能化工程,030504,有线电视、卫星接收系统,030504015,线路设备,"1.名称 2.类别
3.规格
4.安装方式",个,按设计图示数量 计算,"1.本体安装 2.接线
3.接地",表 E.4.1 有线电视、卫星接收系统,,,03
03,通用安装工程,E,建筑智能化工程,030504,有线电视、卫星接收系统,030504016,终端设备,"1.名称 2.类别
3.规格
4.安装方式",个,按设计图示数量 计算,本体安装,表 E.4.1 有线电视、卫星接收系统,,,03
03,通用安装工程,E,建筑智能化工程,030504,有线电视、卫星接收系统,030504017,"有线电视、
卫星接收系统
调试、测量及
试运行","1.调试类别
2.调试内容
3.测量类别
4.测量内容
5.试运行类别
6.试运行内容 7.指标",系统,按设计图示系统 计算,"1.系统调试 2.测量
3.试运行",表 E.4.1 有线电视、卫星接收系统,,,03
03,通用安装工程,E,建筑智能化工程,030505,音频、视频系统,030505001,信号源设备,"1.名称 2.类别
3.规格
4.安装方式",台,按设计图示数量 计算,"1.本体安装
2.接线",表 E.5.1 音频、视频系统,,,03
03,通用安装工程,E,建筑智能化工程,030505,音频、视频系统,030505002,调音台,"1.名称 2.类别
3.规格
4.安装方式",台,按设计图示数量 计算,"1.本体安装
2.接线",表 E.5.1 音频、视频系统,,,03
03,通用安装工程,E,建筑智能化工程,030505,音频、视频系统,030505003,周边设备,"1.名称 2.类别
3.规格
4.安装方式",台,按设计图示数量 计算,"1.本体安装
2.设备组装 3.接线",表 E.5.1 音频、视频系统,,,03
03,通用安装工程,E,建筑智能化工程,030505,音频、视频系统,030505004,功率放大器,"1.名称 2.类别
3.规格
4.安装方式",台,按设计图示数量 计算,"1.本体安装
2.设备组装 3.接线",表 E.5.1 音频、视频系统,,,03
03,通用安装工程,E,建筑智能化工程,030505,音频、视频系统,030505005,扬声器,"1.名称 2.类别
3.规格
4.安装方式",台,按设计图示数量 计算,"1.本体安装
2.设备组装 3.接线",表 E.5.1 音频、视频系统,,,03
03,通用安装工程,E,建筑智能化工程,030505,音频、视频系统,030505006,电源,"1.名称 2.类别
3.规格
4.安装方式",台,按设计图示数量 计算,"1.本体安装
2.接线",表 E.5.1 音频、视频系统,,,03
03,通用安装工程,E,建筑智能化工程,030505,音频、视频系统,030505007,会议专用设备,"1.名称 2.类别
3.规格
4.安装方式",台,按设计图示数量 计算,"1.本体安装
2.接线",表 E.5.1 音频、视频系统,,,03
03,通用安装工程,E,建筑智能化工程,030505,音频、视频系统,030505008,扩声、会议 系统级间调试,"1.调试类别
2.调试内容",个,按设计图示数量 计算,系统级间调试,表 E.5.1 音频、视频系统,,,03
03,通用安装工程,E,建筑智能化工程,030505,音频、视频系统,030505009,"扩声、会议
系统调试及
试运行","1.调试类别
2.调试内容
3.试运行类别
4.试运行内容",系统,按设计图示系统 计算,"1.系统调试
2.试运行",表 E.5.1 音频、视频系统,,,03
03,通用安装工程,E,建筑智能化工程,030505,音频、视频系统,030505010,扩声、会议 系统测量,"1.测量类别
2.测量内容 3.指标",系统,按设计图示系统 计算,测量,表 E.5.1 音频、视频系统,,,03
03,通用安装工程,E,建筑智能化工程,030505,音频、视频系统,030505011,"公共广播、 背景音乐
系统设备","1.名称 2.类别
3.规格
4.安装方式",台,按设计图示数量 计算,"1.本体安装
2.接线",表 E.5.1 音频、视频系统,,,03
03,通用安装工程,E,建筑智能化工程,030505,音频、视频系统,030505012,公共广播、 背景音乐系统 调试及试运行,"1.调试类别
2.调试内容
3.试运行类别
4.试运行内容",系统,按设计图示系统 计算,"1.系统调试
2.试运行",表 E.5.1 音频、视频系统,,,03
03,通用安装工程,E,建筑智能化工程,030505,音频、视频系统,030505013,"公共广播、 背景音乐
系统测量","1.测量类别
2.测量内容 3.指标",系统,按设计图示系统 计算,测量,表 E.5.1 音频、视频系统,,,03
03,通用安装工程,E,建筑智能化工程,030505,音频、视频系统,030505014,信号采集设备,"1.名称 2.类别
3.规格
4.安装方式",套,按设计图示数量 计算,"1.本体安装
2.接线",表 E.5.1 音频、视频系统,,,03
03,通用安装工程,E,建筑智能化工程,030505,音频、视频系统,030505015,信号处理设备,"1.名称 2.类别
3.规格
4.安装方式",台,按设计图示数量 计算,"1.本体安装 2.接线
3.接地",表 E.5.1 音频、视频系统,,,03
03,通用安装工程,E,建筑智能化工程,030505,音频、视频系统,030505016,显示设备,"1.名称 2.类别
3.规格
4.安装方式",台,按设计图示数量 计算,"1.本体安装
2.接线",表 E.5.1 音频、视频系统,,,03
03,通用安装工程,E,建筑智能化工程,030505,音频、视频系统,030505017,显示设备,"1.名称 2.类别
3.规格
4.安装方式",m²,按设计图示尺寸 以面积计算,"1.本体安装
2.接线",表 E.5.1 音频、视频系统,,,03
03,通用安装工程,E,建筑智能化工程,030505,音频、视频系统,030505018,录编设备,"1.名称 2.类别
3.规格
4.安装方式",台,按设计图示数量 计算,本体安装,表 E.5.1 音频、视频系统,,,03
03,通用安装工程,E,建筑智能化工程,030505,音频、视频系统,030505019,"视频系统
调试及试运行","1.调试类别
2.调试内容
3.试运行类别
4.试运行内容",系统,按设计图示系统 计算,"1.系统调试
2.试运行",表 E.5.1 音频、视频系统,,,03
03,通用安装工程,E,建筑智能化工程,030505,音频、视频系统,030505020,视频系统测量,"1.测量类别
2.测量内容 3.指标",系统,按设计图示系统 计算,测量,表 E.5.1 音频、视频系统,,,03
03,通用安装工程,E,建筑智能化工程,030506,安全防范系统,030506001,入侵探测器,"1.名称 2.类别
3.规格
4.安装方式",套,按设计图示数量 计算,"1.本体安装
2.接线",表 E.6.1 安全防范系统,,,03
03,通用安装工程,E,建筑智能化工程,030506,安全防范系统,030506002,入侵探测器,"1.名称 2.类别
3.规格
4.安装方式",m,按设计图示尺寸 以长度计算,"1.本体安装
2.接线",表 E.6.1 安全防范系统,,,03
03,通用安装工程,E,建筑智能化工程,030506,安全防范系统,030506003,入侵报警 控制器,"1.名称 2.类别
3.规格
4.安装方式",套,按设计图示数量 计算,"1.本体安装
2.接线",表 E.6.1 安全防范系统,,,03
03,通用安装工程,E,建筑智能化工程,030506,安全防范系统,030506004,入侵报警中心 显示设备,"1.名称 2.类别
3.规格
4.安装方式",套,按设计图示数量 计算,"1.本体安装
2.设备组装 3.接线",表 E.6.1 安全防范系统,,,03
03,通用安装工程,E,建筑智能化工程,030506,安全防范系统,030506005,"入侵报警信号
传输设备","1.名称 2.类别
3.规格
4.安装方式",套,按设计图示数量 计算,"1.本体安装
2.接线",表 E.6.1 安全防范系统,,,03
03,通用安装工程,E,建筑智能化工程,030506,安全防范系统,030506006,出入口目标 识别设备,"1.名称 2.类别
3.规格
4.安装方式",台,按设计图示数量 计算,"1.本体安装
2.设备组装 3.接线",表 E.6.1 安全防范系统,,,03
03,通用安装工程,E,建筑智能化工程,030506,安全防范系统,030506007,"出入口控制
设备","1.名称 2.类别
3.规格
4.安装方式",台,按设计图示数量 计算,"1.本体安装
2.设备组装 3.接线",表 E.6.1 安全防范系统,,,03
03,通用安装工程,E,建筑智能化工程,030506,安全防范系统,030506008,出入口执行 机构设备,"1.名称 2.类别
3.规格
4.安装方式",台,按设计图示数量 计算,"1.本体安装
2.设备组装 3.接线",表 E.6.1 安全防范系统,,,03
03,通用安装工程,E,建筑智能化工程,030506,安全防范系统,030506009,巡更设备,"1.名称 2.类别
3.规格
4.安装方式",套,按设计图示数量 计算,本体安装,表 E.6.1 安全防范系统,,,03
03,通用安装工程,E,建筑智能化工程,030506,安全防范系统,030506010,监控摄像设备,"1.名称 2.类别
3.规格
4.安装方式",台,按设计图示数量 计算,"1.本体安装
2.设备组装 3.接线",表 E.6.1 安全防范系统,,,03
03,通用安装工程,E,建筑智能化工程,030506,安全防范系统,030506011,视频控制设备,"1.名称 2.类别
3.规格
4.安装方式",台,按设计图示数量 计算,"1.本体安装
2.接线",表 E.6.1 安全防范系统,,,03
03,通用安装工程,E,建筑智能化工程,030506,安全防范系统,030506012,音频、视频及 脉冲分配器,"1.名称 2.类别
3.规格
4.安装方式",台,按设计图示数量 计算,"1.本体安装
2.接线",表 E.6.1 安全防范系统,,,03
03,通用安装工程,E,建筑智能化工程,030506,安全防范系统,030506013,视频补偿器,"1.名称 2.类别
3.规格
4.安装方式",台,按设计图示数量 计算,"1.本体安装
2.接线",表 E.6.1 安全防范系统,,,03
03,通用安装工程,E,建筑智能化工程,030506,安全防范系统,030506014,视频传输设备,"1.名称 2.类别
3.规格
4.安装方式",台,按设计图示数量 计算,"1.本体安装
2.接线",表 E.6.1 安全防范系统,,,03
03,通用安装工程,E,建筑智能化工程,030506,安全防范系统,030506015,录像设备,"1.名称 2.类别
3.规格
4.安装方式",台,按设计图示数量 计算,"1.本体安装
2.接线",表 E.6.1 安全防范系统,,,03
03,通用安装工程,E,建筑智能化工程,030506,安全防范系统,030506016,监视设备,"1.名称 2.类别
3.规格
4.安装方式",台,按设计图示数量 计算,"1.本体安装
2.接线",表 E.6.1 安全防范系统,,,03
03,通用安装工程,E,建筑智能化工程,030506,安全防范系统,030506017,监视设备,"1.名称 2.类别
3.规格
4.安装方式",m²,按设计图示尺寸 以面积计算,"1.本体安装
2.接线",表 E.6.1 安全防范系统,,,03
03,通用安装工程,E,建筑智能化工程,030506,安全防范系统,030506018,安全检查设备,"1.名称 2.类别
3.规格 4.指标
5.功能
6.安装方式",台,按设计图示数量 计算,"1.本体安装 2.接线
3.电气测试 4.指标测试",表 E.6.1 安全防范系统,,,03
03,通用安装工程,E,建筑智能化工程,030506,安全防范系统,030506019,"停车场管理
设备","1.名称 2.类别
3.规格 4.指标
5.功能
6.安装方式",台,按设计图示数量 计算,"1.本体安装 2.接线
3.电气测试 4.指标测试",表 E.6.1 安全防范系统,,,03
03,通用安装工程,E,建筑智能化工程,030506,安全防范系统,030506020,安全防范分 系统调试,"1.调试类别
2.调试内容 3.指标",系统,按设计图示系统 计算,"1.分系统调试
2.功能参数设置",表 E.6.1 安全防范系统,,,03
03,通用安装工程,E,建筑智能化工程,030506,安全防范系统,030506021,安全防范系统 调试及试运行,"1.调试类别
2.调试内容
3.试运行类别
4.试运行内容
5.测量类别
6.测量内容 7.指标",系统,按设计图示系统 计算,"1.系统联调
2.试运行
3.测量",表 E.6.1 安全防范系统,,,03
03,通用安装工程,E,建筑智能化工程,030506,安全防范系统,030506022,"射频识别
系统设备","1.名称
2.规格
3.类别
4.系统数据容量",个,按设计图示数量 计算,"1.本体安装
2.接线
3.标签信息编辑",表 E.6.1 安全防范系统,,,03
03,通用安装工程,E,建筑智能化工程,030507,智能家居系统,030507001,"智能照明
系统设备","1.名称 2.类别
3.规格
4.安装方式",套,按设计图示数量 计算,"1.本体安装 2.接线
3.接地",表 E.7.1 智能家居系统,,,03
03,通用安装工程,E,建筑智能化工程,030507,智能家居系统,030507002,"智能家居
系统设备","1.名称 2.类别
3.规格
4.安装方式",套,按设计图示数量 计算,"1.本体安装 2.接线
3.接地",表 E.7.1 智能家居系统,,,03
03,通用安装工程,E,建筑智能化工程,030507,智能家居系统,030507003,"智能情景
系统设备","1.名称 2.类别
3.规格
4.安装方式",套,按设计图示数量 计算,"1.本体安装 2.接线
3.接地",表 E.7.1 智能家居系统,,,03
03,通用安装工程,E,建筑智能化工程,030507,智能家居系统,030507004,"智能语音
系统设备","1.名称 2.类别
3.规格
4.安装方式",套,按设计图示数量 计算,"1.本体安装 2.接线
3.接地",表 E.7.1 智能家居系统,,,03
03,通用安装工程,E,建筑智能化工程,030507,智能家居系统,030507005,"智能暖通
系统设备","1.名称 2.类别
3.规格
4.安装方式",套,按设计图示数量 计算,"1.本体安装 2.接线
3.接地",表 E.7.1 智能家居系统,,,03
03,通用安装工程,E,建筑智能化工程,030507,智能家居系统,030507006,"智能家电
系统设备","1.名称 2.类别
3.规格
4.安装方式",套,按设计图示数量 计算,"1.本体安装 2.接线
3.接地",表 E.7.1 智能家居系统,,,03
03,通用安装工程,E,建筑智能化工程,030507,智能家居系统,030507007,智能家居分 系统调试,"1.调试类别
2.调试内容",系统,按设计图示系统 计算,分系统调试,表 E.7.1 智能家居系统,,,03
03,通用安装工程,E,建筑智能化工程,030507,智能家居系统,030507008,"智能家居系统
调试、测量及
试运行","1.调试类别
2.调试内容
3.测量类别
4.测量内容
5.试运行类别
6.试运行内容 7.指标",系统,按设计图示系统 计算,"1.系统调试 2.测量
3.试运行",表 E.7.1 智能家居系统,,,03
03,通用安装工程,F,自动化控制仪表安装工程,030601,过程检测仪表,030601001,温度仪表,"1.名称
2.型号
3.规格
4.类型
5.套管材质、规格
6.挠性管材质、规格",支,按设计图示数量 计算,"1.本体安装
2.套管安装
3.挠性管安装
4 .取源部件配合 安装
5.仪表校验
6.配合单体试运转",表 F.1.1 过程检测仪表,,,03
03,通用安装工程,F,自动化控制仪表安装工程,030601,过程检测仪表,030601002,压力仪表,"1.名称
2.型号
3.规格
4.类型
5.压力表弯材质、 规格
6.挠性管材质、规格",台,按设计图示数量 计算,"1.本体安装
2.压力表弯制作、 安装
3.挠性管安装
4 .取源部件配合 安装
5.脱脂
6.仪表校验
7.配合单体试运转",表 F.1.1 过程检测仪表,,,03
03,通用安装工程,F,自动化控制仪表安装工程,030601,过程检测仪表,030601003,变送单元仪表,"1.名称
2.型号
3.规格
4.功能
5.节流装置类型、 规格
6.辅助容器类型、 规格
7.挠性管材质、 规格
8.保护(温)箱形 式、材质",台,按设计图示数量 计算,"1.本体安装
2 .节流装置配合 安装
3.辅助容器制作、 安装
4.挠性管安装
5.保护(温)箱安装 (包括开孔)
6 .取源部件配合 安装
7.脱脂
8.仪表校验
9.配合单体试运转",表 F.1.1 过程检测仪表,,,03
03,通用安装工程,F,自动化控制仪表安装工程,030601,过程检测仪表,030601004,流量仪表,"1.名称
2.型号
3.规格
4.节流装置类型、 规格
5.辅助容器类型、 规格
6.挠性管材质、 规格
7.防雨罩、保护
(温)箱形式、材质",台,按设计图示数量 计算,"1.本体安装
2 . 节 流 装 置 配 合 安装
3.辅助容器制作、 安装
4.挠性管安装
5 . 取源部件配合 安装
6.脱脂
7.保护(温)箱安装 (包括开孔)
8.防雨罩制作、安装
9.仪表校验
10.配合单体试运转",表 F.1.1 过程检测仪表,,,03
03,通用安装工程,F,自动化控制仪表安装工程,030601,过程检测仪表,030601005,物位检测仪表,"1.名称
2.型号
3.规格
4.辅助容器类型、 规格
5.挠性管材质、 规格",台,按设计图示数量 计算,"1.本体安装
2.辅助容器制作、安装
3.挠性管安装
4.吹气装置安装
5.取源部件配合安装 6.脱脂
7.仪表校验
8.配合单体试运转",表 F.1.1 过程检测仪表,,,03
03,通用安装工程,F,自动化控制仪表安装工程,030602,显示及调节控制仪表,030602001,显示仪表,"1.名称
2.型号
3.规格
4.功能
5.配线材质、规格
6.挠性管材质、规格",台,按设计图示数量 计算,"1.本体安装
2.盘柜配线
3.挠性管安装
4.表盘开孔
5.配合单体试运转",表 F.2.1 显示及调节控制仪表,,,03
03,通用安装工程,F,自动化控制仪表安装工程,030602,显示及调节控制仪表,030602002,调节仪表,"1.名称
2.型号
3.规格
4.功能
5.配线材质、规格",台,按设计图示数量 计算,"1.本体安装
2.盘柜配线
3.表盘开孔
4.配合单体试运转",表 F.2.1 显示及调节控制仪表,,,03
03,通用安装工程,F,自动化控制仪表安装工程,030602,显示及调节控制仪表,030602003,转换仪表,"1.名称 2.型号 3.规格
4.功能",台,按设计图示数量 计算,"1.本体安装
2.校接线",表 F.2.1 显示及调节控制仪表,,,03
03,通用安装工程,F,自动化控制仪表安装工程,030602,显示及调节控制仪表,030602004,可编程仪表,"1.名称 2.型号 3.规格
4.功能",台,按设计图示数量 计算,"1.本体安装
2.附件安装
3.硬件检查
4.组态校对 5.排错
6.回路试验",表 F.2.1 显示及调节控制仪表,,,03
03,通用安装工程,F,自动化控制仪表安装工程,030602,显示及调节控制仪表,030602005,"基地式调节
仪表","1.名称
2.型号
3.规格
4.功能
5.安装位置
6.挠性管材质、规格
7.保护(温)箱形 式、材质",台,按设计图示数量 计算,"1.本体安装
2.挠性管安装
3.保护(温)箱安装 (包括开孔)
4.配合单体试运转",表 F.2.1 显示及调节控制仪表,,,03
03,通用安装工程,F,自动化控制仪表安装工程,030602,显示及调节控制仪表,030602006,"辅助单元
仪表","1.名称
2.型号
3.规格
4.功能
5.配线材质、规格",台,按设计图示数量 计算,"1.本体安装
2.盘柜配线
3.表盘开孔",表 F.2.1 显示及调节控制仪表,,,03
03,通用安装工程,F,自动化控制仪表安装工程,030602,显示及调节控制仪表,030602007,盘装仪表,"1.名称
2.型号
3.规格
4.功能
5.配线材质、规格",台,按设计图示数量 计算,"1.本体安装
2.盘柜配线
3.表盘开孔",表 F.2.1 显示及调节控制仪表,,,03
03,通用安装工程,F,自动化控制仪表安装工程,030603,执行仪表,030603001,执行机构,"1.名称
2.型号
3.功能
4.规格
5.挠性管材质、规格",台,按设计图示数量 计算,"1.本体安装
2.挠性管安装
3.附件安装
4.配合单体试运转",表 F.3.1 执行仪表,,,03
03,通用安装工程,F,自动化控制仪表安装工程,030603,执行仪表,030603002,调节阀,"1.名称
2.型号
3.功能
4.规格
5.挠性管材质、规格",台,按设计图示数量 计算,"1.配合安装
2.阀门检查接线
3.挠性管安装
4.附件安装
5.配合单体试运转",表 F.3.1 执行仪表,,,03
03,通用安装工程,F,自动化控制仪表安装工程,030603,执行仪表,030603003,自力式调节阀,"1.名称 2.型号 3.功能
4.规格",台,按设计图示数量 计算,"1.本体安装
2.取源部件配合安装",表 F.3.1 执行仪表,,,03
03,通用安装工程,F,自动化控制仪表安装工程,030604,集中检测、监控装置,030604001,测厚测宽及 金属检测装置,"1.名称
2.型号
3.功能
4.规格
5.挠性管材质、规格",套,按设计图示数量 计算,"1.本体安装
2.挠性管安装
3.整机系统试验 4.接地",表 F.4.1 集中检测、监控装置,,,03
03,通用安装工程,F,自动化控制仪表安装工程,030604,集中检测、监控装置,030604002,"旋转机械
检测仪表","1.名称
2.型号
3.功能
4.规格
5.挠性管材质、规格",套,按设计图示数量 计算,"1.本体安装
2.挠性管安装
3.配合单体试运转",表 F.4.1 集中检测、监控装置,,,03
03,通用安装工程,F,自动化控制仪表安装工程,030604,集中检测、监控装置,030604003,称重及皮带跑 偏检测装置,"1.名称
2.型号
3.功能
4.规格
5.挠性管材质、规格",台,按设计图示数量 计算,"1.本体安装
2.挠性管安装
3.配合安装试验
4.皮带跑偏检测
5.皮带打滑检测
6.电子皮带秤标定
7.整机系统试验
8.接地",表 F.4.1 集中检测、监控装置,,,03
03,通用安装工程,F,自动化控制仪表安装工程,030604,集中检测、监控装置,030604004,安全监测装置,"1.名称
2.型号
3.规格
4.功能
5.挠性管材质、规格",套,按设计图示数量 计算,"1.本体安装
2.挠性管安装
3.整机系统试验",表 F.4.1 集中检测、监控装置,,,03
03,通用安装工程,F,自动化控制仪表安装工程,030604,集中检测、监控装置,030604005,远动装置,"1.名称
2.型号
3.规格
4.功能
5.点数量",套,按设计图示数量 计算,"1.本体安装
2.整机系统试验
3.配合单体试运转",表 F.4.1 集中检测、监控装置,,,03
03,通用安装工程,F,自动化控制仪表安装工程,030604,集中检测、监控装置,030604006,顺序控制装置,"1.名称
2.型号
3.规格
4.功能
5.点数量",套,按设计图示数量 计算,"1.本体安装
2.整机系统试验
3.配合单体试运转",表 F.4.1 集中检测、监控装置,,,03
03,通用安装工程,F,自动化控制仪表安装工程,030604,集中检测、监控装置,030604007,信号报警装置,"1.名称
2.型号
3.规格
4.点数或回路数",套,按设计图示数量 计算,"1.本体安装
2.整机系统试验",表 F.4.1 集中检测、监控装置,,,03
03,通用安装工程,F,自动化控制仪表安装工程,030604,集中检测、监控装置,030604008,"信号报警
装置柜箱","1.名称 2.型号 3.规格
4.功能",台,按设计图示数量 计算,"1.本体安装
2.柜箱组件、元件 安装
3.接地
4.接线",表 F.4.1 集中检测、监控装置,,,03
03,通用安装工程,F,自动化控制仪表安装工程,030604,集中检测、监控装置,030604009,"数据采集及 巡回检测
报警装置","1.名称
2.型号
3.规格
4.功能
5.点数量",套,按设计图示数量 计算,"1.本体安装
2.整机系统试验",表 F.4.1 集中检测、监控装置,,,03
03,通用安装工程,F,自动化控制仪表安装工程,030604,集中检测、监控装置,030604010,"气象环保检
测仪表","1.名称
2.型号
3.规格
4.功能
5.保护箱材质
6.挠性管材质、规格",套,按设计图示数量 计算,"1.本体安装
2.挠性管安装
3.保护箱安装
4.整机系统试验",表 F.4.1 集中检测、监控装置,,,03
03,通用安装工程,F,自动化控制仪表安装工程,030605,过程分析和物性检测仪表,030605001,过程分析仪表,"1.名称
2.型号
3.功能
4.规格
5.辅助容器类型
6.水封材质
7.排污漏斗材质
8.挠性管材质、规格
9.预处理装置",套,按设计图示数量 计算,"1.本体安装
2.辅助容器制作、安装
3.水封制作、安装
4.排污漏斗制作、安装
5.挠性管安装
6.取源部件配合安装
7.整机系统调试
8.脱脂(包括拆装)
9.预处理装置安装
10.仪表校准",表 F.5.1 过程分析和物性检测仪表,,,03
03,通用安装工程,F,自动化控制仪表安装工程,030605,过程分析和物性检测仪表,030605002,物性检测仪表,"1.名称
2.型号
3.规格
4.功能
5.安装位置
6.挠性管材质、规格
7.预处理装置",套,按设计图示数量 计算,"1.本体安装
2.挠性管安装
3.取源部件配合安装
4.预处理装置安装",表 F.5.1 过程分析和物性检测仪表,,,03
03,通用安装工程,F,自动化控制仪表安装工程,030605,过程分析和物性检测仪表,030605003,"特殊预处理
装置","1.名称
2.型号
3.规格
4.测量点数量",套,按设计图示数量 计算,"1.本体安装
2.调整",表 F.5.1 过程分析和物性检测仪表,,,03
03,通用安装工程,F,自动化控制仪表安装工程,030605,过程分析和物性检测仪表,030605004,分析柜、室,"1.名称
2.型号
3.规格
4.取样冷却器材质、 规格",台,按设计图示数量 计算,"1.本体安装
2.取样冷却器安装 3.接地
4.接线",表 F.5.1 过程分析和物性检测仪表,,,03
03,通用安装工程,F,自动化控制仪表安装工程,030606,仪表回路模拟试验,030606001,"检测回路
模拟试验","1.名称
2.型号
3.规格
4.点数量",套,按设计图示数量 计算,调试,表 F.6.1 仪表回路模拟试验,,,03
03,通用安装工程,F,自动化控制仪表安装工程,030606,仪表回路模拟试验,030606002,"调节回路
模拟试验","1.名称
2.型号
3.规格
4.回路复杂程度 5.点数量",套,按设计图示数量 计算,调试,表 F.6.1 仪表回路模拟试验,,,03
03,通用安装工程,F,自动化控制仪表安装工程,030606,仪表回路模拟试验,030606003,"报警联锁回路
模拟试验","1.名称
2.型号
3.规格
4.点数量",套,按设计图示数量 计算,调试,表 F.6.1 仪表回路模拟试验,,,03
03,通用安装工程,F,自动化控制仪表安装工程,030606,仪表回路模拟试验,030606004,"工业计算机 系统回路
模拟试验","1.名称 2.型号
3.规格",点,按设计图示数量 计算,调试,表 F.6.1 仪表回路模拟试验,,,03
03,通用安装工程,F,自动化控制仪表安装工程,030607,工厂对讲系统,030607001,"扩音对讲
话站","1.名称 2.型号
3.规格",台,按设计图示数量 计算,"1.本体安装
2.挠性管安装
3.线路检查
4.呼叫",表 F.7.1 工厂对讲系统,,,03
03,通用安装工程,F,自动化控制仪表安装工程,030607,工厂对讲系统,030607002,"扩音对讲
话机","1.名称 2.型号
3.规格",台,按设计图示数量 计算,"1.本体安装
2.挠性管安装
3.线路检查
4.呼叫",表 F.7.1 工厂对讲系统,,,03
03,通用安装工程,F,自动化控制仪表安装工程,030607,工厂对讲系统,030607003,扩音设备,"1.名称 2.型号
3.规格",台,按设计图示数量 计算,"1.本体安装
2.线路检查",表 F.7.1 工厂对讲系统,,,03
03,通用安装工程,F,自动化控制仪表安装工程,030607,工厂对讲系统,030607004,"自动指令
呼叫系统","1.名称
2.型号",套,按设计图示数量 计算,"1.本体安装
2.系统调试",表 F.7.1 工厂对讲系统,,,03
03,通用安装工程,F,自动化控制仪表安装工程,030607,工厂对讲系统,030607005,载波电话,"1.名称
2.型号",套,按设计图示数量 计算,"1.本体安装
2.系统调试",表 F.7.1 工厂对讲系统,,,03
03,通用安装工程,F,自动化控制仪表安装工程,030607,工厂对讲系统,030607006,"扩音对讲
系统调试","1.名称 2.型号
3.类型",套,按设计图示数量 计算,系统调试,表 F.7.1 工厂对讲系统,,,03
03,通用安装工程,F,自动化控制仪表安装工程,030608,工业计算机安装与调试,030608001,"工业计算机
柜、台
设备","1.名称 2.型号 3.规格
4.功能",台,按设计图示数量 计算,本体安装,表 F.8.1 工业计算机安装与调试,,,03
03,通用安装工程,F,自动化控制仪表安装工程,030608,工业计算机安装与调试,030608002,工业计算机 外部设备,"1.名称 2.型号
3.规格",台,按设计图示数量 计算,"1.本体安装 2.接线
3.接地",表 F.8.1 工业计算机安装与调试,,,03
03,通用安装工程,F,自动化控制仪表安装工程,030608,工业计算机安装与调试,030608003,工业计算机 系统硬件,"1.名称
2.型号",套,按设计图示数量 计算,"1.本体安装
2.硬件检查测试",表 F.8.1 工业计算机安装与调试,,,03
03,通用安装工程,F,自动化控制仪表安装工程,030608,工业计算机安装与调试,030608004,组件(卡件),"1.名称
2.型号",个,按设计图示数量 计算,本体安装,表 F.8.1 工业计算机安装与调试,,,03
03,通用安装工程,F,自动化控制仪表安装工程,030608,工业计算机安装与调试,030608005,过程控制 管理计算机,"1.名称 2.型号 3.规格
4.规模",套,按设计图示数量 计算,本体安装,表 F.8.1 工业计算机安装与调试,,,03
03,通用安装工程,F,自动化控制仪表安装工程,030608,工业计算机安装与调试,030608006,"生产、经营
管理计算机","1.名称 2.型号 3.规格
4.规模",套,按设计图示数量 计算,本体安装,表 F.8.1 工业计算机安装与调试,,,03
03,通用安装工程,F,自动化控制仪表安装工程,030608,工业计算机安装与调试,030608007,现场总线,"1.名称 2.型号 3.规格
4.功能",套,按设计图示数量 计算,"1.安装
2.硬件检查
3.组态校对 4.排错
5.回路试验",表 F.8.1 工业计算机安装与调试,,,03
03,通用安装工程,F,自动化控制仪表安装工程,030608,工业计算机安装与调试,030608008,专用线缆,"1.名称
2.型号
3.规格
4.芯数
5.敷设方式
6.辅助元件型号、 规格
7.测试段数",m,按设计图示数量 计算,"1.线缆敷设
2.线缆辅助元件安 装及测试",表 F.8.1 工业计算机安装与调试,,,03
03,通用安装工程,F,自动化控制仪表安装工程,030608,工业计算机安装与调试,030608009,线缆头,"1.名称 2.型号 3.规格
4.芯数",个,按设计图示数量 计算,线缆头制作、安装,表 F.8.1 工业计算机安装与调试,,,03
03,通用安装工程,F,自动化控制仪表安装工程,030608,工业计算机安装与调试,030608010,"在线回路
试验","1.名称
2.型号
3.数据类型",套,按设计图示数量 计算,"1.检查
2.试验",表 F.8.1 工业计算机安装与调试,,,03
03,通用安装工程,F,自动化控制仪表安装工程,030608,工业计算机安装与调试,030608011,网络系统及 设备联调,"1.名称 2.型号 3.规格
4.参数",套,按设计图示数量 计算,"1.功能测试
2.回路调试",表 F.8.1 工业计算机安装与调试,,,03
03,通用安装工程,F,自动化控制仪表安装工程,030608,工业计算机安装与调试,030608012,"SCADA
系统调试","1.名称 2.型号
3.点数",套,按设计图示数量 计算,"1.硬件检查
2.功能测试
3.回路调试",表 F.8.1 工业计算机安装与调试,,,03
03,通用安装工程,F,自动化控制仪表安装工程,030608,工业计算机安装与调试,030608013,DCS系统 调试,"1.名称
2.型号
3.点数(回路)",套,按设计图示数量 计算,"1.硬件检查
2.功能测试
3.回路调试",表 F.8.1 工业计算机安装与调试,,,03
03,通用安装工程,F,自动化控制仪表安装工程,030608,工业计算机安装与调试,030608014,PLC系统 调试,"1.名称 2.型号
3.点数",套,按设计图示数量 计算,"1.硬件检查
2.功能测试
3.回路调试",表 F.8.1 工业计算机安装与调试,,,03
03,通用安装工程,F,自动化控制仪表安装工程,030608,工业计算机安装与调试,030608015,ESD/SIS 系统调试,"1.名称
2.型号
3.点数(回路)",套,按设计图示数量 计算,"1.硬件检查
2.功能测试
3.回路调试",表 F.8.1 工业计算机安装与调试,,,03
03,通用安装工程,F,自动化控制仪表安装工程,030608,工业计算机安装与调试,030608016,"R T U 系 统
调试","1.名称 2.型号
3.点数",套,按设计图示数量 计算,"1.硬件检查
2.功能测试
3.回路调试",表 F.8.1 工业计算机安装与调试,,,03
03,通用安装工程,F,自动化控制仪表安装工程,030608,工业计算机安装与调试,030608017,与其他系统 数据传递调试,"1.型号 2.规格
3.功能",个,按设计图示数量 计算,"1.硬件检查
2.功能测试
3.回路调试",表 F.8.1 工业计算机安装与调试,,,03
03,通用安装工程,F,自动化控制仪表安装工程,030609,仪表管路敷设,030609001,钢管,"1.名称
2.规格
3.连接方式 4.材质
5.伴热要求
6.压力等级",m,按设计图示长度 计算,"1.管路敷设
2.管道脱脂
3.通气、气密性试验",表 F.9.1 仪表管路敷设,,,03
03,通用安装工程,F,自动化控制仪表安装工程,030609,仪表管路敷设,030609002,不锈钢管,"1.名称
2.规格
3.连接方式
4.伴热要求",m,按设计图示长度 计算,"1.管路敷设
2.管道脱脂
3.焊口酸洗钝化
4.通气、气密性试验",表 F.9.1 仪表管路敷设,,,03
03,通用安装工程,F,自动化控制仪表安装工程,030609,仪表管路敷设,030609003,有色金属管,"1.名称
2.规格
3.连接方式 4.材质
5.伴热要求",m,按设计图示长度 计算,"1.管路敷设
2.管道脱脂
3.通气、气密性试验",表 F.9.1 仪表管路敷设,,,03
03,通用安装工程,F,自动化控制仪表安装工程,030609,仪表管路敷设,030609004,非金属管,"1.名称
2.规格
3.连接方式 4.材质
5.伴热要求",m,按设计图示长度 计算,"1.管路敷设
2.管道脱脂
3.通气、气密性试验",表 F.9.1 仪表管路敷设,,,03
03,通用安装工程,F,自动化控制仪表安装工程,030609,仪表管路敷设,030609005,管缆,"1.名称 2.规格
3.材质",m,按设计图示数量 计算,管路敷设,表 F.9.1 仪表管路敷设,,,03
03,通用安装工程,F,自动化控制仪表安装工程,030609,仪表管路敷设,030609006,电伴热电缆,"1.名称
2.规格",m,按设计图示数量 计算,"1.敷设
2.元件安装
3.温度控制箱、终端 盒安装
4.保护电路测试",表 F.9.1 仪表管路敷设,,,03
03,通用安装工程,F,自动化控制仪表安装工程,030610,仪表盘、箱、柜及附件安装,030610001,盘、箱、柜,"1.名称
2.型号
3.规格
4.接线方式",台,按设计图示数量 计算,"1.本体安装
2.盘柜配线
3.端子板校、接线 4.接地",表 F.10.1 仪表盘、箱、柜及附件安装,,,03
03,通用安装工程,F,自动化控制仪表安装工程,030610,仪表盘、箱、柜及附件安装,030610002,盘柜附件、 元件,"1.名称 2.型号
3.规格",个,按设计图示数量 计算,"1.本体制作、安装
2.校接线
3.试验",表 F.10.1 仪表盘、箱、柜及附件安装,,,03
03,通用安装工程,F,自动化控制仪表安装工程,030611,仪表附件安装,030611001,仪表阀门,"1.名称
2.型号
3.规格
4.材质
5.连接方式",个,按设计图示数量 计算,"1.本体安装 2.研磨
3.脱脂",表 F.11.1 仪表附件安装,,,03
03,通用安装工程,F,自动化控制仪表安装工程,030611,仪表附件安装,030611002,仪表附件,"1.名称 2.型号 3.规格
4.材质",个,按设计图示数量 计算,本体制作、安装,表 F.11.1 仪表附件安装,,,03
03,通用安装工程,G,通风空调工程,030701,通风空调设备及部件制作安装,030701001,"空气加热器
(冷却器)","1.名称
2.型号
3.规格
4.安装形式",台,按设计图示数量 计算,本体安装,表 G.1.1 通风空调设备及部件制作安装,,,03
03,通用安装工程,G,通风空调工程,030701,通风空调设备及部件制作安装,030701002,除尘设备,"1.名称
2.型号
3.规格
4.安装形式",台,按设计图示数量 计算,本体安装,表 G.1.1 通风空调设备及部件制作安装,,,03
03,通用安装工程,G,通风空调工程,030701,通风空调设备及部件制作安装,030701003,空调器,"1.名称
2.型号
3.规格
4.安装形式
5.减振形式",台,按设计图示数量 计算,本体安装或组装,表 G.1.1 通风空调设备及部件制作安装,,,03
03,通用安装工程,G,通风空调工程,030701,通风空调设备及部件制作安装,030701004,风机盘管,"1.名称
2.型号
3.规格
4.安装形式
5.减振形式",台,按设计图示数量 计算,"1.本体安装
2.试压",表 G.1.1 通风空调设备及部件制作安装,,,03
03,通用安装工程,G,通风空调工程,030701,通风空调设备及部件制作安装,030701005,表冷器,"1.名称 2.型号
3.规格",台,按设计图示数量 计算,本体安装,表 G.1.1 通风空调设备及部件制作安装,,,03
03,通用安装工程,G,通风空调工程,030701,通风空调设备及部件制作安装,030701006,密闭门,"1.名称 2.型号
3.规格",个,按设计图示数量 计算,"1.本体制作
2.本体安装",表 G.1.1 通风空调设备及部件制作安装,,,03
03,通用安装工程,G,通风空调工程,030701,通风空调设备及部件制作安装,030701007,挡水板,"1.名称 2.型号
3.规格",个,按设计图示数量 计算,"1.本体制作
2.本体安装",表 G.1.1 通风空调设备及部件制作安装,,,03
03,通用安装工程,G,通风空调工程,030701,通风空调设备及部件制作安装,030701008,滤水器 、 溢水盘,"1.名称 2.型号
3.规格",个,按设计图示数量 计算,"1.本体制作
2.本体安装",表 G.1.1 通风空调设备及部件制作安装,,,03
03,通用安装工程,G,通风空调工程,030701,通风空调设备及部件制作安装,030701009,金属壳体,"1.名称 2.型号
3.规格",个,按设计图示数量 计算,"1.本体制作
2.本体安装",表 G.1.1 通风空调设备及部件制作安装,,,03
03,通用安装工程,G,通风空调工程,030701,通风空调设备及部件制作安装,030701010,过滤器,"1.名称
2.类型
3.型号
4.规格
5.框架形式、材质",台,按设计图示数量 计算,"1.本体安装
2.框架制作、安装",表 G.1.1 通风空调设备及部件制作安装,,,03
03,通用安装工程,G,通风空调工程,030701,通风空调设备及部件制作安装,030701011,净化工作台,"1.名称 2.类型 3.型号
4.规格",台,按设计图示数量 计算,本体安装,表 G.1.1 通风空调设备及部件制作安装,,,03
03,通用安装工程,G,通风空调工程,030701,通风空调设备及部件制作安装,030701012,风淋室,"1.名称 2.类型 3.型号
4.规格",台,按设计图示数量 计算,本体安装,表 G.1.1 通风空调设备及部件制作安装,,,03
03,通用安装工程,G,通风空调工程,030701,通风空调设备及部件制作安装,030701013,洁净室,"1.名称 2.类型 3.型号
4.规格",台,按设计图示数量 计算,本体安装,表 G.1.1 通风空调设备及部件制作安装,,,03
03,通用安装工程,G,通风空调工程,030701,通风空调设备及部件制作安装,030701014,除湿机,"1.名称 2.类型 3.型号
4.规格",台,按设计图示数量 计算,本体安装,表 G.1.1 通风空调设备及部件制作安装,,,03
03,通用安装工程,G,通风空调工程,030701,通风空调设备及部件制作安装,030701015,"人防过滤吸
收器","1.名称 2.材质
3.规格",台,按设计图示数量 计算,本体安装,表 G.1.1 通风空调设备及部件制作安装,,,03
03,通用安装工程,G,通风空调工程,030701,通风空调设备及部件制作安装,030701016,"油烟净化
装置","1.名称 2.型号
3.规格",台,按设计图示数量 计算,本体安装,表 G.1.1 通风空调设备及部件制作安装,,,03
03,通用安装工程,G,通风空调工程,030701,通风空调设备及部件制作安装,030701017,"变风量末端
装置","1.名称 2.型号
3.规格",台,按设计图示数量 计算,本体安装,表 G.1.1 通风空调设备及部件制作安装,,,03
03,通用安装工程,G,通风空调工程,030702,通风管道制作安装,030702001,碳钢通风管道,"1.名称
2.材质
3.形状
4.规格
5.板材厚度
6.接口形式",m²,按设计图示内径 以展开面积计算,风管、管件、法兰、零 件制作、安装,表 G.2.1 通风管道制作安装,,,03
03,通用安装工程,G,通风空调工程,030702,通风管道制作安装,030702002,净化通风管道,"1.名称
2.材质
3.形状
4.规格
5.板材厚度
6.接口形式
7.洁净度",m²,按设计图示内径 以展开面积计算,风管、管件、法兰、零 件制作、安装,表 G.2.1 通风管道制作安装,,,03
03,通用安装工程,G,通风空调工程,030702,通风管道制作安装,030702003,"不锈钢板
通风管道","1.名称
2.形状
3.规格
4.板材厚度
5.接口形式",m²,按设计图示内径 以展开面积计算,风管、管件、法兰、零 件制作、安装,表 G.2.1 通风管道制作安装,,,03
03,通用安装工程,G,通风空调工程,030702,通风管道制作安装,030702004,铝板通风管道,"1.名称
2.形状
3.规格
4.板材厚度
5.接口形式",m²,按设计图示内径 以展开面积计算,风管、管件、法兰、零 件制作、安装,表 G.2.1 通风管道制作安装,,,03
03,通用安装工程,G,通风空调工程,030702,通风管道制作安装,030702005,塑料通风管道,"1.名称
2.形状
3.规格
4.板材厚度
5.接口形式",m²,按设计图示内径 以展开面积计算,风管、管件、法兰、零 件制作、安装,表 G.2.1 通风管道制作安装,,,03
03,通用安装工程,G,通风空调工程,030702,通风管道制作安装,030702006,玻璃钢 通风管道,"1.名称
2.形状
3.规格
4.板材厚度
5.接口形式",m²,按设计图示外径 以展开面积计算,风管、管件安装,表 G.2.1 通风管道制作安装,,,03
03,通用安装工程,G,通风空调工程,030702,通风管道制作安装,030702007,复合型风管,"1.名称
2.材质
3.形状
4.规格
5.板材厚度
6.接口形式",m²,按设计图示外径 以展开面积计算,风管、管件安装,表 G.2.1 通风管道制作安装,,,03
03,通用安装工程,G,通风空调工程,030702,通风管道制作安装,030702008,柔性软风管,"1.名称
2.材质
3.规格
4.风管接头形式、 材质",m,按设计图示中心 线以长度计算,"1.风管安装
2.风管接头安装",表 G.2.1 通风管道制作安装,,,03
03,通用安装工程,G,通风空调工程,030702,通风管道制作安装,030702009,弯头导流叶片,"1.名称 2.材质
3.规格",m²,按设计图示以展 开面积计算,"1.制作
2.组装",表 G.2.1 通风管道制作安装,,,03
03,通用安装工程,G,通风空调工程,030702,通风管道制作安装,030702010,风管检查孔,"1.名称 2.材质
3.规格",个,按设计图示数量 计算,"1.制作
2.安装",表 G.2.1 通风管道制作安装,,,03
03,通用安装工程,G,通风空调工程,030702,通风管道制作安装,030702011,"温度、风量
测定孔","1.名称 2.材质
3.规格",个,按设计图示数量 计算,"1.制作
2.安装",表 G.2.1 通风管道制作安装,,,03
03,通用安装工程,G,通风空调工程,030703,通风管道部件制作安装,030703001,碳钢阀门,"1.名称 2.类型 3.型号
4.规格",个,按设计图示数量 计算,阀体安装,表 G.3.1 通风管道部件制作安装,,,03
03,通用安装工程,G,通风空调工程,030703,通风管道部件制作安装,030703002,"柔性软风管
阀门","1.名称 2.类型 3.型号
4.规格",个,按设计图示数量 计算,阀体安装,表 G.3.1 通风管道部件制作安装,,,03
03,通用安装工程,G,通风空调工程,030703,通风管道部件制作安装,030703003,铝质阀门,"1.名称 2.类型 3.型号
4.规格",个,按设计图示数量 计算,阀体安装,表 G.3.1 通风管道部件制作安装,,,03
03,通用安装工程,G,通风空调工程,030703,通风管道部件制作安装,030703004,不锈钢阀门,"1.名称 2.类型 3.型号
4.规格",个,按设计图示数量 计算,阀体安装,表 G.3.1 通风管道部件制作安装,,,03
03,通用安装工程,G,通风空调工程,030703,通风管道部件制作安装,030703005,塑料阀门,"1.名称 2.类型 3.型号
4.规格",个,按设计图示数量 计算,阀体安装,表 G.3.1 通风管道部件制作安装,,,03
03,通用安装工程,G,通风空调工程,030703,通风管道部件制作安装,030703006,玻璃钢阀门,"1.名称 2.类型 3.型号
4.规格",个,按设计图示数量 计算,阀体安装,表 G.3.1 通风管道部件制作安装,,,03
03,通用安装工程,G,通风空调工程,030703,通风管道部件制作安装,030703007,"碳钢风口、 散流器、
百叶窗","1.名称 2.类型 3.型号
4.规格",个,按设计图示数量 计算,"1.风口安装
2.散流器安装
3.百叶窗安装",表 G.3.1 通风管道部件制作安装,,,03
03,通用安装工程,G,通风空调工程,030703,通风管道部件制作安装,030703008,"不锈钢风口、
散流器、
百叶窗","1.名称 2.类型 3.型号
4.规格",个,按设计图示数量 计算,"1.风口安装
2.散流器安装
3.百叶窗安装",表 G.3.1 通风管道部件制作安装,,,03
03,通用安装工程,G,通风空调工程,030703,通风管道部件制作安装,030703009,"塑料风目、
散流器、
百叶窗","1.名称 2.类型 3.型号
4.规格",个,按设计图示数量 计算,"1.风口安装
2.散流器安装
3.百叶窗安装",表 G.3.1 通风管道部件制作安装,,,03
03,通用安装工程,G,通风空调工程,030703,通风管道部件制作安装,030703010,玻璃钢风口,"1.名称 2.类型 3.型号
4.规格",个,按设计图示数量 计算,风口安装,表 G.3.1 通风管道部件制作安装,,,03
03,通用安装工程,G,通风空调工程,030703,通风管道部件制作安装,030703011,"铝及铝合
金风口 、 散流器","1.名称 2.类型 3.型号
4.规格",个,按设计图示数量 计算,"1.风口安装
2.散流器安装",表 G.3.1 通风管道部件制作安装,,,03
03,通用安装工程,G,通风空调工程,030703,通风管道部件制作安装,030703012,碳钢风帽,"1.名称 2.类型
3.规格",个,按设计图示数量 计算,"1.风帽制作、安装
2.筒形风帽滴水盘制 作、安装
3.风帽筝绳制作、安装
4.风帽泛水制作、安装",表 G.3.1 通风管道部件制作安装,,,03
03,通用安装工程,G,通风空调工程,030703,通风管道部件制作安装,030703013,不锈钢风帽,"1.名称 2.类型
3.规格",个,按设计图示数量 计算,"1.风帽制作、安装
2.筒形风帽滴水盘制 作、安装
3.风帽筝绳制作、安装
4.风帽泛水制作、安装",表 G.3.1 通风管道部件制作安装,,,03
03,通用安装工程,G,通风空调工程,030703,通风管道部件制作安装,030703014,塑料风帽,"1.名称 2.类型
3.规格",个,按设计图示数量 计算,"1.风帽制作、安装
2.筒形风帽滴水盘制 作、安装
3.风帽筝绳制作、安装
4.风帽泛水制作、安装",表 G.3.1 通风管道部件制作安装,,,03
03,通用安装工程,G,通风空调工程,030703,通风管道部件制作安装,030703015,铝板伞形风帽,"1.名称 2.类型
3.规格",个,按设计图示数量 计算,"1.板伞形风帽制作、 安装
2.风帽筝绳制作、安装
3.风帽泛水制作、安装",表 G.3.1 通风管道部件制作安装,,,03
03,通用安装工程,G,通风空调工程,030703,通风管道部件制作安装,030703016,玻璃钢风帽,"1.名称 2.类型
3.规格",个,按设计图示数量 计算,"1.玻璃钢风帽安装
2.筒形风帽滴水盘安装
3.风帽筝绳安装
4.风帽泛水安装",表 G.3.1 通风管道部件制作安装,,,03
03,通用安装工程,G,通风空调工程,030703,通风管道部件制作安装,030703017,碳钢罩类,"1.名称 2.类型 3.型号
4.规格",个,按设计图示数量 计算,"1.罩类制作
2.罩类安装",表 G.3.1 通风管道部件制作安装,,,03
03,通用安装工程,G,通风空调工程,030703,通风管道部件制作安装,030703018,塑料罩类,"1.名称 2.类型 3.型号
4.规格",个,按设计图示数量 计算,"1.罩类制作
2.罩类安装",表 G.3.1 通风管道部件制作安装,,,03
03,通用安装工程,G,通风空调工程,030703,通风管道部件制作安装,030703019,柔性接口,"1.名称 2.类型 3.材质
4.规格",m²,按设计图示尺寸 以展开面积计算,"1.柔性接口制作
2.柔性接口安装",表 G.3.1 通风管道部件制作安装,,,03
03,通用安装工程,G,通风空调工程,030703,通风管道部件制作安装,030703020,消声器,"1.名称 2.材质
3.规格",个,按设计图示数量 · 计算,消声器安装,表 G.3.1 通风管道部件制作安装,,,03
03,通用安装工程,G,通风空调工程,030703,通风管道部件制作安装,030703021,静压箱,"1.名称 2.材质
3.规格",m²,按设计图示尺寸 以展开面积计算,静压箱制作、安装,表 G.3.1 通风管道部件制作安装,,,03
03,通用安装工程,G,通风空调工程,030703,通风管道部件制作安装,030703022,人防超压自动 排气阀,"1.名称 2.类型 3.型号
4.规格",个,按设计图示数量 计算,排气阀安装,表 G.3.1 通风管道部件制作安装,,,03
03,通用安装工程,G,通风空调工程,030703,通风管道部件制作安装,030703023,人防手动 密闭阀,"1.名称 2.型号
3.规格",个,按设计图示数量 计算,密闭阀安装,表 G.3.1 通风管道部件制作安装,,,03
03,通用安装工程,G,通风空调工程,030703,通风管道部件制作安装,030703024,人防其他部件,"1.名称 2.类型 3.型号
4.规格",个(套),按设计图示数量 计算,人防其他部件安装,表 G.3.1 通风管道部件制作安装,,,03
03,通用安装工程,G,通风空调工程,030704,通风工程检测、调试、试验,030704001,通风工程 检测、调试,系统名称,系统,按设计图示通风 空调风系统计算,"1.风量测定
2.风压测定
3.温度测定
4.各系统风口、阀门 调整
5.漏风试验",表 G.4.1 通风工程检测、调试、试验,,,03
03,通用安装工程,G,通风空调工程,030704,通风工程检测、调试、试验,030704002,人防通风气 密性试验,系统名称,项,按设计图示人防 通风系统计算,人防通风管道气密 性试验,表 G.4.1 通风工程检测、调试、试验,,,03
03,通用安装工程,H,工业管道工程,030801,低压管道,030801001,低压碳钢管,"1.材质
2.规格
3.连接形式、焊接 方法
4.压力试验、吹扫 与清洗
5.脱脂",m,按设计图示管道 中心线以长度计算,"1.安装
2.压力试验
3.吹扫、清洗 4.脱脂",表 H.1.1 低压管道,,,03
03,通用安装工程,H,工业管道工程,030801,低压管道,030801002,低压碳钢伴 热管,"1.材质
2.规格
3.连接形式
4.压力试验、吹扫 与清洗",m,按设计图示管道 中心线以长度计算,"1.安装
2.压力试验
3.吹扫、清洗",表 H.1.1 低压管道,,,03
03,通用安装工程,H,工业管道工程,030801,低压管道,030801003,"低压不锈钢伴
热管","1.材质
2.规格
3.连接形式
4.压力试验、吹扫 与清洗",m,按设计图示管道 中心线以长度计算,"1.安装
2.压力试验
3.吹扫、清洗",表 H.1.1 低压管道,,,03
03,通用安装工程,H,工业管道工程,030801,低压管道,030801004,"低压碳钢板
卷管","1.材质
2.规格
3.焊接方法
4.压力试验、吹扫 与清洗
5.脱脂",m,按设计图示管道 中心线以长度计算,"1.安装
2.压力试验
3.吹扫、清洗 4.脱脂",表 H.1.1 低压管道,,,03
03,通用安装工程,H,工业管道工程,030801,低压管道,030801005,低压不锈钢管,"1.材质
2.规格
3.焊接方法
4.充氩保护方式
5.压力试验、吹扫 与清洗
6.脱脂",m,按设计图示管道 中心线以长度计算,"1.安装
2.焊口充氩保护
3.压力试验
4.吹扫、清洗
5.脱脂",表 H.1.1 低压管道,,,03
03,通用安装工程,H,工业管道工程,030801,低压管道,030801006,"低压不锈钢
板卷管","1.材质
2.规格
3.焊接方法
4.充氩保护方式
5.压力试验、吹扫 与清洗
6.脱脂",m,按设计图示管道 中心线以长度计算,"1.安装
2.焊口充氩保护
3.压力试验
4.吹扫、清洗
5.脱脂",表 H.1.1 低压管道,,,03
03,通用安装工程,H,工业管道工程,030801,低压管道,030801007,低压合金钢管,"1.材质
2.规格
3.焊接方法
4.压力试验、吹扫 与清洗
5.脱脂",m,按设计图示管道 中心线以长度计算,"1.安装
2.压力试验
3.吹扫、清洗 4.脱脂",表 H.1.1 低压管道,,,03
03,通用安装工程,H,工业管道工程,030801,低压管道,030801008,"低压钛及
钛合金管","1.材质
2.规格
3.焊接方法
4.充氩保护方式
5.压力试验、吹扫 与清洗
6.脱脂",m,按设计图示管道 中心线以长度计算,"1.安装
2.焊口充氩保护
3.压力试验
4.吹扫、清洗
5.脱脂",表 H.1.1 低压管道,,,03
03,通用安装工程,H,工业管道工程,030801,低压管道,030801009,"低压镍及
镍合金管","1.材质
2.规格
3.焊接方法
4.充氩保护方式
5.压力试验、吹扫 与清洗
6.脱脂",m,按设计图示管道 中心线以长度计算,"1.安装
2.焊口充氩保护
3.压力试验
4.吹扫、清洗
5.脱脂",表 H.1.1 低压管道,,,03
03,通用安装工程,H,工业管道工程,030801,低压管道,030801010,"低压锆及
锆合金管","1.材质
2.规格
3.焊接方法
4.充氩保护方式
5.压力试验、吹扫 与清洗
6.脱脂",m,按设计图示管道 中心线以长度计算,"1.安装
2.焊口充氩保护
3.压力试验
4.吹扫、清洗
5.脱脂",表 H.1.1 低压管道,,,03
03,通用安装工程,H,工业管道工程,030801,低压管道,030801011,"低压铝及
铝合金管","1.材质
2.规格
3.焊接方法
4.充氩保护方式
5.压力试验、吹扫 与清洗
6.脱脂",m,按设计图示管道 中心线以长度计算,"1.安装
2.焊口充氩保护
3.压力试验
4.吹扫、清洗
5.脱脂",表 H.1.1 低压管道,,,03
03,通用安装工程,H,工业管道工程,030801,低压管道,030801012,"低压铝及
铝合金板卷管","1.材质
2.规格
3.焊接方法
4.充氩保护方式
5.压力试验、吹扫 与清洗
6.脱脂",m,按设计图示管道 中心线以长度计算,"1.安装
2.焊口充氩保护
3.压力试验
4.吹扫、清洗
5.脱脂",表 H.1.1 低压管道,,,03
03,通用安装工程,H,工业管道工程,030801,低压管道,030801013,"低压铜及
铜合金管","1.材质
2.规格
3.焊接方法
4.压力试验、吹扫 与清洗
5.脱脂",m,按设计图示管道 中心线以长度计算,"1.安装
2.焊口充氩保护
3.压力试验
4.吹扫、清洗
5.脱脂",表 H.1.1 低压管道,,,03
03,通用安装工程,H,工业管道工程,030801,低压管道,030801013,"低压铜及
铜合金管","1.材质
2.规格
3.焊接方法
4.压力试验、吹扫 与清洗
5.脱脂",m,按设计图示管道 中心线以长度计算,"1.安装
2.压力试验
3.吹扫、清洗 4.脱脂",表 H.1.1 低压管道,,编码重复出现,03
03,通用安装工程,H,工业管道工程,030801,低压管道,030801014,"低压铜及
铜合金板卷管","1.材质
2.规格
3.焊接方法
4.压力试验、吹扫 与清洗
5.脱脂",m,按设计图示管道 中心线以长度计算,"1.安装
2.压力试验
3.吹扫、清洗 4.脱脂",表 H.1.1 低压管道,,,03
03,通用安装工程,H,工业管道工程,030801,低压管道,030801015,低压塑料管,"1.材质
2.规格
3.连接形式
4.压力试验、吹扫与 清洗
5.脱脂",m,按设计图示管道 中心线以长度计算,"1.安装
2.压力试验
3.吹扫、清洗 4.脱脂",表 H.1.1 低压管道,,,03
03,通用安装工程,H,工业管道工程,030801,低压管道,030801016,"低压金属骨架
复合管","1.材质
2.规格
3.连接形式
4.压力试验、吹扫与 清洗
5.脱脂",m,按设计图示管道 中心线以长度计算,"1.安装
2.压力试验
3.吹扫、清洗 4.脱脂",表 H.1.1 低压管道,,,03
03,通用安装工程,H,工业管道工程,030801,低压管道,030801017,低压玻璃钢管,"1.材质
2.规格
3.连接形式
4.压力试验、吹扫与 清洗
5.脱脂",m,按设计图示管道 中心线以长度计算,"1.安装
2.压力试验
3.吹扫、清洗 4.脱脂",表 H.1.1 低压管道,,,03
03,通用安装工程,H,工业管道工程,030801,低压管道,030801018,低压铸铁管,"1.材质
2.规格
3.连接形式
4.接口材料
5.压力试验、吹扫 与清洗
6.脱脂",m,按设计图示管道 中心线以长度计算,"1.安装
2.压力试验
3.吹扫、清洗
4.脱脂",表 H.1.1 低压管道,,,03
03,通用安装工程,H,工业管道工程,030801,低压管道,030801019,低压金属软管,"1.材质
2.规格
3.连接形式
4.压力试验、吹扫 与清洗
5.脱脂",根,按设计图示数量 计算,"1.安装
2.压力试验
3.吹扫、清洗
4.脱脂",表 H.1.1 低压管道,,,03
03,通用安装工程,H,工业管道工程,030801,低压管道,030801020,"低压直埋
保温管道","1.材质
2.规格
3.连接形式
4.接口保温材料
5.压力试验、吹扫 与清洗
6.警示带形式",m,按设计图示管道 中心线以长度计算,"1.安装
2.接口保温
3.压力试验
4.吹扫、清洗
5.警示带铺设",表 H.1.1 低压管道,,,03
03,通用安装工程,H,工业管道工程,030801,低压管道,030801021,低压钢套钢 直埋保温管道,"1.材质
2.规格
3.连接形式
4.接口保温材料
5.压力试验、吹扫 与清洗
6.警示带形式",m,按设计图示管道 中心线以长度计算,"1.安装
2.接口保温
3.压力试验
4.吹扫、清洗
5.警示带铺设",表 H.1.1 低压管道,,,03
03,通用安装工程,H,工业管道工程,030802,中压管道,030802001,中压碳钢管,"1.材质
2.规格
3.焊接方法
4.压力试验、吹扫 与清洗
5.脱脂",m,按设计图示管道 中心线以长度计算,"1.安装
2.压力试验
3.吹扫、清洗 4.脱脂",表 H.2.1 中压管道,,,03
03,通用安装工程,H,工业管道工程,030802,中压管道,030802002,中压螺旋卷管,"1.材质
2.规格
3.焊接方法
4.压力试验、吹扫 与清洗
5.脱脂",m,按设计图示管道 中心线以长度计算,"1.安装
2.压力试验
3.吹扫、清洗 4.脱脂",表 H.2.1 中压管道,,,03
03,通用安装工程,H,工业管道工程,030802,中压管道,030802003,中压不锈钢管,"1.材质
2.规格
3.焊接方法
4.充氩保护方式
5.压力试验、吹扫 与清洗
6.脱脂",m,按设计图示管道 中心线以长度计算,"1.安装
2.焊口充氩保护
3.压力试验
4.吹扫、清洗
5.脱脂",表 H.2.1 中压管道,,,03
03,通用安装工程,H,工业管道工程,030802,中压管道,030802004,中压合金钢管,"1.材质
2.规格
3.焊接方法
4.充氩保护方式
5.压力试验、吹扫 与清洗
6.脱脂",m,按设计图示管道 中心线以长度计算,"1.安装
2.焊口充氩保护
3.压力试验
4.吹扫、清洗
5.脱脂",表 H.2.1 中压管道,,,03
03,通用安装工程,H,工业管道工程,030802,中压管道,030802005,"中压铜及
铜合金管","1.材质
2.规格
3.焊接方法
4.压力试验、吹扫 与清洗
5.脱脂",m,按设计图示管道 中心线以长度计算,"1.安装
2.压力试验
3.吹扫、清洗 4.脱脂",表 H.2.1 中压管道,,,03
03,通用安装工程,H,工业管道工程,030802,中压管道,030802006,"中压钛及
钛合金管","1.材质
2.规格
3.焊接方法
4.充氩保护方式
5.压力试验、吹扫 与清洗
6.脱脂",m,按设计图示管道 中心线以长度计算,"1.安装
2.焊口充氩保护
3.压力试验
4.吹扫、清洗
5.脱脂",表 H.2.1 中压管道,,,03
03,通用安装工程,H,工业管道工程,030802,中压管道,030802007,"中压锆及
锆合金管","1.材质
2.规格
3.焊接方法
4.充氩保护方式
5.压力试验、吹扫 与清洗
6.脱脂",m,按设计图示管道 中心线以长度计算,"1.安装
2.焊口充氩保护
3.压力试验
4.吹扫、清洗
5.脱脂",表 H.2.1 中压管道,,,03
03,通用安装工程,H,工业管道工程,030802,中压管道,030802008,"中压镍及
镍合金管","1.材质
2.规格
3.焊接方法
4.充氩保护方式
5.压力试验、吹扫 与清洗
6.脱脂",m,按设计图示管道 中心线以长度计算,"1.安装
2.焊口充氩保护
3.压力试验
4.吹扫、清洗
5.脱脂",表 H.2.1 中压管道,,,03
03,通用安装工程,H,工业管道工程,030802,中压管道,030802009,中压金属软管,"1.材质
2.规格
3.连接形式
4.压力试验、吹扫 与清洗
5.脱脂",根,按按设计图示数 量计算,"1.安装
2.压力试验
3.吹扫、清洗 4.脱脂",表 H.2.1 中压管道,,,03
03,通用安装工程,H,工业管道工程,030803,高压管道,030803001,高压碳钢管,"1.材质
2.规格
3.焊接方法
4.充氩保护方式
5.压力试验、吹扫 与清洗
6.脱脂",m,按设计图示管道 中心线以长度计算,"1.安装
2.焊口充氩保护
3.压力试验
4.吹扫、清洗
5.脱脂",表 H.3.1 高压管道,,,03
03,通用安装工程,H,工业管道工程,030803,高压管道,030803002,高压合金钢管,"1.材质
2.规格
3.焊接方法
4.充氩保护方式
5.压力试验、吹扫 与清洗
6.脱脂",m,按设计图示管道 中心线以长度计算,"1.安装
2.焊口充氩保护
3.压力试验
4.吹扫、清洗
5.脱脂",表 H.3.1 高压管道,,,03
03,通用安装工程,H,工业管道工程,030803,高压管道,030803003,高压不锈钢管,"1.材质
2.规格
3.焊接方法
4.充氩保护方式
5.压力试验、吹扫 与清洗
6.脱脂",m,按设计图示管道 中心线以长度计算,"1.安装
2.焊口充氩保护
3.压力试验
4.吹扫、清洗
5.脱脂",表 H.3.1 高压管道,,,03
03,通用安装工程,H,工业管道工程,030804,低压管件,030804001,低压碳钢管件,"1.材质
2.规格
3.连接形式、焊接 方法",个,按设计图示数量 计算,安装,表 H.4.1 低压管件,,,03
03,通用安装工程,H,工业管道工程,030804,低压管件,030804002,低压碳钢 板卷管件,"1.材质
2.规格
3.连接形式、焊接 方法",个,按设计图示数量 计算,安装,表 H.4.1 低压管件,,,03
03,通用安装工程,H,工业管道工程,030804,低压管件,030804003,"低压不锈钢
管件","1.材质
2.规格
3.焊接方法
4.充氩保护方式",个,按设计图示数量 计算,"1.安装
2.管件焊口充氩保护",表 H.4.1 低压管件,,,03
03,通用安装工程,H,工业管道工程,030804,低压管件,030804004,低压不锈钢 板卷管件,"1.材质
2.规格
3.焊接方法
4.充氩保护方式",个,按设计图示数量 计算,"1.安装
2.管件焊口充氩保护",表 H.4.1 低压管件,,,03
03,通用安装工程,H,工业管道工程,030804,低压管件,030804005,"低压合金钢
管件","1.材质
2.规格
3.焊接方法
4.充氩保护方式",个,按设计图示数量 计算,"1.安装
2.管件焊口充氩保护",表 H.4.1 低压管件,,,03
03,通用安装工程,H,工业管道工程,030804,低压管件,030804006,"低压加热外套
碳钢管件
(两半)","1.材质
2.规格
3.连接形式",个,按设计图示数量 计算,安装,表 H.4.1 低压管件,,,03
03,通用安装工程,H,工业管道工程,030804,低压管件,030804007,"低压加热外套
不锈钢管件
(两半)","1.材质
2.规格
3.连接形式",个,按设计图示数量 计算,安装,表 H.4.1 低压管件,,,03
03,通用安装工程,H,工业管道工程,030804,低压管件,030804008,低压铝及 铝合金管件,"1.材质
2.规格
3.焊接方法",个,按设计图示数量 计算,安装,表 H.4.1 低压管件,,,03
03,通用安装工程,H,工业管道工程,030804,低压管件,030804009,低压铝及铝合 金板卷管件,"1.材质
2.规格
3.焊接方法",个,按设计图示数量 计算,安装,表 H.4.1 低压管件,,,03
03,通用安装工程,H,工业管道工程,030804,低压管件,030804010,"低压铜及铜合
金管件","1.材质
2.规格
3.焊接方法",个,按设计图示数量 计算,安装,表 H.4.1 低压管件,,,03
03,通用安装工程,H,工业管道工程,030804,低压管件,030804011,低压钛及 钛合金管件,"1.材质
2.规格
3.焊接方法
4.充氩保护方式",个,按设计图示数量 计算,"1.安装
2.管件焊口充氩保护",表 H.4.1 低压管件,,,03
03,通用安装工程,H,工业管道工程,030804,低压管件,030804012,低压锆及 锆合金管件,"1.材质
2.规格
3.焊接方法
4.充氩保护方式",个,按设计图示数量 计算,"1.安装
2.管件焊口充氩保护",表 H.4.1 低压管件,,,03
03,通用安装工程,H,工业管道工程,030804,低压管件,030804013,低压镍及 镍合金管件,"1.材质
2.规格
3.焊接方法
4.充氩保护方式",个,按设计图示数量 计算,"1.安装
2.管件焊口充氩保护",表 H.4.1 低压管件,,,03
03,通用安装工程,H,工业管道工程,030804,低压管件,030804014,低压塑料管件,"1.材质
2.规格
3.连接形式
4.接口材料",个,按设计图示数量 计算,安装,表 H.4.1 低压管件,,,03
03,通用安装工程,H,工业管道工程,030804,低压管件,030804015,"金属骨架
复合管件","1.材质
2.规格
3.连接形式
4.接口材料",个,按设计图示数量 计算,安装,表 H.4.1 低压管件,,,03
03,通用安装工程,H,工业管道工程,030804,低压管件,030804016,"低压玻璃钢
管件","1.材质
2.规格
3.连接形式
4.接口材料",个,按设计图示数量 计算,安装,表 H.4.1 低压管件,,,03
03,通用安装工程,H,工业管道工程,030804,低压管件,030804017,低压铸铁管件,"1.材质
2.规格
3.连接形式
4.接口材料",个,按设计图示数量 计算,安装,表 H.4.1 低压管件,,,03
03,通用安装工程,H,工业管道工程,030804,低压管件,030804018,"低压直埋
保温管件","1.材质
2.规格
3.连接形式
4.接口保温材料",个,按设计图示数量 计算,安装,表 H.4.1 低压管件,,,03
03,通用安装工程,H,工业管道工程,030804,低压管件,030804019,低压钢套管直 埋保温管件,"1.材质
2.规格
3.连接形式
4.接口保温材料",个,按设计图示数量 计算,安装,表 H.4.1 低压管件,,,03
03,通用安装工程,H,工业管道工程,030805,中压管件,030805001,中压碳钢管件,"1.材质
2.规格
3.焊接方法",个,按设计图示数量 计算,安装,表 H.5.1 中压管件,,,03
03,通用安装工程,H,工业管道工程,030805,中压管件,030805002,"中压螺旋卷
管件","1.材质
2.规格
3.焊接方法",个,按设计图示数量 计算,安装,表 H.5.1 中压管件,,,03
03,通用安装工程,H,工业管道工程,030805,中压管件,030805003,"中压不锈钢
管件","1.材质
2.规格
3.焊接方法
4.充氩保护方式",个,按设计图示数量 计算,"1.安装
2.管件焊口充氩保护",表 H.5.1 中压管件,,,03
03,通用安装工程,H,工业管道工程,030805,中压管件,030805004,"中压合金钢
管件","1.材质
2.规格
3.焊接方法
4.充氩保护方式",个,按设计图示数量 计算,"1.安装
2.管件焊口充氩保护",表 H.5.1 中压管件,,,03
03,通用安装工程,H,工业管道工程,030805,中压管件,030805005,中压铜及 铜合金管件,"1.材质
2.规格
3.焊接方法",个,按设计图示数量 计算,安装,表 H.5.1 中压管件,,,03
03,通用安装工程,H,工业管道工程,030805,中压管件,030805006,中压钛及 钛合金管件,"1.材质
2.规格
3.焊接方法
4.充氩保护方式",个,按设计图示数量 计算,"1.安装
2.管件焊口充氩保护",表 H.5.1 中压管件,,,03
03,通用安装工程,H,工业管道工程,030805,中压管件,030805007,中压锆及 锆合金管件,"1.材质
2.规格
3.焊接方法
4.充氩保护方式",个,按设计图示数量 计算,"1.安装
2.管件焊口充氩保护",表 H.5.1 中压管件,,,03
03,通用安装工程,H,工业管道工程,030805,中压管件,030805008,中压镍及 镍合金管件,"1.材质
2.规格
3.焊接方法
4.充氩保护方式",个,按设计图示数量 计算,"1.安装
2.管件焊口充氩保护",表 H.5.1 中压管件,,,03
03,通用安装工程,H,工业管道工程,030806,高压管件,030806001,高压碳钢管件,"1.材质
2.规格
3.焊接方法
4.充氩保护方式",个,按设计图示数量 计算,"1.安装
2.管件焊口充氩保护",表 H.6.1 高压管件,,,03
03,通用安装工程,H,工业管道工程,030806,高压管件,030806002,"高压不锈钢
管件","1.材质
2.规格
3.焊接方法
4.充氩保护方式",个,按设计图示数量 计算,"1.安装
2.管件焊口充氩保护",表 H.6.1 高压管件,,,03
03,通用安装工程,H,工业管道工程,030806,高压管件,030806003,"高压合金钢
管件","1.材质
2.规格
3.焊接方法
4.充氩保护方式",个,按设计图示数量 计算,"1.安装
2.管件焊口充氩保护",表 H.6.1 高压管件,,,03
03,通用安装工程,H,工业管道工程,030807,低压阀门,030807001,低压螺纹阀门,"1.名称
2.材质
3.型号、规格
4.连接形式
5.焊接方法",个,按设计图示数量 计算,"1.安装
2.操纵装置安装
3.壳体压力试验",表 H.7.1 低压阀门,,,03
03,通用安装工程,H,工业管道工程,030807,低压阀门,030807002,低压焊接阀门,"1.名称
2.材质
3.型号、规格
4.连接形式
5.焊接方法",个,按设计图示数量 计算,"1.安装
2.操纵装置安装
3.壳体压力试验",表 H.7.1 低压阀门,,,03
03,通用安装工程,H,工业管道工程,030807,低压阀门,030807003,低压法兰阀门,"1.名称
2.材质
3.型号、规格
4.连接形式
5.焊接方法",个,按设计图示数量 计算,"1.安装
2.操纵装置安装
3.壳体压力试验",表 H.7.1 低压阀门,,,03
03,通用安装工程,H,工业管道工程,030807,低压阀门,030807004,"低压齿轮、
液压传动、 电动阀门","1.名称
2.材质
3.型号、规格
4.连接形式
5.焊接方法",个,按设计图示数量 计算,"1.安装
2.壳体压力试验",表 H.7.1 低压阀门,,,03
03,通用安装工程,H,工业管道工程,030807,低压阀门,030807005,低压安全阀门,"1.名称
2.材质
3.型号、规格
4.连接形式
5.焊接方法",个,按设计图示数量 计算,"1.安装
2.壳体压力试验",表 H.7.1 低压阀门,,,03
03,通用安装工程,H,工业管道工程,030807,低压阀门,030807006,低压调节阀门,"1.名称
2.材质
3.型号、规格
4.连接形式
5.焊接方法",个,按设计图示数量 计算,"1.安装
2.临时短管装拆
3.壳体压力试验",表 H.7.1 低压阀门,,,03
03,通用安装工程,H,工业管道工程,030808,中压阀门,030808001,中压螺纹阀门,"1.名称
2.材质
3.型号、规格
4.连接形式
5.焊接方法",个,按设计图示数量 计算,"1.安装
2.操纵装置安装
3.壳体压力试验",表 H.8.1 中压阀门,,,03
03,通用安装工程,H,工业管道工程,030808,中压阀门,030808002,中压焊接阀门,"1.名称
2.材质
3.型号、规格
4.连接形式
5.焊接方法",个,按设计图示数量 计算,"1.安装
2.操纵装置安装
3.壳体压力试验",表 H.8.1 中压阀门,,,03
03,通用安装工程,H,工业管道工程,030808,中压阀门,030808003,中压法兰阀门,"1.名称
2.材质
3.型号、规格
4.连接形式
5.焊接方法",个,按设计图示数量 计算,"1.安装
2.操纵装置安装
3.壳体压力试验",表 H.8.1 中压阀门,,,03
03,通用安装工程,H,工业管道工程,030808,中压阀门,030808004,"中压齿轮、
液压传动、 电动阀门","1.名称
2.材质
3.型号、规格
4.连接形式
5.焊接方法",个,按设计图示数量 计算,"1.安装
2.壳体压力试验",表 H.8.1 中压阀门,,,03
03,通用安装工程,H,工业管道工程,030808,中压阀门,030808005,中压安全阀门,"1.名称
2.材质
3.型号、规格
4.连接形式
5.焊接方法",个,按设计图示数量 计算,"1.安装
2.壳体压力试验",表 H.8.1 中压阀门,,,03
03,通用安装工程,H,工业管道工程,030808,中压阀门,030808006,中压调节阀门,"1.名称
2.材质
3.型号、规格
4.连接形式",个,按设计图示数量 计算,"1.安装
2.临时短管装拆
3.壳体压力试验",表 H.8.1 中压阀门,,,03
03,通用安装工程,H,工业管道工程,030809,高压阀门,030809001,高压螺纹阀门,"1.名称
2.材质
3.型号、规格
4.连接形式
5.法兰垫片材质",个,按设计图示数量 计算,"1.安装
2.壳体压力试验",表 H.9.1 高压阀门,,,03
03,通用安装工程,H,工业管道工程,030809,高压阀门,030809002,高压法兰阀门,"1.名称
2.材质
3.型号、规格
4.连接形式
5.法兰垫片材质",个,按设计图示数量 计算,"1.安装
2.壳体压力试验",表 H.9.1 高压阀门,,,03
03,通用安装工程,H,工业管道工程,030809,高压阀门,030809003,高压焊接阀门,"1.名称
2.材质
3.型号、规格
4.焊接方法
5.充氩保护方式",个,按设计图示数量 计算,"1.安装
2.焊口充氩保护
3.壳体压力试验",表 H.9.1 高压阀门,,,03
03,通用安装工程,H,工业管道工程,030810,低压法兰,030810001,低压碳钢 螺纹法兰,"1.材质
2.型号、规格",片,按设计图示数量 计算,"1.安装
2.翻边活动法兰短 管制作",表 H.10.1 低压法兰,,,03
03,通用安装工程,H,工业管道工程,030810,低压法兰,030810002,低压碳钢 焊接法兰,"1.材质
2.型号、规格
3.连接形式
4.焊接方法",片,按设计图示数量 计算,"1.安装
2.翻边活动法兰短 管制作",表 H.10.1 低压法兰,,,03
03,通用安装工程,H,工业管道工程,030810,低压法兰,030810003,低压铜及 铜合金法兰,"1.材质
2.型号、规格
3.连接形式
4.焊接方法",片,按设计图示数量 计算,"1.安装
2.翻边活动法兰短 管制作",表 H.10.1 低压法兰,,,03
03,通用安装工程,H,工业管道工程,030810,低压法兰,030810004,低压不锈 钢法兰,"1.材质
2.型号、规格
3.连接形式
4.焊接方法
5.充氩保护方式",片,按设计图示数量 计算,"1.安装
2.焊口充氩保护
3.翻边活动法兰短管 制作",表 H.10.1 低压法兰,,,03
03,通用安装工程,H,工业管道工程,030810,低压法兰,030810005,低压合金 钢法兰,"1.材质
2.型号、规格
3.连接形式
4.焊接方法
5.充氩保护方式",片,按设计图示数量 计算,"1.安装
2.焊口充氩保护
3.翻边活动法兰短管 制作",表 H.10.1 低压法兰,,,03
03,通用安装工程,H,工业管道工程,030810,低压法兰,030810006,低压铝及 铝合金法兰,"1.材质
2.型号、规格
3.连接形式
4.焊接方法
5.充氩保护方式",片,按设计图示数量 计算,"1.安装
2.焊口充氩保护
3.翻边活动法兰短管 制作",表 H.10.1 低压法兰,,,03
03,通用安装工程,H,工业管道工程,030810,低压法兰,030810007,低压钛及 钛合金法兰,"1.材质
2.型号、规格
3.连接形式
4.焊接方法
5.充氩保护方式",片,按设计图示数量 计算,"1.安装
2.焊口充氩保护
3.翻边活动法兰短管 制作",表 H.10.1 低压法兰,,,03
03,通用安装工程,H,工业管道工程,030810,低压法兰,030810008,低压锆及 锆合金法兰,"1.材质
2.型号、规格
3.连接形式
4.焊接方法
5.充氩保护方式",片,按设计图示数量 计算,"1.安装
2.焊口充氩保护
3.翻边活动法兰短管 制作",表 H.10.1 低压法兰,,,03
03,通用安装工程,H,工业管道工程,030810,低压法兰,030810009,低压镍及 镍合金法兰,"1.材质
2.型号、规格
3.连接形式
4.焊接方法
5.充氩保护方式",片,按设计图示数量 计算,"1.安装
2.焊口充氩保护
3.翻边活动法兰短管 制作",表 H.10.1 低压法兰,,,03
03,通用安装工程,H,工业管道工程,030810,低压法兰,030810010,低压钢骨架 复合塑料法兰,"1.材质
2.规格",片,按设计图示数量 计算,安装,表 H.10.1 低压法兰,,,03
03,通用安装工程,H,工业管道工程,030810,低压法兰,030810011,低压塑料法兰,"1.材质
2.规格
3.连接形式
4.法兰垫片材质",片,按设计图示数量 计算,安装,表 H.10.1 低压法兰,,,03
03,通用安装工程,H,工业管道工程,030811,中压法兰,030811001,中压碳钢 螺纹法兰,"1.材质
2.型号、规格",片,按设计图示数量 计算,"1.安装
2.翻边活动法兰短 管制作",表 H.11.1 中压法兰,,,03
03,通用安装工程,H,工业管道工程,030811,中压法兰,030811002,"中压碳钢焊
接法兰","1.材质
2.型号、规格
3.连接形式
4.焊接方法",片,按设计图示数量 计算,"1.安装
2.翻边活动法兰短 管制作",表 H.11.1 中压法兰,,,03
03,通用安装工程,H,工业管道工程,030811,中压法兰,030811003,中压铜及铜合 金法兰,"1.材质
2.型号、规格
3.连接形式
4.焊接方法",片,按设计图示数量 计算,"1.安装
2.翻边活动法兰短 管制作",表 H.11.1 中压法兰,,,03
03,通用安装工程,H,工业管道工程,030811,中压法兰,030811004,中压不锈 钢法兰,"1.材质
2.型号、规格
3.连接形式
4.焊接方法
5.充氩保护方式",片,按设计图示数量 计算,"1.安装
2.焊口充氩保护
3.翻边活动法兰短 管制作",表 H.11.1 中压法兰,,,03
03,通用安装工程,H,工业管道工程,030811,中压法兰,030811005,"中压合金钢
法兰","1.材质
2.型号、规格
3.连接形式
4.焊接方法
5.充氩保护方式",片,按设计图示数量 计算,"1.安装
2.焊口充氩保护
3.翻边活动法兰短 管制作",表 H.11.1 中压法兰,,,03
03,通用安装工程,H,工业管道工程,030811,中压法兰,030811006,中压钛及 钛合金法兰,"1.材质
2.型号、规格
3.连接形式
4.焊接方法
5.充氩保护方式",片,按设计图示数量 计算,"1.安装
2.焊口充氩保护
3.翻边活动法兰短 管制作",表 H.11.1 中压法兰,,,03
03,通用安装工程,H,工业管道工程,030811,中压法兰,030811007,中压锆及 锆合金法兰,"1.材质
2.型号、规格
3.连接形式
4.焊接方法
5.充氩保护方式",片,按设计图示数量 计算,"1.安装
2.焊口充氩保护
3.翻边活动法兰短 管制作",表 H.11.1 中压法兰,,,03
03,通用安装工程,H,工业管道工程,030811,中压法兰,030811008,中压镍及 镍合金法兰,"1.材质
2.型号、规格
3.连接形式
4.焊接方法
5.充氩保护方式",片,按设计图示数量 计算,"1.安装
2.焊口充氩保护
3.翻边活动法兰短 管制作",表 H.11.1 中压法兰,,,03
03,通用安装工程,H,工业管道工程,030812,高压法兰,030812001,高压碳钢 螺纹法兰,"1.材质
2.型号、规格
3.法兰垫片材质",片,按设计图示数量 计算,安装,表 H.12.1 高压法兰,,,03
03,通用安装工程,H,工业管道工程,030812,高压法兰,030812002,高压碳钢 焊接法兰,"1.材质
2.型号、规格
3.焊接方法
4.充氩保护方式
5.法兰垫片材质",片,按设计图示数量 计算,"1.安装
2.焊口充氩保护",表 H.12.1 高压法兰,,,03
03,通用安装工程,H,工业管道工程,030812,高压法兰,030812003,高压不锈钢 焊接法兰,"1.材质
2.型号、规格
3.焊接方法
4.充氩保护方式
5.法兰垫片材质",片,按设计图示数量 计算,"1.安装
2.焊口充氩保护",表 H.12.1 高压法兰,,,03
03,通用安装工程,H,工业管道工程,030812,高压法兰,030812004,高压合金 钢焊接法兰,"1.材质
2.型号、规格
3.焊接方法
4.充氩保护方式
5.法兰垫片材质",片,按设计图示数量 计算,"1.安装
2.焊口充氩保护",表 H.12.1 高压法兰,,,03
03,通用安装工程,H,工业管道工程,030813,无损检测与热处理,030813001,管材表面 超声波探伤,"1.名称
2.规格",1.m 2.m²,"1.以“m”计量，按管 材无损探伤长度 计算
2.以“m²”计量，按 管材表面探伤检 测面积计算",探伤,表 H.13.1 无损检测与热处理,,,03
03,通用安装工程,H,工业管道工程,030813,无损检测与热处理,030813002,管材表面磁粉 探伤,"1.名称
2.规格",1.m 2.m²,"1.以“m”计量，按管 材无损探伤长度 计算
2.以“m²”计量，按 管材表面探伤检 测面积计算",探伤,表 H.13.1 无损检测与热处理,,,03
03,通用安装工程,H,工业管道工程,030813,无损检测与热处理,030813003,焊缝X射线 探伤,"1.名称
2.底片规格
3.管壁厚度",张(口),按规范或设计技 术要求计算,探伤,表 H.13.1 无损检测与热处理,,,03
03,通用安装工程,H,工业管道工程,030813,无损检测与热处理,030813004,焊缝γ射线 探伤,"1.名称
2.底片规格
3.管壁厚度",张(口),按规范或设计技 术要求计算,探伤,表 H.13.1 无损检测与热处理,,,03
03,通用安装工程,H,工业管道工程,030813,无损检测与热处理,030813005,"焊缝超声波
探伤","1.名称
2.管道规格
3.对比试块设计 要求",口,按规范或设计技 术要求计算,"1.探伤
2.对比试块的制作",表 H.13.1 无损检测与热处理,,,03
03,通用安装工程,H,工业管道工程,030813,无损检测与热处理,030813006,焊缝磁粉探伤,"1.名称
2.管道规格",口,按规范或设计技 术要求计算,探伤,表 H.13.1 无损检测与热处理,,,03
03,通用安装工程,H,工业管道工程,030813,无损检测与热处理,030813007,焊缝渗透探伤,"1.名称
2.管道规格",口,按规范或设计技 术要求计算,探伤,表 H.13.1 无损检测与热处理,,,03
03,通用安装工程,H,工业管道工程,030813,无损检测与热处理,030813008,焊前预热、 后热处理,"1.材质
2.规格及管壁厚
3.压力等级
4.热处理方法
5.硬度测定设计 要求",口,按规范或设计技 术要求计算,"1.热处理
2.硬度测定",表 H.13.1 无损检测与热处理,,,03
03,通用安装工程,H,工业管道工程,030813,无损检测与热处理,030813009,焊口热处理,"1.材质
2.规格及管壁厚
3.压力等级
4.热处理方法
5.硬度测定设计 要求",口,按规范或设计技 术要求计算,"1.热处理
2.硬度测定",表 H.13.1 无损检测与热处理,,,03
03,通用安装工程,H,工业管道工程,030813,无损检测与热处理,030813010,光谱分析,"1.名称
2.管道规格",点,按规范或设计技 术要求计算,测试分析,表 H.13.1 无损检测与热处理,,,03
03,通用安装工程,H,工业管道工程,030813,无损检测与热处理,030813011,管道安拆后的 充气保护,"1.管道类型
2.管道规格",项,按施工方案计算,"1.充气、封堵
2.充气管道安装、拆除",表 H.13.1 无损检测与热处理,,,03
03,通用安装工程,H,工业管道工程,030814,其他项目制作安装,030814001,冷排管,"1.排管形式
2.组合长度",m,按设计图示以长 度计算,"1.制作、安装
2.钢带退火
3.加氨
4.冲、套翅片",表 H.14.1 其他项目制作安装,,,03
03,通用安装工程,H,工业管道工程,030814,其他项目制作安装,030814002,分、集汽(水) 缸,"1.质量
2.材质、规格
3.安装方式",台,按设计图示数量 计算,"1.制作
2.安装",表 H.14.1 其他项目制作安装,,,03
03,通用安装工程,H,工业管道工程,030814,其他项目制作安装,030814003,空气分气筒,"1.材质
2.规格",组,按设计图示数量 计算,"1.制作
2.安装",表 H.14.1 其他项目制作安装,,,03
03,通用安装工程,H,工业管道工程,030814,其他项目制作安装,030814004,空气调节 喷雾管,"1.材质
2.规格",组,按设计图示数量 计算,安装,表 H.14.1 其他项目制作安装,,,03
03,通用安装工程,H,工业管道工程,030814,其他项目制作安装,030814005,钢制排水漏斗,"1.形式、材质
2.口径规格",个,按设计图示数量 计算,"1.制作
2.安装",表 H.14.1 其他项目制作安装,,,03
03,通用安装工程,H,工业管道工程,030814,其他项目制作安装,030814006,水位计,"1.规格
2.型号",组,按设计图示数量 计算,安装,表 H.14.1 其他项目制作安装,,,03
03,通用安装工程,H,工业管道工程,030814,其他项目制作安装,030814007,手摇泵,"1.规格
2.型号",台,按设计图示数量 计算,安装,表 H.14.1 其他项目制作安装,,,03
03,通用安装工程,H,工业管道工程,030814,其他项目制作安装,030814008,三通补强圈,"1.材质
2.规格
3.压力等级
4.焊接方法",个,按设计图示数量 计算,"1.制作
2.安装",表 H.14.1 其他项目制作安装,,,03
03,通用安装工程,H,工业管道工程,030814,其他项目制作安装,030814009,碳钢管虾体弯,"1.材质
2.规格
3.焊接方法",个,按设计图示数量 计算,制作,表 H.14.1 其他项目制作安装,,,03
03,通用安装工程,H,工业管道工程,030814,其他项目制作安装,030814010,中压螺旋卷 管虾体弯,"1.材质
2.规格
3.焊接方法",个,按设计图示数量 计算,制作,表 H.14.1 其他项目制作安装,,,03
03,通用安装工程,H,工业管道工程,030814,其他项目制作安装,030814011,"不锈钢管虾
体弯","1.材质
2.规格
3.焊接方法
4.充氩保护方式",个,按设计图示数量 计算,"1.制作
2.焊口充氩保护",表 H.14.1 其他项目制作安装,,,03
03,通用安装工程,H,工业管道工程,030814,其他项目制作安装,030814012,铝及铝合金 管虾体弯,"1.材质
2.规格
3.焊接方法",个,按设计图示数量 计算,制作,表 H.14.1 其他项目制作安装,,,03
03,通用安装工程,H,工业管道工程,030814,其他项目制作安装,030814013,铜及铜合金 管虾体弯,"1.材质
2.规格
3.焊接方法",个,按设计图示数量 计算,制作,表 H.14.1 其他项目制作安装,,,03
03,通用安装工程,H,工业管道工程,030814,其他项目制作安装,030814014,管道清洁,"1.名称
2.清洁介质",m,按设计图示管道 中心线以长度计算,清洁,表 H.14.1 其他项目制作安装,,,03
03,通用安装工程,J,消防工程,030901,水灭火系统,030901001,水喷淋钢管,"1.安装部位
2.材质、规格
3.连接形式",m,按设计图示管道 中心线以长度计算,"1.管道安装
2.压力试验 3.冲洗
4.管道标识
5.管件安装",表 J.1.1 水灭火系统,,,03
03,通用安装工程,J,消防工程,030901,水灭火系统,030901002,消火栓钢管,"1.安装部位
2.材质、规格
3.连接形式",m,按设计图示管道 中心线以长度计算,"1.管道安装
2.压力试验 3.冲洗
4.管道标识
5.管件安装",表 J.1.1 水灭火系统,,,03
03,通用安装工程,J,消防工程,030901,水灭火系统,030901003,水喷淋(雾) 喷头,"1.安装部位
2.材质、型号、规格
3.连接形式
4.装饰盘设计要求",个,按设计图示数量 计算,"1.本体安装
2.装饰盘安装
3.严密性试验",表 J.1.1 水灭火系统,,,03
03,通用安装工程,J,消防工程,030901,水灭火系统,030901004,报警装置,"1.名称
2.型号、规格",组,按设计图示数量 计算,"1.本体安装
2.电气接线",表 J.1.1 水灭火系统,,,03
03,通用安装工程,J,消防工程,030901,水灭火系统,030901005,"温感式水幕
装置","1.型号、规格
2.连接形式",组,按设计图示数量 计算,"1.本体安装
2.电气接线",表 J.1.1 水灭火系统,,,03
03,通用安装工程,J,消防工程,030901,水灭火系统,030901006,水流指示器,"1.规格、型号
2.连接形式",个,按设计图示数量 计算,"1.本体安装
2.电气接线",表 J.1.1 水灭火系统,,,03
03,通用安装工程,J,消防工程,030901,水灭火系统,030901007,减压孔板,"1.材质、规格
2.连接形式",个,按设计图示数量 计算,本体安装,表 J.1.1 水灭火系统,,,03
03,通用安装工程,J,消防工程,030901,水灭火系统,030901008,末端试水装置,"1.规格
2.组装形式",套,按设计图示数量 计算,"1.本体安装
2.电气接线",表 J.1.1 水灭火系统,,,03
03,通用安装工程,J,消防工程,030901,水灭火系统,030901009,集热盘,"1.材质
2.规格",个,按设计图示数量 计算,本体安装,表 J.1.1 水灭火系统,,,03
03,通用安装工程,J,消防工程,030901,水灭火系统,030901010,室内消火栓,"1.安装方式
2.型号、规格
3.附件材质、规格",套,按设计图示数量 计算,"1.箱体及消火栓安装
2.配件安装",表 J.1.1 水灭火系统,,,03
03,通用安装工程,J,消防工程,030901,水灭火系统,030901011,室外消火栓,"1.安装方式
2.型号、规格
3.附件材质、规格",套,按设计图示数量 计算,"1.本体安装
2.配件安装",表 J.1.1 水灭火系统,,,03
03,通用安装工程,J,消防工程,030901,水灭火系统,030901012,消防水泵 接合器,"1.安装部位
2.型号、规格
3.附件材质、规格",套,按设计图示数量 计算,"1.本体安装
2.附件安装",表 J.1.1 水灭火系统,,,03
03,通用安装工程,J,消防工程,030901,水灭火系统,030901013,消防水炮,"1.水炮类型 2.规格
3.压力等级
4.保护半径",台,按设计图示数量 计算,本体安装,表 J.1.1 水灭火系统,,,03
03,通用安装工程,J,消防工程,030901,水灭火系统,030901014,"高压细水雾
区域阀","1.材质
2.型号
3.规格
4.连接方式",套,按设计图示数量 计算,本体安装,表 J.1.1 水灭火系统,,,03
03,通用安装工程,J,消防工程,030902,气体灭火系统,030902001,无缝钢管,"1.材质、压力等级 2.规格
3.连接方式",m,按设计图示管道 中心线以长度计算,"1.管道安装
2.压力试验 3.吹扫
4.管道标识",表 J.2.1 气体灭火系统,,,03
03,通用安装工程,J,消防工程,030902,气体灭火系统,030902002,不锈钢管,"1.材质、压力等级 2.规格
3.连接方式",m,按设计图示管道 中心线以长度计算,"1.管道安装
2.焊口充氩保护
3.压力试验
4.吹扫
5.管道标识",表 J.2.1 气体灭火系统,,,03
03,通用安装工程,J,消防工程,030902,气体灭火系统,030902003,钢制管件,"1.材质、压力等级 2.规格
3.连接方式",个,按设计图示数量 计算,管件安装,表 J.2.1 气体灭火系统,,,03
03,通用安装工程,J,消防工程,030902,气体灭火系统,030902004,不锈钢管管件,"1.材质、压力等级
2.规格",个,按设计图示数量 计算,"1.管件安装
2.管件焊口充氩保护",表 J.2.1 气体灭火系统,,,03
03,通用安装工程,J,消防工程,030902,气体灭火系统,030902005,"气体驱动装置
管道","1.材质、压力等级 2.规格
3.连接方法",m,按设计图示管道 中心线以长度计算,"1.管道安装
2.压力试验 3.吹扫
4.管道标识",表 J.2.1 气体灭火系统,,,03
03,通用安装工程,J,消防工程,030902,气体灭火系统,030902006,选择阀,"1.材质
2.型号、规格
3.连接形式",个,按设计图示数量 计算,"1.本体安装
2.压力试验",表 J.2.1 气体灭火系统,,,03
03,通用安装工程,J,消防工程,030902,气体灭火系统,030902007,气体喷头,"1.材质
2.型号、规格
3.连接形式",个,按设计图示数量 计算,喷头安装,表 J.2.1 气体灭火系统,,,03
03,通用安装工程,J,消防工程,030902,气体灭火系统,030902008,贮存装置,"1.介质、类型
2.型号、规格",套,按设计图示数量 计算,"1.贮存装置安装
2.系统组件安装
3.气体增压",表 J.2.1 气体灭火系统,,,03
03,通用安装工程,J,消防工程,030902,气体灭火系统,030902009,称重检漏装置,"1.型号
2.规格",套,按设计图示数量 计算,本体安装,表 J.2.1 气体灭火系统,,,03
03,通用安装工程,J,消防工程,030902,气体灭火系统,030902010,无管网气体 灭火装置,"1.类型
2.型号、规格
3.安装部位",套,按设计图示数量 计算,本体安装,表 J.2.1 气体灭火系统,,,03
03,通用安装工程,J,消防工程,030902,气体灭火系统,030902011,泄压装置,"1.型号
2.规格
3.安装部位",套,按设计图示数量 计算,本体安装,表 J.2.1 气体灭火系统,,,03
03,通用安装工程,J,消防工程,030903,泡沫灭火系统,030903001,泡沫发生器,"1.类型
2.型号、规格",台,按设计图示数量 计算,本体安装,表 J.3.1 泡沫灭火系统,,,03
03,通用安装工程,J,消防工程,030903,泡沫灭火系统,030903002,泡沫比例 混合器,"1.类型
2.型号、规格",台,按设计图示数量 计算,本体安装,表 J.3.1 泡沫灭火系统,,,03
03,通用安装工程,J,消防工程,030903,泡沫灭火系统,030903003,泡沫液贮罐,"1.容量
2.型号、规格",台,按设计图示数量 计算,本体安装,表 J.3.1 泡沫灭火系统,,,03
03,通用安装工程,J,消防工程,030904,火灾自动报警系统,030904001,点型探测器,"1.名称 2.规格 3.线制
4.类型",个,按设计图示数量 计算,"1.底座安装
2.探头安装
3.校接线
4.编码",表 J.4.1 火灾自动报警系统,,,03
03,通用安装工程,J,消防工程,030904,火灾自动报警系统,030904002,线型探测器,"1.名称 2.规格
3.类型",m,按设计图示长度 计算,"1.本体安装
2.校接线",表 J.4.1 火灾自动报警系统,,,03
03,通用安装工程,J,消防工程,030904,火灾自动报警系统,030904003,按钮,"1.名称
2.安装方式",个,按设计图示数量 计算,"1.本体安装
2.校接线
3.编码",表 J.4.1 火灾自动报警系统,,,03
03,通用安装工程,J,消防工程,030904,火灾自动报警系统,030904004,声光报警器,"1.名称
2.安装方式",个,按设计图示数量 计算,"1.本体安装
2.校接线
3.编码",表 J.4.1 火灾自动报警系统,,,03
03,通用安装工程,J,消防工程,030904,火灾自动报警系统,030904005,消防报警电话 插孔(电话),"1.名称
2.规格
3.安装方式",个,按设计图示数量 计算,"1.本体安装
2.校接线
3.编码",表 J.4.1 火灾自动报警系统,,,03
03,通用安装工程,J,消防工程,030904,火灾自动报警系统,030904006,"消防广播
(扬声器)","1.名称
2.功率
3.安装方式",个,按设计图示数量 计算,"1.本体安装
2.校接线
3.编码",表 J.4.1 火灾自动报警系统,,,03
03,通用安装工程,J,消防工程,030904,火灾自动报警系统,030904007,消防模块,"1.名称
2.规格 3.类型
4.输出形式",个,按设计图示数量 计算,"1.本体安装
2.校接线
3.编码",表 J.4.1 火灾自动报警系统,,,03
03,通用安装工程,J,消防工程,030904,火灾自动报警系统,030904008,消防模块箱 (端子箱、 手报箱),"1.名称
2.型号
3.规格
4.安装方式",台,按设计图示数量 计算,本体安装,表 J.4.1 火灾自动报警系统,,,03
03,通用安装工程,J,消防工程,030904,火灾自动报警系统,030904009,"区域报警控
制器","1.名称
2.线制
3.安装方式
4.控制点数量
5.显示器类型",台,按设计图示数量 计算,"1.本体安装
2.校接线
3.标识",表 J.4.1 火灾自动报警系统,,,03
03,通用安装工程,J,消防工程,030904,火灾自动报警系统,030904010,楼层火灾 显示器,"1.名称
2.线制
3.安装方式
4.控制点数量
5.显示器类型",台,按设计图示数量 计算,"1.本体安装
2.校接线
3.标识",表 J.4.1 火灾自动报警系统,,,03
03,通用安装工程,J,消防工程,030904,火灾自动报警系统,030904011,远程控制器,"1.规格
2.控制回路",台,按设计图示数量 计算,"1.本体安装
2.校接线
3.标识",表 J.4.1 火灾自动报警系统,,,03
03,通用安装工程,J,消防工程,030904,火灾自动报警系统,030904012,"火灾报警系统
控制主机","1.规格、线制
2.控制回路
3.安装方式
4.控制点数",台,按设计图示数量 计算,"1.本体安装
2.校接线",表 J.4.1 火灾自动报警系统,,,03
03,通用安装工程,J,消防工程,030904,火灾自动报警系统,030904013,联动控制主机,"1.规格、线制
2.控制回路
3.安装方式
4.控制点数",台,按设计图示数量 计算,"1.本体安装
2.校接线",表 J.4.1 火灾自动报警系统,,,03
03,通用安装工程,J,消防工程,030904,火灾自动报警系统,030904014,消防广播及 对讲电话主机,"1.规格、线制
2.控制回路
3.安装方式
4.控制点数",台,按设计图示数量 计算,"1.本体安装
2.校接线",表 J.4.1 火灾自动报警系统,,,03
03,通用安装工程,J,消防工程,030904,火灾自动报警系统,030904015,火灾报警控制 微机,"1.规格
2.安装方式",台,按设计图示数量 计算,本体安装,表 J.4.1 火灾自动报警系统,,,03
03,通用安装工程,J,消防工程,030904,火灾自动报警系统,030904016,备用电源及 电池主机,"1.名称
2.容量
3.安装方式",套,按设计图示数量 计算,本体安装,表 J.4.1 火灾自动报警系统,,,03
03,通用安装工程,J,消防工程,030904,火灾自动报警系统,030904017,"报警联动一
体机","1.名称
2.规格、线制
3.控制点数
4.安装方式",台,按设计图示数量 计算,"1.本体安装
2.校接线",表 J.4.1 火灾自动报警系统,,,03
03,通用安装工程,J,消防工程,030904,火灾自动报警系统,030904018,机柜,"1.规格
2.安装方式",台,按设计图示数量 计算,"1.本体安装
2.本体接地",表 J.4.1 火灾自动报警系统,,,03
03,通用安装工程,J,消防工程,030905,空气采样探测报警系统,030905001,"吸气式烟雾
探测器","1.名称 2.规格 3.线制
4.类型",个,按设计图示数量 计算,"1.本体安装
2.校接线",表 J.5.1 空气采样探测报警系统,,,03
03,通用安装工程,J,消防工程,030905,空气采样探测报警系统,030905002,空气采样管,"1.名称
2.规格
3.安装方式",m,按设计图示长度 计算,"1.采样管制作
2.采样管敷设",表 J.5.1 空气采样探测报警系统,,,03
03,通用安装工程,J,消防工程,030906,防火门监控报警系统,030906001,"防火门监控
主机","1.名称
2.规格
3.线制
4.安装方式
5.控制点数",台,按设计图示数量 计算,"1.本体安装
2.校接线",表 J.6.1 防火门监控报警系统,,,03
03,通用安装工程,J,消防工程,030906,防火门监控报警系统,030906002,防火门监控器,"1.名称
2.规格
3.线制
4.安装方式
5.控制点数",个,按设计图示数量 计算,"1.本体安装
2.校接线",表 J.6.1 防火门监控报警系统,,,03
03,通用安装工程,J,消防工程,030906,防火门监控报警系统,030906003,监控模块,"1.名称 2.规格
3.类型",个,按设计图示数量 计算,"1.本体安装
2.校接线
3.编码",表 J.6.1 防火门监控报警系统,,,03
03,通用安装工程,J,消防工程,030907,电气火灾监控系统,030907001,监控主机,"1.名称
2.规格
3.线制
4.安装方式
5.控制点数",台,按设计图示数量 计算,"1.本体安装
2.校接线",表 J.7.1 电气火灾监控系统,,,03
03,通用安装工程,J,消防工程,030907,电气火灾监控系统,030907002,"剩余电流式
监控探测器","1.名称 2.规格
3.类型",个,按设计图示数量 计算,"1.本体安装
2.校接线
3.编码",表 J.7.1 电气火灾监控系统,,,03
03,通用安装工程,J,消防工程,030907,电气火灾监控系统,030907003,"测温式监控
探测器","1.名称 2.规格
3.类型",个,按设计图示数量 计算,"1.本体安装
2.校接线
3.编码",表 J.7.1 电气火灾监控系统,,,03
03,通用安装工程,J,消防工程,030907,电气火灾监控系统,030907004,温度传感器,"1.名称 2.规格
3.类型",个,按设计图示数量 计算,"1.本体安装
2.校接线
3.编码",表 J.7.1 电气火灾监控系统,,,03
03,通用安装工程,J,消防工程,030907,电气火灾监控系统,030907005,隔离器,"1.名称 2.规格
3.类型",个,按设计图示数量 计算,"1.本体安装
2.校接线
3.编码",表 J.7.1 电气火灾监控系统,,,03
03,通用安装工程,J,消防工程,030908,消防电源监控系统,030908001,状态监控主机,"1.名称
2.规格
3.线制
4.安装方式
5.控制点数",台,按设计图示数量 计算,"1.本体安装
2.校接线",表 J.8.1 消防电源监控系统,,,03
03,通用安装工程,J,消防工程,030908,消防电源监控系统,030908002,电流传感器,"1.名称 2.规格
3.类型",个,按设计图示数量 计算,"1.本体安装
2.校接线
3.编码",表 J.8.1 消防电源监控系统,,,03
03,通用安装工程,J,消防工程,030908,消防电源监控系统,030908003,电压传感器,"1.名称 2.规格
3.类型",个,按设计图示数量 计算,"1.本体安装
2.校接线
3.编码",表 J.8.1 消防电源监控系统,,,03
03,通用安装工程,J,消防工程,030909,消防系统调试,030909001,水灭火控制 装置调试,系统形式,点,按控制装置的点 数计算,调试,表 J.9.1 消防系统调试,,,03
03,通用安装工程,J,消防工程,030909,消防系统调试,030909002,"气体灭火系统
装置调试","1.试验容器规格
2.气体试喷",点,按调试、检验和 验收所消耗的试验 容器总数计算,"1.模拟喷气试验
2.备用灭火器贮存容 器切换操作试验
3.气体试喷",表 J.9.1 消防系统调试,,,03
03,通用安装工程,J,消防工程,030909,消防系统调试,030909003,自动报警 系统调试,"1.点数
2.线制",系统,按设计图示系统 计算,调试,表 J.9.1 消防系统调试,,,03
03,通用安装工程,J,消防工程,030909,消防系统调试,030909004,消防广播 系统调试,"1.点数
2.线制",系统,按设计图示系统 计算,调试,表 J.9.1 消防系统调试,,,03
03,通用安装工程,J,消防工程,030909,消防系统调试,030909005,"消防电话
系统调试","1.点数
2.线制",系统,按设计图示系统 计算,调试,表 J.9.1 消防系统调试,,,03
03,通用安装工程,J,消防工程,030909,消防系统调试,030909006,防火控制 装置调试,"1.名称
2.类型",个,按设计图示数量 计算,调试,表 J.9.1 消防系统调试,,,03
03,通用安装工程,J,消防工程,030909,消防系统调试,030909007,空气采样探测 报警系统调试,"1.点数
2.线制",系统,按设计图示系统 计算,调试,表 J.9.1 消防系统调试,,,03
03,通用安装工程,J,消防工程,030909,消防系统调试,030909008,防火门监控 系统调试,"1.点数
2.线制",系统,按设计图示系统 计算,调试,表 J.9.1 消防系统调试,,,03
03,通用安装工程,J,消防工程,030909,消防系统调试,030909009,电气火灾监控 系统调试,"1.点数
2.线制",系统,按设计图示系统 计算,调试,表 J.9.1 消防系统调试,,,03
03,通用安装工程,J,消防工程,030909,消防系统调试,030909010,消防电源监控 系统调试,"1.点数
2.线制",系统,按设计图示系统 计算,调试,表 J.9.1 消防系统调试,,,03
03,通用安装工程,J,消防工程,030910,其他消防器具,030910001,灭火器,"1.形式
2.规格、型号",具,按设计图示数量 计算,本体放置,表 J.10.1 其他消防器具,,,03
03,通用安装工程,J,消防工程,030910,其他消防器具,030910002,灭火器箱,"1.安装方式
2.型号、规格",个,按设计图示数量 计算,本体安装,表 J.10.1 其他消防器具,,,03
03,通用安装工程,J,消防工程,030910,其他消防器具,030910003,"超细干粉
灭火装置","1.安装形式
2.规格、型号",套,按设计图示数量 计算,本体安装,表 J.10.1 其他消防器具,,,03
03,通用安装工程,J,消防工程,030910,其他消防器具,030910004,"自给正压式
空气呼吸器","1.型号
2.规格
3.性能参数",套,按设计图示数量 计算,本体安装,表 J.10.1 其他消防器具,,,03
03,通用安装工程,K,给排水、采暖、燃气工程,031001,给排水、采暖、燃气管道,031001001,铸铁管,"1.材质
2.规格
3.连接形式
4.接口材料
5.压力试验及吹、 洗设计要求
6.警示带形式
7.安装部位
8.介质",m,按设计图示管道 中心线以长度计算,"1.管道安装
2.管件安装
3.压力试验
4.吹扫、冲洗
5.警示带铺设",表 K.1.1 给排水、采暖、燃气管道,,,03
03,通用安装工程,K,给排水、采暖、燃气工程,031001,给排水、采暖、燃气管道,031001002,镀锌钢管,"1.材质
2.规格
3.压力等级
4.连接形式
5.管卡材质
6.压力试验及吹、 洗设计要求
7.警示带形式
8.安装部位
9.介质",m,按设计图示管道 中心线以长度计算,"1.管道安装
2.管件制作、安装
3.管卡制作安装
4.压力试验
5.吹扫、冲洗
6.警示带铺设",表 K.1.1 给排水、采暖、燃气管道,,,03
03,通用安装工程,K,给排水、采暖、燃气工程,031001,给排水、采暖、燃气管道,031001003,无缝钢管,"1.材质
2.规格
3.压力等级
4.连接形式
5.管卡材质
6.压力试验及吹、 洗设计要求
7.警示带形式
8.安装部位
9.介质",m,按设计图示管道 中心线以长度计算,"1.管道安装
2.管件制作、安装
3.管卡制作安装
4.压力试验
5.吹扫、冲洗
6.警示带铺设",表 K.1.1 给排水、采暖、燃气管道,,,03
03,通用安装工程,K,给排水、采暖、燃气工程,031001,给排水、采暖、燃气管道,031001004,焊接钢管,"1.材质
2.规格
3.压力等级
4.连接形式
5.管卡材质
6.压力试验及吹、 洗设计要求
7.警示带形式
8.安装部位
9.介质",m,按设计图示管道 中心线以长度计算,"1.管道安装
2.管件制作、安装
3.管卡制作安装
4.压力试验
5.吹扫、冲洗
6.警示带铺设",表 K.1.1 给排水、采暖、燃气管道,,,03
03,通用安装工程,K,给排水、采暖、燃气工程,031001,给排水、采暖、燃气管道,031001005,铜管,"1.材质
2.规格
3.压力等级
4.连接形式
5.管卡材质
6.压力试验及吹、 洗设计要求
7.警示带形式
8.安装部位
9.介质",m,按设计图示管道 中心线以长度计算,"1.管道安装
2.管件制作、安装
3.管卡制作安装
4.压力试验
5.吹扫、冲洗
6.警示带铺设",表 K.1.1 给排水、采暖、燃气管道,,,03
03,通用安装工程,K,给排水、采暖、燃气工程,031001,给排水、采暖、燃气管道,031001006,不锈钢管,"1.材质
2.规格
3.压力等级
4.连接形式
5.管卡材质
6.压力试验及吹、 洗设计要求
7.警示带形式
8.安装部位
9.介质",m,按设计图示管道 中心线以长度计算,"1.管道安装
2.管件制作、安装
3.管卡制作安装
4.压力试验
5.吹扫、冲洗
6.警示带铺设",表 K.1.1 给排水、采暖、燃气管道,,,03
03,通用安装工程,K,给排水、采暖、燃气工程,031001,给排水、采暖、燃气管道,031001007,复合管,"1.材质
2.规格
3.连接形式
4.管卡材质
5.压力试验及吹、 洗设计要求
6.警示带形式
7.安装部位
8.介质",m,按设计图示管道 中心线以长度计算,"1.管道安装
2.管件安装
3.管卡制作安装
4.压力试验
5.吹扫、冲洗
6.警示带铺设",表 K.1.1 给排水、采暖、燃气管道,,,03
03,通用安装工程,K,给排水、采暖、燃气工程,031001,给排水、采暖、燃气管道,031001008,塑料管,"1.材质
2.规格
3.连接形式
4.管卡材质
5.压力试验及吹、 洗设计要求
6.警示带形式
7.安装部位
8.介质",m,按设计图示管道 中心线以长度计算,"1.管道安装
2.管件安装
3.管卡制作安装
4.压力试验
5.吹扫、冲洗
6.警示带铺设",表 K.1.1 给排水、采暖、燃气管道,,,03
03,通用安装工程,K,给排水、采暖、燃气工程,031001,给排水、采暖、燃气管道,031001009,成品地沟,"1.材质
2.规格
3.连接形式
4.安装部位",m,按设计图示中心 线以长度计算,安装,表 K.1.1 给排水、采暖、燃气管道,,,03
03,通用安装工程,K,给排水、采暖、燃气工程,031001,给排水、采暖、燃气管道,031001010,室外管道碰头,"1.材质
2.规格
3.连接形式
4.碰头形式 5.介质",处,按设计图示以处 计算,"1.碰头
2.接口处防腐
3.接口处绝热及保 护层",表 K.1.1 给排水、采暖、燃气管道,,,03
03,通用安装工程,K,给排水、采暖、燃气工程,031001,给排水、采暖、燃气管道,031001011,阻火圈,"1.材质
2.规格",个,按设计图示以个 计算,安装,表 K.1.1 给排水、采暖、燃气管道,,,03
03,通用安装工程,K,给排水、采暖、燃气工程,031001,给排水、采暖、燃气管道,031001012,止水节,"1.材质
2.规格",个,按设计图示以个 计算,安装,表 K.1.1 给排水、采暖、燃气管道,,,03
03,通用安装工程,K,给排水、采暖、燃气工程,031002,管道附件,031002001,金属阀门,"1.类型
2.材质
3.规格、压力等级
4.连接形式",个,按设计图示数量 计算,"1.阀门连接
2.试压检查
3.配合调试",表 K.2.1 管道附件,,,03
03,通用安装工程,K,给排水、采暖、燃气工程,031002,管道附件,031002002,"带短管甲乙
阀门","1.材质
2.规格、压力等级
3.连接形式
4.接口方式及材质",个,按设计图示数量 计算,"1.阀门连接
2.试压检查
3.配合调试",表 K.2.1 管道附件,,,03
03,通用安装工程,K,给排水、采暖、燃气工程,031002,管道附件,031002003,塑料阀门,"1.规格
2.连接形式",个,按设计图示数量 计算,安装,表 K.2.1 管道附件,,,03
03,通用安装工程,K,给排水、采暖、燃气工程,031002,管道附件,031002004,减压器,"1.材质
2.规格、压力等级
3.连接形式
4.附件配置",组,按设计图示数量 计算,组装,表 K.2.1 管道附件,,,03
03,通用安装工程,K,给排水、采暖、燃气工程,031002,管道附件,031002005,疏水器,"1.材质
2.规格、压力等级
3.连接形式
4.附件配置",组,按设计图示数量 计算,组装,表 K.2.1 管道附件,,,03
03,通用安装工程,K,给排水、采暖、燃气工程,031002,管道附件,031002006,"除污器
(过滤器)","1.材质
2.规格、压力等级
3.连接形式
4.附件配置",组,按设计图示数量 计算,安装,表 K.2.1 管道附件,,,03
03,通用安装工程,K,给排水、采暖、燃气工程,031002,管道附件,031002007,补偿器,"1.类型
2.材质
3.规格、压力等级
4.连接形式",个,按设计图示数量 计算,安装,表 K.2.1 管道附件,,,03
03,通用安装工程,K,给排水、采暖、燃气工程,031002,管道附件,031002008,软接头(软管),"1.材质
2.规格
3.连接形式",根,按设计图示数量 计算,安装,表 K.2.1 管道附件,,,03
03,通用安装工程,K,给排水、采暖、燃气工程,031002,管道附件,031002009,法兰,"1.材质
2.规格、压力等级
3.连接形式",副,按设计图示数量 计算,安装,表 K.2.1 管道附件,,,03
03,通用安装工程,K,给排水、采暖、燃气工程,031002,管道附件,031002010,倒流防止器,"1.材质
2.型号
3.规格
4.连接形式
5.附件配置",套,按设计图示数量 计算,安装,表 K.2.1 管道附件,,,03
03,通用安装工程,K,给排水、采暖、燃气工程,031002,管道附件,031002011,水表,"1.类型
2.型号
3.规格
4.连接形式
5.附件配置",组(个),按设计图示数量 计算,"1.组装
2.安装",表 K.2.1 管道附件,,,03
03,通用安装工程,K,给排水、采暖、燃气工程,031002,管道附件,031002012,热量表,"1.类型
2.型号
3.规格
4.连接形式
5.附件配置",组(个),按设计图示数量 计算,安装,表 K.2.1 管道附件,,,03
03,通用安装工程,K,给排水、采暖、燃气工程,031002,管道附件,031002013,"塑料排水管
消声器","1.规格
2.连接形式",个,按设计图示数量 计算,安装,表 K.2.1 管道附件,,,03
03,通用安装工程,K,给排水、采暖、燃气工程,031002,管道附件,031002014,浮标液面计,"1.规格
2.连接形式",组,按设计图示数量 计算,安装,表 K.2.1 管道附件,,,03
03,通用安装工程,K,给排水、采暖、燃气工程,031002,管道附件,031002015,"浮漂
水位标尺","1.规格
2.用途",套,按设计图示数量 计算,安装,表 K.2.1 管道附件,,,03
03,通用安装工程,K,给排水、采暖、燃气工程,031002,管道附件,031002016,水锤消除器,"1.规格
2.连接形式",个,按设计图示数量 计算,安装,表 K.2.1 管道附件,,,03
03,通用安装工程,K,给排水、采暖、燃气工程,031002,管道附件,031002017,成品表箱,"1.材质
2.规格",个,按设计图示数量 计算,安装,表 K.2.1 管道附件,,,03
03,通用安装工程,K,给排水、采暖、燃气工程,031003,卫生器具,031003001,浴缸,"1.类型
2.材质
3.规格
4.安装方式",组,按设计图示数量 计算,"1.器具安装
2.附件安装
3.打硅胶",表 K.3.1 卫生器具,,,03
03,通用安装工程,K,给排水、采暖、燃气工程,031003,卫生器具,031003002,净身盆,"1.类型
2.材质
3.规格
4.安装方式",组,按设计图示数量 计算,"1.器具安装
2.附件安装
3.打硅胶",表 K.3.1 卫生器具,,,03
03,通用安装工程,K,给排水、采暖、燃气工程,031003,卫生器具,031003003,洗脸盆,"1.类型
2.材质
3.规格
4.安装方式",组,按设计图示数量 计算,"1.器具安装
2.附件安装
3.打硅胶",表 K.3.1 卫生器具,,,03
03,通用安装工程,K,给排水、采暖、燃气工程,031003,卫生器具,031003004,洗涤盆,"1.类型
2.材质
3.规格
4.安装方式",组,按设计图示数量 计算,"1.器具安装
2.附件安装
3.打硅胶",表 K.3.1 卫生器具,,,03
03,通用安装工程,K,给排水、采暖、燃气工程,031003,卫生器具,031003005,化验盆,"1.类型
2.材质
3.规格
4.安装方式",组,按设计图示数量 计算,"1.器具安装
2.附件安装
3.打硅胶",表 K.3.1 卫生器具,,,03
03,通用安装工程,K,给排水、采暖、燃气工程,031003,卫生器具,031003006,大便器,"1.类型
2.材质
3.规格
4.安装方式",组,按设计图示数量 计算,"1.器具安装
2.附件安装
3.打硅胶",表 K.3.1 卫生器具,,,03
03,通用安装工程,K,给排水、采暖、燃气工程,031003,卫生器具,031003007,小便器,"1.类型
2.材质
3.规格
4.安装方式",组,按设计图示数量 计算,"1.器具安装
2.附件安装
3.打硅胶",表 K.3.1 卫生器具,,,03
03,通用安装工程,K,给排水、采暖、燃气工程,031003,卫生器具,031003008,"其他成品
卫生器具","1.类型
2.材质
3.规格
4.安装方式",组,按设计图示数量 计算,"1.器具安装
2.附件安装
3.打硅胶",表 K.3.1 卫生器具,,,03
03,通用安装工程,K,给排水、采暖、燃气工程,031003,卫生器具,031003009,烘手器,"1.材质 2.型号
3.规格",个,按设计图示数量 计算,安装,表 K.3.1 卫生器具,,,03
03,通用安装工程,K,给排水、采暖、燃气工程,031003,卫生器具,031003010,淋浴器,"1.材质
2.规格
3.组装形式",套,按设计图示数量 计算,"1.器具安装
2.附件安装
3.打硅胶",表 K.3.1 卫生器具,,编码重复出现,03
03,通用安装工程,K,给排水、采暖、燃气工程,031003,卫生器具,031003011,淋浴间,"1.材质
2.规格
3.组装形式",套,按设计图示数量 计算,"1.器具安装
2.附件安装
3.打硅胶",表 K.3.1 卫生器具,,,03
03,通用安装工程,K,给排水、采暖、燃气工程,031003,卫生器具,031003012,桑拿浴房,"1.材质
2.规格
3.组装形式",套,按设计图示数量 计算,"1.器具安装
2.附件安装
3.打硅胶",表 K.3.1 卫生器具,,,03
03,通用安装工程,K,给排水、采暖、燃气工程,031003,卫生器具,031003013,"大、小便槽
自动冲洗
水箱","1.类型
2.材质
3.容积(L)
4.水箱",套,按设计图示数量 计算,"1.制作
2.安装
3.支架制作、安装
4.除锈、刷油",表 K.3.1 卫生器具,,,03
03,通用安装工程,K,给排水、采暖、燃气工程,031003,卫生器具,031003014,给、排水附件,"1.类型 2.材质 3.型号
4.规格",个,按设计图示数量 计算,安装,表 K.3.1 卫生器具,,,03
03,通用安装工程,K,给排水、采暖、燃气工程,031003,卫生器具,031003015,小便槽冲洗管,"1.材质
2.规格",m,按设计图示数量 计算,"1.制作
2.安装",表 K.3.1 卫生器具,,,03
03,通用安装工程,K,给排水、采暖、燃气工程,031003,卫生器具,031003016,蒸汽-水加热器,"1.类型
2.型号
3.规格
4.安装方式",套,按设计图示数量 计算,"1.制作
2.安装",表 K.3.1 卫生器具,,,03
03,通用安装工程,K,给排水、采暖、燃气工程,031003,卫生器具,031003017,冷热水混合器,"1.类型
2.型号
3.规格
4.安装方式",套,按设计图示数量 计算,"1.制作
2.安装",表 K.3.1 卫生器具,,,03
03,通用安装工程,K,给排水、采暖、燃气工程,031003,卫生器具,031003018,饮水器,"1.类型
2.型号
3.规格
4.安装方式",套,按设计图示数量 计算,安装,表 K.3.1 卫生器具,,,03
03,通用安装工程,K,给排水、采暖、燃气工程,031003,卫生器具,031003019,隔油器,"1.类型
2.型号
3.规格
4.安装方式",套,按设计图示数量 计算,安装,表 K.3.1 卫生器具,,,03
03,通用安装工程,K,给排水、采暖、燃气工程,031004,供暖器具,031004001,铸铁散热器,"1.类型
2.型号
3.规格
4.器具防腐
5.安装方式",组,按设计图示数量 计算,"1.组对、安装
2.水压试验
3.托架制作、安装
4.除锈、刷油
5.拉条制作、安装",表 K.4.1 供暖器具,,,03
03,通用安装工程,K,给排水、采暖、燃气工程,031004,供暖器具,031004002,钢制散热器,"1.类型
2.型号 3规格",组,按设计图示数量 计算,"1.安装
2.水压试验
3.托架安装",表 K.4.1 供暖器具,,,03
03,通用安装工程,K,给排水、采暖、燃气工程,031004,供暖器具,031004003,其他成品 散热器,"1.类型 2.材质 3.型号
4.规格",组,按设计图示数量 计算,"1.安装
2.水压试验
3.托架安装",表 K.4.1 供暖器具,,,03
03,通用安装工程,K,给排水、采暖、燃气工程,031004,供暖器具,031004004,光排管散热器,"1.类型 2.材质 3.型号
4.规格",组,按设计图示数量 计算,"1.制作、安装
2.水压试验
3.联管制作、安装",表 K.4.1 供暖器具,,,03
03,通用安装工程,K,给排水、采暖、燃气工程,031004,供暖器具,031004005,暖风机,"1.型号 2.规格
3.质量",台,按设计图示数量 计算,安装,表 K.4.1 供暖器具,,,03
03,通用安装工程,K,给排水、采暖、燃气工程,031004,供暖器具,031004006,地板辐射采暖,"1.管道材质
2.管道规格
3.管道间距
4.反射铝膜要求
5.保温层材质、厚度
6.钢丝网设计要求",m,按设计图示实铺 面积计算,"1.保温层及钢丝网 铺设
2.管道排布、绑扎、 固定
3.与分集水器连接
4.水压试验、冲洗",表 K.4.1 供暖器具,,,03
03,通用安装工程,K,给排水、采暖、燃气工程,031004,供暖器具,031004007,"热媒集配
装置","1.类型 2.材质
3.规格",组,按设计图示数量 计算,"1.制作
2.安装
3.附件安装",表 K.4.1 供暖器具,,,03
03,通用安装工程,K,给排水、采暖、燃气工程,031004,供暖器具,031004008,集气罐,"1.类型 2.材质
3.规格",个,按设计图示数量 计算,"1.制作
2.安装",表 K.4.1 供暖器具,,,03
03,通用安装工程,K,给排水、采暖、燃气工程,031004,供暖器具,031004009,采暖入口装置,"1.材质
2.型号
3.规格
4.连接方式
5.安装部位",组,按设计图示数量 计算,"1.附件安装
2.循环管安装
3.压力试验、冲洗",表 K.4.1 供暖器具,,,03
03,通用安装工程,K,给排水、采暖、燃气工程,031005,采暖、给排水设备,031005001,变频给水设备,"1.型号
2.质量
3 . 水 泵 主 要 技 术 参数
4.减震装置形式",套,按设计图示数量 计算,"1.设备安装
2.附件安装
3.减震装置制作、安装",表 K.5.1 采暖、给排水设备,,,03
03,通用安装工程,K,给排水、采暖、燃气工程,031005,采暖、给排水设备,031005002,稳压给水设备,"1.型号
2.质量
3 . 水 泵 主 要 技 术 参数
4.减震装置形式",套,按设计图示数量 计算,"1.设备安装
2.附件安装
3.减震装置制作、安装",表 K.5.1 采暖、给排水设备,,,03
03,通用安装工程,K,给排水、采暖、燃气工程,031005,采暖、给排水设备,031005003,"无负压给水
设备","1.型号
2.质量
3 . 水 泵 主 要 技 术 参数
4.减震装置形式",套,按设计图示数量 计算,"1.设备安装
2.附件安装
3.减震装置制作、安装",表 K.5.1 采暖、给排水设备,,,03
03,通用安装工程,K,给排水、采暖、燃气工程,031005,采暖、给排水设备,031005004,气压罐,"1.型号
2.规格",台,按设计图示数量 计算,安装,表 K.5.1 采暖、给排水设备,,,03
03,通用安装工程,K,给排水、采暖、燃气工程,031005,采暖、给排水设备,031005005,"太阳能集热
装置","1.类型 2.型号
3.规格",套,按设计图示数量 计算,"1.安装
2.附件安装",表 K.5.1 采暖、给排水设备,,,03
03,通用安装工程,K,给排水、采暖、燃气工程,031005,采暖、给排水设备,031005006,"地源(水源、 气源)热泵
机组","1.型号
2.设备质量
3.减震装置形式",组,按设计图示数量 计算,"1.安装
2.减震装置制作、安装",表 K.5.1 采暖、给排水设备,,,03
03,通用安装工程,K,给排水、采暖、燃气工程,031005,采暖、给排水设备,031005007,除砂器,"1.型号
2.水处理量(m³/h)",台,按设计图示数量 计算,"1.设备及附件安装
2.接管",表 K.5.1 采暖、给排水设备,,,03
03,通用安装工程,K,给排水、采暖、燃气工程,031005,采暖、给排水设备,031005008,水处理器,"1.类型 2.型号
3.规格",台,按设计图示数量 计算,"1.设备及附件安装
2.接管",表 K.5.1 采暖、给排水设备,,,03
03,通用安装工程,K,给排水、采暖、燃气工程,031005,采暖、给排水设备,031005009,超声波 灭藻设备,"1.类型 2.型号
3.规格",台,按设计图示数量 计算,"1.设备及附件安装
2.接管",表 K.5.1 采暖、给排水设备,,,03
03,通用安装工程,K,给排水、采暖、燃气工程,031005,采暖、给排水设备,031005010,水箱自洁器,"1.类型 2.型号
3.规格",台,按设计图示数量 计算,"1.设备及附件安装
2.接管",表 K.5.1 采暖、给排水设备,,,03
03,通用安装工程,K,给排水、采暖、燃气工程,031005,采暖、给排水设备,031005011,水质净化器,"1.类型 2.型号
3.规格",台,按设计图示数量 计算,"1.设备及附件安装
2.接管",表 K.5.1 采暖、给排水设备,,,03
03,通用安装工程,K,给排水、采暖、燃气工程,031005,采暖、给排水设备,031005012,"紫外线杀菌
设备","1.型号
2.规格",台,按设计图示数量 计算,"1.设备及附件安装
2.接管",表 K.5.1 采暖、给排水设备,,,03
03,通用安装工程,K,给排水、采暖、燃气工程,031005,采暖、给排水设备,031005013,热水器 、 开水炉,"1.型号
2.连接形式 3.容积
4.安装方式
5.能源种类",台,按设计图示数量 计算,"1.安装
2.附件安装",表 K.5.1 采暖、给排水设备,,,03
03,通用安装工程,K,给排水、采暖、燃气工程,031005,采暖、给排水设备,031005014,消毒器 、 消毒锅,"1.类型 2.型号
3.规格",台,按设计图示数量 计算,安装,表 K.5.1 采暖、给排水设备,,,03
03,通用安装工程,K,给排水、采暖、燃气工程,031005,采暖、给排水设备,031005015,直饮水设备,"1.型号
2.规格",套,按设计图示数量 计算,安装,表 K.5.1 采暖、给排水设备,,,03
03,通用安装工程,K,给排水、采暖、燃气工程,031005,采暖、给排水设备,031005016,水箱,"1.类型 2.材质 3.容量
4.规格",台,按设计图示数量 计算,"1.制作
2.安装",表 K.5.1 采暖、给排水设备,,,03
03,通用安装工程,K,给排水、采暖、燃气工程,031005,采暖、给排水设备,031005017,地源热泵集 (分)水器,"1.类型 2.型号
3.规格",台,按设计图示数量 计算,安装,表 K.5.1 采暖、给排水设备,,,03
03,通用安装工程,K,给排水、采暖、燃气工程,031005,采暖、给排水设备,031005018,地源热泵 系统地埋管,"1.材质
2.规格
3.连接形式
4.接口材料
5.警示带形式 6.介质",m,按设计图示管道 中心线以长度计算,"1.管道安装
2.管件安装
3.压力试验
4.吹扫、冲洗
5.警示带铺设",表 K.5.1 采暖、给排水设备,,,03
03,通用安装工程,K,给排水、采暖、燃气工程,031006,燃气器具及其他,031006001,燃气开水炉,"1.型号
2.容量",台,按设计图示数量 计算,"1.安装
2.附件安装",表 K.6.1 燃气器具及其他,,,03
03,通用安装工程,K,给排水、采暖、燃气工程,031006,燃气器具及其他,031006002,燃气采暖炉,"1.型号
2.容量",台,按设计图示数量 计算,"1.安装
2.附件安装",表 K.6.1 燃气器具及其他,,,03
03,通用安装工程,K,给排水、采暖、燃气工程,031006,燃气器具及其他,031006003,燃气沸水器、 消毒器,"1.类型 2.型号
3.容量",台,按设计图示数量 计算,"1.安装
2.附件安装",表 K.6.1 燃气器具及其他,,,03
03,通用安装工程,K,给排水、采暖、燃气工程,031006,燃气器具及其他,031006004,燃气热水器,"1.类型 2.型号
3.容量",台,按设计图示数量 计算,"1.安装
2.附件安装",表 K.6.1 燃气器具及其他,,,03
03,通用安装工程,K,给排水、采暖、燃气工程,031006,燃气器具及其他,031006005,燃气表,"1.类型
2.型号
3.规格
4.连接方式",台,按设计图示数量 计算,"1.安装
2.托架制作、安装",表 K.6.1 燃气器具及其他,,,03
03,通用安装工程,K,给排水、采暖、燃气工程,031006,燃气器具及其他,031006006,燃气灶具,"1.类型 2.型号 3.规格
4.用途",台,按设计图示数量 计算,"1.安装
2.附件安装",表 K.6.1 燃气器具及其他,,,03
03,通用安装工程,K,给排水、采暖、燃气工程,031006,燃气器具及其他,031006007,气嘴,"1.材质
2.型号
3.规格
4.单嘴、双嘴
5.连接形式",个,按设计图示数量 计算,安装,表 K.6.1 燃气器具及其他,,,03
03,通用安装工程,K,给排水、采暖、燃气工程,031006,燃气器具及其他,031006008,调压器,"1.类型 2.型号
3.规格",台,按设计图示数量 计算,安装,表 K.6.1 燃气器具及其他,,,03
03,通用安装工程,K,给排水、采暖、燃气工程,031006,燃气器具及其他,031006009,燃气凝 水器、缸,"1.材质
2.规格
3.连接形式",个,按设计图示数量 计算,安装,表 K.6.1 燃气器具及其他,,,03
03,通用安装工程,K,给排水、采暖、燃气工程,031006,燃气器具及其他,031006010,燃气管道 调长器,"1.规格
2.压力等级
3.连接形式",个,按设计图示数量 计算,安装,表 K.6.1 燃气器具及其他,,,03
03,通用安装工程,K,给排水、采暖、燃气工程,031006,燃气器具及其他,031006011,"调压箱 、
调压装置","1.类型
2.型号
3.规格
4.安装方式",台,按设计图示数量 计算,安装,表 K.6.1 燃气器具及其他,,,03
03,通用安装工程,K,给排水、采暖、燃气工程,031006,燃气器具及其他,031006012,引入口保护罩,保护罩形式、材质,个,按设计图示数量 计算,保温罩安装,表 K.6.1 燃气器具及其他,,,03
03,通用安装工程,K,给排水、采暖、燃气工程,031007,医疗气体设备及附件,031007001,制氧机,"1.型号
2.规格",台,按设计图示数量 计算,安装,表 K.7.1 医疗气体设备及附件,,,03
03,通用安装工程,K,给排水、采暖、燃气工程,031007,医疗气体设备及附件,031007002,液氧罐,"1.型号
2.规格",台,按设计图示数量 计算,安装,表 K.7.1 医疗气体设备及附件,,,03
03,通用安装工程,K,给排水、采暖、燃气工程,031007,医疗气体设备及附件,031007003,二级稳压箱,"1.型号
2.规格",台,按设计图示数量 计算,安装,表 K.7.1 医疗气体设备及附件,,,03
03,通用安装工程,K,给排水、采暖、燃气工程,031007,医疗气体设备及附件,031007004,气体汇流排,"1.类型 2.型号
3.规格",组,按设计图示数量 计算,安装,表 K.7.1 医疗气体设备及附件,,,03
03,通用安装工程,K,给排水、采暖、燃气工程,031007,医疗气体设备及附件,031007005,集污罐,"1.型号
2.规格",台,按设计图示数量 计算,安装,表 K.7.1 医疗气体设备及附件,,,03
03,通用安装工程,K,给排水、采暖、燃气工程,031007,医疗气体设备及附件,031007006,刷手池,"1.材质
2.规格",组,按设计图示数量 计算,"1.器具安装
2.附件安装",表 K.7.1 医疗气体设备及附件,,,03
03,通用安装工程,K,给排水、采暖、燃气工程,031007,医疗气体设备及附件,031007007,医用真空罐,"1.型号
2.规格",台,按设计图示数量 计算,"1.本体安装
2.附件安装",表 K.7.1 医疗气体设备及附件,,,03
03,通用安装工程,K,给排水、采暖、燃气工程,031007,医疗气体设备及附件,031007008,汽水分离器,"1.型号
2.规格",台,按设计图示数量 计算,安装,表 K.7.1 医疗气体设备及附件,,,03
03,通用安装工程,K,给排水、采暖、燃气工程,031007,医疗气体设备及附件,031007009,干燥机,规格,台,按设计图示数量 计算,安装,表 K.7.1 医疗气体设备及附件,,,03
03,通用安装工程,K,给排水、采暖、燃气工程,031007,医疗气体设备及附件,031007010,储气罐,规格,台,按设计图示数量 计算,安装,表 K.7.1 医疗气体设备及附件,,,03
03,通用安装工程,K,给排水、采暖、燃气工程,031007,医疗气体设备及附件,031007011,空气过滤器,规格,台,按设计图示数量 计算,安装,表 K.7.1 医疗气体设备及附件,,,03
03,通用安装工程,K,给排水、采暖、燃气工程,031007,医疗气体设备及附件,031007012,集水器,规格,台,按设计图示数量 计算,安装,表 K.7.1 医疗气体设备及附件,,,03
03,通用安装工程,K,给排水、采暖、燃气工程,031007,医疗气体设备及附件,031007013,医用设备带,"1.材质
2.规格",m,按设计图示尺寸 以长度计算,安装,表 K.7.1 医疗气体设备及附件,,,03
03,通用安装工程,K,给排水、采暖、燃气工程,031007,医疗气体设备及附件,031007014,气体终端,气体种类,个,按设计图示数量 计算,安装,表 K.7.1 医疗气体设备及附件,,,03
03,通用安装工程,K,给排水、采暖、燃气工程,031008,采暖、空调水工程系统调试,031008001,"采暖工程
系统调试",,系统名称,,系统,表 K.8.1 采暖、空调水工程系统调试,,项目特征缺失; 工程量计算规则缺失; 项目特征缺失或异常 | 工程量计算规则缺失,03
03,通用安装工程,K,给排水、采暖、燃气工程,031008,采暖、空调水工程系统调试,031008002,空调水工程 系统调试,,系统名称,,系统,表 K.8.1 采暖、空调水工程系统调试,,项目特征缺失; 工程量计算规则缺失; 项目特征缺失或异常 | 工程量计算规则缺失,03
03,通用安装工程,L,通信设备及线路工程,031101,有线通信设备,031101001,"机架(柜)、
机箱","1.名称
2.型号
3.规格
4.安装方式",个,按设计图示数量 计算,"1.本体安装
2.抗震机座安装",表 L.1.1 有线通信设备,,,03
03,通用安装工程,L,通信设备及线路工程,031101,有线通信设备,031101002,总配线架,"1.类型 2.型号 3.规格
4.容量",架,按设计图示数量 计算,"1.本体安装
2.端子板安装
3.告警信号装置安装",表 L.1.1 有线通信设备,,,03
03,通用安装工程,L,通信设备及线路工程,031101,有线通信设备,031101003,保安排、 试线排,"1.名称 2.型号
3.规格",块,按设计图示数量 计算,安装,表 L.1.1 有线通信设备,,,03
03,通用安装工程,L,通信设备及线路工程,031101,有线通信设备,031101004,"数字分配架、
光分配架","1.名称 2.类型 3.型号 4.规格
5.容量",架,按设计图示数量 计算,"1.本体安装
2.端子板安装",表 L.1.1 有线通信设备,,,03
03,通用安装工程,L,通信设备及线路工程,031101,有线通信设备,031101005,保安配线箱,"1.类型 2.型号 3.规格
4.容量",个,按设计图示数量 计算,安装,表 L.1.1 有线通信设备,,,03
03,通用安装工程,L,通信设备及线路工程,031101,有线通信设备,031101006,列架、机台、 事故照明,"1.名称 2.类别 3.型号
4.规格",处,按设计图示数量 计算,"1.本体安装
2.开关、插座安装 3.试通",表 L.1.1 有线通信设备,,,03
03,通用安装工程,L,通信设备及线路工程,031101,有线通信设备,031101007,机房信号灯盘,"1.名称 2.类别 3.型号
4.规格",盘,按设计图示数量 计算,"1.安装
2.试通",表 L.1.1 有线通信设备,,,03
03,通用安装工程,L,通信设备及线路工程,031101,有线通信设备,031101008,交换设备,"1.名称 2.类型 3.型号
4.规格",架(台),按设计图示数量 计算,"1.机架、机盘、电路 板安装
2.互连",表 L.1.1 有线通信设备,,,03
03,通用安装工程,L,通信设备及线路工程,031101,有线通信设备,031101009,用户集线器 (SLC)设备,"1.类型 2.型号 3.规格
4.容量",架,按设计图示数量 计算,"1.安装
2.调测",表 L.1.1 有线通信设备,,,03
03,通用安装工程,L,通信设备及线路工程,031101,有线通信设备,031101010,告警设备,"1.名称 2.类型 3.型号
4.规格",台,按设计图示数量 计算,"1.安装 2.互连
3.调测",表 L.1.1 有线通信设备,,,03
03,通用安装工程,L,通信设备及线路工程,031101,有线通信设备,031101011,交换设备 电路板,"1.名称
2.型号",块,按设计图示数量 计算,"1.安装
2.互连",表 L.1.1 有线通信设备,,,03
03,通用安装工程,L,通信设备及线路工程,031101,有线通信设备,031101012,测量台、 业务台,3.规格,台,按设计图示数量 计算,安装,表 L.1.1 有线通信设备,,,03
03,通用安装工程,L,通信设备及线路工程,031101,有线通信设备,031101013,"交换设备
硬件调测","1.测试类别
2.测试内容",端口,按设计图示数量 计算,调测,表 L.1.1 有线通信设备,,,03
03,通用安装工程,L,通信设备及线路工程,031101,有线通信设备,031101014,"交换设备
软件调测","1.测试类别
2.测试内容",端口,按设计图示数量 计算,调测,表 L.1.1 有线通信设备,,,03
03,通用安装工程,L,通信设备及线路工程,031101,有线通信设备,031101015,"操作维护
中心设备","1.型号
2.规格",架,按设计图示数量 计算,"1.机盘、操作终端安装
2.调测",表 L.1.1 有线通信设备,,,03
03,通用安装工程,L,通信设备及线路工程,031101,有线通信设备,031101016,智能网设备,"1.名称 2.型号
3.容量",套,按设计图示数量 计算,"1.安装
2.调测",表 L.1.1 有线通信设备,,,03
03,通用安装工程,L,通信设备及线路工程,031101,有线通信设备,031101017,信令网设备,"1.类型 2.型号
3.规格",架,按设计图示数量 计算,"1.安装
2.调测",表 L.1.1 有线通信设备,,,03
03,通用安装工程,L,通信设备及线路工程,031101,有线通信设备,031101018,传输设备,"1.名称
2.型号
3.规格
4.机架(柜)规格",套(端口),按设计图示数量 计算,"1.机架(柜)安装 2.本体安装
3.加电检查
4.测试",表 L.1.1 有线通信设备,,,03
03,通用安装工程,L,通信设备及线路工程,031101,有线通信设备,031101019,单波道光 放大器,"1.名称 2.类型
3.型号",个,按设计图示数量 计算,"1.安装
2.测试",表 L.1.1 有线通信设备,,,03
03,通用安装工程,L,通信设备及线路工程,031101,有线通信设备,031101020,光电转换模块,I.型号 2.规格,端日,按设计图示数量 计算,"1.安装
2.测试",表 L.1.1 有线通信设备,,,03
03,通用安装工程,L,通信设备及线路工程,031101,有线通信设备,031101021,DXC设备连 通测试,"1.运行类别
2.测试内容",端日,按设计图示数量 计算,连通测试,表 L.1.1 有线通信设备,,,03
03,通用安装工程,L,通信设备及线路工程,031101,有线通信设备,031101022,P C M 设 备,"1.名称 2.型号
3.规格",端,按设计图示数量 计算,"1.安装
2.测试",表 L.1.1 有线通信设备,,,03
03,通用安装工程,L,通信设备及线路工程,031101,有线通信设备,031101023,波分复用设备,"1.名称 2.类型 3.型号
4.规格",端,按设计图示数量 计算,"1.安装
2.测试",表 L.1.1 有线通信设备,,,03
03,通用安装工程,L,通信设备及线路工程,031101,有线通信设备,031101024,"光分插复用器
(OADM)","1.名称 2.类型 3.型号
4.规格",系统,按设计图示数量 计算,"1.安装
2.测试",表 L.1.1 有线通信设备,,,03
03,通用安装工程,L,通信设备及线路工程,031101,有线通信设备,031101025,"光波长转换器
(OTU)","1.名称 2.类型 3.型号
4.规格",个,按设计图示数量 计算,"1.安装
2.测试",表 L.1.1 有线通信设备,,,03
03,通用安装工程,L,通信设备及线路工程,031101,有线通信设备,031101026,"光线路放大器
(OLA)","1.类型 2.型号
3.规格",系统,按设计图示数量 计算,"1.安装
2.测试",表 L.1.1 有线通信设备,,,03
03,通用安装工程,L,通信设备及线路工程,031101,有线通信设备,031101027,再生中继架,"1.名称
2.型号
3.规格
4.机架规格",架,按设计图示数量 计算,"1.安装
2.调测",表 L.1.1 有线通信设备,,,03
03,通用安装工程,L,通信设备及线路工程,031101,有线通信设备,031101028,远供电源架,"1.名称
2.型号
3.规格
4.机架规格",架,按设计图示数量 计算,"1.安装
2.调测",表 L.1.1 有线通信设备,,,03
03,通用安装工程,L,通信设备及线路工程,031101,有线通信设备,031101029,网络管理系统,"1.名称
2.类型
3.配合调测要求",套,按设计图示系统 配置计算,"1.安装
2.配合调测",表 L.1.1 有线通信设备,,,03
03,通用安装工程,L,通信设备及线路工程,031101,有线通信设备,031101030,"数字公务系统
运行试验","1.运行类别
2.测试内容",方向 ·系统,按设计图示系统 配置计算,运行试验,表 L.1.1 有线通信设备,,,03
03,通用安装工程,L,通信设备及线路工程,031101,有线通信设备,031101031,"线路段光端
对测","1.测试类别
2.测试内容",方向 ·系统,按线路段本站一 侧计算,光端对测,表 L.1.1 有线通信设备,,,03
03,通用安装工程,L,通信设备及线路工程,031101,有线通信设备,031101032,系统通道调测,"1.测试类别
2.测试内容",端口,按设计图示系统 配置计算,系统通道调测,表 L.1.1 有线通信设备,,,03
03,通用安装工程,L,通信设备及线路工程,031101,有线通信设备,031101033,保护倒换测试,"1.测试类别
2.测试内容",环 ·系统,按设计图示系统 配置计算,保护倒换测试,表 L.1.1 有线通信设备,,,03
03,通用安装工程,L,通信设备及线路工程,031101,有线通信设备,031101034,光电调测 中间站配合,"1.测试类别
2.测试内容",站,按设计图示数量 计算,中间站配合,表 L.1.1 有线通信设备,,,03
03,通用安装工程,L,通信设备及线路工程,031101,有线通信设备,031101035,光纤复测,"1.名称
2.规格
3.测试类别
4.测试内容",中继段/ 光放段,按设计图示数量 计算,光纤特性复测,表 L.1.1 有线通信设备,,,03
03,通用安装工程,L,通信设备及线路工程,031101,有线通信设备,031101036,同步网设备,"1.名称 2.种类 3.型号
4.规格",架,按设计图示数量 计算,"1.安装
2.调测",表 L.1.1 有线通信设备,,,03
03,通用安装工程,L,通信设备及线路工程,031101,有线通信设备,031101037,光线路终端 (OLT)设备,"1.名称 2.种类 3.型号
4.规格",套,按设计图示数量 计算,"1.安装
2.测试",表 L.1.1 有线通信设备,,,03
03,通用安装工程,L,通信设备及线路工程,031101,有线通信设备,031101038,"光网络单元
(ONU)","1.名称 2.种类 3.型号
4.规格","台
(子架)
台",按设计图示数量 计算,"1.安装
2.测试",表 L.1.1 有线通信设备,,,03
03,通用安装工程,L,通信设备及线路工程,031101,有线通信设备,031101039,"光网络终端
(ONT)","1.名称 2.种类 3.型号
4.规格","台
(子架)
台",按设计图示数量 计算,"1.安装
2.测试",表 L.1.1 有线通信设备,,,03
03,通用安装工程,L,通信设备及线路工程,031101,有线通信设备,031101040,OLT上联通 道测试,"1.测试类别
2.测试内容",系统,按设计图示系统 配置计算,测试光功率、光损耗,表 L.1.1 有线通信设备,,,03
03,通用安装工程,L,通信设备及线路工程,031101,有线通信设备,031101041,系统功能验证 及性能测试,"1.测试类别
2.测试内容",十线(台),按设计图示数量 计算,功能验证及性能测试,表 L.1.1 有线通信设备,,,03
03,通用安装工程,L,通信设备及线路工程,031102,无线通信设备,031102001,全向天线、 定向天线,"1.型号
2.规格
3.支撑物类型 4.部位",副,按设计图示数量 计算,本体安装,表 L.2.1 无线通信设备,,,03
03,通用安装工程,L,通信设备及线路工程,031102,无线通信设备,031102002,室内天线,"1.型号 2.规格
3.位置",副,按设计图示数量 计算,本体安装,表 L.2.1 无线通信设备,,,03
03,通用安装工程,L,通信设备及线路工程,031102,无线通信设备,031102003,卫星全球 定位系统 (GPS)天线,"1.型号
2.规格",副,按设计图示数量 计算,"1.安装
2.调测",表 L.2.1 无线通信设备,,,03
03,通用安装工程,L,通信设备及线路工程,031102,无线通信设备,031102004,移动通信馈线,"1.名称 2.型号 3.规格
4.位置",条,按设计图示数量 计算,"1.布放射频同轴电缆
2.接地",表 L.2.1 无线通信设备,,,03
03,通用安装工程,L,通信设备及线路工程,031102,无线通信设备,031102005,移动通信馈线,"1.名称 2.型号 3.规格
4.位置",m,按设计图示尺寸 以中心线长度计算,安装集束电缆(馈线),表 L.2.1 无线通信设备,,,03
03,通用安装工程,L,通信设备及线路工程,031102,无线通信设备,031102006,"天、馈线
附属设备","1.名称 2.种类 3.型号 4.规格
5.位置",个(架),按设计图示数量 计算,"1.安装
2.调测",表 L.2.1 无线通信设备,,,03
03,通用安装工程,L,通信设备及线路工程,031102,无线通信设备,031102007,馈线密封窗,规格,个,按设计图示数量 计算,安装,表 L.2.1 无线通信设备,,,03
03,通用安装工程,L,通信设备及线路工程,031102,无线通信设备,031102008,宏基站天、 馈线系统调测,"1.测试类别
2.测试内容",条,按设计图示数量 计算,系统调测,表 L.2.1 无线通信设备,,,03
03,通用安装工程,L,通信设备及线路工程,031102,无线通信设备,031102009,"室内分布
式天、馈线
系统调测","1.测试类别
2.测试内容",条,按设计图示数量 计算,系统调测,表 L.2.1 无线通信设备,,,03
03,通用安装工程,L,通信设备及线路工程,031102,无线通信设备,031102010,"泄漏式电缆
调测","1.测试类别
2.测试内容",条,按设计图示数量 计算,调测,表 L.2.1 无线通信设备,,,03
03,通用安装工程,L,通信设备及线路工程,031102,无线通信设备,031102011,基站设备,"1.名称
2.型号
3.规格
4.安装方式 5.部位
6.高度",架(台、套),按设计图示数量 计算,"1.安装
2.加电检查",表 L.2.1 无线通信设备,,,03
03,通用安装工程,L,通信设备及线路工程,031102,无线通信设备,031102012,直放站设备,"1.名称 2.型号 3.规格
4.位置",站,按设计图示数量 计算,"1.安装
2.加电检查 3.调测",表 L.2.1 无线通信设备,,,03
03,通用安装工程,L,通信设备及线路工程,031102,无线通信设备,031102013,设备板件,"1.名称 2.型号
3.规格",块,按设计图示数量 计算,"1.安装
2.加电检查",表 L.2.1 无线通信设备,,,03
03,通用安装工程,L,通信设备及线路工程,031102,无线通信设备,031102014,2G基站系统 调测,"1.测试类别
2.测试内容",站,按网络系统配置 计算,系统调测,表 L.2.1 无线通信设备,,,03
03,通用安装工程,L,通信设备及线路工程,031102,无线通信设备,031102015,"3G基站系统
调测","1.测试类别
2.测试内容",站,按网络系统配置 计算,系统调测,表 L.2.1 无线通信设备,,,03
03,通用安装工程,L,通信设备及线路工程,031102,无线通信设备,031102016,LTE/4G基站 系统调测,"1.测试类别
2.测试内容",站,按网络系统配置 计算,系统调测,表 L.2.1 无线通信设备,,,03
03,通用安装工程,L,通信设备及线路工程,031102,无线通信设备,031102017,"5G基站
系统调测","1.测试类别
2.测试内容",站,按网络系统配置 计算,系统调测,表 L.2.1 无线通信设备,,,03
03,通用安装工程,L,通信设备及线路工程,031102,无线通信设备,031102018,"操作维护
中心设备
(OMCR)","1.型号
2.规格",架,按设计图示数量 计算,"1.安装
2.调测",表 L.2.1 无线通信设备,,,03
03,通用安装工程,L,通信设备及线路工程,031102,无线通信设备,031102019,基站控制器、 编码器,"1.名称 2.型号
3.规格",架,按设计图示数量 计算,"1.安装
2.调测",表 L.2.1 无线通信设备,,,03
03,通用安装工程,L,通信设备及线路工程,031102,无线通信设备,031102020,分组控制单元,"1.名称 2.类型
3.型号",单元,按设计图示数量 计算,"1.安装
2.调测",表 L.2.1 无线通信设备,,,03
03,通用安装工程,L,通信设备及线路工程,031102,无线通信设备,031102021,"2G基站联网
调测","1.测试类别
2.测试内容",站(扇区),按网络系统配置 计算,联网调测,表 L.2.1 无线通信设备,,,03
03,通用安装工程,L,通信设备及线路工程,031102,无线通信设备,031102022,"3G基站联网
调测","1.测试类别
2.测试内容",扇区,按网络系统配置 计算,联网调测,表 L.2.1 无线通信设备,,,03
03,通用安装工程,L,通信设备及线路工程,031102,无线通信设备,031102023,LTE/4G基站 联网调测,"1.测试类别
2.测试内容",扇区,按网络系统配置 计算,联网调测,表 L.2.1 无线通信设备,,,03
03,通用安装工程,L,通信设备及线路工程,031102,无线通信设备,031102024,"5G基站
联网调测","1.测试类别
2.测试内容",扇区,按网络系统配置 计算,联网调测,表 L.2.1 无线通信设备,,,03
03,通用安装工程,L,通信设备及线路工程,031102,无线通信设备,031102025,配合基站 割接、开通,"1.站型、制式 2.型号
3.规格
4.配合要求",站,按网络系统配置 计算,配合基站割接、开通,表 L.2.1 无线通信设备,,,03
03,通用安装工程,L,通信设备及线路工程,031102,无线通信设备,031102026,微波抛物面 天线,"1.型号
2.规格
3.支撑物类型 4.部位",副,按设计图示数量 计算,"1.安装
2.调测",表 L.2.1 无线通信设备,,,03
03,通用安装工程,L,通信设备及线路工程,031102,无线通信设备,031102027,微波馈线,"1.名称 2.型号 3.规格
4.位置",条,按设计图示数量 计算,"1.安装
2.调测",表 L.2.1 无线通信设备,,,03
03,通用安装工程,L,通信设备及线路工程,031102,无线通信设备,031102028,分路系统,"1.型号 2.规格
3.位置",套,按设计图示数量 计算,安装,表 L.2.1 无线通信设备,,,03
03,通用安装工程,L,通信设备及线路工程,031102,无线通信设备,031102029,数字微波设备,"1.名称 2.型号
3.规格",系统(套),按设计图示数量 计算,"1.安装
2.测试",表 L.2.1 无线通信设备,,,03
03,通用安装工程,L,通信设备及线路工程,031102,无线通信设备,031102030,监控设备,"1.名称 2.型号
3.规格",套(部),按设计图示数量 计算,"1.安装
2.测试",表 L.2.1 无线通信设备,,,03
03,通用安装工程,L,通信设备及线路工程,031102,无线通信设备,031102031,辅助设备,"1.名称 2.型号
3.规格",盘(部),按设计图示数量 计算,"1.安装
2.测试",表 L.2.1 无线通信设备,,,03
03,通用安装工程,L,通信设备及线路工程,031102,无线通信设备,031102032,微波系统中 继段调测,"1.测试部位
2.测试类别
3.测试内容",中继段,按设计图示数量 计算,调测,表 L.2.1 无线通信设备,,,03
03,通用安装工程,L,通信设备及线路工程,031102,无线通信设备,031102033,数字段通道 调测,"1.测试部位
2.测试类别
3.测试内容",数字段,按设计图示数量 计算,调测,表 L.2.1 无线通信设备,,,03
03,通用安装工程,L,通信设备及线路工程,031102,无线通信设备,031102034,"数字段内波
道倒换","1.测试类别
2.测试内容",倒换段,按设计图示数量 计算,测试,表 L.2.1 无线通信设备,,,03
03,通用安装工程,L,通信设备及线路工程,031102,无线通信设备,031102035,监控调测,"1.测试类别
2.测试内容",数字段,按设计图示数量 计算,调测,表 L.2.1 无线通信设备,,,03
03,通用安装工程,L,通信设备及线路工程,031102,无线通信设备,031102036,"配合数字
终端测试","1.测试类别
2.测试内容",数字段,按设计图示数量 计算,测试,表 L.2.1 无线通信设备,,,03
03,通用安装工程,L,通信设备及线路工程,031102,无线通信设备,031102037,全电路主通道 调测,"1.测试部位
2.测试类别
3.测试内容",全电路,按设计图示数量 计算,调测,表 L.2.1 无线通信设备,,,03
03,通用安装工程,L,通信设备及线路工程,031102,无线通信设备,031102038,全电路辅助 通道调测,"1.测试部位
2.测试类别
3.测试内容",全电路,按设计图示数量 计算,调测,表 L.2.1 无线通信设备,,,03
03,通用安装工程,L,通信设备及线路工程,031102,无线通信设备,031102039,全电路集中 监控性能调测,"1.测试类别
2.测试内容",系统(站),按设计图示数量 计算,调测,表 L.2.1 无线通信设备,,,03
03,通用安装工程,L,通信设备及线路工程,031102,无线通信设备,031102040,全电路稳定 性能测试,"1.测试类别
2.测试内容",站,按设计图示数量 计算,测试,表 L.2.1 无线通信设备,,,03
03,通用安装工程,L,通信设备及线路工程,031102,无线通信设备,031102041,一点多址数字 微波通信设备,"1.名称 2.型号
3.规格",站,按设计图示数量 计算,"1.安装
2.调测",表 L.2.1 无线通信设备,,,03
03,通用安装工程,L,通信设备及线路工程,031102,无线通信设备,031102042,系统联测,"1.测试类别
2.测试内容",站,按设计图示数量 计算,联测,表 L.2.1 无线通信设备,,,03
03,通用安装工程,L,通信设备及线路工程,031102,无线通信设备,031102043,"卫星地球 站天、馈线
系统","1.名称 2.型号 3.规格
4.位置",站,按设计图示数量 计算,"1.安装调试天线座架
2.安装调试天线主、 副反射面
3.安装天线驱动及附 属设备
4.安装馈线
5.调测天、馈线系统",表 L.2.1 无线通信设备,,,03
03,通用安装工程,L,通信设备及线路工程,031102,无线通信设备,031102044,"低噪声放大
设备","1.型号
2.规格
3.倒换比例",系统,按设计图示数量 计算,"1.安装
2.测试",表 L.2.1 无线通信设备,,,03
03,通用安装工程,L,通信设备及线路工程,031102,无线通信设备,031102045,高功放设备,"1.型号
2.规格
3.功率
4.倒换比例",系统,按设计图示数量 计算,"1.安装
2.测试",表 L.2.1 无线通信设备,,,03
03,通用安装工程,L,通信设备及线路工程,031102,无线通信设备,031102046,"变频器及基带
设备","1.名称
2.型号
3.规格
4.倒换比例",套(盘),按设计图示数量 计算,"1.安装
2.测试",表 L.2.1 无线通信设备,,,03
03,通用安装工程,L,通信设备及线路工程,031102,无线通信设备,031102047,"监视、告警、
控制(MAC)
系统","1.名称 2.型号
3.规格",系统,按设计图示数量 计算,"1.安装
2.测试",表 L.2.1 无线通信设备,,,03
03,通用安装工程,L,通信设备及线路工程,031102,无线通信设备,031102048,视频传输设备,"1.名称 2.型号
3.规格",套,按设计图示数量 计算,"1.安装
2.调测",表 L.2.1 无线通信设备,,,03
03,通用安装工程,L,通信设备及线路工程,031102,无线通信设备,031102049,地球站设备站 内环测,"1.测试类别
2.测试内容",站,按设计图示数量 计算,站内环测,表 L.2.1 无线通信设备,,,03
03,通用安装工程,L,通信设备及线路工程,031102,无线通信设备,031102050,地球站设备 系统调测,"1.测试类别
2.测试内容",站,按设计图示数量 计算,系统调测,表 L.2.1 无线通信设备,,,03
03,通用安装工程,L,通信设备及线路工程,031102,无线通信设备,031102051,"VS AT卫星
地球站中心站 中频及基带
设备","1.名称 2.型号
3.规格",架(台),按设计图示数量 计算,"1.安装
2.测试",表 L.2.1 无线通信设备,,,03
03,通用安装工程,L,通信设备及线路工程,031102,无线通信设备,031102052,"VS AT卫星
地球站远端
站中频及
基带设备","1.名称 2.型号
3.规格",套,按设计图示数量 计算,"1.安装
2.测试",表 L.2.1 无线通信设备,,,03
03,通用安装工程,L,通信设备及线路工程,031102,无线通信设备,031102053,"VS AT卫星
地球站中心站
站内环测及
全网系统对测","1.测试类别
2.测试内容",站(系统),按设计图示数量 计算,"1.站内环测
2.网内系统对测",表 L.2.1 无线通信设备,,,03
03,通用安装工程,L,通信设备及线路工程,031103,通信线路,031103001,水泥管道,"1.型号
2.规格
3.孔数
4.填充水泥砂浆配 合比
5.混凝土强度标准",m,按设计图示尺寸 以中心线长度计算,"1.铺设
2.填充水泥砂浆
3.混凝土包封
4.试通",表 L.3.1 通信线路,,,03
03,通用安装工程,L,通信设备及线路工程,031103,通信线路,031103002,"小口径塑料
管道","1.型号
2.规格
3.地区
4.孔数
5.试通方式
6.充气试验说明",m,按设计图示尺寸 以中心线长度计算,"1.敷设小口径塑料管
2.大管径内人工穿 放小口径塑料管
3.试通
4.充气试验",表 L.3.1 通信线路,,,03
03,通用安装工程,L,通信设备及线路工程,031103,通信线路,031103003,通信光(电) 缆通道,"1.类型
2.规格
3.混凝土强度标准",m,按设计图示尺寸 以中心线长度计算,"1.制、支、拆模板 2.砌砖
3.绑扎、置放钢筋
4.浇筑混凝土
5.抹通道内外壁
6.安装缆线支架",表 L.3.1 通信线路,,,03
03,通用安装工程,L,通信设备及线路工程,031103,通信线路,031103004,地下定向 钻孔敷管,"1.型号 2.规格 3.孔数
4.长度",处,按设计图示数量 计算,"1.钻孔
2.敷管",表 L.3.1 通信线路,,,03
03,通用安装工程,L,通信设备及线路工程,031103,通信线路,031103005,电杆附属装置,"1.名称 2.型号
3.规格",处(条),按设计图示数量 计算,安装,表 L.3.1 通信线路,,,03
03,通用安装工程,L,通信设备及线路工程,031103,通信线路,031103006,人工敷设 塑料子管,"1.规格
2.子管数",m,按设计图示尺寸 以中心线长度计算,"1.敷设
2.试通",表 L.3.1 通信线路,,,03
03,通用安装工程,L,通信设备及线路工程,031103,通信线路,031103007,架空吊线,"1.材质 2.型号 3.规格
4.地区",m,按设计图示尺寸 以中心线长度计算,架设,表 L.3.1 通信线路,,,03
03,通用安装工程,L,通信设备及线路工程,031103,通信线路,031103008,光缆,"1.型号
2.规格
3.敷设部位
4.敷设方式",m,按设计图示尺寸 以中心线长度计算,"1.测量
2.敷设",表 L.3.1 通信线路,,,03
03,通用安装工程,L,通信设备及线路工程,031103,通信线路,031103009,电缆,"1.型号
2.规格
3.敷设部位
4.敷设方式",m,按设计图示尺寸 以中心线长度计算,"1.测量
2.敷设",表 L.3.1 通信线路,,,03
03,通用安装工程,L,通信设备及线路工程,031103,通信线路,031103010,光缆接续,"1.名称 2.类别
3.规格",头,按设计图示数量 计算,"1.接续
2.测试",表 L.3.1 通信线路,,,03
03,通用安装工程,L,通信设备及线路工程,031103,通信线路,031103011,光缆成端接头,"1.名称 2.类别
3.规格",芯,按设计图示数量 计算,"1.熔接 2.测试
3.固定",表 L.3.1 通信线路,,,03
03,通用安装工程,L,通信设备及线路工程,031103,通信线路,031103012,"光缆中继段
测试","1.名称
2.规格
3.测试类别
4.测试内容",中继段,按设计图示数量 计算,测试,表 L.3.1 通信线路,,,03
03,通用安装工程,L,通信设备及线路工程,031103,通信线路,031103013,用户光缆测试,"1.名称
2.规格
3.测试类别
4.测试内容",段,按设计图示数量 计算,测试,表 L.3.1 通信线路,,,03
03,通用安装工程,L,通信设备及线路工程,031103,通信线路,031103014,光纤链路测试,"1.测试类别
2.测试内容",链路组,按设计图示数量 计算,链路测试,表 L.3.1 通信线路,,,03
03,通用安装工程,L,通信设备及线路工程,031103,通信线路,031103015,电缆芯线 接续、改接,"1.名称 2.规格
3.方式",百对,按设计图示数量 计算,"1.接续
2.测试",表 L.3.1 通信线路,,,03
03,通用安装工程,L,通信设备及线路工程,031103,通信线路,031103016,堵塞成端套管,"1.类别
2.规格",个,按设计图示数量 计算,安装,表 L.3.1 通信线路,,,03
03,通用安装工程,L,通信设备及线路工程,031103,通信线路,031103017,"充油膏套管
接续","1.类别
2.规格",个,按设计图示数量 计算,安装,表 L.3.1 通信线路,,,03
03,通用安装工程,L,通信设备及线路工程,031103,通信线路,031103018,封焊热可 缩套(包)管,"1.类别
2.规格",个,按设计图示数量 计算,安装,表 L.3.1 通信线路,,,03
03,通用安装工程,L,通信设备及线路工程,031103,通信线路,031103019,"包式塑料
电缆套管","1.类别
2.规格",个,按设计图示数量 计算,安装,表 L.3.1 通信线路,,,03
03,通用安装工程,L,通信设备及线路工程,031103,通信线路,031103020,"热可缩套
管气闭头","1.类别
2.规格",个,按设计图示数量 计算,安装,表 L.3.1 通信线路,,,03
03,通用安装工程,L,通信设备及线路工程,031103,通信线路,031103021,电缆全程测试,"1.测试类别
2.测试内容",百对,按设计图示数量 计算,测试,表 L.3.1 通信线路,,,03
03,通用安装工程,L,通信设备及线路工程,031103,通信线路,031103022,进线室 承托铁架,"1.型号
2.规格",m,按设计图示数量 计算,安装,表 L.3.1 通信线路,,,03
03,通用安装工程,L,通信设备及线路工程,031103,通信线路,031103023,托架,"1.型号
2.规格",根,按设计图示数量 计算,安装,表 L.3.1 通信线路,,,03
03,通用安装工程,L,通信设备及线路工程,031103,通信线路,031103024,固定光缆盘,"1.型号
2.规格",套,按设计图示数量 计算,安装,表 L.3.1 通信线路,,,03
03,通用安装工程,L,通信设备及线路工程,031103,通信线路,031103025,交接箱,"1.名称 2.种类 3.规格
4.容量",个,按设计图示数量 计算,"1.站台、砌筑基座 安装
2.箱体安装
3 . 接线模块(保安 排、端子板、试验 排、接头排)安装
4.列架安装
5.成端光、电缆安装
6.地线安装
7.连接、改接跳线",表 L.3.1 通信线路,,,03
03,通用安装工程,L,通信设备及线路工程,031103,通信线路,031103026,配线箱,"1.名称 2.种类 3.规格
4.容量",套,按设计图示数量 计算,安装,表 L.3.1 通信线路,,,03
03,通用安装工程,L,通信设备及线路工程,031103,通信线路,031103027,光分路器,"1.名称 2.型号
3.规格",台,按设计图示数量 计算,"1.安装 2.插接
3.测试",表 L.3.1 通信线路,,,03
03,通用安装工程,L,通信设备及线路工程,031103,通信线路,031103028,终端盒 、 过线盒,"1.名称 2.种类 3.规格
4.容量",个,按设计图示数量 计算,安装,表 L.3.1 通信线路,,,03
03,通用安装工程,L,通信设备及线路工程,031103,通信线路,031103029,充气设备,"1.名称 2.种类 3.规格
4.容量",套,按设计图示数量 计算,"1.安装
2.测试
3.试运转",表 L.3.1 通信线路,,,03
03,通用安装工程,L,通信设备及线路工程,031103,通信线路,031103030,电缆全程充气,"1.名称
2.规格",m,按设计图示尺寸 以中心线长度计算,充气试验,表 L.3.1 通信线路,,,03
03,通用安装工程,L,通信设备及线路工程,031103,通信线路,031103031,排流线,"1.材质
2.规格",m,按设计图示尺寸 以中心线长度计算,敷设,表 L.3.1 通信线路,,,03
03,通用安装工程,L,通信设备及线路工程,031103,通信线路,031103032,"对地绝缘
监测装置","1.型号
2.规格",点,按设计图示数量 计算,安装,表 L.3.1 通信线路,,,03
03,通用安装工程,L,通信设备及线路工程,031103,通信线路,031103033,对地绝缘 检查及处理,按设计要求,m,按设计图示尺寸 以中心线长度计算,检查、处理,表 L.3.1 通信线路,,,03
03,通用安装工程,M,刷油、防腐蚀、绝热工程,031201,刷油工程,031201001,管道刷油,"1.除锈级别
2.油漆品种
3.涂刷遍数、漆膜 厚度
4.标志色方式、品种
5.管道外径",m,按设计图示中心 线以长度计算,"1.除锈
2.调配、涂刷",表 M.1.1 刷油工程,,,03
03,通用安装工程,M,刷油、防腐蚀、绝热工程,031201,刷油工程,031201002,设备与矩形 管道刷油,"1.除锈级别
2.油漆品种
3.涂刷遍数、漆膜 厚度
4.标志色方式、品种","m²
十",按设计图示表面 积计算,"1.除锈
2.调配、涂刷",表 M.1.1 刷油工程,,,03
03,通用安装工程,M,刷油、防腐蚀、绝热工程,031201,刷油工程,031201003,金属结构刷油,"1.除锈级别
2.油漆品种
3.结构类型
4.涂刷遍数、漆膜 厚度",kg,按设计图示金属 结构理论质量计算,"1.除锈
2.调配、涂刷",表 M.1.1 刷油工程,,,03
03,通用安装工程,M,刷油、防腐蚀、绝热工程,031201,刷油工程,031201003,金属结构刷油,"1.除锈级别
2.油漆品种
3.结构类型
4.涂刷遍数、漆膜 厚度",m²,按设计图示表面 积计算,"1.除锈
2.调配、涂刷",表 M.1.1 刷油工程,,编码重复出现,03
03,通用安装工程,M,刷油、防腐蚀、绝热工程,031201,刷油工程,031201004,暖气片刷油,"1.除锈级别
2.油漆品种
3.涂刷遍数、漆膜 厚度",片,按设计图示数量 计算,"1.除锈
2.调配、涂刷",表 M.1.1 刷油工程,,,03
03,通用安装工程,M,刷油、防腐蚀、绝热工程,031201,刷油工程,031201005,灰面刷油,"1.油漆品种
2.涂刷遍数、漆膜 厚度
3.涂刷部位",m²,按设计图示表面 积计算,调配、涂刷,表 M.1.1 刷油工程,,,03
03,通用安装工程,M,刷油、防腐蚀、绝热工程,031201,刷油工程,031201006,布面刷油,"1.布面品种
2.油漆品种
3.涂刷遍数、漆膜 厚度
4.涂刷部位",m²,按设计图示表面 积计算,调配、涂刷,表 M.1.1 刷油工程,,,03
03,通用安装工程,M,刷油、防腐蚀、绝热工程,031201,刷油工程,031201007,气柜刷油,"1.除锈级别
2.油漆品种
3.涂刷遍数、漆膜 厚度",m²,按设计图示表面 积计算,"1.除锈
2.调配、涂刷",表 M.1.1 刷油工程,,,03
03,通用安装工程,M,刷油、防腐蚀、绝热工程,031201,刷油工程,031201008,玛蹄酯面刷油,"1.除锈级别
2.油漆品种
3.涂刷遍数、漆膜 厚度
4,涂刷部位",m²,按设计图示表面 积计算,调配、涂刷,表 M.1.1 刷油工程,,,03
03,通用安装工程,M,刷油、防腐蚀、绝热工程,031201,刷油工程,031201009,喷漆,"1.除锈级别
2.油漆品种
3.喷涂遍数、漆膜 厚度
4.喷涂部位",m²,按设计图示表面 积计算,"1.除锈
2.调配、喷涂",表 M.1.1 刷油工程,,,03
03,通用安装工程,M,刷油、防腐蚀、绝热工程,031202,防腐蚀涂料工程,031202001,设备防腐蚀,"1.除锈级别
2.涂刷(喷)品种 3.分层内容
4.涂刷(喷)遍数、 漆膜厚度",m²,按设计图示表面 积尺寸计算,"1.除锈
2.调配、涂刷(喷)",表 M.2.1 防腐蚀涂料工程,,,03
03,通用安装工程,M,刷油、防腐蚀、绝热工程,031202,防腐蚀涂料工程,031202002,"非埋地管道
防腐蚀","1.除锈级别
2.涂刷(喷)品种 3.分层内容
4.涂刷(喷)遍数、 漆膜厚度
5.管道外径",m,按设计图示中心 线以长度计算,"1.除锈
2.调配、涂刷(喷)",表 M.2.1 防腐蚀涂料工程,,,03
03,通用安装工程,M,刷油、防腐蚀、绝热工程,031202,防腐蚀涂料工程,031202003,"一般钢结构
防腐蚀","1.除锈级别
2.涂刷(喷)品种 3.分层内容
4.涂刷(喷)遍数、 漆膜厚度",kg,按设计图示钢结 构的理论质量计算,"1.除锈
2.调配、涂刷(喷)",表 M.2.1 防腐蚀涂料工程,,,03
03,通用安装工程,M,刷油、防腐蚀、绝热工程,031202,防腐蚀涂料工程,031202003,"一般钢结构
防腐蚀","1.除锈级别
2.涂刷(喷)品种 3.分层内容
4.涂刷(喷)遍数、 漆膜厚度",m²,按设计图示表面 积尺寸计算,"1.除锈
2.调配、涂刷(喷)",表 M.2.1 防腐蚀涂料工程,,编码重复出现,03
03,通用安装工程,M,刷油、防腐蚀、绝热工程,031202,防腐蚀涂料工程,031202004,"管廊钢结构
防腐蚀","1.除锈级别
2.涂刷(喷)品种 3.分层内容
4.涂刷(喷)遍数、 漆膜厚度",kg,按设计图示钢结 构的理论质量计算,"1.除锈
2.调配、涂刷(喷)",表 M.2.1 防腐蚀涂料工程,,,03
03,通用安装工程,M,刷油、防腐蚀、绝热工程,031202,防腐蚀涂料工程,031202004,"管廊钢结构
防腐蚀","1.除锈级别
2.涂刷(喷)品种 3.分层内容
4.涂刷(喷)遍数、 漆膜厚度",m²,按设计图示表面 积尺寸计算,"1.除锈
2.调配、涂刷(喷)",表 M.2.1 防腐蚀涂料工程,,编码重复出现,03
03,通用安装工程,M,刷油、防腐蚀、绝热工程,031202,防腐蚀涂料工程,031202005,防火涂料,"1.除锈级别
2.涂刷(喷)品种
3.涂刷(喷)遍数、 漆膜厚度
4.耐火极限(h)
5.耐火厚度(mm)",m²,按设计图示表面 积计算,"1.除锈
2.调配、涂刷(喷)",表 M.2.1 防腐蚀涂料工程,,,03
03,通用安装工程,M,刷油、防腐蚀、绝热工程,031202,防腐蚀涂料工程,031202006,型钢制钢 结构防腐蚀,"1.除锈级别
2.涂刷(喷)品种 3.分层内容
4.涂刷(喷)遍数、 漆膜厚度",kg,按设计图示金属 结构质量计算,"1.除锈
2.调配、涂刷(喷)",表 M.2.1 防腐蚀涂料工程,,,03
03,通用安装工程,M,刷油、防腐蚀、绝热工程,031202,防腐蚀涂料工程,031202007,金属油罐内壁 防静电涂料,"1.除锈级别
2.涂刷(喷)品种 3.分层内容
4.涂刷(喷)遍数、 漆膜厚度",m²,按设计图示表面 积计算,"1.除锈
2.调配、涂刷(喷)",表 M.2.1 防腐蚀涂料工程,,,03
03,通用安装工程,M,刷油、防腐蚀、绝热工程,031202,防腐蚀涂料工程,031202008,埋地管道 防腐蚀,"1.除锈级别
2.刷缠品种 3.分层内容
4.刷缠遍数 5.规格",m,按设计图示中心 线以长度计算,"1.除锈
2.刷油
3.防腐蚀
4.缠保护层",表 M.2.1 防腐蚀涂料工程,,,03
03,通用安装工程,M,刷油、防腐蚀、绝热工程,031202,防腐蚀涂料工程,031202009,"环氧煤沥
青防腐蚀","1.除锈级别
2.刷缠品种 3.分层内容
4.刷缠遍数",m²,按设计图示表面 积计算,"1.除锈
2.涂刷、缠玻璃布",表 M.2.1 防腐蚀涂料工程,,,03
03,通用安装工程,M,刷油、防腐蚀、绝热工程,031202,防腐蚀涂料工程,031202010,聚合物涂料,"1.聚合类型
2.聚合部位",m²,按设计图示表面 积计算,聚合,表 M.2.1 防腐蚀涂料工程,,,03
03,通用安装工程,M,刷油、防腐蚀、绝热工程,031203,手工糊衬玻璃钢工程,031203001,碳钢设备糊衬,"1.除锈级别
2.糊衬玻璃钢品种 3.分层内容
4.糊衬玻璃钢遍数",m²,按设计图示表面 积计算,"1.除锈
2.糊衬",表 M.3.1 手工糊衬玻璃钢工程,,,03
03,通用安装工程,M,刷油、防腐蚀、绝热工程,031203,手工糊衬玻璃钢工程,031203002,"塑料管道
增强糊衬","1.糊衬玻璃钢品种 2.分层内容
3.糊衬玻璃钢遍数",m²,按设计图示表面 积计算,糊衬,表 M.3.1 手工糊衬玻璃钢工程,,,03
03,通用安装工程,M,刷油、防腐蚀、绝热工程,031203,手工糊衬玻璃钢工程,031203003,"各种玻璃钢
聚合",聚合次数,m²,按设计图示表面 积计算,聚合,表 M.3.1 手工糊衬玻璃钢工程,,,03
03,通用安装工程,M,刷油、防腐蚀、绝热工程,031204,橡胶板及塑料板衬里工程,031204001,"塔、槽类
设备衬里","1.除锈级别
2.衬里品种
3.衬里层数
4.设备直径",m²,按设计图示表面 积计算,"1.除锈
2.刷浆贴衬、硫化、 硬度检查",表 M.4.1 橡胶板及塑料板衬里工程,,,03
03,通用安装工程,M,刷油、防腐蚀、绝热工程,031204,橡胶板及塑料板衬里工程,031204002,锥形设备衬里,"1.除锈级别
2.衬里品种
3.衬里层数
4.设备直径",m²,按设计图示表面 积计算,"1.除锈
2.刷浆贴衬、硫化、 硬度检查",表 M.4.1 橡胶板及塑料板衬里工程,,,03
03,通用安装工程,M,刷油、防腐蚀、绝热工程,031204,橡胶板及塑料板衬里工程,031204003,多孔板衬里,"1.除锈级别
2.衬里品种
3.衬里层数",m²,按设计图示表面 积计算,"1.除锈
2.刷浆贴衬、硫化、 硬度检查",表 M.4.1 橡胶板及塑料板衬里工程,,,03
03,通用安装工程,M,刷油、防腐蚀、绝热工程,031204,橡胶板及塑料板衬里工程,031204004,管道衬里,"1.除锈级别
2.衬里品种
3.衬里层数
4.管道规格",m²,按设计图示表面 积计算,"1.除锈
2.刷浆贴衬、硫化、 硬度检查",表 M.4.1 橡胶板及塑料板衬里工程,,,03
03,通用安装工程,M,刷油、防腐蚀、绝热工程,031204,橡胶板及塑料板衬里工程,031204005,阀门衬里,"1.除锈级别
2.衬里品种
3.衬里层数
4.阀门规格",m²,按设计图示表面 积计算,"1.除锈
2.刷浆贴衬、硫化、 硬度检查",表 M.4.1 橡胶板及塑料板衬里工程,,,03
03,通用安装工程,M,刷油、防腐蚀、绝热工程,031204,橡胶板及塑料板衬里工程,031204006,管件衬里,"1.除锈级别
2.衬里品种
3.衬里层数
4.名称、规格",m²,按设计图示表面 积计算,"1.除锈
2.刷浆贴衬、硫化、 硬度检查",表 M.4.1 橡胶板及塑料板衬里工程,,,03
03,通用安装工程,M,刷油、防腐蚀、绝热工程,031204,橡胶板及塑料板衬里工程,031204007,金属表面衬里,"1.除锈级别
2.衬里品种
3.衬里层数",m²,按设计图示表面 积计算,"1.除锈
2.刷浆贴衬",表 M.4.1 橡胶板及塑料板衬里工程,,,03
03,通用安装工程,M,刷油、防腐蚀、绝热工程,031205,衬铅及搪铅工程,031205001,设备衬铅,"1.除锈级别
2.衬铅方法
3.铅板厚度",m²,按设计图示表面 积计算,"1.除锈
2.衬铅",表 M.5.1 衬铅及搪铅工程,,,03
03,通用安装工程,M,刷油、防腐蚀、绝热工程,031205,衬铅及搪铅工程,031205002,"型钢及支架
包铅","1.除锈级别
2.铅板厚度",m²,按设计图示表面 积计算,"1.除锈
2.包铅",表 M.5.1 衬铅及搪铅工程,,,03
03,通用安装工程,M,刷油、防腐蚀、绝热工程,031205,衬铅及搪铅工程,031205003,"设备封头、
底搪铅","1.除锈级别
2.搪层厚度",m²,按设计图示表面 积计算,"1.除锈
2.焊铅",表 M.5.1 衬铅及搪铅工程,,,03
03,通用安装工程,M,刷油、防腐蚀、绝热工程,031205,衬铅及搪铅工程,031205004,搅拌叶轮、 轴类搪铅,"1.除锈级别
2.搪层厚度",m²,按设计图示表面 积计算,"1.除锈
2.焊铅",表 M.5.1 衬铅及搪铅工程,,,03
03,通用安装工程,M,刷油、防腐蚀、绝热工程,031206,喷镀(涂)工程,031206001,设备喷镀(涂),"1.除锈级别
2.喷镀(涂)品种
3.喷镀(涂)厚度
4.喷镀(涂)层数",m²,按设计图示表面 积计算,"1.除锈
2.喷镀(涂)",表 M.6.1 喷镀(涂)工程,,,03
03,通用安装工程,M,刷油、防腐蚀、绝热工程,031206,喷镀(涂)工程,031206002,管道喷镀(涂),"1.除锈级别
2.喷镀(涂)品种
3.喷镀(涂)厚度
4.喷镀(涂)层数
5.管道外径",m,按设计图示长度 计算,"1.除锈
2.喷镀(涂)",表 M.6.1 喷镀(涂)工程,,,03
03,通用安装工程,M,刷油、防腐蚀、绝热工程,031206,喷镀(涂)工程,031206003,型钢喷镀(涂),"1.除锈级别
2.喷(涂)塑品种",kg,按设计图示型钢 的理论质量计算,"1.除锈
2.喷镀(涂)",表 M.6.1 喷镀(涂)工程,,,03
03,通用安装工程,M,刷油、防腐蚀、绝热工程,031206,喷镀(涂)工程,031206004,"一般钢结构
喷(涂)塑","1.除锈级别
2.喷(涂)塑品种",kg,按设计图示钢结 构的理论质量计算,"1.除锈
2.喷(涂)塑",表 M.6.1 喷镀(涂)工程,,,03
03,通用安装工程,M,刷油、防腐蚀、绝热工程,031207,耐酸砖、板衬里工程,031207001,圆形设备耐 酸砖、板衬里,"1.除锈级别
2.衬里品种
3.砖厚度、规格
4.板材规格
5.设备形式
6.设备规格
7.抹面厚度
8.涂刮面材质",m²,按设计图示表面 积计算,"1.除锈
2.衬砌
3.抹面
4.表面涂刮",表 M.7.1 耐酸砖、板衬里工程,,,03
03,通用安装工程,M,刷油、防腐蚀、绝热工程,031207,耐酸砖、板衬里工程,031207002,矩形设备耐 酸砖、板衬里,"1.除锈级别
2.衬里品种
3.砖厚度、规格
4.板材规格
5.设备规格
6.抹面厚度
7.涂刮面材质",m²,按设计图示表面 积计算,"1.除锈
2.衬砌
3.抹面
4.表面涂刮",表 M.7.1 耐酸砖、板衬里工程,,,03
03,通用安装工程,M,刷油、防腐蚀、绝热工程,031207,耐酸砖、板衬里工程,031207003,"锥(塔)形设备
耐酸砖 、
板衬里","1.除锈级别
2.衬里品种
3.砖厚度、规格
4.板材规格
5.设备规格
6.抹面厚度
7.涂刮面材质",m²,按设计图示表面 积计算,"1.除锈
2.衬砌
3.抹面
4.表面涂刮",表 M.7.1 耐酸砖、板衬里工程,,,03
03,通用安装工程,M,刷油、防腐蚀、绝热工程,031207,耐酸砖、板衬里工程,031207004,供水管内衬,"1.衬里品种
2.材料材质
3.管道规格型号
4.衬里厚度",m²,按设计图示表面 积计算,"1.衬里
2.养护",表 M.7.1 耐酸砖、板衬里工程,,,03
03,通用安装工程,M,刷油、防腐蚀、绝热工程,031207,耐酸砖、板衬里工程,031207005,衬石墨管接,规格,个,按设计图示数量 计算,安装,表 M.7.1 耐酸砖、板衬里工程,,,03
03,通用安装工程,M,刷油、防腐蚀、绝热工程,031207,耐酸砖、板衬里工程,031207006,铺衬石棉板,"1.部位
2.规格",m²,按设计图示表面 积计算,铺衬,表 M.7.1 耐酸砖、板衬里工程,,,03
03,通用安装工程,M,刷油、防腐蚀、绝热工程,031207,耐酸砖、板衬里工程,031207007,"耐酸砖板衬
砌体热处理","1.部位
2.规格",m²,按设计图示表面 积计算,"1.安装电炉
2.热处理",表 M.7.1 耐酸砖、板衬里工程,,,03
03,通用安装工程,M,刷油、防腐蚀、绝热工程,031208,绝热工程,031208001,设备绝热,"1.绝热材料品种
2.绝热厚度
3.设备形式
4.软木品种",m³,按设计图示表面 积加绝热层厚度及 调整系数计算,"1.安装
2.软木制品安装",表 M.8.1 绝热工程,,,03
03,通用安装工程,M,刷油、防腐蚀、绝热工程,031208,绝热工程,031208002,其他管道绝热,"1.绝热材料品种
2.绝热厚度
3.管道外径
4.软木品种",m³,按设计图示表面 积加绝热层厚度及 调整系数计算,"1.安装
2.软木制品安装",表 M.8.1 绝热工程,,,03
03,通用安装工程,M,刷油、防腐蚀、绝热工程,031208,绝热工程,031208003,通风管道绝热,"1.绝热材料品种
2.绝热厚度
3.软木品种",m³,按设计图示表面 积加绝热层厚度及 调整系数计算,"1.安装
2.软木制品安装",表 M.8.1 绝热工程,,,03
03,通用安装工程,M,刷油、防腐蚀、绝热工程,031208,绝热工程,031208004,阀门绝热,"1.绝热材料
2.绝热厚度
3.阀门规格",m³,按设计图示表面 积加绝热层厚度及 调整系数计算,安装,表 M.8.1 绝热工程,,,03
03,通用安装工程,M,刷油、防腐蚀、绝热工程,031208,绝热工程,031208005,法兰绝热,"1.绝热材料
2.绝热厚度
3.法兰规格",m³,按设计图示表面 积加绝热层厚度及 调整系数计算,安装,表 M.8.1 绝热工程,,,03
03,通用安装工程,M,刷油、防腐蚀、绝热工程,031208,绝热工程,031208006,喷涂、涂抹,"1.材料 2.厚度
3.对象",m²,按设计图示表面 积计算,喷涂、涂抹安装,表 M.8.1 绝热工程,,,03
03,通用安装工程,M,刷油、防腐蚀、绝热工程,031208,绝热工程,031208007,防潮层 、 保护层,"1.材料
2.厚度
3.层数
4.对象
5.结构形式",m²,按设计图示表面 积加绝热层厚度及 调整系数计算,安装,表 M.8.1 绝热工程,,,03
03,通用安装工程,M,刷油、防腐蚀、绝热工程,031208,绝热工程,031208008,保温盒,I.名称 2.规格,m²,按设计图示表面 积计算,制作、安装,表 M.8.1 绝热工程,,,03
03,通用安装工程,M,刷油、防腐蚀、绝热工程,031208,绝热工程,031208009,保温托盘,"1.名称
2.材质",kg,按设计图示金属 结构质量计算,制作、安装,表 M.8.1 绝热工程,,,03
03,通用安装工程,M,刷油、防腐蚀、绝热工程,031209,管道补口补伤工程,031209001,刷油,"1.除锈级别
2.油漆品种
3.涂刷遍数
4.管道外径",m²,按设计图示表面 积计算,"1.除锈、除油污
2.涂刷",表 M.9.1 管道补口补伤工程,,,03
03,通用安装工程,M,刷油、防腐蚀、绝热工程,031209,管道补口补伤工程,031209002,防腐涂料,"1.除锈级别 2.材料
3.管道外径",m²,按设计图示表面 积计算,"1.除锈、除油污
2.涂刷",表 M.9.1 管道补口补伤工程,,,03
03,通用安装工程,M,刷油、防腐蚀、绝热工程,031209,管道补口补伤工程,031209003,绝热,"1绝热材料品种 2.绝热厚度
3.管道外径",m²,按设计图示表面 积计算,安装,表 M.9.1 管道补口补伤工程,,,03
03,通用安装工程,M,刷油、防腐蚀、绝热工程,031209,管道补口补伤工程,031209004,"管道热缩套
管补口补伤","1.除锈级别
2.热缩管品种
3.热缩管规格",m²,按设计图示表面 积计算,"1.除锈
2.涂刷",表 M.9.1 管道补口补伤工程,,,03
03,通用安装工程,M,刷油、防腐蚀、绝热工程,031210,阴极保护及牺牲阳极,031210001,"强制外加电流
阴极保护","1.电气设备、仪表 名称、型号
2.检查头数量
3.通电点数量
4. 电缆材质、规格、 数量
5.检查片类型、数量
6.测试探头数量
7.保护装置数量",台,按设计图示数量 计算,"1.电气设备、仪表 安装
2.检查头、通电点制 作安装
3.焊点绝缘防腐
4.线缆敷设
5.检查片安装
6.测试探头安装
7.保护装置安装",表 M.10.1 阴极保护及牺牲阳极,,,03
03,通用安装工程,M,刷油、防腐蚀、绝热工程,031210,阴极保护及牺牲阳极,031210002,阳极保护,"1.废钻杆规格、数量
2.均压线材质、数量
3.阳极材质、规格",个,按设计图示数量 计算,"1.挖、填土
2.废钻杆敷设
3.均压线敷设
4.阳极安装",表 M.10.1 阴极保护及牺牲阳极,,,03
03,通用安装工程,M,刷油、防腐蚀、绝热工程,031210,阴极保护及牺牲阳极,031210003,牺牲阳极,"1.类型
2.敷设方式
3.等电位垫数量",支,按设计图示数量 计算,"1.牺牲阳极安装
2.等电位垫安装
3.焊点绝缘防腐
4.测试桩接线",表 M.10.1 阴极保护及牺牲阳极,,,03
03,通用安装工程,M,刷油、防腐蚀、绝热工程,031210,阴极保护及牺牲阳极,031210004,排流保护,"1.排流器数量
2.接地极材质
3.接地引线材质、 规格、数量
4.降阻剂数量
5.测试数量",支,按设计图示数量 计算,"1.排流器安装
2.接地极安装
3.接地引线安装
4.化学降阻处理、测试",表 M.10.1 阴极保护及牺牲阳极,,,03
03,通用安装工程,M,刷油、防腐蚀、绝热工程,031210,阴极保护及牺牲阳极,031210005,绝缘性能测试,"1.名称
2.电流输出",处,按设计图示数量 计算,绝缘性能测试,表 M.10.1 阴极保护及牺牲阳极,,,03
03,通用安装工程,N,其他及附属工程,031301,其他及附属工程,031301001,"凿(压 、
切割)槽","1.名称
2.规格 3.部位
4.结构类型",m,按设计图示尺寸 以长度计算,"1.开槽
2.恢复处理",表 N.1.1 ,,,03
03,通用安装工程,N,其他及附属工程,031301,其他及附属工程,031301002,开孔打洞,"1.名称
2.规格 3.部位
4.结构类型",个,按设计图示数量 计算,"1.开孔、洞
2.恢复处理",表 N.1.1 ,,,03
03,通用安装工程,N,其他及附属工程,031301,其他及附属工程,031301003,套管,"1.名称
2.材质
3.规格
4.填料材质",个,按设计图示数量 计算,"1.制作
2.安装
3.除锈、刷油
4.填塞密封材料、堵洞",表 N.1.1 ,,,03
03,通用安装工程,N,其他及附属工程,031301,其他及附属工程,031301004,成品支架,"1.名称
2.规格
3.支架形式
4.单件支架质量",套,按设计图示数量 计算,"1.放线、定位 2.组装
3.安装",表 N.1.1 ,,,03
03,通用安装工程,N,其他及附属工程,031301,其他及附属工程,031301005,支/吊架、 基础型钢,"1.名称
2.材质
3.规格
4.支架形式
5.单件支架质量",kg,按设计图示尺寸 以质量计算,"1.制作
2.安装",表 N.1.1 ,,,03
03,通用安装工程,P,措 施 项 目,031401,措施项目,031401001,脚手架,,项,,搭设脚手架、斜道、上料平台，铺设安全网，铺(翻)脚手板，转 运、改制、维修维护，拆除、堆放、整理，外运、归库等,表 P.1.1 措施项目,,项目特征缺失; 工程量计算规则缺失; 项目特征缺失或异常 | 工程量计算规则缺失,03
03,通用安装工程,P,措 施 项 目,031401,措施项目,031401002,"大型机械设备
进出场及安拆",,项,,除垂直运输机械以外的大型机械安装、检测、试运转和拆卸， 运进、运出施工现场的装卸和运输，轨道、固定装置的安装和拆 除等,表 P.1.1 措施项目,,项目特征缺失; 工程量计算规则缺失; 项目特征缺失或异常 | 工程量计算规则缺失,03
03,通用安装工程,P,措 施 项 目,031401,措施项目,031401003,临时专用防护棚,,项,,临时防护棚制作、安装、拆除,表 P.1.1 措施项目,,项目特征缺失; 工程量计算规则缺失; 项目特征缺失或异常 | 工程量计算规则缺失,03
03,通用安装工程,P,措 施 项 目,031401,措施项目,031401004,施工操作平台,,项,,场地平整、基础及支墩砌筑、支架型钢搭设、铺设、拆除、清理,表 P.1.1 措施项目,,项目特征缺失; 工程量计算规则缺失; 项目特征缺失或异常 | 工程量计算规则缺失,03
03,通用安装工程,P,措 施 项 目,031401,措施项目,031401005,临时支撑架,,项,,临时支撑架制作、安装、拆除,表 P.1.1 措施项目,,项目特征缺失; 工程量计算规则缺失; 项目特征缺失或异常 | 工程量计算规则缺失,03
03,通用安装工程,P,措 施 项 目,031401,措施项目,031401006,"隧道内临时施工的
通风、供水、
供气、供电、照明
及通信设施",,项,,通风、供水、供气、供电、照明及通信设施安装、拆除,表 P.1.1 措施项目,,项目特征缺失; 工程量计算规则缺失; 项目特征缺失或异常 | 工程量计算规则缺失,03
03,通用安装工程,P,措 施 项 目,031401,措施项目,031401007,吊装加固,,项,,大型设备加固、吊装过程中临时加固，加固设施拆除、清理,表 P.1.1 措施项目,,项目特征缺失; 工程量计算规则缺失; 项目特征缺失或异常 | 工程量计算规则缺失,03
03,通用安装工程,P,措 施 项 目,031401,措施项目,031401008,胎(模)具,,项,,制作、安装、拆除,表 P.1.1 措施项目,,项目特征缺失; 工程量计算规则缺失; 项目特征缺失或异常 | 工程量计算规则缺失,03
03,通用安装工程,P,措 施 项 目,031401,措施项目,031401009,安全生产,,项,,施工现场安全施工所需的各项措施,表 P.1.1 措施项目,,项目特征缺失; 工程量计算规则缺失; 项目特征缺失或异常 | 工程量计算规则缺失,03
03,通用安装工程,P,措 施 项 目,031401,措施项目,031401010,文明施工,,项,,施工现场文明施工、绿色施工所需的各项措施,表 P.1.1 措施项目,,项目特征缺失; 工程量计算规则缺失; 项目特征缺失或异常 | 工程量计算规则缺失,03
03,通用安装工程,P,措 施 项 目,031401,措施项目,031401011,环境保护,,项,,施工现场为达到环保要求所需的各项措施,表 P.1.1 措施项目,,项目特征缺失; 工程量计算规则缺失; 项目特征缺失或异常 | 工程量计算规则缺失,03
03,通用安装工程,P,措 施 项 目,031401,措施项目,031401012,临时设施,,项,,为进行建设工程施工所需的生活和生产用的临时建筑物、构筑 物和其他临时设施。包括临时设施的搭设、移拆、维修、清理、拆 除后恢复等，以及因修建临时设施应由承包人所负责的有关内容,表 P.1.1 措施项目,,项目特征缺失; 工程量计算规则缺失; 项目特征缺失或异常 | 工程量计算规则缺失,03
03,通用安装工程,P,措 施 项 目,031401,措施项目,031401013,二次搬运,,项,,"因施工场地条件及施工程序限制而发生的材料、构配件、半成 品等一次运输不能到达堆放地点，必须进行二次或多次搬运所
发生的内容",表 P.1.1 措施项目,,项目特征缺失; 工程量计算规则缺失; 项目特征缺失或异常 | 工程量计算规则缺失,03
03,通用安装工程,P,措 施 项 目,031401,措施项目,031401014,既有建(构)筑物、 设施保护,,项,,在工程施工过程中，对既有建筑物、构筑物及地上、地下设施 进行的遮盖、封闭、隔离等必要临时保护措施,表 P.1.1 措施项目,,项目特征缺失; 工程量计算规则缺失; 项目特征缺失或异常 | 工程量计算规则缺失,03
03,通用安装工程,P,措 施 项 目,031401,措施项目,031401015,已完工程及 设备保护,,项,,建设项目施工过程中直至竣工验收前，对已完工程及设备采 取的必要保护措施,表 P.1.1 措施项目,,项目特征缺失; 工程量计算规则缺失; 项目特征缺失或异常 | 工程量计算规则缺失,03
03,通用安装工程,P,措 施 项 目,031401,措施项目,031401016,顶升、提升装置,,项,,安装、拆除,表 P.1.1 措施项目,,项目特征缺失; 工程量计算规则缺失; 项目特征缺失或异常 | 工程量计算规则缺失,03
03,通用安装工程,P,措 施 项 目,031401,措施项目,031401017,特殊地区施工增加,,项,,在特殊地区(高温、高寒、高原、沙漠、戈壁、沿海、海洋等)及特 殊施工环境(邻公路、邻铁路等)下施工时，弥补施工降效所需增 加的内容,表 P.1.1 措施项目,,项目特征缺失; 工程量计算规则缺失; 项目特征缺失或异常 | 工程量计算规则缺失,03
03,通用安装工程,P,措 施 项 目,031401,措施项目,031401018,安装与生产运行 同时进行施工防护,,项,,火灾防护、噪声防护,表 P.1.1 措施项目,,项目特征缺失; 工程量计算规则缺失; 项目特征缺失或异常 | 工程量计算规则缺失,03
03,通用安装工程,P,措 施 项 目,031401,措施项目,031401019,有害身体健康 环境中施工防护,,项,,在施工过程中有害化合物防护、粉尘防护、有害气体防护、高 浓度氧气防护,表 P.1.1 措施项目,,项目特征缺失; 工程量计算规则缺失; 项目特征缺失或异常 | 工程量计算规则缺失,03
03,通用安装工程,P,措 施 项 目,031401,措施项目,031401020,夜间施工增加费,,项,,因夜间或在地下室等特殊部位施工时，所采用照明设备的安 拆(、维护、照明用电及施工人员夜班补助、夜间施工劳动效率降 低等内容,表 P.1.1 措施项目,,项目特征缺失; 工程量计算规则缺失; 项目特征缺失或异常 | 工程量计算规则缺失,03
03,通用安装工程,P,措 施 项 目,031401,措施项目,031401021,冬雨季施工增加,,项,,在冬季或雨季施工，引起防寒、保温、防滑、防潮和排降雨雪等 措施的增加，人工、施工机械效率降低等内容,表 P.1.1 措施项目,,项目特征缺失; 工程量计算规则缺失; 项目特征缺失或异常 | 工程量计算规则缺失,03
03,通用安装工程,P,措 施 项 目,031401,措施项目,031401022,其他措施,,项,,为保证工程施工正常进行所发生的措施,表 P.1.1 措施项目,,项目特征缺失; 工程量计算规则缺失; 项目特征缺失或异常 | 工程量计算规则缺失,03
