mapping_id,material_name_raw,material_name_clean,material_id,match_confidence,matched_name,category,provinces,verified
MAP-MAT-UTL-001-1870,107胶纯水泥浆,107胶纯水泥浆,MAT-UTL-001,medium,施工用水,施工辅助材料,SX,False
MAP-MAT-MOR-004-5779,108建筑胶,108建筑胶,MAT-MOR-004,low,界面剂/墙固,混凝土及砂浆,SX,False
MAP-MAT-SEA-002-8519,CSPE嵌缝油膏 330ml,CSPE嵌缝油膏330ml,MAT-SEA-002,medium,改性沥青嵌缝油膏,防水材料,SX,False
MAP-MAT-GRO-002-3503,EPS灌浆料,EPS灌浆料,MAT-GRO-002,medium,装配式套筒灌浆料,其他,SX,False
MAP-MAT-WAL-001-1804,GRC山花浮雕  1200×400以内,GRC山花浮雕1200×400以内,MAT-WAL-001,low,轻质隔墙板（GRC）,砌体材料,SX,False
MAP-MAT-WAL-001-1193,GRC山花浮雕  1200×400以外,GRC山花浮雕1200×400以外,MAT-WAL-001,low,轻质隔墙板（GRC）,砌体材料,SX,False
MAP-MAT-WAL-001-6524,GRC拱形雕刻门窗头装饰1500×540以内,GRC拱形雕刻门窗头装饰1500×540以内,MAT-WAL-001,low,轻质隔墙板（GRC）,砌体材料,SX,False
MAP-MAT-WAL-001-0052,GRC拱形雕刻门窗头装饰1500×540以外,GRC拱形雕刻门窗头装饰1500×540以外,MAT-WAL-001,low,轻质隔墙板（GRC）,砌体材料,SX,False
MAP-MAT-WAL-001-0420,GRC欧式外挂檐口线板550×550以内,GRC欧式外挂檐口线板550×550以内,MAT-WAL-001,low,轻质隔墙板（GRC）,砌体材料,SX,False
MAP-MAT-WAL-001-8664,GRC欧式外挂檐口线板550×550以外,GRC欧式外挂檐口线板550×550以外,MAT-WAL-001,low,轻质隔墙板（GRC）,砌体材料,SX,False
MAP-MAT-WAL-001-8673,GRC装饰柱(成品)  Ф400,GRC装饰柱(成品)Ф400,MAT-WAL-001,low,轻质隔墙板（GRC）,砌体材料,SX,False
MAP-MAT-WAL-001-3218,GRC装饰柱(成品)  Ф600,GRC装饰柱(成品)Ф600,MAT-WAL-001,low,轻质隔墙板（GRC）,砌体材料,SX,False
MAP-MAT-WAL-001-4218,GRC轻质隔墙板  120mm,GRC轻质隔墙板120mm,MAT-WAL-001,high,轻质隔墙板（GRC）,砌体材料,SX,False
MAP-MAT-WAL-001-8932,GRC轻质隔墙板  60mm,GRC轻质隔墙板60mm,MAT-WAL-001,high,轻质隔墙板（GRC）,砌体材料,SX,False
MAP-MAT-WAL-001-1102,GRC轻质隔墙板 90mm,GRC轻质隔墙板90mm,MAT-WAL-001,high,轻质隔墙板（GRC）,砌体材料,SX,False
MAP-MAT-BRD-007-0041,GRC饰面板(综合),GRC饰面板,MAT-BRD-007,medium,装饰饰面板(成品) 2440×1220,装饰材料,SX,False
MAP-MAT-UTL-001-1227,HDPE排水管 DN110,HDPE排水管DN110,MAT-UTL-001,medium,施工用水,施工辅助材料,SX,False
MAP-MAT-UTL-001-4300,HDPE排水管伸缩节  Φ 110,HDPE排水管伸缩节Φ110,MAT-UTL-001,medium,施工用水,施工辅助材料,SX,False
MAP-MAT-UTL-001-8948,HDPE排水管检查口  Φ 110,HDPE排水管检查口Φ110,MAT-UTL-001,medium,施工用水,施工辅助材料,SX,False
MAP-MAT-SEA-004-6328,PU发泡剂,PU发泡剂,MAT-SEA-004,medium,聚氨酯发泡剂 750ml,装饰材料,SX,False
MAP-MAT-WAP-008-9631,PVC-U加筋管 DN400,PVC-U加筋管DN400,MAT-WAP-008,low,聚氯乙烯防水卷材(PVC),防水材料,SX,False
MAP-MAT-BRD-007-9970,PVC装饰板  δ 1.25,PVC装饰板δ1.25,MAT-BRD-007,medium,装饰饰面板(成品) 2440×1220,装饰材料,SX,False
MAP-MAT-SEA-003-8825,SBS弹性沥青防水胶,SBS弹性沥青防水胶,MAT-SEA-003,high,SBS弹性沥青防水胶,防水材料,SX,False
MAP-MAT-WAP-001-5598,SBS改性沥青防水卷材,SBS改性沥青防水卷材,MAT-WAP-001,high,SBS改性沥青防水卷材 3mm,防水材料,SX,False
MAP-MAT-SVC-002-3238,X射线探伤机,X射线探伤机,MAT-SVC-002,low,无损检验(服务),检测服务,SX,False
MAP-MAT-SVC-002-5963,X射线胶片 80×300,X射线胶片80×300,MAT-SVC-002,low,无损检验(服务),检测服务,SX,False
MAP-MAT-FRM-001-8309,三轴搅拌桩机 850mm,三轴搅拌桩机850mm,MAT-FRM-001,low,轻钢龙骨（吊顶）,装饰材料,SX,False
MAP-MAT-AUX-009-0822,不发光亚克力字  1m² 以内,不发光亚克力字1m²以内,MAT-AUX-009,low,亚克力灯箱板,其他,SX,False
MAP-MAT-AUX-009-1270,不发光亚克力字 2m² 以内,不发光亚克力字2m²以内,MAT-AUX-009,low,亚克力灯箱板,其他,SX,False
MAP-MAT-AUX-009-1406,不发光亚克力字 4m² 以内,不发光亚克力字4m²以内,MAT-AUX-009,low,亚克力灯箱板,其他,SX,False
MAP-MAT-PRE-002-4153,不锈钢T型螺栓 M16×70,不锈钢T型螺栓M16×70,MAT-PRE-002,medium,化学锚栓 M12x160,其他,SX,False
MAP-MAT-WMS-001-6407,不锈钢丝  Φ 1.2,不锈钢丝Φ1.2,MAT-WMS-001,low,热镀锌钢丝网 Φ0.8@20×20,钢材,SX,False
MAP-MAT-STE-013-6509,不锈钢二爪件,不锈钢二爪件,MAT-STE-013,low,不锈钢管 304  phi50,钢材,SX,False
MAP-MAT-STE-013-2749,不锈钢伸缩门  (含轨道),不锈钢伸缩门,MAT-STE-013,low,不锈钢管 304  phi50,钢材,SX,False
MAP-MAT-PRE-002-1041,不锈钢六角机螺栓 带一螺帽两垫圈 M6×25,不锈钢六角机螺栓带一螺帽两垫圈M6×25,MAT-PRE-002,medium,化学锚栓 M12x160,其他,SX,False
MAP-MAT-PRE-002-3601,不锈钢六角螺栓 M12×30,不锈钢六角螺栓M12×30,MAT-PRE-002,medium,化学锚栓 M12x160,其他,SX,False
MAP-MAT-PRE-002-5643,不锈钢六角螺栓 M6×30,不锈钢六角螺栓M6×30,MAT-PRE-002,medium,化学锚栓 M12x160,其他,SX,False
MAP-MAT-PRE-002-9576,不锈钢六角螺栓 M8×30,不锈钢六角螺栓M8×30,MAT-PRE-002,medium,化学锚栓 M12x160,其他,SX,False
MAP-MAT-PRE-002-2562,不锈钢六角螺栓带螺母M10×20,不锈钢六角螺栓带螺母M10×20,MAT-PRE-002,medium,化学锚栓 M12x160,其他,SX,False
MAP-MAT-PRE-002-1229,不锈钢六角螺栓带螺母M12 × 110,不锈钢六角螺栓带螺母M12×110,MAT-PRE-002,medium,化学锚栓 M12x160,其他,SX,False
MAP-MAT-PRE-002-9952,不锈钢六角螺栓带螺母M12 ×45,不锈钢六角螺栓带螺母M12×45,MAT-PRE-002,medium,化学锚栓 M12x160,其他,SX,False
MAP-MAT-PRE-002-7919,不锈钢六角螺栓带螺母M14 × 120,不锈钢六角螺栓带螺母M14×120,MAT-PRE-002,medium,化学锚栓 M12x160,其他,SX,False
MAP-MAT-PRE-002-6500,不锈钢六角螺栓带螺母M6×25,不锈钢六角螺栓带螺母M6×25,MAT-PRE-002,medium,化学锚栓 M12x160,其他,SX,False
MAP-MAT-STE-013-1293,不锈钢卡口槽,不锈钢卡口槽,MAT-STE-013,low,不锈钢管 304  phi50,钢材,SX,False
MAP-MAT-STE-013-4881,不锈钢卫生纸盒,不锈钢卫生纸盒,MAT-STE-013,low,不锈钢管 304  phi50,钢材,SX,False
MAP-MAT-AUX-012-9927,不锈钢卷帘,不锈钢卷帘,MAT-AUX-012,medium,窗帘(成品),门窗,SX,False
MAP-MAT-STE-013-5810,不锈钢压条 2,不锈钢压条2,MAT-STE-013,low,不锈钢管 304  phi50,钢材,SX,False
MAP-MAT-WMS-001-8267,不锈钢压条 20×20× 1.2,不锈钢压条20×20×1.2,MAT-WMS-001,low,热镀锌钢丝网 Φ0.8@20×20,钢材,SX,False
MAP-MAT-STE-013-5722,不锈钢压条 65× 15×2,不锈钢压条65×15×2,MAT-STE-013,low,不锈钢管 304  phi50,钢材,SX,False
MAP-MAT-STE-013-8259,不锈钢合页,不锈钢合页,MAT-STE-013,low,不锈钢管 304  phi50,钢材,SX,False
MAP-MAT-STE-013-1940,不锈钢四爪件,不锈钢四爪件,MAT-STE-013,low,不锈钢管 304  phi50,钢材,SX,False
MAP-MAT-STE-013-1573,不锈钢固定连接件,不锈钢固定连接件,MAT-STE-013,low,不锈钢管 304  phi50,钢材,SX,False
MAP-MAT-STE-013-9465,不锈钢型材,不锈钢型材,MAT-STE-013,low,不锈钢管 304  phi50,钢材,SX,False
MAP-MAT-STE-013-3588,不锈钢型钢,不锈钢型钢,MAT-STE-013,low,不锈钢管 304  phi50,钢材,SX,False
MAP-MAT-FRM-001-9898,不锈钢壳晾衣绳 长2600mm,不锈钢壳晾衣绳长2600mm,MAT-FRM-001,low,轻钢龙骨（吊顶）,装饰材料,SX,False
MAP-MAT-STE-013-2142,不锈钢帘子杆(浴巾杆),不锈钢帘子杆,MAT-STE-013,low,不锈钢管 304  phi50,钢材,SX,False
MAP-MAT-STE-013-5348,不锈钢扶手  Φ60,不锈钢扶手Φ60,MAT-STE-013,medium,不锈钢管 304  phi50,钢材,SX,False
MAP-MAT-FRM-001-9902,"不锈钢拉索 L=500, Φ20幕墙用","不锈钢拉索L=500,Φ20幕墙用",MAT-FRM-001,low,轻钢龙骨（吊顶）,装饰材料,SX,False
MAP-MAT-STE-013-3477,不锈钢挑衣架,不锈钢挑衣架,MAT-STE-013,low,不锈钢管 304  phi50,钢材,SX,False
MAP-MAT-FRM-001-3501,不锈钢方管 35×38× 1,不锈钢方管35×38×1,MAT-FRM-001,low,轻钢龙骨（吊顶）,装饰材料,SX,False
MAP-MAT-STE-013-5644,不锈钢晾衣架(手拉) 长2000mm 三杆,不锈钢晾衣架(手拉)长2000mm三杆,MAT-STE-013,low,不锈钢管 304  phi50,钢材,SX,False
MAP-MAT-STE-006-8890,不锈钢板  δ 1,不锈钢板δ1,MAT-STE-006,medium,钢板 Q235B,钢材,SX,False
MAP-MAT-STE-006-2993,不锈钢板  δ 1.2,不锈钢板δ1.2,MAT-STE-006,medium,钢板 Q235B,钢材,SX,False
MAP-MAT-STE-006-9853,不锈钢板圆柱  δ 1.2,不锈钢板圆柱δ1.2,MAT-STE-006,medium,钢板 Q235B,钢材,SX,False
MAP-MAT-STE-006-7129,不锈钢板托 4mm,不锈钢板托4mm,MAT-STE-006,medium,钢板 Q235B,钢材,SX,False
MAP-MAT-STE-006-8322,不锈钢板方柱  δ 1.2,不锈钢板方柱δ1.2,MAT-STE-006,medium,钢板 Q235B,钢材,SX,False
MAP-MAT-STE-013-6820,不锈钢栏杆(成品),不锈钢栏杆,MAT-STE-013,low,不锈钢管 304  phi50,钢材,SX,False
MAP-MAT-STE-013-9890,不锈钢格栅,不锈钢格栅,MAT-STE-013,low,不锈钢管 304  phi50,钢材,SX,False
MAP-MAT-WMS-001-6181,不锈钢槽线 20×20×20× 1.0,不锈钢槽线20×20×20×1.0,MAT-WMS-001,low,热镀锌钢丝网 Φ0.8@20×20,钢材,SX,False
MAP-MAT-FRM-001-1498,不锈钢槽线 50×50×50× 1.0,不锈钢槽线50×50×50×1.0,MAT-FRM-001,low,轻钢龙骨（吊顶）,装饰材料,SX,False
MAP-MAT-STE-004-1446,不锈钢槽钢  10×20× 1,不锈钢槽钢10×20×1,MAT-STE-004,medium,热轧槽钢 Q235B,钢材,SX,False
MAP-MAT-STE-013-5096,不锈钢毛巾架,不锈钢毛巾架,MAT-STE-013,low,不锈钢管 304  phi50,钢材,SX,False
MAP-MAT-STE-013-9701,不锈钢毛巾环,不锈钢毛巾环,MAT-STE-013,low,不锈钢管 304  phi50,钢材,SX,False
MAP-MAT-FITT-003-7850,不锈钢法兰底座  Φ25,不锈钢法兰底座Φ25,MAT-FITT-003,medium,碳钢法兰(平焊/对焊),管材管件,SX,False
MAP-MAT-FITT-003-5954,不锈钢法兰底座  Φ59,不锈钢法兰底座Φ59,MAT-FITT-003,medium,碳钢法兰(平焊/对焊),管材管件,SX,False
MAP-MAT-FITT-003-8102,不锈钢法兰底座  Φ63,不锈钢法兰底座Φ63,MAT-FITT-003,medium,碳钢法兰(平焊/对焊),管材管件,SX,False
MAP-MAT-STE-013-2318,不锈钢燕尾板,不锈钢燕尾板,MAT-STE-013,low,不锈钢管 304  phi50,钢材,SX,False
MAP-MAT-STE-013-7893,不锈钢玻璃门传感装置,不锈钢玻璃门传感装置,MAT-STE-013,low,不锈钢管 304  phi50,钢材,SX,False
MAP-MAT-STE-002-4711,不锈钢球  Φ63,不锈钢球Φ63,MAT-STE-002,low,热轧光圆钢筋 HPB300,钢材,SX,False
MAP-MAT-STO-002-2584,不锈钢石材干挂挂件,不锈钢石材干挂挂件,MAT-STO-002,low,花岗岩板 20mm,装饰材料,SX,False
MAP-MAT-STO-002-7560,不锈钢石材背栓,不锈钢石材背栓,MAT-STO-002,low,花岗岩板 20mm,装饰材料,SX,False
MAP-MAT-STE-013-2426,不锈钢碰珠,不锈钢碰珠,MAT-STE-013,low,不锈钢管 304  phi50,钢材,SX,False
MAP-MAT-PIPE-005-0607,不锈钢管  Φ 108,不锈钢管Φ108,MAT-PIPE-005,high,不锈钢管,管材管件,SX,False
MAP-MAT-PIPE-005-7908,不锈钢管  Φ 133,不锈钢管Φ133,MAT-PIPE-005,high,不锈钢管,管材管件,SX,False
MAP-MAT-PIPE-005-6715,不锈钢管  Φ50,不锈钢管Φ50,MAT-PIPE-005,high,不锈钢管,管材管件,SX,False
MAP-MAT-PIPE-005-1458,不锈钢管  Φ76,不锈钢管Φ76,MAT-PIPE-005,high,不锈钢管,管材管件,SX,False
MAP-MAT-UTL-001-8893,不锈钢虹吸雨水斗,不锈钢虹吸雨水斗,MAT-UTL-001,medium,施工用水,施工辅助材料,SX,False
MAP-MAT-STE-013-7541,不锈钢螺钉 M6×30,不锈钢螺钉M6×30,MAT-STE-013,low,不锈钢管 304  phi50,钢材,SX,False
MAP-MAT-STE-013-5741,不锈钢装饰圆管 22.2 × 1.0,不锈钢装饰圆管22.2×1.0,MAT-STE-013,low,不锈钢管 304  phi50,钢材,SX,False
MAP-MAT-STE-013-2400,不锈钢装饰圆管 25.4 × 1.5,不锈钢装饰圆管25.4×1.5,MAT-STE-013,low,不锈钢管 304  phi50,钢材,SX,False
MAP-MAT-FRM-001-6976,不锈钢装饰圆管 38.1 × 1.5,不锈钢装饰圆管38.1×1.5,MAT-FRM-001,low,轻钢龙骨（吊顶）,装饰材料,SX,False
MAP-MAT-STE-013-3117,不锈钢装饰圆管 45× 1.5,不锈钢装饰圆管45×1.5,MAT-STE-013,low,不锈钢管 304  phi50,钢材,SX,False
MAP-MAT-STE-013-3010,不锈钢装饰圆管 63.5 ×2,不锈钢装饰圆管63.5×2,MAT-STE-013,low,不锈钢管 304  phi50,钢材,SX,False
MAP-MAT-FRM-001-9897,不锈钢装饰矩形管50×25 ×0.7,不锈钢装饰矩形管50×25×0.7,MAT-FRM-001,low,轻钢龙骨（吊顶）,装饰材料,SX,False
MAP-MAT-WMS-001-7410,不锈钢角线 20×20× 1.0,不锈钢角线20×20×1.0,MAT-WMS-001,low,热镀锌钢丝网 Φ0.8@20×20,钢材,SX,False
MAP-MAT-FRM-001-2026,不锈钢角线 50×50× 1.0,不锈钢角线50×50×1.0,MAT-FRM-001,low,轻钢龙骨（吊顶）,装饰材料,SX,False
MAP-MAT-STE-013-2968,不锈钢角线 75×75× 1.0,不锈钢角线75×75×1.0,MAT-STE-013,low,不锈钢管 304  phi50,钢材,SX,False
MAP-MAT-STE-013-8642,不锈钢钢靠墙扶手,不锈钢钢靠墙扶手,MAT-STE-013,low,不锈钢管 304  phi50,钢材,SX,False
MAP-MAT-STE-013-5792,不锈钢锚具,不锈钢锚具,MAT-STE-013,low,不锈钢管 304  phi50,钢材,SX,False
MAP-MAT-TRN-001-9751,不锈钢镜面板(8K板)  δ 1,不锈钢镜面板(8K板)δ1,MAT-TRN-001,medium,木胶合板模板 1830×915×15mm,周转材料,SX,False
MAP-MAT-STE-013-4660,不锈钢防盗格栅窗,不锈钢防盗格栅窗,MAT-STE-013,low,不锈钢管 304  phi50,钢材,SX,False
MAP-MAT-STE-013-0655,不锈钢风帽,不锈钢风帽,MAT-STE-013,low,不锈钢管 304  phi50,钢材,SX,False
MAP-MAT-BRD-007-2005,不锈钢饰面板  δ 1.0,不锈钢饰面板δ1.0,MAT-BRD-007,medium,装饰饰面板(成品) 2440×1220,装饰材料,SX,False
MAP-MAT-GRO-001-4574,丙烯酸彩砂涂料,丙烯酸彩砂涂料,MAT-GRO-001,low,填缝剂（美缝剂）,装饰材料,SX,False
MAP-MAT-EQP-014-1261,丙烯酸聚氨酯中间漆,丙烯酸聚氨酯中间漆,MAT-EQP-014,medium,脱硝设备,热力设备,SX,False
MAP-MAT-EQP-014-0733,丙烯酸聚氨酯底漆,丙烯酸聚氨酯底漆,MAT-EQP-014,medium,脱硝设备,热力设备,SX,False
MAP-MAT-STE-006-3198,中厚钢板(综合),中厚钢板,MAT-STE-006,medium,钢板 Q235B,钢材,SX,False
MAP-MAT-DOO-002-0867,中密度防火复合板396×2400 × 15,中密度防火复合板396×2400×15,MAT-DOO-002,low,钢质防火门 甲级（成品）,门窗,SX,False
MAP-MAT-GLA-002-1790,中空玻璃,中空玻璃,MAT-GLA-002,high,钢化中空玻璃 6Low-E+12A+6,玻璃,SX,False
MAP-MAT-FIRE-007-4223,二氧化碳气体,二氧化碳气体,MAT-FIRE-007,low,灭火器(干粉/CO₂),消防器材,SX,False
MAP-MAT-FRM-001-7176,二氧化碳气体保护焊机 250A,二氧化碳气体保护焊机250A,MAT-FRM-001,low,轻钢龙骨（吊顶）,装饰材料,SX,False
MAP-MAT-FRM-001-7567,二氧化碳气体保护焊机 500A,二氧化碳气体保护焊机500A,MAT-FRM-001,low,轻钢龙骨（吊顶）,装饰材料,SX,False
MAP-MAT-PNT-001-1906,互穿网络底漆,互穿网络底漆,MAT-PNT-001,low,环氧富锌底漆,涂料,SX,False
MAP-MAT-COAT-003-2032,互穿网络面漆,互穿网络面漆,MAT-COAT-003,low,聚氨酯面漆/丙烯酸面漆,防腐油漆,SX,False
MAP-MAT-VALV-007-6365,伸缩门电动装置系统,伸缩门电动装置系统,MAT-VALV-007,low,调节阀,阀门,SX,False
MAP-MAT-BRD-001-2048,保温石膏板 600×600×40,保温石膏板600×600×40,MAT-BRD-001,medium,纸面石膏板 9.5mm,装饰材料,SX,False
MAP-MAT-BRD-001-2026,保温石膏板 600×600×50,保温石膏板600×600×50,MAT-BRD-001,medium,纸面石膏板 9.5mm,装饰材料,SX,False
MAP-MAT-DOO-013-6992,保温门,保温门,MAT-DOO-013,medium,特种门(成品),门窗,SX,False
MAP-MAT-EQP-014-8076,催化剂,催化剂,MAT-EQP-014,medium,脱硝设备,热力设备,SX,False
MAP-MAT-INS-006-9658,免拆模保温板,免拆模保温板,MAT-INS-006,medium,挤塑聚苯板 XPS 50mm,保温,SX,False
MAP-MAT-BLO-002-3236,六角空心钢(综合),六角空心钢,MAT-BLO-002,low,轻集料混凝土小型空心砌块,砌体材料,SX,False
MAP-MAT-PRE-002-2857,六角螺栓 M30×200,六角螺栓M30×200,MAT-PRE-002,medium,化学锚栓 M12x160,其他,SX,False
MAP-MAT-PRE-002-9748,六角螺栓 M4×30,六角螺栓M4×30,MAT-PRE-002,medium,化学锚栓 M12x160,其他,SX,False
MAP-MAT-PRE-002-4289,六角螺栓 M6×35,六角螺栓M6×35,MAT-PRE-002,medium,化学锚栓 M12x160,其他,SX,False
MAP-MAT-PRE-002-5038,六角螺栓 M8,六角螺栓M8,MAT-PRE-002,medium,化学锚栓 M12x160,其他,SX,False
MAP-MAT-STE-008-3787,六角螺栓(综合),六角螺栓,MAT-STE-008,medium,高强螺栓 10.9级,钢材,SX,False
MAP-MAT-PRE-002-7113,六角螺栓带螺母 M6～12× 12 ~50,六角螺栓带螺母M6～12×12~50,MAT-PRE-002,medium,化学锚栓 M12x160,其他,SX,False
MAP-MAT-PRE-002-0998,六角螺栓带螺母(综合),六角螺栓带螺母,MAT-PRE-002,medium,化学锚栓 M12x160,其他,SX,False
MAP-MAT-PRE-002-5478,六角螺栓带螺母、2垫圈M8 ×40,六角螺栓带螺母、2垫圈M8×40,MAT-PRE-002,medium,化学锚栓 M12x160,其他,SX,False
MAP-MAT-PRE-002-0247,六角螺栓带螺母、垫圈 M8~ 10,六角螺栓带螺母、垫圈M8~10,MAT-PRE-002,medium,化学锚栓 M12x160,其他,SX,False
MAP-MAT-AUXI-003-6804,六角螺母(综合),六角螺母,MAT-AUXI-003,medium,普通螺栓/螺母/垫圈,辅材,SX,False
MAP-MAT-AUX-999-5753,其他铁件,其他铁件,MAT-AUX-999,medium,零星/杂项材料(按项),辅材,SX,False
MAP-MAT-PAI-001-4533,内墙涂料,内墙涂料,MAT-PAI-001,medium,内墙乳胶漆 白色,装饰材料,SX,False
MAP-MAT-FRM-001-6825,冲击成孔机  1500mm,冲击成孔机1500mm,MAT-FRM-001,low,轻钢龙骨（吊顶）,装饰材料,SX,False
MAP-MAT-PNT-001-7097,冷固环氧树脂涂料,冷固环氧树脂涂料,MAT-PNT-001,low,环氧富锌底漆,涂料,SX,False
MAP-MAT-WAP-009-8368,冷底子油,冷底子油,MAT-WAP-009,high,冷底子油,防水材料,SX,False
MAP-MAT-WMS-001-4907,冷拔钢丝,冷拔钢丝,MAT-WMS-001,low,热镀锌钢丝网 Φ0.8@20×20,钢材,SX,False
MAP-MAT-GRO-002-1362,冷挤压套筒,冷挤压套筒,MAT-GRO-002,low,装配式套筒灌浆料,其他,SX,False
MAP-MAT-UTL-001-8888,凹凸型排水板,凹凸型排水板,MAT-UTL-001,medium,施工用水,施工辅助材料,SX,False
MAP-MAT-STE-002-1917,切割锯片  Φ 1000,切割锯片Φ1000,MAT-STE-002,low,热轧光圆钢筋 HPB300,钢材,SX,False
MAP-MAT-TRN-001-7196,刨花板  1830×915×4,刨花板1830×915×4,MAT-TRN-001,low,木胶合板模板 1830×915×15mm,周转材料,SX,False
MAP-MAT-WAL-001-9661,剪板机 40×3100mm,剪板机40×3100mm,MAT-WAL-001,low,轻质隔墙板（GRC）,砌体材料,SX,False
MAP-MAT-MSH-001-0882,加强网格布,加强网格布,MAT-MSH-001,medium,耐碱玻纤网格布 160g/m²,装饰材料,SX,False
MAP-MAT-BLO-001-7244,加气混凝土砌块 600×240 × 180,加气混凝土砌块600×240×180,MAT-BLO-001,medium,蒸压加气混凝土砌块 A5.0 B06,砌体材料,SX,False
MAP-MAT-PRE-002-8630,化学锚栓 M12× 160,化学锚栓M12×160,MAT-PRE-002,medium,化学锚栓 M12x160,其他,SX,False
MAP-MAT-PIPE-002-0144,半圆竹片 DN20,半圆竹片DN20,MAT-PIPE-002,low,镀锌钢管 DN15~DN150,管材管件,SX,False
MAP-MAT-WAL-001-4336,半自动切割机  100mm,半自动切割机100mm,MAT-WAL-001,low,轻质隔墙板（GRC）,砌体材料,SX,False
MAP-MAT-DOO-005-4375,单扇套装平开实木门,单扇套装平开实木门,MAT-DOO-005,medium,木质门（成品）,门窗,SX,False
MAP-MAT-INSU-001-5715,单片保温模网,单片保温模网,MAT-INSU-001,low,岩棉管壳/板,绝热保温,SX,False
MAP-MAT-VALV-007-5235,单速电动葫芦 2t,单速电动葫芦2t,MAT-VALV-007,low,调节阀,阀门,SX,False
MAP-MAT-PRE-002-9168,单面固定螺栓 ML-850R,单面固定螺栓ML-850R,MAT-PRE-002,medium,化学锚栓 M12x160,其他,SX,False
MAP-MAT-PRE-002-4954,单面连接螺栓 R-8,单面连接螺栓R-8,MAT-PRE-002,medium,化学锚栓 M12x160,其他,SX,False
MAP-MAT-INS-004-6624,单面钢丝聚苯乙烯板  δ50 15kg/m³,单面钢丝聚苯乙烯板δ5015kg/m³,MAT-INS-004,low,石墨聚苯板 SEPS B1级,保温隔热材料,SX,False
MAP-MAT-FITT-002-0045,卡箍  (泵管用),卡箍,MAT-FITT-002,medium,沟槽管件(卡箍/弯头/三通),管材管件,SX,False
MAP-MAT-PRE-002-9386,卡箍膨胀螺栓  Φ 110,卡箍膨胀螺栓Φ110,MAT-PRE-002,medium,化学锚栓 M12x160,其他,SX,False
MAP-MAT-FRM-001-1505,卷扬机带40m塔 50kN,卷扬机带40m塔50kN,MAT-FRM-001,low,轻钢龙骨（吊顶）,装饰材料,SX,False
MAP-MAT-FITT-001-8307,压制弯头 DN40,压制弯头DN40,MAT-FITT-001,medium,碳钢弯头(冲压/无缝),管材管件,SX,False
MAP-MAT-FRM-001-6998,压型屋面板 W-550,压型屋面板W-550,MAT-FRM-001,low,轻钢龙骨（吊顶）,装饰材料,SX,False
MAP-MAT-STE-006-8475,压型彩钢板  δ0.5,压型彩钢板δ0.5,MAT-STE-006,medium,钢板 Q235B,钢材,SX,False
MAP-MAT-STE-006-8530,压型钢板  δ0.5,压型钢板δ0.5,MAT-STE-006,medium,钢板 Q235B,钢材,SX,False
MAP-MAT-STE-006-0193,压型钢板楼板 0.9,压型钢板楼板0.9,MAT-STE-006,medium,钢板 Q235B,钢材,SX,False
MAP-MAT-FPC-004-9867,厚型防火涂料,厚型防火涂料,MAT-FPC-004,high,防火涂料(饰面型),涂料,SX,False
MAP-MAT-DOO-005-3212,双扇套装子母对开实木门,双扇套装子母对开实木门,MAT-DOO-005,medium,木质门（成品）,门窗,SX,False
MAP-MAT-DOO-005-1875,双扇套装平开实木门,双扇套装平开实木门,MAT-DOO-005,medium,木质门（成品）,门窗,SX,False
MAP-MAT-FRM-001-8520,双锥反转出料混凝土搅拌机500L,双锥反转出料混凝土搅拌机500L,MAT-FRM-001,low,轻钢龙骨（吊顶）,装饰材料,SX,False
MAP-MAT-AUX-009-5508,发光亚克力字  1m² 以内,发光亚克力字1m²以内,MAT-AUX-009,low,亚克力灯箱板,其他,SX,False
MAP-MAT-AUX-009-6960,发光亚克力字 2m² 以内,发光亚克力字2m²以内,MAT-AUX-009,low,亚克力灯箱板,其他,SX,False
MAP-MAT-AUX-009-7440,发光亚克力字 4m² 以内,发光亚克力字4m²以内,MAT-AUX-009,low,亚克力灯箱板,其他,SX,False
MAP-MAT-SEA-004-8920,发泡剂,发泡剂,MAT-SEA-004,high,聚氨酯发泡剂 750ml,装饰材料,SX,False
MAP-MAT-STE-002-8317,合金钢钻头  Φ 10,合金钢钻头Φ10,MAT-STE-002,low,热轧光圆钢筋 HPB300,钢材,SX,False
MAP-MAT-STE-002-4759,合金钢钻头  Φ 100,合金钢钻头Φ100,MAT-STE-002,low,热轧光圆钢筋 HPB300,钢材,SX,False
MAP-MAT-STE-002-5124,合金钢钻头  Φ6～13,合金钢钻头Φ6～13,MAT-STE-002,low,热轧光圆钢筋 HPB300,钢材,SX,False
MAP-MAT-TRN-001-9432,吸音胶合板,吸音胶合板,MAT-TRN-001,medium,木胶合板模板 1830×915×15mm,周转材料,SX,False
MAP-MAT-AUX-014-8093,呋喃树脂胶泥,呋喃树脂胶泥,MAT-AUX-014,medium,防腐胶泥,其他,SX,False
MAP-MAT-FRM-001-1485,回旋钻机  1500mm,回旋钻机1500mm,MAT-FRM-001,low,轻钢龙骨（吊顶）,装饰材料,SX,False
MAP-MAT-TIL-006-7151,回旋钻机 800mm,回旋钻机800mm,MAT-TIL-006,low,防滑地砖 800x800,装饰材料,SX,False
MAP-MAT-PRE-002-0581,固定螺栓,固定螺栓,MAT-PRE-002,medium,化学锚栓 M12x160,其他,SX,False
MAP-MAT-TIL-001-6332,圆筒型铝合金  (含配件) 600×600,圆筒型铝合金(含配件)600×600,MAT-TIL-001,low,全瓷抛光砖 600×600mm,装饰材料,SX,False
MAP-MAT-STE-002-8839,圆钢  Φ 15～24,圆钢Φ15～24,MAT-STE-002,medium,热轧光圆钢筋 HPB300,钢材,SX,False
MAP-MAT-STE-002-8680,圆钢  Φ8,圆钢Φ8,MAT-STE-002,medium,热轧光圆钢筋 HPB300,钢材,SX,False
MAP-MAT-STE-002-5080,圆钢  Φ8～14,圆钢Φ8～14,MAT-STE-002,medium,热轧光圆钢筋 HPB300,钢材,SX,False
MAP-MAT-STE-002-7845,圆钢(综合),圆钢,MAT-STE-002,high,热轧光圆钢筋 HPB300,钢材,SX,False
MAP-MAT-STE-002-8871,圆钢防盗格栅窗,圆钢防盗格栅窗,MAT-STE-002,medium,热轧光圆钢筋 HPB300,钢材,SX,False
MAP-MAT-DOO-015-6908,地弹簧,地弹簧,MAT-DOO-015,medium,全玻自由门(成品),门窗,SX,False
MAP-MAT-UTL-001-4828,地板胶水,地板胶水,MAT-UTL-001,medium,施工用水,施工辅助材料,SX,False
MAP-MAT-AUX-003-3888,地毯,地毯,MAT-AUX-003,high,地毯(满铺),装饰材料,SX,False
MAP-MAT-AUX-003-5022,地毯木条,地毯木条,MAT-AUX-003,high,地毯(满铺),装饰材料,SX,False
MAP-MAT-AUX-003-6934,地毯烫带,地毯烫带,MAT-AUX-003,high,地毯(满铺),装饰材料,SX,False
MAP-MAT-AUX-003-0880,地毯胶垫,地毯胶垫,MAT-AUX-003,high,地毯(满铺),装饰材料,SX,False
MAP-MAT-TIL-001-8355,地砖  1000× 1000,地砖1000×1000,MAT-TIL-001,medium,全瓷抛光砖 600×600mm,装饰材料,SX,False
MAP-MAT-TIL-002-6994,地砖 300×300,地砖300×300,MAT-TIL-002,high,防滑地砖 300×300mm,装饰材料,SX,False
MAP-MAT-TIL-001-1975,地砖 600×600,地砖600×600,MAT-TIL-001,medium,全瓷抛光砖 600×600mm,装饰材料,SX,False
MAP-MAT-TIL-001-9353,地砖 800×800,地砖800×800,MAT-TIL-001,medium,全瓷抛光砖 600×600mm,装饰材料,SX,False
MAP-MAT-AUXI-002-9293,地脚螺栓 M24×500,地脚螺栓M24×500,MAT-AUXI-002,high,地脚螺栓(普通/锚固),辅材,SX,False
MAP-MAT-FRM-001-6205,型钢剪断机 500mm,型钢剪断机500mm,MAT-FRM-001,low,轻钢龙骨（吊顶）,装饰材料,SX,False
MAP-MAT-TRN-001-7574,垫木 金属周转材料,垫木金属周转材料,MAT-TRN-001,low,木胶合板模板 1830×915×15mm,周转材料,SX,False
MAP-MAT-PIPE-003-2745,塑料压条,塑料压条,MAT-PIPE-003,low,塑料管 PPR/UPVC,管材管件,SX,False
MAP-MAT-PIPE-003-9763,塑料地板卷材  δ 1.5,塑料地板卷材δ1.5,MAT-PIPE-003,low,塑料管 PPR/UPVC,管材管件,SX,False
MAP-MAT-PIPE-003-9180,塑料堵头,塑料堵头,MAT-PIPE-003,low,塑料管 PPR/UPVC,管材管件,SX,False
MAP-MAT-UTL-001-2477,塑料弯头落水口,塑料弯头落水口,MAT-UTL-001,medium,施工用水,施工辅助材料,SX,False
MAP-MAT-PIPE-003-0420,塑料扶手,塑料扶手,MAT-PIPE-003,low,塑料管 PPR/UPVC,管材管件,SX,False
MAP-MAT-UTL-001-2571,塑料排水三通 DN50,塑料排水三通DN50,MAT-UTL-001,medium,施工用水,施工辅助材料,SX,False
MAP-MAT-UTL-001-3305,塑料排水外接 DN50,塑料排水外接DN50,MAT-UTL-001,medium,施工用水,施工辅助材料,SX,False
MAP-MAT-UTL-001-3955,塑料排水弯头 DN50,塑料排水弯头DN50,MAT-UTL-001,medium,施工用水,施工辅助材料,SX,False
MAP-MAT-UTL-001-6617,塑料排水管 DN50,塑料排水管DN50,MAT-UTL-001,medium,施工用水,施工辅助材料,SX,False
MAP-MAT-BRD-006-2178,塑料板,塑料板,MAT-BRD-006,medium,聚氯乙烯板(PVC) 3mm,装饰材料,SX,False
MAP-MAT-BRD-006-0792,塑料板压口盖板,塑料板压口盖板,MAT-BRD-006,medium,聚氯乙烯板(PVC) 3mm,装饰材料,SX,False
MAP-MAT-BRD-006-2519,塑料板扫脚盖板,塑料板扫脚盖板,MAT-BRD-006,medium,聚氯乙烯板(PVC) 3mm,装饰材料,SX,False
MAP-MAT-BRD-006-8280,塑料板踢脚线,塑料板踢脚线,MAT-BRD-006,medium,聚氯乙烯板(PVC) 3mm,装饰材料,SX,False
MAP-MAT-BRD-006-3318,塑料板阴阳角卡口板,塑料板阴阳角卡口板,MAT-BRD-006,medium,聚氯乙烯板(PVC) 3mm,装饰材料,SX,False
MAP-MAT-PIPE-003-8384,塑料检查井(成品),塑料检查井,MAT-PIPE-003,low,塑料管 PPR/UPVC,管材管件,SX,False
MAP-MAT-PIPE-003-5482,塑料檐沟,塑料檐沟,MAT-PIPE-003,low,塑料管 PPR/UPVC,管材管件,SX,False
MAP-MAT-WAP-007-0384,塑料止水带,塑料止水带,MAT-WAP-007,medium,橡胶止水带 300×8mm,防水材料,SX,False
MAP-MAT-PIPE-003-1621,塑料毛巾架,塑料毛巾架,MAT-PIPE-003,low,塑料管 PPR/UPVC,管材管件,SX,False
MAP-MAT-UTL-001-9898,塑料水落管  Φ 110  以内,塑料水落管Φ110以内,MAT-UTL-001,medium,施工用水,施工辅助材料,SX,False
MAP-MAT-UTL-001-6651,塑料水落管  Φ 110  以外,塑料水落管Φ110以外,MAT-UTL-001,medium,施工用水,施工辅助材料,SX,False
MAP-MAT-PIPE-003-8752,塑料注浆阀管,塑料注浆阀管,MAT-PIPE-003,low,塑料管 PPR/UPVC,管材管件,SX,False
MAP-MAT-AUX-012-6276,塑料窗帘盒 宽140,塑料窗帘盒宽140,MAT-AUX-012,high,窗帘(成品),门窗,SX,False
MAP-MAT-PIPE-003-5796,塑料管(综合),塑料管,MAT-PIPE-003,high,塑料管 PPR/UPVC,管材管件,SX,False
MAP-MAT-FITT-004-2484,塑料管卡子  110mm,塑料管卡子110mm,MAT-FITT-004,medium,管道支架(型钢制),管材管件,SX,False
MAP-MAT-FITT-004-7362,塑料管卡子  Φ110mm以内,塑料管卡子Φ110mm以内,MAT-FITT-004,medium,管道支架(型钢制),管材管件,SX,False
MAP-MAT-FITT-004-9423,塑料管卡子  Φ110mm以外,塑料管卡子Φ110mm以外,MAT-FITT-004,medium,管道支架(型钢制),管材管件,SX,False
MAP-MAT-MOR-006-5455,塑料粘结剂,塑料粘结剂,MAT-MOR-006,low,砌块砌筑粘结剂,混凝土及砂浆,SX,False
MAP-MAT-PIPE-003-7569,塑料胀塞,塑料胀塞,MAT-PIPE-003,low,塑料管 PPR/UPVC,管材管件,SX,False
MAP-MAT-PRE-002-3659,塑料膨胀螺栓,塑料膨胀螺栓,MAT-PRE-002,medium,化学锚栓 M12x160,其他,SX,False
MAP-MAT-UTL-001-5843,塑料落水口,塑料落水口,MAT-UTL-001,medium,施工用水,施工辅助材料,SX,False
MAP-MAT-UTL-001-8162,塑料落水斗,塑料落水斗,MAT-UTL-001,medium,施工用水,施工辅助材料,SX,False
MAP-MAT-PIPE-003-0788,塑料装饰扣板,塑料装饰扣板,MAT-PIPE-003,low,塑料管 PPR/UPVC,管材管件,SX,False
MAP-MAT-PIPE-003-0208,塑料贴面板,塑料贴面板,MAT-PIPE-003,low,塑料管 PPR/UPVC,管材管件,SX,False
MAP-MAT-PIPE-003-2325,塑料透光片,塑料透光片,MAT-PIPE-003,low,塑料管 PPR/UPVC,管材管件,SX,False
MAP-MAT-FPC-002-1641,塑料镜箱 560mm×320mm×130mm,塑料镜箱560mm×320mm×130mm,MAT-FPC-002,low,非膨胀型钢结构防火涂料（厚型）,防火材料,SX,False
MAP-MAT-UTL-001-3350,塑料防水板,塑料防水板,MAT-UTL-001,medium,施工用水,施工辅助材料,SX,False
MAP-MAT-PIPE-003-7505,塑料靠墙扶手,塑料靠墙扶手,MAT-PIPE-003,low,塑料管 PPR/UPVC,管材管件,SX,False
MAP-MAT-FLR-001-8814,塑胶喷浆机,塑胶喷浆机,MAT-FLR-001,low,同质透心塑胶地板 2mm,装饰材料,SX,False
MAP-MAT-FLR-001-3834,塑胶搅拌机,塑胶搅拌机,MAT-FLR-001,low,同质透心塑胶地板 2mm,装饰材料,SX,False
MAP-MAT-DOO-004-6830,塑钢全玻璃隔断,塑钢全玻璃隔断,MAT-DOO-004,low,铝合金门（成品）,门窗,SX,False
MAP-MAT-DOO-003-2685,塑钢内平开下悬窗  (含5mm  玻璃),塑钢内平开下悬窗,MAT-DOO-003,low,断桥铝合金窗（成品）,门窗,SX,False
MAP-MAT-DOO-003-0475,塑钢内平开下悬飘窗,塑钢内平开下悬飘窗,MAT-DOO-003,low,断桥铝合金窗（成品）,门窗,SX,False
MAP-MAT-DOO-004-4817,塑钢半玻璃隔断,塑钢半玻璃隔断,MAT-DOO-004,low,铝合金门（成品）,门窗,SX,False
MAP-MAT-DOO-004-5429,塑钢固定窗,塑钢固定窗,MAT-DOO-004,low,铝合金门（成品）,门窗,SX,False
MAP-MAT-DOO-009-2262,塑钢平开窗  (含5mm  玻璃),塑钢平开窗,MAT-DOO-009,medium,塑钢窗(成品),门窗,SX,False
MAP-MAT-DOO-012-6081,塑钢平开纱窗扇,塑钢平开纱窗扇,MAT-DOO-012,high,纱窗(成品),门窗,SX,False
MAP-MAT-DOO-003-2570,塑钢平开门,塑钢平开门,MAT-DOO-003,low,断桥铝合金窗（成品）,门窗,SX,False
MAP-MAT-DOO-003-8910,塑钢平开飘窗,塑钢平开飘窗,MAT-DOO-003,low,断桥铝合金窗（成品）,门窗,SX,False
MAP-MAT-DOO-009-0203,塑钢推拉窗  (含5mm  玻璃),塑钢推拉窗,MAT-DOO-009,medium,塑钢窗(成品),门窗,SX,False
MAP-MAT-DOO-012-3368,塑钢推拉纱窗扇,塑钢推拉纱窗扇,MAT-DOO-012,high,纱窗(成品),门窗,SX,False
MAP-MAT-DOO-007-9962,塑钢推拉门,塑钢推拉门,MAT-DOO-007,high,推拉门(成品),门窗,SX,False
MAP-MAT-DOO-004-4947,塑钢爬梯,塑钢爬梯,MAT-DOO-004,low,铝合金门（成品）,门窗,SX,False
MAP-MAT-DOO-011-9915,塑钢百叶窗,塑钢百叶窗,MAT-DOO-011,high,百叶窗(成品),门窗,SX,False
MAP-MAT-DOO-012-4508,塑钢纱门扇,塑钢纱门扇,MAT-DOO-012,medium,纱窗(成品),门窗,SX,False
MAP-MAT-DOO-004-8395,塑钢门窗配件  固定连接铁件(地脚),塑钢门窗配件固定连接铁件,MAT-DOO-004,medium,铝合金门（成品）,门窗,SX,False
MAP-MAT-DOO-004-9122,塑钢隔断,塑钢隔断,MAT-DOO-004,low,铝合金门（成品）,门窗,SX,False
MAP-MAT-GRO-001-3900,填缝剂,填缝剂,MAT-GRO-001,high,填缝剂（美缝剂）,装饰材料,SX,False
MAP-MAT-WAL-002-7408,壁纸专用基膜,壁纸专用基膜,MAT-WAL-002,high,壁纸(无纺布),装饰材料,SX,False
MAP-MAT-WAL-002-0688,壁纸专用粘贴剂,壁纸专用粘贴剂,MAT-WAL-002,high,壁纸(无纺布),装饰材料,SX,False
MAP-MAT-FRM-001-2185,复合式烤漆龙骨  (明架式),复合式烤漆龙骨,MAT-FRM-001,low,轻钢龙骨（吊顶）,装饰材料,SX,False
MAP-MAT-FRM-001-7041,复合式烤漆龙骨  (暗架式),复合式烤漆龙骨,MAT-FRM-001,low,轻钢龙骨（吊顶）,装饰材料,SX,False
MAP-MAT-AUX-004-8735,复合木地板,复合木地板,MAT-AUX-004,high,木地板(成品),装饰材料,SX,False
MAP-MAT-TRN-001-1159,复合模板,复合模板,MAT-TRN-001,medium,木胶合板模板 1830×915×15mm,周转材料,SX,False
MAP-MAT-WAP-001-0165,复合铜胎基SBS改性沥青卷材,复合铜胎基SBS改性沥青卷材,MAT-WAP-001,medium,SBS改性沥青防水卷材 3mm,防水材料,SX,False
MAP-MAT-INS-005-4340,复层涂料骨浆 喷涂型,复层涂料骨浆喷涂型,MAT-INS-005,low,无机纤维粒状棉,保温隔热材料,SX,False
MAP-MAT-FIRE-001-3975,外加剂 SN-2,外加剂SN-2,MAT-FIRE-001,low,消火栓箱(室内/室外),消防器材,SX,False
MAP-MAT-WAP-009-4846,多彩底涂料,多彩底涂料,MAT-WAP-009,medium,冷底子油,防水材料,SX,False
MAP-MAT-DOO-004-1256,多边形铝合金空腹格栅  (含配件),多边形铝合金空腹格栅,MAT-DOO-004,low,铝合金门（成品）,门窗,SX,False
MAP-MAT-INS-001-6384,大模内置专用挤塑聚苯板,大模内置专用挤塑聚苯板,MAT-INS-001,medium,绝热用挤塑聚苯乙烯泡沫塑料(XPS),保温隔热材料,SX,False
MAP-MAT-INS-002-0207,大模内置专用膨胀聚苯板,大模内置专用膨胀聚苯板,MAT-INS-002,medium,绝热用模塑聚苯乙烯泡沫塑料(EPS),保温隔热材料,SX,False
MAP-MAT-SEA-001-6033,大玻璃结构胶,大玻璃结构胶,MAT-SEA-001,medium,硅酮耐候密封胶,装饰材料,SX,False
MAP-MAT-STO-002-9987,大理石弯头,大理石弯头,MAT-STO-002,medium,花岗岩板 20mm,装饰材料,SX,False
MAP-MAT-AUX-007-3714,天然石材踢脚线,天然石材踢脚线,MAT-AUX-007,high,石材踢脚线,装饰材料,SX,False
MAP-MAT-BRD-007-8303,天然石材饰面板  1000× 1000,天然石材饰面板1000×1000,MAT-BRD-007,medium,装饰饰面板(成品) 2440×1220,装饰材料,SX,False
MAP-MAT-BRD-007-9758,天然石材饰面板 600×600,天然石材饰面板600×600,MAT-BRD-007,medium,装饰饰面板(成品) 2440×1220,装饰材料,SX,False
MAP-MAT-BRD-007-9973,天然石材饰面板 800×800,天然石材饰面板800×800,MAT-BRD-007,medium,装饰饰面板(成品) 2440×1220,装饰材料,SX,False
MAP-MAT-BRD-007-6154,天然石材饰面板 碎拼,天然石材饰面板碎拼,MAT-BRD-007,medium,装饰饰面板(成品) 2440×1220,装饰材料,SX,False
MAP-MAT-BRD-007-1995,天然石材饰面板(成品) 拼花,天然石材饰面板(成品)拼花,MAT-BRD-007,medium,装饰饰面板(成品) 2440×1220,装饰材料,SX,False
MAP-MAT-BRD-007-0306,天然石材饰面板(综合),天然石材饰面板,MAT-BRD-007,medium,装饰饰面板(成品) 2440×1220,装饰材料,SX,False
MAP-MAT-EAR-002-1866,天然砂石,天然砂石,MAT-EAR-002,medium,级配砂石,其他,SX,False
MAP-MAT-PAI-003-3353,天然级配砂砾,天然级配砂砾,MAT-PAI-003,low,真石漆,装饰材料,SX,False
MAP-MAT-STE-006-8079,定位钢板,定位钢板,MAT-STE-006,medium,钢板 Q235B,钢材,SX,False
MAP-MAT-TRN-001-6179,定型柱复合模板  15mm,定型柱复合模板15mm,MAT-TRN-001,medium,木胶合板模板 1830×915×15mm,周转材料,SX,False
MAP-MAT-TRN-003-0992,定型钢模板,定型钢模板,MAT-TRN-003,medium,组合钢模板,周转材料,SX,False
MAP-MAT-AUX-004-8961,实木地板,实木地板,MAT-AUX-004,high,木地板(成品),装饰材料,SX,False
MAP-MAT-SEA-001-5495,密封胶,密封胶,MAT-SEA-001,high,硅酮耐候密封胶,装饰材料,SX,False
MAP-MAT-SEA-001-0981,密封胶 XY02#,密封胶XY02#,MAT-SEA-001,medium,硅酮耐候密封胶,装饰材料,SX,False
MAP-MAT-PRE-002-1817,对拉螺栓,对拉螺栓,MAT-PRE-002,medium,化学锚栓 M12x160,其他,SX,False
MAP-MAT-FITT-003-5109,对焊机 75kV ·A,对焊机75kV·A,MAT-FITT-003,low,碳钢法兰(平焊/对焊),管材管件,SX,False
MAP-MAT-EQP-022-5842,对讲机(一对),对讲机,MAT-EQP-022,low,工厂对讲系统,自动化仪表,SX,False
MAP-MAT-FRM-001-2338,射流井点泵 9.50m,射流井点泵9.50m,MAT-FRM-001,low,轻钢龙骨（吊顶）,装饰材料,SX,False
MAP-MAT-EQP-006-5466,履带式抓斗成槽机  1000mm,履带式抓斗成槽机1000mm,MAT-EQP-006,medium,煤场设备,热力设备,SX,False
MAP-MAT-EQP-006-2050,履带式抓斗成槽机 800mm,履带式抓斗成槽机800mm,MAT-EQP-006,medium,煤场设备,热力设备,SX,False
MAP-MAT-FRM-001-6140,履带式旋挖钻机  1500mm,履带式旋挖钻机1500mm,MAT-FRM-001,low,轻钢龙骨（吊顶）,装饰材料,SX,False
MAP-MAT-TIL-006-4045,履带式旋挖钻机 800mm,履带式旋挖钻机800mm,MAT-TIL-006,low,防滑地砖 800x800,装饰材料,SX,False
MAP-MAT-FRM-001-7029,履带式起重机 50t,履带式起重机50t,MAT-FRM-001,low,轻钢龙骨（吊顶）,装饰材料,SX,False
MAP-MAT-FRM-001-0766,履带式起重机 60t,履带式起重机60t,MAT-FRM-001,low,轻钢龙骨（吊顶）,装饰材料,SX,False
MAP-MAT-BRD-004-2132,岩棉吸音板,岩棉吸音板,MAT-BRD-004,medium,矿棉吸音板 600x600,装饰材料,SX,False
MAP-MAT-INS-003-1960,岩棉板  δ 100,岩棉板δ100,MAT-INS-003,medium,岩棉板 120kg/m³,保温隔热材料,SX,False
MAP-MAT-INS-003-0241,岩棉板  δ 120,岩棉板δ120,MAT-INS-003,medium,岩棉板 120kg/m³,保温隔热材料,SX,False
MAP-MAT-INS-003-9580,岩棉板  δ30,岩棉板δ30,MAT-INS-003,medium,岩棉板 120kg/m³,保温隔热材料,SX,False
MAP-MAT-INS-003-2443,岩棉板  δ50,岩棉板δ50,MAT-INS-003,medium,岩棉板 120kg/m³,保温隔热材料,SX,False
MAP-MAT-INS-003-5238,岩棉板  δ60,岩棉板δ60,MAT-INS-003,medium,岩棉板 120kg/m³,保温隔热材料,SX,False
MAP-MAT-INS-003-6399,岩棉板  δ80,岩棉板δ80,MAT-INS-003,medium,岩棉板 120kg/m³,保温隔热材料,SX,False
MAP-MAT-INS-003-8141,岩棉板(综合),岩棉板,MAT-INS-003,high,岩棉板 120kg/m³,保温隔热材料,SX,False
MAP-MAT-STEL-003-2490,工字钢(综合),工字钢,MAT-STEL-003,high,工字钢 Q235B,型钢材,SX,False
MAP-MAT-AUX-012-6490,布窗帘,布窗帘,MAT-AUX-012,high,窗帘(成品),门窗,SX,False
MAP-MAT-PRE-002-0841,带帽六角螺栓 M12以外,带帽六角螺栓M12以外,MAT-PRE-002,medium,化学锚栓 M12x160,其他,SX,False
MAP-MAT-PRE-002-8987,带帽六角螺栓(综合),带帽六角螺栓,MAT-PRE-002,medium,化学锚栓 M12x160,其他,SX,False
MAP-MAT-PRE-002-1800,带帽螺栓,带帽螺栓,MAT-PRE-002,medium,化学锚栓 M12x160,其他,SX,False
MAP-MAT-ALM-001-1773,幕墙双面不干胶条 8 × 16,幕墙双面不干胶条8×16,MAT-ALM-001,low,铝合金型材(幕墙用),装饰材料,SX,False
MAP-MAT-ALM-001-1424,幕墙用二爪挂件,幕墙用二爪挂件,MAT-ALM-001,low,铝合金型材(幕墙用),装饰材料,SX,False
MAP-MAT-ALM-001-3862,幕墙用单爪挂件,幕墙用单爪挂件,MAT-ALM-001,low,铝合金型材(幕墙用),装饰材料,SX,False
MAP-MAT-ALM-001-1766,幕墙用四爪挂件,幕墙用四爪挂件,MAT-ALM-001,low,铝合金型材(幕墙用),装饰材料,SX,False
MAP-MAT-SEA-001-2623,幕墙结构胶,幕墙结构胶,MAT-SEA-001,medium,硅酮耐候密封胶,装饰材料,SX,False
MAP-MAT-ALM-001-5367,幕墙铝型材,幕墙铝型材,MAT-ALM-001,medium,铝合金型材(幕墙用),装饰材料,SX,False
MAP-MAT-MOR-003-3155,干混地面砂浆 DS M15,干混地面砂浆DSM15,MAT-MOR-003,medium,干混地面砂浆 DS M20,混凝土及砂浆,SX,False
MAP-MAT-MOR-003-3772,干混地面砂浆 DS M20,干混地面砂浆DSM20,MAT-MOR-003,high,干混地面砂浆 DS M20,混凝土及砂浆,SX,False
MAP-MAT-MOR-002-6477,干混抹灰砂浆 DP M10,干混抹灰砂浆DPM10,MAT-MOR-002,high,干混抹灰砂浆 DP M10,混凝土及砂浆,SX,False
MAP-MAT-MOR-002-2385,干混抹灰砂浆 DP M10水,干混抹灰砂浆DPM10水,MAT-MOR-002,high,干混抹灰砂浆 DP M10,混凝土及砂浆,SX,False
MAP-MAT-MOR-004-7753,干混界面砂浆 DIT M10,干混界面砂浆DITM10,MAT-MOR-004,medium,界面剂/墙固,混凝土及砂浆,SX,False
MAP-MAT-MOR-001-7715,干混砂浆罐式搅拌机,干混砂浆罐式搅拌机,MAT-MOR-001,low,干混砌筑砂浆 DM M10,混凝土及砂浆,SX,False
MAP-MAT-MOR-001-3220,干混砌筑砂浆,干混砌筑砂浆,MAT-MOR-001,high,干混砌筑砂浆 DM M10,混凝土及砂浆,SX,False
MAP-MAT-MOR-001-8969,干混砌筑砂浆 DM M10,干混砌筑砂浆DMM10,MAT-MOR-001,high,干混砌筑砂浆 DM M10,混凝土及砂浆,SX,False
MAP-MAT-MOR-001-3277,干混砌筑砂浆 DM M20,干混砌筑砂浆DMM20,MAT-MOR-001,medium,干混砌筑砂浆 DM M10,混凝土及砂浆,SX,False
MAP-MAT-ADH-001-5706,干粉型粘接剂,干粉型粘接剂,MAT-ADH-001,low,瓷砖胶粘剂 C1型,装饰材料,SX,False
MAP-MAT-INS-002-7883,干粉式苯板胶,干粉式苯板胶,MAT-INS-002,medium,绝热用模塑聚苯乙烯泡沫塑料(EPS),保温隔热材料,SX,False
MAP-MAT-FRM-001-6463,平板拖车组 60t,平板拖车组60t,MAT-FRM-001,low,轻钢龙骨（吊顶）,装饰材料,SX,False
MAP-MAT-UTL-001-5820,平面水磨石机 3kW,平面水磨石机3kW,MAT-UTL-001,medium,施工用水,施工辅助材料,SX,False
MAP-MAT-SEA-002-8445,建筑油膏,建筑油膏,MAT-SEA-002,low,改性沥青嵌缝油膏,防水材料,SX,False
MAP-MAT-AUX-999-9079,张拉锚具及其他材料,张拉锚具及其他材料,MAT-AUX-999,medium,零星/杂项材料(按项),辅材,SX,False
MAP-MAT-WAP-001-9258,弯折成型铝板 3mm,弯折成型铝板3mm,MAT-WAP-001,low,SBS改性沥青防水卷材 3mm,防水材料,SX,False
MAP-MAT-DOO-004-6785,彩板钢门配件  固定连接铁件(地脚),彩板钢门配件固定连接铁件,MAT-DOO-004,low,铝合金门（成品）,门窗,SX,False
MAP-MAT-STE-012-4434,彩钢内外扣槽,彩钢内外扣槽,MAT-STE-012,low,压型钢板 YX51-760,钢材,SX,False
MAP-MAT-AUX-012-7347,彩钢卷帘,彩钢卷帘,MAT-AUX-012,medium,窗帘(成品),门窗,SX,False
MAP-MAT-STE-012-9135,彩钢堵头,彩钢堵头,MAT-STE-012,low,压型钢板 YX51-760,钢材,SX,False
MAP-MAT-STE-012-4893,彩钢夹芯板  δ 100,彩钢夹芯板δ100,MAT-STE-012,low,压型钢板 YX51-760,钢材,SX,False
MAP-MAT-STE-012-1868,彩钢夹芯板  δ75,彩钢夹芯板δ75,MAT-STE-012,low,压型钢板 YX51-760,钢材,SX,False
MAP-MAT-STE-012-2360,彩钢密封圈,彩钢密封圈,MAT-STE-012,low,压型钢板 YX51-760,钢材,SX,False
MAP-MAT-STE-006-3059,彩钢板  δ0.5,彩钢板δ0.5,MAT-STE-006,medium,钢板 Q235B,钢材,SX,False
MAP-MAT-STE-006-8068,彩钢板  δ0.8,彩钢板δ0.8,MAT-STE-006,medium,钢板 Q235B,钢材,SX,False
MAP-MAT-STE-006-8571,彩钢板窗,彩钢板窗,MAT-STE-006,medium,钢板 Q235B,钢材,SX,False
MAP-MAT-STE-006-2887,彩钢板门,彩钢板门,MAT-STE-006,medium,钢板 Q235B,钢材,SX,False
MAP-MAT-STE-012-6021,彩钢脊瓦,彩钢脊瓦,MAT-STE-012,low,压型钢板 YX51-760,钢材,SX,False
MAP-MAT-BRD-003-6623,微孔硅酸钙,微孔硅酸钙,MAT-BRD-003,low,硅酸钙板 8mm,装饰材料,SX,False
MAP-MAT-STEL-004-6993,扁钢  100× 10,扁钢100×10,MAT-STEL-004,medium,热镀锌钢板/扁钢,型钢材,SX,False
MAP-MAT-STEL-004-4337,扁钢 5,扁钢5,MAT-STEL-004,medium,热镀锌钢板/扁钢,型钢材,SX,False
MAP-MAT-STEL-004-2214,扁钢 60  以外,扁钢60以外,MAT-STEL-004,medium,热镀锌钢板/扁钢,型钢材,SX,False
MAP-MAT-STEL-004-6234,扁钢(综合),扁钢,MAT-STEL-004,high,热镀锌钢板/扁钢,型钢材,SX,False
MAP-MAT-PLUM-004-2355,手持式风动凿岩机,手持式风动凿岩机,MAT-PLUM-004,low,淋浴器(手持/花洒),卫浴器具,SX,False
MAP-MAT-FIRE-007-7960,手提式砂轮机,手提式砂轮机,MAT-FIRE-007,low,灭火器(干粉/CO₂),消防器材,SX,False
MAP-MAT-HDW-001-1395,执手锁,执手锁,MAT-HDW-001,high,窗用执手锁（铝合金）,门窗五金,SX,False
MAP-MAT-WAP-009-7554,抗碱底涂料,抗碱底涂料,MAT-WAP-009,medium,冷底子油,防水材料,SX,False
MAP-MAT-EQP-013-0854,抹灰石膏,抹灰石膏,MAT-EQP-013,medium,脱硫设备,热力设备,SX,False
MAP-MAT-MOR-005-0248,抹面胶浆,抹面胶浆,MAT-MOR-005,medium,干混抹面砂浆,混凝土及砂浆,SX,False
MAP-MAT-FRM-001-9967,抽屉轨 350,抽屉轨350,MAT-FRM-001,low,轻钢龙骨（吊顶）,装饰材料,SX,False
MAP-MAT-FRM-001-0692,挤扩机 ZJ600-Ⅱ,挤扩机ZJ600-Ⅱ,MAT-FRM-001,low,轻钢龙骨（吊顶）,装饰材料,SX,False
MAP-MAT-FRM-001-9271,摇臂钻床 50mm,摇臂钻床50mm,MAT-FRM-001,low,轻钢龙骨（吊顶）,装饰材料,SX,False
MAP-MAT-WOO-001-4525,支撑木材,支撑木材,MAT-WOO-001,medium,规格材（工程用材）,木材,SX,False
MAP-MAT-TRN-002-3670,支撑钢管及扣件,支撑钢管及扣件,MAT-TRN-002,medium,钢管脚手架 Φ48×3.5mm,周转材料,SX,False
MAP-MAT-SEA-002-2506,改性沥青嵌缝油膏,改性沥青嵌缝油膏,MAT-SEA-002,high,改性沥青嵌缝油膏,防水材料,SX,False
MAP-MAT-WAP-001-0647,改性沥青漆,改性沥青漆,MAT-WAP-001,low,SBS改性沥青防水卷材 3mm,防水材料,SX,False
MAP-MAT-TRN-002-3845,斜支撑杆件  Φ48×3.5,斜支撑杆件Φ48×3.5,MAT-TRN-002,low,钢管脚手架 Φ48×3.5mm,周转材料,SX,False
MAP-MAT-STE-002-0558,断桥锚固件  Φ 10×375,断桥锚固件Φ10×375,MAT-STE-002,low,热轧光圆钢筋 HPB300,钢材,SX,False
MAP-MAT-STO-002-8821,方整石板,方整石板,MAT-STO-002,medium,花岗岩板 20mm,装饰材料,SX,False
MAP-MAT-DOO-004-2235,方筒型铝合金  (含配件) 1200 × 1200,方筒型铝合金(含配件)1200×1200,MAT-DOO-004,low,铝合金门（成品）,门窗,SX,False
MAP-MAT-TIL-001-7949,方筒型铝合金  (含配件) 600×600,方筒型铝合金(含配件)600×600,MAT-TIL-001,low,全瓷抛光砖 600×600mm,装饰材料,SX,False
MAP-MAT-DOO-004-0788,方筒型铝合金  (含配件) 900×900,方筒型铝合金(含配件)900×900,MAT-DOO-004,low,铝合金门（成品）,门窗,SX,False
MAP-MAT-TRN-002-5968,方钢管 25×25×2.5,方钢管25×25×2.5,MAT-TRN-002,medium,钢管脚手架 Φ48×3.5mm,周转材料,SX,False
MAP-MAT-FRM-001-2758,旋喷锚索机  100-250mm,旋喷锚索机100-250mm,MAT-FRM-001,low,轻钢龙骨（吊顶）,装饰材料,SX,False
MAP-MAT-VALV-007-8553,旗帜电动升降系统,旗帜电动升降系统,MAT-VALV-007,low,调节阀,阀门,SX,False
MAP-MAT-SVC-002-4628,无损切割系统 32kV ·A,无损切割系统32kV·A,MAT-SVC-002,low,无损检验(服务),检测服务,SX,False
MAP-MAT-INS-005-9777,无机纤维棉,无机纤维棉,MAT-INS-005,medium,无机纤维粒状棉,保温隔热材料,SX,False
MAP-MAT-INS-005-8077,无机纤维粒状棉,无机纤维粒状棉,MAT-INS-005,high,无机纤维粒状棉,保温隔热材料,SX,False
MAP-MAT-INS-005-2327,无机纤维罩面剂,无机纤维罩面剂,MAT-INS-005,low,无机纤维粒状棉,保温隔热材料,SX,False
MAP-MAT-FRM-001-5789,无砂管 D500,无砂管D500,MAT-FRM-001,low,轻钢龙骨（吊顶）,装饰材料,SX,False
MAP-MAT-FRM-001-9382,无砂管 D600,无砂管D600,MAT-FRM-001,low,轻钢龙骨（吊顶）,装饰材料,SX,False
MAP-MAT-WAL-002-8797,无纺布,无纺布,MAT-WAL-002,medium,壁纸(无纺布),装饰材料,SX,False
MAP-MAT-TRN-002-3410,无缝钢管 D32×2.5,无缝钢管D32×2.5,MAT-TRN-002,medium,钢管脚手架 Φ48×3.5mm,周转材料,SX,False
MAP-MAT-STE-002-2045,普通锚固件  Φ 10× 162,普通锚固件Φ10×162,MAT-STE-002,low,热轧光圆钢筋 HPB300,钢材,SX,False
MAP-MAT-FRM-001-0083,暖气罩(成品) 600× 1200,暖气罩(成品)600×1200,MAT-FRM-001,low,轻钢龙骨（吊顶）,装饰材料,SX,False
MAP-MAT-AUX-009-5811,有机玻璃  δ6,有机玻璃δ6,MAT-AUX-009,medium,亚克力灯箱板,其他,SX,False
MAP-MAT-AUX-009-6279,有机玻璃灯格片,有机玻璃灯格片,MAT-AUX-009,medium,亚克力灯箱板,其他,SX,False
MAP-MAT-AUX-009-5963,有机玻璃灯片,有机玻璃灯片,MAT-AUX-009,medium,亚克力灯箱板,其他,SX,False
MAP-MAT-AUX-009-6429,有机玻璃片 方格型,有机玻璃片方格型,MAT-AUX-009,medium,亚克力灯箱板,其他,SX,False
MAP-MAT-AUX-008-6998,木半圆形装饰线条  10,木半圆形装饰线条10,MAT-AUX-008,high,装饰线条(成品木线),装饰材料,SX,False
MAP-MAT-AUX-008-9168,木半圆形装饰线条 20,木半圆形装饰线条20,MAT-AUX-008,high,装饰线条(成品木线),装饰材料,SX,False
MAP-MAT-AUX-008-5353,木半圆形装饰线条 40,木半圆形装饰线条40,MAT-AUX-008,high,装饰线条(成品木线),装饰材料,SX,False
MAP-MAT-AUX-008-3258,木半圆形装饰线条 60,木半圆形装饰线条60,MAT-AUX-008,high,装饰线条(成品木线),装饰材料,SX,False
MAP-MAT-FRM-001-2495,木工单面压刨床 600mm,木工单面压刨床600mm,MAT-FRM-001,low,轻钢龙骨（吊顶）,装饰材料,SX,False
MAP-MAT-FRM-001-1291,木工圆锯机 500mm,木工圆锯机500mm,MAT-FRM-001,low,轻钢龙骨（吊顶）,装饰材料,SX,False
MAP-MAT-FRM-001-2717,木工圆锯机 600mm,木工圆锯机600mm,MAT-FRM-001,low,轻钢龙骨（吊顶）,装饰材料,SX,False
MAP-MAT-FRM-001-5289,木工平刨床 500mm,木工平刨床500mm,MAT-FRM-001,low,轻钢龙骨（吊顶）,装饰材料,SX,False
MAP-MAT-AUX-008-7529,木平面装饰线条  100×20,木平面装饰线条100×20,MAT-AUX-008,high,装饰线条(成品木线),装饰材料,SX,False
MAP-MAT-AUX-008-4591,木平面装饰线条  10× 10,木平面装饰线条10×10,MAT-AUX-008,high,装饰线条(成品木线),装饰材料,SX,False
MAP-MAT-AUX-008-7777,木平面装饰线条  150×20,木平面装饰线条150×20,MAT-AUX-008,high,装饰线条(成品木线),装饰材料,SX,False
MAP-MAT-AUX-008-7929,木平面装饰线条 200×20,木平面装饰线条200×20,MAT-AUX-008,high,装饰线条(成品木线),装饰材料,SX,False
MAP-MAT-AUX-008-2740,木平面装饰线条 20× 10,木平面装饰线条20×10,MAT-AUX-008,high,装饰线条(成品木线),装饰材料,SX,False
MAP-MAT-AUX-008-3568,木平面装饰线条 20×5,木平面装饰线条20×5,MAT-AUX-008,high,装饰线条(成品木线),装饰材料,SX,False
MAP-MAT-AUX-008-7993,木平面装饰线条 25× 10,木平面装饰线条25×10,MAT-AUX-008,high,装饰线条(成品木线),装饰材料,SX,False
MAP-MAT-AUX-008-8006,木平面装饰线条 25× 13,木平面装饰线条25×13,MAT-AUX-008,high,装饰线条(成品木线),装饰材料,SX,False
MAP-MAT-AUX-008-5358,木平面装饰线条 30× 10,木平面装饰线条30×10,MAT-AUX-008,high,装饰线条(成品木线),装饰材料,SX,False
MAP-MAT-AUX-008-8743,木平面装饰线条 50× 10,木平面装饰线条50×10,MAT-AUX-008,high,装饰线条(成品木线),装饰材料,SX,False
MAP-MAT-FRM-001-7756,木弧线 50,木弧线50,MAT-FRM-001,low,轻钢龙骨（吊顶）,装饰材料,SX,False
MAP-MAT-FRM-001-9609,木弧线 50×20,木弧线50×20,MAT-FRM-001,low,轻钢龙骨（吊顶）,装饰材料,SX,False
MAP-MAT-DOO-006-2139,木板平开大门,木板平开大门,MAT-DOO-006,medium,钢木大门(平开),门窗,SX,False
MAP-MAT-DOO-006-5020,木板推拉大门,木板推拉大门,MAT-DOO-006,medium,钢木大门(平开),门窗,SX,False
MAP-MAT-TRN-001-4673,木模板,木模板,MAT-TRN-001,medium,木胶合板模板 1830×915×15mm,周转材料,SX,False
MAP-MAT-DOO-005-7138,木质字  1.0m² 以内,木质字1.0m²以内,MAT-DOO-005,low,木质门（成品）,门窗,SX,False
MAP-MAT-DOO-005-7214,木质字 0.2m² 以内,木质字0.2m²以内,MAT-DOO-005,low,木质门（成品）,门窗,SX,False
MAP-MAT-DOO-005-0239,木质字 0.5m² 以内,木质字0.5m²以内,MAT-DOO-005,low,木质门（成品）,门窗,SX,False
MAP-MAT-DOO-005-8722,木质门窗套,木质门窗套,MAT-DOO-005,high,木质门（成品）,门窗,SX,False
MAP-MAT-DOO-008-4919,木质防火门,木质防火门,MAT-DOO-008,high,木质防火门甲级,门窗,SX,False
MAP-MAT-DOO-005-1497,木质靠墙扶手,木质靠墙扶手,MAT-DOO-005,low,木质门（成品）,门窗,SX,False
MAP-MAT-BRD-007-9799,木质饰面板  δ3,木质饰面板δ3,MAT-BRD-007,medium,装饰饰面板(成品) 2440×1220,装饰材料,SX,False
MAP-MAT-AUX-006-4981,木踢脚线  100,木踢脚线100,MAT-AUX-006,high,木踢脚线,装饰材料,SX,False
MAP-MAT-DOO-005-6819,木门框(成品),木门框,MAT-DOO-005,medium,木质门（成品）,门窗,SX,False
MAP-MAT-FRM-001-3613,木阳角线条 50×50,木阳角线条50×50,MAT-FRM-001,low,轻钢龙骨（吊顶）,装饰材料,SX,False
MAP-MAT-FRM-001-1961,木阴角线条 50×50,木阴角线条50×50,MAT-FRM-001,low,轻钢龙骨（吊顶）,装饰材料,SX,False
MAP-MAT-FRM-001-5243,木顶角线条 50×50,木顶角线条50×50,MAT-FRM-001,low,轻钢龙骨（吊顶）,装饰材料,SX,False
MAP-MAT-FRM-001-6723,木龙骨,木龙骨,MAT-FRM-001,low,轻钢龙骨（吊顶）,装饰材料,SX,False
MAP-MAT-WOO-002-6273,杉原木 屋架用,杉原木屋架用,MAT-WOO-002,low,方木(屋架用),木材,SX,False
MAP-MAT-UTL-001-9429,松香水,松香水,MAT-UTL-001,medium,施工用水,施工辅助材料,SX,False
MAP-MAT-WOO-001-5423,板枋材,板枋材,MAT-WOO-001,medium,规格材（工程用材）,木材,SX,False
MAP-MAT-WOO-001-4781,板枋材 杉木,板枋材杉木,MAT-WOO-001,medium,规格材（工程用材）,木材,SX,False
MAP-MAT-WOO-001-4466,板枋材 松木,板枋材松木,MAT-WOO-001,medium,规格材（工程用材）,木材,SX,False
MAP-MAT-WOO-001-7864,板枋材 松杂,板枋材松杂,MAT-WOO-001,medium,规格材（工程用材）,木材,SX,False
MAP-MAT-FRM-001-4542,柜台用钢制镀铬支架 250mm,柜台用钢制镀铬支架250mm,MAT-FRM-001,low,轻钢龙骨（吊顶）,装饰材料,SX,False
MAP-MAT-FRM-001-6265,柜台用钢制镀铬支架 350mm,柜台用钢制镀铬支架350mm,MAT-FRM-001,low,轻钢龙骨（吊顶）,装饰材料,SX,False
MAP-MAT-BRI-001-4542,标准砖 240× 115×53,标准砖240×115×53,MAT-BRI-001,medium,烧结普通砖 MU10,砌体材料,SX,False
MAP-MAT-BRI-001-1462,标准砖(综合),标准砖,MAT-BRI-001,medium,烧结普通砖 MU10,砌体材料,SX,False
MAP-MAT-MSH-001-2527,标准网格布,标准网格布,MAT-MSH-001,medium,耐碱玻纤网格布 160g/m²,装饰材料,SX,False
MAP-MAT-TRN-001-5645,梁卡具 模板用,梁卡具模板用,MAT-TRN-001,low,木胶合板模板 1830×915×15mm,周转材料,SX,False
MAP-MAT-AUX-008-8587,榉木线条 22×5,榉木线条22×5,MAT-AUX-008,medium,装饰线条(成品木线),装饰材料,SX,False
MAP-MAT-AUX-008-5752,榉木线条 25×5,榉木线条25×5,MAT-AUX-008,medium,装饰线条(成品木线),装饰材料,SX,False
MAP-MAT-STE-012-2806,槽形彩钢条 2,槽形彩钢条2,MAT-STE-012,low,压型钢板 YX51-760,钢材,SX,False
MAP-MAT-STE-004-4506,槽钢  18#以外,槽钢18#以外,MAT-STE-004,medium,热轧槽钢 Q235B,钢材,SX,False
MAP-MAT-STE-004-2898,槽钢 6.3#,槽钢6.3#,MAT-STE-004,medium,热轧槽钢 Q235B,钢材,SX,False
MAP-MAT-STE-004-2768,槽钢(综合),槽钢,MAT-STE-004,high,热轧槽钢 Q235B,钢材,SX,False
MAP-MAT-SEA-002-4480,模板嵌缝料,模板嵌缝料,MAT-SEA-002,low,改性沥青嵌缝油膏,防水材料,SX,False
MAP-MAT-UTL-001-4597,橡化沥青非固化防水涂料,橡化沥青非固化防水涂料,MAT-UTL-001,medium,施工用水,施工辅助材料,SX,False
MAP-MAT-AUX-008-8914,欧式GRC装饰线条 400×400以内,欧式GRC装饰线条400×400以内,MAT-AUX-008,high,装饰线条(成品木线),装饰材料,SX,False
MAP-MAT-AUX-008-8220,欧式GRC装饰线条 400×400以外,欧式GRC装饰线条400×400以外,MAT-AUX-008,high,装饰线条(成品木线),装饰材料,SX,False
MAP-MAT-STE-006-9146,止水钢板(成品) 3 ×450mm,止水钢板(成品)3×450mm,MAT-STE-006,medium,钢板 Q235B,钢材,SX,False
MAP-MAT-FRM-001-7360,步履式电动打桩机 60kW,步履式电动打桩机60kW,MAT-FRM-001,low,轻钢龙骨（吊顶）,装饰材料,SX,False
MAP-MAT-GRO-002-7155,气动灌浆机,气动灌浆机,MAT-GRO-002,low,装配式套筒灌浆料,其他,SX,False
MAP-MAT-PAI-004-4900,氟碳漆用光面腻子粉,氟碳漆用光面腻子粉,MAT-PAI-004,high,氟碳漆(金属面),涂料,SX,False
MAP-MAT-PAI-004-4887,氟碳漆用抗裂腻子粉,氟碳漆用抗裂腻子粉,MAT-PAI-004,high,氟碳漆(金属面),涂料,SX,False
MAP-MAT-PAI-004-2293,氟碳罩面清漆,氟碳罩面清漆,MAT-PAI-004,low,氟碳漆(金属面),涂料,SX,False
MAP-MAT-FRM-001-7125,氩弧焊机 500A,氩弧焊机500A,MAT-FRM-001,low,轻钢龙骨（吊顶）,装饰材料,SX,False
MAP-MAT-COAT-002-5660,氯磺化聚乙烯中间漆,氯磺化聚乙烯中间漆,MAT-COAT-002,low,环氧云铁中间漆,防腐油漆,SX,False
MAP-MAT-PNT-001-3363,氯磺化聚乙烯漆底漆,氯磺化聚乙烯漆底漆,MAT-PNT-001,low,环氧富锌底漆,涂料,SX,False
MAP-MAT-COAT-003-9847,氯磺化聚乙烯面漆,氯磺化聚乙烯面漆,MAT-COAT-003,low,聚氨酯面漆/丙烯酸面漆,防腐油漆,SX,False
MAP-MAT-UTL-001-3695,水性中间(层)涂料,水性中间(层)涂料,MAT-UTL-001,medium,施工用水,施工辅助材料,SX,False
MAP-MAT-UTL-001-3364,水性封底漆 普通,水性封底漆普通,MAT-UTL-001,medium,施工用水,施工辅助材料,SX,False
MAP-MAT-UTL-001-2761,水性耐候面漆(半光型),水性耐候面漆,MAT-UTL-001,medium,施工用水,施工辅助材料,SX,False
MAP-MAT-WAP-004-7743,水泥基渗透结晶防水涂料,水泥基渗透结晶防水涂料,MAT-WAP-004,medium,水泥基渗透结晶型防水涂料,防水材料,SX,False
MAP-MAT-UTL-001-3104,水泥基自流平砂浆,水泥基自流平砂浆,MAT-UTL-001,medium,施工用水,施工辅助材料,SX,False
MAP-MAT-UTL-001-1716,水泥平瓦 420×330,水泥平瓦420×330,MAT-UTL-001,medium,施工用水,施工辅助材料,SX,False
MAP-MAT-UTL-001-4505,水泥支撑,水泥支撑,MAT-UTL-001,medium,施工用水,施工辅助材料,SX,False
MAP-MAT-UTL-001-0849,水泥炉渣  1 :6,水泥炉渣1:6,MAT-UTL-001,medium,施工用水,施工辅助材料,SX,False
MAP-MAT-UTL-001-3875,水泥珍珠岩  1 :8,水泥珍珠岩1:8,MAT-UTL-001,medium,施工用水,施工辅助材料,SX,False
MAP-MAT-UTL-001-6211,水泥珍珠岩板  1 ×0.5 ×0.05m,水泥珍珠岩板1×0.5×0.05m,MAT-UTL-001,medium,施工用水,施工辅助材料,SX,False
MAP-MAT-UTL-001-6736,水泥白石子浆  1 : 1.5,水泥白石子浆1:1.5,MAT-UTL-001,medium,施工用水,施工辅助材料,SX,False
MAP-MAT-AUX-001-3631,水泥石灰膏砂浆,水泥石灰膏砂浆,MAT-AUX-001,high,石灰（消石灰）,其他,SX,False
MAP-MAT-UTL-001-0791,水泥石膏砂浆  1 :0.2 :2.5,水泥石膏砂浆1:0.2:2.5,MAT-UTL-001,medium,施工用水,施工辅助材料,SX,False
MAP-MAT-UTL-001-0900,水泥砂浆  1 : 1,水泥砂浆1:1,MAT-UTL-001,medium,施工用水,施工辅助材料,SX,False
MAP-MAT-UTL-001-5305,水泥砂浆  1 :2,水泥砂浆1:2,MAT-UTL-001,medium,施工用水,施工辅助材料,SX,False
MAP-MAT-UTL-001-9964,水泥砂浆  1 :2.5,水泥砂浆1:2.5,MAT-UTL-001,medium,施工用水,施工辅助材料,SX,False
MAP-MAT-UTL-001-0260,水泥砂浆  1 :3,水泥砂浆1:3,MAT-UTL-001,medium,施工用水,施工辅助材料,SX,False
MAP-MAT-UTL-001-5242,水泥砂浆  1 :4,水泥砂浆1:4,MAT-UTL-001,medium,施工用水,施工辅助材料,SX,False
MAP-MAT-UTL-001-1230,水泥砂浆 M15,水泥砂浆M15,MAT-UTL-001,medium,施工用水,施工辅助材料,SX,False
MAP-MAT-UTL-001-8589,水泥砂浆 M7.5,水泥砂浆M7.5,MAT-UTL-001,medium,施工用水,施工辅助材料,SX,False
MAP-MAT-UTL-001-5150,水泥稳定碎石拌合站(RB400) 92kW/h,水泥稳定碎石拌合站(RB400)92kW/h,MAT-UTL-001,medium,施工用水,施工辅助材料,SX,False
MAP-MAT-UTL-001-0668,水泥脊瓦 330,水泥脊瓦330,MAT-UTL-001,medium,施工用水,施工辅助材料,SX,False
MAP-MAT-UTL-001-0778,水泥蛭石  1 :8,水泥蛭石1:8,MAT-UTL-001,medium,施工用水,施工辅助材料,SX,False
MAP-MAT-UTL-001-1716,水泥蛭石块,水泥蛭石块,MAT-UTL-001,medium,施工用水,施工辅助材料,SX,False
MAP-MAT-UTL-001-5245,水泥豆石浆  1 : 1.25,水泥豆石浆1:1.25,MAT-UTL-001,medium,施工用水,施工辅助材料,SX,False
MAP-MAT-UTL-001-1979,水泥钉,水泥钉,MAT-UTL-001,medium,施工用水,施工辅助材料,SX,False
MAP-MAT-CON-009-0056,水玻璃耐酸混凝土,水玻璃耐酸混凝土,MAT-CON-009,high,耐酸混凝土,混凝土及砂浆,SX,False
MAP-MAT-UTL-001-0296,水玻璃耐酸砂浆 1 :0. 15 : 1. 1 : 1 :2.6,水玻璃耐酸砂浆1:0.15:1.1:1:2.6,MAT-UTL-001,medium,施工用水,施工辅助材料,SX,False
MAP-MAT-SEA-001-9520,水玻璃胶泥  1 :0.15 : 1.2 : 1.1,水玻璃胶泥1:0.15:1.2:1.1,MAT-SEA-001,medium,硅酮耐候密封胶,装饰材料,SX,False
MAP-MAT-UTL-001-9318,水胶粉,水胶粉,MAT-UTL-001,medium,施工用水,施工辅助材料,SX,False
MAP-MAT-UTL-001-5930,污水泵  100mm,污水泵100mm,MAT-UTL-001,medium,施工用水,施工辅助材料,SX,False
MAP-MAT-INSU-003-0321,沥青玻璃棉,沥青玻璃棉,MAT-INSU-003,medium,玻璃棉管壳/板,绝热保温,SX,False
MAP-MAT-INSU-003-9332,沥青玻璃棉毡,沥青玻璃棉毡,MAT-INSU-003,medium,玻璃棉管壳/板,绝热保温,SX,False
MAP-MAT-CON-009-4693,沥青耐酸混凝土,沥青耐酸混凝土,MAT-CON-009,high,耐酸混凝土,混凝土及砂浆,SX,False
MAP-MAT-INS-001-6371,泡沫塑料(综合),泡沫塑料,MAT-INS-001,high,绝热用挤塑聚苯乙烯泡沫塑料(XPS),保温隔热材料,SX,False
MAP-MAT-INS-002-9806,泡沫条  Φ 18,泡沫条Φ18,MAT-INS-002,low,绝热用模塑聚苯乙烯泡沫塑料(EPS),保温隔热材料,SX,False
MAP-MAT-INS-002-3733,泡沫条  Φ25,泡沫条Φ25,MAT-INS-002,low,绝热用模塑聚苯乙烯泡沫塑料(EPS),保温隔热材料,SX,False
MAP-MAT-INS-002-7342,泡沫玻璃,泡沫玻璃,MAT-INS-002,low,绝热用模塑聚苯乙烯泡沫塑料(EPS),保温隔热材料,SX,False
MAP-MAT-INS-002-5295,泡沫玻璃  δ50,泡沫玻璃δ50,MAT-INS-002,low,绝热用模塑聚苯乙烯泡沫塑料(EPS),保温隔热材料,SX,False
MAP-MAT-INS-002-3895,泡沫防潮纸,泡沫防潮纸,MAT-INS-002,low,绝热用模塑聚苯乙烯泡沫塑料(EPS),保温隔热材料,SX,False
MAP-MAT-WAL-001-1226,泥浆泵  100mm,泥浆泵100mm,MAT-WAL-001,low,轻质隔墙板（GRC）,砌体材料,SX,False
MAP-MAT-FRM-001-4741,泥浆泵  50mm,泥浆泵50mm,MAT-FRM-001,low,轻钢龙骨（吊顶）,装饰材料,SX,False
MAP-MAT-FRM-001-4155,泥浆罐车 5000L,泥浆罐车5000L,MAT-FRM-001,low,轻钢龙骨（吊顶）,装饰材料,SX,False
MAP-MAT-UTL-001-6560,洒水车 4000L,洒水车4000L,MAT-UTL-001,medium,施工用水,施工辅助材料,SX,False
MAP-MAT-GLA-004-8440,浴厕隔断(成品) 包括五金配件,浴厕隔断(成品)包括五金配件,MAT-GLA-004,low,镜子(银镜) 5mm,玻璃,SX,False
MAP-MAT-FRM-001-6594,涡浆式混凝土搅拌机 500L,涡浆式混凝土搅拌机500L,MAT-FRM-001,low,轻钢龙骨（吊顶）,装饰材料,SX,False
MAP-MAT-FUL-001-4930,液化石油气,液化石油气,MAT-FUL-001,high,液化石油气,燃料,SX,False
MAP-MAT-FRM-001-5410,液压弯管机 60mm,液压弯管机60mm,MAT-FRM-001,low,轻钢龙骨（吊顶）,装饰材料,SX,False
MAP-MAT-FRM-001-3290,液压注浆泵 HYB50,液压注浆泵HYB50,MAT-FRM-001,low,轻钢龙骨（吊顶）,装饰材料,SX,False
MAP-MAT-FRM-001-0804,液压锤 HM960,液压锤HM960,MAT-FRM-001,low,轻钢龙骨（吊顶）,装饰材料,SX,False
MAP-MAT-CON-004-7246,混凝土 C20,混凝土C20,MAT-CON-004,high,细石混凝土 C20,混凝土及砂浆,SX,False
MAP-MAT-CON-001-1123,混凝土 C30,混凝土C30,MAT-CON-001,high,预拌混凝土 C30,混凝土及砂浆,SX,False
MAP-MAT-BRI-002-1973,混凝土多孔砖  190× 190×90,混凝土多孔砖190×190×90,MAT-BRI-002,medium,烧结多孔砖 MU10,砌体材料,SX,False
MAP-MAT-BRI-002-7564,混凝土多孔砖 240× 115×90,混凝土多孔砖240×115×90,MAT-BRI-002,medium,烧结多孔砖 MU10,砌体材料,SX,False
MAP-MAT-BRI-001-1036,混凝土实心砖  190×90×53,混凝土实心砖190×90×53,MAT-BRI-001,medium,烧结普通砖 MU10,砌体材料,SX,False
MAP-MAT-BRI-001-2273,混凝土实心砖 240× 115×53,混凝土实心砖240×115×53,MAT-BRI-001,medium,烧结普通砖 MU10,砌体材料,SX,False
MAP-MAT-UTL-001-5349,潜水泵  100mm,潜水泵100mm,MAT-UTL-001,medium,施工用水,施工辅助材料,SX,False
MAP-MAT-UTL-001-4829,潜水泵  50mm,潜水泵50mm,MAT-UTL-001,medium,施工用水,施工辅助材料,SX,False
MAP-MAT-GRO-002-2287,灌浆料,灌浆料,MAT-GRO-002,high,装配式套筒灌浆料,其他,SX,False
MAP-MAT-AUX-009-5228,灯箱布,灯箱布,MAT-AUX-009,low,亚克力灯箱板,其他,SX,False
MAP-MAT-INS-002-8762,热固性改性聚苯乙烯泡沫板,热固性改性聚苯乙烯泡沫板,MAT-INS-002,medium,绝热用模塑聚苯乙烯泡沫塑料(EPS),保温隔热材料,SX,False
MAP-MAT-WAP-001-9837,热熔划线车 手推式,热熔划线车手推式,MAT-WAP-001,low,SBS改性沥青防水卷材 3mm,防水材料,SX,False
MAP-MAT-WAP-001-2220,热熔标线涂料,热熔标线涂料,MAT-WAP-001,low,SBS改性沥青防水卷材 3mm,防水材料,SX,False
MAP-MAT-WAP-001-0100,热熔釜溶解车,热熔釜溶解车,MAT-WAP-001,low,SBS改性沥青防水卷材 3mm,防水材料,SX,False
MAP-MAT-STE-006-2160,热轧中厚钢板  δ5.0,热轧中厚钢板δ5.0,MAT-STE-006,medium,钢板 Q235B,钢材,SX,False
MAP-MAT-STE-002-6179,热轧光圆钢筋 HPB300,热轧光圆钢筋HPB300,MAT-STE-002,high,热轧光圆钢筋 HPB300,钢材,SX,False
MAP-MAT-STE-002-9275,热轧光圆钢筋 HPB300  Φ 12~ 18,热轧光圆钢筋HPB300Φ12~18,MAT-STE-002,high,热轧光圆钢筋 HPB300,钢材,SX,False
MAP-MAT-STE-002-9325,热轧光圆钢筋 HPB300  Φ10以内,热轧光圆钢筋HPB300Φ10以内,MAT-STE-002,high,热轧光圆钢筋 HPB300,钢材,SX,False
MAP-MAT-STE-002-1148,热轧光圆钢筋 HPB300  Φ10以外,热轧光圆钢筋HPB300Φ10以外,MAT-STE-002,high,热轧光圆钢筋 HPB300,钢材,SX,False
MAP-MAT-STE-002-8835,热轧光圆钢筋 HPB300  Φ20~ 25,热轧光圆钢筋HPB300Φ20~25,MAT-STE-002,high,热轧光圆钢筋 HPB300,钢材,SX,False
MAP-MAT-STE-002-2975,热轧光圆钢筋 HPB300  Φ25,热轧光圆钢筋HPB300Φ25,MAT-STE-002,high,热轧光圆钢筋 HPB300,钢材,SX,False
MAP-MAT-STE-002-8181,热轧光圆钢筋 HPB300  Φ25以外,热轧光圆钢筋HPB300Φ25以外,MAT-STE-002,high,热轧光圆钢筋 HPB300,钢材,SX,False
MAP-MAT-STE-002-4096,热轧光圆钢筋 HPB300  Φ6,热轧光圆钢筋HPB300Φ6,MAT-STE-002,high,热轧光圆钢筋 HPB300,钢材,SX,False
MAP-MAT-STE-002-3082,热轧圆盘条  Φ6,热轧圆盘条Φ6,MAT-STE-002,low,热轧光圆钢筋 HPB300,钢材,SX,False
MAP-MAT-STE-001-9253,热轧带肋钢筋 HRB400  Φ 12~ 18,热轧带肋钢筋HRB400Φ12~18,MAT-STE-001,medium,热轧带肋钢筋 HRB400E,钢材,SX,False
MAP-MAT-STE-001-3299,热轧带肋钢筋 HRB400  Φ 18~ 20,热轧带肋钢筋HRB400Φ18~20,MAT-STE-001,medium,热轧带肋钢筋 HRB400E,钢材,SX,False
MAP-MAT-STE-001-8517,热轧带肋钢筋 HRB400  Φ10以内,热轧带肋钢筋HRB400Φ10以内,MAT-STE-001,medium,热轧带肋钢筋 HRB400E,钢材,SX,False
MAP-MAT-STE-001-2749,热轧带肋钢筋 HRB400  Φ12以内,热轧带肋钢筋HRB400Φ12以内,MAT-STE-001,medium,热轧带肋钢筋 HRB400E,钢材,SX,False
MAP-MAT-STE-001-1444,热轧带肋钢筋 HRB400  Φ16以内,热轧带肋钢筋HRB400Φ16以内,MAT-STE-001,medium,热轧带肋钢筋 HRB400E,钢材,SX,False
MAP-MAT-STE-001-7078,热轧带肋钢筋 HRB400  Φ20~ 25,热轧带肋钢筋HRB400Φ20~25,MAT-STE-001,medium,热轧带肋钢筋 HRB400E,钢材,SX,False
MAP-MAT-STE-001-3059,热轧带肋钢筋 HRB400  Φ20以外,热轧带肋钢筋HRB400Φ20以外,MAT-STE-001,medium,热轧带肋钢筋 HRB400E,钢材,SX,False
MAP-MAT-STE-001-4275,热轧带肋钢筋 HRB400  Φ22~ 25,热轧带肋钢筋HRB400Φ22~25,MAT-STE-001,medium,热轧带肋钢筋 HRB400E,钢材,SX,False
MAP-MAT-STE-001-2688,热轧带肋钢筋 HRB400  Φ25以外,热轧带肋钢筋HRB400Φ25以外,MAT-STE-001,medium,热轧带肋钢筋 HRB400E,钢材,SX,False
MAP-MAT-STE-001-6011,热轧带肋钢筋 HRB500  Φ 12~ 18,热轧带肋钢筋HRB500Φ12~18,MAT-STE-001,medium,热轧带肋钢筋 HRB400E,钢材,SX,False
MAP-MAT-STE-001-2679,热轧带肋钢筋 HRB500  Φ10以内,热轧带肋钢筋HRB500Φ10以内,MAT-STE-001,medium,热轧带肋钢筋 HRB400E,钢材,SX,False
MAP-MAT-STE-001-3854,热轧带肋钢筋 HRB500  Φ20~ 25,热轧带肋钢筋HRB500Φ20~25,MAT-STE-001,medium,热轧带肋钢筋 HRB400E,钢材,SX,False
MAP-MAT-STE-001-8732,热轧带肋钢筋 HRB500  Φ25以外,热轧带肋钢筋HRB500Φ25以外,MAT-STE-001,medium,热轧带肋钢筋 HRB400E,钢材,SX,False
MAP-MAT-STE-006-9557,热轧普通钢板 Q235,热轧普通钢板Q235,MAT-STE-006,medium,钢板 Q235B,钢材,SX,False
MAP-MAT-STE-006-4290,热轧薄钢板  δ3.0,热轧薄钢板δ3.0,MAT-STE-006,medium,钢板 Q235B,钢材,SX,False
MAP-MAT-STE-006-7605,热轧薄钢板  δ4.0,热轧薄钢板δ4.0,MAT-STE-006,medium,钢板 Q235B,钢材,SX,False
MAP-MAT-STE-005-4722,热轧角钢 Q235,热轧角钢Q235,MAT-STE-005,medium,热轧等边角钢 Q235B,钢材,SX,False
MAP-MAT-STE-009-3863,焊接不锈钢空心球网架(成品),焊接不锈钢空心球网架,MAT-STE-009,medium,焊接球节点,钢材,SX,False
MAP-MAT-STE-009-2612,焊接空心球网架(成品),焊接空心球网架,MAT-STE-009,medium,焊接球节点,钢材,SX,False
MAP-MAT-STE-007-1725,焊接钢管 DN40,焊接钢管DN40,MAT-STE-007,medium,焊接钢管(直缝) Q235B,钢材,SX,False
MAP-MAT-STE-007-3295,焊接钢管 DN50,焊接钢管DN50,MAT-STE-007,medium,焊接钢管(直缝) Q235B,钢材,SX,False
MAP-MAT-STE-007-9701,焊接钢管(综合),焊接钢管,MAT-STE-007,high,焊接钢管(直缝) Q235B,钢材,SX,False
MAP-MAT-AUX-001-3276,熟石灰,熟石灰,MAT-AUX-001,high,石灰（消石灰）,其他,SX,False
MAP-MAT-PNT-001-4560,环氧中层漆,环氧中层漆,MAT-PNT-001,low,环氧富锌底漆,涂料,SX,False
MAP-MAT-PNT-001-1463,环氧呋喃树脂底料,环氧呋喃树脂底料,MAT-PNT-001,low,环氧富锌底漆,涂料,SX,False
MAP-MAT-PNT-001-1637,环氧呋喃树脂涂料,环氧呋喃树脂涂料,MAT-PNT-001,low,环氧富锌底漆,涂料,SX,False
MAP-MAT-PNT-001-1064,环氧富锌底层涂料,环氧富锌底层涂料,MAT-PNT-001,medium,环氧富锌底漆,涂料,SX,False
MAP-MAT-PNT-001-1206,环氧富锌底漆,环氧富锌底漆,MAT-PNT-001,high,环氧富锌底漆,涂料,SX,False
MAP-MAT-PNT-001-9821,环氧富锌底漆(封闭漆),环氧富锌底漆,MAT-PNT-001,high,环氧富锌底漆,涂料,SX,False
MAP-MAT-PNT-001-3525,环氧树脂,环氧树脂,MAT-PNT-001,low,环氧富锌底漆,涂料,SX,False
MAP-MAT-PNT-001-0682,环氧树脂 618#,环氧树脂618#,MAT-PNT-001,low,环氧富锌底漆,涂料,SX,False
MAP-MAT-PNT-001-6538,环氧树脂打底料,环氧树脂打底料,MAT-PNT-001,low,环氧富锌底漆,涂料,SX,False
MAP-MAT-MOR-007-7726,环氧树脂砂浆,环氧树脂砂浆,MAT-MOR-007,medium,防腐砂浆,混凝土及砂浆,SX,False
MAP-MAT-PNT-001-6130,环氧树脂胶合剂,环氧树脂胶合剂,MAT-PNT-001,low,环氧富锌底漆,涂料,SX,False
MAP-MAT-AUX-014-0949,环氧树脂胶泥  1 :0.08 :0.1 : 1,环氧树脂胶泥1:0.08:0.1:1,MAT-AUX-014,medium,防腐胶泥,其他,SX,False
MAP-MAT-AUX-014-0698,环氧树脂胶泥  1 :0.08 :0.1 :2,环氧树脂胶泥1:0.08:0.1:2,MAT-AUX-014,medium,防腐胶泥,其他,SX,False
MAP-MAT-AUX-014-0484,环氧树脂胶泥  1 :0.1 :0.08 :2,环氧树脂胶泥1:0.1:0.08:2,MAT-AUX-014,medium,防腐胶泥,其他,SX,False
MAP-MAT-AUX-014-8191,环氧树脂胶泥打底料,环氧树脂胶泥打底料,MAT-AUX-014,medium,防腐胶泥,其他,SX,False
MAP-MAT-PNT-001-2251,环氧涂层,环氧涂层,MAT-PNT-001,low,环氧富锌底漆,涂料,SX,False
MAP-MAT-PNT-001-2717,环氧渗透底漆,环氧渗透底漆,MAT-PNT-001,low,环氧富锌底漆,涂料,SX,False
MAP-MAT-PNT-001-5176,环氧稀胶泥,环氧稀胶泥,MAT-PNT-001,low,环氧富锌底漆,涂料,SX,False
MAP-MAT-PUT-001-4161,环氧腻子,环氧腻子,MAT-PUT-001,medium,内墙耐水腻子,装饰材料,SX,False
MAP-MAT-PNT-001-8325,环氧自流平面漆,环氧自流平面漆,MAT-PNT-001,low,环氧富锌底漆,涂料,SX,False
MAP-MAT-PNT-001-5413,环氧酚醛树脂打底料,环氧酚醛树脂打底料,MAT-PNT-001,low,环氧富锌底漆,涂料,SX,False
MAP-MAT-PNT-001-2465,环氧酚醛胶泥 0.7 :0.3 :0.06 :0.05 : 1.7,环氧酚醛胶泥0.7:0.3:0.06:0.05:1.7,MAT-PNT-001,low,环氧富锌底漆,涂料,SX,False
MAP-MAT-INSU-003-6188,玻璃棉毡  δ20,玻璃棉毡δ20,MAT-INSU-003,medium,玻璃棉管壳/板,绝热保温,SX,False
MAP-MAT-INSU-003-0956,玻璃棉毡  δ75,玻璃棉毡δ75,MAT-INSU-003,medium,玻璃棉管壳/板,绝热保温,SX,False
MAP-MAT-SEA-002-0669,玻璃纤维嵌缝布,玻璃纤维嵌缝布,MAT-SEA-002,low,改性沥青嵌缝油膏,防水材料,SX,False
MAP-MAT-MSH-001-5236,玻璃纤维网格布,玻璃纤维网格布,MAT-MSH-001,medium,耐碱玻纤网格布 160g/m²,装饰材料,SX,False
MAP-MAT-SEA-001-7752,玻璃胶 300ml,玻璃胶300ml,MAT-SEA-001,medium,硅酮耐候密封胶,装饰材料,SX,False
MAP-MAT-SEA-001-3600,玻璃胶 335g/支,玻璃胶335g/支,MAT-SEA-001,medium,硅酮耐候密封胶,装饰材料,SX,False
MAP-MAT-SEA-001-5146,玻璃胶(综合),玻璃胶,MAT-SEA-001,medium,硅酮耐候密封胶,装饰材料,SX,False
MAP-MAT-BRD-005-5262,玻璃钢弯头  Φ50,玻璃钢弯头Φ50,MAT-BRD-005,medium,玻璃钢(FRP)板 2mm,装饰材料,SX,False
MAP-MAT-UTL-001-4554,玻璃钢排水管  110× 1500,玻璃钢排水管110×1500,MAT-UTL-001,medium,施工用水,施工辅助材料,SX,False
MAP-MAT-UTL-001-7601,玻璃钢排水管伸缩节  Φ 110,玻璃钢排水管伸缩节Φ110,MAT-UTL-001,medium,施工用水,施工辅助材料,SX,False
MAP-MAT-UTL-001-7268,玻璃钢排水管检查口  Φ 110,玻璃钢排水管检查口Φ110,MAT-UTL-001,medium,施工用水,施工辅助材料,SX,False
MAP-MAT-BRD-005-5489,玻璃钢檐沟,玻璃钢檐沟,MAT-BRD-005,medium,玻璃钢(FRP)板 2mm,装饰材料,SX,False
MAP-MAT-BRD-005-4480,玻璃钢檐沟带嘴,玻璃钢檐沟带嘴,MAT-BRD-005,medium,玻璃钢(FRP)板 2mm,装饰材料,SX,False
MAP-MAT-BRD-005-4953,玻璃钢瓦 小波  1800×720,玻璃钢瓦小波1800×720,MAT-BRD-005,medium,玻璃钢(FRP)板 2mm,装饰材料,SX,False
MAP-MAT-BRD-005-9368,玻璃钢短管  Φ50,玻璃钢短管Φ50,MAT-BRD-005,medium,玻璃钢(FRP)板 2mm,装饰材料,SX,False
MAP-MAT-UTL-001-8027,玻璃钢雨水斗带罩  Φ 110,玻璃钢雨水斗带罩Φ110,MAT-UTL-001,medium,施工用水,施工辅助材料,SX,False
MAP-MAT-FRM-001-1977,瓷皂盒 普釉  150× 150× 130,瓷皂盒普釉150×150×130,MAT-FRM-001,low,轻钢龙骨（吊顶）,装饰材料,SX,False
MAP-MAT-FRM-001-7920,瓷质波形瓦无釉  150× 150×9,瓷质波形瓦无釉150×150×9,MAT-FRM-001,low,轻钢龙骨（吊顶）,装饰材料,SX,False
MAP-MAT-VALV-007-5483,电动三轮车  ≤1t,电动三轮车≤1t,MAT-VALV-007,low,调节阀,阀门,SX,False
MAP-MAT-VALV-007-6829,电动修钎机,电动修钎机,MAT-VALV-007,low,调节阀,阀门,SX,False
MAP-MAT-VALV-007-7556,电动单筒快速卷扬机 5kN,电动单筒快速卷扬机5kN,MAT-VALV-007,low,调节阀,阀门,SX,False
MAP-MAT-FRM-001-9041,电动单筒慢速卷扬机 50kN,电动单筒慢速卷扬机50kN,MAT-FRM-001,low,轻钢龙骨（吊顶）,装饰材料,SX,False
MAP-MAT-FRM-001-6032,电动双筒快速卷扬机 50kN,电动双筒快速卷扬机50kN,MAT-FRM-001,low,轻钢龙骨（吊顶）,装饰材料,SX,False
MAP-MAT-VALV-007-1220,电动吊篮 0.63t,电动吊篮0.63t,MAT-VALV-007,low,调节阀,阀门,SX,False
MAP-MAT-VALV-007-2907,电动吸盘,电动吸盘,MAT-VALV-007,low,调节阀,阀门,SX,False
MAP-MAT-UTL-001-6984,电动多级离心清水泵  100mm 120m以下,电动多级离心清水泵100mm120m以下,MAT-UTL-001,medium,施工用水,施工辅助材料,SX,False
MAP-MAT-UTL-001-9462,电动多级离心清水泵  150mm 180m以下,电动多级离心清水泵150mm180m以下,MAT-UTL-001,medium,施工用水,施工辅助材料,SX,False
MAP-MAT-UTL-001-4938,电动多级离心清水泵 200mm 280m以下,电动多级离心清水泵200mm280m以下,MAT-UTL-001,medium,施工用水,施工辅助材料,SX,False
MAP-MAT-UTL-001-7944,电动多级离心清水泵 50mm,电动多级离心清水泵50mm,MAT-UTL-001,medium,施工用水,施工辅助材料,SX,False
MAP-MAT-UTL-001-6637,电动多级离心清水泵停滞100mm,电动多级离心清水泵停滞100mm,MAT-UTL-001,medium,施工用水,施工辅助材料,SX,False
MAP-MAT-UTL-001-7002,电动多级离心清水泵停滞150mm,电动多级离心清水泵停滞150mm,MAT-UTL-001,medium,施工用水,施工辅助材料,SX,False
MAP-MAT-UTL-001-1848,电动多级离心清水泵停滞200mm,电动多级离心清水泵停滞200mm,MAT-UTL-001,medium,施工用水,施工辅助材料,SX,False
MAP-MAT-UTL-001-5357,电动多级离心清水泵停滞50mm,电动多级离心清水泵停滞50mm,MAT-UTL-001,medium,施工用水,施工辅助材料,SX,False
MAP-MAT-FRM-001-1964,电动夯实机 250N ·m,电动夯实机250N·m,MAT-FRM-001,low,轻钢龙骨（吊顶）,装饰材料,SX,False
MAP-MAT-MOR-004-0354,电动弯管机  108mm,电动弯管机108mm,MAT-MOR-004,low,界面剂/墙固,混凝土及砂浆,SX,False
MAP-MAT-VALV-007-4642,电动扭力扳手 27×30,电动扭力扳手27×30,MAT-VALV-007,low,调节阀,阀门,SX,False
MAP-MAT-GRO-002-2936,电动灌浆机,电动灌浆机,MAT-GRO-002,low,装配式套筒灌浆料,其他,SX,False
MAP-MAT-VALV-007-8860,电动空气压缩机  10m³/min,电动空气压缩机10m³/min,MAT-VALV-007,low,调节阀,阀门,SX,False
MAP-MAT-VALV-007-7249,电动空气压缩机  1m³/min,电动空气压缩机1m³/min,MAT-VALV-007,low,调节阀,阀门,SX,False
MAP-MAT-VALV-007-6388,电动空气压缩机 0.3m³/min,电动空气压缩机0.3m³/min,MAT-VALV-007,low,调节阀,阀门,SX,False
MAP-MAT-VALV-007-5273,电动空气压缩机 0.6m³/min,电动空气压缩机0.6m³/min,MAT-VALV-007,low,调节阀,阀门,SX,False
MAP-MAT-VALV-007-6530,电动空气压缩机 3m³/min,电动空气压缩机3m³/min,MAT-VALV-007,low,调节阀,阀门,SX,False
MAP-MAT-VALV-007-2258,电动空气压缩机 6m³/min,电动空气压缩机6m³/min,MAT-VALV-007,low,调节阀,阀门,SX,False
MAP-MAT-VALV-007-1573,电动空气压缩机 9m³/min,电动空气压缩机9m³/min,MAT-VALV-007,low,调节阀,阀门,SX,False
MAP-MAT-VALV-007-5840,电动装置,电动装置,MAT-VALV-007,low,调节阀,阀门,SX,False
MAP-MAT-MOR-004-1188,界面剂,界面剂,MAT-MOR-004,high,界面剂/墙固,混凝土及砂浆,SX,False
MAP-MAT-MOR-004-8677,界面砂浆,界面砂浆,MAT-MOR-004,medium,界面剂/墙固,混凝土及砂浆,SX,False
MAP-MAT-MOR-004-4715,界面砂浆 DB,界面砂浆DB,MAT-MOR-004,medium,界面剂/墙固,混凝土及砂浆,SX,False
MAP-MAT-UTL-001-8492,白水泥,白水泥,MAT-UTL-001,medium,施工用水,施工辅助材料,SX,False
MAP-MAT-UTL-001-0384,白水泥彩色石子浆  1 :2,白水泥彩色石子浆1:2,MAT-UTL-001,medium,施工用水,施工辅助材料,SX,False
MAP-MAT-UTL-001-8336,白水泥白石子浆  1 :2,白水泥白石子浆1:2,MAT-UTL-001,medium,施工用水,施工辅助材料,SX,False
MAP-MAT-UTL-001-9995,白水泥石子浆  1 : 1.5,白水泥石子浆1:1.5,MAT-UTL-001,medium,施工用水,施工辅助材料,SX,False
MAP-MAT-UTL-001-0645,白色硅酸盐水泥 32.5,白色硅酸盐水泥32.5,MAT-UTL-001,medium,施工用水,施工辅助材料,SX,False
MAP-MAT-AUX-012-8314,百叶帘、卷帘,百叶帘、卷帘,MAT-AUX-012,medium,窗帘(成品),门窗,SX,False
MAP-MAT-FRM-001-2407,直条型铝合金格栅  (含配件) 1260×60 × 126,直条型铝合金格栅(含配件)1260×60×126,MAT-FRM-001,low,轻钢龙骨（吊顶）,装饰材料,SX,False
MAP-MAT-GRO-002-5761,直螺纹连接套筒(综合),直螺纹连接套筒,MAT-GRO-002,low,装配式套筒灌浆料,其他,SX,False
MAP-MAT-PAI-003-3299,真石漆,真石漆,MAT-PAI-003,high,真石漆,装饰材料,SX,False
MAP-MAT-FRM-001-2461,真空泵 660m³/h,真空泵660m³/h,MAT-FRM-001,low,轻钢龙骨（吊顶）,装饰材料,SX,False
MAP-MAT-BRD-007-1984,真空镀膜仿金装饰板,真空镀膜仿金装饰板,MAT-BRD-007,medium,装饰饰面板(成品) 2440×1220,装饰材料,SX,False
MAP-MAT-INS-004-6231,石墨聚苯板,石墨聚苯板,MAT-INS-004,high,石墨聚苯板 SEPS B1级,保温隔热材料,SX,False
MAP-MAT-STO-002-6248,石材  1200× 1200,石材1200×1200,MAT-STO-002,low,花岗岩板 20mm,装饰材料,SX,False
MAP-MAT-STO-002-4646,石材  1300× 1300,石材1300×1300,MAT-STO-002,low,花岗岩板 20mm,装饰材料,SX,False
MAP-MAT-FRM-001-0244,石材 600×900,石材600×900,MAT-FRM-001,low,轻钢龙骨（吊顶）,装饰材料,SX,False
MAP-MAT-TIL-006-4687,石材 800×800,石材800×800,MAT-TIL-006,low,防滑地砖 800x800,装饰材料,SX,False
MAP-MAT-AUX-007-6669,石材(综合),石材,MAT-AUX-007,high,石材踢脚线,装饰材料,SX,False
MAP-MAT-STO-002-4066,石材保护液,石材保护液,MAT-STO-002,low,花岗岩板 20mm,装饰材料,SX,False
MAP-MAT-UTL-001-0615,石材养护液,石材养护液,MAT-UTL-001,low,施工用水,施工辅助材料,SX,False
MAP-MAT-STO-002-5789,石材圆弧形(成品),石材圆弧形,MAT-STO-002,low,花岗岩板 20mm,装饰材料,SX,False
MAP-MAT-STO-002-2644,石材字 0.2m² 以内,石材字0.2m²以内,MAT-STO-002,low,花岗岩板 20mm,装饰材料,SX,False
MAP-MAT-STO-002-5053,石材字 0.5m² 以内,石材字0.5m²以内,MAT-STO-002,low,花岗岩板 20mm,装饰材料,SX,False
MAP-MAT-STO-002-8285,石材扶手,石材扶手,MAT-STO-002,low,花岗岩板 20mm,装饰材料,SX,False
MAP-MAT-TIL-001-6431,石材抛光片,石材抛光片,MAT-TIL-001,low,全瓷抛光砖 600×600mm,装饰材料,SX,False
MAP-MAT-STO-002-5489,石材板(成品)  点缀,石材板(成品)点缀,MAT-STO-002,medium,花岗岩板 20mm,装饰材料,SX,False
MAP-MAT-STO-002-8442,石材柱帽圆弧形(成品),石材柱帽圆弧形,MAT-STO-002,low,花岗岩板 20mm,装饰材料,SX,False
MAP-MAT-STO-002-1153,石材石柱墩(成品)  圆弧形,石材石柱墩(成品)圆弧形,MAT-STO-002,low,花岗岩板 20mm,装饰材料,SX,False
MAP-MAT-STO-002-7789,石材磨光片,石材磨光片,MAT-STO-002,low,花岗岩板 20mm,装饰材料,SX,False
MAP-MAT-AUX-011-5128,石材窗台板  (成品),石材窗台板,MAT-AUX-011,high,窗台板(人造石),门窗,SX,False
MAP-MAT-STO-002-3409,石材装饰线  100,石材装饰线100,MAT-STO-002,low,花岗岩板 20mm,装饰材料,SX,False
MAP-MAT-FRM-001-3472,石材装饰线  150,石材装饰线150,MAT-FRM-001,low,轻钢龙骨（吊顶）,装饰材料,SX,False
MAP-MAT-STO-002-8649,石材装饰线 200,石材装饰线200,MAT-STO-002,low,花岗岩板 20mm,装饰材料,SX,False
MAP-MAT-FRM-001-0264,石材装饰线 350,石材装饰线350,MAT-FRM-001,low,轻钢龙骨（吊顶）,装饰材料,SX,False
MAP-MAT-FRM-001-2571,石材装饰线 50,石材装饰线50,MAT-FRM-001,low,轻钢龙骨（吊顶）,装饰材料,SX,False
MAP-MAT-BRD-007-0549,石材饰面板,石材饰面板,MAT-BRD-007,medium,装饰饰面板(成品) 2440×1220,装饰材料,SX,False
MAP-MAT-AUX-001-1854,石灰砂浆  1 :3,石灰砂浆1:3,MAT-AUX-001,high,石灰（消石灰）,其他,SX,False
MAP-MAT-BRD-004-7040,石膏吸音板,石膏吸音板,MAT-BRD-004,medium,矿棉吸音板 600x600,装饰材料,SX,False
MAP-MAT-EQP-013-6738,石膏平线  100,石膏平线100,MAT-EQP-013,medium,脱硫设备,热力设备,SX,False
MAP-MAT-EQP-013-9516,石膏平线  150,石膏平线150,MAT-EQP-013,medium,脱硫设备,热力设备,SX,False
MAP-MAT-EQP-013-2443,石膏平线 200,石膏平线200,MAT-EQP-013,medium,脱硫设备,热力设备,SX,False
MAP-MAT-EQP-013-2192,石膏平线 50,石膏平线50,MAT-EQP-013,medium,脱硫设备,热力设备,SX,False
MAP-MAT-EQP-013-3995,石膏灯盘  Ф 1000,石膏灯盘Ф1000,MAT-EQP-013,medium,脱硫设备,热力设备,SX,False
MAP-MAT-EQP-013-7404,石膏灯盘  Ф 1500,石膏灯盘Ф1500,MAT-EQP-013,medium,脱硫设备,热力设备,SX,False
MAP-MAT-EQP-013-6578,石膏灯盘  Ф500,石膏灯盘Ф500,MAT-EQP-013,medium,脱硫设备,热力设备,SX,False
MAP-MAT-EQP-013-7278,石膏粉,石膏粉,MAT-EQP-013,medium,脱硫设备,热力设备,SX,False
MAP-MAT-EQP-013-2385,石膏粉 特制,石膏粉特制,MAT-EQP-013,medium,脱硫设备,热力设备,SX,False
MAP-MAT-EQP-013-9203,石膏装饰柱(成品)  Ф350,石膏装饰柱(成品)Ф350,MAT-EQP-013,medium,脱硫设备,热力设备,SX,False
MAP-MAT-EQP-013-2935,石膏角线  100,石膏角线100,MAT-EQP-013,medium,脱硫设备,热力设备,SX,False
MAP-MAT-EQP-013-7931,石膏角线  150,石膏角线150,MAT-EQP-013,medium,脱硫设备,热力设备,SX,False
MAP-MAT-EQP-013-4366,石膏角线 200,石膏角线200,MAT-EQP-013,medium,脱硫设备,热力设备,SX,False
MAP-MAT-EQP-013-2258,石膏角线 50,石膏角线50,MAT-EQP-013,medium,脱硫设备,热力设备,SX,False
MAP-MAT-EQP-013-4558,石膏造型角 500×500,石膏造型角500×500,MAT-EQP-013,medium,脱硫设备,热力设备,SX,False
MAP-MAT-EQP-013-8122,石膏顶角线 80×30,石膏顶角线80×30,MAT-EQP-013,medium,脱硫设备,热力设备,SX,False
MAP-MAT-EAR-002-8962,石英碎石(卵石),石英碎石,MAT-EAR-002,low,级配砂石,其他,SX,False
MAP-MAT-BRD-004-1964,矿棉吸音板,矿棉吸音板,MAT-BRD-004,high,矿棉吸音板 600x600,装饰材料,SX,False
MAP-MAT-INS-003-1651,矿棉板,矿棉板,MAT-INS-003,medium,岩棉板 120kg/m³,保温隔热材料,SX,False
MAP-MAT-FRM-001-9311,砂轮切割机  Φ350,砂轮切割机Φ350,MAT-FRM-001,low,轻钢龙骨（吊顶）,装饰材料,SX,False
MAP-MAT-FRM-001-6220,砂轮切割机  Φ500,砂轮切割机Φ500,MAT-FRM-001,low,轻钢龙骨（吊顶）,装饰材料,SX,False
MAP-MAT-MOR-006-6344,砌块砌筑粘结剂,砌块砌筑粘结剂,MAT-MOR-006,high,砌块砌筑粘结剂,混凝土及砂浆,SX,False
MAP-MAT-SEA-001-8166,硅酮密封胶,硅酮密封胶,MAT-SEA-001,medium,硅酮耐候密封胶,装饰材料,SX,False
MAP-MAT-SEA-001-4718,硅酮结构胶 300ml,硅酮结构胶300ml,MAT-SEA-001,medium,硅酮耐候密封胶,装饰材料,SX,False
MAP-MAT-SEA-001-3259,硅酮结构胶(双组份),硅酮结构胶,MAT-SEA-001,medium,硅酮耐候密封胶,装饰材料,SX,False
MAP-MAT-SEA-001-8710,硅酮耐候密封胶,硅酮耐候密封胶,MAT-SEA-001,high,硅酮耐候密封胶,装饰材料,SX,False
MAP-MAT-BRD-003-2684,硅酸钙板  δ 10,硅酸钙板δ10,MAT-BRD-003,medium,硅酸钙板 8mm,装饰材料,SX,False
MAP-MAT-BRD-003-0413,硅酸钙板  δ8,硅酸钙板δ8,MAT-BRD-003,medium,硅酸钙板 8mm,装饰材料,SX,False
MAP-MAT-BRD-003-0842,硅酸钙板(综合),硅酸钙板,MAT-BRD-003,high,硅酸钙板 8mm,装饰材料,SX,False
MAP-MAT-PIPE-003-4718,硬塑料管  Φ20,硬塑料管Φ20,MAT-PIPE-003,low,塑料管 PPR/UPVC,管材管件,SX,False
MAP-MAT-PIPE-003-2527,硬塑料管  Φ32,硬塑料管Φ32,MAT-PIPE-003,low,塑料管 PPR/UPVC,管材管件,SX,False
MAP-MAT-FITT-001-6244,硬木弯头  120×60,硬木弯头120×60,MAT-FITT-001,medium,碳钢弯头(冲压/无缝),管材管件,SX,False
MAP-MAT-AUX-006-7597,硬木踢脚线,硬木踢脚线,MAT-AUX-006,high,木踢脚线,装饰材料,SX,False
MAP-MAT-AUX-006-7038,硬木踢脚线  120× 15,硬木踢脚线120×15,MAT-AUX-006,high,木踢脚线,装饰材料,SX,False
MAP-MAT-HVAC-003-1244,硬木风口(成品),硬木风口,MAT-HVAC-003,high,风口(散流器/百叶),暖通设备,SX,False
MAP-MAT-BRD-006-5444,硬泡沫塑料板,硬泡沫塑料板,MAT-BRD-006,medium,聚氯乙烯板(PVC) 3mm,装饰材料,SX,False
MAP-MAT-EQP-014-7946,硬泡聚氨酯组合料,硬泡聚氨酯组合料,MAT-EQP-014,medium,脱硝设备,热力设备,SX,False
MAP-MAT-PNT-001-0168,磷化底漆,磷化底漆,MAT-PNT-001,low,环氧富锌底漆,涂料,SX,False
MAP-MAT-BLO-002-0778,空心板筒芯,空心板筒芯,MAT-BLO-002,low,轻集料混凝土小型空心砌块,砌体材料,SX,False
MAP-MAT-BLO-002-8094,空心板箱体,空心板箱体,MAT-BLO-002,low,轻集料混凝土小型空心砌块,砌体材料,SX,False
MAP-MAT-BLO-002-1429,空心胶条,空心胶条,MAT-BLO-002,low,轻集料混凝土小型空心砌块,砌体材料,SX,False
MAP-MAT-TRN-001-4802,穿孔胶合板,穿孔胶合板,MAT-TRN-001,medium,木胶合板模板 1830×915×15mm,周转材料,SX,False
MAP-MAT-STE-006-4705,穿孔钢板  δ 1.5,穿孔钢板δ1.5,MAT-STE-006,medium,钢板 Q235B,钢材,SX,False
MAP-MAT-AUX-012-2312,窗帘杆(成品),窗帘杆,MAT-AUX-012,high,窗帘(成品),门窗,SX,False
MAP-MAT-FPC-002-8382,立式钻床 25mm,立式钻床25mm,MAT-FPC-002,low,非膨胀型钢结构防火涂料（厚型）,防火材料,SX,False
MAP-MAT-TRN-002-1446,立支撑杆件  Φ48×3.5,立支撑杆件Φ48×3.5,MAT-TRN-002,low,钢管脚手架 Φ48×3.5mm,周转材料,SX,False
MAP-MAT-TRN-002-1657,管卡子(钢管用) 20,管卡子(钢管用)20,MAT-TRN-002,medium,钢管脚手架 Φ48×3.5mm,周转材料,SX,False
MAP-MAT-FRM-001-0251,管子切断机  150mm,管子切断机150mm,MAT-FRM-001,low,轻钢龙骨（吊顶）,装饰材料,SX,False
MAP-MAT-FRM-001-5104,管子切断机 250mm,管子切断机250mm,MAT-FRM-001,low,轻钢龙骨（吊顶）,装饰材料,SX,False
MAP-MAT-PRE-002-2919,粗制六角螺栓 M18×40～100,粗制六角螺栓M18×40～100,MAT-PRE-002,medium,化学锚栓 M12x160,其他,SX,False
MAP-MAT-ADH-001-9581,粘接剂,粘接剂,MAT-ADH-001,medium,瓷砖胶粘剂 C1型,装饰材料,SX,False
MAP-MAT-UTL-001-8634,素水泥浆,素水泥浆,MAT-UTL-001,medium,施工用水,施工辅助材料,SX,False
MAP-MAT-PIPE-006-4739,紫铜丝 T2  Φ 1～4,紫铜丝T2Φ1～4,MAT-PIPE-006,low,铜管,管材管件,SX,False
MAP-MAT-FRM-001-8739,紫铜板 450×2,紫铜板450×2,MAT-FRM-001,low,轻钢龙骨（吊顶）,装饰材料,SX,False
MAP-MAT-PNT-001-6865,红丹环氧防锈漆,红丹环氧防锈漆,MAT-PNT-001,medium,环氧富锌底漆,涂料,SX,False
MAP-MAT-PNT-001-4036,红丹防锈漆,红丹防锈漆,MAT-PNT-001,medium,环氧富锌底漆,涂料,SX,False
MAP-MAT-BRD-001-2117,纸面石膏板,纸面石膏板,MAT-BRD-001,high,纸面石膏板 9.5mm,装饰材料,SX,False
MAP-MAT-TRN-003-8235,组合钢模板,组合钢模板,MAT-TRN-003,high,组合钢模板,周转材料,SX,False
MAP-MAT-WOO-003-2947,细木工板  δ 15,细木工板δ15,MAT-WOO-003,medium,细木工板 18mm,木材,SX,False
MAP-MAT-WOO-003-6491,细木工板  δ 18,细木工板δ18,MAT-WOO-003,medium,细木工板 18mm,木材,SX,False
MAP-MAT-SEA-001-7538,结构胶,结构胶,MAT-SEA-001,medium,硅酮耐候密封胶,装饰材料,SX,False
MAP-MAT-STE-002-0934,缆风绳  Φ8,缆风绳Φ8,MAT-STE-002,low,热轧光圆钢筋 HPB300,钢材,SX,False
MAP-MAT-AUX-006-2753,缸砖踢脚线,缸砖踢脚线,MAT-AUX-006,low,木踢脚线,装饰材料,SX,False
MAP-MAT-UTL-001-7969,网状交织排水板,网状交织排水板,MAT-UTL-001,medium,施工用水,施工辅助材料,SX,False
MAP-MAT-PAI-002-6874,耐候型硅胶,耐候型硅胶,MAT-PAI-002,low,外墙乳胶漆,装饰材料,SX,False
MAP-MAT-SEA-001-1267,耐候胶,耐候胶,MAT-SEA-001,medium,硅酮耐候密封胶,装饰材料,SX,False
MAP-MAT-FRM-001-9396,耐压胶管  Φ50,耐压胶管Φ50,MAT-FRM-001,low,轻钢龙骨（吊顶）,装饰材料,SX,False
MAP-MAT-FRM-001-8969,耐热胶垫 2 ×38,耐热胶垫2×38,MAT-FRM-001,low,轻钢龙骨（吊顶）,装饰材料,SX,False
MAP-MAT-MSH-001-5400,耐碱涂塑玻纤网格布,耐碱涂塑玻纤网格布,MAT-MSH-001,medium,耐碱玻纤网格布 160g/m²,装饰材料,SX,False
MAP-MAT-MSH-001-2573,耐碱混凝土,耐碱混凝土,MAT-MSH-001,low,耐碱玻纤网格布 160g/m²,装饰材料,SX,False
MAP-MAT-MSH-001-7524,耐碱玻璃纤维网格布,耐碱玻璃纤维网格布,MAT-MSH-001,medium,耐碱玻纤网格布 160g/m²,装饰材料,SX,False
MAP-MAT-MSH-001-7946,耐碱玻纤布 200mm宽,耐碱玻纤布200mm宽,MAT-MSH-001,low,耐碱玻纤网格布 160g/m²,装饰材料,SX,False
MAP-MAT-COAT-005-6100,耐酸板  150× 150×30,耐酸板150×150×30,MAT-COAT-005,medium,耐酸砖/板衬里,防腐油漆,SX,False
MAP-MAT-CON-006-4438,耐酸沥青砂浆,耐酸沥青砂浆,MAT-CON-006,low,防腐混凝土 C30,混凝土及砂浆,SX,False
MAP-MAT-MOR-006-6921,耐酸沥青胶泥 砌块材用1 : 1 :0.05,耐酸沥青胶泥砌块材用1:1:0.05,MAT-MOR-006,low,砌块砌筑粘结剂,混凝土及砂浆,SX,False
MAP-MAT-CON-006-5414,耐酸沥青胶泥 隔离层用1 :0.3 :0.05,耐酸沥青胶泥隔离层用1:0.3:0.05,MAT-CON-006,low,防腐混凝土 C30,混凝土及砂浆,SX,False
MAP-MAT-TIL-005-2604,耐酸瓷砖 230× 113×65,耐酸瓷砖230×113×65,MAT-TIL-005,medium,耐酸砖(面层用) 230×113×65,装饰材料,SX,False
MAP-MAT-TIL-005-5715,耐酸缸砖 300×200× 100,耐酸缸砖300×200×100,MAT-TIL-005,medium,耐酸砖(面层用) 230×113×65,装饰材料,SX,False
MAP-MAT-TIL-005-9448,耐酸缸砖 300×200×45,耐酸缸砖300×200×45,MAT-TIL-005,medium,耐酸砖(面层用) 230×113×65,装饰材料,SX,False
MAP-MAT-TIL-005-6679,耐酸缸砖 300×200×65,耐酸缸砖300×200×65,MAT-TIL-005,medium,耐酸砖(面层用) 230×113×65,装饰材料,SX,False
MAP-MAT-TIL-005-9177,耐酸缸砖 300×200×80,耐酸缸砖300×200×80,MAT-TIL-005,medium,耐酸砖(面层用) 230×113×65,装饰材料,SX,False
MAP-MAT-FRM-001-9843,耐酸陶板  150× 150×30,耐酸陶板150×150×30,MAT-FRM-001,low,轻钢龙骨（吊顶）,装饰材料,SX,False
MAP-MAT-PNT-001-1214,耐高温防腐底漆,耐高温防腐底漆,MAT-PNT-001,low,环氧富锌底漆,涂料,SX,False
MAP-MAT-CON-006-8121,耐高温防腐面漆,耐高温防腐面漆,MAT-CON-006,low,防腐混凝土 C30,混凝土及砂浆,SX,False
MAP-MAT-CABL-007-4818,聚丙烯板  阻燃,聚丙烯板阻燃,MAT-CABL-007,low,阻燃电缆 ZR-YJV,电缆电线,SX,False
MAP-MAT-UTL-001-3452,聚乙烯丙纶双面复合防水卷材 SBC,聚乙烯丙纶双面复合防水卷材SBC,MAT-UTL-001,medium,施工用水,施工辅助材料,SX,False
MAP-MAT-UTL-001-7878,聚合物复合改性沥青防水涂料,聚合物复合改性沥青防水涂料,MAT-UTL-001,medium,施工用水,施工辅助材料,SX,False
MAP-MAT-MOR-001-9538,聚合物干粉砂浆 M10,聚合物干粉砂浆M10,MAT-MOR-001,low,干混砌筑砂浆 DM M10,混凝土及砂浆,SX,False
MAP-MAT-MOR-005-1579,聚合物抗裂砂浆,聚合物抗裂砂浆,MAT-MOR-005,medium,干混抹面砂浆,混凝土及砂浆,SX,False
MAP-MAT-UTL-001-0657,聚合物水泥浆,聚合物水泥浆,MAT-UTL-001,medium,施工用水,施工辅助材料,SX,False
MAP-MAT-WAP-005-4598,聚合物粘接砂浆,聚合物粘接砂浆,MAT-WAP-005,low,JS聚合物水泥防水涂料,防水材料,SX,False
MAP-MAT-WAP-005-6350,聚合物胶乳,聚合物胶乳,MAT-WAP-005,low,JS聚合物水泥防水涂料,防水材料,SX,False
MAP-MAT-EQP-014-3372,聚氨酯乙料,聚氨酯乙料,MAT-EQP-014,medium,脱硝设备,热力设备,SX,False
MAP-MAT-SEA-001-9186,聚氨酯发泡密封胶 750ml/支,聚氨酯发泡密封胶750ml/支,MAT-SEA-001,medium,硅酮耐候密封胶,装饰材料,SX,False
MAP-MAT-SEA-004-9130,聚氨酯发泡机,聚氨酯发泡机,MAT-SEA-004,medium,聚氨酯发泡剂 750ml,装饰材料,SX,False
MAP-MAT-EQP-014-5732,聚氨酯底层涂料,聚氨酯底层涂料,MAT-EQP-014,medium,脱硝设备,热力设备,SX,False
MAP-MAT-EQP-014-0577,聚氨酯底漆,聚氨酯底漆,MAT-EQP-014,medium,脱硝设备,热力设备,SX,False
MAP-MAT-EQP-014-1105,聚氨酯泡沫塑料,聚氨酯泡沫塑料,MAT-EQP-014,medium,脱硝设备,热力设备,SX,False
MAP-MAT-EQP-014-0477,聚氨酯清漆,聚氨酯清漆,MAT-EQP-014,medium,脱硝设备,热力设备,SX,False
MAP-MAT-WAP-003-9070,聚氨酯甲乙料,聚氨酯甲乙料,MAT-WAP-003,medium,聚氨酯防水涂料（双组分）,防水材料,SX,False
MAP-MAT-EQP-014-7374,聚氨酯甲料,聚氨酯甲料,MAT-EQP-014,medium,脱硝设备,热力设备,SX,False
MAP-MAT-EQP-014-5015,聚氨酯磁漆,聚氨酯磁漆,MAT-EQP-014,medium,脱硝设备,热力设备,SX,False
MAP-MAT-PUT-001-4921,聚氨酯腻子,聚氨酯腻子,MAT-PUT-001,medium,内墙耐水腻子,装饰材料,SX,False
MAP-MAT-EQP-014-5563,聚氨酯防潮底漆,聚氨酯防潮底漆,MAT-EQP-014,medium,脱硝设备,热力设备,SX,False
MAP-MAT-EQP-014-6095,聚氨酯面层涂料,聚氨酯面层涂料,MAT-EQP-014,medium,脱硝设备,热力设备,SX,False
MAP-MAT-WAP-008-4875,聚氯乙烯字  1.0m² 以内,聚氯乙烯字1.0m²以内,MAT-WAP-008,low,聚氯乙烯防水卷材(PVC),防水材料,SX,False
MAP-MAT-WAP-008-6912,聚氯乙烯字  1.5m² 以内,聚氯乙烯字1.5m²以内,MAT-WAP-008,low,聚氯乙烯防水卷材(PVC),防水材料,SX,False
MAP-MAT-WAP-008-7281,聚氯乙烯字 0.2m² 以内,聚氯乙烯字0.2m²以内,MAT-WAP-008,low,聚氯乙烯防水卷材(PVC),防水材料,SX,False
MAP-MAT-WAP-008-8287,聚氯乙烯字 0.5m² 以内,聚氯乙烯字0.5m²以内,MAT-WAP-008,low,聚氯乙烯防水卷材(PVC),防水材料,SX,False
MAP-MAT-WAP-008-6897,聚氯乙烯字 4.0m² 以内,聚氯乙烯字4.0m²以内,MAT-WAP-008,low,聚氯乙烯防水卷材(PVC),防水材料,SX,False
MAP-MAT-SEA-001-1980,聚氯乙烯热熔密封胶,聚氯乙烯热熔密封胶,MAT-SEA-001,medium,硅酮耐候密封胶,装饰材料,SX,False
MAP-MAT-WAP-008-9109,聚氯乙烯薄膜,聚氯乙烯薄膜,MAT-WAP-008,low,聚氯乙烯防水卷材(PVC),防水材料,SX,False
MAP-MAT-PLUM-007-7704,聚氯乙烯软管 D20×2.5,聚氯乙烯软管D20×2.5,MAT-PLUM-007,medium,卫生洁具配件(下水/软管),卫浴器具,SX,False
MAP-MAT-WAP-008-2780,聚氯乙烯边条,聚氯乙烯边条,MAT-WAP-008,low,聚氯乙烯防水卷材(PVC),防水材料,SX,False
MAP-MAT-WAP-008-4642,聚氯乙烯防水卷材,聚氯乙烯防水卷材,MAT-WAP-008,high,聚氯乙烯防水卷材(PVC),防水材料,SX,False
MAP-MAT-WAP-008-4064,聚氯乙烯阴、 阳角线 50×50,聚氯乙烯阴、阳角线50×50,MAT-WAP-008,low,聚氯乙烯防水卷材(PVC),防水材料,SX,False
MAP-MAT-INS-004-1690,聚苯乙烯塑料保温装饰一体化板,聚苯乙烯塑料保温装饰一体化板,MAT-INS-004,low,石墨聚苯板 SEPS B1级,保温隔热材料,SX,False
MAP-MAT-INS-004-8666,聚苯乙烯板,聚苯乙烯板,MAT-INS-004,low,石墨聚苯板 SEPS B1级,保温隔热材料,SX,False
MAP-MAT-INS-004-4413,聚苯乙烯板  δ40,聚苯乙烯板δ40,MAT-INS-004,low,石墨聚苯板 SEPS B1级,保温隔热材料,SX,False
MAP-MAT-INS-002-0496,聚苯乙烯泡沫板(综合),聚苯乙烯泡沫板,MAT-INS-002,medium,绝热用模塑聚苯乙烯泡沫塑料(EPS),保温隔热材料,SX,False
MAP-MAT-PNT-001-5169,聚酯底漆,聚酯底漆,MAT-PNT-001,low,环氧富锌底漆,涂料,SX,False
MAP-MAT-PUT-001-0509,聚酯透明腻子,聚酯透明腻子,MAT-PUT-001,medium,内墙耐水腻子,装饰材料,SX,False
MAP-MAT-WAP-005-3817,聚醋酸乙烯乳液,聚醋酸乙烯乳液,MAT-WAP-005,low,JS聚合物水泥防水涂料,防水材料,SX,False
MAP-MAT-TRN-001-4989,胶合板  δ 12,胶合板δ12,MAT-TRN-001,medium,木胶合板模板 1830×915×15mm,周转材料,SX,False
MAP-MAT-TRN-001-2518,胶合板  δ 15,胶合板δ15,MAT-TRN-001,medium,木胶合板模板 1830×915×15mm,周转材料,SX,False
MAP-MAT-TRN-001-7615,胶合板  δ 18,胶合板δ18,MAT-TRN-001,medium,木胶合板模板 1830×915×15mm,周转材料,SX,False
MAP-MAT-TRN-001-2607,胶合板  δ3,胶合板δ3,MAT-TRN-001,medium,木胶合板模板 1830×915×15mm,周转材料,SX,False
MAP-MAT-TRN-001-2426,胶合板  δ5,胶合板δ5,MAT-TRN-001,medium,木胶合板模板 1830×915×15mm,周转材料,SX,False
MAP-MAT-TRN-001-6124,胶合板  δ9,胶合板δ9,MAT-TRN-001,medium,木胶合板模板 1830×915×15mm,周转材料,SX,False
MAP-MAT-TRN-001-9979,胶合板(综合),胶合板,MAT-TRN-001,high,木胶合板模板 1830×915×15mm,周转材料,SX,False
MAP-MAT-BRD-007-3281,胶合饰面板 泰柚,胶合饰面板泰柚,MAT-BRD-007,medium,装饰饰面板(成品) 2440×1220,装饰材料,SX,False
MAP-MAT-INS-004-7250,胶粉聚苯颗粒保温浆料,胶粉聚苯颗粒保温浆料,MAT-INS-004,low,石墨聚苯板 SEPS B1级,保温隔热材料,SX,False
MAP-MAT-TRN-002-1062,脚手架钢管,脚手架钢管,MAT-TRN-002,medium,钢管脚手架 Φ48×3.5mm,周转材料,SX,False
MAP-MAT-TRN-002-0524,脚手架钢管底座,脚手架钢管底座,MAT-TRN-002,medium,钢管脚手架 Φ48×3.5mm,周转材料,SX,False
MAP-MAT-PUT-001-2225,腻子粉(成品),腻子粉,MAT-PUT-001,medium,内墙耐水腻子,装饰材料,SX,False
MAP-MAT-UTL-001-1169,膨润土防水毯,膨润土防水毯,MAT-UTL-001,medium,施工用水,施工辅助材料,SX,False
MAP-MAT-UTL-001-2916,膨胀水泥砂浆,膨胀水泥砂浆,MAT-UTL-001,medium,施工用水,施工辅助材料,SX,False
MAP-MAT-TIL-001-7005,膨胀玻化微珠保温浆料,膨胀玻化微珠保温浆料,MAT-TIL-001,low,全瓷抛光砖 600×600mm,装饰材料,SX,False
MAP-MAT-UTL-001-6120,膨胀硅酸盐水泥板  δ50,膨胀硅酸盐水泥板δ50,MAT-UTL-001,medium,施工用水,施工辅助材料,SX,False
MAP-MAT-FPC-002-5335,膨胀蛭石,膨胀蛭石,MAT-FPC-002,low,非膨胀型钢结构防火涂料（厚型）,防火材料,SX,False
MAP-MAT-PRE-002-1028,膨胀螺栓 M10,膨胀螺栓M10,MAT-PRE-002,medium,化学锚栓 M12x160,其他,SX,False
MAP-MAT-PRE-002-1026,膨胀螺栓 M10×80,膨胀螺栓M10×80,MAT-PRE-002,medium,化学锚栓 M12x160,其他,SX,False
MAP-MAT-PRE-002-6816,膨胀螺栓 M12× 100,膨胀螺栓M12×100,MAT-PRE-002,medium,化学锚栓 M12x160,其他,SX,False
MAP-MAT-PRE-002-1507,膨胀螺栓 M12× 110,膨胀螺栓M12×110,MAT-PRE-002,medium,化学锚栓 M12x160,其他,SX,False
MAP-MAT-PRE-002-1923,膨胀螺栓 M5×50,膨胀螺栓M5×50,MAT-PRE-002,medium,化学锚栓 M12x160,其他,SX,False
MAP-MAT-PRE-002-7742,膨胀螺栓 M6×22,膨胀螺栓M6×22,MAT-PRE-002,medium,化学锚栓 M12x160,其他,SX,False
MAP-MAT-PRE-002-4418,膨胀螺栓 M6×60,膨胀螺栓M6×60,MAT-PRE-002,medium,化学锚栓 M12x160,其他,SX,False
MAP-MAT-PRE-002-4915,膨胀螺栓 M6×75,膨胀螺栓M6×75,MAT-PRE-002,medium,化学锚栓 M12x160,其他,SX,False
MAP-MAT-PRE-002-8836,膨胀螺栓 M8,膨胀螺栓M8,MAT-PRE-002,medium,化学锚栓 M12x160,其他,SX,False
MAP-MAT-PRE-002-5814,膨胀螺栓 M8× 100,膨胀螺栓M8×100,MAT-PRE-002,medium,化学锚栓 M12x160,其他,SX,False
MAP-MAT-PRE-002-2906,膨胀螺栓 M8×60,膨胀螺栓M8×60,MAT-PRE-002,medium,化学锚栓 M12x160,其他,SX,False
MAP-MAT-PRE-002-3598,膨胀螺栓 M8×80,膨胀螺栓M8×80,MAT-PRE-002,medium,化学锚栓 M12x160,其他,SX,False
MAP-MAT-PRE-002-3193,膨胀螺栓 镀锌连母 M8×80,膨胀螺栓镀锌连母M8×80,MAT-PRE-002,medium,化学锚栓 M12x160,其他,SX,False
MAP-MAT-PRE-002-0403,膨胀螺栓(综合),膨胀螺栓,MAT-PRE-002,medium,化学锚栓 M12x160,其他,SX,False
MAP-MAT-FRM-001-4383,自升式塔式起重机 2500kN ·m,自升式塔式起重机2500kN·m,MAT-FRM-001,low,轻钢龙骨（吊顶）,装饰材料,SX,False
MAP-MAT-FRM-001-3400,自升式塔式起重机 600kN ·m,自升式塔式起重机600kN·m,MAT-FRM-001,low,轻钢龙骨（吊顶）,装饰材料,SX,False
MAP-MAT-TIL-006-3484,自升式塔式起重机 800kN ·m,自升式塔式起重机800kN·m,MAT-TIL-006,low,防滑地砖 800x800,装饰材料,SX,False
MAP-MAT-STO-002-4933,花岗岩 500×400×80mm,花岗岩500×400×80mm,MAT-STO-002,medium,花岗岩板 20mm,装饰材料,SX,False
MAP-MAT-STO-001-3540,花岗岩块石,花岗岩块石,MAT-STO-001,medium,毛石（块石） MU30,砌体材料,SX,False
MAP-MAT-STO-002-7580,花岗岩板,花岗岩板,MAT-STO-002,high,花岗岩板 20mm,装饰材料,SX,False
MAP-MAT-PRE-002-7184,花篮螺栓 M12×200,花篮螺栓M12×200,MAT-PRE-002,medium,化学锚栓 M12x160,其他,SX,False
MAP-MAT-PRE-002-7210,花篮螺栓 M6×250,花篮螺栓M6×250,MAT-PRE-002,medium,化学锚栓 M12x160,其他,SX,False
MAP-MAT-STE-006-5553,花纹钢板(综合),花纹钢板,MAT-STE-006,medium,钢板 Q235B,钢材,SX,False
MAP-MAT-PAI-001-6332,苯丙乳胶底漆(综合),苯丙乳胶底漆,MAT-PAI-001,low,内墙乳胶漆 白色,装饰材料,SX,False
MAP-MAT-PAI-001-5383,苯丙乳胶漆  内墙用,苯丙乳胶漆内墙用,MAT-PAI-001,medium,内墙乳胶漆 白色,装饰材料,SX,False
MAP-MAT-PAI-001-4998,苯丙乳胶漆 外墙用,苯丙乳胶漆外墙用,MAT-PAI-001,medium,内墙乳胶漆 白色,装饰材料,SX,False
MAP-MAT-MOR-003-7582,苯乙烯地面漆,苯乙烯地面漆,MAT-MOR-003,low,干混地面砂浆 DS M20,混凝土及砂浆,SX,False
MAP-MAT-PAI-001-8739,苯乙烯墙面漆,苯乙烯墙面漆,MAT-PAI-001,medium,内墙乳胶漆 白色,装饰材料,SX,False
MAP-MAT-COAT-003-8735,苯乙烯屋面漆,苯乙烯屋面漆,MAT-COAT-003,low,聚氨酯面漆/丙烯酸面漆,防腐油漆,SX,False
MAP-MAT-INS-002-6990,苯板线条(成品),苯板线条,MAT-INS-002,medium,绝热用模塑聚苯乙烯泡沫塑料(EPS),保温隔热材料,SX,False
MAP-MAT-BLO-001-6931,蒸压加气混凝土砌块600 × 120×240,蒸压加气混凝土砌块600×120×240,MAT-BLO-001,medium,蒸压加气混凝土砌块 A5.0 B06,砌体材料,SX,False
MAP-MAT-BLO-001-9619,蒸压加气混凝土砌块600 × 190×240,蒸压加气混凝土砌块600×190×240,MAT-BLO-001,medium,蒸压加气混凝土砌块 A5.0 B06,砌体材料,SX,False
MAP-MAT-BLO-001-7083,蒸压加气混凝土砌块600×240×240,蒸压加气混凝土砌块600×240×240,MAT-BLO-001,medium,蒸压加气混凝土砌块 A5.0 B06,砌体材料,SX,False
MAP-MAT-MOR-006-1309,蒸压加气混凝土高精砌块600 × 120×240,蒸压加气混凝土高精砌块600×120×240,MAT-MOR-006,low,砌块砌筑粘结剂,混凝土及砂浆,SX,False
MAP-MAT-MOR-006-3866,蒸压加气混凝土高精砌块600 × 190×240,蒸压加气混凝土高精砌块600×190×240,MAT-MOR-006,low,砌块砌筑粘结剂,混凝土及砂浆,SX,False
MAP-MAT-MOR-006-8558,蒸压加气混凝土高精砌块600×240×240,蒸压加气混凝土高精砌块600×240×240,MAT-MOR-006,low,砌块砌筑粘结剂,混凝土及砂浆,SX,False
MAP-MAT-MOR-006-3438,蒸压砂加气混凝土  (AAC) 保温块,蒸压砂加气混凝土(AAC)保温块,MAT-MOR-006,low,砌块砌筑粘结剂,混凝土及砂浆,SX,False
MAP-MAT-FPC-004-8527,薄型防火涂料,薄型防火涂料,MAT-FPC-004,high,防火涂料(饰面型),涂料,SX,False
MAP-MAT-FRM-001-5083,螺旋钻机 600mm,螺旋钻机600mm,MAT-FRM-001,low,轻钢龙骨（吊顶）,装饰材料,SX,False
MAP-MAT-TIL-006-5237,螺旋钻机 800mm,螺旋钻机800mm,MAT-TIL-006,low,防滑地砖 800x800,装饰材料,SX,False
MAP-MAT-PRE-002-1927,螺栓套丝机 39mm,螺栓套丝机39mm,MAT-PRE-002,medium,化学锚栓 M12x160,其他,SX,False
MAP-MAT-PRE-002-0543,螺栓球节点网架(成品),螺栓球节点网架,MAT-PRE-002,medium,化学锚栓 M12x160,其他,SX,False
MAP-MAT-STE-001-7563,螺纹钢筋  Φ25以外,螺纹钢筋Φ25以外,MAT-STE-001,medium,热轧带肋钢筋 HRB400E,钢材,SX,False
MAP-MAT-INSU-003-9475,袋装玻璃棉  δ50,袋装玻璃棉δ50,MAT-INSU-003,medium,玻璃棉管壳/板,绝热保温,SX,False
MAP-MAT-GRO-002-6717,装配式混凝土凸窗,装配式混凝土凸窗,MAT-GRO-002,low,装配式套筒灌浆料,其他,SX,False
MAP-MAT-GRO-002-4359,装配式混凝土叠合板,装配式混凝土叠合板,MAT-GRO-002,low,装配式套筒灌浆料,其他,SX,False
MAP-MAT-GRO-002-7222,装配式混凝土楼梯,装配式混凝土楼梯,MAT-GRO-002,low,装配式套筒灌浆料,其他,SX,False
MAP-MAT-GRO-002-2069,装配式混凝土空调板,装配式混凝土空调板,MAT-GRO-002,low,装配式套筒灌浆料,其他,SX,False
MAP-MAT-GRO-002-4643,装配式混凝土阳台板,装配式混凝土阳台板,MAT-GRO-002,low,装配式套筒灌浆料,其他,SX,False
MAP-MAT-WOO-001-1692,规格材,规格材,MAT-WOO-001,high,规格材（工程用材）,木材,SX,False
MAP-MAT-WOO-001-2004,规格材木骨架,规格材木骨架,MAT-WOO-001,high,规格材（工程用材）,木材,SX,False
MAP-MAT-WOO-001-1747,规格材格栅,规格材格栅,MAT-WOO-001,high,规格材（工程用材）,木材,SX,False
MAP-MAT-WOO-001-8886,规格材组合柱,规格材组合柱,MAT-WOO-001,high,规格材（工程用材）,木材,SX,False
MAP-MAT-WOO-001-4680,规格材组合梁,规格材组合梁,MAT-WOO-001,high,规格材（工程用材）,木材,SX,False
MAP-MAT-STE-005-1818,角钢 30×4,角钢30×4,MAT-STE-005,medium,热轧等边角钢 Q235B,钢材,SX,False
MAP-MAT-STE-005-9198,角钢 40×3,角钢40×3,MAT-STE-005,medium,热轧等边角钢 Q235B,钢材,SX,False
MAP-MAT-STE-005-7663,角钢 40×5,角钢40×5,MAT-STE-005,medium,热轧等边角钢 Q235B,钢材,SX,False
MAP-MAT-STE-005-1998,角钢 50,角钢50,MAT-STE-005,medium,热轧等边角钢 Q235B,钢材,SX,False
MAP-MAT-STE-005-3897,角钢(综合),角钢,MAT-STE-005,high,热轧等边角钢 Q235B,钢材,SX,False
MAP-MAT-SVC-002-5584,超声波探伤仪,超声波探伤仪,MAT-SVC-002,low,无损检验(服务),检测服务,SX,False
MAP-MAT-SVC-002-9355,超声波测壁机,超声波测壁机,MAT-SVC-002,low,无损检验(服务),检测服务,SX,False
MAP-MAT-INSU-003-2717,超细玻璃棉板  δ50,超细玻璃棉板δ50,MAT-INSU-003,medium,玻璃棉管壳/板,绝热保温,SX,False
MAP-MAT-FPC-004-5256,超薄型防火涂料,超薄型防火涂料,MAT-FPC-004,high,防火涂料(饰面型),涂料,SX,False
MAP-MAT-INS-005-9605,路面喷涂机,路面喷涂机,MAT-INS-005,low,无机纤维粒状棉,保温隔热材料,SX,False
MAP-MAT-BRD-006-2928,软聚氯乙烯板  δ3,软聚氯乙烯板δ3,MAT-BRD-006,medium,聚氯乙烯板(PVC) 3mm,装饰材料,SX,False
MAP-MAT-HVAC-001-0672,轴流通风机 7.5kW,轴流通风机7.5kW,MAT-HVAC-001,high,风机(轴流/离心/混流),暖通设备,SX,False
MAP-MAT-WAL-001-2142,轻质墙板  δ60,轻质墙板δ60,MAT-WAL-001,medium,轻质隔墙板（GRC）,砌体材料,SX,False
MAP-MAT-WAL-001-5413,轻质墙板  δ85,轻质墙板δ85,MAT-WAL-001,medium,轻质隔墙板（GRC）,砌体材料,SX,False
MAP-MAT-WAL-001-9963,轻质墙板  δ95,轻质墙板δ95,MAT-WAL-001,medium,轻质隔墙板（GRC）,砌体材料,SX,False
MAP-MAT-BLO-001-4049,轻质条板隔墙  δ 100,轻质条板隔墙δ100,MAT-BLO-001,low,蒸压加气混凝土砌块 A5.0 B06,砌体材料,SX,False
MAP-MAT-BLO-001-7587,轻质条板隔墙  δ 120,轻质条板隔墙δ120,MAT-BLO-001,low,蒸压加气混凝土砌块 A5.0 B06,砌体材料,SX,False
MAP-MAT-BLO-001-5687,轻质条板隔墙  δ 150,轻质条板隔墙δ150,MAT-BLO-001,low,蒸压加气混凝土砌块 A5.0 B06,砌体材料,SX,False
MAP-MAT-BLO-001-3766,轻质条板隔墙  δ200,轻质条板隔墙δ200,MAT-BLO-001,low,蒸压加气混凝土砌块 A5.0 B06,砌体材料,SX,False
MAP-MAT-FRM-001-6841,轻钢龙骨上人型  (圆弧形),轻钢龙骨上人型,MAT-FRM-001,high,轻钢龙骨（吊顶）,装饰材料,SX,False
MAP-MAT-FRM-001-6006,轻钢龙骨上人型  (平面)300×300,轻钢龙骨上人型(平面)300×300,MAT-FRM-001,high,轻钢龙骨（吊顶）,装饰材料,SX,False
MAP-MAT-FRM-001-9429,轻钢龙骨上人型  (平面)450×450,轻钢龙骨上人型(平面)450×450,MAT-FRM-001,high,轻钢龙骨（吊顶）,装饰材料,SX,False
MAP-MAT-FRM-001-5052,轻钢龙骨上人型  (平面)600×600,轻钢龙骨上人型(平面)600×600,MAT-FRM-001,high,轻钢龙骨（吊顶）,装饰材料,SX,False
MAP-MAT-FRM-001-9939,轻钢龙骨上人型  (平面)600×600  以上,轻钢龙骨上人型(平面)600×600以上,MAT-FRM-001,high,轻钢龙骨（吊顶）,装饰材料,SX,False
MAP-MAT-FRM-001-0737,轻钢龙骨上人型  (跌级)300×300,轻钢龙骨上人型(跌级)300×300,MAT-FRM-001,high,轻钢龙骨（吊顶）,装饰材料,SX,False
MAP-MAT-FRM-001-1297,轻钢龙骨上人型  (跌级)450×450,轻钢龙骨上人型(跌级)450×450,MAT-FRM-001,high,轻钢龙骨（吊顶）,装饰材料,SX,False
MAP-MAT-FRM-001-8825,轻钢龙骨上人型  (跌级)600×600,轻钢龙骨上人型(跌级)600×600,MAT-FRM-001,high,轻钢龙骨（吊顶）,装饰材料,SX,False
MAP-MAT-FRM-001-6870,轻钢龙骨上人型  (跌级)600×600  以上,轻钢龙骨上人型(跌级)600×600以上,MAT-FRM-001,high,轻钢龙骨（吊顶）,装饰材料,SX,False
MAP-MAT-FRM-001-7936,轻钢龙骨不上人型  (圆弧形),轻钢龙骨不上人型,MAT-FRM-001,high,轻钢龙骨（吊顶）,装饰材料,SX,False
MAP-MAT-FRM-001-0979,轻钢龙骨不上人型  (平面)300×300,轻钢龙骨不上人型(平面)300×300,MAT-FRM-001,high,轻钢龙骨（吊顶）,装饰材料,SX,False
MAP-MAT-FRM-001-8106,轻钢龙骨不上人型  (平面)450×450,轻钢龙骨不上人型(平面)450×450,MAT-FRM-001,high,轻钢龙骨（吊顶）,装饰材料,SX,False
MAP-MAT-FRM-001-0074,轻钢龙骨不上人型  (平面)600×600,轻钢龙骨不上人型(平面)600×600,MAT-FRM-001,high,轻钢龙骨（吊顶）,装饰材料,SX,False
MAP-MAT-FRM-001-6349,轻钢龙骨不上人型  (平面)600×600以上,轻钢龙骨不上人型(平面)600×600以上,MAT-FRM-001,high,轻钢龙骨（吊顶）,装饰材料,SX,False
MAP-MAT-FRM-001-3333,轻钢龙骨不上人型  (跌级)300×300,轻钢龙骨不上人型(跌级)300×300,MAT-FRM-001,high,轻钢龙骨（吊顶）,装饰材料,SX,False
MAP-MAT-FRM-001-0597,轻钢龙骨不上人型  (跌级)450×450,轻钢龙骨不上人型(跌级)450×450,MAT-FRM-001,high,轻钢龙骨（吊顶）,装饰材料,SX,False
MAP-MAT-FRM-001-3477,轻钢龙骨不上人型  (跌级)600×600,轻钢龙骨不上人型(跌级)600×600,MAT-FRM-001,high,轻钢龙骨（吊顶）,装饰材料,SX,False
MAP-MAT-FRM-001-7807,轻钢龙骨不上人型  (跌级)600×600以上,轻钢龙骨不上人型(跌级)600×600以上,MAT-FRM-001,high,轻钢龙骨（吊顶）,装饰材料,SX,False
MAP-MAT-FRM-001-6913,轻钢龙骨吊挂件 U38,轻钢龙骨吊挂件U38,MAT-FRM-001,high,轻钢龙骨（吊顶）,装饰材料,SX,False
MAP-MAT-FRM-001-1735,轻钢龙骨吊挂式天棚龙骨  (圆型),轻钢龙骨吊挂式天棚龙骨,MAT-FRM-001,high,轻钢龙骨（吊顶）,装饰材料,SX,False
MAP-MAT-FRM-001-9709,轻钢龙骨吊挂式天棚龙骨  (弧拱型),轻钢龙骨吊挂式天棚龙骨,MAT-FRM-001,high,轻钢龙骨（吊顶）,装饰材料,SX,False
MAP-MAT-FRM-001-5010,轻钢龙骨吊挂式天棚龙骨  (矩型),轻钢龙骨吊挂式天棚龙骨,MAT-FRM-001,high,轻钢龙骨（吊顶）,装饰材料,SX,False
MAP-MAT-FRM-001-9378,轻钢龙骨藻井天棚龙骨  (圆弧型),轻钢龙骨藻井天棚龙骨,MAT-FRM-001,high,轻钢龙骨（吊顶）,装饰材料,SX,False
MAP-MAT-FRM-001-8019,轻钢龙骨藻井天棚龙骨  (曲面型),轻钢龙骨藻井天棚龙骨,MAT-FRM-001,high,轻钢龙骨（吊顶）,装饰材料,SX,False
MAP-MAT-FRM-001-0640,轻钢龙骨藻井天棚龙骨  (矩型),轻钢龙骨藻井天棚龙骨,MAT-FRM-001,high,轻钢龙骨（吊顶）,装饰材料,SX,False
MAP-MAT-FRM-001-5549,轻钢龙骨藻井天棚龙骨  (筒型),轻钢龙骨藻井天棚龙骨,MAT-FRM-001,high,轻钢龙骨（吊顶）,装饰材料,SX,False
MAP-MAT-FRM-001-4407,轻钢龙骨锯齿型天棚龙骨  (弧线型),轻钢龙骨锯齿型天棚龙骨,MAT-FRM-001,high,轻钢龙骨（吊顶）,装饰材料,SX,False
MAP-MAT-FRM-001-9651,轻钢龙骨锯齿型天棚龙骨  (直线型),轻钢龙骨锯齿型天棚龙骨,MAT-FRM-001,high,轻钢龙骨（吊顶）,装饰材料,SX,False
MAP-MAT-FRM-001-5763,轻钢龙骨阶梯型天棚龙骨  (弧线型),轻钢龙骨阶梯型天棚龙骨,MAT-FRM-001,high,轻钢龙骨（吊顶）,装饰材料,SX,False
MAP-MAT-FRM-001-5931,轻钢龙骨阶梯型天棚龙骨  (直线型),轻钢龙骨阶梯型天棚龙骨,MAT-FRM-001,high,轻钢龙骨（吊顶）,装饰材料,SX,False
MAP-MAT-PNT-002-8413,过氯乙烯中间层涂料,过氯乙烯中间层涂料,MAT-PNT-002,low,过氯乙烯防腐漆,涂料,SX,False
MAP-MAT-PNT-002-5688,过氯乙烯底层涂料,过氯乙烯底层涂料,MAT-PNT-002,low,过氯乙烯防腐漆,涂料,SX,False
MAP-MAT-PNT-001-4198,过氯乙烯底漆(综合),过氯乙烯底漆,MAT-PNT-001,low,环氧富锌底漆,涂料,SX,False
MAP-MAT-PNT-002-6709,过氯乙烯清漆(综合),过氯乙烯清漆,MAT-PNT-002,low,过氯乙烯防腐漆,涂料,SX,False
MAP-MAT-PNT-002-5388,过氯乙烯磁漆 G52-1,过氯乙烯磁漆G52-1,MAT-PNT-002,low,过氯乙烯防腐漆,涂料,SX,False
MAP-MAT-PUT-001-4777,过氯乙烯腻子,过氯乙烯腻子,MAT-PUT-001,medium,内墙耐水腻子,装饰材料,SX,False
MAP-MAT-PNT-002-2230,过氯乙烯面层涂料,过氯乙烯面层涂料,MAT-PNT-002,low,过氯乙烯防腐漆,涂料,SX,False
MAP-MAT-UTL-001-0306,透水砖,透水砖,MAT-UTL-001,medium,施工用水,施工辅助材料,SX,False
MAP-MAT-FRM-001-3051,造型藤条吊顶,造型藤条吊顶,MAT-FRM-001,low,轻钢龙骨（吊顶）,装饰材料,SX,False
MAP-MAT-WAP-007-5524,遇水膨胀止水条,遇水膨胀止水条,MAT-WAP-007,medium,橡胶止水带 300×8mm,防水材料,SX,False
MAP-MAT-INS-006-2493,酚醛保温板  δ50,酚醛保温板δ50,MAT-INS-006,medium,挤塑聚苯板 XPS 50mm,保温,SX,False
MAP-MAT-TRN-001-9064,酚醛树脂,酚醛树脂,MAT-TRN-001,low,木胶合板模板 1830×915×15mm,周转材料,SX,False
MAP-MAT-TRN-001-4915,酚醛树脂打底料,酚醛树脂打底料,MAT-TRN-001,low,木胶合板模板 1830×915×15mm,周转材料,SX,False
MAP-MAT-TRN-001-0147,酚醛树脂涂料,酚醛树脂涂料,MAT-TRN-001,low,木胶合板模板 1830×915×15mm,周转材料,SX,False
MAP-MAT-AUX-014-1346,酚醛树脂胶泥  1#,酚醛树脂胶泥1#,MAT-AUX-014,medium,防腐胶泥,其他,SX,False
MAP-MAT-AUX-014-3031,酚醛树脂胶泥 1 :0.08 :0.06 : 1.8,酚醛树脂胶泥1:0.08:0.06:1.8,MAT-AUX-014,medium,防腐胶泥,其他,SX,False
MAP-MAT-TRN-001-1965,酚醛调和漆,酚醛调和漆,MAT-TRN-001,low,木胶合板模板 1830×915×15mm,周转材料,SX,False
MAP-MAT-TRN-001-7714,酚醛调和漆 各色,酚醛调和漆各色,MAT-TRN-001,low,木胶合板模板 1830×915×15mm,周转材料,SX,False
MAP-MAT-PNT-001-2936,酚醛防锈漆,酚醛防锈漆,MAT-PNT-001,medium,环氧富锌底漆,涂料,SX,False
MAP-MAT-PNT-001-4824,酚醛防锈漆 红丹,酚醛防锈漆红丹,MAT-PNT-001,medium,环氧富锌底漆,涂料,SX,False
MAP-MAT-PNT-001-5950,醇酸防锈漆 红丹,醇酸防锈漆红丹,MAT-PNT-001,medium,环氧富锌底漆,涂料,SX,False
MAP-MAT-TRN-001-6133,金属周转材料,金属周转材料,MAT-TRN-001,low,木胶合板模板 1830×915×15mm,周转材料,SX,False
MAP-MAT-WAL-002-7639,金属壁纸,金属壁纸,MAT-WAL-002,high,壁纸(无纺布),装饰材料,SX,False
MAP-MAT-FITT-004-8101,金属支架,金属支架,MAT-FITT-004,low,管道支架(型钢制),管材管件,SX,False
MAP-MAT-PAI-004-9834,金属氟碳漆面漆,金属氟碳漆面漆,MAT-PAI-004,high,氟碳漆(金属面),涂料,SX,False
MAP-MAT-FRM-001-1847,金属烤漆板条 异型2500×200 ×2,金属烤漆板条异型2500×200×2,MAT-FRM-001,low,轻钢龙骨（吊顶）,装饰材料,SX,False
MAP-MAT-PRE-002-4639,金属膨胀螺栓 M6,金属膨胀螺栓M6,MAT-PRE-002,medium,化学锚栓 M12x160,其他,SX,False
MAP-MAT-PRE-002-3655,金属膨胀螺栓 M8,金属膨胀螺栓M8,MAT-PRE-002,medium,化学锚栓 M12x160,其他,SX,False
MAP-MAT-PRE-002-5301,金属膨胀螺栓(综合),金属膨胀螺栓,MAT-PRE-002,medium,化学锚栓 M12x160,其他,SX,False
MAP-MAT-AUX-006-6423,金属踢脚线,金属踢脚线,MAT-AUX-006,low,木踢脚线,装饰材料,SX,False
MAP-MAT-UTL-001-6338,金属防水板,金属防水板,MAT-UTL-001,medium,施工用水,施工辅助材料,SX,False
MAP-MAT-TIL-001-4412,金属面抛光机,金属面抛光机,MAT-TIL-001,low,全瓷抛光砖 600×600mm,装饰材料,SX,False
MAP-MAT-WMS-001-8210,钢丝绳  Φ 12,钢丝绳Φ12,MAT-WMS-001,low,热镀锌钢丝网 Φ0.8@20×20,钢材,SX,False
MAP-MAT-WMS-001-0057,钢丝绳  Φ 12.5,钢丝绳Φ12.5,MAT-WMS-001,low,热镀锌钢丝网 Φ0.8@20×20,钢材,SX,False
MAP-MAT-WMS-001-3732,钢丝绳  Φ 14  6 × 19,钢丝绳Φ146×19,MAT-WMS-001,low,热镀锌钢丝网 Φ0.8@20×20,钢材,SX,False
MAP-MAT-WMS-001-3374,钢丝绳  Φ 14. 1～15,钢丝绳Φ14.1～15,MAT-WMS-001,low,热镀锌钢丝网 Φ0.8@20×20,钢材,SX,False
MAP-MAT-WMS-001-6919,钢丝绳  Φ26,钢丝绳Φ26,MAT-WMS-001,low,热镀锌钢丝网 Φ0.8@20×20,钢材,SX,False
MAP-MAT-STE-002-2710,钢丝绳  Φ8,钢丝绳Φ8,MAT-STE-002,low,热轧光圆钢筋 HPB300,钢材,SX,False
MAP-MAT-WMS-001-6541,钢丝绳(综合),钢丝绳,MAT-WMS-001,low,热镀锌钢丝网 Φ0.8@20×20,钢材,SX,False
MAP-MAT-WMS-001-4321,钢丝网  14# 镀锌,钢丝网14#镀锌,MAT-WMS-001,medium,热镀锌钢丝网 Φ0.8@20×20,钢材,SX,False
MAP-MAT-WMS-001-7784,钢丝网(综合),钢丝网,MAT-WMS-001,high,热镀锌钢丝网 Φ0.8@20×20,钢材,SX,False
MAP-MAT-INS-003-6712,钢丝网夹心矿棉板  (FN-K),钢丝网夹心矿棉板,MAT-INS-003,medium,岩棉板 120kg/m³,保温隔热材料,SX,False
MAP-MAT-DOO-001-1298,钢制防盗门,钢制防盗门,MAT-DOO-001,medium,钢质防盗门（成品）,门窗,SX,False
MAP-MAT-GLA-002-4908,钢化中空玻璃(LOW-E)  (5+6A +5),钢化中空玻璃,MAT-GLA-002,high,钢化中空玻璃 6Low-E+12A+6,玻璃,SX,False
MAP-MAT-GLA-001-6595,钢化玻璃  δ 12,钢化玻璃δ12,MAT-GLA-001,medium,中空钢化玻璃 5+12A+5,门窗,SX,False
MAP-MAT-GLA-001-0660,钢化玻璃  δ 15,钢化玻璃δ15,MAT-GLA-001,medium,中空钢化玻璃 5+12A+5,门窗,SX,False
MAP-MAT-GLA-001-5950,钢化玻璃  δ5,钢化玻璃δ5,MAT-GLA-001,medium,中空钢化玻璃 5+12A+5,门窗,SX,False
MAP-MAT-GLA-001-6941,钢化镀膜玻璃  δ6,钢化镀膜玻璃δ6,MAT-GLA-001,low,中空钢化玻璃 5+12A+5,门窗,SX,False
MAP-MAT-WOO-002-8345,钢屋架(成品),钢屋架,MAT-WOO-002,low,方木(屋架用),木材,SX,False
MAP-MAT-FITT-004-2804,钢支架、平台及连接件,钢支架、平台及连接件,MAT-FITT-004,low,管道支架(型钢制),管材管件,SX,False
MAP-MAT-DOO-006-3434,钢木平开大门,钢木平开大门,MAT-DOO-006,medium,钢木大门(平开),门窗,SX,False
MAP-MAT-DOO-006-7607,钢木推拉大门,钢木推拉大门,MAT-DOO-006,medium,钢木大门(平开),门窗,SX,False
MAP-MAT-FRM-001-5474,钢材电动煨弯机 500mm以内,钢材电动煨弯机500mm以内,MAT-FRM-001,low,轻钢龙骨（吊顶）,装饰材料,SX,False
MAP-MAT-STE-006-4124,钢板  δ3～10,钢板δ3～10,MAT-STE-006,medium,钢板 Q235B,钢材,SX,False
MAP-MAT-STE-006-2662,钢板(综合),钢板,MAT-STE-006,high,钢板 Q235B,钢材,SX,False
MAP-MAT-STE-006-3670,钢板井管,钢板井管,MAT-STE-006,medium,钢板 Q235B,钢材,SX,False
MAP-MAT-STE-006-8414,钢板桩,钢板桩,MAT-STE-006,medium,钢板 Q235B,钢材,SX,False
MAP-MAT-STE-006-6187,钢板网,钢板网,MAT-STE-006,medium,钢板 Q235B,钢材,SX,False
MAP-MAT-FPC-001-8785,钢构件固定支座,钢构件固定支座,MAT-FPC-001,low,膨胀型钢结构防火涂料（薄型）,防火材料,SX,False
MAP-MAT-AUX-005-0134,钢楼梯(成品) 踏步式,钢楼梯(成品)踏步式,MAT-AUX-005,low,预制水磨石踏步板,装饰材料,SX,False
MAP-MAT-TRN-003-8816,钢模板,钢模板,MAT-TRN-003,high,组合钢模板,周转材料,SX,False
MAP-MAT-TRN-003-6046,钢模板连接件,钢模板连接件,MAT-TRN-003,medium,组合钢模板,周转材料,SX,False
MAP-MAT-STE-002-7892,钢筋  Φ10以内,钢筋Φ10以内,MAT-STE-002,low,热轧光圆钢筋 HPB300,钢材,SX,False
MAP-MAT-STE-002-5889,钢筋  Φ10以外,钢筋Φ10以外,MAT-STE-002,low,热轧光圆钢筋 HPB300,钢材,SX,False
MAP-MAT-STE-002-4143,钢筋  Φ6,钢筋Φ6,MAT-STE-002,low,热轧光圆钢筋 HPB300,钢材,SX,False
MAP-MAT-STE-001-8534,钢筋(综合),钢筋,MAT-STE-001,high,热轧带肋钢筋 HRB400E,钢材,SX,False
MAP-MAT-FPC-002-0448,钢筋切断机 40mm,钢筋切断机40mm,MAT-FPC-002,low,非膨胀型钢结构防火涂料（厚型）,防火材料,SX,False
MAP-MAT-FPC-002-2157,钢筋弯曲机 40mm,钢筋弯曲机40mm,MAT-FPC-002,low,非膨胀型钢结构防火涂料（厚型）,防火材料,SX,False
MAP-MAT-FPC-002-1924,钢筋挤压连接机 40mm,钢筋挤压连接机40mm,MAT-FPC-002,low,非膨胀型钢结构防火涂料（厚型）,防火材料,SX,False
MAP-MAT-WAP-002-3527,钢筋调直机  14mm,钢筋调直机14mm,MAT-WAP-002,low,SBS改性沥青防水卷材 4mm,防水材料,SX,False
MAP-MAT-FPC-002-8602,钢筋调直机 40mm,钢筋调直机40mm,MAT-FPC-002,low,非膨胀型钢结构防火涂料（厚型）,防火材料,SX,False
MAP-MAT-TRN-002-1463,钢管 D15,钢管D15,MAT-TRN-002,medium,钢管脚手架 Φ48×3.5mm,周转材料,SX,False
MAP-MAT-TRN-002-0234,钢管 D48×3.5,钢管D48×3.5,MAT-TRN-002,medium,钢管脚手架 Φ48×3.5mm,周转材料,SX,False
MAP-MAT-TRN-002-2344,钢管 D60×3.5,钢管D60×3.5,MAT-TRN-002,medium,钢管脚手架 Φ48×3.5mm,周转材料,SX,False
MAP-MAT-TRN-002-3890,钢管 D63,钢管D63,MAT-TRN-002,medium,钢管脚手架 Φ48×3.5mm,周转材料,SX,False
MAP-MAT-STE-007-3812,钢管(综合),钢管,MAT-STE-007,high,焊接钢管(直缝) Q235B,钢材,SX,False
MAP-MAT-TRN-002-2540,钢管扶手,钢管扶手,MAT-TRN-002,medium,钢管脚手架 Φ48×3.5mm,周转材料,SX,False
MAP-MAT-TRN-002-7579,钢管桩(成品),钢管桩,MAT-TRN-002,medium,钢管脚手架 Φ48×3.5mm,周转材料,SX,False
MAP-MAT-FRM-001-6976,钢背楞 60×40×2.5,钢背楞60×40×2.5,MAT-FRM-001,low,轻钢龙骨（吊顶）,装饰材料,SX,False
MAP-MAT-DOO-001-6647,钢质人防密闭门,钢质人防密闭门,MAT-DOO-001,low,钢质防盗门（成品）,门窗,SX,False
MAP-MAT-STE-002-8765,钢质波纹管  Φ60,钢质波纹管Φ60,MAT-STE-002,low,热轧光圆钢筋 HPB300,钢材,SX,False
MAP-MAT-DOO-002-3000,钢质防火门,钢质防火门,MAT-DOO-002,high,钢质防火门 甲级（成品）,门窗,SX,False
MAP-MAT-FRM-001-9831,铜合页 50,铜合页50,MAT-FRM-001,low,轻钢龙骨（吊顶）,装饰材料,SX,False
MAP-MAT-CABL-004-8823,铜芯塑料绝缘电线 BV-1.5mm²,铜芯塑料绝缘电线BV-1.5mm²,MAT-CABL-004,high,电线 BV,电缆电线,SX,False
MAP-MAT-CABL-004-5443,铜芯塑料绝缘电线 BV-16mm²,铜芯塑料绝缘电线BV-16mm²,MAT-CABL-004,high,电线 BV,电缆电线,SX,False
MAP-MAT-CABL-004-9606,铜芯塑料绝缘电线 BV-2.5mm²,铜芯塑料绝缘电线BV-2.5mm²,MAT-CABL-004,high,电线 BV,电缆电线,SX,False
MAP-MAT-FITT-003-1610,铝及铝合金法兰,铝及铝合金法兰,MAT-FITT-003,medium,碳钢法兰(平焊/对焊),管材管件,SX,False
MAP-MAT-FRM-003-4888,铝合金 T型龙骨 h=35,铝合金T型龙骨h=35,MAT-FRM-003,medium,铝合金龙骨(天棚用),装饰材料,SX,False
MAP-MAT-DOO-004-2331,铝合金三节玻璃轮,铝合金三节玻璃轮,MAT-DOO-004,low,铝合金门（成品）,门窗,SX,False
MAP-MAT-AUX-013-0068,铝合金下滑轨,铝合金下滑轨,MAT-AUX-013,medium,窗帘轨(成品),门窗,SX,False
MAP-MAT-DOO-003-6708,铝合金内平开下悬窗,铝合金内平开下悬窗,MAT-DOO-003,low,断桥铝合金窗（成品）,门窗,SX,False
MAP-MAT-AUX-012-2960,铝合金卷帘,铝合金卷帘,MAT-AUX-012,medium,窗帘(成品),门窗,SX,False
MAP-MAT-DOO-004-2670,铝合金压条  16× 1.5,铝合金压条16×1.5,MAT-DOO-004,low,铝合金门（成品）,门窗,SX,False
MAP-MAT-DOO-004-5273,铝合金压条(综合),铝合金压条,MAT-DOO-004,low,铝合金门（成品）,门窗,SX,False
MAP-MAT-BRD-004-6452,铝合金吸音板,铝合金吸音板,MAT-BRD-004,medium,矿棉吸音板 600x600,装饰材料,SX,False
MAP-MAT-HVAC-003-5173,铝合金回风口(成品),铝合金回风口,MAT-HVAC-003,high,风口(散流器/百叶),暖通设备,SX,False
MAP-MAT-DOO-004-1220,铝合金固定窗,铝合金固定窗,MAT-DOO-004,low,铝合金门（成品）,门窗,SX,False
MAP-MAT-ALM-001-3208,铝合金型材  110系列,铝合金型材110系列,MAT-ALM-001,high,铝合金型材(幕墙用),装饰材料,SX,False
MAP-MAT-ALM-001-2941,铝合金型材  140系列,铝合金型材140系列,MAT-ALM-001,high,铝合金型材(幕墙用),装饰材料,SX,False
MAP-MAT-ALM-001-3247,铝合金型材(综合),铝合金型材,MAT-ALM-001,high,铝合金型材(幕墙用),装饰材料,SX,False
MAP-MAT-ALM-001-1291,铝合金型材转接件,铝合金型材转接件,MAT-ALM-001,high,铝合金型材(幕墙用),装饰材料,SX,False
MAP-MAT-DOO-004-6005,铝合金嵌入式方板,铝合金嵌入式方板,MAT-DOO-004,low,铝合金门（成品）,门窗,SX,False
MAP-MAT-DOO-003-8449,铝合金平开窗,铝合金平开窗,MAT-DOO-003,low,断桥铝合金窗（成品）,门窗,SX,False
MAP-MAT-DOO-012-7217,铝合金平开纱窗扇,铝合金平开纱窗扇,MAT-DOO-012,high,纱窗(成品),门窗,SX,False
MAP-MAT-DOO-003-7035,铝合金平开门,铝合金平开门,MAT-DOO-003,low,断桥铝合金窗（成品）,门窗,SX,False
MAP-MAT-DOO-004-6412,铝合金扣板,铝合金扣板,MAT-DOO-004,low,铝合金门（成品）,门窗,SX,False
MAP-MAT-DOO-004-5092,铝合金挂片  间距100,铝合金挂片间距100,MAT-DOO-004,low,铝合金门（成品）,门窗,SX,False
MAP-MAT-FRM-001-8044,铝合金挂片  间距150,铝合金挂片间距150,MAT-FRM-001,low,轻钢龙骨（吊顶）,装饰材料,SX,False
MAP-MAT-DOO-004-9267,铝合金挂片  间距200,铝合金挂片间距200,MAT-DOO-004,low,铝合金门（成品）,门窗,SX,False
MAP-MAT-DOO-004-8895,铝合金挂片 块型200  间距,铝合金挂片块型200间距,MAT-DOO-004,low,铝合金门（成品）,门窗,SX,False
MAP-MAT-DOO-004-7949,铝合金接插件,铝合金接插件,MAT-DOO-004,low,铝合金门（成品）,门窗,SX,False
MAP-MAT-DOO-004-9086,铝合金推拉窗,铝合金推拉窗,MAT-DOO-004,low,铝合金门（成品）,门窗,SX,False
MAP-MAT-DOO-012-5982,铝合金推拉纱窗扇,铝合金推拉纱窗扇,MAT-DOO-012,high,纱窗(成品),门窗,SX,False
MAP-MAT-DOO-007-8216,铝合金推拉门,铝合金推拉门,MAT-DOO-007,high,推拉门(成品),门窗,SX,False
MAP-MAT-DOO-004-4820,铝合金插缝板,铝合金插缝板,MAT-DOO-004,low,铝合金门（成品）,门窗,SX,False
MAP-MAT-DOO-004-2405,铝合金收边条,铝合金收边条,MAT-DOO-004,low,铝合金门（成品）,门窗,SX,False
MAP-MAT-DOO-004-3817,铝合金方板  δ 1.0,铝合金方板δ1.0,MAT-DOO-004,low,铝合金门（成品）,门窗,SX,False
MAP-MAT-TIL-002-1730,铝合金方板 300×300,铝合金方板300×300,MAT-TIL-002,low,防滑地砖 300×300mm,装饰材料,SX,False
MAP-MAT-FRM-003-0474,铝合金方板天棚龙骨上人型(嵌入式)500×500mm,铝合金方板天棚龙骨上人型(嵌入式)500×500mm,MAT-FRM-003,medium,铝合金龙骨(天棚用),装饰材料,SX,False
MAP-MAT-FRM-003-0327,铝合金方板天棚龙骨上人型(嵌入式)600×600mm,铝合金方板天棚龙骨上人型(嵌入式)600×600mm,MAT-FRM-003,medium,铝合金龙骨(天棚用),装饰材料,SX,False
MAP-MAT-FRM-003-6190,铝合金方板天棚龙骨上人型(嵌入式)600×600mm以上,铝合金方板天棚龙骨上人型(嵌入式)600×600mm以上,MAT-FRM-003,medium,铝合金龙骨(天棚用),装饰材料,SX,False
MAP-MAT-FRM-003-8555,铝合金方板天棚龙骨上人型(浮搁式)500×500mm,铝合金方板天棚龙骨上人型(浮搁式)500×500mm,MAT-FRM-003,medium,铝合金龙骨(天棚用),装饰材料,SX,False
MAP-MAT-FRM-003-0591,铝合金方板天棚龙骨上人型(浮搁式)600×600mm,铝合金方板天棚龙骨上人型(浮搁式)600×600mm,MAT-FRM-003,medium,铝合金龙骨(天棚用),装饰材料,SX,False
MAP-MAT-FRM-003-7137,铝合金方板天棚龙骨上人型(浮搁式)600×600mm以上,铝合金方板天棚龙骨上人型(浮搁式)600×600mm以上,MAT-FRM-003,medium,铝合金龙骨(天棚用),装饰材料,SX,False
MAP-MAT-FRM-003-7516,铝合金方板天棚龙骨不上人型(嵌入式)500×500mm,铝合金方板天棚龙骨不上人型(嵌入式)500×500mm,MAT-FRM-003,medium,铝合金龙骨(天棚用),装饰材料,SX,False
MAP-MAT-FRM-003-5055,铝合金方板天棚龙骨不上人型(嵌入式)600×600mm,铝合金方板天棚龙骨不上人型(嵌入式)600×600mm,MAT-FRM-003,medium,铝合金龙骨(天棚用),装饰材料,SX,False
MAP-MAT-FRM-003-9631,铝合金方板天棚龙骨不上人型(嵌入式)600×600mm以上,铝合金方板天棚龙骨不上人型(嵌入式)600×600mm以上,MAT-FRM-003,medium,铝合金龙骨(天棚用),装饰材料,SX,False
MAP-MAT-FRM-003-2233,铝合金方板天棚龙骨不上人型(浮搁式)500×500mm,铝合金方板天棚龙骨不上人型(浮搁式)500×500mm,MAT-FRM-003,medium,铝合金龙骨(天棚用),装饰材料,SX,False
MAP-MAT-FRM-003-4065,铝合金方板天棚龙骨不上人型(浮搁式)600×600mm,铝合金方板天棚龙骨不上人型(浮搁式)600×600mm,MAT-FRM-003,medium,铝合金龙骨(天棚用),装饰材料,SX,False
MAP-MAT-FRM-003-3337,铝合金方板天棚龙骨不上人型(浮搁式)600×600mm以上,铝合金方板天棚龙骨不上人型(浮搁式)600×600mm以上,MAT-FRM-003,medium,铝合金龙骨(天棚用),装饰材料,SX,False
MAP-MAT-DOO-004-0105,铝合金条  Φ4,铝合金条Φ4,MAT-DOO-004,low,铝合金门（成品）,门窗,SX,False
MAP-MAT-DOO-004-4890,铝合金条板,铝合金条板,MAT-DOO-004,low,铝合金门（成品）,门窗,SX,False
MAP-MAT-FRM-003-0333,铝合金条板天棚龙骨  (中型),铝合金条板天棚龙骨,MAT-FRM-003,medium,铝合金龙骨(天棚用),装饰材料,SX,False
MAP-MAT-FRM-003-3924,铝合金格片天棚龙骨  (间距100mm),铝合金格片天棚龙骨,MAT-FRM-003,medium,铝合金龙骨(天棚用),装饰材料,SX,False
MAP-MAT-DOO-004-4481,铝合金框料 L25×2,铝合金框料L25×2,MAT-DOO-004,low,铝合金门（成品）,门窗,SX,False
MAP-MAT-DOO-004-2537,铝合金槽线 20× 12× 1.0,铝合金槽线20×12×1.0,MAT-DOO-004,low,铝合金门（成品）,门窗,SX,False
MAP-MAT-FRM-001-1493,铝合金槽线 50× 13× 1.2,铝合金槽线50×13×1.2,MAT-FRM-001,low,轻钢龙骨（吊顶）,装饰材料,SX,False
MAP-MAT-DOO-004-9255,铝合金活动地板,铝合金活动地板,MAT-DOO-004,low,铝合金门（成品）,门窗,SX,False
MAP-MAT-DOO-004-4368,铝合金浮搁式方板,铝合金浮搁式方板,MAT-DOO-004,low,铝合金门（成品）,门窗,SX,False
MAP-MAT-DOO-011-3648,铝合金百叶窗,铝合金百叶窗,MAT-DOO-011,high,百叶窗(成品),门窗,SX,False
MAP-MAT-DOO-004-1057,铝合金石材干挂挂件,铝合金石材干挂挂件,MAT-DOO-004,low,铝合金门（成品）,门窗,SX,False
MAP-MAT-AUX-012-2143,铝合金窗帘轨 单轨成套,铝合金窗帘轨单轨成套,MAT-AUX-012,high,窗帘(成品),门窗,SX,False
MAP-MAT-AUX-012-4693,铝合金窗帘轨 双轨成套,铝合金窗帘轨双轨成套,MAT-AUX-012,high,窗帘(成品),门窗,SX,False
MAP-MAT-DOO-012-3577,铝合金纱门扇,铝合金纱门扇,MAT-DOO-012,medium,纱窗(成品),门窗,SX,False
MAP-MAT-BRD-007-5892,铝合金装饰板,铝合金装饰板,MAT-BRD-007,medium,装饰饰面板(成品) 2440×1220,装饰材料,SX,False
MAP-MAT-WMS-001-3259,铝合金角线 20×20× 1,铝合金角线20×20×1,MAT-WMS-001,low,热镀锌钢丝网 Φ0.8@20×20,钢材,SX,False
MAP-MAT-WMS-001-7544,铝合金角线 20×20× 1.5,铝合金角线20×20×1.5,MAT-WMS-001,low,热镀锌钢丝网 Φ0.8@20×20,钢材,SX,False
MAP-MAT-FRM-001-7703,铝合金角线 50×50× 1,铝合金角线50×50×1,MAT-FRM-001,low,轻钢龙骨（吊顶）,装饰材料,SX,False
MAP-MAT-DOO-004-7705,铝合金角铝(综合),铝合金角铝,MAT-DOO-004,low,铝合金门（成品）,门窗,SX,False
MAP-MAT-FRM-003-0840,铝合金轻型方板天棚龙骨(中龙骨直接吊挂骨架)  500×500mm,铝合金轻型方板天棚龙骨(中龙骨直接吊挂骨架)500×500mm,MAT-FRM-003,medium,铝合金龙骨(天棚用),装饰材料,SX,False
MAP-MAT-FRM-003-9716,铝合金轻型方板天棚龙骨(中龙骨直接吊挂骨架) 600×600mm,铝合金轻型方板天棚龙骨(中龙骨直接吊挂骨架)600×600mm,MAT-FRM-003,medium,铝合金龙骨(天棚用),装饰材料,SX,False
MAP-MAT-FRM-003-2200,铝合金轻型方板天棚龙骨(中龙骨直接吊挂骨架) 600×600mm以上,铝合金轻型方板天棚龙骨(中龙骨直接吊挂骨架)600×600mm以上,MAT-FRM-003,medium,铝合金龙骨(天棚用),装饰材料,SX,False
MAP-MAT-HVAC-003-7211,铝合金送风口(成品),铝合金送风口,MAT-HVAC-003,high,风口(散流器/百叶),暖通设备,SX,False
MAP-MAT-DOO-004-4195,铝合金门夹轮,铝合金门夹轮,MAT-DOO-004,high,铝合金门（成品）,门窗,SX,False
MAP-MAT-DOO-004-9852,铝合金门窗配件 无框玻璃上下轨,铝合金门窗配件无框玻璃上下轨,MAT-DOO-004,high,铝合金门（成品）,门窗,SX,False
MAP-MAT-DOO-004-4667,铝合金门窗配件 滚轮,铝合金门窗配件滚轮,MAT-DOO-004,high,铝合金门（成品）,门窗,SX,False
MAP-MAT-DOO-004-0786,铝合金门窗配件 角码,铝合金门窗配件角码,MAT-DOO-004,high,铝合金门（成品）,门窗,SX,False
MAP-MAT-DOO-004-6304,铝合金门窗配件 路轨,铝合金门窗配件路轨,MAT-DOO-004,high,铝合金门（成品）,门窗,SX,False
MAP-MAT-DOO-012-6240,铝合金隐形纱窗扇,铝合金隐形纱窗扇,MAT-DOO-012,high,纱窗(成品),门窗,SX,False
MAP-MAT-DOO-004-2606,铝合金靠墙扶手,铝合金靠墙扶手,MAT-DOO-004,low,铝合金门（成品）,门窗,SX,False
MAP-MAT-DOO-004-3708,铝合金靠墙条板,铝合金靠墙条板,MAT-DOO-004,low,铝合金门（成品）,门窗,SX,False
MAP-MAT-DOO-003-7391,铝合金飘凸窗内平开下悬,铝合金飘凸窗内平开下悬,MAT-DOO-003,low,断桥铝合金窗（成品）,门窗,SX,False
MAP-MAT-DOO-003-2542,铝合金飘凸窗平开,铝合金飘凸窗平开,MAT-DOO-003,low,断桥铝合金窗（成品）,门窗,SX,False
MAP-MAT-DOO-004-7615,铝合金飘凸窗推拉,铝合金飘凸窗推拉,MAT-DOO-004,low,铝合金门（成品）,门窗,SX,False
MAP-MAT-FRM-003-9810,铝合金龙骨上人型  (平面)300×300,铝合金龙骨上人型(平面)300×300,MAT-FRM-003,high,铝合金龙骨(天棚用),装饰材料,SX,False
MAP-MAT-FRM-003-1701,铝合金龙骨上人型  (平面)450×450,铝合金龙骨上人型(平面)450×450,MAT-FRM-003,high,铝合金龙骨(天棚用),装饰材料,SX,False
MAP-MAT-FRM-003-8727,铝合金龙骨上人型  (平面)600×600,铝合金龙骨上人型(平面)600×600,MAT-FRM-003,high,铝合金龙骨(天棚用),装饰材料,SX,False
MAP-MAT-FRM-003-9840,铝合金龙骨上人型  (平面)600×600以上,铝合金龙骨上人型(平面)600×600以上,MAT-FRM-003,high,铝合金龙骨(天棚用),装饰材料,SX,False
MAP-MAT-FRM-003-9640,铝合金龙骨上人型  (跌级)300×300,铝合金龙骨上人型(跌级)300×300,MAT-FRM-003,high,铝合金龙骨(天棚用),装饰材料,SX,False
MAP-MAT-FRM-003-7580,铝合金龙骨上人型  (跌级)450×450,铝合金龙骨上人型(跌级)450×450,MAT-FRM-003,high,铝合金龙骨(天棚用),装饰材料,SX,False
MAP-MAT-FRM-003-4448,铝合金龙骨上人型  (跌级)600×600,铝合金龙骨上人型(跌级)600×600,MAT-FRM-003,high,铝合金龙骨(天棚用),装饰材料,SX,False
MAP-MAT-FRM-003-8866,铝合金龙骨上人型  (跌级)600×600以上,铝合金龙骨上人型(跌级)600×600以上,MAT-FRM-003,high,铝合金龙骨(天棚用),装饰材料,SX,False
MAP-MAT-FRM-003-3960,铝合金龙骨不上人型  (平面)300×300,铝合金龙骨不上人型(平面)300×300,MAT-FRM-003,high,铝合金龙骨(天棚用),装饰材料,SX,False
MAP-MAT-FRM-003-8566,铝合金龙骨不上人型  (平面)450×450,铝合金龙骨不上人型(平面)450×450,MAT-FRM-003,high,铝合金龙骨(天棚用),装饰材料,SX,False
MAP-MAT-FRM-003-8162,铝合金龙骨不上人型  (平面)600×600,铝合金龙骨不上人型(平面)600×600,MAT-FRM-003,high,铝合金龙骨(天棚用),装饰材料,SX,False
MAP-MAT-FRM-003-9874,铝合金龙骨不上人型  (平面)600×600以上,铝合金龙骨不上人型(平面)600×600以上,MAT-FRM-003,high,铝合金龙骨(天棚用),装饰材料,SX,False
MAP-MAT-FRM-003-2677,铝合金龙骨不上人型  (跌级)300×300,铝合金龙骨不上人型(跌级)300×300,MAT-FRM-003,high,铝合金龙骨(天棚用),装饰材料,SX,False
MAP-MAT-FRM-003-6525,铝合金龙骨不上人型  (跌级)450×450,铝合金龙骨不上人型(跌级)450×450,MAT-FRM-003,high,铝合金龙骨(天棚用),装饰材料,SX,False
MAP-MAT-FRM-003-3158,铝合金龙骨不上人型  (跌级)600×600,铝合金龙骨不上人型(跌级)600×600,MAT-FRM-003,high,铝合金龙骨(天棚用),装饰材料,SX,False
MAP-MAT-FRM-003-9850,铝合金龙骨不上人型  (跌级)600×600以上,铝合金龙骨不上人型(跌级)600×600以上,MAT-FRM-003,high,铝合金龙骨(天棚用),装饰材料,SX,False
MAP-MAT-FRM-003-0609,铝合金龙骨连接件,铝合金龙骨连接件,MAT-FRM-003,high,铝合金龙骨(天棚用),装饰材料,SX,False
MAP-MAT-FRM-001-7043,铝方通  间距150,铝方通间距150,MAT-FRM-001,low,轻钢龙骨（吊顶）,装饰材料,SX,False
MAP-MAT-TRN-004-5899,铝框骨架,铝框骨架,MAT-TRN-004,medium,铝合金模板,周转材料,SX,False
MAP-MAT-TRN-004-8633,铝模板,铝模板,MAT-TRN-004,medium,铝合金模板,周转材料,SX,False
MAP-MAT-WAP-001-0797,铝箔改性沥青防水卷材,铝箔改性沥青防水卷材,MAT-WAP-001,medium,SBS改性沥青防水卷材 3mm,防水材料,SX,False
MAP-MAT-PIPE-004-2230,铸铁三通,铸铁三通,MAT-PIPE-004,low,铸铁排水管,管材管件,SX,False
MAP-MAT-PIPE-004-2178,铸铁井盖、井座  Φ700  重型,铸铁井盖、井座Φ700重型,MAT-PIPE-004,low,铸铁排水管,管材管件,SX,False
MAP-MAT-PIPE-004-2890,铸铁垫板,铸铁垫板,MAT-PIPE-004,low,铸铁排水管,管材管件,SX,False
MAP-MAT-PIPE-004-4333,铸铁平箅,铸铁平箅,MAT-PIPE-004,low,铸铁排水管,管材管件,SX,False
MAP-MAT-PIPE-004-4197,铸铁排水管 DN100,铸铁排水管DN100,MAT-PIPE-004,high,铸铁排水管,管材管件,SX,False
MAP-MAT-PIPE-004-5167,铸铁楼梯栏杆铁花 3片/m²,铸铁楼梯栏杆铁花3片/m²,MAT-PIPE-004,low,铸铁排水管,管材管件,SX,False
MAP-MAT-UTL-001-8252,铸铁水斗 DN100,铸铁水斗DN100,MAT-UTL-001,medium,施工用水,施工辅助材料,SX,False
MAP-MAT-UTL-001-4236,铸铁雨水弯头,铸铁雨水弯头,MAT-UTL-001,medium,施工用水,施工辅助材料,SX,False
MAP-MAT-PRE-002-9187,镀锌六角螺栓(综合),镀锌六角螺栓,MAT-PRE-002,medium,化学锚栓 M12x160,其他,SX,False
MAP-MAT-PRE-002-9697,镀锌双头螺栓 M12×350,镀锌双头螺栓M12×350,MAT-PRE-002,medium,化学锚栓 M12x160,其他,SX,False
MAP-MAT-FITT-001-6899,镀锌弯头 90 ° DN100,镀锌弯头90°DN100,MAT-FITT-001,medium,碳钢弯头(冲压/无缝),管材管件,SX,False
MAP-MAT-STEL-004-4663,镀锌扁钢(综合),镀锌扁钢,MAT-STEL-004,medium,热镀锌钢板/扁钢,型钢材,SX,False
MAP-MAT-STE-004-0873,镀锌槽钢  10#,镀锌槽钢10#,MAT-STE-004,medium,热轧槽钢 Q235B,钢材,SX,False
MAP-MAT-WMS-001-2938,镀锌波纹瓦,镀锌波纹瓦,MAT-WMS-001,low,热镀锌钢丝网 Φ0.8@20×20,钢材,SX,False
MAP-MAT-WMS-001-2024,镀锌瓦钉带垫,镀锌瓦钉带垫,MAT-WMS-001,low,热镀锌钢丝网 Φ0.8@20×20,钢材,SX,False
MAP-MAT-WMS-001-6423,镀锌瓦钩,镀锌瓦钩,MAT-WMS-001,low,热镀锌钢丝网 Φ0.8@20×20,钢材,SX,False
MAP-MAT-STE-006-8639,镀锌薄钢板  δ 1～1.5,镀锌薄钢板δ1～1.5,MAT-STE-006,medium,钢板 Q235B,钢材,SX,False
MAP-MAT-STE-006-3016,镀锌薄钢板  δ0.45,镀锌薄钢板δ0.45,MAT-STE-006,medium,钢板 Q235B,钢材,SX,False
MAP-MAT-STE-006-6250,镀锌薄钢板  δ0.5,镀锌薄钢板δ0.5,MAT-STE-006,medium,钢板 Q235B,钢材,SX,False
MAP-MAT-STE-006-1750,镀锌薄钢板  δ0.55,镀锌薄钢板δ0.55,MAT-STE-006,medium,钢板 Q235B,钢材,SX,False
MAP-MAT-STE-006-6439,镀锌薄钢板(综合),镀锌薄钢板,MAT-STE-006,medium,钢板 Q235B,钢材,SX,False
MAP-MAT-WMS-001-7934,镀锌螺钉,镀锌螺钉,MAT-WMS-001,low,热镀锌钢丝网 Φ0.8@20×20,钢材,SX,False
MAP-MAT-WMS-001-2521,镀锌螺钉(综合),镀锌螺钉,MAT-WMS-001,low,热镀锌钢丝网 Φ0.8@20×20,钢材,SX,False
MAP-MAT-STE-005-6967,镀锌角钢 5#,镀锌角钢5#,MAT-STE-005,medium,热轧等边角钢 Q235B,钢材,SX,False
MAP-MAT-STE-005-9634,镀锌角钢(综合),镀锌角钢,MAT-STE-005,medium,热轧等边角钢 Q235B,钢材,SX,False
MAP-MAT-FRM-001-6472,镀锌轻钢龙骨 75×40,镀锌轻钢龙骨75×40,MAT-FRM-001,high,轻钢龙骨（吊顶）,装饰材料,SX,False
MAP-MAT-FRM-001-1002,镀锌轻钢龙骨 75×50,镀锌轻钢龙骨75×50,MAT-FRM-001,high,轻钢龙骨（吊顶）,装饰材料,SX,False
MAP-MAT-WMS-001-0886,镀锌钉钩,镀锌钉钩,MAT-WMS-001,low,热镀锌钢丝网 Φ0.8@20×20,钢材,SX,False
MAP-MAT-STE-006-7995,镀锌钢板卷帘,镀锌钢板卷帘,MAT-STE-006,medium,钢板 Q235B,钢材,SX,False
MAP-MAT-TRN-002-2392,镀锌钢管 DN100,镀锌钢管DN100,MAT-TRN-002,medium,钢管脚手架 Φ48×3.5mm,周转材料,SX,False
MAP-MAT-TRN-002-4490,镀锌钢管 DN20,镀锌钢管DN20,MAT-TRN-002,medium,钢管脚手架 Φ48×3.5mm,周转材料,SX,False
MAP-MAT-TRN-002-4543,镀锌钢管 DN32,镀锌钢管DN32,MAT-TRN-002,medium,钢管脚手架 Φ48×3.5mm,周转材料,SX,False
MAP-MAT-TRN-002-5378,镀锌钢管 DN40,镀锌钢管DN40,MAT-TRN-002,medium,钢管脚手架 Φ48×3.5mm,周转材料,SX,False
MAP-MAT-PIPE-002-8119,镀锌钢管(综合),镀锌钢管,MAT-PIPE-002,high,镀锌钢管 DN15~DN150,管材管件,SX,False
MAP-MAT-WMS-001-0666,镀锌钢龙骨,镀锌钢龙骨,MAT-WMS-001,low,热镀锌钢丝网 Φ0.8@20×20,钢材,SX,False
MAP-MAT-WMS-001-1955,镀锌铁丝  Φ 1.2,镀锌铁丝Φ1.2,MAT-WMS-001,low,热镀锌钢丝网 Φ0.8@20×20,钢材,SX,False
MAP-MAT-WMS-001-4880,镀锌铁丝  Φ 1.6～1.2,镀锌铁丝Φ1.6～1.2,MAT-WMS-001,low,热镀锌钢丝网 Φ0.8@20×20,钢材,SX,False
MAP-MAT-WMS-001-4719,镀锌铁丝  Φ0.6,镀锌铁丝Φ0.6,MAT-WMS-001,low,热镀锌钢丝网 Φ0.8@20×20,钢材,SX,False
MAP-MAT-WMS-001-6242,镀锌铁丝  Φ0.7,镀锌铁丝Φ0.7,MAT-WMS-001,low,热镀锌钢丝网 Φ0.8@20×20,钢材,SX,False
MAP-MAT-WMS-001-2521,镀锌铁丝  Φ2.8,镀锌铁丝Φ2.8,MAT-WMS-001,low,热镀锌钢丝网 Φ0.8@20×20,钢材,SX,False
MAP-MAT-WMS-001-4969,镀锌铁丝  Φ2.8～4.0,镀锌铁丝Φ2.8～4.0,MAT-WMS-001,low,热镀锌钢丝网 Φ0.8@20×20,钢材,SX,False
MAP-MAT-WMS-001-3542,镀锌铁丝  Φ3.5,镀锌铁丝Φ3.5,MAT-WMS-001,low,热镀锌钢丝网 Φ0.8@20×20,钢材,SX,False
MAP-MAT-WMS-001-8095,镀锌铁丝  Φ4.0,镀锌铁丝Φ4.0,MAT-WMS-001,low,热镀锌钢丝网 Φ0.8@20×20,钢材,SX,False
MAP-MAT-WMS-001-7054,镀锌铁丝(综合),镀锌铁丝,MAT-WMS-001,low,热镀锌钢丝网 Φ0.8@20×20,钢材,SX,False
MAP-MAT-WMS-001-1435,镀锌铁件,镀锌铁件,MAT-WMS-001,low,热镀锌钢丝网 Φ0.8@20×20,钢材,SX,False
MAP-MAT-WMS-001-3509,镀锌铁板托件 400 × (100+180),镀锌铁板托件400×,MAT-WMS-001,low,热镀锌钢丝网 Φ0.8@20×20,钢材,SX,False
MAP-MAT-WAP-002-0947,镀锌铁皮 0.4mm,镀锌铁皮0.4mm,MAT-WAP-002,low,SBS改性沥青防水卷材 4mm,防水材料,SX,False
MAP-MAT-WMS-001-0914,镀锌铁皮(综合),镀锌铁皮,MAT-WMS-001,low,热镀锌钢丝网 Φ0.8@20×20,钢材,SX,False
MAP-MAT-WMS-001-7019,镀锌铁皮天沟,镀锌铁皮天沟,MAT-WMS-001,low,热镀锌钢丝网 Φ0.8@20×20,钢材,SX,False
MAP-MAT-UTL-001-0927,镀锌铁皮排水水口,镀锌铁皮排水水口,MAT-UTL-001,medium,施工用水,施工辅助材料,SX,False
MAP-MAT-UTL-001-0381,镀锌铁皮排水水斗,镀锌铁皮排水水斗,MAT-UTL-001,medium,施工用水,施工辅助材料,SX,False
MAP-MAT-WMS-001-4159,镀锌铁皮檐沟,镀锌铁皮檐沟,MAT-WMS-001,low,热镀锌钢丝网 Φ0.8@20×20,钢材,SX,False
MAP-MAT-UTL-001-0442,镀锌铁皮水落管 26#,镀锌铁皮水落管26#,MAT-UTL-001,medium,施工用水,施工辅助材料,SX,False
MAP-MAT-WMS-001-4639,镀锌铁皮脊瓦 26#,镀锌铁皮脊瓦26#,MAT-WMS-001,low,热镀锌钢丝网 Φ0.8@20×20,钢材,SX,False
MAP-MAT-STE-006-0812,镜面不锈钢板,镜面不锈钢板,MAT-STE-006,medium,钢板 Q235B,钢材,SX,False
MAP-MAT-STE-006-7548,镜面不锈钢板  δ 1.0,镜面不锈钢板δ1.0,MAT-STE-006,medium,钢板 Q235B,钢材,SX,False
MAP-MAT-STE-006-6844,镜面不锈钢板  δ0.8,镜面不锈钢板δ0.8,MAT-STE-006,medium,钢板 Q235B,钢材,SX,False
MAP-MAT-TIL-001-2347,镭射夹层玻璃  (8+5)600×600,镭射夹层玻璃(8+5)600×600,MAT-TIL-001,low,全瓷抛光砖 600×600mm,装饰材料,SX,False
MAP-MAT-TIL-006-2088,镭射夹层玻璃  (8+5)800×800,镭射夹层玻璃(8+5)800×800,MAT-TIL-006,low,防滑地砖 800x800,装饰材料,SX,False
MAP-MAT-TIL-001-8449,镭射玻璃 600×600×8,镭射玻璃600×600×8,MAT-TIL-001,low,全瓷抛光砖 600×600mm,装饰材料,SX,False
MAP-MAT-TIL-006-0557,镭射玻璃 800×800×8,镭射玻璃800×800×8,MAT-TIL-006,low,防滑地砖 800x800,装饰材料,SX,False
MAP-MAT-DOO-013-2936,防射线门,防射线门,MAT-DOO-013,medium,特种门(成品),门窗,SX,False
MAP-MAT-UTL-001-8767,防水剂,防水剂,MAT-UTL-001,medium,施工用水,施工辅助材料,SX,False
MAP-MAT-SEA-001-4447,防水密封胶,防水密封胶,MAT-SEA-001,medium,硅酮耐候密封胶,装饰材料,SX,False
MAP-MAT-UTL-001-2375,防水密封膏,防水密封膏,MAT-UTL-001,medium,施工用水,施工辅助材料,SX,False
MAP-MAT-UTL-001-3916,防水涂料 JS,防水涂料JS,MAT-UTL-001,medium,施工用水,施工辅助材料,SX,False
MAP-MAT-UTL-001-5068,防水粉,防水粉,MAT-UTL-001,medium,施工用水,施工辅助材料,SX,False
MAP-MAT-TIL-002-4189,防滑木条,防滑木条,MAT-TIL-002,low,防滑地砖 300×300mm,装饰材料,SX,False
MAP-MAT-FPC-004-0724,防火涂料,防火涂料,MAT-FPC-004,high,防火涂料(饰面型),涂料,SX,False
MAP-MAT-DOO-010-8017,防火窗 钢质,防火窗钢质,MAT-DOO-010,high,防火窗(成品),门窗,SX,False
MAP-MAT-DOO-002-2797,防火胶板,防火胶板,MAT-DOO-002,low,钢质防火门 甲级（成品）,门窗,SX,False
MAP-MAT-DOO-002-2369,防火胶板  δ 1.0,防火胶板δ1.0,MAT-DOO-002,low,钢质防火门 甲级（成品）,门窗,SX,False
MAP-MAT-DOO-001-6280,防盗门扣,防盗门扣,MAT-DOO-001,medium,钢质防盗门（成品）,门窗,SX,False
MAP-MAT-CON-006-6928,防腐木  δ40,防腐木δ40,MAT-CON-006,low,防腐混凝土 C30,混凝土及砂浆,SX,False
MAP-MAT-CON-006-9921,防腐油,防腐油,MAT-CON-006,low,防腐混凝土 C30,混凝土及砂浆,SX,False
MAP-MAT-PNT-001-6153,防锈漆,防锈漆,MAT-PNT-001,medium,环氧富锌底漆,涂料,SX,False
MAP-MAT-AUX-006-9711,防静电踢脚线,防静电踢脚线,MAT-AUX-006,low,木踢脚线,装饰材料,SX,False
MAP-MAT-TIL-001-8111,陶瓷地砖(综合),陶瓷地砖,MAT-TIL-001,medium,全瓷抛光砖 600×600mm,装饰材料,SX,False
MAP-MAT-TIL-001-7636,陶瓷地砖踢脚线,陶瓷地砖踢脚线,MAT-TIL-001,medium,全瓷抛光砖 600×600mm,装饰材料,SX,False
MAP-MAT-BRI-001-6764,陶粒混凝土实心砖190×90×53,陶粒混凝土实心砖190×90×53,MAT-BRI-001,medium,烧结普通砖 MU10,砌体材料,SX,False
MAP-MAT-BRI-001-9553,陶粒混凝土实心砖240 × 115 ×53,陶粒混凝土实心砖240×115×53,MAT-BRI-001,medium,烧结普通砖 MU10,砌体材料,SX,False
MAP-MAT-CON-010-1241,陶粒混凝土小型砌块390 × 120 × 190,陶粒混凝土小型砌块390×120×190,MAT-CON-010,medium,轻骨料混凝土 LC5.0,混凝土及砂浆,SX,False
MAP-MAT-CON-010-2863,陶粒混凝土小型砌块390 × 190 × 190,陶粒混凝土小型砌块390×190×190,MAT-CON-010,medium,轻骨料混凝土 LC5.0,混凝土及砂浆,SX,False
MAP-MAT-CON-010-6503,陶粒混凝土小型砌块390×240 × 190,陶粒混凝土小型砌块390×240×190,MAT-CON-010,medium,轻骨料混凝土 LC5.0,混凝土及砂浆,SX,False
MAP-MAT-DOO-013-0556,隔音门,隔音门,MAT-DOO-013,medium,特种门(成品),门窗,SX,False
MAP-MAT-AUX-999-4876,零星卡具,零星卡具,MAT-AUX-999,medium,零星/杂项材料(按项),辅材,SX,False
MAP-MAT-AUX-999-5542,零星钢构件,零星钢构件,MAT-AUX-999,medium,零星/杂项材料(按项),辅材,SX,False
MAP-MAT-FRM-001-7998,青铜板 直条 5 ×50,青铜板直条5×50,MAT-FRM-001,low,轻钢龙骨（吊顶）,装饰材料,SX,False
MAP-MAT-FRM-001-2410,静力压桩机  1600kN,静力压桩机1600kN,MAT-FRM-001,low,轻钢龙骨（吊顶）,装饰材料,SX,False
MAP-MAT-TIL-006-8929,静力压桩机 8000kN,静力压桩机8000kN,MAT-TIL-006,low,防滑地砖 800x800,装饰材料,SX,False
MAP-MAT-BLO-002-7316,非黏土烧结空心砌块290 × 115 × 190,非黏土烧结空心砌块290×115×190,MAT-BLO-002,medium,轻集料混凝土小型空心砌块,砌体材料,SX,False
MAP-MAT-BLO-002-4629,非黏土烧结空心砌块290 × 190 × 190,非黏土烧结空心砌块290×190×190,MAT-BLO-002,medium,轻集料混凝土小型空心砌块,砌体材料,SX,False
MAP-MAT-BLO-002-0194,非黏土烧结空心砌块290×240 × 190,非黏土烧结空心砌块290×240×190,MAT-BLO-002,medium,轻集料混凝土小型空心砌块,砌体材料,SX,False
MAP-MAT-BRI-002-8721,非黏土烧结页岩空心砖240×240 × 115,非黏土烧结页岩空心砖240×240×115,MAT-BRI-002,medium,烧结多孔砖 MU10,砌体材料,SX,False
MAP-MAT-BRI-001-1434,页岩砖 240× 115×53,页岩砖240×115×53,MAT-BRI-001,low,烧结普通砖 MU10,砌体材料,SX,False
MAP-MAT-FRM-001-5997,预制轻钢龙骨内隔墙板  δ 100,预制轻钢龙骨内隔墙板δ100,MAT-FRM-001,high,轻钢龙骨（吊顶）,装饰材料,SX,False
MAP-MAT-FRM-001-5679,预制轻钢龙骨内隔墙板  δ 150,预制轻钢龙骨内隔墙板δ150,MAT-FRM-001,high,轻钢龙骨（吊顶）,装饰材料,SX,False
MAP-MAT-FRM-001-6062,预制轻钢龙骨内隔墙板  δ80,预制轻钢龙骨内隔墙板δ80,MAT-FRM-001,high,轻钢龙骨（吊顶）,装饰材料,SX,False
MAP-MAT-FRM-001-3684,预应力钢筋拉伸机 650kN,预应力钢筋拉伸机650kN,MAT-FRM-001,low,轻钢龙骨（吊顶）,装饰材料,SX,False
MAP-MAT-CON-001-7222,预拌抗折混凝土,预拌抗折混凝土,MAT-CON-001,low,预拌混凝土 C30,混凝土及砂浆,SX,False
MAP-MAT-CON-007-2310,预拌水下混凝土 C30,预拌水下混凝土C30,MAT-CON-007,high,水下混凝土 C30,混凝土及砂浆,SX,False
MAP-MAT-UTL-001-1290,预拌水泥砂浆  1 :2,预拌水泥砂浆1:2,MAT-UTL-001,medium,施工用水,施工辅助材料,SX,False
MAP-MAT-UTL-001-0426,预拌水泥砂浆  1 :3,预拌水泥砂浆1:3,MAT-UTL-001,medium,施工用水,施工辅助材料,SX,False
MAP-MAT-UTL-001-8553,预拌水泥砂浆(综合),预拌水泥砂浆,MAT-UTL-001,medium,施工用水,施工辅助材料,SX,False
MAP-MAT-CON-001-4371,预拌混凝土 C15,预拌混凝土C15,MAT-CON-001,low,预拌混凝土 C30,混凝土及砂浆,SX,False
MAP-MAT-CON-005-9044,预拌混凝土 C20,预拌混凝土C20,MAT-CON-005,high,预拌混凝土 C20,混凝土及砂浆,SX,False
MAP-MAT-CON-002-8557,预拌混凝土 C25,预拌混凝土C25,MAT-CON-002,high,预拌混凝土 C25,混凝土及砂浆,SX,False
MAP-MAT-CON-001-3253,预拌混凝土 C30,预拌混凝土C30,MAT-CON-001,high,预拌混凝土 C30,混凝土及砂浆,SX,False
MAP-MAT-CON-001-1645,预拌混合砂浆 M10,预拌混合砂浆M10,MAT-CON-001,low,预拌混凝土 C30,混凝土及砂浆,SX,False
MAP-MAT-CON-004-7434,预拌细石混凝土 C20,预拌细石混凝土C20,MAT-CON-004,high,细石混凝土 C20,混凝土及砂浆,SX,False
MAP-MAT-UTL-001-6946,预铺复合防水卷材,预铺复合防水卷材,MAT-UTL-001,medium,施工用水,施工辅助材料,SX,False
MAP-MAT-TRN-001-7819,饰面胶合板,饰面胶合板,MAT-TRN-001,medium,木胶合板模板 1830×915×15mm,周转材料,SX,False
MAP-MAT-WAP-006-2062,高分子自粘胶膜卷材,高分子自粘胶膜卷材,MAT-WAP-006,low,自粘聚合物改性沥青防水卷材,防水材料,SX,False
MAP-MAT-ELEC-003-5162,高压油泵 80MPa,高压油泵80MPa,MAT-ELEC-003,low,开关柜(高压/低压),电气设备,SX,False
MAP-MAT-ELEC-003-7003,高压注浆泵 90L/min,高压注浆泵90L/min,MAT-ELEC-003,low,开关柜(高压/低压),电气设备,SX,False
MAP-MAT-FRM-001-2397,高压胶管  Φ50,高压胶管Φ50,MAT-FRM-001,low,轻钢龙骨（吊顶）,装饰材料,SX,False
MAP-MAT-HVAC-002-4381,高压风管  Φ25-6P-20m,高压风管Φ25-6P-20m,MAT-HVAC-002,medium,镀锌钢板风管,暖通设备,SX,False
MAP-MAT-STE-008-0120,高强螺栓,高强螺栓,MAT-STE-008,high,高强螺栓 10.9级,钢材,SX,False
MAP-MAT-CABL-007-9126,高效阻燃剂,高效阻燃剂,MAT-CABL-007,low,阻燃电缆 ZR-YJV,电缆电线,SX,False
MAP-MAT-PAI-002-6070,高级丙烯酸外墙涂料 无光,高级丙烯酸外墙涂料无光,MAT-PAI-002,medium,外墙乳胶漆,装饰材料,SX,False
MAP-MAT-WAP-006-0950,高聚物改性沥青自粘卷材,高聚物改性沥青自粘卷材,MAT-WAP-006,medium,自粘聚合物改性沥青防水卷材,防水材料,SX,False
MAP-MAT-UTL-001-1840,麻刀快硬水泥,麻刀快硬水泥,MAT-UTL-001,medium,施工用水,施工辅助材料,SX,False
MAP-MAT-FRM-001-7468,黏土平瓦 387×218,黏土平瓦387×218,MAT-FRM-001,low,轻钢龙骨（吊顶）,装饰材料,SX,False
MAP-MAT-TRN-003-3686,钢模支撑,钢模支撑,MAT-TRN-003,low,,manual,SX,False
MAP-MAT-STE-001-9497,钢绞线(钢丝束)(综合),钢绞线(钢丝束)(综合),MAT-STE-001,low,,manual,SX,False
MAP-MAT-STE-004-1145,钢围檩,钢围檩,MAT-STE-004,low,,manual,SX,False
MAP-MAT-STE-004-1145,钢围檩,钢围檩,MAT-STE-004,low,,manual,SX,False
MAP-MAT-STE-001-9497,钢绞线(钢丝束)(综合),钢绞线(钢丝束)(综合),MAT-STE-001,low,,manual,SX,False
MAP-MAT-STE-001-9497,钢绞线(钢丝束)(综合),钢绞线(钢丝束)(综合),MAT-STE-001,low,,manual,SX,False
MAP-MAT-STE-001-0386,无粘结预应力钢绞线(钢丝束),无粘结预应力钢绞线(钢丝束),MAT-STE-001,low,,manual,SX,False
MAP-MAT-STE-001-0386,无粘结预应力钢绞线(钢丝束),无粘结预应力钢绞线(钢丝束),MAT-STE-001,low,,manual,SX,False
MAP-MAT-STE-001-4432,缓粘结预应力钢绞线,缓粘结预应力钢绞线,MAT-STE-001,low,,manual,SX,False
MAP-MAT-TRN-003-5117,钢滑模,钢滑模,MAT-TRN-003,low,,manual,SX,False
MAP-MAT-BRD-001-3927,纤维板,纤维板,MAT-BRD-001,low,,manual,SX,False
MAP-MAT-STE-003-7993,钢桁架(成品),钢桁架(成品),MAT-STE-003,medium,,manual,SX,False
MAP-MAT-STE-003-7993,钢桁架(成品),钢桁架(成品),MAT-STE-003,medium,,manual,SX,False
MAP-MAT-STE-003-7993,钢桁架(成品),钢桁架(成品),MAT-STE-003,medium,,manual,SX,False
MAP-MAT-STE-003-7993,钢桁架(成品),钢桁架(成品),MAT-STE-003,medium,,manual,SX,False
MAP-MAT-STE-003-7993,钢桁架(成品),钢桁架(成品),MAT-STE-003,medium,,manual,SX,False
MAP-MAT-STE-003-7993,钢桁架(成品),钢桁架(成品),MAT-STE-003,medium,,manual,SX,False
MAP-MAT-STE-003-6323,钢吊车梁(成品),钢吊车梁(成品),MAT-STE-003,medium,,manual,SX,False
MAP-MAT-STE-003-6323,钢吊车梁(成品),钢吊车梁(成品),MAT-STE-003,medium,,manual,SX,False
MAP-MAT-STE-003-6323,钢吊车梁(成品),钢吊车梁(成品),MAT-STE-003,medium,,manual,SX,False
MAP-MAT-STE-003-6323,钢吊车梁(成品),钢吊车梁(成品),MAT-STE-003,medium,,manual,SX,False
MAP-MAT-STE-003-9690,钢平台(成品),钢平台(成品),MAT-STE-003,medium,,manual,SX,False
MAP-MAT-STE-003-2474,钢楼梯(成品) 爬式,钢楼梯(成品) 爬式,MAT-STE-003,medium,,manual,SX,False
MAP-MAT-STE-003-1445,钢墙架(成品),钢墙架(成品),MAT-STE-003,medium,,manual,SX,False
MAP-MAT-STE-001-4557,钢拉杆,钢拉杆,MAT-STE-001,low,,manual,SX,False
MAP-MAT-STE-001-4557,钢拉杆,钢拉杆,MAT-STE-001,low,,manual,SX,False
MAP-MAT-STE-001-4557,钢拉杆,钢拉杆,MAT-STE-001,low,,manual,SX,False
MAP-MAT-STE-001-4557,钢拉杆,钢拉杆,MAT-STE-001,low,,manual,SX,False
MAP-MAT-WAP-001-6235,石油沥青油毡,石油沥青油毡,MAT-WAP-001,low,,manual,SX,False
MAP-MAT-WAP-001-6235,石油沥青油毡,石油沥青油毡,MAT-WAP-001,low,,manual,SX,False
MAP-MAT-WAP-001-6235,石油沥青油毡,石油沥青油毡,MAT-WAP-001,low,,manual,SX,False
MAP-MAT-WAP-001-6235,石油沥青油毡,石油沥青油毡,MAT-WAP-001,low,,manual,SX,False
MAP-MAT-STE-001-4557,钢拉杆,钢拉杆,MAT-STE-001,low,,manual,SX,False
MAP-MAT-STE-001-4557,钢拉杆,钢拉杆,MAT-STE-001,low,,manual,SX,False
MAP-MAT-STE-001-4557,钢拉杆,钢拉杆,MAT-STE-001,low,,manual,SX,False
MAP-MAT-STE-001-4557,钢拉杆,钢拉杆,MAT-STE-001,low,,manual,SX,False
MAP-MAT-STE-001-4557,钢拉杆,钢拉杆,MAT-STE-001,low,,manual,SX,False
MAP-MAT-STE-001-4557,钢拉杆,钢拉杆,MAT-STE-001,low,,manual,SX,False
MAP-MAT-WAP-001-6235,石油沥青油毡,石油沥青油毡,MAT-WAP-001,low,,manual,SX,False
MAP-MAT-WAP-001-6235,石油沥青油毡,石油沥青油毡,MAT-WAP-001,low,,manual,SX,False
MAP-MAT-WAP-001-6235,石油沥青油毡,石油沥青油毡,MAT-WAP-001,low,,manual,SX,False
MAP-MAT-WAP-001-6235,石油沥青油毡,石油沥青油毡,MAT-WAP-001,low,,manual,SX,False
MAP-MAT-BRD-001-8000,定向刨花板  δ 12,定向刨花板  δ 12,MAT-BRD-001,low,,manual,SX,False
MAP-MAT-BRD-001-8000,定向刨花板  δ 12,定向刨花板  δ 12,MAT-BRD-001,low,,manual,SX,False
MAP-MAT-BRD-001-2663,定向刨花板  δ 18,定向刨花板  δ 18,MAT-BRD-001,low,,manual,SX,False
MAP-MAT-BRD-001-8000,定向刨花板  δ 12,定向刨花板  δ 12,MAT-BRD-001,low,,manual,SX,False
MAP-MAT-BRD-001-8000,定向刨花板  δ 12,定向刨花板  δ 12,MAT-BRD-001,low,,manual,SX,False
MAP-MAT-PAI-002-3048,无光调和漆,无光调和漆,MAT-PAI-002,low,,manual,SX,False
MAP-MAT-PAI-002-3048,无光调和漆,无光调和漆,MAT-PAI-002,low,,manual,SX,False
MAP-MAT-PAI-002-3048,无光调和漆,无光调和漆,MAT-PAI-002,low,,manual,SX,False
MAP-MAT-BRD-001-7724,木丝板  δ25,木丝板  δ25,MAT-BRD-001,low,,manual,SX,False
MAP-MAT-WAP-001-6235,石油沥青油毡,石油沥青油毡,MAT-WAP-001,low,,manual,SX,False
MAP-MAT-WAP-001-6235,石油沥青油毡,石油沥青油毡,MAT-WAP-001,low,,manual,SX,False
MAP-MAT-PAI-001-6800,沥青漆,沥青漆,MAT-PAI-001,low,,manual,SX,False
MAP-MAT-PAI-001-6800,沥青漆,沥青漆,MAT-PAI-001,low,,manual,SX,False
MAP-MAT-GLA-001-6595,平板玻璃  δ3,平板玻璃  δ3,MAT-GLA-001,low,,manual,SX,False
MAP-MAT-GLA-001-6595,平板玻璃  δ3,平板玻璃  δ3,MAT-GLA-001,low,,manual,SX,False
MAP-MAT-GLA-001-6595,平板玻璃  δ3,平板玻璃  δ3,MAT-GLA-001,low,,manual,SX,False
MAP-MAT-GLA-001-6595,平板玻璃  δ3,平板玻璃  δ3,MAT-GLA-001,low,,manual,SX,False
MAP-MAT-BRD-001-1624,榉木板  δ3,榉木板  δ3,MAT-BRD-001,low,,manual,SX,False
MAP-MAT-BRD-001-1624,榉木板  δ3,榉木板  δ3,MAT-BRD-001,low,,manual,SX,False
MAP-MAT-WAP-001-6235,石油沥青油毡,石油沥青油毡,MAT-WAP-001,low,,manual,SX,False
MAP-MAT-WAP-001-6235,石油沥青油毡,石油沥青油毡,MAT-WAP-001,low,,manual,SX,False
MAP-MAT-BRD-001-1624,榉木板  δ3,榉木板  δ3,MAT-BRD-001,low,,manual,SX,False
MAP-MAT-GLA-001-6895,平板玻璃  δ5,平板玻璃  δ5,MAT-GLA-001,low,,manual,SX,False
MAP-MAT-GLA-001-6895,平板玻璃  δ5,平板玻璃  δ5,MAT-GLA-001,low,,manual,SX,False
MAP-MAT-GLA-003-9186,平板玻璃  δ 12,平板玻璃  δ 12,MAT-GLA-003,low,,manual,SX,False
MAP-MAT-GLA-001-6895,平板玻璃  δ5,平板玻璃  δ5,MAT-GLA-001,low,,manual,SX,False
MAP-MAT-BRD-001-1624,榉木板  δ3,榉木板  δ3,MAT-BRD-001,low,,manual,SX,False
MAP-MAT-BRD-003-5016,穿孔硅钙板 8mm,穿孔硅钙板 8mm,MAT-BRD-003,medium,,manual,SX,False
MAP-MAT-TRN-001-3509,杉木板 铁件(综合),杉木板 铁件(综合),MAT-TRN-001,low,,manual,SX,False
MAP-MAT-TRN-001-3509,杉木板 铁件(综合),杉木板 铁件(综合),MAT-TRN-001,low,,manual,SX,False
MAP-MAT-TRN-001-3509,杉木板 铁件(综合),杉木板 铁件(综合),MAT-TRN-001,low,,manual,SX,False
MAP-MAT-TRN-001-3509,杉木板 铁件(综合),杉木板 铁件(综合),MAT-TRN-001,low,,manual,SX,False
MAP-MAT-TRN-001-3509,杉木板 铁件(综合),杉木板 铁件(综合),MAT-TRN-001,low,,manual,SX,False
MAP-MAT-TRN-001-3509,杉木板 铁件(综合),杉木板 铁件(综合),MAT-TRN-001,low,,manual,SX,False
MAP-MAT-TRN-001-3509,杉木板 铁件(综合),杉木板 铁件(综合),MAT-TRN-001,low,,manual,SX,False
MAP-MAT-TRN-001-3509,杉木板 铁件(综合),杉木板 铁件(综合),MAT-TRN-001,low,,manual,SX,False
MAP-MAT-TRN-001-3509,杉木板 铁件(综合),杉木板 铁件(综合),MAT-TRN-001,low,,manual,SX,False
MAP-MAT-TRN-001-3509,杉木板 铁件(综合),杉木板 铁件(综合),MAT-TRN-001,low,,manual,SX,False
MAP-MAT-TRN-001-3998,杉木板,杉木板,MAT-TRN-001,low,,manual,SX,False
MAP-MAT-TRN-001-3998,杉木板,杉木板,MAT-TRN-001,low,,manual,SX,False
MAP-MAT-TRN-001-3998,杉木板,杉木板,MAT-TRN-001,low,,manual,SX,False
MAP-MAT-TRN-001-3998,杉木板,杉木板,MAT-TRN-001,low,,manual,SX,False
MAP-MAT-TRN-001-3998,杉木板,杉木板,MAT-TRN-001,low,,manual,SX,False
MAP-MAT-TRN-001-3998,杉木板,杉木板,MAT-TRN-001,low,,manual,SX,False
MAP-MAT-TRN-001-3998,杉木板,杉木板,MAT-TRN-001,low,,manual,SX,False
MAP-MAT-TRN-001-3998,杉木板,杉木板,MAT-TRN-001,low,,manual,SX,False
MAP-MAT-TRN-001-3998,杉木板,杉木板,MAT-TRN-001,low,,manual,SX,False
MAP-MAT-TRN-001-3998,杉木板,杉木板,MAT-TRN-001,low,,manual,SX,False
MAP-MAT-TRN-001-3998,杉木板,杉木板,MAT-TRN-001,low,,manual,SX,False
MAP-MAT-TRN-001-3998,杉木板,杉木板,MAT-TRN-001,low,,manual,SX,False
MAP-MAT-TRN-001-3998,杉木板,杉木板,MAT-TRN-001,low,,manual,SX,False
MAP-MAT-TRN-001-3998,杉木板,杉木板,MAT-TRN-001,low,,manual,SX,False
MAP-MAT-TRN-001-3998,杉木板,杉木板,MAT-TRN-001,low,,manual,SX,False
MAP-MAT-TRN-001-3998,杉木板,杉木板,MAT-TRN-001,low,,manual,SX,False
MAP-MAT-TRN-001-3998,杉木板,杉木板,MAT-TRN-001,low,,manual,SX,False
MAP-MAT-TRN-001-3998,杉木板,杉木板,MAT-TRN-001,low,,manual,SX,False
MAP-MAT-TRN-001-3998,杉木板,杉木板,MAT-TRN-001,low,,manual,SX,False
MAP-MAT-TRN-001-3998,杉木板,杉木板,MAT-TRN-001,low,,manual,SX,False
MAP-MAT-TRN-001-3998,杉木板,杉木板,MAT-TRN-001,low,,manual,SX,False
MAP-MAT-TRN-001-3998,杉木板,杉木板,MAT-TRN-001,low,,manual,SX,False
MAP-MAT-TRN-001-3998,杉木板,杉木板,MAT-TRN-001,low,,manual,SX,False
MAP-MAT-TRN-001-3998,杉木板,杉木板,MAT-TRN-001,low,,manual,SX,False
MAP-MAT-TRN-001-3998,杉木板,杉木板,MAT-TRN-001,low,,manual,SX,False
MAP-MAT-TRN-001-3998,杉木板,杉木板,MAT-TRN-001,low,,manual,SX,False
MAP-MAT-TRN-001-3998,杉木板,杉木板,MAT-TRN-001,low,,manual,SX,False
MAP-MAT-TRN-001-3998,杉木板,杉木板,MAT-TRN-001,low,,manual,SX,False
MAP-MAT-TRN-001-3998,杉木板,杉木板,MAT-TRN-001,low,,manual,SX,False
MAP-MAT-TRN-001-3998,杉木板,杉木板,MAT-TRN-001,low,,manual,SX,False
MAP-MAT-BRD-001-8206,木丝板,木丝板,MAT-BRD-001,low,,manual,SX,False
MAP-MAT-BRD-003-9745,埃特板,埃特板,MAT-BRD-003,low,,manual,SX,False
MAP-MAT-TRN-001-3998,杉木板,杉木板,MAT-TRN-001,low,,manual,SX,False
MAP-MAT-STE-009-9529,钢网架(成品),钢网架(成品),MAT-STE-009,medium,,manual,SX,False
MAP-MAT-PNT-001-7192,醇酸磁漆 各色,醇酸磁漆 各色,MAT-PNT-001,low,,manual,SX,False
MAP-MAT-PNT-001-7192,醇酸磁漆 各色,醇酸磁漆 各色,MAT-PNT-001,low,,manual,SX,False
MAP-MAT-PNT-001-7192,醇酸磁漆 各色,醇酸磁漆 各色,MAT-PNT-001,low,,manual,SX,False
MAP-MAT-PNT-002-4268,硝基清漆,硝基清漆,MAT-PNT-002,low,,manual,SX,False
MAP-MAT-PNT-002-4268,硝基清漆,硝基清漆,MAT-PNT-002,low,,manual,SX,False
MAP-MAT-PAI-002-1133,醇酸调和漆 各色,醇酸调和漆 各色,MAT-PAI-002,low,,manual,SX,False
MAP-MAT-PAI-002-1133,醇酸调和漆 各色,醇酸调和漆 各色,MAT-PAI-002,low,,manual,SX,False
MAP-MAT-PNT-001-5669,醇酸清漆,醇酸清漆,MAT-PNT-001,low,,manual,SX,False
MAP-MAT-PNT-001-5669,醇酸清漆,醇酸清漆,MAT-PNT-001,low,,manual,SX,False
MAP-MAT-PNT-001-5669,醇酸清漆,醇酸清漆,MAT-PNT-001,low,,manual,SX,False
MAP-MAT-PNT-001-0660,聚酯清漆,聚酯清漆,MAT-PNT-001,low,,manual,SX,False
MAP-MAT-PNT-001-0660,聚酯清漆,聚酯清漆,MAT-PNT-001,low,,manual,SX,False
MAP-MAT-PNT-001-0083,聚酯色漆,聚酯色漆,MAT-PNT-001,low,,manual,SX,False
MAP-MAT-PNT-001-0083,聚酯色漆,聚酯色漆,MAT-PNT-001,low,,manual,SX,False
MAP-MAT-PNT-002-9125,硝基磁漆,硝基磁漆,MAT-PNT-002,low,,manual,SX,False
MAP-MAT-PNT-002-4268,硝基清漆,硝基清漆,MAT-PNT-002,low,,manual,SX,False
MAP-MAT-PNT-001-7192,醇酸磁漆 各色,醇酸磁漆 各色,MAT-PNT-001,low,,manual,SX,False
MAP-MAT-PNT-001-7192,醇酸磁漆 各色,醇酸磁漆 各色,MAT-PNT-001,low,,manual,SX,False
MAP-MAT-PNT-001-7192,醇酸磁漆 各色,醇酸磁漆 各色,MAT-PNT-001,low,,manual,SX,False
MAP-MAT-PNT-001-7192,醇酸磁漆 各色,醇酸磁漆 各色,MAT-PNT-001,low,,manual,SX,False
MAP-MAT-PNT-001-7192,醇酸磁漆 各色,醇酸磁漆 各色,MAT-PNT-001,low,,manual,SX,False
MAP-MAT-PNT-001-7192,醇酸磁漆 各色,醇酸磁漆 各色,MAT-PNT-001,low,,manual,SX,False
MAP-MAT-PNT-001-7192,醇酸磁漆 各色,醇酸磁漆 各色,MAT-PNT-001,low,,manual,SX,False
MAP-MAT-PNT-001-7192,醇酸磁漆 各色,醇酸磁漆 各色,MAT-PNT-001,low,,manual,SX,False
MAP-MAT-PNT-001-7192,醇酸磁漆 各色,醇酸磁漆 各色,MAT-PNT-001,low,,manual,SX,False
MAP-MAT-PNT-001-7192,醇酸磁漆 各色,醇酸磁漆 各色,MAT-PNT-001,low,,manual,SX,False
MAP-MAT-PNT-001-7192,醇酸磁漆 各色,醇酸磁漆 各色,MAT-PNT-001,low,,manual,SX,False
MAP-MAT-PNT-001-7192,醇酸磁漆 各色,醇酸磁漆 各色,MAT-PNT-001,low,,manual,SX,False
MAP-MAT-PNT-002-4268,硝基清漆,硝基清漆,MAT-PNT-002,low,,manual,SX,False
MAP-MAT-PNT-002-4268,硝基清漆,硝基清漆,MAT-PNT-002,low,,manual,SX,False
MAP-MAT-PNT-002-4268,硝基清漆,硝基清漆,MAT-PNT-002,low,,manual,SX,False
MAP-MAT-PNT-002-4268,硝基清漆,硝基清漆,MAT-PNT-002,low,,manual,SX,False
MAP-MAT-PNT-002-4268,硝基清漆,硝基清漆,MAT-PNT-002,low,,manual,SX,False
MAP-MAT-PNT-002-4268,硝基清漆,硝基清漆,MAT-PNT-002,low,,manual,SX,False
MAP-MAT-PNT-002-4268,硝基清漆,硝基清漆,MAT-PNT-002,low,,manual,SX,False
MAP-MAT-PNT-002-4268,硝基清漆,硝基清漆,MAT-PNT-002,low,,manual,SX,False
MAP-MAT-PAI-002-1133,醇酸调和漆 各色,醇酸调和漆 各色,MAT-PAI-002,low,,manual,SX,False
MAP-MAT-PAI-002-1133,醇酸调和漆 各色,醇酸调和漆 各色,MAT-PAI-002,low,,manual,SX,False
MAP-MAT-PAI-002-1133,醇酸调和漆 各色,醇酸调和漆 各色,MAT-PAI-002,low,,manual,SX,False
MAP-MAT-PAI-002-1133,醇酸调和漆 各色,醇酸调和漆 各色,MAT-PAI-002,low,,manual,SX,False
MAP-MAT-PNT-001-5669,醇酸清漆,醇酸清漆,MAT-PNT-001,low,,manual,SX,False
MAP-MAT-PNT-001-5669,醇酸清漆,醇酸清漆,MAT-PNT-001,low,,manual,SX,False
MAP-MAT-PNT-001-5669,醇酸清漆,醇酸清漆,MAT-PNT-001,low,,manual,SX,False
MAP-MAT-PNT-001-5669,醇酸清漆,醇酸清漆,MAT-PNT-001,low,,manual,SX,False
MAP-MAT-PAI-002-1133,醇酸调和漆 各色,醇酸调和漆 各色,MAT-PAI-002,low,,manual,SX,False
MAP-MAT-PAI-002-1133,醇酸调和漆 各色,醇酸调和漆 各色,MAT-PAI-002,low,,manual,SX,False
MAP-MAT-PAI-002-1133,醇酸调和漆 各色,醇酸调和漆 各色,MAT-PAI-002,low,,manual,SX,False
MAP-MAT-PAI-002-1133,醇酸调和漆 各色,醇酸调和漆 各色,MAT-PAI-002,low,,manual,SX,False
MAP-MAT-PNT-001-5669,醇酸清漆,醇酸清漆,MAT-PNT-001,low,,manual,SX,False
MAP-MAT-PNT-001-5669,醇酸清漆,醇酸清漆,MAT-PNT-001,low,,manual,SX,False
MAP-MAT-PNT-001-5669,醇酸清漆,醇酸清漆,MAT-PNT-001,low,,manual,SX,False
MAP-MAT-PNT-001-5669,醇酸清漆,醇酸清漆,MAT-PNT-001,low,,manual,SX,False
MAP-MAT-PNT-001-5669,醇酸清漆,醇酸清漆,MAT-PNT-001,low,,manual,SX,False
MAP-MAT-PNT-001-5669,醇酸清漆,醇酸清漆,MAT-PNT-001,low,,manual,SX,False
MAP-MAT-PNT-001-5669,醇酸清漆,醇酸清漆,MAT-PNT-001,low,,manual,SX,False
MAP-MAT-PNT-001-5669,醇酸清漆,醇酸清漆,MAT-PNT-001,low,,manual,SX,False
MAP-MAT-PNT-001-0660,聚酯清漆,聚酯清漆,MAT-PNT-001,low,,manual,SX,False
MAP-MAT-PNT-001-0660,聚酯清漆,聚酯清漆,MAT-PNT-001,low,,manual,SX,False
MAP-MAT-PNT-001-0660,聚酯清漆,聚酯清漆,MAT-PNT-001,low,,manual,SX,False
MAP-MAT-PNT-001-0660,聚酯清漆,聚酯清漆,MAT-PNT-001,low,,manual,SX,False
MAP-MAT-PNT-001-0660,聚酯清漆,聚酯清漆,MAT-PNT-001,low,,manual,SX,False
MAP-MAT-PNT-001-0660,聚酯清漆,聚酯清漆,MAT-PNT-001,low,,manual,SX,False
MAP-MAT-PNT-001-0660,聚酯清漆,聚酯清漆,MAT-PNT-001,low,,manual,SX,False
MAP-MAT-PNT-001-0660,聚酯清漆,聚酯清漆,MAT-PNT-001,low,,manual,SX,False
MAP-MAT-PNT-001-0083,聚酯色漆,聚酯色漆,MAT-PNT-001,low,,manual,SX,False
MAP-MAT-PNT-001-0083,聚酯色漆,聚酯色漆,MAT-PNT-001,low,,manual,SX,False
MAP-MAT-PNT-001-0083,聚酯色漆,聚酯色漆,MAT-PNT-001,low,,manual,SX,False
MAP-MAT-PNT-001-0083,聚酯色漆,聚酯色漆,MAT-PNT-001,low,,manual,SX,False
MAP-MAT-PNT-001-0083,聚酯色漆,聚酯色漆,MAT-PNT-001,low,,manual,SX,False
MAP-MAT-PNT-001-0083,聚酯色漆,聚酯色漆,MAT-PNT-001,low,,manual,SX,False
MAP-MAT-PNT-001-0083,聚酯色漆,聚酯色漆,MAT-PNT-001,low,,manual,SX,False
MAP-MAT-PNT-001-0083,聚酯色漆,聚酯色漆,MAT-PNT-001,low,,manual,SX,False
MAP-MAT-PNT-001-7192,醇酸磁漆 各色,醇酸磁漆 各色,MAT-PNT-001,low,,manual,SX,False
MAP-MAT-PNT-001-7192,醇酸磁漆 各色,醇酸磁漆 各色,MAT-PNT-001,low,,manual,SX,False
MAP-MAT-PNT-001-7192,醇酸磁漆 各色,醇酸磁漆 各色,MAT-PNT-001,low,,manual,SX,False
MAP-MAT-PNT-002-4268,硝基清漆,硝基清漆,MAT-PNT-002,low,,manual,SX,False
MAP-MAT-PNT-002-4268,硝基清漆,硝基清漆,MAT-PNT-002,low,,manual,SX,False
MAP-MAT-PAI-002-1133,醇酸调和漆 各色,醇酸调和漆 各色,MAT-PAI-002,low,,manual,SX,False
MAP-MAT-PAI-002-1133,醇酸调和漆 各色,醇酸调和漆 各色,MAT-PAI-002,low,,manual,SX,False
MAP-MAT-PNT-001-5669,醇酸清漆,醇酸清漆,MAT-PNT-001,low,,manual,SX,False
MAP-MAT-PNT-001-5669,醇酸清漆,醇酸清漆,MAT-PNT-001,low,,manual,SX,False
MAP-MAT-PNT-001-5669,醇酸清漆,醇酸清漆,MAT-PNT-001,low,,manual,SX,False
MAP-MAT-PNT-001-0660,聚酯清漆,聚酯清漆,MAT-PNT-001,low,,manual,SX,False
MAP-MAT-PNT-001-0660,聚酯清漆,聚酯清漆,MAT-PNT-001,low,,manual,SX,False
MAP-MAT-PNT-001-0083,聚酯色漆,聚酯色漆,MAT-PNT-001,low,,manual,SX,False
MAP-MAT-PNT-001-0083,聚酯色漆,聚酯色漆,MAT-PNT-001,low,,manual,SX,False
MAP-MAT-PNT-002-9125,硝基磁漆,硝基磁漆,MAT-PNT-002,low,,manual,SX,False
MAP-MAT-PNT-002-4268,硝基清漆,硝基清漆,MAT-PNT-002,low,,manual,SX,False
MAP-MAT-PNT-001-5669,醇酸清漆,醇酸清漆,MAT-PNT-001,low,,manual,SX,False
MAP-MAT-PNT-001-7192,醇酸磁漆 各色,醇酸磁漆 各色,MAT-PNT-001,low,,manual,SX,False
MAP-MAT-PNT-001-7192,醇酸磁漆 各色,醇酸磁漆 各色,MAT-PNT-001,low,,manual,SX,False
MAP-MAT-PAI-002-0580,醇酸无光调和漆,醇酸无光调和漆,MAT-PAI-002,low,,manual,SX,False
MAP-MAT-PAI-002-0580,醇酸无光调和漆,醇酸无光调和漆,MAT-PAI-002,low,,manual,SX,False
MAP-MAT-PAI-002-0636,醇酸调和漆  白,醇酸调和漆  白,MAT-PAI-002,low,,manual,SX,False
MAP-MAT-PNT-001-5669,醇酸清漆,醇酸清漆,MAT-PNT-001,low,,manual,SX,False
MAP-MAT-PNT-002-4268,硝基清漆,硝基清漆,MAT-PNT-002,low,,manual,SX,False
MAP-MAT-PNT-002-9125,硝基磁漆,硝基磁漆,MAT-PNT-002,low,,manual,SX,False
MAP-MAT-PAI-002-7541,调和漆,调和漆,MAT-PAI-002,low,,manual,SX,False
MAP-MAT-PAI-002-7541,调和漆,调和漆,MAT-PAI-002,low,,manual,SX,False
MAP-MAT-PAI-002-3048,无光调和漆,无光调和漆,MAT-PAI-002,low,,manual,SX,False
MAP-MAT-PAI-002-3048,无光调和漆,无光调和漆,MAT-PAI-002,low,,manual,SX,False
MAP-MAT-PNT-001-5669,醇酸清漆,醇酸清漆,MAT-PNT-001,low,,manual,SX,False
MAP-MAT-PAI-001-6274,防霉涂料,防霉涂料,MAT-PAI-001,low,,manual,SX,False
MAP-MAT-PAI-001-6274,防霉涂料,防霉涂料,MAT-PAI-001,low,,manual,SX,False
MAP-MAT-GLA-001-6895,平板玻璃  δ5,平板玻璃  δ5,MAT-GLA-001,low,,manual,SX,False
MAP-MAT-GLA-001-6895,平板玻璃  δ5,平板玻璃  δ5,MAT-GLA-001,low,,manual,SX,False
MAP-MAT-GLA-001-6895,平板玻璃  δ5,平板玻璃  δ5,MAT-GLA-001,low,,manual,SX,False
MAP-MAT-GLA-001-6895,平板玻璃  δ5,平板玻璃  δ5,MAT-GLA-001,low,,manual,SX,False
MAP-MAT-GLA-001-6895,平板玻璃  δ5,平板玻璃  δ5,MAT-GLA-001,low,,manual,SX,False
MAP-MAT-GLA-001-7336,平板玻璃  δ8,平板玻璃  δ8,MAT-GLA-001,low,,manual,SX,False
MAP-MAT-GLA-001-5919,平板玻璃  δ 10,平板玻璃  δ 10,MAT-GLA-001,low,,manual,SX,False
MAP-MAT-GLA-001-5919,平板玻璃  δ 10,平板玻璃  δ 10,MAT-GLA-001,low,,manual,SX,False
MAP-MAT-GLA-001-3721,平板磨边玻璃  δ8,平板磨边玻璃  δ8,MAT-GLA-001,low,,manual,SX,False
MAP-MAT-GLA-001-7336,平板玻璃  δ8,平板玻璃  δ8,MAT-GLA-001,low,,manual,SX,False
MAP-MAT-GLA-001-3721,平板磨边玻璃  δ8,平板磨边玻璃  δ8,MAT-GLA-001,low,,manual,SX,False
MAP-MAT-GLA-001-3721,平板磨边玻璃  δ8,平板磨边玻璃  δ8,MAT-GLA-001,low,,manual,SX,False
MAP-MAT-STE-006-5952,方钢 25×25,方钢 25×25,MAT-STE-006,low,,manual,SX,False
MAP-MAT-STE-001-9141,钢栏杆,钢栏杆,MAT-STE-001,low,,manual,SX,False
MAP-MAT-STE-001-9141,钢栏杆,钢栏杆,MAT-STE-001,low,,manual,SX,False
MAP-MAT-GLA-003-3075,全玻璃栏板(成品),全玻璃栏板(成品),MAT-GLA-003,low,,manual,SX,False
MAP-MAT-GLA-003-1391,半玻璃栏板(成品),半玻璃栏板(成品),MAT-GLA-003,low,,manual,SX,False
MAP-MAT-PAI-002-7541,调和漆,调和漆,MAT-PAI-002,low,,manual,SX,False
MAP-MAT-PAI-002-7541,调和漆,调和漆,MAT-PAI-002,low,,manual,SX,False
MAP-MAT-PAI-002-7541,调和漆,调和漆,MAT-PAI-002,low,,manual,SX,False
MAP-MAT-PAI-002-7541,调和漆,调和漆,MAT-PAI-002,low,,manual,SX,False
MAP-MAT-PAI-002-7541,调和漆,调和漆,MAT-PAI-002,low,,manual,SX,False
MAP-MAT-PAI-002-7541,调和漆,调和漆,MAT-PAI-002,low,,manual,SX,False
MAP-MAT-GLA-001-0322,夹胶玻璃(采光天棚用) 8+0.76+8,夹胶玻璃(采光天棚用) 8+0.76+8,MAT-GLA-001,low,,manual,SX,False
MAP-MAT-GLA-001-0322,夹胶玻璃(采光天棚用) 8+0.76+8,夹胶玻璃(采光天棚用) 8+0.76+8,MAT-GLA-001,low,,manual,SX,False
MAP-MAT-PAI-001-6800,沥青漆,沥青漆,MAT-PAI-001,low,,manual,SX,False
MAP-MAT-BRD-001-8206,木丝板,木丝板,MAT-BRD-001,low,,manual,BJ,False
MAP-MAT-BRD-001-8206,木丝板,木丝板,MAT-BRD-001,low,,manual,BJ,False
MAP-MAT-BRD-001-8206,木丝板,木丝板,MAT-BRD-001,low,,manual,BJ,False
MAP-MAT-BRD-001-8206,木丝板,木丝板,MAT-BRD-001,low,,manual,BJ,False
MAP-MAT-BRD-001-8206,木丝板,木丝板,MAT-BRD-001,low,,manual,BJ,False
MAP-MAT-BRD-001-8206,木丝板,木丝板,MAT-BRD-001,low,,manual,BJ,False
MAP-MAT-BRD-001-8206,木丝板,木丝板,MAT-BRD-001,low,,manual,BJ,False
MAP-MAT-BRD-001-8206,木丝板,木丝板,MAT-BRD-001,low,,manual,BJ,False
MAP-MAT-BRD-001-8206,木丝板,木丝板,MAT-BRD-001,low,,manual,BJ,False
MAP-MAT-BRD-001-8206,木丝板,木丝板,MAT-BRD-001,low,,manual,BJ,False
MAP-MAT-BRD-001-8206,木丝板,木丝板,MAT-BRD-001,low,,manual,BJ,False
MAP-MAT-PNT-001-5669,醇酸清漆,醇酸清漆,MAT-PNT-001,low,,manual,BJ,False
MAP-MAT-PNT-001-5669,醇酸清漆,醇酸清漆,MAT-PNT-001,low,,manual,BJ,False
MAP-MAT-PNT-001-5669,醇酸清漆,醇酸清漆,MAT-PNT-001,low,,manual,BJ,False
MAP-MAT-PNT-001-5669,醇酸清漆,醇酸清漆,MAT-PNT-001,low,,manual,BJ,False
MAP-MAT-PAI-002-7541,调和漆,调和漆,MAT-PAI-002,low,,manual,BJ,False
MAP-MAT-PAI-002-7541,调和漆,调和漆,MAT-PAI-002,low,,manual,BJ,False
MAP-MAT-PAI-002-7541,调和漆,调和漆,MAT-PAI-002,low,,manual,BJ,False
MAP-MAT-PAI-002-7541,调和漆,调和漆,MAT-PAI-002,low,,manual,BJ,False
MAP-MAT-PAI-002-7541,调和漆,调和漆,MAT-PAI-002,low,,manual,BJ,False
MAP-MAT-PAI-002-7541,调和漆,调和漆,MAT-PAI-002,low,,manual,BJ,False
MAP-MAT-PAI-002-7541,调和漆,调和漆,MAT-PAI-002,low,,manual,BJ,False
MAP-MAT-PAI-002-7541,调和漆,调和漆,MAT-PAI-002,low,,manual,BJ,False
MAP-MAT-PAI-002-7541,调和漆,调和漆,MAT-PAI-002,low,,manual,BJ,False
MAP-MAT-PAI-002-7541,调和漆,调和漆,MAT-PAI-002,low,,manual,BJ,False
MAP-MAT-PAI-002-7541,调和漆,调和漆,MAT-PAI-002,low,,manual,BJ,False
MAP-MAT-PAI-002-7541,调和漆,调和漆,MAT-PAI-002,low,,manual,BJ,False
MAP-MAT-PAI-002-7541,调和漆,调和漆,MAT-PAI-002,low,,manual,BJ,False
MAP-MAT-PAI-002-7541,调和漆,调和漆,MAT-PAI-002,low,,manual,BJ,False
MAP-MAT-PAI-002-7541,调和漆,调和漆,MAT-PAI-002,low,,manual,BJ,False
MAP-MAT-PAI-002-7541,调和漆,调和漆,MAT-PAI-002,low,,manual,BJ,False
MAP-MAT-PAI-002-7541,调和漆,调和漆,MAT-PAI-002,low,,manual,BJ,False
MAP-MAT-PAI-002-7541,调和漆,调和漆,MAT-PAI-002,low,,manual,BJ,False
MAP-MAT-PAI-002-7541,调和漆,调和漆,MAT-PAI-002,low,,manual,BJ,False
MAP-MAT-PAI-002-7541,调和漆,调和漆,MAT-PAI-002,low,,manual,BJ,False
MAP-MAT-PAI-002-7541,调和漆,调和漆,MAT-PAI-002,low,,manual,BJ,False
MAP-MAT-PAI-002-7541,调和漆,调和漆,MAT-PAI-002,low,,manual,BJ,False
MAP-MAT-PAI-002-7541,调和漆,调和漆,MAT-PAI-002,low,,manual,BJ,False
MAP-MAT-PAI-002-7541,调和漆,调和漆,MAT-PAI-002,low,,manual,BJ,False
MAP-MAT-PAI-002-7541,调和漆,调和漆,MAT-PAI-002,low,,manual,BJ,False
MAP-MAT-PAI-002-7541,调和漆,调和漆,MAT-PAI-002,low,,manual,BJ,False
MAP-MAT-PAI-001-6800,沥青漆,沥青漆,MAT-PAI-001,low,,manual,BJ,False
MAP-MAT-PAI-001-6800,沥青漆,沥青漆,MAT-PAI-001,low,,manual,BJ,False
MAP-MAT-PAI-001-6800,沥青漆,沥青漆,MAT-PAI-001,low,,manual,BJ,False
MAP-MAT-PAI-001-6800,沥青漆,沥青漆,MAT-PAI-001,low,,manual,BJ,False
MAP-MAT-PAI-001-6800,沥青漆,沥青漆,MAT-PAI-001,low,,manual,BJ,False
MAP-MAT-PAI-001-6800,沥青漆,沥青漆,MAT-PAI-001,low,,manual,BJ,False
MAP-MAT-PAI-002-7541,调和漆,调和漆,MAT-PAI-002,low,,manual,BJ,False
MAP-MAT-PAI-002-7541,调和漆,调和漆,MAT-PAI-002,low,,manual,BJ,False
MAP-MAT-PAI-002-7541,调和漆,调和漆,MAT-PAI-002,low,,manual,BJ,False
MAP-MAT-PAI-001-6800,沥青漆,沥青漆,MAT-PAI-001,low,,manual,BJ,False
MAP-MAT-PAI-001-6800,沥青漆,沥青漆,MAT-PAI-001,low,,manual,BJ,False
MAP-MAT-PAI-001-6800,沥青漆,沥青漆,MAT-PAI-001,low,,manual,BJ,False
MAP-MAT-PAI-002-7541,调和漆,调和漆,MAT-PAI-002,low,,manual,BJ,False
MAP-MAT-PAI-002-7541,调和漆,调和漆,MAT-PAI-002,low,,manual,BJ,False
MAP-MAT-PAI-002-7541,调和漆,调和漆,MAT-PAI-002,low,,manual,BJ,False
MAP-MAT-PAI-002-7541,调和漆,调和漆,MAT-PAI-002,low,,manual,BJ,False
MAP-MAT-PAI-002-7541,调和漆,调和漆,MAT-PAI-002,low,,manual,BJ,False
MAP-MAT-PAI-001-6800,沥青漆,沥青漆,MAT-PAI-001,low,,manual,BJ,False
MAP-MAT-PAI-001-6800,沥青漆,沥青漆,MAT-PAI-001,low,,manual,BJ,False
MAP-MAT-PAI-001-6800,沥青漆,沥青漆,MAT-PAI-001,low,,manual,BJ,False
MAP-MAT-PAI-001-6800,沥青漆,沥青漆,MAT-PAI-001,low,,manual,BJ,False
MAP-MAT-PAI-002-7541,调和漆,调和漆,MAT-PAI-002,low,,manual,BJ,False
MAP-MAT-PAI-002-7541,调和漆,调和漆,MAT-PAI-002,low,,manual,BJ,False
MAP-MAT-PAI-002-7541,调和漆,调和漆,MAT-PAI-002,low,,manual,BJ,False
MAP-MAT-PAI-002-7541,调和漆,调和漆,MAT-PAI-002,low,,manual,BJ,False
MAP-MAT-PAI-002-7541,调和漆,调和漆,MAT-PAI-002,low,,manual,BJ,False
MAP-MAT-PAI-002-7541,调和漆,调和漆,MAT-PAI-002,low,,manual,BJ,False
MAP-MAT-PAI-002-7541,调和漆,调和漆,MAT-PAI-002,low,,manual,BJ,False
MAP-MAT-PAI-002-7541,调和漆,调和漆,MAT-PAI-002,low,,manual,BJ,False
MAP-MAT-PAI-002-7541,调和漆,调和漆,MAT-PAI-002,low,,manual,BJ,False
MAP-MAT-PAI-002-7541,调和漆,调和漆,MAT-PAI-002,low,,manual,BJ,False
MAP-MAT-PAI-002-7541,调和漆,调和漆,MAT-PAI-002,low,,manual,BJ,False
MAP-MAT-PAI-001-6800,沥青漆,沥青漆,MAT-PAI-001,low,,manual,BJ,False
MAP-MAT-PAI-001-6800,沥青漆,沥青漆,MAT-PAI-001,low,,manual,BJ,False
MAP-MAT-PAI-001-6800,沥青漆,沥青漆,MAT-PAI-001,low,,manual,BJ,False
MAP-MAT-PAI-001-6800,沥青漆,沥青漆,MAT-PAI-001,low,,manual,BJ,False
MAP-MAT-PAI-001-6800,沥青漆,沥青漆,MAT-PAI-001,low,,manual,BJ,False
MAP-MAT-PAI-001-6800,沥青漆,沥青漆,MAT-PAI-001,low,,manual,BJ,False
MAP-MAT-PAI-001-6800,沥青漆,沥青漆,MAT-PAI-001,low,,manual,BJ,False
MAP-MAT-PAI-001-6800,沥青漆,沥青漆,MAT-PAI-001,low,,manual,BJ,False
MAP-MAT-PAI-001-6800,沥青漆,沥青漆,MAT-PAI-001,low,,manual,BJ,False
MAP-MAT-PAI-001-6800,沥青漆,沥青漆,MAT-PAI-001,low,,manual,BJ,False
MAP-MAT-PAI-001-6800,沥青漆,沥青漆,MAT-PAI-001,low,,manual,BJ,False
MAP-MAT-PAI-001-6800,沥青漆,沥青漆,MAT-PAI-001,low,,manual,BJ,False
MAP-MAT-PAI-001-6800,沥青漆,沥青漆,MAT-PAI-001,low,,manual,BJ,False
MAP-MAT-PAI-001-6800,沥青漆,沥青漆,MAT-PAI-001,low,,manual,BJ,False
MAP-MAT-PAI-001-6800,沥青漆,沥青漆,MAT-PAI-001,low,,manual,BJ,False
MAP-MAT-PAI-001-6800,沥青漆,沥青漆,MAT-PAI-001,low,,manual,BJ,False
MAP-MAT-PAI-001-6800,沥青漆,沥青漆,MAT-PAI-001,low,,manual,BJ,False
MAP-MAT-PAI-001-6800,沥青漆,沥青漆,MAT-PAI-001,low,,manual,BJ,False
MAP-MAT-PAI-001-6800,沥青漆,沥青漆,MAT-PAI-001,low,,manual,BJ,False
MAP-MAT-PAI-001-6800,沥青漆,沥青漆,MAT-PAI-001,low,,manual,BJ,False
MAP-MAT-PAI-001-6800,沥青漆,沥青漆,MAT-PAI-001,low,,manual,BJ,False
MAP-MAT-PAI-001-6800,沥青漆,沥青漆,MAT-PAI-001,low,,manual,BJ,False
MAP-MAT-PAI-001-6800,沥青漆,沥青漆,MAT-PAI-001,low,,manual,BJ,False
MAP-MAT-PAI-001-6800,沥青漆,沥青漆,MAT-PAI-001,low,,manual,BJ,False
MAP-MAT-PAI-001-6800,沥青漆,沥青漆,MAT-PAI-001,low,,manual,BJ,False
MAP-MAT-PAI-002-7541,调和漆,调和漆,MAT-PAI-002,low,,manual,BJ,False
MAP-MAT-PAI-002-7541,调和漆,调和漆,MAT-PAI-002,low,,manual,BJ,False
MAP-MAT-PAI-002-7541,调和漆,调和漆,MAT-PAI-002,low,,manual,BJ,False
MAP-MAT-PAI-002-7541,调和漆,调和漆,MAT-PAI-002,low,,manual,BJ,False
MAP-MAT-PAI-001-6800,沥青漆,沥青漆,MAT-PAI-001,low,,manual,BJ,False
MAP-MAT-PAI-002-7541,调和漆,调和漆,MAT-PAI-002,low,,manual,BJ,False
MAP-MAT-PAI-001-6800,沥青漆,沥青漆,MAT-PAI-001,low,,manual,BJ,False
MAP-MAT-PAI-002-7541,调和漆,调和漆,MAT-PAI-002,low,,manual,BJ,False
MAP-MAT-PAI-001-6800,沥青漆,沥青漆,MAT-PAI-001,low,,manual,BJ,False
MAP-MAT-PAI-002-7541,调和漆,调和漆,MAT-PAI-002,low,,manual,BJ,False
MAP-MAT-PAI-001-6800,沥青漆,沥青漆,MAT-PAI-001,low,,manual,BJ,False
MAP-MAT-PAI-002-7541,调和漆,调和漆,MAT-PAI-002,low,,manual,BJ,False
MAP-MAT-PAI-001-6800,沥青漆,沥青漆,MAT-PAI-001,low,,manual,BJ,False
MAP-MAT-PAI-002-7541,调和漆,调和漆,MAT-PAI-002,low,,manual,BJ,False
MAP-MAT-PAI-002-7541,调和漆,调和漆,MAT-PAI-002,low,,manual,BJ,False
MAP-MAT-PAI-002-7541,调和漆,调和漆,MAT-PAI-002,low,,manual,BJ,False
MAP-MAT-PAI-002-7541,调和漆,调和漆,MAT-PAI-002,low,,manual,BJ,False
MAP-MAT-PAI-002-7541,调和漆,调和漆,MAT-PAI-002,low,,manual,BJ,False
MAP-MAT-PAI-002-7541,调和漆,调和漆,MAT-PAI-002,low,,manual,BJ,False
MAP-MAT-PAI-002-7541,调和漆,调和漆,MAT-PAI-002,low,,manual,BJ,False
MAP-MAT-PAI-002-7541,调和漆,调和漆,MAT-PAI-002,low,,manual,BJ,False
MAP-MAT-PAI-002-7541,调和漆,调和漆,MAT-PAI-002,low,,manual,BJ,False
MAP-MAT-PAI-002-7541,调和漆,调和漆,MAT-PAI-002,low,,manual,BJ,False
MAP-MAT-PAI-002-7541,调和漆,调和漆,MAT-PAI-002,low,,manual,BJ,False
MAP-MAT-PAI-002-7541,调和漆,调和漆,MAT-PAI-002,low,,manual,BJ,False
MAP-MAT-PAI-002-7541,调和漆,调和漆,MAT-PAI-002,low,,manual,BJ,False
MAP-MAT-PAI-002-7541,调和漆,调和漆,MAT-PAI-002,low,,manual,BJ,False
MAP-MAT-PAI-002-7541,调和漆,调和漆,MAT-PAI-002,low,,manual,BJ,False
MAP-MAT-PAI-002-7541,调和漆,调和漆,MAT-PAI-002,low,,manual,BJ,False
MAP-MAT-PAI-002-7541,调和漆,调和漆,MAT-PAI-002,low,,manual,BJ,False
MAP-MAT-PAI-002-7541,调和漆,调和漆,MAT-PAI-002,low,,manual,BJ,False
MAP-MAT-PAI-001-6800,沥青漆,沥青漆,MAT-PAI-001,low,,manual,BJ,False
MAP-MAT-PAI-001-6800,沥青漆,沥青漆,MAT-PAI-001,low,,manual,BJ,False
MAP-MAT-PAI-001-6800,沥青漆,沥青漆,MAT-PAI-001,low,,manual,BJ,False
MAP-MAT-PAI-001-6800,沥青漆,沥青漆,MAT-PAI-001,low,,manual,BJ,False
MAP-MAT-PAI-002-7541,调和漆,调和漆,MAT-PAI-002,low,,manual,BJ,False
MAP-MAT-PAI-002-7541,调和漆,调和漆,MAT-PAI-002,low,,manual,BJ,False
MAP-MAT-PAI-002-7541,调和漆,调和漆,MAT-PAI-002,low,,manual,BJ,False
MAP-MAT-PAI-002-7541,调和漆,调和漆,MAT-PAI-002,low,,manual,BJ,False
MAP-MAT-PAI-002-7541,调和漆,调和漆,MAT-PAI-002,low,,manual,BJ,False
MAP-MAT-PAI-002-7541,调和漆,调和漆,MAT-PAI-002,low,,manual,BJ,False
MAP-MAT-PAI-002-7541,调和漆,调和漆,MAT-PAI-002,low,,manual,BJ,False
MAP-MAT-PAI-002-7541,调和漆,调和漆,MAT-PAI-002,low,,manual,BJ,False
MAP-MAT-PAI-002-7541,调和漆,调和漆,MAT-PAI-002,low,,manual,BJ,False
MAP-MAT-PAI-002-7541,调和漆,调和漆,MAT-PAI-002,low,,manual,BJ,False
MAP-MAT-PAI-002-7541,调和漆,调和漆,MAT-PAI-002,low,,manual,BJ,False
MAP-MAT-PAI-002-7541,调和漆,调和漆,MAT-PAI-002,low,,manual,BJ,False
MAP-MAT-PAI-002-7541,调和漆,调和漆,MAT-PAI-002,low,,manual,BJ,False
MAP-MAT-PAI-002-7541,调和漆,调和漆,MAT-PAI-002,low,,manual,BJ,False
MAP-MAT-PAI-002-7541,调和漆,调和漆,MAT-PAI-002,low,,manual,BJ,False
MAP-MAT-PAI-002-7541,调和漆,调和漆,MAT-PAI-002,low,,manual,BJ,False
MAP-MAT-PAI-002-7541,调和漆,调和漆,MAT-PAI-002,low,,manual,BJ,False
MAP-MAT-PAI-002-7541,调和漆,调和漆,MAT-PAI-002,low,,manual,BJ,False
MAP-MAT-PAI-002-7541,调和漆,调和漆,MAT-PAI-002,low,,manual,BJ,False
MAP-MAT-PAI-002-7541,调和漆,调和漆,MAT-PAI-002,low,,manual,BJ,False
MAP-MAT-PAI-002-7541,调和漆,调和漆,MAT-PAI-002,low,,manual,BJ,False
MAP-MAT-PAI-002-7541,调和漆,调和漆,MAT-PAI-002,low,,manual,BJ,False
MAP-MAT-PAI-002-7541,调和漆,调和漆,MAT-PAI-002,low,,manual,BJ,False
MAP-MAT-PAI-002-7541,调和漆,调和漆,MAT-PAI-002,low,,manual,BJ,False
MAP-MAT-PAI-002-7541,调和漆,调和漆,MAT-PAI-002,low,,manual,BJ,False
MAP-MAT-PAI-002-7541,调和漆,调和漆,MAT-PAI-002,low,,manual,BJ,False
MAP-MAT-PAI-002-7541,调和漆,调和漆,MAT-PAI-002,low,,manual,BJ,False
MAP-MAT-PAI-002-7541,调和漆,调和漆,MAT-PAI-002,low,,manual,BJ,False
MAP-MAT-PAI-002-7541,调和漆,调和漆,MAT-PAI-002,low,,manual,BJ,False
MAP-MAT-PAI-002-7541,调和漆,调和漆,MAT-PAI-002,low,,manual,BJ,False
MAP-MAT-PAI-002-7541,调和漆,调和漆,MAT-PAI-002,low,,manual,BJ,False
MAP-MAT-PAI-002-7541,调和漆,调和漆,MAT-PAI-002,low,,manual,BJ,False
MAP-MAT-PAI-002-7541,调和漆,调和漆,MAT-PAI-002,low,,manual,BJ,False
MAP-MAT-PAI-002-7541,调和漆,调和漆,MAT-PAI-002,low,,manual,BJ,False
MAP-MAT-PAI-002-7541,调和漆,调和漆,MAT-PAI-002,low,,manual,BJ,False
MAP-MAT-PAI-002-7541,调和漆,调和漆,MAT-PAI-002,low,,manual,BJ,False
MAP-MAT-PAI-002-7541,调和漆,调和漆,MAT-PAI-002,low,,manual,BJ,False
MAP-MAT-PAI-002-7541,调和漆,调和漆,MAT-PAI-002,low,,manual,BJ,False
MAP-MAT-PAI-002-7541,调和漆,调和漆,MAT-PAI-002,low,,manual,BJ,False
MAP-MAT-PAI-002-7541,调和漆,调和漆,MAT-PAI-002,low,,manual,BJ,False
MAP-MAT-PAI-002-7541,调和漆,调和漆,MAT-PAI-002,low,,manual,BJ,False
MAP-MAT-PAI-002-7541,调和漆,调和漆,MAT-PAI-002,low,,manual,BJ,False
MAP-MAT-PAI-002-7541,调和漆,调和漆,MAT-PAI-002,low,,manual,BJ,False
MAP-MAT-PAI-002-7541,调和漆,调和漆,MAT-PAI-002,low,,manual,BJ,False
MAP-MAT-PAI-002-7541,调和漆,调和漆,MAT-PAI-002,low,,manual,BJ,False
MAP-MAT-PAI-002-7541,调和漆,调和漆,MAT-PAI-002,low,,manual,BJ,False
MAP-MAT-PAI-002-7541,调和漆,调和漆,MAT-PAI-002,low,,manual,BJ,False
MAP-MAT-PAI-002-7541,调和漆,调和漆,MAT-PAI-002,low,,manual,BJ,False
MAP-MAT-PAI-002-7541,调和漆,调和漆,MAT-PAI-002,low,,manual,BJ,False
MAP-MAT-PAI-002-7541,调和漆,调和漆,MAT-PAI-002,low,,manual,BJ,False
MAP-MAT-PAI-002-7541,调和漆,调和漆,MAT-PAI-002,low,,manual,BJ,False
MAP-MAT-PAI-002-7541,调和漆,调和漆,MAT-PAI-002,low,,manual,BJ,False
MAP-MAT-PAI-002-7541,调和漆,调和漆,MAT-PAI-002,low,,manual,BJ,False
MAP-MAT-PAI-002-7541,调和漆,调和漆,MAT-PAI-002,low,,manual,BJ,False
MAP-MAT-PAI-002-7541,调和漆,调和漆,MAT-PAI-002,low,,manual,BJ,False
MAP-MAT-PAI-002-7541,调和漆,调和漆,MAT-PAI-002,low,,manual,BJ,False
MAP-MAT-PAI-001-6800,沥青漆,沥青漆,MAT-PAI-001,low,,manual,BJ,False
MAP-MAT-PAI-001-6800,沥青漆,沥青漆,MAT-PAI-001,low,,manual,BJ,False
MAP-MAT-PAI-001-6800,沥青漆,沥青漆,MAT-PAI-001,low,,manual,BJ,False
MAP-MAT-PAI-001-6800,沥青漆,沥青漆,MAT-PAI-001,low,,manual,BJ,False
MAP-MAT-STE-004-1145,钢围檩,钢围檩,MAT-STE-004,low,,manual,GD,False
MAP-MAT-STE-004-1145,钢围檩,钢围檩,MAT-STE-004,low,,manual,GD,False
MAP-MAT-STE-004-1145,钢围檩,钢围檩,MAT-STE-004,low,,manual,GD,False
MAP-MAT-STE-004-1145,钢围檩,钢围檩,MAT-STE-004,low,,manual,GD,False
MAP-MAT-STE-001-4557,钢拉杆,钢拉杆,MAT-STE-001,low,,manual,GD,False
MAP-MAT-STE-001-4557,钢拉杆,钢拉杆,MAT-STE-001,low,,manual,GD,False
MAP-MAT-STE-001-4557,钢拉杆,钢拉杆,MAT-STE-001,low,,manual,GD,False
MAP-MAT-STE-001-4557,钢拉杆,钢拉杆,MAT-STE-001,low,,manual,GD,False
MAP-MAT-PNT-002-4268,硝基清漆,硝基清漆,MAT-PNT-002,low,,manual,GD,False
MAP-MAT-PNT-002-4268,硝基清漆,硝基清漆,MAT-PNT-002,low,,manual,GD,False
MAP-MAT-PNT-002-4268,硝基清漆,硝基清漆,MAT-PNT-002,low,,manual,GD,False
MAP-MAT-PNT-002-4268,硝基清漆,硝基清漆,MAT-PNT-002,low,,manual,GD,False
MAP-MAT-PNT-002-4268,硝基清漆,硝基清漆,MAT-PNT-002,low,,manual,GD,False
MAP-MAT-PNT-002-4268,硝基清漆,硝基清漆,MAT-PNT-002,low,,manual,GD,False
MAP-MAT-PNT-002-4268,硝基清漆,硝基清漆,MAT-PNT-002,low,,manual,GD,False
MAP-MAT-PNT-002-4268,硝基清漆,硝基清漆,MAT-PNT-002,low,,manual,GD,False
MAP-MAT-PNT-002-4268,硝基清漆,硝基清漆,MAT-PNT-002,low,,manual,GD,False
MAP-MAT-PNT-002-4268,硝基清漆,硝基清漆,MAT-PNT-002,low,,manual,GD,False
MAP-MAT-PNT-002-4268,硝基清漆,硝基清漆,MAT-PNT-002,low,,manual,GD,False
MAP-MAT-PNT-002-4268,硝基清漆,硝基清漆,MAT-PNT-002,low,,manual,GD,False
MAP-MAT-PNT-002-4268,硝基清漆,硝基清漆,MAT-PNT-002,low,,manual,GD,False
MAP-MAT-PNT-002-4268,硝基清漆,硝基清漆,MAT-PNT-002,low,,manual,GD,False
MAP-MAT-PNT-002-4268,硝基清漆,硝基清漆,MAT-PNT-002,low,,manual,GD,False
MAP-MAT-PAI-002-1133,醇酸调和漆 各色,醇酸调和漆 各色,MAT-PAI-002,low,,manual,GD,False
MAP-MAT-PAI-002-1133,醇酸调和漆 各色,醇酸调和漆 各色,MAT-PAI-002,low,,manual,GD,False
MAP-MAT-PAI-002-1133,醇酸调和漆 各色,醇酸调和漆 各色,MAT-PAI-002,low,,manual,GD,False
MAP-MAT-PAI-002-1133,醇酸调和漆 各色,醇酸调和漆 各色,MAT-PAI-002,low,,manual,GD,False
MAP-MAT-PAI-002-1133,醇酸调和漆 各色,醇酸调和漆 各色,MAT-PAI-002,low,,manual,GD,False
MAP-MAT-PAI-002-1133,醇酸调和漆 各色,醇酸调和漆 各色,MAT-PAI-002,low,,manual,GD,False
MAP-MAT-PAI-002-1133,醇酸调和漆 各色,醇酸调和漆 各色,MAT-PAI-002,low,,manual,GD,False
MAP-MAT-PAI-002-1133,醇酸调和漆 各色,醇酸调和漆 各色,MAT-PAI-002,low,,manual,GD,False
MAP-MAT-PAI-002-1133,醇酸调和漆 各色,醇酸调和漆 各色,MAT-PAI-002,low,,manual,GD,False
MAP-MAT-PAI-002-1133,醇酸调和漆 各色,醇酸调和漆 各色,MAT-PAI-002,low,,manual,GD,False
MAP-MAT-PAI-002-1133,醇酸调和漆 各色,醇酸调和漆 各色,MAT-PAI-002,low,,manual,GD,False
MAP-MAT-PAI-002-1133,醇酸调和漆 各色,醇酸调和漆 各色,MAT-PAI-002,low,,manual,GD,False
MAP-MAT-PAI-002-1133,醇酸调和漆 各色,醇酸调和漆 各色,MAT-PAI-002,low,,manual,GD,False
MAP-MAT-PAI-002-1133,醇酸调和漆 各色,醇酸调和漆 各色,MAT-PAI-002,low,,manual,GD,False
MAP-MAT-PAI-002-1133,醇酸调和漆 各色,醇酸调和漆 各色,MAT-PAI-002,low,,manual,GD,False
MAP-MAT-PNT-002-4268,硝基清漆,硝基清漆,MAT-PNT-002,low,,manual,GD,False
MAP-MAT-PNT-002-9125,硝基磁漆,硝基磁漆,MAT-PNT-002,low,,manual,GD,False
MAP-MAT-PNT-002-4268,硝基清漆,硝基清漆,MAT-PNT-002,low,,manual,GD,False
MAP-MAT-PNT-002-9125,硝基磁漆,硝基磁漆,MAT-PNT-002,low,,manual,GD,False
MAP-MAT-PNT-002-4268,硝基清漆,硝基清漆,MAT-PNT-002,low,,manual,GD,False
MAP-MAT-PNT-002-9125,硝基磁漆,硝基磁漆,MAT-PNT-002,low,,manual,GD,False
MAP-MAT-PNT-002-4268,硝基清漆,硝基清漆,MAT-PNT-002,low,,manual,GD,False
MAP-MAT-PNT-002-9125,硝基磁漆,硝基磁漆,MAT-PNT-002,low,,manual,GD,False
MAP-MAT-PNT-002-4268,硝基清漆,硝基清漆,MAT-PNT-002,low,,manual,GD,False
MAP-MAT-PNT-002-9125,硝基磁漆,硝基磁漆,MAT-PNT-002,low,,manual,GD,False
MAP-MAT-PNT-002-4268,硝基清漆,硝基清漆,MAT-PNT-002,low,,manual,GD,False
MAP-MAT-PNT-002-9125,硝基磁漆,硝基磁漆,MAT-PNT-002,low,,manual,GD,False
MAP-MAT-PNT-001-5669,醇酸清漆,醇酸清漆,MAT-PNT-001,low,,manual,GD,False
MAP-MAT-PNT-001-5669,醇酸清漆,醇酸清漆,MAT-PNT-001,low,,manual,GD,False
MAP-MAT-PNT-001-5669,醇酸清漆,醇酸清漆,MAT-PNT-001,low,,manual,GD,False
MAP-MAT-PNT-001-5669,醇酸清漆,醇酸清漆,MAT-PNT-001,low,,manual,GD,False
MAP-MAT-PNT-002-4268,硝基清漆,硝基清漆,MAT-PNT-002,low,,manual,GD,False
MAP-MAT-PNT-002-9125,硝基磁漆,硝基磁漆,MAT-PNT-002,low,,manual,GD,False
MAP-MAT-PNT-001-5669,醇酸清漆,醇酸清漆,MAT-PNT-001,low,,manual,GD,False
MAP-MAT-PNT-002-4268,硝基清漆,硝基清漆,MAT-PNT-002,low,,manual,GD,False
MAP-MAT-PNT-002-9125,硝基磁漆,硝基磁漆,MAT-PNT-002,low,,manual,GD,False
MAP-MAT-PNT-001-5669,醇酸清漆,醇酸清漆,MAT-PNT-001,low,,manual,GD,False
MAP-MAT-PNT-002-4268,硝基清漆,硝基清漆,MAT-PNT-002,low,,manual,GD,False
MAP-MAT-PNT-002-9125,硝基磁漆,硝基磁漆,MAT-PNT-002,low,,manual,GD,False
MAP-MAT-PAI-001-6274,防霉涂料,防霉涂料,MAT-PAI-001,low,,manual,GD,False
MAP-MAT-PAI-001-6274,防霉涂料,防霉涂料,MAT-PAI-001,low,,manual,GD,False
MAP-MAT-PAI-001-6274,防霉涂料,防霉涂料,MAT-PAI-001,low,,manual,GD,False
MAP-MAT-PNT-001-5669,醇酸清漆,醇酸清漆,MAT-PNT-001,low,,manual,GD,False
MAP-MAT-PNT-001-5669,醇酸清漆,醇酸清漆,MAT-PNT-001,low,,manual,GD,False
MAP-HB-35505,热轧薄钢板 δ1.6 ~ 1.9 kg,热轧薄钢板 δ1.6 ~ 1.9 kg,MAT-STE-006,auto,,HB材料→T3,HB,False
MAP-HB-50710,热轧薄钢板 δ1.6 ~ 1.9 设 额 kg,热轧薄钢板 δ1.6 ~ 1.9 设 额 kg,MAT-STE-006,auto,,HB材料→T3,HB,False
MAP-HB-82684,热轧薄钢板 δ1.6 ~ 1.9 kg 4.11 2.500 3.000 3.000 4.000 4.000 设 额 kg,热轧薄钢板 δ1.6 ~ 1.9 kg 4.11 2.500 3.000 3.000 4.000 4.000 设 额 kg,MAT-STE-006,auto,,HB材料→T3,HB,False
MAP-HB-69440,热轧薄钢板 δ1.6 ~ 1.9 kg 4.11 6.000 6.000 6.000 8.000 设 额 kg,热轧薄钢板 δ1.6 ~ 1.9 kg 4.11 6.000 6.000 6.000 8.000 设 额 kg,MAT-STE-006,auto,,HB材料→T3,HB,False
MAP-HB-01314,热轧薄钢板 δ1.6 ~ 1.9 kg 4.11 4.000 4.000 4.200 4.400 4.840 5.324 设 额 kg,热轧薄钢板 δ1.6 ~ 1.9 kg 4.11 4.000 4.000 4.200 4.400 4.840 5.324 设 额 kg,MAT-STE-006,auto,,HB材料→T3,HB,False
MAP-HB-25506,角钢 60 kg,角钢 60 kg,MAT-STE-005,auto,,HB材料→T3,HB,False
MAP-HB-64933,焊接钢管 DN15 m,焊接钢管 DN15 m,MAT-STE-007,auto,,HB材料→T3,HB,False
MAP-HB-23838,热轧厚钢板 δ21 ~ 30 kg 3.66 - - - 150.000 160.000 20 安 m3,热轧厚钢板 δ21 ~ 30 kg 3.66 - - - 150.000 160.000 20 安 m3,MAT-STE-006,auto,,HB材料→T3,HB,False
MAP-HB-62029,螺纹球阀 DN20 个,螺纹球阀 DN20 个,MAT-VALV-005,auto,,HB材料→T3,HB,False
MAP-HB-63437,热轧厚钢板 δ21 ~ 30 kg,热轧厚钢板 δ21 ~ 30 kg,MAT-STE-006,auto,,HB材料→T3,HB,False
MAP-HB-81885,圆钢 ϕ10 ~ 14 kg,圆钢 ϕ10 ~ 14 kg,MAT-STE-002,auto,,HB材料→T3,HB,False
MAP-HB-38698,热轧厚钢板 δ8.0 ~ 20 kg,热轧厚钢板 δ8.0 ~ 20 kg,MAT-STE-006,auto,,HB材料→T3,HB,False
MAP-HB-97030,热轧厚钢板 δ31 以外 kg,热轧厚钢板 δ31 以外 kg,MAT-STE-006,auto,,HB材料→T3,HB,False
MAP-HB-04201,无缝钢管 ϕ57×4 m,无缝钢管 ϕ57×4 m,MAT-TRN-002,auto,,HB材料→T3,HB,False
MAP-HB-70083,焊接钢管 DN20 m,焊接钢管 DN20 m,MAT-STE-007,auto,,HB材料→T3,HB,False
MAP-HB-71089,防锈漆 C53-1 kg,防锈漆 C53-1 kg,MAT-PNT-001,auto,,HB材料→T3,HB,False
MAP-HB-78500,螺纹球阀 DN50,螺纹球阀 DN50,MAT-VALV-005,auto,,HB材料→T3,HB,False
MAP-HB-83517,钢板 δ4.5 ~ 7 kg,钢板 δ4.5 ~ 7 kg,MAT-STE-006,auto,,HB材料→T3,HB,False
MAP-HB-53626,无缝钢管 ϕ42.5×3.5 m,无缝钢管 ϕ42.5×3.5 m,MAT-TRN-002,auto,,HB材料→T3,HB,False
MAP-HB-96765,防锈漆 C53-1 kg 13.20 30.000 40.000 52.000 67.600 kg,防锈漆 C53-1 kg 13.20 30.000 40.000 52.000 67.600 kg,MAT-PNT-001,auto,,HB材料→T3,HB,False
MAP-HB-48618,石墨粉 高碳 kg,石墨粉 高碳 kg,MAT-EQP-020,auto,,HB材料→T3,HB,False
MAP-HB-69738,螺纹球阀 DN50 个,螺纹球阀 DN50 个,MAT-VALV-005,auto,,HB材料→T3,HB,False
MAP-HB-68998,热轧薄钢板 δ1.6~ 1.9 kg,热轧薄钢板 δ1.6~ 1.9 kg,MAT-STE-006,auto,,HB材料→T3,HB,False
MAP-HB-95704,钢板 δ4.5 ~ 7 kg 4.11 1.955 1.955 2.070 2.070 2.530 2.530 设 额 m3,钢板 δ4.5 ~ 7 kg 4.11 1.955 1.955 2.070 2.070 2.530 2.530 设 额 m3,MAT-STE-006,auto,,HB材料→T3,HB,False
MAP-HB-78840,钢板 δ4.5 ~ 7 kg 4.11 3.450 3.450 5.750 m3,钢板 δ4.5 ~ 7 kg 4.11 3.450 3.450 5.750 m3,MAT-STE-006,auto,,HB材料→T3,HB,False
MAP-HB-37083,钢板 δ4.5 ~ 7 设 额 kg,钢板 δ4.5 ~ 7 设 额 kg,MAT-STE-006,auto,,HB材料→T3,HB,False
MAP-HB-50684,钢板 δ4.5 ~ 7设 额 kg,钢板 δ4.5 ~ 7设 额 kg,MAT-STE-006,auto,,HB材料→T3,HB,False
MAP-HB-63888,钢板 δ4.5 ~ 7 kg 4.11 1.030 1.030 1.030 1.540 1.540 2.600 m3 3.90,钢板 δ4.5 ~ 7 kg 4.11 1.030 1.030 1.030 1.540 1.540 2.600 m3 3.90,MAT-STE-006,auto,,HB材料→T3,HB,False
MAP-HB-54187,钢板 δ4.5 ~ 7 kg 4.11 2.600 3.600 0.520 1.030 m3,钢板 δ4.5 ~ 7 kg 4.11 2.600 3.600 0.520 1.030 m3,MAT-STE-006,auto,,HB材料→T3,HB,False
MAP-HB-25365,热轧薄钢板 δ0.5 ~ 0.65 kg 4.15 0.500 0.600 0.700 0.550 0.650 0.750 m3 2785.15 0.010 0.011 0.014 0.016 0.021 0.028,热轧薄钢板 δ0.5 ~ 0.65 kg 4.15 0.500 0.600 0.700 0.550 0.650 0.750 m3 2785.15 0.010 0.011 0.014 0.016 0.021 0.028,MAT-STE-006,auto,,HB材料→T3,HB,False
MAP-HB-04764,热轧薄钢板 δ0.5 ~ 0.65 kg,热轧薄钢板 δ0.5 ~ 0.65 kg,MAT-STE-006,auto,,HB材料→T3,HB,False
MAP-HB-67716,热轧薄钢板 δ0.5 ~ 0.65 kg 4.15 4.000 9.120 6.000 1.500 1.800 2.100 m3,热轧薄钢板 δ0.5 ~ 0.65 kg 4.15 4.000 9.120 6.000 1.500 1.800 2.100 m3,MAT-STE-006,auto,,HB材料→T3,HB,False
MAP-HB-80109,热轧薄钢板 δ0.5 ~ 0.65 设 额 kg,热轧薄钢板 δ0.5 ~ 0.65 设 额 kg,MAT-STE-006,auto,,HB材料→T3,HB,False
MAP-HB-49934,热轧薄钢板 δ1.6 ~ 1.9 kg 4.11 0.300 0.300 0.500 0.650 m3,热轧薄钢板 δ1.6 ~ 1.9 kg 4.11 0.300 0.300 0.500 0.650 m3,MAT-STE-006,auto,,HB材料→T3,HB,False
MAP-HB-61796,热轧薄钢板 δ1.6 ~ 1.9 kg 4.11 0.400 0.500 0.800 0.800 0.900 m3,热轧薄钢板 δ1.6 ~ 1.9 kg 4.11 0.400 0.500 0.800 0.800 0.900 m3,MAT-STE-006,auto,,HB材料→T3,HB,False
MAP-HB-15618,镀锌圆钢 ϕ16 m,镀锌圆钢 ϕ16 m,MAT-STE-002,auto,,HB材料→T3,HB,False
MAP-HB-24601,热轧薄钢板 δ1.6 ~ 1.9 kg 4.11 0.400 0.400 0.400 0.400 0.400 0.600 m3,热轧薄钢板 δ1.6 ~ 1.9 kg 4.11 0.400 0.400 0.400 0.400 0.400 0.600 m3,MAT-STE-006,auto,,HB材料→T3,HB,False
MAP-HB-85689,热轧薄钢板 δ1.6 ~ 1.9 kg 4.11 0.500 0.500 0.600 m3 2785.15 0.008 0.008 0.008 kg,热轧薄钢板 δ1.6 ~ 1.9 kg 4.11 0.500 0.500 0.600 m3 2785.15 0.008 0.008 0.008 kg,MAT-STE-006,auto,,HB材料→T3,HB,False
MAP-HB-41990,不锈钢板 综合 kg,不锈钢板 综合 kg,MAT-STE-006,auto,,HB材料→T3,HB,False
MAP-HB-52089,不锈钢板 综合 kg 14.75 - - - 0.100 0.160 0.200 m,不锈钢板 综合 kg 14.75 - - - 0.100 0.160 0.200 m,MAT-STE-006,auto,,HB材料→T3,HB,False
MAP-HB-89480,热轧厚钢板 δ8.0 ~ 20 设 额 kg,热轧厚钢板 δ8.0 ~ 20 设 额 kg,MAT-STE-006,auto,,HB材料→T3,HB,False
MAP-HB-87988,板枋材 m3,板枋材 m3,MAT-WOO-001,auto,,HB材料→T3,HB,False
MAP-HB-56188,板枋材 m 3,板枋材 m 3,MAT-WOO-001,auto,,HB材料→T3,HB,False
MAP-HB-67058,板枋材 m3 2566.00 - 0.080 0.080 0.080 0.090 0.100 m3,板枋材 m3 2566.00 - 0.080 0.080 0.080 0.090 0.100 m3,MAT-WOO-001,auto,,HB材料→T3,HB,False
MAP-HB-31991,硅酸钠 水玻璃 kg,硅酸钠 水玻璃 kg,MAT-UTL-001,auto,,HB材料→T3,HB,False
MAP-HB-70180,热轧厚钢板 δ8.0 ~ 20 kg 3.66 80.000 90.000 128.000 m,热轧厚钢板 δ8.0 ~ 20 kg 3.66 80.000 90.000 128.000 m,MAT-STE-006,auto,,HB材料→T3,HB,False
MAP-HB-25688,钢板垫板 设 额 kg,钢板垫板 设 额 kg,MAT-STE-006,auto,,HB材料→T3,HB,False
MAP-HB-00345,钢板 δ4.5 ~ 10 kg,钢板 δ4.5 ~ 10 kg,MAT-STE-006,auto,,HB材料→T3,HB,False
MAP-HB-75745,塑料布 kg 10.62 18.420 27.630 46.000 46.000 水 t,塑料布 kg 10.62 18.420 27.630 46.000 46.000 水 t,MAT-UTL-001,auto,,HB材料→T3,HB,False
MAP-HB-73910,无缝钢管 ϕ22×2 m,无缝钢管 ϕ22×2 m,MAT-TRN-002,auto,,HB材料→T3,HB,False
MAP-HB-84970,无缝钢管 ϕ25×2 m,无缝钢管 ϕ25×2 m,MAT-TRN-002,auto,,HB材料→T3,HB,False
MAP-HB-24816,无缝钢管 ϕ38×2.25 m,无缝钢管 ϕ38×2.25 m,MAT-TRN-002,auto,,HB材料→T3,HB,False
MAP-HB-23510,无缝钢管 ϕ57×3 m,无缝钢管 ϕ57×3 m,MAT-TRN-002,auto,,HB材料→T3,HB,False
MAP-HB-50786,汽轮机油 kg,汽轮机油 kg,MAT-EQP-002,auto,,HB材料→T3,HB,False
MAP-HB-45205,钢板垫板 kg,钢板垫板 kg,MAT-STE-006,auto,,HB材料→T3,HB,False
MAP-HB-24814,塑料布 kg 10.62 1.680 2.790 4.410 - 水 t,塑料布 kg 10.62 1.680 2.790 4.410 - 水 t,MAT-UTL-001,auto,,HB材料→T3,HB,False
MAP-HB-24513,减震钢板 块 ( 元) -,减震钢板 块 ( 元) -,MAT-STE-006,auto,,HB材料→T3,HB,False
MAP-HB-77847,圆钢 综合 设 额 kg,圆钢 综合 设 额 kg,MAT-STE-002,auto,,HB材料→T3,HB,False
MAP-HB-19271,钢板 综合 kg,钢板 综合 kg,MAT-STE-006,auto,,HB材料→T3,HB,False
MAP-HB-25159,圆钢 综合 kg,圆钢 综合 kg,MAT-STE-002,auto,,HB材料→T3,HB,False
MAP-HB-69701,镀锌钢管 DN25 m 11.59 3.686 3.800 4.076 4.614 % - 2.000 2.000 2.000 2.000 kg 7.03 12.723 16.630 14.435 13.238 kW·h,镀锌钢管 DN25 m 11.59 3.686 3.800 4.076 4.614 % - 2.000 2.000 2.000 2.000 kg 7.03 12.723 16.630 14.435 13.238 kW·h,MAT-TRN-002,auto,,HB材料→T3,HB,False
MAP-HB-71468,圆钢 综合 kg 3.60 0.808 - - - - kg,圆钢 综合 kg 3.60 0.808 - - - - kg,MAT-STE-002,auto,,HB材料→T3,HB,False
MAP-HB-40233,钢板 综合 kg 4.11 3.834 4.366 4.366 5.087 kg,钢板 综合 kg 4.11 3.834 4.366 4.366 5.087 kg,MAT-STE-006,auto,,HB材料→T3,HB,False
MAP-HB-45734,无水亚硫酸钠 g,无水亚硫酸钠 g,MAT-UTL-001,auto,,HB材料→T3,HB,False
MAP-HB-82118,紫铜管 ϕ4 ~ 13 kg,紫铜管 ϕ4 ~ 13 kg,MAT-PIPE-006,auto,,HB材料→T3,HB,False
MAP-HB-32984,英文字母铅码 套 47.06 0.414 0.370 0.346 0.313 水 m3,英文字母铅码 套 47.06 0.414 0.370 0.346 0.313 水 m3,MAT-UTL-001,auto,,HB材料→T3,HB,False
MAP-HB-40808,英文字母铅码 设 额 套 47.06 0.434 0.389 0.363 0.328 水 m3,英文字母铅码 设 额 套 47.06 0.434 0.389 0.363 0.328 水 m3,MAT-UTL-001,auto,,HB材料→T3,HB,False
MAP-HB-73584,钢板 综合 kg 4.11 5.865 5.334 0.698 0.638 铅板 80×300×3 设 额 kg,钢板 综合 kg 4.11 5.865 5.334 0.698 0.638 铅板 80×300×3 设 额 kg,MAT-STE-006,auto,,HB材料→T3,HB,False
MAP-HB-43350,无缝钢管 综合 kg,无缝钢管 综合 kg,MAT-TRN-002,auto,,HB材料→T3,HB,False
MAP-HB-46711,英文字母铅码 套 47.06 0.249 0.237 0.239 0.246 水 m3,英文字母铅码 套 47.06 0.249 0.237 0.239 0.246 水 m3,MAT-UTL-001,auto,,HB材料→T3,HB,False
MAP-HB-85357,英文字母铅码 套 47.06 0.281 0.267 0.269 0.276 水 m3,英文字母铅码 套 47.06 0.281 0.267 0.269 0.276 水 m3,MAT-UTL-001,auto,,HB材料→T3,HB,False
MAP-HB-18967,钢板 δ3 ~ 10 kg,钢板 δ3 ~ 10 kg,MAT-STE-006,auto,,HB材料→T3,HB,False
MAP-HB-19428,无水碳酸钠 g,无水碳酸钠 g,MAT-UTL-001,auto,,HB材料→T3,HB,False
MAP-HB-60056,中厚钢板 δ15 以内 kg,中厚钢板 δ15 以内 kg,MAT-STE-006,auto,,HB材料→T3,HB,False
MAP-HB-78443,无缝钢管 综合 kg 4.24 0.882 - % - 2.000 2.000 kW·h,无缝钢管 综合 kg 4.24 0.882 - % - 2.000 2.000 kW·h,MAT-TRN-002,auto,,HB材料→T3,HB,False
MAP-HB-54245,镀锌钢板 综合 kg 5.21 1.397 1.250 - - - kg,镀锌钢板 综合 kg 5.21 1.397 1.250 - - - kg,MAT-STE-006,auto,,HB材料→T3,HB,False
MAP-HB-61927,酚醛防锈漆 kg,酚醛防锈漆 kg,MAT-PNT-001,auto,,HB材料→T3,HB,False
MAP-HB-64116,氨水 kg,氨水 kg,MAT-UTL-001,auto,,HB材料→T3,HB,False
MAP-HB-48186,联氨 40% kg,联氨 40% kg,MAT-EQP-014,auto,,HB材料→T3,HB,False
MAP-HB-06997,法兰截止阀 DN50 个,法兰截止阀 DN50 个,MAT-FITT-003,auto,,HB材料→T3,HB,False
MAP-HB-58737,平焊法兰 PN1.6MPa DN50 片 39.60 1.895 1.895 1.895 2.530 m3,平焊法兰 PN1.6MPa DN50 片 39.60 1.895 1.895 1.895 2.530 m3,MAT-FITT-003,auto,,HB材料→T3,HB,False
MAP-HB-04517,软化水 t - (27.481) (51.172) (73.915) (121.296) 电 kW·h -,软化水 t - (27.481) (51.172) (73.915) (121.296) 电 kW·h -,MAT-UTL-001,auto,,HB材料→T3,HB,False
MAP-HB-13725,平焊法兰 PN1.6MPa DN50 片 39.60 2.100 2.100 2.100 2.804 m,平焊法兰 PN1.6MPa DN50 片 39.60 2.100 2.100 2.100 2.804 m,MAT-FITT-003,auto,,HB材料→T3,HB,False
MAP-HB-98691,软化水 t - (30.450) (56.700) (81.900) (134.400) 电 kW·h -,软化水 t - (30.450) (56.700) (81.900) (134.400) 电 kW·h -,MAT-UTL-001,auto,,HB材料→T3,HB,False
MAP-HB-83940,软化水 t -,软化水 t -,MAT-UTL-001,auto,,HB材料→T3,HB,False
MAP-HB-85133,中厚钢板 δ15 以外 kg,中厚钢板 δ15 以外 kg,MAT-STE-006,auto,,HB材料→T3,HB,False
MAP-HB-58642,聚氨酯泡沫塑料板 m3,聚氨酯泡沫塑料板 m3,MAT-BRD-006,auto,,HB材料→T3,HB,False
MAP-HB-32247,无缝钢管 ϕ51 ~ 70×4.7 ~ 7 kg,无缝钢管 ϕ51 ~ 70×4.7 ~ 7 kg,MAT-TRN-002,auto,,HB材料→T3,HB,False
MAP-HB-68724,压制弯头 DN100 个,压制弯头 DN100 个,MAT-FITT-001,auto,,HB材料→T3,HB,False
MAP-HB-70818,压制弯头 DN200 个,压制弯头 DN200 个,MAT-FITT-001,auto,,HB材料→T3,HB,False
MAP-HB-32657,法兰截止阀 J41T-16 DN100 个,法兰截止阀 J41T-16 DN100 个,MAT-FITT-003,auto,,HB材料→T3,HB,False
MAP-HB-17451,法兰止回阀 H44T-10 DN100,法兰止回阀 H44T-10 DN100,MAT-FITT-003,auto,,HB材料→T3,HB,False
MAP-HB-00759,平焊法兰 PN1.6MPa DN100 副,平焊法兰 PN1.6MPa DN100 副,MAT-FITT-003,auto,,HB材料→T3,HB,False
MAP-HB-10304,平焊法兰 PN1.6MPa DN200 副 288.00 14.515 20.160 15.120 21.000,平焊法兰 PN1.6MPa DN200 副 288.00 14.515 20.160 15.120 21.000,MAT-FITT-003,auto,,HB材料→T3,HB,False
MAP-HB-75802,温度计 0 ~ 100℃ 支,温度计 0 ~ 100℃ 支,MAT-ELEC-005,auto,,HB材料→T3,HB,False
MAP-HB-05931,弹簧压力表 Y-100 0 ~ 1.6MPa 块,弹簧压力表 Y-100 0 ~ 1.6MPa 块,MAT-ELEC-005,auto,,HB材料→T3,HB,False
MAP-HB-49377,转子流量计 TZB-25 1000t / min 支,转子流量计 TZB-25 1000t / min 支,MAT-ELEC-005,auto,,HB材料→T3,HB,False
MAP-HB-78495,仪表接头 套,仪表接头 套,MAT-AUXI-013,auto,,HB材料→T3,HB,False
MAP-HB-37892,衬胶隔膜阀 G40J-10 DN50,衬胶隔膜阀 G40J-10 DN50,MAT-COAT-005,auto,,HB材料→T3,HB,False
MAP-HB-84740,衬胶隔膜阀 G40J-10 DN100 只,衬胶隔膜阀 G40J-10 DN100 只,MAT-COAT-005,auto,,HB材料→T3,HB,False
MAP-HB-84115,镀锌钢板 综合 kg 5.21 5.686 5.686 5.686 0.948 0.474 0.474 kg,镀锌钢板 综合 kg 5.21 5.686 5.686 5.686 0.948 0.474 0.474 kg,MAT-STE-006,auto,,HB材料→T3,HB,False
MAP-HB-41624,镀锌钢板 综合 kg 5.21 - - 0.474 0.569 材 kg,镀锌钢板 综合 kg 5.21 - - 0.474 0.569 材 kg,MAT-STE-006,auto,,HB材料→T3,HB,False
MAP-HB-58860,镀锌钢板 综合 kg 5.21 0.663 0.663 - - kg,镀锌钢板 综合 kg 5.21 0.663 0.663 - - kg,MAT-STE-006,auto,,HB材料→T3,HB,False
MAP-HB-99862,镀锌钢板 综合 kg,镀锌钢板 综合 kg,MAT-STE-006,auto,,HB材料→T3,HB,False
MAP-HB-48431,青壳纸 δ0.1 ~ 1.0 kg 55.20 1.167 1.363 2.150 水 m3,青壳纸 δ0.1 ~ 1.0 kg 55.20 1.167 1.363 2.150 水 m3,MAT-UTL-001,auto,,HB材料→T3,HB,False
MAP-HB-16166,钢板 综合 kg 4.11 22.992 27.591 30.656 1.217 1.703 2.434 设 额 kg,钢板 综合 kg 4.11 22.992 27.591 30.656 1.217 1.703 2.434 设 额 kg,MAT-STE-006,auto,,HB材料→T3,HB,False
MAP-HB-86006,酚醛防锈漆 kg 13.96 0.319 0.383 0.426 kg,酚醛防锈漆 kg 13.96 0.319 0.383 0.426 kg,MAT-PNT-001,auto,,HB材料→T3,HB,False
MAP-HB-42205,镀锌钢板 综合 kg 5.21 0.487 0.487 0.487 kg,镀锌钢板 综合 kg 5.21 0.487 0.487 0.487 kg,MAT-STE-006,auto,,HB材料→T3,HB,False
MAP-HB-53727,青壳纸 δ0.1 ~ 1.0 kg 55.20 0.973 1.167 1.363 1.540 水 m3,青壳纸 δ0.1 ~ 1.0 kg 55.20 0.973 1.167 1.363 1.540 水 m3,MAT-UTL-001,auto,,HB材料→T3,HB,False
MAP-HB-24442,青壳纸 δ0.1 ~ 1.0 kg 55.20 0.487 0.586 0.684 水 m3,青壳纸 δ0.1 ~ 1.0 kg 55.20 0.487 0.586 0.684 水 m3,MAT-UTL-001,auto,,HB材料→T3,HB,False
MAP-HB-96999,热轧薄钢板 综合 kg,热轧薄钢板 综合 kg,MAT-STE-006,auto,,HB材料→T3,HB,False
MAP-HB-54047,热轧薄钢板 δ2.0 ~ 3.0 kg,热轧薄钢板 δ2.0 ~ 3.0 kg,MAT-STE-006,auto,,HB材料→T3,HB,False
MAP-HB-59015,中厚钢板 δ15 以内设 额 kg,中厚钢板 δ15 以内设 额 kg,MAT-STE-006,auto,,HB材料→T3,HB,False
MAP-HB-04790,热轧薄钢板 δ2.0 ~ 3.0 设 额 kg,热轧薄钢板 δ2.0 ~ 3.0 设 额 kg,MAT-STE-006,auto,,HB材料→T3,HB,False
MAP-HB-04500,钢板 综合 设 额 kg,钢板 综合 设 额 kg,MAT-STE-006,auto,,HB材料→T3,HB,False
MAP-HB-95616,不锈钢板 δ0.05 ~ 0.5 kg,不锈钢板 δ0.05 ~ 0.5 kg,MAT-STE-006,auto,,HB材料→T3,HB,False
MAP-HB-52573,有机玻璃 δ8 m 2 23.23 0.045 0.045 0.073 0.107 kg,有机玻璃 δ8 m 2 23.23 0.045 0.045 0.073 0.107 kg,MAT-AUX-009,auto,,HB材料→T3,HB,False
MAP-HB-12896,圆钢 综合 kg 3.60 13.229 18.026 22.873 31.611 材 kg,圆钢 综合 kg 3.60 13.229 18.026 22.873 31.611 材 kg,MAT-STE-002,auto,,HB材料→T3,HB,False
MAP-HB-05669,有机玻璃 δ8 m 2,有机玻璃 δ8 m 2,MAT-AUX-009,auto,,HB材料→T3,HB,False
MAP-HB-82204,圆钢 综合 kg 3.60 18.376 22.873 33.624 材 kg,圆钢 综合 kg 3.60 18.376 22.873 33.624 材 kg,MAT-STE-002,auto,,HB材料→T3,HB,False
MAP-HB-03386,无缝钢管 综合 设 额 kg,无缝钢管 综合 设 额 kg,MAT-TRN-002,auto,,HB材料→T3,HB,False
MAP-HB-97657,圆钢 综合 kg 3.60 10.682 14.556 18.470 25.526 设 额 kg,圆钢 综合 kg 3.60 10.682 14.556 18.470 25.526 设 额 kg,MAT-STE-002,auto,,HB材料→T3,HB,False
MAP-HB-08950,钢板 综合 kg 4.11 47.701 66.984 114.735 158.564 kg,钢板 综合 kg 4.11 47.701 66.984 114.735 158.564 kg,MAT-STE-006,auto,,HB材料→T3,HB,False
MAP-HB-34205,圆钢 综合 kg 3.60 7.585 6.876 7.231 9.545 设 额 kg 4.11 148.867 82.156 94.405 124.615 kg 5.50 90.473 101.717 86.981 154.302 kg,圆钢 综合 kg 3.60 7.585 6.876 7.231 9.545 设 额 kg 4.11 148.867 82.156 94.405 124.615 kg 5.50 90.473 101.717 86.981 154.302 kg,MAT-STE-002,auto,,HB材料→T3,HB,False
MAP-HB-29565,除盐水 t - (120.000) (200.000) (300.000) (345.000) t - (80.000) (140.000) (250.000) (287.500) 电 kW·h - (4510.000) (10760.000) (18010.000) (20711.500) kg -,除盐水 t - (120.000) (200.000) (300.000) (345.000) t - (80.000) (140.000) (250.000) (287.500) 电 kW·h - (4510.000) (10760.000) (18010.000) (20711.500) kg -,MAT-UTL-001,auto,,HB材料→T3,HB,False
MAP-HB-70165,角钢 综合 kg,角钢 综合 kg,MAT-STE-005,auto,,HB材料→T3,HB,False
MAP-HB-71439,镀锌薄钢板 综合 设 额 kg,镀锌薄钢板 综合 设 额 kg,MAT-STE-006,auto,,HB材料→T3,HB,False
MAP-HB-85212,冲压弯头 DN80 个,冲压弯头 DN80 个,MAT-FITT-001,auto,,HB材料→T3,HB,False
MAP-HB-29143,平焊法兰 PN1.6MPa DN70 片,平焊法兰 PN1.6MPa DN70 片,MAT-FITT-003,auto,,HB材料→T3,HB,False
MAP-HB-45854,除盐水 t - (100.000) (180.000) (250.000) (287.500) t - - (260.000) (470.000) (540.500) 电 kW·h -,除盐水 t - (100.000) (180.000) (250.000) (287.500) t - - (260.000) (470.000) (540.500) 电 kW·h -,MAT-UTL-001,auto,,HB材料→T3,HB,False
MAP-HB-21796,汽轮机油 kg - (232.000) (432.000) (762.000) (876.300) kg,汽轮机油 kg - (232.000) (432.000) (762.000) (876.300) kg,MAT-EQP-002,auto,,HB材料→T3,HB,False
MAP-HB-96181,角钢 综合 设 额 kg,角钢 综合 设 额 kg,MAT-STE-005,auto,,HB材料→T3,HB,False
MAP-HB-80368,镀锌薄钢板 综合 kg,镀锌薄钢板 综合 kg,MAT-STE-006,auto,,HB材料→T3,HB,False
MAP-HB-24642,冲压弯头 DN80,冲压弯头 DN80,MAT-FITT-001,auto,,HB材料→T3,HB,False
MAP-HB-16862,无缝钢管 ϕ51 ~ 70×4.7 ~ 7 kg 4.24 10.700 10.701 11.318 13.016 m,无缝钢管 ϕ51 ~ 70×4.7 ~ 7 kg 4.24 10.700 10.701 11.318 13.016 m,MAT-TRN-002,auto,,HB材料→T3,HB,False
MAP-HB-24147,平焊法兰 PN1.6MPa DN70 片 52.30 1.639 1.639 1.639 1.884 kg,平焊法兰 PN1.6MPa DN70 片 52.30 1.639 1.639 1.639 1.884 kg,MAT-FITT-003,auto,,HB材料→T3,HB,False
MAP-HB-18190,钢板 综合 kg 4.11 16.360 22.071 22.202 28.788 36.879 47.496 kg,钢板 综合 kg 4.11 16.360 22.071 22.202 28.788 36.879 47.496 kg,MAT-STE-006,auto,,HB材料→T3,HB,False
MAP-HB-89131,不锈钢板 δ0.05 ~ 0.5 kg 14.75 0.439 0.439 0.439 0.565 0.724 0.933 kg,不锈钢板 δ0.05 ~ 0.5 kg 14.75 0.439 0.439 0.439 0.565 0.724 0.933 kg,MAT-STE-006,auto,,HB材料→T3,HB,False
MAP-HB-36062,中厚钢板 综合 kg,中厚钢板 综合 kg,MAT-STE-006,auto,,HB材料→T3,HB,False
MAP-HB-04592,铜对焊法兰 片,铜对焊法兰 片,MAT-FITT-003,auto,,HB材料→T3,HB,False
MAP-HB-79411,不锈钢板 δ0.05 ~ 0.5 kg 14.75 0.449 0.718 0.718 0.898 kg,不锈钢板 δ0.05 ~ 0.5 kg 14.75 0.449 0.718 0.718 0.898 kg,MAT-STE-006,auto,,HB材料→T3,HB,False
MAP-HB-85915,不锈钢板 δ0.05 ~ 0.5 kg 14.75 0.095 0.190 0.190 0.379 0.663 kg,不锈钢板 δ0.05 ~ 0.5 kg 14.75 0.095 0.190 0.190 0.379 0.663 kg,MAT-STE-006,auto,,HB材料→T3,HB,False
MAP-HB-00162,镀锌弯头 DN20 个,镀锌弯头 DN20 个,MAT-FITT-001,auto,,HB材料→T3,HB,False
MAP-HB-48731,螺纹截止阀 J11T-16 DN20 个,螺纹截止阀 J11T-16 DN20 个,MAT-VALV-003,auto,,HB材料→T3,HB,False
MAP-HB-99854,聚氯乙烯板 δ8 m 2,聚氯乙烯板 δ8 m 2,MAT-BRD-006,auto,,HB材料→T3,HB,False
MAP-HB-45130,钢板 综合 kg 4.11 30.992 55.761 62.731 94.341 113.209 kg,钢板 综合 kg 4.11 30.992 55.761 62.731 94.341 113.209 kg,MAT-STE-006,auto,,HB材料→T3,HB,False
MAP-HB-46489,镀锌钢管 DN50 m 23.29 0.523 1.646 1.857 1.646 1.976,镀锌钢管 DN50 m 23.29 0.523 1.646 1.857 1.646 1.976,MAT-TRN-002,auto,,HB材料→T3,HB,False
MAP-HB-34220,汽轮机油 kg 12.34 0.047 0.047 0.056 0.938 1.125 kg,汽轮机油 kg 12.34 0.047 0.047 0.056 0.938 1.125 kg,MAT-EQP-002,auto,,HB材料→T3,HB,False
MAP-HB-20066,镀锌钢管 DN15 m,镀锌钢管 DN15 m,MAT-TRN-002,auto,,HB材料→T3,HB,False
MAP-HB-75001,无缝钢管 ϕ25×4 m,无缝钢管 ϕ25×4 m,MAT-TRN-002,auto,,HB材料→T3,HB,False
MAP-HB-57146,钢板 综合 kg 4.11 13.406 19.691 19.691 33.516 kg,钢板 综合 kg 4.11 13.406 19.691 19.691 33.516 kg,MAT-STE-006,auto,,HB材料→T3,HB,False
MAP-HB-80639,汽轮机油 kg 12.34 1.995 2.494 3.491 3.491 kg,汽轮机油 kg 12.34 1.995 2.494 3.491 3.491 kg,MAT-EQP-002,auto,,HB材料→T3,HB,False
MAP-HB-16783,镀锌薄钢板 δ0.75 m2,镀锌薄钢板 δ0.75 m2,MAT-STE-006,auto,,HB材料→T3,HB,False
MAP-HB-99423,镀锌钢板 综合 kg 5.21 1.000 0.800 0.800 0.800 0.800 kg,镀锌钢板 综合 kg 5.21 1.000 0.800 0.800 0.800 0.800 kg,MAT-STE-006,auto,,HB材料→T3,HB,False
MAP-HB-25015,防锈漆 C53-1 kg 13.20 0.500 0.500 kg,防锈漆 C53-1 kg 13.20 0.500 0.500 kg,MAT-PNT-001,auto,,HB材料→T3,HB,False
MAP-HB-79708,钢板 综合 kg 4.11 30.000 50.000 kg,钢板 综合 kg 4.11 30.000 50.000 kg,MAT-STE-006,auto,,HB材料→T3,HB,False
MAP-HB-49475,天那水 kg,天那水 kg,MAT-UTL-001,auto,,HB材料→T3,HB,False
MAP-HB-60546,钢板 综合 kg 4.11 25.000 30.000 kg,钢板 综合 kg 4.11 25.000 30.000 kg,MAT-STE-006,auto,,HB材料→T3,HB,False
MAP-HB-17214,钢板 综合 kg 4.11 - 30.000 - kg 5.21 - 0.200 - kg,钢板 综合 kg 4.11 - 30.000 - kg 5.21 - 0.200 - kg,MAT-STE-006,auto,,HB材料→T3,HB,False
MAP-HB-07261,红丹防锈漆 kg,红丹防锈漆 kg,MAT-PNT-001,auto,,HB材料→T3,HB,False
MAP-HB-90449,松香水 kg,松香水 kg,MAT-UTL-001,auto,,HB材料→T3,HB,False
MAP-HB-16774,钢板 综合 kg 4.11 22.000 26.400 - - kg,钢板 综合 kg 4.11 22.000 26.400 - - kg,MAT-STE-006,auto,,HB材料→T3,HB,False
MAP-HB-34481,热轧薄钢板 δ1.0 ~ 1.5 kg,热轧薄钢板 δ1.0 ~ 1.5 kg,MAT-STE-006,auto,,HB材料→T3,HB,False
MAP-HB-55625,脚手架钢管 kg,脚手架钢管 kg,MAT-TRN-002,auto,,HB材料→T3,HB,False
MAP-HB-63885,镀锌钢板 综合 kg 5.21 1.020 1.416 0.780 1.200 1.500 kg,镀锌钢板 综合 kg 5.21 1.020 1.416 0.780 1.200 1.500 kg,MAT-STE-006,auto,,HB材料→T3,HB,False
MAP-HB-35871,青壳纸 δ0.1 ~ 1.0 kg 55.20 0.234 0.360 0.480 - 水 m3,青壳纸 δ0.1 ~ 1.0 kg 55.20 0.234 0.360 0.480 - 水 m3,MAT-UTL-001,auto,,HB材料→T3,HB,False
MAP-HB-62334,热轧薄钢板 δ4.0 kg,热轧薄钢板 δ4.0 kg,MAT-STE-006,auto,,HB材料→T3,HB,False
MAP-HB-81704,镀锌薄钢板 δ1 ~ 1.5 kg,镀锌薄钢板 δ1 ~ 1.5 kg,MAT-STE-006,auto,,HB材料→T3,HB,False
MAP-HB-67769,酚醛防锈漆 各色 kg,酚醛防锈漆 各色 kg,MAT-PNT-001,auto,,HB材料→T3,HB,False
MAP-HB-20838,热轧薄钢板 δ2.0 ~ 2.5 kg,热轧薄钢板 δ2.0 ~ 2.5 kg,MAT-STE-006,auto,,HB材料→T3,HB,False
MAP-HB-91440,热轧薄钢板 δ2.0 ~ 2.5 设 额 kg 4.11 0.330 0.700 0.900 - kg,热轧薄钢板 δ2.0 ~ 2.5 设 额 kg 4.11 0.330 0.700 0.900 - kg,MAT-STE-006,auto,,HB材料→T3,HB,False
MAP-HB-27051,钢板 综合 kg 4.11 8.000 10.000 10.000 12.000 kg,钢板 综合 kg 4.11 8.000 10.000 10.000 12.000 kg,MAT-STE-006,auto,,HB材料→T3,HB,False
MAP-HB-12377,钢板 综合 kg 4.11 8.000 10.000 10.000 12.000 12.000 15.000 kg,钢板 综合 kg 4.11 8.000 10.000 10.000 12.000 12.000 15.000 kg,MAT-STE-006,auto,,HB材料→T3,HB,False
MAP-HB-09129,钢板 综合 kg 4.11 5.000 6.000 kg,钢板 综合 kg 4.11 5.000 6.000 kg,MAT-STE-006,auto,,HB材料→T3,HB,False
MAP-HB-52255,钢板 综合 设 额 kg 4.11 8.000 11.000 kg 83.48 0.010 0.010 kg,钢板 综合 设 额 kg 4.11 8.000 11.000 kg 83.48 0.010 0.010 kg,MAT-STE-006,auto,,HB材料→T3,HB,False
MAP-HB-20959,( 元) kg 6.10 1.000 中厚钢板 δ15 以内 设 额 kg,( 元) kg 6.10 1.000 中厚钢板 δ15 以内 设 额 kg,MAT-STE-006,auto,,HB材料→T3,HB,False
MAP-HB-73815,焊接钢管 DN50 kg,焊接钢管 DN50 kg,MAT-STE-007,auto,,HB材料→T3,HB,False
MAP-HB-68003,塑料软管 ϕ10 m,塑料软管 ϕ10 m,MAT-PLUM-007,auto,,HB材料→T3,HB,False
MAP-HB-53576,环氧富锌漆 kg,环氧富锌漆 kg,MAT-PNT-001,auto,,HB材料→T3,HB,False
MAP-HB-71968,圆钢 ϕ10 ~ 14 设 额 kg,圆钢 ϕ10 ~ 14 设 额 kg,MAT-STE-002,auto,,HB材料→T3,HB,False
MAP-HB-05547,镀锌薄钢板 δ2 ~ 2.5 kg,镀锌薄钢板 δ2 ~ 2.5 kg,MAT-STE-006,auto,,HB材料→T3,HB,False
MAP-HB-49662,圆钢 ϕ10 ~ 14设 额 kg,圆钢 ϕ10 ~ 14设 额 kg,MAT-STE-002,auto,,HB材料→T3,HB,False
MAP-HB-93230,热轧薄钢板 δ3.5 ~ 4.0 kg,热轧薄钢板 δ3.5 ~ 4.0 kg,MAT-STE-006,auto,,HB材料→T3,HB,False
MAP-HB-46984,镀锌薄钢板 δ0.7 ~ 0.9 kg,镀锌薄钢板 δ0.7 ~ 0.9 kg,MAT-STE-006,auto,,HB材料→T3,HB,False
MAP-HB-73740,不锈钢扁钢 综合 kg,不锈钢扁钢 综合 kg,MAT-STEL-004,auto,,HB材料→T3,HB,False
MAP-HB-97218,中厚钢板 综合 设 额 kg,中厚钢板 综合 设 额 kg,MAT-STE-006,auto,,HB材料→T3,HB,False
MAP-HB-02444,磷酸盐混凝土 设 额 m3 -,磷酸盐混凝土 设 额 m3 -,MAT-EQP-012,auto,,HB材料→T3,HB,False
MAP-HB-53865,胶合板 δ6 m2,胶合板 δ6 m2,MAT-TRN-001,auto,,HB材料→T3,HB,False
MAP-HB-86372,岩棉板毡 m3 -,岩棉板毡 m3 -,MAT-INS-003,auto,,HB材料→T3,HB,False
MAP-HB-98467,不锈钢圆钢 ϕ6 kg,不锈钢圆钢 ϕ6 kg,MAT-STE-002,auto,,HB材料→T3,HB,False
MAP-HB-34323,镀锌薄钢板 δ0.5 m2 -,镀锌薄钢板 δ0.5 m2 -,MAT-STE-006,auto,,HB材料→T3,HB,False
MAP-HB-51577,压型彩钢板 δ0.5 m2 -,压型彩钢板 δ0.5 m2 -,MAT-STE-006,auto,,HB材料→T3,HB,False
MAP-HB-58775,铸石板 180×110×30 m2 -,铸石板 180×110×30 m2 -,MAT-STO-002,auto,,HB材料→T3,HB,False
MAP-HB-55576,不锈钢板 δ8 以内 设 额 kg -,不锈钢板 δ8 以内 设 额 kg -,MAT-STE-006,auto,,HB材料→T3,HB,False
MAP-HB-28177,索具螺旋扣 M20×300 套,索具螺旋扣 M20×300 套,MAT-AUXI-002,auto,,HB材料→T3,HB,False
MAP-HB-01601,镀锌钢管 DN25 m 11.59 25.000 25.000 25.000 25.000 25.000 水 m3 3.26 14.000 16.000 25.000 30.000 42.000 料 电 kW·h -,镀锌钢管 DN25 m 11.59 25.000 25.000 25.000 25.000 25.000 水 m3 3.26 14.000 16.000 25.000 30.000 42.000 料 电 kW·h -,MAT-TRN-002,auto,,HB材料→T3,HB,False
MAP-HB-88843,镀锌钢管 DN25 m 11.59 25.000 25.000 25.000 25.000 水 m3 3.26 84.000 96.000 120.000 180.000 料 电 kW·h -,镀锌钢管 DN25 m 11.59 25.000 25.000 25.000 25.000 水 m3 3.26 84.000 96.000 120.000 180.000 料 电 kW·h -,MAT-TRN-002,auto,,HB材料→T3,HB,False
MAP-HB-64585,镀锌钢管 DN25 m,镀锌钢管 DN25 m,MAT-TRN-002,auto,,HB材料→T3,HB,False
MAP-HB-66699,钢板 综合 kg 4.11 15.000 40.000 80.000 设 额 kg,钢板 综合 kg 4.11 15.000 40.000 80.000 设 额 kg,MAT-STE-006,auto,,HB材料→T3,HB,False
MAP-HB-85811,钢板 综合 kg 4.11 12.000 50.000 80.000 设 额 kg,钢板 综合 kg 4.11 12.000 50.000 80.000 设 额 kg,MAT-STE-006,auto,,HB材料→T3,HB,False
MAP-HB-41688,钢板 综合 kg 4.11 1.000 1.350 1.520,钢板 综合 kg 4.11 1.000 1.350 1.520,MAT-STE-006,auto,,HB材料→T3,HB,False
MAP-HB-49677,焊接钢管 DN50 m,焊接钢管 DN50 m,MAT-STE-007,auto,,HB材料→T3,HB,False
MAP-HB-46117,焊接钢管 DN80 m,焊接钢管 DN80 m,MAT-STE-007,auto,,HB材料→T3,HB,False
MAP-HB-17244,焊接钢管 DN100 m 38.00 - - 1.500 料 水 m3,焊接钢管 DN100 m 38.00 - - 1.500 料 水 m3,MAT-STE-007,auto,,HB材料→T3,HB,False
MAP-HB-94674,温度计套管 个,温度计套管 个,MAT-ELEC-005,auto,,HB材料→T3,HB,False
MAP-HB-40360,表计插座 个,表计插座 个,MAT-LIGH-003,auto,,HB材料→T3,HB,False
MAP-HB-36866,不锈钢仪表接头 个 12.31 0.493 0.704,不锈钢仪表接头 个 12.31 0.493 0.704,MAT-AUXI-013,auto,,HB材料→T3,HB,False
MAP-HB-14908,木材 m3,木材 m3,MAT-WOO-001,auto,,HB材料→T3,HB,False
MAP-HB-66959,木材 m 3,木材 m 3,MAT-WOO-001,auto,,HB材料→T3,HB,False
MAP-HB-38861,钢管 kg,钢管 kg,MAT-TRN-002,auto,,HB材料→T3,HB,False
MAP-HB-30723,热轧厚钢板 δ,热轧厚钢板 δ,MAT-STE-006,auto,,HB材料→T3,HB,False
MAP-HB-12825,其他材料 kg,其他材料 kg,MAT-AUX-999,auto,,HB材料→T3,HB,False
MAP-HB-09775,木方 m3,木方 m3,MAT-WOO-001,auto,,HB材料→T3,HB,False
MAP-HB-26924,保温钉及端板 个 — (,保温钉及端板 个 — (,MAT-INSU-004,auto,,HB材料→T3,HB,False
MAP-HB-21807,合金钢板 t — (,合金钢板 t — (,MAT-STE-006,auto,,HB材料→T3,HB,False
MAP-HB-32224,热轧薄钢板 δ,热轧薄钢板 δ,MAT-STE-006,auto,,HB材料→T3,HB,False
MAP-HB-48923,木材 m3 %,木材 m3 %,MAT-WOO-001,auto,,HB材料→T3,HB,False
MAP-HB-39445,氨气 m 3,氨气 m 3,MAT-EQP-014,auto,,HB材料→T3,HB,False
MAP-HB-42517,胶合板 δ3 m,胶合板 δ3 m,MAT-TRN-001,auto,,HB材料→T3,HB,False
MAP-HB-62168,氨气 m3,氨气 m3,MAT-EQP-014,auto,,HB材料→T3,HB,False
MAP-HB-76395,其他材料 kW·h,其他材料 kW·h,MAT-AUX-999,auto,,HB材料→T3,HB,False
MAP-HB-43179,平焊法兰 PN,平焊法兰 PN,MAT-FITT-003,auto,,HB材料→T3,HB,False
MAP-HB-76803,压制弯头 90°R =,压制弯头 90°R =,MAT-FITT-001,auto,,HB材料→T3,HB,False
MAP-HB-28587,对焊法兰 PN,对焊法兰 PN,MAT-FITT-003,auto,,HB材料→T3,HB,False
MAP-HB-90143,无缝钢管 ϕ57×,无缝钢管 ϕ57×,MAT-TRN-002,auto,,HB材料→T3,HB,False
MAP-HB-23682,钢板平焊法兰 PN,钢板平焊法兰 PN,MAT-STE-006,auto,,HB材料→T3,HB,False
MAP-HB-03335,法兰 DN150 片 压制弯头 90°R =,法兰 DN150 片 压制弯头 90°R =,MAT-FITT-001,auto,,HB材料→T3,HB,False
MAP-HB-71359,法兰止回阀 H44T-10 DN50 个,法兰止回阀 H44T-10 DN50 个,MAT-FITT-003,auto,,HB材料→T3,HB,False
MAP-HB-48572,乌洛托品 氨水 kg,乌洛托品 氨水 kg,MAT-UTL-001,auto,,HB材料→T3,HB,False
MAP-HB-12684,名 称 单位 消 热轧薄钢板 δ,名 称 单位 消 热轧薄钢板 δ,MAT-STE-006,auto,,HB材料→T3,HB,False
MAP-HB-83030,滤网 钢板平焊法兰 PN,滤网 钢板平焊法兰 PN,MAT-STE-006,auto,,HB材料→T3,HB,False
MAP-HB-35257,止回阀 不锈钢密封圈 PN,止回阀 不锈钢密封圈 PN,MAT-VALV-004,auto,,HB材料→T3,HB,False
MAP-HB-99630,截止阀 不锈钢密封圈 PN,截止阀 不锈钢密封圈 PN,MAT-VALV-003,auto,,HB材料→T3,HB,False
MAP-HB-67160,温度计插座 个,温度计插座 个,MAT-ELEC-005,auto,,HB材料→T3,HB,False
MAP-HB-34454,铁壳开关 3P 30A 个,铁壳开关 3P 30A 个,MAT-LIGH-003,auto,,HB材料→T3,HB,False
MAP-HB-69706,防水按钮 LN-10S 3P 个,防水按钮 LN-10S 3P 个,MAT-UTL-001,auto,,HB材料→T3,HB,False
MAP-HB-09463,木方 m 3,木方 m 3,MAT-WOO-001,auto,,HB材料→T3,HB,False
MAP-HB-49007,名 称 单位 消 钢板 δ4 ~ 10 kg,名 称 单位 消 钢板 δ4 ~ 10 kg,MAT-STE-006,auto,,HB材料→T3,HB,False
MAP-HB-29831,法兰截止阀 J41H-6 DN25 个,法兰截止阀 J41H-6 DN25 个,MAT-FITT-003,auto,,HB材料→T3,HB,False
MAP-HB-75983,法兰截止阀 J41H-6 DN5,法兰截止阀 J41H-6 DN5,MAT-FITT-003,auto,,HB材料→T3,HB,False
MAP-HB-71767,止回阀 H41H-6 DN25,止回阀 H41H-6 DN25,MAT-VALV-004,auto,,HB材料→T3,HB,False
MAP-HB-26214,铁壳开关 3P 30A,铁壳开关 3P 30A,MAT-LIGH-003,auto,,HB材料→T3,HB,False
MAP-HB-88904,防水按钮 LN-10S 3P,防水按钮 LN-10S 3P,MAT-UTL-001,auto,,HB材料→T3,HB,False
MAP-HB-95971,热轧厚钢板 δ10 ~ 20 kg,热轧厚钢板 δ10 ~ 20 kg,MAT-STE-006,auto,,HB材料→T3,HB,False
MAP-HB-02998,钢板 δ4 ~ 10 kg,钢板 δ4 ~ 10 kg,MAT-STE-006,auto,,HB材料→T3,HB,False
MAP-HB-60653,槽钢 综合 kg,槽钢 综合 kg,MAT-STE-004,auto,,HB材料→T3,HB,False
MAP-HB-00941,热轧厚钢板 δ40 ~ 70 kg,热轧厚钢板 δ40 ~ 70 kg,MAT-STE-006,auto,,HB材料→T3,HB,False
MAP-HB-08865,无缝钢管 ϕ57 ~ 219 kg,无缝钢管 ϕ57 ~ 219 kg,MAT-TRN-002,auto,,HB材料→T3,HB,False
MAP-HB-73346,呼吸阀 安全阀 通气阀 个 — (,呼吸阀 安全阀 通气阀 个 — (,MAT-VALV-006,auto,,HB材料→T3,HB,False
MAP-HB-68352,无缝钢管 综合 热轧厚钢板 δ10 ~ 20 kg,无缝钢管 综合 热轧厚钢板 δ10 ~ 20 kg,MAT-STE-006,auto,,HB材料→T3,HB,False
MAP-HB-22747,无缝钢管 综合 kg — (,无缝钢管 综合 kg — (,MAT-TRN-002,auto,,HB材料→T3,HB,False
MAP-HB-88067,热轧厚钢板 δ10 kg — (,热轧厚钢板 δ10 kg — (,MAT-STE-006,auto,,HB材料→T3,HB,False
MAP-HB-31349,中央排水管 个 — (,中央排水管 个 — (,MAT-UTL-001,auto,,HB材料→T3,HB,False
MAP-HB-35165,其他材料 柴油【 机械】 kg,其他材料 柴油【 机械】 kg,MAT-AUX-999,auto,,HB材料→T3,HB,False
MAP-HB-93322,碳钢平焊法兰 DN100 副 压制弯头 90°R =,碳钢平焊法兰 DN100 副 压制弯头 90°R =,MAT-FITT-001,auto,,HB材料→T3,HB,False
MAP-HB-03425,焊接钢管 DN15 压制弯头 90°R =,焊接钢管 DN15 压制弯头 90°R =,MAT-STE-007,auto,,HB材料→T3,HB,False
MAP-HB-22556,焊接钢管 DN20 平焊法兰 PN,焊接钢管 DN20 平焊法兰 PN,MAT-STE-007,auto,,HB材料→T3,HB,False
MAP-HB-54583,焊接钢管 DN150 m,焊接钢管 DN150 m,MAT-STE-007,auto,,HB材料→T3,HB,False
MAP-HB-30533,法兰截止阀 J41T-16 DN15,法兰截止阀 J41T-16 DN15,MAT-FITT-003,auto,,HB材料→T3,HB,False
MAP-HB-72475,碳钢平焊法兰 DN150 副,碳钢平焊法兰 DN150 副,MAT-FITT-003,auto,,HB材料→T3,HB,False
MAP-HB-11869,焊接钢管 DN200 m,焊接钢管 DN200 m,MAT-STE-007,auto,,HB材料→T3,HB,False
MAP-HB-51770,压制弯头 DN25 kg,压制弯头 DN25 kg,MAT-FITT-001,auto,,HB材料→T3,HB,False
MAP-HB-03746,无缝钢管 ϕ57×6 m,无缝钢管 ϕ57×6 m,MAT-TRN-002,auto,,HB材料→T3,HB,False
MAP-HB-19066,法兰截止阀 J41T-16 DN50 个,法兰截止阀 J41T-16 DN50 个,MAT-FITT-003,auto,,HB材料→T3,HB,False
MAP-HB-40602,碳钢平焊法兰 DN50 副,碳钢平焊法兰 DN50 副,MAT-FITT-003,auto,,HB材料→T3,HB,False
MAP-HB-15232,压力表 0 ~,压力表 0 ~,MAT-ELEC-005,auto,,HB材料→T3,HB,False
MAP-HB-01415,法兰截止阀 J41T-16 DN5,法兰截止阀 J41T-16 DN5,MAT-FITT-003,auto,,HB材料→T3,HB,False
MAP-HB-22895,碳钢平焊法兰 DN5,碳钢平焊法兰 DN5,MAT-FITT-003,auto,,HB材料→T3,HB,False
MAP-HB-98739,角钢 63 以内 kg,角钢 63 以内 kg,MAT-STE-005,auto,,HB材料→T3,HB,False
MAP-HB-34560,碳钢平焊法兰 DN150 副 角钢 63 以内 kg,碳钢平焊法兰 DN150 副 角钢 63 以内 kg,MAT-STE-005,auto,,HB材料→T3,HB,False
MAP-HB-63618,圆钢 ϕ25 ~ 32 kg,圆钢 ϕ25 ~ 32 kg,MAT-STE-002,auto,,HB材料→T3,HB,False
MAP-HB-21882,花纹钢板 综合 kg,花纹钢板 综合 kg,MAT-STE-006,auto,,HB材料→T3,HB,False
MAP-HB-55187,型钢 综合 无缝钢管 ϕ57 ~ 219 kg,型钢 综合 无缝钢管 ϕ57 ~ 219 kg,MAT-TRN-002,auto,,HB材料→T3,HB,False
MAP-HB-13790,圆钢 ϕ37 以外 kg,圆钢 ϕ37 以外 kg,MAT-STE-002,auto,,HB材料→T3,HB,False
MAP-HB-84883,法兰 PN,法兰 PN,MAT-FITT-003,auto,,HB材料→T3,HB,False
MAP-HB-64724,槽钢 综合 法兰 PN,槽钢 综合 法兰 PN,MAT-STE-004,auto,,HB材料→T3,HB,False
MAP-HB-44189,角钢 50×5 以内 kg,角钢 50×5 以内 kg,MAT-STE-005,auto,,HB材料→T3,HB,False
MAP-HB-71148,圆钢 ϕ37 以内 kg,圆钢 ϕ37 以内 kg,MAT-STE-002,auto,,HB材料→T3,HB,False
MAP-HB-29183,扁钢 40×4 kg,扁钢 40×4 kg,MAT-STEL-004,auto,,HB材料→T3,HB,False
MAP-HB-53357,焊接钢管 DN10 法兰截止阀 DN5,焊接钢管 DN10 法兰截止阀 DN5,MAT-STE-007,auto,,HB材料→T3,HB,False
MAP-HB-58009,焊接钢管 DN100 m,焊接钢管 DN100 m,MAT-STE-007,auto,,HB材料→T3,HB,False
MAP-HB-95346,法兰截止阀 J41T-16 DN150 个,法兰截止阀 J41T-16 DN150 个,MAT-FITT-003,auto,,HB材料→T3,HB,False
MAP-HB-77252,混凝土预制块 综合 角钢 63 以外 kg,混凝土预制块 综合 角钢 63 以外 kg,MAT-STE-005,auto,,HB材料→T3,HB,False
MAP-HB-28111,钢板 δ4 ~ 16 kg,钢板 δ4 ~ 16 kg,MAT-STE-006,auto,,HB材料→T3,HB,False
MAP-HB-18491,角钢 50×5 以外 构 kg,角钢 50×5 以外 构 kg,MAT-STE-005,auto,,HB材料→T3,HB,False
MAP-HB-58613,槽钢 14 # ~ 20 # kg,槽钢 14 # ~ 20 # kg,MAT-STE-004,auto,,HB材料→T3,HB,False
MAP-HB-83841,角钢 50×5 以外 kg,角钢 50×5 以外 kg,MAT-STE-005,auto,,HB材料→T3,HB,False
MAP-HB-38832,槽钢 14 # ~ 20 # 无缝钢管 ϕ57 ~ 219 kg,槽钢 14 # ~ 20 # 无缝钢管 ϕ57 ~ 219 kg,MAT-STE-004,auto,,HB材料→T3,HB,False
MAP-HB-72832,槽钢 18 # 以内 kg,槽钢 18 # 以内 kg,MAT-STE-004,auto,,HB材料→T3,HB,False
MAP-HB-06450,热轧厚钢板 δ12 ~ 20 kg,热轧厚钢板 δ12 ~ 20 kg,MAT-STE-006,auto,,HB材料→T3,HB,False
MAP-HB-25890,无缝钢管 综合 m,无缝钢管 综合 m,MAT-TRN-002,auto,,HB材料→T3,HB,False
MAP-HB-03444,角钢 63 以外 kg,角钢 63 以外 kg,MAT-STE-005,auto,,HB材料→T3,HB,False
MAP-HB-18020,槽钢 5 # ~ 16 # kg,槽钢 5 # ~ 16 # kg,MAT-STE-004,auto,,HB材料→T3,HB,False
MAP-HB-62917,无缝钢管 ϕ77 ~ 90×,无缝钢管 ϕ77 ~ 90×,MAT-TRN-002,auto,,HB材料→T3,HB,False
MAP-HB-91159,法兰截止阀 J41H-16 DN50 个 平焊法兰 PN,法兰截止阀 J41H-16 DN50 个 平焊法兰 PN,MAT-FITT-003,auto,,HB材料→T3,HB,False
MAP-HB-77061,法兰截止阀 J41H-16 DN150 个,法兰截止阀 J41H-16 DN150 个,MAT-FITT-003,auto,,HB材料→T3,HB,False
MAP-HB-56453,圆钢 ϕ10 以内 kg,圆钢 ϕ10 以内 kg,MAT-STE-002,auto,,HB材料→T3,HB,False
MAP-HB-86719,扁钢 60 以内 kg,扁钢 60 以内 kg,MAT-STEL-004,auto,,HB材料→T3,HB,False
MAP-HB-78915,圆钢 ϕ10 以内 扁钢 60 以内 kg,圆钢 ϕ10 以内 扁钢 60 以内 kg,MAT-STE-002,auto,,HB材料→T3,HB,False
MAP-HB-81423,热轧厚钢板 δ10 kg,热轧厚钢板 δ10 kg,MAT-STE-006,auto,,HB材料→T3,HB,False
MAP-HB-13973,圆钢卡子 ϕ50 kg,圆钢卡子 ϕ50 kg,MAT-STE-002,auto,,HB材料→T3,HB,False
MAP-HB-04281,钢板 综合 焊锡膏 kg,钢板 综合 焊锡膏 kg,MAT-STE-006,auto,,HB材料→T3,HB,False
MAP-HB-77354,像质计 个 水 t,像质计 个 水 t,MAT-UTL-001,auto,,HB材料→T3,HB,False
MAP-HB-09296,液化气 kg,液化气 kg,MAT-FUL-001,auto,,HB材料→T3,HB,False
MAP-HB-70644,液化气 测温笔 支,液化气 测温笔 支,MAT-FUL-001,auto,,HB材料→T3,HB,False
MAP-HB-37913,截止阀 DN25 个,截止阀 DN25 个,MAT-VALV-003,auto,,HB材料→T3,HB,False
MAP-HB-80088,油过滤器 个,油过滤器 个,MAT-AUXI-016,auto,,HB材料→T3,HB,False
MAP-HB-08488,法兰阀门 DN20 个,法兰阀门 DN20 个,MAT-FITT-003,auto,,HB材料→T3,HB,False
MAP-HB-48893,转子流量计 TZB-25 1000t / min,转子流量计 TZB-25 1000t / min,MAT-ELEC-005,auto,,HB材料→T3,HB,False
MAP-HB-36509,不锈钢板 δ8 以外 kg,不锈钢板 δ8 以外 kg,MAT-STE-006,auto,,HB材料→T3,HB,False
MAP-HB-90606,法兰阀门 DN20,法兰阀门 DN20,MAT-FITT-003,auto,,HB材料→T3,HB,False
MAP-HB-28856,不锈钢板 δ8 以外 支柱移动装置 kg,不锈钢板 δ8 以外 支柱移动装置 kg,MAT-STE-006,auto,,HB材料→T3,HB,False
MAP-HB-08701,弹簧压力表 0 ~,弹簧压力表 0 ~,MAT-ELEC-005,auto,,HB材料→T3,HB,False
MAP-HB-98877,塑料绝缘控制电缆 KVV 100m,塑料绝缘控制电缆 KVV 100m,MAT-CABL-003,auto,,HB材料→T3,HB,False
MAP-HB-13287,钢板 δ6 ~ 12 kg,钢板 δ6 ~ 12 kg,MAT-STE-006,auto,,HB材料→T3,HB,False
MAP-HB-75120,镀锌扁钢 综合 kg,镀锌扁钢 综合 kg,MAT-STEL-004,auto,,HB材料→T3,HB,False
MAP-HB-49591,镀锌扁钢 综合 kg 5.30 4.500 5.000,镀锌扁钢 综合 kg 5.30 4.500 5.000,MAT-STEL-004,auto,,HB材料→T3,HB,False
MAP-HB-38143,防锈漆 kg,防锈漆 kg,MAT-PNT-001,auto,,HB材料→T3,HB,False
MAP-HB-77404,镀锌扁钢 综合 kg 5.30 4.500 4.500 4.500 4.500,镀锌扁钢 综合 kg 5.30 4.500 4.500 4.500 4.500,MAT-STEL-004,auto,,HB材料→T3,HB,False
MAP-HB-95207,钢管 ϕ25 kg,钢管 ϕ25 kg,MAT-TRN-002,auto,,HB材料→T3,HB,False
MAP-HB-19090,镀锌扁钢 综合 kg 5.30 5.000 5.000 6.500 6.500 kg,镀锌扁钢 综合 kg 5.30 5.000 5.000 6.500 6.500 kg,MAT-STEL-004,auto,,HB材料→T3,HB,False
MAP-HB-79445,镀锌扁钢 综合 kg 5.30 3.200 3.200 与 及 kg,镀锌扁钢 综合 kg 5.30 3.200 3.200 与 及 kg,MAT-STEL-004,auto,,HB材料→T3,HB,False
MAP-HB-25942,镀锌扁钢 综合 kg 5.30 103.680 103.680 103.680 103.680 与 及 kg,镀锌扁钢 综合 kg 5.30 103.680 103.680 103.680 103.680 与 及 kg,MAT-STEL-004,auto,,HB材料→T3,HB,False
MAP-HB-72616,镀锌扁钢 综合 kg 5.30 5.500 5.500 5.500 5.500 5.500 5.500 kg,镀锌扁钢 综合 kg 5.30 5.500 5.500 5.500 5.500 5.500 5.500 kg,MAT-STEL-004,auto,,HB材料→T3,HB,False
MAP-HB-31169,醇酸防锈漆 C53-1 kg,醇酸防锈漆 C53-1 kg,MAT-PNT-001,auto,,HB材料→T3,HB,False
MAP-HB-38024,扁钢 综合 kg,扁钢 综合 kg,MAT-STEL-004,auto,,HB材料→T3,HB,False
MAP-HB-68881,穿墙套管 备 额 个 -,穿墙套管 备 额 个 -,MAT-AUXI-006,auto,,HB材料→T3,HB,False
MAP-HB-61119,镀锌扁钢 综合 kg 5.30 2.021 2.021 2.021 2.021,镀锌扁钢 综合 kg 5.30 2.021 2.021 2.021 2.021,MAT-STEL-004,auto,,HB材料→T3,HB,False
MAP-HB-50199,镀锌扁钢 综合 kg 5.30 2.021 2.021 2.021 2.021 kg,镀锌扁钢 综合 kg 5.30 2.021 2.021 2.021 2.021 kg,MAT-STEL-004,auto,,HB材料→T3,HB,False
MAP-HB-23185,母线槽 m -,母线槽 m -,MAT-CABL-006,auto,,HB材料→T3,HB,False
MAP-HB-47803,石墨块 kg,石墨块 kg,MAT-EQP-020,auto,,HB材料→T3,HB,False
MAP-HB-37163,热缩管 m - (1.030) (1.030) - 20 通 -,热缩管 m - (1.030) (1.030) - 20 通 -,MAT-AUXI-009,auto,,HB材料→T3,HB,False
MAP-HB-77712,塑料软管 ϕ5 m,塑料软管 ϕ5 m,MAT-PLUM-007,auto,,HB材料→T3,HB,False
MAP-HB-86648,角钢 综合 备 额 kg,角钢 综合 备 额 kg,MAT-STE-005,auto,,HB材料→T3,HB,False
MAP-HB-50434,镀锌扁钢 综合 备 额 kg,镀锌扁钢 综合 备 额 kg,MAT-STEL-004,auto,,HB材料→T3,HB,False
MAP-HB-31160,金属软管 ϕ25 m,金属软管 ϕ25 m,MAT-PLUM-007,auto,,HB材料→T3,HB,False
MAP-HB-38708,金属软管 ϕ40 m,金属软管 ϕ40 m,MAT-PLUM-007,auto,,HB材料→T3,HB,False
MAP-HB-35756,金属软管 ϕ50 m,金属软管 ϕ50 m,MAT-PLUM-007,auto,,HB材料→T3,HB,False
MAP-HB-42603,金属软管活接头 DN50 套,金属软管活接头 DN50 套,MAT-PLUM-007,auto,,HB材料→T3,HB,False
MAP-HB-97664,金属软管 ϕ75 m,金属软管 ϕ75 m,MAT-PLUM-007,auto,,HB材料→T3,HB,False
MAP-HB-72757,金属软管活接头 DN100 套,金属软管活接头 DN100 套,MAT-PLUM-007,auto,,HB材料→T3,HB,False
MAP-HB-38080,金属软管 ϕ20 m,金属软管 ϕ20 m,MAT-PLUM-007,auto,,HB材料→T3,HB,False
MAP-HB-81988,金属软管活接头 DN40 套,金属软管活接头 DN40 套,MAT-PLUM-007,auto,,HB材料→T3,HB,False
MAP-HB-45186,槽钢 综合 kg -,槽钢 综合 kg -,MAT-STE-004,auto,,HB材料→T3,HB,False
MAP-HB-00908,角钢 综合 kg - (31.000) - (26.900) - 与 及 套 -,角钢 综合 kg - (31.000) - (26.900) - 与 及 套 -,MAT-STE-005,auto,,HB材料→T3,HB,False
MAP-HB-70820,钢管 m -,钢管 m -,MAT-TRN-002,auto,,HB材料→T3,HB,False
MAP-HB-61325,无缝钢管 ϕ159×6 kg,无缝钢管 ϕ159×6 kg,MAT-TRN-002,auto,,HB材料→T3,HB,False
MAP-HB-90404,无缝钢管 ϕ219×6 kg 4.24 - - 8.049 6.705 水 t,无缝钢管 ϕ219×6 kg 4.24 - - 8.049 6.705 水 t,MAT-TRN-002,auto,,HB材料→T3,HB,False
MAP-HB-96946,HDPE 实壁管 m - (10.300) (10.300) 电 消耗 水 t,HDPE 实壁管 m - (10.300) (10.300) 电 消耗 水 t,MAT-UTL-001,auto,,HB材料→T3,HB,False
MAP-HB-81692,焊接钢管 综合 kg -,焊接钢管 综合 kg -,MAT-STE-007,auto,,HB材料→T3,HB,False
MAP-HB-41998,焊接钢管 DN50 kg -,焊接钢管 DN50 kg -,MAT-STE-007,auto,,HB材料→T3,HB,False
MAP-HB-65244,焊接钢管 DN200 kg -,焊接钢管 DN200 kg -,MAT-STE-007,auto,,HB材料→T3,HB,False
MAP-HB-52843,组合式电缆桥架 片 -,组合式电缆桥架 片 -,MAT-STEL-005,auto,,HB材料→T3,HB,False
MAP-HB-09128,圆钢 ϕ8 ~ 14 kg,圆钢 ϕ8 ~ 14 kg,MAT-STE-002,auto,,HB材料→T3,HB,False
MAP-HB-76374,户内热缩式电缆终端头 套 电 消耗 ( 元) -,户内热缩式电缆终端头 套 电 消耗 ( 元) -,MAT-AUXI-011,auto,,HB材料→T3,HB,False
MAP-HB-29938,成套型电缆终端头 套 ( 元) -,成套型电缆终端头 套 ( 元) -,MAT-AUXI-011,auto,,HB材料→T3,HB,False
MAP-HB-61383,控制电缆 m -,控制电缆 m -,MAT-CABL-003,auto,,HB材料→T3,HB,False
MAP-HB-16834,控制电缆 m - (10.150) (10.150) (10.150) (10.150) (10.150) kg,控制电缆 m - (10.150) (10.150) (10.150) (10.150) (10.150) kg,MAT-CABL-003,auto,,HB材料→T3,HB,False
MAP-HB-74917,防火包 t -,防火包 t -,MAT-AUXI-007,auto,,HB材料→T3,HB,False
MAP-HB-23946,中厚钢板 综合 kg -,中厚钢板 综合 kg -,MAT-STE-006,auto,,HB材料→T3,HB,False
MAP-HB-18836,避雷针 根 -,避雷针 根 -,MAT-ELEQ-005,auto,,HB材料→T3,HB,False
MAP-HB-53707,钢板底座 300×300×6 kg,钢板底座 300×300×6 kg,MAT-STE-006,auto,,HB材料→T3,HB,False
MAP-HB-64873,镀锌扁钢卡子 25×4 kg,镀锌扁钢卡子 25×4 kg,MAT-STEL-004,auto,,HB材料→T3,HB,False
MAP-HB-84038,镀锌钢管 DN50 kg -,镀锌钢管 DN50 kg -,MAT-TRN-002,auto,,HB材料→T3,HB,False
MAP-HB-44367,镀锌角钢 根 -,镀锌角钢 根 -,MAT-STE-005,auto,,HB材料→T3,HB,False
MAP-HB-56321,镀锌圆钢 根 - (1.000) - - - - -,镀锌圆钢 根 - (1.000) - - - - -,MAT-STE-002,auto,,HB材料→T3,HB,False
MAP-HB-09247,镀锌接地线板 40×5×120 个,镀锌接地线板 40×5×120 个,MAT-AUXI-008,auto,,HB材料→T3,HB,False
MAP-HB-94675,镀锌接地端子板 双孔 个,镀锌接地端子板 双孔 个,MAT-AUXI-008,auto,,HB材料→T3,HB,False
MAP-HB-69725,镀锌角钢 kg,镀锌角钢 kg,MAT-STE-005,auto,,HB材料→T3,HB,False
MAP-HB-10222,防锈漆 kg 13.20 0.088 0.125 0.184 kg,防锈漆 kg 13.20 0.088 0.125 0.184 kg,MAT-PNT-001,auto,,HB材料→T3,HB,False
MAP-HB-63306,热缩管 ϕ50 m,热缩管 ϕ50 m,MAT-AUXI-009,auto,,HB材料→T3,HB,False
MAP-HB-76851,热缩管 ϕ15 m,热缩管 ϕ15 m,MAT-AUXI-009,auto,,HB材料→T3,HB,False
MAP-HB-78970,接地模块 块 -,接地模块 块 -,MAT-AUXI-008,auto,,HB材料→T3,HB,False
MAP-HB-45907,镀锌角钢 综合 kg,镀锌角钢 综合 kg,MAT-STE-005,auto,,HB材料→T3,HB,False
MAP-HB-72561,橡胶手套 副 8.18 0.017 水 t,橡胶手套 副 8.18 0.017 水 t,MAT-UTL-001,auto,,HB材料→T3,HB,False
MAP-HB-18861,等电位端子盒安装 个 -,等电位端子盒安装 个 -,MAT-ELEQ-006,auto,,HB材料→T3,HB,False
MAP-HB-62445,防锈漆 kg 13.20 0.100 kg,防锈漆 kg 13.20 0.100 kg,MAT-PNT-001,auto,,HB材料→T3,HB,False
MAP-HB-18466,镀锌圆钢筋 ϕ10 kg,镀锌圆钢筋 ϕ10 kg,MAT-STE-002,auto,,HB材料→T3,HB,False
MAP-HB-42020,卡箍件 套 -,卡箍件 套 -,MAT-FITT-002,auto,,HB材料→T3,HB,False
MAP-HB-65041,生石灰 kg -,生石灰 kg -,MAT-AUX-001,auto,,HB材料→T3,HB,False
MAP-HB-26824,聚氯乙烯薄膜 m2 1.55 - - - - 2.125 20 通 水 t 3.26 - 0.085 0.085 0.174 0.085 % -,聚氯乙烯薄膜 m2 1.55 - - - - 2.125 20 通 水 t 3.26 - 0.085 0.085 0.174 0.085 % -,MAT-UTL-001,auto,,HB材料→T3,HB,False
MAP-HB-61447,枕木 2500mm×200mm×160mm 根 208.25 0.010 0.009 0.007 0.006 20 通 水 t 3.26 0.085 0.085 0.085 0.085 % -,枕木 2500mm×200mm×160mm 根 208.25 0.010 0.009 0.007 0.006 20 通 水 t 3.26 0.085 0.085 0.085 0.085 % -,MAT-UTL-001,auto,,HB材料→T3,HB,False
MAP-HB-17053,板枋材 m3 2566.00 0.033 0.031 0.030 0.027 水 t,板枋材 m3 2566.00 0.033 0.031 0.030 0.027 水 t,MAT-WOO-001,auto,,HB材料→T3,HB,False
MAP-HB-14562,角钢 综合 kg 3.74 1.020 1.020 水 t,角钢 综合 kg 3.74 1.020 1.020 水 t,MAT-STE-005,auto,,HB材料→T3,HB,False
MAP-HB-04863,接地极 根 -,接地极 根 -,MAT-AUXI-008,auto,,HB材料→T3,HB,False
MAP-HB-73672,塑料手套 ST 型 个 7.06 - 0.021 - - 20 通 水 m3,塑料手套 ST 型 个 7.06 - 0.021 - - 20 通 水 m3,MAT-UTL-001,auto,,HB材料→T3,HB,False
MAP-HB-84537,镀锌圆钢 ϕ10 ~ 25 kg,镀锌圆钢 ϕ10 ~ 25 kg,MAT-STE-002,auto,,HB材料→T3,HB,False
MAP-HB-64238,塑料软管 ϕ8 m,塑料软管 ϕ8 m,MAT-PLUM-007,auto,,HB材料→T3,HB,False
MAP-HB-24133,镀锌接地线板 40×5×120,镀锌接地线板 40×5×120,MAT-AUXI-008,auto,,HB材料→T3,HB,False
MAP-HB-55675,镀锌电线管卡子 20 个,镀锌电线管卡子 20 个,MAT-FITT-004,auto,,HB材料→T3,HB,False
MAP-HB-43664,镀锌电线管卡子 32 个,镀锌电线管卡子 32 个,MAT-FITT-004,auto,,HB材料→T3,HB,False
MAP-HB-75483,镀锌电线管卡子 40 个,镀锌电线管卡子 40 个,MAT-FITT-004,auto,,HB材料→T3,HB,False
MAP-HB-69840,镀锌钢管接头管件 DN20 个,镀锌钢管接头管件 DN20 个,MAT-TRN-002,auto,,HB材料→T3,HB,False
MAP-HB-82419,镀锌钢管接头管件 DN32 个,镀锌钢管接头管件 DN32 个,MAT-TRN-002,auto,,HB材料→T3,HB,False
MAP-HB-73862,镀锌钢管接头管件 DN40 个,镀锌钢管接头管件 DN40 个,MAT-TRN-002,auto,,HB材料→T3,HB,False
MAP-HB-68183,镀锌钢管接头管件 DN50 个,镀锌钢管接头管件 DN50 个,MAT-TRN-002,auto,,HB材料→T3,HB,False
MAP-HB-73612,镀锌电线管卡子 50 个,镀锌电线管卡子 50 个,MAT-FITT-004,auto,,HB材料→T3,HB,False
MAP-HB-87793,镀锌钢管 m -,镀锌钢管 m -,MAT-TRN-002,auto,,HB材料→T3,HB,False
MAP-HB-51017,镀锌钢管接头 DN15×2.75 个,镀锌钢管接头 DN15×2.75 个,MAT-TRN-002,auto,,HB材料→T3,HB,False
MAP-HB-14735,镀锌钢管接头 DN20×2.75 个,镀锌钢管接头 DN20×2.75 个,MAT-TRN-002,auto,,HB材料→T3,HB,False
MAP-HB-02135,镀锌钢管接头 DN25×3.25 个 1.81 - - 1.652 - - -,镀锌钢管接头 DN25×3.25 个 1.81 - - 1.652 - - -,MAT-TRN-002,auto,,HB材料→T3,HB,False
MAP-HB-49515,镀锌钢管接头 DN40×3.5 个,镀锌钢管接头 DN40×3.5 个,MAT-TRN-002,auto,,HB材料→T3,HB,False
MAP-HB-60515,镀锌钢管接头 DN50×3.5 个,镀锌钢管接头 DN50×3.5 个,MAT-TRN-002,auto,,HB材料→T3,HB,False
MAP-HB-78774,镀锌钢管卡子 DN15 个,镀锌钢管卡子 DN15 个,MAT-TRN-002,auto,,HB材料→T3,HB,False
MAP-HB-10953,镀锌钢管卡子 DN20 个 0.55 - 12.372 - - -,镀锌钢管卡子 DN20 个 0.55 - 12.372 - - -,MAT-TRN-002,auto,,HB材料→T3,HB,False
MAP-HB-39720,镀锌钢管卡子 DN40 个,镀锌钢管卡子 DN40 个,MAT-TRN-002,auto,,HB材料→T3,HB,False
MAP-HB-62938,镀锌钢管塑料护口 DN15 ~ 20 个,镀锌钢管塑料护口 DN15 ~ 20 个,MAT-TRN-002,auto,,HB材料→T3,HB,False
MAP-HB-43086,镀锌钢管塑料护口 DN32 个,镀锌钢管塑料护口 DN32 个,MAT-TRN-002,auto,,HB材料→T3,HB,False
MAP-HB-94316,镀锌钢管塑料护口 DN40 个,镀锌钢管塑料护口 DN40 个,MAT-TRN-002,auto,,HB材料→T3,HB,False
MAP-HB-95527,镀锌钢管塑料护口 DN80 个,镀锌钢管塑料护口 DN80 个,MAT-TRN-002,auto,,HB材料→T3,HB,False
MAP-HB-90114,镀锌钢管塑料护口 DN100 个,镀锌钢管塑料护口 DN100 个,MAT-TRN-002,auto,,HB材料→T3,HB,False
MAP-HB-02737,镀锌钢管塑料护口 DN125 个,镀锌钢管塑料护口 DN125 个,MAT-TRN-002,auto,,HB材料→T3,HB,False
MAP-HB-43485,镀锌钢管接头 DN65×3.75 个,镀锌钢管接头 DN65×3.75 个,MAT-TRN-002,auto,,HB材料→T3,HB,False
MAP-HB-53200,镀锌钢管接头 DN80×4 个 8.01 - 1.502 - - -,镀锌钢管接头 DN80×4 个 8.01 - 1.502 - - -,MAT-TRN-002,auto,,HB材料→T3,HB,False
MAP-HB-62946,镀锌钢管接头 DN125×4.5 个,镀锌钢管接头 DN125×4.5 个,MAT-TRN-002,auto,,HB材料→T3,HB,False
MAP-HB-07904,镀锌钢管接头 DN150×4.5 个,镀锌钢管接头 DN150×4.5 个,MAT-TRN-002,auto,,HB材料→T3,HB,False
MAP-HB-14511,镀锌钢管卡子 DN65 个,镀锌钢管卡子 DN65 个,MAT-TRN-002,auto,,HB材料→T3,HB,False
MAP-HB-09808,镀锌钢管卡子 DN80,镀锌钢管卡子 DN80,MAT-TRN-002,auto,,HB材料→T3,HB,False
MAP-HB-05268,镀锌钢管接头 DN20×2.75 个 1.29 - 1.602 - -,镀锌钢管接头 DN20×2.75 个 1.29 - 1.602 - -,MAT-TRN-002,auto,,HB材料→T3,HB,False
MAP-HB-37834,镀锌钢管接头 DN32×3.25,镀锌钢管接头 DN32×3.25,MAT-TRN-002,auto,,HB材料→T3,HB,False
MAP-HB-79368,镀锌钢管塑料护口 DN32 个 0.26 - - - 1.502 -,镀锌钢管塑料护口 DN32 个 0.26 - - - 1.502 -,MAT-TRN-002,auto,,HB材料→T3,HB,False
MAP-HB-13486,镀锌钢管塑料护口 DN50 个,镀锌钢管塑料护口 DN50 个,MAT-TRN-002,auto,,HB材料→T3,HB,False
MAP-HB-27263,镀锌钢管塑料护口 DN100 个 1.02 - - - 1.552 - -,镀锌钢管塑料护口 DN100 个 1.02 - - - 1.552 - -,MAT-TRN-002,auto,,HB材料→T3,HB,False
MAP-HB-26278,镀锌钢管塑料护口 DN150 个,镀锌钢管塑料护口 DN150 个,MAT-TRN-002,auto,,HB材料→T3,HB,False
MAP-HB-94684,镀锌钢管接头 DN80×4,镀锌钢管接头 DN80×4,MAT-TRN-002,auto,,HB材料→T3,HB,False
MAP-HB-06791,镀锌钢管接头 DN25×3.25 个,镀锌钢管接头 DN25×3.25 个,MAT-TRN-002,auto,,HB材料→T3,HB,False
MAP-HB-71961,镀锌钢管卡子 DN20 个,镀锌钢管卡子 DN20 个,MAT-TRN-002,auto,,HB材料→T3,HB,False
MAP-HB-27489,镀锌钢管卡子 DN25 个,镀锌钢管卡子 DN25 个,MAT-TRN-002,auto,,HB材料→T3,HB,False
MAP-HB-44811,镀锌钢管塑料护口 DN25 个,镀锌钢管塑料护口 DN25 个,MAT-TRN-002,auto,,HB材料→T3,HB,False
MAP-HB-45036,镀锌钢管塑料护口 DN65,镀锌钢管塑料护口 DN65,MAT-TRN-002,auto,,HB材料→T3,HB,False
MAP-HB-51042,镀锌钢管接头 DN80×4 个,镀锌钢管接头 DN80×4 个,MAT-TRN-002,auto,,HB材料→T3,HB,False
MAP-HB-49973,镀锌钢管接头 DN100×4 个,镀锌钢管接头 DN100×4 个,MAT-TRN-002,auto,,HB材料→T3,HB,False
MAP-HB-03732,镀锌钢管接头 DN125×4.5 个 17.36 - - - - 0.821 -,镀锌钢管接头 DN125×4.5 个 17.36 - - - - 0.821 -,MAT-TRN-002,auto,,HB材料→T3,HB,False
MAP-HB-92917,镀锌钢管卡子 DN50 个,镀锌钢管卡子 DN50 个,MAT-TRN-002,auto,,HB材料→T3,HB,False
MAP-HB-02365,镀锌钢管卡子 DN150 个,镀锌钢管卡子 DN150 个,MAT-TRN-002,auto,,HB材料→T3,HB,False
MAP-HB-22258,镀锌钢管接头 DN32×3.25 个,镀锌钢管接头 DN32×3.25 个,MAT-TRN-002,auto,,HB材料→T3,HB,False
MAP-HB-23710,镀锌钢管卡子 DN25,镀锌钢管卡子 DN25,MAT-TRN-002,auto,,HB材料→T3,HB,False
MAP-HB-77909,镀锌钢管塑料护口 DN15 ~ 20 个 0.14 4.124 4.124 - -,镀锌钢管塑料护口 DN15 ~ 20 个 0.14 4.124 4.124 - -,MAT-TRN-002,auto,,HB材料→T3,HB,False
MAP-HB-91676,镀锌钢管塑料护口 DN15 个,镀锌钢管塑料护口 DN15 个,MAT-TRN-002,auto,,HB材料→T3,HB,False
MAP-HB-92536,镀锌钢管塑料护口 DN20 个,镀锌钢管塑料护口 DN20 个,MAT-TRN-002,auto,,HB材料→T3,HB,False
MAP-HB-87681,镀锌钢管接头 DN20×2.75,镀锌钢管接头 DN20×2.75,MAT-TRN-002,auto,,HB材料→T3,HB,False
MAP-HB-40640,镀锌钢管塑料护口 DN100 个 1.02 - - - 0.821 - -,镀锌钢管塑料护口 DN100 个 1.02 - - - 0.821 - -,MAT-TRN-002,auto,,HB材料→T3,HB,False
MAP-HB-21681,钢管 备 额 m -,钢管 备 额 m -,MAT-TRN-002,auto,,HB材料→T3,HB,False
MAP-HB-50783,接地卡子 综合 个,接地卡子 综合 个,MAT-AUXI-008,auto,,HB材料→T3,HB,False
MAP-HB-73418,可挠金属套管卡子 SP-10 个,可挠金属套管卡子 SP-10 个,MAT-FITT-004,auto,,HB材料→T3,HB,False
MAP-HB-99125,可挠金属套管卡子 SP-12,可挠金属套管卡子 SP-12,MAT-FITT-004,auto,,HB材料→T3,HB,False
MAP-HB-17691,可挠金属套管卡子 SP-24 个,可挠金属套管卡子 SP-24 个,MAT-FITT-004,auto,,HB材料→T3,HB,False
MAP-HB-09616,可挠金属套管卡子 SP-30,可挠金属套管卡子 SP-30,MAT-FITT-004,auto,,HB材料→T3,HB,False
MAP-HB-98829,难燃塑料管卡子 20 个,难燃塑料管卡子 20 个,MAT-FITT-004,auto,,HB材料→T3,HB,False
MAP-HB-17754,难燃塑料管卡子 32 个,难燃塑料管卡子 32 个,MAT-FITT-004,auto,,HB材料→T3,HB,False
MAP-HB-79054,难燃塑料管卡子 40 个,难燃塑料管卡子 40 个,MAT-FITT-004,auto,,HB材料→T3,HB,False
MAP-HB-82919,难燃塑料管弯头 20,难燃塑料管弯头 20,MAT-FITT-001,auto,,HB材料→T3,HB,False
MAP-HB-92434,难燃塑料管弯头 50 个,难燃塑料管弯头 50 个,MAT-FITT-001,auto,,HB材料→T3,HB,False
MAP-HB-45462,难燃塑料管弯头 65,难燃塑料管弯头 65,MAT-FITT-001,auto,,HB材料→T3,HB,False
MAP-HB-78220,难燃塑料管卡子 50 个,难燃塑料管卡子 50 个,MAT-FITT-004,auto,,HB材料→T3,HB,False
MAP-HB-97779,难燃塑料管卡子 65 个,难燃塑料管卡子 65 个,MAT-FITT-004,auto,,HB材料→T3,HB,False
MAP-HB-95331,金属软管 m -,金属软管 m -,MAT-PLUM-007,auto,,HB材料→T3,HB,False
MAP-HB-19004,金属软管接头 DN15 个,金属软管接头 DN15 个,MAT-PLUM-007,auto,,HB材料→T3,HB,False
MAP-HB-99699,金属软管接头 DN20 个,金属软管接头 DN20 个,MAT-PLUM-007,auto,,HB材料→T3,HB,False
MAP-HB-97150,金属软管接头 DN32 个,金属软管接头 DN32 个,MAT-PLUM-007,auto,,HB材料→T3,HB,False
MAP-HB-49930,金属软管接头 DN40 个,金属软管接头 DN40 个,MAT-PLUM-007,auto,,HB材料→T3,HB,False
MAP-HB-40966,金属软管接头 DN50 个,金属软管接头 DN50 个,MAT-PLUM-007,auto,,HB材料→T3,HB,False
MAP-HB-16241,金属软管卡子 DN15 个,金属软管卡子 DN15 个,MAT-FITT-004,auto,,HB材料→T3,HB,False
MAP-HB-60930,金属软管卡子 DN20 个,金属软管卡子 DN20 个,MAT-FITT-004,auto,,HB材料→T3,HB,False
MAP-HB-69030,金属软管卡子 DN40 个,金属软管卡子 DN40 个,MAT-FITT-004,auto,,HB材料→T3,HB,False
MAP-HB-93700,金属软管卡子 DN50 个,金属软管卡子 DN50 个,MAT-FITT-004,auto,,HB材料→T3,HB,False
MAP-HB-23095,金属软管接头 DN25 个,金属软管接头 DN25 个,MAT-PLUM-007,auto,,HB材料→T3,HB,False
MAP-HB-12356,金属软管卡子 DN25 个,金属软管卡子 DN25 个,MAT-FITT-004,auto,,HB材料→T3,HB,False
MAP-HB-10915,角钢吊架 36×3×135 kg,角钢吊架 36×3×135 kg,MAT-STE-005,auto,,HB材料→T3,HB,False
MAP-HB-89644,热轧薄钢板 60×110×1.5 块,热轧薄钢板 60×110×1.5 块,MAT-STE-006,auto,,HB材料→T3,HB,False
MAP-HB-77704,角铁街码 个 -,角铁街码 个 -,MAT-STE-011,auto,,HB材料→T3,HB,False
MAP-HB-57301,索具螺旋扣 M20×200 套,索具螺旋扣 M20×200 套,MAT-AUXI-002,auto,,HB材料→T3,HB,False
MAP-HB-45293,防水橡胶圈 个,防水橡胶圈 个,MAT-UTL-001,auto,,HB材料→T3,HB,False
MAP-HB-28816,金属软管 ϕ15 根,金属软管 ϕ15 根,MAT-PLUM-007,auto,,HB材料→T3,HB,False
MAP-HB-20087,镀锌扁钢 25×4备 额 kg,镀锌扁钢 25×4备 额 kg,MAT-STEL-004,auto,,HB材料→T3,HB,False
MAP-HB-78122,镀锌扁钢 25×4 kg 5.30 1.650 1.650 - - kg,镀锌扁钢 25×4 kg 5.30 1.650 1.650 - - kg,MAT-STEL-004,auto,,HB材料→T3,HB,False
MAP-HB-50440,镀锌扁钢 25×4 kg 5.30 1.650 1.650 kg,镀锌扁钢 25×4 kg 5.30 1.650 1.650 kg,MAT-STEL-004,auto,,HB材料→T3,HB,False
MAP-HB-53393,照明开关 只 - (1.020) (1.020) (1.020) (1.020) (1.020) (1.020) 20 通,照明开关 只 - (1.020) (1.020) (1.020) (1.020) (1.020) (1.020) 20 通,MAT-LIGH-003,auto,,HB材料→T3,HB,False
MAP-HB-13499,密封开关 套 -,密封开关 套 -,MAT-LIGH-003,auto,,HB材料→T3,HB,False
MAP-HB-99831,塑料软管 ϕ15 m,塑料软管 ϕ15 m,MAT-PLUM-007,auto,,HB材料→T3,HB,False
MAP-HB-32642,塑料软管 ϕ25 m,塑料软管 ϕ25 m,MAT-PLUM-007,auto,,HB材料→T3,HB,False
MAP-HB-66928,塑料软管 ϕ30 m,塑料软管 ϕ30 m,MAT-PLUM-007,auto,,HB材料→T3,HB,False
MAP-HB-54252,成套插座 套 -,成套插座 套 -,MAT-LIGH-003,auto,,HB材料→T3,HB,False
MAP-HB-85871,防爆插座 个 -,防爆插座 个 -,MAT-LIGH-003,auto,,HB材料→T3,HB,False
MAP-HB-61082,插座 个 - (1.005) (1.005) (1.005) -,插座 个 - (1.005) (1.005) (1.005) -,MAT-LIGH-003,auto,,HB材料→T3,HB,False
MAP-HB-14736,床头柜多线插头连插座 套 -,床头柜多线插头连插座 套 -,MAT-LIGH-003,auto,,HB材料→T3,HB,False
MAP-HB-14162,多线插头连插座 套 -,多线插头连插座 套 -,MAT-LIGH-003,auto,,HB材料→T3,HB,False
MAP-HB-42465,须刨插座 个 -,须刨插座 个 -,MAT-LIGH-003,auto,,HB材料→T3,HB,False
MAP-HB-12188,尼龙过滤网 m2,尼龙过滤网 m2,MAT-EQP-008,auto,,HB材料→T3,HB,False
MAP-HB-02567,密封玻璃钢电缆槽盖板 m -,密封玻璃钢电缆槽盖板 m -,MAT-BRD-005,auto,,HB材料→T3,HB,False
MAP-HB-68820,玻璃钢电缆槽 m -,玻璃钢电缆槽 m -,MAT-BRD-005,auto,,HB材料→T3,HB,False
MAP-HB-35239,撑脚卡箍 综合 套,撑脚卡箍 综合 套,MAT-FITT-002,auto,,HB材料→T3,HB,False
MAP-HB-34764,防水电缆 m,防水电缆 m,MAT-UTL-001,auto,,HB材料→T3,HB,False
MAP-HB-28154,金属屋面防水帽 圆形 ϕ600 个 -,金属屋面防水帽 圆形 ϕ600 个 -,MAT-UTL-001,auto,,HB材料→T3,HB,False
MAP-HB-95037,自安型防水帽 外圆 ϕ910 -,自安型防水帽 外圆 ϕ910 -,MAT-UTL-001,auto,,HB材料→T3,HB,False
MAP-HB-50129,耐高温防水胶 380g 290ml 支,耐高温防水胶 380g 290ml 支,MAT-SEA-003,auto,,HB材料→T3,HB,False
MAP-HB-82512,调节器控制开关 个 -,调节器控制开关 个 -,MAT-LIGH-003,auto,,HB材料→T3,HB,False
MAP-HB-07330,刀型开关 操作机构式 个 - - (1.000) - - - - 刀型开关 带熔断器式 与 及 个 -,刀型开关 操作机构式 个 - - (1.000) - - - - 刀型开关 带熔断器式 与 及 个 -,MAT-LIGH-003,auto,,HB材料→T3,HB,False
MAP-HB-53143,刀型开关 手柄式 个 -,刀型开关 手柄式 个 -,MAT-LIGH-003,auto,,HB材料→T3,HB,False
MAP-HB-79391,胶盖闸刀开关 单相 个 -,胶盖闸刀开关 单相 个 -,MAT-LIGH-003,auto,,HB材料→T3,HB,False
MAP-HB-08584,铁壳开关 个 -,铁壳开关 个 -,MAT-LIGH-003,auto,,HB材料→T3,HB,False
MAP-HB-70140,万能转换开关 个 电 消耗 ( 元) -,万能转换开关 个 电 消耗 ( 元) -,MAT-LIGH-003,auto,,HB材料→T3,HB,False
MAP-HB-54908,组合控制开关 防爆型 个 - - (1.000) - -,组合控制开关 防爆型 个 - - (1.000) - -,MAT-LIGH-003,auto,,HB材料→T3,HB,False
MAP-HB-75577,漏电保护开关 个 -,漏电保护开关 个 -,MAT-LIGH-003,auto,,HB材料→T3,HB,False
MAP-HB-77220,风扇调速开关 个 -,风扇调速开关 个 -,MAT-LIGH-003,auto,,HB材料→T3,HB,False
MAP-HB-45772,限位开关 个 -,限位开关 个 -,MAT-LIGH-003,auto,,HB材料→T3,HB,False
MAP-HB-20962,镀锌扁钢 综合 kg 5.30 2.000 2.000 2.000 - - kg,镀锌扁钢 综合 kg 5.30 2.000 2.000 2.000 - - kg,MAT-STEL-004,auto,,HB材料→T3,HB,False
MAP-HB-66021,扳把开关 5A 个,扳把开关 5A 个,MAT-LIGH-003,auto,,HB材料→T3,HB,False
MAP-HB-50138,塑料软管 ϕ6 m,塑料软管 ϕ6 m,MAT-PLUM-007,auto,,HB材料→T3,HB,False
MAP-HB-76775,( 元) 槽钢 16 # kg,( 元) 槽钢 16 # kg,MAT-STE-004,auto,,HB材料→T3,HB,False
MAP-HB-25982,角钢 40 ~ 50 kg,角钢 40 ~ 50 kg,MAT-STE-005,auto,,HB材料→T3,HB,False
MAP-HB-34298,钢管用塑料护口 ϕ32 个 0.25 26.136 29.040 25.520,钢管用塑料护口 ϕ32 个 0.25 26.136 29.040 25.520,MAT-TRN-002,auto,,HB材料→T3,HB,False
MAP-HB-85741,槽钢 16 # kg,槽钢 16 # kg,MAT-STE-004,auto,,HB材料→T3,HB,False
MAP-HB-91694,防锈漆 kg 13.20 5.808 8.712 10.454 kg,防锈漆 kg 13.20 5.808 8.712 10.454 kg,MAT-PNT-001,auto,,HB材料→T3,HB,False
MAP-HB-00951,钢管用塑料护口 ϕ32 个 0.25 30.624 45.936 55.123,钢管用塑料护口 ϕ32 个 0.25 30.624 45.936 55.123,MAT-TRN-002,auto,,HB材料→T3,HB,False
MAP-HB-36497,塑料软管 ϕ12 m,塑料软管 ϕ12 m,MAT-PLUM-007,auto,,HB材料→T3,HB,False
MAP-HB-22108,塑料软管 ϕ14 m,塑料软管 ϕ14 m,MAT-PLUM-007,auto,,HB材料→T3,HB,False
MAP-HB-76130,塑料软管 ϕ16 m,塑料软管 ϕ16 m,MAT-PLUM-007,auto,,HB材料→T3,HB,False
MAP-HB-99992,塑料软管 ϕ20 m,塑料软管 ϕ20 m,MAT-PLUM-007,auto,,HB材料→T3,HB,False
MAP-HB-91988,钢管用塑料护口 ϕ20 个,钢管用塑料护口 ϕ20 个,MAT-TRN-002,auto,,HB材料→T3,HB,False
MAP-HB-80057,钢管用塑料护口 ϕ32 个,钢管用塑料护口 ϕ32 个,MAT-TRN-002,auto,,HB材料→T3,HB,False
MAP-HB-54304,钢管用塑料护口 ϕ50 个,钢管用塑料护口 ϕ50 个,MAT-TRN-002,auto,,HB材料→T3,HB,False
MAP-HB-38450,角钢 50×3 kg,角钢 50×3 kg,MAT-STE-005,auto,,HB材料→T3,HB,False
MAP-HB-18707,( 元) 24 用 m 1.49 1.000 2.000 3.000 4.000 4.000 20 通 材 超五类屏蔽双绞线 % -,( 元) 24 用 m 1.49 1.000 2.000 3.000 4.000 4.000 20 通 材 超五类屏蔽双绞线 % -,MAT-CABL-009,auto,,HB材料→T3,HB,False
MAP-HB-10024,机柜用电源分配插座( PDU) 含工业连接器 19 英寸 个 -,机柜用电源分配插座( PDU) 含工业连接器 19 英寸 个 -,MAT-LIGH-003,auto,,HB材料→T3,HB,False
MAP-HB-91200,机柜用电源分配插座( PDU) 含工业连接器≤12 位 个 -,机柜用电源分配插座( PDU) 含工业连接器≤12 位 个 -,MAT-LIGH-003,auto,,HB材料→T3,HB,False
MAP-HB-58403,机柜用电源分配插座( PDU) 不含工业连接器≤12 位 个 -,机柜用电源分配插座( PDU) 不含工业连接器≤12 位 个 -,MAT-LIGH-003,auto,,HB材料→T3,HB,False
MAP-HB-87646,机柜用电源分配插座( PDU) 不含工业连接器 19 英寸 -,机柜用电源分配插座( PDU) 不含工业连接器 19 英寸 -,MAT-LIGH-003,auto,,HB材料→T3,HB,False
MAP-HB-03244,插座 个 -,插座 个 -,MAT-LIGH-003,auto,,HB材料→T3,HB,False
MAP-HB-83915,光缆 m -,光缆 m -,MAT-CABL-009,auto,,HB材料→T3,HB,False
MAP-HB-23245,光纤连接盘 块 -,光纤连接盘 块 -,MAT-CABL-009,auto,,HB材料→T3,HB,False
MAP-HB-46662,光纤连接器材 套 -,光纤连接器材 套 -,MAT-CABL-009,auto,,HB材料→T3,HB,False
MAP-HB-32632,磨制光纤连接器材 套 -,磨制光纤连接器材 套 -,MAT-CABL-009,auto,,HB材料→T3,HB,False
MAP-HB-76544,光缆终端盒 个 -,光缆终端盒 个 -,MAT-CABL-009,auto,,HB材料→T3,HB,False
MAP-HB-81923,光缆终端盒 个 ( 元) -,光缆终端盒 个 ( 元) -,MAT-CABL-009,auto,,HB材料→T3,HB,False
MAP-HB-35281,接地线 1×16mm2 m,接地线 1×16mm2 m,MAT-AUXI-008,auto,,HB材料→T3,HB,False
MAP-HB-82060,射频电缆用 插头、插座 套,射频电缆用 插头、插座 套,MAT-LIGH-003,auto,,HB材料→T3,HB,False
MAP-HB-80091,BNC-50KY 插头、插座 m,BNC-50KY 插头、插座 m,MAT-LIGH-003,auto,,HB材料→T3,HB,False
MAP-HB-00627,配电板 含开关 保险 个 -,配电板 含开关 保险 个 -,MAT-LIGH-003,auto,,HB材料→T3,HB,False
MAP-HB-43755,三相四孔插座 15A 个 - - - - (1.010) - - -,三相四孔插座 15A 个 - - - - (1.010) - - -,MAT-LIGH-003,auto,,HB材料→T3,HB,False
MAP-HB-23949,监视器吊架 台 -,监视器吊架 台 -,MAT-FITT-004,auto,,HB材料→T3,HB,False
MAP-HB-07051,BNC-50KY 插头、插座 m -,BNC-50KY 插头、插座 m -,MAT-LIGH-003,auto,,HB材料→T3,HB,False
MAP-HB-73434,金属软管卡子 DN20,金属软管卡子 DN20,MAT-FITT-004,auto,,HB材料→T3,HB,False
MAP-HB-30569,刀片 D450 片 110.00 0.800 - - 水 m3,刀片 D450 片 110.00 0.800 - - 水 m3,MAT-UTL-001,auto,,HB材料→T3,HB,False
MAP-HB-92969,钢板 δ6 ~ 7 t,钢板 δ6 ~ 7 t,MAT-STE-006,auto,,HB材料→T3,HB,False
MAP-HB-05079,镀锌钢管 DN100 m,镀锌钢管 DN100 m,MAT-TRN-002,auto,,HB材料→T3,HB,False
MAP-HB-41710,牵引( NUT-1 型) 副 -,牵引( NUT-1 型) 副 -,MAT-SVC-002,auto,,HB材料→T3,HB,False
MAP-HB-04691,熔断器 RT18 / 63A,熔断器 RT18 / 63A,MAT-SVC-002,auto,,HB材料→T3,HB,False
MAP-HB-53056,熔断器 RT18 / 63A 个,熔断器 RT18 / 63A 个,MAT-SVC-002,auto,,HB材料→T3,HB,False
MAP-HB-66753,插座 带丝堵 套 -,插座 带丝堵 套 -,MAT-LIGH-003,auto,,HB材料→T3,HB,False
MAP-HB-98005,仪表接头 套 -,仪表接头 套 -,MAT-AUXI-013,auto,,HB材料→T3,HB,False
MAP-HB-56282,镀锌管卡子 ϕ15×3 个,镀锌管卡子 ϕ15×3 个,MAT-PIPE-002,auto,,HB材料→T3,HB,False
MAP-HB-98377,钢管用镀锌管卡子 DN32 个,钢管用镀锌管卡子 DN32 个,MAT-TRN-002,auto,,HB材料→T3,HB,False
MAP-HB-77795,仪表接头 套 - - - (1.000) -,仪表接头 套 - - - (1.000) -,MAT-AUXI-013,auto,,HB材料→T3,HB,False
MAP-HB-69247,接地线 5.5 ~ 16mm2 m,接地线 5.5 ~ 16mm2 m,MAT-AUXI-008,auto,,HB材料→T3,HB,False
MAP-HB-99651,仪表接头 控 额 套 -,仪表接头 控 额 套 -,MAT-AUXI-013,auto,,HB材料→T3,HB,False
MAP-HB-65572,插座 带丝堵 控 额 套 -,插座 带丝堵 控 额 套 -,MAT-LIGH-003,auto,,HB材料→T3,HB,False
MAP-HB-06807,插座 带丝堵 套 - - - - (1.000) - - 制 及 套 -,插座 带丝堵 套 - - - - (1.000) - - 制 及 套 -,MAT-LIGH-003,auto,,HB材料→T3,HB,False
MAP-HB-96934,接地线 5.5 ~ 16mm2 m 21.36 2.000,接地线 5.5 ~ 16mm2 m 21.36 2.000,MAT-AUXI-008,auto,,HB材料→T3,HB,False
MAP-HB-30070,仪表接头 套 ( 元) 制 及 套 - (1.000) - - - - - -,仪表接头 套 ( 元) 制 及 套 - (1.000) - - - - - -,MAT-AUXI-013,auto,,HB材料→T3,HB,False
MAP-HB-83423,仪表接头 套 ( 元) m - - - (18.000) (20.700) - -,仪表接头 套 ( 元) m - - - (18.000) (20.700) - -,MAT-AUXI-013,auto,,HB材料→T3,HB,False
MAP-HB-04654,仪表接头 套 - - - - (6.000) 制 及 kg,仪表接头 套 - - - - (6.000) 制 及 kg,MAT-AUXI-013,auto,,HB材料→T3,HB,False
MAP-HB-63452,接地线 5.5 ~ 16mm2 m 21.36 0.150 0.500 0.150 -,接地线 5.5 ~ 16mm2 m 21.36 0.150 0.500 0.150 -,MAT-AUXI-008,auto,,HB材料→T3,HB,False
MAP-HB-38249,接地线 5.5 ~ 16mm 2 m,接地线 5.5 ~ 16mm 2 m,MAT-AUXI-008,auto,,HB材料→T3,HB,False
MAP-HB-31339,仪表接头 套 - (4.000) (3.000) (4.000) (6.000),仪表接头 套 - (4.000) (3.000) (4.000) (6.000),MAT-AUXI-013,auto,,HB材料→T3,HB,False
MAP-HB-60724,钢管用镀锌管卡子 DN20,钢管用镀锌管卡子 DN20,MAT-TRN-002,auto,,HB材料→T3,HB,False
MAP-HB-01300,钢管用镀锌管卡子 DN50 个,钢管用镀锌管卡子 DN50 个,MAT-TRN-002,auto,,HB材料→T3,HB,False
MAP-HB-97143,仪表接头 套 - - - - - (4.000) (3.000) -,仪表接头 套 - - - - - (4.000) (3.000) -,MAT-AUXI-013,auto,,HB材料→T3,HB,False
MAP-HB-17321,钢管用镀锌管卡子 DN15 个,钢管用镀锌管卡子 DN15 个,MAT-TRN-002,auto,,HB材料→T3,HB,False
MAP-HB-46308,钢管用镀锌管卡子 DN20 个,钢管用镀锌管卡子 DN20 个,MAT-TRN-002,auto,,HB材料→T3,HB,False
MAP-HB-59055,不锈钢管卡 DN15 个,不锈钢管卡 DN15 个,MAT-TRN-002,auto,,HB材料→T3,HB,False
MAP-HB-10308,不锈钢管卡 DN20 控 额 个,不锈钢管卡 DN20 控 额 个,MAT-TRN-002,auto,,HB材料→T3,HB,False
MAP-HB-79084,不锈钢管卡 DN32 个 2.96 - - - 5.000 -,不锈钢管卡 DN32 个 2.96 - - - 5.000 -,MAT-TRN-002,auto,,HB材料→T3,HB,False
MAP-HB-51875,不锈钢管卡 DN15,不锈钢管卡 DN15,MAT-TRN-002,auto,,HB材料→T3,HB,False
MAP-HB-92934,不锈钢管卡 DN20 个,不锈钢管卡 DN20 个,MAT-TRN-002,auto,,HB材料→T3,HB,False
MAP-HB-75607,仪表接头 套 - (3.000) (2.000) (2.000) -,仪表接头 套 - (3.000) (2.000) (2.000) -,MAT-AUXI-013,auto,,HB材料→T3,HB,False
MAP-HB-05018,热缩管 控 额 m -,热缩管 控 额 m -,MAT-AUXI-009,auto,,HB材料→T3,HB,False
MAP-HB-41393,热缩管 m -,热缩管 m -,MAT-AUXI-009,auto,,HB材料→T3,HB,False
MAP-HB-72345,光缆终端活接头及附件 套 -,光缆终端活接头及附件 套 -,MAT-CABL-009,auto,,HB材料→T3,HB,False
MAP-HB-97551,光缆接线密封盒 个 -,光缆接线密封盒 个 -,MAT-CABL-009,auto,,HB材料→T3,HB,False
MAP-HB-18597,桥架支撑 个 -,桥架支撑 个 -,MAT-STEL-005,auto,,HB材料→T3,HB,False
MAP-HB-78874,桥架立柱 个 -,桥架立柱 个 -,MAT-STEL-005,auto,,HB材料→T3,HB,False
MAP-HB-19880,镀锌钢管 DN50 m -,镀锌钢管 DN50 m -,MAT-TRN-002,auto,,HB材料→T3,HB,False
MAP-HB-64377,热轧厚钢板 δ10 kg -,热轧厚钢板 δ10 kg -,MAT-STE-006,auto,,HB材料→T3,HB,False
MAP-HB-51769,双杆吊架 对 -,双杆吊架 对 -,MAT-FITT-004,auto,,HB材料→T3,HB,False
MAP-HB-34692,酚醛防锈漆 kg 13.96 - - - 1.000 - - kg,酚醛防锈漆 kg 13.96 - - - 1.000 - - kg,MAT-PNT-001,auto,,HB材料→T3,HB,False
MAP-HB-45788,无缝钢管 ϕ100 m -,无缝钢管 ϕ100 m -,MAT-TRN-002,auto,,HB材料→T3,HB,False
MAP-HB-33216,钢板 综合 kg -,钢板 综合 kg -,MAT-STE-006,auto,,HB材料→T3,HB,False
MAP-HB-46931,镀锌钢管 DN6 ~ 50 m -,镀锌钢管 DN6 ~ 50 m -,MAT-TRN-002,auto,,HB材料→T3,HB,False
MAP-HB-35818,黄铜管 DN6 ~ 50 m -,黄铜管 DN6 ~ 50 m -,MAT-PIPE-006,auto,,HB材料→T3,HB,False
MAP-HB-75263,不锈钢管 m - - - (1.720) - - (3.240),不锈钢管 m - - - (1.720) - - (3.240),MAT-TRN-002,auto,,HB材料→T3,HB,False
MAP-HB-20787,温度计套管 个 - - (1.000) (1.000) - - - 制 及 套 -,温度计套管 个 - - (1.000) (1.000) - - - 制 及 套 -,MAT-ELEC-005,auto,,HB材料→T3,HB,False
MAP-HB-43341,不锈钢管 m -,不锈钢管 m -,MAT-TRN-002,auto,,HB材料→T3,HB,False
MAP-HB-06223,压力表表弯 个 -,压力表表弯 个 -,MAT-ELEC-005,auto,,HB材料→T3,HB,False
MAP-HB-68851,( 元) 无缝钢管 冷拔 综合 制 及 m - (1.600) (1.600) m -,( 元) 无缝钢管 冷拔 综合 制 及 m - (1.600) (1.600) m -,MAT-TRN-002,auto,,HB材料→T3,HB,False
MAP-HB-76780,热轧薄钢板 δ0.7 ~ 0.9 kg,热轧薄钢板 δ0.7 ~ 0.9 kg,MAT-STE-006,auto,,HB材料→T3,HB,False
MAP-HB-40772,槽钢 6.3 # kg,槽钢 6.3 # kg,MAT-STE-004,auto,,HB材料→T3,HB,False
MAP-HB-93704,圆钢 ϕ10 以外 kg,圆钢 ϕ10 以外 kg,MAT-STE-002,auto,,HB材料→T3,HB,False
MAP-HB-16107,热轧厚钢板 δ8.0 ~ 20 空 额 kg,热轧厚钢板 δ8.0 ~ 20 空 额 kg,MAT-STE-006,auto,,HB材料→T3,HB,False
MAP-HB-37537,扁钢 59 以内 kg,扁钢 59 以内 kg,MAT-STEL-004,auto,,HB材料→T3,HB,False
MAP-HB-30883,圆钢 ϕ5.5 ~ 9 kg,圆钢 ϕ5.5 ~ 9 kg,MAT-STE-002,auto,,HB材料→T3,HB,False
MAP-HB-43760,焊接钢管 DN150 kg,焊接钢管 DN150 kg,MAT-STE-007,auto,,HB材料→T3,HB,False
MAP-HB-34035,无缝钢管 ϕ203 ~ 245×7.1 ~ 12 kg,无缝钢管 ϕ203 ~ 245×7.1 ~ 12 kg,MAT-TRN-002,auto,,HB材料→T3,HB,False
MAP-HB-81864,热轧薄钢板 δ2.0 ~ 2.5 空 额 kg,热轧薄钢板 δ2.0 ~ 2.5 空 额 kg,MAT-STE-006,auto,,HB材料→T3,HB,False
MAP-HB-24752,角钢 60 kg -,角钢 60 kg -,MAT-STE-005,auto,,HB材料→T3,HB,False
MAP-HB-37654,角钢 63 空 额 kg -,角钢 63 空 额 kg -,MAT-STE-005,auto,,HB材料→T3,HB,False
MAP-HB-44636,槽钢 5 # ~ 16 # kg -,槽钢 5 # ~ 16 # kg -,MAT-STE-004,auto,,HB材料→T3,HB,False
MAP-HB-65671,预拌细石混凝土 C20 m3,预拌细石混凝土 C20 m3,MAT-CON-004,auto,,HB材料→T3,HB,False
MAP-HB-56727,角钢 63 kg -,角钢 63 kg -,MAT-STE-005,auto,,HB材料→T3,HB,False
MAP-HB-04035,镀锌薄钢板 δ0.6 空 额 m2 - - (11.380) - - - -,镀锌薄钢板 δ0.6 空 额 m2 - - (11.380) - - - -,MAT-STE-006,auto,,HB材料→T3,HB,False
MAP-HB-06051,镀锌薄钢板 δ1.0 m 2 -,镀锌薄钢板 δ1.0 m 2 -,MAT-STE-006,auto,,HB材料→T3,HB,False
MAP-HB-50616,镀锌薄钢板 δ1.2 m 2 -,镀锌薄钢板 δ1.2 m 2 -,MAT-STE-006,auto,,HB材料→T3,HB,False
MAP-HB-23017,角钢 63 kg,角钢 63 kg,MAT-STE-005,auto,,HB材料→T3,HB,False
MAP-HB-74174,镀锌薄钢板 δ0.5 m2 - (11.380) - - - - - m2 -,镀锌薄钢板 δ0.5 m2 - (11.380) - - - - - m2 -,MAT-STE-006,auto,,HB材料→T3,HB,False
MAP-HB-89563,镀锌薄钢板 δ0.75 空 额 m2 -,镀锌薄钢板 δ0.75 空 额 m2 -,MAT-STE-006,auto,,HB材料→T3,HB,False
MAP-HB-08426,镀锌薄钢板 δ1.0 m2 -,镀锌薄钢板 δ1.0 m2 -,MAT-STE-006,auto,,HB材料→T3,HB,False
MAP-HB-63794,镀锌薄钢板 δ1.2 m2 -,镀锌薄钢板 δ1.2 m2 -,MAT-STE-006,auto,,HB材料→T3,HB,False
MAP-HB-77253,镀锌薄钢板 δ0.6 m 2 -,镀锌薄钢板 δ0.6 m 2 -,MAT-STE-006,auto,,HB材料→T3,HB,False
MAP-HB-51772,镀锌薄钢板 δ0.75 m 2 -,镀锌薄钢板 δ0.75 m 2 -,MAT-STE-006,auto,,HB材料→T3,HB,False
MAP-HB-61882,镀锌薄钢板 δ1.0 m2 - - - - (11.800) - m2 -,镀锌薄钢板 δ1.0 m2 - - - - (11.800) - m2 -,MAT-STE-006,auto,,HB材料→T3,HB,False
MAP-HB-39949,槽钢 5 ~ 16 kg,槽钢 5 ~ 16 kg,MAT-STE-004,auto,,HB材料→T3,HB,False
MAP-HB-08218,镀锌风管角码 δ1.0 个,镀锌风管角码 δ1.0 个,MAT-HVAC-002,auto,,HB材料→T3,HB,False
MAP-HB-13307,热轧薄钢板 δ2.0 m2 -,热轧薄钢板 δ2.0 m2 -,MAT-STE-006,auto,,HB材料→T3,HB,False
MAP-HB-52497,热轧薄钢板 δ3.0 m2 -,热轧薄钢板 δ3.0 m2 -,MAT-STE-006,auto,,HB材料→T3,HB,False
MAP-HB-14660,角钢 60 空 额 kg,角钢 60 空 额 kg,MAT-STE-005,auto,,HB材料→T3,HB,False
MAP-HB-21871,热轧薄钢板 δ3.0 空 额 m2 -,热轧薄钢板 δ3.0 空 额 m2 -,MAT-STE-006,auto,,HB材料→T3,HB,False
MAP-HB-81358,镀锌薄钢板 δ0.75 空 额 m 2 -,镀锌薄钢板 δ0.75 空 额 m 2 -,MAT-STE-006,auto,,HB材料→T3,HB,False
MAP-HB-45635,不锈钢板 δ2.0 m2 -,不锈钢板 δ2.0 m2 -,MAT-STE-006,auto,,HB材料→T3,HB,False
MAP-HB-11509,不锈钢板 δ3.0 m2 -,不锈钢板 δ3.0 m2 -,MAT-STE-006,auto,,HB材料→T3,HB,False
MAP-HB-76022,热轧薄钢板 δ0.5 m2,热轧薄钢板 δ0.5 m2,MAT-STE-006,auto,,HB材料→T3,HB,False
MAP-HB-40163,硬聚氯乙烯板 δ3 ~ 8 m2 -,硬聚氯乙烯板 δ3 ~ 8 m2 -,MAT-BRD-006,auto,,HB材料→T3,HB,False
MAP-HB-88581,硬聚氯乙烯板 δ6 m2,硬聚氯乙烯板 δ6 m2,MAT-BRD-006,auto,,HB材料→T3,HB,False
MAP-HB-90324,硬聚氯乙烯板 δ8 m2,硬聚氯乙烯板 δ8 m2,MAT-BRD-006,auto,,HB材料→T3,HB,False
MAP-HB-90509,硬聚氯乙烯板 δ12 m2,硬聚氯乙烯板 δ12 m2,MAT-BRD-006,auto,,HB材料→T3,HB,False
MAP-HB-22146,玻璃钢风管 1.5 ~ 4 m2 -,玻璃钢风管 1.5 ~ 4 m2 -,MAT-BRD-005,auto,,HB材料→T3,HB,False
MAP-HB-43310,镀锌薄钢板 δ1~ 1.5 kg,镀锌薄钢板 δ1~ 1.5 kg,MAT-STE-006,auto,,HB材料→T3,HB,False
MAP-HB-58945,橡塑保温管 d10 m,橡塑保温管 d10 m,MAT-INSU-002,auto,,HB材料→T3,HB,False
MAP-HB-52946,抗震支架 套 -,抗震支架 套 -,MAT-AUXI-010,auto,,HB材料→T3,HB,False
MAP-HB-37064,蝶阀 个 -,蝶阀 个 -,MAT-VALV-002,auto,,HB材料→T3,HB,False
MAP-HB-69661,风管止回阀 个 -,风管止回阀 个 -,MAT-VALV-004,auto,,HB材料→T3,HB,False
MAP-HB-97396,对开多叶调节阀 个 -,对开多叶调节阀 个 -,MAT-VALV-007,auto,,HB材料→T3,HB,False
MAP-HB-25096,风管防火阀 个 -,风管防火阀 个 -,MAT-HVAC-002,auto,,HB材料→T3,HB,False
MAP-HB-65872,百叶风口 个 -,百叶风口 个 -,MAT-DOO-011,auto,,HB材料→T3,HB,False
MAP-HB-02430,矩形送风口 个 -,矩形送风口 个 -,MAT-HVAC-003,auto,,HB材料→T3,HB,False
MAP-HB-95762,旋转吹风口 个 -,旋转吹风口 个 -,MAT-HVAC-003,auto,,HB材料→T3,HB,False
MAP-HB-30352,散流器 个 -,散流器 个 -,MAT-HVAC-003,auto,,HB材料→T3,HB,False
MAP-HB-96279,散流器 个 ( 元) -,散流器 个 ( 元) -,MAT-HVAC-003,auto,,HB材料→T3,HB,False
MAP-HB-82932,带调节阀过滤器百叶风口 个 -,带调节阀过滤器百叶风口 个 -,MAT-DOO-011,auto,,HB材料→T3,HB,False
MAP-HB-66831,镀锌角钢 60 以内 kg,镀锌角钢 60 以内 kg,MAT-STE-005,auto,,HB材料→T3,HB,False
MAP-HB-27067,带调节阀散流器 个 -,带调节阀散流器 个 -,MAT-VALV-007,auto,,HB材料→T3,HB,False
MAP-HB-79656,送吸风口 个 -,送吸风口 个 -,MAT-HVAC-003,auto,,HB材料→T3,HB,False
MAP-HB-18914,网式风口 个 -,网式风口 个 -,MAT-HVAC-003,auto,,HB材料→T3,HB,False
MAP-HB-48681,钢百叶窗 个 ( 元) -,钢百叶窗 个 ( 元) -,MAT-DOO-011,auto,,HB材料→T3,HB,False
MAP-HB-00099,软聚氯乙烯板 δ2 ~ 8 kg,软聚氯乙烯板 δ2 ~ 8 kg,MAT-BRD-006,auto,,HB材料→T3,HB,False
MAP-HB-26804,硬聚氯乙烯板 δ2 ~ 30 kg,硬聚氯乙烯板 δ2 ~ 30 kg,MAT-BRD-006,auto,,HB材料→T3,HB,False
MAP-HB-77355,热轧薄钢板 δ2.6 ~ 3.2 kg,热轧薄钢板 δ2.6 ~ 3.2 kg,MAT-STE-006,auto,,HB材料→T3,HB,False
MAP-HB-55194,圆钢 ϕ5.5 ~ 9空 额 kg,圆钢 ϕ5.5 ~ 9空 额 kg,MAT-STE-002,auto,,HB材料→T3,HB,False
MAP-HB-84917,圆钢 ϕ15 ~ 24 kg,圆钢 ϕ15 ~ 24 kg,MAT-STE-002,auto,,HB材料→T3,HB,False
MAP-HB-73771,圆钢 ϕ32 以外 kg,圆钢 ϕ32 以外 kg,MAT-STE-002,auto,,HB材料→T3,HB,False
MAP-HB-23992,焊接钢管 DN25 kg,焊接钢管 DN25 kg,MAT-STE-007,auto,,HB材料→T3,HB,False
MAP-HB-79693,钢板 kg -,钢板 kg -,MAT-STE-006,auto,,HB材料→T3,HB,False
MAP-HB-98803,防火泥 kg -,防火泥 kg -,MAT-AUXI-007,auto,,HB材料→T3,HB,False
MAP-HB-09216,钢板 空 额 kg -,钢板 空 额 kg -,MAT-STE-006,auto,,HB材料→T3,HB,False
MAP-HB-19598,热轧厚钢板 δ8.0 ~ 15 kg,热轧厚钢板 δ8.0 ~ 15 kg,MAT-STE-006,auto,,HB材料→T3,HB,False
MAP-HB-70972,焊接钢管 DN65 m,焊接钢管 DN65 m,MAT-STE-007,auto,,HB材料→T3,HB,False
MAP-HB-22074,柔性接头 D156 个 -,柔性接头 D156 个 -,MAT-AUXI-012,auto,,HB材料→T3,HB,False
MAP-HB-08571,柔性接头 D200 个 -,柔性接头 D200 个 -,MAT-AUXI-012,auto,,HB材料→T3,HB,False
MAP-HB-88924,螺纹截止阀 J11T-16 DN20 个 40.34 - - - 1.000 - - - kg,螺纹截止阀 J11T-16 DN20 个 40.34 - - - 1.000 - - - kg,MAT-VALV-003,auto,,HB材料→T3,HB,False
MAP-HB-78220,镀锌圆钢 ϕ10 ~ 14 kg,镀锌圆钢 ϕ10 ~ 14 kg,MAT-STE-002,auto,,HB材料→T3,HB,False
MAP-HB-83074,板枋材 m3 2566.00 0.006 - kg,板枋材 m3 2566.00 0.006 - kg,MAT-WOO-001,auto,,HB材料→T3,HB,False
MAP-HB-77025,碳钢管 m -,碳钢管 m -,MAT-TRN-002,auto,,HB材料→T3,HB,False
MAP-HB-54961,碳钢管 管 额 m -,碳钢管 管 额 m -,MAT-TRN-002,auto,,HB材料→T3,HB,False
MAP-HB-18056,碳钢板卷管 管 额 m -,碳钢板卷管 管 额 m -,MAT-STE-006,auto,,HB材料→T3,HB,False
MAP-HB-80272,碳钢板卷管 m - (9.193),碳钢板卷管 m - (9.193),MAT-STE-006,auto,,HB材料→T3,HB,False
MAP-HB-64338,碳钢板卷管 m -,碳钢板卷管 m -,MAT-STE-006,auto,,HB材料→T3,HB,False
MAP-HB-71028,碳钢板卷管 管 额 m - (8.996) (8.996) (8.798) (8.798) (8.798) (8.798) kg,碳钢板卷管 管 额 m - (8.996) (8.996) (8.798) (8.798) (8.798) (8.798) kg,MAT-STE-006,auto,,HB材料→T3,HB,False
MAP-HB-55602,碳钢板卷管 管 额 m - (8.798) (8.798) (8.798) (8.798) kg,碳钢板卷管 管 额 m - (8.798) (8.798) (8.798) (8.798) kg,MAT-STE-006,auto,,HB材料→T3,HB,False
MAP-HB-80893,酸洗膏 kg 5.23 0.152 0.182 0.199 0.247 0.314 0.382 水 t,酸洗膏 kg 5.23 0.152 0.182 0.199 0.247 0.314 0.382 水 t,MAT-UTL-001,auto,,HB材料→T3,HB,False
MAP-HB-79437,酸洗膏 kg 5.23 0.006 0.008 0.011 0.006 0.008 0.011 水 t,酸洗膏 kg 5.23 0.006 0.008 0.011 0.006 0.008 0.011 水 t,MAT-UTL-001,auto,,HB材料→T3,HB,False
MAP-HB-01828,成品衬里管道 m -,成品衬里管道 m -,MAT-COAT-005,auto,,HB材料→T3,HB,False
MAP-HB-86070,金属软管 根 -,金属软管 根 -,MAT-PLUM-007,auto,,HB材料→T3,HB,False
MAP-HB-26694,玻璃钢管 管 额 m -,玻璃钢管 管 额 m -,MAT-TRN-002,auto,,HB材料→T3,HB,False
MAP-HB-75339,玻璃钢管 管 额 m - (10.000) (10.000) (10.000) (10.000) (10.000) (10.000) kg,玻璃钢管 管 额 m - (10.000) (10.000) (10.000) (10.000) (10.000) (10.000) kg,MAT-TRN-002,auto,,HB材料→T3,HB,False
MAP-HB-77585,热轧厚钢板 δ12~ 20 kg,热轧厚钢板 δ12~ 20 kg,MAT-STE-006,auto,,HB材料→T3,HB,False
MAP-HB-09229,压力表 0 ~ 1.6MPa 块,压力表 0 ~ 1.6MPa 块,MAT-ELEC-005,auto,,HB材料→T3,HB,False
MAP-HB-01014,铸铁管 m -,铸铁管 m -,MAT-PIPE-004,auto,,HB材料→T3,HB,False
MAP-HB-20588,白色硅酸盐水泥 32.5 kg,白色硅酸盐水泥 32.5 kg,MAT-UTL-001,auto,,HB材料→T3,HB,False
MAP-HB-89770,铸铁管 m - (10.000) (10.000) (10.000) (10.000) (10.000) (10.000) 材 m3,铸铁管 m - (10.000) (10.000) (10.000) (10.000) (10.000) (10.000) 材 m3,MAT-PIPE-004,auto,,HB材料→T3,HB,False
MAP-HB-80012,铸铁管 m - (10.000) (10.000) (10.000) 材 m3,铸铁管 m - (10.000) (10.000) (10.000) 材 m3,MAT-PIPE-004,auto,,HB材料→T3,HB,False
MAP-HB-46563,法兰铸铁管 管 额 m -,法兰铸铁管 管 额 m -,MAT-PIPE-004,auto,,HB材料→T3,HB,False
MAP-HB-99289,酸洗膏 kg 5.23 0.134 0.203 0.242 0.265 0.323 0.419 0.515 水 t,酸洗膏 kg 5.23 0.134 0.203 0.242 0.265 0.323 0.419 0.515 水 t,MAT-UTL-001,auto,,HB材料→T3,HB,False
MAP-HB-96739,酸洗膏 kg 5.23 0.229 0.273 0.299 0.370 0.472 0.573 水 t,酸洗膏 kg 5.23 0.229 0.273 0.299 0.370 0.472 0.573 水 t,MAT-UTL-001,auto,,HB材料→T3,HB,False
MAP-HB-42137,合金钢管 m -,合金钢管 m -,MAT-TRN-002,auto,,HB材料→T3,HB,False
MAP-HB-78387,碳钢对焊管件 个 -,碳钢对焊管件 个 -,MAT-STE-007,auto,,HB材料→T3,HB,False
MAP-HB-42715,碳钢对焊管件 管 额 个 -,碳钢对焊管件 管 额 个 -,MAT-STE-007,auto,,HB材料→T3,HB,False
MAP-HB-74613,碳钢对焊管件 个 ( 元) -,碳钢对焊管件 个 ( 元) -,MAT-STE-007,auto,,HB材料→T3,HB,False
MAP-HB-17417,沟槽管件 套 -,沟槽管件 套 -,MAT-FITT-002,auto,,HB材料→T3,HB,False
MAP-HB-91291,碳钢板卷管件 个 -,碳钢板卷管件 个 -,MAT-STE-006,auto,,HB材料→T3,HB,False
MAP-HB-99579,( 元) 碳钢板卷管件 管 额 个 -,( 元) 碳钢板卷管件 管 额 个 -,MAT-STE-006,auto,,HB材料→T3,HB,False
MAP-HB-26887,碳钢板卷管件 个 管 额 ( 元) -,碳钢板卷管件 个 管 额 ( 元) -,MAT-STE-006,auto,,HB材料→T3,HB,False
MAP-HB-53416,不锈钢对焊管件 个 -,不锈钢对焊管件 个 -,MAT-STE-007,auto,,HB材料→T3,HB,False
MAP-HB-75198,酸洗膏 kg 5.23 0.269 0.367 0.430 0.551 0.847 1.137 1.482 水 t,酸洗膏 kg 5.23 0.269 0.367 0.430 0.551 0.847 1.137 1.482 水 t,MAT-UTL-001,auto,,HB材料→T3,HB,False
MAP-HB-36820,不锈钢板卷管件 个 -,不锈钢板卷管件 个 -,MAT-STE-006,auto,,HB材料→T3,HB,False
MAP-HB-98264,不锈钢板卷管件 个 ( 元) -,不锈钢板卷管件 个 ( 元) -,MAT-STE-006,auto,,HB材料→T3,HB,False
MAP-HB-75031,酸洗膏 kg 5.23 3.805 4.304 5.215 6.549 8.360 水 t,酸洗膏 kg 5.23 3.805 4.304 5.215 6.549 8.360 水 t,MAT-UTL-001,auto,,HB材料→T3,HB,False
MAP-HB-34448,酸洗膏 kg 5.23 9.405 10.450 12.540 14.630 水 t,酸洗膏 kg 5.23 9.405 10.450 12.540 14.630 水 t,MAT-UTL-001,auto,,HB材料→T3,HB,False
MAP-HB-67671,重铬酸钾 98% kg 18.07 0.045 0.089 0.089 0.112 0.134 0.156 水 t,重铬酸钾 98% kg 18.07 0.045 0.089 0.089 0.112 0.134 0.156 水 t,MAT-UTL-001,auto,,HB材料→T3,HB,False
MAP-HB-17618,重铬酸钾 98% kg 18.07 1.368 1.619 1.847 2.120 2.371 2.622 20 安 水 t,重铬酸钾 98% kg 18.07 1.368 1.619 1.847 2.120 2.371 2.622 20 安 水 t,MAT-UTL-001,auto,,HB材料→T3,HB,False
MAP-HB-90876,酸洗膏 kg 5.23 6.327 7.213 8.212 水 t,酸洗膏 kg 5.23 6.327 7.213 8.212 水 t,MAT-UTL-001,auto,,HB材料→T3,HB,False
MAP-HB-63320,玻璃钢管件 个 -,玻璃钢管件 个 -,MAT-TRN-002,auto,,HB材料→T3,HB,False
MAP-HB-49473,铸铁管件 个 - (10.000) (10.000) (10.000) (10.000) (10.000) (10.000) (10.000) m3,铸铁管件 个 - (10.000) (10.000) (10.000) (10.000) (10.000) (10.000) (10.000) m3,MAT-PIPE-004,auto,,HB材料→T3,HB,False
MAP-HB-03708,白色硅酸盐水泥 32.5 kg 0.56 9.130 11.350 16.700 21.470 35.970 49.280 69.520 kg,白色硅酸盐水泥 32.5 kg 0.56 9.130 11.350 16.700 21.470 35.970 49.280 69.520 kg,MAT-UTL-001,auto,,HB材料→T3,HB,False
MAP-HB-07231,铸铁管件 个 ( 元) -,铸铁管件 个 ( 元) -,MAT-PIPE-004,auto,,HB材料→T3,HB,False
MAP-HB-74521,铸铁管件 个 -,铸铁管件 个 -,MAT-PIPE-004,auto,,HB材料→T3,HB,False
MAP-HB-42884,膨胀水泥 kg,膨胀水泥 kg,MAT-UTL-001,auto,,HB材料→T3,HB,False
MAP-HB-77220,法兰铸铁管件 个 管 额 ( 元) -,法兰铸铁管件 个 管 额 ( 元) -,MAT-PIPE-004,auto,,HB材料→T3,HB,False
MAP-HB-59173,碳钢对焊管件 个 - (10.000) (10.000) (10.000) (10.000) (10.000) (10.000) kg,碳钢对焊管件 个 - (10.000) (10.000) (10.000) (10.000) (10.000) (10.000) kg,MAT-STE-007,auto,,HB材料→T3,HB,False
MAP-HB-48653,酸洗膏 kg 5.23 0.516 0.661 1.017 1.365 1.778 水 t,酸洗膏 kg 5.23 0.516 0.661 1.017 1.365 1.778 水 t,MAT-UTL-001,auto,,HB材料→T3,HB,False
MAP-HB-46924,酸洗膏 kg 5.23 0.322 0.441 0.516 0.661 1.017 1.365 1.778 水 t,酸洗膏 kg 5.23 0.322 0.441 0.516 0.661 1.017 1.365 1.778 水 t,MAT-UTL-001,auto,,HB材料→T3,HB,False
MAP-HB-50259,热轧厚钢板 δ20 kg,热轧厚钢板 δ20 kg,MAT-STE-006,auto,,HB材料→T3,HB,False
MAP-HB-45681,无缝钢管 ϕ22×2.5 m,无缝钢管 ϕ22×2.5 m,MAT-TRN-002,auto,,HB材料→T3,HB,False
MAP-HB-22861,压力表 Y-100 0 ~ 6MPa 块,压力表 Y-100 0 ~ 6MPa 块,MAT-ELEC-005,auto,,HB材料→T3,HB,False
MAP-HB-39345,压力表补芯 个,压力表补芯 个,MAT-ELEC-005,auto,,HB材料→T3,HB,False
MAP-HB-80853,输水软管 ϕ25 m,输水软管 ϕ25 m,MAT-UTL-001,auto,,HB材料→T3,HB,False
MAP-HB-26594,螺纹截止阀 J11T-16 DN15 个,螺纹截止阀 J11T-16 DN15 个,MAT-VALV-003,auto,,HB材料→T3,HB,False
MAP-HB-06469,法兰阀门 个 -,法兰阀门 个 -,MAT-FITT-003,auto,,HB材料→T3,HB,False
MAP-HB-13842,法兰阀门 个 ( 元) -,法兰阀门 个 ( 元) -,MAT-FITT-003,auto,,HB材料→T3,HB,False
MAP-HB-04864,二硫化钼 kg 91.80 0.006 0.006 0.013 0.013 0.013 0.019 0.029 20 安 水 m3,二硫化钼 kg 91.80 0.006 0.006 0.013 0.013 0.013 0.019 0.029 20 安 水 m3,MAT-UTL-001,auto,,HB材料→T3,HB,False
MAP-HB-88090,热轧厚钢板 δ30 kg,热轧厚钢板 δ30 kg,MAT-STE-006,auto,,HB材料→T3,HB,False
MAP-HB-81982,压力表补芯 个 kg 91.80 0.029 0.038 0.038 0.038 0.056 0.067 0.101 20 安 m3,压力表补芯 个 kg 91.80 0.029 0.038 0.038 0.038 0.056 0.067 0.101 20 安 m3,MAT-ELEC-005,auto,,HB材料→T3,HB,False
MAP-HB-26990,二硫化钼 kg 91.80 0.101 0.118 0.134 0.151 0.175 0.208 0.240 20 安 水 m3,二硫化钼 kg 91.80 0.101 0.118 0.134 0.151 0.175 0.208 0.240 20 安 水 m3,MAT-UTL-001,auto,,HB材料→T3,HB,False
MAP-HB-32458,沟槽阀门 个 -,沟槽阀门 个 -,MAT-FITT-002,auto,,HB材料→T3,HB,False
MAP-HB-57889,压力表 Y-100 0 ~ 6MPa 块 54.59 0.016 0.016 0.016 0.019 0.019,压力表 Y-100 0 ~ 6MPa 块 54.59 0.016 0.016 0.016 0.019 0.019,MAT-ELEC-005,auto,,HB材料→T3,HB,False
MAP-HB-56620,沟槽阀门 个 - (1.000) (1.000) (1.000) (1.000) kg 4.73 0.016 0.020 0.026 0.028 材 m3,沟槽阀门 个 - (1.000) (1.000) (1.000) (1.000) kg 4.73 0.016 0.020 0.026 0.028 材 m3,MAT-FITT-002,auto,,HB材料→T3,HB,False
MAP-HB-61171,压力表 Y-100 0 ~ 6MPa,压力表 Y-100 0 ~ 6MPa,MAT-ELEC-005,auto,,HB材料→T3,HB,False
MAP-HB-58092,二硫化钼 kg 91.80 0.006 0.006 0.009 0.013 0.019 0.029 0.029 20 安 水 m3,二硫化钼 kg 91.80 0.006 0.006 0.009 0.013 0.019 0.029 0.029 20 安 水 m3,MAT-UTL-001,auto,,HB材料→T3,HB,False
MAP-HB-32992,压力表补芯 个 kg 91.80 0.038 0.038 0.038 0.056 0.067 0.101 0.101 20 安 m3,压力表补芯 个 kg 91.80 0.038 0.038 0.038 0.056 0.067 0.101 0.101 20 安 m3,MAT-ELEC-005,auto,,HB材料→T3,HB,False
MAP-HB-65235,二硫化钼 kg 91.80 0.118 0.134 0.151 0.175 0.208 0.240 20 安 水 m3,二硫化钼 kg 91.80 0.118 0.134 0.151 0.175 0.208 0.240 20 安 水 m3,MAT-UTL-001,auto,,HB材料→T3,HB,False
MAP-HB-14976,调节阀门 个 -,调节阀门 个 -,MAT-VALV-007,auto,,HB材料→T3,HB,False
MAP-HB-08820,安全阀门 个 -,安全阀门 个 -,MAT-VALV-006,auto,,HB材料→T3,HB,False
MAP-HB-25081,压力表补芯 个 11.11 0.020 0.020 0.020 0.020 0.020 0.020 % - 1.000 1.000 1.000 1.000 1.000 1.000 kW·h,压力表补芯 个 11.11 0.020 0.020 0.020 0.020 0.020 0.020 % - 1.000 1.000 1.000 1.000 1.000 1.000 kW·h,MAT-ELEC-005,auto,,HB材料→T3,HB,False
MAP-HB-77891,安全阀门 个 - (1.000) (1.000),安全阀门 个 - (1.000) (1.000),MAT-VALV-006,auto,,HB材料→T3,HB,False
MAP-HB-73984,热轧厚钢板 δ20 kg 3.66 0.025,热轧厚钢板 δ20 kg 3.66 0.025,MAT-STE-006,auto,,HB材料→T3,HB,False
MAP-HB-84316,无缝钢管 ϕ22×2.5 m 5.26 0.010,无缝钢管 ϕ22×2.5 m 5.26 0.010,MAT-TRN-002,auto,,HB材料→T3,HB,False
MAP-HB-08311,输水软管 ϕ25 m 11.30 0.020,输水软管 ϕ25 m 11.30 0.020,MAT-UTL-001,auto,,HB材料→T3,HB,False
MAP-HB-22251,螺纹截止阀 J11T-16 DN15 个 32.48 0.020,螺纹截止阀 J11T-16 DN15 个 32.48 0.020,MAT-VALV-003,auto,,HB材料→T3,HB,False
MAP-HB-92256,压力表补芯 个 m3 3.26 0.001,压力表补芯 个 m3 3.26 0.001,MAT-ELEC-005,auto,,HB材料→T3,HB,False
MAP-HB-50391,螺纹截止阀 J11T-16 DN15,螺纹截止阀 J11T-16 DN15,MAT-VALV-003,auto,,HB材料→T3,HB,False
MAP-HB-47082,二硫化钼 kg 91.80 0.033 0.035 0.035 0.038 0.038 20 安 水 m3,二硫化钼 kg 91.80 0.033 0.035 0.035 0.038 0.038 20 安 水 m3,MAT-UTL-001,auto,,HB材料→T3,HB,False
MAP-HB-14204,压力表 中压 块,压力表 中压 块,MAT-ELEC-005,auto,,HB材料→T3,HB,False
MAP-HB-76804,角钢 综合 kg 3.74 - - - - 0.174 0.174 kg 5.80 0.014 0.016 0.019 0.024 0.032 0.039 20 安 料 水 m 3,角钢 综合 kg 3.74 - - - - 0.174 0.174 kg 5.80 0.014 0.016 0.019 0.024 0.032 0.039 20 安 料 水 m 3,MAT-STE-005,auto,,HB材料→T3,HB,False
MAP-HB-30050,螺纹截止阀 J11T-16 DN15 个 32.48 0.020 0.020 0.020 0.020 0.020 0.020,螺纹截止阀 J11T-16 DN15 个 32.48 0.020 0.020 0.020 0.020 0.020 0.020,MAT-VALV-003,auto,,HB材料→T3,HB,False
MAP-HB-25721,压力表补芯 个 kg 91.80 0.034 0.045 0.067 0.084 0.100 20 安 m3,压力表补芯 个 kg 91.80 0.034 0.045 0.067 0.084 0.100 20 安 m3,MAT-ELEC-005,auto,,HB材料→T3,HB,False
MAP-HB-32444,二硫化钼 kg 91.80 0.034 0.034 0.045 0.067 0.084 20 安 水 m3,二硫化钼 kg 91.80 0.034 0.034 0.045 0.067 0.084 20 安 水 m3,MAT-UTL-001,auto,,HB材料→T3,HB,False
MAP-HB-13086,角钢 综合 kg 3.74 - - - - 0.435 0.435 kg 5.80 0.034 0.040 0.048 0.059 0.080 0.097 20 安 料 水 m 3,角钢 综合 kg 3.74 - - - - 0.435 0.435 kg 5.80 0.034 0.040 0.048 0.059 0.080 0.097 20 安 料 水 m 3,MAT-STE-005,auto,,HB材料→T3,HB,False
MAP-HB-26404,螺纹截止阀 J11T-16 DN15 个 32.48 0.020 0.020 0.020 0.020 0.020,螺纹截止阀 J11T-16 DN15 个 32.48 0.020 0.020 0.020 0.020 0.020,MAT-VALV-003,auto,,HB材料→T3,HB,False
MAP-HB-94666,碳钢螺纹法兰 片 -,碳钢螺纹法兰 片 -,MAT-FITT-003,auto,,HB材料→T3,HB,False
MAP-HB-80090,碳钢平焊法兰 管 额 片 -,碳钢平焊法兰 管 额 片 -,MAT-FITT-003,auto,,HB材料→T3,HB,False
MAP-HB-49142,碳钢平焊法兰 片 -,碳钢平焊法兰 片 -,MAT-FITT-003,auto,,HB材料→T3,HB,False
MAP-HB-37574,碳钢对焊法兰 片 -,碳钢对焊法兰 片 -,MAT-FITT-003,auto,,HB材料→T3,HB,False
MAP-HB-54845,碳钢对焊法兰 片 ( 元) -,碳钢对焊法兰 片 ( 元) -,MAT-FITT-003,auto,,HB材料→T3,HB,False
MAP-HB-45463,碳钢法兰( 沟槽卡箍式) 片 - (2.000) (2.000) (2.000) (2.000) (2.000) -,碳钢法兰( 沟槽卡箍式) 片 - (2.000) (2.000) (2.000) (2.000) (2.000) -,MAT-FITT-002,auto,,HB材料→T3,HB,False
MAP-HB-68301,不锈钢平焊法兰 片 - (2.000) (2.000) (2.000),不锈钢平焊法兰 片 - (2.000) (2.000) (2.000),MAT-FITT-003,auto,,HB材料→T3,HB,False
MAP-HB-58443,酸洗膏 kg 5.23 0.033 0.039 0.050 0.077 0.103 0.134 水 t 3.26 0.009 0.011,酸洗膏 kg 5.23 0.033 0.039 0.050 0.077 0.103 0.134 水 t 3.26 0.009 0.011,MAT-UTL-001,auto,,HB材料→T3,HB,False
MAP-HB-96792,酸洗膏 kg 5.23 0.242 0.265 0.328 0.391 0.454 水 t,酸洗膏 kg 5.23 0.242 0.265 0.328 0.391 0.454 水 t,MAT-UTL-001,auto,,HB材料→T3,HB,False
MAP-HB-29932,不锈钢对焊法兰 片 -,不锈钢对焊法兰 片 -,MAT-FITT-003,auto,,HB材料→T3,HB,False
MAP-HB-92481,活动法兰 片 -,活动法兰 片 -,MAT-FITT-003,auto,,HB材料→T3,HB,False
MAP-HB-17019,酸洗膏 kg 5.23 1.014 1.267 1.980 3.094 水 t,酸洗膏 kg 5.23 1.014 1.267 1.980 3.094 水 t,MAT-UTL-001,auto,,HB材料→T3,HB,False
MAP-HB-27534,合金钢平焊法兰 片 -,合金钢平焊法兰 片 -,MAT-FITT-003,auto,,HB材料→T3,HB,False
MAP-HB-17008,合金钢对焊法兰 片 -,合金钢对焊法兰 片 -,MAT-FITT-003,auto,,HB材料→T3,HB,False
MAP-HB-36587,重铬酸钾 98% kg 18.07 0.004 0.007 0.008 0.010 0.012 0.014 水 t,重铬酸钾 98% kg 18.07 0.004 0.007 0.008 0.010 0.012 0.014 水 t,MAT-UTL-001,auto,,HB材料→T3,HB,False
MAP-HB-20876,重铬酸钾 98% kg 18.07 0.016 0.018 0.022 0.028 0.036 0.042 水 t,重铬酸钾 98% kg 18.07 0.016 0.018 0.022 0.028 0.036 0.042 水 t,MAT-UTL-001,auto,,HB材料→T3,HB,False
MAP-HB-38439,铝及铝合金法兰 副 -,铝及铝合金法兰 副 -,MAT-FITT-003,auto,,HB材料→T3,HB,False
MAP-HB-33277,重铬酸钾 98% kg 18.07 0.006 0.007 0.008 0.010 0.012 0.014 水 t,重铬酸钾 98% kg 18.07 0.006 0.007 0.008 0.010 0.012 0.014 水 t,MAT-UTL-001,auto,,HB材料→T3,HB,False
MAP-HB-63283,塑料法兰 带短管 片 -,塑料法兰 带短管 片 -,MAT-FITT-003,auto,,HB材料→T3,HB,False
MAP-HB-24934,玻璃钢法兰 片 -,玻璃钢法兰 片 -,MAT-BRD-005,auto,,HB材料→T3,HB,False
MAP-HB-03521,玻璃钢法兰 片 - (2.000) (2.000) (2.000) (2.000) (2.000) (2.000) 环氧树脂 618 # 管 额 kg,玻璃钢法兰 片 - (2.000) (2.000) (2.000) (2.000) (2.000) (2.000) 环氧树脂 618 # 管 额 kg,MAT-BRD-005,auto,,HB材料→T3,HB,False
MAP-HB-25499,角钢 综合 kg 3.74 - - - - 0.179 0.179 kg 91.80 0.006 0.006 0.013 0.013 0.013 0.019 20 安 kg,角钢 综合 kg 3.74 - - - - 0.179 0.179 kg 91.80 0.006 0.006 0.013 0.013 0.013 0.019 20 安 kg,MAT-STE-005,auto,,HB材料→T3,HB,False
MAP-HB-08762,酸洗膏 kg 5.23 0.029 0.040 0.047 0.060 0.092 0.124 0.161 水 t,酸洗膏 kg 5.23 0.029 0.040 0.047 0.060 0.092 0.124 0.161 水 t,MAT-UTL-001,auto,,HB材料→T3,HB,False
MAP-HB-25760,酸洗膏 kg 5.23 0.050 0.059 0.075 0.116 0.155 0.201 水 t,酸洗膏 kg 5.23 0.050 0.059 0.075 0.116 0.155 0.201 水 t,MAT-UTL-001,auto,,HB材料→T3,HB,False
MAP-HB-02821,氢氧化钠 烧碱 kg 2.83 0.580 0.700 0.840 0.980 1.127 1.296 kg 5.23 0.305 0.363 0.398 0.492 0.554 0.627 水 t,氢氧化钠 烧碱 kg 2.83 0.580 0.700 0.840 0.980 1.127 1.296 kg 5.23 0.305 0.363 0.398 0.492 0.554 0.627 水 t,MAT-UTL-001,auto,,HB材料→T3,HB,False
MAP-HB-57375,( 元) 水 管 额 t -,( 元) 水 管 额 t -,MAT-UTL-001,auto,,HB材料→T3,HB,False
MAP-HB-02209,截止阀 PN10 DN20 个,截止阀 PN10 DN20 个,MAT-VALV-003,auto,,HB材料→T3,HB,False
MAP-HB-54690,压力表 0 ~ 16MPa 块,压力表 0 ~ 16MPa 块,MAT-ELEC-005,auto,,HB材料→T3,HB,False
MAP-HB-49039,压力表表弯管 个,压力表表弯管 个,MAT-ELEC-005,auto,,HB材料→T3,HB,False
MAP-HB-57637,( 元) 水 t -,( 元) 水 t -,MAT-UTL-001,auto,,HB材料→T3,HB,False
MAP-HB-84314,无缝钢管 ϕ20 m,无缝钢管 ϕ20 m,MAT-TRN-002,auto,,HB材料→T3,HB,False
MAP-HB-48129,无缝钢管 ϕ50 m,无缝钢管 ϕ50 m,MAT-TRN-002,auto,,HB材料→T3,HB,False
MAP-HB-49111,橡胶软管 DN20 m,橡胶软管 DN20 m,MAT-PLUM-007,auto,,HB材料→T3,HB,False
MAP-HB-16388,截止阀 PN10 DN50,截止阀 PN10 DN50,MAT-VALV-003,auto,,HB材料→T3,HB,False
MAP-HB-68771,压力表 0 ~ 16MPa,压力表 0 ~ 16MPa,MAT-ELEC-005,auto,,HB材料→T3,HB,False
MAP-HB-95005,热轧厚钢板 δ20 ~ 40 kg,热轧厚钢板 δ20 ~ 40 kg,MAT-STE-006,auto,,HB材料→T3,HB,False
MAP-HB-55616,压力表 0 ~ 64MPa 块,压力表 0 ~ 64MPa 块,MAT-ELEC-005,auto,,HB材料→T3,HB,False
MAP-HB-14568,热轧厚钢板 δ12 ~ 20 kg 3.66 22.140 34.860 42.630 54.180 62.340 70.740 79.140 % -,热轧厚钢板 δ12 ~ 20 kg 3.66 22.140 34.860 42.630 54.180 62.340 70.740 79.140 % -,MAT-STE-006,auto,,HB材料→T3,HB,False
MAP-HB-62489,截止阀 PN10 DN20,截止阀 PN10 DN20,MAT-VALV-003,auto,,HB材料→T3,HB,False
MAP-HB-62069,温度计 0 ~ 120℃ 支,温度计 0 ~ 120℃ 支,MAT-ELEC-005,auto,,HB材料→T3,HB,False
MAP-HB-76859,截止阀 PN10 DN50 个,截止阀 PN10 DN50 个,MAT-VALV-003,auto,,HB材料→T3,HB,False
MAP-HB-30164,无缝钢管 ϕ100 m,无缝钢管 ϕ100 m,MAT-TRN-002,auto,,HB材料→T3,HB,False
MAP-HB-58692,截止阀 PN10 DN50 个 68.41 0.100 0.100 0.100 0.100 - - -,截止阀 PN10 DN50 个 68.41 0.100 0.100 0.100 0.100 - - -,MAT-VALV-003,auto,,HB材料→T3,HB,False
MAP-HB-68791,法兰 DN50,法兰 DN50,MAT-FITT-003,auto,,HB材料→T3,HB,False
MAP-HB-28395,法兰 DN100,法兰 DN100,MAT-FITT-003,auto,,HB材料→T3,HB,False
MAP-HB-94895,无缝钢管 ϕ32 m,无缝钢管 ϕ32 m,MAT-TRN-002,auto,,HB材料→T3,HB,False
MAP-HB-27132,法兰 DN32 片,法兰 DN32 片,MAT-FITT-003,auto,,HB材料→T3,HB,False
MAP-HB-12184,法兰 DN50 片,法兰 DN50 片,MAT-FITT-003,auto,,HB材料→T3,HB,False
MAP-HB-45708,截止阀 PN10 DN32 个,截止阀 PN10 DN32 个,MAT-VALV-003,auto,,HB材料→T3,HB,False
MAP-HB-06913,法兰 DN50 片 31.70 - - 0.400 0.400 0.400 0.400 0.400 % -,法兰 DN50 片 31.70 - - 0.400 0.400 0.400 0.400 0.400 % -,MAT-FITT-003,auto,,HB材料→T3,HB,False
MAP-HB-30942,碱洗药剂 kg - (19.670) (39.330) (65.040) (97.090) (127.570) (157.600) (189.120) 水 t -,碱洗药剂 kg - (19.670) (39.330) (65.040) (97.090) (127.570) (157.600) (189.120) 水 t -,MAT-UTL-001,auto,,HB材料→T3,HB,False
MAP-HB-97807,无缝钢管 ϕ25 m,无缝钢管 ϕ25 m,MAT-TRN-002,auto,,HB材料→T3,HB,False
MAP-HB-45140,截止阀 PN10 DN25 个,截止阀 PN10 DN25 个,MAT-VALV-003,auto,,HB材料→T3,HB,False
MAP-HB-97620,碱洗药剂 kg - (3.930) (7.850) (15.750) (23.500) (31.400) (39.400) (47.280) 水 管 额 t -,碱洗药剂 kg - (3.930) (7.850) (15.750) (23.500) (31.400) (39.400) (47.280) 水 管 额 t -,MAT-UTL-001,auto,,HB材料→T3,HB,False
MAP-HB-50789,截止阀 PN10 DN25 个 23.62 0.200 - - - - - -,截止阀 PN10 DN25 个 23.62 0.200 - - - - - -,MAT-VALV-003,auto,,HB材料→T3,HB,False
MAP-HB-16017,截止阀 PN10 DN50 个 % - 1.000 1.000 1.000 1.000 1.000 1.000 1.000 kW·h,截止阀 PN10 DN50 个 % - 1.000 1.000 1.000 1.000 1.000 1.000 1.000 kW·h,MAT-VALV-003,auto,,HB材料→T3,HB,False
MAP-HB-77462,化学清洗介质 kg - (50.080) (157.905) (556.875) (1235.850) 水 t -,化学清洗介质 kg - (50.080) (157.905) (556.875) (1235.850) 水 t -,MAT-UTL-001,auto,,HB材料→T3,HB,False
MAP-HB-85618,钢板平焊法兰 PN1.6MPa DN25 片,钢板平焊法兰 PN1.6MPa DN25 片,MAT-STE-006,auto,,HB材料→T3,HB,False
MAP-HB-79764,转子流量计 TZB-25 1000t / min 支 1968.92 0.200 0.200 0.200 0.200,转子流量计 TZB-25 1000t / min 支 1968.92 0.200 0.200 0.200 0.200,MAT-ELEC-005,auto,,HB材料→T3,HB,False
MAP-HB-65777,截止阀 PN10 DN100 个,截止阀 PN10 DN100 个,MAT-VALV-003,auto,,HB材料→T3,HB,False
MAP-HB-53351,铅板 80×300×3 块 15.90 0.304 0.304 0.304 0.304 料 水 t,铅板 80×300×3 块 15.90 0.304 0.304 0.304 0.304 料 水 t,MAT-UTL-001,auto,,HB材料→T3,HB,False
MAP-HB-51118,铅板 80×150×3 块 9.30 0.304 0.304 0.304 料 水 t,铅板 80×150×3 块 9.30 0.304 0.304 0.304 料 水 t,MAT-UTL-001,auto,,HB材料→T3,HB,False
MAP-HB-06305,像质计 个 28.24 0.464 0.464 0.464 0.464 水 t,像质计 个 28.24 0.464 0.464 0.464 0.464 水 t,MAT-UTL-001,auto,,HB材料→T3,HB,False
MAP-HB-70657,相控阵探头 个 32080.00 0.001 0.001 0.001 0.001 0.001 水 t 3.26 0.027 0.052 0.100 0.125 0.167 % -,相控阵探头 个 32080.00 0.001 0.001 0.001 0.001 0.001 水 t 3.26 0.027 0.052 0.100 0.125 0.167 % -,MAT-UTL-001,auto,,HB材料→T3,HB,False
MAP-HB-59977,相控阵探头 个 32080.00 0.001 0.002 0.002 0.003 0.003 水 t 3.26 0.250 0.333 0.399 0.464 0.529 % -,相控阵探头 个 32080.00 0.001 0.002 0.002 0.003 0.003 水 t 3.26 0.250 0.333 0.399 0.464 0.529 % -,MAT-UTL-001,auto,,HB材料→T3,HB,False
MAP-HB-80503,相控阵探头 个 32080.00 0.001 0.001 0.001 0.001 0.002 水 t,相控阵探头 个 32080.00 0.001 0.001 0.001 0.001 0.002 水 t,MAT-UTL-001,auto,,HB材料→T3,HB,False
MAP-HB-74608,岩棉板 m3,岩棉板 m3,MAT-INS-003,auto,,HB材料→T3,HB,False
MAP-HB-80437,木方 m 3 2566.00 0.003 0.003 0.002 0.034 - kg,木方 m 3 2566.00 0.003 0.003 0.002 0.034 - kg,MAT-WOO-001,auto,,HB材料→T3,HB,False
MAP-HB-67827,热轧薄钢板 δ2.0 kg,热轧薄钢板 δ2.0 kg,MAT-STE-006,auto,,HB材料→T3,HB,False
MAP-HB-48619,铜管 m,铜管 m,MAT-PIPE-006,auto,,HB材料→T3,HB,False
MAP-HB-78925,无缝钢管 综合 m - (105.250) (104.290) (103.440) (103.030) 管 额 kg -,无缝钢管 综合 m - (105.250) (104.290) (103.440) (103.030) 管 额 kg -,MAT-TRN-002,auto,,HB材料→T3,HB,False
MAP-HB-12515,无缝钢管 综合 m -,无缝钢管 综合 m -,MAT-TRN-002,auto,,HB材料→T3,HB,False
MAP-HB-84452,生石灰 t,生石灰 t,MAT-AUX-001,auto,,HB材料→T3,HB,False
MAP-HB-50923,无缝钢管 综合 kg -,无缝钢管 综合 kg -,MAT-TRN-002,auto,,HB材料→T3,HB,False
MAP-HB-52705,焊接钢管 综合 m -,焊接钢管 综合 m -,MAT-STE-007,auto,,HB材料→T3,HB,False
MAP-HB-58856,热轧厚钢板 δ4.5 ~ 7.0 kg,热轧厚钢板 δ4.5 ~ 7.0 kg,MAT-STE-006,auto,,HB材料→T3,HB,False
MAP-HB-91206,热轧厚钢板 δ15 ~ 30 kg,热轧厚钢板 δ15 ~ 30 kg,MAT-STE-006,auto,,HB材料→T3,HB,False
MAP-HB-14812,热轧厚钢板 δ10 ~ 15 kg,热轧厚钢板 δ10 ~ 15 kg,MAT-STE-006,auto,,HB材料→T3,HB,False
MAP-HB-69861,圆钢 ϕ10 ~ 14 管 额 kg,圆钢 ϕ10 ~ 14 管 额 kg,MAT-STE-002,auto,,HB材料→T3,HB,False
MAP-HB-02900,圆钢 ϕ10 ~ 14管 额 kg 3.70 0.316 0.316 0.474 0.533 0.593 0.711 m3,圆钢 ϕ10 ~ 14管 额 kg 3.70 0.316 0.316 0.474 0.533 0.593 0.711 m3,MAT-STE-002,auto,,HB材料→T3,HB,False
MAP-HB-07785,法兰 PN1.6MPa DN50,法兰 PN1.6MPa DN50,MAT-FITT-003,auto,,HB材料→T3,HB,False
MAP-HB-29299,法兰 PN1.6MPa DN200 副,法兰 PN1.6MPa DN200 副,MAT-FITT-003,auto,,HB材料→T3,HB,False
MAP-HB-19777,法兰 PN1.6MPa DN300 副,法兰 PN1.6MPa DN300 副,MAT-FITT-003,auto,,HB材料→T3,HB,False
MAP-HB-05950,法兰 PN1.6MPa DN400 副,法兰 PN1.6MPa DN400 副,MAT-FITT-003,auto,,HB材料→T3,HB,False
MAP-HB-46375,铜管 m -,铜管 m -,MAT-PIPE-006,auto,,HB材料→T3,HB,False
MAP-HB-32105,角钢 综合 kg 3.74 3.300 3.300 3.300 3.300 3.300 3.300 kg,角钢 综合 kg 3.74 3.300 3.300 3.300 3.300 3.300 3.300 kg,MAT-STE-005,auto,,HB材料→T3,HB,False
MAP-HB-12965,碳钢管 合金钢管 m -,碳钢管 合金钢管 m -,MAT-TRN-002,auto,,HB材料→T3,HB,False
MAP-HB-41830,镀锌钢管接头管件 DN25 个 -,镀锌钢管接头管件 DN25 个 -,MAT-TRN-002,auto,,HB材料→T3,HB,False
MAP-HB-30928,镀锌钢管接头管件 DN32 个 -,镀锌钢管接头管件 DN32 个 -,MAT-TRN-002,auto,,HB材料→T3,HB,False
MAP-HB-14620,镀锌钢管接头管件 DN40 个 -,镀锌钢管接头管件 DN40 个 -,MAT-TRN-002,auto,,HB材料→T3,HB,False
MAP-HB-61774,镀锌钢管接头管件 DN50 个 -,镀锌钢管接头管件 DN50 个 -,MAT-TRN-002,auto,,HB材料→T3,HB,False
MAP-HB-14686,线麻 kg 11.86 0.006 0.009 0.016 0.017 水 m3,线麻 kg 11.86 0.006 0.009 0.016 0.017 水 m3,MAT-UTL-001,auto,,HB材料→T3,HB,False
MAP-HB-70937,镀锌钢管接头管件 DN65 - (7.560) - - -,镀锌钢管接头管件 DN65 - (7.560) - - -,MAT-TRN-002,auto,,HB材料→T3,HB,False
MAP-HB-96840,镀锌钢管接头管件 DN100 个 -,镀锌钢管接头管件 DN100 个 -,MAT-TRN-002,auto,,HB材料→T3,HB,False
MAP-HB-50123,压力表 带弯带阀 0 ~ 1.6MPa 套,压力表 带弯带阀 0 ~ 1.6MPa 套,MAT-ELEC-005,auto,,HB材料→T3,HB,False
MAP-HB-33679,线麻 kg 11.86 0.024 0.034 0.035 水 m3,线麻 kg 11.86 0.024 0.034 0.035 水 m3,MAT-UTL-001,auto,,HB材料→T3,HB,False
MAP-HB-55335,钢管 防 额 m -,钢管 防 额 m -,MAT-TRN-002,auto,,HB材料→T3,HB,False
MAP-HB-69254,压力表 带弯带阀 0 ~ 1.6MPa 套 158.11 0.020 0.030 0.030 0.030 水 m3,压力表 带弯带阀 0 ~ 1.6MPa 套 158.11 0.020 0.030 0.030 0.030 水 m3,MAT-UTL-001,auto,,HB材料→T3,HB,False
MAP-HB-45417,热轧厚钢板 δ12 ~ 20 防 额 kg,热轧厚钢板 δ12 ~ 20 防 额 kg,MAT-STE-006,auto,,HB材料→T3,HB,False
MAP-HB-00278,压力表 带弯带阀 0 ~ 1.6MPa 158.11 0.040 0.040 0.040 0.040 水 m3,压力表 带弯带阀 0 ~ 1.6MPa 158.11 0.040 0.040 0.040 0.040 水 m3,MAT-UTL-001,auto,,HB材料→T3,HB,False
MAP-HB-06263,沟槽直接头 含胶圈 套 -,沟槽直接头 含胶圈 套 -,MAT-FITT-002,auto,,HB材料→T3,HB,False
MAP-HB-78679,钢管 m - (9.990) (9.990) 沟槽直接头 含胶圈 防 额 套 -,钢管 m - (9.990) (9.990) 沟槽直接头 含胶圈 防 额 套 -,MAT-TRN-002,auto,,HB材料→T3,HB,False
MAP-HB-14022,镀锌钢管接头管件 DN65 -,镀锌钢管接头管件 DN65 -,MAT-TRN-002,auto,,HB材料→T3,HB,False
MAP-HB-18826,镀锌钢管接头管件 DN80 个 -,镀锌钢管接头管件 DN80 个 -,MAT-TRN-002,auto,,HB材料→T3,HB,False
MAP-HB-47291,压力表 带弯带阀 0 ~ 1.6MPa,压力表 带弯带阀 0 ~ 1.6MPa,MAT-ELEC-005,auto,,HB材料→T3,HB,False
MAP-HB-57844,喷头 防 额 个 -,喷头 防 额 个 -,MAT-FIRE-002,auto,,HB材料→T3,HB,False
MAP-HB-46870,喷头 个 -,喷头 个 -,MAT-FIRE-002,auto,,HB材料→T3,HB,False
MAP-HB-76795,喷头装饰盘 个 -,喷头装饰盘 个 -,MAT-FIRE-002,auto,,HB材料→T3,HB,False
MAP-HB-78713,镀锌弯头 DN50 个,镀锌弯头 DN50 个,MAT-FITT-001,auto,,HB材料→T3,HB,False
MAP-HB-71707,镀锌管箍 DN50 个,镀锌管箍 DN50 个,MAT-PIPE-002,auto,,HB材料→T3,HB,False
MAP-HB-54016,沟槽法兰 1.6MPa 以内 片 - (2.000) (2.000) (2.000) m,沟槽法兰 1.6MPa 以内 片 - (2.000) (2.000) (2.000) m,MAT-FITT-002,auto,,HB材料→T3,HB,False
MAP-HB-79530,镀锌钢管 DN20 m,镀锌钢管 DN20 m,MAT-TRN-002,auto,,HB材料→T3,HB,False
MAP-HB-98150,沟槽法兰 1.6MPa 以内 片 -,沟槽法兰 1.6MPa 以内 片 -,MAT-FITT-002,auto,,HB材料→T3,HB,False
MAP-HB-48477,球阀 带铅封 个 -,球阀 带铅封 个 -,MAT-VALV-005,auto,,HB材料→T3,HB,False
MAP-HB-39717,温感雨淋阀 个 -,温感雨淋阀 个 -,MAT-FIRE-003,auto,,HB材料→T3,HB,False
MAP-HB-40587,镀锌管箍 DN20 个,镀锌管箍 DN20 个,MAT-PIPE-002,auto,,HB材料→T3,HB,False
MAP-HB-93181,镀锌管箍 DN25 个 1.85 - 1.010 - - -,镀锌管箍 DN25 个 1.85 - 1.010 - - -,MAT-PIPE-002,auto,,HB材料→T3,HB,False
MAP-HB-02295,镀锌管箍 DN40 个,镀锌管箍 DN40 个,MAT-PIPE-002,auto,,HB材料→T3,HB,False
MAP-HB-36837,镀锌弯头 DN20,镀锌弯头 DN20,MAT-FITT-001,auto,,HB材料→T3,HB,False
MAP-HB-53062,镀锌弯头 DN25 个,镀锌弯头 DN25 个,MAT-FITT-001,auto,,HB材料→T3,HB,False
MAP-HB-01113,镀锌弯头 DN32 个,镀锌弯头 DN32 个,MAT-FITT-001,auto,,HB材料→T3,HB,False
MAP-HB-83019,镀锌弯头 DN40 个,镀锌弯头 DN40 个,MAT-FITT-001,auto,,HB材料→T3,HB,False
MAP-HB-85901,镀锌弯头 DN20×15,镀锌弯头 DN20×15,MAT-FITT-001,auto,,HB材料→T3,HB,False
MAP-HB-94077,镀锌弯头 DN25×15 个,镀锌弯头 DN25×15 个,MAT-FITT-001,auto,,HB材料→T3,HB,False
MAP-HB-67376,镀锌弯头 DN32×15 个,镀锌弯头 DN32×15 个,MAT-FITT-001,auto,,HB材料→T3,HB,False
MAP-HB-34224,镀锌弯头 DN40×15 个,镀锌弯头 DN40×15 个,MAT-FITT-001,auto,,HB材料→T3,HB,False
MAP-HB-41757,镀锌弯头 DN50×15 个,镀锌弯头 DN50×15 个,MAT-FITT-001,auto,,HB材料→T3,HB,False
MAP-HB-34638,平焊法兰 片 -,平焊法兰 片 -,MAT-FITT-003,auto,,HB材料→T3,HB,False
MAP-HB-27931,球阀 1.6MPa DN25 个 -,球阀 1.6MPa DN25 个 -,MAT-VALV-005,auto,,HB材料→T3,HB,False
MAP-HB-00807,球阀 DN32 1.6MPa -,球阀 DN32 1.6MPa -,MAT-VALV-005,auto,,HB材料→T3,HB,False
MAP-HB-16589,室内消火栓 套 ( 元) 24 工 20 装 -,室内消火栓 套 ( 元) 24 工 20 装 -,MAT-FIRE-001,auto,,HB材料→T3,HB,False
MAP-HB-22332,室内消火栓 套 ( 元) 20 装 -,室内消火栓 套 ( 元) 20 装 -,MAT-FIRE-001,auto,,HB材料→T3,HB,False
MAP-HB-51958,地下式消火栓 套 -,地下式消火栓 套 -,MAT-FIRE-001,auto,,HB材料→T3,HB,False
MAP-HB-14934,消防栓底座 带弯头 DN100 个 - (1.000) - (1.000) - -,消防栓底座 带弯头 DN100 个 - (1.000) - (1.000) - -,MAT-FITT-001,auto,,HB材料→T3,HB,False
MAP-HB-64188,平焊法兰 PN1.0MPa DN100 片,平焊法兰 PN1.0MPa DN100 片,MAT-FITT-003,auto,,HB材料→T3,HB,False
MAP-HB-11508,平焊法兰 PN1.6MPa DN150 片,平焊法兰 PN1.6MPa DN150 片,MAT-FITT-003,auto,,HB材料→T3,HB,False
MAP-HB-91655,地上式消火栓 防 额 套 -,地上式消火栓 防 额 套 -,MAT-FIRE-001,auto,,HB材料→T3,HB,False
MAP-HB-60919,消防栓底座 带弯头 DN100 个 -,消防栓底座 带弯头 DN100 个 -,MAT-FITT-001,auto,,HB材料→T3,HB,False
MAP-HB-64229,消火栓三通 个 -,消火栓三通 个 -,MAT-FIRE-001,auto,,HB材料→T3,HB,False
MAP-HB-27097,平焊法兰 PN1.6MPa DN100 片,平焊法兰 PN1.6MPa DN100 片,MAT-FITT-003,auto,,HB材料→T3,HB,False
MAP-HB-60725,消防水泵接合器 套 -,消防水泵接合器 套 -,MAT-UTL-001,auto,,HB材料→T3,HB,False
MAP-HB-82215,螺纹截止阀 J11T-16 DN25,螺纹截止阀 J11T-16 DN25,MAT-VALV-003,auto,,HB材料→T3,HB,False
MAP-HB-35390,灭火器 个 -,灭火器 个 -,MAT-FIRE-007,auto,,HB材料→T3,HB,False
MAP-HB-00090,推车式灭火器 组 -,推车式灭火器 组 -,MAT-FIRE-007,auto,,HB材料→T3,HB,False
MAP-HB-41514,消防水炮 套 20 装 ( 元) -,消防水炮 套 20 装 ( 元) -,MAT-UTL-001,auto,,HB材料→T3,HB,False
MAP-HB-20182,模拟末端试水装置 套 -,模拟末端试水装置 套 -,MAT-UTL-001,auto,,HB材料→T3,HB,False
MAP-HB-05354,沟槽法兰 1.6MPa 以内 -,沟槽法兰 1.6MPa 以内 -,MAT-FITT-002,auto,,HB材料→T3,HB,False
MAP-HB-21845,丙酮 kg 9.65 0.300 0.360 0.595 20 装 水 t,丙酮 kg 9.65 0.300 0.360 0.595 20 装 水 t,MAT-UTL-001,auto,,HB材料→T3,HB,False
MAP-HB-53945,细水雾喷头 个 -,细水雾喷头 个 -,MAT-UTL-001,auto,,HB材料→T3,HB,False
MAP-HB-30842,镀锌薄钢板 m2 -,镀锌薄钢板 m2 -,MAT-STE-006,auto,,HB材料→T3,HB,False
MAP-HB-92265,角钢 综合 kg 3.74 2.800 4.840 10.350 2.800 kg,角钢 综合 kg 3.74 2.800 4.840 10.350 2.800 kg,MAT-STE-005,auto,,HB材料→T3,HB,False
MAP-HB-48800,卷帘式挡烟垂壁 m2 -,卷帘式挡烟垂壁 m2 -,MAT-AUX-012,auto,,HB材料→T3,HB,False
MAP-HB-32012,加厚无缝钢管 m -,加厚无缝钢管 m -,MAT-TRN-002,auto,,HB材料→T3,HB,False
MAP-HB-93161,线麻 kg 11.86 0.005 0.006 0.006 0.009 0.016 0.017 水 m3,线麻 kg 11.86 0.005 0.006 0.006 0.009 0.016 0.017 水 m3,MAT-UTL-001,auto,,HB材料→T3,HB,False
MAP-HB-00704,加厚无缝钢管 m - (9.950) (9.950) 材 kg,加厚无缝钢管 m - (9.950) (9.950) 材 kg,MAT-TRN-002,auto,,HB材料→T3,HB,False
MAP-HB-65215,线麻 kg 11.86 0.024 0.034 水 m3,线麻 kg 11.86 0.024 0.034 水 m3,MAT-UTL-001,auto,,HB材料→T3,HB,False
MAP-HB-00801,热轧薄钢板 δ3.5 ~ 4.0 kg 4.11 0.490 1.476 2.324 水 m3,热轧薄钢板 δ3.5 ~ 4.0 kg 4.11 0.490 1.476 2.324 水 m3,MAT-STE-006,auto,,HB材料→T3,HB,False
MAP-HB-04778,法兰 片,法兰 片,MAT-FITT-003,auto,,HB材料→T3,HB,False
MAP-HB-37047,气体喷头 个 -,气体喷头 个 -,MAT-FIRE-002,auto,,HB材料→T3,HB,False
MAP-HB-65959,减压阀 100 个,减压阀 100 个,MAT-VALV-008,auto,,HB材料→T3,HB,False
MAP-HB-24035,压力表 带弯带阀 25MPa 块,压力表 带弯带阀 25MPa 块,MAT-ELEC-005,auto,,HB材料→T3,HB,False
MAP-HB-58370,压力表 带弯带阀 25MPa YBS-WS 套,压力表 带弯带阀 25MPa YBS-WS 套,MAT-ELEC-005,auto,,HB材料→T3,HB,False
MAP-HB-46289,丙烷 kg,丙烷 kg,MAT-FUL-001,auto,,HB材料→T3,HB,False
MAP-HB-55667,塑料管卡子 20,塑料管卡子 20,MAT-FITT-004,auto,,HB材料→T3,HB,False
MAP-HB-37628,镀锌扁钢 40×4 kg,镀锌扁钢 40×4 kg,MAT-STEL-004,auto,,HB材料→T3,HB,False
MAP-HB-95550,接地编织铜线 m,接地编织铜线 m,MAT-AUXI-008,auto,,HB材料→T3,HB,False
MAP-HB-80220,泄压阀执行器 台 -,泄压阀执行器 台 -,MAT-ELEC-006,auto,,HB材料→T3,HB,False
MAP-HB-70198,防锈漆 kg 13.20 0.020 0.020 0.020 0.020 % -,防锈漆 kg 13.20 0.020 0.020 0.020 0.020 % -,MAT-PNT-001,auto,,HB材料→T3,HB,False
MAP-HB-33116,吊杆 kg,吊杆 kg,MAT-STEL-006,auto,,HB材料→T3,HB,False
MAP-HB-24228,给水室外镀锌钢管螺纹管件 个 - (2.800) (2.960) (2.830) (2.140) (2.120) (2.050),给水室外镀锌钢管螺纹管件 个 - (2.800) (2.960) (2.830) (2.140) (2.120) (2.050),MAT-TRN-002,auto,,HB材料→T3,HB,False
MAP-HB-84575,焊接钢管 DN20 m 6.00 0.013 0.014 0.015 0.016 0.016 0.017 m,焊接钢管 DN20 m 6.00 0.013 0.014 0.015 0.016 0.016 0.017 m,MAT-STE-007,auto,,HB材料→T3,HB,False
MAP-HB-01463,给水室外镀锌钢管螺纹管件 个 -,给水室外镀锌钢管螺纹管件 个 -,MAT-TRN-002,auto,,HB材料→T3,HB,False
MAP-HB-52744,镀锌钢管 m - (9.910) (9.910) (9.910) (9.910) (10.020) (10.020) -,镀锌钢管 m - (9.910) (9.910) (9.910) (9.910) (10.020) (10.020) -,MAT-TRN-002,auto,,HB材料→T3,HB,False
MAP-HB-39516,给水室内镀锌钢管螺纹管件 个 -,给水室内镀锌钢管螺纹管件 个 -,MAT-TRN-002,auto,,HB材料→T3,HB,False
MAP-HB-17804,钢管 m - (10.180) (10.180) (10.180) (10.150) (10.150) -,钢管 m - (10.180) (10.180) (10.180) (10.150) (10.150) -,MAT-TRN-002,auto,,HB材料→T3,HB,False
MAP-HB-79987,压力表弯管 DN15 个,压力表弯管 DN15 个,MAT-ELEC-005,auto,,HB材料→T3,HB,False
MAP-HB-49468,给水室外钢管焊接管件 个 - (0.350) (0.670) (0.670) (0.670) (0.630) kg,给水室外钢管焊接管件 个 - (0.350) (0.670) (0.670) (0.670) (0.630) kg,MAT-TRN-002,auto,,HB材料→T3,HB,False
MAP-HB-45674,给水室外钢管焊接管件 个 -,给水室外钢管焊接管件 个 -,MAT-TRN-002,auto,,HB材料→T3,HB,False
MAP-HB-13387,角钢 综合 kg 3.74 0.232 0.238 0.256 0.273 0.298,角钢 综合 kg 3.74 0.232 0.238 0.256 0.273 0.298,MAT-STE-005,auto,,HB材料→T3,HB,False
MAP-HB-23706,给水室内钢管焊接管件 个 -,给水室内钢管焊接管件 个 -,MAT-TRN-002,auto,,HB材料→T3,HB,False
MAP-HB-13421,弹簧压力表 Y-100 0 ~ 1.6MPa 块 61.17 0.003 0.003 0.003 0.003,弹簧压力表 Y-100 0 ~ 1.6MPa 块 61.17 0.003 0.003 0.003 0.003,MAT-ELEC-005,auto,,HB材料→T3,HB,False
MAP-HB-16321,热轧厚钢板 δ8.0 ~ 15 kg 3.66 0.231 0.333 0.380 0.426 给 程消 水 m3,热轧厚钢板 δ8.0 ~ 15 kg 3.66 0.231 0.333 0.380 0.426 给 程消 水 m3,MAT-STE-006,auto,,HB材料→T3,HB,False
MAP-HB-68241,焊接钢管 DN20 m 6.00 0.025 0.026 0.027 0.028 m,焊接钢管 DN20 m 6.00 0.025 0.026 0.027 0.028 m,MAT-STE-007,auto,,HB材料→T3,HB,False
MAP-HB-17001,弹簧压力表 Y-100 0 ~ 1.6MPa,弹簧压力表 Y-100 0 ~ 1.6MPa,MAT-ELEC-005,auto,,HB材料→T3,HB,False
MAP-HB-07112,热轧厚钢板 δ8.0 ~ 15 kg 3.66 0.593 0.666 给 程消 水 m3,热轧厚钢板 δ8.0 ~ 15 kg 3.66 0.593 0.666 给 程消 水 m3,MAT-STE-006,auto,,HB材料→T3,HB,False
MAP-HB-85917,焊接钢管 DN20 m 6.00 0.029 0.030 m,焊接钢管 DN20 m 6.00 0.029 0.030 m,MAT-STE-007,auto,,HB材料→T3,HB,False
MAP-HB-54705,给水室内钢管沟槽管件 个 -,给水室内钢管沟槽管件 个 -,MAT-TRN-002,auto,,HB材料→T3,HB,False
MAP-HB-21191,卡箍连接件 含胶圈 套 -,卡箍连接件 含胶圈 套 -,MAT-FITT-002,auto,,HB材料→T3,HB,False
MAP-HB-61521,压力表弯管 DN15 个 14.44 0.003 0.003 0.004 0.004 0.004 % -,压力表弯管 DN15 个 14.44 0.003 0.003 0.004 0.004 0.004 % -,MAT-ELEC-005,auto,,HB材料→T3,HB,False
MAP-HB-14597,雨水室内钢管焊接管件 个 ( 元) m - (10.150) (10.150) (10.150) (9.830) -,雨水室内钢管焊接管件 个 ( 元) m - (10.150) (10.150) (10.150) (9.830) -,MAT-TRN-002,auto,,HB材料→T3,HB,False
MAP-HB-39669,钢管 m - (9.830) (9.830) (9.830) 雨水室内钢管焊接管件 暖 及 个 -,钢管 m - (9.830) (9.830) (9.830) 雨水室内钢管焊接管件 暖 及 个 -,MAT-TRN-002,auto,,HB材料→T3,HB,False
MAP-HB-19084,雨水室内钢管沟槽管件 个 -,雨水室内钢管沟槽管件 个 -,MAT-TRN-002,auto,,HB材料→T3,HB,False
MAP-HB-11980,钢管 采 额 m -,钢管 采 额 m -,MAT-TRN-002,auto,,HB材料→T3,HB,False
MAP-HB-91139,润滑剂 kg 4.73 0.100 0.108 0.116 水 m3,润滑剂 kg 4.73 0.100 0.108 0.116 水 m3,MAT-UTL-001,auto,,HB材料→T3,HB,False
MAP-HB-30719,薄壁不锈钢管 m -,薄壁不锈钢管 m -,MAT-TRN-002,auto,,HB材料→T3,HB,False
MAP-HB-02838,给水室外不锈钢管件 个 -,给水室外不锈钢管件 个 -,MAT-TRN-002,auto,,HB材料→T3,HB,False
MAP-HB-12007,给水室内不锈钢管卡压管件 个 -,给水室内不锈钢管卡压管件 个 -,MAT-TRN-002,auto,,HB材料→T3,HB,False
MAP-HB-31602,焊接钢管 DN20 m 6.00 0.013 0.014 0.015 0.016 0.016 m,焊接钢管 DN20 m 6.00 0.013 0.014 0.015 0.016 0.016 m,MAT-STE-007,auto,,HB材料→T3,HB,False
MAP-HB-25984,薄壁不锈钢管 m - (9.870) (9.870) (9.870) (9.870) -,薄壁不锈钢管 m - (9.870) (9.870) (9.870) (9.870) -,MAT-TRN-002,auto,,HB材料→T3,HB,False
MAP-HB-43583,给水室内不锈钢管卡套管件 个 -,给水室内不锈钢管卡套管件 个 -,MAT-TRN-002,auto,,HB材料→T3,HB,False
MAP-HB-35384,焊接钢管 DN20 m 6.00 0.017 0.019 0.020 0.021 0.022 0.023 m,焊接钢管 DN20 m 6.00 0.017 0.019 0.020 0.021 0.022 0.023 m,MAT-STE-007,auto,,HB材料→T3,HB,False
MAP-HB-20775,给水室内不锈钢管螺纹管件 个 -,给水室内不锈钢管螺纹管件 个 -,MAT-TRN-002,auto,,HB材料→T3,HB,False
MAP-HB-66200,焊接钢管 DN20 m 6.00 0.017 0.019 0.020 0.021 m,焊接钢管 DN20 m 6.00 0.017 0.019 0.020 0.021 m,MAT-STE-007,auto,,HB材料→T3,HB,False
MAP-HB-45942,给水室内不锈钢管焊接管件 个 -,给水室内不锈钢管焊接管件 个 -,MAT-TRN-002,auto,,HB材料→T3,HB,False
MAP-HB-37330,不锈钢管 m - (9.650) (9.650) (9.650) (9.650) (9.650) (9.650) -,不锈钢管 m - (9.650) (9.650) (9.650) (9.650) (9.650) (9.650) -,MAT-TRN-002,auto,,HB材料→T3,HB,False
MAP-HB-68010,压力表弯管 DN15,压力表弯管 DN15,MAT-ELEC-005,auto,,HB材料→T3,HB,False
MAP-HB-59276,给水室内铜管卡压管件 个 - (13.410) (11.160) (10.750) (9.370) (7.520) 材 割管刀片 暖 及 片,给水室内铜管卡压管件 个 - (13.410) (11.160) (10.750) (9.370) (7.520) 材 割管刀片 暖 及 片,MAT-UTL-001,auto,,HB材料→T3,HB,False
MAP-HB-32265,给水室内铜管卡压管件 个 -,给水室内铜管卡压管件 个 -,MAT-UTL-001,auto,,HB材料→T3,HB,False
MAP-HB-88613,给水室内铜管卡套管件 个 -,给水室内铜管卡套管件 个 -,MAT-UTL-001,auto,,HB材料→T3,HB,False
MAP-HB-33654,给水室内铜管焊接管件 个 -,给水室内铜管焊接管件 个 -,MAT-UTL-001,auto,,HB材料→T3,HB,False
MAP-HB-96430,热轧厚钢板 δ8.0 ~ 15 kg 3.66 0.044 0.047 0.049 0.073 0.110 0.148 m3,热轧厚钢板 δ8.0 ~ 15 kg 3.66 0.044 0.047 0.049 0.073 0.110 0.148 m3,MAT-STE-006,auto,,HB材料→T3,HB,False
MAP-HB-54273,铜管 m - (9.860) (9.860) (9.860) (9.860) (9.940) -,铜管 m - (9.860) (9.860) (9.860) (9.860) (9.940) -,MAT-PIPE-006,auto,,HB材料→T3,HB,False
MAP-HB-25416,给水室内铜管钎焊管件 个 -,给水室内铜管钎焊管件 个 -,MAT-STE-007,auto,,HB材料→T3,HB,False
MAP-HB-48455,热轧厚钢板 δ8.0 ~ 15 kg 3.66 0.042 0.044 0.047 0.049 m3,热轧厚钢板 δ8.0 ~ 15 kg 3.66 0.042 0.044 0.047 0.049 m3,MAT-STE-006,auto,,HB材料→T3,HB,False
MAP-HB-07247,室外承插铸铁给水管件 个 -,室外承插铸铁给水管件 个 -,MAT-UTL-001,auto,,HB材料→T3,HB,False
MAP-HB-04623,给水橡胶圈 DN100 个,给水橡胶圈 DN100 个,MAT-UTL-001,auto,,HB材料→T3,HB,False
MAP-HB-62711,给水橡胶圈 DN150 个 21.65 - 2.305 - - -,给水橡胶圈 DN150 个 21.65 - 2.305 - - -,MAT-UTL-001,auto,,HB材料→T3,HB,False
MAP-HB-68337,给水橡胶圈 DN250 个,给水橡胶圈 DN250 个,MAT-UTL-001,auto,,HB材料→T3,HB,False
MAP-HB-21710,给水橡胶圈 DN300 个,给水橡胶圈 DN300 个,MAT-UTL-001,auto,,HB材料→T3,HB,False
MAP-HB-19191,承插铸铁给水管 m -,承插铸铁给水管 m -,MAT-UTL-001,auto,,HB材料→T3,HB,False
MAP-HB-04860,给水橡胶圈 DN350 个 66.83 1.922 - - -,给水橡胶圈 DN350 个 66.83 1.922 - - -,MAT-UTL-001,auto,,HB材料→T3,HB,False
MAP-HB-82001,给水橡胶圈 DN450 个,给水橡胶圈 DN450 个,MAT-UTL-001,auto,,HB材料→T3,HB,False
MAP-HB-64742,给水橡胶圈 DN500 个,给水橡胶圈 DN500 个,MAT-UTL-001,auto,,HB材料→T3,HB,False
MAP-HB-16120,热轧厚钢板 δ8.0 ~ 15 kg 3.66 0.380 0.426 0.472 0.472 m3,热轧厚钢板 δ8.0 ~ 15 kg 3.66 0.380 0.426 0.472 0.472 m3,MAT-STE-006,auto,,HB材料→T3,HB,False
MAP-HB-91027,承插铸铁排水管 m -,承插铸铁排水管 m -,MAT-UTL-001,auto,,HB材料→T3,HB,False
MAP-HB-34595,排水铸铁接轮 DN50 个,排水铸铁接轮 DN50 个,MAT-UTL-001,auto,,HB材料→T3,HB,False
MAP-HB-93170,排水铸铁接轮 DN75 采 额 个,排水铸铁接轮 DN75 采 额 个,MAT-UTL-001,auto,,HB材料→T3,HB,False
MAP-HB-13399,排水铸铁接轮 DN100 个,排水铸铁接轮 DN100 个,MAT-UTL-001,auto,,HB材料→T3,HB,False
MAP-HB-96861,排水铸铁接轮 DN150 个,排水铸铁接轮 DN150 个,MAT-UTL-001,auto,,HB材料→T3,HB,False
MAP-HB-33735,排水铸铁接轮 DN200 个,排水铸铁接轮 DN200 个,MAT-UTL-001,auto,,HB材料→T3,HB,False
MAP-HB-95283,排水橡胶密封圈 DN75 个,排水橡胶密封圈 DN75 个,MAT-UTL-001,auto,,HB材料→T3,HB,False
MAP-HB-76495,排水橡胶密封圈 DN100 个,排水橡胶密封圈 DN100 个,MAT-UTL-001,auto,,HB材料→T3,HB,False
MAP-HB-89813,排水橡胶密封圈 DN150 个,排水橡胶密封圈 DN150 个,MAT-UTL-001,auto,,HB材料→T3,HB,False
MAP-HB-07270,排水橡胶密封圈 DN200 个,排水橡胶密封圈 DN200 个,MAT-UTL-001,auto,,HB材料→T3,HB,False
MAP-HB-76174,油麻 kg 5.18 0.400 0.590 0.880 1.260 1.770 20 省 水 m3,油麻 kg 5.18 0.400 0.590 0.880 1.260 1.770 20 省 水 m3,MAT-UTL-001,auto,,HB材料→T3,HB,False
MAP-HB-23981,承插铸铁给水管 m - (9.900) (9.300) (9.300) (8.900) -,承插铸铁给水管 m - (9.900) (9.300) (9.300) (8.900) -,MAT-UTL-001,auto,,HB材料→T3,HB,False
MAP-HB-23092,给水橡胶圈 DN150 个,给水橡胶圈 DN150 个,MAT-UTL-001,auto,,HB材料→T3,HB,False
MAP-HB-53753,给水橡胶圈 DN200 采 额 个,给水橡胶圈 DN200 采 额 个,MAT-UTL-001,auto,,HB材料→T3,HB,False
MAP-HB-91706,室内承插铸铁给水管件 个 -,室内承插铸铁给水管件 个 -,MAT-UTL-001,auto,,HB材料→T3,HB,False
MAP-HB-48130,给水橡胶圈 DN350 个,给水橡胶圈 DN350 个,MAT-UTL-001,auto,,HB材料→T3,HB,False
MAP-HB-47167,给水橡胶圈 DN400采 额 个,给水橡胶圈 DN400采 额 个,MAT-UTL-001,auto,,HB材料→T3,HB,False
MAP-HB-11995,塑料给水管 m -,塑料给水管 m -,MAT-UTL-001,auto,,HB材料→T3,HB,False
MAP-HB-30443,室外塑料给水管热熔管件 个 -,室外塑料给水管热熔管件 个 -,MAT-UTL-001,auto,,HB材料→T3,HB,False
MAP-HB-70832,焊接钢管 DN20 m 6.00 0.027 0.028 m,焊接钢管 DN20 m 6.00 0.027 0.028 m,MAT-STE-007,auto,,HB材料→T3,HB,False
MAP-HB-02606,塑料排水管 m -,塑料排水管 m -,MAT-UTL-001,auto,,HB材料→T3,HB,False
MAP-HB-76939,排水橡胶密封圈 DN200 个 7.50 1.680 - - - -,排水橡胶密封圈 DN200 个 7.50 1.680 - - - -,MAT-UTL-001,auto,,HB材料→T3,HB,False
MAP-HB-28755,排水橡胶密封圈 DN300 个,排水橡胶密封圈 DN300 个,MAT-UTL-001,auto,,HB材料→T3,HB,False
MAP-HB-49847,排水橡胶密封圈 DN400 个,排水橡胶密封圈 DN400 个,MAT-UTL-001,auto,,HB材料→T3,HB,False
MAP-HB-40525,排水橡胶密封圈 DN500 个,排水橡胶密封圈 DN500 个,MAT-UTL-001,auto,,HB材料→T3,HB,False
MAP-HB-02965,室内塑料给水管热熔管件 个 -,室内塑料给水管热熔管件 个 -,MAT-UTL-001,auto,,HB材料→T3,HB,False
MAP-HB-38632,压力表弯管 DN15 14.44 0.003 0.003 0.003 0.003 0.003 m3,压力表弯管 DN15 14.44 0.003 0.003 0.003 0.003 0.003 m3,MAT-ELEC-005,auto,,HB材料→T3,HB,False
MAP-HB-46141,室内直埋塑料给水管热熔管件 个 -,室内直埋塑料给水管热熔管件 个 -,MAT-UTL-001,auto,,HB材料→T3,HB,False
MAP-HB-95612,塑料管卡子 20 个,塑料管卡子 20 个,MAT-FITT-004,auto,,HB材料→T3,HB,False
MAP-HB-03365,塑料管卡子 25 个,塑料管卡子 25 个,MAT-FITT-004,auto,,HB材料→T3,HB,False
MAP-HB-73994,塑料管卡子 32 个,塑料管卡子 32 个,MAT-FITT-004,auto,,HB材料→T3,HB,False
MAP-HB-05894,室内塑料给水管电熔管件 个 -,室内塑料给水管电熔管件 个 -,MAT-UTL-001,auto,,HB材料→T3,HB,False
MAP-HB-83003,焊接钢管 DN20 m 6.00 0.019 0.020 0.021 0.022 0.023 m,焊接钢管 DN20 m 6.00 0.019 0.020 0.021 0.022 0.023 m,MAT-STE-007,auto,,HB材料→T3,HB,False
MAP-HB-80484,塑料给水管 m - (10.160) (10.160) (10.160) (10.160) (10.160) -,塑料给水管 m - (10.160) (10.160) (10.160) (10.160) (10.160) -,MAT-UTL-001,auto,,HB材料→T3,HB,False
MAP-HB-11758,室内塑料给水管粘接管件 个,室内塑料给水管粘接管件 个,MAT-UTL-001,auto,,HB材料→T3,HB,False
MAP-HB-52448,聚丙烯静音排水管件 个 -,聚丙烯静音排水管件 个 -,MAT-UTL-001,auto,,HB材料→T3,HB,False
MAP-HB-12012,排水橡胶密封圈 个 -,排水橡胶密封圈 个 -,MAT-UTL-001,auto,,HB材料→T3,HB,False
MAP-HB-39668,给水室外塑铝稳态管热熔管件 个 -,给水室外塑铝稳态管热熔管件 个 -,MAT-UTL-001,auto,,HB材料→T3,HB,False
MAP-HB-85661,焊接钢管 DN20 m 6.00 0.020 0.021 0.022 0.023 m,焊接钢管 DN20 m 6.00 0.020 0.021 0.022 0.023 m,MAT-STE-007,auto,,HB材料→T3,HB,False
MAP-HB-89109,给水室外钢骨架塑料复合管电熔管件 个 -,给水室外钢骨架塑料复合管电熔管件 个 -,MAT-UTL-001,auto,,HB材料→T3,HB,False
MAP-HB-49394,压力表弯管 DN15 个 14.44 0.003 0.003 0.003 0.003 水 m3,压力表弯管 DN15 个 14.44 0.003 0.003 0.003 0.003 水 m3,MAT-UTL-001,auto,,HB材料→T3,HB,False
MAP-HB-87391,给水室外钢塑复合管螺纹管件 个 -,给水室外钢塑复合管螺纹管件 个 -,MAT-UTL-001,auto,,HB材料→T3,HB,False
MAP-HB-23762,热轧厚钢板 δ8.0 ~ 15 kg 3.66 0.044 0.047 0.049 0.073 0.110,热轧厚钢板 δ8.0 ~ 15 kg 3.66 0.044 0.047 0.049 0.073 0.110,MAT-STE-006,auto,,HB材料→T3,HB,False
MAP-HB-80777,给水室内塑铝稳态管热熔管件 个 -,给水室内塑铝稳态管热熔管件 个 -,MAT-UTL-001,auto,,HB材料→T3,HB,False
MAP-HB-93763,给水室内钢塑复合管螺纹管件 个 -,给水室内钢塑复合管螺纹管件 个 -,MAT-UTL-001,auto,,HB材料→T3,HB,False
MAP-HB-62519,给水室内铝塑复合管卡套管件 个 -,给水室内铝塑复合管卡套管件 个 -,MAT-UTL-001,auto,,HB材料→T3,HB,False
MAP-HB-86057,给水橡胶圈 DN200 个 29.17 - - 4.944 -,给水橡胶圈 DN200 个 29.17 - - 4.944 -,MAT-UTL-001,auto,,HB材料→T3,HB,False
MAP-HB-48157,给水橡胶圈 DN400,给水橡胶圈 DN400,MAT-UTL-001,auto,,HB材料→T3,HB,False
MAP-HB-38372,采暖室外镀锌钢管螺纹管件 个 -,采暖室外镀锌钢管螺纹管件 个 -,MAT-TRN-002,auto,,HB材料→T3,HB,False
MAP-HB-22490,热轧厚钢板 δ8.0 ~ 15 kg 3.66 0.042 0.044 0.047 0.049 0.073 0.110,热轧厚钢板 δ8.0 ~ 15 kg 3.66 0.042 0.044 0.047 0.049 0.073 0.110,MAT-STE-006,auto,,HB材料→T3,HB,False
MAP-HB-97444,镀锌钢管 m - (9.700) (9.700) (9.700) (9.970) (9.970) -,镀锌钢管 m - (9.700) (9.700) (9.700) (9.970) (9.970) -,MAT-TRN-002,auto,,HB材料→T3,HB,False
MAP-HB-79095,采暖室内镀锌钢管螺纹管件 个 -,采暖室内镀锌钢管螺纹管件 个 -,MAT-TRN-002,auto,,HB材料→T3,HB,False
MAP-HB-86973,钢管 m - (10.200) (10.200) (10.200) (10.140) (10.140) -,钢管 m - (10.200) (10.200) (10.200) (10.140) (10.140) -,MAT-TRN-002,auto,,HB材料→T3,HB,False
MAP-HB-58208,采暖室外钢管焊接管件 个 -,采暖室外钢管焊接管件 个 -,MAT-TRN-002,auto,,HB材料→T3,HB,False
MAP-HB-80132,采暖室内钢管焊接管件 个 -,采暖室内钢管焊接管件 个 -,MAT-TRN-002,auto,,HB材料→T3,HB,False
MAP-HB-55493,塑料管卡子 32,塑料管卡子 32,MAT-FITT-004,auto,,HB材料→T3,HB,False
MAP-HB-67196,热轧厚钢板 δ8.0 ~ 15 kg 3.66 0.030 0.032 0.034,热轧厚钢板 δ8.0 ~ 15 kg 3.66 0.030 0.032 0.034,MAT-STE-006,auto,,HB材料→T3,HB,False
MAP-HB-44192,焊接钢管 DN20 m 6.00 0.021 0.022 0.023 0.024 m,焊接钢管 DN20 m 6.00 0.021 0.022 0.023 0.024 m,MAT-STE-007,auto,,HB材料→T3,HB,False
MAP-HB-89493,热轧厚钢板 δ8.0 ~ 15 kg 3.66 0.037 0.039 0.042 0.044 0.047 水 m3,热轧厚钢板 δ8.0 ~ 15 kg 3.66 0.037 0.039 0.042 0.044 0.047 水 m3,MAT-STE-006,auto,,HB材料→T3,HB,False
MAP-HB-19946,热轧厚钢板 δ8.0 ~ 15 kg 3.66 0.049 0.073 0.110 0.148 水 m3,热轧厚钢板 δ8.0 ~ 15 kg 3.66 0.049 0.073 0.110 0.148 水 m3,MAT-STE-006,auto,,HB材料→T3,HB,False
MAP-HB-06281,热轧厚钢板 δ8.0 ~ 15 kg 3.66 0.231 0.333 0.380 0.426 水 m3,热轧厚钢板 δ8.0 ~ 15 kg 3.66 0.231 0.333 0.380 0.426 水 m3,MAT-STE-006,auto,,HB材料→T3,HB,False
MAP-HB-41579,法兰闸阀 Z45T-10 DN50 -,法兰闸阀 Z45T-10 DN50 -,MAT-FITT-003,auto,,HB材料→T3,HB,False
MAP-HB-85434,法兰闸阀 Z45T-10 DN65 个 -,法兰闸阀 Z45T-10 DN65 个 -,MAT-FITT-003,auto,,HB材料→T3,HB,False
MAP-HB-58287,法兰闸阀 Z45T-10 DN80 个 -,法兰闸阀 Z45T-10 DN80 个 -,MAT-FITT-003,auto,,HB材料→T3,HB,False
MAP-HB-06549,法兰闸阀 Z45T-10 DN100 个 -,法兰闸阀 Z45T-10 DN100 个 -,MAT-FITT-003,auto,,HB材料→T3,HB,False
MAP-HB-74174,法兰闸阀 Z45T-10 DN125 个 -,法兰闸阀 Z45T-10 DN125 个 -,MAT-FITT-003,auto,,HB材料→T3,HB,False
MAP-HB-67105,碳钢平焊法兰 PN1.6MPa DN50 片,碳钢平焊法兰 PN1.6MPa DN50 片,MAT-FITT-003,auto,,HB材料→T3,HB,False
MAP-HB-74414,碳钢平焊法兰 PN1.6MPa DN65 片,碳钢平焊法兰 PN1.6MPa DN65 片,MAT-FITT-003,auto,,HB材料→T3,HB,False
MAP-HB-68219,碳钢平焊法兰 PN1.6MPa DN80,碳钢平焊法兰 PN1.6MPa DN80,MAT-FITT-003,auto,,HB材料→T3,HB,False
MAP-HB-90014,碳钢平焊法兰 PN1.6MPa DN100 片,碳钢平焊法兰 PN1.6MPa DN100 片,MAT-FITT-003,auto,,HB材料→T3,HB,False
MAP-HB-96110,碳钢平焊法兰 PN1.6MPa DN125 片,碳钢平焊法兰 PN1.6MPa DN125 片,MAT-FITT-003,auto,,HB材料→T3,HB,False
MAP-HB-32766,法兰闸阀 Z45T-10 DN150 个 -,法兰闸阀 Z45T-10 DN150 个 -,MAT-FITT-003,auto,,HB材料→T3,HB,False
MAP-HB-23426,法兰闸阀 Z45T-10 DN200 -,法兰闸阀 Z45T-10 DN200 -,MAT-FITT-003,auto,,HB材料→T3,HB,False
MAP-HB-73742,法兰闸阀 Z45T-10 DN250 个 -,法兰闸阀 Z45T-10 DN250 个 -,MAT-FITT-003,auto,,HB材料→T3,HB,False
MAP-HB-88869,法兰闸阀 Z45T-10 DN300 个 -,法兰闸阀 Z45T-10 DN300 个 -,MAT-FITT-003,auto,,HB材料→T3,HB,False
MAP-HB-07568,碳钢平焊法兰 PN1.6MPa DN150 片,碳钢平焊法兰 PN1.6MPa DN150 片,MAT-FITT-003,auto,,HB材料→T3,HB,False
MAP-HB-43974,碳钢平焊法兰 PN1.6MPa DN200,碳钢平焊法兰 PN1.6MPa DN200,MAT-FITT-003,auto,,HB材料→T3,HB,False
MAP-HB-52152,碳钢平焊法兰 PN1.6MPa DN250 片,碳钢平焊法兰 PN1.6MPa DN250 片,MAT-FITT-003,auto,,HB材料→T3,HB,False
MAP-HB-71485,碳钢平焊法兰 PN1.6MPa DN300 片 259.00 - - - 2.000,碳钢平焊法兰 PN1.6MPa DN300 片 259.00 - - - 2.000,MAT-FITT-003,auto,,HB材料→T3,HB,False
MAP-HB-61550,空调冷热水室内镀锌钢管螺纹管件 个 - (8.130) (9.390) (9.590) (9.090) (7.160),空调冷热水室内镀锌钢管螺纹管件 个 - (8.130) (9.390) (9.590) (9.090) (7.160),MAT-TRN-002,auto,,HB材料→T3,HB,False
MAP-HB-83472,空调冷热水室内镀锌钢管螺纹管件 个 -,空调冷热水室内镀锌钢管螺纹管件 个 -,MAT-TRN-002,auto,,HB材料→T3,HB,False
MAP-HB-39737,压力表表弯 DN15 个,压力表表弯 DN15 个,MAT-ELEC-005,auto,,HB材料→T3,HB,False
MAP-HB-44142,镀锌钢管 m - (10.000) (9.950) (9.950) (9.970) (9.970) -,镀锌钢管 m - (10.000) (9.950) (9.950) (9.970) (9.970) -,MAT-TRN-002,auto,,HB材料→T3,HB,False
MAP-HB-93274,热轧厚钢板 δ8.0 ~ 15 kg 3.66 0.032 0.034 0.037 0.039 0.042 m3,热轧厚钢板 δ8.0 ~ 15 kg 3.66 0.032 0.034 0.037 0.039 0.042 m3,MAT-STE-006,auto,,HB材料→T3,HB,False
MAP-HB-77568,空调冷热水室内镀锌钢管沟槽管件 个 -,空调冷热水室内镀锌钢管沟槽管件 个 -,MAT-TRN-002,auto,,HB材料→T3,HB,False
MAP-HB-44746,卡箍连接件 含胶圈 套 - (10.020) (9.630) (9.010) (5.800) (4.950) kg,卡箍连接件 含胶圈 套 - (10.020) (9.630) (9.010) (5.800) (4.950) kg,MAT-FITT-002,auto,,HB材料→T3,HB,False
MAP-HB-69273,空调冷热水室内钢管焊接管件 个 -,空调冷热水室内钢管焊接管件 个 -,MAT-TRN-002,auto,,HB材料→T3,HB,False
MAP-HB-47296,钢管 m - (9.970) (9.970) (9.970) (9.780) (9.780) -,钢管 m - (9.970) (9.970) (9.970) (9.780) (9.780) -,MAT-TRN-002,auto,,HB材料→T3,HB,False
MAP-HB-81922,热轧厚钢板 δ8.0 ~ 15 kg 3.66 0.044 0.047 0.049 0.073 0.110 m3,热轧厚钢板 δ8.0 ~ 15 kg 3.66 0.044 0.047 0.049 0.073 0.110 m3,MAT-STE-006,auto,,HB材料→T3,HB,False
MAP-HB-64895,空调冷热水室内钢管沟槽管件 个 -,空调冷热水室内钢管沟槽管件 个 -,MAT-TRN-002,auto,,HB材料→T3,HB,False
MAP-HB-89898,卡箍连接件 含胶圈 套 - (4.430) (3.960) (3.330) kg,卡箍连接件 含胶圈 套 - (4.430) (3.960) (3.330) kg,MAT-FITT-002,auto,,HB材料→T3,HB,False
MAP-HB-26329,空调冷热水室内塑料管热熔管件 个 -,空调冷热水室内塑料管热熔管件 个 -,MAT-UTL-001,auto,,HB材料→T3,HB,False
MAP-HB-99216,压力表表弯 DN15,压力表表弯 DN15,MAT-ELEC-005,auto,,HB材料→T3,HB,False
MAP-HB-29656,空调冷热水室内塑料管电熔管件 个,空调冷热水室内塑料管电熔管件 个,MAT-UTL-001,auto,,HB材料→T3,HB,False
MAP-HB-24659,燃气室外镀锌钢管螺纹管件 个 -,燃气室外镀锌钢管螺纹管件 个 -,MAT-TRN-002,auto,,HB材料→T3,HB,False
MAP-HB-64207,燃气室内镀锌钢管螺纹管件 个 -,燃气室内镀锌钢管螺纹管件 个 -,MAT-TRN-002,auto,,HB材料→T3,HB,False
MAP-HB-67591,热轧厚钢板 δ8.0 ~ 15 kg 3.66 0.104 0.111 0.117 0.123 kg 8.94 0.026 0.027 0.029 0.030 m3,热轧厚钢板 δ8.0 ~ 15 kg 3.66 0.104 0.111 0.117 0.123 kg 8.94 0.026 0.027 0.029 0.030 m3,MAT-STE-006,auto,,HB材料→T3,HB,False
MAP-HB-21757,弹簧压力表 Y-100 0 ~ 1.6MPa 块 61.17 0.007 0.008 0.008 0.008 0.009,弹簧压力表 Y-100 0 ~ 1.6MPa 块 61.17 0.007 0.008 0.008 0.008 0.009,MAT-ELEC-005,auto,,HB材料→T3,HB,False
MAP-HB-57616,弹簧压力表 Y-100 0 ~ 1.6MPa 块 61.17 0.009 0.009 0.010 0.010 0.010,弹簧压力表 Y-100 0 ~ 1.6MPa 块 61.17 0.009 0.009 0.010 0.010 0.010,MAT-ELEC-005,auto,,HB材料→T3,HB,False
MAP-HB-05882,弹簧压力表 Y-100 0 ~ 1.6MPa 块 61.17 0.009 0.010 0.010 0.010,弹簧压力表 Y-100 0 ~ 1.6MPa 块 61.17 0.009 0.010 0.010 0.010,MAT-ELEC-005,auto,,HB材料→T3,HB,False
MAP-HB-84469,钢管 m - (9.970) (9.920) (9.920) (9.920) (9.920) (9.920) -,钢管 m - (9.970) (9.920) (9.920) (9.920) (9.920) (9.920) -,MAT-TRN-002,auto,,HB材料→T3,HB,False
MAP-HB-79881,角钢 综合 kg 3.74 - - - 0.328 0.337 0.364 m,角钢 综合 kg 3.74 - - - 0.328 0.337 0.364 m,MAT-STE-005,auto,,HB材料→T3,HB,False
MAP-HB-16302,燃气室内薄壁不锈钢管卡套式管件 个 -,燃气室内薄壁不锈钢管卡套式管件 个 -,MAT-TRN-002,auto,,HB材料→T3,HB,False
MAP-HB-20729,燃气室内薄壁不锈钢管卡压式管件 个 -,燃气室内薄壁不锈钢管卡压式管件 个 -,MAT-TRN-002,auto,,HB材料→T3,HB,False
MAP-HB-83722,燃气室内铜管钎焊式管件 个 -,燃气室内铜管钎焊式管件 个 -,MAT-PIPE-006,auto,,HB材料→T3,HB,False
MAP-HB-60060,热轧厚钢板 δ8.0 ~ 15 kg 3.66 0.074 0.080 0.086 0.092 0.099 0.104 kg,热轧厚钢板 δ8.0 ~ 15 kg 3.66 0.074 0.080 0.086 0.092 0.099 0.104 kg,MAT-STE-006,auto,,HB材料→T3,HB,False
MAP-HB-92005,燃气室内铜管焊接式管件 个 -,燃气室内铜管焊接式管件 个 -,MAT-PIPE-006,auto,,HB材料→T3,HB,False
MAP-HB-85268,压力表弯管 DN15 个 14.44 0.005 0.005 0.005 0.005 0.007 % -,压力表弯管 DN15 个 14.44 0.005 0.005 0.005 0.005 0.007 % -,MAT-ELEC-005,auto,,HB材料→T3,HB,False
MAP-HB-27200,活动法兰铸铁管 m -,活动法兰铸铁管 m -,MAT-PIPE-004,auto,,HB材料→T3,HB,False
MAP-HB-19303,燃气室外铸铁管柔性机械接口管件 个 - (1.670) (1.470) (1.240) (0.990) (0.940) -,燃气室外铸铁管柔性机械接口管件 个 - (1.670) (1.470) (1.240) (0.990) (0.940) -,MAT-PIPE-004,auto,,HB材料→T3,HB,False
MAP-HB-84853,焊接钢管 DN20 m 6.00 0.049 0.057 0.057 0.065 0.065 m,焊接钢管 DN20 m 6.00 0.049 0.057 0.057 0.065 0.065 m,MAT-STE-007,auto,,HB材料→T3,HB,False
MAP-HB-97254,扁钢 59 以内 kg 3.83 9.610 14.140 18.160,扁钢 59 以内 kg 3.83 9.610 14.140 18.160,MAT-STEL-004,auto,,HB材料→T3,HB,False
MAP-HB-86040,压力表弯管 DN15 个 14.44 0.018 0.018 0.020 0.020 0.020 % -,压力表弯管 DN15 个 14.44 0.018 0.018 0.020 0.020 0.020 % -,MAT-ELEC-005,auto,,HB材料→T3,HB,False
MAP-HB-38334,输水软管 ϕ25 m 11.30 0.006 0.006 0.006 0.006 0.006 0.016,输水软管 ϕ25 m 11.30 0.006 0.006 0.006 0.006 0.006 0.016,MAT-UTL-001,auto,,HB材料→T3,HB,False
MAP-HB-09491,螺纹浮球阀 个 -,螺纹浮球阀 个 -,MAT-VALV-005,auto,,HB材料→T3,HB,False
MAP-HB-91875,黑玛钢管箍 DN15 个,黑玛钢管箍 DN15 个,MAT-TRN-002,auto,,HB材料→T3,HB,False
MAP-HB-93219,黑玛钢管箍 DN25 个,黑玛钢管箍 DN25 个,MAT-TRN-002,auto,,HB材料→T3,HB,False
MAP-HB-32994,黑玛钢管箍 DN32 个,黑玛钢管箍 DN32 个,MAT-TRN-002,auto,,HB材料→T3,HB,False
MAP-HB-81793,黑玛钢管箍 DN40 个 2.10 - - - -,黑玛钢管箍 DN40 个 2.10 - - - -,MAT-TRN-002,auto,,HB材料→T3,HB,False
MAP-HB-21998,黑玛钢管箍 DN15 暖 及 个,黑玛钢管箍 DN15 暖 及 个,MAT-TRN-002,auto,,HB材料→T3,HB,False
MAP-HB-68766,黑玛钢管箍 DN20 0.80 - 1.010 -,黑玛钢管箍 DN20 0.80 - 1.010 -,MAT-TRN-002,auto,,HB材料→T3,HB,False
MAP-HB-90609,黑玛钢弯头 DN15 个,黑玛钢弯头 DN15 个,MAT-FITT-001,auto,,HB材料→T3,HB,False
MAP-HB-08239,黑玛钢弯头 DN20 个,黑玛钢弯头 DN20 个,MAT-FITT-001,auto,,HB材料→T3,HB,False
MAP-HB-39995,黑玛钢弯头 DN25 个,黑玛钢弯头 DN25 个,MAT-FITT-001,auto,,HB材料→T3,HB,False
MAP-HB-77126,手动放风阀 ϕ10 个 -,手动放风阀 ϕ10 个 -,MAT-HVAC-004,auto,,HB材料→T3,HB,False
MAP-HB-00345,散热器温控阀 个 -,散热器温控阀 个 -,MAT-HEAT-001,auto,,HB材料→T3,HB,False
MAP-HB-16686,法兰阀门 个 kg 8.94 0.024 0.034 0.044 0.064 0.080 0.114 材 kg,法兰阀门 个 kg 8.94 0.024 0.034 0.044 0.064 0.080 0.114 材 kg,MAT-FITT-003,auto,,HB材料→T3,HB,False
MAP-HB-27864,法兰电磁阀 个 给 程消 ( 元) -,法兰电磁阀 个 给 程消 ( 元) -,MAT-FITT-003,auto,,HB材料→T3,HB,False
MAP-HB-02283,对夹式蝶阀 个 -,对夹式蝶阀 个 -,MAT-VALV-002,auto,,HB材料→T3,HB,False
MAP-HB-59660,对夹式蝶阀 个 ( 元) -,对夹式蝶阀 个 ( 元) -,MAT-VALV-002,auto,,HB材料→T3,HB,False
MAP-HB-40776,卡箍连接件 含胶圈 套 - (2.000) (2.000) (2.000) (2.000) (2.000) 暖 及 m3,卡箍连接件 含胶圈 套 - (2.000) (2.000) (2.000) (2.000) (2.000) 暖 及 m3,MAT-FITT-002,auto,,HB材料→T3,HB,False
MAP-HB-08971,沟槽阀门 个 ( 元) -,沟槽阀门 个 ( 元) -,MAT-FITT-002,auto,,HB材料→T3,HB,False
MAP-HB-20670,卡箍连接件 含胶圈 套 - (2.000) (2.000) (2.000) (2.000) (2.000) 材 水 m3 3.26 0.001 0.001 0.001 0.003 0.003 暖 及 kg,卡箍连接件 含胶圈 套 - (2.000) (2.000) (2.000) (2.000) (2.000) 材 水 m3 3.26 0.001 0.001 0.001 0.003 0.003 暖 及 kg,MAT-UTL-001,auto,,HB材料→T3,HB,False
MAP-HB-16848,沟槽阀门 个 - (1.000) (1.000) (1.000) (1.000) (1.000) -,沟槽阀门 个 - (1.000) (1.000) (1.000) (1.000) (1.000) -,MAT-FITT-002,auto,,HB材料→T3,HB,False
MAP-HB-43359,卡箍连接件 含胶圈 套 材 m3,卡箍连接件 含胶圈 套 材 m3,MAT-FITT-002,auto,,HB材料→T3,HB,False
MAP-HB-48436,螺纹法兰 片 -,螺纹法兰 片 -,MAT-FITT-003,auto,,HB材料→T3,HB,False
MAP-HB-19585,螺纹法兰 片 - (2.000) (2.000) (2.000) (2.000) 暖 及 kg,螺纹法兰 片 - (2.000) (2.000) (2.000) (2.000) 暖 及 kg,MAT-FITT-003,auto,,HB材料→T3,HB,False
MAP-HB-12195,碳钢平焊法兰 片 - (2.000) (2.000) (2.000) (2.000) (2.000) 暖 及 kg 8.94 0.400 0.540 0.690 0.810 0.830 m3,碳钢平焊法兰 片 - (2.000) (2.000) (2.000) (2.000) (2.000) 暖 及 kg 8.94 0.400 0.540 0.690 0.810 0.830 m3,MAT-FITT-003,auto,,HB材料→T3,HB,False
MAP-HB-23852,不锈钢平焊法兰 片 -,不锈钢平焊法兰 片 -,MAT-FITT-003,auto,,HB材料→T3,HB,False
MAP-HB-36635,塑料法兰 带短管 片 给 程消 ( 元) -,塑料法兰 带短管 片 给 程消 ( 元) -,MAT-FITT-003,auto,,HB材料→T3,HB,False
MAP-HB-69539,沟槽法兰 片 -,沟槽法兰 片 -,MAT-FITT-002,auto,,HB材料→T3,HB,False
MAP-HB-44170,沟槽法兰 采 额 片 -,沟槽法兰 采 额 片 -,MAT-FITT-002,auto,,HB材料→T3,HB,False
MAP-HB-02419,螺纹减压阀 采 额 个 -,螺纹减压阀 采 额 个 -,MAT-VALV-008,auto,,HB材料→T3,HB,False
MAP-HB-30653,螺纹 Y 型过滤器 个 -,螺纹 Y 型过滤器 个 -,MAT-AUXI-016,auto,,HB材料→T3,HB,False
MAP-HB-47993,焊接钢管 DN25 m,焊接钢管 DN25 m,MAT-STE-007,auto,,HB材料→T3,HB,False
MAP-HB-40498,焊接钢管 DN32 m,焊接钢管 DN32 m,MAT-STE-007,auto,,HB材料→T3,HB,False
MAP-HB-44788,焊接钢管 DN40 m,焊接钢管 DN40 m,MAT-STE-007,auto,,HB材料→T3,HB,False
MAP-HB-32964,黑玛钢弯头 DN25,黑玛钢弯头 DN25,MAT-FITT-001,auto,,HB材料→T3,HB,False
MAP-HB-06194,黑玛钢弯头 DN40 3.40 - - - 2.020 20 省,黑玛钢弯头 DN40 3.40 - - - 2.020 20 省,MAT-FITT-001,auto,,HB材料→T3,HB,False
MAP-HB-06162,黑玛钢管箍 DN15 个 0.60 2.020 2.020 2.020 2.020 暖 及 kg,黑玛钢管箍 DN15 个 0.60 2.020 2.020 2.020 2.020 暖 及 kg,MAT-TRN-002,auto,,HB材料→T3,HB,False
MAP-HB-94238,螺纹减压阀 个 -,螺纹减压阀 个 -,MAT-VALV-008,auto,,HB材料→T3,HB,False
MAP-HB-88835,黑玛钢弯头 DN50 个,黑玛钢弯头 DN50 个,MAT-FITT-001,auto,,HB材料→T3,HB,False
MAP-HB-21795,黑玛钢弯头 DN65 个,黑玛钢弯头 DN65 个,MAT-FITT-001,auto,,HB材料→T3,HB,False
MAP-HB-99179,黑玛钢弯头 DN80 个,黑玛钢弯头 DN80 个,MAT-FITT-001,auto,,HB材料→T3,HB,False
MAP-HB-72973,黑玛钢弯头 DN100 个,黑玛钢弯头 DN100 个,MAT-FITT-001,auto,,HB材料→T3,HB,False
MAP-HB-77214,黑玛钢管箍 DN15,黑玛钢管箍 DN15,MAT-TRN-002,auto,,HB材料→T3,HB,False
MAP-HB-31847,法兰减压阀 个 -,法兰减压阀 个 -,MAT-FITT-003,auto,,HB材料→T3,HB,False
MAP-HB-98425,法兰式 Y 型过滤器 -,法兰式 Y 型过滤器 -,MAT-FITT-003,auto,,HB材料→T3,HB,False
MAP-HB-24487,法兰阀门 个 - (3.000) (3.000) (3.000) (3.000) (3.000) -,法兰阀门 个 - (3.000) (3.000) (3.000) (3.000) (3.000) -,MAT-FITT-003,auto,,HB材料→T3,HB,False
MAP-HB-13125,压制弯头 DN20,压制弯头 DN20,MAT-FITT-001,auto,,HB材料→T3,HB,False
MAP-HB-03596,压制弯头 DN25 个,压制弯头 DN25 个,MAT-FITT-001,auto,,HB材料→T3,HB,False
MAP-HB-93378,压制弯头 DN32,压制弯头 DN32,MAT-FITT-001,auto,,HB材料→T3,HB,False
MAP-HB-52674,压制弯头 DN40 个,压制弯头 DN40 个,MAT-FITT-001,auto,,HB材料→T3,HB,False
MAP-HB-57079,压制弯头 DN50 个,压制弯头 DN50 个,MAT-FITT-001,auto,,HB材料→T3,HB,False
MAP-HB-14989,法兰式 Y 型过滤器 个 -,法兰式 Y 型过滤器 个 -,MAT-FITT-003,auto,,HB材料→T3,HB,False
MAP-HB-70868,法兰挠性接头 个 - (1.000) (1.000) (1.000) -,法兰挠性接头 个 - (1.000) (1.000) (1.000) -,MAT-FITT-003,auto,,HB材料→T3,HB,False
MAP-HB-25929,压制弯头 DN65 个,压制弯头 DN65 个,MAT-FITT-001,auto,,HB材料→T3,HB,False
MAP-HB-64257,压制弯头 DN80 个,压制弯头 DN80 个,MAT-FITT-001,auto,,HB材料→T3,HB,False
MAP-HB-54176,焊接钢管 DN65 m 23.50 2.440 - - m,焊接钢管 DN65 m 23.50 2.440 - - m,MAT-STE-007,auto,,HB材料→T3,HB,False
MAP-HB-82339,清油 C01-1 kg 21.60 0.030 0.036 0.040 kg 12.34 0.187 0.216 0.276 水 m3,清油 C01-1 kg 21.60 0.030 0.036 0.040 kg 12.34 0.187 0.216 0.276 水 m3,MAT-UTL-001,auto,,HB材料→T3,HB,False
MAP-HB-40188,螺纹疏水器 个 -,螺纹疏水器 个 -,MAT-UTL-001,auto,,HB材料→T3,HB,False
MAP-HB-20233,螺纹截止阀 J11T-16 DN15 采 额 个 -,螺纹截止阀 J11T-16 DN15 采 额 个 -,MAT-VALV-003,auto,,HB材料→T3,HB,False
MAP-HB-22836,螺纹截止阀 J11T-16 DN20 个 -,螺纹截止阀 J11T-16 DN20 个 -,MAT-VALV-003,auto,,HB材料→T3,HB,False
MAP-HB-69989,螺纹截止阀 J11T-16 DN25 个 -,螺纹截止阀 J11T-16 DN25 个 -,MAT-VALV-003,auto,,HB材料→T3,HB,False
MAP-HB-20747,螺纹截止阀 J11T-16 DN32 个 -,螺纹截止阀 J11T-16 DN32 个 -,MAT-VALV-003,auto,,HB材料→T3,HB,False
MAP-HB-80810,螺纹截止阀 J11T-16 DN40 -,螺纹截止阀 J11T-16 DN40 -,MAT-VALV-003,auto,,HB材料→T3,HB,False
MAP-HB-12057,黑玛钢弯头 DN32 个,黑玛钢弯头 DN32 个,MAT-FITT-001,auto,,HB材料→T3,HB,False
MAP-HB-33918,黑玛钢弯头 DN40采 额 个,黑玛钢弯头 DN40采 额 个,MAT-FITT-001,auto,,HB材料→T3,HB,False
MAP-HB-18011,法兰疏水器 个 ( 元) -,法兰疏水器 个 ( 元) -,MAT-UTL-001,auto,,HB材料→T3,HB,False
MAP-HB-59437,法兰截止阀 J41T-16 DN15 -,法兰截止阀 J41T-16 DN15 -,MAT-FITT-003,auto,,HB材料→T3,HB,False
MAP-HB-02982,法兰截止阀 J41T-16 DN20 -,法兰截止阀 J41T-16 DN20 -,MAT-FITT-003,auto,,HB材料→T3,HB,False
MAP-HB-34863,法兰截止阀 J41T-16 DN25 -,法兰截止阀 J41T-16 DN25 -,MAT-FITT-003,auto,,HB材料→T3,HB,False
MAP-HB-96401,法兰截止阀 J41T-16 DN32 -,法兰截止阀 J41T-16 DN32 -,MAT-FITT-003,auto,,HB材料→T3,HB,False
MAP-HB-36816,法兰截止阀 J41T-16 DN50 个 -,法兰截止阀 J41T-16 DN50 个 -,MAT-FITT-003,auto,,HB材料→T3,HB,False
MAP-HB-50642,碳钢平焊法兰 PN1.6MPa DN15 -,碳钢平焊法兰 PN1.6MPa DN15 -,MAT-FITT-003,auto,,HB材料→T3,HB,False
MAP-HB-68043,碳钢平焊法兰 PN1.6MPa DN20 -,碳钢平焊法兰 PN1.6MPa DN20 -,MAT-FITT-003,auto,,HB材料→T3,HB,False
MAP-HB-58863,碳钢平焊法兰 PN1.6MPa DN25 -,碳钢平焊法兰 PN1.6MPa DN25 -,MAT-FITT-003,auto,,HB材料→T3,HB,False
MAP-HB-92941,碳钢平焊法兰 PN1.6MPa DN32 -,碳钢平焊法兰 PN1.6MPa DN32 -,MAT-FITT-003,auto,,HB材料→T3,HB,False
MAP-HB-63995,压制弯头 DN20 个,压制弯头 DN20 个,MAT-FITT-001,auto,,HB材料→T3,HB,False
MAP-HB-10583,法兰疏水器 个 -,法兰疏水器 个 -,MAT-UTL-001,auto,,HB材料→T3,HB,False
MAP-HB-53204,法兰截止阀 J41T-16 DN20 个 -,法兰截止阀 J41T-16 DN20 个 -,MAT-FITT-003,auto,,HB材料→T3,HB,False
MAP-HB-15912,法兰截止阀 J41T-16 DN32 个 -,法兰截止阀 J41T-16 DN32 个 -,MAT-FITT-003,auto,,HB材料→T3,HB,False
MAP-HB-30266,法兰截止阀 J41T-16 DN40 个 -,法兰截止阀 J41T-16 DN40 个 -,MAT-FITT-003,auto,,HB材料→T3,HB,False
MAP-HB-02531,法兰截止阀 J41T-16 DN80 个 -,法兰截止阀 J41T-16 DN80 个 -,MAT-FITT-003,auto,,HB材料→T3,HB,False
MAP-HB-50769,法兰截止阀 J41T-16 DN100 个 -,法兰截止阀 J41T-16 DN100 个 -,MAT-FITT-003,auto,,HB材料→T3,HB,False
MAP-HB-57621,碳钢平焊法兰 PN1.6MPa DN20 片 -,碳钢平焊法兰 PN1.6MPa DN20 片 -,MAT-FITT-003,auto,,HB材料→T3,HB,False
MAP-HB-97970,碳钢平焊法兰 PN1.6MPa DN32 片 -,碳钢平焊法兰 PN1.6MPa DN32 片 -,MAT-FITT-003,auto,,HB材料→T3,HB,False
MAP-HB-51832,碳钢平焊法兰 PN1.6MPa DN40 片 -,碳钢平焊法兰 PN1.6MPa DN40 片 -,MAT-FITT-003,auto,,HB材料→T3,HB,False
MAP-HB-38508,碳钢平焊法兰 PN1.6MPa DN80 片 -,碳钢平焊法兰 PN1.6MPa DN80 片 -,MAT-FITT-003,auto,,HB材料→T3,HB,False
MAP-HB-19799,碳钢平焊法兰 PN1.6MPa DN100 片 -,碳钢平焊法兰 PN1.6MPa DN100 片 -,MAT-FITT-003,auto,,HB材料→T3,HB,False
MAP-HB-41420,压制弯头 DN100 14.46 - - 2.000 kg,压制弯头 DN100 14.46 - - 2.000 kg,MAT-FITT-001,auto,,HB材料→T3,HB,False
MAP-HB-67601,无缝钢管 ϕ57×3.5 m,无缝钢管 ϕ57×3.5 m,MAT-TRN-002,auto,,HB材料→T3,HB,False
MAP-HB-59439,无缝钢管 ϕ76×4 m,无缝钢管 ϕ76×4 m,MAT-TRN-002,auto,,HB材料→T3,HB,False
MAP-HB-22315,无缝钢管 ϕ89×4 m,无缝钢管 ϕ89×4 m,MAT-TRN-002,auto,,HB材料→T3,HB,False
MAP-HB-00742,无缝钢管 ϕ108×4.5 m,无缝钢管 ϕ108×4.5 m,MAT-TRN-002,auto,,HB材料→T3,HB,False
MAP-HB-71829,无缝钢管 ϕ133×4 m 58.42 - - - - 3.360,无缝钢管 ϕ133×4 m 58.42 - - - - 3.360,MAT-TRN-002,auto,,HB材料→T3,HB,False
MAP-HB-77020,压制弯头 DN125 个,压制弯头 DN125 个,MAT-FITT-001,auto,,HB材料→T3,HB,False
MAP-HB-42129,螺纹闸阀 DN20 个,螺纹闸阀 DN20 个,MAT-VALV-001,auto,,HB材料→T3,HB,False
MAP-HB-49113,黑玛钢管箍 DN15 个 0.60 2.020 2.020 2.020 2.020 2.020 kg,黑玛钢管箍 DN15 个 0.60 2.020 2.020 2.020 2.020 2.020 kg,MAT-TRN-002,auto,,HB材料→T3,HB,False
MAP-HB-52383,无缝钢管 ϕ159×4.5 m,无缝钢管 ϕ159×4.5 m,MAT-TRN-002,auto,,HB材料→T3,HB,False
MAP-HB-99859,无缝钢管 ϕ219×6 m,无缝钢管 ϕ219×6 m,MAT-TRN-002,auto,,HB材料→T3,HB,False
MAP-HB-09930,压制弯头 DN150 个,压制弯头 DN150 个,MAT-FITT-001,auto,,HB材料→T3,HB,False
MAP-HB-37306,压制弯头 DN250 个,压制弯头 DN250 个,MAT-FITT-001,auto,,HB材料→T3,HB,False
MAP-HB-68022,压制弯头 DN300 个,压制弯头 DN300 个,MAT-FITT-001,auto,,HB材料→T3,HB,False
MAP-HB-71322,螺纹闸阀 DN25 个,螺纹闸阀 DN25 个,MAT-VALV-001,auto,,HB材料→T3,HB,False
MAP-HB-75429,黑玛钢管箍 DN15 个 0.60 2.020 2.020 2.020 2.020 kg,黑玛钢管箍 DN15 个 0.60 2.020 2.020 2.020 2.020 kg,MAT-TRN-002,auto,,HB材料→T3,HB,False
MAP-HB-98026,压力表弯管 DN15 个 14.44 2.069 2.069 2.069 2.069 % -,压力表弯管 DN15 个 14.44 2.069 2.069 2.069 2.069 % -,MAT-ELEC-005,auto,,HB材料→T3,HB,False
MAP-HB-52798,无缝钢管 ϕ377×10 m 382.87 4.950 - - m,无缝钢管 ϕ377×10 m 382.87 4.950 - - m,MAT-TRN-002,auto,,HB材料→T3,HB,False
MAP-HB-95782,无缝钢管 ϕ480×10 m,无缝钢管 ϕ480×10 m,MAT-TRN-002,auto,,HB材料→T3,HB,False
MAP-HB-37508,压制弯头 DN350 个,压制弯头 DN350 个,MAT-FITT-001,auto,,HB材料→T3,HB,False
MAP-HB-41419,压制弯头 DN400 个,压制弯头 DN400 个,MAT-FITT-001,auto,,HB材料→T3,HB,False
MAP-HB-90577,压制弯头 DN450 个 567.27 - - 2.000,压制弯头 DN450 个 567.27 - - 2.000,MAT-FITT-001,auto,,HB材料→T3,HB,False
MAP-HB-91685,弹簧压力表 Y-100 0 ~ 1.6MPa 块 61.17 2.069 2.069 2.069,弹簧压力表 Y-100 0 ~ 1.6MPa 块 61.17 2.069 2.069 2.069,MAT-ELEC-005,auto,,HB材料→T3,HB,False
MAP-HB-18422,螺纹水表 个 ( 元) -,螺纹水表 个 ( 元) -,MAT-UTL-001,auto,,HB材料→T3,HB,False
MAP-HB-42249,黑玛钢管箍 DN20 个,黑玛钢管箍 DN20 个,MAT-TRN-002,auto,,HB材料→T3,HB,False
MAP-HB-78868,黑玛钢管箍 DN32,黑玛钢管箍 DN32,MAT-TRN-002,auto,,HB材料→T3,HB,False
MAP-HB-71488,黑玛钢管箍 DN40 个,黑玛钢管箍 DN40 个,MAT-TRN-002,auto,,HB材料→T3,HB,False
MAP-HB-91815,螺纹 IC 卡水表 个 -,螺纹 IC 卡水表 个 -,MAT-UTL-001,auto,,HB材料→T3,HB,False
MAP-HB-69766,螺纹闸阀 个 -,螺纹闸阀 个 -,MAT-VALV-001,auto,,HB材料→T3,HB,False
MAP-HB-24659,螺纹止回阀 个 -,螺纹止回阀 个 -,MAT-VALV-004,auto,,HB材料→T3,HB,False
MAP-HB-80700,法兰水表 个 -,法兰水表 个 -,MAT-UTL-001,auto,,HB材料→T3,HB,False
MAP-HB-86323,法兰闸阀 个 - (2.000) (2.000) (2.000) (2.000) -,法兰闸阀 个 - (2.000) (2.000) (2.000) (2.000) -,MAT-FITT-003,auto,,HB材料→T3,HB,False
MAP-HB-86324,法兰挠性接头 个 -,法兰挠性接头 个 -,MAT-FITT-003,auto,,HB材料→T3,HB,False
MAP-HB-96288,碳钢平焊法兰 片 - (2.000) (2.000) (2.000) (2.000) kg,碳钢平焊法兰 片 - (2.000) (2.000) (2.000) (2.000) kg,MAT-FITT-003,auto,,HB材料→T3,HB,False
MAP-HB-39938,弹簧压力表 Y-100 0 ~ 1.6MPa 块 61.17 0.048 0.048 0.057 0.057 % -,弹簧压力表 Y-100 0 ~ 1.6MPa 块 61.17 0.048 0.048 0.057 0.057 % -,MAT-ELEC-005,auto,,HB材料→T3,HB,False
MAP-HB-14589,法兰水表 个 ( 元) -,法兰水表 个 ( 元) -,MAT-UTL-001,auto,,HB材料→T3,HB,False
MAP-HB-34432,法兰闸阀 个 -,法兰闸阀 个 -,MAT-FITT-003,auto,,HB材料→T3,HB,False
MAP-HB-69733,法兰止回阀 个 -,法兰止回阀 个 -,MAT-FITT-003,auto,,HB材料→T3,HB,False
MAP-HB-30052,无缝钢管 ϕ22×2 m 4.32 0.029 0.029 0.029 kg,无缝钢管 ϕ22×2 m 4.32 0.029 0.029 0.029 kg,MAT-TRN-002,auto,,HB材料→T3,HB,False
MAP-HB-71976,弹簧压力表 Y-100 0 ~ 1.6MPa 块 61.17 0.057 0.057 0.057 % -,弹簧压力表 Y-100 0 ~ 1.6MPa 块 61.17 0.057 0.057 0.057 % -,MAT-ELEC-005,auto,,HB材料→T3,HB,False
MAP-HB-45192,法兰闸阀 个 - (4.000) (4.000) (4.000) (4.000) -,法兰闸阀 个 - (4.000) (4.000) (4.000) (4.000) -,MAT-FITT-003,auto,,HB材料→T3,HB,False
MAP-HB-97134,清油 C01-1 kg 21.60 0.060 0.120 0.160 0.180 kg 12.34 0.582 0.603 0.843 0.862 水 m3,清油 C01-1 kg 21.60 0.060 0.120 0.160 0.180 kg 12.34 0.582 0.603 0.843 0.862 水 m3,MAT-UTL-001,auto,,HB材料→T3,HB,False
MAP-HB-36879,无缝钢管 ϕ273×7 m,无缝钢管 ϕ273×7 m,MAT-TRN-002,auto,,HB材料→T3,HB,False
MAP-HB-73440,无缝钢管 ϕ325×8 m,无缝钢管 ϕ325×8 m,MAT-TRN-002,auto,,HB材料→T3,HB,False
MAP-HB-65935,压制弯头 DN200,压制弯头 DN200,MAT-FITT-001,auto,,HB材料→T3,HB,False
MAP-HB-94733,弹簧压力表 Y-100 0 ~ 1.6MPa 块 61.17 0.114 0.114 0.114 % -,弹簧压力表 Y-100 0 ~ 1.6MPa 块 61.17 0.114 0.114 0.114 % -,MAT-ELEC-005,auto,,HB材料→T3,HB,False
MAP-HB-47639,过滤器 个 -,过滤器 个 -,MAT-AUXI-016,auto,,HB材料→T3,HB,False
MAP-HB-03427,螺纹截止阀 DN15 个 -,螺纹截止阀 DN15 个 -,MAT-VALV-003,auto,,HB材料→T3,HB,False
MAP-HB-51794,螺纹截止阀 J11T-16 DN25 -,螺纹截止阀 J11T-16 DN25 -,MAT-VALV-003,auto,,HB材料→T3,HB,False
MAP-HB-52980,压力表 带表弯 0 ~ 2.5MPa DN50 套,压力表 带表弯 0 ~ 2.5MPa DN50 套,MAT-ELEC-005,auto,,HB材料→T3,HB,False
MAP-HB-97516,温度计 0 ~ 120℃,温度计 0 ~ 120℃,MAT-ELEC-005,auto,,HB材料→T3,HB,False
MAP-HB-77179,法兰热量表 套 -,法兰热量表 套 -,MAT-FITT-003,auto,,HB材料→T3,HB,False
MAP-HB-34240,法兰截止阀 J41H-6 DN25 个 -,法兰截止阀 J41H-6 DN25 个 -,MAT-FITT-003,auto,,HB材料→T3,HB,False
MAP-HB-44944,碳钢平焊法兰 PN1.6MPa DN50 片 -,碳钢平焊法兰 PN1.6MPa DN50 片 -,MAT-FITT-003,auto,,HB材料→T3,HB,False
MAP-HB-25057,碳钢平焊法兰 PN1.6MPa DN65 片 -,碳钢平焊法兰 PN1.6MPa DN65 片 -,MAT-FITT-003,auto,,HB材料→T3,HB,False
MAP-HB-70862,Y 型过滤器 个 - (1.000) (1.000) (1.000) (1.000) (1.000),Y 型过滤器 个 - (1.000) (1.000) (1.000) (1.000) (1.000),MAT-AUXI-016,auto,,HB材料→T3,HB,False
MAP-HB-62202,整体式电磁热量表 螺纹法兰连接 套 -,整体式电磁热量表 螺纹法兰连接 套 -,MAT-FITT-003,auto,,HB材料→T3,HB,False
MAP-HB-30574,测温球阀 个 -,测温球阀 个 -,MAT-VALV-005,auto,,HB材料→T3,HB,False
MAP-HB-35001,整体式电磁热量表 法兰连接 套 -,整体式电磁热量表 法兰连接 套 -,MAT-FITT-003,auto,,HB材料→T3,HB,False
MAP-HB-58866,温度计套管 个 -,温度计套管 个 -,MAT-ELEC-005,auto,,HB材料→T3,HB,False
MAP-HB-16546,Y 型过滤器 个 -,Y 型过滤器 个 -,MAT-AUXI-016,auto,,HB材料→T3,HB,False
MAP-HB-13205,Y 型过滤器 -,Y 型过滤器 -,MAT-AUXI-016,auto,,HB材料→T3,HB,False
MAP-HB-48022,螺纹水表 个 -,螺纹水表 个 -,MAT-UTL-001,auto,,HB材料→T3,HB,False
MAP-HB-17857,法兰挠性接头 个 - (1.000) (1.000) (1.000) (1.000) (1.000) -,法兰挠性接头 个 - (1.000) (1.000) (1.000) (1.000) (1.000) -,MAT-FITT-003,auto,,HB材料→T3,HB,False
MAP-HB-43970,碳钢平焊法兰 PN1.6MPa DN80 片 - - - (2.000) - - -,碳钢平焊法兰 PN1.6MPa DN80 片 - - - (2.000) - - -,MAT-FITT-003,auto,,HB材料→T3,HB,False
MAP-HB-40838,碳钢平焊法兰 PN1.6MPa DN150 片 -,碳钢平焊法兰 PN1.6MPa DN150 片 -,MAT-FITT-003,auto,,HB材料→T3,HB,False
MAP-HB-37542,碳钢平焊法兰 PN1.6MPa DN200 片 - (2.000) - - - - -,碳钢平焊法兰 PN1.6MPa DN200 片 - (2.000) - - - - -,MAT-FITT-003,auto,,HB材料→T3,HB,False
MAP-HB-12369,碳钢平焊法兰 PN1.6MPa DN300 片 -,碳钢平焊法兰 PN1.6MPa DN300 片 -,MAT-FITT-003,auto,,HB材料→T3,HB,False
MAP-HB-40655,碳钢平焊法兰 PN1.6MPa DN350 片 - - - - (2.000) - -,碳钢平焊法兰 PN1.6MPa DN350 片 - - - - (2.000) - -,MAT-FITT-003,auto,,HB材料→T3,HB,False
MAP-HB-06019,焊接钢管 DN100 m 38.00 - 0.300 - - - m,焊接钢管 DN100 m 38.00 - 0.300 - - - m,MAT-STE-007,auto,,HB材料→T3,HB,False
MAP-HB-58060,碳钢平焊法兰 PN1.6MPa DN80 -,碳钢平焊法兰 PN1.6MPa DN80 -,MAT-FITT-003,auto,,HB材料→T3,HB,False
MAP-HB-25268,Y 型过滤器 个 - (1.000) (1.000) (1.000) (1.000) (1.000) -,Y 型过滤器 个 - (1.000) (1.000) (1.000) (1.000) (1.000) -,MAT-AUXI-016,auto,,HB材料→T3,HB,False
MAP-HB-28830,碳钢平焊法兰 PN1.6MPa DN200 片 -,碳钢平焊法兰 PN1.6MPa DN200 片 -,MAT-FITT-003,auto,,HB材料→T3,HB,False
MAP-HB-02335,碳钢平焊法兰 PN1.6MPa DN250 片 -,碳钢平焊法兰 PN1.6MPa DN250 片 -,MAT-FITT-003,auto,,HB材料→T3,HB,False
MAP-HB-09362,碳钢平焊法兰 PN1.6MPa DN300 -,碳钢平焊法兰 PN1.6MPa DN300 -,MAT-FITT-003,auto,,HB材料→T3,HB,False
MAP-HB-19478,碳钢平焊法兰 PN1.6MPa DN350 片 -,碳钢平焊法兰 PN1.6MPa DN350 片 -,MAT-FITT-003,auto,,HB材料→T3,HB,False
MAP-HB-22412,碳钢平焊法兰 PN1.6MPa DN400 片 -,碳钢平焊法兰 PN1.6MPa DN400 片 -,MAT-FITT-003,auto,,HB材料→T3,HB,False
MAP-HB-13307,清油 C01-1 kg 21.60 0.120 0.140 0.180 0.200 0.220 水 m3 3.26 0.019 0.064 0.064 0.107 0.107 kg,清油 C01-1 kg 21.60 0.120 0.140 0.180 0.200 0.220 水 m3 3.26 0.019 0.064 0.064 0.107 0.107 kg,MAT-UTL-001,auto,,HB材料→T3,HB,False
MAP-HB-15081,压制弯头 个 -,压制弯头 个 -,MAT-FITT-001,auto,,HB材料→T3,HB,False
MAP-HB-41337,压制弯头 个 ( 元) -,压制弯头 个 ( 元) -,MAT-FITT-001,auto,,HB材料→T3,HB,False
MAP-HB-56272,方形补偿器 个 -,方形补偿器 个 -,MAT-FITT-005,auto,,HB材料→T3,HB,False
MAP-HB-63215,焊接式补偿器 个 -,焊接式补偿器 个 -,MAT-FITT-005,auto,,HB材料→T3,HB,False
MAP-HB-50482,法兰套筒补偿器 采 额 个 -,法兰套筒补偿器 采 额 个 -,MAT-FITT-003,auto,,HB材料→T3,HB,False
MAP-HB-93499,法兰式补偿器 个 给 程消 ( 元) -,法兰式补偿器 个 给 程消 ( 元) -,MAT-FITT-003,auto,,HB材料→T3,HB,False
MAP-HB-71455,法兰波纹补偿器 个 - (1.000) (1.000) (1.000) 暖 及 片 -,法兰波纹补偿器 个 - (1.000) (1.000) (1.000) 暖 及 片 -,MAT-FITT-003,auto,,HB材料→T3,HB,False
MAP-HB-45515,软管 根 -,软管 根 -,MAT-PLUM-007,auto,,HB材料→T3,HB,False
MAP-HB-93356,软管夹 个,软管夹 个,MAT-PLUM-007,auto,,HB材料→T3,HB,False
MAP-HB-97839,塑料排水管消声器 个 -,塑料排水管消声器 个 -,MAT-UTL-001,auto,,HB材料→T3,HB,False
MAP-HB-76873,角钢 60 kg 3.74 0.800,角钢 60 kg 3.74 0.800,MAT-STE-005,auto,,HB材料→T3,HB,False
MAP-HB-98335,有机玻璃管 m,有机玻璃管 m,MAT-AUX-009,auto,,HB材料→T3,HB,False
MAP-HB-88673,浴盆混合水嘴带喷头 套 -,浴盆混合水嘴带喷头 套 -,MAT-UTL-001,auto,,HB材料→T3,HB,False
MAP-HB-21873,净身盆水嘴和排水附件 套 -,净身盆水嘴和排水附件 套 -,MAT-UTL-001,auto,,HB材料→T3,HB,False
MAP-HB-72420,洗脸盆 个 -,洗脸盆 个 -,MAT-PLUM-001,auto,,HB材料→T3,HB,False
MAP-HB-98764,洗脸盆排水附件 套 -,洗脸盆排水附件 套 -,MAT-UTL-001,auto,,HB材料→T3,HB,False
MAP-HB-58389,立式水嘴 DN15 个 -,立式水嘴 DN15 个 -,MAT-UTL-001,auto,,HB材料→T3,HB,False
MAP-HB-24379,混合冷热水龙头 个 -,混合冷热水龙头 个 -,MAT-UTL-001,auto,,HB材料→T3,HB,False
MAP-HB-96345,红外感应龙头及配件 15 套 -,红外感应龙头及配件 15 套 -,MAT-PLUM-006,auto,,HB材料→T3,HB,False
MAP-HB-23285,脚踏式开关阀门 套 -,脚踏式开关阀门 套 -,MAT-LIGH-003,auto,,HB材料→T3,HB,False
MAP-HB-25341,洗发盆水嘴和排水附件 套 -,洗发盆水嘴和排水附件 套 -,MAT-UTL-001,auto,,HB材料→T3,HB,False
MAP-HB-99273,洗脸盆托架 副 -,洗脸盆托架 副 -,MAT-PLUM-001,auto,,HB材料→T3,HB,False
MAP-HB-75617,立式肘开关水嘴 DN15 -,立式肘开关水嘴 DN15 -,MAT-UTL-001,auto,,HB材料→T3,HB,False
MAP-HB-92029,洗手喷头 带弯管 套 -,洗手喷头 带弯管 套 -,MAT-FIRE-002,auto,,HB材料→T3,HB,False
MAP-HB-25612,单联化验铜水嘴 DN15 套 -,单联化验铜水嘴 DN15 套 -,MAT-UTL-001,auto,,HB材料→T3,HB,False
MAP-HB-82955,二联化验铜水嘴 DN15 套 -,二联化验铜水嘴 DN15 套 -,MAT-UTL-001,auto,,HB材料→T3,HB,False
MAP-HB-78624,三联化验铜水嘴 DN15 套 -,三联化验铜水嘴 DN15 套 -,MAT-UTL-001,auto,,HB材料→T3,HB,False
MAP-HB-15122,鹅颈水嘴 个 -,鹅颈水嘴 个 -,MAT-UTL-001,auto,,HB材料→T3,HB,False
MAP-HB-73038,瓷蹲式大便器高水箱及配件 套 -,瓷蹲式大便器高水箱及配件 套 -,MAT-UTL-001,auto,,HB材料→T3,HB,False
MAP-HB-84061,冲洗管 DN32 根 -,冲洗管 DN32 根 -,MAT-SVC-003,auto,,HB材料→T3,HB,False
MAP-HB-01504,大便器存水弯 DN100 个 -,大便器存水弯 DN100 个 -,MAT-UTL-001,auto,,HB材料→T3,HB,False
MAP-HB-72313,石灰膏 m3,石灰膏 m3,MAT-AUX-001,auto,,HB材料→T3,HB,False
MAP-HB-09843,连体坐便器 个 -,连体坐便器 个 -,MAT-PLUM-002,auto,,HB材料→T3,HB,False
MAP-HB-15327,落地式坐便器 个 -,落地式坐便器 个 -,MAT-PLUM-002,auto,,HB材料→T3,HB,False
MAP-HB-05523,自闭式冲洗阀 DN25 个 -,自闭式冲洗阀 DN25 个 -,MAT-SVC-003,auto,,HB材料→T3,HB,False
MAP-HB-81644,冲水连接管 含防污器 DN32 -,冲水连接管 含防污器 DN32 -,MAT-UTL-001,auto,,HB材料→T3,HB,False
MAP-HB-22589,座便器桶盖 套 -,座便器桶盖 套 -,MAT-PLUM-002,auto,,HB材料→T3,HB,False
MAP-HB-51810,大便器排水接头 个,大便器排水接头 个,MAT-UTL-001,auto,,HB材料→T3,HB,False
MAP-HB-94707,挂式小便器 个 -,挂式小便器 个 -,MAT-PLUM-003,auto,,HB材料→T3,HB,False
MAP-HB-54002,小便器冲水连接管 DN15 根 -,小便器冲水连接管 DN15 根 -,MAT-UTL-001,auto,,HB材料→T3,HB,False
MAP-HB-87902,角式长柄截止阀 DN15 个 - (10.100) - - -,角式长柄截止阀 DN15 个 - (10.100) - - -,MAT-VALV-003,auto,,HB材料→T3,HB,False
MAP-HB-39045,立式小便器 个 采 额 ( 元) -,立式小便器 个 采 额 ( 元) -,MAT-PLUM-003,auto,,HB材料→T3,HB,False
MAP-HB-55613,排水栓 DN50 套 -,排水栓 DN50 套 -,MAT-UTL-001,auto,,HB材料→T3,HB,False
MAP-HB-08560,排水接头 DN50 个,排水接头 DN50 个,MAT-UTL-001,auto,,HB材料→T3,HB,False
MAP-HB-11574,长颈水嘴 DN15 个 -,长颈水嘴 DN15 个 -,MAT-UTL-001,auto,,HB材料→T3,HB,False
MAP-HB-68757,聚四氟乙烯生料带 宽 20 m 0.35 20.000 56.000 料 水 m3,聚四氟乙烯生料带 宽 20 m 0.35 20.000 56.000 料 水 m3,MAT-UTL-001,auto,,HB材料→T3,HB,False
MAP-HB-50962,双管成品淋浴器 含固定件 套 -,双管成品淋浴器 含固定件 套 -,MAT-PLUM-004,auto,,HB材料→T3,HB,False
MAP-HB-97777,聚四氟乙烯生料带 宽 20 m 0.35 20.000 28.000 水 m3,聚四氟乙烯生料带 宽 20 m 0.35 20.000 28.000 水 m3,MAT-UTL-001,auto,,HB材料→T3,HB,False
MAP-HB-42172,存水弯 DN50 个 -,存水弯 DN50 个 -,MAT-UTL-001,auto,,HB材料→T3,HB,False
MAP-HB-06208,塑料弯头 45°DN50 个 -,塑料弯头 45°DN50 个 -,MAT-FITT-001,auto,,HB材料→T3,HB,False
MAP-HB-78245,塑料弯头 45°DN63 个 -,塑料弯头 45°DN63 个 -,MAT-FITT-001,auto,,HB材料→T3,HB,False
MAP-HB-07524,塑料管卡子 40 个,塑料管卡子 40 个,MAT-FITT-004,auto,,HB材料→T3,HB,False
MAP-HB-90759,塑料管卡子 50 个,塑料管卡子 50 个,MAT-FITT-004,auto,,HB材料→T3,HB,False
MAP-HB-03933,黏接剂 kg 24.12 0.070 0.090 0.090 水 m3,黏接剂 kg 24.12 0.070 0.090 0.090 水 m3,MAT-UTL-001,auto,,HB材料→T3,HB,False
MAP-HB-78650,聚四氟乙烯生料带 宽 20 m 0.35 13.000 14.300 14.300 水 m3,聚四氟乙烯生料带 宽 20 m 0.35 13.000 14.300 14.300 水 m3,MAT-UTL-001,auto,,HB材料→T3,HB,False
MAP-HB-68248,排水栓带链堵 套 给 程消 ( 元) -,排水栓带链堵 套 给 程消 ( 元) -,MAT-UTL-001,auto,,HB材料→T3,HB,False
MAP-HB-33973,塑料存水弯 DN40 个,塑料存水弯 DN40 个,MAT-UTL-001,auto,,HB材料→T3,HB,False
MAP-HB-54135,塑料存水弯 S 型 DN50 个,塑料存水弯 S 型 DN50 个,MAT-UTL-001,auto,,HB材料→T3,HB,False
MAP-HB-96204,塑料存水弯 S 型 DN63 个,塑料存水弯 S 型 DN63 个,MAT-UTL-001,auto,,HB材料→T3,HB,False
MAP-HB-02155,承插塑料排水管 ϕ40 m,承插塑料排水管 ϕ40 m,MAT-UTL-001,auto,,HB材料→T3,HB,False
MAP-HB-93154,承插塑料排水管 ϕ63 m,承插塑料排水管 ϕ63 m,MAT-UTL-001,auto,,HB材料→T3,HB,False
MAP-HB-23934,地漏 个 -,地漏 个 -,MAT-PLUM-005,auto,,HB材料→T3,HB,False
MAP-HB-70219,铸铁雨水斗 套 -,铸铁雨水斗 套 -,MAT-UTL-001,auto,,HB材料→T3,HB,False
MAP-HB-12171,虹吸式雨水斗 套 -,虹吸式雨水斗 套 -,MAT-UTL-001,auto,,HB材料→T3,HB,False
MAP-HB-46261,镀锌管箍 DN25,镀锌管箍 DN25,MAT-PIPE-002,auto,,HB材料→T3,HB,False
MAP-HB-81346,蒸汽式水加热器 套 ( 元) 20 省 -,蒸汽式水加热器 套 ( 元) 20 省 -,MAT-UTL-001,auto,,HB材料→T3,HB,False
MAP-HB-07551,大型冷热水混合器 个 -,大型冷热水混合器 个 -,MAT-UTL-001,auto,,HB材料→T3,HB,False
MAP-HB-09814,普通钢板 δ1.6mm ~ 1.9mm kg,普通钢板 δ1.6mm ~ 1.9mm kg,MAT-STE-006,auto,,HB材料→T3,HB,False
MAP-HB-21093,成组铸铁散热器 不带足 组 ( 元) -,成组铸铁散热器 不带足 组 ( 元) -,MAT-HEAT-001,auto,,HB材料→T3,HB,False
MAP-HB-51058,成组铸铁散热器 带足 组 24 通 ( 元) -,成组铸铁散热器 带足 组 24 通 ( 元) -,MAT-HEAT-001,auto,,HB材料→T3,HB,False
MAP-HB-91269,铸铁散热器片 片 -,铸铁散热器片 片 -,MAT-HEAT-001,auto,,HB材料→T3,HB,False
MAP-HB-69566,散热器对丝 个 3.18 19.000 19.000,散热器对丝 个 3.18 19.000 19.000,MAT-HEAT-001,auto,,HB材料→T3,HB,False
MAP-HB-84448,钢制散热器 板式 组 -,钢制散热器 板式 组 -,MAT-HEAT-001,auto,,HB材料→T3,HB,False
MAP-HB-48718,钢制散热器 闭式 片 -,钢制散热器 闭式 片 -,MAT-HEAT-001,auto,,HB材料→T3,HB,False
MAP-HB-10038,散热器托架 D 型,散热器托架 D 型,MAT-HEAT-001,auto,,HB材料→T3,HB,False
MAP-HB-34967,翅片管散热器 组 -,翅片管散热器 组 -,MAT-HEAT-001,auto,,HB材料→T3,HB,False
MAP-HB-67756,金属复合散热器 组 -,金属复合散热器 组 -,MAT-HEAT-001,auto,,HB材料→T3,HB,False
MAP-HB-54877,艺术造型散热器 组 -,艺术造型散热器 组 -,MAT-HEAT-001,auto,,HB材料→T3,HB,False
MAP-HB-63296,无缝钢管 ϕ57×3.5 m -,无缝钢管 ϕ57×3.5 m -,MAT-TRN-002,auto,,HB材料→T3,HB,False
MAP-HB-59894,无缝钢管 ϕ76×3.5 m -,无缝钢管 ϕ76×3.5 m -,MAT-TRN-002,auto,,HB材料→T3,HB,False
MAP-HB-08169,无缝钢管 ϕ89×3.5 m -,无缝钢管 ϕ89×3.5 m -,MAT-TRN-002,auto,,HB材料→T3,HB,False
MAP-HB-01895,无缝钢管 ϕ108×4 m -,无缝钢管 ϕ108×4 m -,MAT-TRN-002,auto,,HB材料→T3,HB,False
MAP-HB-11955,无缝钢管 ϕ133×4 m - - (1.753) - - (10.300) - m -,无缝钢管 ϕ133×4 m - - (1.753) - - (10.300) - m -,MAT-TRN-002,auto,,HB材料→T3,HB,False
MAP-HB-61773,无缝钢管 ϕ219×6 m -,无缝钢管 ϕ219×6 m -,MAT-TRN-002,auto,,HB材料→T3,HB,False
MAP-HB-06952,无缝钢管 ϕ273×7 m -,无缝钢管 ϕ273×7 m -,MAT-TRN-002,auto,,HB材料→T3,HB,False
MAP-HB-01058,光排管散热器 组 -,光排管散热器 组 -,MAT-HEAT-001,auto,,HB材料→T3,HB,False
MAP-HB-55245,光排管散热器 组 - (1.000) (1.000) (1.000) (1.000) (1.000) (1.000),光排管散热器 组 - (1.000) (1.000) (1.000) (1.000) (1.000) (1.000),MAT-HEAT-001,auto,,HB材料→T3,HB,False
MAP-HB-16256,暖风机 台 -,暖风机 台 -,MAT-HVAC-001,auto,,HB材料→T3,HB,False
MAP-HB-83238,预制沟槽保温板 m2 -,预制沟槽保温板 m2 -,MAT-INS-006,auto,,HB材料→T3,HB,False
MAP-HB-37625,聚苯乙烯泡沫板 δ20 m2 -,聚苯乙烯泡沫板 δ20 m2 -,MAT-INS-002,auto,,HB材料→T3,HB,False
MAP-HB-41335,聚苯乙烯泡沫板 δ30 m2 -,聚苯乙烯泡沫板 δ30 m2 -,MAT-INS-002,auto,,HB材料→T3,HB,False
MAP-HB-32133,塑料卡钉 ϕ25 个 0.47 - - - 25.250 水 m3,塑料卡钉 ϕ25 个 0.47 - - - 25.250 水 m3,MAT-UTL-001,auto,,HB材料→T3,HB,False
MAP-HB-09891,分集水器 不带箱 组 20 省,分集水器 不带箱 组 20 省,MAT-UTL-001,auto,,HB材料→T3,HB,False
MAP-HB-68607,燃气开水炉 台 -,燃气开水炉 台 -,MAT-UTL-001,auto,,HB材料→T3,HB,False
MAP-HB-93873,燃气热水器 台 -,燃气热水器 台 -,MAT-UTL-001,auto,,HB材料→T3,HB,False
MAP-HB-04147,燃气流量计 台 -,燃气流量计 台 -,MAT-ELEC-005,auto,,HB材料→T3,HB,False
MAP-HB-99195,燃气流量计 台 给 程消 ( 元) -,燃气流量计 台 给 程消 ( 元) -,MAT-ELEC-005,auto,,HB材料→T3,HB,False
MAP-HB-98942,流量计控制器 个 -,流量计控制器 个 -,MAT-ELEC-005,auto,,HB材料→T3,HB,False
MAP-HB-29277,流量计控制器 个 给 程消 ( 元) -,流量计控制器 个 给 程消 ( 元) -,MAT-ELEC-005,auto,,HB材料→T3,HB,False
MAP-HB-81672,钢制凝水器 个 -,钢制凝水器 个 -,MAT-UTL-001,auto,,HB材料→T3,HB,False
MAP-HB-51632,钢制凝水器 个 - (1.000) (1.000) (1.000) (1.000) -,钢制凝水器 个 - (1.000) (1.000) (1.000) (1.000) -,MAT-UTL-001,auto,,HB材料→T3,HB,False
MAP-HB-19351,镀锌管箍 DN20 暖 及 个,镀锌管箍 DN20 暖 及 个,MAT-PIPE-002,auto,,HB材料→T3,HB,False
MAP-HB-42500,碳钢凝水缸 个 -,碳钢凝水缸 个 -,MAT-UTL-001,auto,,HB材料→T3,HB,False
MAP-HB-83446,标准砖 240×115×53 千块,标准砖 240×115×53 千块,MAT-BRI-001,auto,,HB材料→T3,HB,False
MAP-HB-47600,镀锌钢管 DN50 m,镀锌钢管 DN50 m,MAT-TRN-002,auto,,HB材料→T3,HB,False
MAP-HB-76184,标准砖 240×115×53,标准砖 240×115×53,MAT-BRI-001,auto,,HB材料→T3,HB,False
MAP-HB-08413,焊接钢管 DN40 采 额 m,焊接钢管 DN40 采 额 m,MAT-STE-007,auto,,HB材料→T3,HB,False
MAP-HB-52450,镀锌管箍 DN25 个,镀锌管箍 DN25 个,MAT-PIPE-002,auto,,HB材料→T3,HB,False
MAP-HB-34478,钢制凝水器 个 - (1.000) (1.000) (1.000) (1.000),钢制凝水器 个 - (1.000) (1.000) (1.000) (1.000),MAT-UTL-001,auto,,HB材料→T3,HB,False
MAP-HB-89762,镀锌弯头 DN20 个 1.39 1.010 1.010 1.010 1.010,镀锌弯头 DN20 个 1.39 1.010 1.010 1.010 1.010,MAT-FITT-001,auto,,HB材料→T3,HB,False
MAP-HB-31050,碳钢凝水缸 个 ( 元) -,碳钢凝水缸 个 ( 元) -,MAT-UTL-001,auto,,HB材料→T3,HB,False
MAP-HB-08035,预拌混凝土 C20 m3 402.52 0.120 0.120 0.120 0.120 水 m3,预拌混凝土 C20 m3 402.52 0.120 0.120 0.120 0.120 水 m3,MAT-UTL-001,auto,,HB材料→T3,HB,False
MAP-HB-65181,铸铁凝水缸 个 -,铸铁凝水缸 个 -,MAT-UTL-001,auto,,HB材料→T3,HB,False
MAP-HB-75789,铸铁凝水器 个 -,铸铁凝水器 个 -,MAT-UTL-001,auto,,HB材料→T3,HB,False
MAP-HB-03528,标准砖 240×115×53 千块 390.00 0.610 0.610 暖 及 m,标准砖 240×115×53 千块 390.00 0.610 0.610 暖 及 m,MAT-BRI-001,auto,,HB材料→T3,HB,False
MAP-HB-07762,镀锌钢管 DN50 kg,镀锌钢管 DN50 kg,MAT-TRN-002,auto,,HB材料→T3,HB,False
MAP-HB-40537,塑料凝水器 个 -,塑料凝水器 个 -,MAT-UTL-001,auto,,HB材料→T3,HB,False
MAP-HB-54151,碳钢法兰 0.6MPa DN100,碳钢法兰 0.6MPa DN100,MAT-FITT-003,auto,,HB材料→T3,HB,False
MAP-HB-94456,碳钢法兰 0.6MPa DN150,碳钢法兰 0.6MPa DN150,MAT-FITT-003,auto,,HB材料→T3,HB,False
MAP-HB-31491,碳钢法兰 0.6MPa DN200,碳钢法兰 0.6MPa DN200,MAT-FITT-003,auto,,HB材料→T3,HB,False
MAP-HB-72730,碳钢法兰 0.6MPa DN300,碳钢法兰 0.6MPa DN300,MAT-FITT-003,auto,,HB材料→T3,HB,False
MAP-HB-25416,聚酯乙烯泡沫塑料板 kg,聚酯乙烯泡沫塑料板 kg,MAT-BRD-006,auto,,HB材料→T3,HB,False
MAP-HB-19362,道木 250×200×2500 287.60 0.049 0.052 0.056 0.061 0.065 0.075 水 m3,道木 250×200×2500 287.60 0.049 0.052 0.056 0.061 0.065 0.075 水 m3,MAT-UTL-001,auto,,HB材料→T3,HB,False
MAP-HB-02944,塑料管热熔 90 度弯头 DN32 个 -,塑料管热熔 90 度弯头 DN32 个 -,MAT-FITT-001,auto,,HB材料→T3,HB,False
MAP-HB-82100,塑料管热熔 U 型弯头 DN32 -,塑料管热熔 U 型弯头 DN32 -,MAT-FITT-001,auto,,HB材料→T3,HB,False
MAP-HB-89767,塑料管卡子 32 0.23 2.100 - 20 省 水 m3,塑料管卡子 32 0.23 2.100 - 20 省 水 m3,MAT-UTL-001,auto,,HB材料→T3,HB,False
MAP-HB-53794,热轧厚钢板 δ8.0 ~ 15 kg 3.66 0.044 0.047 0.049 0.110 kW·h,热轧厚钢板 δ8.0 ~ 15 kg 3.66 0.044 0.047 0.049 0.110 kW·h,MAT-STE-006,auto,,HB材料→T3,HB,False
MAP-HB-98889,塑料集分水器 个 -,塑料集分水器 个 -,MAT-UTL-001,auto,,HB材料→T3,HB,False
MAP-HB-18145,热轧薄钢板 δ3.5 kg,热轧薄钢板 δ3.5 kg,MAT-STE-006,auto,,HB材料→T3,HB,False
MAP-HB-73487,蒸汽间断式开水炉 台 -,蒸汽间断式开水炉 台 -,MAT-UTL-001,auto,,HB材料→T3,HB,False
MAP-HB-53725,聚四氟乙烯生料带 宽 20 m 0.35 0.757 0.757 0.757 水 m3,聚四氟乙烯生料带 宽 20 m 0.35 0.757 0.757 0.757 水 m3,MAT-UTL-001,auto,,HB材料→T3,HB,False
MAP-HB-17083,镀锌管箍 DN15 个,镀锌管箍 DN15 个,MAT-PIPE-002,auto,,HB材料→T3,HB,False
MAP-HB-00433,聚四氟乙烯生料带 宽 20 m 0.35 0.565 0.565 0.942 0.942 0.942 1.507 料 水 m3,聚四氟乙烯生料带 宽 20 m 0.35 0.565 0.565 0.942 0.942 0.942 1.507 料 水 m3,MAT-UTL-001,auto,,HB材料→T3,HB,False
MAP-HB-27519,聚四氟乙烯生料带 宽 20 m 0.35 0.565 水 m3,聚四氟乙烯生料带 宽 20 m 0.35 0.565 水 m3,MAT-UTL-001,auto,,HB材料→T3,HB,False
MAP-HB-79967,容器式水加热器 台 给 程消 ( 元) -,容器式水加热器 台 给 程消 ( 元) -,MAT-UTL-001,auto,,HB材料→T3,HB,False
MAP-HB-17398,整体水箱 个 ( 元) -,整体水箱 个 ( 元) -,MAT-UTL-001,auto,,HB材料→T3,HB,False
MAP-HB-42242,木材 一级红松 m3,木材 一级红松 m3,MAT-WOO-001,auto,,HB材料→T3,HB,False
MAP-HB-04181,热轧薄钢板 δ2.6 ~ 3.2 采 额 kg,热轧薄钢板 δ2.6 ~ 3.2 采 额 kg,MAT-STE-006,auto,,HB材料→T3,HB,False
MAP-HB-59371,热轧薄钢板 δ2.6 ~ 3.2 kg 4.11 2.000 4.000 6.000 kg 5.50 1.524 2.032 2.540 kg 5.50 0.500 0.750 1.000 t,热轧薄钢板 δ2.6 ~ 3.2 kg 4.11 2.000 4.000 6.000 kg 5.50 1.524 2.032 2.540 kg 5.50 0.500 0.750 1.000 t,MAT-STE-006,auto,,HB材料→T3,HB,False
MAP-HB-17352,热轧薄钢板 δ2.6 ~ 3.2 kg 4.11 0.400 0.580 0.800 1.300 暖 及 kg 5.50 2.572 2.820 3.170 3.870 kg 5.50 1.742 1.940 2.620 3.142 m3 1920.00 0.010 0.010 0.010 0.020 kg,热轧薄钢板 δ2.6 ~ 3.2 kg 4.11 0.400 0.580 0.800 1.300 暖 及 kg 5.50 2.572 2.820 3.170 3.870 kg 5.50 1.742 1.940 2.620 3.142 m3 1920.00 0.010 0.010 0.010 0.020 kg,MAT-STE-006,auto,,HB材料→T3,HB,False
MAP-HB-14392,热轧薄钢板 δ2.6 ~ 3.2 kg 4.11 1.000 2.000 暖 及 kg 5.50 2.032 3.048 kg 5.50 1.044 1.566 m3,热轧薄钢板 δ2.6 ~ 3.2 kg 4.11 1.000 2.000 暖 及 kg 5.50 2.032 3.048 kg 5.50 1.044 1.566 m3,MAT-STE-006,auto,,HB材料→T3,HB,False
MAP-HB-91091,热轧薄钢板 δ2.6 ~ 3.2 kg 4.11 0.200 暖 及 kg,热轧薄钢板 δ2.6 ~ 3.2 kg 4.11 0.200 暖 及 kg,MAT-STE-006,auto,,HB材料→T3,HB,False
MAP-HB-01183,淋浴器及配件 套 -,淋浴器及配件 套 -,MAT-PLUM-004,auto,,HB材料→T3,HB,False
MAP-HB-35813,抗震支架 副 -,抗震支架 副 -,MAT-AUXI-010,auto,,HB材料→T3,HB,False
MAP-HB-06226,焊接钢管 DN32 m -,焊接钢管 DN32 m -,MAT-STE-007,auto,,HB材料→T3,HB,False
MAP-HB-96414,焊接钢管 DN50 采 额 m -,焊接钢管 DN50 采 额 m -,MAT-STE-007,auto,,HB材料→T3,HB,False
MAP-HB-47501,焊接钢管 DN80 m - - - (0.318) -,焊接钢管 DN80 m - - - (0.318) -,MAT-STE-007,auto,,HB材料→T3,HB,False
MAP-HB-04044,焊接钢管 DN100 m - (0.318) m -,焊接钢管 DN100 m - (0.318) m -,MAT-STE-007,auto,,HB材料→T3,HB,False
MAP-HB-69236,焊接钢管 DN150 m -,焊接钢管 DN150 m -,MAT-STE-007,auto,,HB材料→T3,HB,False
MAP-HB-35243,无缝钢管 ϕ325×8 m -,无缝钢管 ϕ325×8 m -,MAT-TRN-002,auto,,HB材料→T3,HB,False
MAP-HB-33472,无缝钢管 ϕ377×10 m -,无缝钢管 ϕ377×10 m -,MAT-TRN-002,auto,,HB材料→T3,HB,False
MAP-HB-14396,无缝钢管 ϕ426×10 m -,无缝钢管 ϕ426×10 m -,MAT-TRN-002,auto,,HB材料→T3,HB,False
MAP-HB-66085,无缝钢管 ϕ480×10 m -,无缝钢管 ϕ480×10 m -,MAT-TRN-002,auto,,HB材料→T3,HB,False
MAP-HB-77520,柔性防水套管 个 -,柔性防水套管 个 -,MAT-UTL-001,auto,,HB材料→T3,HB,False
MAP-HB-83346,碳钢管 m - (10.300) (10.300) (10.300) (10.300) 暖 及 m3 3.90 0.069 0.096 0.120 0.252 kg,碳钢管 m - (10.300) (10.300) (10.300) (10.300) 暖 及 m3 3.90 0.069 0.096 0.120 0.252 kg,MAT-TRN-002,auto,,HB材料→T3,HB,False
MAP-HB-70615,碳钢管 采 额 m -,碳钢管 采 额 m -,MAT-TRN-002,auto,,HB材料→T3,HB,False
MAP-HB-45321,( 元) 20 省 材 水 m3 -,( 元) 20 省 材 水 m3 -,MAT-UTL-001,auto,,HB材料→T3,HB,False
MAP-HB-23965,复合硅酸盐水泥 32.5 级 t,复合硅酸盐水泥 32.5 级 t,MAT-UTL-001,auto,,HB材料→T3,HB,False
MAP-HB-86515,聚苯乙烯泡沫板 m3,聚苯乙烯泡沫板 m3,MAT-INS-002,auto,,HB材料→T3,HB,False
MAP-HB-74768,( 元) 20 省 材 水 m3,( 元) 20 省 材 水 m3,MAT-UTL-001,auto,,HB材料→T3,HB,False
MAP-HB-32712,焊接钢管 综合 kg,焊接钢管 综合 kg,MAT-STE-007,auto,,HB材料→T3,HB,False
MAP-HB-61134,木模板 m3,木模板 m3,MAT-TRN-001,auto,,HB材料→T3,HB,False
MAP-HB-78713,木模板 m3 1951.00 0.040 0.054 0.062 0.072 0.076 0.131 水 m3,木模板 m3 1951.00 0.040 0.054 0.062 0.072 0.076 0.131 水 m3,MAT-TRN-001,auto,,HB材料→T3,HB,False
MAP-HB-23273,木模板 m3 1951.00 0.156 0.178 0.202 0.224 0.254 水 m3,木模板 m3 1951.00 0.156 0.178 0.202 0.224 0.254 水 m3,MAT-TRN-001,auto,,HB材料→T3,HB,False
MAP-HB-60411,线缆水泥管 3 孔 根 -,线缆水泥管 3 孔 根 -,MAT-UTL-001,auto,,HB材料→T3,HB,False
MAP-HB-81226,线缆水泥管 4 孔 -,线缆水泥管 4 孔 -,MAT-UTL-001,auto,,HB材料→T3,HB,False
MAP-HB-10191,线缆水泥管 6 孔 -,线缆水泥管 6 孔 -,MAT-UTL-001,auto,,HB材料→T3,HB,False
MAP-HB-03408,线缆水泥管 6 孔 根 -,线缆水泥管 6 孔 根 -,MAT-UTL-001,auto,,HB材料→T3,HB,False
MAP-HB-95547,镀锌钢管 DN80~ 114 m -,镀锌钢管 DN80~ 114 m -,MAT-TRN-002,auto,,HB材料→T3,HB,False
MAP-HB-18122,扁钢 50×5 kg,扁钢 50×5 kg,MAT-STEL-004,auto,,HB材料→T3,HB,False
MAP-HB-64621,镀锌钢管 DN80 ~ 114 m -,镀锌钢管 DN80 ~ 114 m -,MAT-TRN-002,auto,,HB材料→T3,HB,False
MAP-HB-52975,积水罐 套 -,积水罐 套 -,MAT-UTL-001,auto,,HB材料→T3,HB,False
MAP-HB-59436,圆钢 ϕ10 kg,圆钢 ϕ10 kg,MAT-STE-002,auto,,HB材料→T3,HB,False
MAP-HB-96669,圆钢 ϕ12 kg,圆钢 ϕ12 kg,MAT-STE-002,auto,,HB材料→T3,HB,False
MAP-HB-03969,圆钢 ϕ14 kg,圆钢 ϕ14 kg,MAT-STE-002,auto,,HB材料→T3,HB,False
MAP-HB-67270,圆钢 ϕ6 kg,圆钢 ϕ6 kg,MAT-STE-002,auto,,HB材料→T3,HB,False
MAP-HB-91544,扁钢 50×8 kg 3.83 59.910 33.280 39.940 - - - 槽钢 8 # kg,扁钢 50×8 kg 3.83 59.910 33.280 39.940 - - - 槽钢 8 # kg,MAT-STE-004,auto,,HB材料→T3,HB,False
MAP-HB-51821,角钢 40×5 kg,角钢 40×5 kg,MAT-STE-005,auto,,HB材料→T3,HB,False
MAP-HB-42661,角钢 50×5 kg,角钢 50×5 kg,MAT-STE-005,auto,,HB材料→T3,HB,False
MAP-HB-21967,防水填加剂 kg,防水填加剂 kg,MAT-UTL-001,auto,,HB材料→T3,HB,False
MAP-HB-58799,聚氨脂漆 kg,聚氨脂漆 kg,MAT-EQP-014,auto,,HB材料→T3,HB,False
MAP-HB-37570,毛石 m3,毛石 m3,MAT-STO-001,auto,,HB材料→T3,HB,False
MAP-HB-75364,架空光缆 m -,架空光缆 m -,MAT-CABL-009,auto,,HB材料→T3,HB,False
MAP-HB-12796,光缆标志牌 个,光缆标志牌 个,MAT-CABL-009,auto,,HB材料→T3,HB,False
MAP-HB-02015,架空光缆 m - (1007.000) (1007.000) (1007.000) (1007.000) -,架空光缆 m - (1007.000) (1007.000) (1007.000) (1007.000) -,MAT-CABL-009,auto,,HB材料→T3,HB,False
MAP-HB-82043,蝶形光缆 m - (103.000) (103.000) m -,蝶形光缆 m - (103.000) (103.000) m -,MAT-CABL-009,auto,,HB材料→T3,HB,False
MAP-HB-04990,光缆托板 块 -,光缆托板 块 -,MAT-CABL-009,auto,,HB材料→T3,HB,False
MAP-HB-69237,光缆 m - (1010.000) (1010.000) (1010.000) (1010.000) (1010.000) -,光缆 m - (1010.000) (1010.000) (1010.000) (1010.000) (1010.000) -,MAT-CABL-009,auto,,HB材料→T3,HB,False
MAP-HB-06488,光缆 m - - - (6.060) - - m -,光缆 m - - - (6.060) - - m -,MAT-CABL-009,auto,,HB材料→T3,HB,False
MAP-HB-71611,蝶形光缆 m -,蝶形光缆 m -,MAT-CABL-009,auto,,HB材料→T3,HB,False
MAP-HB-07683,镀锌对缝钢管 ϕ50 ~ 100 m -,镀锌对缝钢管 ϕ50 ~ 100 m -,MAT-TRN-002,auto,,HB材料→T3,HB,False
MAP-HB-03432,镀锌无缝钢管 ϕ50 ~ 100 m -,镀锌无缝钢管 ϕ50 ~ 100 m -,MAT-TRN-002,auto,,HB材料→T3,HB,False
MAP-HB-02366,标准砖 240×115×53 0.39 - - - 8160.000 4080.000 - - -,标准砖 240×115×53 0.39 - - - 8160.000 4080.000 - - -,MAT-BRI-001,auto,,HB材料→T3,HB,False
MAP-HB-38964,石灰 t,石灰 t,MAT-AUX-001,auto,,HB材料→T3,HB,False
MAP-HB-32350,标准砖 240×115×53 块,标准砖 240×115×53 块,MAT-BRI-001,auto,,HB材料→T3,HB,False
MAP-HB-88058,角钢 63×5 m,角钢 63×5 m,MAT-STE-005,auto,,HB材料→T3,HB,False
MAP-HB-00132,镀锌钢管 kg -,镀锌钢管 kg -,MAT-TRN-002,auto,,HB材料→T3,HB,False
MAP-HB-34461,标准砖 240×115×53 块 0.39 - - - 501.000 -,标准砖 240×115×53 块 0.39 - - - 501.000 -,MAT-BRI-001,auto,,HB材料→T3,HB,False
MAP-HB-71491,( 元) 8 位模块式信息插座 单口 个 - (10.000) (10.000) - - - - 8 位模块式信息插座 双口 -,( 元) 8 位模块式信息插座 单口 个 - (10.000) (10.000) - - - - 8 位模块式信息插座 双口 -,MAT-LIGH-003,auto,,HB材料→T3,HB,False
MAP-HB-94056,光纤信息插座 双口 个 -,光纤信息插座 双口 个 -,MAT-CABL-009,auto,,HB材料→T3,HB,False
MAP-HB-52308,光纤信息插座 四口 个 -,光纤信息插座 四口 个 -,MAT-CABL-009,auto,,HB材料→T3,HB,False
MAP-HB-08404,光缆接头托架 套 -,光缆接头托架 套 -,MAT-CABL-009,auto,,HB材料→T3,HB,False
MAP-HB-49348,光缆接续器材 套 -,光缆接续器材 套 -,MAT-CABL-009,auto,,HB材料→T3,HB,False
MAP-HB-18578,光纤机械接续子 冷接子 个 - (1.010) - - - - -,光纤机械接续子 冷接子 个 - (1.010) - - - - -,MAT-CABL-009,auto,,HB材料→T3,HB,False
MAP-HB-47619,光缆成端接头材料 套 - - - - (1.010) - -,光缆成端接头材料 套 - - - - (1.010) - -,MAT-CABL-009,auto,,HB材料→T3,HB,False
MAP-HB-25305,C 型玻璃钢套管 套 -,C 型玻璃钢套管 套 -,MAT-BRD-005,auto,,HB材料→T3,HB,False
MAP-HB-08265,氢氧化钠 烧碱 kg 2.83 0.360 0.360 水 t,氢氧化钠 烧碱 kg 2.83 0.360 0.360 水 t,MAT-UTL-001,auto,,HB材料→T3,HB,False
MAP-HB-18933,聚氨酯磁漆 kg -,聚氨酯磁漆 kg -,MAT-EQP-014,auto,,HB材料→T3,HB,False
MAP-HB-65640,红丹环氧防锈漆 kg -,红丹环氧防锈漆 kg -,MAT-PNT-001,auto,,HB材料→T3,HB,False
MAP-HB-05819,弹性聚氨酯面漆 kg -,弹性聚氨酯面漆 kg -,MAT-COAT-003,auto,,HB材料→T3,HB,False
MAP-HB-52728,H-3 改性树脂防腐涂料 kg -,H-3 改性树脂防腐涂料 kg -,MAT-PNT-002,auto,,HB材料→T3,HB,False
MAP-HB-58017,HC-1 改性树脂重防腐涂料 kg -,HC-1 改性树脂重防腐涂料 kg -,MAT-PNT-002,auto,,HB材料→T3,HB,False
MAP-HB-44452,HLC-1 型凉水塔防腐涂料 kg -,HLC-1 型凉水塔防腐涂料 kg -,MAT-UTL-001,auto,,HB材料→T3,HB,False
MAP-HB-91066,环氧富锌底漆 封闭漆 kg -,环氧富锌底漆 封闭漆 kg -,MAT-PNT-001,auto,,HB材料→T3,HB,False
MAP-HB-53273,氯化橡胶云铁中间漆 kg -,氯化橡胶云铁中间漆 kg -,MAT-COAT-002,auto,,HB材料→T3,HB,False
MAP-HB-51674,特种防腐涂料 NSJ kg -,特种防腐涂料 NSJ kg -,MAT-PNT-002,auto,,HB材料→T3,HB,False
MAP-HB-38892,硅藻土粉 生料 kg 0.59 63.750 63.750 63.750 63.750 20 通 水 t,硅藻土粉 生料 kg 0.59 63.750 63.750 63.750 63.750 20 通 水 t,MAT-UTL-001,auto,,HB材料→T3,HB,False
MAP-HB-42059,( 元) m3 - (1.060) (1.060) (1.060) (1.060) 硬质瓦块 24 用 kg 0.59 63.750 63.750 63.750 63.750 20 通 水 t,( 元) m3 - (1.060) (1.060) (1.060) (1.060) 硬质瓦块 24 用 kg 0.59 63.750 63.750 63.750 63.750 20 通 水 t,MAT-UTL-001,auto,,HB材料→T3,HB,False
MAP-HB-18506,( 元) m3 - (1.060) (1.060) (1.060) (1.060) 硬质瓦块 24 用 kg 0.59 64.250 64.250 64.250 64.250 20 通 水 t,( 元) m3 - (1.060) (1.060) (1.060) (1.060) 硬质瓦块 24 用 kg 0.59 64.250 64.250 64.250 64.250 20 通 水 t,MAT-UTL-001,auto,,HB材料→T3,HB,False
MAP-HB-72910,岩棉管壳 m3 -,岩棉管壳 m3 -,MAT-INSU-001,auto,,HB材料→T3,HB,False
MAP-HB-51157,热轧薄钢板 δ0.5 ~ 1.0 kg,热轧薄钢板 δ0.5 ~ 1.0 kg,MAT-STE-006,auto,,HB材料→T3,HB,False
MAP-HB-99975,可发性聚氨酯泡沫塑料 kg -,可发性聚氨酯泡沫塑料 kg -,MAT-EQP-014,auto,,HB材料→T3,HB,False
MAP-HB-33516,热轧薄钢板 δ0.5~1.0 kg,热轧薄钢板 δ0.5~1.0 kg,MAT-STE-006,auto,,HB材料→T3,HB,False
MAP-HB-79644,硅酸盐涂抹料 m3 - (0.203) (0.406) (0.609) (0.816) 水 t,硅酸盐涂抹料 m3 - (0.203) (0.406) (0.609) (0.816) 水 t,MAT-UTL-001,auto,,HB材料→T3,HB,False
MAP-HB-88793,( 元) 24 用 20 通 m3 - (0.203) (0.406) (0.609) (0.816) 材 硅酸盐涂抹料 水 t,( 元) 24 用 20 通 m3 - (0.203) (0.406) (0.609) (0.816) 材 硅酸盐涂抹料 水 t,MAT-UTL-001,auto,,HB材料→T3,HB,False
MAP-HB-70362,带铝箔离心玻璃棉管壳 m3 -,带铝箔离心玻璃棉管壳 m3 -,MAT-INSU-003,auto,,HB材料→T3,HB,False
MAP-HB-38371,橡塑板 m3 -,橡塑板 m3 -,MAT-INSU-002,auto,,HB材料→T3,HB,False
MAP-HB-60895,聚苯乙烯泡沫板 1000×150×50 m3 -,聚苯乙烯泡沫板 1000×150×50 m3 -,MAT-INS-002,auto,,HB材料→T3,HB,False
MAP-HB-82530,0.3mm CPU 防水卷材 m2 -,0.3mm CPU 防水卷材 m2 -,MAT-UTL-001,auto,,HB材料→T3,HB,False
MAP-HB-72069,0.6mm CPU 防水卷材 m2 -,0.6mm CPU 防水卷材 m2 -,MAT-UTL-001,auto,,HB材料→T3,HB,False
MAP-HB-60128,( 元) 24 用 20 通 m3 - (0.110) (0.220) (0.320) (0.430) (0.540) 水 t,( 元) 24 用 20 通 m3 - (0.110) (0.220) (0.320) (0.430) (0.540) 水 t,MAT-UTL-001,auto,,HB材料→T3,HB,False
MAP-HB-62952,零星卡具 kg,零星卡具 kg,MAT-AUX-999,auto,,HB材料→T3,HB,False
MAP-HB-59464,热轧薄钢板 δ1.0 ~ 1.5 kg -,热轧薄钢板 δ1.0 ~ 1.5 kg -,MAT-STE-006,auto,,HB材料→T3,HB,False
MAP-HB-82694,镀锌圆钢 ϕ5.5 ~ 9 kg,镀锌圆钢 ϕ5.5 ~ 9 kg,MAT-STE-002,auto,,HB材料→T3,HB,False
MAP-HB-51769,镀锌薄钢板波纹瓦 2000×920×0.5 块 - (12.000) (12.000) - 防 额 m2 -,镀锌薄钢板波纹瓦 2000×920×0.5 块 - (12.000) (12.000) - 防 额 m2 -,MAT-STE-006,auto,,HB材料→T3,HB,False
MAP-HB-84403,无缝钢管 ϕ32×3.5 kg,无缝钢管 ϕ32×3.5 kg,MAT-TRN-002,auto,,HB材料→T3,HB,False
MAP-HB-28897,钢板 δ4.5 ~ 8 kg,钢板 δ4.5 ~ 8 kg,MAT-STE-006,auto,,HB材料→T3,HB,False
MAP-HB-99735,底涂料 kg -,底涂料 kg -,MAT-WAP-009,auto,,HB材料→T3,HB,False
MAP-HB-05063,软聚氯乙烯板 δ2 ~ 8 m2 -,软聚氯乙烯板 δ2 ~ 8 m2 -,MAT-BRD-006,auto,,HB材料→T3,HB,False
MAP-HB-33103,钢板 δ100×10 kg,钢板 δ100×10 kg,MAT-STE-006,auto,,HB材料→T3,HB,False
MAP-HB-80656,耐酸瓷砖 230×113×65 块 -,耐酸瓷砖 230×113×65 块 -,MAT-TIL-005,auto,,HB材料→T3,HB,False
MAP-HB-27040,耐酸瓷砖 230×113×65 -,耐酸瓷砖 230×113×65 -,MAT-TIL-005,auto,,HB材料→T3,HB,False
MAP-HB-53997,硫酸 38% kg 0.32 2.000 2.000 2.000 24 用 水 t 3.26 0.800 0.800 0.800 20 通,硫酸 38% kg 0.32 2.000 2.000 2.000 24 用 水 t 3.26 0.800 0.800 0.800 20 通,MAT-UTL-001,auto,,HB材料→T3,HB,False
MAP-HB-21321,硫酸 38% kg 0.32 2.000 2.000 2.000 24 用 水 t 3.26 0.500 0.500 0.500 20 通,硫酸 38% kg 0.32 2.000 2.000 2.000 24 用 水 t 3.26 0.500 0.500 0.500 20 通,MAT-UTL-001,auto,,HB材料→T3,HB,False
MAP-HB-20583,耐酸板 100×50×10 -,耐酸板 100×50×10 -,MAT-COAT-005,auto,,HB材料→T3,HB,False
MAP-HB-90396,硫酸 38% kg 0.32 2.000 2.000 2.000 24 用 水 t 3.26 0.600 0.600 0.600 20 通,硫酸 38% kg 0.32 2.000 2.000 2.000 24 用 水 t 3.26 0.600 0.600 0.600 20 通,MAT-UTL-001,auto,,HB材料→T3,HB,False
MAP-HB-89495,耐酸板 75×75×10 -,耐酸板 75×75×10 -,MAT-COAT-005,auto,,HB材料→T3,HB,False
MAP-HB-86931,耐酸板 100×100×10 -,耐酸板 100×100×10 -,MAT-COAT-005,auto,,HB材料→T3,HB,False
MAP-HB-93139,耐酸板 150×70×10 -,耐酸板 150×70×10 -,MAT-COAT-005,auto,,HB材料→T3,HB,False
MAP-HB-74228,耐酸板 150×75×10 -,耐酸板 150×75×10 -,MAT-COAT-005,auto,,HB材料→T3,HB,False
MAP-HB-14509,耐酸板 150×75×15 块 -,耐酸板 150×75×15 块 -,MAT-COAT-005,auto,,HB材料→T3,HB,False
MAP-HB-03990,耐酸板 150×75×20 -,耐酸板 150×75×20 -,MAT-COAT-005,auto,,HB材料→T3,HB,False
MAP-HB-67758,耐酸板 150×75×25 -,耐酸板 150×75×25 -,MAT-COAT-005,auto,,HB材料→T3,HB,False
MAP-HB-74312,耐酸板 180×90×20 -,耐酸板 180×90×20 -,MAT-COAT-005,auto,,HB材料→T3,HB,False
MAP-HB-86647,耐酸板 180×110×10 -,耐酸板 180×110×10 -,MAT-COAT-005,auto,,HB材料→T3,HB,False
MAP-HB-76685,耐酸板 180×110×15 -,耐酸板 180×110×15 -,MAT-COAT-005,auto,,HB材料→T3,HB,False
MAP-HB-49520,耐酸板 180×110×20 -,耐酸板 180×110×20 -,MAT-COAT-005,auto,,HB材料→T3,HB,False
MAP-HB-67947,耐酸板 180×110×25 -,耐酸板 180×110×25 -,MAT-COAT-005,auto,,HB材料→T3,HB,False
MAP-HB-38225,耐酸板 180×110×30 -,耐酸板 180×110×30 -,MAT-COAT-005,auto,,HB材料→T3,HB,False
MAP-HB-89489,耐酸板 180×110×35 -,耐酸板 180×110×35 -,MAT-COAT-005,auto,,HB材料→T3,HB,False
MAP-HB-07468,耐酸板 200×100×15 -,耐酸板 200×100×15 -,MAT-COAT-005,auto,,HB材料→T3,HB,False
MAP-HB-48040,耐酸板 200×100×20 -,耐酸板 200×100×20 -,MAT-COAT-005,auto,,HB材料→T3,HB,False
MAP-HB-79998,耐酸板 200×100×25 -,耐酸板 200×100×25 -,MAT-COAT-005,auto,,HB材料→T3,HB,False
MAP-HB-52509,耐酸板 200×100×30 -,耐酸板 200×100×30 -,MAT-COAT-005,auto,,HB材料→T3,HB,False
MAP-HB-05073,耐酸板 150×150×15 -,耐酸板 150×150×15 -,MAT-COAT-005,auto,,HB材料→T3,HB,False
MAP-HB-04236,耐酸板 150×150×20 -,耐酸板 150×150×20 -,MAT-COAT-005,auto,,HB材料→T3,HB,False
MAP-HB-10607,耐酸板 150×150×25 -,耐酸板 150×150×25 -,MAT-COAT-005,auto,,HB材料→T3,HB,False
MAP-HB-80816,耐酸板 150×150×30 -,耐酸板 150×150×30 -,MAT-COAT-005,auto,,HB材料→T3,HB,False
MAP-HB-85205,耐酸板 150×150×35 -,耐酸板 150×150×35 -,MAT-COAT-005,auto,,HB材料→T3,HB,False
MAP-HB-41165,玻璃管温度计 0 ~ 200℃ WNG-11 支 32.95 1.000 电 kW·h,玻璃管温度计 0 ~ 200℃ WNG-11 支 32.95 1.000 电 kW·h,MAT-ELEC-005,auto,,HB材料→T3,HB,False
MAP-HB-03193,聚氨酯底漆 kg -,聚氨酯底漆 kg -,MAT-EQP-014,auto,,HB材料→T3,HB,False
MAP-HB-15021,热轧厚钢板 δ4.5 ~ 10 kg,热轧厚钢板 δ4.5 ~ 10 kg,MAT-STE-006,auto,,HB材料→T3,HB,False
MAP-HB-45523,无缝钢管 ϕ89×6 kg,无缝钢管 ϕ89×6 kg,MAT-TRN-002,auto,,HB材料→T3,HB,False
MAP-HB-89401,接地电池 个 -,接地电池 个 -,MAT-AUXI-008,auto,,HB材料→T3,HB,False
MAP-HB-64077,石墨阳极 100×100 个 -,石墨阳极 100×100 个 -,MAT-EQP-020,auto,,HB材料→T3,HB,False
MAP-HB-66538,接地母线 防 额 m -,接地母线 防 额 m -,MAT-AUXI-008,auto,,HB材料→T3,HB,False
MAP-HB-82482,( 元) 水 m3 3.26 - - 90.400 45.200 m,( 元) 水 m3 3.26 - - 90.400 45.200 m,MAT-UTL-001,auto,,HB材料→T3,HB,False
MAP-HB-13461,污水泵 出口直径 100mm,污水泵 出口直径 100mm,MAT-UTL-001,auto,,HB材料→T3,HB,False
MAP-HB-CLN-84489,预制钢筋混凝土方桩,预制钢筋混凝土方桩,MAT-STE-001,auto_clean,,HB清洗→T3,SX,False
MAP-HB-CLN-05957,预应力钢筋混凝土管桩,预应力钢筋混凝土管桩,MAT-STE-001,auto_clean,,HB清洗→T3,SX,False
MAP-HB-CLN-69994,预制钢筋混凝土板桩,预制钢筋混凝土板桩,MAT-STE-001,auto_clean,,HB清洗→T3,SX,False
MAP-NEW-09277,方整石,方整石,MAT-STN-001,new_t3,方整石(料石),新T3条目,SX,False
MAP-NEW-20404,自承式楼承板,自承式楼承板,MAT-MET-004,new_t3,自承式楼承板,新T3条目,SX,False
MAP-NEW-71005,金属屋面板,金属屋面板,MAT-MET-003,new_t3,金属屋面板,新T3条目,SX,False
MAP-NEW-89661,桁架格栅,桁架格栅,MAT-MET-005,new_t3,桁架格栅,新T3条目,SX,False
MAP-NEW-52463,装饰门扇(成品),装饰门扇(成品),MAT-SDR-001,new_t3,装饰门扇(成品),新T3条目,SX,False
MAP-NEW-05936,冷藏库门,冷藏库门,MAT-SDR-002,new_t3,冷藏库门,新T3条目,SX,False
MAP-NEW-94704,变电室门,变电室门,MAT-SDR-004,new_t3,变电室门,新T3条目,SX,False
MAP-NEW-37492,铝塑板  δ4,铝塑板  δ4,MAT-DEC-001,new_t3,铝塑板,新T3条目,SX,False
MAP-NEW-43237,人防砼密闭门,人防砼密闭门,MAT-SDR-003,new_t3,人防砼密闭门,新T3条目,SX,False
MAP-HB-CLN-35988,彩色混凝土瓦 420×332,彩色混凝土瓦 420×332,MAT-CON-001,auto_clean,,HB清洗→T3,SX,False
MAP-HB-CLN-49307,彩色混凝土脊瓦,彩色混凝土脊瓦,MAT-CON-001,auto_clean,,HB清洗→T3,SX,False
MAP-NEW-98077,沥青瓦  1000×333,沥青瓦  1000×333,MAT-ROF-003,new_t3,沥青瓦,新T3条目,SX,False
MAP-NEW-47974,阳光板,阳光板,MAT-DEC-003,new_t3,阳光板,新T3条目,SX,False
MAP-NEW-20257,膜材料,膜材料,MAT-FAB-001,new_t3,膜材料(建筑),新T3条目,SX,False
MAP-HB-CLN-25153,密实混凝土,密实混凝土,MAT-CON-001,auto_clean,,HB清洗→T3,SX,False
MAP-HB-CLN-44125,重晶石混凝土,重晶石混凝土,MAT-CON-001,auto_clean,,HB清洗→T3,SX,False
MAP-NEW-08645,陶瓷锦砖,陶瓷锦砖,MAT-ROF-005,new_t3,陶瓷锦砖(马赛克),新T3条目,SX,False
MAP-NEW-33052,广场砖(综合),广场砖(综合),MAT-ROF-007,new_t3,广场砖,新T3条目,SX,False
MAP-NEW-14153,陶瓷活动地板,陶瓷活动地板,MAT-OTH-002,new_t3,陶瓷活动地板,新T3条目,SX,False
MAP-NEW-02059,镭射玻璃(成品),镭射玻璃(成品),MAT-GLS-002,new_t3,镭射玻璃(成品),新T3条目,SX,False
MAP-NEW-97742,广角镜,广角镜,MAT-OTH-003,new_t3,广角镜,新T3条目,SX,False
MAP-NEW-81227,玻璃马赛克,玻璃马赛克,MAT-GLS-005,new_t3,玻璃马赛克,新T3条目,SX,False
MAP-NEW-81293,陶土板,陶土板,MAT-DEC-004,new_t3,陶土板,新T3条目,SX,False
MAP-NEW-02166,凹凸假麻石块,凹凸假麻石块,MAT-STN-002,new_t3,凹凸假麻石块,新T3条目,SX,False
MAP-NEW-18380,镜面玻璃(成品),镜面玻璃(成品),MAT-GLS-001,new_t3,镜面玻璃(成品),新T3条目,SX,False
MAP-NEW-89287,丝绒面料,丝绒面料,MAT-FAB-002,new_t3,丝绒面料(装饰),新T3条目,SX,False
MAP-NEW-27281,铝塑板  δ5,铝塑板  δ5,MAT-DEC-001,new_t3,铝塑板,新T3条目,SX,False
MAP-NEW-02900,铝单板(幕墙),铝单板(幕墙),MAT-DEC-002,new_t3,铝单板(幕墙),新T3条目,SX,False
MAP-NEW-90203,铝塑板  δ3,铝塑板  δ3,MAT-DEC-001,new_t3,铝塑板,新T3条目,SX,False
MAP-NEW-29925,防弹玻璃  δ 19,防弹玻璃  δ 19,MAT-GLS-003,new_t3,防弹玻璃,新T3条目,SX,False
MAP-NEW-51780,磨砂玻璃  δ5,磨砂玻璃  δ5,MAT-GLS-004,new_t3,磨砂玻璃,新T3条目,SX,False
MAP-NEW-34411,隔音板,隔音板,MAT-DEC-005,new_t3,隔音板,新T3条目,SX,False
MAP-NEW-14145,铝方通  间距100,铝方通  间距100,MAT-ALM-002,new_t3,铝方通,新T3条目,SX,False
MAP-NEW-91373,铝方通  间距200,铝方通  间距200,MAT-ALM-002,new_t3,铝方通,新T3条目,SX,False
MAP-NEW-17641,镜面玻璃(成品)  δ5,镜面玻璃(成品)  δ5,MAT-GLS-001,new_t3,镜面玻璃(成品),新T3条目,SX,False
MAP-NEW-27304,铝格栅,铝格栅,MAT-ALM-003,new_t3,铝格栅(吊顶),新T3条目,SX,False
MAP-NEW-71329,织锦缎,织锦缎,MAT-FAB-003,new_t3,织锦缎(装饰),新T3条目,SX,False
MAP-NEW-38280,瓷腰线砖  (带花)200×70,瓷腰线砖  (带花)200×70,MAT-TRM-002,new_t3,瓷腰线砖,新T3条目,SX,False
MAP-NEW-12716,瓷腰线砖  (带花)200×90,瓷腰线砖  (带花)200×90,MAT-TRM-002,new_t3,瓷腰线砖,新T3条目,SX,False
MAP-NEW-64513,金属花饰栏杆(成品),金属花饰栏杆(成品),MAT-MET-001,new_t3,金属花饰栏杆(成品),新T3条目,SX,False
MAP-NEW-44717,木栏杆(成品),木栏杆(成品),MAT-HDR-002,new_t3,木栏杆(成品),新T3条目,SX,False
MAP-NEW-49610,旗帜风动系统,旗帜风动系统,MAT-OTH-004,new_t3,旗帜风动系统,新T3条目,SX,False
MAP-NEW-07278,电闸箱,电闸箱,MAT-OTH-001,new_t3,电闸箱,新T3条目,SX,False
MAP-NEW-55523,植草砖,植草砖,MAT-ROF-006,new_t3,植草砖,新T3条目,SX,False
MAP-HB-CLN-90220,混凝土立缘石,混凝土立缘石,MAT-CON-001,auto_clean,,HB清洗→T3,SX,False
MAP-HB-CLN-83657,混凝土化粪池(成品) 容积20m³ 以内,混凝土化粪池(成品) 容积20m³ 以内,MAT-CON-001,auto_clean,,HB清洗→T3,SX,False
MAP-HB-CLN-55058,混凝土化粪池(成品) 容积10m³ 以内,混凝土化粪池(成品) 容积10m³ 以内,MAT-CON-001,auto_clean,,HB清洗→T3,SX,False
MAP-HB-CLN-10580,预制混凝土隔油池(成品) 1.5m³,预制混凝土隔油池(成品) 1.5m³,MAT-CON-001,auto_clean,,HB清洗→T3,SX,False
MAP-HB-CLN-01255,预制混凝土隔油池(成品) 3m³,预制混凝土隔油池(成品) 3m³,MAT-CON-001,auto_clean,,HB清洗→T3,SX,False
MAP-NEW-74492,铁艺围栏,铁艺围栏,MAT-MET-002,new_t3,铁艺围栏,新T3条目,SX,False
MAP-HB-CLN-54612,钢筋 ϕ10 以内 kg,钢筋 ϕ10 以内 kg,MAT-STE-001,auto_clean,,HB清洗→T3,HB,False
MAP-HB-CLN-07276,钢筋 ϕ10 以内 kg 3.60 - - 10.370 17.350 kg,钢筋 ϕ10 以内 kg 3.60 - - 10.370 17.350 kg,MAT-STE-001,auto_clean,,HB清洗→T3,HB,False
MAP-HB-CLN-89256,钢筋 ϕ10 以内 t,钢筋 ϕ10 以内 t,MAT-STE-001,auto_clean,,HB清洗→T3,HB,False
MAP-HB-CLN-23154,保温制品 m3 - - -,保温制品 m3 - - -,MAT-STE-001,auto_clean,,HB清洗→T3,HB,False
MAP-HB-CLN-37536,钢筋 ϕ10 以内 设 额 t,钢筋 ϕ10 以内 设 额 t,MAT-STE-001,auto_clean,,HB清洗→T3,HB,False
MAP-HB-CLN-96921,异型塑料管 ϕ,异型塑料管 ϕ,MAT-PIPE-003,auto_clean,,HB清洗→T3,HB,False
MAP-HB-CLN-94449,耐油夹布胶管 ϕ1 电打火电缆线 ϕ8BV,耐油夹布胶管 ϕ1 电打火电缆线 ϕ8BV,MAT-AUXI-012,auto_clean,,HB清洗→T3,HB,False
MAP-HB-CLN-84307,铜芯塑料绝缘电线 BV-8,铜芯塑料绝缘电线 BV-8,MAT-CABL-004,auto_clean,,HB清洗→T3,HB,False
MAP-HB-CLN-87264,铜芯塑料绝缘电线 BV-10,铜芯塑料绝缘电线 BV-10,MAT-CABL-004,auto_clean,,HB清洗→T3,HB,False
MAP-HB-CLN-14292,异型塑料管 ϕ2.5 ~ 5,异型塑料管 ϕ2.5 ~ 5,MAT-PIPE-003,auto_clean,,HB清洗→T3,HB,False
MAP-HB-CLN-21920,硬塑料管 ϕ70 m -,硬塑料管 ϕ70 m -,MAT-PIPE-003,auto_clean,,HB清洗→T3,HB,False
MAP-HB-CLN-44826,硬塑料管 ϕ70,硬塑料管 ϕ70,MAT-PIPE-003,auto_clean,,HB清洗→T3,HB,False
MAP-HB-CLN-64756,混凝土 C25 m3 -,混凝土 C25 m3 -,MAT-CON-001,auto_clean,,HB清洗→T3,HB,False
MAP-HB-CLN-23223,异型塑料管 ϕ5,异型塑料管 ϕ5,MAT-PIPE-003,auto_clean,,HB清洗→T3,HB,False
MAP-HB-CLN-09127,( 元) kg,( 元) kg,MAT-STE-001,auto_clean,,HB清洗→T3,HB,False
MAP-HB-CLN-64160,( 元) 钢筋 ϕ10 以内 与 及 kg,( 元) 钢筋 ϕ10 以内 与 及 kg,MAT-STE-001,auto_clean,,HB清洗→T3,HB,False
MAP-HB-CLN-68957,阀门 个 -,阀门 个 -,MAT-VALV-001,auto_clean,,HB清洗→T3,HB,False
MAP-HB-CLN-16874,手动密闭阀门 个 -,手动密闭阀门 个 -,MAT-VALV-001,auto_clean,,HB清洗→T3,HB,False
MAP-HB-CLN-78083,人防密闭阀门 个 -,人防密闭阀门 个 -,MAT-VALV-001,auto_clean,,HB清洗→T3,HB,False
MAP-HB-CLN-44105,螺纹阀门 个 -,螺纹阀门 个 -,MAT-VALV-001,auto_clean,,HB清洗→T3,HB,False
MAP-HB-CLN-85457,螺纹阀门 个 ( 元) -,螺纹阀门 个 ( 元) -,MAT-VALV-001,auto_clean,,HB清洗→T3,HB,False
MAP-HB-CLN-73570,焊接阀门 个 -,焊接阀门 个 -,MAT-VALV-003,auto_clean,,HB清洗→T3,HB,False
MAP-HB-CLN-76534,齿轮、液压、电动阀门 个 -,齿轮、液压、电动阀门 个 -,MAT-VALV-007,auto_clean,,HB清洗→T3,HB,False
MAP-HB-CLN-36639,齿轮、液压、电动阀门 个 ( 元) -,齿轮、液压、电动阀门 个 ( 元) -,MAT-VALV-007,auto_clean,,HB清洗→T3,HB,False
MAP-HB-CLN-15242,碳钢焊接阀门 个 -,碳钢焊接阀门 个 -,MAT-VALV-003,auto_clean,,HB清洗→T3,HB,False
MAP-HB-CLN-04308,耐碱塑料管 ϕ50,耐碱塑料管 ϕ50,MAT-PIPE-003,auto_clean,,HB清洗→T3,HB,False
MAP-HB-CLN-83752,耐酸塑料管 ϕ50,耐酸塑料管 ϕ50,MAT-PIPE-003,auto_clean,,HB清洗→T3,HB,False
MAP-HB-CLN-64865,阀门操纵装置 kg -,阀门操纵装置 kg -,MAT-VALV-001,auto_clean,,HB清洗→T3,HB,False
MAP-HB-CLN-34679,预拌混凝土 C20 m3,预拌混凝土 C20 m3,MAT-CON-001,auto_clean,,HB清洗→T3,HB,False
MAP-HB-CLN-23032,螺纹阀门 DN20 个,螺纹阀门 DN20 个,MAT-VALV-001,auto_clean,,HB清洗→T3,HB,False
MAP-HB-CLN-75752,螺纹阀门 DN20,螺纹阀门 DN20,MAT-VALV-001,auto_clean,,HB清洗→T3,HB,False
MAP-HB-CLN-60689,螺纹电磁阀门 个 -,螺纹电磁阀门 个 -,MAT-VALV-007,auto_clean,,HB清洗→T3,HB,False
MAP-HB-CLN-15397,螺纹阀门 DN15 个,螺纹阀门 DN15 个,MAT-VALV-001,auto_clean,,HB清洗→T3,HB,False
MAP-HB-CLN-50196,塑料阀门 个 -,塑料阀门 个 -,MAT-VALV-005,auto_clean,,HB清洗→T3,HB,False
MAP-HB-CLN-42018,螺纹阀门 DN15,螺纹阀门 DN15,MAT-VALV-001,auto_clean,,HB清洗→T3,HB,False
MAP-HB-CLN-68801,整体淋浴室 套 -,整体淋浴室 套 -,MAT-PLUM-004,auto_clean,,HB清洗→T3,HB,False
MAP-HB-CLN-32664,塑料管 DN25 m -,塑料管 DN25 m -,MAT-PIPE-003,auto_clean,,HB清洗→T3,HB,False
MAP-HB-CLN-99345,塑料管 DN32 m - -,塑料管 DN32 m - -,MAT-PIPE-003,auto_clean,,HB清洗→T3,HB,False
MAP-HB-CLN-83822,预拌混凝土 C15 m3,预拌混凝土 C15 m3,MAT-CON-001,auto_clean,,HB清洗→T3,HB,False
MAP-HB-CLN-66319,螺纹阀门 DN25 个,螺纹阀门 DN25 个,MAT-VALV-001,auto_clean,,HB清洗→T3,HB,False
MAP-HB-CLN-87287,预拌混凝土 C15 m,预拌混凝土 C15 m,MAT-CON-001,auto_clean,,HB清洗→T3,HB,False
MAP-HB-CLN-35977,预拌混凝土 C20 m,预拌混凝土 C20 m,MAT-CON-001,auto_clean,,HB清洗→T3,HB,False
MAP-HB-CLN-78898,螺纹阀门 DN20 暖 及 个,螺纹阀门 DN20 暖 及 个,MAT-VALV-001,auto_clean,,HB清洗→T3,HB,False
MAP-HB-CLN-48120,塑料管 DN32 m -,塑料管 DN32 m -,MAT-PIPE-003,auto_clean,,HB清洗→T3,HB,False
MAP-HB-CLN-60114,塑料管 DN63 m -,塑料管 DN63 m -,MAT-PIPE-003,auto_clean,,HB清洗→T3,HB,False
MAP-HB-CLN-24585,塑料管 DN75 m -,塑料管 DN75 m -,MAT-PIPE-003,auto_clean,,HB清洗→T3,HB,False
MAP-HB-CLN-96078,塑料管 DN110 m -,塑料管 DN110 m -,MAT-PIPE-003,auto_clean,,HB清洗→T3,HB,False
MAP-HB-CLN-93350,塑料管 DN200 m -,塑料管 DN200 m -,MAT-PIPE-003,auto_clean,,HB清洗→T3,HB,False
MAP-HB-CLN-07613,塑料管 DN250 m -,塑料管 DN250 m -,MAT-PIPE-003,auto_clean,,HB清洗→T3,HB,False
MAP-HB-CLN-97993,塑料管 DN315 m -,塑料管 DN315 m -,MAT-PIPE-003,auto_clean,,HB清洗→T3,HB,False
MAP-HB-CLN-06824,塑料管 DN90 m -,塑料管 DN90 m -,MAT-PIPE-003,auto_clean,,HB清洗→T3,HB,False
MAP-HB-CLN-71139,钢筋 HPB300 ϕ6.5 kg,钢筋 HPB300 ϕ6.5 kg,MAT-STE-001,auto_clean,,HB清洗→T3,HB,False
MAP-HB-CLN-10535,钢筋 ϕ10 kg,钢筋 ϕ10 kg,MAT-STE-001,auto_clean,,HB清洗→T3,HB,False
MAP-HB-CLN-57613,钢筋 ϕ12 kg,钢筋 ϕ12 kg,MAT-STE-001,auto_clean,,HB清洗→T3,HB,False
MAP-HB-CLN-60858,钢筋 ϕ14 kg,钢筋 ϕ14 kg,MAT-STE-001,auto_clean,,HB清洗→T3,HB,False
MAP-HB-CLN-85280,钢筋 ϕ16 kg,钢筋 ϕ16 kg,MAT-STE-001,auto_clean,,HB清洗→T3,HB,False
MAP-HB-CLN-51452,钢筋 ϕ18 kg,钢筋 ϕ18 kg,MAT-STE-001,auto_clean,,HB清洗→T3,HB,False
MAP-HB-CLN-71723,U 型钢卡 ϕ6.0 副,U 型钢卡 ϕ6.0 副,MAT-AUXI-010,auto_clean,,HB清洗→T3,HB,False
MAP-HB-CLN-12701,U 型钢卡 ϕ8.0 副,U 型钢卡 ϕ8.0 副,MAT-AUXI-010,auto_clean,,HB清洗→T3,HB,False
MAP-HB-CLN-61047,塑料管 ϕ50 ~ 100 m -,塑料管 ϕ50 ~ 100 m -,MAT-PIPE-003,auto_clean,,HB清洗→T3,HB,False
MAP-HB-CLN-77489,塑料管 ϕ80 ~ 100,塑料管 ϕ80 ~ 100,MAT-PIPE-003,auto_clean,,HB清洗→T3,HB,False
MAP-HB-CLN-68282,半硬塑料管 ϕ40 ~ 50 m -,半硬塑料管 ϕ40 ~ 50 m -,MAT-PIPE-003,auto_clean,,HB清洗→T3,HB,False
MAP-HB-CLN-50101,聚乙烯管 PE ϕ76×150,聚乙烯管 PE ϕ76×150,MAT-PIPE-003,auto_clean,,HB清洗→T3,HB,False
MAP-SX-CLN-83427,细料石,细料石,MAT-STN-001,sx_clean,方整石(料石),SX清洗→T3,SX,False
MAP-SX-CLN-54618,小青瓦 200× 130,小青瓦,MAT-ROF-002,sx_clean,小青瓦(粘土),SX清洗→T3,SX,False
MAP-SX-CLN-06183,S形瓦无釉 310×310,S形瓦,MAT-ROF-004,sx_clean,S形瓦(陶瓷),SX清洗→T3,SX,False
MAP-SX-CLN-10125,镭射玻璃 造型,镭射玻璃,MAT-GLS-002,sx_clean,镭射玻璃(成品),SX清洗→T3,SX,False
MAP-SX-CLN-52878,镜面玻璃 异形  δ5,镜面玻璃,MAT-GLS-001,sx_clean,镜面玻璃(成品),SX清洗→T3,SX,False
MAP-SX-CLN-10144,铝格栅  (含配件) 125 × 125 ×4.5,铝格栅,MAT-ALM-003,sx_clean,铝格栅(吊顶),SX清洗→T3,SX,False
MAP-SX-CLN-04365,镜面玻璃(综合),镜面玻璃,MAT-GLS-001,sx_clean,镜面玻璃(成品),SX清洗→T3,SX,False
MAP-SX-CLN-06077,镜面玻璃  δ5,镜面玻璃,MAT-GLS-001,sx_clean,镜面玻璃(成品),SX清洗→T3,SX,False
MAP-SX-CLN-64924,木扶手  宽65,木扶手,MAT-HDR-001,sx_clean,木扶手(成品),SX清洗→T3,SX,False
MAP-SX-CLN-96305,硬木扶手,硬木扶手,MAT-HDR-001,sx_clean,木扶手(成品),SX清洗→T3,SX,False
MAP-SX-CLN-69664,镜面玻璃  δ6,镜面玻璃,MAT-GLS-001,sx_clean,镜面玻璃(成品),SX清洗→T3,SX,False
MAP-SX-CLN-37450,镜面玻璃 磨边  δ6,镜面玻璃,MAT-GLS-001,sx_clean,镜面玻璃(成品),SX清洗→T3,SX,False
MAP-SX-CLN-03799,镜面玻璃  δ3,镜面玻璃,MAT-GLS-001,sx_clean,镜面玻璃(成品),SX清洗→T3,SX,False
MAP-SX-CLN-25701,钛金字 0.2m² 以内,钛金字,MAT-SGN-001,sx_clean,钛金字(标识),SX清洗→T3,SX,False
MAP-SX-CLN-78006,钛金字 0.5m² 以内,钛金字,MAT-SGN-001,sx_clean,钛金字(标识),SX清洗→T3,SX,False
MAP-SX-CLN-83096,钛金字  1.0m² 以内,钛金字,MAT-SGN-001,sx_clean,钛金字(标识),SX清洗→T3,SX,False
MAP-SX-CLN-84326,钛金字  1.5m² 以内,钛金字,MAT-SGN-001,sx_clean,钛金字(标识),SX清洗→T3,SX,False
MAP-SX-CLN-01344,钛金字 4.0m² 以内,钛金字,MAT-SGN-001,sx_clean,钛金字(标识),SX清洗→T3,SX,False
MAP-SX-FINAL-09807,单向滑移支座,单向滑移支座,MAT-STE-008,sx_remap,支座(钢),SX手动映射,SX,False
MAP-SX-FINAL-96792,双向滑移支座,双向滑移支座,MAT-STE-008,sx_remap,支座(钢),SX手动映射,SX,False
MAP-SX-FINAL-36648,冷藏间冻结门,冷藏间冻结门,MAT-SDR-002,sx_remap,冷藏库门,SX手动映射,SX,False
MAP-SX-FINAL-74098,全玻有框门扇,全玻有框门扇,MAT-SDR-001,sx_remap,装饰门扇(成品),SX手动映射,SX,False
MAP-SX-FINAL-79725,人防砼防密门,人防砼防密门,MAT-SDR-003,sx_remap,人防砼密闭门,SX手动映射,SX,False
MAP-SX-FINAL-72763,人防砼门式悬板活门,人防砼门式悬板活门,MAT-SDR-003,sx_remap,人防砼密闭门,SX手动映射,SX,False
MAP-SX-FINAL-90442,人防砼档窗板,人防砼档窗板,MAT-SDR-003,sx_remap,人防砼密闭门,SX手动映射,SX,False
MAP-SX-FINAL-08624,黏土脊瓦 455× 195,黏土脊瓦 455× 195,MAT-ROF-008,sx_new_t3,黏土脊瓦,SX新T3条目,SX,False
MAP-SX-FINAL-59269,S形脊瓦 285× 180,S形脊瓦 285× 180,MAT-ROF-009,sx_new_t3,S形脊瓦,SX新T3条目,SX,False
MAP-SX-FINAL-87388,瓷质波形瓦脊瓦,瓷质波形瓦脊瓦,MAT-ROF-010,sx_new_t3,瓷质波形瓦脊瓦,SX新T3条目,SX,False
MAP-SX-FINAL-95136,凹凸麻石块,凹凸麻石块,MAT-STN-003,sx_new_t3,凹凸麻石块,SX新T3条目,SX,False
MAP-SX-FINAL-42400,人造革,人造革,MAT-FAB-004,sx_new_t3,人造革,SX新T3条目,SX,False
MAP-SX-FINAL-87113,玻璃砖  190× 190×95,玻璃砖  190× 190×95,MAT-GLS-006,sx_new_t3,玻璃砖,SX新T3条目,SX,False
MAP-SX-FINAL-01278,织物软雕,织物软雕,MAT-FAB-005,sx_new_t3,织物软雕,SX新T3条目,SX,False
MAP-SX-FINAL-03570,石质缘石,石质缘石,MAT-STN-004,sx_new_t3,石质缘石,SX新T3条目,SX,False
MAP-SX-FINAL-17417,全玻无框  (条夹)门扇,全玻无框  (条夹)门扇,MAT-SDR-001,sx_remap,装饰门扇(成品),SX手动映射,SX,False
MAP-SX-FINAL-94922,全玻无框  (点夹)门扇,全玻无框  (点夹)门扇,MAT-SDR-001,sx_remap,装饰门扇(成品),SX手动映射,SX,False
MAP-SX-FINAL-64710,全玻璃转门(含玻璃转轴全套),全玻璃转门(含玻璃转轴全套),MAT-SDR-001,sx_remap,装饰门扇(成品),SX手动映射,SX,False
MAP-SX-FINAL-54863,木格栅(成品)  100× 100×55,木格栅(成品)  100× 100×55,MAT-WOD-001,sx_remap,木格栅(装饰),SX手动映射,SX,False
MAP-HB-FJ-76406,膨胀螺栓,膨胀螺栓,MAT-PRE-002,alias,,HB-FJ-auto,HB,False
MAP-HB-FJ-71412,胶合板δ 9,胶合板δ 9,MAT-TRN-001,fuzzy_alias,,HB-FJ-auto,HB,False
MAP-HB-FJ-82317,化纤地毯,化纤地毯,MAT-AUX-003,alias,,HB-FJ-auto,HB,False
MAP-HB-FJ-44083,铜管,铜管,MAT-PIPE-006,exact,,HB-FJ-auto,HB,False
MAP-HB-FJ-17301,钢管 ϕ 15,钢管 ϕ 15,MAT-TRN-002,fuzzy_alias,,HB-FJ-auto,HB,False
MAP-HB-FJ-92389,胶合板 δ 5,胶合板 δ 5,MAT-TRN-001,fuzzy_alias,,HB-FJ-auto,HB,False
MAP-HB-FJ-22008,胶合板 δ 9,胶合板 δ 9,MAT-TRN-001,fuzzy_alias,,HB-FJ-auto,HB,False
MAP-HB-FJ-64065,细木工板 δ 15,细木工板 δ 15,MAT-WOO-003,fuzzy_alias,,HB-FJ-auto,HB,False
MAP-HB-FJ-09832,镜面玻璃,镜面玻璃,MAT-GLS-001,alias,,HB-FJ-auto,HB,False
MAP-HB-FJ-74348,铝塑板 δ 5,铝塑板 δ 5,MAT-DEC-001,fuzzy,,HB-FJ-auto,HB,False
MAP-HB-FJ-56084,胶合板 δ 3,胶合板 δ 3,MAT-TRN-001,fuzzy_alias,,HB-FJ-auto,HB,False
MAP-HB-FJ-78525,防弹玻璃 δ 19,防弹玻璃 δ 19,MAT-GLS-003,fuzzy,,HB-FJ-auto,HB,False
MAP-HB-FJ-59897,不锈钢管 ϕ 76,不锈钢管 ϕ 76,MAT-PIPE-005,fuzzy,,HB-FJ-auto,HB,False
MAP-HB-FJ-59383,磨砂玻璃 δ 5,磨砂玻璃 δ 5,MAT-GLS-004,fuzzy,,HB-FJ-auto,HB,False
MAP-HB-FJ-77240,不锈钢管 ϕ 50,不锈钢管 ϕ 50,MAT-PIPE-005,fuzzy,,HB-FJ-auto,HB,False
MAP-HB-FJ-61647,钢化玻璃δ 12,钢化玻璃δ 12,MAT-GLA-001,fuzzy_alias,,HB-FJ-auto,HB,False
MAP-HB-FJ-85747,钢化玻璃δ 15,钢化玻璃δ 15,MAT-GLA-001,fuzzy_alias,,HB-FJ-auto,HB,False
MAP-HB-FJ-78046,无缝钢管ϕ 76,无缝钢管ϕ 76,MAT-STE-010,fuzzy_alias,,HB-FJ-auto,HB,False
MAP-HB-FJ-79435,无缝钢管ϕ 89,无缝钢管ϕ 89,MAT-STE-010,fuzzy_alias,,HB-FJ-auto,HB,False
MAP-HB-FJ-21596,无缝钢管ϕ 108,无缝钢管ϕ 108,MAT-STE-010,fuzzy_alias,,HB-FJ-auto,HB,False
MAP-HB-FJ-91503,无缝钢管ϕ 140,无缝钢管ϕ 140,MAT-STE-010,fuzzy_alias,,HB-FJ-auto,HB,False
MAP-HB-FJ-66006,钢化玻璃 δ 15,钢化玻璃 δ 15,MAT-GLA-001,fuzzy_alias,,HB-FJ-auto,HB,False
MAP-HB-FJ-51597,铝合金型材,铝合金型材,MAT-ALM-001,alias,,HB-FJ-auto,HB,False
MAP-HB-FJ-97252,铝塑板 δ 3,铝塑板 δ 3,MAT-DEC-001,fuzzy,,HB-FJ-auto,HB,False
MAP-HB-FJ-01814,镀锌钢板,镀锌钢板,MAT-STEL-004,alias,,HB-FJ-auto,HB,False
MAP-HB-FJ-08545,岩棉板,岩棉板,MAT-INS-003,alias,,HB-FJ-auto,HB,False
MAP-HB-FJ-41763,铝塑板δ 4,铝塑板δ 4,MAT-DEC-001,fuzzy,,HB-FJ-auto,HB,False
MAP-HB-FJ-32975,螺母,螺母,MAT-AUXI-003,alias,,HB-FJ-auto,HB,False
MAP-HB-FJ-25272,垫圈,垫圈,MAT-AUXI-003,alias,,HB-FJ-auto,HB,False
MAP-HB-FJ-36102,钢板δ 6,钢板δ 6,MAT-STE-006,fuzzy_alias,,HB-FJ-auto,HB,False
MAP-HB-FJ-03163,电焊条,电焊条,MAT-AUXI-004,alias,,HB-FJ-auto,HB,False
MAP-HB-FJ-62716,吊杆,吊杆,MAT-STEL-006,alias,,HB-FJ-auto,HB,False
MAP-HB-FJ-36923,亚克力板 δ =5.0mm,亚克力板 δ =5.0mm,MAT-AUX-009,fuzzy_alias,,HB-FJ-auto,HB,False
MAP-HB-FJ-38485,塑料板 δ =3.0mm,塑料板 δ =3.0mm,MAT-BRD-006,fuzzy_alias,,HB-FJ-auto,HB,False
MAP-HB-FJ-84786,装饰板 δ PVC 1.25,装饰板 δ PVC 1.25,MAT-BRD-007,fuzzy_alias,,HB-FJ-auto,HB,False
MAP-HB-FJ-77802,不锈钢管ϕ 25.4×1,不锈钢管ϕ 25.4×1,MAT-PIPE-005,fuzzy,,HB-FJ-auto,HB,False
MAP-HB-FJ-42898,胶合板 δ 12,胶合板 δ 12,MAT-TRN-001,fuzzy_alias,,HB-FJ-auto,HB,False
MAP-HB-FJ-81261,橡胶垫δ 10,橡胶垫δ 10,MAT-AUXI-017,fuzzy_alias,,HB-FJ-auto,HB,False
MAP-HB-FJ-18673,细木工板 δ 18,细木工板 δ 18,MAT-WOO-003,fuzzy_alias,,HB-FJ-auto,HB,False
MAP-HB-FJ-05894,胶合板δ 5,胶合板δ 5,MAT-TRN-001,fuzzy_alias,,HB-FJ-auto,HB,False
MAP-HB-FJ-54595,环氧富锌 底漆,环氧富锌 底漆,MAT-COAT-001,norm,,HB-FJ-auto,HB,False
MAP-HB-FJ-89741,防火涂料稀释剂,防火涂料稀释剂,MAT-FPC-003,exact,,HB-FJ-auto,HB,False
MAP-HB-FJ-76990,生石灰,生石灰,MAT-AUX-001,alias,,HB-FJ-auto,HB,False
MAP-HB-FJ-63577,乳胶漆,乳胶漆,MAT-PAI-001,alias,,HB-FJ-auto,HB,False
MAP-HB-FJ-99422,壁纸,壁纸,MAT-WAL-002,alias,,HB-FJ-auto,HB,False
MAP-HB-FJ-71888,镜面玻璃 δ 5,镜面玻璃 δ 5,MAT-GLS-001,fuzzy_alias,,HB-FJ-auto,HB,False
MAP-HB-FJ-18165,胶合板 δ 18,胶合板 δ 18,MAT-TRN-001,fuzzy_alias,,HB-FJ-auto,HB,False
MAP-HB-FJ-16681,胶合板 δ 15,胶合板 δ 15,MAT-TRN-001,fuzzy_alias,,HB-FJ-auto,HB,False
MAP-HB-FJ-39781,圆钢 ϕ 8,圆钢 ϕ 8,MAT-STE-002,fuzzy_alias,,HB-FJ-auto,HB,False
MAP-HB-FJ-18236,有机玻璃δ 10,有机玻璃δ 10,MAT-AUX-009,fuzzy_alias,,HB-FJ-auto,HB,False
MAP-HB-FJ-53805,镀锌钢管,镀锌钢管,MAT-AUXI-019,alias,,HB-FJ-auto,HB,False
MAP-HB-FJ-70138,镜面玻璃 δ 6,镜面玻璃 δ 6,MAT-GLS-001,fuzzy_alias,,HB-FJ-auto,HB,False
MAP-HB-FJ-15515,钢管 ϕ 48×3.5,钢管 ϕ 48×3.5,MAT-TRN-002,fuzzy_alias,,HB-FJ-auto,HB,False
MAP-HB-FJ-23501,钢管ϕ 48×3.5,钢管ϕ 48×3.5,MAT-TRN-002,fuzzy_alias,,HB-FJ-auto,HB,False
MAP-HB-FJ-16288,圆钢 ϕ 15~24,圆钢 ϕ 15~24,MAT-STE-002,fuzzy_alias,,HB-FJ-auto,HB,False
MAP-HB-FJ-16897,钢管 ϕ 63,钢管 ϕ 63,MAT-TRN-002,fuzzy_alias,,HB-FJ-auto,HB,False
MAP-HB-FJ-64854,轻质墙板 δ 60,轻质墙板 δ 60,MAT-WAL-001,fuzzy_alias,,HB-FJ-auto,HB,False
MAP-HB-FJ-43822,轻质墙板 δ 85,轻质墙板 δ 85,MAT-WAL-001,fuzzy_alias,,HB-FJ-auto,HB,False
MAP-HB-FJ-17009,轻质墙板 δ 95,轻质墙板 δ 95,MAT-WAL-001,fuzzy_alias,,HB-FJ-auto,HB,False
MAP-HB-FJ-76757,镀锌钢丝网 ϕ 3×50×50,镀锌钢丝网 ϕ 3×50×50,MAT-WMS-001,fuzzy_alias,,HB-FJ-auto,HB,False
MAP-HB-FJ-63556,硅酸钙板δ 10,硅酸钙板δ 10,MAT-BRD-003,fuzzy_alias,,HB-FJ-auto,HB,False
MAP-HB-FJ-56886,料石,料石,MAT-STN-001,alias,,HB-FJ-auto,HB,False
MAP-HB-FJ-68406,钢管 ϕ 42×3.5,钢管 ϕ 42×3.5,MAT-TRN-002,fuzzy_alias,,HB-FJ-auto,HB,False
MAP-HB-FJ-77291,垫铁,垫铁,MAT-AUXI-017,alias,,HB-FJ-auto,HB,False
MAP-HB-FJ-15858,压型钢板 δ 0.5,压型钢板 δ 0.5,MAT-STE-012,fuzzy_alias,,HB-FJ-auto,HB,False
MAP-HB-FJ-45104,彩钢板δ 0.5,彩钢板δ 0.5,MAT-STE-012,fuzzy_alias,,HB-FJ-auto,HB,False
MAP-HB-FJ-42307,硅酸钙板 δ 10,硅酸钙板 δ 10,MAT-BRD-003,fuzzy_alias,,HB-FJ-auto,HB,False
MAP-HB-FJ-72213,硅酸钙板 δ 8,硅酸钙板 δ 8,MAT-BRD-003,fuzzy_alias,,HB-FJ-auto,HB,False
MAP-HB-FJ-36149,岩棉板 δ 50,岩棉板 δ 50,MAT-INS-003,fuzzy_alias,,HB-FJ-auto,HB,False
MAP-HB-FJ-44501,钢板 δ 3~10,钢板 δ 3~10,MAT-STE-006,fuzzy_alias,,HB-FJ-auto,HB,False
MAP-HB-FJ-67707,彩钢板 δ 0.8,彩钢板 δ 0.8,MAT-STE-012,fuzzy_alias,,HB-FJ-auto,HB,False
MAP-HB-FJ-74706,磨砂玻璃 δ 3,磨砂玻璃 δ 3,MAT-GLS-004,fuzzy,,HB-FJ-auto,HB,False
MAP-HB-FJ-44169,改性沥青卷材,改性沥青卷材,MAT-WAP-001,alias,,HB-FJ-auto,HB,False
MAP-HB-FJ-16883,螺栓,螺栓,MAT-PRE-002,alias,,HB-FJ-auto,HB,False
MAP-HB-FJ-06390,钢化玻璃 δ 12,钢化玻璃 δ 12,MAT-GLA-001,fuzzy_alias,,HB-FJ-auto,HB,False
MAP-HB-FJ-97129,圆钢ϕ 12,圆钢ϕ 12,MAT-STE-002,fuzzy_alias,,HB-FJ-auto,HB,False
MAP-HB-FJ-30750,铝塑板,铝塑板,MAT-DEC-001,exact,,HB-FJ-auto,HB,False
MAP-HB-FJ-20536,合成革,合成革,MAT-FAB-004,alias,,HB-FJ-auto,HB,False
MAP-HB-FJ-74328,墙纸,墙纸,MAT-WAL-002,alias,,HB-FJ-auto,HB,False
MAP-HB-FJ-62385,铝塑板 δ 4,铝塑板 δ 4,MAT-DEC-001,fuzzy,,HB-FJ-auto,HB,False
MAP-HB-FJ-95891,圆钢 ϕ 10,圆钢 ϕ 10,MAT-STE-002,fuzzy_alias,,HB-FJ-auto,HB,False
MAP-HB-FJ-95248,小青瓦,小青瓦,MAT-ROF-002,alias,,HB-FJ-auto,HB,False
MAP-HB-FJ-15486,钢化玻璃 δ 5,钢化玻璃 δ 5,MAT-GLA-001,fuzzy_alias,,HB-FJ-auto,HB,False
MAP-HB-FJ-23700,圆钢 ϕ 30,圆钢 ϕ 30,MAT-STE-002,fuzzy_alias,,HB-FJ-auto,HB,False
MAP-HB-FJ-56673,圆钢ϕ 以内 10,圆钢ϕ 以内 10,MAT-STE-002,fuzzy_alias,,HB-FJ-auto,HB,False
MAP-HB-FJ-39587,聚氨酯防水涂料,聚氨酯防水涂料,MAT-WAP-003,alias,,HB-FJ-auto,HB,False
MAP-HB-FJ-82035,排水管 ϕ HDPE 110,排水管 ϕ HDPE 110,MAT-PIPE-003,fuzzy_alias,,HB-FJ-auto,HB,False
MAP-HB-FJ-51542,橡胶止水带,橡胶止水带,MAT-WAP-007,alias,,HB-FJ-auto,HB,False
MAP-HB-FJ-16675,岩棉板 δ 80,岩棉板 δ 80,MAT-INS-003,fuzzy_alias,,HB-FJ-auto,HB,False
MAP-HB-FJ-54782,内墙腻子,内墙腻子,MAT-PUT-001,alias,,HB-FJ-auto,HB,False
MAP-HB-FJ-58386,陶粒混凝土,陶粒混凝土,MAT-CON-010,alias,,HB-FJ-auto,HB,False
MAP-HB-FJ-24263,耐酸砖,耐酸砖,MAT-TIL-005,alias,,HB-FJ-auto,HB,False
MAP-HB-FJ-10285,无缝钢管 ϕ 42.5×3.5,无缝钢管 ϕ 42.5×3.5,MAT-STE-010,fuzzy_alias,,HB-FJ-auto,HB,False
MAP-HB-FJ-33334,无缝钢管 ϕ 50×3.5,无缝钢管 ϕ 50×3.5,MAT-STE-010,fuzzy_alias,,HB-FJ-auto,HB,False
MAP-HB-FJ-60695,石材板 点缀,石材板 点缀,MAT-STO-002,token_alias,,HB-FJ-fuzzy,HB,False
MAP-HB-FJ-92968,玻璃胶 335g,玻璃胶 335g,MAT-SEA-001,token_alias,,HB-FJ-fuzzy,HB,False
MAP-HB-FJ-18336,地砖 1000×1000,地砖 1000×1000,MAT-TIL-001,fuzzy_alias,,HB-FJ-fuzzy,HB,False
MAP-HB-FJ-19079,广场砖 综合,广场砖 综合,MAT-ROF-007,token_join,,HB-FJ-fuzzy,HB,False
MAP-HB-FJ-66995,轻钢龙骨 75×40,轻钢龙骨 75×40,MAT-FRM-001,fuzzy_alias,,HB-FJ-fuzzy,HB,False
MAP-HB-FJ-13075,镭射玻璃 成品,镭射玻璃 成品,MAT-GLS-002,token_alias,,HB-FJ-fuzzy,HB,False
MAP-HB-FJ-74512,墙面砖 194×94,墙面砖 194×94,MAT-TIL-004,fuzzy_alias,,HB-FJ-fuzzy,HB,False
MAP-HB-FJ-20663,板枋材 杉木 成品龙骨,板枋材 杉木 成品龙骨,MAT-WOO-001,token_alias,,HB-FJ-fuzzy,HB,False
MAP-HB-FJ-44120,玻璃砖 190×190×95,玻璃砖 190×190×95,MAT-GLS-006,fuzzy_base,,HB-FJ-fuzzy,HB,False
MAP-HB-FJ-04215,钢化玻璃 12+1.52PVB+12,钢化玻璃 12+1.52PVB+12,MAT-GLA-001,token_alias,,HB-FJ-fuzzy,HB,False
MAP-HB-FJ-76167,钢化玻璃 8+1.52PVB+8,钢化玻璃 8+1.52PVB+8,MAT-GLA-001,token_alias,,HB-FJ-fuzzy,HB,False
MAP-HB-FJ-42778,铝单板 2.5,铝单板 2.5,MAT-DEC-002,token_alias,,HB-FJ-fuzzy,HB,False
MAP-HB-FJ-42315,铝单板 3,铝单板 3,MAT-DEC-002,fuzzy_alias,,HB-FJ-fuzzy,HB,False
MAP-HB-FJ-47501,阳光板 PC 4,阳光板 PC 4,MAT-DEC-003,token_join,,HB-FJ-fuzzy,HB,False
MAP-HB-FJ-97542,铝方通 间距 100,铝方通 间距 100,MAT-ALM-002,token_join,,HB-FJ-fuzzy,HB,False
MAP-HB-FJ-98465,铝方通 间距 150,铝方通 间距 150,MAT-ALM-002,token_join,,HB-FJ-fuzzy,HB,False
MAP-HB-FJ-89719,铝方通 间距 200,铝方通 间距 200,MAT-ALM-002,token_join,,HB-FJ-fuzzy,HB,False
MAP-HB-FJ-60400,镜面玻璃 成品δ 5,镜面玻璃 成品δ 5,MAT-GLS-001,token_alias,,HB-FJ-fuzzy,HB,False
MAP-HB-FJ-14646,镜面玻璃 异形 δ 5,镜面玻璃 异形 δ 5,MAT-GLS-001,token_alias,,HB-FJ-fuzzy,HB,False
MAP-HB-FJ-82292,铝格栅 含配件 125×125×4.5,铝格栅 含配件 125×125×4.5,MAT-ALM-003,token_alias,,HB-FJ-fuzzy,HB,False
MAP-HB-FJ-20498,玻璃胶 350g,玻璃胶 350g,MAT-SEA-001,token_alias,,HB-FJ-fuzzy,HB,False
MAP-HB-FJ-47064,瓷腰线砖 带花 200×70,瓷腰线砖 带花 200×70,MAT-TRM-002,token_join,,HB-FJ-fuzzy,HB,False
MAP-HB-FJ-73626,瓷腰线砖 带花 200×90,瓷腰线砖 带花 200×90,MAT-TRM-002,token_join,,HB-FJ-fuzzy,HB,False
MAP-HB-FJ-99910,木扶手 宽 65,木扶手 宽 65,MAT-HDR-001,token_alias,,HB-FJ-fuzzy,HB,False
MAP-HB-FJ-09607,木栏杆 宽 40,木栏杆 宽 40,MAT-HDR-002,token_alias,,HB-FJ-fuzzy,HB,False
MAP-HB-FJ-30007,多孔砖 240×115×90,多孔砖 240×115×90,MAT-BRI-002,fuzzy_alias,,HB-FJ-fuzzy,HB,False
MAP-HB-FJ-61637,预拌混凝土 非泵送 C20,预拌混凝土 非泵送 C20,MAT-CON-005,keyword(2),,HB-FJ-fuzzy,HB,False
MAP-HB-FJ-17822,玻璃胶 310g,玻璃胶 310g,MAT-SEA-001,token_alias,,HB-FJ-fuzzy,HB,False
MAP-HB-FJ-72384,塑钢推拉窗 含δ 玻璃 5,塑钢推拉窗 含δ 玻璃 5,MAT-DOO-009,token_alias,,HB-FJ-fuzzy,HB,False
MAP-HB-FJ-59387,塑钢平开窗 含δ 玻璃 5,塑钢平开窗 含δ 玻璃 5,MAT-DOO-009,token_alias,,HB-FJ-fuzzy,HB,False
MAP-HB-FJ-52716,黏土脊瓦 455×195,黏土脊瓦 455×195,MAT-ROF-008,fuzzy_base,,HB-FJ-fuzzy,HB,False
MAP-HB-FJ-23742,小青瓦 200×130,小青瓦 200×130,MAT-ROF-002,fuzzy_alias,,HB-FJ-fuzzy,HB,False
MAP-HB-FJ-12994,琉璃脊瓦 250×180,琉璃脊瓦 250×180,MAT-ROF-009,fuzzy_alias,,HB-FJ-fuzzy,HB,False
MAP-HB-FJ-04505,沥青瓦 1000×333,沥青瓦 1000×333,MAT-ROF-003,fuzzy_base,,HB-FJ-fuzzy,HB,False
MAP-HB-FJ-68071,耐酸瓷砖 230×113×65,耐酸瓷砖 230×113×65,MAT-TIL-005,fuzzy_alias,,HB-FJ-fuzzy,HB,False
MAP-HB-FJ-82330,耐酸板 150×150×30,耐酸板 150×150×30,MAT-COAT-005,fuzzy_alias,,HB-FJ-fuzzy,HB,False
MAP-HB-FJ-83544,耐酸缸砖 300×200×100,耐酸缸砖 300×200×100,MAT-TIL-005,fuzzy_alias,,HB-FJ-fuzzy,HB,False
MAP-HB-FJ-78617,花岗岩 500×400×80,花岗岩 500×400×80,MAT-STO-002,fuzzy_alias,,HB-FJ-fuzzy,HB,False
MAP-MAT-WOO-003-4978,细木工板 18mm,细木工板 18mm,MAT-WOO-003,high,,manual,HN,False
MAP-MAT-WOO-003-4978,细木工板 18mm,细木工板 18mm,MAT-WOO-003,high,,manual,HN,False
MAP-MAT-WOO-003-4978,细木工板 18mm,细木工板 18mm,MAT-WOO-003,high,,manual,HN,False
MAP-MAT-WOO-003-4978,细木工板 18mm,细木工板 18mm,MAT-WOO-003,high,,manual,HN,False
MAP-MAT-WOO-003-4978,细木工板 18mm,细木工板 18mm,MAT-WOO-003,high,,manual,HN,False
MAP-MAT-WOO-003-4978,细木工板 18mm,细木工板 18mm,MAT-WOO-003,high,,manual,HN,False
MAP-MAT-WOO-003-4978,细木工板 18mm,细木工板 18mm,MAT-WOO-003,high,,manual,HN,False
MAP-MAT-WOO-003-4978,细木工板 18mm,细木工板 18mm,MAT-WOO-003,high,,manual,HN,False
MAP-MAT-WOO-003-4978,细木工板 18mm,细木工板 18mm,MAT-WOO-003,high,,manual,HN,False
MAP-MAT-WOO-003-4978,细木工板 18mm,细木工板 18mm,MAT-WOO-003,high,,manual,HN,False
MAP-MAT-WOO-003-4978,细木工板 18mm,细木工板 18mm,MAT-WOO-003,high,,manual,HN,False
MAP-MAT-WOO-003-4978,细木工板 18mm,细木工板 18mm,MAT-WOO-003,high,,manual,HN,False
MAP-MAT-WOO-003-4978,细木工板 18mm,细木工板 18mm,MAT-WOO-003,high,,manual,HN,False
MAP-MAT-WOO-003-4978,细木工板 18mm,细木工板 18mm,MAT-WOO-003,high,,manual,HN,False
MAP-MAT-WOO-003-4978,细木工板 18mm,细木工板 18mm,MAT-WOO-003,high,,manual,HN,False
MAP-MAT-WOO-003-4978,细木工板 18mm,细木工板 18mm,MAT-WOO-003,high,,manual,HN,False
MAP-MAT-WOO-003-4978,细木工板 18mm,细木工板 18mm,MAT-WOO-003,high,,manual,HN,False
MAP-MAT-WOO-003-4978,细木工板 18mm,细木工板 18mm,MAT-WOO-003,high,,manual,HN,False
MAP-MAT-WOO-003-4978,细木工板 18mm,细木工板 18mm,MAT-WOO-003,high,,manual,HN,False
MAP-MAT-WOO-003-4978,细木工板 18mm,细木工板 18mm,MAT-WOO-003,high,,manual,HN,False
MAP-MAT-WOO-003-4978,细木工板 18mm,细木工板 18mm,MAT-WOO-003,high,,manual,HN,False
MAP-MAT-WOO-003-4978,细木工板 18mm,细木工板 18mm,MAT-WOO-003,high,,manual,HN,False
MAP-MAT-WOO-003-4978,细木工板 18mm,细木工板 18mm,MAT-WOO-003,high,,manual,HN,False
MAP-MAT-WOO-003-4978,细木工板 18mm,细木工板 18mm,MAT-WOO-003,high,,manual,HN,False
MAP-MAT-WOO-003-4978,细木工板 18mm,细木工板 18mm,MAT-WOO-003,high,,manual,HN,False
MAP-MAT-WOO-003-4978,细木工板 18mm,细木工板 18mm,MAT-WOO-003,high,,manual,HN,False
MAP-MAT-WOO-003-4978,细木工板 18mm,细木工板 18mm,MAT-WOO-003,high,,manual,HN,False
MAP-MAT-WOO-003-4978,细木工板 18mm,细木工板 18mm,MAT-WOO-003,high,,manual,HN,False
MAP-MAT-WOO-003-4978,细木工板 18mm,细木工板 18mm,MAT-WOO-003,high,,manual,HN,False
MAP-MAT-WOO-003-4978,细木工板 18mm,细木工板 18mm,MAT-WOO-003,high,,manual,HN,False
MAP-MAT-WOO-003-4978,细木工板 18mm,细木工板 18mm,MAT-WOO-003,high,,manual,HN,False
MAP-MAT-WOO-003-4978,细木工板 18mm,细木工板 18mm,MAT-WOO-003,high,,manual,HN,False
MAP-MAT-WOO-003-4978,细木工板 18mm,细木工板 18mm,MAT-WOO-003,high,,manual,HN,False
MAP-MAT-WOO-003-4978,细木工板 18mm,细木工板 18mm,MAT-WOO-003,high,,manual,HN,False
MAP-MAT-WOO-003-4978,细木工板 18mm,细木工板 18mm,MAT-WOO-003,high,,manual,HN,False
MAP-MAT-WOO-003-4978,细木工板 18mm,细木工板 18mm,MAT-WOO-003,high,,manual,HN,False
