任务ID,末级分类ID,分类路径,对象类型,材料名称,别称,置信度,理由
1502-1,1502,人防工程设备 > 人防阀门及地漏 > 人防密闭阀,category,人防密闭阀,人防密闭阀,high,类别简称，在采购和施工语境下可泛指该分类下所有型式的密闭阀
1502-1,1502,人防工程设备 > 人防阀门及地漏 > 人防密闭阀,category,人防密闭阀,密闭阀,high,行业通用简称，在通风人防专业清单中常作为该类阀门的统称
1502-1,1502,人防工程设备 > 人防阀门及地漏 > 人防密闭阀,material,手动密闭阀,手密阀,medium,施工现场及采购清单中对手动密闭阀的口语简称
1502-1,1502,人防工程设备 > 人防阀门及地漏 > 人防密闭阀,material,手电动密闭阀,手电两用密闭阀,high,图集和技术文件中对手电动密闭阀的习惯性称呼，强调兼具手动与电动两种操作方式
1502-1,1502,人防工程设备 > 人防阀门及地漏 > 人防密闭阀,material,手电动密闭阀,手电密闭阀,high,采购及报料时对'手电动密闭阀'的省略叫法
1502-1,1502,人防工程设备 > 人防阀门及地漏 > 人防密闭阀,material,手电动密闭阀,电动密闭阀,medium,在通风人防专业采购语境中，常将手电动密闭阀简称为电动密闭阀
1714-13,1714,仿古建筑材料 > 黏土仿古材料 > 黏土瓦件,category,黏土瓦件,泥瓦件,medium,黏土瓦以泥为原料，工地常称泥瓦
1714-13,1714,仿古建筑材料 > 黏土仿古材料 > 黏土瓦件,category,黏土瓦件,土瓦件,low,黏土即土，泛称土瓦件
1714-13,1714,仿古建筑材料 > 黏土仿古材料 > 黏土瓦件,material,西班牙瓦脊,S瓦脊,high,西班牙瓦常被称为S瓦，脊对应的脊瓦
1714-13,1714,仿古建筑材料 > 黏土仿古材料 > 黏土瓦件,material,西班牙瓦脊,西班牙脊瓦,high,完整表达
1714-13,1714,仿古建筑材料 > 黏土仿古材料 > 黏土瓦件,material,辊压丽兰,丽兰瓦,medium,施工中常省略辊压工艺，直接称丽兰瓦
1714-13,1714,仿古建筑材料 > 黏土仿古材料 > 黏土瓦件,material,辊压威尼斯,威尼斯瓦,medium,口语简化
1714-13,1714,仿古建筑材料 > 黏土仿古材料 > 黏土瓦件,material,辊压琴式,琴式瓦,medium,琴式指瓦型，口语加瓦
1714-13,1714,仿古建筑材料 > 黏土仿古材料 > 黏土瓦件,material,辊压砚式,砚式瓦,medium,砚式指瓦型，口语加瓦
1714-13,1714,仿古建筑材料 > 黏土仿古材料 > 黏土瓦件,material,辊压阴阳,阴阳瓦,high,辊压工艺生产的阴阳瓦，俗称阴阳瓦
1714-13,1714,仿古建筑材料 > 黏土仿古材料 > 黏土瓦件,material,辊压阴阳,合瓦,medium,阴阳瓦也称合瓦
1714-13,1714,仿古建筑材料 > 黏土仿古材料 > 黏土瓦件,material,边封,封边瓦,medium,用于封边的瓦
1714-13,1714,仿古建筑材料 > 黏土仿古材料 > 黏土瓦件,material,边封,檐口封,low,檐口封边构件
1714-13,1714,仿古建筑材料 > 黏土仿古材料 > 黏土瓦件,material,边瓦,走边瓦,low,沿边铺设的瓦
1714-13,1714,仿古建筑材料 > 黏土仿古材料 > 黏土瓦件,material,雌毛脊头,毛脊头,low,省略性别描述
1714-13,1714,仿古建筑材料 > 黏土仿古材料 > 黏土瓦件,material,青瓦,小青瓦,high,最常见的俗称
1714-13,1714,仿古建筑材料 > 黏土仿古材料 > 黏土瓦件,material,青瓦,土瓦,medium,当地黏土烧制的瓦
1714-13,1714,仿古建筑材料 > 黏土仿古材料 > 黏土瓦件,material,青瓦,片瓦,medium,外形扁薄
1714-13,1714,仿古建筑材料 > 黏土仿古材料 > 黏土瓦件,material,青筒瓦,筒瓦,high,筒状瓦，青是颜色，常省略
1714-13,1714,仿古建筑材料 > 黏土仿古材料 > 黏土瓦件,material,青筒瓦,青筒,medium,口语简略
1714-13,1714,仿古建筑材料 > 黏土仿古材料 > 黏土瓦件,material,飞头,飞子头,low,飞头也称飞子头
1714-13,1714,仿古建筑材料 > 黏土仿古材料 > 黏土瓦件,material,鱼鳞瓦,鱼鳞片,low,口语形象说法
1713-3,1713,仿古建筑材料 > 黏土仿古材料 > 黏土砖,category,黏土砖,古建砖,high,仿古建筑中黏土砖的统称
1713-3,1713,仿古建筑材料 > 黏土仿古材料 > 黏土砖,category,黏土砖,烧结砖,medium,黏土砖是烧结而成，采购时可能这样叫
1713-3,1713,仿古建筑材料 > 黏土仿古材料 > 黏土砖,category,黏土砖,仿古青砖,medium,常见指代仿古黏土砖
1713-3,1713,仿古建筑材料 > 黏土仿古材料 > 黏土砖,material,手工砖,手模砖,high,强调手工制坯工艺
1713-3,1713,仿古建筑材料 > 黏土仿古材料 > 黏土砖,material,手工砖,柴窑砖,medium,传统柴窑烧制的手工砖
1713-3,1713,仿古建筑材料 > 黏土仿古材料 > 黏土砖,material,手工砖,手工青砖,high,强调手工制作与青砖颜色
1713-3,1713,仿古建筑材料 > 黏土仿古材料 > 黏土砖,material,方砖,四方砖,medium,强调四方形制
1713-3,1713,仿古建筑材料 > 黏土仿古材料 > 黏土砖,material,方砖,斗底砖,low,部分地区对铺地方砖的称呼
1713-3,1713,仿古建筑材料 > 黏土仿古材料 > 黏土砖,material,砍磨会,砍磨砖,medium,指经过砍磨加工的砖，常见古建术语
1713-3,1713,仿古建筑材料 > 黏土仿古材料 > 黏土砖,material,砍磨会,磨砖,medium,砍磨工艺的俗称
1713-3,1713,仿古建筑材料 > 黏土仿古材料 > 黏土砖,material,花边斜坨砖,花边砖,medium,常见带花边装饰的异形砖
1713-3,1713,仿古建筑材料 > 黏土仿古材料 > 黏土砖,material,花边斜坨砖,斜磋砖,low,可能指斜向铺砌或磋活的斜形砖
1713-3,1713,仿古建筑材料 > 黏土仿古材料 > 黏土砖,material,蓝四丁砖,四丁砖,medium,省略颜色前缀
1713-3,1713,仿古建筑材料 > 黏土仿古材料 > 黏土砖,material,蓝四丁砖,蓝砖,medium,颜色叫法
1713-3,1713,仿古建筑材料 > 黏土仿古材料 > 黏土砖,material,蓝机砖,机制蓝砖,high,全称
1713-3,1713,仿古建筑材料 > 黏土仿古材料 > 黏土砖,material,蓝机砖,蓝砖,medium,颜色叫法
1713-3,1713,仿古建筑材料 > 黏土仿古材料 > 黏土砖,material,贴片砖,薄片砖,high,强调片状形态
1713-3,1713,仿古建筑材料 > 黏土仿古材料 > 黏土砖,material,贴片砖,贴面砖,high,用于粘贴饰面
1713-3,1713,仿古建筑材料 > 黏土仿古材料 > 黏土砖,material,贴片砖,片砖,medium,简短俗称
1713-3,1713,仿古建筑材料 > 黏土仿古材料 > 黏土砖,material,青砖,灰砖,high,颜色描述，口语常用
1713-3,1713,仿古建筑材料 > 黏土仿古材料 > 黏土砖,material,青砖,小青砖,medium,区分于大型砖
1713-3,1713,仿古建筑材料 > 黏土仿古材料 > 黏土砖,material,青砖,仿古青砖,high,市场常用名
91-1,91,体育休闲设施 > 康体健身设施 > 其他体育休闲设施,material,发球器,发球机,medium,自动发球器常被简称为发球机
91-1,91,体育休闲设施 > 康体健身设施 > 其他体育休闲设施,material,张拉膜,膜结构,high,张拉膜是膜结构的一种，施工现场常简称为膜结构
91-1,91,体育休闲设施 > 康体健身设施 > 其他体育休闲设施,material,张拉膜,拉膜,medium,口语中常省略‘张’字，直接叫拉膜
91-1,91,体育休闲设施 > 康体健身设施 > 其他体育休闲设施,material,打位分隔器,打位隔断,medium,在练习场采购中常称为打位隔断或隔断
91-1,91,体育休闲设施 > 康体健身设施 > 其他体育休闲设施,material,打位分隔器,打位挡板,low,一些施工现场习惯称挡板
91-1,91,体育休闲设施 > 康体健身设施 > 其他体育休闲设施,material,拾球机,捡球机,high,拾球机通常口语化为捡球机
91-1,91,体育休闲设施 > 康体健身设施 > 其他体育休闲设施,material,拾球机,拾球车,medium,设备外形像车，可称为拾球车
91-1,91,体育休闲设施 > 康体健身设施 > 其他体育休闲设施,material,提手鱼护,手提鱼护,medium,提手鱼护即为带提手的鱼护，常直接叫手提鱼护
91-1,91,体育休闲设施 > 康体健身设施 > 其他体育休闲设施,material,洗球机,球清洗机,high,用于清洗高尔夫球的机器，常称为球清洗机
91-1,91,体育休闲设施 > 康体健身设施 > 其他体育休闲设施,material,浮标,浮漂,high,钓鱼领域内浮标更常用的叫法是浮漂
91-1,91,体育休闲设施 > 康体健身设施 > 其他体育休闲设施,material,浮标,鱼漂,high,俗称鱼漂
91-1,91,体育休闲设施 > 康体健身设施 > 其他体育休闲设施,material,渔轮,鱼线轮,high,渔轮即绕线轮，也叫鱼线轮
91-1,91,体育休闲设施 > 康体健身设施 > 其他体育休闲设施,material,渔轮,卷线器,medium,部分钓友习惯称卷线器
91-1,91,体育休闲设施 > 康体健身设施 > 其他体育休闲设施,material,球包架,球包支架,medium,球包架常被称为球包支架
91-1,91,体育休闲设施 > 康体健身设施 > 其他体育休闲设施,material,球钉,Tee,high,高尔夫球钉在英文中称为Tee，口语中直接使用
91-1,91,体育休闲设施 > 康体健身设施 > 其他体育休闲设施,material,球钉,球座,medium,部分场合称球座
91-1,91,体育休闲设施 > 康体健身设施 > 其他体育休闲设施,material,钓鱼竿,鱼竿,high,钓鱼竿的简称
91-1,91,体育休闲设施 > 康体健身设施 > 其他体育休闲设施,material,钓鱼竿,钓竿,high,简称为钓竿
91-1,91,体育休闲设施 > 康体健身设施 > 其他体育休闲设施,material,钓鱼钩,鱼钩,high,钓鱼钩的简称
91-1,91,体育休闲设施 > 康体健身设施 > 其他体育休闲设施,material,钓鱼钩线,钩线,medium,钓鱼钩线常简称为钩线
91-1,91,体育休闲设施 > 康体健身设施 > 其他体育休闲设施,material,钓鱼钩线,子线,medium,在台钓线组中，连接鱼钩的线段叫子线
91-1,91,体育休闲设施 > 康体健身设施 > 其他体育休闲设施,material,高尔夫球打击垫,打击垫,high,简称为打击垫
91-1,91,体育休闲设施 > 康体健身设施 > 其他体育休闲设施,material,高尔夫球打击垫,挥杆垫,medium,练习挥杆用的垫子，俗称挥杆垫
1721-1,1721,体育休闲设施 > 康体健身设施 > 室内球馆设施,category,室内球馆设施,球馆设备,medium,室内球馆设施的统称
1721-1,1721,体育休闲设施 > 康体健身设施 > 室内球馆设施,category,室内球馆设施,球类运动器材,medium,行业常用叫法
1721-1,1721,体育休闲设施 > 康体健身设施 > 室内球馆设施,material,乒乓球台,乒乓球桌,high,日常及行业通用俗称
1721-1,1721,体育休闲设施 > 康体健身设施 > 室内球馆设施,material,仿液压篮球架,仿液压架,medium,简称
1721-1,1721,体育休闲设施 > 康体健身设施 > 室内球馆设施,material,儿童篮球架,小篮球架,medium,尺寸较小，口语叫法
1721-1,1721,体育休闲设施 > 康体健身设施 > 室内球馆设施,material,单臂拆装式篮球架,单臂篮球架,medium,省略拆装特征
1721-1,1721,体育休闲设施 > 康体健身设施 > 室内球馆设施,material,单臂拆装式篮球架,拆装篮球架,medium,突出拆装功能
1721-1,1721,体育休闲设施 > 康体健身设施 > 室内球馆设施,material,台球桌,台球台,high,行业常用称呼
1721-1,1721,体育休闲设施 > 康体健身设施 > 室内球馆设施,material,台球桌,桌球台,medium,南方地区俗称
1721-1,1721,体育休闲设施 > 康体健身设施 > 室内球馆设施,material,室外移动式篮球架,移动篮球架,medium,省略室外特征
1721-1,1721,体育休闲设施 > 康体健身设施 > 室内球馆设施,material,手动升降篮球架,手动升降架,medium,口语简称
1721-1,1721,体育休闲设施 > 康体健身设施 > 室内球馆设施,material,手动升降篮球架,手升篮球架,low,采购简写
1721-1,1721,体育休闲设施 > 康体健身设施 > 室内球馆设施,material,手动液压移动篮球架,手动液压篮球架,medium,省略移动特征
1721-1,1721,体育休闲设施 > 康体健身设施 > 室内球馆设施,material,手动液压移动篮球架,手液移动架,low,现场简拼叫法
1721-1,1721,体育休闲设施 > 康体健身设施 > 室内球馆设施,material,排球裁判椅,裁判椅,medium,运动场地通用叫法
1721-1,1721,体育休闲设施 > 康体健身设施 > 室内球馆设施,material,电动液压篮球架,电动液压架,medium,简称
1721-1,1721,体育休闲设施 > 康体健身设施 > 室内球馆设施,material,电动液压篮球架,电液篮球架,low,采购简写
1721-1,1721,体育休闲设施 > 康体健身设施 > 室内球馆设施,material,篮球圈,篮圈,high,口语及采购常用
1721-1,1721,体育休闲设施 > 康体健身设施 > 室内球馆设施,material,篮球推车,篮球车,medium,简称
1721-1,1721,体育休闲设施 > 康体健身设施 > 室内球馆设施,material,篮球筐,篮筐,high,日常及行业通用
1721-1,1721,体育休闲设施 > 康体健身设施 > 室内球馆设施,material,篮球篮板,篮板,high,日常及行业通用
1721-1,1721,体育休闲设施 > 康体健身设施 > 室内球馆设施,material,篮球网,篮网,high,口语及采购常用
1721-1,1721,体育休闲设施 > 康体健身设施 > 室内球馆设施,material,羽毛球网柱,羽毛球柱,medium,简称
1721-2,1721,体育休闲设施 > 康体健身设施 > 室内球馆设施,material,羽毛球裁判椅,裁判椅,medium,口语简称，在球馆语境下省略“羽毛球”
1721-2,1721,体育休闲设施 > 康体健身设施 > 室内球馆设施,material,蜡线乒乓球网,蜡线球网,medium,乒乓球网简称球网，蜡线球网即蜡线乒乓球网
1721-2,1721,体育休闲设施 > 康体健身设施 > 室内球馆设施,material,蜡线乒乓球网,乒乓球蜡线网,medium,将材质“蜡线”前置的常见叫法
1721-2,1721,体育休闲设施 > 康体健身设施 > 室内球馆设施,material,计分器,记分器,high,同音别字，采购单中常写为记分器
1721-2,1721,体育休闲设施 > 康体健身设施 > 室内球馆设施,material,计分器,翻分牌,high,手动翻转数字的计分器俗称
1721-2,1721,体育休闲设施 > 康体健身设施 > 室内球馆设施,material,计分器,计分牌,high,板式计分器的口语叫法
1722-1,1722,体育休闲设施 > 康体健身设施 > 室外球场设施,material,七人制足球门,七人门,high,施工现场口语简称
1722-1,1722,体育休闲设施 > 康体健身设施 > 室外球场设施,material,七人制足球门,7人制球门,high,数字简称
1722-1,1722,体育休闲设施 > 康体健身设施 > 室外球场设施,material,五人制埋地式足球门,地埋五人门,high,埋地式俗称
1722-1,1722,体育休闲设施 > 康体健身设施 > 室外球场设施,material,五人制埋地式足球门,固定五人门,medium,不可移动特征
1722-1,1722,体育休闲设施 > 康体健身设施 > 室外球场设施,material,五人制移动式足球门,移动五人门,high,带轮可移动特征
1722-1,1722,体育休闲设施 > 康体健身设施 > 室外球场设施,material,五人制移动式足球门,带轮小球门,medium,采购时口语描述
1722-1,1722,体育休闲设施 > 康体健身设施 > 室外球场设施,material,冰球球杆,冰球杆,high,省略球字
1722-1,1722,体育休闲设施 > 康体健身设施 > 室外球场设施,material,冰球球杆,冰球棍,high,习惯叫法
1722-1,1722,体育休闲设施 > 康体健身设施 > 室外球场设施,material,室外乒乓球台,户外乒乓球桌,high,室外同义
1722-1,1722,体育休闲设施 > 康体健身设施 > 室外球场设施,material,室外乒乓球台,SMC球台,medium,常见室外材质简称
1722-1,1722,体育休闲设施 > 康体健身设施 > 室外球场设施,material,尼龙足球网,尼龙网,high,材质简称
1722-1,1722,体育休闲设施 > 康体健身设施 > 室外球场设施,material,尼龙足球网,尼龙网兜,high,形状俗称
1722-1,1722,体育休闲设施 > 康体健身设施 > 室外球场设施,material,曲棍球球棍,曲棍球杆,high,棍与杆通用
1722-1,1722,体育休闲设施 > 康体健身设施 > 室外球场设施,material,曲棍球球棍,草地曲棍球棍,medium,场地明确
1722-1,1722,体育休闲设施 > 康体健身设施 > 室外球场设施,material,曲棍球球门,曲棍球门,high,省略词
1722-1,1722,体育休闲设施 > 康体健身设施 > 室外球场设施,material,球场围栏网,球场围网,high,施工现场简称
1722-1,1722,体育休闲设施 > 康体健身设施 > 室外球场设施,material,球场围栏网,体育围网,high,通用叫法
1722-1,1722,体育休闲设施 > 康体健身设施 > 室外球场设施,material,球场围栏网,包塑围网,medium,常见材质认定
1722-1,1722,体育休闲设施 > 康体健身设施 > 室外球场设施,material,网球柱,网球网柱,high,全称口语化
1722-1,1722,体育休闲设施 > 康体健身设施 > 室外球场设施,material,网球柱,网球架,high,功能命名
1722-1,1722,体育休闲设施 > 康体健身设施 > 室外球场设施,material,网球裁判椅,网球椅,high,现场简称
1722-1,1722,体育休闲设施 > 康体健身设施 > 室外球场设施,material,网球裁判椅,裁判高椅,medium,特征描述
1722-1,1722,体育休闲设施 > 康体健身设施 > 室外球场设施,material,蜡线足球网,蜡线网,high,材质简称
1722-1,1722,体育休闲设施 > 康体健身设施 > 室外球场设施,material,蜡线足球网,蜡线网兜,medium,形状俗称
1722-1,1722,体育休闲设施 > 康体健身设施 > 室外球场设施,material,足球门,大球门,high,区别于小门
1722-1,1722,体育休闲设施 > 康体健身设施 > 室外球场设施,material,足球门,11人制球门,high,标准场地对应
1723-1,1723,体育休闲设施 > 康体健身设施 > 游泳馆设施,category,游泳馆设施,游泳池设备,low,采购清单中常统称游泳馆设施为游泳池设备
1723-1,1723,体育休闲设施 > 康体健身设施 > 游泳馆设施,material,婴儿泳池,婴儿游泳池,high,完整口语叫法
1723-1,1723,体育休闲设施 > 康体健身设施 > 游泳馆设施,material,婴儿泳池,宝宝游泳池,medium,面向儿童的亲切叫法
1723-1,1723,体育休闲设施 > 康体健身设施 > 游泳馆设施,material,婴儿游泳脖圈,婴儿脖圈,high,简称，突出颈部支撑
1723-1,1723,体育休闲设施 > 康体健身设施 > 游泳馆设施,material,婴儿游泳脖圈,游泳颈圈,high,同义别称
1723-1,1723,体育休闲设施 > 康体健身设施 > 游泳馆设施,material,婴儿游泳脖圈,婴儿游泳圈,medium,易与通用游泳圈混淆，但仍在使用
1723-1,1723,体育休闲设施 > 康体健身设施 > 游泳馆设施,material,游泳圈,泳圈,high,日常口语简称
1723-1,1723,体育休闲设施 > 康体健身设施 > 游泳馆设施,material,游泳帽,泳帽,high,标准简称
1723-1,1723,体育休闲设施 > 康体健身设施 > 游泳馆设施,material,游泳镜,泳镜,high,最通用简称
1720-2,1720,体育休闲设施 > 康体健身设施 > 田径设施,material,铅球回送器,回球器,low,现场口语简化叫法
1720-2,1720,体育休闲设施 > 康体健身设施 > 田径设施,material,铅球回送器,铅球回送机,medium,俗称
1720-2,1720,体育休闲设施 > 康体健身设施 > 田径设施,material,铅球投掷圈,投掷圈,high,简略材质前缀的通用叫法
1720-2,1720,体育休闲设施 > 康体健身设施 > 田径设施,material,铅球抵趾板,抵趾板,high,最常用简称
1720-2,1720,体育休闲设施 > 康体健身设施 > 田径设施,material,铅球抵趾板,趾板,medium,口语中偶尔省略
1720-2,1720,体育休闲设施 > 康体健身设施 > 田径设施,material,铅球推车,铅球车,high,施工现场口语简化
1720-2,1720,体育休闲设施 > 康体健身设施 > 田径设施,material,铅球推车,铅球运输车,medium,功能性别称
1720-2,1720,体育休闲设施 > 康体健身设施 > 田径设施,material,铝合金接力棒,接力棒,high,省略材质的标准简称
1720-2,1720,体育休闲设施 > 康体健身设施 > 田径设施,material,铝合金跳高架,跳高架,high,省略材质的常见叫法
1720-2,1720,体育休闲设施 > 康体健身设施 > 田径设施,material,铝饼,铝合金铁饼,low,指明材质为铝合金的铁饼
1720-2,1720,体育休闲设施 > 康体健身设施 > 田径设施,material,铝饼,训练饼,low,常用作训练器材的别称
1720-2,1720,体育休闲设施 > 康体健身设施 > 田径设施,material,链球护笼,护笼,high,最常用简称
1720-2,1720,体育休闲设施 > 康体健身设施 > 田径设施,material,链球护笼,链球笼,high,口语紧凑叫法
1720-2,1720,体育休闲设施 > 康体健身设施 > 田径设施,material,链球护笼,防护笼,medium,功能性别称
1720-2,1720,体育休闲设施 > 康体健身设施 > 田径设施,material,链球推车,链球车,high,口语简化
1720-2,1720,体育休闲设施 > 康体健身设施 > 田径设施,material,链球推车,链球运输车,medium,功能性别称
1727-1,1727,体育休闲设施 > 康体游乐设施 > 保龄球设施,material,上油机,球道上油机,high,施工现场俗称，强调球道上油功能
1727-1,1727,体育休闲设施 > 康体游乐设施 > 保龄球设施,material,上油机,落油机,medium,行业俗称，英文lane oiler的直译
1727-1,1727,体育休闲设施 > 康体游乐设施 > 保龄球设施,material,保龄球球道油,球道油,high,采购与施工中直接简称为球道油
1727-1,1727,体育休闲设施 > 康体游乐设施 > 保龄球设施,material,保龄球瓶,球瓶,high,行业内普遍简称为球瓶
1727-1,1727,体育休闲设施 > 康体游乐设施 > 保龄球设施,material,保龄球计分系统,计分器,high,口语叫法，指代计分设备
1727-1,1727,体育休闲设施 > 康体游乐设施 > 保龄球设施,material,保龄球计分系统,计分显示屏,medium,包含显示屏的计分系统俗称
1727-1,1727,体育休闲设施 > 康体游乐设施 > 保龄球设施,material,放瓶台,置瓶台,high,标准术语置瓶台的口语化简称
1727-1,1727,体育休闲设施 > 康体游乐设施 > 保龄球设施,material,自动化机械系统,自动摆瓶系统,medium,指机械系统的主要功能是自动摆放球瓶
1727-1,1727,体育休闲设施 > 康体游乐设施 > 保龄球设施,material,自动化机械系统,排瓶机,medium,口语呼排瓶机，指代该系统
1727-1,1727,体育休闲设施 > 康体游乐设施 > 保龄球设施,material,记分台,操作台,medium,记分员操作位置，常统称为操作台
1728-2,1728,体育休闲设施 > 康体游乐设施 > 滑雪溜冰设施,material,高山鞋(靴),双板雪鞋,high,高山滑雪用鞋，区别于单板，行业内俗称双板鞋
1728-2,1728,体育休闲设施 > 康体游乐设施 > 滑雪溜冰设施,material,高山鞋(靴),卡式雪鞋,medium,此类鞋常配合卡式固定器使用，施工采购中口语化叫法
1728-2,1728,体育休闲设施 > 康体游乐设施 > 滑雪溜冰设施,material,高山鞋(靴),硬鞋,medium,与单板软鞋相对，指外靴较硬的滑雪鞋
1728-2,1728,体育休闲设施 > 康体游乐设施 > 滑雪溜冰设施,material,高山鞋(靴),高山滑雪靴,high,高山鞋即高山滑雪靴的简称，常用于标书或清单
1356-1,1356,保险、绝缘及电热材料 > 保险材料 > 保险器材,category,保险器材,熔断器材,high,行业统称
1356-1,1356,保险、绝缘及电热材料 > 保险材料 > 保险器材,category,保险器材,保险器件,high,同类统称
1356-1,1356,保险、绝缘及电热材料 > 保险材料 > 保险器材,material,保险丝,熔断丝,high,电气行业俗称
1356-1,1356,保险、绝缘及电热材料 > 保险材料 > 保险器材,material,保险丝,熔丝,high,简称
1356-1,1356,保险、绝缘及电热材料 > 保险材料 > 保险器材,material,保险丝盒,保险盒,high,口语简称
1356-1,1356,保险、绝缘及电热材料 > 保险材料 > 保险器材,material,保险丝盒,熔断器盒,medium,按功能称呼
1356-1,1356,保险、绝缘及电热材料 > 保险材料 > 保险器材,material,保险架,保险座,medium,俗称
1356-1,1356,保险、绝缘及电热材料 > 保险材料 > 保险器材,material,保险架,熔丝架,medium,功能称呼
1356-1,1356,保险、绝缘及电热材料 > 保险材料 > 保险器材,material,保险片,熔断片,high,按材料称呼
1356-1,1356,保险、绝缘及电热材料 > 保险材料 > 保险器材,material,保险片,插片保险,high,形状称呼
1356-1,1356,保险、绝缘及电热材料 > 保险材料 > 保险器材,material,保险盒端子,保险端子,medium,简称
1356-1,1356,保险、绝缘及电热材料 > 保险材料 > 保险器材,material,保险盒端子,熔断器端子,medium,按器件称呼
1356-1,1356,保险、绝缘及电热材料 > 保险材料 > 保险器材,material,保险盖,保险盒盖,high,俗称
1360-1,1360,保险、绝缘及电热材料 > 绝缘材料 > 低压绝缘子,category,低压绝缘子,低压瓷瓶,high,行业内将绝缘子通称为瓷瓶，低压绝缘子即低压瓷瓶
1360-1,1360,保险、绝缘及电热材料 > 绝缘材料 > 低压绝缘子,category,低压绝缘子,低压电瓷,medium,绝缘子材质为电瓷，低压类统称低压电瓷
1360-1,1360,保险、绝缘及电热材料 > 绝缘材料 > 低压绝缘子,material,ED低压碟式绝缘子,ED蝴蝶瓷瓶,high,碟式绝缘子形似蝴蝶，俗称蝴蝶瓷瓶，ED为型号
1360-1,1360,保险、绝缘及电热材料 > 绝缘材料 > 低压绝缘子,material,ED低压碟式绝缘子,低压蝶式瓷瓶,high,碟式与蝶式混用，采购中常称蝶式瓷瓶
1360-1,1360,保险、绝缘及电热材料 > 绝缘材料 > 低压绝缘子,material,ED低压碟式绝缘子,ED瓷瓶,medium,直接以型号加瓷瓶称呼
1360-1,1360,保险、绝缘及电热材料 > 绝缘材料 > 低压绝缘子,material,EX低压线轴式绝缘子,线轴瓷瓶,high,线轴式绝缘子的俗称，形状像绕线轴
1360-1,1360,保险、绝缘及电热材料 > 绝缘材料 > 低压绝缘子,material,EX低压线轴式绝缘子,EX线轴瓶,medium,型号加线轴瓶的简略叫法
1360-1,1360,保险、绝缘及电热材料 > 绝缘材料 > 低压绝缘子,material,G鼓形绝缘子,鼓形瓷瓶,high,形状如鼓，俗称鼓形瓷瓶
1360-1,1360,保险、绝缘及电热材料 > 绝缘材料 > 低压绝缘子,material,G鼓形绝缘子,瓷鼓,high,安装电工常简称为瓷鼓
1360-1,1360,保险、绝缘及电热材料 > 绝缘材料 > 低压绝缘子,material,G鼓形绝缘子,G型瓷瓶,medium,型号加瓷瓶
1360-1,1360,保险、绝缘及电热材料 > 绝缘材料 > 低压绝缘子,material,J拉紧绝缘子,蛋形绝缘子,high,外形椭圆似蛋，业界标准别名
1360-1,1360,保险、绝缘及电热材料 > 绝缘材料 > 低压绝缘子,material,J拉紧绝缘子,拉紧瓷瓶,high,用于拉线拉紧功能，材质为瓷
1360-1,1360,保险、绝缘及电热材料 > 绝缘材料 > 低压绝缘子,material,J拉紧绝缘子,花篮瓷瓶,medium,部分形状类似花篮，现场口语叫法
1360-1,1360,保险、绝缘及电热材料 > 绝缘材料 > 低压绝缘子,material,PD低压针式绝缘子,针式瓷瓶,high,针式绝缘子的通用俗称
1360-1,1360,保险、绝缘及电热材料 > 绝缘材料 > 低压绝缘子,material,PD低压针式绝缘子,直瓶,high,因直立安装，施工现场称直瓶
1360-1,1360,保险、绝缘及电热材料 > 绝缘材料 > 低压绝缘子,material,PD低压针式绝缘子,立瓶,medium,施工现场口语，与直瓶同义
1360-1,1360,保险、绝缘及电热材料 > 绝缘材料 > 低压绝缘子,material,PD低压针式绝缘子,PD针瓶,medium,型号加针瓶简称
1360-1,1360,保险、绝缘及电热材料 > 绝缘材料 > 低压绝缘子,material,WX电车绝缘子,电车瓷瓶,high,用于电车线路，俗称电车瓷瓶
1360-1,1360,保险、绝缘及电热材料 > 绝缘材料 > 低压绝缘子,material,WX电车绝缘子,WX瓷瓶,medium,型号加瓷瓶
1360-1,1360,保险、绝缘及电热材料 > 绝缘材料 > 低压绝缘子,material,低压蝶式绝缘子,蝴蝶瓷瓶,high,蝶式绝缘子外形如蝴蝶，常用别名
1360-1,1360,保险、绝缘及电热材料 > 绝缘材料 > 低压绝缘子,material,低压蝶式绝缘子,低压蝴蝶瓶,high,加低压前缀的俗称
1360-1,1360,保险、绝缘及电热材料 > 绝缘材料 > 低压绝缘子,material,低压蝶式绝缘子,蝶式瓷瓶,high,蝶式与瓷瓶组合
1360-1,1360,保险、绝缘及电热材料 > 绝缘材料 > 低压绝缘子,material,低压针式绝缘子,针式瓷瓶,high,低压针式绝缘子的通用俗称
1360-1,1360,保险、绝缘及电热材料 > 绝缘材料 > 低压绝缘子,material,低压针式绝缘子,直瓶,high,因其直立安装的特性
1360-1,1360,保险、绝缘及电热材料 > 绝缘材料 > 低压绝缘子,material,低压针式绝缘子,低压针瓶,medium,低压针式绝缘子的简略称呼
1360-1,1360,保险、绝缘及电热材料 > 绝缘材料 > 低压绝缘子,material,绝缘子,瓷瓶,high,所有绝缘子的通用俗称
1360-1,1360,保险、绝缘及电热材料 > 绝缘材料 > 低压绝缘子,material,绝缘子,电瓷,high,行业统称绝缘子为电瓷
1360-1,1360,保险、绝缘及电热材料 > 绝缘材料 > 低压绝缘子,material,绝缘子,绝缘瓶,medium,绝缘子的别称
1361-1,1361,保险、绝缘及电热材料 > 绝缘材料 > 绝缘穿墙套管、瓷套管,category,绝缘穿墙套管、瓷套管,穿墙套管,high,施工现场统一简称，涵盖各类穿墙绝缘套管
1361-1,1361,保险、绝缘及电热材料 > 绝缘材料 > 绝缘穿墙套管、瓷套管,category,绝缘穿墙套管、瓷套管,瓷套管,high,按主体材质统称瓷绝缘穿墙套管
1361-1,1361,保险、绝缘及电热材料 > 绝缘材料 > 绝缘穿墙套管、瓷套管,category,绝缘穿墙套管、瓷套管,穿墙瓷瓶,medium,一些地区对瓷穿墙套管的习惯叫法
1361-1,1361,保险、绝缘及电热材料 > 绝缘材料 > 绝缘穿墙套管、瓷套管,material,导杆式穿墙瓷套管,导杆套管,high,施工现场简称
1361-1,1361,保险、绝缘及电热材料 > 绝缘材料 > 绝缘穿墙套管、瓷套管,material,导杆式穿墙瓷套管,导杆瓷套管,medium,突出瓷材质与导杆结构
1361-1,1361,保险、绝缘及电热材料 > 绝缘材料 > 绝缘穿墙套管、瓷套管,material,母线式穿墙瓷套管,母线套管,high,施工现场简称，用于母线穿墙
1361-1,1361,保险、绝缘及电热材料 > 绝缘材料 > 绝缘穿墙套管、瓷套管,material,母线式穿墙瓷套管,母线瓷套管,medium,强调瓷套管和母线用的结合
1361-1,1361,保险、绝缘及电热材料 > 绝缘材料 > 绝缘穿墙套管、瓷套管,material,油纸电容式穿墙套管,电容套管,high,现场简称，突出电容式绝缘结构
1361-1,1361,保险、绝缘及电热材料 > 绝缘材料 > 绝缘穿墙套管、瓷套管,material,油纸电容式穿墙套管,油纸电容套管,medium,直接采用油纸电容特征命名
1361-1,1361,保险、绝缘及电热材料 > 绝缘材料 > 绝缘穿墙套管、瓷套管,material,油纸电容式穿墙套管,电容式穿墙套管,medium,全称简化
1361-1,1361,保险、绝缘及电热材料 > 绝缘材料 > 绝缘穿墙套管、瓷套管,material,直瓷管,直瓷套管,high,现场俗称，明确是直的瓷套管
1361-1,1361,保险、绝缘及电热材料 > 绝缘材料 > 绝缘穿墙套管、瓷套管,material,直瓷管,瓷直管,low,颠倒语序的叫法
1361-1,1361,保险、绝缘及电热材料 > 绝缘材料 > 绝缘穿墙套管、瓷套管,material,绝缘穿墙套管,绝缘套管,high,省略穿墙的简称，采购中常见
1361-1,1361,保险、绝缘及电热材料 > 绝缘材料 > 绝缘穿墙套管、瓷套管,material,绝缘穿墙套管,穿墙绝缘套,medium,口语省略尾部
1361-1,1361,保险、绝缘及电热材料 > 绝缘材料 > 绝缘穿墙套管、瓷套管,material,绝缘穿墙套管,绝缘瓷套,low,突出瓷绝缘特征
1358-1,1358,保险、绝缘及电热材料 > 防雷接地材料 > 接地装置,category,接地装置,接地体,medium,施工现场常将接地装置统称为接地体
1358-1,1358,保险、绝缘及电热材料 > 防雷接地材料 > 接地装置,category,接地装置,接地极,medium,接地装置的核心部分，口语中有时混用
1837-1,1837,其他类别 > 其他品类 > 其他品类,material,办公耗材,办公消耗品,medium,采购时常用替代词
1837-1,1837,其他类别 > 其他品类 > 其他品类,material,办公耗材,耗材,medium,口语简化叫法
1837-1,1837,其他类别 > 其他品类 > 其他品类,material,办公设备,OA设备,high,办公自动化设备简称，采购场景通用
1837-1,1837,其他类别 > 其他品类 > 其他品类,material,办公设备,办公器材,medium,设备类统称
1837-1,1837,其他类别 > 其他品类 > 其他品类,material,国槐(种子),国槐籽,high,苗木采购常用称呼
1837-1,1837,其他类别 > 其他品类 > 其他品类,material,国槐(种子),槐树种子,high,通用说法
1837-1,1837,其他类别 > 其他品类 > 其他品类,material,电机保护器,电动机保护器,high,全称口语化替换
1837-1,1837,其他类别 > 其他品类 > 其他品类,material,电机保护器,马达保护器,high,工地俗称
1837-1,1837,其他类别 > 其他品类 > 其他品类,material,电机保护器,电机保护开关,medium,集成开关型保护器叫法
1837-1,1837,其他类别 > 其他品类 > 其他品类,material,电机调速器,电动机调速器,high,全称替换
1837-1,1837,其他类别 > 其他品类 > 其他品类,material,电机调速器,马达调速器,high,工地口语
1837-1,1837,其他类别 > 其他品类 > 其他品类,material,电机调速器,调速器,medium,简要简称
1837-1,1837,其他类别 > 其他品类 > 其他品类,material,粘滞耗能阻尼器,粘滞阻尼器,high,工程减震领域通用简称
1837-1,1837,其他类别 > 其他品类 > 其他品类,material,粘滞耗能阻尼器,油阻尼器,high,以内部介质俗称
1837-1,1837,其他类别 > 其他品类 > 其他品类,material,粘滞耗能阻尼器,液体阻尼器,medium,介质类型俗称
1837-1,1837,其他类别 > 其他品类 > 其他品类,material,联动指示灯模块,联动指示模块,medium,省略“灯”的现场叫法
1837-1,1837,其他类别 > 其他品类 > 其他品类,material,联动指示灯模块,指示灯联动模块,medium,词序调整口头称呼
1836-1,1836,其他类别 > 防疫、防护用品 > 其他防疫、防护用品,material,诊断试剂,检测试剂,high,在防疫物资采购和施工现场口语中，常将诊断试剂统称为检测试剂
1833-1,1833,其他类别 > 防疫、防护用品 > 测温用具,material,测温器,测温仪,medium,施工现场常将测温器统称为测温仪
1833-1,1833,其他类别 > 防疫、防护用品 > 测温用具,material,温度计,体温计,high,防疫场景下温度计通常指体温计
1833-1,1833,其他类别 > 防疫、防护用品 > 测温用具,material,温度计,温度表,low,部分施工记录中称温度表
1833-1,1833,其他类别 > 防疫、防护用品 > 测温用具,material,红外测温仪,红外测温枪,high,外形类似枪形，采购及施工现场常用叫法
1833-1,1833,其他类别 > 防疫、防护用品 > 测温用具,material,红外测温仪,额温枪,high,因常用于测量额头温度而得名
1833-1,1833,其他类别 > 防疫、防护用品 > 测温用具,material,红外测温仪,测温枪,high,简称，施工现场口语化叫法
1833-1,1833,其他类别 > 防疫、防护用品 > 测温用具,material,红外测温仪,红外线测温仪,high,全称的常见变体
170-1,170,厨房设备 > 存储设备 > 冷藏、冷冻柜（库）,category,冷藏、冷冻柜（库）,冷柜,medium,可能指冰柜、冷藏柜或冷冻柜，指向不唯一
170-1,170,厨房设备 > 存储设备 > 冷藏、冷冻柜（库）,category,冷藏、冷冻柜（库）,冻柜,low,可能指冰柜或冷冻库，指向不唯一
170-1,170,厨房设备 > 存储设备 > 冷藏、冷冻柜（库）,category,冷藏、冷冻柜（库）,冷藏柜,medium,可泛指冷藏设备，不特指某一具体品类
170-1,170,厨房设备 > 存储设备 > 冷藏、冷冻柜（库）,category,冷藏、冷冻柜（库）,冷冻柜,medium,可泛指冷冻设备，不特指某一具体品类
170-1,170,厨房设备 > 存储设备 > 冷藏、冷冻柜（库）,material,冰柜,卧式冰柜,high,强调形态的俗称
170-1,170,厨房设备 > 存储设备 > 冷藏、冷冻柜（库）,material,冷库,冻库,high,施工现场及采购中对冷冻库的简称
170-1,170,厨房设备 > 存储设备 > 冷藏、冷冻柜（库）,material,冷库,冷藏库,high,特指低温冷藏用途的库房
170-1,170,厨房设备 > 存储设备 > 冷藏、冷冻柜（库）,material,冷库,冷冻库,high,特指低温冷冻用途的库房
170-1,170,厨房设备 > 存储设备 > 冷藏、冷冻柜（库）,material,电冰箱,冰箱,high,最通用的简称
1758-1,1758,厨房设备 > 存储设备 > 展示柜、保鲜柜,category,展示柜、保鲜柜,展示冷柜,high,行业内将具有保鲜冷藏功能的展示柜统称为展示冷柜
1758-1,1758,厨房设备 > 存储设备 > 展示柜、保鲜柜,material,保鲜展示柜,冷藏展示柜,high,保鲜展示柜的常见别称，强调冷藏功能
1758-1,1758,厨房设备 > 存储设备 > 展示柜、保鲜柜,material,保鲜展示柜,保鲜陈列柜,medium,替代叫法，强调陈列属性
1758-1,1758,厨房设备 > 存储设备 > 展示柜、保鲜柜,material,保鲜工作台,冷藏工作台,high,厨房常用叫法，明确其冷藏保鲜功能
1758-1,1758,厨房设备 > 存储设备 > 展示柜、保鲜柜,material,风幕柜,风幕展示柜,high,全称形式，常用于采购清单
1758-1,1758,厨房设备 > 存储设备 > 展示柜、保鲜柜,material,风幕柜,立式风幕柜,medium,强调立式结构的叫法
1760-1,1760,厨房设备 > 存储设备 > 餐架,category,餐架,餐厅架子,medium,餐饮行业对餐架的俗称
1760-1,1760,厨房设备 > 存储设备 > 餐架,category,餐架,厨房置物架,low,厨房存储用架子统称
1760-1,1760,厨房设备 > 存储设备 > 餐架,material,厨房货架,厨房层架,medium,口语常称层架
1760-1,1760,厨房设备 > 存储设备 > 餐架,material,厨房货架,厨架,low,现场简称
1760-1,1760,厨房设备 > 存储设备 > 餐架,material,台上明架,台上架,medium,指放在台面上的开放式架子
1760-1,1760,厨房设备 > 存储设备 > 餐架,material,台上明架,台面明架,low,强调台面使用的明架
1760-1,1760,厨房设备 > 存储设备 > 餐架,material,台面立架,台面架,medium,台面使用的立式架子简称
1760-1,1760,厨房设备 > 存储设备 > 餐架,material,炒勺架,勺架,high,炒勺架简称
1760-1,1760,厨房设备 > 存储设备 > 餐架,material,炒勺架,炒勺挂架,medium,挂式炒勺架叫法
1760-1,1760,厨房设备 > 存储设备 > 餐架,material,烧腊挂架,腊味挂架,medium,烧腊也称腊味
1760-1,1760,厨房设备 > 存储设备 > 餐架,material,烧腊挂架,挂腊架,low,口语简化叫法
1760-1,1760,厨房设备 > 存储设备 > 餐架,material,热水器架,热水器支架,high,施工现场常称支架
1760-1,1760,厨房设备 > 存储设备 > 餐架,material,热水器架,热水器托架,medium,托举式架子叫法
1760-1,1760,厨房设备 > 存储设备 > 餐架,material,米面架,粮食架,medium,存放粮食用架子
1760-1,1760,厨房设备 > 存储设备 > 餐架,material,米面架,米面层架,low,层架式米面架叫法
1760-1,1760,厨房设备 > 存储设备 > 餐架,material,蒸盘架,蒸盘托架,medium,承托蒸盘的架子
1760-1,1760,厨房设备 > 存储设备 > 餐架,material,蒸笼架,蒸笼层架,medium,层叠放置蒸笼的架子
1760-1,1760,厨房设备 > 存储设备 > 餐架,material,蒸笼架,蒸笼托架,low,托住蒸笼的架子
1760-1,1760,厨房设备 > 存储设备 > 餐架,material,褂鸭架,挂鸭架,high,实际应为挂鸭架，褂为同音别字
1760-1,1760,厨房设备 > 存储设备 > 餐架,material,褂鸭架,烧鸭挂架,medium,烧腊用的挂鸭架
1759-1,1759,厨房设备 > 存储设备 > 餐柜,category,餐柜,餐橱,medium,餐柜的俗称，常用于餐厅或厨房中存放餐具的柜子
1759-1,1759,厨房设备 > 存储设备 > 餐柜,material,地柜,落地柜,high,地柜指直接放置于地面的柜子，俗称落地柜
1759-1,1759,厨房设备 > 存储设备 > 餐柜,material,矮柜,低柜,high,矮柜即高度较低的柜子，口语中常称为低柜
1759-1,1759,厨房设备 > 存储设备 > 餐柜,material,碗柜,碗橱,high,专门存放碗碟的柜子，民间常称为碗橱
1759-1,1759,厨房设备 > 存储设备 > 餐柜,material,纱网贮藏柜,纱网柜,high,带有纱网的贮藏柜，现场口语简化为纱网柜
1759-1,1759,厨房设备 > 存储设备 > 餐柜,material,贮藏柜,储物柜,high,用于贮藏物品的柜子，采购中常统称为储物柜
1759-1,1759,厨房设备 > 存储设备 > 餐柜,material,陈列柜,展示柜,high,用于陈列物品的柜子，俗称展示柜
1759-1,1759,厨房设备 > 存储设备 > 餐柜,material,陈列柜,展柜,high,展示柜的简称，现场常用叫法
1759-1,1759,厨房设备 > 存储设备 > 餐柜,material,食品柜,食物柜,medium,存放食品的柜子，口语中常称为食物柜
1759-1,1759,厨房设备 > 存储设备 > 餐柜,material,高柜,高身柜,medium,厨房设备中较高的柜子常称高身柜，供参考
1759-1,1759,厨房设备 > 存储设备 > 餐柜,material,高柜,立柜,medium,较高的竖立柜子俗称为立柜
1764-1,1764,厨房设备 > 洗涤与消毒设备 > 洗刷台、洗涮柜,material,墩布池,拖把池,high,墩布即拖把，施工现场和采购中常称拖把池
1764-1,1764,厨房设备 > 洗涤与消毒设备 > 洗刷台、洗涮柜,material,墩布池,拖布池,high,部分地区口语称拖把为拖布
1764-1,1764,厨房设备 > 洗涤与消毒设备 > 洗刷台、洗涮柜,material,墩布池,涮墩布池,medium,强调涮洗墩布的功能，俗称涮墩布池
1764-1,1764,厨房设备 > 洗涤与消毒设备 > 洗刷台、洗涮柜,material,洗刷台,洗涤台,medium,洗刷与洗涤功能相近，采购中常混称为洗涤台
1764-1,1764,厨房设备 > 洗涤与消毒设备 > 洗刷台、洗涮柜,material,洗涮柜,水槽柜,medium,洗涮柜通常结合水槽与柜体，现场口语称水槽柜
1762-1,1762,厨房设备 > 洗涤与消毒设备 > 洗碗机,material,传送带式洗碗机,通道式洗碗机,high,因传送带形成清洗通道而得名
1762-1,1762,厨房设备 > 洗涤与消毒设备 > 洗碗机,material,传送带式洗碗机,长龙式洗碗机,medium,大型传送带洗碗机外形似长龙
1762-1,1762,厨房设备 > 洗涤与消毒设备 > 洗碗机,material,台式洗碗机,台上型洗碗机,medium,放在台面上使用
1762-1,1762,厨房设备 > 洗涤与消毒设备 > 洗碗机,material,柜式洗碗机,落地式洗碗机,medium,立式柜体，落地放置
1762-1,1762,厨房设备 > 洗涤与消毒设备 > 洗碗机,material,柜式洗碗机,立式洗碗机,medium,相对于台式而言
1762-1,1762,厨房设备 > 洗涤与消毒设备 > 洗碗机,material,超声波洗碗机,超声洗碗机,high,简称
1763-1,1763,厨房设备 > 洗涤与消毒设备 > 消毒柜,category,消毒柜,消毒碗柜,high,市场上消毒柜常被泛称为消毒碗柜，尤其指食具消毒柜
1763-1,1763,厨房设备 > 洗涤与消毒设备 > 消毒柜,category,消毒柜,碗柜消毒机,medium,部分采购人员对消毒柜的口语叫法
1763-1,1763,厨房设备 > 洗涤与消毒设备 > 消毒柜,category,消毒柜,杀菌柜,medium,消毒柜的通用别称
1763-1,1763,厨房设备 > 洗涤与消毒设备 > 消毒柜,material,热毛巾柜,毛巾消毒柜,high,热毛巾柜通常具备加热消毒功能，现场常称毛巾消毒柜
1763-1,1763,厨房设备 > 洗涤与消毒设备 > 消毒柜,material,热毛巾柜,毛巾保温消毒柜,medium,部分产品兼具保温与消毒，采购中常用此叫法
1763-1,1763,厨房设备 > 洗涤与消毒设备 > 消毒柜,material,电热消毒柜,高温消毒柜,high,电热消毒柜主要依靠远红外等发热元件产生高温进行消毒，俗称高温消毒柜
1763-1,1763,厨房设备 > 洗涤与消毒设备 > 消毒柜,material,电热消毒柜,远红外消毒柜,medium,电热消毒柜常用远红外加热方式，很多采购直接称远红外消毒柜
1763-1,1763,厨房设备 > 洗涤与消毒设备 > 消毒柜,material,电热消毒柜,红外线消毒柜,low,远红外线的简称，施工和采购中偶尔混用
1763-1,1763,厨房设备 > 洗涤与消毒设备 > 消毒柜,material,电热消毒柜防爆,防爆电热消毒柜,high,产品标准命名常把防爆前置，采购口语中也会倒置
1763-1,1763,厨房设备 > 洗涤与消毒设备 > 消毒柜,material,电热消毒柜防爆,防爆型高温消毒柜,medium,强调防爆性能的高温消毒柜
1763-1,1763,厨房设备 > 洗涤与消毒设备 > 消毒柜,material,组合型食具消毒柜,组合消毒柜,high,简称，省略‘型食具’
1763-1,1763,厨房设备 > 洗涤与消毒设备 > 消毒柜,material,组合型食具消毒柜,多功能食具消毒柜,medium,因为组合多种消毒方式，有时被称作多功能
1763-1,1763,厨房设备 > 洗涤与消毒设备 > 消毒柜,material,组合型食具消毒柜,混合消毒柜,low,一些采购人员对组合型消毒模式的通俗描述
1763-1,1763,厨房设备 > 洗涤与消毒设备 > 消毒柜,material,臭氧加紫外线消毒柜,臭氧紫外线消毒柜,high,省略‘加’字，最常见的叫法
1763-1,1763,厨房设备 > 洗涤与消毒设备 > 消毒柜,material,臭氧加紫外线消毒柜,紫外线臭氧消毒柜,medium,口语中顺序颠倒但指向同一品种
1763-1,1763,厨房设备 > 洗涤与消毒设备 > 消毒柜,material,臭氧加紫外线消毒柜,双模消毒柜,low,一些厂家将臭氧+紫外线称为双模消毒，偶尔在采购中提及
1763-1,1763,厨房设备 > 洗涤与消毒设备 > 消毒柜,material,臭氧消毒柜,臭氧杀菌柜,medium,消毒与杀菌在口语中常互换，臭氧类多叫杀菌柜
1763-1,1763,厨房设备 > 洗涤与消毒设备 > 消毒柜,material,臭氧消毒柜,低温消毒柜,medium,臭氧消毒不依赖高温，常被泛称为低温消毒柜
1763-1,1763,厨房设备 > 洗涤与消毒设备 > 消毒柜,material,蒸汽消毒柜,蒸汽杀菌柜,high,消毒与杀菌混用，蒸汽类多称杀菌柜
1763-1,1763,厨房设备 > 洗涤与消毒设备 > 消毒柜,material,蒸汽消毒柜,高温蒸汽消毒柜,medium,强调蒸汽的温度特性，采购时常用全称
1763-1,1763,厨房设备 > 洗涤与消毒设备 > 消毒柜,material,蒸汽消毒柜,蒸汽消毒箱,low,小型蒸汽消毒设备有时被称为箱
1765-1,1765,厨房设备 > 洗涤与消毒设备 > 盆台,category,盆台,水池台,high,施工现场常将盆台称为水池台，因主要功能为洗涤
1765-1,1765,厨房设备 > 洗涤与消毒设备 > 盆台,category,盆台,洗涮台,medium,口语中常统称洗涮台
1765-1,1765,厨房设备 > 洗涤与消毒设备 > 盆台,category,盆台,水槽工作台,medium,部分采购清单中称水槽工作台
1765-1,1765,厨房设备 > 洗涤与消毒设备 > 盆台,material,三星盆台,三星水池,high,星盆含义为沥水星形槽，口语常直接称三星水池
1765-1,1765,厨房设备 > 洗涤与消毒设备 > 盆台,material,三星盆台,三槽水池台,medium,因有三个洗涤槽，部分地区叫三槽水池台
1765-1,1765,厨房设备 > 洗涤与消毒设备 > 盆台,material,三星盆台,三连池台,low,现场可能简称为三连池台
1765-1,1765,厨房设备 > 洗涤与消毒设备 > 盆台,material,单大星盆台,大单星,high,单大星盆的简称，采购中常写大单星
1765-1,1765,厨房设备 > 洗涤与消毒设备 > 盆台,material,单大星盆台,大单槽台,high,强调单槽且尺寸大
1765-1,1765,厨房设备 > 洗涤与消毒设备 > 盆台,material,单大星盆台,大单星水池,medium,带星盆的水池叫法
1765-1,1765,厨房设备 > 洗涤与消毒设备 > 盆台,material,单星盆台,单星水池,high,一个星盆的水池台
1765-1,1765,厨房设备 > 洗涤与消毒设备 > 盆台,material,单星盆台,单槽台,high,现场单槽洗涤台的简称
1765-1,1765,厨房设备 > 洗涤与消毒设备 > 盆台,material,双星盆台,双星水池,high,两个星盆的水池台
1765-1,1765,厨房设备 > 洗涤与消毒设备 > 盆台,material,双星盆台,双槽台,high,双槽洗涤工作台的简称
1769-2,1769,厨房设备 > 烹调设备 > 灶具,category,灶具,炉灶,high,行业广泛使用，灶具常被称为炉灶
1769-2,1769,厨房设备 > 烹调设备 > 灶具,category,灶具,火灶,medium,口语中有时简称火灶
1769-2,1769,厨房设备 > 烹调设备 > 灶具,category,灶具,灶台,high,施工现场习惯称灶台
1769-2,1769,厨房设备 > 烹调设备 > 灶具,material,四眼鼓风灶,四头鼓风灶,high,眼即灶头，口语常说四头
1769-2,1769,厨房设备 > 烹调设备 > 灶具,material,四眼鼓风灶,四眼猛火灶,medium,鼓风灶火力猛，也称猛火灶
1769-2,1769,厨房设备 > 烹调设备 > 灶具,material,大锅灶,大灶,high,口语简称，采购时常说大灶
1769-2,1769,厨房设备 > 烹调设备 > 灶具,material,大锅灶,食堂大锅灶,high,常用于食堂场合的俗称
1769-2,1769,厨房设备 > 烹调设备 > 灶具,material,大锅灶,大铁锅灶,medium,大锅通常为铁锅，现场称呼
1769-2,1769,厨房设备 > 烹调设备 > 灶具,material,嵌入式燃气灶,嵌入灶,high,口语缩略语
1769-2,1769,厨房设备 > 烹调设备 > 灶具,material,嵌入式燃气灶,嵌入式灶,high,略去燃气二字，常用
1769-2,1769,厨房设备 > 烹调设备 > 灶具,material,嵌入式燃气灶,内嵌式燃气灶,medium,部分地区习惯叫法
1769-2,1769,厨房设备 > 烹调设备 > 灶具,material,燃气灶,煤气灶,high,民间仍广泛使用煤气灶称呼，不论气源
1769-2,1769,厨房设备 > 烹调设备 > 灶具,material,燃气灶,液化气灶,medium,使用液化气时口语叫法
1769-2,1769,厨房设备 > 烹调设备 > 灶具,material,西餐不锈钢六眼灶,六眼西餐灶,high,语序调整，同样含义
1769-2,1769,厨房设备 > 烹调设备 > 灶具,material,西餐不锈钢六眼灶,西式六眼灶,medium,西餐灶也称西式灶
1769-2,1769,厨房设备 > 烹调设备 > 灶具,material,西餐不锈钢六眼灶,六头西餐炉,medium,行业习惯称六头
1769-2,1769,厨房设备 > 烹调设备 > 灶具,material,铸铁炉盘64灶,铸铁64灶,low,简化表达，64指型号或灶眼数
1769-2,1769,厨房设备 > 烹调设备 > 灶具,material,铸铁炉盘64灶,铁盘灶,low,铸铁炉盘简称为铁盘，口语中可能出现
1769-2,1769,厨房设备 > 烹调设备 > 灶具,material,鼓风灶,鼓风机灶,high,带鼓风机的灶，全称俗称
1769-2,1769,厨房设备 > 烹调设备 > 灶具,material,鼓风灶,猛火灶,high,鼓风增强火力，市场常称猛火灶
1769-2,1769,厨房设备 > 烹调设备 > 灶具,material,鼓风灶,强力灶,low,强调火力强，部分商家推广语
1768-2,1768,厨房设备 > 烹调设备 > 炉具,material,蒸炉,蒸灶,medium,厨房设备采购中常将燃气蒸炉简称为蒸灶
1768-2,1768,厨房设备 > 烹调设备 > 炉具,material,面火炉,上火炉,medium,因加热源在顶部，业内常称为上火炉
1768-2,1768,厨房设备 > 烹调设备 > 炉具,material,餐炉,布菲炉,high,自助餐保温炉的常见音译叫法
1768-2,1768,厨房设备 > 烹调设备 > 炉具,material,餐炉,自助餐炉,high,根据使用场景的通俗叫法
1768-2,1768,厨房设备 > 烹调设备 > 炉具,material,餐炉,保温餐炉,medium,强调保温功能的别称
1770-1,1770,厨房设备 > 烹调设备 > 烤箱及蒸具,category,烤箱及蒸具,烤蒸设备,medium,在采购清单或施工现场，常将烤箱与蒸具类统称为烤蒸设备
1770-1,1770,厨房设备 > 烹调设备 > 烤箱及蒸具,material,三层烤箱,三层烤炉,medium,口语中常将烤箱称作烤炉，特别是大型商用设备
1770-1,1770,厨房设备 > 烹调设备 > 烤箱及蒸具,material,单层烤箱,单层烤炉,medium,同理，单层烤箱常被叫成单层烤炉
1770-1,1770,厨房设备 > 烹调设备 > 烤箱及蒸具,material,单门燃气蒸箱,单门燃气蒸柜,medium,蒸箱与蒸柜在现场称呼中经常互换
1770-1,1770,厨房设备 > 烹调设备 > 烤箱及蒸具,material,单门电气两用蒸箱,电气两用蒸柜,medium,电气两用的蒸箱习惯上也叫蒸柜
1770-1,1770,厨房设备 > 烹调设备 > 烤箱及蒸具,material,双层烤箱,双层烤炉,medium,双层烤箱在工地或厨房设备采购中俗称双层烤炉
1770-1,1770,厨房设备 > 烹调设备 > 烤箱及蒸具,material,海鲜蒸箱,海鲜蒸柜,medium,海鲜蒸箱专门用于蒸制海鲜，也常被叫做海鲜蒸柜
1770-1,1770,厨房设备 > 烹调设备 > 烤箱及蒸具,material,电烤箱,电烤炉,high,电烤箱在日常生活中也常被称为电烤炉
1770-1,1770,厨房设备 > 烹调设备 > 烤箱及蒸具,material,电饭煲,电饭锅,high,电饭煲与电饭锅在口语中常常通用
1770-1,1770,厨房设备 > 烹调设备 > 烤箱及蒸具,material,蒸饭柜,蒸饭箱,high,厨房设备中蒸饭柜也常被叫作蒸饭箱
1770-1,1770,厨房设备 > 烹调设备 > 烤箱及蒸具,material,蒸饭柜,蒸饭车,high,尤其是带轮子可移动的蒸饭柜，俗称蒸饭车
1767-1,1767,厨房设备 > 调理设备 > 小型食品加工机械,material,元霄机,汤圆机,high,元宵与汤圆常混称，市场上制作元宵的机器也常被称为汤圆机
1767-1,1767,厨房设备 > 调理设备 > 小型食品加工机械,material,分离式磨浆机,浆渣分离机,high,该类机器核心功能为磨浆并自动分离豆渣，行业内常称浆渣分离机
1767-1,1767,厨房设备 > 调理设备 > 小型食品加工机械,material,发酵箱,醒发箱,high,发酵箱在面包、面点行业普遍称为醒发箱，功能一致
1767-1,1767,厨房设备 > 调理设备 > 小型食品加工机械,material,发酵箱,发酵柜,medium,立式大型发酵箱也常被叫作发酵柜
1767-1,1767,厨房设备 > 调理设备 > 小型食品加工机械,material,商用炒冰机,冰卷机,medium,炒冰机常用于制作炒冰卷，业内亦有称之为冰卷机
1767-1,1767,厨房设备 > 调理设备 > 小型食品加工机械,material,果蔬净洗机,洗菜机,high,用于清洗蔬菜水果，口语中直接称为洗菜机
1767-1,1767,厨房设备 > 调理设备 > 小型食品加工机械,material,果蔬净洗机,果蔬清洗机,high,全称简化，也是常见叫法
1767-1,1767,厨房设备 > 调理设备 > 小型食品加工机械,material,沙冰机,冰沙机,high,沙冰与冰沙同义，另一种常用叫法
1767-1,1767,厨房设备 > 调理设备 > 小型食品加工机械,material,电热汤煲,电汤煲,high,电热汤煲的简称，采购时常用
1767-1,1767,厨房设备 > 调理设备 > 小型食品加工机械,material,电热汤煲,电热汤锅,medium,外形类锅，也有人称之为电热汤锅
1767-1,1767,厨房设备 > 调理设备 > 小型食品加工机械,material,电磁汤桶,电磁煲汤桶,high,采用电磁加热的汤桶，常被叫为电磁煲汤桶
1767-1,1767,厨房设备 > 调理设备 > 小型食品加工机械,material,电磁汤桶,电磁汤锅,medium,部分商用场合也称之为电磁汤锅
1767-1,1767,厨房设备 > 调理设备 > 小型食品加工机械,material,立式和面机,打面机,high,烘焙行业内，常将立式和面机直接叫作打面机
1767-1,1767,厨房设备 > 调理设备 > 小型食品加工机械,material,米粉机,米线机,high,米粉与米线在很多地区混称，机器常通称为米线机
1767-2,1767,厨房设备 > 调理设备 > 小型食品加工机械,category,小型食品加工机械,小食品机械,medium,在采购和施工现场的口语简称
1767-2,1767,厨房设备 > 调理设备 > 小型食品加工机械,material,菜馅机,切菜机,high,行业内常将切菜馅的设备称为切菜机
1767-2,1767,厨房设备 > 调理设备 > 小型食品加工机械,material,菜馅机,蔬菜切碎机,medium,功能描述性叫法
1767-2,1767,厨房设备 > 调理设备 > 小型食品加工机械,material,豆奶机,豆乳机,medium,豆奶即豆乳，行业称呼
1767-2,1767,厨房设备 > 调理设备 > 小型食品加工机械,material,酥皮机,开酥机,high,烘焙行业的俗称
1767-2,1767,厨房设备 > 调理设备 > 小型食品加工机械,material,酥皮机,起酥机,medium,功能叫法
1767-2,1767,厨房设备 > 调理设备 > 小型食品加工机械,material,醒发机,醒发箱,high,常用称呼
1767-2,1767,厨房设备 > 调理设备 > 小型食品加工机械,material,醒发机,发酵箱,high,根据功能命名
1767-2,1767,厨房设备 > 调理设备 > 小型食品加工机械,material,锯骨机,切骨机,high,切割骨头，通俗叫法
1767-2,1767,厨房设备 > 调理设备 > 小型食品加工机械,material,锯骨机,骨锯机,medium,直接描述
1767-2,1767,厨房设备 > 调理设备 > 小型食品加工机械,material,面条机,压面机,high,制作面条的主要机制，口语常用
1767-2,1767,厨房设备 > 调理设备 > 小型食品加工机械,material,面条机,轧面机,medium,同压面机
193-1,193,吸声、抗辐射及无损探伤材料 > 吸声材料 > 复合吸音板,material,陶铝穿孔吸音板,陶铝穿孔板,medium,施工现场常省略“吸音”直称板材类型
193-1,193,吸声、抗辐射及无损探伤材料 > 吸声材料 > 复合吸音板,material,陶铝穿孔吸音板,陶铝吸音板,medium,省略“穿孔”的简称
193-1,193,吸声、抗辐射及无损探伤材料 > 吸声材料 > 复合吸音板,material,陶铝穿孔吸音板,陶瓷铝吸音板,low,全称扩展叫法
1162-1,1162,周转材料及工器具 > 其他周转材料 > 胎具、模具类周转材料,category,胎具、模具类周转材料,工装模具,medium,施工现场对用于约束混凝土或构件形状的周转模具的统称，含胎具、模具
1162-1,1162,周转材料及工器具 > 其他周转材料 > 胎具、模具类周转材料,category,胎具、模具类周转材料,模具类周转料,medium,直接指明该类材料属于模具类别的周转材料
1162-1,1162,周转材料及工器具 > 其他周转材料 > 胎具、模具类周转材料,material,开孔器模具,开孔模具,medium,现场常简化称呼，省略“器”字，直接用于制作预留孔的模具
1162-1,1162,周转材料及工器具 > 其他周转材料 > 胎具、模具类周转材料,material,开孔器模具,留孔模,low,在混凝土浇筑中为形成孔洞而预埋的模具，亦有人俗称留孔模
1162-1,1162,周转材料及工器具 > 其他周转材料 > 胎具、模具类周转材料,material,模具套,成套模具,medium,强调多件组合、成套供应的模具，采购时常用于描述模具套
1162-1,1162,周转材料及工器具 > 其他周转材料 > 胎具、模具类周转材料,material,模具套,模具组合,medium,指多部分组合而成的模具系统，与模具套含义相近
1162-1,1162,周转材料及工器具 > 其他周转材料 > 胎具、模具类周转材料,material,模壳,壳模,medium,行业简称，尤其用于塑料或玻璃钢模壳
1162-1,1162,周转材料及工器具 > 其他周转材料 > 胎具、模具类周转材料,material,模壳,模板模壳,low,有时为了与普通模板区分，强调其成壳形状
1162-1,1162,周转材料及工器具 > 其他周转材料 > 胎具、模具类周转材料,material,浮置板模台,浮置板模具台,medium,浮置板预制时使用的整体模具平台，现场常合并为模具台
1162-1,1162,周转材料及工器具 > 其他周转材料 > 胎具、模具类周转材料,material,浮置板模台,浮置板成型模,low,强调用于成型浮置板的模具，部分技术人员口语使用
1162-1,1162,周转材料及工器具 > 其他周转材料 > 胎具、模具类周转材料,material,液压钳模具,压模,high,液压钳配件，用于压接作业，采购和施工中常直接称压模
1162-1,1162,周转材料及工器具 > 其他周转材料 > 胎具、模具类周转材料,material,液压钳模具,钳口模具,medium,因安装于液压钳钳口位置，部分工人称钳口模具
1162-1,1162,周转材料及工器具 > 其他周转材料 > 胎具、模具类周转材料,material,混凝土试模,试块模,high,制作混凝土试块的标准模具，口语中普遍叫试块模
1162-1,1162,周转材料及工器具 > 其他周转材料 > 胎具、模具类周转材料,material,混凝土试模,三联试模,medium,当为三联一组时，采购和试验人员常称三联试模
1162-1,1162,周转材料及工器具 > 其他周转材料 > 胎具、模具类周转材料,material,管片模具,管片钢模,medium,隧道管片多采用高精度钢模具，因此常称管片钢模
1162-1,1162,周转材料及工器具 > 其他周转材料 > 胎具、模具类周转材料,material,管片模具,盾构管片模具,medium,强调用于盾构隧道管片，完整名称的简称
1162-1,1162,周转材料及工器具 > 其他周转材料 > 胎具、模具类周转材料,material,脱模器,脱模机,medium,施工现场对于脱模设备的口语化称呼，较常见
1162-1,1162,周转材料及工器具 > 其他周转材料 > 胎具、模具类周转材料,material,脱模器,脱模装置,medium,较为正式或概括的名称，也用于采购清单
1161-2,1161,周转材料及工器具 > 围护、运输类周转材料 > 运输类周转材料,category,运输类周转材料,运输周转材,high,运输类周转材料的简称
1161-2,1161,周转材料及工器具 > 围护、运输类周转材料 > 运输类周转材料,material,砖车,运砖车,medium,工地上对运输砖块用车的口头称呼
1161-2,1161,周转材料及工器具 > 围护、运输类周转材料 > 运输类周转材料,material,砖车,砖斗车,medium,翻斗式砖车常见叫法
1161-2,1161,周转材料及工器具 > 围护、运输类周转材料 > 运输类周转材料,material,竹挡土板,竹挡板,high,施工人员口语简称
1161-2,1161,周转材料及工器具 > 围护、运输类周转材料 > 运输类周转材料,material,组合式木塑围挡,塑木围挡,high,木塑材料俗称塑木，此叫法常见
1161-2,1161,周转材料及工器具 > 围护、运输类周转材料 > 运输类周转材料,material,组合式木塑围挡,木塑组合围挡,medium,突出组合式特点的称谓
1161-2,1161,周转材料及工器具 > 围护、运输类周转材料 > 运输类周转材料,material,组装式防护栏杆,拼装防护栏杆,medium,组装式即拼装式，现场口语
1161-2,1161,周转材料及工器具 > 围护、运输类周转材料 > 运输类周转材料,material,组装式防护栏杆,可拆装护栏,medium,强调可拆卸特征
1161-2,1161,周转材料及工器具 > 围护、运输类周转材料 > 运输类周转材料,material,网片式防护围栏,临边网片,high,用于临边防护的网片式围栏简称
1161-2,1161,周转材料及工器具 > 围护、运输类周转材料 > 运输类周转材料,material,网片式防护围栏,安全围网,medium,网片式围栏也称安全网片围挡
1161-2,1161,周转材料及工器具 > 围护、运输类周转材料 > 运输类周转材料,material,落地围挡,施工围挡,high,落地式围挡在施工中通用叫法
1161-2,1161,周转材料及工器具 > 围护、运输类周转材料 > 运输类周转材料,material,落地围挡,临时围挡,medium,常用于临时封闭的落地围挡
1161-2,1161,周转材料及工器具 > 围护、运输类周转材料 > 运输类周转材料,material,钢筋加工棚,钢筋棚,high,工地口语简称
1161-2,1161,周转材料及工器具 > 围护、运输类周转材料 > 运输类周转材料,material,钢筋加工棚,钢筋防护棚,high,带防护功能的钢筋加工棚称呼
1167-3,1167,周转材料及工器具 > 工器具 > 土木工具,material,铁水平尺,铁水平,medium,在施工现场口语中常简称铁水平
1173-1,1173,周转材料及工器具 > 工器具 > 实验室用工器具,category,实验室用工器具,试验室工器具,high,实验室在工程中常称试验室
1173-1,1173,周转材料及工器具 > 工器具 > 实验室用工器具,category,实验室用工器具,实验室工具,medium,口语简化
1173-1,1173,周转材料及工器具 > 工器具 > 实验室用工器具,material,土比重瓶,土壤比重瓶,high,土工试验专用称谓
1173-1,1173,周转材料及工器具 > 工器具 > 实验室用工器具,material,土比重瓶,土粒比重瓶,medium,用于测土粒比重
1173-1,1173,周转材料及工器具 > 工器具 > 实验室用工器具,material,容量瓶,量瓶,high,容量瓶的简称，采购中常用
1173-1,1173,周转材料及工器具 > 工器具 > 实验室用工器具,material,容量瓶,定容瓶,medium,用于定容操作，口语叫法
1173-1,1173,周转材料及工器具 > 工器具 > 实验室用工器具,material,振筛机,筛分机,high,振筛机的主要功能，俗称筛分机
1173-1,1173,周转材料及工器具 > 工器具 > 实验室用工器具,material,振筛机,振动筛,medium,利用振动筛分，现场简称
1173-1,1173,周转材料及工器具 > 工器具 > 实验室用工器具,material,李氏比重瓶,李氏瓶,high,李氏比重瓶的约定俗成简称
1173-1,1173,周转材料及工器具 > 工器具 > 实验室用工器具,material,李氏比重瓶,水泥比重瓶（李氏）,medium,用于测水泥密度时叫法
1173-1,1173,周转材料及工器具 > 工器具 > 实验室用工器具,material,标准筛,试验筛,high,标准筛在试验中称为试验筛
1173-1,1173,周转材料及工器具 > 工器具 > 实验室用工器具,material,标准筛,套筛,high,多孔径一套，现场叫套筛
1173-1,1173,周转材料及工器具 > 工器具 > 实验室用工器具,material,比重瓶,密度瓶,high,比重瓶又称密度瓶
1173-1,1173,周转材料及工器具 > 工器具 > 实验室用工器具,material,比重瓶,磨口比重瓶,medium,常见带磨口的比重瓶的叫法
1173-1,1173,周转材料及工器具 > 工器具 > 实验室用工器具,material,水泥筛,水泥负压筛,high,常指负压筛析仪用的筛子
1173-1,1173,周转材料及工器具 > 工器具 > 实验室用工器具,material,水泥筛,水泥细度筛,high,用于水泥细度检测
1173-1,1173,周转材料及工器具 > 工器具 > 实验室用工器具,material,灌砂筒,灌砂仪,high,灌砂法检测设备统称
1173-1,1173,周转材料及工器具 > 工器具 > 实验室用工器具,material,灌砂筒,压实度灌砂筒,medium,突出用途，现场口语
1173-1,1173,周转材料及工器具 > 工器具 > 实验室用工器具,material,烧瓶、量瓶,三角瓶,high,烧瓶多指锥形瓶，俗称三角瓶
1173-1,1173,周转材料及工器具 > 工器具 > 实验室用工器具,material,烧瓶、量瓶,锥形瓶,high,另一种学名兼俗称
1173-1,1173,周转材料及工器具 > 工器具 > 实验室用工器具,material,烧瓶、量瓶,定容瓶,medium,量瓶即容量瓶，定容瓶
1173-1,1173,周转材料及工器具 > 工器具 > 实验室用工器具,material,电热鼓风干燥箱,干燥箱,high,省略电热鼓风
1173-1,1173,周转材料及工器具 > 工器具 > 实验室用工器具,material,电热鼓风干燥箱,烘箱,high,实验室普遍叫法
1173-1,1173,周转材料及工器具 > 工器具 > 实验室用工器具,material,电热鼓风干燥箱,鼓风烘箱,medium,带鼓风功能的简称
1173-1,1173,周转材料及工器具 > 工器具 > 实验室用工器具,material,粉煤灰细度筛,粉煤灰筛,high,简称
1173-1,1173,周转材料及工器具 > 工器具 > 实验室用工器具,material,粉煤灰细度筛,粉煤灰负压筛,medium,常为负压筛析仪配件
1173-1,1173,周转材料及工器具 > 工器具 > 实验室用工器具,material,试剂瓶,化学瓶,medium,装化学试剂的口语叫法
1173-1,1173,周转材料及工器具 > 工器具 > 实验室用工器具,material,试剂瓶,试药瓶,low,试剂又称试药
1173-1,1173,周转材料及工器具 > 工器具 > 实验室用工器具,material,试验瓶,试样瓶,medium,装试验样品的瓶子
1173-1,1173,周转材料及工器具 > 工器具 > 实验室用工器具,material,试验瓶,样品瓶,medium,通用叫法
1164-1,1164,周转材料及工器具 > 工器具 > 手动起重工具,material,千斤顶,千斤,high,施工现场口语简称
1164-1,1164,周转材料及工器具 > 工器具 > 手动起重工具,material,吊滑车,滑车,medium,吊装用滑轮的通用叫法
1164-1,1164,周转材料及工器具 > 工器具 > 手动起重工具,material,手拉葫芦,倒链,high,非常普遍的俗称
1164-1,1164,周转材料及工器具 > 工器具 > 手动起重工具,material,手拉葫芦,葫芦,high,施工现场简称
1164-1,1164,周转材料及工器具 > 工器具 > 手动起重工具,material,手拉葫芦,神仙葫芦,medium,旧式俗称
1164-1,1164,周转材料及工器具 > 工器具 > 手动起重工具,material,手摇垮顶,挎顶,medium,同音简称，指手摇挎顶
1164-1,1164,周转材料及工器具 > 工器具 > 手动起重工具,material,手摇垮顶,手摇挎顶,medium,常见异名
1164-1,1164,周转材料及工器具 > 工器具 > 手动起重工具,material,手摇绞车,手摇绞盘,high,功能相同，常见叫法
1164-1,1164,周转材料及工器具 > 工器具 > 手动起重工具,material,手摇绞车,绞车,high,通用简称
1164-1,1164,周转材料及工器具 > 工器具 > 手动起重工具,material,油压拉码,液压拉马,high,同物不同字，油压即液压
1164-1,1164,周转材料及工器具 > 工器具 > 手动起重工具,material,油压拉码,拉马,high,简称
1164-1,1164,周转材料及工器具 > 工器具 > 手动起重工具,material,油压拉码,拔轮器,medium,用途俗称
1164-1,1164,周转材料及工器具 > 工器具 > 手动起重工具,material,索具卸扣,卸扣,high,标准简称
1164-1,1164,周转材料及工器具 > 工器具 > 手动起重工具,material,索具卸扣,U型环,high,形状俗称
1164-1,1164,周转材料及工器具 > 工器具 > 手动起重工具,material,索具卸扣,卡环,medium,连接作用叫法
1164-1,1164,周转材料及工器具 > 工器具 > 手动起重工具,material,索具螺旋扣,花兰螺丝,high,最常见俗称
1164-1,1164,周转材料及工器具 > 工器具 > 手动起重工具,material,索具螺旋扣,花篮螺丝,high,同音异字
1164-1,1164,周转材料及工器具 > 工器具 > 手动起重工具,material,索具螺旋扣,螺旋扣,medium,简称
1164-1,1164,周转材料及工器具 > 工器具 > 手动起重工具,material,起重滑车,滑车,high,通用名称
1164-1,1164,周转材料及工器具 > 工器具 > 手动起重工具,material,起重滑车,滑轮,medium,核心部件代指整体
1164-1,1164,周转材料及工器具 > 工器具 > 手动起重工具,material,钢丝绳夹,绳夹,high,简称
1164-1,1164,周转材料及工器具 > 工器具 > 手动起重工具,material,钢丝绳夹,钢丝绳卡子,high,通用俗称
1164-1,1164,周转材料及工器具 > 工器具 > 手动起重工具,material,钢丝绳夹,U型夹,medium,形状叫法
1164-1,1164,周转材料及工器具 > 工器具 > 手动起重工具,material,钢丝绳夹,卡头,medium,固定端头俗称
1164-1,1164,周转材料及工器具 > 工器具 > 手动起重工具,material,钢丝绳用套环,鸡心环,high,形状像鸡心，非常普遍的俗称
1164-1,1164,周转材料及工器具 > 工器具 > 手动起重工具,material,钢丝绳用套环,套环,high,简称
1164-1,1164,周转材料及工器具 > 工器具 > 手动起重工具,material,钢丝绳用套环,绳套,medium,保护绳子的环套
1164-1,1164,周转材料及工器具 > 工器具 > 手动起重工具,material,钢丝绳用套环,嵌环,medium,嵌在绳圈内使用
1171-2,1171,周转材料及工器具 > 工器具 > 测量工具,category,测量工具,平尺,medium,现场常将钢平尺、铸铁平尺等统称为平尺，不区分材质
1171-2,1171,周转材料及工器具 > 工器具 > 测量工具,material,钢直尺,钢板尺,high,施工现场通用俗称
1171-2,1171,周转材料及工器具 > 工器具 > 测量工具,material,钢直尺,钢尺,high,口语简称
1171-2,1171,周转材料及工器具 > 工器具 > 测量工具,material,高度游标卡尺,高度尺,high,行业通用简称
1171-2,1171,周转材料及工器具 > 工器具 > 测量工具,material,高度游标卡尺,高度卡尺,high,常见叫法
1166-2,1166,周转材料及工器具 > 工器具 > 电动工具,material,电镐,破碎镐,medium,施工现场常将电镐称为破碎镐，强调其破碎功能
1166-2,1166,周转材料及工器具 > 工器具 > 电动工具,material,电镐,电凿,low,因工作方式类似凿子而得名
1166-2,1166,周转材料及工器具 > 工器具 > 电动工具,material,砂带机,砂带打磨机,high,全称，采购时常用
1166-2,1166,周转材料及工器具 > 工器具 > 电动工具,material,砂带机,手砂带机,medium,强调手持式
1166-2,1166,周转材料及工器具 > 工器具 > 电动工具,material,磁座钻,磁力钻,high,最常见的简称
1166-2,1166,周转材料及工器具 > 工器具 > 电动工具,material,磁座钻,吸附钻,medium,利用磁座吸附，口语中可能这样叫
1166-2,1166,周转材料及工器具 > 工器具 > 电动工具,material,角磨机,角向磨光机,high,全称
1166-2,1166,周转材料及工器具 > 工器具 > 电动工具,material,角磨机,手砂轮,high,施工现场口语化叫法
1166-2,1166,周转材料及工器具 > 工器具 > 电动工具,material,角磨机,砂轮机,medium,泛指角磨机这类手持砂轮工具
1168-3,1168,周转材料及工器具 > 工器具 > 钳工工具,material,顶切钳,偏口钳,medium,施工现场常将前端剪切功能的钳子统称为偏口钳
1168-3,1168,周转材料及工器具 > 工器具 > 钳工工具,material,顶切钳,斜口钳,low,因其钳口斜向剪切，部分工人称为斜口钳
1168-3,1168,周转材料及工器具 > 工器具 > 钳工工具,material,顶拔器,拉马,high,机械维修中常称为拉马
1168-3,1168,周转材料及工器具 > 工器具 > 钳工工具,material,顶拔器,拔轮器,high,用于拔出轮盘类零件，俗称拔轮器
1168-3,1168,周转材料及工器具 > 工器具 > 钳工工具,material,顶拔器,拉拔器,medium,功能描述性俗称
1168-3,1168,周转材料及工器具 > 工器具 > 钳工工具,material,鲤鱼钳,鱼口钳,medium,钳口形状似鱼嘴，常用叫法
1168-3,1168,周转材料及工器具 > 工器具 > 钳工工具,material,鲤鱼钳,鱼嘴钳,medium,形象化俗称
229-1,229,周转材料及工器具 > 活动板房 > 活动板房,category,活动板房,彩钢板房,medium,施工现场常将多种活动板房统称为彩钢板房，可能同时指向板式结构、折叠式等多种类型
229-1,229,周转材料及工器具 > 活动板房 > 活动板房,material,折叠式活动房屋,折叠房,high,具备折叠功能的临时房屋，采购和施工中常简化称为折叠房
229-1,229,周转材料及工器具 > 活动板房 > 活动板房,material,折叠式活动房屋,折叠板房,medium,板房形式的折叠房，口语中常用
229-1,229,周转材料及工器具 > 活动板房 > 活动板房,material,板式结构活动房屋,拼装板房,medium,由板材拼装而成，现场多称拼装板房
229-1,229,周转材料及工器具 > 活动板房 > 活动板房,material,板式结构活动房屋,快拼房,medium,强调拼装速度，采购中常用快拼房指代
229-1,229,周转材料及工器具 > 活动板房 > 活动板房,material,箱式房,打包箱,high,箱式房在工地最常见的叫法，模块化包装运输，现场称打包箱
229-1,229,周转材料及工器具 > 活动板房 > 活动板房,material,箱式房,模块箱房,medium,强调模块化拼装的箱式房
229-1,229,周转材料及工器具 > 活动板房 > 活动板房,material,钢结构箱式房屋,钢构箱房,medium,钢结构框架的箱式房屋，简称为钢构箱房
229-1,229,周转材料及工器具 > 活动板房 > 活动板房,material,集成卫浴间,整体卫浴,high,工厂预制的集成卫浴间，市场上通常称为整体卫浴
229-1,229,周转材料及工器具 > 活动板房 > 活动板房,material,集成卫浴间,一体式卫浴,medium,强调一体成型，采购中也常见
229-1,229,周转材料及工器具 > 活动板房 > 活动板房,material,集装箱式活动房屋,集装箱房,high,外形与海运集装箱一致的活动房屋，行业内统称集装箱房
229-1,229,周转材料及工器具 > 活动板房 > 活动板房,material,集装箱式活动房屋,住人集装箱,high,用于人员临时居住的集装箱房，俗称住人集装箱
229-1,229,周转材料及工器具 > 活动板房 > 活动板房,material,集装箱式活动房屋,货柜房,medium,以货柜（集装箱）改装的活动房，口语叫货柜房
243-1,243,咨询服务 > 其他咨询服务 > 其他咨询服务,material,水土保持,水保,high,施工现场及采购口语中常将水土保持简称为水保，如水保方案、水保监测等
188-17,188,园林绿化 > 园林植物 > 乔木,material,红碧桃,红花碧桃,high,开红花，同义表述
188-17,188,园林绿化 > 园林植物 > 乔木,material,红肉海棠,红海棠,medium,果肉红色，简化称呼
188-17,188,园林绿化 > 园林植物 > 乔木,material,红花刺桐,红刺桐,high,开红花，口语简化
188-17,188,园林绿化 > 园林植物 > 乔木,material,红花木莲,红木莲,medium,花色红，省略'花'字
188-17,188,园林绿化 > 园林植物 > 乔木,material,红花洋槐,红花刺槐,high,同物异名，刺槐开红花
188-17,188,园林绿化 > 园林植物 > 乔木,material,红花洋槐,香花槐,high,红花刺槐的园艺品种常用名
188-17,188,园林绿化 > 园林植物 > 乔木,material,红花玉兰,红玉兰,high,开红花，简化称呼
188-17,188,园林绿化 > 园林植物 > 乔木,material,红花碧桃,红碧桃,high,同义，常互换叫法
188-17,188,园林绿化 > 园林植物 > 乔木,material,红花紫薇,红紫薇,high,花色红，简化称呼
188-17,188,园林绿化 > 园林植物 > 乔木,material,红花羊蹄甲,洋紫荆,high,香港区花，常见别称
188-17,188,园林绿化 > 园林植物 > 乔木,material,红花羊蹄甲,红花紫荆,medium,形态相似，口语混用
188-17,188,园林绿化 > 园林植物 > 乔木,material,红花风铃木,红花风铃,medium,省略'木'字，口语常用
188-17,188,园林绿化 > 园林植物 > 乔木,material,红花鸡蛋花,红鸡蛋花,high,花色红，简化称呼
188-17,188,园林绿化 > 园林植物 > 乔木,material,红豆杉,紫杉,high,常见别称
188-17,188,园林绿化 > 园林植物 > 乔木,material,红豆杉,赤柏松,medium,民间叫法
188-17,188,园林绿化 > 园林植物 > 乔木,material,细叶紫薇,小叶紫薇,high,叶子细小，口语同义
188-17,188,园林绿化 > 园林植物 > 乔木,material,绒毛白蜡,毛白蜡,high,小枝有绒毛，简化叫法
188-17,188,园林绿化 > 园林植物 > 乔木,material,绚丽海棠,绚丽,medium,品种名单独使用，现场简称
1693-2,1693,园林绿化 > 园林植物 > 地被植物,category,地被植物,地被,high,园林行业常用简称
1693-2,1693,园林绿化 > 园林植物 > 地被植物,category,地被植物,地栽植物,medium,强调地栽形式
1693-2,1693,园林绿化 > 园林植物 > 地被植物,material,天门冬,武竹,high,常见别名
1693-2,1693,园林绿化 > 园林植物 > 地被植物,material,天门冬,天冬草,high,园艺俗称
1693-2,1693,园林绿化 > 园林植物 > 地被植物,material,孔雀草,小万寿菊,high,常见俗称
1693-2,1693,园林绿化 > 园林植物 > 地被植物,material,孔雀草,法国万寿菊,medium,常见别称
1693-2,1693,园林绿化 > 园林植物 > 地被植物,material,孔雀草,红黄草,medium,口语叫法
1693-2,1693,园林绿化 > 园林植物 > 地被植物,material,小叶扶芳藤,爬行卫矛,medium,常用同物异名
1693-2,1693,园林绿化 > 园林植物 > 地被植物,material,巢蕨,鸟巢蕨,high,通用俗称
1693-2,1693,园林绿化 > 园林植物 > 地被植物,material,巢蕨,山苏花,high,常用别称
1693-2,1693,园林绿化 > 园林植物 > 地被植物,material,巢蕨,王冠蕨,medium,偶用俗称
1693-2,1693,园林绿化 > 园林植物 > 地被植物,material,斑叶芒,花叶芒,high,常见称呼
1693-2,1693,园林绿化 > 园林植物 > 地被植物,material,日本血草,血草,high,常用简称
1693-2,1693,园林绿化 > 园林植物 > 地被植物,material,日本血草,红茅,medium,根据叶色叫法
1693-2,1693,园林绿化 > 园林植物 > 地被植物,material,春羽,羽裂喜林芋,high,学名别称
1693-2,1693,园林绿化 > 园林植物 > 地被植物,material,春羽,小天使蔓绿绒,high,商品名
1693-2,1693,园林绿化 > 园林植物 > 地被植物,material,沿阶草,麦冬,high,俗称常混用
1693-2,1693,园林绿化 > 园林植物 > 地被植物,material,沿阶草,绣墩草,medium,传统叫法
1693-2,1693,园林绿化 > 园林植物 > 地被植物,material,沿阶草,书带草,medium,古典园林称呼
1693-6,1693,园林绿化 > 园林植物 > 地被植物,material,银边草,花叶燕麦草,medium,银边草是花叶球茎燕麦草的俗称，园艺上常直称花叶燕麦草
1693-6,1693,园林绿化 > 园林植物 > 地被植物,material,香茅,柠檬草,high,香茅具有浓烈柠檬香气，园林采购与餐饮俗称常称柠檬草
1693-6,1693,园林绿化 > 园林植物 > 地被植物,material,马蹄筋,马蹄金,high,马蹄筋实为马蹄金，因叶片似马蹄，又名马蹄金
1693-6,1693,园林绿化 > 园林植物 > 地被植物,material,马蹄筋,金钱草,medium,马蹄金在一些地区也被叫做金钱草，因叶小而圆似铜钱
1693-6,1693,园林绿化 > 园林植物 > 地被植物,material,驱蛇草,蛇灭门,low,驱蛇草是民间对蛇灭门（望江南）的俗称，有驱蛇传说
1693-6,1693,园林绿化 > 园林植物 > 地被植物,material,鲍维斯城堡艾草,银艾,medium,鲍维斯城堡艾草为银叶品种，园艺及施工常简称为银艾
1693-6,1693,园林绿化 > 园林植物 > 地被植物,material,鲍维斯城堡艾草,银叶艾,medium,因其银灰色叶片，市场也称银叶艾
1693-6,1693,园林绿化 > 园林植物 > 地被植物,material,鸠尾草,鸢尾,low,鸠尾草可能是鸢尾的笔误，施工中常直接称鸢尾
1693-6,1693,园林绿化 > 园林植物 > 地被植物,material,鸭跖草,翠蝴蝶,high,鸭跖草花如蓝色蝴蝶，俗称翠蝴蝶
1693-6,1693,园林绿化 > 园林植物 > 地被植物,material,鸭跖草,竹节菜,medium,茎有节似竹，民间称竹节菜
1693-6,1693,园林绿化 > 园林植物 > 地被植物,material,黑色沿阶草,黑龙沿阶草,medium,黑色品种常被称为黑龙，施工用名黑龙沿阶草
1693-6,1693,园林绿化 > 园林植物 > 地被植物,material,黑色沿阶草,黑龙,medium,简短口语叫法，特指黑色叶沿阶草
1693-6,1693,园林绿化 > 园林植物 > 地被植物,material,鼠尾草,洋苏草,high,常见鼠尾草在园艺市场称洋苏草
1693-6,1693,园林绿化 > 园林植物 > 地被植物,material,龟背竹,蓬莱蕉,high,龟背竹在本草和园艺界别名蓬莱蕉
1693-6,1693,园林绿化 > 园林植物 > 地被植物,material,龟背竹,电线兰,medium,因其叶形和节状茎，民间叫电线兰
1694-2,1694,园林绿化 > 园林植物 > 棕榈科植物,material,金山葵,皇后葵,high,金山葵俗称皇后葵
1694-2,1694,园林绿化 > 园林植物 > 棕榈科植物,material,针葵,刺葵,high,针葵常被称作刺葵
1694-2,1694,园林绿化 > 园林植物 > 棕榈科植物,material,银海枣,野海枣,high,银海枣又称野海枣
1694-2,1694,园林绿化 > 园林植物 > 棕榈科植物,material,银海枣,林刺葵,medium,银海枣的别称
1694-2,1694,园林绿化 > 园林植物 > 棕榈科植物,material,霸王棕,俾斯麦棕,high,霸王棕即俾斯麦棕
1694-2,1694,园林绿化 > 园林植物 > 棕榈科植物,material,鱼尾葵,青棕,high,鱼尾葵别称青棕
1694-2,1694,园林绿化 > 园林植物 > 棕榈科植物,material,鱼尾葵,假桄榔,medium,鱼尾葵形似桄榔而别称假桄榔
1699-2,1699,园林绿化 > 园林植物 > 水生植物,category,水生植物,水草,low,口语中常统称水生植物为水草
1699-2,1699,园林绿化 > 园林植物 > 水生植物,material,水生鸢尾,水鸢尾,low,简化称呼
1699-2,1699,园林绿化 > 园林植物 > 水生植物,material,水竹芋,再力花,high,同物异名，常见叫法
1699-2,1699,园林绿化 > 园林植物 > 水生植物,material,水罂粟,水金英,high,同种植物常见别名
1699-2,1699,园林绿化 > 园林植物 > 水生植物,material,水芙蓉,大薸,high,正式中文异名，采购中常用
1699-2,1699,园林绿化 > 园林植物 > 水生植物,material,水芙蓉,水浮莲,medium,通俗叫法
1699-2,1699,园林绿化 > 园林植物 > 水生植物,material,水芹,水芹菜,high,日常口语和菜场通用名
1699-2,1699,园林绿化 > 园林植物 > 水生植物,material,水菖蒲,白菖蒲,high,常见别名
1699-2,1699,园林绿化 > 园林植物 > 水生植物,material,水菖蒲,泥菖蒲,medium,水产及园林行业俗称
1699-2,1699,园林绿化 > 园林植物 > 水生植物,material,水葫芦,凤眼莲,high,标准中文别名，广泛使用
1699-2,1699,园林绿化 > 园林植物 > 水生植物,material,水葫芦,水浮莲,low,部分地区混用，但注意与水芙蓉区分，此处低置信度
1699-2,1699,园林绿化 > 园林植物 > 水生植物,material,水蓼,辣蓼,high,常见俗称，指同属水生种类
1699-2,1699,园林绿化 > 园林植物 > 水生植物,material,水蜡烛,水烛,medium,同为香蒲属，形态相近，口语常混称
1699-2,1699,园林绿化 > 园林植物 > 水生植物,material,泽泻,水泽,high,药材及园艺界别称
1699-2,1699,园林绿化 > 园林植物 > 水生植物,material,浮萍,青萍,high,常见浮萍商品名
1699-2,1699,园林绿化 > 园林植物 > 水生植物,material,浮萍,绿萍,medium,农家口语叫法
1699-2,1699,园林绿化 > 园林植物 > 水生植物,material,海寿花,梭鱼草,high,同物异名，工程采购常用梭鱼草
1699-2,1699,园林绿化 > 园林植物 > 水生植物,material,灯芯草,灯心草,high,字形异写，口语无别
1699-2,1699,园林绿化 > 园林植物 > 水生植物,material,灯芯草,水灯心,medium,生于水边的俗称
1699-2,1699,园林绿化 > 园林植物 > 水生植物,material,狐尾藻,聚藻,high,传统分类称呼，部分资料沿用
1699-2,1699,园林绿化 > 园林植物 > 水生植物,material,狐尾藻,羽毛草,medium,水族市场常见叫法
1699-2,1699,园林绿化 > 园林植物 > 水生植物,material,王莲,大王莲,high,口语习惯加‘大’字强调叶片巨大
1699-2,1699,园林绿化 > 园林植物 > 水生植物,material,王莲,维多利亚莲,medium,指称维多利亚王莲品种
1691-2,1691,园林绿化 > 园林植物 > 灌木,category,灌木,花灌木,high,园林工程中常用以指代观赏类灌木
1691-2,1691,园林绿化 > 园林植物 > 灌木,category,灌木,绿化苗,medium,施工现场对苗木的通称
1691-2,1691,园林绿化 > 园林植物 > 灌木,material,佛顶桂,佛顶珠桂花,low,佛顶桂是桂花品种，常被误称为佛顶珠
1691-2,1691,园林绿化 > 园林植物 > 灌木,material,佛顶珠,冲天香,low,某些地区对佛顶珠桂花的俗称
1691-2,1691,园林绿化 > 园林植物 > 灌木,material,倒挂金钟,灯笼花,high,花形似灯笼，各地普遍叫法
1691-2,1691,园林绿化 > 园林植物 > 灌木,material,倒挂金钟,吊钟海棠,high,传统园艺名
1691-2,1691,园林绿化 > 园林植物 > 灌木,material,偃伏莱木,偃伏梾木,medium,正确学名为梾木，莱木为笔误或俗称
1691-2,1691,园林绿化 > 园林植物 > 灌木,material,偃伏莱木,铺地梾木,medium,株形匍匐而得名
1691-2,1691,园林绿化 > 园林植物 > 灌木,material,偃柏,铺地柏,high,偃即卧倒，铺地柏为其常用名
1691-2,1691,园林绿化 > 园林植物 > 灌木,material,偃柏,爬地柏,high,施工口语音译
1691-2,1691,园林绿化 > 园林植物 > 灌木,material,偃柏球,铺地柏球,high,偃柏球的别称
1691-2,1691,园林绿化 > 园林植物 > 灌木,material,偃柏球,爬地柏球,high,口语叫法
1691-2,1691,园林绿化 > 园林植物 > 灌木,material,假连翘,金露花,high,假连翘常用别名
1691-2,1691,园林绿化 > 园林植物 > 灌木,material,假连翘,篱笆树,medium,常作绿篱，现场叫法
1691-2,1691,园林绿化 > 园林植物 > 灌木,material,假连翘球,金露花球,high,假连翘球的别名
1691-2,1691,园林绿化 > 园林植物 > 灌木,material,八仙花,绣球花,high,最常见的俗称
1691-2,1691,园林绿化 > 园林植物 > 灌木,material,八仙花,紫阳花,medium,华东地区和日语影响下的叫法
1691-2,1691,园林绿化 > 园林植物 > 灌木,material,六月雪,满天星,high,花小密集，远观如星
1691-2,1691,园林绿化 > 园林植物 > 灌木,material,六月雪,白马骨,medium,中药名，也作植物俗名
1691-2,1691,园林绿化 > 园林植物 > 灌木,material,六月雪球,满天星球,high,六月雪球的对应
1691-2,1691,园林绿化 > 园林植物 > 灌木,material,六道木,降龙木,high,民间传说和木材用途得名
1691-2,1691,园林绿化 > 园林植物 > 灌木,material,决明,黄槐决明,low,常指伞房决明或黄槐，采购时简称
1691-2,1691,园林绿化 > 园林植物 > 灌木,material,凤尾兰,菠萝花,medium,花朵形状像菠萝
1691-2,1691,园林绿化 > 园林植物 > 灌木,material,凤尾兰,剑麻,low,园林中常混称剑麻，实际不同属
1691-2,1691,园林绿化 > 园林植物 > 灌木,material,刺梨,缫丝花,high,植物学中文别名
1691-2,1691,园林绿化 > 园林植物 > 灌木,material,刺梨,刺石榴,medium,果实带刺似石榴，民间叫法
1691-2,1691,园林绿化 > 园林植物 > 灌木,material,北海道黄杨球,冬青卫矛球,high,北海道黄杨是冬青卫矛品种，学名俗称
1691-2,1691,园林绿化 > 园林植物 > 灌木,material,北海道黄杨球,日本冬青球,medium,部分地区叫法
1691-2,1691,园林绿化 > 园林植物 > 灌木,material,北美冬青,红果冬青,high,以红果为特征的俗称
1691-2,1691,园林绿化 > 园林植物 > 灌木,material,北美冬青,轮生冬青,high,果枝轮生，切枝市场常用名
1691-2,1691,园林绿化 > 园林植物 > 灌木,material,十大功劳,功劳木,medium,简称
1691-2,1691,园林绿化 > 园林植物 > 灌木,material,十大功劳,土黄柏,low,药材名，根形似黄柏
1691-2,1691,园林绿化 > 园林植物 > 灌木,material,单叶蔓荆,蔓荆子,medium,种子入药俗称蔓荆子
1691-2,1691,园林绿化 > 园林植物 > 灌木,material,南天竹,南天竺,high,常见异体写法
1691-2,1691,园林绿化 > 园林植物 > 灌木,material,南天竹,天竺子,medium,华东地区口语
1691-2,1691,园林绿化 > 园林植物 > 灌木,material,卫矛,鬼箭羽,high,枝具木栓翅，传统中药名
1691-2,1691,园林绿化 > 园林植物 > 灌木,material,卫矛,四棱树,medium,枝四棱形，北方工地叫法
1697-4,1697,园林绿化 > 园林植物 > 盆景,material,鸟巢蕨盆景,山苏花盆景,high,鸟巢蕨的俗称，在台湾等地广泛使用
1697-4,1697,园林绿化 > 园林植物 > 盆景,material,鸟巢蕨盆景,巢蕨盆景,medium,植物学常用名，部分地区口语使用
1697-4,1697,园林绿化 > 园林植物 > 盆景,material,鸭脚木盆景,鹅掌柴盆景,high,鸭脚木的正式中文名，采购常互用
1697-4,1697,园林绿化 > 园林植物 > 盆景,material,鸿运当头盆景,红星凤梨盆景,high,鸿运当头即红星凤梨的商品名，市场常用
1697-4,1697,园林绿化 > 园林植物 > 盆景,material,鹤望兰盆景,天堂鸟盆景,high,鹤望兰的通用俗称，施工与花卉市场均常用
1697-4,1697,园林绿化 > 园林植物 > 盆景,material,鹤望兰盆景,极乐鸟盆景,medium,别名极乐鸟花，偶尔用于造型盆景叫法
1697-4,1697,园林绿化 > 园林植物 > 盆景,material,黄菖蒲盆景,黄花鸢尾盆景,high,黄菖蒲的别称，广泛应用于园林水生植物
1697-4,1697,园林绿化 > 园林植物 > 盆景,material,黄金榕盆景,金叶榕盆景,high,黄金榕又称金叶榕，口语简化叫法
1697-4,1697,园林绿化 > 园林植物 > 盆景,material,黄金榕盆景,黄金叶榕盆景,medium,根据叶色特征命名的常用别名
1698-2,1698,园林绿化 > 园林植物 > 绿篱,material,高山黄杨,山黄杨,medium,高山黄杨为黄杨的变种，在山区绿化中常简称为山黄杨
1696-14,1696,园林绿化 > 园林植物 > 花卉,category,花卉,草花,high,园林采购中常将一二年生花卉统称草花
1696-14,1696,园林绿化 > 园林植物 > 花卉,category,花卉,花苗,medium,花卉幼苗的统称
1696-14,1696,园林绿化 > 园林植物 > 花卉,category,花卉,盆花,medium,盆栽花卉的统称
1696-14,1696,园林绿化 > 园林植物 > 花卉,material,醉蝶花,蜘蛛花,high,花型似蜘蛛，常见俗称
1696-14,1696,园林绿化 > 园林植物 > 花卉,material,醉蝶花,西洋凤蝶草,high,别称，较正式俗称
1696-14,1696,园林绿化 > 园林植物 > 花卉,material,野芋,山芋,medium,野生芋类，常见口语叫法
1696-14,1696,园林绿化 > 园林植物 > 花卉,material,野菊花,山菊花,high,常见俗称
1696-14,1696,园林绿化 > 园林植物 > 花卉,material,野菊花,路边菊,medium,常见俗称
1696-14,1696,园林绿化 > 园林植物 > 花卉,material,金光菊,黑心菊,high,最常用俗称
1696-14,1696,园林绿化 > 园林植物 > 花卉,material,金光菊,黑眼菊,high,别称
1696-14,1696,园林绿化 > 园林植物 > 花卉,material,金光菊,太阳花,medium,部分地区俗名
1696-14,1696,园林绿化 > 园林植物 > 花卉,material,金娃娃萱草,金娃娃,medium,简称
1696-14,1696,园林绿化 > 园林植物 > 花卉,material,金心吊兰,金心兰,high,口语简称
1696-14,1696,园林绿化 > 园林植物 > 花卉,material,金盏菊,金盏花,high,常用俗称
1696-14,1696,园林绿化 > 园林植物 > 花卉,material,金盏菊,长生菊,medium,别称
1696-14,1696,园林绿化 > 园林植物 > 花卉,material,金脉爵床,金脉单药花,high,别称
1696-14,1696,园林绿化 > 园林植物 > 花卉,material,金脉爵床,金脉叶,medium,基于叶色特征的口语叫法
1696-14,1696,园林绿化 > 园林植物 > 花卉,material,金雀花,锦鸡儿,high,植物学别称，采购中常用
1696-14,1696,园林绿化 > 园林植物 > 花卉,material,金鱼草,龙头花,high,常见俗称
1696-14,1696,园林绿化 > 园林植物 > 花卉,material,金鱼草,狮子花,medium,常见俗称
1696-14,1696,园林绿化 > 园林植物 > 花卉,material,金鱼草,洋彩雀,medium,别称
1696-14,1696,园林绿化 > 园林植物 > 花卉,material,金鸡菊,小波斯菊,high,常见俗称
1696-14,1696,园林绿化 > 园林植物 > 花卉,material,金鸡菊,金钱菊,medium,别称
1696-14,1696,园林绿化 > 园林植物 > 花卉,material,铁兰,紫花凤梨,high,最常见俗称
1696-14,1696,园林绿化 > 园林植物 > 花卉,material,铁兰,紫凤梨,high,简称
1696-14,1696,园林绿化 > 园林植物 > 花卉,material,铃兰,山谷百合,high,常见美称
1696-14,1696,园林绿化 > 园林植物 > 花卉,material,铃兰,君影草,medium,别称
1696-14,1696,园林绿化 > 园林植物 > 花卉,material,银叶菊,雪叶菊,high,常见俗称
1696-14,1696,园林绿化 > 园林植物 > 花卉,material,银叶菊,白妙菊,medium,别称
1696-14,1696,园林绿化 > 园林植物 > 花卉,material,银叶蒿,银蒿,medium,口语简称
1696-14,1696,园林绿化 > 园林植物 > 花卉,material,银边芒,花叶芒,medium,常见俗称
1692-2,1692,园林绿化 > 园林植物 > 藤本植物,category,藤本植物,爬藤植物,high,藤本植物的通俗叫法
1692-2,1692,园林绿化 > 园林植物 > 藤本植物,material,辟荔,薜荔,high,常见同音别字，植物学正名
1692-2,1692,园林绿化 > 园林植物 > 藤本植物,material,辟荔,木莲,medium,薜荔的一个俗称，因果实形似莲蓬
1692-2,1692,园林绿化 > 园林植物 > 藤本植物,material,辟荔,凉粉果,medium,其果实可制凉粉
1692-2,1692,园林绿化 > 园林植物 > 藤本植物,material,辟荔,鬼馒头,medium,薜荔隐花果的民间俗称
1692-2,1692,园林绿化 > 园林植物 > 藤本植物,material,金边扶芳藤,金边卫矛,medium,扶芳藤为卫矛科，金边品种的园艺简称
1692-2,1692,园林绿化 > 园林植物 > 藤本植物,material,金银花,忍冬,high,金银花的植物学正名
1692-2,1692,园林绿化 > 园林植物 > 藤本植物,material,金银花,金银藤,high,形容其藤本特性与花色
1692-2,1692,园林绿化 > 园林植物 > 藤本植物,material,金银花,二花,medium,开花时黄白二色而得名
1692-2,1692,园林绿化 > 园林植物 > 藤本植物,material,金银花,双花,medium,花成对而生
1692-2,1692,园林绿化 > 园林植物 > 藤本植物,material,金银花,鸳鸯藤,medium,花成双对，鸳鸯为喻
1692-2,1692,园林绿化 > 园林植物 > 藤本植物,material,飘香藤,双喜藤,high,花形似喜字，市场常用名
1692-2,1692,园林绿化 > 园林植物 > 藤本植物,material,飘香藤,双腺藤,high,学名属内称呼，指花有两腺体
1692-2,1692,园林绿化 > 园林植物 > 藤本植物,material,飘香藤,红蝉花,medium,部分品种花色鲜红似蝉翅
1692-2,1692,园林绿化 > 园林植物 > 藤本植物,material,马鞍藤,厚藤,high,植物学正式中文名
1692-2,1692,园林绿化 > 园林植物 > 藤本植物,material,马鞍藤,海薯,medium,因其耐盐碱生于海边，地下茎似薯
1692-2,1692,园林绿化 > 园林植物 > 藤本植物,material,马鞍藤,鲎藤,medium,叶形似鲎，沿海俗称
1692-2,1692,园林绿化 > 园林植物 > 藤本植物,material,马鞍藤,沙藤,medium,常见于沿海沙地
1692-2,1692,园林绿化 > 园林植物 > 藤本植物,material,鸡蛋果,百香果,high,最普遍的商品名
1692-2,1692,园林绿化 > 园林植物 > 藤本植物,material,鸡蛋果,洋石榴,high,因果实内部结构如石榴而称
1692-2,1692,园林绿化 > 园林植物 > 藤本植物,material,鸡蛋果,紫果西番莲,medium,某些品种的果实为紫色
1708-1,1708,园林绿化 > 园艺资材 > 其他园林绿化器材,material,1站控制器(一节9V电池保证一年用电),单站控制器,high,口语简称，指控制一个灌溉站点的控制器
1708-1,1708,园林绿化 > 园艺资材 > 其他园林绿化器材,material,1站控制器(一节9V电池保证一年用电),单区灌溉控制器,medium,按站点数称呼
1708-1,1708,园林绿化 > 园艺资材 > 其他园林绿化器材,material,1站控制器(一节9V电池保证一年用电),9V电池控制器,medium,突出其电源特点
1708-1,1708,园林绿化 > 园艺资材 > 其他园林绿化器材,material,ESP-4M(灌溉控制器),雨鸟ESP-4M,high,品牌型号连用
1708-1,1708,园林绿化 > 园艺资材 > 其他园林绿化器材,material,ESP-4M(灌溉控制器),ESP模块控制器,high,简称模块化控制器
1708-1,1708,园林绿化 > 园艺资材 > 其他园林绿化器材,material,ESP-4M(灌溉控制器),四站控制器,high,通常控制4个站点
1708-1,1708,园林绿化 > 园艺资材 > 其他园林绿化器材,material,单级单网过滤器,单网过滤器,high,简称
1708-1,1708,园林绿化 > 园艺资材 > 其他园林绿化器材,material,单级单网过滤器,单级网式过滤器,high,全称
1708-1,1708,园林绿化 > 园艺资材 > 其他园林绿化器材,material,单级单网过滤器,单网式过滤,medium,口语说法
1708-1,1708,园林绿化 > 园艺资材 > 其他园林绿化器材,material,施肥机,施肥器,high,常见别称
1708-1,1708,园林绿化 > 园艺资材 > 其他园林绿化器材,material,施肥机,注肥机,high,描述其注入功能
1708-1,1708,园林绿化 > 园艺资材 > 其他园林绿化器材,material,施肥机,打肥机,medium,施工现场口语
1708-1,1708,园林绿化 > 园艺资材 > 其他园林绿化器材,material,施肥罐,施肥桶,high,罐体称桶
1708-1,1708,园林绿化 > 园艺资材 > 其他园林绿化器材,material,施肥罐,肥料罐,high,盛装肥料的容器
1708-1,1708,园林绿化 > 园艺资材 > 其他园林绿化器材,material,施肥罐,压差施肥罐,medium,按工作原理称呼
1708-1,1708,园林绿化 > 园艺资材 > 其他园林绿化器材,material,流水板,排水板,medium,功能相近，常用于绿化和景观排水
1708-1,1708,园林绿化 > 园艺资材 > 其他园林绿化器材,material,流水板,导水板,medium,引导水流方向
1708-1,1708,园林绿化 > 园艺资材 > 其他园林绿化器材,material,滴灌管,滴灌带,high,施工中常混用，尽管结构不同
1708-1,1708,园林绿化 > 园艺资材 > 其他园林绿化器材,material,滴灌管,滴管,high,口头简化
1708-1,1708,园林绿化 > 园艺资材 > 其他园林绿化器材,material,滴灌管,内镶滴灌管,medium,按滴头形式称呼
1708-1,1708,园林绿化 > 园艺资材 > 其他园林绿化器材,material,编程器(一个可控制1000个WVC控制器),WVC编程器,high,专用编程器简称
1708-1,1708,园林绿化 > 园艺资材 > 其他园林绿化器材,material,编程器(一个可控制1000个WVC控制器),灌溉遥控编程器,medium,突出遥控编程功能
1708-1,1708,园林绿化 > 园艺资材 > 其他园林绿化器材,material,编程器(一个可控制1000个WVC控制器),手持编程器,medium,现场口语
1706-1,1706,园林绿化 > 园艺资材 > 浇水喷头,category,浇水喷头,喷头,high,最简洁的统称，施工现场口语常用
1706-1,1706,园林绿化 > 园艺资材 > 浇水喷头,category,浇水喷头,喷灌头,medium,强调喷灌功能的口语叫法
1706-1,1706,园林绿化 > 园艺资材 > 浇水喷头,category,浇水喷头,洒水喷头,medium,常见俗称
1706-1,1706,园林绿化 > 园艺资材 > 浇水喷头,material,固定式喷灌喷头,固定喷头,medium,简化工地叫法
1706-1,1706,园林绿化 > 园艺资材 > 浇水喷头,material,地埋式喷头,地埋喷头,high,省略‘式’的常用口语
1706-1,1706,园林绿化 > 园艺资材 > 浇水喷头,material,地埋式喷头,埋地喷头,medium,另一种常见语序
1706-1,1706,园林绿化 > 园艺资材 > 浇水喷头,material,旋转式喷灌喷头,旋转喷头,high,最常用简称
1706-1,1706,园林绿化 > 园艺资材 > 浇水喷头,material,旋转式喷灌喷头,旋转式喷头,high,省略‘喷灌’，常见叫法
1703-2,1703,园林绿化 > 景观材料 > 假山、观景石,category,假山、观景石,景石,high,假山观景石类材料在采购施工中常统称为景石
1703-2,1703,园林绿化 > 景观材料 > 假山、观景石,category,假山、观景石,园林石,medium,园林工程中对用于置石、假山的石料泛称
1703-2,1703,园林绿化 > 景观材料 > 假山、观景石,category,假山、观景石,置石,medium,园林景观中单独或组合摆放的观赏石称谓
1703-2,1703,园林绿化 > 景观材料 > 假山、观景石,material,黄蜡石,蜡石,high,行业内对黄蜡石的简称
1703-2,1703,园林绿化 > 景观材料 > 假山、观景石,material,黄蜡石,黄龙玉,medium,部分产地或品质较高的黄蜡石在市场上被称为黄龙玉
1703-2,1703,园林绿化 > 景观材料 > 假山、观景石,material,黄锈石,锈石,medium,日常沟通中常省略色系直称锈石
1703-2,1703,园林绿化 > 景观材料 > 假山、观景石,material,黑山石,黑石,medium,施工现场对黑色景观石的口语简称
1703-2,1703,园林绿化 > 景观材料 > 假山、观景石,material,龟纹石,龟背石,medium,因其纹理似龟背图案，常被俗称为龟背石
1703-2,1703,园林绿化 > 景观材料 > 假山、观景石,material,龟纹石,龟裂石,low,强调其裂纹特征时的叫法
186-2,186,园林绿化 > 景观材料 > 园林雕塑,category,园林雕塑,石雕狮子,high,可同时指“石狮”或“石狮子”，口语常用
186-2,186,园林绿化 > 景观材料 > 园林雕塑,material,石灯,石灯笼,high,园林中常用别称
186-2,186,园林绿化 > 景观材料 > 园林雕塑,material,石膏像雕塑,石膏像,high,口语简称
186-2,186,园林绿化 > 景观材料 > 园林雕塑,material,石膏像雕塑,石膏雕塑,high,材料与工艺组合叫法
186-2,186,园林绿化 > 景观材料 > 园林雕塑,material,石走廊,石廊,medium,口语简略称呼
186-2,186,园林绿化 > 景观材料 > 园林雕塑,material,石雕,石刻,high,常见石材雕刻工艺代称
186-2,186,园林绿化 > 景观材料 > 园林雕塑,material,石鼓,抱鼓石,high,门口常见构件，采购常用名
186-2,186,园林绿化 > 景观材料 > 园林雕塑,material,石鼓,门鼓石,high,强调其位置，工地叫法
186-2,186,园林绿化 > 景观材料 > 园林雕塑,material,硅胶雕塑,硅胶像,high,仿真雕塑常用简称
186-2,186,园林绿化 > 景观材料 > 园林雕塑,material,蜡像,蜡人像,medium,人像类蜡像的俗称
186-2,186,园林绿化 > 景观材料 > 园林雕塑,material,贝雕,贝壳雕,high,材料名称全称
186-2,186,园林绿化 > 景观材料 > 园林雕塑,material,铜雕,铜像,high,人物类铜雕常用叫法
186-2,186,园林绿化 > 景观材料 > 园林雕塑,material,铜雕,铜雕塑,high,全称形式
186-2,186,园林绿化 > 景观材料 > 园林雕塑,material,陶瓷雕塑,陶塑,high,陶质雕塑简称
186-2,186,园林绿化 > 景观材料 > 园林雕塑,material,陶瓷雕塑,瓷雕,medium,瓷质雕塑简称
186-2,186,园林绿化 > 景观材料 > 园林雕塑,material,面塑,面人,high,民间传统称谓
186-2,186,园林绿化 > 景观材料 > 园林雕塑,material,面塑,捏面人,high,工艺加材料俗称
186-2,186,园林绿化 > 景观材料 > 园林雕塑,material,骨雕,骨刻,medium,骨材雕刻的简略说法
1446-1,1446,墙砖、地砖、地板、地毯类材料 > 其他地板 > 亚麻环保地板,material,支架上托,上托板,high,施工现场常将支架顶部托盘简称为上托板
1446-1,1446,墙砖、地砖、地板、地毯类材料 > 其他地板 > 亚麻环保地板,material,支架上托,顶托,medium,与脚手架顶托叫法类似，指最上部的可调托座
1446-1,1446,墙砖、地砖、地板、地毯类材料 > 其他地板 > 亚麻环保地板,material,支架上托,调节上托,medium,强调其高度可调节功能的口语叫法
1446-1,1446,墙砖、地砖、地板、地毯类材料 > 其他地板 > 亚麻环保地板,material,支架下托,下托板,high,对应上托板，指支架底部的基座板
1446-1,1446,墙砖、地砖、地板、地毯类材料 > 其他地板 > 亚麻环保地板,material,支架下托,底托,high,俗称，指底部托座
1446-1,1446,墙砖、地砖、地板、地毯类材料 > 其他地板 > 亚麻环保地板,material,支架下托,底座,medium,口语中有时直接叫底座
1446-1,1446,墙砖、地砖、地板、地毯类材料 > 其他地板 > 亚麻环保地板,material,横梁拼长件,横梁连接件,high,标准称呼，拼长即连接功能
1446-1,1446,墙砖、地砖、地板、地毯类材料 > 其他地板 > 亚麻环保地板,material,横梁拼长件,拼接头,high,现场常将两段横梁对接的部件叫拼接头
1446-1,1446,墙砖、地砖、地板、地毯类材料 > 其他地板 > 亚麻环保地板,material,横梁拼长件,连接片,medium,形状像片状连接件时的叫法
1446-1,1446,墙砖、地砖、地板、地毯类材料 > 其他地板 > 亚麻环保地板,material,角铝,铝角码,high,用作连接固定的L型铝件，常叫角码
1446-1,1446,墙砖、地砖、地板、地毯类材料 > 其他地板 > 亚麻环保地板,material,角铝,L型铝,high,按截面形状俗称
1446-1,1446,墙砖、地砖、地板、地毯类材料 > 其他地板 > 亚麻环保地板,material,角铝,角铝型材,medium,强调其为型材
41-1,41,墙砖、地砖、地板、地毯类材料 > 其他地板 > 其他地板,category,其他地板,地材,medium,地板装饰材料的泛称
41-1,41,墙砖、地砖、地板、地毯类材料 > 其他地板 > 其他地板,material,亚麻地板,亚麻地,medium,施工现场简称
41-1,41,墙砖、地砖、地板、地毯类材料 > 其他地板 > 其他地板,material,亚麻地板,亚麻油地板,medium,材质俗称
41-1,41,墙砖、地砖、地板、地毯类材料 > 其他地板 > 其他地板,material,亚麻运动地板,运动亚麻板,low,简称
41-1,41,墙砖、地砖、地板、地毯类材料 > 其他地板 > 其他地板,material,地暖地板,地热地板,high,同义常用叫法
41-1,41,墙砖、地砖、地板、地毯类材料 > 其他地板 > 其他地板,material,悬浮式拼装地板,悬浮地板,high,行业简称
41-1,41,墙砖、地砖、地板、地毯类材料 > 其他地板 > 其他地板,material,悬浮式拼装地板,悬拼地板,medium,缩写口语叫法
41-1,41,墙砖、地砖、地板、地毯类材料 > 其他地板 > 其他地板,material,户外地板,室外地板,medium,同义别称
41-1,41,墙砖、地砖、地板、地毯类材料 > 其他地板 > 其他地板,material,拼装地板,拼接地板,low,通用俗称
41-1,41,墙砖、地砖、地板、地毯类材料 > 其他地板 > 其他地板,material,瓷砖地板,地砖,high,日常口语叫法
41-1,41,墙砖、地砖、地板、地毯类材料 > 其他地板 > 其他地板,material,瓷砖地板,瓷地砖,medium,材料简称
41-1,41,墙砖、地砖、地板、地毯类材料 > 其他地板 > 其他地板,material,真皮地板,皮革地板,medium,材质别称
41-1,41,墙砖、地砖、地板、地毯类材料 > 其他地板 > 其他地板,material,硫酸钙地板,硫酸钙架空地板,medium,全称口语化
41-1,41,墙砖、地砖、地板、地毯类材料 > 其他地板 > 其他地板,material,硫酸钙地板,钙板,low,施工现场简略叫法
41-1,41,墙砖、地砖、地板、地毯类材料 > 其他地板 > 其他地板,material,通风地板,通风板,high,简称
41-1,41,墙砖、地砖、地板、地毯类材料 > 其他地板 > 其他地板,material,通风地板,送风地板,medium,功能别称
41-1,41,墙砖、地砖、地板、地毯类材料 > 其他地板 > 其他地板,material,铝合金防水地垫,铝合金地垫,high,行业通用简称
41-1,41,墙砖、地砖、地板、地毯类材料 > 其他地板 > 其他地板,material,铝合金防水地垫,门厅地垫,medium,应用场景叫法
41-1,41,墙砖、地砖、地板、地毯类材料 > 其他地板 > 其他地板,material,防腐木地板,防腐木板,high,材质直呼
41-1,41,墙砖、地砖、地板、地毯类材料 > 其他地板 > 其他地板,material,防腐木地板,防腐木地铺,medium,户外安装俗称
129-1,129,墙砖、地砖、地板、地毯类材料 > 塑料、橡胶地板 > 塑料地板,category,塑料地板,塑胶地板,high,行业统称，涵盖PVC、橡塑等多种塑料地板
129-1,129,墙砖、地砖、地板、地毯类材料 > 塑料、橡胶地板 > 塑料地板,category,塑料地板,塑料地胶,medium,施工现场口语叫法
129-1,129,墙砖、地砖、地板、地毯类材料 > 塑料、橡胶地板 > 塑料地板,category,塑料地板,胶地板,medium,口语简称，指以胶为主的地板
129-1,129,墙砖、地砖、地板、地毯类材料 > 塑料、橡胶地板 > 塑料地板,material,PE塑料地板,PE地板,high,材料简称
129-1,129,墙砖、地砖、地板、地毯类材料 > 塑料、橡胶地板 > 塑料地板,material,PE塑料地板,聚乙烯地板,medium,材料全称
129-1,129,墙砖、地砖、地板、地毯类材料 > 塑料、橡胶地板 > 塑料地板,material,PP塑料地板,PP地板,high,材料简称
129-1,129,墙砖、地砖、地板、地毯类材料 > 塑料、橡胶地板 > 塑料地板,material,PP塑料地板,聚丙烯地板,medium,材料全称
129-1,129,墙砖、地砖、地板、地毯类材料 > 塑料、橡胶地板 > 塑料地板,material,PSP塑胶地板,PSP地板,high,材料简称
129-1,129,墙砖、地砖、地板、地毯类材料 > 塑料、橡胶地板 > 塑料地板,material,PVC卷材地板,PVC卷材,high,采购与施工常用简称
129-1,129,墙砖、地砖、地板、地毯类材料 > 塑料、橡胶地板 > 塑料地板,material,PVC卷材地板,卷材地板,high,通用叫法
129-1,129,墙砖、地砖、地板、地毯类材料 > 塑料、橡胶地板 > 塑料地板,material,PVC卷材地板,塑胶卷材,medium,以材质称呼
129-1,129,墙砖、地砖、地板、地毯类材料 > 塑料、橡胶地板 > 塑料地板,material,PVC塑胶地板,PVC地板,high,行业通用简称
129-1,129,墙砖、地砖、地板、地毯类材料 > 塑料、橡胶地板 > 塑料地板,material,PVC片材地板(石塑地板),石塑地板,high,产品俗称
129-1,129,墙砖、地砖、地板、地毯类材料 > 塑料、橡胶地板 > 塑料地板,material,PVC片材地板(石塑地板),PVC片材,high,片材类PVC地板简称
129-1,129,墙砖、地砖、地板、地毯类材料 > 塑料、橡胶地板 > 塑料地板,material,PVC片材地板(石塑地板),片材地板,medium,按形态称呼
129-1,129,墙砖、地砖、地板、地毯类材料 > 塑料、橡胶地板 > 塑料地板,material,PVC运动地板,运动地板,high,功能简称
129-1,129,墙砖、地砖、地板、地毯类材料 > 塑料、橡胶地板 > 塑料地板,material,PVC运动地板,运动地胶,high,施工现场口语叫法
129-1,129,墙砖、地砖、地板、地毯类材料 > 塑料、橡胶地板 > 塑料地板,material,PVC运动地板,PVC运动地胶,high,全称缩短
129-1,129,墙砖、地砖、地板、地毯类材料 > 塑料、橡胶地板 > 塑料地板,material,PVC运动地板,体育地板,medium,运动场馆常用泛称
129-1,129,墙砖、地砖、地板、地毯类材料 > 塑料、橡胶地板 > 塑料地板,material,橡塑地板,橡塑地胶,medium,口语别称
129-1,129,墙砖、地砖、地板、地毯类材料 > 塑料、橡胶地板 > 塑料地板,material,橡塑地板,橡胶塑料地板,low,材料成分全称
1444-1,1444,墙砖、地砖、地板、地毯类材料 > 塑料、橡胶地板 > 橡胶地板,material,普通橡胶地板,橡胶地砖,high,块状普通橡胶地板常被叫作橡胶地砖
1444-1,1444,墙砖、地砖、地板、地毯类材料 > 塑料、橡胶地板 > 橡胶地板,material,普通橡胶地板,橡胶地板块,high,施工口语中多称橡胶地板块
1444-1,1444,墙砖、地砖、地板、地毯类材料 > 塑料、橡胶地板 > 橡胶地板,material,橡胶卷材地板,橡胶卷材,high,现场采购常简称为橡胶卷材
1444-1,1444,墙砖、地砖、地板、地毯类材料 > 塑料、橡胶地板 > 橡胶地板,material,橡胶卷材地板,橡胶地板卷材,high,全称的倒置说法
1444-1,1444,墙砖、地砖、地板、地毯类材料 > 塑料、橡胶地板 > 橡胶地板,material,橡胶运动地板,橡胶运动地垫,medium,运动场馆铺设的橡胶地板块常被称为运动地垫
1444-1,1444,墙砖、地砖、地板、地毯类材料 > 塑料、橡胶地板 > 橡胶地板,material,聚氨酯弹性橡胶地板,PU橡胶地板,high,"聚氨酯简写PU,行业里常叫PU橡胶地板"
1444-1,1444,墙砖、地砖、地板、地毯类材料 > 塑料、橡胶地板 > 橡胶地板,material,聚氨酯弹性橡胶地板,聚氨酯地板,medium,"省略弹性橡胶,直接称聚氨酯地板"
40-1,40,墙砖、地砖、地板、地毯类材料 > 木地板 > 实木地板,category,实木地板,实木木地板,high,完整口语叫法
40-1,40,墙砖、地砖、地板、地毯类材料 > 木地板 > 实木地板,category,实木地板,原木地板,medium,强调天然未加工木材
40-1,40,墙砖、地砖、地板、地毯类材料 > 木地板 > 实木地板,category,实木地板,纯实木地板,medium,区别于实木复合的强调叫法
40-1,40,墙砖、地砖、地板、地毯类材料 > 木地板 > 实木地板,material,实木多层地板,多层实木地板,high,最常见俗称
40-1,40,墙砖、地砖、地板、地毯类材料 > 木地板 > 实木地板,material,实木多层地板,实木多层,medium,采购口语简称
40-1,40,墙砖、地砖、地板、地毯类材料 > 木地板 > 实木地板,material,实木运动地板,运动木地板,high,行业通用叫法
40-1,40,墙砖、地砖、地板、地毯类材料 > 木地板 > 实木地板,material,实木运动地板,体育木地板,high,体育场馆常用名
40-1,40,墙砖、地砖、地板、地毯类材料 > 木地板 > 实木地板,material,实木运动地板,体育馆地板,medium,场景化叫法
40-1,40,墙砖、地砖、地板、地毯类材料 > 木地板 > 实木地板,material,拼花实木地板,实木拼花地板,high,语序变体但同样常见
40-1,40,墙砖、地砖、地板、地毯类材料 > 木地板 > 实木地板,material,拼花实木地板,拼花地板,high,简化俗称
40-1,40,墙砖、地砖、地板、地毯类材料 > 木地板 > 实木地板,material,拼花实木地板,艺术拼花地板,low,装饰性强调
1440-1,1440,墙砖、地砖、地板、地毯类材料 > 木地板 > 实木复合地板,material,实木复合板,实木多层板,high,实木复合地板多由多层实木薄片纵横交错压贴，施工现场及采购中常称多层板
1440-1,1440,墙砖、地砖、地板、地毯类材料 > 木地板 > 实木复合地板,material,实木复合板,多层实木,medium,口语简称，强调其多层结构
1440-1,1440,墙砖、地砖、地板、地毯类材料 > 木地板 > 实木复合地板,material,实木复合运动地板,运动地板,medium,体育场馆常用简称，忽略结构描述
1440-1,1440,墙砖、地砖、地板、地毯类材料 > 木地板 > 实木复合地板,material,实木复合运动地板,体育木地板,medium,专用于体育场馆的木地板统称，采购中可能混用
1439-1,1439,墙砖、地砖、地板、地毯类材料 > 木地板 > 强化复合地板,material,运动木地板,体育木地板,high,运动场馆常用叫法
1439-1,1439,墙砖、地砖、地板、地毯类材料 > 木地板 > 强化复合地板,material,运动木地板,体育馆地板,high,场馆内铺设时简称
1439-1,1439,墙砖、地砖、地板、地毯类材料 > 木地板 > 强化复合地板,material,运动木地板,篮球木地板,medium,常见运动地板类型之一
1439-1,1439,墙砖、地砖、地板、地毯类材料 > 木地板 > 强化复合地板,material,运动木地板,运动地板,medium,口语中常省略木字
1441-1,1441,墙砖、地砖、地板、地毯类材料 > 木地板 > 竹（木）地板,category,竹（木）地板,竹地板类,medium,施工及采购中常以'竹地板'泛指该分类下所有竹制地板产品
1441-1,1441,墙砖、地砖、地板、地毯类材料 > 木地板 > 竹（木）地板,material,立竹拼花地板,立竹拼花,low,现场口语中可能简称为'立竹拼花'
1441-1,1441,墙砖、地砖、地板、地毯类材料 > 木地板 > 竹（木）地板,material,立竹拼花地板,拼花竹地板,low,强调拼花工艺时可能使用此叫法
1436-1,1436,墙砖、地砖、地板、地毯类材料 > 木地板 > 软木地板,material,多层复合软木地板,复合软木地板,high,施工现场简化称呼
1436-1,1436,墙砖、地砖、地板、地毯类材料 > 木地板 > 软木地板,material,多层复合软木地板,多层软木地板,medium,省略'复合'的口语简称
235-1,235,墙砖、地砖、地板、地毯类材料 > 防静电地板 > 防静电地板,category,防静电地板,静电地板,high,防静电地板通用俗称
235-1,235,墙砖、地砖、地板、地毯类材料 > 防静电地板 > 防静电地板,category,防静电地板,抗静电地板,high,通用别称
235-1,235,墙砖、地砖、地板、地毯类材料 > 防静电地板 > 防静电地板,category,防静电地板,架空地板,medium,所有防静电地板均需架空安装，现场常统称架空地板
235-1,235,墙砖、地砖、地板、地毯类材料 > 防静电地板 > 防静电地板,category,防静电地板,活动地板,medium,可活动安装的地板通称
235-1,235,墙砖、地砖、地板、地毯类材料 > 防静电地板 > 防静电地板,material,硫酸钙防静电地板,硫酸钙地板,high,省略防静电，现场简称为硫酸钙地板
235-1,235,墙砖、地砖、地板、地毯类材料 > 防静电地板 > 防静电地板,material,网络地板,OA地板,high,网络地板全称为OA网络地板，施工中多称OA地板
235-1,235,墙砖、地砖、地板、地毯类材料 > 防静电地板 > 防静电地板,material,网络地板,网络架空地板,medium,强调架空走线功能
235-1,235,墙砖、地砖、地板、地毯类材料 > 防静电地板 > 防静电地板,material,陶瓷钢地板,陶瓷防静电地板,high,全称常有防静电字样，简称为陶瓷防静电地板
235-1,235,墙砖、地砖、地板、地毯类材料 > 防静电地板 > 防静电地板,material,陶瓷钢地板,瓷面地板,medium,现场对陶瓷贴面的简称
235-1,235,墙砖、地砖、地板、地毯类材料 > 防静电地板 > 防静电地板,material,高密度复合防静电地板,高密度抗静电地板,medium,防静电与抗静电常混用
235-1,235,墙砖、地砖、地板、地毯类材料 > 防静电地板 > 防静电地板,material,高密度复合防静电地板,复合抗静电地板,low,简化后突出复合基材属性
1433-3,1433,墙砖、地砖、地板、地毯类材料 > 陶瓷砖（板） > 瓷砖,material,钛金不锈钢复合地砖,钛金砖,medium,施工现场口语简称
1433-3,1433,墙砖、地砖、地板、地毯类材料 > 陶瓷砖（板） > 瓷砖,material,钛金不锈钢复合地砖,钛金不锈钢砖,medium,扩展俗称
1433-3,1433,墙砖、地砖、地板、地毯类材料 > 陶瓷砖（板） > 瓷砖,material,镜框线,镜框线条,medium,常见叫法
1433-3,1433,墙砖、地砖、地板、地毯类材料 > 陶瓷砖（板） > 瓷砖,material,镜框线,镜框边条,low,收边线条俗称
1433-3,1433,墙砖、地砖、地板、地毯类材料 > 陶瓷砖（板） > 瓷砖,material,阳角,阳角条,high,瓷砖收边配件常见叫法
1433-3,1433,墙砖、地砖、地板、地毯类材料 > 陶瓷砖（板） > 瓷砖,material,阳角,阳角线,high,贴砖收口线条叫法
1433-3,1433,墙砖、地砖、地板、地毯类材料 > 陶瓷砖（板） > 瓷砖,material,阳角,外角条,low,口语表达
1433-3,1433,墙砖、地砖、地板、地毯类材料 > 陶瓷砖（板） > 瓷砖,material,阴角,阴角条,high,瓷砖收边配件常见叫法
1433-3,1433,墙砖、地砖、地板、地毯类材料 > 陶瓷砖（板） > 瓷砖,material,阴角,阴角线,high,内角收口线条叫法
1433-3,1433,墙砖、地砖、地板、地毯类材料 > 陶瓷砖（板） > 瓷砖,material,阴角,内角条,low,口语替代
1433-3,1433,墙砖、地砖、地板、地毯类材料 > 陶瓷砖（板） > 瓷砖,material,陶土砖,陶土烧结砖,medium,强调烧结工艺
1433-3,1433,墙砖、地砖、地板、地毯类材料 > 陶瓷砖（板） > 瓷砖,material,陶土砖,红陶砖,low,按颜色俗称
1433-3,1433,墙砖、地砖、地板、地毯类材料 > 陶瓷砖（板） > 瓷砖,material,陶土砖,陶土地砖,medium,应用场景叫法
1433-3,1433,墙砖、地砖、地板、地毯类材料 > 陶瓷砖（板） > 瓷砖,material,陶瓷岩板,岩板,high,行业通用简称
1433-3,1433,墙砖、地砖、地板、地毯类材料 > 陶瓷砖（板） > 瓷砖,material,陶瓷岩板,大岩板,medium,强调规格
1433-3,1433,墙砖、地砖、地板、地毯类材料 > 陶瓷砖（板） > 瓷砖,material,陶瓷薄板,薄板,high,广泛简称
1433-3,1433,墙砖、地砖、地板、地毯类材料 > 陶瓷砖（板） > 瓷砖,material,陶瓷薄板,纤薄瓷板,medium,强调纤薄特性
1433-3,1433,墙砖、地砖、地板、地毯类材料 > 陶瓷砖（板） > 瓷砖,material,陶瓷薄板,薄型瓷砖,medium,口语描述
1433-3,1433,墙砖、地砖、地板、地毯类材料 > 陶瓷砖（板） > 瓷砖,material,齿形刮板,齿刮,high,施工现场简称
1433-3,1433,墙砖、地砖、地板、地毯类材料 > 陶瓷砖（板） > 瓷砖,material,齿形刮板,锯齿刮板,high,形状描述
1433-3,1433,墙砖、地砖、地板、地毯类材料 > 陶瓷砖（板） > 瓷砖,material,齿形刮板,齿形抹刀,medium,功能别名
1433-3,1433,墙砖、地砖、地板、地毯类材料 > 陶瓷砖（板） > 瓷砖,material,齿形刮板,齿刀,low,简短叫法
1435-1,1435,墙砖、地砖、地板、地毯类材料 > 陶瓷砖（板） > 马赛克,category,马赛克,纸皮石,high,马赛克传统俗称，因背面常贴纸成联供应
1435-1,1435,墙砖、地砖、地板、地毯类材料 > 陶瓷砖（板） > 马赛克,category,马赛克,马塞克,medium,常见错别字口语叫法
1435-1,1435,墙砖、地砖、地板、地毯类材料 > 陶瓷砖（板） > 马赛克,category,马赛克,锦砖,medium,陶瓷马赛克的传统名称，有时泛指所有马赛克
1435-1,1435,墙砖、地砖、地板、地毯类材料 > 陶瓷砖（板） > 马赛克,material,水晶马赛克,水晶玻璃马赛克,medium,突出其玻璃透明质感
1435-1,1435,墙砖、地砖、地板、地毯类材料 > 陶瓷砖（板） > 马赛克,material,混拼马赛克,混拼砖,medium,现场对混拼马赛克的简化叫法
1435-1,1435,墙砖、地砖、地板、地毯类材料 > 陶瓷砖（板） > 马赛克,material,混拼马赛克,混搭马赛克,medium,采购时用于描述混合搭配的通俗说法
1435-1,1435,墙砖、地砖、地板、地毯类材料 > 陶瓷砖（板） > 马赛克,material,生态木马赛克,木塑马赛克,high,生态木常为木塑复合材料，采购中以此代称
1435-1,1435,墙砖、地砖、地板、地毯类材料 > 陶瓷砖（板） > 马赛克,material,生态木马赛克,生态木塑马赛克,medium,全称的简短说法
1435-1,1435,墙砖、地砖、地板、地毯类材料 > 陶瓷砖（板） > 马赛克,material,石材马赛克,石头马赛克,high,口语化称呼
1435-1,1435,墙砖、地砖、地板、地毯类材料 > 陶瓷砖（板） > 马赛克,material,石材马赛克,天然石马赛克,medium,强调天然石材属性
1435-1,1435,墙砖、地砖、地板、地毯类材料 > 陶瓷砖（板） > 马赛克,material,船木马赛克,老船木马赛克,high,强调旧船木材料
1435-1,1435,墙砖、地砖、地板、地毯类材料 > 陶瓷砖（板） > 马赛克,material,船木马赛克,船木砖,medium,施工现场简称
1435-1,1435,墙砖、地砖、地板、地毯类材料 > 陶瓷砖（板） > 马赛克,material,贝壳马赛克,贝壳砖,high,常见简约叫法
1435-1,1435,墙砖、地砖、地板、地毯类材料 > 陶瓷砖（板） > 马赛克,material,贝壳马赛克,贝母马赛克,medium,突出贝壳内层光泽
1435-1,1435,墙砖、地砖、地板、地毯类材料 > 陶瓷砖（板） > 马赛克,material,金属马赛克,金属砖,high,采购和施工中常用简称
1435-1,1435,墙砖、地砖、地板、地毯类材料 > 陶瓷砖（板） > 马赛克,material,陶瓷马赛克,瓷片马赛克,medium,用瓷片指代陶瓷马赛克
1435-1,1435,墙砖、地砖、地板、地毯类材料 > 陶瓷砖（板） > 马赛克,material,陶瓷马赛克,瓷砖马赛克,medium,泛称
1435-1,1435,墙砖、地砖、地板、地毯类材料 > 陶瓷砖（板） > 马赛克,material,陶瓷马赛克,陶质马赛克,low,按材质区分时的称呼
54-3,54,墙面、天棚及屋面饰面材料 > 其他装饰板及材料 > 其他装饰板及材料,material,高晶板,高晶石膏板,high,高晶板通常指高晶石膏板，是石膏板的一种改进型
54-3,54,墙面、天棚及屋面饰面材料 > 其他装饰板及材料 > 其他装饰板及材料,material,高晶板,高晶天花板,high,高晶板常用于天花板，故称
54-3,54,墙面、天棚及屋面饰面材料 > 其他装饰板及材料 > 其他装饰板及材料,material,高晶板,高强度石膏板,medium,高晶即高强度晶体，有时称为高强度石膏板
54-3,54,墙面、天棚及屋面饰面材料 > 其他装饰板及材料 > 其他装饰板及材料,material,高硅板,高硅钙板,medium,高硅板常指高硅钙质装饰板
54-3,54,墙面、天棚及屋面饰面材料 > 其他装饰板及材料 > 其他装饰板及材料,material,高硅板,高硅氧板,low,可能指高硅氧纤维增强板，用于防火
1464-1,1464,墙面、天棚及屋面饰面材料 > 其他装饰板及材料 > 金、银箔制品,category,金、银箔制品,金银箔,high,金箔、银箔及仿制品的统称
1464-1,1464,墙面、天棚及屋面饰面材料 > 其他装饰板及材料 > 金、银箔制品,category,金、银箔制品,箔类装饰材料,medium,装修中常用统称
1464-1,1464,墙面、天棚及屋面饰面材料 > 其他装饰板及材料 > 金、银箔制品,material,仿金箔,仿金箔纸,high,采购中常称仿金箔纸
1464-1,1464,墙面、天棚及屋面饰面材料 > 其他装饰板及材料 > 金、银箔制品,material,仿金箔,人造金箔,medium,强调为人造材质
1464-1,1464,墙面、天棚及屋面饰面材料 > 其他装饰板及材料 > 金、银箔制品,material,仿银箔,仿银箔纸,high,采购中常称仿银箔纸
1464-1,1464,墙面、天棚及屋面饰面材料 > 其他装饰板及材料 > 金、银箔制品,material,金箔,真金箔,high,强调材质为真金
1464-1,1464,墙面、天棚及屋面饰面材料 > 其他装饰板及材料 > 金、银箔制品,material,金箔,黄金箔,high,材料为黄金打制
1464-1,1464,墙面、天棚及屋面饰面材料 > 其他装饰板及材料 > 金、银箔制品,material,金箔,金箔纸,medium,薄如纸，常称金箔纸
1464-1,1464,墙面、天棚及屋面饰面材料 > 其他装饰板及材料 > 金、银箔制品,material,铜箔,紫铜箔,high,铜箔呈紫红色，俗称紫铜箔
1464-1,1464,墙面、天棚及屋面饰面材料 > 其他装饰板及材料 > 金、银箔制品,material,铜箔,红铜箔,medium,因颜色得名
1464-1,1464,墙面、天棚及屋面饰面材料 > 其他装饰板及材料 > 金、银箔制品,material,银箔,真银箔,high,强调真银材质
1464-1,1464,墙面、天棚及屋面饰面材料 > 其他装饰板及材料 > 金、银箔制品,material,银箔,白银箔,medium,俗称，材质为白银
1461-1,1461,墙面、天棚及屋面饰面材料 > 壁纸、壁布 > 壁布,category,壁布,墙布,high,施工现场及采购中常将壁布统称为墙布
1461-1,1461,墙面、天棚及屋面饰面材料 > 壁纸、壁布 > 壁布,material,硅藻布,硅藻泥壁布,high,市面上常以硅藻泥壁布名称销售，强调其净化功能
1461-1,1461,墙面、天棚及屋面饰面材料 > 壁纸、壁布 > 壁布,material,硅藻布,硅藻土墙布,medium,以主要原料硅藻土直接命名，采购单中偶有使用
128-1,128,墙面、天棚及屋面饰面材料 > 壁纸、壁布 > 壁纸,category,壁纸,墙纸,high,壁纸在采购和施工中最通用的俗称
128-1,128,墙面、天棚及屋面饰面材料 > 壁纸、壁布 > 壁纸,material,PVC壁纸,塑料壁纸,high,PVC即聚氯乙烯塑料，俗称塑料壁纸
128-1,128,墙面、天棚及屋面饰面材料 > 壁纸、壁布 > 壁纸,material,PVC壁纸,塑胶壁纸,medium,部分南方地区或工地对PVC壁纸的叫法
128-1,128,墙面、天棚及屋面饰面材料 > 壁纸、壁布 > 壁纸,material,仿真丝壁纸,仿丝绸壁纸,high,仿真丝即模仿丝绸质感，常称作仿丝绸壁纸
128-1,128,墙面、天棚及屋面饰面材料 > 壁纸、壁布 > 壁纸,material,发泡壁纸,浮雕壁纸,high,发泡工艺形成凹凸纹理，业内常称为浮雕壁纸
128-1,128,墙面、天棚及屋面饰面材料 > 壁纸、壁布 > 壁纸,material,无纺布壁纸,无纺布墙纸,high,无纺布壁纸的完整口语叫法
128-1,128,墙面、天棚及屋面饰面材料 > 壁纸、壁布 > 壁纸,material,无纺纸壁纸,无纺纸墙纸,medium,与无纺布类似，但强调纸基，口语中直接加墙字
128-1,128,墙面、天棚及屋面饰面材料 > 壁纸、壁布 > 壁纸,material,棉麻壁纸,棉麻墙纸,high,棉麻材质的壁纸，口语中自然叫法
128-1,128,墙面、天棚及屋面饰面材料 > 壁纸、壁布 > 壁纸,material,植绒壁纸,绒面壁纸,high,植绒表面形成绒毛效果，常称为绒面壁纸
128-1,128,墙面、天棚及屋面饰面材料 > 壁纸、壁布 > 壁纸,material,纤维壁纸,纤维墙纸,medium,纤维类壁纸的口语统称
128-1,128,墙面、天棚及屋面饰面材料 > 壁纸、壁布 > 壁纸,material,纸质壁纸,纯纸壁纸,high,强调基材为纸，区别于其他基材，采购时常说纯纸壁纸
128-1,128,墙面、天棚及屋面饰面材料 > 壁纸、壁布 > 壁纸,material,织物壁纸,布面壁纸,high,织物面层的外观特征叫法
128-1,128,墙面、天棚及屋面饰面材料 > 壁纸、壁布 > 壁纸,material,织物壁纸,纺织壁纸,medium,织物壁纸的另一常见称呼
128-1,128,墙面、天棚及屋面饰面材料 > 壁纸、壁布 > 壁纸,material,绒布壁纸,绒布墙纸,high,绒布表面的壁纸口语叫法
128-1,128,墙面、天棚及屋面饰面材料 > 壁纸、壁布 > 壁纸,material,草编壁纸,草编墙纸,high,草编材质壁纸的自然口语叫法
128-1,128,墙面、天棚及屋面饰面材料 > 壁纸、壁布 > 壁纸,material,草编壁纸,草席壁纸,medium,形似草席，部分施工人员叫法
128-1,128,墙面、天棚及屋面饰面材料 > 壁纸、壁布 > 壁纸,material,软木壁纸,软木墙纸,high,软木面层的壁纸口语叫法
128-1,128,墙面、天棚及屋面饰面材料 > 壁纸、壁布 > 壁纸,material,金属壁纸,金属墙纸,high,金属质感壁纸的口语叫法
128-1,128,墙面、天棚及屋面饰面材料 > 壁纸、壁布 > 壁纸,material,金属壁纸,金箔壁纸,medium,部分高档金属壁纸表面似金箔，采购中偶用此称
128-1,128,墙面、天棚及屋面饰面材料 > 壁纸、壁布 > 壁纸,material,雪尼尔壁纸,雪尼尔墙纸,medium,雪尼尔纱材质的壁纸，口语中加墙字
1460-2,1460,墙面、天棚及屋面饰面材料 > 格栅、格片、挂片 > 格栅、格片、挂片,category,格栅、格片、挂片,装饰格栅,medium,采购与施工中常将此类饰面材料统称为装饰格栅
1460-2,1460,墙面、天棚及屋面饰面材料 > 格栅、格片、挂片 > 格栅、格片、挂片,category,格栅、格片、挂片,花格,low,部分项目口语将格栅挂片称作花格
1460-2,1460,墙面、天棚及屋面饰面材料 > 格栅、格片、挂片 > 格栅、格片、挂片,material,陶棍,陶土棍,high,陶棍是由陶土烧制，施工中常直接称为陶土棍
1460-2,1460,墙面、天棚及屋面饰面材料 > 格栅、格片、挂片 > 格栅、格片、挂片,material,陶棍,陶棒,medium,因外形为棒状，有时简称为陶棒
1460-2,1460,墙面、天棚及屋面饰面材料 > 格栅、格片、挂片 > 格栅、格片、挂片,material,陶棍,陶管,low,部分空心陶棍被称为陶管
1460-2,1460,墙面、天棚及屋面饰面材料 > 格栅、格片、挂片 > 格栅、格片、挂片,material,高晶板格栅,高晶格栅,high,施工现场及采购中常简化为高晶格栅
1460-2,1460,墙面、天棚及屋面饰面材料 > 格栅、格片、挂片 > 格栅、格片、挂片,material,高晶板格栅,高晶板挂片,medium,当高晶板以挂片形式使用时，会被如此称呼
52-4,52,墙面、天棚及屋面饰面材料 > 轻质复合板 > 轻质复合板,category,轻质复合板,轻质复合墙板,high,施工现场通常将“轻质复合板”称为“轻质复合墙板”
52-4,52,墙面、天棚及屋面饰面材料 > 轻质复合板 > 轻质复合板,category,轻质复合板,复合隔墙板,medium,行业内也常称其为复合隔墙板
52-4,52,墙面、天棚及屋面饰面材料 > 轻质复合板 > 轻质复合板,material,陶粒混凝土条板,陶粒条板,medium,简称，去掉了‘混凝土’
52-4,52,墙面、天棚及屋面饰面材料 > 轻质复合板 > 轻质复合板,material,陶粒混凝土条板,陶粒轻质条板,medium,强调轻质特性
52-4,52,墙面、天棚及屋面饰面材料 > 轻质复合板 > 轻质复合板,material,陶粒玻璃纤维空心轻质墙板,陶粒玻纤空心墙板,medium,取主要组分简称
52-4,52,墙面、天棚及屋面饰面材料 > 轻质复合板 > 轻质复合板,material,陶粒玻璃纤维空心轻质墙板,玻纤增强陶粒墙板,low,突出玻璃纤维增强
52-4,52,墙面、天棚及屋面饰面材料 > 轻质复合板 > 轻质复合板,material,陶粒砼墙板,陶粒混凝土墙板,high,“砼”即混凝土，是行业通用简称的还原
52-4,52,墙面、天棚及屋面饰面材料 > 轻质复合板 > 轻质复合板,material,陶粒轻质隔墙板,陶粒轻质墙板,medium,省略‘隔墙’，口语常用
52-4,52,墙面、天棚及屋面饰面材料 > 轻质复合板 > 轻质复合板,material,陶粒轻质隔墙板,轻质陶粒墙板,low,顺序调换，一样指代
52-4,52,墙面、天棚及屋面饰面材料 > 轻质复合板 > 轻质复合板,material,预制泡沫水泥聚苯颗粒板,水泥聚苯颗粒板,low,省略‘预制泡沫’
52-4,52,墙面、天棚及屋面饰面材料 > 轻质复合板 > 轻质复合板,material,预制泡沫水泥聚苯颗粒板,泡沫水泥聚苯板,low,简化组份名称
52-4,52,墙面、天棚及屋面饰面材料 > 轻质复合板 > 轻质复合板,material,预制硅酸钙聚苯颗粒发泡水泥板,聚苯颗粒硅酸钙板,low,简称，突出聚苯颗粒和硅酸钙板复合
52-4,52,墙面、天棚及屋面饰面材料 > 轻质复合板 > 轻质复合板,material,预制硅酸钙聚苯颗粒发泡水泥板,硅酸钙聚苯复合板,low,复合板简称
52-4,52,墙面、天棚及屋面饰面材料 > 轻质复合板 > 轻质复合板,material,预制轻钢龙骨内隔墙板,轻钢龙骨内墙板,medium,口语省略‘预制’和‘隔’
52-4,52,墙面、天棚及屋面饰面材料 > 轻质复合板 > 轻质复合板,material,预制轻钢龙骨内隔墙板,预制龙骨内隔墙板,low,省略‘轻钢’
52-4,52,墙面、天棚及屋面饰面材料 > 轻质复合板 > 轻质复合板,material,预制轻钢龙骨隔墙板,轻钢龙骨隔墙板,high,直接省略‘预制’，施工现场常用
52-4,52,墙面、天棚及屋面饰面材料 > 轻质复合板 > 轻质复合板,material,预制轻钢龙骨隔墙板,钢龙骨隔墙板,medium,进一步简化‘轻钢’
52-4,52,墙面、天棚及屋面饰面材料 > 轻质复合板 > 轻质复合板,material,预制陶粒混凝土聚苯复合块,陶粒聚苯复合块,low,简化掉‘预制’和‘混凝土’
52-4,52,墙面、天棚及屋面饰面材料 > 轻质复合板 > 轻质复合板,material,高强挤塑成型水泥板,ECP板,high,Extruded Cement Panel 英文缩写，行业通用
52-4,52,墙面、天棚及屋面饰面材料 > 轻质复合板 > 轻质复合板,material,高强挤塑成型水泥板,挤塑水泥板,high,施工口语简称
52-4,52,墙面、天棚及屋面饰面材料 > 轻质复合板 > 轻质复合板,material,高强挤塑成型水泥板,高强挤出板,medium,简称，突出高强度与挤出工艺
52-4,52,墙面、天棚及屋面饰面材料 > 轻质复合板 > 轻质复合板,material,高晶天花板,高晶板,medium,行业常用简称，指代高晶天花板
52-4,52,墙面、天棚及屋面饰面材料 > 轻质复合板 > 轻质复合板,material,高晶天花板,高晶复合天花板,low,全称还原
131-2,131,墙面、天棚及屋面饰面材料 > 金属装饰板 > 其它金属装饰板,category,其它金属装饰板,其它金属饰面板,medium,将装饰板泛称为饰面板，施工现场常用
131-2,131,墙面、天棚及屋面饰面材料 > 金属装饰板 > 其它金属装饰板,category,其它金属装饰板,杂项金属板,low,口语中根据分类目录简化的叫法
131-2,131,墙面、天棚及屋面饰面材料 > 金属装饰板 > 其它金属装饰板,material,铝镁合金板,铝镁板,high,施工和采购中常见的简称
131-2,131,墙面、天棚及屋面饰面材料 > 金属装饰板 > 其它金属装饰板,material,铝镁锰保温板,铝镁锰保温一体板,medium,带保温层的复合板常被称为一体板
131-2,131,墙面、天棚及屋面饰面材料 > 金属装饰板 > 其它金属装饰板,material,铝镁锰保温板,保温铝镁锰板,medium,强调保温功能的前置叫法
131-2,131,墙面、天棚及屋面饰面材料 > 金属装饰板 > 其它金属装饰板,material,铝镁锰合金屋面板,铝镁锰屋面板,high,省略'合金'的日常叫法
131-2,131,墙面、天棚及屋面饰面材料 > 金属装饰板 > 其它金属装饰板,material,铝镁锰合金屋面板,铝镁锰金属屋面,medium,从安装后系统角度称呼材料
131-2,131,墙面、天棚及屋面饰面材料 > 金属装饰板 > 其它金属装饰板,material,铝镁锰合金板,铝镁锰板,high,最常用的简称
131-2,131,墙面、天棚及屋面饰面材料 > 金属装饰板 > 其它金属装饰板,material,铝镁锰合金板,铝锰镁板,medium,元素顺序口语中偶尔误称，但仍指同种板
131-2,131,墙面、天棚及屋面饰面材料 > 金属装饰板 > 其它金属装饰板,material,铝雕花板,雕花铝板,high,更符合中文习惯的前置叫法，采购沟通中常见
131-2,131,墙面、天棚及屋面饰面材料 > 金属装饰板 > 其它金属装饰板,material,铝雕花板,铝板雕花,medium,强调工艺的叫法
131-2,131,墙面、天棚及屋面饰面材料 > 金属装饰板 > 其它金属装饰板,material,铝饰面微孔吸音板,微孔铝吸音板,medium,突出微孔和材质的简称
131-2,131,墙面、天棚及屋面饰面材料 > 金属装饰板 > 其它金属装饰板,material,铝饰面微孔吸音板,铝穿孔吸音板,medium,穿孔与微孔工艺类似，现场常混用
131-2,131,墙面、天棚及屋面饰面材料 > 金属装饰板 > 其它金属装饰板,material,铝饰面微孔吸音板,吸音铝板,low,功能简称，但可能泛指所有吸音铝板
131-2,131,墙面、天棚及屋面饰面材料 > 金属装饰板 > 其它金属装饰板,material,雕花钢板,钢板雕花,medium,工艺后置的叫法
131-2,131,墙面、天棚及屋面饰面材料 > 金属装饰板 > 其它金属装饰板,material,雕花钢板,镂空钢板,medium,雕花常表现为镂空效果，现场以此代称
46-1,46,墙面、天棚及屋面饰面材料 > 金属装饰板 > 铝装饰板,category,铝装饰板,铝天花,high,铝装饰板常用于天花吊顶，现场常统称为铝天花
46-1,46,墙面、天棚及屋面饰面材料 > 金属装饰板 > 铝装饰板,category,铝装饰板,铝吊顶,medium,铝装饰板多用于吊顶，口语中常称铝吊顶
46-1,46,墙面、天棚及屋面饰面材料 > 金属装饰板 > 铝装饰板,material,H型铝条扣,H型扣板,high,省略铝条，直接称H型扣板
46-1,46,墙面、天棚及屋面饰面材料 > 金属装饰板 > 铝装饰板,material,H型铝条扣,H条扣,medium,口语中简称H条扣
46-1,46,墙面、天棚及屋面饰面材料 > 金属装饰板 > 铝装饰板,material,井型铝扣板,井字扣板,high,井型又称井字形，口语叫井字扣板
46-1,46,墙面、天棚及屋面饰面材料 > 金属装饰板 > 铝装饰板,material,井型铝扣板,井格铝扣板,medium,井格强调网格状造型
46-1,46,墙面、天棚及屋面饰面材料 > 金属装饰板 > 铝装饰板,material,拉网铝单板,拉伸网铝板,high,拉网即拉伸网工艺，常称拉伸网铝板
46-1,46,墙面、天棚及屋面饰面材料 > 金属装饰板 > 铝装饰板,material,拉网铝单板,铝拉网板,medium,简化叫法
46-1,46,墙面、天棚及屋面饰面材料 > 金属装饰板 > 铝装饰板,material,穿孔铝单板,冲孔铝单板,high,穿孔工艺即冲孔，采购中更常说冲孔铝单板
46-1,46,墙面、天棚及屋面饰面材料 > 金属装饰板 > 铝装饰板,material,穿孔铝单板,打孔铝单板,medium,口语中也叫打孔铝单板
46-1,46,墙面、天棚及屋面饰面材料 > 金属装饰板 > 铝装饰板,material,穿孔铝扣板,冲孔铝扣板,high,同穿孔铝单板原理，扣板类叫冲孔铝扣板
46-1,46,墙面、天棚及屋面饰面材料 > 金属装饰板 > 铝装饰板,material,穿孔铝扣板,打孔铝扣板,medium,口语叫法
46-1,46,墙面、天棚及屋面饰面材料 > 金属装饰板 > 铝装饰板,material,铝塑板,铝塑复合板,high,全称，采购时常混用
46-1,46,墙面、天棚及屋面饰面材料 > 金属装饰板 > 铝装饰板,material,铝方板,铝方扣板,high,方板常指方型扣板，口语中也叫铝方扣板
46-1,46,墙面、天棚及屋面饰面材料 > 金属装饰板 > 铝装饰板,material,铝方板,方形铝板,medium,直接描述为方形铝板
46-1,46,墙面、天棚及屋面饰面材料 > 金属装饰板 > 铝装饰板,material,铝条扣,条扣板,high,简称条扣板
46-1,46,墙面、天棚及屋面饰面材料 > 金属装饰板 > 铝装饰板,material,铝条扣,铝条扣板,medium,全称叫法
45-1,45,墙面、天棚及屋面饰面材料 > 集成吊顶系统 > 集成吊顶系统,material,集成吊顶,集成顶,high,施工现场口语简称
45-1,45,墙面、天棚及屋面饰面材料 > 集成吊顶系统 > 集成吊顶系统,material,集成吊顶,集成天花,medium,行业内另一种叫法
45-1,45,墙面、天棚及屋面饰面材料 > 集成吊顶系统 > 集成吊顶系统,material,集成吊顶,整体吊顶,medium,强调集成一体化特点
49-1,49,墙面、天棚及屋面饰面材料 > 非金属装饰板 > 塑料装饰板,category,塑料装饰板,塑料扣板,medium,该品类中扣板类材料使用广泛，采购及施工现场常统称为塑料扣板
49-1,49,墙面、天棚及屋面饰面材料 > 非金属装饰板 > 塑料装饰板,material,KT板,KT泡沫板,high,KT板本质为泡沫芯材，加KT前缀称为KT泡沫板
49-1,49,墙面、天棚及屋面饰面材料 > 非金属装饰板 > 塑料装饰板,material,PC中空板,中空阳光板,high,PC中空板因中空结构与采光特性，常被称为中空阳光板
49-1,49,墙面、天棚及屋面饰面材料 > 非金属装饰板 > 塑料装饰板,material,PC中空板,PC阳光中空板,medium,全称描述，PC材质、阳光板功能、中空结构的结合
49-1,49,墙面、天棚及屋面饰面材料 > 非金属装饰板 > 塑料装饰板,material,PC耐力板,实心耐力板,high,区别于中空板，强调实心结构
49-1,49,墙面、天棚及屋面饰面材料 > 非金属装饰板 > 塑料装饰板,material,PC耐力板,PC实心板,high,施工现场简称，指聚碳酸酯实心板材
49-1,49,墙面、天棚及屋面饰面材料 > 非金属装饰板 > 塑料装饰板,material,PC耐力板,耐力板,high,PC耐力板常用简称
49-1,49,墙面、天棚及屋面饰面材料 > 非金属装饰板 > 塑料装饰板,material,PVC塑料装饰板,PVC装饰板,high,省去塑料一词的简称
49-1,49,墙面、天棚及屋面饰面材料 > 非金属装饰板 > 塑料装饰板,material,PVC塑料装饰板,PVC饰面板,medium,强调饰面功能的叫法
49-1,49,墙面、天棚及屋面饰面材料 > 非金属装饰板 > 塑料装饰板,material,塑料贴面装饰板,塑料贴面板,high,装饰板与贴面板在口语中常混用
49-1,49,墙面、天棚及屋面饰面材料 > 非金属装饰板 > 塑料装饰板,material,聚丙烯扣板,PP扣板,high,聚丙烯的英文缩写PP，行业惯用简称
49-1,49,墙面、天棚及屋面饰面材料 > 非金属装饰板 > 塑料装饰板,material,聚碳酸脂(PC)板,PC板,high,聚碳酸酯板的通用英文缩写简称
49-1,49,墙面、天棚及屋面饰面材料 > 非金属装饰板 > 塑料装饰板,material,聚碳酸脂(PC)板,聚碳酸酯板,medium,口语中常将“脂”读作“酯”，形成别称
49-1,49,墙面、天棚及屋面饰面材料 > 非金属装饰板 > 塑料装饰板,material,聚苯乙烯扣板,PS扣板,high,聚苯乙烯英文缩写PS，行业惯用简称
49-1,49,墙面、天棚及屋面饰面材料 > 非金属装饰板 > 塑料装饰板,material,聚苯乙烯泡沫吸音板,PS泡沫吸音板,high,以材质缩写替代全称
49-1,49,墙面、天棚及屋面饰面材料 > 非金属装饰板 > 塑料装饰板,material,聚苯乙烯泡沫吸音板,泡沫吸音板,medium,施工现场常用材质和功能简化称呼
49-1,49,墙面、天棚及屋面饰面材料 > 非金属装饰板 > 塑料装饰板,material,聚酯纤维吸音板,聚酯吸音板,high,省去纤维二字的简称
49-1,49,墙面、天棚及屋面饰面材料 > 非金属装饰板 > 塑料装饰板,material,聚酯纤维吸音板,聚酯纤维板,medium,口语中有时省略吸音一词
49-1,49,墙面、天棚及屋面饰面材料 > 非金属装饰板 > 塑料装饰板,material,钙塑泡沫吸声板,钙塑板,high,施工现场最常用的简称
49-1,49,墙面、天棚及屋面饰面材料 > 非金属装饰板 > 塑料装饰板,material,钙塑泡沫吸声板,钙塑吸音板,medium,将吸声口语音变为吸音
49-1,49,墙面、天棚及屋面饰面材料 > 非金属装饰板 > 塑料装饰板,material,阳光板,PC阳光板,high,阳光板主要由PC制成，全称常用
49-1,49,墙面、天棚及屋面饰面材料 > 非金属装饰板 > 塑料装饰板,material,阳光板,中空板,medium,早期阳光板多指中空结构，中空板成为俗称
1405-1,1405,墙面、天棚及屋面饰面材料 > 非金属装饰板 > 木质装饰板,category,木质装饰板,木饰面板,medium,施工现场常将各类木质装饰板统称为木饰面板
1405-1,1405,墙面、天棚及屋面饰面材料 > 非金属装饰板 > 木质装饰板,category,木质装饰板,木质饰面板,medium,采购清单中常见的类目名称
1405-1,1405,墙面、天棚及屋面饰面材料 > 非金属装饰板 > 木质装饰板,material,免漆板(生态板),三聚氰胺板,high,免漆板主要饰面材料为三聚氰胺浸渍纸，行业通用名
1405-1,1405,墙面、天棚及屋面饰面材料 > 非金属装饰板 > 木质装饰板,material,免漆板(生态板),三胺板,high,三聚氰胺板的简称，施工现场口语化叫法
1405-1,1405,墙面、天棚及屋面饰面材料 > 非金属装饰板 > 木质装饰板,material,护墙板,墙裙板,high,护墙板常作为墙裙使用，尤其是半高安装时
1405-1,1405,墙面、天棚及屋面饰面材料 > 非金属装饰板 > 木质装饰板,material,护墙板,护壁板,medium,行业内对墙面保护装饰板的雅称
1405-1,1405,墙面、天棚及屋面饰面材料 > 非金属装饰板 > 木质装饰板,material,烤漆板,钢琴烤漆板,medium,高光烤漆板通常被叫做钢琴烤漆板，用于强调表面光亮如钢琴漆
1405-1,1405,墙面、天棚及屋面饰面材料 > 非金属装饰板 > 木质装饰板,material,立体波浪板,波浪板,high,施工中直接简称为波浪板
1405-1,1405,墙面、天棚及屋面饰面材料 > 非金属装饰板 > 木质装饰板,material,软木装饰板,软木板,high,软木装饰板的日常简称
1405-1,1405,墙面、天棚及屋面饰面材料 > 非金属装饰板 > 木质装饰板,material,软木装饰板,水松板,medium,软木俗称水松，部分地区采用此叫法
1459-1,1459,墙面、天棚及屋面饰面材料 > 非金属装饰板 > 珍珠岩装饰板,category,珍珠岩装饰板,珍珠岩板,high,珍珠岩装饰板的简称，施工现场常用
1459-1,1459,墙面、天棚及屋面饰面材料 > 非金属装饰板 > 珍珠岩装饰板,category,珍珠岩装饰板,珍珠岩饰面板,medium,强调饰面功能的口语叫法
1459-1,1459,墙面、天棚及屋面饰面材料 > 非金属装饰板 > 珍珠岩装饰板,material,珍珠岩水泥装饰板,水泥珍珠岩板,high,词序调整，常见口语叫法
1459-1,1459,墙面、天棚及屋面饰面材料 > 非金属装饰板 > 珍珠岩装饰板,material,珍珠岩水泥装饰板,珍珠岩水泥板,high,省略“装饰”的简称
1459-1,1459,墙面、天棚及屋面饰面材料 > 非金属装饰板 > 珍珠岩装饰板,material,珍珠岩水泥装饰板,水泥珍珠岩装饰板,medium,全称词序变化的叫法
1459-1,1459,墙面、天棚及屋面饰面材料 > 非金属装饰板 > 珍珠岩装饰板,material,珍珠岩穿孔装饰板,穿孔珍珠岩板,high,常见简称
1459-1,1459,墙面、天棚及屋面饰面材料 > 非金属装饰板 > 珍珠岩装饰板,material,珍珠岩穿孔装饰板,珍珠岩穿孔板,high,省略“装饰”的简称
1459-1,1459,墙面、天棚及屋面饰面材料 > 非金属装饰板 > 珍珠岩装饰板,material,珍珠岩穿孔装饰板,穿孔珍珠岩装饰板,medium,词序调整的叫法
1459-1,1459,墙面、天棚及屋面饰面材料 > 非金属装饰板 > 珍珠岩装饰板,material,珍珠岩穿孔装饰板,珍珠岩吸音板,medium,穿孔板常用于吸音，故有此俗称
43-1,43,墙面、天棚及屋面饰面材料 > 非金属装饰板 > 矿物棉装饰板,category,矿物棉装饰板,矿棉装饰板,high,矿物棉装饰板的通用简称
43-1,43,墙面、天棚及屋面饰面材料 > 非金属装饰板 > 矿物棉装饰板,category,矿物棉装饰板,矿棉天花板,high,常用于天棚，俗称天花板
43-1,43,墙面、天棚及屋面饰面材料 > 非金属装饰板 > 矿物棉装饰板,category,矿物棉装饰板,矿棉吊顶板,medium,施工中吊顶板材的叫法
43-1,43,墙面、天棚及屋面饰面材料 > 非金属装饰板 > 矿物棉装饰板,material,矿棉吸声板,矿棉吸音板,high,吸声与吸音同义，工程中混用
43-1,43,墙面、天棚及屋面饰面材料 > 非金属装饰板 > 矿物棉装饰板,material,矿棉吸声板,矿棉天花板,high,吸声板最常用于天花板，直接叫天花板
43-1,43,墙面、天棚及屋面饰面材料 > 非金属装饰板 > 矿物棉装饰板,material,矿棉吸声板,吸音天花板,medium,强调功能的天花板叫法
43-1,43,墙面、天棚及屋面饰面材料 > 非金属装饰板 > 矿物棉装饰板,material,矿棉吸声板,矿棉吊顶板,medium,施工现场对吊顶用矿棉吸声板的称呼
43-1,43,墙面、天棚及屋面饰面材料 > 非金属装饰板 > 矿物棉装饰板,material,矿棉板,矿棉装饰板,high,强调装饰功能，采购时常用
43-1,43,墙面、天棚及屋面饰面材料 > 非金属装饰板 > 矿物棉装饰板,material,矿棉板,矿棉平板,medium,相对于花型板，素面矿棉板的叫法
1458-1,1458,墙面、天棚及屋面饰面材料 > 非金属装饰板 > 硅酸钙装饰板,category,硅酸钙装饰板,硅钙装饰板,high,硅酸钙装饰板的简称，工地上常省略酸字
1458-1,1458,墙面、天棚及屋面饰面材料 > 非金属装饰板 > 硅酸钙装饰板,category,硅酸钙装饰板,纤维增强硅钙板,medium,强调纤维增强特性，部分技术标书中使用
1458-1,1458,墙面、天棚及屋面饰面材料 > 非金属装饰板 > 硅酸钙装饰板,material,无石棉硅酸钙板,无石棉硅钙板,high,省略酸字的现场叫法
1458-1,1458,墙面、天棚及屋面饰面材料 > 非金属装饰板 > 硅酸钙装饰板,material,无石棉硅酸钙板,环保硅钙板,medium,突出无石棉环保特性的市场俗称
1458-1,1458,墙面、天棚及屋面饰面材料 > 非金属装饰板 > 硅酸钙装饰板,material,硅酸盐吸音板,吸音硅钙板,high,施工现场常见简称
1458-1,1458,墙面、天棚及屋面饰面材料 > 非金属装饰板 > 硅酸钙装饰板,material,硅酸盐吸音板,硅酸盐吸声板,high,吸音与吸声常混用
1458-1,1458,墙面、天棚及屋面饰面材料 > 非金属装饰板 > 硅酸钙装饰板,material,硅酸盐防火板,防火硅钙板,high,材料简称
1458-1,1458,墙面、天棚及屋面饰面材料 > 非金属装饰板 > 硅酸钙装饰板,material,硅酸盐防火板,阻燃硅钙板,medium,突出阻燃功能的市场叫法
1458-1,1458,墙面、天棚及屋面饰面材料 > 非金属装饰板 > 硅酸钙装饰板,material,硅酸钙护墙板,护墙硅钙板,high,现场口语简称
1458-1,1458,墙面、天棚及屋面饰面材料 > 非金属装饰板 > 硅酸钙装饰板,material,硅酸钙护墙板,硅酸钙墙裙板,medium,用于墙裙时的小范围叫法
1458-1,1458,墙面、天棚及屋面饰面材料 > 非金属装饰板 > 硅酸钙装饰板,material,硅酸钙板,硅钙板,high,最通用的行业别称
1458-1,1458,墙面、天棚及屋面饰面材料 > 非金属装饰板 > 硅酸钙装饰板,material,硅酸钙板,纤维增强硅酸钙板,medium,国标或规范中的全称
48-1,48,墙面、天棚及屋面饰面材料 > 非金属装饰板 > 竹木装饰板,category,竹木装饰板,竹木饰面板,high,竹木装饰板的常见简称，采购与施工中通用
48-1,48,墙面、天棚及屋面饰面材料 > 非金属装饰板 > 竹木装饰板,category,竹木装饰板,竹木墙板,medium,安装于墙面的竹木装饰板，现场口语常称墙板
1781-1,1781,家具及医疗器具 > 办公家具 > 会客沙发,category,会客沙发,接待沙发,high,办公场景中常称为接待沙发
1781-1,1781,家具及医疗器具 > 办公家具 > 会客沙发,category,会客沙发,洽谈沙发,medium,用于会客洽谈区
1781-1,1781,家具及医疗器具 > 办公家具 > 会客沙发,material,1+1+2组合,112组合沙发,medium,数字简称，采购单常见写法
1781-1,1781,家具及医疗器具 > 办公家具 > 会客沙发,material,1+1+3组合,113组合沙发,medium,数字简称，采购单常见写法
1781-1,1781,家具及医疗器具 > 办公家具 > 会客沙发,material,1+2+3组合,321组合沙发,high,常见口语叫法，按座位数简称
1785-1,1785,家具及医疗器具 > 办公家具 > 办公架类,material,报刊架,杂志架,high,办公和商业场所常混用，放置报纸杂志
1785-1,1785,家具及医疗器具 > 办公家具 > 办公架类,material,报刊架,报架,high,简称，施工现场常见口语
1785-1,1785,家具及医疗器具 > 办公家具 > 办公架类,material,货架,置物架,medium,办公场景用于放置物品的架子，采购中有时以此称呼
1785-1,1785,家具及医疗器具 > 办公家具 > 办公架类,material,货架,储物架,medium,强调储物功能，口语中可互换
1783-1,1783,家具及医疗器具 > 办公家具 > 办公柜,category,办公柜,办公用柜,high,口语中泛称办公场景使用的柜类
1783-1,1783,家具及医疗器具 > 办公家具 > 办公柜,category,办公柜,办公室柜子,medium,施工现场或采购清单中的通俗叫法
1783-1,1783,家具及医疗器具 > 办公家具 > 办公柜,material,化学药品柜,药品柜,high,化学实验场景常用简称
1783-1,1783,家具及医疗器具 > 办公家具 > 办公柜,material,化学药品柜,试剂柜,high,专门存放化学试剂的柜子
1783-1,1783,家具及医疗器具 > 办公家具 > 办公柜,material,化学药品柜,危化品柜,medium,存放危险化学品的专用柜简称
1783-1,1783,家具及医疗器具 > 办公家具 > 办公柜,material,带锁文件柜,保密文件柜,medium,带锁功能强调保密性
1783-1,1783,家具及医疗器具 > 办公家具 > 办公柜,material,带锁文件柜,锁式文件柜,low,以锁为特征的描述，采购中偶尔出现
1783-1,1783,家具及医疗器具 > 办公家具 > 办公柜,material,文件柜,铁皮柜,high,钢制文件柜的口语通称
1783-1,1783,家具及医疗器具 > 办公家具 > 办公柜,material,文件柜,铁柜,high,施工现场对钢制柜的简称
1783-1,1783,家具及医疗器具 > 办公家具 > 办公柜,material,文件柜,资料柜,medium,放置文件资料，与文件柜常混用
1783-1,1783,家具及医疗器具 > 办公家具 > 办公柜,material,桌上文件柜,桌面文件柜,high,置于桌面的小文件柜
1783-1,1783,家具及医疗器具 > 办公家具 > 办公柜,material,桌上文件柜,桌上柜,medium,采购单中常见简称
1783-1,1783,家具及医疗器具 > 办公家具 > 办公柜,material,桌上文件柜,小型文件柜,medium,描述其体积小，可置于桌面
1783-1,1783,家具及医疗器具 > 办公家具 > 办公柜,material,档案柜,资料柜,medium,档案与资料常混称
1783-1,1783,家具及医疗器具 > 办公家具 > 办公柜,material,档案柜,档案文件柜,low,强调存放档案的全称式叫法
1783-1,1783,家具及医疗器具 > 办公家具 > 办公柜,material,移动矮柜,活动柜,high,带脚轮可移动的矮柜统称
1783-1,1783,家具及医疗器具 > 办公家具 > 办公柜,material,移动矮柜,推柜,high,可推动的矮柜，口语常用
1783-1,1783,家具及医疗器具 > 办公家具 > 办公柜,material,移动矮柜,带轮矮柜,medium,直接描述其移动特性
1783-1,1783,家具及医疗器具 > 办公家具 > 办公柜,material,落地文件柜,高文件柜,medium,落地式通常高度较高
1783-1,1783,家具及医疗器具 > 办公家具 > 办公柜,material,落地文件柜,立式文件柜,medium,直立放置于地面的文件柜
1783-1,1783,家具及医疗器具 > 办公家具 > 办公柜,material,落地文件柜,大文件柜,low,口语对大型落地文件柜的俗称
1783-1,1783,家具及医疗器具 > 办公家具 > 办公柜,material,资料文件柜,资料柜,high,更通用的简称
1783-1,1783,家具及医疗器具 > 办公家具 > 办公柜,material,资料文件柜,文件资料柜,medium,词语顺序互换，口语中常见
204-1,204,家具及医疗器具 > 办公家具 > 办公桌,material,会议桌,会议台,high,采购/施工现场常用叫法
204-1,204,家具及医疗器具 > 办公家具 > 办公桌,material,办公桌侧桌,侧台,medium,办公桌配套侧桌的俗称
204-1,204,家具及医疗器具 > 办公家具 > 办公桌,material,屏风位,屏风卡位,high,带屏风的独立工位俗称
204-1,204,家具及医疗器具 > 办公家具 > 办公桌,material,屏风工作位,屏风卡位,high,屏风工作位的口语叫法
204-1,204,家具及医疗器具 > 办公家具 > 办公桌,material,条桌,长条桌,high,条桌的常见俗称
204-1,204,家具及医疗器具 > 办公家具 > 办公桌,material,条桌,条形桌,high,条桌的同义叫法
204-1,204,家具及医疗器具 > 办公家具 > 办公桌,material,洽谈桌,会客桌,medium,用于洽谈接待的桌子
204-1,204,家具及医疗器具 > 办公家具 > 办公桌,material,洽谈桌,谈判桌,low,较正式叫法
204-1,204,家具及医疗器具 > 办公家具 > 办公桌,material,演讲桌,讲台,high,演讲桌的通用俗称
204-1,204,家具及医疗器具 > 办公家具 > 办公桌,material,电脑桌,电脑台,high,电脑桌的日常叫法
204-1,204,家具及医疗器具 > 办公家具 > 办公桌,material,老板桌,大班台,high,老板桌的行业俗称
204-1,204,家具及医疗器具 > 办公家具 > 办公桌,material,老板桌,老板台,high,老板桌的口语叫法
204-1,204,家具及医疗器具 > 办公家具 > 办公桌,material,职员桌,员工桌,medium,职员桌的常用别称
204-1,204,家具及医疗器具 > 办公家具 > 办公桌,material,阅读桌,阅览桌,high,阅读桌的习惯叫法
1786-1,1786,家具及医疗器具 > 办公家具 > 展柜,category,展柜,展示柜,high,行业内对所有展示用柜体的统称
1786-1,1786,家具及医疗器具 > 办公家具 > 展柜,material,展台,展示台,high,展台的常见别称
1786-1,1786,家具及医疗器具 > 办公家具 > 展柜,material,展台,陈列台,medium,用于陈列展品，采购口语中通用
1786-1,1786,家具及医疗器具 > 办公家具 > 展柜,material,服装展柜,服装展示柜,high,完整称呼，合同中常见
1786-1,1786,家具及医疗器具 > 办公家具 > 展柜,material,服装展柜,衣物展柜,medium,偏向日常穿着的衣物展示
1786-1,1786,家具及医疗器具 > 办公家具 > 展柜,material,珠宝展柜,首饰展示柜,high,珠宝首饰类展柜的通称
1786-1,1786,家具及医疗器具 > 办公家具 > 展柜,material,珠宝展柜,首饰柜,medium,俗称，偏重收纳功能
1786-1,1786,家具及医疗器具 > 办公家具 > 展柜,material,电脑展柜,电子产品展柜,medium,电脑属于电子产品，店铺采购时混用
1786-1,1786,家具及医疗器具 > 办公家具 > 展柜,material,电脑展柜,数码展柜,low,小型数码设备展示柜常统称
1786-1,1786,家具及医疗器具 > 办公家具 > 展柜,material,陈列品展柜,陈列柜,high,专门的陈列物品用柜，口语极简叫法
1786-1,1786,家具及医疗器具 > 办公家具 > 展柜,material,陈列品展柜,展品柜,medium,展示具体展品的柜子
1784-1,1784,家具及医疗器具 > 办公家具 > 接待台,category,接待台,前台接待台,high,采购与施工现场常以此整体称呼接待区域台面
1784-1,1784,家具及医疗器具 > 办公家具 > 接待台,category,接待台,接待柜台,medium,强调柜台式接待家具
1784-1,1784,家具及医疗器具 > 办公家具 > 接待台,material,前台,服务台,high,前台常被直接称为服务台，尤其在办公采购中
1784-1,1784,家具及医疗器具 > 办公家具 > 接待台,material,前台,客服台,medium,部分企业将其作为客户服务中心的台面称呼
1784-1,1784,家具及医疗器具 > 办公家具 > 接待台,material,前台,行政前台,low,专指行政办公区域的前台接待台
1784-1,1784,家具及医疗器具 > 办公家具 > 接待台,material,收银台,收款台,high,直接强调收款功能的口语叫法
1784-1,1784,家具及医疗器具 > 办公家具 > 接待台,material,收银台,结账台,medium,商业场所常见叫法
1784-1,1784,家具及医疗器具 > 办公家具 > 接待台,material,演讲台,讲台,high,教育、会议场景最通用的简称
1784-1,1784,家具及医疗器具 > 办公家具 > 接待台,material,演讲台,发言台,high,会议、发布会等场合的常见叫法
1784-1,1784,家具及医疗器具 > 办公家具 > 接待台,material,演讲台,报告台,medium,学术或正式报告时常用
1784-1,1784,家具及医疗器具 > 办公家具 > 接待台,material,迎宾台,签到台,high,活动、酒店等场所迎宾台主要用作签到，故得名
1784-1,1784,家具及医疗器具 > 办公家具 > 接待台,material,迎宾台,接待桌,medium,突出桌式结构的迎宾家具
1791-1,1791,家具及医疗器具 > 医疗器具 > 厕所凳,material,坐厕凳,坐便凳,high,常见同义俗称，采购清单中可能替代使用
1791-1,1791,家具及医疗器具 > 医疗器具 > 厕所凳,material,坐厕凳,马桶凳,medium,施工现场及非专业场景下口语化叫法
1792-1,1792,家具及医疗器具 > 医疗器具 > 扶手架,material,助步器,助行器,high,医疗行业和家庭采购中常用叫法
1792-1,1792,家具及医疗器具 > 医疗器具 > 扶手架,material,助步器,步行辅助器,medium,功能描述性俗称，康复器械领域使用
1792-1,1792,家具及医疗器具 > 医疗器具 > 扶手架,material,医用扶手,安全扶手,high,强调防跌倒功能，医院和养老机构采购常用
1792-1,1792,家具及医疗器具 > 医疗器具 > 扶手架,material,医用扶手,无障碍扶手,high,广泛用于无障碍设施场合
1792-1,1792,家具及医疗器具 > 医疗器具 > 扶手架,material,医用扶手,医用防撞扶手,medium,带防撞功能的医用扶手，现场口语常用
1792-1,1792,家具及医疗器具 > 医疗器具 > 扶手架,material,医用扶手,防滑扶手,medium,表面防滑处理款的常见叫法
1790-1,1790,家具及医疗器具 > 医疗器具 > 智能电动垫,category,智能电动垫,按摩垫,high,现场口语中对智能电动按摩垫类产品的泛称
1790-1,1790,家具及医疗器具 > 医疗器具 > 智能电动垫,category,智能电动垫,电动按摩垫,high,强调电动特性的泛称
1790-1,1790,家具及医疗器具 > 医疗器具 > 智能电动垫,material,智能按摩椅垫,按摩椅垫,high,常见简称
1790-1,1790,家具及医疗器具 > 医疗器具 > 智能电动垫,material,智能按摩椅垫,电动按摩椅垫,medium,强调电动驱动
1790-1,1790,家具及医疗器具 > 医疗器具 > 智能电动垫,material,智能柔捏按摩垫,揉捏按摩垫,high,纠正柔捏笔误后的常用名
1790-1,1790,家具及医疗器具 > 医疗器具 > 智能电动垫,material,智能柔捏按摩垫,揉捏垫,medium,口语简略称呼
1790-1,1790,家具及医疗器具 > 医疗器具 > 智能电动垫,material,智能电动按摩床垫,按摩床垫,high,日常简称
1790-1,1790,家具及医疗器具 > 医疗器具 > 智能电动垫,material,智能电动按摩床垫,电动按摩床垫,high,直减智能前缀
1790-1,1790,家具及医疗器具 > 医疗器具 > 智能电动垫,material,电动按摩靠垫,按摩靠垫,high,省略电动后的通用叫法
1790-1,1790,家具及医疗器具 > 医疗器具 > 智能电动垫,material,电动按摩靠垫,靠垫按摩器,medium,部分电商平台对按摩靠垫的别称
139-1,139,家具及医疗器具 > 医疗器具 > 病床(护理床),material,病床,护理床,high,医疗护理中常用，与病床通用
139-1,139,家具及医疗器具 > 医疗器具 > 病床(护理床),material,病床,医用床,high,医疗用床的简称
139-1,139,家具及医疗器具 > 医疗器具 > 病床(护理床),material,病床,病房床,medium,安装于医院病房的床
139-1,139,家具及医疗器具 > 医疗器具 > 病床(护理床),material,病床,病人床,medium,口语中称病人使用的床
1793-1,1793,家具及医疗器具 > 医疗器具 > 等候椅,category,等候椅,候诊椅,high,医院等医疗场所常用叫法
1793-1,1793,家具及医疗器具 > 医疗器具 > 等候椅,category,等候椅,排椅,medium,公共场所联排座椅统称
1793-1,1793,家具及医疗器具 > 医疗器具 > 等候椅,category,等候椅,公共座椅,low,公共场所等候区座椅泛称
1793-1,1793,家具及医疗器具 > 医疗器具 > 等候椅,material,三人位,三人座,high,口语或书面简称
1793-1,1793,家具及医疗器具 > 医疗器具 > 等候椅,material,三人位,三联座,high,强调连排结构
1793-1,1793,家具及医疗器具 > 医疗器具 > 等候椅,material,三人位,三连椅,medium,施工现场或采购俗称
1793-1,1793,家具及医疗器具 > 医疗器具 > 等候椅,material,五人位,五人座,high,口语或书面简称
1793-1,1793,家具及医疗器具 > 医疗器具 > 等候椅,material,五人位,五联座,high,强调连排结构
1793-1,1793,家具及医疗器具 > 医疗器具 > 等候椅,material,五人位,五连椅,medium,施工现场或采购俗称
1793-1,1793,家具及医疗器具 > 医疗器具 > 等候椅,material,单人位,单人座,high,口语或书面简称
1793-1,1793,家具及医疗器具 > 医疗器具 > 等候椅,material,单人位,单座,medium,省略叫法
1793-1,1793,家具及医疗器具 > 医疗器具 > 等候椅,material,双人位,双人座,high,口语或书面简称
1793-1,1793,家具及医疗器具 > 医疗器具 > 等候椅,material,双人位,两联座,medium,强调连排结构
1793-1,1793,家具及医疗器具 > 医疗器具 > 等候椅,material,双人位,双座,low,口语简化
1793-1,1793,家具及医疗器具 > 医疗器具 > 等候椅,material,四人位,四人座,high,口语或书面简称
1793-1,1793,家具及医疗器具 > 医疗器具 > 等候椅,material,四人位,四联座,high,强调连排结构
1793-1,1793,家具及医疗器具 > 医疗器具 > 等候椅,material,四人位,四连椅,medium,施工现场或采购俗称
1794-1,1794,家具及医疗器具 > 医疗器具 > 输液脚蹬椅,category,输液脚蹬椅,输液椅,high,医疗场所对带脚蹬的输液用椅的口语统称
1794-1,1794,家具及医疗器具 > 医疗器具 > 输液脚蹬椅,category,输液脚蹬椅,挂水椅,medium,多地医护人员及供应商口语叫法
1794-1,1794,家具及医疗器具 > 医疗器具 > 输液脚蹬椅,category,输液脚蹬椅,打点滴椅,low,部分方言区域施工现场口语叫法
1794-1,1794,家具及医疗器具 > 医疗器具 > 输液脚蹬椅,material,三人弯背输液椅,三人位输液椅,high,强调三人位配置的采购口语
1794-1,1794,家具及医疗器具 > 医疗器具 > 输液脚蹬椅,material,三人弯背输液椅,弯背输液椅,high,突出靠背造型的简称
1794-1,1794,家具及医疗器具 > 医疗器具 > 输液脚蹬椅,material,三人弯背输液椅,三人挂水椅,medium,挂水是输液的俗称，直接替代
1794-1,1794,家具及医疗器具 > 医疗器具 > 输液脚蹬椅,material,不锈钢方管可躺输液椅,不锈钢输液躺椅,high,突出不锈钢材质与可躺功能
1794-1,1794,家具及医疗器具 > 医疗器具 > 输液脚蹬椅,material,不锈钢方管可躺输液椅,方管输液椅,high,以管型特征简称
1794-1,1794,家具及医疗器具 > 医疗器具 > 输液脚蹬椅,material,不锈钢方管可躺输液椅,可躺输液椅,high,施工现场口述功能
1794-1,1794,家具及医疗器具 > 医疗器具 > 输液脚蹬椅,material,直脚高背输液椅,高背输液椅,high,强调高靠背特征
1794-1,1794,家具及医疗器具 > 医疗器具 > 输液脚蹬椅,material,直脚高背输液椅,直脚输液椅,medium,腿型特征口语
1794-1,1794,家具及医疗器具 > 医疗器具 > 输液脚蹬椅,material,茶几高背输液椅,带茶几输液椅,high,功能描述简洁口语
1794-1,1794,家具及医疗器具 > 医疗器具 > 输液脚蹬椅,material,茶几高背输液椅,茶几输液椅,high,直接组合特征词
1794-1,1794,家具及医疗器具 > 医疗器具 > 输液脚蹬椅,material,茶几高背输液椅,高背茶几椅,medium,特征词汇重组
1776-1,1776,家具及医疗器具 > 家用家具 > 床类,material,上下床,高低床,high,施工现场及采购中常用叫法
1776-1,1776,家具及医疗器具 > 家用家具 > 床类,material,上下床,子母床,medium,一种上下床形式，但有时混用
1776-1,1776,家具及医疗器具 > 家用家具 > 床类,material,单人床,单床,medium,口语简化叫法
1776-1,1776,家具及医疗器具 > 家用家具 > 床类,material,双人床,大床,medium,常见口语叫法
1776-1,1776,家具及医疗器具 > 家用家具 > 床类,material,双层床,高低床,high,同上下床，常用叫法
1776-1,1776,家具及医疗器具 > 家用家具 > 床类,material,双层床,上下铺,high,学生宿舍常见叫法
1776-1,1776,家具及医疗器具 > 家用家具 > 床类,material,床位租金,床位费,high,医院、宿舍采购中常用名
1776-1,1776,家具及医疗器具 > 家用家具 > 床类,material,床头靠背,床头,medium,常见简称
1776-1,1776,家具及医疗器具 > 家用家具 > 床类,material,床头靠背,床靠背,low,口语叫法
1776-1,1776,家具及医疗器具 > 家用家具 > 床类,material,床板架,床架,medium,口语简称
1776-1,1776,家具及医疗器具 > 家用家具 > 床类,material,床板架,排骨架,low,一种常见的床板架形式，现场常混用
1774-1,1774,家具及医疗器具 > 家用家具 > 案几类,material,书案,书桌,medium,现代口语和采购中常将书案称为书桌
1774-1,1774,家具及医疗器具 > 家用家具 > 案几类,material,玄关条案,玄关桌,high,现代装修采购中最常见的称呼
1774-1,1774,家具及医疗器具 > 家用家具 > 案几类,material,玄关条案,玄关条桌,high,同义别称，强调其长条形态
1774-1,1774,家具及医疗器具 > 家用家具 > 案几类,material,茶几,咖啡桌,medium,受西方家具文化影响，常被混称为咖啡桌
1774-1,1774,家具及医疗器具 > 家用家具 > 案几类,material,角几,边几,high,放置在沙发或墙角边，采购中常称边几
1774-1,1774,家具及医疗器具 > 家用家具 > 案几类,material,角几,墙角几,medium,施工现场口语可能直称墙角几
138-3,138,家具及医疗器具 > 家用家具 > 椅凳类,material,高脚凳,吧凳,high,餐饮、酒吧等场合常用高脚凳，口语中常简称为吧凳
138-3,138,家具及医疗器具 > 家用家具 > 椅凳类,material,高脚凳,吧台凳,medium,放置在吧台前的高脚凳，在装饰与采购中常被称为吧台凳
1775-2,1775,家具及医疗器具 > 家用家具 > 橱柜类,material,角柜,转角柜,high,因置于墙角转弯处得名，采购设计图中常用
1775-2,1775,家具及医疗器具 > 家用家具 > 橱柜类,material,角柜,拐角柜,medium,口语中描述拐角位置使用的柜子
1775-2,1775,家具及医疗器具 > 家用家具 > 橱柜类,material,角柜,角橱,medium,北方部分地区方言叫法
1775-2,1775,家具及医疗器具 > 家用家具 > 橱柜类,material,边柜,边橱,high,橱柜类口语化称呼
1775-2,1775,家具及医疗器具 > 家用家具 > 橱柜类,material,边柜,靠墙柜,medium,根据摆放方式描述，工地交底时使用
1775-2,1775,家具及医疗器具 > 家用家具 > 橱柜类,material,边柜,侧柜,medium,强调在靠墙一侧摆放的柜体
1775-2,1775,家具及医疗器具 > 家用家具 > 橱柜类,material,酒柜,酒橱,high,传统家具店铺常用称谓
1775-2,1775,家具及医疗器具 > 家用家具 > 橱柜类,material,酒柜,藏酒柜,low,强调储藏功能，采购清单中偶尔出现
1775-2,1775,家具及医疗器具 > 家用家具 > 橱柜类,material,鞋柜,鞋橱,high,家具市场及图纸中常用别称
1775-2,1775,家具及医疗器具 > 家用家具 > 橱柜类,material,鞋柜,鞋箱,medium,带门鞋柜的俗称，多见于日式或定制采购
1779-1,1779,家具及医疗器具 > 家用家具 > 沙发类,material,多人沙发,长沙发,high,因多人沙发通常长度较长，在采购和施工现场常直接称为长沙发
1779-1,1779,家具及医疗器具 > 家用家具 > 沙发类,material,多人沙发,多人位沙发,medium,强调座位数量，是口语中常见的描述方式
1779-1,1779,家具及医疗器具 > 家用家具 > 沙发类,material,沙发床,两用沙发,high,沙发床具备坐卧两用功能，这是行业内最常用的俗称
1779-1,1779,家具及医疗器具 > 家用家具 > 沙发类,material,沙发床,折叠沙发床,high,通过折叠实现床功能，采购时经常使用此具体叫法
1884-1,1884,工程施工 > 专业作业 > 专业作业分包,material,结构加固,加固,high,施工现场口语中常简称为“加固”，如“加固队伍”“加固分包”
1884-1,1884,工程施工 > 专业作业 > 专业作业分包,material,结构加固,结构补强,medium,行业术语中“结构补强”与“结构加固”常混用，采购招标文件时有出现
248-1,248,工程施工 > 专业承包 > 其他工程专业承包,material,机场场道工程专业承包,机场场道承包,medium,口语简称
248-1,248,工程施工 > 专业承包 > 其他工程专业承包,material,机场场道工程专业承包,机场跑道工程,medium,俗称，指代跑道施工承包
248-1,248,工程施工 > 专业承包 > 其他工程专业承包,material,铁路电务电气化工程专业承包,铁路电气化承包,high,常用简称
248-1,248,工程施工 > 专业承包 > 其他工程专业承包,material,铁路电务电气化工程专业承包,电务工程承包,medium,铁路行业内部叫法
248-1,248,工程施工 > 专业承包 > 其他工程专业承包,material,铁路电务电气化工程专业承包,牵引供电工程,low,电气化铁路核心内容，有时混称
1874-1,1874,工程施工 > 专业承包 > 建筑机电工程专业承包,material,通风工程,通风系统,medium,施工现场及采购中对通风工程的常用简称
177-1,177,工程机械设备 > 其他机械设备 > 其他工程机械,category,其他工程机械,杂项工程机械,medium,施工采购习惯将不常用或小型机械归类为杂项
177-1,177,工程机械设备 > 其他机械设备 > 其他工程机械,material,中频感应炉,中频炉,high,行业常见简称
177-1,177,工程机械设备 > 其他机械设备 > 其他工程机械,material,中频感应炉,感应加热炉,medium,按工作原理的通称
177-1,177,工程机械设备 > 其他机械设备 > 其他工程机械,material,洗车机,自动洗车机,high,施工现场习惯称呼，强调自动功能
177-1,177,工程机械设备 > 其他机械设备 > 其他工程机械,material,洗车机,洗车房,medium,指整套洗车设备及其围护结构
177-1,177,工程机械设备 > 其他机械设备 > 其他工程机械,material,液压破碎锤,炮机,high,施工现场最通用的口语叫法
177-1,177,工程机械设备 > 其他机械设备 > 其他工程机械,material,液压破碎锤,破碎锤,high,省略驱动方式的简称
177-1,177,工程机械设备 > 其他机械设备 > 其他工程机械,material,液压破碎锤,液压锤,high,突出动力源的习惯叫法
177-1,177,工程机械设备 > 其他机械设备 > 其他工程机械,material,真空吸盘,玻璃吸盘,high,因广泛用于玻璃幕墙安装而得名
177-1,177,工程机械设备 > 其他机械设备 > 其他工程机械,material,真空吸盘,真空吸吊机,medium,强调吊运功能的行业称呼
177-1,177,工程机械设备 > 其他机械设备 > 其他工程机械,material,空调机,空调,high,最通用简称
177-1,177,工程机械设备 > 其他机械设备 > 其他工程机械,material,空调机,制冷机,medium,工业领域有时按功能称为制冷机
177-1,177,工程机械设备 > 其他机械设备 > 其他工程机械,material,联合修补车,综合养护车,high,公路养护行业常见叫法
177-1,177,工程机械设备 > 其他机械设备 > 其他工程机械,material,联合修补车,路面修补车,medium,按主要用途的叫法
177-1,177,工程机械设备 > 其他机械设备 > 其他工程机械,material,防雨定时控制器,防水定时器,high,突出防雨特性的简称
177-1,177,工程机械设备 > 其他机械设备 > 其他工程机械,material,防雨定时控制器,户外定时开关,medium,强调使用环境的叫法
1621-1,1621,工程机械设备 > 其他机械设备 > 减震器,category,减震器,减震器,high,现场口语中常用‘减震’代替‘减振’
1621-1,1621,工程机械设备 > 其他机械设备 > 减震器,category,减震器,减振器,high,标准术语
1621-1,1621,工程机械设备 > 其他机械设备 > 减震器,category,减震器,避震器,medium,部分施工口误或港台用法
1621-1,1621,工程机械设备 > 其他机械设备 > 减震器,category,减震器,隔振器,medium,功能描述性统称
1621-1,1621,工程机械设备 > 其他机械设备 > 减震器,material,减振砖,减震砖,medium,现场常‘振’‘震’混用
1621-1,1621,工程机械设备 > 其他机械设备 > 减震器,material,减振砖,隔振砖,low,功能叫法
1621-1,1621,工程机械设备 > 其他机械设备 > 减震器,material,可调式弹簧减振器,可调弹簧减震器,high,同义口语变体
1621-1,1621,工程机械设备 > 其他机械设备 > 减震器,material,可调式弹簧减振器,可调节弹簧减振器,medium,全称口语
1621-1,1621,工程机械设备 > 其他机械设备 > 减震器,material,吊架减震器,吊式减震器,high,安装形式俗称
1621-1,1621,工程机械设备 > 其他机械设备 > 减震器,material,吊架减震器,弹簧吊架减振器,medium,含核心结构描述
1621-1,1621,工程机械设备 > 其他机械设备 > 减震器,material,吊架减震器,吊挂减震器,medium,功能俗称
1621-1,1621,工程机械设备 > 其他机械设备 > 减震器,material,地面减震垫,减振地垫,medium,倒置俗称
1621-1,1621,工程机械设备 > 其他机械设备 > 减震器,material,地面减震垫,地面隔振垫,low,功能描述
1621-1,1621,工程机械设备 > 其他机械设备 > 减震器,material,弹簧减震器,弹簧减振器,high,同义字互换
1621-1,1621,工程机械设备 > 其他机械设备 > 减震器,material,弹簧减震器,弹簧避震器,low,港台/旧称
1621-1,1621,工程机械设备 > 其他机械设备 > 减震器,material,橡胶减振垫,橡胶减震垫,high,现场常混用
1621-1,1621,工程机械设备 > 其他机械设备 > 减震器,material,橡胶减振垫,橡胶隔振垫,medium,功能描述
1621-1,1621,工程机械设备 > 其他机械设备 > 减震器,material,橡胶减震器,橡胶减振器,high,同义互换
1621-1,1621,工程机械设备 > 其他机械设备 > 减震器,material,橡胶减震器,橡胶避震喉,low,管道连接场合俗称
1621-1,1621,工程机械设备 > 其他机械设备 > 减震器,material,橡胶减震垫,减震胶垫,medium,简洁俗称
1621-1,1621,工程机械设备 > 其他机械设备 > 减震器,material,橡胶减震垫,橡胶隔振垫,medium,功能描述
1621-1,1621,工程机械设备 > 其他机械设备 > 减震器,material,浮筑结构隔振隔声垫,浮筑楼板隔振垫,high,应用部位通称
1621-1,1621,工程机械设备 > 其他机械设备 > 减震器,material,浮筑结构隔振隔声垫,浮筑地垫,medium,简称
1621-1,1621,工程机械设备 > 其他机械设备 > 减震器,material,浮筑结构隔振隔声垫,隔声隔振垫,medium,核心功能缩写
1621-1,1621,工程机械设备 > 其他机械设备 > 减震器,material,管道弹性托架减振器,管道弹性支架减震器,high,‘托架’也说‘支架’
1621-1,1621,工程机械设备 > 其他机械设备 > 减震器,material,管道弹性托架减振器,弹性托架减振器,medium,省略‘管道’
1621-1,1621,工程机械设备 > 其他机械设备 > 减震器,material,管道弹性托架减振器,管道减振托架,medium,简洁叫法
1621-1,1621,工程机械设备 > 其他机械设备 > 减震器,material,粘滞阻尼器,粘滞阻尼器,high,异体字同物
1621-1,1621,工程机械设备 > 其他机械设备 > 减震器,material,粘滞阻尼器,油阻尼器,medium,介质俗称
1621-1,1621,工程机械设备 > 其他机械设备 > 减震器,material,粘滞阻尼器,黏滞阻尼器,high,书写差异
1621-1,1621,工程机械设备 > 其他机械设备 > 减震器,material,钢丝绳减震器,钢丝绳减振器,high,振震混用
1621-1,1621,工程机械设备 > 其他机械设备 > 减震器,material,钢丝绳减震器,钢丝绳隔振器,medium,功能描述
1621-1,1621,工程机械设备 > 其他机械设备 > 减震器,material,钢丝绳减震器,绳式减震器,low,简称
1621-1,1621,工程机械设备 > 其他机械设备 > 减震器,material,阻尼减震器,阻尼减振器,high,同义互换
1621-1,1621,工程机械设备 > 其他机械设备 > 减震器,material,阻尼减震器,弹簧阻尼减震器,medium,常见组合式叫法
1621-1,1621,工程机械设备 > 其他机械设备 > 减震器,material,阻尼减震器,阻尼器,low,省略用途词
1829-1,1829,工程机械设备 > 其他机械设备 > 动力机械,material,内燃空气压缩机,内燃空压机,high,内燃驱动空气压缩机的简称
1829-1,1829,工程机械设备 > 其他机械设备 > 动力机械,material,内燃空气压缩机,柴动空压机,medium,工地常用柴油内燃机驱动，称柴动空压机
1829-1,1829,工程机械设备 > 其他机械设备 > 动力机械,material,手泵喷油机,手摇喷油机,medium,手动摇泵喷油，常见叫法
1829-1,1829,工程机械设备 > 其他机械设备 > 动力机械,material,手泵喷油机,手动喷油泵,medium,强调手动和泵功能
1829-1,1829,工程机械设备 > 其他机械设备 > 动力机械,material,无油空气压缩机,无油空压机,high,工地常用简称
1829-1,1829,工程机械设备 > 其他机械设备 > 动力机械,material,柴油发电机(台班)),柴发,high,柴油发电机极常用简称
1829-1,1829,工程机械设备 > 其他机械设备 > 动力机械,material,柴油发电机(台班)),柴油发电机组,high,成套设备的正式别称
1829-1,1829,工程机械设备 > 其他机械设备 > 动力机械,material,气动灌浆机,气动注浆机,high,灌浆与注浆在工地常混用
1829-1,1829,工程机械设备 > 其他机械设备 > 动力机械,material,气动灌浆机,风动灌浆机,medium,压缩空气俗称风，故称风动灌浆机
1829-1,1829,工程机械设备 > 其他机械设备 > 动力机械,material,汽油发电机(台班),汽油发电机组,high,成套设备别称
1829-1,1829,工程机械设备 > 其他机械设备 > 动力机械,material,汽油发电机(台班),小发,medium,现场对小型汽油发电机的口语叫法
1829-1,1829,工程机械设备 > 其他机械设备 > 动力机械,material,液压柜(动力系统),液压泵站,medium,提供液压动力的泵站，习惯称泵站
1829-1,1829,工程机械设备 > 其他机械设备 > 动力机械,material,液压柜(动力系统),液压动力柜,medium,完整描述，口语化又称动力柜
1829-1,1829,工程机械设备 > 其他机械设备 > 动力机械,material,液压注浆机,液压灌浆机,high,注浆、灌浆在施工现场通用
1829-1,1829,工程机械设备 > 其他机械设备 > 动力机械,material,液压锻钎机,锻钎机,medium,现场常省略液压二字
1829-1,1829,工程机械设备 > 其他机械设备 > 动力机械,material,电动灌浆机,电动注浆机,high,灌浆与注浆互用
1829-1,1829,工程机械设备 > 其他机械设备 > 动力机械,material,电动空气压缩机,电动空压机,high,常用简称
1829-1,1829,工程机械设备 > 其他机械设备 > 动力机械,material,电动空气压缩机,电空压机,medium,进一步缩略
1829-1,1829,工程机械设备 > 其他机械设备 > 动力机械,material,硅整流充电机,整流充电机,medium,省略硅字，施工现场常见叫法
1829-1,1829,工程机械设备 > 其他机械设备 > 动力机械,material,硅整流充电机,充电机,low,泛指充电设备，但常特指此类
1822-1,1822,工程机械设备 > 其他机械设备 > 无损探伤机械设备,category,无损探伤机械设备,无损检测设备,high,无损探伤行业通用称谓
1822-1,1822,工程机械设备 > 其他机械设备 > 无损探伤机械设备,category,无损探伤机械设备,NDT设备,high,无损检测英文Non-Destructive Testing缩写
1822-1,1822,工程机械设备 > 其他机械设备 > 无损探伤机械设备,material,X射线探伤机,X光探伤机,high,X射线俗称X光，工业常用叫法
1822-1,1822,工程机械设备 > 其他机械设备 > 无损探伤机械设备,material,X射线探伤机,工业X光机,medium,区别于医疗设备，工业检测领域常用
1822-1,1822,工程机械设备 > 其他机械设备 > 无损探伤机械设备,material,X射线探伤机,X-Ray探伤机,medium,英文直译，部分采购文件使用
1822-1,1822,工程机械设备 > 其他机械设备 > 无损探伤机械设备,material,γ射线探伤机,伽马射线探伤机,high,γ的中文音译
1822-1,1822,工程机械设备 > 其他机械设备 > 无损探伤机械设备,material,γ射线探伤机,γ源探伤机,high,强调使用放射源，现场常用
1822-1,1822,工程机械设备 > 其他机械设备 > 无损探伤机械设备,material,γ射线探伤机,同位素探伤机,medium,放射源多为同位素，行业内有此称呼
1822-1,1822,工程机械设备 > 其他机械设备 > 无损探伤机械设备,material,周向X射线探伤机,周向X光机,high,周向X射线探伤机的简称，口语常用
1822-1,1822,工程机械设备 > 其他机械设备 > 无损探伤机械设备,material,周向X射线探伤机,周向探伤机,medium,无损检测行业内的简称
1822-1,1822,工程机械设备 > 其他机械设备 > 无损探伤机械设备,material,周向X射线探伤机,管道爬行器,low,一种可管道内行走的周向X射线探伤设备，有时混称
1822-1,1822,工程机械设备 > 其他机械设备 > 无损探伤机械设备,material,磁粉探伤机,磁探机,high,磁粉探伤的行业简称
1822-1,1822,工程机械设备 > 其他机械设备 > 无损探伤机械设备,material,磁粉探伤机,磁粉探伤仪,high,同义，仪器形态的叫法
1822-1,1822,工程机械设备 > 其他机械设备 > 无损探伤机械设备,material,磁粉探伤机,磁粉检测仪,medium,正式名称，也作俗称使用
1822-1,1822,工程机械设备 > 其他机械设备 > 无损探伤机械设备,material,超声波探伤机,超声波探伤仪,high,同义，仪器形态的叫法
1822-1,1822,工程机械设备 > 其他机械设备 > 无损探伤机械设备,material,超声波探伤机,UT探伤机,high,UT为Ultrasonic Testing缩写，行业通用
1822-1,1822,工程机械设备 > 其他机械设备 > 无损探伤机械设备,material,超声波探伤机,数字超声波探伤仪,low,数字化后的通用叫法，有时统称
1825-2,1825,工程机械设备 > 其他机械设备 > 清洗筛选及装修机械,material,轮载式变幅擦窗机,轮式擦窗机,high,轮载式直接简化俗称
1825-2,1825,工程机械设备 > 其他机械设备 > 清洗筛选及装修机械,material,轮载式变幅擦窗机,移动式擦窗机,medium,因轮式底盘可移动，采购/施工现场常用此名区分固定式
1825-2,1825,工程机械设备 > 其他机械设备 > 清洗筛选及装修机械,material,轮载式变幅擦窗机,自行走擦窗机,medium,强调自带行走能力
1828-1,1828,工程机械设备 > 其他机械设备 > 潜水及水面作用机械,material,水钻,水钻机,high,施工现场常将水钻设备称为水钻机
1828-1,1828,工程机械设备 > 其他机械设备 > 潜水及水面作用机械,material,潜水减压仓,减压舱,medium,潜水作业领域常简称为减压舱
1828-1,1828,工程机械设备 > 其他机械设备 > 潜水及水面作用机械,material,通井机,通井车,medium,油田现场常以通井车称呼装载在卡车上的通井机
1823-1,1823,工程机械设备 > 其他机械设备 > 环卫机械,category,环卫机械,环卫设备,high,采购及施工现场口语中常统称为环卫设备
1823-1,1823,工程机械设备 > 其他机械设备 > 环卫机械,material,压浇机,压滤机,medium,施工现场常将污泥压滤设备俗称为压浇机，实为压滤机
1823-1,1823,工程机械设备 > 其他机械设备 > 环卫机械,material,工程修理车,维修车,high,现场口语直接简称为维修车
1823-1,1823,工程机械设备 > 其他机械设备 > 环卫机械,material,工程修理车,抢修车,medium,用于紧急抢修时常用此叫法
1823-1,1823,工程机械设备 > 其他机械设备 > 环卫机械,material,杀虫车,打药车,high,现场口语中喷洒杀虫药剂常被称为打药
1823-1,1823,工程机械设备 > 其他机械设备 > 环卫机械,material,杀虫车,喷雾车,medium,因采用喷雾作业方式而得名
1823-1,1823,工程机械设备 > 其他机械设备 > 环卫机械,material,树枝粉碎机,碎枝机,high,行业简称
1823-1,1823,工程机械设备 > 其他机械设备 > 环卫机械,material,树枝粉碎机,树枝切片机,medium,突出切片功能的口语叫法
1823-1,1823,工程机械设备 > 其他机械设备 > 环卫机械,material,洒水车,水车,high,施工现场最简略的称呼
1823-1,1823,工程机械设备 > 其他机械设备 > 环卫机械,material,洒水车,喷水车,medium,因具备高压喷水功能而常见
1823-1,1823,工程机械设备 > 其他机械设备 > 环卫机械,material,真空吸湿机,吸水机,low,用于吸水作业时的口语俗称
1827-1,1827,工程机械设备 > 其他机械设备 > 电气线路机械,material,光纤熔接机,熔纤机,high,通信施工中常见的简称
1827-1,1827,工程机械设备 > 其他机械设备 > 电气线路机械,material,光纤熔接机,光纤熔接器,high,另一种常见叫法
1827-1,1827,工程机械设备 > 其他机械设备 > 电气线路机械,material,双绞线压接工具,网线钳,high,施工现场最常用的叫法
1827-1,1827,工程机械设备 > 其他机械设备 > 电气线路机械,material,双绞线压接工具,水晶头压接钳,medium,功能描述的名词
1827-1,1827,工程机械设备 > 其他机械设备 > 电气线路机械,material,导线卷车,导线放线车,medium,明确用途的叫法
1827-1,1827,工程机械设备 > 其他机械设备 > 电气线路机械,material,导线卷车,线盘车,medium,俗称
1827-1,1827,工程机械设备 > 其他机械设备 > 电气线路机械,material,钢缆卷车,钢缆放线车,medium,功能描述
1827-1,1827,工程机械设备 > 其他机械设备 > 电气线路机械,material,钢缆卷车,钢丝绳卷车,medium,材质替代名
1827-1,1827,工程机械设备 > 其他机械设备 > 电气线路机械,material,除线机,标线清除机,high,全称
1827-1,1827,工程机械设备 > 其他机械设备 > 电气线路机械,material,除线机,旧线清除机,medium,清理旧标线的俗称
1820-1,1820,工程机械设备 > 加工机械 > 冷却及热处理机械设备,material,中频加热处理机,中频加热机,high,施工现场常用简称，省略处理
1820-1,1820,工程机械设备 > 加工机械 > 冷却及热处理机械设备,material,塑料加热箱,塑料加温箱,medium,采购交流中常称为加温箱
1820-1,1820,工程机械设备 > 加工机械 > 冷却及热处理机械设备,material,手推式热溶划线车,手推热熔划线车,high,热溶常被写作热熔，口语中多见
1820-1,1820,工程机械设备 > 加工机械 > 冷却及热处理机械设备,material,手推式热溶划线车,热熔划线小车,high,小型手推式设备俗称
1820-1,1820,工程机械设备 > 加工机械 > 冷却及热处理机械设备,material,沥青锅,熬沥青锅,high,施工现场口语化表述
1820-1,1820,工程机械设备 > 加工机械 > 冷却及热处理机械设备,material,沥青锅,沥青加热锅,high,强调加热功能
1820-1,1820,工程机械设备 > 加工机械 > 冷却及热处理机械设备,material,混捏加热炉,混捏炉,medium,行业常见简称
1820-1,1820,工程机械设备 > 加工机械 > 冷却及热处理机械设备,material,热熔釜溶解车,热熔釜车,medium,省略溶解，口语简称
1820-1,1820,工程机械设备 > 加工机械 > 冷却及热处理机械设备,material,电焊条烘干箱,焊条烘干箱,high,施工中常省略电字
1820-1,1820,工程机械设备 > 加工机械 > 冷却及热处理机械设备,material,电焊条烘干箱,焊条烘箱,high,更简化的口语叫法
1820-1,1820,工程机械设备 > 加工机械 > 冷却及热处理机械设备,material,箱式加热炉,箱式炉,high,现场常见简称
1820-1,1820,工程机械设备 > 加工机械 > 冷却及热处理机械设备,material,箱式加热炉,箱式电阻炉,medium,当加热元件为电阻时常用名
1820-1,1820,工程机械设备 > 加工机械 > 冷却及热处理机械设备,material,组合烘箱,组合式烘箱,medium,突出装配特点
1820-1,1820,工程机械设备 > 加工机械 > 冷却及热处理机械设备,material,自控热处理机,自动温控热处理机,medium,强调自控实现方式
1820-1,1820,工程机械设备 > 加工机械 > 冷却及热处理机械设备,material,自行式热熔划线车,自走式热熔划线车,high,自行与自走义同，口语中常用
1820-1,1820,工程机械设备 > 加工机械 > 冷却及热处理机械设备,material,自行式热熔划线车,热熔划线自行机,medium,部分采购清单使用
1818-1,1818,工程机械设备 > 加工机械 > 切割及打磨机械设备,category,切割及打磨机械设备,切割打磨设备,medium,切割及打磨机械设备的简称
1818-1,1818,工程机械设备 > 加工机械 > 切割及打磨机械设备,category,切割及打磨机械设备,切磨设备,medium,行业内对切割及打磨类机械的简称
1818-1,1818,工程机械设备 > 加工机械 > 切割及打磨机械设备,material,切管机,割管机,high,现场常用叫法，切割管材的机械
1818-1,1818,工程机械设备 > 加工机械 > 切割及打磨机械设备,material,切管机,管道切割机,medium,强调切割管道
1818-1,1818,工程机械设备 > 加工机械 > 切割及打磨机械设备,material,剪板机,剪床,high,传统俗称，因其床式结构
1818-1,1818,工程机械设备 > 加工机械 > 切割及打磨机械设备,material,剪板机,钢板剪,medium,强调剪切钢板的设备
1818-1,1818,工程机械设备 > 加工机械 > 切割及打磨机械设备,material,卷板机,滚板机,high,通过滚轴卷曲板材，工地常叫滚板机
1818-1,1818,工程机械设备 > 加工机械 > 切割及打磨机械设备,material,卷板机,卷圆机,medium,当用于卷制圆筒时常用此名
1818-1,1818,工程机械设备 > 加工机械 > 切割及打磨机械设备,material,型钢剪断机,型钢剪切机,high,功能描述，剪切型钢的机械
1818-1,1818,工程机械设备 > 加工机械 > 切割及打磨机械设备,material,型钢剪断机,型钢切断机,high,口语化叫法
1818-1,1818,工程机械设备 > 加工机械 > 切割及打磨机械设备,material,型钢剪断机,角钢剪,medium,常用于剪切角钢的专指叫法
1818-1,1818,工程机械设备 > 加工机械 > 切割及打磨机械设备,material,手动切割机,手提切割机,medium,手持操作，现场口语
1818-1,1818,工程机械设备 > 加工机械 > 切割及打磨机械设备,material,管子切断机,割管机,high,与切管机类似，切断管子的机械
1818-1,1818,工程机械设备 > 加工机械 > 切割及打磨机械设备,material,管子切断机,管切断机,medium,直称简称
1818-1,1818,工程机械设备 > 加工机械 > 切割及打磨机械设备,material,马路切割机,路面切割机,high,用于切割马路、路面
1818-1,1818,工程机械设备 > 加工机械 > 切割及打磨机械设备,material,马路切割机,切缝机,high,切割伸缩缝或诱导缝的俗称
1818-1,1818,工程机械设备 > 加工机械 > 切割及打磨机械设备,material,马路切割机,马路锯,medium,施工现场形象叫法
1818-1,1818,工程机械设备 > 加工机械 > 切割及打磨机械设备,material,马路切割机,伸缩缝切割机,medium,专指切割混凝土路面接缝
1817-1,1817,工程机械设备 > 加工机械 > 木工机械,category,木工机械,刨床,medium,木工常把平刨床、压刨床统称为刨床，不特指某一型号
1817-1,1817,工程机械设备 > 加工机械 > 木工机械,material,木工压刨床,压刨,high,口语简化的常见叫法
1817-1,1817,工程机械设备 > 加工机械 > 木工机械,material,木工压刨床,压刨机,high,"现场常用加""机""的称呼"
1817-1,1817,工程机械设备 > 加工机械 > 木工机械,material,木工圆剧机,圆锯机,high,圆剧机为圆锯机的笔误形态，现场常直呼圆锯机
1817-1,1817,工程机械设备 > 加工机械 > 木工机械,material,木工圆剧机,圆盘锯,high,根据锯片外形叫法
1817-1,1817,工程机械设备 > 加工机械 > 木工机械,material,木工带锯机,带锯,high,"省略""机""的口语简称"
1817-1,1817,工程机械设备 > 加工机械 > 木工机械,material,木工带锯机,带锯机,high,直接简称
1817-1,1817,工程机械设备 > 加工机械 > 木工机械,material,木工平刨床,平刨,high,口语简化的常见叫法
1817-1,1817,工程机械设备 > 加工机械 > 木工机械,material,木工开榫机,榫头机,medium,以加工对象命名，常见于采购口语
1817-1,1817,工程机械设备 > 加工机械 > 木工机械,material,木工打眼机,打孔机,medium,打眼即打孔，现场混用
1817-1,1817,工程机械设备 > 加工机械 > 木工机械,material,木工打眼机,凿眼机,medium,打方孔时常称凿眼机
1817-1,1817,工程机械设备 > 加工机械 > 木工机械,material,木工榫槽机,开槽机,medium,以加工动作命名，常用于口头交流
1817-1,1817,工程机械设备 > 加工机械 > 木工机械,material,木工裁口机,裁口刨,medium,兼具刨的功能，老木工常称裁口刨
1819-1,1819,工程机械设备 > 加工机械 > 焊接机械设备,category,焊接机械设备,焊接设备,high,采购目录和施工现场对各类焊机的统称，包含多种焊接机械
1819-1,1819,工程机械设备 > 加工机械 > 焊接机械设备,category,焊接机械设备,焊割机械,medium,包含焊接与切割设备的口语统称
1819-1,1819,工程机械设备 > 加工机械 > 焊接机械设备,material,二氧化碳气体保护焊机,二保焊机,high,行业内对二氧化碳气体保护焊机的通用简称
1819-1,1819,工程机械设备 > 加工机械 > 焊接机械设备,material,二氧化碳气体保护焊机,CO2焊机,high,因其使用CO2气体作为保护，施工现场常用英文缩写叫法
1819-1,1819,工程机械设备 > 加工机械 > 焊接机械设备,material,交流电焊机,交流焊机,high,交流电焊机的日常口语简称
1819-1,1819,工程机械设备 > 加工机械 > 焊接机械设备,material,交流电焊机,工频焊机,medium,早期交流焊机多为工频变压器式，在老旧工地仍沿用此叫法
1819-1,1819,工程机械设备 > 加工机械 > 焊接机械设备,material,半自动切割机,半自动割机,medium,现场对半自动切割机的简称，省略‘切’字
1819-1,1819,工程机械设备 > 加工机械 > 焊接机械设备,material,半自动切割机,半自动气割机,medium,特指采用火焰切割的半自动机型，口语中常用
1819-1,1819,工程机械设备 > 加工机械 > 焊接机械设备,material,对焊机,碰焊机,high,电阻对焊时工件先碰在一起再通电，南方地区广泛使用的俗称
1819-1,1819,工程机械设备 > 加工机械 > 焊接机械设备,material,拖拉机驱动弧焊机,拖拉机焊机,medium,施工现场对拖拉机驱动弧焊机的简化叫法
1819-1,1819,工程机械设备 > 加工机械 > 焊接机械设备,material,拖拉机驱动弧焊机,拖车式弧焊机,medium,强调其被拖拉机拖动、可移动的特点
1819-1,1819,工程机械设备 > 加工机械 > 焊接机械设备,material,柴油电焊机,柴油焊机,high,省略‘电’字的通用简称
1819-1,1819,工程机械设备 > 加工机械 > 焊接机械设备,material,柴油电焊机,柴油发电焊机,high,突出其自带柴油发电机功能的全称性俗称
1819-1,1819,工程机械设备 > 加工机械 > 焊接机械设备,material,氩弧焊机,氩焊机,high,现场对氩弧焊机的通用简略叫法
1819-1,1819,工程机械设备 > 加工机械 > 焊接机械设备,material,氩弧焊机,TIG焊机,high,钨极惰性气体保护焊的英文缩写，在技术交流和采购清单中常见
1819-1,1819,工程机械设备 > 加工机械 > 焊接机械设备,material,汽油电焊机,汽油焊机,high,省略‘电’字的通用简称
1819-1,1819,工程机械设备 > 加工机械 > 焊接机械设备,material,汽油电焊机,汽油发电焊机,high,强调其自带汽油发电机功能的全称性俗称
1819-1,1819,工程机械设备 > 加工机械 > 焊接机械设备,material,电渣焊机,电渣压力焊机,medium,在钢筋焊接施工中，常特指用于电渣压力焊的设备
1819-1,1819,工程机械设备 > 加工机械 > 焊接机械设备,material,直流电焊机,直流焊机,high,直流电焊机的口语简称
1819-1,1819,工程机械设备 > 加工机械 > 焊接机械设备,material,直流电焊机,直流弧焊机,high,强调其用于电弧焊接的直流特性
1819-1,1819,工程机械设备 > 加工机械 > 焊接机械设备,material,硅整流焊机,整流焊机,high,省略‘硅’字的日常叫法
1819-1,1819,工程机械设备 > 加工机械 > 焊接机械设备,material,硅整流焊机,硅整流弧焊机,medium,加上‘弧焊’强调其用途的全称性俗称
1819-1,1819,工程机械设备 > 加工机械 > 焊接机械设备,material,磁放大弧焊整流器,磁放大器焊机,medium,对磁放大弧焊整流器的简化口语称呼
1819-1,1819,工程机械设备 > 加工机械 > 焊接机械设备,material,等离子切割机,等离子割机,high,现场常见的省略式叫法
1819-1,1819,工程机械设备 > 加工机械 > 焊接机械设备,material,等离子切割机,等离子,medium,在上下文明确时，口语中直接简称‘等离子’
1819-1,1819,工程机械设备 > 加工机械 > 焊接机械设备,material,缝焊机,滚焊机,high,因其电极呈滚轮状连续焊接而得名，行业内通用别名
1819-1,1819,工程机械设备 > 加工机械 > 焊接机械设备,material,自动仿形切割机,仿形切割机,medium,口语中常省略‘自动’二字
1819-1,1819,工程机械设备 > 加工机械 > 焊接机械设备,material,自动仿形切割机,仿形割机,low,进一步简化的工地叫法
1819-1,1819,工程机械设备 > 加工机械 > 焊接机械设备,material,自动埋弧焊机,埋弧焊机,high,省略‘自动’的通用简称
1819-1,1819,工程机械设备 > 加工机械 > 焊接机械设备,material,自动埋弧焊机,自动埋弧焊,medium,口语中常把‘机’字省略
1813-3,1813,工程机械设备 > 土石方机械 > 压实及路面机械,material,电动振动冲击夯,电动冲击夯,high,施工现场常用简称
1813-3,1813,工程机械设备 > 土石方机械 > 压实及路面机械,material,电动振动冲击夯,电动振动夯,medium,省略‘冲击’二字的口语叫法
1813-3,1813,工程机械设备 > 土石方机械 > 压实及路面机械,material,石屑撒布机,石屑撒布车,high,按行走方式俗称
1813-3,1813,工程机械设备 > 土石方机械 > 压实及路面机械,material,石屑撒布机,石屑洒布车,medium,口语中‘撒’与‘洒’混用
1813-3,1813,工程机械设备 > 土石方机械 > 压实及路面机械,material,破冰机,路面破冰机,high,加前缀明确应用场景
1813-3,1813,工程机械设备 > 土石方机械 > 压实及路面机械,material,破冰机,除冰机,medium,功能描述简称
1813-3,1813,工程机械设备 > 土石方机械 > 压实及路面机械,material,稳定土厂拌设备,稳定土厂拌,high,省略‘设备’的简称
1813-3,1813,工程机械设备 > 土石方机械 > 压实及路面机械,material,稳定土厂拌设备,厂拌设备,medium,通用简称
1813-3,1813,工程机械设备 > 土石方机械 > 压实及路面机械,material,稳定土厂拌设备,稳定土拌合站,high,现场常称拌合站
1813-3,1813,工程机械设备 > 土石方机械 > 压实及路面机械,material,联合扫雪机,联合除雪车,medium,北方地区常称除雪车
1813-3,1813,工程机械设备 > 土石方机械 > 压实及路面机械,material,联合扫雪机,综合扫雪车,low,强调多功能
1813-3,1813,工程机械设备 > 土石方机械 > 压实及路面机械,material,联合碎石设备,联合破碎设备,high,‘碎石’与‘破碎’可互换
1813-3,1813,工程机械设备 > 土石方机械 > 压实及路面机械,material,联合碎石设备,联合碎石机,medium,口语化简称
1813-3,1813,工程机械设备 > 土石方机械 > 压实及路面机械,material,自行式稳定土拌和机,稳定土路拌机,high,省略自行式，强调路拌功能
1813-3,1813,工程机械设备 > 土石方机械 > 压实及路面机械,material,自行式稳定土拌和机,路拌机,high,采购中常见简称
1813-3,1813,工程机械设备 > 土石方机械 > 压实及路面机械,material,自行式稳定土拌和机,自行式路拌机,medium,组合简称
1813-3,1813,工程机械设备 > 土石方机械 > 压实及路面机械,material,自行式轮胎压路机,轮胎压路机,high,省略‘自行式’的简称
1813-3,1813,工程机械设备 > 土石方机械 > 压实及路面机械,material,自行式轮胎压路机,胶轮压路机,high,轮胎亦称胶轮
1813-3,1813,工程机械设备 > 土石方机械 > 压实及路面机械,material,自行式轮胎压路机,自行式胶轮压路机,medium,完整俗称
1813-3,1813,工程机械设备 > 土石方机械 > 压实及路面机械,material,自行式道路翻松机,道路翻松机,high,略去自行式
1813-3,1813,工程机械设备 > 土石方机械 > 压实及路面机械,material,自行式道路翻松机,路基翻松机,medium,侧重路基翻松
1813-3,1813,工程机械设备 > 土石方机械 > 压实及路面机械,material,蛙式夯实机,蛙式打夯机,high,行业标准化俗称
1813-3,1813,工程机械设备 > 土石方机械 > 压实及路面机械,material,蛙式夯实机,蛤蟆夯,high,北方工地口语形象叫法
1813-3,1813,工程机械设备 > 土石方机械 > 压实及路面机械,material,蛙式夯实机,蛙夯,medium,简称为蛙夯
1813-3,1813,工程机械设备 > 土石方机械 > 压实及路面机械,material,路面养护车,养护车,high,日常简称
1813-3,1813,工程机械设备 > 土石方机械 > 压实及路面机械,material,路面养护车,路面修补车,medium,突出修补功能
1813-3,1813,工程机械设备 > 土石方机械 > 压实及路面机械,material,路面划线机,划线车,high,施工现场直接叫划线车
1813-3,1813,工程机械设备 > 土石方机械 > 压实及路面机械,material,路面划线机,标线机,high,标线是专业术语
1813-3,1813,工程机械设备 > 土石方机械 > 压实及路面机械,material,路面划线机,路面标线机,medium,完整称谓
1813-3,1813,工程机械设备 > 土石方机械 > 压实及路面机械,material,路面铣刨机,铣刨机,high,通用简称
1813-3,1813,工程机械设备 > 土石方机械 > 压实及路面机械,material,路面铣刨机,冷铣刨机,medium,若为冷铣工艺时的叫法
1813-3,1813,工程机械设备 > 土石方机械 > 压实及路面机械,material,转子扫雪机,旋转扫雪机,medium,转子即旋转部件
1813-3,1813,工程机械设备 > 土石方机械 > 压实及路面机械,material,转子扫雪机,转子式扫雪车,medium,加‘式’和‘车’的口语
1813-3,1813,工程机械设备 > 土石方机械 > 压实及路面机械,material,轮胎驱动光轮振动压路机,光轮振动压路机,high,省略驱动方式
1813-3,1813,工程机械设备 > 土石方机械 > 压实及路面机械,material,轮胎驱动光轮振动压路机,单钢轮振动压路机,medium,若光轮为单钢轮时的常见叫法
1813-3,1813,工程机械设备 > 土石方机械 > 压实及路面机械,material,轮胎驱动凸块振动压路机,凸块振动压路机,high,省略轮胎驱动
1813-3,1813,工程机械设备 > 土石方机械 > 压实及路面机械,material,轮胎驱动凸块振动压路机,凸块振动碾,medium,碾是压路机的俗语
1813-3,1813,工程机械设备 > 土石方机械 > 压实及路面机械,material,钢轮轮胎组合振动压路机,组合振动压路机,high,标准简称
1813-3,1813,工程机械设备 > 土石方机械 > 压实及路面机械,material,钢轮轮胎组合振动压路机,钢轮胶轮组合压路机,medium,用材质描述
1813-3,1813,工程机械设备 > 土石方机械 > 压实及路面机械,material,钢轮轮胎组合振动压路机,双钢轮组合压路机,low,若组合为双钢轮加轮胎时的叫法
1814-1,1814,工程机械设备 > 土石方机械 > 破碎及凿岩机械,material,三臂凿岩车,三臂凿岩台车,high,凿岩车在施工中常称为凿岩台车
1814-1,1814,工程机械设备 > 土石方机械 > 破碎及凿岩机械,material,三臂凿岩车,三臂台车,high,简称
1814-1,1814,工程机械设备 > 土石方机械 > 破碎及凿岩机械,material,三臂凿岩车,三臂钻车,medium,凿岩即钻孔，也称钻车
1814-1,1814,工程机械设备 > 土石方机械 > 破碎及凿岩机械,material,内燃凿岩机,汽油凿岩机,high,内燃凿岩机多使用汽油机
1814-1,1814,工程机械设备 > 土石方机械 > 破碎及凿岩机械,material,内燃凿岩机,内燃钻,medium,现场简称
1814-1,1814,工程机械设备 > 土石方机械 > 破碎及凿岩机械,material,凿岩钻车,凿岩台车,high,与凿岩钻车同义，更常见
1814-1,1814,工程机械设备 > 土石方机械 > 破碎及凿岩机械,material,凿岩钻车,钻车,medium,简称
1814-1,1814,工程机械设备 > 土石方机械 > 破碎及凿岩机械,material,履带单头岩石破碎机,单头破,medium,单头岩石破碎机的简称
1814-1,1814,工程机械设备 > 土石方机械 > 破碎及凿岩机械,material,履带单头岩石破碎机,履带单头破碎锤,medium,具备破碎锤功能，现场称破碎锤
1814-1,1814,工程机械设备 > 土石方机械 > 破碎及凿岩机械,material,液压破碎机,液压破碎锤,high,常见称呼，指挖掘机用破碎锤
1814-1,1814,工程机械设备 > 土石方机械 > 破碎及凿岩机械,material,液压破碎机,液压锤,high,简称
1814-1,1814,工程机械设备 > 土石方机械 > 破碎及凿岩机械,material,液压破碎机,炮机,medium,施工现场俗称
1814-1,1814,工程机械设备 > 土石方机械 > 破碎及凿岩机械,material,狼牙破碎机,狼牙破,medium,现场简称
1814-1,1814,工程机械设备 > 土石方机械 > 破碎及凿岩机械,material,箱式破碎机,箱破,high,行业简称
1814-1,1814,工程机械设备 > 土石方机械 > 破碎及凿岩机械,material,箱式破碎机,箱式破,high,口语叫法
1814-1,1814,工程机械设备 > 土石方机械 > 破碎及凿岩机械,material,箱式破碎机,方箱破碎机,medium,常见称呼，因机体呈方箱状
1814-1,1814,工程机械设备 > 土石方机械 > 破碎及凿岩机械,material,装岩机气动,气动装岩机,high,标准称呼，装岩机气动的正确语序
1814-1,1814,工程机械设备 > 土石方机械 > 破碎及凿岩机械,material,装岩机气动,风动装岩机,high,风动与气动同义，现场常用
1814-1,1814,工程机械设备 > 土石方机械 > 破碎及凿岩机械,material,颚式破碎机,颚破,high,行业标准简称
1814-1,1814,工程机械设备 > 土石方机械 > 破碎及凿岩机械,material,颚式破碎机,鄂破,high,颚的异体字，常见俗称
1814-1,1814,工程机械设备 > 土石方机械 > 破碎及凿岩机械,material,颚式破碎机,鄂式破碎机,high,通称
1814-1,1814,工程机械设备 > 土石方机械 > 破碎及凿岩机械,material,颚式破碎机,老虎口,high,砂石场传统俗称
1814-1,1814,工程机械设备 > 土石方机械 > 破碎及凿岩机械,material,颚式移动破碎机,移动颚破,high,简称
1814-1,1814,工程机械设备 > 土石方机械 > 破碎及凿岩机械,material,颚式移动破碎机,移动鄂破,high,变体简称
1814-1,1814,工程机械设备 > 土石方机械 > 破碎及凿岩机械,material,颚式移动破碎机,车载颚破,medium,装在车上，现场称车载
1814-1,1814,工程机械设备 > 土石方机械 > 破碎及凿岩机械,material,风动凿岩机,风钻,high,经典俗称，利用压缩空气钻孔
1814-1,1814,工程机械设备 > 土石方机械 > 破碎及凿岩机械,material,风动凿岩机,气动凿岩机,high,风动即气动，同义
1814-1,1814,工程机械设备 > 土石方机械 > 破碎及凿岩机械,material,风动凿岩机,风枪,medium,手持式风动钻机的口语叫法
1815-2,1815,工程机械设备 > 土石方机械 > 钻探及地下工程机械,category,钻探及地下工程机械,地下工程机械,high,钻探及地下工程机械的通俗统称
1815-2,1815,工程机械设备 > 土石方机械 > 钻探及地下工程机械,category,钻探及地下工程机械,隧道施工机械,medium,地下工程主要涉及隧道施工，行业常用说法
1815-2,1815,工程机械设备 > 土石方机械 > 钻探及地下工程机械,material,隧道掘进机,TBM,high,隧道掘进机的英文缩写，施工现场与采购文件极常用
1815-2,1815,工程机械设备 > 土石方机械 > 钻探及地下工程机械,material,隧道掘进机,盾构机,medium,在国内施工口语中常笼统地将隧道掘进机称为盾构机
1815-2,1815,工程机械设备 > 土石方机械 > 钻探及地下工程机械,material,顶管掘进机,顶管机,high,顶管掘进机的简称，行业内通用
1815-2,1815,工程机械设备 > 土石方机械 > 钻探及地下工程机械,material,顶管设备切削机械,切削机头,medium,顶管设备中负责切削的部分，现场口语叫法
1815-2,1815,工程机械设备 > 土石方机械 > 钻探及地下工程机械,material,顶管设备切削机械,切削刀盘,medium,指切削机械的核心部件，有时代指整个切削设备
1815-2,1815,工程机械设备 > 土石方机械 > 钻探及地下工程机械,material,顶管设备水力机械,水力排泥机,medium,水力机械主要功能是排泥，施工现场常用叫法
1815-2,1815,工程机械设备 > 土石方机械 > 钻探及地下工程机械,material,顶管设备水力机械,泥水机械,medium,泥水平衡顶管施工中对水力设备的简称
176-1,176,工程机械设备 > 桩基机械 > 桩工、钻孔机械,category,桩工、钻孔机械,桩工机械,high,该三级类目在行业内常统称为桩工机械
176-1,176,工程机械设备 > 桩基机械 > 桩工、钻孔机械,material,导杆式柴油打桩机,导杆柴油锤,high,导杆式柴油打桩机即导杆式柴油锤，口头简称导杆柴油锤
176-1,176,工程机械设备 > 桩基机械 > 桩工、钻孔机械,material,导杆式柴油打桩机,导杆打桩机,medium,省略柴油及式字的口头叫法
176-1,176,工程机械设备 > 桩基机械 > 桩工、钻孔机械,material,履带式振动沉拔桩机,履带振动锤,high,振动沉拔桩机俗称振动锤，履带式即为履带振动锤
176-1,176,工程机械设备 > 桩基机械 > 桩工、钻孔机械,material,履带式振动沉拔桩机,履带沉拔桩机,medium,在明确振动工艺时可省去振动
176-1,176,工程机械设备 > 桩基机械 > 桩工、钻孔机械,material,履带式柴油打桩机,履带柴油锤,high,柴油打桩机常称柴油锤，履带式即履带柴油锤
176-1,176,工程机械设备 > 桩基机械 > 桩工、钻孔机械,material,履带式柴油打桩机,履带打桩机,medium,省略动力类型柴油，常见口语
176-1,176,工程机械设备 > 桩基机械 > 桩工、钻孔机械,material,步履式振动沉拔桩机,步履振动锤,high,步履式配振动锤，简称步履振动锤
176-1,176,工程机械设备 > 桩基机械 > 桩工、钻孔机械,material,步履式柴油打桩机,步履柴油锤,high,步履式底盘的柴油打桩机即步履柴油锤
176-1,176,工程机械设备 > 桩基机械 > 桩工、钻孔机械,material,走管式振动沉拔桩机,走管振动锤,medium,走管式底盘配套振动锤，简称走管振动锤
176-1,176,工程机械设备 > 桩基机械 > 桩工、钻孔机械,material,走管式柴油打桩机,走管柴油锤,medium,走管式配柴油锤，简称走管柴油锤
176-1,176,工程机械设备 > 桩基机械 > 桩工、钻孔机械,material,轨道式振动沉拔桩机,轨道振动锤,medium,轨道式行走的振动沉拔桩机
176-1,176,工程机械设备 > 桩基机械 > 桩工、钻孔机械,material,轨道式柴油打桩机,轨道柴油锤,medium,轨道式配柴油锤
176-1,176,工程机械设备 > 桩基机械 > 桩工、钻孔机械,material,轮胎式振动沉拔桩机,轮胎振动锤,medium,轮胎底盘振动锤
176-1,176,工程机械设备 > 桩基机械 > 桩工、钻孔机械,material,轮胎式柴油打桩机,轮胎柴油锤,medium,轮胎底盘柴油锤
176-1,176,工程机械设备 > 桩基机械 > 桩工、钻孔机械,material,静力机械式压桩机,机械静压桩机,high,静力压桩机分为机械式和液压式，此为机械式俗称
176-1,176,工程机械设备 > 桩基机械 > 桩工、钻孔机械,material,静力机械式压桩机,机械式压桩机,medium,口语中常省略静力
176-1,176,工程机械设备 > 桩基机械 > 桩工、钻孔机械,material,静力液压式桩机,液压静压桩机,high,静力液压式桩机标准叫法液压静压桩机
176-1,176,工程机械设备 > 桩基机械 > 桩工、钻孔机械,material,静力液压式桩机,液压压桩机,medium,口语中可能简化为液压压桩机
175-2,175,工程机械设备 > 起重机械 > 起重及垂直运输机械,category,起重及垂直运输机械,龙门架,medium,工地口语中常将门式升降机的门型支架称为龙门架，也可能指轻小型龙门起重机，存在歧义
175-2,175,工程机械设备 > 起重机械 > 起重及垂直运输机械,material,门式升降机,门式提升机,medium,施工现场口语叫法
175-2,175,工程机械设备 > 起重机械 > 起重及垂直运输机械,material,门式升降机,门架提升机,low,因采用门型钢架结构得名，少数工地使用
175-2,175,工程机械设备 > 起重机械 > 起重及垂直运输机械,material,龙门式起重机,龙门吊,high,最常用的施工现场口语简称
175-2,175,工程机械设备 > 起重机械 > 起重及垂直运输机械,material,龙门式起重机,门吊,high,龙门式起重机的简称
122-7,122,工程检测仪器仪表 > 其他仪器仪表及附件 > 仪器仪表元器件及器材,material,针型阀,针阀,high,施工现场及采购中常用简称
122-7,122,工程检测仪器仪表 > 其他仪器仪表及附件 > 仪器仪表元器件及器材,material,针型阀,针形阀,high,同义别称
122-7,122,工程检测仪器仪表 > 其他仪器仪表及附件 > 仪器仪表元器件及器材,material,针型阀,仪表针阀,medium,在仪表管路中常见叫法
122-7,122,工程检测仪器仪表 > 其他仪器仪表及附件 > 仪器仪表元器件及器材,material,钢筋应力计,钢筋计,high,施工现场口语简称
122-7,122,工程检测仪器仪表 > 其他仪器仪表及附件 > 仪器仪表元器件及器材,material,钢筋应力计,钢筋应力传感器,high,功能描述性别称
122-7,122,工程检测仪器仪表 > 其他仪器仪表及附件 > 仪器仪表元器件及器材,material,钢筋应力计,钢筋应变计,medium,原理相近常用叫法
122-7,122,工程检测仪器仪表 > 其他仪器仪表及附件 > 仪器仪表元器件及器材,material,钢管式温度计套管,温度计套管,medium,省略材质规格的简称
122-7,122,工程检测仪器仪表 > 其他仪器仪表及附件 > 仪器仪表元器件及器材,material,钢管式温度计套管,钢管保护套管,medium,强调钢管保护作用
122-7,122,工程检测仪器仪表 > 其他仪器仪表及附件 > 仪器仪表元器件及器材,material,钢管式温度计套管,测温套管,low,现场口语化叫法
122-7,122,工程检测仪器仪表 > 其他仪器仪表及附件 > 仪器仪表元器件及器材,material,防爆操作柱,防爆操作箱,high,外形接近操作箱，俗称
122-7,122,工程检测仪器仪表 > 其他仪器仪表及附件 > 仪器仪表元器件及器材,material,防爆操作柱,操作柱,medium,防爆语境下省略前缀
122-7,122,工程检测仪器仪表 > 其他仪器仪表及附件 > 仪器仪表元器件及器材,material,防爆操作柱,防爆按钮柱,low,突出按钮元件
122-7,122,工程检测仪器仪表 > 其他仪器仪表及附件 > 仪器仪表元器件及器材,material,防爆管接头,防爆管接,high,常用简称
122-7,122,工程检测仪器仪表 > 其他仪器仪表及附件 > 仪器仪表元器件及器材,material,防爆管接头,防爆接头,medium,广义上指防爆管道接头
122-7,122,工程检测仪器仪表 > 其他仪器仪表及附件 > 仪器仪表元器件及器材,material,防爆管接头,防爆软管接头,low,常用于防爆软管连接
122-7,122,工程检测仪器仪表 > 其他仪器仪表及附件 > 仪器仪表元器件及器材,material,集中器,数据集中器,medium,指明功能类型
122-7,122,工程检测仪器仪表 > 其他仪器仪表及附件 > 仪器仪表元器件及器材,material,集中器,采集集中器,low,在采集系统中常用
122-7,122,工程检测仪器仪表 > 其他仪器仪表及附件 > 仪器仪表元器件及器材,material,集成电路动态测试仪,动态IC测试仪,medium,简称
122-7,122,工程检测仪器仪表 > 其他仪器仪表及附件 > 仪器仪表元器件及器材,material,集成电路在线测试仪,在线IC测试仪,medium,简称
122-7,122,工程检测仪器仪表 > 其他仪器仪表及附件 > 仪器仪表元器件及器材,material,集成电路在线测试仪,ICT测试仪,low,行业通用缩写 ICT，但常指在线测试
122-7,122,工程检测仪器仪表 > 其他仪器仪表及附件 > 仪器仪表元器件及器材,material,集成电路测试仪,IC测试仪,high,通用简称
122-7,122,工程检测仪器仪表 > 其他仪器仪表及附件 > 仪器仪表元器件及器材,material,集成电路测试仪,芯片测试仪,medium,俗称
122-7,122,工程检测仪器仪表 > 其他仪器仪表及附件 > 仪器仪表元器件及器材,material,集成电路测试仪系统,IC测试系统,high,行业常用叫法
122-7,122,工程检测仪器仪表 > 其他仪器仪表及附件 > 仪器仪表元器件及器材,material,集成电路测试仪系统,集成电路测试系统,medium,省略“仪”字
122-7,122,工程检测仪器仪表 > 其他仪器仪表及附件 > 仪器仪表元器件及器材,material,集成电路测试单元,IC测试单元,medium,简称
122-7,122,工程检测仪器仪表 > 其他仪器仪表及附件 > 仪器仪表元器件及器材,material,集成电路自动测试仪,自动IC测试仪,medium,简称
122-7,122,工程检测仪器仪表 > 其他仪器仪表及附件 > 仪器仪表元器件及器材,material,集成电路自动测试仪,IC自动测试仪,medium,词语顺序调整
122-7,122,工程检测仪器仪表 > 其他仪器仪表及附件 > 仪器仪表元器件及器材,material,集成稳压电路测试仪,稳压IC测试仪,medium,简洁叫法
122-7,122,工程检测仪器仪表 > 其他仪器仪表及附件 > 仪器仪表元器件及器材,material,集成稳压电路测试仪,集成稳压测试仪,low,省略“电路”
122-7,122,工程检测仪器仪表 > 其他仪器仪表及附件 > 仪器仪表元器件及器材,material,顺序控制装置,顺控装置,high,行业标准简称
122-7,122,工程检测仪器仪表 > 其他仪器仪表及附件 > 仪器仪表元器件及器材,material,顺序控制装置,顺控器,high,施工现场口语叫法
122-7,122,工程检测仪器仪表 > 其他仪器仪表及附件 > 仪器仪表元器件及器材,material,顺序控制装置,顺序控制器,medium,部件式叫法
34-1,34,工程检测仪器仪表 > 其他仪器仪表及附件 > 其他仪器仪表,category,其他仪器仪表,检测仪表,medium,泛指各类检测用仪器仪表
34-1,34,工程检测仪器仪表 > 其他仪器仪表及附件 > 其他仪器仪表,category,其他仪器仪表,测量仪器,medium,现场口语中常统称此类设备
34-1,34,工程检测仪器仪表 > 其他仪器仪表及附件 > 其他仪器仪表,material,PH计,酸度计,high,因测量酸碱度，行业内常用此称
34-1,34,工程检测仪器仪表 > 其他仪器仪表及附件 > 其他仪器仪表,material,RTK测量系统,GPS流动站,medium,利用GPS实时动态定位的流动测量设备
34-1,34,工程检测仪器仪表 > 其他仪器仪表及附件 > 其他仪器仪表,material,RTK测量系统,GNSS RTK,medium,卫星导航系统下的实时动态测量简称
34-1,34,工程检测仪器仪表 > 其他仪器仪表及附件 > 其他仪器仪表,material,密度和比重测定仪,密度仪,medium,施工现场对该类仪器的简化叫法
34-1,34,工程检测仪器仪表 > 其他仪器仪表及附件 > 其他仪器仪表,material,比重计,液体比重计,medium,当测量液体比重时的具体叫法
34-1,34,工程检测仪器仪表 > 其他仪器仪表及附件 > 其他仪器仪表,material,水分计,水分测定仪,high,含水率检测设备的通用别称
34-1,34,工程检测仪器仪表 > 其他仪器仪表及附件 > 其他仪器仪表,material,水分计,水分仪,high,简化的口语叫法
34-1,34,工程检测仪器仪表 > 其他仪器仪表及附件 > 其他仪器仪表,material,水质分析仪,水质检测仪,high,水质检测功能等同，常互换使用
34-1,34,工程检测仪器仪表 > 其他仪器仪表及附件 > 其他仪器仪表,material,测厚仪,厚度计,high,早期指针式或简单厚度测量工具的俗称沿用
34-1,34,工程检测仪器仪表 > 其他仪器仪表及附件 > 其他仪器仪表,material,湿度分析仪,湿度计,high,测量空气或环境湿度的仪器，常用此简称
34-1,34,工程检测仪器仪表 > 其他仪器仪表及附件 > 其他仪器仪表,material,溶解氧(DO)仪,溶氧仪,high,水处理行业中溶解氧测定仪的通用简称
34-1,34,工程检测仪器仪表 > 其他仪器仪表及附件 > 其他仪器仪表,material,溶解氧(DO)仪,溶解氧测定仪,high,中文全称形式
34-1,34,工程检测仪器仪表 > 其他仪器仪表及附件 > 其他仪器仪表,material,硬度计,硬度仪,medium,部分场合较随意的口语说法
34-1,34,工程检测仪器仪表 > 其他仪器仪表及附件 > 其他仪器仪表,material,黏度测定仪,粘度计,high,粘度测量的标准简称
34-1,34,工程检测仪器仪表 > 其他仪器仪表及附件 > 其他仪器仪表,material,黏度测定仪,粘度仪,medium,工厂与实验室的常见叫法
1806-1,1806,工程检测仪器仪表 > 水电燃气用仪表 > 热量表,category,热量表,热计量表,high,热量表在施工现场和采购清单中的通用俗称
1806-1,1806,工程检测仪器仪表 > 水电燃气用仪表 > 热量表,category,热量表,热能表,high,强调计量热能的叫法，行业内常用
1806-1,1806,工程检测仪器仪表 > 水电燃气用仪表 > 热量表,category,热量表,热力表,medium,北方供暖地区口语化叫法
1806-1,1806,工程检测仪器仪表 > 水电燃气用仪表 > 热量表,material,FS系列非接触IC卡智能热量表,射频卡热量表,high,非接触IC卡通常采用射频技术，口语称射频卡
1806-1,1806,工程检测仪器仪表 > 水电燃气用仪表 > 热量表,material,FS系列非接触IC卡智能热量表,非接触卡热量表,high,省略IC，直接称非接触卡
1806-1,1806,工程检测仪器仪表 > 水电燃气用仪表 > 热量表,material,IC卡热量表,卡式热量表,high,IC卡热量表的简称
1806-1,1806,工程检测仪器仪表 > 水电燃气用仪表 > 热量表,material,IC卡热量表,预付费热量表,high,IC卡主要功能是预付费，施工方常用此功能代称
1806-1,1806,工程检测仪器仪表 > 水电燃气用仪表 > 热量表,material,接触式IC卡热量表,插卡式热量表,high,接触式需要插卡操作，口语化叫法
1806-1,1806,工程检测仪器仪表 > 水电燃气用仪表 > 热量表,material,整体机械式热量表,一体式机械热量表,medium,整体式即一体式结构，常用此称
1806-1,1806,工程检测仪器仪表 > 水电燃气用仪表 > 热量表,material,普通型冷热兼用表,冷热两用表,high,施工现场简称
1806-1,1806,工程检测仪器仪表 > 水电燃气用仪表 > 热量表,material,普通型冷热兼用表,冷暖两用热量表,high,明确冷暖兼用的叫法
1806-1,1806,工程检测仪器仪表 > 水电燃气用仪表 > 热量表,material,普通机械式热量表,机械热量表,high,普通的机械式热量表直接简称为机械热量表
1806-1,1806,工程检测仪器仪表 > 水电燃气用仪表 > 热量表,material,智能卡式热计量表,智能卡热量表,high,去除计量二字，更常用
1806-1,1806,工程检测仪器仪表 > 水电燃气用仪表 > 热量表,material,电磁热量表,电磁式热能表,high,原理为电磁，常与热能表组合称呼
1806-1,1806,工程检测仪器仪表 > 水电燃气用仪表 > 热量表,material,计时型IC卡热量表,时间型IC卡热量表,medium,计时型又称时间型
1806-1,1806,工程检测仪器仪表 > 水电燃气用仪表 > 热量表,material,超声波冷热量表,超声冷热两用表,high,超声波简称超声，冷热兼用口语化
1806-1,1806,工程检测仪器仪表 > 水电燃气用仪表 > 热量表,material,超声波冷量表,超声冷量计,medium,超声波冷量表的简称
1806-1,1806,工程检测仪器仪表 > 水电燃气用仪表 > 热量表,material,超声波热量表,超声热能表,high,超声波热量表的口语简称
1806-1,1806,工程检测仪器仪表 > 水电燃气用仪表 > 热量表,material,超声波热量表,超声波热计量表,high,加入计量二字，采购清单常用
1806-1,1806,工程检测仪器仪表 > 水电燃气用仪表 > 热量表,material,远传型冷热量表,远传冷热两用表,medium,突出冷热两用且有远传功能
1806-1,1806,工程检测仪器仪表 > 水电燃气用仪表 > 热量表,material,远传型热量表,远传热量表,high,简称
1806-1,1806,工程检测仪器仪表 > 水电燃气用仪表 > 热量表,material,远传型热量表,远程热量表,high,远传即远程传输，常见叫法
1805-1,1805,工程检测仪器仪表 > 水电燃气用仪表 > 燃气表,category,燃气表,煤气表,high,燃气表在实际施工和口语中常被叫做煤气表
1805-1,1805,工程检测仪器仪表 > 水电燃气用仪表 > 燃气表,category,燃气表,气表,high,简洁口语叫法
1805-1,1805,工程检测仪器仪表 > 水电燃气用仪表 > 燃气表,material,IC卡抄表式燃气表,IC卡燃气表,medium,插入IC卡进行数据采集，现场简称为IC卡燃气表
1805-1,1805,工程检测仪器仪表 > 水电燃气用仪表 > 燃气表,material,IC卡抄表式燃气表,IC卡气表,medium,IC卡燃气表的进一步口语简缩
1805-1,1805,工程检测仪器仪表 > 水电燃气用仪表 > 燃气表,material,IC卡智能预付费燃气表,IC卡预付费燃气表,high,直接描述功能和卡介质的常用名称
1805-1,1805,工程检测仪器仪表 > 水电燃气用仪表 > 燃气表,material,IC卡智能预付费燃气表,预付费燃气表,high,省略了卡类型，常用于采购语境
1805-1,1805,工程检测仪器仪表 > 水电燃气用仪表 > 燃气表,material,IC卡智能预付费燃气表,插卡式预付费燃气表,high,强调插入IC卡的动作
1805-1,1805,工程检测仪器仪表 > 水电燃气用仪表 > 燃气表,material,IC卡智能预付费燃气表,智能IC卡燃气表,medium,突出智能和IC卡属性
1805-1,1805,工程检测仪器仪表 > 水电燃气用仪表 > 燃气表,material,直读无线远传燃气表,无线远传燃气表,high,最为常用的简称，直读特征常被省略
1805-1,1805,工程检测仪器仪表 > 水电燃气用仪表 > 燃气表,material,直读无线远传燃气表,无线远传表,high,现场对无线远传燃气表的简称
1805-1,1805,工程检测仪器仪表 > 水电燃气用仪表 > 燃气表,material,直读无线远传燃气表,直读无线表,medium,直读式无线远传的缩略说法
1805-1,1805,工程检测仪器仪表 > 水电燃气用仪表 > 燃气表,material,直读有线远传燃气表,有线远传燃气表,high,常用简称，突出有线传输方式
1805-1,1805,工程检测仪器仪表 > 水电燃气用仪表 > 燃气表,material,直读有线远传燃气表,有线远传表,high,进一步缩略的现场叫法
1805-1,1805,工程检测仪器仪表 > 水电燃气用仪表 > 燃气表,material,直读有线远传燃气表,直读有线表,medium,直读式有线远传的简略说法
1805-1,1805,工程检测仪器仪表 > 水电燃气用仪表 > 燃气表,material,膜式燃气表,皮膜表,high,膜式燃气表的核心部件是皮膜，行业俗称皮膜表
1805-1,1805,工程检测仪器仪表 > 水电燃气用仪表 > 燃气表,material,膜式燃气表,膜式表,high,直接缩略的叫法
1805-1,1805,工程检测仪器仪表 > 水电燃气用仪表 > 燃气表,material,膜式燃气表,机械燃气表,high,膜式表为纯机械结构，常被称作机械燃气表
1805-1,1805,工程检测仪器仪表 > 水电燃气用仪表 > 燃气表,material,膜式燃气表,家用燃气表,medium,膜式表多用于家庭用户，采购中常称家用燃气表
1805-1,1805,工程检测仪器仪表 > 水电燃气用仪表 > 燃气表,material,非接触式IC智能燃气表,射频卡燃气表,high,采用射频技术实现非接触，俗称射频卡燃气表
1805-1,1805,工程检测仪器仪表 > 水电燃气用仪表 > 燃气表,material,非接触式IC智能燃气表,非接触IC卡燃气表,high,直接简称
1805-1,1805,工程检测仪器仪表 > 水电燃气用仪表 > 燃气表,material,非接触式IC智能燃气表,RFID燃气表,medium,射频识别技术英文简称，技术文档和采购中常用
1803-8,1803,工程检测仪器仪表 > 水电燃气用仪表 > 电工仪器仪表,material,静电测试仪,静电检测仪,medium,施工现场常用叫法
1803-8,1803,工程检测仪器仪表 > 水电燃气用仪表 > 电工仪器仪表,material,静电高压表,静电电压表,high,直接描述功能，常见简称
1803-8,1803,工程检测仪器仪表 > 水电燃气用仪表 > 电工仪器仪表,material,高压合相仪,高压核相仪,high,行业通用别称，同义
1803-8,1803,工程检测仪器仪表 > 水电燃气用仪表 > 电工仪器仪表,material,高压合相仪,高压核相器,high,同样功能的另一种叫法
1803-8,1803,工程检测仪器仪表 > 水电燃气用仪表 > 电工仪器仪表,material,高压实验变压器装置,试验变压器,high,现场简称
1803-8,1803,工程检测仪器仪表 > 水电燃气用仪表 > 电工仪器仪表,material,高压实验变压器装置,高压试验变压器,high,常用完整称呼
1803-8,1803,工程检测仪器仪表 > 水电燃气用仪表 > 电工仪器仪表,material,高压开关试验仪,高压开关测试仪,high,口语与书面常用替换
1803-8,1803,工程检测仪器仪表 > 水电燃气用仪表 > 电工仪器仪表,material,高压整流硅堆滤波器,高压硅堆,high,现场简略叫法
1803-8,1803,工程检测仪器仪表 > 水电燃气用仪表 > 电工仪器仪表,material,高压整流硅堆滤波器,整流硅堆,medium,省略滤波功能时的俗称
1803-8,1803,工程检测仪器仪表 > 水电燃气用仪表 > 电工仪器仪表,material,高压电桥,西林电桥,medium,经典高压电桥类型，常直接代指
1803-8,1803,工程检测仪器仪表 > 水电燃气用仪表 > 电工仪器仪表,material,高压电桥,高压电容电桥,medium,说明用途的完整别称
1803-8,1803,工程检测仪器仪表 > 水电燃气用仪表 > 电工仪器仪表,material,高压绝缘电阻测试仪,高压兆欧表,high,输出高电压的兆欧表
1803-8,1803,工程检测仪器仪表 > 水电燃气用仪表 > 电工仪器仪表,material,高压绝缘电阻测试仪,高压绝缘摇表,medium,早期手摇式叫法延续
1803-8,1803,工程检测仪器仪表 > 水电燃气用仪表 > 电工仪器仪表,material,高压绝缘电阻测试仪,高压电动摇表,medium,区分手摇式的电动型号
1803-8,1803,工程检测仪器仪表 > 水电燃气用仪表 > 电工仪器仪表,material,高压绝缘电阻表,高压摇表,high,施工现场口语叫法
1803-8,1803,工程检测仪器仪表 > 水电燃气用仪表 > 电工仪器仪表,material,高压绝缘电阻表,高压梅格表,medium,Megger音译，老电工常用
1803-8,1803,工程检测仪器仪表 > 水电燃气用仪表 > 电工仪器仪表,material,高精度相角表,高精度相位表,high,功能相同，常见互换名称
1803-8,1803,工程检测仪器仪表 > 水电燃气用仪表 > 电工仪器仪表,material,高精度相角表,精密相位表,medium,强调精度时的叫法
1809-3,1809,工程检测仪器仪表 > 计量测量及分析仪器仪表 > 分析仪表,material,频响分析仪,频响测试仪,high,行业内常用简称，直接对应频率响应测试功能
1809-3,1809,工程检测仪器仪表 > 计量测量及分析仪器仪表 > 分析仪表,material,频响分析仪,频响分析器,medium,近义描述，将‘仪’替换为‘器’，口语中偶有混用
1808-14,1808,工程检测仪器仪表 > 计量测量及分析仪器仪表 > 电子和通信测量仪器,material,高解析度频率计,频率计数器,high,频率计常用俗称
1808-14,1808,工程检测仪器仪表 > 计量测量及分析仪器仪表 > 电子和通信测量仪器,material,高解析度频率计,高精度频率计,medium,高解析度常等同高精度
1808-14,1808,工程检测仪器仪表 > 计量测量及分析仪器仪表 > 电子和通信测量仪器,material,高频信号发生器,信号源,high,口语中直接称呼
1808-14,1808,工程检测仪器仪表 > 计量测量及分析仪器仪表 > 电子和通信测量仪器,material,高频信号发生器,射频信号发生器,medium,高频通常指射频段
1808-14,1808,工程检测仪器仪表 > 计量测量及分析仪器仪表 > 电子和通信测量仪器,material,高频功率计,功率计,high,省略高频的口语叫法
1808-14,1808,工程检测仪器仪表 > 计量测量及分析仪器仪表 > 电子和通信测量仪器,material,高频功率计,射频功率计,medium,高频段常称射频
1808-14,1808,工程检测仪器仪表 > 计量测量及分析仪器仪表 > 电子和通信测量仪器,material,高频扫频仪,扫频仪,high,极常见简称
1808-14,1808,工程检测仪器仪表 > 计量测量及分析仪器仪表 > 电子和通信测量仪器,material,高频扫频仪,频率特性测试仪,high,扫频仪的正式名称
1808-14,1808,工程检测仪器仪表 > 计量测量及分析仪器仪表 > 电子和通信测量仪器,material,高频数字相位计,数字相位计,high,省略高频的日常叫法
1808-14,1808,工程检测仪器仪表 > 计量测量及分析仪器仪表 > 电子和通信测量仪器,material,高频数字相位计,相位测量仪,medium,按功能称呼
1808-14,1808,工程检测仪器仪表 > 计量测量及分析仪器仪表 > 电子和通信测量仪器,material,高频频谱分析仪,频谱仪,high,业内普遍简称
1808-14,1808,工程检测仪器仪表 > 计量测量及分析仪器仪表 > 电子和通信测量仪器,material,高频频谱分析仪,谱分析仪,medium,另一种口头叫法
1808-14,1808,工程检测仪器仪表 > 计量测量及分析仪器仪表 > 电子和通信测量仪器,material,黑白监视器,黑白显示器,high,监视器即显示器
1808-14,1808,工程检测仪器仪表 > 计量测量及分析仪器仪表 > 电子和通信测量仪器,material,黑白监视器,单色监视器,medium,黑白为单色
1329-1,1329,开关、插座 > 其他开关插座 > 扳把开关,category,扳把开关,扳把开关,high,类别名称的完整叫法
1329-1,1329,开关、插座 > 其他开关插座 > 扳把开关,category,扳把开关,扳手开关,medium,施工现场对扳把操作的俗称
1329-1,1329,开关、插座 > 其他开关插座 > 扳把开关,category,扳把开关,明装扳把,medium,该开关常见为明装式，口语简称
1329-1,1329,开关、插座 > 其他开关插座 > 扳把开关,material,三联单控扳把开关,三开单控,high,施工现场常用简称，三联简化成三开
1329-1,1329,开关、插座 > 其他开关插座 > 扳把开关,material,三联单控扳把开关,三联单控扳把,high,省略“开关”的口语叫法
1329-1,1329,开关、插座 > 其他开关插座 > 扳把开关,material,三联单控扳把开关,三开扳把,medium,极简口语叫法
1329-1,1329,开关、插座 > 其他开关插座 > 扳把开关,material,三联双控开关,三开双控,high,三联简化为三开，双控不变
1329-1,1329,开关、插座 > 其他开关插座 > 扳把开关,material,三联双控开关,三联双控扳把,medium,加入类别属性，明确为扳把型
1329-1,1329,开关、插座 > 其他开关插座 > 扳把开关,material,单联单控扳把开关,一开单控,high,单联口语常称一开
1329-1,1329,开关、插座 > 其他开关插座 > 扳把开关,material,单联单控扳把开关,单开单控,high,单开即单联
1329-1,1329,开关、插座 > 其他开关插座 > 扳把开关,material,单联单控扳把开关,单联单控扳把,high,省略开关二字
1329-1,1329,开关、插座 > 其他开关插座 > 扳把开关,material,单联双控开关,一开双控,high,常用简称
1329-1,1329,开关、插座 > 其他开关插座 > 扳把开关,material,单联双控开关,单开双控,high,单开即单联
1329-1,1329,开关、插座 > 其他开关插座 > 扳把开关,material,单联双控开关,单联双控扳把,medium,明确扳把类型
1329-1,1329,开关、插座 > 其他开关插座 > 扳把开关,material,双联单控扳把开关,二开单控,high,双联口语称二开
1329-1,1329,开关、插座 > 其他开关插座 > 扳把开关,material,双联单控扳把开关,双开单控,high,双开即双联
1329-1,1329,开关、插座 > 其他开关插座 > 扳把开关,material,双联单控扳把开关,双联单控扳把,high,省略开关
1329-1,1329,开关、插座 > 其他开关插座 > 扳把开关,material,双联双控开关,二开双控,high,双联双控简称二开双控
1329-1,1329,开关、插座 > 其他开关插座 > 扳把开关,material,双联双控开关,双开双控,high,双开即双联
1329-1,1329,开关、插座 > 其他开关插座 > 扳把开关,material,双联双控开关,双联双控扳把,medium,加入扳把以明确类型
1329-1,1329,开关、插座 > 其他开关插座 > 扳把开关,material,四联单控扳把开关,四开单控,high,四联简称四开
1329-1,1329,开关、插座 > 其他开关插座 > 扳把开关,material,四联单控扳把开关,四联单控扳把,high,省略开关
1329-1,1329,开关、插座 > 其他开关插座 > 扳把开关,material,四联双控开关,四开双控,high,常用简称
1329-1,1329,开关、插座 > 其他开关插座 > 扳把开关,material,四联双控开关,四联双控扳把,medium,加入扳把标识
1328-1,1328,开关、插座 > 其他开关插座 > 拉线开关,category,拉线开关,拉盒,high,拉线开关的俗称，外形为方形或圆形小盒，用拉线操作
1328-1,1328,开关、插座 > 其他开关插座 > 拉线开关,category,拉线开关,拉绳开关,high,通过拉绳控制通断，口语常称拉绳开关
1328-1,1328,开关、插座 > 其他开关插座 > 拉线开关,category,拉线开关,拉线盒,medium,安装于墙面或顶棚，带有拉线的开关盒
1328-1,1328,开关、插座 > 其他开关插座 > 拉线开关,material,两位单极拉线开关,双联单控拉线开关,high,两位指双联，单极即单控，双联单控是常见叫法
1328-1,1328,开关、插座 > 其他开关插座 > 拉线开关,material,两位单极拉线开关,双开拉线开关,high,施工现场口语，两位即两个开关位置，叫双开拉线开关
1328-1,1328,开关、插座 > 其他开关插座 > 拉线开关,material,两位单极拉线开关,双联拉盒,medium,双联指两位，拉盒是拉线开关俗称
1328-1,1328,开关、插座 > 其他开关插座 > 拉线开关,material,两位单极拉线开关,二联拉线开关,medium,两位也叫二联，采购中常有此称
1328-1,1328,开关、插座 > 其他开关插座 > 拉线开关,material,两位双极拉线开关,双联双刀拉线开关,medium,双极即双刀，能同时切断两个电路，双联双刀是技术别称
1328-1,1328,开关、插座 > 其他开关插座 > 拉线开关,material,两位双极拉线开关,双开双路拉线开关,medium,口语中双极叫双路，两位叫双开
1328-1,1328,开关、插座 > 其他开关插座 > 拉线开关,material,两位双极拉线开关,双联双断拉线开关,low,双极实现两条线同时通断，称双断
1328-1,1328,开关、插座 > 其他开关插座 > 拉线开关,material,单位单极拉线开关,单联单控拉线开关,high,单位即单联，单极即单控
1328-1,1328,开关、插座 > 其他开关插座 > 拉线开关,material,单位单极拉线开关,单开拉线开关,high,施工现场常用单开指代单联
1328-1,1328,开关、插座 > 其他开关插座 > 拉线开关,material,单位单极拉线开关,单联拉盒,medium,单联的拉线开关俗称单联拉盒
1328-1,1328,开关、插座 > 其他开关插座 > 拉线开关,material,单位单极拉线开关,一位单极拉线开关,medium,单位也称一位
1328-1,1328,开关、插座 > 其他开关插座 > 拉线开关,material,单位双极拉线开关,单联双刀拉线开关,medium,单位单联，双极双刀
1328-1,1328,开关、插座 > 其他开关插座 > 拉线开关,material,单位双极拉线开关,单开双路拉线开关,medium,口语化称法
1328-1,1328,开关、插座 > 其他开关插座 > 拉线开关,material,单位双极拉线开关,单联双断拉线开关,low,双极意味着双断
1330-1,1330,开关、插座 > 其他开关插座 > 按钮开关,material,按钮指示灯,带灯按钮,high,施工现场和采购清单中常用，指集成指示灯的按钮部件
1330-1,1330,开关、插座 > 其他开关插座 > 按钮开关,material,按钮指示灯,信号灯按钮,medium,部分工程提料单沿用，强调按钮上的信号指示功能
1327-1,1327,开关、插座 > 其他开关插座 > 自复位开关,category,自复位开关,自弹开关,medium,施工现场口语，形容其自复位特性
1327-1,1327,开关、插座 > 其他开关插座 > 自复位开关,category,自复位开关,复位开关,high,对自复位开关的简称
1327-1,1327,开关、插座 > 其他开关插座 > 自复位开关,category,自复位开关,点动开关,medium,电气专业俗称，按下接通松手断开
1327-1,1327,开关、插座 > 其他开关插座 > 自复位开关,material,自复位按板开关,自复位翘板开关,high,按板开关即翘板开关
1327-1,1327,开关、插座 > 其他开关插座 > 自复位开关,material,自复位按板开关,复位翘板开关,high,行业简称
1327-1,1327,开关、插座 > 其他开关插座 > 自复位开关,material,自复位按板开关,自弹翘板开关,medium,口语形象叫法
1327-1,1327,开关、插座 > 其他开关插座 > 自复位开关,material,自复位按钮开关,复位按钮开关,high,去掉“自”，口语简称
1327-1,1327,开关、插座 > 其他开关插座 > 自复位开关,material,自复位按钮开关,点动按钮开关,medium,电气控制系统常用叫法
1327-1,1327,开关、插座 > 其他开关插座 > 自复位开关,material,自复位按钮开关,门铃按钮,low,传统门铃多采用自复位按钮，现场代称
1327-1,1327,开关、插座 > 其他开关插座 > 自复位开关,material,自复位按钮开关,自复位按钮,high,省略“开关”二字
1317-1,1317,开关、插座 > 开关插座 > 插卡取电开关,category,插卡取电开关,取电开关,high,插卡取电开关的简称，施工现场常用
1317-1,1317,开关、插座 > 开关插座 > 插卡取电开关,category,插卡取电开关,插卡开关,medium,省略“取电”，口语简称
1317-1,1317,开关、插座 > 开关插座 > 插卡取电开关,category,插卡取电开关,房卡开关,medium,酒店客房常用，强调房卡取电
1317-1,1317,开关、插座 > 开关插座 > 插卡取电开关,category,插卡取电开关,节能开关,medium,因其节能功能而得的别称
1317-1,1317,开关、插座 > 开关插座 > 插卡取电开关,material,光控式插卡节能开关,光控取电开关,medium,利用光控原理，口语简化叫法
1317-1,1317,开关、插座 > 开关插座 > 插卡取电开关,material,光控式插卡节能开关,光感取电开关,low,光控也称光感
1317-1,1317,开关、插座 > 开关插座 > 插卡取电开关,material,光电式(不带延时),不带延时光电开关,high,直接反映规格特征的口语叫法
1317-1,1317,开关、插座 > 开关插座 > 插卡取电开关,material,光电式(不带延时),普通光电取电开关,medium,以“普通”区分带延时功能
1317-1,1317,开关、插座 > 开关插座 > 插卡取电开关,material,光电式(带延时),延时光电开关,high,施工现场简称为延时光电
1317-1,1317,开关、插座 > 开关插座 > 插卡取电开关,material,光电式(带延时),带延时光电取电开关,medium,完整特征描述，口语中可能使用
1317-1,1317,开关、插座 > 开关插座 > 插卡取电开关,material,匙牌式(不带延时),不带延时匙牌开关,high,对应规格的口语叫法
1317-1,1317,开关、插座 > 开关插座 > 插卡取电开关,material,匙牌式(不带延时),钥匙牌取电开关,medium,匙牌即钥匙牌，通俗叫法
1317-1,1317,开关、插座 > 开关插座 > 插卡取电开关,material,匙牌式(带延时),延时匙牌开关,high,施工现场常见简称
1317-1,1317,开关、插座 > 开关插座 > 插卡取电开关,material,匙牌式(带延时),带延时匙牌取电开关,medium,完整特征描述，采购时可能使用
62-1,62,开关、插座 > 开关插座 > 普通面板开关,category,普通面板开关,墙壁开关,high,施工现场统称普通面板开关为墙壁开关
62-1,62,开关、插座 > 开关插座 > 普通面板开关,category,普通面板开关,开关面板,high,行业通用俗称
62-1,62,开关、插座 > 开关插座 > 普通面板开关,category,普通面板开关,面板开关,medium,采购口语常用
62-1,62,开关、插座 > 开关插座 > 普通面板开关,material,一位单开开关,单开开关,high,口语简称
62-1,62,开关、插座 > 开关插座 > 普通面板开关,material,一位单开开关,单联开关,high,行业称法
62-1,62,开关、插座 > 开关插座 > 普通面板开关,material,一位单开开关,一位开关,high,以位数称呼
62-1,62,开关、插座 > 开关插座 > 普通面板开关,material,一位单开开关,单控开关,medium,单控功能别称
62-1,62,开关、插座 > 开关插座 > 普通面板开关,material,按钮式(指甲)开关,指甲开关,high,施工现场口语，因按钮小需用指甲按压
62-1,62,开关、插座 > 开关插座 > 普通面板开关,material,按钮式(指甲)开关,按钮开关,high,通俗叫法
62-1,62,开关、插座 > 开关插座 > 普通面板开关,material,琴键式开关,琴键开关,high,简称
62-1,62,开关、插座 > 开关插座 > 普通面板开关,material,琴键式开关,钢琴键开关,medium,外形类似钢琴键
62-1,62,开关、插座 > 开关插座 > 普通面板开关,material,翘板式开关,大板开关,medium,常见大尺寸翘板，现场多称大板
62-1,62,开关、插座 > 开关插座 > 普通面板开关,material,触摸开关,触控开关,high,通用技术叫法
62-1,62,开关、插座 > 开关插座 > 普通面板开关,material,触摸开关,触摸面板,medium,面板式触摸开关简称
1320-1,1320,开关、插座 > 开关插座 > 电源插座,category,电源插座,插座,high,电源插座的最通用俗称
1320-1,1320,开关、插座 > 开关插座 > 电源插座,category,电源插座,强电插座,medium,区别于弱电信息插座的工程叫法
1320-1,1320,开关、插座 > 开关插座 > 电源插座,material,地面插座,地插,high,施工现场最常用简称
1320-1,1320,开关、插座 > 开关插座 > 电源插座,material,地面插座,地面插,medium,地插的全称简化
1320-1,1320,开关、插座 > 开关插座 > 电源插座,material,地面插座,地板插座,medium,安装在地板上的通俗叫法
1320-1,1320,开关、插座 > 开关插座 > 电源插座,material,工业防水插座,工业防水插,medium,省略名字的工地简称
1320-1,1320,开关、插座 > 开关插座 > 电源插座,material,工业防水插座,防水工业插座,low,强调防水性能的叫法
1320-1,1320,开关、插座 > 开关插座 > 电源插座,material,智能插座,WiFi插座,high,以连接方式代称的常见叫法
1320-1,1320,开关、插座 > 开关插座 > 电源插座,material,智能插座,远程插座,medium,强调远程控制功能
1320-1,1320,开关、插座 > 开关插座 > 电源插座,material,电源插座+USB插座,USB插座,high,以USB接口为主要特征的简称
1320-1,1320,开关、插座 > 开关插座 > 电源插座,material,电源插座+USB插座,带USB插座,high,强调附加功能的口语叫法
1320-1,1320,开关、插座 > 开关插座 > 电源插座,material,电源插座+USB插座,充电插座,medium,突出USB充电功能
1320-1,1320,开关、插座 > 开关插座 > 电源插座,material,防水插座,防溅插座,high,防水等级低时的常用叫法
1320-1,1320,开关、插座 > 开关插座 > 电源插座,material,防水插座,防水插,high,省略字的行业简称
1320-1,1320,开关、插座 > 开关插座 > 电源插座,material,防水插座,户外防水插座,medium,强调室外使用场景
1320-1,1320,开关、插座 > 开关插座 > 电源插座,material,防爆插座,防爆插,high,最简单的工地简称
1320-1,1320,开关、插座 > 开关插座 > 电源插座,material,防爆插座,防爆电源插座,medium,全称与简称之间的叫法
1320-1,1320,开关、插座 > 开关插座 > 电源插座,material,面板插座,墙壁插座,high,固定在墙体上的插座统称
1320-1,1320,开关、插座 > 开关插座 > 电源插座,material,面板插座,墙插,high,墙壁插座的双字简称
1320-1,1320,开关、插座 > 开关插座 > 电源插座,material,面板插座,86插座,medium,以86型底盒尺寸代称的行业叫法
1314-1,1314,开关、插座 > 开关插座 > 调光面板开关,category,调光面板开关,调光开关,high,调光面板开关的通用简称，适合泛指该类产品
1314-1,1314,开关、插座 > 开关插座 > 调光面板开关,category,调光面板开关,调光器面板,medium,将调光器和面板概念结合，口语中偶尔使用
1314-1,1314,开关、插座 > 开关插座 > 调光面板开关,material,旋钮式调光开关,旋钮调光器,high,强调旋钮操作方式，施工现场常用
1314-1,1314,开关、插座 > 开关插座 > 调光面板开关,material,旋钮式调光开关,旋转调光开关,high,描述通过旋转来调光，常见叫法
1314-1,1314,开关、插座 > 开关插座 > 调光面板开关,material,琴键式调光开关,按键调光开关,high,琴键式即按压式按键，现场多称按键调光
1314-1,1314,开关、插座 > 开关插座 > 调光面板开关,material,琴键式调光开关,琴键调光器,medium,保留琴键特征的口语化简称
1314-1,1314,开关、插座 > 开关插座 > 调光面板开关,material,触摸式调光开关,触摸调光器,high,去掉‘式’字的常用简称
1314-1,1314,开关、插座 > 开关插座 > 调光面板开关,material,触摸式调光开关,触控调光开关,high,触控与触摸语义接近，采购中常见
1314-1,1314,开关、插座 > 开关插座 > 调光面板开关,material,远红外线遥控调光开关,红外遥控调光开关,high,远红外线即红外，省略‘远’和‘线’的口语说法
1314-1,1314,开关、插座 > 开关插座 > 调光面板开关,material,远红外线遥控调光开关,遥控调光开关,medium,在红外是主流遥控方式时，直接简称为遥控调光
1316-1,1316,开关、插座 > 开关插座 > 调速面板开关,category,调速面板开关,调速面板,high,省略'开关'的简称
1316-1,1316,开关、插座 > 开关插座 > 调速面板开关,category,调速面板开关,风速面板,high,用于调节风量速度，现场叫法
1316-1,1316,开关、插座 > 开关插座 > 调速面板开关,category,调速面板开关,风机调速面板,high,直接关联风机调速功能
1316-1,1316,开关、插座 > 开关插座 > 调速面板开关,category,调速面板开关,风扇调速面板,high,民用风扇调速常用叫法
1316-1,1316,开关、插座 > 开关插座 > 调速面板开关,material,机械式风量调节开关,机械调速开关,high,明确机械结构调速
1316-1,1316,开关、插座 > 开关插座 > 调速面板开关,material,机械式风量调节开关,旋钮调速开关,medium,常见通过旋钮调节
1316-1,1316,开关、插座 > 开关插座 > 调速面板开关,material,机械式风量调节开关,分档调速器,medium,机械分档调节风速
1316-1,1316,开关、插座 > 开关插座 > 调速面板开关,material,机械式风量调节开关,机械风速开关,high,施工口语直接描述
1316-1,1316,开关、插座 > 开关插座 > 调速面板开关,material,液晶显示开关,液晶调速面板,medium,带液晶显示的调速面板
1316-1,1316,开关、插座 > 开关插座 > 调速面板开关,material,液晶显示开关,LCD 开关,medium,液晶显示英文缩写
1316-1,1316,开关、插座 > 开关插座 > 调速面板开关,material,液晶显示开关,数显调速开关,low,数字显示状态
1316-1,1316,开关、插座 > 开关插座 > 调速面板开关,material,电子式风量调节开关,电子调速开关,high,电子方式调节
1316-1,1316,开关、插座 > 开关插座 > 调速面板开关,material,电子式风量调节开关,无极调速开关,high,可无级连续调节
1316-1,1316,开关、插座 > 开关插座 > 调速面板开关,material,电子式风量调节开关,可控硅调速器,medium,常用电子调速技术
1316-1,1316,开关、插座 > 开关插座 > 调速面板开关,material,电子式风量调节开关,电子风速开关,high,施工简称
1316-1,1316,开关、插座 > 开关插座 > 调速面板开关,material,风扇调速开关,风扇调速器,high,最通用叫法
1316-1,1316,开关、插座 > 开关插座 > 调速面板开关,material,风扇调速开关,电扇调速开关,high,电扇调速的口语
1316-1,1316,开关、插座 > 开关插座 > 调速面板开关,material,风扇调速开关,风扇速度控制器,medium,完整功能描述简称
1316-1,1316,开关、插座 > 开关插座 > 调速面板开关,material,风扇调速开关,变速开关,medium,简单口语，多见于吊扇
1318-1,1318,开关、插座 > 开关插座 > 门铃，电铃开关,category,门铃，电铃开关,门铃开关,high,施工现场常用统称
1318-1,1318,开关、插座 > 开关插座 > 门铃，电铃开关,category,门铃，电铃开关,电铃开关,high,与类别名一致，用于电铃控制
1318-1,1318,开关、插座 > 开关插座 > 门铃，电铃开关,category,门铃，电铃开关,门铃按钮,medium,泛指门铃触发开关
1318-1,1318,开关、插座 > 开关插座 > 门铃，电铃开关,material,双音门铃,叮咚门铃,high,双音常见为叮咚声，采购俗称
1318-1,1318,开关、插座 > 开关插座 > 门铃，电铃开关,material,大跷板式门铃开关,大板门铃开关,medium,简称，强调大面板
1318-1,1318,开关、插座 > 开关插座 > 门铃，电铃开关,material,按钮式门铃开关,门铃按钮,high,最通用的现场叫法
1318-1,1318,开关、插座 > 开关插座 > 门铃，电铃开关,material,按钮式门铃开关,按钮开关,medium,省略门铃时的简称
1318-1,1318,开关、插座 > 开关插座 > 门铃，电铃开关,material,触摸式门铃开关,触摸门铃,high,省略开关二字
1318-1,1318,开关、插座 > 开关插座 > 门铃，电铃开关,material,触摸式门铃开关,触摸开关,medium,现场简化的说法
1326-2,1326,开关、插座 > 开关插座附件 > 开关、插座功能件,category,开关、插座功能件,内芯模块,medium,施工现场常将开关插座的可更换核心功能部件称为内芯或功能件模块
1326-2,1326,开关、插座 > 开关插座附件 > 开关、插座功能件,material,调速开关功能件,调速开关模块,high,采购或维修时直接以功能件模块称呼
1326-2,1326,开关、插座 > 开关插座附件 > 开关、插座功能件,material,调速开关功能件,风扇调速器模块,medium,明确用于风扇调速场景的俗称
1326-2,1326,开关、插座 > 开关插座附件 > 开关、插座功能件,material,踢脚线电力导轨,踢脚线电力轨道,high,行业内多将导轨称为轨道，尤其用于踢脚线安装的电力传输系统
1326-2,1326,开关、插座 > 开关插座附件 > 开关、插座功能件,material,踢脚线电力导轨,踢脚式轨道插座,medium,从功能形态上口语化描述的别称
1326-2,1326,开关、插座 > 开关插座附件 > 开关、插座功能件,material,门铃开关功能件,门铃按钮模块,high,施工现场多简化为模块或按钮
1326-2,1326,开关、插座 > 开关插座附件 > 开关、插座功能件,material,门铃开关功能件,门铃开关模块,medium,直接以功能模块命名的采购叫法
1326-2,1326,开关、插座 > 开关插座附件 > 开关、插座功能件,material,音频插座功能件,音频模块,medium,弱电施工中常将音频插座功能件简称为音频模块
1326-2,1326,开关、插座 > 开关插座附件 > 开关、插座功能件,material,风扇开关功能件,风扇开关模块,medium,指代控制风扇启停的功能件模块
1323-1,1323,开关、插座 > 排插/插头 > 电源插头,category,电源插头,插头,high,电源插头的通用简称
1323-1,1323,开关、插座 > 排插/插头 > 电源插头,category,电源插头,电源连接器插头,medium,较正式的行业叫法
1323-1,1323,开关、插座 > 排插/插头 > 电源插头,material,两头单相插头,两脚插头,high,施工现场口语，因有两个插脚
1323-1,1323,开关、插座 > 排插/插头 > 电源插头,material,两头单相插头,两爪插头,high,俗称，两个金属爪
1323-1,1323,开关、插座 > 排插/插头 > 电源插头,material,两头单相插头,二极插头,medium,电气行业简称，指L/N两极无接地
1323-1,1323,开关、插座 > 排插/插头 > 电源插头,material,三头单相插头,三脚插头,high,最常见的俗称，三个插脚
1323-1,1323,开关、插座 > 排插/插头 > 电源插头,material,三头单相插头,三爪插头,high,机械/安装师傅口语
1323-1,1323,开关、插座 > 排插/插头 > 电源插头,material,三头单相插头,单相三极插头,high,电气专业俗称，L/N/PE三极
1323-1,1323,开关、插座 > 排插/插头 > 电源插头,material,三头单相插头,带接地插头,medium,强调有接地脚的单相插头
1323-1,1323,开关、插座 > 排插/插头 > 电源插头,material,三相三极插头,三相三线插头,high,工业场合常用，三根相线
1323-1,1323,开关、插座 > 排插/插头 > 电源插头,material,三相三极插头,三芯工业插头,medium,电缆芯数对应的叫法
1323-1,1323,开关、插座 > 排插/插头 > 电源插头,material,三相三极插头,三相三爪插头,medium,根据插脚数的口语
1323-1,1323,开关、插座 > 排插/插头 > 电源插头,material,三相四极插头,三相四线插头,high,三根相线加一根零线
1323-1,1323,开关、插座 > 排插/插头 > 电源插头,material,三相四极插头,四爪插头,high,施工现场俗称
1323-1,1323,开关、插座 > 排插/插头 > 电源插头,material,三相四极插头,四芯工业插头,medium,强调芯数，常用于采购清单
1323-1,1323,开关、插座 > 排插/插头 > 电源插头,material,三相五极插头,三相五线插头,high,三根相线、零线、地线
1323-1,1323,开关、插座 > 排插/插头 > 电源插头,material,三相五极插头,五爪插头,high,常见口语叫法
1323-1,1323,开关、插座 > 排插/插头 > 电源插头,material,三相五极插头,五芯工业插头,medium,电缆对应五芯的插头
1324-2,1324,开关、插座 > 排插/插头 > 电源插座转换器,category,电源插座转换器,转换插头,high,电源插座转换器常被简称为转换插头
1324-2,1324,开关、插座 > 排插/插头 > 电源插座转换器,category,电源插座转换器,一拖多插座,medium,将一个插座扩展成多个的俗称
1324-2,1324,开关、插座 > 排插/插头 > 电源插座转换器,material,十二位三孔插座转换器,十二位转换器,high,省略“三孔插座”的简称
1324-2,1324,开关、插座 > 排插/插头 > 电源插座转换器,material,十二位三孔插座转换器,十二位三极转换器,medium,三孔也称三极
1324-2,1324,开关、插座 > 排插/插头 > 电源插座转换器,material,十位三孔插座转换器,十位转换器,high,施工现场常省略孔型和插座叫法
1324-2,1324,开关、插座 > 排插/插头 > 电源插座转换器,material,十位三孔插座转换器,十位三极转换器,medium,三极是三孔的别称
1324-2,1324,开关、插座 > 排插/插头 > 电源插座转换器,material,四位三孔插座转换器,四位转换器,high,当孔型明确时的口语简称
1324-2,1324,开关、插座 > 排插/插头 > 电源插座转换器,material,四位三孔插座转换器,4位三极转换器,medium,用数字和“三极”表述
1324-2,1324,开关、插座 > 排插/插头 > 电源插座转换器,material,四位二孔、二位三孔插座转换器,四二二三转换器,medium,四位二孔加二位三孔的数字简称
1324-2,1324,开关、插座 > 排插/插头 > 电源插座转换器,material,四位二孔、四位三孔插座转换器,四二四三转换器,medium,四位二孔加四位三孔的口语缩略
1324-2,1324,开关、插座 > 排插/插头 > 电源插座转换器,material,四位二孔插座转换器,四位二孔转换器,high,省略“插座”
1324-2,1324,开关、插座 > 排插/插头 > 电源插座转换器,material,四位二孔插座转换器,4孔二极转换器,medium,用数字和“二极”表述
1324-2,1324,开关、插座 > 排插/插头 > 电源插座转换器,material,地拖插座,地插,high,地面插座的简称，也称地拖插
1324-2,1324,开关、插座 > 排插/插头 > 电源插座转换器,material,地拖插座,地面插座,high,地拖插座的正式简称
225-1,225,弱电智能化系统及设备 > 信息设施系统 > LED显示及大屏拼接系统器材,material,LED屏,LED显示屏,high,行业内通用的正式全称
225-1,225,弱电智能化系统及设备 > 信息设施系统 > LED显示及大屏拼接系统器材,material,LED屏,LED大屏,high,强调大面积展示的常见叫法
225-1,225,弱电智能化系统及设备 > 信息设施系统 > LED显示及大屏拼接系统器材,material,LED屏,电子显示屏,medium,施工现场对LED显示设备的泛称
86-5,86,弱电智能化系统及设备 > 信息设施系统 > 信息网络系统,category,信息网络系统,网络系统,medium,信息网络系统的简称，现场常直接称网络系统
86-5,86,弱电智能化系统及设备 > 信息设施系统 > 信息网络系统,category,信息网络系统,IT网络系统,medium,信息化网络系统的简称，在弱电集成项目中常见
86-5,86,弱电智能化系统及设备 > 信息设施系统 > 信息网络系统,material,计算机网络局域网系统,局域网系统,high,计算机网络局域网系统的直接简称
86-5,86,弱电智能化系统及设备 > 信息设施系统 > 信息网络系统,material,计算机网络局域网系统,LAN系统,high,英文Local Area Network的缩写，技术文档和口语常用
86-5,86,弱电智能化系统及设备 > 信息设施系统 > 信息网络系统,material,计算机网络局域网系统,内网系统,medium,对局域网的口语化称呼
86-5,86,弱电智能化系统及设备 > 信息设施系统 > 信息网络系统,material,计算机网络广域网系统,广域网系统,high,直接简称
86-5,86,弱电智能化系统及设备 > 信息设施系统 > 信息网络系统,material,计算机网络广域网系统,WAN系统,high,英文Wide Area Network的缩写
86-5,86,弱电智能化系统及设备 > 信息设施系统 > 信息网络系统,material,调制解调器,猫,high,英文Modem的音译俗称，现场最常用
86-5,86,弱电智能化系统及设备 > 信息设施系统 > 信息网络系统,material,调制解调器,Modem,high,英文原词，技术员和采购单常见
86-5,86,弱电智能化系统及设备 > 信息设施系统 > 信息网络系统,material,路由器,路由,high,口语中常省略‘器’字
86-5,86,弱电智能化系统及设备 > 信息设施系统 > 信息网络系统,material,路由器,路由设备,medium,分类统称，尤其在清单中
86-5,86,弱电智能化系统及设备 > 信息设施系统 > 信息网络系统,material,铁路专用计算机,铁路工控机,medium,铁路行业常将专用计算机称为工控机
86-5,86,弱电智能化系统及设备 > 信息设施系统 > 信息网络系统,material,铁路专用计算机,轨旁计算机,medium,指铁路轨道旁的专用计算设备
86-5,86,弱电智能化系统及设备 > 信息设施系统 > 信息网络系统,material,键鼠套装,键鼠,high,键盘鼠标的简称，采购中极常用
86-5,86,弱电智能化系统及设备 > 信息设施系统 > 信息网络系统,material,键鼠套装,键盘鼠标套装,high,全称，有时用于书面语
86-5,86,弱电智能化系统及设备 > 信息设施系统 > 信息网络系统,material,防火墙,FW,high,Firewall的英文缩写，在网络拓扑图和配置中常用
86-5,86,弱电智能化系统及设备 > 信息设施系统 > 信息网络系统,material,防火墙,安全网关,medium,突出安全防护功能的别称，尤其在高端产品中
86-5,86,弱电智能化系统及设备 > 信息设施系统 > 信息网络系统,material,静态滑轨套件,机柜滑轨,medium,明确安装场景的简称
86-5,86,弱电智能化系统及设备 > 信息设施系统 > 信息网络系统,material,静态滑轨套件,固定滑轨,high,静态滑轨即固定式滑轨，口语中直接叫固定滑轨
86-5,86,弱电智能化系统及设备 > 信息设施系统 > 信息网络系统,material,静态滑轨套件,导轨,medium,行业内对滑轨类配件的泛称
86-5,86,弱电智能化系统及设备 > 信息设施系统 > 信息网络系统,material,面板AP,墙面AP,high,基于安装方式的别称
86-5,86,弱电智能化系统及设备 > 信息设施系统 > 信息网络系统,material,面板AP,入墙式AP,high,强调嵌入墙体的安装形式
86-5,86,弱电智能化系统及设备 > 信息设施系统 > 信息网络系统,material,面板AP,面板式无线AP,medium,全称，技术文档常见
86-5,86,弱电智能化系统及设备 > 信息设施系统 > 信息网络系统,material,风光雨模块,风光雨传感器,low,模块本质是传感器，部分采购单中混用
161-1,161,弱电智能化系统及设备 > 信息设施系统 > 公共广播系统,category,公共广播系统,PA系统,high,公共广播的英文缩写，采购中常用
161-1,161,弱电智能化系统及设备 > 信息设施系统 > 公共广播系统,category,公共广播系统,背景音乐系统,medium,公共广播常集成背景音乐功能，口语混用
161-1,161,弱电智能化系统及设备 > 信息设施系统 > 公共广播系统,material,吸顶式音箱,吸顶喇叭,high,施工和采购中最通用叫法
161-1,161,弱电智能化系统及设备 > 信息设施系统 > 公共广播系统,material,吸顶式音箱,天花喇叭,medium,常用于装修行业的口语
161-1,161,弱电智能化系统及设备 > 信息设施系统 > 公共广播系统,material,吸顶式音箱,天花音箱,medium,口语化简称
161-1,161,弱电智能化系统及设备 > 信息设施系统 > 公共广播系统,material,壁挂式音箱,壁挂喇叭,high,现场常用叫法
161-1,161,弱电智能化系统及设备 > 信息设施系统 > 公共广播系统,material,壁挂式音箱,挂墙音箱,medium,口语简称
161-1,161,弱电智能化系统及设备 > 信息设施系统 > 公共广播系统,material,壁挂式音箱,挂壁音箱,medium,采购清单中常见称呼
1679-1,1679,弱电智能化系统及设备 > 信息设施系统 > 同声传译设备及器材,category,同声传译设备及器材,同传设备,high,同声传译设备简称
1679-1,1679,弱电智能化系统及设备 > 信息设施系统 > 同声传译设备及器材,category,同声传译设备及器材,同声翻译设备,medium,口语中常称同声翻译
1679-1,1679,弱电智能化系统及设备 > 信息设施系统 > 同声传译设备及器材,material,无线同声传译,无线同传,high,无线同声传译的简称
1679-1,1679,弱电智能化系统及设备 > 信息设施系统 > 同声传译设备及器材,material,无线同声传译,无线同声翻译,medium,同声传译也叫同声翻译
1679-1,1679,弱电智能化系统及设备 > 信息设施系统 > 同声传译设备及器材,material,有线同声传译,有线同传,high,有线同声传译的简称
1679-1,1679,弱电智能化系统及设备 > 信息设施系统 > 同声传译设备及器材,material,有线同声传译,有线同声翻译,medium,同声传译也叫同声翻译
1679-1,1679,弱电智能化系统及设备 > 信息设施系统 > 同声传译设备及器材,material,直接感应式同声传译,感应同传,low,直接感应式简称感应式
1679-1,1679,弱电智能化系统及设备 > 信息设施系统 > 同声传译设备及器材,material,直接感应式同声传译,磁感应同传,low,可能基于电磁感应技术
1676-1,1676,弱电智能化系统及设备 > 信息设施系统 > 微波无线接入设备,category,微波无线接入设备,微波接入设备,high,行业内对微波无线接入设备的简称
1676-1,1676,弱电智能化系统及设备 > 信息设施系统 > 微波无线接入设备,category,微波无线接入设备,无线微波设备,medium,口语中常将微波无线设备称为无线微波
1676-1,1676,弱电智能化系统及设备 > 信息设施系统 > 微波无线接入设备,material,微波宽带无线接入系统基站设备,宽带微波基站,high,工程口语中对宽带微波基站的简称
1676-1,1676,弱电智能化系统及设备 > 信息设施系统 > 微波无线接入设备,material,微波宽带无线接入系统基站设备,微波宽带基站,high,采购清单中常见叫法
1676-1,1676,弱电智能化系统及设备 > 信息设施系统 > 微波无线接入设备,material,微波宽带无线接入系统用户站设备,宽带微波用户站,high,施工现场常称用户站为用户站
1676-1,1676,弱电智能化系统及设备 > 信息设施系统 > 微波无线接入设备,material,微波宽带无线接入系统用户站设备,微波宽带CPE,medium,CPE是用户端设备的通用称呼
1676-1,1676,弱电智能化系统及设备 > 信息设施系统 > 微波无线接入设备,material,微波窄带无线接入系统基站设备,窄带微波基站,high,用以区分宽带，口语简化
1676-1,1676,弱电智能化系统及设备 > 信息设施系统 > 微波无线接入设备,material,微波窄带无线接入系统基站设备,微波窄带基站,high,技术文档中常见
1676-1,1676,弱电智能化系统及设备 > 信息设施系统 > 微波无线接入设备,material,微波窄带无线接入系统用户站设备,窄带微波用户站,high,对应窄带系统的用户端
1676-1,1676,弱电智能化系统及设备 > 信息设施系统 > 微波无线接入设备,material,微波窄带无线接入系统用户站设备,微波窄带远端,medium,远端站是常见说法
160-1,160,弱电智能化系统及设备 > 信息设施系统 > 有线电视、卫星电视系统,category,有线电视、卫星电视系统,有线电视与卫星电视,medium,该细类的全称变体
160-1,160,弱电智能化系统及设备 > 信息设施系统 > 有线电视、卫星电视系统,material,卫星电视系统,卫星电视,high,简称
160-1,160,弱电智能化系统及设备 > 信息设施系统 > 有线电视、卫星电视系统,material,卫星电视系统,卫视系统,medium,常用口语叫法
160-1,160,弱电智能化系统及设备 > 信息设施系统 > 有线电视、卫星电视系统,material,有线电视光接收机,光机,high,施工现场口语简称
160-1,160,弱电智能化系统及设备 > 信息设施系统 > 有线电视、卫星电视系统,material,有线电视光接收机,光接收机,high,省略'有线电视'的简称
160-1,160,弱电智能化系统及设备 > 信息设施系统 > 有线电视、卫星电视系统,material,有线电视系统,CATV系统,high,行业英文简称通用叫法
160-1,160,弱电智能化系统及设备 > 信息设施系统 > 有线电视、卫星电视系统,material,有线电视系统,有线电视,high,口语简称
1678-1,1678,弱电智能化系统及设备 > 信息设施系统 > 终端显示设备,category,终端显示设备,显示终端,medium,行业统称各类显示终端
1678-1,1678,弱电智能化系统及设备 > 信息设施系统 > 终端显示设备,category,终端显示设备,显示器,medium,施工现场口语泛称终端显示设备
1678-1,1678,弱电智能化系统及设备 > 信息设施系统 > 终端显示设备,category,终端显示设备,显示屏,medium,施工现场口语泛称
1678-1,1678,弱电智能化系统及设备 > 信息设施系统 > 终端显示设备,material,图像显示终端,图像显示器,medium,行业简称
1678-1,1678,弱电智能化系统及设备 > 信息设施系统 > 终端显示设备,material,图形显示终端,图形显示器,medium,行业简称
1678-1,1678,弱电智能化系统及设备 > 信息设施系统 > 终端显示设备,material,字符显示终端,字符终端,high,常见叫法
1678-1,1678,弱电智能化系统及设备 > 信息设施系统 > 终端显示设备,material,汉字显示终端,汉字终端,high,常见叫法
1678-1,1678,弱电智能化系统及设备 > 信息设施系统 > 终端显示设备,material,汉字显示终端,中文终端,medium,支持汉字显示的终端
88-2,88,弱电智能化系统及设备 > 公共安全系统 > 停车库(场)管理系统,category,停车库(场)管理系统,停车场管理系统,high,行业内常简称为停车场管理系统或停车管理系统
88-2,88,弱电智能化系统及设备 > 公共安全系统 > 停车库(场)管理系统,category,停车库(场)管理系统,停车库系统,medium,对于室内停车库管理系统，常简称为停车库系统
88-2,88,弱电智能化系统及设备 > 公共安全系统 > 停车库(场)管理系统,material,车位查询器,寻车查询机,high,在反向寻车系统中，常用于查询车辆位置的终端
88-2,88,弱电智能化系统及设备 > 公共安全系统 > 停车库(场)管理系统,material,车位查询器,车位引导查询终端,medium,集成车位引导与查询功能的设备口语叫法
88-2,88,弱电智能化系统及设备 > 公共安全系统 > 停车库(场)管理系统,material,车位计数器,车辆计数器,high,计数进出车辆或车位占用数量
88-2,88,弱电智能化系统及设备 > 公共安全系统 > 停车库(场)管理系统,material,车位计数器,车位计数仪,medium,专用计数设备的口语称呼
88-2,88,弱电智能化系统及设备 > 公共安全系统 > 停车库(场)管理系统,material,软件狗,加密狗,high,最通用的加密硬件俗称
88-2,88,弱电智能化系统及设备 > 公共安全系统 > 停车库(场)管理系统,material,软件狗,软件加密狗,high,全称口语叫法
88-2,88,弱电智能化系统及设备 > 公共安全系统 > 停车库(场)管理系统,material,软件狗,USB Key,medium,当接口为USB时常称USB Key
88-2,88,弱电智能化系统及设备 > 公共安全系统 > 停车库(场)管理系统,material,通过信号灯,通行灯,high,指示车辆能否通过的灯具
88-2,88,弱电智能化系统及设备 > 公共安全系统 > 停车库(场)管理系统,material,通过信号灯,红绿灯,high,通常显示红绿两色，约定俗成叫法
88-2,88,弱电智能化系统及设备 > 公共安全系统 > 停车库(场)管理系统,material,通过信号灯,道闸指示灯,medium,安装在道闸周边，常伴随叫法
88-2,88,弱电智能化系统及设备 > 公共安全系统 > 停车库(场)管理系统,material,闪光灯,补光灯,high,夜间或光线不足时补光，口语叫补光灯
88-2,88,弱电智能化系统及设备 > 公共安全系统 > 停车库(场)管理系统,material,闪光灯,抓拍闪光灯,high,配合车牌识别抓拍瞬间闪光
88-2,88,弱电智能化系统及设备 > 公共安全系统 > 停车库(场)管理系统,material,闪光灯,LED频闪灯,medium,采用LED光源，常称为频闪灯
88-2,88,弱电智能化系统及设备 > 公共安全系统 > 停车库(场)管理系统,material,闸杆,道闸杆,high,道闸的杆状部件，现场口语常用
88-2,88,弱电智能化系统及设备 > 公共安全系统 > 停车库(场)管理系统,material,闸杆,栏杆,high,简洁的叫法
88-2,88,弱电智能化系统及设备 > 公共安全系统 > 停车库(场)管理系统,material,闸杆,挡车杆,high,阻挡车辆通行的杆子
88-2,88,弱电智能化系统及设备 > 公共安全系统 > 停车库(场)管理系统,material,闸杆,横杆,medium,形状描述叫法
1685-1,1685,弱电智能化系统及设备 > 公共安全系统 > 其他安防设备,material,地面监控系统,工地地面监控,medium,施工现场强调工地场景
1685-1,1685,弱电智能化系统及设备 > 公共安全系统 > 其他安防设备,material,塔吊防碰撞系统,塔吊防撞系统,high,省略碰撞，口语与书面常用
1685-1,1685,弱电智能化系统及设备 > 公共安全系统 > 其他安防设备,material,塔吊防碰撞系统,塔吊碰撞预警,medium,突出预警功能
1685-1,1685,弱电智能化系统及设备 > 公共安全系统 > 其他安防设备,material,塔吊防碰撞系统,塔吊群防碰撞,medium,多塔吊协同防撞叫法
1685-1,1685,弱电智能化系统及设备 > 公共安全系统 > 其他安防设备,material,程控调度通讯设备,调度电话系统,high,从功能角度称呼
1685-1,1685,弱电智能化系统及设备 > 公共安全系统 > 其他安防设备,material,程控调度通讯设备,程控调度机,high,硬件设备的简称
1685-1,1685,弱电智能化系统及设备 > 公共安全系统 > 其他安防设备,material,程控调度通讯设备,调度总机,medium,现场口语化叫法
1685-1,1685,弱电智能化系统及设备 > 公共安全系统 > 其他安防设备,material,访客系统,访客机,high,硬件终端通俗叫法
1685-1,1685,弱电智能化系统及设备 > 公共安全系统 > 其他安防设备,material,访客系统,访客登记系统,high,功能性描述别名
1685-1,1685,弱电智能化系统及设备 > 公共安全系统 > 其他安防设备,material,访客系统,智能访客系统,medium,市场常见营销名称
1684-1,1684,弱电智能化系统及设备 > 公共安全系统 > 出入口控制设备,material,出入口刷卡控制器,门禁控制器,high,行业通称，指通过刷卡信号控制门禁的控制器
1684-1,1684,弱电智能化系统及设备 > 公共安全系统 > 出入口控制设备,material,出入口刷卡控制器,刷卡门禁控制器,medium,强调刷卡方式的完整叫法
1684-1,1684,弱电智能化系统及设备 > 公共安全系统 > 出入口控制设备,material,出入口刷卡控制器,门禁主机,high,在工程采购和施工中常将核心控制器称为主机
1684-1,1684,弱电智能化系统及设备 > 公共安全系统 > 出入口控制设备,material,出入口刷卡控制器,门禁控制板,medium,指控制电路板，现场口语常见
1690-3,1690,弱电智能化系统及设备 > 其他智能化设备 > 其他智能化设备,category,其他智能化设备,喇叭,medium,施工现场常将音箱、音柱等发声设备统称为喇叭，易混淆
1690-3,1690,弱电智能化系统及设备 > 其他智能化设备 > 其他智能化设备,material,音响系统,音响设备,high,同义泛称，采购及施工中常用
1690-3,1690,弱电智能化系统及设备 > 其他智能化设备 > 其他智能化设备,material,音响系统,扩声系统,medium,强调声音放大功能，技术场合使用较多
1690-3,1690,弱电智能化系统及设备 > 其他智能化设备 > 其他智能化设备,material,音柱扬声器,音柱,high,最常见的简称，施工及清单中大量使用
1690-3,1690,弱电智能化系统及设备 > 其他智能化设备 > 其他智能化设备,material,音柱扬声器,声柱,medium,行业内传统叫法，部分项目清单仍沿用
1690-3,1690,弱电智能化系统及设备 > 其他智能化设备 > 其他智能化设备,material,麦克风,话筒,high,中文标准名称，施工现场普遍使用
1690-3,1690,弱电智能化系统及设备 > 其他智能化设备 > 其他智能化设备,material,麦克风,麦克,high,麦克风的简称，口语极常见
1690-3,1690,弱电智能化系统及设备 > 其他智能化设备 > 其他智能化设备,material,麦克风,咪头,medium,部分方言区或工程队对拾音头的俗称
1682-1,1682,弱电智能化系统及设备 > 楼宇智能化系统 > 楼宇多表远传系统,category,楼宇多表远传系统,远传抄表系统,high,楼宇多表远传系统的通用简称
1682-1,1682,弱电智能化系统及设备 > 楼宇智能化系统 > 楼宇多表远传系统,category,楼宇多表远传系统,多表远传系统,high,口语中常省略楼宇二字
1682-1,1682,弱电智能化系统及设备 > 楼宇智能化系统 > 楼宇多表远传系统,category,楼宇多表远传系统,集抄系统,high,集中抄表系统的简称，常用于该大类
1682-1,1682,弱电智能化系统及设备 > 楼宇智能化系统 > 楼宇多表远传系统,material,电力载波集中抄表系统,载波抄表系统,high,电力载波集中抄表系统的简称
1682-1,1682,弱电智能化系统及设备 > 楼宇智能化系统 > 楼宇多表远传系统,material,电力载波集中抄表系统,电力线载波集抄,high,施工现场常简称为电力线载波集抄
1682-1,1682,弱电智能化系统及设备 > 楼宇智能化系统 > 楼宇多表远传系统,material,电力载波集中抄表系统,载波集抄,high,口语中进一步简化
1682-1,1682,弱电智能化系统及设备 > 楼宇智能化系统 > 楼宇多表远传系统,material,电力载波集中抄表系统,PLC集抄系统,medium,使用电力线载波(PLC)的集中抄表系统
1682-1,1682,弱电智能化系统及设备 > 楼宇智能化系统 > 楼宇多表远传系统,material,集中式远程总线抄表系统,总线式抄表系统,high,基于总线的抄表系统简称
1682-1,1682,弱电智能化系统及设备 > 楼宇智能化系统 > 楼宇多表远传系统,material,集中式远程总线抄表系统,远程总线集抄,medium,远程总线集中抄表的简称
1682-1,1682,弱电智能化系统及设备 > 楼宇智能化系统 > 楼宇多表远传系统,material,集中式远程总线抄表系统,RS485抄表系统,medium,常用RS485总线实现，常被口语化称呼
1682-1,1682,弱电智能化系统及设备 > 楼宇智能化系统 > 楼宇多表远传系统,material,集中式远程总线抄表系统,现场总线抄表,medium,采用现场总线方式的抄表系统
1681-1,1681,弱电智能化系统及设备 > 楼宇智能化系统 > 楼宇自控系统,category,楼宇自控系统,楼控系统,high,楼宇自控系统的简称
1681-1,1681,弱电智能化系统及设备 > 楼宇智能化系统 > 楼宇自控系统,category,楼宇自控系统,BAS,high,Building Automation System缩写
1681-1,1681,弱电智能化系统及设备 > 楼宇智能化系统 > 楼宇自控系统,category,楼宇自控系统,楼宇自动化系统,high,全称替代叫法
1681-1,1681,弱电智能化系统及设备 > 楼宇智能化系统 > 楼宇自控系统,material,保安巡更签到系统,电子巡更系统,high,强调电子化签到
1681-1,1681,弱电智能化系统及设备 > 楼宇智能化系统 > 楼宇自控系统,material,保安巡更签到系统,巡更系统,high,日常口语简称
1681-1,1681,弱电智能化系统及设备 > 楼宇智能化系统 > 楼宇自控系统,material,保安巡更签到系统,保安巡更系统,medium,省略签到
1681-1,1681,弱电智能化系统及设备 > 楼宇智能化系统 > 楼宇自控系统,material,停车场自动化管理系统,停车场管理系统,high,行业通用简称
1681-1,1681,弱电智能化系统及设备 > 楼宇智能化系统 > 楼宇自控系统,material,停车场自动化管理系统,道闸系统,medium,以核心设备指代整个系统
1681-1,1681,弱电智能化系统及设备 > 楼宇智能化系统 > 楼宇自控系统,material,停车场自动化管理系统,停车场收费系统,medium,侧重于收费功能
1681-1,1681,弱电智能化系统及设备 > 楼宇智能化系统 > 楼宇自控系统,material,公共机电设备集中控制系统,设备集控系统,medium,施工现场简称
1681-1,1681,弱电智能化系统及设备 > 楼宇智能化系统 > 楼宇自控系统,material,公共机电设备集中控制系统,机电集控系统,medium,强调机电设备集中控制
1681-1,1681,弱电智能化系统及设备 > 楼宇智能化系统 > 楼宇自控系统,material,出入口管理控制系统,门禁系统,high,最广泛使用的俗称
1681-1,1681,弱电智能化系统及设备 > 楼宇智能化系统 > 楼宇自控系统,material,出入口管理控制系统,出入口控制系统,high,行业标准简称
1681-1,1681,弱电智能化系统及设备 > 楼宇智能化系统 > 楼宇自控系统,material,周边防盗报警系统,周界报警系统,high,安防行业标准叫法
1681-1,1681,弱电智能化系统及设备 > 楼宇智能化系统 > 楼宇自控系统,material,周边防盗报警系统,周界防盗系统,high,通俗叫法
1681-1,1681,弱电智能化系统及设备 > 楼宇智能化系统 > 楼宇自控系统,material,周边防盗报警系统,红外对射报警,medium,以主要设备指代，施工现场常用
1681-1,1681,弱电智能化系统及设备 > 楼宇智能化系统 > 楼宇自控系统,material,家庭防盗报警系统,家居报警系统,high,家庭安防简称
1681-1,1681,弱电智能化系统及设备 > 楼宇智能化系统 > 楼宇自控系统,material,家庭防盗报警系统,住宅防盗报警,medium,地产行业常用
1681-1,1681,弱电智能化系统及设备 > 楼宇智能化系统 > 楼宇自控系统,material,家庭防盗报警系统,家庭安防系统,medium,包含防盗在内的综合叫法
1681-1,1681,弱电智能化系统及设备 > 楼宇智能化系统 > 楼宇自控系统,material,小区保安监控中心系统,监控中心,high,日常简称
1681-1,1681,弱电智能化系统及设备 > 楼宇智能化系统 > 楼宇自控系统,material,小区保安监控中心系统,安防中心,medium,保安监控的统称
1681-1,1681,弱电智能化系统及设备 > 楼宇智能化系统 > 楼宇自控系统,material,小区保安监控中心系统,安保监控室,medium,口语化叫法
1681-1,1681,弱电智能化系统及设备 > 楼宇智能化系统 > 楼宇自控系统,material,小区物业管理中心系统,物业管理系统,high,通用简称
1681-1,1681,弱电智能化系统及设备 > 楼宇智能化系统 > 楼宇自控系统,material,小区物业管理中心系统,物业管理平台,medium,信息化叫法
1681-1,1681,弱电智能化系统及设备 > 楼宇智能化系统 > 楼宇自控系统,material,小区物业管理中心系统,智慧物业系统,medium,近年流行称谓
1681-1,1681,弱电智能化系统及设备 > 楼宇智能化系统 > 楼宇自控系统,material,数据信息网络系统,网络系统,high,施工现场口语简称
1681-1,1681,弱电智能化系统及设备 > 楼宇智能化系统 > 楼宇自控系统,material,数据信息网络系统,局域网系统,medium,常见组网叫法
1681-1,1681,弱电智能化系统及设备 > 楼宇智能化系统 > 楼宇自控系统,material,数据信息网络系统,数据网络,medium,省略信息
1681-1,1681,弱电智能化系统及设备 > 楼宇智能化系统 > 楼宇自控系统,material,楼宇可视对讲系统,可视对讲,high,最常用简称
1681-1,1681,弱电智能化系统及设备 > 楼宇智能化系统 > 楼宇自控系统,material,楼宇可视对讲系统,楼宇对讲,high,省略可视
1681-1,1681,弱电智能化系统及设备 > 楼宇智能化系统 > 楼宇自控系统,material,楼宇可视对讲系统,门铃对讲,medium,通俗叫法
1681-1,1681,弱电智能化系统及设备 > 楼宇智能化系统 > 楼宇自控系统,material,水电煤气远程抄表计费系统,远程抄表系统,high,通用简称
1681-1,1681,弱电智能化系统及设备 > 楼宇智能化系统 > 楼宇自控系统,material,水电煤气远程抄表计费系统,三表远传系统,high,传统叫法，指水电气三表
1681-1,1681,弱电智能化系统及设备 > 楼宇智能化系统 > 楼宇自控系统,material,水电煤气远程抄表计费系统,自动抄表系统,medium,强调自动化
1681-1,1681,弱电智能化系统及设备 > 楼宇智能化系统 > 楼宇自控系统,material,水电煤气远程抄表计费系统,智能抄表系统,medium,智能化叫法
1681-1,1681,弱电智能化系统及设备 > 楼宇智能化系统 > 楼宇自控系统,material,老幼病患远程看护系统,远程看护系统,high,省略人群描述
1681-1,1681,弱电智能化系统及设备 > 楼宇智能化系统 > 楼宇自控系统,material,老幼病患远程看护系统,特殊人群看护,medium,行业常用概括
1681-1,1681,弱电智能化系统及设备 > 楼宇智能化系统 > 楼宇自控系统,material,语音传真服务系统,语音传真系统,high,省略服务
1681-1,1681,弱电智能化系统及设备 > 楼宇智能化系统 > 楼宇自控系统,material,语音传真服务系统,传真语音系统,medium,语序变化
1681-1,1681,弱电智能化系统及设备 > 楼宇智能化系统 > 楼宇自控系统,material,远程医疗保健服务系统,远程医疗系统,high,核心功能简称
1681-1,1681,弱电智能化系统及设备 > 楼宇智能化系统 > 楼宇自控系统,material,远程医疗保健服务系统,远程保健系统,medium,侧重保健
1681-1,1681,弱电智能化系统及设备 > 楼宇智能化系统 > 楼宇自控系统,material,闭路电视监控系统,闭路监控系统,high,行业标准简称
1681-1,1681,弱电智能化系统及设备 > 楼宇智能化系统 > 楼宇自控系统,material,闭路电视监控系统,CCTV系统,high,"英文缩写, 工程常用"
1681-1,1681,弱电智能化系统及设备 > 楼宇智能化系统 > 楼宇自控系统,material,闭路电视监控系统,视频监控系统,high,当前更通用叫法
159-4,159,弱电智能化系统及设备 > 楼宇智能化系统 > 门禁系统,material,门禁读卡器,读卡头,high,施工现场常称读卡头
159-4,159,弱电智能化系统及设备 > 楼宇智能化系统 > 门禁系统,material,门禁读卡器,读卡器,high,简称读卡器
159-4,159,弱电智能化系统及设备 > 楼宇智能化系统 > 门禁系统,material,门禁读卡器,感应读卡器,medium,根据感应方式叫法
159-4,159,弱电智能化系统及设备 > 楼宇智能化系统 > 门禁系统,material,防火门门磁开关,门磁开关,high,省略防火门，通用叫法
159-4,159,弱电智能化系统及设备 > 楼宇智能化系统 > 门禁系统,material,防火门门磁开关,防火门门磁,medium,简称
159-4,159,弱电智能化系统及设备 > 楼宇智能化系统 > 门禁系统,material,防火门门磁开关,常闭门磁,medium,状态描述，常用于现场
159-4,159,弱电智能化系统及设备 > 楼宇智能化系统 > 门禁系统,material,集线器,HUB,high,英文俗称
159-4,159,弱电智能化系统及设备 > 楼宇智能化系统 > 门禁系统,material,集线器,多端口集线器,low,功能描述性俗称
159-4,159,弱电智能化系统及设备 > 楼宇智能化系统 > 门禁系统,material,非接触卡,感应卡,high,最常用俗称
159-4,159,弱电智能化系统及设备 > 楼宇智能化系统 > 门禁系统,material,非接触卡,射频卡,high,基于射频技术
159-4,159,弱电智能化系统及设备 > 楼宇智能化系统 > 门禁系统,material,非接触卡,非接触IC卡,medium,完整口语表达
1518-1,1518,成型构件及加工件 > 成型加工件 > 机械设备安装用加工件,category,机械设备安装用加工件,垫片,high,可同时指垫圈和垫板，安装现场常混用
1518-1,1518,成型构件及加工件 > 成型加工件 > 机械设备安装用加工件,material,垫圈,华司,high,英文washer的音译，五金和机械采购中常用
1518-1,1518,成型构件及加工件 > 成型加工件 > 机械设备安装用加工件,material,垫板(片),垫铁,high,设备安装中用于支撑和调整水平的垫板常叫垫铁
1518-1,1518,成型构件及加工件 > 成型加工件 > 机械设备安装用加工件,material,垫板(片),垫块,medium,方形垫板的口语叫法
1518-1,1518,成型构件及加工件 > 成型加工件 > 机械设备安装用加工件,material,挡板,挡块,medium,用于阻挡的小型挡板常叫挡块
1518-1,1518,成型构件及加工件 > 成型加工件 > 机械设备安装用加工件,material,挡板,限位板,medium,用于限制位置的挡板
1518-1,1518,成型构件及加工件 > 成型加工件 > 机械设备安装用加工件,material,支承环,支撑环,high,支承与支撑常混用，指同一类环状支撑件
1518-1,1518,成型构件及加工件 > 成型加工件 > 机械设备安装用加工件,material,钢垫板,钢垫片,high,钢制垫板的别称
1518-1,1518,成型构件及加工件 > 成型加工件 > 机械设备安装用加工件,material,钢垫板,铁垫板,medium,口语常将钢质垫板称为铁垫板
1514-1,1514,成型构件及加工件 > 成型加工件 > 漏斗,material,87型雨水斗,87斗,high,施工现场常用简称
1514-1,1514,成型构件及加工件 > 成型加工件 > 漏斗,material,87型雨水斗,87型斗,high,省略雨水二字的口语叫法
1514-1,1514,成型构件及加工件 > 成型加工件 > 漏斗,material,挑檐漏斗,檐口漏斗,medium,挑檐部位俗称檐口，用于檐口的漏斗
1514-1,1514,成型构件及加工件 > 成型加工件 > 漏斗,material,雨水斗,落水斗,medium,雨水斗的俗称，落水即雨水
1514-1,1514,成型构件及加工件 > 成型加工件 > 漏斗,material,雨水斗,屋顶雨水斗,medium,强调屋顶安装场景的叫法
1514-1,1514,成型构件及加工件 > 成型加工件 > 漏斗,material,雨水漏斗,集水漏斗,low,漏斗状集水功能的口语描述
1516-1,1516,成型构件及加工件 > 成型加工件 > 翻边短管,category,翻边短管,翻边短节,high,翻边短管在采购与施工中常被简称为翻边短节
1516-1,1516,成型构件及加工件 > 成型加工件 > 翻边短管,category,翻边短管,翻边管,high,口语或单据中常省略‘短’字直接称为翻边管
1516-1,1516,成型构件及加工件 > 成型加工件 > 翻边短管,material,不锈钢翻边短管,不锈钢翻边短节,high,加材质前缀的简称
1516-1,1516,成型构件及加工件 > 成型加工件 > 翻边短管,material,不锈钢翻边短管,不锈钢翻边管,medium,省略‘短’字的通用叫法
1516-1,1516,成型构件及加工件 > 成型加工件 > 翻边短管,material,铜翻边短管,铜翻边短节,high,加材质前缀的简称
1516-1,1516,成型构件及加工件 > 成型加工件 > 翻边短管,material,铝翻边短管,铝翻边短节,high,加材质前缀的简称
1516-1,1516,成型构件及加工件 > 成型加工件 > 翻边短管,material,铸铁翻边短管,铸铁翻边短节,high,加材质前缀的简称
32-1,32,成型构件及加工件 > 成型构件 > 水箱,category,水箱,储水箱,high,通用口语叫法
32-1,32,成型构件及加工件 > 成型构件 > 水箱,category,水箱,水罐,medium,小型水箱常称水罐
32-1,32,成型构件及加工件 > 成型构件 > 水箱,material,不锈钢水箱,不锈钢水罐,high,施工现场俗称
32-1,32,成型构件及加工件 > 成型构件 > 水箱,material,不锈钢水箱,304水箱,medium,常用不锈钢牌号
32-1,32,成型构件及加工件 > 成型构件 > 水箱,material,塑料水箱,PE水箱,high,材质为聚乙烯，常见叫法
32-1,32,成型构件及加工件 > 成型构件 > 水箱,material,塑料水箱,塑料水罐,medium,口语
32-1,32,成型构件及加工件 > 成型构件 > 水箱,material,搪瓷水箱,瓷釉水箱,medium,类似表述
32-1,32,成型构件及加工件 > 成型构件 > 水箱,material,搪瓷钢板水箱,搪瓷板水箱,high,现场缩略语
32-1,32,成型构件及加工件 > 成型构件 > 水箱,material,搪瓷钢板水箱,组装式搪瓷水箱,medium,常见组装形式
32-1,32,成型构件及加工件 > 成型构件 > 水箱,material,玻璃钢水箱,FRP水箱,high,英文简称
32-1,32,成型构件及加工件 > 成型构件 > 水箱,material,玻璃钢水箱,SMC水箱,medium,常见SMC模压玻璃钢水箱
32-1,32,成型构件及加工件 > 成型构件 > 水箱,material,钢板水箱,碳钢水箱,high,钢材材质通称
32-1,32,成型构件及加工件 > 成型构件 > 水箱,material,钢板水箱,焊接水箱,medium,多为焊接成型
32-1,32,成型构件及加工件 > 成型构件 > 水箱,material,镀锌钢板水箱,镀锌水箱,high,简略叫法
32-1,32,成型构件及加工件 > 成型构件 > 水箱,material,镀锌钢板水箱,热镀锌水箱,medium,强调镀锌工艺
93-1,93,成型构件及加工件 > 成型构件 > 预制烟囱、烟道,material,预制排气道,排气道,high,省略“预制”的常用简称
93-1,93,成型构件及加工件 > 成型构件 > 预制烟囱、烟道,material,预制排气道,通风道,medium,在排气场景下常混称为通风道
93-1,93,成型构件及加工件 > 成型构件 > 预制烟囱、烟道,material,预制排烟道,排烟道,high,省略“预制”的常用简称
93-1,93,成型构件及加工件 > 成型构件 > 预制烟囱、烟道,material,预制排烟道,烟道,medium,施工现场常简称为烟道
93-1,93,成型构件及加工件 > 成型构件 > 预制烟囱、烟道,material,预制烟囱,预制烟囱管,medium,强调管状形态的叫法
1413-1,1413,木、竹材料及其制品 > 木材及其制品 > 其他人造木板,material,指接板,齿接板,high,指接板又称指榫板，因接合处呈锯齿形，现场常称齿接板
1413-1,1413,木、竹材料及其制品 > 木材及其制品 > 其他人造木板,material,甘蔗板,蔗渣板,high,以甘蔗渣为原料制成，行业内直接称蔗渣板
1413-1,1413,木、竹材料及其制品 > 木材及其制品 > 其他人造木板,material,电木板,胶木板,high,电木板是酚醛树脂板，电气工程中常称胶木板
1413-1,1413,木、竹材料及其制品 > 木材及其制品 > 其他人造木板,material,竹制板,竹胶板,medium,竹制板多指竹材胶合板，施工采购中俗称竹胶板
132-2,132,木、竹材料及其制品 > 木材及其制品 > 其他木制品,material,杂木杆,杂木棒,low,杂木杆常用于支撑，现场有时称杂木棒
132-2,132,木、竹材料及其制品 > 木材及其制品 > 其他木制品,material,松木暖气罩,暖气片罩,medium,暖气罩是暖气片外罩，俗称暖气片罩
132-2,132,木、竹材料及其制品 > 木材及其制品 > 其他木制品,material,松木暖气罩,散热器罩,medium,正式名称散热器罩
132-2,132,木、竹材料及其制品 > 木材及其制品 > 其他木制品,material,沥青杉木板,沥青木板,medium,沥青浸泡的木板简称
132-2,132,木、竹材料及其制品 > 木材及其制品 > 其他木制品,material,沥青杉木板,油板,low,施工现场口语叫法
132-2,132,木、竹材料及其制品 > 木材及其制品 > 其他木制品,material,硬垫木,垫木,high,通用简称
132-2,132,木、竹材料及其制品 > 木材及其制品 > 其他木制品,material,硬垫木,木垫块,high,描述性叫法
132-2,132,木、竹材料及其制品 > 木材及其制品 > 其他木制品,material,硬木弯头,木弯头,medium,省略硬字
132-2,132,木、竹材料及其制品 > 木材及其制品 > 其他木制品,material,硬木暖气罩,硬木暖气片罩,medium,同松木暖气罩叫法
132-2,132,木、竹材料及其制品 > 木材及其制品 > 其他木制品,material,花箱帽,花箱顶帽,low,花箱顶部装饰帽的叫法
132-2,132,木、竹材料及其制品 > 木材及其制品 > 其他木制品,material,防腐木坐凳,防腐凳,medium,防腐木坐凳的口语简称
132-2,132,木、竹材料及其制品 > 木材及其制品 > 其他木制品,material,防腐木坐凳,防腐木凳,medium,常用别称
1411-1,1411,木、竹材料及其制品 > 木材及其制品 > 刨花板,category,刨花板,碎料板,medium,刨花板的俗称，施工现场偶用
1411-1,1411,木、竹材料及其制品 > 木材及其制品 > 刨花板,category,刨花板,粒子板,low,部分南方地区对刨花板的叫法
1411-1,1411,木、竹材料及其制品 > 木材及其制品 > 刨花板,material,欧松板,OSB板,high,英文Oriented Strand Board缩写，采购和施工中常用
1411-1,1411,木、竹材料及其制品 > 木材及其制品 > 刨花板,material,欧松板,定向刨花板,high,中文全称，与欧松板同义
1411-1,1411,木、竹材料及其制品 > 木材及其制品 > 刨花板,material,欧松板,定向结构板,medium,对OSB的扩展描述，偶尔作为别称
143-1,143,木、竹材料及其制品 > 木材及其制品 > 原木,category,原木,原木段,high,施工现场对原始砍伐后未经深加工的木材段的通用叫法
143-1,143,木、竹材料及其制品 > 木材及其制品 > 原木,category,原木,圆材,medium,贸易中常用，指圆形截面的原木
143-1,143,木、竹材料及其制品 > 木材及其制品 > 原木,category,原木,圆木头,high,工人口语俗称
143-1,143,木、竹材料及其制品 > 木材及其制品 > 原木,material,圆木,原木,high,圆木即为未经锯解的原木，同义互称
143-1,143,木、竹材料及其制品 > 木材及其制品 > 原木,material,圆木,圆材,medium,圆形截面木材的通用叫法
143-1,143,木、竹材料及其制品 > 木材及其制品 > 原木,material,圆木,圆条,low,细长圆木的俗称
143-1,143,木、竹材料及其制品 > 木材及其制品 > 原木,material,方木,方材,high,截面为方形或矩形的锯材统称
143-1,143,木、竹材料及其制品 > 木材及其制品 > 原木,material,方木,方子,high,施工现场口语，如“用方子撑一下”
143-1,143,木、竹材料及其制品 > 木材及其制品 > 原木,material,方木,方木料,medium,采购清单中常见叫法
143-1,143,木、竹材料及其制品 > 木材及其制品 > 原木,material,木方,方子木,high,小截面方木，木工常用口语
143-1,143,木、竹材料及其制品 > 木材及其制品 > 原木,material,木方,木条,medium,较细的木方常被叫做木条
143-1,143,木、竹材料及其制品 > 木材及其制品 > 原木,material,木方,小方,low,区别于大方木，指截面尺寸较小的木方
143-1,143,木、竹材料及其制品 > 木材及其制品 > 原木,material,松厚板,松木板,high,松木锯成的板材，厚板简称
143-1,143,木、竹材料及其制品 > 木材及其制品 > 原木,material,松厚板,厚松板,medium,强调厚度和材质的口语表达
143-1,143,木、竹材料及其制品 > 木材及其制品 > 原木,material,松厚板,松木厚板,high,完整名称，采购时常用
1415-1,1415,木、竹材料及其制品 > 木材及其制品 > 木制台类及货架,material,圆木台,圆木墩,medium,外形为短圆柱木段，常用作展台底座或垫高部件，现场多称圆木墩
1415-1,1415,木、竹材料及其制品 > 木材及其制品 > 木制台类及货架,material,圆木台,圆木垫,low,在一些安装场景中作为圆形垫板使用，称为圆木垫
1415-1,1415,木、竹材料及其制品 > 木材及其制品 > 木制台类及货架,material,木台,木平台,medium,施工现场常将一般木制台面结构称为木平台
1414-1,1414,木、竹材料及其制品 > 木材及其制品 > 木制容器类,material,实木花箱,木花箱,medium,施工现场口语简称，省略实木一词
1414-1,1414,木、竹材料及其制品 > 木材及其制品 > 木制容器类,material,普通木箱,木箱,high,最常见口语叫法，泛指普通木箱
1414-1,1414,木、竹材料及其制品 > 木材及其制品 > 木制容器类,material,普通木箱,木头箱,medium,口语通俗叫法
1414-1,1414,木、竹材料及其制品 > 木材及其制品 > 木制容器类,material,木制信报箱,信报箱,high,省略材质，日常口语简称
1414-1,1414,木、竹材料及其制品 > 木材及其制品 > 木制容器类,material,木制信报箱,木信报箱,medium,材质与功能简并的叫法
1414-1,1414,木、竹材料及其制品 > 木材及其制品 > 木制容器类,material,木制喇叭箱,喇叭箱,medium,省略材质，行业内常用简称
1414-1,1414,木、竹材料及其制品 > 木材及其制品 > 木制容器类,material,木制喇叭箱,木喇叭箱,medium,材质加功能简称
1414-1,1414,木、竹材料及其制品 > 木材及其制品 > 木制容器类,material,木制布告箱,布告箱,medium,省略材质简称
1414-1,1414,木、竹材料及其制品 > 木材及其制品 > 木制容器类,material,木制布告箱,木布告箱,medium,材质加功能简称
1414-1,1414,木、竹材料及其制品 > 木材及其制品 > 木制容器类,material,木制灯箱,木灯箱,high,材质加功能简称，现场常用
1414-1,1414,木、竹材料及其制品 > 木材及其制品 > 木制容器类,material,木制灯箱,灯箱,medium,省略材质，在木制语境下可通用
1414-1,1414,木、竹材料及其制品 > 木材及其制品 > 木制容器类,material,木制钥匙箱,钥匙箱,high,省略材质，常见口语叫法
1414-1,1414,木、竹材料及其制品 > 木材及其制品 > 木制容器类,material,木制钥匙箱,木钥匙箱,medium,材质与功能简称
1414-1,1414,木、竹材料及其制品 > 木材及其制品 > 木制容器类,material,木制钥匙箱,钥匙盒,low,小型木制钥匙箱可称为钥匙盒
1414-1,1414,木、竹材料及其制品 > 木材及其制品 > 木制容器类,material,木制镜箱,镜箱,low,省略材质，实际采购中偶用
1414-1,1414,木、竹材料及其制品 > 木材及其制品 > 木制容器类,material,木制集装箱,木集装箱,medium,材质简称加功能，运输行业常用
1414-1,1414,木、竹材料及其制品 > 木材及其制品 > 木制容器类,material,木制集装箱,木质集装箱,medium,更完整的别称
1406-1,1406,木、竹材料及其制品 > 木材及其制品 > 板材,category,板材,板子,medium,施工现场口语统称板材为板子
1406-1,1406,木、竹材料及其制品 > 木材及其制品 > 板材,category,板材,木板,medium,泛指木制板材
1409-1,1409,木、竹材料及其制品 > 木材及其制品 > 纤维板,category,纤维板,密度板,high,纤维板因密度分类，行业中常统称为密度板
1409-1,1409,木、竹材料及其制品 > 木材及其制品 > 纤维板,material,中密度纤维板,中纤板,high,中密度纤维板的通用简称
1409-1,1409,木、竹材料及其制品 > 木材及其制品 > 纤维板,material,中密度纤维板,MDF,high,Medium Density Fiberboard 英文缩写，采购中直接使用
1409-1,1409,木、竹材料及其制品 > 木材及其制品 > 纤维板,material,中密度纤维板,中密度板,high,口语中直接省略纤维二字
1409-1,1409,木、竹材料及其制品 > 木材及其制品 > 纤维板,material,低密度纤维板,低密度板,high,低密度纤维板的口语化叫法
1409-1,1409,木、竹材料及其制品 > 木材及其制品 > 纤维板,material,低密度纤维板,软质纤维板,medium,因其密度低、材质相对柔软而得名
1409-1,1409,木、竹材料及其制品 > 木材及其制品 > 纤维板,material,奥松板,澳松板,medium,奥松板通常指澳大利亚松木制成的纤维板，澳松板为常见同音别称
1409-1,1409,木、竹材料及其制品 > 木材及其制品 > 纤维板,material,高密度纤维板,高密度板,high,高密度纤维板的口语化叫法
1409-1,1409,木、竹材料及其制品 > 木材及其制品 > 纤维板,material,高密度纤维板,HDF,high,High Density Fiberboard 英文缩写，行业通用
1409-1,1409,木、竹材料及其制品 > 木材及其制品 > 纤维板,material,高密度纤维板,硬质纤维板,high,高密度纤维板硬度高，传统称呼为硬质纤维板
1407-1,1407,木、竹材料及其制品 > 木材及其制品 > 胶合板,material,普通胶合板,夹板,high,南方常用俗称，泛指普通胶合板
1407-1,1407,木、竹材料及其制品 > 木材及其制品 > 胶合板,material,普通胶合板,多层板,high,北方常用俗称，强调多层单板胶合
1407-1,1407,木、竹材料及其制品 > 木材及其制品 > 胶合板,material,覆膜木质胶合板,覆膜板,high,施工现场简称，表面覆有防水膜
1407-1,1407,木、竹材料及其制品 > 木材及其制品 > 胶合板,material,覆膜木质胶合板,清水模板,high,建筑模板用语，指浇筑后混凝土表面平整的覆膜模板
1407-1,1407,木、竹材料及其制品 > 木材及其制品 > 胶合板,material,阻燃胶合板,阻燃板,high,采购与施工中最常见的简称
1407-1,1407,木、竹材料及其制品 > 木材及其制品 > 胶合板,material,饰面胶合板,饰面板,medium,行业内对贴了装饰面胶合板的统称
1407-1,1407,木、竹材料及其制品 > 木材及其制品 > 胶合板,material,饰面胶合板,贴面板,medium,施工口语，指表面贴装饰纸或木皮的胶合板
142-1,142,木、竹材料及其制品 > 木材及其制品 > 防腐木,material,碳化木,炭化木,high,同义词，采购和施工中常混用
142-1,142,木、竹材料及其制品 > 木材及其制品 > 防腐木,material,碳化木,热改性木,medium,炭化工艺的本质叫法，部分技术文件使用
142-1,142,木、竹材料及其制品 > 木材及其制品 > 防腐木,material,花旗松,北美黄杉,high,学名对应的中文正名，林业和进口木材贸易常用
142-1,142,木、竹材料及其制品 > 木材及其制品 > 防腐木,material,花旗松,道格拉斯松,medium,英文名 Douglas Fir 的音译，进口材采购单常见
142-1,142,木、竹材料及其制品 > 木材及其制品 > 防腐木,material,花旗松,俄勒冈松,medium,原产地叫法，部分北美材供应商使用
1417-1,1417,木、竹材料及其制品 > 竹材及其制品 > 竹制品,category,竹制品,竹件,low,施工现场有时泛称竹制品为竹件
1417-1,1417,木、竹材料及其制品 > 竹材及其制品 > 竹制品,material,竹格栅,竹栅栏,medium,竹格栅常被叫成竹栅栏或竹篱笆，但略有差异，采购中可通用
1417-1,1417,木、竹材料及其制品 > 竹材及其制品 > 竹制品,material,竹桩,毛竹桩,high,现场常用毛竹制作，故直接称呼毛竹桩
1417-1,1417,木、竹材料及其制品 > 竹材及其制品 > 竹制品,material,竹桩,竹桩子,medium,口语化叫法
1417-1,1417,木、竹材料及其制品 > 竹材及其制品 > 竹制品,material,竹皮,竹木皮,medium,采购单中常见写法，强调薄片木皮感
1417-1,1417,木、竹材料及其制品 > 竹材及其制品 > 竹制品,material,竹皮,竹刨切皮,medium,加工工艺决定的别称
1417-1,1417,木、竹材料及其制品 > 竹材及其制品 > 竹制品,material,竹笆,竹笆片,high,施工现场多称竹笆片或竹芭片
1417-1,1417,木、竹材料及其制品 > 竹材及其制品 > 竹制品,material,竹笆,竹排,medium,外观类似竹排，偶有混用
1417-1,1417,木、竹材料及其制品 > 竹材及其制品 > 竹制品,material,竹笪,竹笪片,medium,南方工地常用‘竹笪片’指粗竹席片
1417-1,1417,木、竹材料及其制品 > 竹材及其制品 > 竹制品,material,竹笪,竹席,low,粗竹席一种，有时泛称竹席
1417-1,1417,木、竹材料及其制品 > 竹材及其制品 > 竹制品,material,竹签,竹棒,medium,粗竹签在施工中直接被叫作竹棒或竹棍
1417-1,1417,木、竹材料及其制品 > 竹材及其制品 > 竹制品,material,竹签,竹扦,medium,用于标记或固定的细竹，常叫竹扦
1417-1,1417,木、竹材料及其制品 > 竹材及其制品 > 竹制品,material,竹箩,竹筐,high,采购时常竹箩竹筐混用
1417-1,1417,木、竹材料及其制品 > 竹材及其制品 > 竹制品,material,竹箩,竹篓,medium,形态接近篓的竹箩别称
1417-1,1417,木、竹材料及其制品 > 竹材及其制品 > 竹制品,material,竹篾,篾片,high,工匠多称篾片或篾条
1417-1,1417,木、竹材料及其制品 > 竹材及其制品 > 竹制品,material,竹篾,篾条,high,编织时叫篾条
1417-1,1417,木、竹材料及其制品 > 竹材及其制品 > 竹制品,material,荆笆,荆条笆,medium,指明材料为荆条，北方工地普遍称呼
1417-1,1417,木、竹材料及其制品 > 竹材及其制品 > 竹制品,material,荆笆,荆笆片,medium,强调成片形态
144-1,144,木、竹材料及其制品 > 竹材及其制品 > 竹材,category,竹材,竹子,high,采购中常用泛称，指代未加工的竹材
144-1,144,木、竹材料及其制品 > 竹材及其制品 > 竹材,category,竹材,竹料,medium,施工现场对竹材原材料的通用俗称
144-1,144,木、竹材料及其制品 > 竹材及其制品 > 竹材,material,竹竿,竹杆,high,因读音相同，口语和手写单中常见混用
144-1,144,木、竹材料及其制品 > 竹材及其制品 > 竹材,material,竹竿,毛竹竿,medium,以毛竹为原料的竹竿在采购时直接叫毛竹竿
1416-1,1416,木、竹材料及其制品 > 竹材及其制品 > 竹板,category,竹板,竹板材,high,竹板类材料的统称
1416-1,1416,木、竹材料及其制品 > 竹材及其制品 > 竹板,material,竹层合板,竹层压板,medium,由竹片层压胶合而成
1416-1,1416,木、竹材料及其制品 > 竹材及其制品 > 竹板,material,竹架板,竹脚手板,high,施工现场常用于脚手架的竹板
1416-1,1416,木、竹材料及其制品 > 竹材及其制品 > 竹板,material,竹架板,竹跳板,high,脚手架铺设用竹板的口语叫法
1416-1,1416,木、竹材料及其制品 > 竹材及其制品 > 竹板,material,竹胶板,竹模板,high,竹胶板常用作建筑模板
1416-1,1416,木、竹材料及其制品 > 竹材及其制品 > 竹板,material,竹胶板,竹胶合板,high,全称简称关系
1402-1,1402,橡胶、塑料及非金属材料 > 其他非金属材料 > 丝麻及其制品,category,丝麻及其制品,麻丝料,low,施工现场常将丝麻及其制品统称为麻丝料
1402-1,1402,橡胶、塑料及非金属材料 > 其他非金属材料 > 丝麻及其制品,material,线麻,大麻,high,线麻是大麻的别称，北方常称大麻
1402-1,1402,橡胶、塑料及非金属材料 > 其他非金属材料 > 丝麻及其制品,material,线麻,火麻,medium,西南地区常称火麻
1402-1,1402,橡胶、塑料及非金属材料 > 其他非金属材料 > 丝麻及其制品,material,麻丝,麻刀,high,建筑填料中乱麻丝俗称麻刀
1402-1,1402,橡胶、塑料及非金属材料 > 其他非金属材料 > 丝麻及其制品,material,麻丝,麻筋,high,拌入灰泥的麻丝常叫麻筋
1402-1,1402,橡胶、塑料及非金属材料 > 其他非金属材料 > 丝麻及其制品,material,麻包布,打包布,medium,用于包装打捆的粗麻布
1402-1,1402,橡胶、塑料及非金属材料 > 其他非金属材料 > 丝麻及其制品,material,麻包布,麻袋布,low,质地接近麻袋的布料
1402-1,1402,橡胶、塑料及非金属材料 > 其他非金属材料 > 丝麻及其制品,material,麻布,亚麻布,medium,当明确为亚麻材质时常用
1402-1,1402,橡胶、塑料及非金属材料 > 其他非金属材料 > 丝麻及其制品,material,麻绳,白棕绳,high,剑麻绳的通用叫法，使用广泛
1402-1,1402,橡胶、塑料及非金属材料 > 其他非金属材料 > 丝麻及其制品,material,麻绳,剑麻绳,medium,以剑麻为原料的麻绳
1402-1,1402,橡胶、塑料及非金属材料 > 其他非金属材料 > 丝麻及其制品,material,麻袋,麻包,high,施工现场对麻袋的惯称
1402-1,1402,橡胶、塑料及非金属材料 > 其他非金属材料 > 丝麻及其制品,material,麻袋,黄麻袋,medium,强调黄麻材质时使用
198-1,198,橡胶、塑料及非金属材料 > 其他非金属材料 > 其他非金属材料,material,人造革,仿皮,high,施工现场口语叫法，指模仿真皮的人造材料
198-1,198,橡胶、塑料及非金属材料 > 其他非金属材料 > 其他非金属材料,material,人造革,合成革,high,行业商业别称，指用合成材料制成的类皮材料
198-1,198,橡胶、塑料及非金属材料 > 其他非金属材料 > 其他非金属材料,material,人造革,人造皮,medium,俗称，突出与真皮的区别
198-1,198,橡胶、塑料及非金属材料 > 其他非金属材料 > 其他非金属材料,material,人造革,PU革,medium,聚氨酯人造革的简称，在采购中常直接指代
198-1,198,橡胶、塑料及非金属材料 > 其他非金属材料 > 其他非金属材料,material,地板革,地胶,high,施工现场口语叫法，指铺地用的胶面卷材
198-1,198,橡胶、塑料及非金属材料 > 其他非金属材料 > 其他非金属材料,material,地板革,地板胶,high,采购口语中常与地胶混用
198-1,198,橡胶、塑料及非金属材料 > 其他非金属材料 > 其他非金属材料,material,地板革,铺地革,medium,强调其用途的俗称
198-1,198,橡胶、塑料及非金属材料 > 其他非金属材料 > 其他非金属材料,material,地板革,PVC地板革,medium,材料成分简称，采购参数中常用
198-1,198,橡胶、塑料及非金属材料 > 其他非金属材料 > 其他非金属材料,material,帆布,篷布,high,工地上常称用于遮盖的布为篷布
198-1,198,橡胶、塑料及非金属材料 > 其他非金属材料 > 其他非金属材料,material,帆布,棉帆布,medium,按材质区分的别称
198-1,198,橡胶、塑料及非金属材料 > 其他非金属材料 > 其他非金属材料,material,帆布,粗硬布,low,早期民间对厚重棉织物的叫法
198-1,198,橡胶、塑料及非金属材料 > 其他非金属材料 > 其他非金属材料,material,滴水线,鹰嘴线,high,施工现场主流俗称，因断面形似鹰嘴
198-1,198,橡胶、塑料及非金属材料 > 其他非金属材料 > 其他非金属材料,material,滴水线,滴水槽线,high,对滴水线功能与形态的称呼
198-1,198,橡胶、塑料及非金属材料 > 其他非金属材料 > 其他非金属材料,material,滴水线,鹰嘴滴水线,medium,鹰嘴线的全称
198-1,198,橡胶、塑料及非金属材料 > 其他非金属材料 > 其他非金属材料,material,滴水线,挡水线条,medium,部分地区工人口语叫法
198-1,198,橡胶、塑料及非金属材料 > 其他非金属材料 > 其他非金属材料,material,珍珠棉,EPE,high,聚乙烯发泡棉的英文简称，采购中极常用
198-1,198,橡胶、塑料及非金属材料 > 其他非金属材料 > 其他非金属材料,material,珍珠棉,珍珠棉发泡,medium,突出其发泡工艺的别称
198-1,198,橡胶、塑料及非金属材料 > 其他非金属材料 > 其他非金属材料,material,珍珠棉,发泡棉,medium,简化的俗称，有时泛指发泡材料
198-1,198,橡胶、塑料及非金属材料 > 其他非金属材料 > 其他非金属材料,material,皮草革,仿皮草,medium,仿制动物皮草的合成材料俗称
198-1,198,橡胶、塑料及非金属材料 > 其他非金属材料 > 其他非金属材料,material,皮草革,人造毛皮,medium,行业标准名称之一
198-1,198,橡胶、塑料及非金属材料 > 其他非金属材料 > 其他非金属材料,material,皮草革,假皮草,medium,口语中与真皮草区分的叫法
198-1,198,橡胶、塑料及非金属材料 > 其他非金属材料 > 其他非金属材料,material,皮革,皮料,medium,生产采购中常统称各类皮材为皮料
198-1,198,橡胶、塑料及非金属材料 > 其他非金属材料 > 其他非金属材料,material,皮革,熟皮,low,经过鞣制处理的动物皮俗称
198-1,198,橡胶、塑料及非金属材料 > 其他非金属材料 > 其他非金属材料,material,真皮,天然皮,medium,强调天然来源的俗称
198-1,198,橡胶、塑料及非金属材料 > 其他非金属材料 > 其他非金属材料,material,真皮,真皮材质,low,口语中区分人造革的叫法
198-1,198,橡胶、塑料及非金属材料 > 其他非金属材料 > 其他非金属材料,material,硅胶板,硅橡胶板,high,全称，采购合同中常用
198-1,198,橡胶、塑料及非金属材料 > 其他非金属材料 > 其他非金属材料,material,硅胶板,矽胶板,high,广东、香港地区惯用叫法
198-1,198,橡胶、塑料及非金属材料 > 其他非金属材料 > 其他非金属材料,material,硅胶板,耐高温硅胶板,medium,突出性能的别称，常用于需求描述
198-1,198,橡胶、塑料及非金属材料 > 其他非金属材料 > 其他非金属材料,material,硅胶板,硅胶垫板,medium,用作垫片时的叫法
198-1,198,橡胶、塑料及非金属材料 > 其他非金属材料 > 其他非金属材料,material,脱脂棉,药棉,high,民间和医疗领域常见俗称
198-1,198,橡胶、塑料及非金属材料 > 其他非金属材料 > 其他非金属材料,material,脱脂棉,卫生棉,medium,强调其洁净特性的叫法
198-1,198,橡胶、塑料及非金属材料 > 其他非金属材料 > 其他非金属材料,material,脱脂棉,医用棉,medium,在医疗和清洁耗材采购中的别称
1403-1,1403,橡胶、塑料及非金属材料 > 其他非金属材料 > 化纤及其制品,material,丙纶布,聚丙烯布,high,由聚丙烯（丙纶）纤维制成
1403-1,1403,橡胶、塑料及非金属材料 > 其他非金属材料 > 化纤及其制品,material,丙纶布,PP布,high,聚丙烯简称为PP
1403-1,1403,橡胶、塑料及非金属材料 > 其他非金属材料 > 化纤及其制品,material,吸油棉,吸油毡,high,俗称，常用于工业吸油
1403-1,1403,橡胶、塑料及非金属材料 > 其他非金属材料 > 化纤及其制品,material,吸油棉,吸油垫,medium,现场口语叫法
1403-1,1403,橡胶、塑料及非金属材料 > 其他非金属材料 > 化纤及其制品,material,吸音毡,吸音棉,high,毡状吸音材料俗称吸音棉
1403-1,1403,橡胶、塑料及非金属材料 > 其他非金属材料 > 化纤及其制品,material,无机布,无机纤维布,medium,全称，强调纤维材质
1403-1,1403,橡胶、塑料及非金属材料 > 其他非金属材料 > 化纤及其制品,material,涤纶布,聚酯布,high,涤纶即聚酯纤维
1403-1,1403,橡胶、塑料及非金属材料 > 其他非金属材料 > 化纤及其制品,material,涤纶布,的确良布,medium,民用领域俗称
1403-1,1403,橡胶、塑料及非金属材料 > 其他非金属材料 > 化纤及其制品,material,碳纤维布,碳布,high,施工中简化叫法
1403-1,1403,橡胶、塑料及非金属材料 > 其他非金属材料 > 化纤及其制品,material,聚丙烯睛纤维,腈纶,high,聚丙烯腈纤维的俗称，注意错别字聚丙烯睛常见指聚丙烯腈
1403-1,1403,橡胶、塑料及非金属材料 > 其他非金属材料 > 化纤及其制品,material,聚丙烯纤维,丙纶,high,聚丙烯纤维商业名
1403-1,1403,橡胶、塑料及非金属材料 > 其他非金属材料 > 化纤及其制品,material,聚丙烯纤维,PP纤维,high,英文缩写
1403-1,1403,橡胶、塑料及非金属材料 > 其他非金属材料 > 化纤及其制品,material,聚丙烯纤维绳,丙纶绳,high,聚丙烯绳的常见叫法
1403-1,1403,橡胶、塑料及非金属材料 > 其他非金属材料 > 化纤及其制品,material,聚丙烯纤维绳,PP绳,high,缩写口语叫法
1403-1,1403,橡胶、塑料及非金属材料 > 其他非金属材料 > 化纤及其制品,material,聚丙烯腈纤维,腈纶,high,国内通用俗名
1403-1,1403,橡胶、塑料及非金属材料 > 其他非金属材料 > 化纤及其制品,material,聚丙烯腈纤维,亚克力纤维,medium,音译丙烯酸纤维，有时混用
1403-1,1403,橡胶、塑料及非金属材料 > 其他非金属材料 > 化纤及其制品,material,聚酯毡,涤纶毡,high,涤纶毡为聚酯毡常见别称
1403-1,1403,橡胶、塑料及非金属材料 > 其他非金属材料 > 化纤及其制品,material,聚酯毡,PET毡,medium,材料缩写，采购中常用
1403-1,1403,橡胶、塑料及非金属材料 > 其他非金属材料 > 化纤及其制品,material,聚酯浸胶线绳,涤纶浸胶绳,medium,涤纶即聚酯
1403-1,1403,橡胶、塑料及非金属材料 > 其他非金属材料 > 化纤及其制品,material,聚酯纤维,涤纶,high,聚酯纤维商品名
1403-1,1403,橡胶、塑料及非金属材料 > 其他非金属材料 > 化纤及其制品,material,聚酯纤维,PET纤维,high,英文缩写
1403-1,1403,橡胶、塑料及非金属材料 > 其他非金属材料 > 化纤及其制品,material,防水布,防雨布,medium,主要用于防雨，俗称
1403-1,1403,橡胶、塑料及非金属材料 > 其他非金属材料 > 化纤及其制品,material,防水布,防水篷布,medium,加篷字强调遮盖用途
1403-1,1403,橡胶、塑料及非金属材料 > 其他非金属材料 > 化纤及其制品,material,隔音毡,隔音垫,medium,铺设型隔音材料的俗称
1400-1,1400,橡胶、塑料及非金属材料 > 其他非金属材料 > 石墨碳素制品,category,石墨碳素制品,碳素制品,high,行业通称
1400-1,1400,橡胶、塑料及非金属材料 > 其他非金属材料 > 石墨碳素制品,category,石墨碳素制品,石墨制品,high,俗称
1400-1,1400,橡胶、塑料及非金属材料 > 其他非金属材料 > 石墨碳素制品,category,石墨碳素制品,碳素材料,medium,总称别名
1400-1,1400,橡胶、塑料及非金属材料 > 其他非金属材料 > 石墨碳素制品,material,柔性石墨(条),膨胀石墨条,medium,柔性石墨由膨胀石墨制成
1400-1,1400,橡胶、塑料及非金属材料 > 其他非金属材料 > 石墨碳素制品,material,柔性石墨(条),石墨带,medium,条状常称石墨带
1400-1,1400,橡胶、塑料及非金属材料 > 其他非金属材料 > 石墨碳素制品,material,柔性石墨复合板,石墨复合板,high,简称
1400-1,1400,橡胶、塑料及非金属材料 > 其他非金属材料 > 石墨碳素制品,material,柔性石墨复合板,石墨增强板,medium,复合增强特性俗称
1400-1,1400,橡胶、塑料及非金属材料 > 其他非金属材料 > 石墨碳素制品,material,石墨板,纯石墨板,medium,区别于复合板
1400-1,1400,橡胶、塑料及非金属材料 > 其他非金属材料 > 石墨碳素制品,material,石墨片,石墨纸,high,薄片状俗称
1400-1,1400,橡胶、塑料及非金属材料 > 其他非金属材料 > 石墨碳素制品,material,石墨片,石墨散热片,medium,电子行业常用叫法
1400-1,1400,橡胶、塑料及非金属材料 > 其他非金属材料 > 石墨碳素制品,material,石墨粉,黑铅粉,medium,石墨别称黑铅
1400-1,1400,橡胶、塑料及非金属材料 > 其他非金属材料 > 石墨碳素制品,material,石墨粉,石墨润滑粉,low,润滑用途叫法
1400-1,1400,橡胶、塑料及非金属材料 > 其他非金属材料 > 石墨碳素制品,material,石墨线,石墨纤维线,high,材质表述
1400-1,1400,橡胶、塑料及非金属材料 > 其他非金属材料 > 石墨碳素制品,material,石墨绳,石墨盘根绳,medium,密封用软绳俗称
1400-1,1400,橡胶、塑料及非金属材料 > 其他非金属材料 > 石墨碳素制品,material,碳布,碳纤维布,high,全称
1400-1,1400,橡胶、塑料及非金属材料 > 其他非金属材料 > 石墨碳素制品,material,碳布,碳纤布,high,简称
1400-1,1400,橡胶、塑料及非金属材料 > 其他非金属材料 > 石墨碳素制品,material,碳棒(条),碳精棒,high,电弧碳棒俗称
1400-1,1400,橡胶、塑料及非金属材料 > 其他非金属材料 > 石墨碳素制品,material,碳棒(条),碳电极棒,low,用于电极时叫法
1400-1,1400,橡胶、塑料及非金属材料 > 其他非金属材料 > 石墨碳素制品,material,碳石墨块,石墨块,high,简化叫法
1400-1,1400,橡胶、塑料及非金属材料 > 其他非金属材料 > 石墨碳素制品,material,碳石墨块,碳块,medium,含碳材质俗称
1404-1,1404,橡胶、塑料及非金属材料 > 其他非金属材料 > 草及其制品,material,草垫,草垫子,high,施工现场口语化叫法，加“子”尾
1404-1,1404,橡胶、塑料及非金属材料 > 其他非金属材料 > 草及其制品,material,草垫,草褥垫,medium,用于保温铺垫时类似褥垫
1404-1,1404,橡胶、塑料及非金属材料 > 其他非金属材料 > 草及其制品,material,草垫,蒲垫,medium,蒲草编制的垫子，采购中有时按原料称
1404-1,1404,橡胶、塑料及非金属材料 > 其他非金属材料 > 草及其制品,material,草帘,草帘子,high,最常用口语叫法
1404-1,1404,橡胶、塑料及非金属材料 > 其他非金属材料 > 草及其制品,material,草帘,草苫,high,建筑工程中用于养护覆盖的草帘常称草苫
1404-1,1404,橡胶、塑料及非金属材料 > 其他非金属材料 > 草及其制品,material,草帘,稻草帘,medium,以原料区分，稻草编制的帘子
1404-1,1404,橡胶、塑料及非金属材料 > 其他非金属材料 > 草及其制品,material,草席,草席子,high,口语加“子”
1404-1,1404,橡胶、塑料及非金属材料 > 其他非金属材料 > 草及其制品,material,草席,草编席,low,强调编织工艺
1404-1,1404,橡胶、塑料及非金属材料 > 其他非金属材料 > 草及其制品,material,草砖,草砖块,medium,现场更具体的称呼
1404-1,1404,橡胶、塑料及非金属材料 > 其他非金属材料 > 草及其制品,material,草砖,草坯,low,类似土坯的造法，压实成坯
1404-1,1404,橡胶、塑料及非金属材料 > 其他非金属材料 > 草及其制品,material,草绳,稻草绳,high,根据原料明确称呼
1404-1,1404,橡胶、塑料及非金属材料 > 其他非金属材料 > 草及其制品,material,草绳,草绳子,high,口语加“子”
1404-1,1404,橡胶、塑料及非金属材料 > 其他非金属材料 > 草及其制品,material,草袋,草包,high,最常见俗称，常用于装砂土
1404-1,1404,橡胶、塑料及非金属材料 > 其他非金属材料 > 草及其制品,material,草袋,草袋子,high,口语化叫法
1404-1,1404,橡胶、塑料及非金属材料 > 其他非金属材料 > 草及其制品,material,草袋,稻草袋,medium,按原料叫法
1404-1,1404,橡胶、塑料及非金属材料 > 其他非金属材料 > 草及其制品,material,草袋,蒲包,medium,蒲草编织的袋子，采购中常混称
1395-1,1395,橡胶、塑料及非金属材料 > 塑料材料及制品 > 塑料带,category,塑料带,塑料打包带,medium,在施工和采购中，塑料带常特指打包捆扎用的塑料带，统称塑料打包带
1395-1,1395,橡胶、塑料及非金属材料 > 塑料材料及制品 > 塑料带,category,塑料带,塑料捆扎带,medium,用于捆扎物品的塑料带子，是施工现场通用的叫法
1395-1,1395,橡胶、塑料及非金属材料 > 塑料材料及制品 > 塑料带,material,PP打包带,PP带,high,PP打包带的简称，口语中常用
1395-1,1395,橡胶、塑料及非金属材料 > 塑料材料及制品 > 塑料带,material,PP打包带,聚丙烯打包带,high,材料全称，发票清单常见
1395-1,1395,橡胶、塑料及非金属材料 > 塑料材料及制品 > 塑料带,material,PP打包带,打包带,medium,语境明确时简称为打包带
1395-1,1395,橡胶、塑料及非金属材料 > 塑料材料及制品 > 塑料带,material,PVC塑料带,PVC带,high,直接简化为PVC带，施工现场极常见
1395-1,1395,橡胶、塑料及非金属材料 > 塑料材料及制品 > 塑料带,material,PVC塑料带,聚氯乙烯带,medium,材料学名，技术文件中使用
1395-1,1395,橡胶、塑料及非金属材料 > 塑料材料及制品 > 塑料带,material,聚丙烯RR塑料带,RR带,high,型号简称，采购时直接称RR带
1395-1,1395,橡胶、塑料及非金属材料 > 塑料材料及制品 > 塑料带,material,聚丙烯RR塑料带,聚丙烯RR带,medium,省略塑料二字，日常叫法
1396-1,1396,橡胶、塑料及非金属材料 > 塑料材料及制品 > 塑料棒,category,塑料棒,塑料圆棒,medium,通常为挤出成型的圆形截面棒材，施工现场常用称谓
1396-1,1396,橡胶、塑料及非金属材料 > 塑料材料及制品 > 塑料棒,category,塑料棒,塑料棒材,medium,泛指各类塑料制成的棒状材料，采购目录中常见
1396-1,1396,橡胶、塑料及非金属材料 > 塑料材料及制品 > 塑料棒,material,PE棒,聚乙烯棒,high,PE是聚乙烯英文缩写，聚乙烯棒是其通用中文全称
1396-1,1396,橡胶、塑料及非金属材料 > 塑料材料及制品 > 塑料棒,material,PP棒,聚丙烯棒,high,PP是聚丙烯英文缩写，聚丙烯棒是中文正式名称
1396-1,1396,橡胶、塑料及非金属材料 > 塑料材料及制品 > 塑料棒,material,PTFE聚四氟乙烯棒,四氟棒,high,聚四氟乙烯行业内常简称为四氟，四氟棒为通用叫法
1396-1,1396,橡胶、塑料及非金属材料 > 塑料材料及制品 > 塑料棒,material,PTFE聚四氟乙烯棒,铁氟龙棒,medium,源自Teflon音译，市场采购中广泛使用铁氟龙指代PTFE
1396-1,1396,橡胶、塑料及非金属材料 > 塑料材料及制品 > 塑料棒,material,PU棒,聚氨酯棒,high,PU是聚氨酯的缩写，聚氨酯棒为材料全称
1396-1,1396,橡胶、塑料及非金属材料 > 塑料材料及制品 > 塑料棒,material,PU棒,优力胶棒,medium,PU弹性体常称为优力胶，棒材亦沿用此俗称
1396-1,1396,橡胶、塑料及非金属材料 > 塑料材料及制品 > 塑料棒,material,尼龙棒,PA棒,high,尼龙化学名为聚酰胺，英文缩写PA，PA棒在采购中与尼龙棒混用
1396-1,1396,橡胶、塑料及非金属材料 > 塑料材料及制品 > 塑料棒,material,尼龙棒,聚酰胺棒,high,尼龙即聚酰胺的俗称，聚酰胺棒是正式材料名
1396-1,1396,橡胶、塑料及非金属材料 > 塑料材料及制品 > 塑料棒,material,硬聚氯乙烯棒,UPVC棒,high,硬聚氯乙烯的通用缩写为UPVC，UPVC棒是常见工程名称
1396-1,1396,橡胶、塑料及非金属材料 > 塑料材料及制品 > 塑料棒,material,硬聚氯乙烯棒,硬PVC棒,high,硬质PVC棒材的直称，多在非标场合使用
205-1,205,橡胶、塑料及非金属材料 > 塑料材料及制品 > 有机玻璃,category,有机玻璃,亚克力,high,有机玻璃的通用俗称
205-1,205,橡胶、塑料及非金属材料 > 塑料材料及制品 > 有机玻璃,category,有机玻璃,PMMA,high,聚甲基丙烯酸甲酯英文缩写
205-1,205,橡胶、塑料及非金属材料 > 塑料材料及制品 > 有机玻璃,material,有机玻璃板,亚克力板,high,有机玻璃板材的通用俗称
205-1,205,橡胶、塑料及非金属材料 > 塑料材料及制品 > 有机玻璃,material,有机玻璃棒,亚克力棒,high,有机玻璃棒材的通用俗称
205-1,205,橡胶、塑料及非金属材料 > 塑料材料及制品 > 有机玻璃,material,有机玻璃片,亚克力片,high,有机玻璃片材的通用俗称
205-1,205,橡胶、塑料及非金属材料 > 塑料材料及制品 > 有机玻璃,material,有机玻璃管,亚克力管,high,有机玻璃管材的通用俗称
1397-1,1397,橡胶、塑料及非金属材料 > 塑料材料及制品 > 橡塑复合材料,category,橡塑复合材料,橡塑复合材,medium,橡塑复合材料的简称
1397-1,1397,橡胶、塑料及非金属材料 > 塑料材料及制品 > 橡塑复合材料,material,橡塑复合板,橡塑板,medium,施工现场口语简称为橡塑板
1397-1,1397,橡胶、塑料及非金属材料 > 塑料材料及制品 > 橡塑复合材料,material,橡胶铝铂复合材料,铝箔橡胶板,high,铝铂即铝箔，常被称为铝箔橡胶板
1397-1,1397,橡胶、塑料及非金属材料 > 塑料材料及制品 > 橡塑复合材料,material,沥青橡胶复合材料,橡胶沥青板,medium,沥青与橡胶复合的板材常称为橡胶沥青板
1397-1,1397,橡胶、塑料及非金属材料 > 塑料材料及制品 > 橡塑复合材料,material,石墨橡胶复合材料,石墨橡胶板,high,石墨橡胶复合材料常简称为石墨橡胶板
1397-1,1397,橡胶、塑料及非金属材料 > 塑料材料及制品 > 橡塑复合材料,material,金属橡胶复合材料,金属橡胶板,medium,金属橡胶复合材料常被称为金属橡胶板
1397-1,1397,橡胶、塑料及非金属材料 > 塑料材料及制品 > 橡塑复合材料,material,防静电橡塑板,抗静电橡塑板,high,防静电亦称抗静电，常称抗静电橡塑板
1397-1,1397,橡胶、塑料及非金属材料 > 塑料材料及制品 > 橡塑复合材料,material,防静电橡塑板,ESD橡塑板,medium,防静电在电工领域常被称为ESD
126-1,126,橡胶、塑料及非金属材料 > 橡胶材料及制品 > 其他橡胶材料,category,其他橡胶材料,橡胶杂件,medium,其他橡胶材料通常指非标或零星橡胶件，行业内常统称橡胶杂件
126-1,126,橡胶、塑料及非金属材料 > 橡胶材料及制品 > 其他橡胶材料,material,减震垫,橡胶减震垫,high,常用全称，强调材质
126-1,126,橡胶、塑料及非金属材料 > 橡胶材料及制品 > 其他橡胶材料,material,减震垫,缓冲胶垫,high,功能相似，现场混用
126-1,126,橡胶、塑料及非金属材料 > 橡胶材料及制品 > 其他橡胶材料,material,减震垫,防震胶垫,medium,突出防震功能
126-1,126,橡胶、塑料及非金属材料 > 橡胶材料及制品 > 其他橡胶材料,material,医用橡胶管,医用胶管,high,省略'橡胶'的简称
126-1,126,橡胶、塑料及非金属材料 > 橡胶材料及制品 > 其他橡胶材料,material,医用橡胶管,医疗胶管,medium,行业通称
126-1,126,橡胶、塑料及非金属材料 > 橡胶材料及制品 > 其他橡胶材料,material,塞子胶垫,堵头胶垫,medium,用于塞子封堵，现场叫法
126-1,126,橡胶、塑料及非金属材料 > 橡胶材料及制品 > 其他橡胶材料,material,塞子胶垫,密封胶塞垫,low,强调密封功能
126-1,126,橡胶、塑料及非金属材料 > 橡胶材料及制品 > 其他橡胶材料,material,机柜脚,设备脚垫,high,泛指设备底部支撑垫
126-1,126,橡胶、塑料及非金属材料 > 橡胶材料及制品 > 其他橡胶材料,material,机柜脚,橡胶机脚,medium,明确材质和用途
126-1,126,橡胶、塑料及非金属材料 > 橡胶材料及制品 > 其他橡胶材料,material,机柜脚,机柜垫脚,medium,同义口语表达
126-1,126,橡胶、塑料及非金属材料 > 橡胶材料及制品 > 其他橡胶材料,material,橡胶垫,胶垫,high,最通用简称
126-1,126,橡胶、塑料及非金属材料 > 橡胶材料及制品 > 其他橡胶材料,material,橡胶垫,橡皮垫,medium,早期口语说法
126-1,126,橡胶、塑料及非金属材料 > 橡胶材料及制品 > 其他橡胶材料,material,橡胶塞,胶塞,high,通用简称
126-1,126,橡胶、塑料及非金属材料 > 橡胶材料及制品 > 其他橡胶材料,material,橡胶塞,橡皮塞,high,习惯叫法
126-1,126,橡胶、塑料及非金属材料 > 橡胶材料及制品 > 其他橡胶材料,material,橡胶塞,橡胶堵头,medium,用于堵塞时叫法
126-1,126,橡胶、塑料及非金属材料 > 橡胶材料及制品 > 其他橡胶材料,material,橡胶护舷,码头防撞条,medium,施工现场按功能描述
126-1,126,橡胶、塑料及非金属材料 > 橡胶材料及制品 > 其他橡胶材料,material,橡胶护舷,橡胶防撞护舷,medium,完整叫法
126-1,126,橡胶、塑料及非金属材料 > 橡胶材料及制品 > 其他橡胶材料,material,橡胶棒,橡胶棍,high,棒与棍同义
126-1,126,橡胶、塑料及非金属材料 > 橡胶材料及制品 > 其他橡胶材料,material,橡胶棒,胶棒,high,简称
126-1,126,橡胶、塑料及非金属材料 > 橡胶材料及制品 > 其他橡胶材料,material,橡胶缓冲块,缓冲胶块,high,材料与功能组合简称
126-1,126,橡胶、塑料及非金属材料 > 橡胶材料及制品 > 其他橡胶材料,material,橡胶缓冲块,橡胶减震块,medium,功能类似减震
126-1,126,橡胶、塑料及非金属材料 > 橡胶材料及制品 > 其他橡胶材料,material,橡胶颗粒,胶粒,high,现场简称
126-1,126,橡胶、塑料及非金属材料 > 橡胶材料及制品 > 其他橡胶材料,material,橡胶颗粒,橡胶粒,high,全称简略
126-1,126,橡胶、塑料及非金属材料 > 橡胶材料及制品 > 其他橡胶材料,material,氟丁腈橡胶垫,氟丁胶垫,medium,氟丁腈橡胶的简称
126-1,126,橡胶、塑料及非金属材料 > 橡胶材料及制品 > 其他橡胶材料,material,石棉橡胶垫,石棉胶垫,high,简称
126-1,126,橡胶、塑料及非金属材料 > 橡胶材料及制品 > 其他橡胶材料,material,石棉橡胶垫,石棉垫,high,更简略的叫法
126-1,126,橡胶、塑料及非金属材料 > 橡胶材料及制品 > 其他橡胶材料,material,石棉橡胶垫,耐热石棉垫,medium,突出耐热特性
126-1,126,橡胶、塑料及非金属材料 > 橡胶材料及制品 > 其他橡胶材料,material,零星橡胶件,橡胶杂件,high,行业内泛称
126-1,126,橡胶、塑料及非金属材料 > 橡胶材料及制品 > 其他橡胶材料,material,零星橡胶件,非标橡胶件,medium,强调无标准规格
1393-1,1393,橡胶、塑料及非金属材料 > 橡胶材料及制品 > 橡胶圈,category,橡胶圈,胶圈,high,橡胶圈的简称，现场口语常用
1393-1,1393,橡胶、塑料及非金属材料 > 橡胶材料及制品 > 橡胶圈,category,橡胶圈,橡胶密封圈,high,强调密封功能的通行叫法
1393-1,1393,橡胶、塑料及非金属材料 > 橡胶材料及制品 > 橡胶圈,category,橡胶圈,胶垫圈,medium,橡胶垫圈类产品的口语统称
1393-1,1393,橡胶、塑料及非金属材料 > 橡胶材料及制品 > 橡胶圈,material,丁腈耐油密封圈,丁腈圈,high,以材质简称代替全称
1393-1,1393,橡胶、塑料及非金属材料 > 橡胶材料及制品 > 橡胶圈,material,丁腈耐油密封圈,NBR密封圈,high,使用材质英文缩写NBR
1393-1,1393,橡胶、塑料及非金属材料 > 橡胶材料及制品 > 橡胶圈,material,丁腈耐油密封圈,耐油圈,high,突出耐油功能的口语叫法
1393-1,1393,橡胶、塑料及非金属材料 > 橡胶材料及制品 > 橡胶圈,material,弹性圈,弹力圈,low,口语中对弹性体的模糊描述
1393-1,1393,橡胶、塑料及非金属材料 > 橡胶材料及制品 > 橡胶圈,material,橡皮垫圈,橡皮垫,high,扁平形状的橡胶垫片俗称
1393-1,1393,橡胶、塑料及非金属材料 > 橡胶材料及制品 > 橡胶圈,material,橡皮垫圈,胶皮垫圈,high,突出胶皮材质的叫法
1393-1,1393,橡胶、塑料及非金属材料 > 橡胶材料及制品 > 橡胶圈,material,橡皮垫圈,胶垫,high,橡胶垫的简称
1393-1,1393,橡胶、塑料及非金属材料 > 橡胶材料及制品 > 橡胶圈,material,氟胶密封圈,氟胶圈,high,氟橡胶材质的简称
1393-1,1393,橡胶、塑料及非金属材料 > 橡胶材料及制品 > 橡胶圈,material,氟胶密封圈,FKM圈,high,氟橡胶的英文缩写
1393-1,1393,橡胶、塑料及非金属材料 > 橡胶材料及制品 > 橡胶圈,material,氟胶密封圈,氟橡胶密封圈,high,材料全称替代
1393-1,1393,橡胶、塑料及非金属材料 > 橡胶材料及制品 > 橡胶圈,material,玻璃钢胶圈,玻璃钢垫圈,medium,常见对玻璃钢制垫圈的叫法
1393-1,1393,橡胶、塑料及非金属材料 > 橡胶材料及制品 > 橡胶圈,material,玻璃钢胶圈,FRP胶圈,medium,玻璃钢英文缩写名称
1393-1,1393,橡胶、塑料及非金属材料 > 橡胶材料及制品 > 橡胶圈,material,硅胶密封圈,硅胶圈,high,硅橡胶的简称
1393-1,1393,橡胶、塑料及非金属材料 > 橡胶材料及制品 > 橡胶圈,material,硅胶密封圈,硅橡胶圈,high,材质全称
1393-1,1393,橡胶、塑料及非金属材料 > 橡胶材料及制品 > 橡胶圈,material,硅胶密封圈,硅胶O型圈,medium,常见截面形状的口语补充
163-1,163,水处理及环保设备 > 原水处理设备 > 水处理成套设备,category,水处理成套设备,成套水处理装置,medium,行业统称
163-1,163,水处理及环保设备 > 原水处理设备 > 水处理成套设备,category,水处理成套设备,一体化水处理设备,medium,成套设备常称为一体化设备
163-1,163,水处理及环保设备 > 原水处理设备 > 水处理成套设备,material,pcc水质处理站,PCC水处理站,medium,PCC为常见缩写口语保留
163-1,163,水处理及环保设备 > 原水处理设备 > 水处理成套设备,material,pcc水质处理站,物化处理站,medium,PCC常指物理化学处理，口语简称
163-1,163,水处理及环保设备 > 原水处理设备 > 水处理成套设备,material,中水净化器,中水过滤器,high,功能相似，口语常混用
163-1,163,水处理及环保设备 > 原水处理设备 > 水处理成套设备,material,中水净化器,中水净化机,high,小型一体化设备常见叫法
163-1,163,水处理及环保设备 > 原水处理设备 > 水处理成套设备,material,中水处理设备,中水回用装置,medium,强调回用功能时的叫法
163-1,163,水处理及环保设备 > 原水处理设备 > 水处理成套设备,material,中水处理设备,中水系统,medium,成套系统简称
163-1,163,水处理及环保设备 > 原水处理设备 > 水处理成套设备,material,动态水处理机组,动态水处理器,low,省略机组，常见于产品名
163-1,163,水处理及环保设备 > 原水处理设备 > 水处理成套设备,material,反渗透净水设备,RO净水设备,high,反渗透英文缩写RO通用
163-1,163,水处理及环保设备 > 原水处理设备 > 水处理成套设备,material,反渗透净水设备,反渗透装置,high,设备与装置常混用
163-1,163,水处理及环保设备 > 原水处理设备 > 水处理成套设备,material,反渗透净水设备,反渗透系统,high,成套称系统
163-1,163,水处理及环保设备 > 原水处理设备 > 水处理成套设备,material,旁流水处理系统,旁流过滤系统,high,强调过滤的旁流处理
163-1,163,水处理及环保设备 > 原水处理设备 > 水处理成套设备,material,旁流水处理系统,旁路水处理设备,medium,旁路与旁流同义
163-1,163,水处理及环保设备 > 原水处理设备 > 水处理成套设备,material,旁流水处理系统,旁滤系统,high,施工现场简称
163-1,163,水处理及环保设备 > 原水处理设备 > 水处理成套设备,material,电化学水处理器,电化学除垢器,medium,主要用于除垢，口语直呼
163-1,163,水处理及环保设备 > 原水处理设备 > 水处理成套设备,material,电化学水处理器,电化水处理器,low,缩略叫法
163-1,163,水处理及环保设备 > 原水处理设备 > 水处理成套设备,material,电子水处理器,电子除垢仪,high,最常见俗称
163-1,163,水处理及环保设备 > 原水处理设备 > 水处理成套设备,material,电子水处理器,电子水处理仪,high,产品名常用尾缀
163-1,163,水处理及环保设备 > 原水处理设备 > 水处理成套设备,material,电子水处理器,电子防垢器,medium,强调防垢功能
163-1,163,水处理及环保设备 > 原水处理设备 > 水处理成套设备,material,离子群处理机组,离子群水处理器,medium,机组也常称处理器
163-1,163,水处理及环保设备 > 原水处理设备 > 水处理成套设备,material,离子群处理机组,离子群处理设备,low,统称处理设备
1654-1,1654,水处理及环保设备 > 原水处理设备 > 水软化设备,category,水软化设备,软化水设备,high,水软化设备的全称常见叫法
1654-1,1654,水处理及环保设备 > 原水处理设备 > 水软化设备,category,水软化设备,软水设备,high,简称
1654-1,1654,水处理及环保设备 > 原水处理设备 > 水软化设备,category,水软化设备,软化系统,medium,工程中常说软化系统
1654-1,1654,水处理及环保设备 > 原水处理设备 > 水软化设备,material,自动软水器,全自动软水器,high,全自动是常见修饰
1654-1,1654,水处理及环保设备 > 原水处理设备 > 水软化设备,material,自动软水器,自动软水装置,medium,施工现场称装置
1654-1,1654,水处理及环保设备 > 原水处理设备 > 水软化设备,material,自动软水器,软水机,high,俗称，尤其小型设备
1654-1,1654,水处理及环保设备 > 原水处理设备 > 水软化设备,material,钠离子交换软水器,钠床,high,钠离子交换器的简称
1654-1,1654,水处理及环保设备 > 原水处理设备 > 水软化设备,material,钠离子交换软水器,钠离子交换器,high,去除软水二字，实际同义
1654-1,1654,水处理及环保设备 > 原水处理设备 > 水软化设备,material,钠离子交换软水器,钠型软化器,medium,以钠型树脂再生
1654-1,1654,水处理及环保设备 > 原水处理设备 > 水软化设备,material,钠离子交换软水器,钠离子交换罐,medium,罐体形式
1654-1,1654,水处理及环保设备 > 原水处理设备 > 水软化设备,material,阳离子交换器,阳床,high,阳离子交换器的简称
1654-1,1654,水处理及环保设备 > 原水处理设备 > 水软化设备,material,阳离子交换器,阳离子交换柱,medium,柱形设备
1654-1,1654,水处理及环保设备 > 原水处理设备 > 水软化设备,material,阳离子交换器,阳树脂罐,medium,内部装填阳树脂
1654-1,1654,水处理及环保设备 > 原水处理设备 > 水软化设备,material,阴离子交换器,阴床,high,阴离子交换器的简称
1654-1,1654,水处理及环保设备 > 原水处理设备 > 水软化设备,material,阴离子交换器,阴离子交换柱,medium,柱形设备
1654-1,1654,水处理及环保设备 > 原水处理设备 > 水软化设备,material,阴离子交换器,阴树脂罐,medium,内部装填阴树脂
1654-1,1654,水处理及环保设备 > 原水处理设备 > 水软化设备,material,阴阳离子交换器,混床,high,混合离子交换器的俗称
1654-1,1654,水处理及环保设备 > 原水处理设备 > 水软化设备,material,阴阳离子交换器,混合离子交换器,high,全称
1654-1,1654,水处理及环保设备 > 原水处理设备 > 水软化设备,material,阴阳离子交换器,混合床离子交换器,medium,另一种全称
1656-1,1656,水处理及环保设备 > 原水处理设备 > 膜与膜设备,category,膜与膜设备,膜设备,medium,泛指各类膜过滤设备，在施工现场统称膜设备
1656-1,1656,水处理及环保设备 > 原水处理设备 > 膜与膜设备,category,膜与膜设备,膜系统,medium,泛指膜过滤系统，采购中常统称膜系统
1656-1,1656,水处理及环保设备 > 原水处理设备 > 膜与膜设备,material,MBR膜及装置,MBR膜系统,high,习惯简称，指代整套MBR膜生物反应器装置
1656-1,1656,水处理及环保设备 > 原水处理设备 > 膜与膜设备,material,MBR膜及装置,MBR膜组件,medium,现场常用叫法，指MBR膜单元及配套组件
1656-1,1656,水处理及环保设备 > 原水处理设备 > 膜与膜设备,material,MBR膜及装置,MBR膜,high,采购口语中直接以膜代指整套装置
1656-1,1656,水处理及环保设备 > 原水处理设备 > 膜与膜设备,material,反渗透膜,RO膜,high,反渗透膜的标准行业简称
1656-1,1656,水处理及环保设备 > 原水处理设备 > 膜与膜设备,material,反渗透膜及装置,RO系统,high,反渗透装置的系统级叫法
1656-1,1656,水处理及环保设备 > 原水处理设备 > 膜与膜设备,material,反渗透膜及装置,RO装置,high,反渗透装置的通用简称
1656-1,1656,水处理及环保设备 > 原水处理设备 > 膜与膜设备,material,反渗透膜及装置,反渗透系统,medium,指代含膜组件在内的成套反渗透设备
1656-1,1656,水处理及环保设备 > 原水处理设备 > 膜与膜设备,material,微滤膜及装置,MF膜装置,medium,微滤膜装置的简称
1656-1,1656,水处理及环保设备 > 原水处理设备 > 膜与膜设备,material,微滤膜及装置,微滤系统,high,施工现场常称微滤系统
1656-1,1656,水处理及环保设备 > 原水处理设备 > 膜与膜设备,material,电渗析(离子交换膜)器,电渗析器,high,电渗析设备的通用口语叫法
1656-1,1656,水处理及环保设备 > 原水处理设备 > 膜与膜设备,material,电渗析(离子交换膜)器,ED电渗析器,medium,电渗析(Electrodialysis)缩写加中文的混合叫法
1656-1,1656,水处理及环保设备 > 原水处理设备 > 膜与膜设备,material,电渗析(离子交换膜)器,ED系统,medium,电渗析系统的简称
1656-1,1656,水处理及环保设备 > 原水处理设备 > 膜与膜设备,material,纳滤膜及装置,NF膜装置,medium,纳滤膜装置的简称
1656-1,1656,水处理及环保设备 > 原水处理设备 > 膜与膜设备,material,纳滤膜及装置,纳滤系统,high,纳滤膜及成套设备的统称
1656-1,1656,水处理及环保设备 > 原水处理设备 > 膜与膜设备,material,超滤膜及装置,UF膜装置,medium,超滤膜装置的简称
1656-1,1656,水处理及环保设备 > 原水处理设备 > 膜与膜设备,material,超滤膜及装置,超滤系统,high,含超滤膜组件在内的成套设备统称
1661-1,1661,水处理及环保设备 > 污水处理设备 > 格栅类栏污设备,category,格栅类栏污设备,拦污格栅,high,水处理现场常将格栅类设备统称为拦污格栅
1661-1,1661,水处理及环保设备 > 污水处理设备 > 格栅类栏污设备,category,格栅类栏污设备,格栅除污机,high,该类设备主要功能为除污，采购与施工中常称格栅除污机
1661-1,1661,水处理及环保设备 > 污水处理设备 > 格栅类栏污设备,category,格栅类栏污设备,格栅清污机,high,同格栅除污机，清污机为常见别称
1661-1,1661,水处理及环保设备 > 污水处理设备 > 格栅类栏污设备,material,人工格栅,手动格栅,high,人工格栅依靠手动清理，施工现场常用手动格栅称呼
1661-1,1661,水处理及环保设备 > 污水处理设备 > 格栅类栏污设备,material,人工格栅,人工清污格栅,medium,明确采用人工清污的方式，采购清单中偶尔使用
1661-1,1661,水处理及环保设备 > 污水处理设备 > 格栅类栏污设备,material,机械格栅,自动格栅,high,机械驱动自动清污，常被叫做自动格栅
1661-1,1661,水处理及环保设备 > 污水处理设备 > 格栅类栏污设备,material,机械格栅,电动格栅,medium,常见机械格栅由电机驱动，口语可称电动格栅
1661-1,1661,水处理及环保设备 > 污水处理设备 > 格栅类栏污设备,material,机械格栅,机械清污格栅,medium,强调机械清污方式，技术交流中可能使用
1661-1,1661,水处理及环保设备 > 污水处理设备 > 格栅类栏污设备,material,水利清除格栅,水力清污格栅,medium,利用水力自动清除污物，行业常称水力清污格栅
1661-1,1661,水处理及环保设备 > 污水处理设备 > 格栅类栏污设备,material,水利清除格栅,水力自清格栅,medium,强调水力自清洁功能，部分厂商称呼
1672-1,1672,水处理及环保设备 > 环保设备 > 噪音防护设施,category,噪音防护设施,降噪设施,medium,口头或采购中常将噪音防护统称降噪
1672-1,1672,水处理及环保设备 > 环保设备 > 噪音防护设施,category,噪音防护设施,噪声治理设施,medium,环保领域常用说法
1672-1,1672,水处理及环保设备 > 环保设备 > 噪音防护设施,material,防噪声屏,声屏障,high,交通、市政工程中标准叫法
1672-1,1672,水处理及环保设备 > 环保设备 > 噪音防护设施,material,防噪声屏,隔音屏,high,施工现场口语化叫法
1672-1,1672,水处理及环保设备 > 环保设备 > 噪音防护设施,material,防噪声屏,隔音屏障,medium,采购中常见俗称
1669-1,1669,水处理及环保设备 > 环保设备 > 垃圾处理设施,material,垃圾处理器,厨余垃圾处理器,high,家庭用垃圾处理器常见用于处理厨余
1669-1,1669,水处理及环保设备 > 环保设备 > 垃圾处理设施,material,垃圾处理器,食物垃圾处理器,high,强调处理食物残渣的功能
1669-1,1669,水处理及环保设备 > 环保设备 > 垃圾处理设施,material,垃圾处理器,垃圾粉碎机,medium,通过粉碎实现处理，俗称垃圾粉碎机
1669-1,1669,水处理及环保设备 > 环保设备 > 垃圾处理设施,material,垃圾破碎机,垃圾撕碎机,high,破碎常用撕碎方式实现，现场也这样叫
1669-1,1669,水处理及环保设备 > 环保设备 > 垃圾处理设施,material,垃圾破碎机,固废破碎机,medium,在固废处理领域常称固废破碎机
1669-1,1669,水处理及环保设备 > 环保设备 > 垃圾处理设施,material,破袋机,破袋器,high,口语化简称
1669-1,1669,水处理及环保设备 > 环保设备 > 垃圾处理设施,material,破袋机,自动破袋机,high,强调自动化运行
1670-1,1670,水处理及环保设备 > 环保设备 > 环保厕所,material,免水冲打包式卫生间,打包厕所,high,施工现场及采购中常用简称
1670-1,1670,水处理及环保设备 > 环保设备 > 环保厕所,material,免水冲打包式卫生间,打包式卫生间,high,省略‘免水冲’的常见叫法
1670-1,1670,水处理及环保设备 > 环保设备 > 环保厕所,material,免水冲打包式卫生间,无水打包厕所,medium,突出免水特征并保留打包属性
1670-1,1670,水处理及环保设备 > 环保设备 > 环保厕所,material,循环水环保生态卫生间,循环水厕所,high,采购与施工中口语化简称
1670-1,1670,水处理及环保设备 > 环保设备 > 环保厕所,material,循环水环保生态卫生间,水循环卫生间,medium,调换词序的常见俗称
1670-1,1670,水处理及环保设备 > 环保设备 > 环保厕所,material,循环水环保生态卫生间,循环冲洗厕所,medium,强调水循环主要功能
1670-1,1670,水处理及环保设备 > 环保设备 > 环保厕所,material,泡沫封闭式卫生间,泡沫厕所,high,最通用简称
1670-1,1670,水处理及环保设备 > 环保设备 > 环保厕所,material,泡沫封闭式卫生间,泡沫封堵厕所,high,基于核心技术特征的行业名称
1670-1,1670,水处理及环保设备 > 环保设备 > 环保厕所,material,泡沫封闭式卫生间,发泡厕所,medium,突出泡沫生成方式
1668-1,1668,水处理及环保设备 > 环保设备 > 除尘设备,category,除尘设备,除尘器,high,行业内统称除尘设备为除尘器
1668-1,1668,水处理及环保设备 > 环保设备 > 除尘设备,category,除尘设备,收尘设备,medium,水泥、冶金等行业常称收尘设备
1668-1,1668,水处理及环保设备 > 环保设备 > 除尘设备,material,惯性除尘器,惯性力除尘器,medium,利用惯性力原理，工程中常用全称
1668-1,1668,水处理及环保设备 > 环保设备 > 除尘设备,material,惯性除尘器,挡板除尘器,medium,内部设有挡板改变气流方向，俗名
1668-1,1668,水处理及环保设备 > 环保设备 > 除尘设备,material,旋风除尘器,旋风分离器,high,化工、电力行业常用叫法
1668-1,1668,水处理及环保设备 > 环保设备 > 除尘设备,material,旋风除尘器,旋风收尘器,high,水泥行业收尘系统常用名
1668-1,1668,水处理及环保设备 > 环保设备 > 除尘设备,material,洗涤式除尘设备,湿式除尘器,high,行业通用称谓
1668-1,1668,水处理及环保设备 > 环保设备 > 除尘设备,material,洗涤式除尘设备,水浴除尘器,medium,一种洗涤形式，现场有时混称
1668-1,1668,水处理及环保设备 > 环保设备 > 除尘设备,material,磁力除尘设备,磁除尘器,medium,简化的口语叫法
1668-1,1668,水处理及环保设备 > 环保设备 > 除尘设备,material,离心除尘设备,离心式除尘器,high,标准名称的全称形式
1668-1,1668,水处理及环保设备 > 环保设备 > 除尘设备,material,袋式除尘器,布袋除尘器,high,施工现场及采购极常用叫法
1668-1,1668,水处理及环保设备 > 环保设备 > 除尘设备,material,袋式除尘器,袋式收尘器,high,水泥、冶金行业常用
1668-1,1668,水处理及环保设备 > 环保设备 > 除尘设备,material,重力除尘设备,重力沉降室,high,利用重力沉降原理的通俗名称
1668-1,1668,水处理及环保设备 > 环保设备 > 除尘设备,material,重力除尘设备,沉降除尘器,medium,现场口语简称
1668-1,1668,水处理及环保设备 > 环保设备 > 除尘设备,material,除尘系统,收尘系统,medium,建材、冶金行业对除尘系统的统称
1668-1,1668,水处理及环保设备 > 环保设备 > 除尘设备,material,除尘系统,除尘装置,medium,通用别称
1668-1,1668,水处理及环保设备 > 环保设备 > 除尘设备,material,静电除尘设备,电除尘器,high,业内标准简称
1668-1,1668,水处理及环保设备 > 环保设备 > 除尘设备,material,静电除尘设备,静电收尘器,high,电力、水泥行业常见叫法
1668-1,1668,水处理及环保设备 > 环保设备 > 除尘设备,material,颗粒除尘设备,颗粒层除尘器,medium,该类设备的标准全称
1667-1,1667,水处理及环保设备 > 环保设备 > 除气设备,category,除气设备,脱气设备,medium,脱气与除气同义，常用于水处理工程
1667-1,1667,水处理及环保设备 > 环保设备 > 除气设备,category,除气设备,除氧器,medium,口语中常以除氧器泛指各类除氧除气设备
1667-1,1667,水处理及环保设备 > 环保设备 > 除气设备,category,除气设备,除气机,medium,口语简称
1667-1,1667,水处理及环保设备 > 环保设备 > 除气设备,material,低位热力除氧器,低位除氧器,medium,省略热力，强调低位安装形式
1667-1,1667,水处理及环保设备 > 环保设备 > 除气设备,material,全自动真空脱气机,真空脱气机,high,省略全自动，最常见简称
1667-1,1667,水处理及环保设备 > 环保设备 > 除气设备,material,真空除氧器,真空脱氧器,medium,脱氧与除氧同义
1667-1,1667,水处理及环保设备 > 环保设备 > 除气设备,material,除碳器(鼓风填料式),除二氧化碳器,high,该设备主要去除水中二氧化碳，现场常以此称呼
1667-1,1667,水处理及环保设备 > 环保设备 > 除气设备,material,除碳器(鼓风填料式),脱碳器,medium,脱碳是除碳的另一种说法
1570-1,1570,水暖器材及热水、采暖锅炉设备 > 散热器 > 散热器专用配件,category,散热器专用配件,暖气片配件,medium,采购和安装中常将散热器称为暖气片，其配件统称暖气片配件
1570-1,1570,水暖器材及热水、采暖锅炉设备 > 散热器 > 散热器专用配件,category,散热器专用配件,散热器配件,high,该类目的通用简称
1570-1,1570,水暖器材及热水、采暖锅炉设备 > 散热器 > 散热器专用配件,material,丝堵,堵头,high,施工现场最通用的叫法，指封闭管口的零件
1570-1,1570,水暖器材及热水、采暖锅炉设备 > 散热器 > 散热器专用配件,material,丝堵,管堵,medium,泛指管道上的丝扣堵头
1570-1,1570,水暖器材及热水、采暖锅炉设备 > 散热器 > 散热器专用配件,material,加水斗,补水斗,medium,用于散热器系统补水，俗称补水斗
1570-1,1570,水暖器材及热水、采暖锅炉设备 > 散热器 > 散热器专用配件,material,加水斗,灌水斗,low,安装或调试时灌水用的小型漏斗状配件
1570-1,1570,水暖器材及热水、采暖锅炉设备 > 散热器 > 散热器专用配件,material,固定卡,卡子,high,工人对各类卡扣式固定件的统称
1570-1,1570,水暖器材及热水、采暖锅炉设备 > 散热器 > 散热器专用配件,material,固定卡,固定卡子,high,固定卡的完整口语叫法
1570-1,1570,水暖器材及热水、采暖锅炉设备 > 散热器 > 散热器专用配件,material,圆管片头,圆片头,medium,散热器圆管端部的装饰封头，简称圆片头
1570-1,1570,水暖器材及热水、采暖锅炉设备 > 散热器 > 散热器专用配件,material,小圆门扣盖,检修口盖,medium,小圆门常用于遮盖检修口，现场常称检修口盖
1570-1,1570,水暖器材及热水、采暖锅炉设备 > 散热器 > 散热器专用配件,material,小圆门扣盖,圆门盖,low,外形如小门，圆形，直接简称
1570-1,1570,水暖器材及热水、采暖锅炉设备 > 散热器 > 散热器专用配件,material,尾件,尾堵,medium,散热器末端的堵头配件
1570-1,1570,水暖器材及热水、采暖锅炉设备 > 散热器 > 散热器专用配件,material,托勾,托钩,high,现场普遍写作‘托钩’，同物异写
1570-1,1570,水暖器材及热水、采暖锅炉设备 > 散热器 > 散热器专用配件,material,托勾,挂钩,medium,散热器挂装用的钩子
1570-1,1570,水暖器材及热水、采暖锅炉设备 > 散热器 > 散热器专用配件,material,放气阀堵,气堵,high,放气阀上专用的堵头，口语简化
1570-1,1570,水暖器材及热水、采暖锅炉设备 > 散热器 > 散热器专用配件,material,放气阀堵,放气堵头,high,明确功能的叫法
1570-1,1570,水暖器材及热水、采暖锅炉设备 > 散热器 > 散热器专用配件,material,散热器专用管接头,对丝,high,散热器连接中最常用的内外丝接头俗称
1570-1,1570,水暖器材及热水、采暖锅炉设备 > 散热器 > 散热器专用配件,material,散热器专用管接头,暖气片接头,high,直接指明用于暖气片的接头
1570-1,1570,水暖器材及热水、采暖锅炉设备 > 散热器 > 散热器专用配件,material,散热器专用管接头,散热器接头,medium,通俗简称
1570-1,1570,水暖器材及热水、采暖锅炉设备 > 散热器 > 散热器专用配件,material,普通扣盖,装饰盖,high,覆盖外露管端或螺钉的装饰性盖子
1570-1,1570,水暖器材及热水、采暖锅炉设备 > 散热器 > 散热器专用配件,material,混水器,混水阀,high,集成混水功能的阀门组件
1570-1,1570,水暖器材及热水、采暖锅炉设备 > 散热器 > 散热器专用配件,material,混水器,混水中心,medium,地暖或散热器系统中对混水装置的俗称
1570-1,1570,水暖器材及热水、采暖锅炉设备 > 散热器 > 散热器专用配件,material,胶垫,胶皮垫,high,橡胶材质的平垫片，现场普遍叫法
1570-1,1570,水暖器材及热水、采暖锅炉设备 > 散热器 > 散热器专用配件,material,胶垫,密封垫,medium,强调密封功能的通用叫法
1570-1,1570,水暖器材及热水、采暖锅炉设备 > 散热器 > 散热器专用配件,material,膨胀螺丝,膨胀螺栓,high,正式名称和俗名通用
1570-1,1570,水暖器材及热水、采暖锅炉设备 > 散热器 > 散热器专用配件,material,膨胀螺丝,胀管螺丝,medium,突出塑料胀管的叫法
1570-1,1570,水暖器材及热水、采暖锅炉设备 > 散热器 > 散热器专用配件,material,膨胀螺丝,拉爆螺丝,low,南方部分地区习惯叫法
1571-1,1571,水暖器材及热水、采暖锅炉设备 > 散热器 > 散热器温控阀,category,散热器温控阀,温控阀,high,散热器温控阀的通用简称
1571-1,1571,水暖器材及热水、采暖锅炉设备 > 散热器 > 散热器温控阀,category,散热器温控阀,恒温阀,high,温控阀的常见俗称，强调恒温功能
1571-1,1571,水暖器材及热水、采暖锅炉设备 > 散热器 > 散热器温控阀,category,散热器温控阀,暖气调节阀,medium,施工现场对散热器温控阀的口语叫法
1571-1,1571,水暖器材及热水、采暖锅炉设备 > 散热器 > 散热器温控阀,material,暖气H型阀,H阀,high,根据外形特征简化的现场叫法
1571-1,1571,水暖器材及热水、采暖锅炉设备 > 散热器 > 散热器温控阀,material,暖气H型阀,H型温控阀,high,完整名称的口语简化
1571-1,1571,水暖器材及热水、采暖锅炉设备 > 散热器 > 散热器温控阀,material,暖气H型阀,暖气H阀,medium,暖通采购中常见的简称
1571-1,1571,水暖器材及热水、采暖锅炉设备 > 散热器 > 散热器温控阀,material,暖气三通温控阀,三通温控阀,high,省略暖气二字的常用叫法
1571-1,1571,水暖器材及热水、采暖锅炉设备 > 散热器 > 散热器温控阀,material,暖气三通温控阀,三通阀,high,施工现场的简洁称呼
1571-1,1571,水暖器材及热水、采暖锅炉设备 > 散热器 > 散热器温控阀,material,暖气三通温控阀,暖气三通阀,medium,采购清单中的习惯简称
1571-1,1571,水暖器材及热水、采暖锅炉设备 > 散热器 > 散热器温控阀,material,暖气直通式温控阀,直通温控阀,high,标准命名的口语缩减
1571-1,1571,水暖器材及热水、采暖锅炉设备 > 散热器 > 散热器温控阀,material,暖气直通式温控阀,直通阀,high,根据连接方式简称
1571-1,1571,水暖器材及热水、采暖锅炉设备 > 散热器 > 散热器温控阀,material,暖气直通式温控阀,暖气直通阀,medium,现场施工中的常用叫法
1571-1,1571,水暖器材及热水、采暖锅炉设备 > 散热器 > 散热器温控阀,material,暖气角式温控阀,角式温控阀,high,省略暖气的标准简化
1571-1,1571,水暖器材及热水、采暖锅炉设备 > 散热器 > 散热器温控阀,material,暖气角式温控阀,暖气角阀,high,强调暖气用角式阀门
1571-1,1571,水暖器材及热水、采暖锅炉设备 > 散热器 > 散热器温控阀,material,暖气角式温控阀,角阀,medium,施工口语中可能直接称呼，但易与卫浴角阀混淆
1573-1,1573,水暖器材及热水、采暖锅炉设备 > 水暖器材及设备 > 地暖分、集水器,material,七分水器,七路分水器,high,口语中按路数称代替几分水器
1573-1,1573,水暖器材及热水、采暖锅炉设备 > 水暖器材及设备 > 地暖分、集水器,material,三分水器,三路分水器,high,口语中按路数称代替几分水器
1573-1,1573,水暖器材及热水、采暖锅炉设备 > 水暖器材及设备 > 地暖分、集水器,material,二分水器,二路分水器,high,口语中按路数称代替几分水器
1573-1,1573,水暖器材及热水、采暖锅炉设备 > 水暖器材及设备 > 地暖分、集水器,material,二分水器,两路分水器,medium,口语中按路数称代替几分水器
1573-1,1573,水暖器材及热水、采暖锅炉设备 > 水暖器材及设备 > 地暖分、集水器,material,五分水器,五路分水器,high,口语中按路数称代替几分水器
1573-1,1573,水暖器材及热水、采暖锅炉设备 > 水暖器材及设备 > 地暖分、集水器,material,八分水器,八路分水器,high,口语中按路数称代替几分水器
1573-1,1573,水暖器材及热水、采暖锅炉设备 > 水暖器材及设备 > 地暖分、集水器,material,六分水器,六路分水器,high,口语中按路数称代替几分水器
1573-1,1573,水暖器材及热水、采暖锅炉设备 > 水暖器材及设备 > 地暖分、集水器,material,分水器,分集水器,high,分水器和集水器通常组合称呼
1573-1,1573,水暖器材及热水、采暖锅炉设备 > 水暖器材及设备 > 地暖分、集水器,material,分水器,上杠,medium,施工现场对分水器的口语叫法
1573-1,1573,水暖器材及热水、采暖锅炉设备 > 水暖器材及设备 > 地暖分、集水器,material,四分水器,四路分水器,high,口语中按路数称代替几分水器
1573-1,1573,水暖器材及热水、采暖锅炉设备 > 水暖器材及设备 > 地暖分、集水器,material,滤水器,过滤器,high,滤水器即过滤器，通用简称
1573-1,1573,水暖器材及热水、采暖锅炉设备 > 水暖器材及设备 > 地暖分、集水器,material,滤水器,Y型过滤器,medium,常见的Y型过滤器也被称为滤水器
1573-1,1573,水暖器材及热水、采暖锅炉设备 > 水暖器材及设备 > 地暖分、集水器,material,集水器,回水器,high,集水器收集回水，俗称回水器
1573-1,1573,水暖器材及热水、采暖锅炉设备 > 水暖器材及设备 > 地暖分、集水器,material,集水器,集水杠,medium,现场口语称集水杠
1573-1,1573,水暖器材及热水、采暖锅炉设备 > 水暖器材及设备 > 地暖分、集水器,material,集水器,下杠,medium,施工现场与分水器对称的下杠
1578-1,1578,水暖器材及热水、采暖锅炉设备 > 水暖器材及设备 > 水锤吸纳器,category,水锤吸纳器,水锤消除器,high,水锤吸纳器的通用俗称
1578-1,1578,水暖器材及热水、采暖锅炉设备 > 水暖器材及设备 > 水锤吸纳器,category,水锤吸纳器,水锤吸收器,high,功能相近的叫法
1578-1,1578,水暖器材及热水、采暖锅炉设备 > 水暖器材及设备 > 水锤吸纳器,category,水锤吸纳器,水击防止器,medium,水锤也称水击，防止水击装置
1578-1,1578,水暖器材及热水、采暖锅炉设备 > 水暖器材及设备 > 水锤吸纳器,material,活塞气囊式水锤吸纳器,活塞式水锤消除器,high,突出活塞结构的口语叫法
1578-1,1578,水暖器材及热水、采暖锅炉设备 > 水暖器材及设备 > 水锤吸纳器,material,活塞气囊式水锤吸纳器,活塞气囊式水锤吸收器,high,将吸纳器替换为吸收器
1578-1,1578,水暖器材及热水、采暖锅炉设备 > 水暖器材及设备 > 水锤吸纳器,material,隔膜气囊式水锤吸纳器,隔膜式水锤消除器,high,突出隔膜结构的口语叫法
1578-1,1578,水暖器材及热水、采暖锅炉设备 > 水暖器材及设备 > 水锤吸纳器,material,隔膜气囊式水锤吸纳器,隔膜气囊式水锤吸收器,high,将吸纳器替换为吸收器
1577-1,1577,水暖器材及热水、采暖锅炉设备 > 水暖器材及设备 > 膨胀水箱,category,膨胀水箱,膨胀罐,high,膨胀水箱在暖通施工中常被简称为膨胀罐
1577-1,1577,水暖器材及热水、采暖锅炉设备 > 水暖器材及设备 > 膨胀水箱,material,定压补水脱气机组,定压补水装置,medium,该机组通常集成了定压和补水功能，采购和施工中常简称为定压补水装置
1577-1,1577,水暖器材及热水、采暖锅炉设备 > 水暖器材及设备 > 膨胀水箱,material,定压补水脱气机组,定压脱气补水机,medium,强调脱气功能的别称，在技术交流中偶有使用
1577-1,1577,水暖器材及热水、采暖锅炉设备 > 水暖器材及设备 > 膨胀水箱,material,落地式膨胀水箱,落地膨胀罐,medium,落地式膨胀水箱本质上是一种膨胀罐，施工现场常直接称为落地膨胀罐
1576-1,1576,水暖器材及热水、采暖锅炉设备 > 水暖器材及设备 > 除污器,category,除污器,过滤器,medium,水暖施工中常将管路除污器统称为过滤器
1576-1,1576,水暖器材及热水、采暖锅炉设备 > 水暖器材及设备 > 除污器,category,除污器,除砂器,low,有时用于除去大颗粒杂质，被称为除砂器
1576-1,1576,水暖器材及热水、采暖锅炉设备 > 水暖器材及设备 > 除污器,category,除污器,排污器,low,功能为排除污物，口头上常叫排污器
1576-1,1576,水暖器材及热水、采暖锅炉设备 > 水暖器材及设备 > 除污器,material,卧式直通除污器,直通式除污器,high,进出管在同一轴线
1576-1,1576,水暖器材及热水、采暖锅炉设备 > 水暖器材及设备 > 除污器,material,卧式直通除污器,卧式直通,medium,施工现场口语简化称呼
1576-1,1576,水暖器材及热水、采暖锅炉设备 > 水暖器材及设备 > 除污器,material,卧式角通除污器,角通除污器,high,进出管成角度，称角通
1576-1,1576,水暖器材及热水、采暖锅炉设备 > 水暖器材及设备 > 除污器,material,卧式角通除污器,卧式角通,medium,施工现场口语简化
1576-1,1576,水暖器材及热水、采暖锅炉设备 > 水暖器材及设备 > 除污器,material,反冲洗型卧式除污器,反冲洗除污器,high,强调可反冲洗功能
1576-1,1576,水暖器材及热水、采暖锅炉设备 > 水暖器材及设备 > 除污器,material,反冲洗型卧式除污器,反冲洗排污器,low,少数称法
1576-1,1576,水暖器材及热水、采暖锅炉设备 > 水暖器材及设备 > 除污器,material,旋流式除污器,旋流除污器,high,省略式
1576-1,1576,水暖器材及热水、采暖锅炉设备 > 水暖器材及设备 > 除污器,material,旋流式除污器,离心除污器,medium,利用离心原理
1576-1,1576,水暖器材及热水、采暖锅炉设备 > 水暖器材及设备 > 除污器,material,旋流式除污器,旋流除砂器,medium,侧重除砂功能
1576-1,1576,水暖器材及热水、采暖锅炉设备 > 水暖器材及设备 > 除污器,material,立式直通除污器,立式除污器,high,立式安装，口语简化
1576-1,1576,水暖器材及热水、采暖锅炉设备 > 水暖器材及设备 > 除污器,material,立式直通除污器,直通立式除污器,medium,语序变化
1576-1,1576,水暖器材及热水、采暖锅炉设备 > 水暖器材及设备 > 除污器,material,管道除污器,管线除污器,medium,安装在管线上
1576-1,1576,水暖器材及热水、采暖锅炉设备 > 水暖器材及设备 > 除污器,material,管道除污器,在线除污器,low,不停机在线排污
1576-1,1576,水暖器材及热水、采暖锅炉设备 > 水暖器材及设备 > 除污器,material,除污器卧式直通,卧式直通,medium,简称
1576-1,1576,水暖器材及热水、采暖锅炉设备 > 水暖器材及设备 > 除污器,material,除污器卧式直通,直通除污器,high,功能描述
1574-1,1574,水暖器材及热水、采暖锅炉设备 > 水暖器材及设备 > 集气罐,category,集气罐,集气包,high,施工现场常将集气罐俗称为集气包
1574-1,1574,水暖器材及热水、采暖锅炉设备 > 水暖器材及设备 > 集气罐,material,卧式集气罐,横式集气罐,high,卧式即横向，口语中常称横式
1574-1,1574,水暖器材及热水、采暖锅炉设备 > 水暖器材及设备 > 集气罐,material,卧式集气罐,卧式集气包,high,集气罐的口语别称
1574-1,1574,水暖器材及热水、采暖锅炉设备 > 水暖器材及设备 > 集气罐,material,立式集气罐,竖式集气罐,high,立式即竖向，口语中常称竖式
1574-1,1574,水暖器材及热水、采暖锅炉设备 > 水暖器材及设备 > 集气罐,material,立式集气罐,立式集气包,high,集气罐的口语别称
1575-1,1575,水暖器材及热水、采暖锅炉设备 > 水暖器材及设备 > 集热器,category,集热器,太阳能集热器,high,集热器的通用俗称
1575-1,1575,水暖器材及热水、采暖锅炉设备 > 水暖器材及设备 > 集热器,material,全玻璃真空管太阳能集热器,真空管集热器,high,施工现场最常用简称
1575-1,1575,水暖器材及热水、采暖锅炉设备 > 水暖器材及设备 > 集热器,material,全玻璃真空管太阳能集热器,真空管太阳能,high,口语简化叫法
1575-1,1575,水暖器材及热水、采暖锅炉设备 > 水暖器材及设备 > 集热器,material,全玻璃真空管太阳能集热器,玻璃真空管集热器,medium,强调玻璃材质的行业别称
1575-1,1575,水暖器材及热水、采暖锅炉设备 > 水暖器材及设备 > 集热器,material,平板型太阳能集热器,平板集热器,high,最常见简称
1575-1,1575,水暖器材及热水、采暖锅炉设备 > 水暖器材及设备 > 集热器,material,平板型太阳能集热器,平板太阳能,high,市场及口语常用
1575-1,1575,水暖器材及热水、采暖锅炉设备 > 水暖器材及设备 > 集热器,material,平板型太阳能集热器,平板式集热器,medium,带式字的别称
1583-1,1583,水暖器材及热水、采暖锅炉设备 > 热水、采暖设备 > 采暖炉,category,采暖炉,采暖锅炉,high,水暖施工中常将采暖炉统称为采暖锅炉
1583-1,1583,水暖器材及热水、采暖锅炉设备 > 热水、采暖设备 > 采暖炉,category,采暖炉,取暖炉,high,日常口语中取暖炉与采暖炉混用
1583-1,1583,水暖器材及热水、采暖锅炉设备 > 热水、采暖设备 > 采暖炉,category,采暖炉,暖气炉,medium,北方地区家庭采暖的俗称
1583-1,1583,水暖器材及热水、采暖锅炉设备 > 热水、采暖设备 > 采暖炉,category,采暖炉,供暖炉,medium,同义叫法
1583-1,1583,水暖器材及热水、采暖锅炉设备 > 热水、采暖设备 > 采暖炉,material,燃气采暖炉,燃气炉,high,燃气采暖炉的通用简称
1583-1,1583,水暖器材及热水、采暖锅炉设备 > 热水、采暖设备 > 采暖炉,material,燃气采暖炉,天然气采暖炉,medium,气源为天然气时的具体叫法
1583-1,1583,水暖器材及热水、采暖锅炉设备 > 热水、采暖设备 > 采暖炉,material,燃气采暖炉,燃气锅炉,medium,小型燃气热水锅炉在采购中的叫法
1583-1,1583,水暖器材及热水、采暖锅炉设备 > 热水、采暖设备 > 采暖炉,material,燃油采暖炉,燃油炉,high,省略采暖的简称
1583-1,1583,水暖器材及热水、采暖锅炉设备 > 热水、采暖设备 > 采暖炉,material,燃油采暖炉,柴油采暖炉,high,以柴油为主要燃料的常见叫法
1583-1,1583,水暖器材及热水、采暖锅炉设备 > 热水、采暖设备 > 采暖炉,material,燃油采暖炉,油炉,medium,施工现场最简化的口语
1583-1,1583,水暖器材及热水、采暖锅炉设备 > 热水、采暖设备 > 采暖炉,material,燃煤采暖炉,煤炉,high,燃煤采暖炉的高度简略叫法
1583-1,1583,水暖器材及热水、采暖锅炉设备 > 热水、采暖设备 > 采暖炉,material,燃煤采暖炉,燃煤炉,high,省略采暖
1583-1,1583,水暖器材及热水、采暖锅炉设备 > 热水、采暖设备 > 采暖炉,material,燃煤采暖炉,煤炭采暖炉,medium,明确燃料的称谓
1583-1,1583,水暖器材及热水、采暖锅炉设备 > 热水、采暖设备 > 采暖炉,material,燃煤采暖炉,土暖气,medium,北方乡镇自建房常用的小型燃煤采暖系统代称
1583-1,1583,水暖器材及热水、采暖锅炉设备 > 热水、采暖设备 > 采暖炉,material,电采暖炉,电锅炉,high,电加热水暖锅炉的通用简称
1583-1,1583,水暖器材及热水、采暖锅炉设备 > 热水、采暖设备 > 采暖炉,material,电采暖炉,电取暖炉,medium,口语中取暖与采暖混用
1583-1,1583,水暖器材及热水、采暖锅炉设备 > 热水、采暖设备 > 采暖炉,material,电采暖炉,电采暖锅炉,medium,行业内的全称混用
1587-1,1587,水暖器材及热水、采暖锅炉设备 > 锅炉设备 > 其他锅炉设备,material,冷凝水回收设备,冷凝水回收装置,high,施工现场及采购清单中常将此类设备统称为冷凝水回收装置
1587-1,1587,水暖器材及热水、采暖锅炉设备 > 锅炉设备 > 其他锅炉设备,material,冷凝水回收设备,凝结水回收器,high,基于其回收凝结水（即冷凝水）的功能，在技术和商务交流中常用
1587-1,1587,水暖器材及热水、采暖锅炉设备 > 锅炉设备 > 其他锅炉设备,material,冷凝水回收设备,冷凝水回收机,medium,口语化俗称，强调设备属性
1587-1,1587,水暖器材及热水、采暖锅炉设备 > 锅炉设备 > 其他锅炉设备,material,补水箱,补水罐,high,施工人员常根据箱体或罐体形状称呼
1587-1,1587,水暖器材及热水、采暖锅炉设备 > 锅炉设备 > 其他锅炉设备,material,补水箱,膨胀水箱,medium,在采暖/热水系统中，补水箱常具备膨胀功能，现场常混称膨胀水箱，但严格意义上膨胀水箱范围更广，此处作为常见别称
1587-1,1587,水暖器材及热水、采暖锅炉设备 > 锅炉设备 > 其他锅炉设备,material,补水箱,补水槽,medium,开口式或方形补水箱的口语叫法
1586-1,1586,水暖器材及热水、采暖锅炉设备 > 锅炉设备 > 锅炉,category,锅炉,蒸汽炉,medium,泛指各类蒸汽锅炉，不区分燃料
1586-1,1586,水暖器材及热水、采暖锅炉设备 > 锅炉设备 > 锅炉,category,锅炉,热水炉,medium,泛指各类热水锅炉，不区分燃料
1586-1,1586,水暖器材及热水、采暖锅炉设备 > 锅炉设备 > 锅炉,material,燃气热水锅炉,燃气热水炉,medium,口语简称
1586-1,1586,水暖器材及热水、采暖锅炉设备 > 锅炉设备 > 锅炉,material,燃气蒸汽锅炉,燃气蒸汽炉,medium,口语简称
1586-1,1586,水暖器材及热水、采暖锅炉设备 > 锅炉设备 > 锅炉,material,燃油热水锅炉,燃油热水炉,medium,口语简称
1586-1,1586,水暖器材及热水、采暖锅炉设备 > 锅炉设备 > 锅炉,material,燃油燃气热水锅炉,油气两用热水锅炉,high,双燃料口语叫法
1586-1,1586,水暖器材及热水、采暖锅炉设备 > 锅炉设备 > 锅炉,material,燃油燃气蒸汽锅炉,油气两用蒸汽锅炉,high,双燃料口语叫法
1586-1,1586,水暖器材及热水、采暖锅炉设备 > 锅炉设备 > 锅炉,material,燃油蒸汽锅炉,燃油蒸汽炉,medium,口语简称
1586-1,1586,水暖器材及热水、采暖锅炉设备 > 锅炉设备 > 锅炉,material,燃煤热水锅炉,燃煤热水炉,medium,口语简称
1586-1,1586,水暖器材及热水、采暖锅炉设备 > 锅炉设备 > 锅炉,material,燃煤蒸汽锅炉,燃煤蒸汽炉,medium,口语简称
1586-1,1586,水暖器材及热水、采暖锅炉设备 > 锅炉设备 > 锅炉,material,电热水锅炉,电热水炉,medium,口语简称
1586-1,1586,水暖器材及热水、采暖锅炉设备 > 锅炉设备 > 锅炉,material,电热水锅炉,电加热热水锅炉,medium,常见称法
1586-1,1586,水暖器材及热水、采暖锅炉设备 > 锅炉设备 > 锅炉,material,电蒸汽锅炉,电蒸汽炉,medium,口语简称
1586-1,1586,水暖器材及热水、采暖锅炉设备 > 锅炉设备 > 锅炉,material,电蒸汽锅炉,电加热蒸汽锅炉,medium,常见称法
1128-2,1128,水泥、砖瓦灰砂石及混凝土制品 > 砂石、粉、灰、土 > 灰、粉、土等掺合填充料,category,灰、粉、土等掺合填充料,掺合料,medium,施工现场常将灰、粉、土等掺合填充料简称为掺合料
1128-2,1128,水泥、砖瓦灰砂石及混凝土制品 > 砂石、粉、灰、土 > 灰、粉、土等掺合填充料,category,灰、粉、土等掺合填充料,填充粉料,medium,口语中对粉状填充料的统称
1128-2,1128,水泥、砖瓦灰砂石及混凝土制品 > 砂石、粉、灰、土 > 灰、粉、土等掺合填充料,material,高强石膏,α高强石膏,high,高强石膏的常见专业简称，特指α型半水石膏
1128-2,1128,水泥、砖瓦灰砂石及混凝土制品 > 砂石、粉、灰、土 > 灰、粉、土等掺合填充料,material,高强石膏,高强度石膏粉,medium,突出其强度和粉状的俗称
1128-2,1128,水泥、砖瓦灰砂石及混凝土制品 > 砂石、粉、灰、土 > 灰、粉、土等掺合填充料,material,黏土,粘土,high,黏土的通用俗写形式，采购文件中经常出现
1126-1,1126,水泥、砖瓦灰砂石及混凝土制品 > 砂石、粉、灰、土 > 石料,material,块状料石,块石,high,施工现场常将块状料石简称为块石
1126-1,1126,水泥、砖瓦灰砂石及混凝土制品 > 砂石、粉、灰、土 > 石料,material,大理石荒料,大理荒料,high,行业简称，省略‘石’字
1126-1,1126,水泥、砖瓦灰砂石及混凝土制品 > 砂石、粉、灰、土 > 石料,material,大理石荒料,大理石毛料,high,荒料即未经加工的毛料
1126-1,1126,水泥、砖瓦灰砂石及混凝土制品 > 砂石、粉、灰、土 > 石料,material,方状料石,方料石,medium,强调方形，俗称为方料石
1126-1,1126,水泥、砖瓦灰砂石及混凝土制品 > 砂石、粉、灰、土 > 石料,material,条状料石,条石,high,现场口语简称条石
1126-1,1126,水泥、砖瓦灰砂石及混凝土制品 > 砂石、粉、灰、土 > 石料,material,板石荒料,板石毛料,medium,荒料对应毛料
1126-1,1126,水泥、砖瓦灰砂石及混凝土制品 > 砂石、粉、灰、土 > 石料,material,毛平石,平毛石,medium,施工现场常倒置称呼
1126-1,1126,水泥、砖瓦灰砂石及混凝土制品 > 砂石、粉、灰、土 > 石料,material,毛石(角石),角石,high,括号内即为俗称，表示棱角分明的不规则石块
1126-1,1126,水泥、砖瓦灰砂石及混凝土制品 > 砂石、粉、灰、土 > 石料,material,毛石(角石),乱毛石,high,形状不规则的毛石又称乱毛石
1126-1,1126,水泥、砖瓦灰砂石及混凝土制品 > 砂石、粉、灰、土 > 石料,material,石灰岩荒料,石灰石荒料,high,石灰岩俗称石灰石
1126-1,1126,水泥、砖瓦灰砂石及混凝土制品 > 砂石、粉、灰、土 > 石料,material,粗料石,毛料石,high,粗加工料石常被称为毛料石
1126-1,1126,水泥、砖瓦灰砂石及混凝土制品 > 砂石、粉、灰、土 > 石料,material,粗料石,半细料石,medium,介于毛石与细料石之间，有时称半细料石
1126-1,1126,水泥、砖瓦灰砂石及混凝土制品 > 砂石、粉、灰、土 > 石料,material,细料石,清料石,medium,细凿加工的料石称为清料石
1126-1,1126,水泥、砖瓦灰砂石及混凝土制品 > 砂石、粉、灰、土 > 石料,material,细料石,精料石,medium,精加工料石的别称
1126-1,1126,水泥、砖瓦灰砂石及混凝土制品 > 砂石、粉、灰、土 > 石料,material,花岗岩荒料,麻石荒料,high,花岗岩在多地口语中称麻石
1126-1,1126,水泥、砖瓦灰砂石及混凝土制品 > 砂石、粉、灰、土 > 石料,material,花岗岩荒料,花岗石毛料,high,花岗岩亦称花岗石，荒料即毛料
1126-1,1126,水泥、砖瓦灰砂石及混凝土制品 > 砂石、粉、灰、土 > 石料,material,青石荒料,青石毛料,high,荒料对应毛料
1129-2,1129,水泥、砖瓦灰砂石及混凝土制品 > 砌砖、砌块 > 砌砖,category,砌砖,轻质砖,medium,施工现场常将蒸压加气混凝土砖和蒸压泡沫混凝土砖统称为轻质砖
1129-2,1129,水泥、砖瓦灰砂石及混凝土制品 > 砌砖、砌块 > 砌砖,material,烧结页岩空心砖,页岩空心砖,high,材料简称
1129-2,1129,水泥、砖瓦灰砂石及混凝土制品 > 砌砖、砌块 > 砌砖,material,烧结页岩空心砖,烧结空心砖,medium,材质隐含
1129-2,1129,水泥、砖瓦灰砂石及混凝土制品 > 砌砖、砌块 > 砌砖,material,红砖,红机砖,high,施工现场口语叫法
1129-2,1129,水泥、砖瓦灰砂石及混凝土制品 > 砌砖、砌块 > 砌砖,material,红砖,九五砖,medium,标准尺寸俗称，常指红砖
1129-2,1129,水泥、砖瓦灰砂石及混凝土制品 > 砌砖、砌块 > 砌砖,material,蒸压加气混凝土砌砖,加气块,high,施工现场最常用简称
1129-2,1129,水泥、砖瓦灰砂石及混凝土制品 > 砌砖、砌块 > 砌砖,material,蒸压加气混凝土砌砖,加气砖,high,口语简称
1129-2,1129,水泥、砖瓦灰砂石及混凝土制品 > 砌砖、砌块 > 砌砖,material,蒸压加气混凝土砌砖,加气混凝土砌块,high,通用简称
1129-2,1129,水泥、砖瓦灰砂石及混凝土制品 > 砌砖、砌块 > 砌砖,material,蒸压加气混凝土砌砖,蒸压加气块,medium,带工艺简称
1129-2,1129,水泥、砖瓦灰砂石及混凝土制品 > 砌砖、砌块 > 砌砖,material,蒸压泡沫混凝土砖,泡沫砖,medium,施工现场常用简称
1129-2,1129,水泥、砖瓦灰砂石及混凝土制品 > 砌砖、砌块 > 砌砖,material,蒸压泡沫混凝土砖,发泡砖,medium,工艺特征代称
1129-2,1129,水泥、砖瓦灰砂石及混凝土制品 > 砌砖、砌块 > 砌砖,material,蒸压泡沫混凝土砖,蒸压泡沫砖,medium,简化叫法
1129-2,1129,水泥、砖瓦灰砂石及混凝土制品 > 砌砖、砌块 > 砌砖,material,蒸压灰砂多孔砖,灰砂多孔砖,high,材料简称
1129-2,1129,水泥、砖瓦灰砂石及混凝土制品 > 砌砖、砌块 > 砌砖,material,蒸压灰砂实心砖,灰砂实心砖,high,材料简称
1129-2,1129,水泥、砖瓦灰砂石及混凝土制品 > 砌砖、砌块 > 砌砖,material,蒸压灰砂实心砖,灰砂砖,medium,常特指实心灰砂砖
1129-2,1129,水泥、砖瓦灰砂石及混凝土制品 > 砌砖、砌块 > 砌砖,material,蒸压灰砂标准砖,灰砂标准砖,high,材料简称
1129-2,1129,水泥、砖瓦灰砂石及混凝土制品 > 砌砖、砌块 > 砌砖,material,蒸压灰砂空心砖,灰砂空心砖,high,材料简称
1129-2,1129,水泥、砖瓦灰砂石及混凝土制品 > 砌砖、砌块 > 砌砖,material,蒸压粉煤灰多孔砖,粉煤灰多孔砖,high,材料简称
1129-2,1129,水泥、砖瓦灰砂石及混凝土制品 > 砌砖、砌块 > 砌砖,material,蒸压粉煤灰实心砖,粉煤灰实心砖,high,材料简称
1129-2,1129,水泥、砖瓦灰砂石及混凝土制品 > 砌砖、砌块 > 砌砖,material,蒸压粉煤灰标准砖,粉煤灰标准砖,high,材料简称
1129-2,1129,水泥、砖瓦灰砂石及混凝土制品 > 砌砖、砌块 > 砌砖,material,蒸压粉煤灰砖,粉煤灰砖,high,粉煤灰砖的通用俗称
1129-2,1129,水泥、砖瓦灰砂石及混凝土制品 > 砌砖、砌块 > 砌砖,material,蒸压粉煤灰空心砖,粉煤灰空心砖,high,材料简称
1129-2,1129,水泥、砖瓦灰砂石及混凝土制品 > 砌砖、砌块 > 砌砖,material,轻集料混凝土砖,轻集料砖,high,现场口语简化
1129-2,1129,水泥、砖瓦灰砂石及混凝土制品 > 砌砖、砌块 > 砌砖,material,轻集料混凝土砖,轻骨料混凝土砖,medium,轻集料又称轻骨料
1129-2,1129,水泥、砖瓦灰砂石及混凝土制品 > 砌砖、砌块 > 砌砖,material,陶粒砖,陶粒砌块,high,同义俗称
1129-2,1129,水泥、砖瓦灰砂石及混凝土制品 > 砌砖、砌块 > 砌砖,material,陶粒砖,陶粒混凝土砖,medium,完整名称简称
1541-2,1541,油品、化工原料及胶粘材料 > 化工原料 > 化工剂类,material,铝件清洁剂,洗铝水,medium,施工现场口语，指用于清洗铝件表面的液体
1541-2,1541,油品、化工原料及胶粘材料 > 化工原料 > 化工剂类,material,防冻液,冷却液,high,在建筑机械上常与防冻液混用，均指发动机冷却介质
1541-2,1541,油品、化工原料及胶粘材料 > 化工原料 > 化工剂类,material,阻垢剂,防垢剂,high,阻垢与防垢同义，常用于水处理领域
1541-2,1541,油品、化工原料及胶粘材料 > 化工原料 > 化工剂类,material,除味剂,去味剂,high,除味与去味语义相同，常互称
1541-2,1541,油品、化工原料及胶粘材料 > 化工原料 > 化工剂类,material,除油剂,去油剂,high,除油与去油口语中常通用
1541-2,1541,油品、化工原料及胶粘材料 > 化工原料 > 化工剂类,material,除油剂,脱脂剂,medium,除油剂在工业清洗中常被称为脱脂剂
1541-2,1541,油品、化工原料及胶粘材料 > 化工原料 > 化工剂类,material,除锈剂,去锈剂,high,除锈与去锈同义，口头常用
1541-2,1541,油品、化工原料及胶粘材料 > 化工原料 > 化工剂类,material,除锈剂,除锈水,medium,液态除锈剂在工地常被称为除锈水
1541-2,1541,油品、化工原料及胶粘材料 > 化工原料 > 化工剂类,material,高粘改性剂,高粘剂,medium,高粘改性剂的简称，施工中缩短称呼
1541-2,1541,油品、化工原料及胶粘材料 > 化工原料 > 化工剂类,material,高粘改性剂,增粘剂,low,提高粘度的功能性助剂，有时代指高粘改性剂
1540-3,1540,油品、化工原料及胶粘材料 > 化工原料 > 无机化工原料,material,水火肼(联胺),水合肼,high,联胺的水合物，俗称水合肼
1540-3,1540,油品、化工原料及胶粘材料 > 化工原料 > 无机化工原料,material,水火肼(联胺),水合联氨,high,联胺的别名，与水合肼同义
1540-3,1540,油品、化工原料及胶粘材料 > 化工原料 > 无机化工原料,material,活性氧化铝(干燥剂),氧化铝干燥剂,high,功能描述性别称，现场常用叫法
1540-3,1540,油品、化工原料及胶粘材料 > 化工原料 > 无机化工原料,material,活性氧化铝(干燥剂),活性氧化铝干燥剂,high,全称简称
1540-3,1540,油品、化工原料及胶粘材料 > 化工原料 > 无机化工原料,material,漂白水,漂水,medium,漂白水的简称
1540-3,1540,油品、化工原料及胶粘材料 > 化工原料 > 无机化工原料,material,漂白粉,漂粉,high,漂白粉的简称
1540-3,1540,油品、化工原料及胶粘材料 > 化工原料 > 无机化工原料,material,焦亚硫酸钠,偏重亚硫酸钠,high,焦亚硫酸钠的别名
1540-3,1540,油品、化工原料及胶粘材料 > 化工原料 > 无机化工原料,material,焦亚硫酸钠,重亚硫酸钠,medium,别名，常见于行业叫法
1540-3,1540,油品、化工原料及胶粘材料 > 化工原料 > 无机化工原料,material,焦磷酸钠,焦磷酸四钠,medium,化学成分的精确别称
1540-3,1540,油品、化工原料及胶粘材料 > 化工原料 > 无机化工原料,material,甲酸钠,蚁酸钠,high,甲酸俗称蚁酸，对应盐类叫蚁酸钠
1540-3,1540,油品、化工原料及胶粘材料 > 化工原料 > 无机化工原料,material,甲醛,福尔马林,high,甲醛水溶液的商品名，采购中常混用指甲醛
1540-3,1540,油品、化工原料及胶粘材料 > 化工原料 > 无机化工原料,material,盐酸,氢氯酸,medium,盐酸的学名
1540-3,1540,油品、化工原料及胶粘材料 > 化工原料 > 无机化工原料,material,硅酸钠,水玻璃,high,硅酸钠的工业俗称
1540-3,1540,油品、化工原料及胶粘材料 > 化工原料 > 无机化工原料,material,硅酸钠,泡花碱,high,硅酸钠的别名
1540-3,1540,油品、化工原料及胶粘材料 > 化工原料 > 无机化工原料,material,硅酸钾,钾水玻璃,medium,对应钠水玻璃的别称
1540-3,1540,油品、化工原料及胶粘材料 > 化工原料 > 无机化工原料,material,硝酸,硝镪水,low,旧的俗称
1540-3,1540,油品、化工原料及胶粘材料 > 化工原料 > 无机化工原料,material,硝酸钠,智利硝石,medium,天然矿产名，采购中可能指代工业硝酸钠
1540-3,1540,油品、化工原料及胶粘材料 > 化工原料 > 无机化工原料,material,硝酸钠,钠硝石,medium,矿产别名
1540-3,1540,油品、化工原料及胶粘材料 > 化工原料 > 无机化工原料,material,硝酸银,银硝,low,旧称，有时在试剂采购中出现
1540-3,1540,油品、化工原料及胶粘材料 > 化工原料 > 无机化工原料,material,硫代硫酸钠,大苏打,high,最常见的俗称
1540-3,1540,油品、化工原料及胶粘材料 > 化工原料 > 无机化工原料,material,硫代硫酸钠,海波,high,摄影行业俗称
1540-3,1540,油品、化工原料及胶粘材料 > 化工原料 > 无机化工原料,material,硫化钠,硫化碱,high,工业俗称
1540-3,1540,油品、化工原料及胶粘材料 > 化工原料 > 无机化工原料,material,硫化钠,臭碱,high,因其气味得名的俗称
1540-6,1540,油品、化工原料及胶粘材料 > 化工原料 > 无机化工原料,material,醋酸钠,乙酸钠,high,系统化学名，在采购与生产中通用
1540-6,1540,油品、化工原料及胶粘材料 > 化工原料 > 无机化工原料,material,重铬酸钾,红矾钾,high,化工行业传统俗称，因外观红色晶体
1540-6,1540,油品、化工原料及胶粘材料 > 化工原料 > 无机化工原料,material,钾碱,碳酸钾,high,钾碱是碳酸钾的俗称，此处反向补充正式化学名
1540-6,1540,油品、化工原料及胶粘材料 > 化工原料 > 无机化工原料,material,钾碱,草碱,medium,传统从植物灰中提取，亦称草碱
168-2,168,油品、化工原料及胶粘材料 > 化工原料 > 有机化工原料,material,聚乙烯,PE,high,英文缩写简称，工程与采购中广泛使用
168-2,168,油品、化工原料及胶粘材料 > 化工原料 > 有机化工原料,material,聚乙烯醇,PVA,high,英文缩写简称，化工行业通用
168-2,168,油品、化工原料及胶粘材料 > 化工原料 > 有机化工原料,material,草酸,乙二酸,high,系统命名法的常见别名
168-2,168,油品、化工原料及胶粘材料 > 化工原料 > 有机化工原料,material,邻羟基苯甲酸,水杨酸,high,传统俗名，医药与化工领域通用
168-2,168,油品、化工原料及胶粘材料 > 化工原料 > 有机化工原料,material,邻羟基苯甲酸,柳酸,medium,源于天然来源的俗称
168-2,168,油品、化工原料及胶粘材料 > 化工原料 > 有机化工原料,material,酒石酸锑钾,吐酒石,medium,历史上沿用下来的商业俗名
168-2,168,油品、化工原料及胶粘材料 > 化工原料 > 有机化工原料,material,醋酸乙烯,乙酸乙烯酯,high,系统命名，工程采购常混称
168-2,168,油品、化工原料及胶粘材料 > 化工原料 > 有机化工原料,material,醋酸乙烯,VAM,high,英文缩写（Vinyl Acetate Monomer）
168-2,168,油品、化工原料及胶粘材料 > 化工原料 > 有机化工原料,material,醋酸乙酯,乙酸乙酯,high,系统命名，同等常用
168-2,168,油品、化工原料及胶粘材料 > 化工原料 > 有机化工原料,material,醋酸乙酯,EA,high,英文缩写（Ethyl Acetate），采购单常见
1538-1,1538,油品、化工原料及胶粘材料 > 化工原料 > 颜料,category,颜料,色粉,high,颜料在口语中常统称为色粉
1538-1,1538,油品、化工原料及胶粘材料 > 化工原料 > 颜料,category,颜料,颜料粉,high,颜料在施工现场常直接叫颜料粉
1538-1,1538,油品、化工原料及胶粘材料 > 化工原料 > 颜料,material,中铬黄,铬黄,medium,中铬黄是铬黄的一种，常简称为铬黄
1538-1,1538,油品、化工原料及胶粘材料 > 化工原料 > 颜料,material,双飞粉,重钙粉,high,双飞粉主要成分是重质碳酸钙，工地常俗称重钙粉
1538-1,1538,油品、化工原料及胶粘材料 > 化工原料 > 颜料,material,双飞粉,白石粉,medium,双飞粉又称白石粉，在某些地区口语叫法
1538-1,1538,油品、化工原料及胶粘材料 > 化工原料 > 颜料,material,复合铁黑,铁黑,medium,复合铁黑常被口语简称为铁黑
1538-1,1538,油品、化工原料及胶粘材料 > 化工原料 > 颜料,material,大白粉,大白,high,大白粉在北方装修中简称为大白
1538-1,1538,油品、化工原料及胶粘材料 > 化工原料 > 颜料,material,大红粉,大红,medium,大红粉口语中常直接叫大红
1538-1,1538,油品、化工原料及胶粘材料 > 化工原料 > 颜料,material,氧化铁棕,铁棕,high,氧化铁棕在采购时通常简称为铁棕
1538-1,1538,油品、化工原料及胶粘材料 > 化工原料 > 颜料,material,氧化铁橙,铁橙,high,氧化铁橙口语常称为铁橙
1538-1,1538,油品、化工原料及胶粘材料 > 化工原料 > 颜料,material,氧化铁红,铁红,high,氧化铁红在施工与采购中最常用的别称是铁红
1538-1,1538,油品、化工原料及胶粘材料 > 化工原料 > 颜料,material,氧化铁红,铁锈红,low,某些地区把氧化铁红叫作铁锈红
1538-1,1538,油品、化工原料及胶粘材料 > 化工原料 > 颜料,material,氧化铁绿,铁绿,high,氧化铁绿常被简称为铁绿
1538-1,1538,油品、化工原料及胶粘材料 > 化工原料 > 颜料,material,氧化铁黄,铁黄,high,氧化铁黄在市场上习惯叫铁黄
1538-1,1538,油品、化工原料及胶粘材料 > 化工原料 > 颜料,material,氧化铁黑,铁黑,high,氧化铁黑俗称铁黑
1538-1,1538,油品、化工原料及胶粘材料 > 化工原料 > 颜料,material,氧化铬绿,铬绿,high,氧化铬绿通常简称为铬绿
1538-1,1538,油品、化工原料及胶粘材料 > 化工原料 > 颜料,material,甲苯胺红,耐晒红,low,甲苯胺红有时被称为耐晒红
1538-1,1538,油品、化工原料及胶粘材料 > 化工原料 > 颜料,material,石英粉、硅粉,硅微粉,medium,石英粉在建材中常被称为硅微粉
1538-1,1538,油品、化工原料及胶粘材料 > 化工原料 > 颜料,material,石英粉、硅粉,石英砂粉,low,粗碎的石英粉有时叫石英砂粉
1538-3,1538,油品、化工原料及胶粘材料 > 化工原料 > 颜料,category,颜料,色粉,medium,颜料在施工现场常统称为色粉
1538-3,1538,油品、化工原料及胶粘材料 > 化工原料 > 颜料,category,颜料,颜料粉,medium,强调粉末状，通用叫法
1538-3,1538,油品、化工原料及胶粘材料 > 化工原料 > 颜料,category,颜料,色料,low,泛指着色用化工原料
1538-3,1538,油品、化工原料及胶粘材料 > 化工原料 > 颜料,material,银粉,铝粉,high,银粉实为铝粉颜料，铝粉是标准别名
1538-3,1538,油品、化工原料及胶粘材料 > 化工原料 > 颜料,material,银粉,铝银粉,medium,铝粉的俗称，强调金属感
1538-3,1538,油品、化工原料及胶粘材料 > 化工原料 > 颜料,material,锑白,锑氧粉,high,锑白即三氧化二锑，俗称锑氧粉
1538-3,1538,油品、化工原料及胶粘材料 > 化工原料 > 颜料,material,锑白,氧化锑,medium,强调其化学成分的简称
1538-3,1538,油品、化工原料及胶粘材料 > 化工原料 > 颜料,material,锑红,锑朱,medium,锑红为硫化锑，古称锑朱
1538-3,1538,油品、化工原料及胶粘材料 > 化工原料 > 颜料,material,镉红,镉硒红,medium,镉红化学成分为硒硫化镉，常称镉硒红
1538-3,1538,油品、化工原料及胶粘材料 > 化工原料 > 颜料,material,高岭土、瓷土,白陶土,medium,高岭土的另一种常见叫法
167-1,167,油品、化工原料及胶粘材料 > 化工油品 > 其他油品,material,刹车油,制动液,high,汽车行业常用正式名称
167-1,167,油品、化工原料及胶粘材料 > 化工油品 > 其他油品,material,刹车油,制动油,medium,口语中常见与刹车油混用
167-1,167,油品、化工原料及胶粘材料 > 化工油品 > 其他油品,material,多用途助力油,转向助力油,high,通用别称，强调其转向系统用途
167-1,167,油品、化工原料及胶粘材料 > 化工油品 > 其他油品,material,多用途助力油,方向机油,high,维修市场口语叫法
167-1,167,油品、化工原料及胶粘材料 > 化工油品 > 其他油品,material,抗磨液压油,AW液压油,medium,AW为抗磨（Anti-Wear）缩写，行业内常用
167-1,167,油品、化工原料及胶粘材料 > 化工油品 > 其他油品,material,液力传动油,液力油,high,液力传动系统简称
167-1,167,油品、化工原料及胶粘材料 > 化工油品 > 其他油品,material,液力传动油,变矩器油,medium,常用于液力变矩器，采购时有时如此称呼
167-1,167,油品、化工原料及胶粘材料 > 化工油品 > 其他油品,material,自动排挡液,自动变速箱油,high,标准中文名称
167-1,167,油品、化工原料及胶粘材料 > 化工油品 > 其他油品,material,自动排挡液,ATF油,high,英文Automatic Transmission Fluid缩写，行业通用
167-1,167,油品、化工原料及胶粘材料 > 化工油品 > 其他油品,material,自动排挡液,自动波箱油,high,粤语及南方维修市场常用
167-1,167,油品、化工原料及胶粘材料 > 化工油品 > 其他油品,material,自动排挡液,自动传动液,medium,正式技术名称
1536-2,1536,油品、化工原料及胶粘材料 > 化工油品 > 润滑脂、蜡,category,润滑脂、蜡,黄油,high,润滑脂在施工现场常被称为黄油
1536-2,1536,油品、化工原料及胶粘材料 > 化工油品 > 润滑脂、蜡,material,锂基润滑脂,锂基脂,high,常见的口语简称
1536-2,1536,油品、化工原料及胶粘材料 > 化工油品 > 润滑脂、蜡,material,黄石蜡,黄蜡,high,按颜色简化的俗称
1533-1,1533,油品、化工原料及胶粘材料 > 化工油品 > 燃料油,category,燃料油,燃油,high,燃料油的简称，口语中常统称为燃油
1533-1,1533,油品、化工原料及胶粘材料 > 化工油品 > 燃料油,material,煤油,火油,high,煤油传统俗称，在南方部分地区及旧时行业惯用
1533-1,1533,油品、化工原料及胶粘材料 > 化工油品 > 燃料油,material,煤油,灯油,medium,因常用于煤油灯，施工现场有时称灯用煤油
1533-1,1533,油品、化工原料及胶粘材料 > 化工油品 > 燃料油,material,重油,渣油,high,重油是炼油残渣，工业现场常称渣油
1284-1,1284,法兰及其垫片 > 法兰 > 盲板,category,盲板,盲法兰,medium,施工现场常将盲板混称为盲法兰
1284-1,1284,法兰及其垫片 > 法兰 > 盲板,category,盲板,堵板,medium,起封堵作用的板状件，俗称堵板
1284-1,1284,法兰及其垫片 > 法兰 > 盲板,material,8字盲板,眼镜盲板,high,形状类似眼镜，俗称眼镜盲板
1284-1,1284,法兰及其垫片 > 法兰 > 盲板,material,8字盲板,8字盲法兰,medium,法兰形式盲板的口语简化叫法
1284-1,1284,法兰及其垫片 > 法兰 > 盲板,material,8字盲板,图8盲板,medium,因8字形结构，现场口语称图8盲板
1284-1,1284,法兰及其垫片 > 法兰 > 盲板,material,盲板+垫环,盲板组合,medium,盲板与垫环组合件的简称
1284-1,1284,法兰及其垫片 > 法兰 > 盲板,material,盲板+垫环,带环盲板,medium,强调带垫环的盲板
1653-1,1653,泵、供水设备 > 供水设备 > 供水控制柜,category,供水控制柜,水泵控制柜,high,行业内对所有水泵控制柜的统称，涵盖生活、消防、排污等
1653-1,1653,泵、供水设备 > 供水设备 > 供水控制柜,category,供水控制柜,供水柜,high,供水控制柜的常用简称
1653-1,1653,泵、供水设备 > 供水设备 > 供水控制柜,category,供水控制柜,泵控柜,medium,水泵控制柜的再次简称
1653-1,1653,泵、供水设备 > 供水设备 > 供水控制柜,category,供水控制柜,给水控制柜,medium,供水系统的控制柜别称
1653-1,1653,泵、供水设备 > 供水设备 > 供水控制柜,material,ABB变频控制柜,ABB变频柜,high,省去“控制”二字，口语句
1653-1,1653,泵、供水设备 > 供水设备 > 供水控制柜,material,ABB变频控制柜,ABB柜,high,以品牌代称整个控制柜，现场极常用
1653-1,1653,泵、供水设备 > 供水设备 > 供水控制柜,material,变频供水控制柜,变频供水柜,high,施工简略叫法，省略“控制”
1653-1,1653,泵、供水设备 > 供水设备 > 供水控制柜,material,变频供水控制柜,供水变频柜,medium,语序调换，仍指同一设备
1653-1,1653,泵、供水设备 > 供水设备 > 供水控制柜,material,变频恒压供水控制柜,恒压供水控制柜,high,省略“变频”，默认恒压由变频实现
1653-1,1653,泵、供水设备 > 供水设备 > 供水控制柜,material,变频恒压供水控制柜,恒压变频柜,high,提炼核心功能词，口语句
1653-1,1653,泵、供水设备 > 供水设备 > 供水控制柜,material,变频恒压供水控制柜,变频恒压柜,high,最简化的现场叫法
1653-1,1653,泵、供水设备 > 供水设备 > 供水控制柜,material,变频控制柜,变频柜,high,最通用简称
1653-1,1653,泵、供水设备 > 供水设备 > 供水控制柜,material,变频控制柜,变频器柜,high,强调内部核心器件，采购时常这样叫
1653-1,1653,泵、供水设备 > 供水设备 > 供水控制柜,material,变频控制柜,VFD控制柜,low,借用英文缩写，在技术标书中偶见
1653-1,1653,泵、供水设备 > 供水设备 > 供水控制柜,material,带双电源切换变频恒压生活水泵控制柜,双电源生活水泵控制柜,high,省略了变频恒压，因生活水泵大多已默认变频恒压
1653-1,1653,泵、供水设备 > 供水设备 > 供水控制柜,material,带双电源切换变频恒压生活水泵控制柜,生活水泵变频控制柜,medium,省略双电源，但有时区分，口语简化
1653-1,1653,泵、供水设备 > 供水设备 > 供水控制柜,material,带双电源切换变频恒压生活水泵控制柜,双电源恒压供水柜,medium,合并关键特征，生活水泵隐含在供水柜中
1653-1,1653,泵、供水设备 > 供水设备 > 供水控制柜,material,带双电源切换消防水泵控制柜,双电源消防泵控制柜,high,施工及采购中最常用简称
1653-1,1653,泵、供水设备 > 供水设备 > 供水控制柜,material,带双电源切换消防水泵控制柜,消防泵双电源柜,medium,调整词序，现场说法
1653-1,1653,泵、供水设备 > 供水设备 > 供水控制柜,material,带双电源切换消防水泵控制柜,消防水泵控制柜,medium,省略双电源，当默认包含时这样叫
1653-1,1653,泵、供水设备 > 供水设备 > 供水控制柜,material,排污水泵控制箱,排污泵控制箱,high,省去“水”字，为最常用叫法
1653-1,1653,泵、供水设备 > 供水设备 > 供水控制柜,material,排污水泵控制箱,污水泵控制箱,high,将“排污水泵”简化为“污水泵”，现场混用
1653-1,1653,泵、供水设备 > 供水设备 > 供水控制柜,material,潜污泵控制箱,潜污泵电控箱,medium,加“电”字，强调电气控制
1653-1,1653,泵、供水设备 > 供水设备 > 供水控制柜,material,潜污泵控制箱,潜水泵控制箱,low,常与潜污泵混用，尽管不完全准确，但采购清单中常见
1653-1,1653,泵、供水设备 > 供水设备 > 供水控制柜,material,集成控制柜,综合控制柜,high,集成多种控制功能，因此也叫综合柜
1653-1,1653,泵、供水设备 > 供水设备 > 供水控制柜,material,集成控制柜,一体化控制柜,high,强调一体化集成
1653-1,1653,泵、供水设备 > 供水设备 > 供水控制柜,material,集成控制柜,集控柜,high,最简洁的口语简称
31-1,31,泵、供水设备 > 泵类设备 > 其他泵,material,一体化泵站,一体化预制泵站,high,同义全称
31-1,31,泵、供水设备 > 泵类设备 > 其他泵,material,一体化泵站,整体泵站,medium,集成式结构
31-1,31,泵、供水设备 > 泵类设备 > 其他泵,material,一体化预制泵站,预制泵站,high,简称
31-1,31,泵、供水设备 > 泵类设备 > 其他泵,material,一体化预制泵站,一体化污水提升泵站,medium,常见功能细分叫法
31-1,31,泵、供水设备 > 泵类设备 > 其他泵,material,三集一体热泵,三合一热泵,medium,功能集成
31-1,31,泵、供水设备 > 泵类设备 > 其他泵,material,不锈钢碱泵,碱液泵,high,输送介质简称
31-1,31,泵、供水设备 > 泵类设备 > 其他泵,material,中开双吸泵,中开泵,high,结构简称
31-1,31,泵、供水设备 > 泵类设备 > 其他泵,material,中开双吸泵,水平中开泵,high,结构特征
31-1,31,泵、供水设备 > 泵类设备 > 其他泵,material,中水泵,再生水泵,medium,水源用途同义
31-1,31,泵、供水设备 > 泵类设备 > 其他泵,material,中水泵,中水给水泵,medium,功能延伸
31-1,31,泵、供水设备 > 泵类设备 > 其他泵,material,传输泵,输送泵,high,同义动词转换
31-1,31,泵、供水设备 > 泵类设备 > 其他泵,material,农业泵,农用泵,high,常见叫法
31-1,31,泵、供水设备 > 泵类设备 > 其他泵,material,冷冻泵,冷冻水泵,high,完整功能名称
31-1,31,泵、供水设备 > 泵类设备 > 其他泵,material,冷冻泵,冷冻循环泵,medium,系统角色
31-1,31,泵、供水设备 > 泵类设备 > 其他泵,material,冷却泵,冷却水泵,high,完整名称
31-1,31,泵、供水设备 > 泵类设备 > 其他泵,material,冷却泵,冷水泵,medium,介质俗称
31-1,31,泵、供水设备 > 泵类设备 > 其他泵,material,净水泵,净水加压泵,medium,功能描述
31-1,31,泵、供水设备 > 泵类设备 > 其他泵,material,副泵,辅助泵,medium,功能指代
31-1,31,泵、供水设备 > 泵类设备 > 其他泵,material,加药泵,计量泵,high,加药常用泵型
31-1,31,泵、供水设备 > 泵类设备 > 其他泵,material,加药泵,投药泵,medium,功能同义
31-1,31,泵、供水设备 > 泵类设备 > 其他泵,material,加酸泵,耐酸泵,medium,防腐特性
31-1,31,泵、供水设备 > 泵类设备 > 其他泵,material,加酸泵,酸液泵,medium,介质简称
31-1,31,泵、供水设备 > 泵类设备 > 其他泵,material,化学泵,化工泵,high,行业常用统称
31-1,31,泵、供水设备 > 泵类设备 > 其他泵,material,化学泵,耐腐蚀泵,medium,关键特性
31-1,31,泵、供水设备 > 泵类设备 > 其他泵,material,厌氧循环泵,厌氧泵,medium,简化叫法
31-1,31,泵、供水设备 > 泵类设备 > 其他泵,material,双吸泵,双吸离心泵,high,完整泵型名
31-1,31,泵、供水设备 > 泵类设备 > 其他泵,material,反洗泵,反冲洗泵,high,全称
31-1,31,泵、供水设备 > 泵类设备 > 其他泵,material,变频泵,变频水泵,medium,通用全称
31-1,31,泵、供水设备 > 泵类设备 > 其他泵,material,喷射泵,射流泵,high,工作原理同义
31-1,31,泵、供水设备 > 泵类设备 > 其他泵,material,喷射泵,水射器,low,特定场景叫法
31-1,31,泵、供水设备 > 泵类设备 > 其他泵,material,喷泉泵,景观泵,medium,应用场景
31-1,31,泵、供水设备 > 泵类设备 > 其他泵,material,喷泉泵,喷泉水泵,medium,完整说法
31-1,31,泵、供水设备 > 泵类设备 > 其他泵,material,太阳能集热循环泵,太阳能循环泵,high,功能简化
31-1,31,泵、供水设备 > 泵类设备 > 其他泵,material,太阳能集热循环泵,集热循环泵,medium,核心循环功能
1647-1,1647,泵、供水设备 > 泵类设备 > 射流泵,category,射流泵,喷射泵,high,射流泵的通用俗称，广泛用于采购和施工现场
1647-1,1647,泵、供水设备 > 泵类设备 > 射流泵,category,射流泵,引射泵,medium,强调引射功能的别称，在技术资料和订货中常见
1647-1,1647,泵、供水设备 > 泵类设备 > 射流泵,category,射流泵,射流器,medium,水处理领域对射流泵的常见叫法
1647-1,1647,泵、供水设备 > 泵类设备 > 射流泵,material,液体射流泵,水力射流泵,high,以水为工作介质的液体射流泵最常见形态，采购中常用此称
1647-1,1647,泵、供水设备 > 泵类设备 > 射流泵,material,液体射流泵,水射流泵,high,施工现场简洁叫法，常指液体射流泵
1647-1,1647,泵、供水设备 > 泵类设备 > 射流泵,material,液体射流泵,水力喷射泵,medium,在给排水、消防等工程中习惯称呼
1643-1,1643,泵、供水设备 > 泵类设备 > 往复泵,material,柱塞泵往复泵,柱塞泵,high,施工现场及采购中对柱塞式往复泵的常用简称
1643-1,1643,泵、供水设备 > 泵类设备 > 往复泵,material,活塞泵往复泵,活塞泵,high,行业内对活塞式往复泵的通用简称
1643-1,1643,泵、供水设备 > 泵类设备 > 往复泵,material,计量往复泵,计量泵,high,计量用往复泵的行业通称
1643-1,1643,泵、供水设备 > 泵类设备 > 往复泵,material,隔膜泵往复泵,隔膜泵,high,隔膜式往复泵的通用称谓
1642-1,1642,泵、供水设备 > 泵类设备 > 旋涡泵,category,旋涡泵,漩涡泵,high,旋涡与漩涡同义，口语中常混用
1642-1,1642,泵、供水设备 > 泵类设备 > 旋涡泵,category,旋涡泵,涡流泵,medium,部分区域或行业对旋涡泵的俗称
1642-1,1642,泵、供水设备 > 泵类设备 > 旋涡泵,material,W型旋涡泵,W型漩涡泵,high,口语中常将“旋涡”说成“漩涡”
1642-1,1642,泵、供水设备 > 泵类设备 > 旋涡泵,material,离心旋涡泵,离心漩涡泵,high,口语中常将“旋涡”说成“漩涡”
1642-1,1642,泵、供水设备 > 泵类设备 > 旋涡泵,material,自吸旋涡泵,自吸漩涡泵,high,口语中常将“旋涡”说成“漩涡”
1649-1,1649,泵、供水设备 > 泵类设备 > 水锤泵,category,水锤泵,水锤站,high,施工现场常将水锤泵站简称为水锤站
1649-1,1649,泵、供水设备 > 泵类设备 > 水锤泵,category,水锤泵,水力冲压泵站,medium,水锤泵学名水力冲压泵，整套装置俗称水力冲压泵站
1649-1,1649,泵、供水设备 > 泵类设备 > 水锤泵,category,水锤泵,水锤扬水站,low,利用水锤效应扬水，常被称为水锤扬水站
1641-1,1641,泵、供水设备 > 泵类设备 > 混流泵,category,混流泵,斜流泵,high,混流泵在行业内常被称为斜流泵，是通用别称
1646-1,1646,泵、供水设备 > 泵类设备 > 真空泵,material,射流式真空泵,喷射式真空泵,high,利用射流原理，现场常称喷射泵或喷射式真空泵
1646-1,1646,泵、供水设备 > 泵类设备 > 真空泵,material,射流式真空泵,射流泵,high,简称，采购清单中常见
1646-1,1646,泵、供水设备 > 泵类设备 > 真空泵,material,往复式真空泵,活塞真空泵,high,利用活塞往复运动抽气，俗称活塞真空泵
1646-1,1646,泵、供水设备 > 泵类设备 > 真空泵,material,往复式真空泵,往复泵,medium,施工现场口语简称
1646-1,1646,泵、供水设备 > 泵类设备 > 真空泵,material,旋片式真空泵,旋片泵,high,最常见的简称
1646-1,1646,泵、供水设备 > 泵类设备 > 真空泵,material,旋片式真空泵,滑片式真空泵,medium,部分地区和行业习惯称滑片式
1646-1,1646,泵、供水设备 > 泵类设备 > 真空泵,material,水环悬臂式真空泵,水环式真空泵,high,水环类真空泵统称，悬臂式为其结构形式
1646-1,1646,泵、供水设备 > 泵类设备 > 真空泵,material,水环悬臂式真空泵,水环泵,high,现场及采购口语简称
1646-1,1646,泵、供水设备 > 泵类设备 > 真空泵,material,水环悬臂式真空泵,悬臂水环泵,medium,强调悬臂结构的口语叫法
1646-1,1646,泵、供水设备 > 泵类设备 > 真空泵,material,涡旋真空泵,涡旋泵,high,常用简称
1646-1,1646,泵、供水设备 > 泵类设备 > 真空泵,material,涡旋真空泵,涡旋干泵,medium,突出其干式无油特点的行业别称
1646-1,1646,泵、供水设备 > 泵类设备 > 真空泵,material,直联式真空泵,直联泵,medium,电机与泵直联结构的通用简称
1646-1,1646,泵、供水设备 > 泵类设备 > 真空泵,material,罗茨真空泵,罗茨泵,high,行业通用简称
1646-1,1646,泵、供水设备 > 泵类设备 > 真空泵,material,罗茨真空泵,罗茨式真空泵,medium,全称的另一种常见表述
1646-1,1646,泵、供水设备 > 泵类设备 > 真空泵,material,螺杆式真空泵,螺杆真空泵,high,常见口语及采购名称
1646-1,1646,泵、供水设备 > 泵类设备 > 真空泵,material,螺杆式真空泵,螺杆泵,medium,真空领域简称，需结合语境
1639-1,1639,泵、供水设备 > 泵类设备 > 离心式杂质泵,category,离心式杂质泵,杂质泵,high,离心式杂质泵常简称为杂质泵
1639-1,1639,泵、供水设备 > 泵类设备 > 离心式杂质泵,material,排沙泵,抽沙泵,medium,施工现场常称抽沙泵
1639-1,1639,泵、供水设备 > 泵类设备 > 离心式杂质泵,material,排泥泵,抽泥泵,medium,用于抽取泥浆，口语称抽泥泵
1639-1,1639,泵、供水设备 > 泵类设备 > 离心式杂质泵,material,排泥泵,清淤泵,low,常用于清淤工程
1639-1,1639,泵、供水设备 > 泵类设备 > 离心式杂质泵,material,污水泵,排污泵,high,污水泵的常用别称
1639-1,1639,泵、供水设备 > 泵类设备 > 离心式杂质泵,material,泥浆泵,泥泵,medium,泥浆泵的简称
1639-1,1639,泵、供水设备 > 泵类设备 > 离心式杂质泵,material,灰渣泵,除灰泵,medium,电厂除灰系统常用叫法
1639-1,1639,泵、供水设备 > 泵类设备 > 离心式杂质泵,material,灰渣泵,灰泵,low,简称
1639-1,1639,泵、供水设备 > 泵类设备 > 离心式杂质泵,material,煤水泵,煤浆泵,high,输送煤浆，常称为煤浆泵
1639-1,1639,泵、供水设备 > 泵类设备 > 离心式杂质泵,material,砂泵,抽砂泵,high,用于抽砂，口语称抽砂泵
1639-1,1639,泵、供水设备 > 泵类设备 > 离心式杂质泵,material,砂浆泵,灰浆泵,medium,砂浆泵也可称为灰浆泵
1637-1,1637,泵、供水设备 > 泵类设备 > 离心式油泵,category,离心式油泵,离心油泵,high,省略‘式’字，行业常用简称
1637-1,1637,泵、供水设备 > 泵类设备 > 离心式油泵,category,离心式油泵,油离心泵,low,部分口语中语序变化
1637-1,1637,泵、供水设备 > 泵类设备 > 离心式油泵,material,变压器油泵,变压器潜油泵,medium,变压器油泵常为潜油式，现场混用
1637-1,1637,泵、供水设备 > 泵类设备 > 离心式油泵,material,变压器油泵,变压器循环泵,medium,用于变压器油循环冷却，操作人员口语简称
1637-1,1637,泵、供水设备 > 泵类设备 > 离心式油泵,material,油浆泵,油浆循环泵,high,催化裂化装置中油浆泵多为循环工况，临场缩写
1637-1,1637,泵、供水设备 > 泵类设备 > 离心式油泵,material,油浆泵,催化油浆泵,medium,特定装置来源的别称
1637-1,1637,泵、供水设备 > 泵类设备 > 离心式油泵,material,液态烃泵,烃泵,high,石油化工现场最常用简称
1637-1,1637,泵、供水设备 > 泵类设备 > 离心式油泵,material,液态烃泵,轻烃泵,medium,输送的液态烃多为轻烃，采购时常混称
1637-1,1637,泵、供水设备 > 泵类设备 > 离心式油泵,material,热油泵(>200℃),高温油泵,high,以温度特征直接称呼
1637-1,1637,泵、供水设备 > 泵类设备 > 离心式油泵,material,热油泵(>200℃),热油循环泵,medium,用于热油循环系统时的叫法
1637-1,1637,泵、供水设备 > 泵类设备 > 离心式油泵,material,通用油泵,普通油泵,medium,与特殊用途泵相对的口语表达
1637-1,1637,泵、供水设备 > 泵类设备 > 离心式油泵,material,通用油泵,标准油泵,medium,强调无特殊要求时的叫法
1638-1,1638,泵、供水设备 > 泵类设备 > 离心式耐腐蚀泵,category,离心式耐腐蚀泵,耐腐蚀离心泵,high,离心式耐腐蚀泵的常见简称
1638-1,1638,泵、供水设备 > 泵类设备 > 离心式耐腐蚀泵,category,离心式耐腐蚀泵,防腐离心泵,high,工地及采购通用叫法
1638-1,1638,泵、供水设备 > 泵类设备 > 离心式耐腐蚀泵,category,离心式耐腐蚀泵,防腐泵,high,统称，同时涵盖金属与非金属泵
1638-1,1638,泵、供水设备 > 泵类设备 > 离心式耐腐蚀泵,category,离心式耐腐蚀泵,化工离心泵,medium,多用于化工耐腐蚀场景
1638-1,1638,泵、供水设备 > 泵类设备 > 离心式耐腐蚀泵,category,离心式耐腐蚀泵,耐酸碱离心泵,medium,强调耐酸碱性能
1638-1,1638,泵、供水设备 > 泵类设备 > 离心式耐腐蚀泵,material,耐腐蚀金属泵,金属耐腐蚀泵,high,语序调换，采购中常见
1638-1,1638,泵、供水设备 > 泵类设备 > 离心式耐腐蚀泵,material,耐腐蚀金属泵,防腐金属泵,high,简称，突出防腐+金属材质
1638-1,1638,泵、供水设备 > 泵类设备 > 离心式耐腐蚀泵,material,耐腐蚀金属泵,合金耐腐蚀泵,medium,金属泵多为合金材质
1638-1,1638,泵、供水设备 > 泵类设备 > 离心式耐腐蚀泵,material,耐腐蚀非金属泵,非金属耐腐蚀泵,high,语序调换
1638-1,1638,泵、供水设备 > 泵类设备 > 离心式耐腐蚀泵,material,耐腐蚀非金属泵,防腐非金属泵,high,简称
1638-1,1638,泵、供水设备 > 泵类设备 > 离心式耐腐蚀泵,material,耐腐蚀非金属泵,塑料耐腐蚀泵,medium,非金属泵常见为塑料材质
1645-1,1645,泵、供水设备 > 泵类设备 > 计量泵,category,计量泵,加药泵,high,计量泵常用于水处理加药，现场俗称加药泵
1645-1,1645,泵、供水设备 > 泵类设备 > 计量泵,category,计量泵,定量泵,high,可精确定量输送液体，常被称为定量泵
1645-1,1645,泵、供水设备 > 泵类设备 > 计量泵,category,计量泵,比例泵,medium,可调节流量比例，部分场景称为比例泵
1645-1,1645,泵、供水设备 > 泵类设备 > 计量泵,material,机械隔膜式计量泵,机械隔膜计量泵,high,省略'式'字的规范简称
1645-1,1645,泵、供水设备 > 泵类设备 > 计量泵,material,机械隔膜式计量泵,机械隔膜泵,medium,在计量泵语境下简化为机械隔膜泵
1645-1,1645,泵、供水设备 > 泵类设备 > 计量泵,material,机械隔膜式计量泵,机械隔膜加药泵,medium,加药用途的俗称
1645-1,1645,泵、供水设备 > 泵类设备 > 计量泵,material,柱塞式计量泵,柱塞计量泵,high,省略'式'字的常见叫法
1645-1,1645,泵、供水设备 > 泵类设备 > 计量泵,material,柱塞式计量泵,柱塞式加药泵,medium,加药用途的口语叫法
1645-1,1645,泵、供水设备 > 泵类设备 > 计量泵,material,气动计量泵,气动加药泵,medium,以气动驱动的加药泵俗称
1645-1,1645,泵、供水设备 > 泵类设备 > 计量泵,material,液压隔膜式计量泵,液压隔膜计量泵,high,省略'式'字的规范简称
1645-1,1645,泵、供水设备 > 泵类设备 > 计量泵,material,液压隔膜式计量泵,液压隔膜泵,medium,计量泵语境下的简化叫法
1645-1,1645,泵、供水设备 > 泵类设备 > 计量泵,material,电磁隔膜式计量泵,电磁计量泵,high,电磁驱动的计量泵最常见简称
1645-1,1645,泵、供水设备 > 泵类设备 > 计量泵,material,电磁隔膜式计量泵,电磁隔膜泵,medium,省略'式'且隐含计量功能
1645-1,1645,泵、供水设备 > 泵类设备 > 计量泵,material,电磁隔膜式计量泵,电磁加药泵,medium,加药用途的口语俗称
1645-1,1645,泵、供水设备 > 泵类设备 > 计量泵,material,高温计量泵,耐高温计量泵,medium,强调耐高温性能的别称
1645-1,1645,泵、供水设备 > 泵类设备 > 计量泵,material,高粘度计量泵,高粘计量泵,medium,口语中常将粘度简称为粘
1645-1,1645,泵、供水设备 > 泵类设备 > 计量泵,material,高粘度计量泵,高粘度泵,low,在计量泵语境下可简化
1644-1,1644,泵、供水设备 > 泵类设备 > 转子泵,material,三螺杆转子泵,三螺杆泵,high,省略“转子”，施工现场及采购中常用简称
1644-1,1644,泵、供水设备 > 泵类设备 > 转子泵,material,凸轮式转子泵,凸轮泵,high,常用简称，直接以工作原理命名
1644-1,1644,泵、供水设备 > 泵类设备 > 转子泵,material,凸轮式转子泵,罗茨泵,medium,凸轮转子泵与罗茨泵原理相近，在液泵领域常混称
1644-1,1644,泵、供水设备 > 泵类设备 > 转子泵,material,单螺杆转子泵,单螺杆泵,high,省略“转子”，行业标准简称
1644-1,1644,泵、供水设备 > 泵类设备 > 转子泵,material,双螺杆转子泵,双螺杆泵,high,省略“转子”，行业标准简称
1644-1,1644,泵、供水设备 > 泵类设备 > 转子泵,material,径向柱塞式转子泵,径向柱塞泵,high,省略“式转子”，采购中常用叫法
1644-1,1644,泵、供水设备 > 泵类设备 > 转子泵,material,滑片式转子泵,滑片泵,high,通俗简称
1644-1,1644,泵、供水设备 > 泵类设备 > 转子泵,material,滑片式转子泵,叶片泵,high,滑片即叶片，现场常混称
1644-1,1644,泵、供水设备 > 泵类设备 > 转子泵,material,环流活塞式转子泵,环形活塞泵,low,按其结构俗称
1644-1,1644,泵、供水设备 > 泵类设备 > 转子泵,material,轴向柱塞式转子泵,轴向柱塞泵,high,省略“式转子”，常见叫法
1644-1,1644,泵、供水设备 > 泵类设备 > 转子泵,material,齿轮转子泵,齿轮泵,high,最常用简称
1640-1,1640,泵、供水设备 > 泵类设备 > 轴流泵,category,轴流泵,螺桨泵,high,轴流泵叶轮类似螺旋桨，俗称螺桨泵
1640-1,1640,泵、供水设备 > 泵类设备 > 轴流泵,category,轴流泵,螺旋桨泵,high,轴流泵因叶轮形状常被称为螺旋桨泵
1640-1,1640,泵、供水设备 > 泵类设备 > 轴流泵,category,轴流泵,旋桨泵,medium,轴流泵的简称，来源于工作原理
1640-1,1640,泵、供水设备 > 泵类设备 > 轴流泵,material,循环轴流泵,轴流循环泵,medium,施工现场常用倒序叫法
1640-1,1640,泵、供水设备 > 泵类设备 > 轴流泵,material,循环轴流泵,循环螺桨泵,low,结合功能与轴流泵俗称
1640-1,1640,泵、供水设备 > 泵类设备 > 轴流泵,material,潜水轴流泵,潜轴泵,high,潜水轴流泵的缩略简称，采购时常见
1640-1,1640,泵、供水设备 > 泵类设备 > 轴流泵,material,潜水轴流泵,潜水螺桨泵,low,结合安装形式与轴流泵俗称
35-1,35,洁具及燃气器具 > 其他洁具及器具 > 其他卫生洁具,material,半整体盒子卫生间,半整体卫浴间,medium,施工现场对半整体式预制卫生间的简称
35-1,35,洁具及燃气器具 > 其他洁具及器具 > 其他卫生洁具,material,多功能护理台,护理操作台,medium,医院采购常用叫法
35-1,35,洁具及燃气器具 > 其他洁具及器具 > 其他卫生洁具,material,干发器,干发机,high,通俗口语叫法
35-1,35,洁具及燃气器具 > 其他洁具及器具 > 其他卫生洁具,material,干发器,烘发器,medium,描述烘干头发的功能俗称
35-1,35,洁具及燃气器具 > 其他洁具及器具 > 其他卫生洁具,material,洗脚盆,洗脚池,medium,大型公共洗脚设施常用
35-1,35,洁具及燃气器具 > 其他洁具及器具 > 其他卫生洁具,material,洗脚盆,足浴盆,medium,商业或家庭足浴设备常见名称
35-1,35,洁具及燃气器具 > 其他洁具及器具 > 其他卫生洁具,material,浴室干燥机,浴室烘干机,medium,口语直接替代词
35-1,35,洁具及燃气器具 > 其他洁具及器具 > 其他卫生洁具,material,浴室干燥机,浴用干燥器,low,阐明设备安装位置的称呼
35-1,35,洁具及燃气器具 > 其他洁具及器具 > 其他卫生洁具,material,组装式半整体盒子卫生间,组装半整体卫浴间,medium,强调组装方式的口语简化
35-1,35,洁具及燃气器具 > 其他洁具及器具 > 其他卫生洁具,material,组装式整体盒子卫生间,组装整体卫浴间,medium,强调组装方式的口语简化
1563-1,1563,洁具及燃气器具 > 其他洁具及器具 > 厨用隔油器,category,厨用隔油器,油水分离器,high,厨用隔油器的行业内通用俗称
1563-1,1563,洁具及燃气器具 > 其他洁具及器具 > 厨用隔油器,category,厨用隔油器,隔油池,high,厨房用隔油设备的常见叫法，泛指各类隔油器
1563-1,1563,洁具及燃气器具 > 其他洁具及器具 > 厨用隔油器,category,厨用隔油器,油脂分离器,medium,另一种常见称呼
1563-1,1563,洁具及燃气器具 > 其他洁具及器具 > 厨用隔油器,material,地埋式隔油器,地埋式隔油池,high,强调埋地安装的隔油设备
1563-1,1563,洁具及燃气器具 > 其他洁具及器具 > 厨用隔油器,material,地埋式隔油器,埋地隔油器,high,施工现场简称
1563-1,1563,洁具及燃气器具 > 其他洁具及器具 > 厨用隔油器,material,嵌挂式隔油器,挂墙式隔油器,medium,嵌挂式安装常指可挂墙
1563-1,1563,洁具及燃气器具 > 其他洁具及器具 > 厨用隔油器,material,嵌挂式隔油器,嵌入式隔油器,medium,也可嵌入安装
1563-1,1563,洁具及燃气器具 > 其他洁具及器具 > 厨用隔油器,material,悬挂式隔油器,吊装式隔油器,high,悬挂吊装的叫法
1563-1,1563,洁具及燃气器具 > 其他洁具及器具 > 厨用隔油器,material,悬挂式隔油器,悬挂隔油器,high,口语简称
1563-1,1563,洁具及燃气器具 > 其他洁具及器具 > 厨用隔油器,material,隔油器,油水分离器,high,最通用的别名
1565-1,1565,洁具及燃气器具 > 其他洁具及器具 > 抽水缸（凝水器）,material,抽水缸,凝水器,high,分类名中直接出现的别称，行业内通用
1565-1,1565,洁具及燃气器具 > 其他洁具及器具 > 抽水缸（凝水器）,material,抽水缸,凝水缸,high,燃气施工现场常用叫法，功能完全一致
1554-1,1554,洁具及燃气器具 > 卫浴家具、电器 > 化妆台、化妆镜,material,洗面化妆台,浴室柜,high,家装采购中洗面化妆台最常用叫法
1554-1,1554,洁具及燃气器具 > 卫浴家具、电器 > 化妆台、化妆镜,material,洗面化妆台,洗脸台柜,high,强调带柜体的洗面台
1554-1,1554,洁具及燃气器具 > 卫浴家具、电器 > 化妆台、化妆镜,material,洗面化妆台,洗手盆柜,medium,现场口语简洁叫法
1554-1,1554,洁具及燃气器具 > 卫浴家具、电器 > 化妆台、化妆镜,material,洗面化妆台,面盆柜,medium,简称
1554-1,1554,洁具及燃气器具 > 卫浴家具、电器 > 化妆台、化妆镜,material,浴镜,浴室镜,high,更完整称呼
1554-1,1554,洁具及燃气器具 > 卫浴家具、电器 > 化妆台、化妆镜,material,浴镜,卫生间镜,medium,施工现场口语
1554-1,1554,洁具及燃气器具 > 卫浴家具、电器 > 化妆台、化妆镜,material,镜柜,浴室镜柜,high,明确用于浴室
1554-1,1554,洁具及燃气器具 > 卫浴家具、电器 > 化妆台、化妆镜,material,镜柜,镜箱,medium,老式叫法，嵌入式镜柜
1554-1,1554,洁具及燃气器具 > 卫浴家具、电器 > 化妆台、化妆镜,material,镜柜,镜子柜,medium,直接描述
1557-1,1557,洁具及燃气器具 > 卫浴家具、电器 > 卫浴小电器,material,全自动烘手器,烘手机,high,施工现场常用口语叫法
1557-1,1557,洁具及燃气器具 > 卫浴家具、电器 > 卫浴小电器,material,全自动烘手器,干手器,high,行业内常用简称
1557-1,1557,洁具及燃气器具 > 卫浴家具、电器 > 卫浴小电器,material,全自动烘手器,自动干手机,high,带自动描述的俗称
1557-1,1557,洁具及燃气器具 > 卫浴家具、电器 > 卫浴小电器,material,干肤、干发两用机,干身机,medium,现场常用简化叫法
1557-1,1557,洁具及燃气器具 > 卫浴家具、电器 > 卫浴小电器,material,干肤、干发两用机,干肤干发机,medium,缩略俗称
1557-1,1557,洁具及燃气器具 > 卫浴家具、电器 > 卫浴小电器,material,干肤、干发两用机,双用干身器,low,描述两用功能的口语
1557-1,1557,洁具及燃气器具 > 卫浴家具、电器 > 卫浴小电器,material,手消毒器,净手器,high,行业别称
1557-1,1557,洁具及燃气器具 > 卫浴家具、电器 > 卫浴小电器,material,手消毒器,感应手消毒器,high,强调感应方式的叫法
1557-1,1557,洁具及燃气器具 > 卫浴家具、电器 > 卫浴小电器,material,手消毒器,自动手消毒器,medium,施工现场常用
1556-1,1556,洁具及燃气器具 > 卫浴家具、电器 > 卫生洁具用水箱,category,卫生洁具用水箱,洁具水箱,medium,行业内对卫生洁具用水箱的统称，涵盖各种冲厕水箱
1556-1,1556,洁具及燃气器具 > 卫浴家具、电器 > 卫生洁具用水箱,material,冲洗水箱,冲水箱,medium,施工现场及采购中常用的简称
1556-1,1556,洁具及燃气器具 > 卫浴家具、电器 > 卫生洁具用水箱,material,坐装式低位水箱,马桶水箱,high,直接安装在马桶上的水箱，俗称马桶水箱
1556-1,1556,洁具及燃气器具 > 卫浴家具、电器 > 卫生洁具用水箱,material,坐装式低位水箱,坐便器水箱,medium,配套坐便器的低位水箱
1556-1,1556,洁具及燃气器具 > 卫浴家具、电器 > 卫生洁具用水箱,material,坐装式低位水箱,低水箱,medium,区别于高位水箱，指低位安装的通用叫法
1556-1,1556,洁具及燃气器具 > 卫浴家具、电器 > 卫生洁具用水箱,material,坐装式低位水箱,分体水箱,medium,分体马桶配套的水箱，采购中常用
1556-1,1556,洁具及燃气器具 > 卫浴家具、电器 > 卫生洁具用水箱,material,壁挂式低位水箱,壁挂水箱,high,挂在墙面的水箱，最为通用的别称
1556-1,1556,洁具及燃气器具 > 卫浴家具、电器 > 卫生洁具用水箱,material,壁挂式低位水箱,挂墙水箱,high,与壁挂式同义，口语中常用
1556-1,1556,洁具及燃气器具 > 卫浴家具、电器 > 卫生洁具用水箱,material,自动冲洗水箱,感应冲水箱,medium,带感应自动冲水功能的水箱
1556-1,1556,洁具及燃气器具 > 卫浴家具、电器 > 卫生洁具用水箱,material,自动冲洗水箱,自动冲水箱,medium,简称自动冲水箱，强调自动功能
1556-1,1556,洁具及燃气器具 > 卫浴家具、电器 > 卫生洁具用水箱,material,隐藏式水箱,入墙水箱,high,安装于墙体内，施工和采购中极常用
1556-1,1556,洁具及燃气器具 > 卫浴家具、电器 > 卫生洁具用水箱,material,隐藏式水箱,暗装水箱,medium,隐蔽安装方式的水箱别称
1556-1,1556,洁具及燃气器具 > 卫浴家具、电器 > 卫生洁具用水箱,material,隐藏式水箱,隐蔽式水箱,medium,与隐藏式水箱同义，书面及口语均用
1556-1,1556,洁具及燃气器具 > 卫浴家具、电器 > 卫生洁具用水箱,material,高位水箱,高水箱,high,高位水箱的简称，施工现场通用
1556-1,1556,洁具及燃气器具 > 卫浴家具、电器 > 卫生洁具用水箱,material,高位水箱,高位冲水箱,medium,强调高位安装的冲水箱
1556-1,1556,洁具及燃气器具 > 卫浴家具、电器 > 卫生洁具用水箱,material,高位水箱,拉绳水箱,medium,高位水箱常以拉绳控制冲洗，口语中会这样叫
1558-1,1558,洁具及燃气器具 > 卫浴家具、电器 > 喷香机、给皂器,category,喷香机、给皂器,喷香器,high,喷香机是常见叫法，但口语中也称喷香器
1558-1,1558,洁具及燃气器具 > 卫浴家具、电器 > 喷香机、给皂器,category,喷香机、给皂器,香薰机,medium,部分场景下喷香机被称作香薰机
1558-1,1558,洁具及燃气器具 > 卫浴家具、电器 > 喷香机、给皂器,category,喷香机、给皂器,皂液器,high,给皂器在采购中大量被称为皂液器
1558-1,1558,洁具及燃气器具 > 卫浴家具、电器 > 喷香机、给皂器,category,喷香机、给皂器,皂液分配器,medium,给皂器的正式别名
1558-1,1558,洁具及燃气器具 > 卫浴家具、电器 > 喷香机、给皂器,material,厨房给皂器,厨房皂液器,high,给皂器在厨房场景常用皂液器称呼
1558-1,1558,洁具及燃气器具 > 卫浴家具、电器 > 喷香机、给皂器,material,厨房给皂器,厨房皂液分配器,medium,完整别名
1558-1,1558,洁具及燃气器具 > 卫浴家具、电器 > 喷香机、给皂器,material,定时自动喷香机,定时喷香器,high,带定时功能的喷香机简称
1558-1,1558,洁具及燃气器具 > 卫浴家具、电器 > 喷香机、给皂器,material,定时自动喷香机,自动定时喷香机,medium,语序调换的常见叫法
1558-1,1558,洁具及燃气器具 > 卫浴家具、电器 > 喷香机、给皂器,material,定时自动喷香机,定时电香机,low,部分地区口语
1558-1,1558,洁具及燃气器具 > 卫浴家具、电器 > 喷香机、给皂器,material,感应喷香机,感应式喷香器,high,口语中加‘式’字
1558-1,1558,洁具及燃气器具 > 卫浴家具、电器 > 喷香机、给皂器,material,感应喷香机,红外感应喷香机,medium,虽然红外是感应方式，但常组合在名称中
1558-1,1558,洁具及燃气器具 > 卫浴家具、电器 > 喷香机、给皂器,material,手按式给皂器,手压皂液器,high,手按与手压含义相同，常用皂液器替代给皂器
1558-1,1558,洁具及燃气器具 > 卫浴家具、电器 > 喷香机、给皂器,material,手按式给皂器,按压式皂液器,high,按压式是手按式的同义表述
1558-1,1558,洁具及燃气器具 > 卫浴家具、电器 > 喷香机、给皂器,material,手按式给皂器,手按皂液器,medium,省去‘式’字
1558-1,1558,洁具及燃气器具 > 卫浴家具、电器 > 喷香机、给皂器,material,气压式给皂器,气压皂液器,high,气压式给皂器在施工采购中称气压皂液器
1558-1,1558,洁具及燃气器具 > 卫浴家具、电器 > 喷香机、给皂器,material,气压式给皂器,气动给皂器,medium,气压等同于气动，常见别名
1558-1,1558,洁具及燃气器具 > 卫浴家具、电器 > 喷香机、给皂器,material,红外线自动感应给皂器,感应皂液器,high,最常见简称，涵盖红外和自动感应
1558-1,1558,洁具及燃气器具 > 卫浴家具、电器 > 喷香机、给皂器,material,红外线自动感应给皂器,红外感应皂液器,high,突出红外线特性
1558-1,1558,洁具及燃气器具 > 卫浴家具、电器 > 喷香机、给皂器,material,红外线自动感应给皂器,自动感应给皂器,high,略去红外线
1558-1,1558,洁具及燃气器具 > 卫浴家具、电器 > 喷香机、给皂器,material,红外线自动感应给皂器,感应式皂液器,medium,加式字
1558-1,1558,洁具及燃气器具 > 卫浴家具、电器 > 喷香机、给皂器,material,自动控制台式给皂器,台式自动给皂器,high,语序调整，更顺口
1558-1,1558,洁具及燃气器具 > 卫浴家具、电器 > 喷香机、给皂器,material,自动控制台式给皂器,台面式皂液器,high,控制台一般指台面，皂液器替代给皂器
1558-1,1558,洁具及燃气器具 > 卫浴家具、电器 > 喷香机、给皂器,material,自动控制台式给皂器,台式感应皂液器,medium,自动控制常指感应，集成感应皂液器叫法
1555-1,1555,洁具及燃气器具 > 卫浴家具、电器 > 浴室家具,material,侧柜,边柜,medium,放置在侧面的柜子常被称为边柜
1555-1,1555,洁具及燃气器具 > 卫浴家具、电器 > 浴室家具,material,侧柜,侧边柜,medium,口语中强调侧边的叫法
1555-1,1555,洁具及燃气器具 > 卫浴家具、电器 > 浴室家具,material,平柜,地柜,low,落地安装的平柜有时统称地柜
1555-1,1555,洁具及燃气器具 > 卫浴家具、电器 > 浴室家具,material,平柜,落地柜,low,指落地式平柜
1555-1,1555,洁具及燃气器具 > 卫浴家具、电器 > 浴室家具,material,成套橱柜,浴室套柜,medium,成套的浴室柜组合
1555-1,1555,洁具及燃气器具 > 卫浴家具、电器 > 浴室家具,material,成套橱柜,组合浴室柜,medium,由多个单元组合的浴室柜
1555-1,1555,洁具及燃气器具 > 卫浴家具、电器 > 浴室家具,material,成套橱柜,卫浴套柜,medium,卫浴行业对成套橱柜的简称
1555-1,1555,洁具及燃气器具 > 卫浴家具、电器 > 浴室家具,material,浴室柜,洗手柜,high,带洗手盆的柜子
1555-1,1555,洁具及燃气器具 > 卫浴家具、电器 > 浴室家具,material,浴室柜,洗漱柜,high,用于洗漱的柜体
1555-1,1555,洁具及燃气器具 > 卫浴家具、电器 > 浴室家具,material,浴室柜,卫浴柜,high,卫浴空间的柜类简称
1555-1,1555,洁具及燃气器具 > 卫浴家具、电器 > 浴室家具,material,盆柜,台盆柜,high,支撑台盆的柜体
1555-1,1555,洁具及燃气器具 > 卫浴家具、电器 > 浴室家具,material,盆柜,盆下柜,high,安装在台盆下方的柜子
1555-1,1555,洁具及燃气器具 > 卫浴家具、电器 > 浴室家具,material,盆柜,面盆柜,medium,放置面盆的柜子
1555-1,1555,洁具及燃气器具 > 卫浴家具、电器 > 浴室家具,material,立柜,高柜,high,高度较高的立式柜
1555-1,1555,洁具及燃气器具 > 卫浴家具、电器 > 浴室家具,material,立柜,竖柜,medium,竖向摆放的柜子
1555-1,1555,洁具及燃气器具 > 卫浴家具、电器 > 浴室家具,material,立柜,立式储物柜,high,立式带储物功能的柜子
1559-1,1559,洁具及燃气器具 > 卫浴家具、电器 > 消毒器、消毒锅,material,感应式手消毒器,手消毒器,high,施工现场常用简称，省略‘感应式’
1559-1,1559,洁具及燃气器具 > 卫浴家具、电器 > 消毒器、消毒锅,material,感应式手消毒器,自动手消毒器,medium,突出感应自动出液的特点，采购中偶见
1559-1,1559,洁具及燃气器具 > 卫浴家具、电器 > 消毒器、消毒锅,material,空气消毒器,空气消毒机,high,‘机’与‘器’通用，采购与施工中普遍混用
1559-1,1559,洁具及燃气器具 > 卫浴家具、电器 > 消毒器、消毒锅,material,臭氧式水箱自洁消毒器,水箱自洁消毒器,high,省略‘臭氧式’，现场常用简称
1559-1,1559,洁具及燃气器具 > 卫浴家具、电器 > 消毒器、消毒锅,material,臭氧式水箱自洁消毒器,臭氧水箱消毒器,medium,倒置语序，突出水箱消毒功能
1559-1,1559,洁具及燃气器具 > 卫浴家具、电器 > 消毒器、消毒锅,material,臭氧消毒器,臭氧机,medium,施工现场口语化叫法，常用于产生臭氧的设备
1545-1,1545,洁具及燃气器具 > 卫浴洁具 > 台盆（洗脸盆、洗手盆）,category,台盆（洗脸盆、洗手盆）,面盆,high,台盆类产品统称，涵盖各类洗脸盆、洗手盆
1545-1,1545,洁具及燃气器具 > 卫浴洁具 > 台盆（洗脸盆、洗手盆）,material,台盆,台上盆,medium,安装于台面上的盆常直接叫台上盆
1545-1,1545,洁具及燃气器具 > 卫浴洁具 > 台盆（洗脸盆、洗手盆）,material,柱盆,立柱盆,high,带立柱的洗脸盆俗称立柱盆
1545-1,1545,洁具及燃气器具 > 卫浴洁具 > 台盆（洗脸盆、洗手盆）,material,柱盆,落地盆,medium,因柱盆整体落地，又称落地盆
1545-1,1545,洁具及燃气器具 > 卫浴洁具 > 台盆（洗脸盆、洗手盆）,material,洗手盆,洗手池,medium,小型洗手盆常被叫做洗手池
1545-1,1545,洁具及燃气器具 > 卫浴洁具 > 台盆（洗脸盆、洗手盆）,material,洗脸盆,脸盆,high,洗脸盆的通用口语简称
1545-1,1545,洁具及燃气器具 > 卫浴洁具 > 台盆（洗脸盆、洗手盆）,material,艺术盆,工艺盆,high,艺术盆在采购中常被称为工艺盆
1545-1,1545,洁具及燃气器具 > 卫浴洁具 > 台盆（洗脸盆、洗手盆）,material,艺术盆,造型盆,medium,强调造型别致的叫法
1549-1,1549,洁具及燃气器具 > 卫浴洁具 > 小便器,category,小便器,小便斗,high,行业内对小便器的通用俗称
1549-1,1549,洁具及燃气器具 > 卫浴洁具 > 小便器,category,小便器,尿斗,medium,部分工地口语叫法
1549-1,1549,洁具及燃气器具 > 卫浴洁具 > 小便器,material,冲洗阀,冲水阀,high,通用口语叫法
1549-1,1549,洁具及燃气器具 > 卫浴洁具 > 小便器,material,冲洗阀,延时阀,medium,指延时自闭冲洗阀的简称
1549-1,1549,洁具及燃气器具 > 卫浴洁具 > 小便器,material,大便器,马桶,low,民用口语统称，但通常特指座便器
1549-1,1549,洁具及燃气器具 > 卫浴洁具 > 小便器,material,小便槽,尿槽,high,工地和部分方言区常用叫法
1549-1,1549,洁具及燃气器具 > 卫浴洁具 > 小便器,material,小便槽,小便沟,medium,施工现场形象叫法
1549-1,1549,洁具及燃气器具 > 卫浴洁具 > 小便器,material,感应挂式小便器,感应挂斗,high,挂式小便器的行业简称，配合感应器
1549-1,1549,洁具及燃气器具 > 卫浴洁具 > 小便器,material,感应挂式小便器,挂式感应小便斗,medium,完整别称
1549-1,1549,洁具及燃气器具 > 卫浴洁具 > 小便器,material,感应立式小便器,感应立斗,high,立式小便器的行业简称
1549-1,1549,洁具及燃气器具 > 卫浴洁具 > 小便器,material,感应立式小便器,立式感应小便斗,medium,完整别称
1549-1,1549,洁具及燃气器具 > 卫浴洁具 > 小便器,material,挂式小便器,挂斗,high,行业内口语简称
1549-1,1549,洁具及燃气器具 > 卫浴洁具 > 小便器,material,挂式小便器,墙挂小便器,medium,强调安装方式
1549-1,1549,洁具及燃气器具 > 卫浴洁具 > 小便器,material,立式小便器,立斗,high,行业内口语简称
1549-1,1549,洁具及燃气器具 > 卫浴洁具 > 小便器,material,立式小便器,落地式小便斗,medium,描述落地形态
1549-1,1549,洁具及燃气器具 > 卫浴洁具 > 小便器,material,落地小便器,落地斗,medium,强调直接落地
1549-1,1549,洁具及燃气器具 > 卫浴洁具 > 小便器,material,角阀,八字阀,high,因外形形状得名，广泛使用
1549-1,1549,洁具及燃气器具 > 卫浴洁具 > 小便器,material,角阀,三角阀,medium,部分区域习惯叫法
1548-1,1548,洁具及燃气器具 > 卫浴洁具 > 座便器,category,座便器,马桶,high,座便器最常见的俗称，采购及施工现场通用
1548-1,1548,洁具及燃气器具 > 卫浴洁具 > 座便器,category,座便器,座厕,high,行业书面及口语常用别称
1548-1,1548,洁具及燃气器具 > 卫浴洁具 > 座便器,material,冲洗阀式坐便器,冲洗阀马桶,medium,施工现场因采用冲洗阀直冲而得名
1548-1,1548,洁具及燃气器具 > 卫浴洁具 > 座便器,material,分体坐便器,分体马桶,high,水箱与便座分离的普遍叫法
1548-1,1548,洁具及燃气器具 > 卫浴洁具 > 座便器,material,壁挂式坐便器,挂墙马桶,high,安装于墙面的悬挂式马桶，采购及安装常称挂墙马桶
1548-1,1548,洁具及燃气器具 > 卫浴洁具 > 座便器,material,壁挂式坐便器,壁挂马桶,high,挂墙马桶的另一种常见叫法
1548-1,1548,洁具及燃气器具 > 卫浴洁具 > 座便器,material,智能坐便器,智能马桶,high,消费者及采购端最通用的称谓
1548-1,1548,洁具及燃气器具 > 卫浴洁具 > 座便器,material,智能坐便器,一体式智能马桶,medium,区别于智能马桶盖套装，指整体智能座便器
1548-1,1548,洁具及燃气器具 > 卫浴洁具 > 座便器,material,连体坐便器,连体马桶,high,水箱与便座烧制成一体的马桶，行业通用叫法
1546-1,1546,洁具及燃气器具 > 卫浴洁具 > 洗发盆（洗头槽）,category,洗发盆（洗头槽）,洗头盆,high,洗发盆最常见的口语叫法
1546-1,1546,洁具及燃气器具 > 卫浴洁具 > 洗发盆（洗头槽）,category,洗发盆（洗头槽）,洗发槽,high,同标准路径中的洗头槽
1546-1,1546,洁具及燃气器具 > 卫浴洁具 > 洗发盆（洗头槽）,category,洗发盆（洗头槽）,洗头床,medium,带躺卧设计的洗发盆整体俗称
1546-1,1546,洁具及燃气器具 > 卫浴洁具 > 洗发盆（洗头槽）,category,洗发盆（洗头槽）,冲头盆,medium,强调带冲水功能的洗发盆
1546-1,1546,洁具及燃气器具 > 卫浴洁具 > 洗发盆（洗头槽）,category,洗发盆（洗头槽）,美发洗头盆,medium,美发行业专称
1550-1,1550,洁具及燃气器具 > 卫浴洁具 > 淋浴间（房）、淋浴屏,category,淋浴间（房）、淋浴屏,淋浴房,high,行业内淋浴间与淋浴房常混用，统称淋浴房
1550-1,1550,洁具及燃气器具 > 卫浴洁具 > 淋浴间（房）、淋浴屏,category,淋浴间（房）、淋浴屏,沐浴房,medium,部分地区叫法
1550-1,1550,洁具及燃气器具 > 卫浴洁具 > 淋浴间（房）、淋浴屏,category,淋浴间（房）、淋浴屏,淋浴隔断,high,淋浴屏常被称为淋浴隔断
1550-1,1550,洁具及燃气器具 > 卫浴洁具 > 淋浴间（房）、淋浴屏,material,不锈钢淋浴屏,不锈钢淋浴隔断,high,施工现场常将淋浴屏叫隔断
1550-1,1550,洁具及燃气器具 > 卫浴洁具 > 淋浴间（房）、淋浴屏,material,不锈钢淋浴屏,不锈钢淋浴房,medium,有时屏与房混叫
1550-1,1550,洁具及燃气器具 > 卫浴洁具 > 淋浴间（房）、淋浴屏,material,亚克力淋浴屏,亚克力隔断,high,淋浴屏口语简称
1550-1,1550,洁具及燃气器具 > 卫浴洁具 > 淋浴间（房）、淋浴屏,material,亚克力淋浴间,亚克力整体浴房,medium,亚克力淋浴间多为整体式
1550-1,1550,洁具及燃气器具 > 卫浴洁具 > 淋浴间（房）、淋浴屏,material,亚克力淋浴间,亚克力淋浴房,high,间与房口语混用
1550-1,1550,洁具及燃气器具 > 卫浴洁具 > 淋浴间（房）、淋浴屏,material,塑钢淋浴间,塑钢淋浴房,high,通用叫法
1550-1,1550,洁具及燃气器具 > 卫浴洁具 > 淋浴间（房）、淋浴屏,material,塑钢淋浴间,PVC淋浴房,medium,塑钢本质是PVC型材
1550-1,1550,洁具及燃气器具 > 卫浴洁具 > 淋浴间（房）、淋浴屏,material,玻璃淋浴屏,玻璃隔断,high,屏即隔断，常见简略叫法
1550-1,1550,洁具及燃气器具 > 卫浴洁具 > 淋浴间（房）、淋浴屏,material,玻璃淋浴间,玻璃淋浴房,high,间与房替换
1550-1,1550,洁具及燃气器具 > 卫浴洁具 > 淋浴间（房）、淋浴屏,material,钢化玻璃淋浴屏,钢化玻璃隔断,high,屏的具体说法
1550-1,1550,洁具及燃气器具 > 卫浴洁具 > 淋浴间（房）、淋浴屏,material,钢化玻璃淋浴屏,钢化淋浴屏,medium,简省玻璃二字
1550-1,1550,洁具及燃气器具 > 卫浴洁具 > 淋浴间（房）、淋浴屏,material,钢化玻璃淋浴间,钢化玻璃淋浴房,high,最通用叫法
1550-1,1550,洁具及燃气器具 > 卫浴洁具 > 淋浴间（房）、淋浴屏,material,钢化玻璃淋浴间,钢化淋浴房,medium,简略口语
1551-1,1551,洁具及燃气器具 > 卫浴洁具 > 蒸汽房、桑拿房,category,蒸汽房、桑拿房,湿蒸房,high,蒸汽房在口语中常被称为湿蒸房，区别于干蒸桑拿房
1551-1,1551,洁具及燃气器具 > 卫浴洁具 > 蒸汽房、桑拿房,category,蒸汽房、桑拿房,整体蒸汽房,high,工程采购中常将一体式蒸汽房称为整体蒸汽房
1551-1,1551,洁具及燃气器具 > 卫浴洁具 > 蒸汽房、桑拿房,category,蒸汽房、桑拿房,蒸汽淋浴房,medium,多数蒸汽房兼具淋浴功能，现场常混称蒸汽淋浴房
1551-1,1551,洁具及燃气器具 > 卫浴洁具 > 蒸汽房、桑拿房,material,单人泡浴蒸汽房,单人蒸汽浴房,medium,带泡浴功能的蒸汽房，采购时简称蒸汽浴房
1551-1,1551,洁具及燃气器具 > 卫浴洁具 > 蒸汽房、桑拿房,material,单人淋浴蒸汽房,单人蒸汽淋浴房,high,同义倒置，口语中常称蒸汽淋浴房
1551-1,1551,洁具及燃气器具 > 卫浴洁具 > 蒸汽房、桑拿房,material,单人蒸汽房,单人蒸汽屋,low,小型独立蒸汽房有时被叫做蒸汽屋
1551-1,1551,洁具及燃气器具 > 卫浴洁具 > 蒸汽房、桑拿房,material,双人泡浴蒸汽房,双人蒸汽浴房,medium,带泡浴的双人蒸汽房简称
1551-1,1551,洁具及燃气器具 > 卫浴洁具 > 蒸汽房、桑拿房,material,双人淋浴蒸汽房,双人蒸汽淋浴房,high,同义倒置，口语常用
1551-1,1551,洁具及燃气器具 > 卫浴洁具 > 蒸汽房、桑拿房,material,双人蒸汽房,双人蒸汽屋,low,现场偶尔使用
1551-1,1551,洁具及燃气器具 > 卫浴洁具 > 蒸汽房、桑拿房,material,汗蒸房,韩式汗蒸房,high,汗蒸房多指韩式汗蒸，现场直接称韩式汗蒸房
1551-1,1551,洁具及燃气器具 > 卫浴洁具 > 蒸汽房、桑拿房,material,汗蒸房,汗蒸室,medium,小型或独立房间式的汗蒸房常称汗蒸室
1547-1,1547,洁具及燃气器具 > 卫浴洁具 > 蹲便器,category,蹲便器,蹲坑,high,施工现场及日常口语对蹲便器的俗称
1547-1,1547,洁具及燃气器具 > 卫浴洁具 > 蹲便器,category,蹲便器,大便器,high,给排水设计/施工中的传统叫法，泛指蹲式大便器
1547-1,1547,洁具及燃气器具 > 卫浴洁具 > 蹲便器,category,蹲便器,蹲式大便器,high,标准术语，口语中简化为蹲便器时的替代表述
1547-1,1547,洁具及燃气器具 > 卫浴洁具 > 蹲便器,category,蹲便器,蹲便,high,采购清单和工人口头常用简称
1547-1,1547,洁具及燃气器具 > 卫浴洁具 > 蹲便器,material,冲洗阀式蹲便器,脚踏式蹲便器,high,冲洗阀常用脚踏式开启，现场直接以此命名器具
1547-1,1547,洁具及燃气器具 > 卫浴洁具 > 蹲便器,material,冲洗阀式蹲便器,延时阀蹲便器,medium,冲洗阀通常指延时自闭冲洗阀，简称延时阀蹲便器
1547-1,1547,洁具及燃气器具 > 卫浴洁具 > 蹲便器,material,冲洗阀式蹲便器,自闭阀蹲便器,medium,延时自闭冲洗阀的另一简称，采购中会出现
1547-1,1547,洁具及燃气器具 > 卫浴洁具 > 蹲便器,material,水箱式蹲便器,水箱蹲便器,high,采购和施工中的口语化简称，直接指明带水箱
1547-1,1547,洁具及燃气器具 > 卫浴洁具 > 蹲便器,material,水箱式蹲便器,分体蹲便器,high,水箱与便器本体分离，区别于连体坐便器，蹲便器领域以此区分
1553-1,1553,洁具及燃气器具 > 洗涤类洁具 > 洗涤盆、化验盆,material,拖布盆,拖把池,high,施工现场常见口语叫法，因主要用于清洗拖布（拖把）而得名
1553-1,1553,洁具及燃气器具 > 洗涤类洁具 > 洗涤盆、化验盆,material,拖布盆,拖布池,high,另一种文字变体，与标准名仅‘盆’与‘池’一字之差
1553-1,1553,洁具及燃气器具 > 洗涤类洁具 > 洗涤盆、化验盆,material,洗涤盆,水槽,medium,在厨房或通用洗涤语境中常称为水槽
1553-1,1553,洁具及燃气器具 > 洗涤类洁具 > 洗涤盆、化验盆,material,洗涤盆,洗盆,medium,简略叫法，仅保留核心词素
1562-1,1562,洁具及燃气器具 > 燃气器具 > 其他燃气器具,material,燃气凝水缸,凝水器,high,燃气工程中收集冷凝水的装置，也叫凝水器
1562-1,1562,洁具及燃气器具 > 燃气器具 > 其他燃气器具,material,燃气凝水缸,排水缸,medium,施工现场口语常称排水缸
1562-1,1562,洁具及燃气器具 > 燃气器具 > 其他燃气器具,material,玻璃灶盖,灶面玻璃,high,灶具玻璃面板的简称
1562-1,1562,洁具及燃气器具 > 燃气器具 > 其他燃气器具,material,玻璃灶盖,钢化玻璃灶面板,medium,采购中常强调材质为钢化玻璃
1561-1,1561,洁具及燃气器具 > 燃气器具 > 燃气管道专用附件,category,燃气管道专用附件,燃气管道附件,high,施工现场常用简称，省略'专用'
1561-1,1561,洁具及燃气器具 > 燃气器具 > 燃气管道专用附件,category,燃气管道专用附件,燃气管路配件,medium,采购目录中常见叫法，涵盖安装用小型附件
1561-1,1561,洁具及燃气器具 > 燃气器具 > 燃气管道专用附件,material,全胶软管,全胶管,high,简称，保留材质特征
1561-1,1561,洁具及燃气器具 > 燃气器具 > 燃气管道专用附件,material,全胶软管,橡胶燃气管,high,突出用途和材质，工地常叫
1561-1,1561,洁具及燃气器具 > 燃气器具 > 燃气管道专用附件,material,全胶软管,纯胶软管,medium,强调无钢丝层，口语中可能使用
1561-1,1561,洁具及燃气器具 > 燃气器具 > 燃气管道专用附件,material,拖钩,燃气挂钩,high,明确用于燃气管道的钩子
1561-1,1561,洁具及燃气器具 > 燃气器具 > 燃气管道专用附件,material,拖钩,管钓钩,low,施工人员有时将钩子称为'钓钩'
1561-1,1561,洁具及燃气器具 > 燃气器具 > 燃气管道专用附件,material,支撑圈,管卡圈,high,固定管道的卡箍式圆圈
1561-1,1561,洁具及燃气器具 > 燃气器具 > 燃气管道专用附件,material,支撑圈,管道抱箍,medium,类似抱箍作用，口语常用
1561-1,1561,洁具及燃气器具 > 燃气器具 > 燃气管道专用附件,material,点火棒,点火枪,high,外形似枪，常见叫法
1561-1,1561,洁具及燃气器具 > 燃气器具 > 燃气管道专用附件,material,点火棒,长臂点火器,medium,描述其长柄特征
1561-1,1561,洁具及燃气器具 > 燃气器具 > 燃气管道专用附件,material,点火棒,打火棒,medium,直接点火工具俗称
1561-1,1561,洁具及燃气器具 > 燃气器具 > 燃气管道专用附件,material,燃气嘴,气嘴,high,简略称呼
1561-1,1561,洁具及燃气器具 > 燃气器具 > 燃气管道专用附件,material,燃气嘴,煤气嘴,medium,老旧说法，仍在使用
1561-1,1561,洁具及燃气器具 > 燃气器具 > 燃气管道专用附件,material,燃气嘴,灶前嘴,medium,指连接灶具的出口嘴
1561-1,1561,洁具及燃气器具 > 燃气器具 > 燃气管道专用附件,material,燃气接头,气管接头,high,通用叫法，明确连接气体管
1561-1,1561,洁具及燃气器具 > 燃气器具 > 燃气管道专用附件,material,燃气接头,铜接头,high,常见材质为黄铜，现场指代
1561-1,1561,洁具及燃气器具 > 燃气器具 > 燃气管道专用附件,material,燃气接头,燃气快接,medium,快速连接功能的口语表达
1561-1,1561,洁具及燃气器具 > 燃气器具 > 燃气管道专用附件,material,表托盘,燃气表托架,high,直接描述承载表的支架
1561-1,1561,洁具及燃气器具 > 燃气器具 > 燃气管道专用附件,material,表托盘,挂表盘,medium,墙挂式燃气表的底座俗称
1561-1,1561,洁具及燃气器具 > 燃气器具 > 燃气管道专用附件,material,表托盘,表座,low,简易简称
1561-1,1561,洁具及燃气器具 > 燃气器具 > 燃气管道专用附件,material,锁帽卡环,锁紧卡环,high,强调锁紧功能，采购单常见
1561-1,1561,洁具及燃气器具 > 燃气器具 > 燃气管道专用附件,material,锁帽卡环,防脱卡箍,medium,防止接头松脱的卡箍件
1561-1,1561,洁具及燃气器具 > 燃气器具 > 燃气管道专用附件,material,集气罩,收气罩,high,收集气体的罩子，口语说法
1561-1,1561,洁具及燃气器具 > 燃气器具 > 燃气管道专用附件,material,集气罩,拢烟罩,medium,用在燃气热水器等排烟处，常称拢烟
1561-1,1561,洁具及燃气器具 > 燃气器具 > 燃气管道专用附件,material,集气罩,吸气罩,low,部分场合用于抽吸气体
1560-1,1560,洁具及燃气器具 > 燃气器具 > 调压装置,material,燃气调压器,燃气调压阀,high,行业内常将调压器称为调压阀，功能一致
1560-1,1560,洁具及燃气器具 > 燃气器具 > 调压装置,material,燃气调压器,燃气减压阀,high,主要功能为减压，施工采购中俗称减压阀
1560-1,1560,洁具及燃气器具 > 燃气器具 > 调压装置,material,燃气调压器,煤气调压器,medium,煤气时代遗留叫法，仍在使用
1560-1,1560,洁具及燃气器具 > 燃气器具 > 调压装置,material,燃气调压器,调压器,medium,在燃气语境下的通用简称
1560-1,1560,洁具及燃气器具 > 燃气器具 > 调压装置,material,燃气调压装置,调压柜,high,箱式调压装置施工现场常叫调压柜
1560-1,1560,洁具及燃气器具 > 燃气器具 > 调压装置,material,燃气调压装置,调压撬,high,成撬集成的调压装置俗称调压撬
1560-1,1560,洁具及燃气器具 > 燃气器具 > 调压装置,material,燃气调压装置,燃气调压柜,high,全称的口语化表达
1560-1,1560,洁具及燃气器具 > 燃气器具 > 调压装置,material,燃气调压装置,调压站,medium,区域性调压设施常称为调压站
1560-1,1560,洁具及燃气器具 > 燃气器具 > 调压装置,material,燃气调压装置,燃气调压箱,medium,小型挂墙或落地式调压装置俗称调压箱
231-2,231,涂料及防腐、防水材料 > 止水材料 > 止水材料,material,钢板止水带,止水钢板,high,施工现场最常用的口语叫法
231-2,231,涂料及防腐、防水材料 > 止水材料 > 止水材料,material,钢板止水带,钢板止水片,medium,有时用于形容片状钢板止水带
231-2,231,涂料及防腐、防水材料 > 止水材料 > 止水材料,material,钢板止水带,金属止水带,low,按材质泛称
231-2,231,涂料及防腐、防水材料 > 止水材料 > 止水材料,material,钢板腻子止水带,遇水膨胀钢板止水带,medium,腻子特性为遇水膨胀，此别称突出功能
231-2,231,涂料及防腐、防水材料 > 止水材料 > 止水材料,material,钢板腻子止水带,钢板腻子止水条,medium,现场常将条状止水材料统称为止水条
231-2,231,涂料及防腐、防水材料 > 止水材料 > 止水材料,material,钢边橡胶复合止水带,钢边止水带,high,省略橡胶字样，行业通用简称
231-2,231,涂料及防腐、防水材料 > 止水材料 > 止水材料,material,钢边橡胶复合止水带,复合钢边止水带,medium,语序调整后的别称
231-2,231,涂料及防腐、防水材料 > 止水材料 > 止水材料,material,钢边橡胶复合止水带,钢边橡胶带,low,施工现场简短的叫法
1181-1,1181,涂料及防腐、防水材料 > 油漆 > 木器漆,category,木器漆,家具漆,high,木器漆常用于家具涂装，施工中常称为家具漆
1181-1,1181,涂料及防腐、防水材料 > 油漆 > 木器漆,category,木器漆,木材漆,medium,直接以基材称呼
1181-1,1181,涂料及防腐、防水材料 > 油漆 > 木器漆,category,木器漆,木工漆,medium,木工施工环节的俗称
1181-1,1181,涂料及防腐、防水材料 > 油漆 > 木器漆,material,大漆,生漆,high,大漆是天然漆，未经精制的称为生漆
1181-1,1181,涂料及防腐、防水材料 > 油漆 > 木器漆,material,大漆,国漆,high,中国传统天然漆的称呼
1181-1,1181,涂料及防腐、防水材料 > 油漆 > 木器漆,material,大漆,土漆,medium,各地民间对天然漆的叫法
1181-1,1181,涂料及防腐、防水材料 > 油漆 > 木器漆,material,木器中层漆,中间漆,medium,处于底漆和面漆之间，施工中常称中间漆
1181-1,1181,涂料及防腐、防水材料 > 油漆 > 木器漆,material,木蜡油,蜡油,low,口语中简化为蜡油
1181-1,1181,涂料及防腐、防水材料 > 油漆 > 木器漆,material,磁漆,瓷漆,high,磁漆即瓷漆，因漆膜似瓷得名，工程常用瓷漆
1181-1,1181,涂料及防腐、防水材料 > 油漆 > 木器漆,material,调和漆,调合漆,medium,同音别字，采购或现场记录中常见
1181-1,1181,涂料及防腐、防水材料 > 油漆 > 木器漆,material,酚醛磁漆,酚醛瓷漆,high,磁漆即瓷漆，加入酚醛的瓷漆
1180-1,1180,涂料及防腐、防水材料 > 油漆 > 通用油漆,material,内墙氟碳漆,内墙氟碳,medium,口语中常省略“漆”字
1180-1,1180,涂料及防腐、防水材料 > 油漆 > 通用油漆,material,内墙氟碳漆,室内氟碳漆,medium,内墙即室内墙面用漆
1180-1,1180,涂料及防腐、防水材料 > 油漆 > 通用油漆,material,外墙氟碳漆,外墙氟碳,medium,口语中常省略“漆”字
1180-1,1180,涂料及防腐、防水材料 > 油漆 > 通用油漆,material,外墙氟碳漆,户外氟碳漆,medium,外墙对应户外环境
1180-1,1180,涂料及防腐、防水材料 > 油漆 > 通用油漆,material,外墙氟碳漆专用底漆,外墙氟碳底漆,high,施工中简化叫法
1180-1,1180,涂料及防腐、防水材料 > 油漆 > 通用油漆,material,氟碳专用底漆,氟碳底漆,high,常见的省略叫法
1180-1,1180,涂料及防腐、防水材料 > 油漆 > 通用油漆,material,氟碳漆,氟碳涂料,high,涂料是油漆的行业别称
1180-1,1180,涂料及防腐、防水材料 > 油漆 > 通用油漆,material,水性氟碳漆,水性氟碳,medium,口语省略“漆”字
1180-1,1180,涂料及防腐、防水材料 > 油漆 > 通用油漆,material,水性氟碳漆,水溶型氟碳漆,medium,水性有时称水溶型
1180-1,1180,涂料及防腐、防水材料 > 油漆 > 通用油漆,material,金属氟碳漆,金属氟碳,medium,口语省略
1180-1,1180,涂料及防腐、防水材料 > 油漆 > 通用油漆,material,金属氟碳漆,金属氟碳涂料,medium,涂料代替漆的行业叫法
1180-1,1180,涂料及防腐、防水材料 > 油漆 > 通用油漆,material,金属氟碳漆专用底漆,金属氟碳底漆,high,简化叫法
1179-9,1179,涂料及防腐、防水材料 > 涂料 > 其他专用涂料,category,其他专用涂料,特种涂料,high,行业常将非通用装饰或防护涂料统称为特种或专用涂料
1179-9,1179,涂料及防腐、防水材料 > 涂料 > 其他专用涂料,category,其他专用涂料,专用漆,medium,施工现场对具有特定功能的涂料口语简称
1179-9,1179,涂料及防腐、防水材料 > 涂料 > 其他专用涂料,material,黑板漆,黑板涂料,medium,部分采购清单或口语中直接用涂料代指漆
53-5,53,涂料及防腐、防水材料 > 涂料 > 建筑涂料,category,建筑涂料,建筑漆,high,建筑涂料的行业统称
53-5,53,涂料及防腐、防水材料 > 涂料 > 建筑涂料,category,建筑涂料,墙面涂料,high,用于内/外墙面的涂料泛称
53-5,53,涂料及防腐、防水材料 > 涂料 > 建筑涂料,material,防紫外线面油,防紫外线罩面漆,medium,施工现场将面油称为罩面漆
53-5,53,涂料及防腐、防水材料 > 涂料 > 建筑涂料,material,防紫外线面油,抗UV面漆,low,突出防紫外线功能的口语简称
53-5,53,涂料及防腐、防水材料 > 涂料 > 建筑涂料,material,面漆,罩面漆,high,面漆最常见俗称
53-5,53,涂料及防腐、防水材料 > 涂料 > 建筑涂料,material,面漆,面涂,medium,涂装工序中对最后一层涂料的叫法
53-5,53,涂料及防腐、防水材料 > 涂料 > 建筑涂料,material,骨浆,质感骨浆,medium,含骨料的厚浆涂料统称
53-5,53,涂料及防腐、防水材料 > 涂料 > 建筑涂料,material,骨浆,弹涂骨浆,medium,弹涂工艺中使用的骨浆
53-5,53,涂料及防腐、防水材料 > 涂料 > 建筑涂料,material,高级弹性拉毛外墙漆,弹性拉毛漆,high,省略高级和施工部位
53-5,53,涂料及防腐、防水材料 > 涂料 > 建筑涂料,material,高级弹性拉毛外墙漆,拉毛外墙漆,high,口语中常见简称
53-5,53,涂料及防腐、防水材料 > 涂料 > 建筑涂料,material,高级弹性拉毛外墙漆,高弹拉毛漆,medium,强调高弹性特点
53-5,53,涂料及防腐、防水材料 > 涂料 > 建筑涂料,material,高耐候质感型装饰涂料,质感涂料,medium,现场常简称为质感涂料
53-5,53,涂料及防腐、防水材料 > 涂料 > 建筑涂料,material,高耐候质感型装饰涂料,耐候质感漆,medium,省略装饰功能
53-5,53,涂料及防腐、防水材料 > 涂料 > 建筑涂料,material,黑色线条漆,线条漆,high,省略颜色，通用叫法
53-5,53,涂料及防腐、防水材料 > 涂料 > 建筑涂料,material,黑色线条漆,分格线漆,medium,用于涂刷分格缝
1178-1,1178,涂料及防腐、防水材料 > 涂料 > 道路、路面涂料,category,道路、路面涂料,道路标线材料,high,施工现场常统称道路标线相关材料为道路标线材料
1178-1,1178,涂料及防腐、防水材料 > 涂料 > 道路、路面涂料,category,道路、路面涂料,路面标线涂料,high,行业标准中常称为路面标线涂料
1178-1,1178,涂料及防腐、防水材料 > 涂料 > 道路、路面涂料,category,道路、路面涂料,交通设施涂料,medium,采购清单中有时归入交通设施涂料大类
1178-1,1178,涂料及防腐、防水材料 > 涂料 > 道路、路面涂料,material,划线漆,标线漆,high,划线漆的通用别名，采购和施工中两者互换使用
1178-1,1178,涂料及防腐、防水材料 > 涂料 > 道路、路面涂料,material,划线漆,马路划线漆,medium,口语中强调用于马路划线的漆
1178-1,1178,涂料及防腐、防水材料 > 涂料 > 道路、路面涂料,material,反光玻璃珠,反光珠,high,施工现场对反光玻璃珠的常用简称
1178-1,1178,涂料及防腐、防水材料 > 涂料 > 道路、路面涂料,material,反光玻璃珠,玻璃珠,high,当上下文明确为标线用时，常简称为玻璃珠
1178-1,1178,涂料及防腐、防水材料 > 涂料 > 道路、路面涂料,material,反光玻璃珠,标线反光珠,medium,突显用于标线反光的俗称
1178-1,1178,涂料及防腐、防水材料 > 涂料 > 道路、路面涂料,material,护栏漆,栏杆漆,medium,护栏与栏杆在口语中常混用，因此也叫栏杆漆
1178-1,1178,涂料及防腐、防水材料 > 涂料 > 道路、路面涂料,material,桥梁轨道漆,桥梁面漆,medium,部分工程将桥梁用漆直接称为桥梁面漆
1178-1,1178,涂料及防腐、防水材料 > 涂料 > 道路、路面涂料,material,桥梁轨道漆,轨道漆,low,仅指用于轨道部分时的简称
1178-1,1178,涂料及防腐、防水材料 > 涂料 > 道路、路面涂料,material,止滑坡道漆,防滑坡道漆,high,突出防滑功能的常用名称
1178-1,1178,涂料及防腐、防水材料 > 涂料 > 道路、路面涂料,material,止滑坡道漆,坡道止滑漆,medium,施工现场口语中简称坡道止滑漆
1178-1,1178,涂料及防腐、防水材料 > 涂料 > 道路、路面涂料,material,热熔涂料,热熔料,high,热熔类标线涂料在工地和采购中的极致简称
1178-1,1178,涂料及防腐、防水材料 > 涂料 > 道路、路面涂料,material,热熔涂料,热熔标线涂料,medium,全称形式，采购合同中常与热熔涂料混用
1178-1,1178,涂料及防腐、防水材料 > 涂料 > 道路、路面涂料,material,路桥专用涂料,路桥漆,high,道路桥梁专用涂料的简化俗称
1176-5,1176,涂料及防腐、防水材料 > 防水材料 > 其他防水材料,material,防水膏,防水胶膏,medium,膏状防水材料的口语统称
1176-5,1176,涂料及防腐、防水材料 > 防水材料 > 其他防水材料,material,防水膏,堵漏膏,low,用于堵漏的防水膏俗称
1176-5,1176,涂料及防腐、防水材料 > 防水材料 > 其他防水材料,material,防水防潮修复剂,防潮修复液,medium,液态修复剂的口语叫法
1176-5,1176,涂料及防腐、防水材料 > 防水材料 > 其他防水材料,material,防渗液,防渗剂,high,液态防渗材料简称
1176-5,1176,涂料及防腐、防水材料 > 防水材料 > 其他防水材料,material,防渗液,防渗透液,medium,口语中强调渗透防护
1176-5,1176,涂料及防腐、防水材料 > 防水材料 > 其他防水材料,material,防重流添加剂,防流挂剂,medium,防止涂料流挂的添加剂俗称
1176-5,1176,涂料及防腐、防水材料 > 防水材料 > 其他防水材料,material,防重流添加剂,抗流挂剂,medium,同防流挂剂，功能等价
1176-5,1176,涂料及防腐、防水材料 > 防水材料 > 其他防水材料,material,隔热砂浆粉,保温砂浆粉,high,工地常统称为保温砂浆粉
1176-5,1176,涂料及防腐、防水材料 > 防水材料 > 其他防水材料,material,隔热砂浆粉,隔热灰泥,low,粉体加水成泥状的俗称
47-3,47,涂料及防腐、防水材料 > 防水材料 > 防水密封材料,material,陶瓷纤维盘根,陶瓷盘根,high,陶瓷纤维盘根的简略俗称
47-3,47,涂料及防腐、防水材料 > 防水材料 > 防水密封材料,material,陶瓷纤维盘根,硅酸铝盘根,medium,陶瓷纤维主要成分为硅酸铝，现场常以此称呼
47-3,47,涂料及防腐、防水材料 > 防水材料 > 防水密封材料,material,高压金属盘根,金属盘根,high,泛指金属丝增强的盘根，高压金属盘根的简称
47-3,47,涂料及防腐、防水材料 > 防水材料 > 防水密封材料,material,高压金属盘根,钢丝盘根,medium,采用不锈钢丝等金属丝编织的盘根，有时用作统称
47-3,47,涂料及防腐、防水材料 > 防水材料 > 防水密封材料,material,高水基盘根,芳纶盘根,high,高水基盘根的主要纤维材料为芳纶，市场上常互换称谓
47-3,47,涂料及防腐、防水材料 > 防水材料 > 防水密封材料,material,高水基盘根,水基盘根,medium,施工现场的口语简化叫法
232-2,232,涂料及防腐、防水材料 > 防水材料 > 防水涂料,category,防水涂料,防水涂膜,medium,防水涂料成膜后的俗称，口语中常混用
232-2,232,涂料及防腐、防水材料 > 防水材料 > 防水涂料,category,防水涂料,防水胶,low,部分防水涂料呈胶状，施工现场常称防水胶
232-2,232,涂料及防腐、防水材料 > 防水材料 > 防水涂料,material,聚合物乳液建筑防水涂料,丙烯酸防水涂料,medium,聚合物乳液多为丙烯酸乳液，行业常用此简称
232-2,232,涂料及防腐、防水材料 > 防水材料 > 防水涂料,material,聚合物复合改性沥青防水涂料,复合改性沥青防水涂料,high,省略‘聚合物’的口语叫法
232-2,232,涂料及防腐、防水材料 > 防水材料 > 防水涂料,material,聚合物水泥基(JS)防水涂料,JS防水涂料,high,行业标准简称，图纸和采购中极常用
232-2,232,涂料及防腐、防水材料 > 防水材料 > 防水涂料,material,聚合物水泥基(JS)防水涂料,JS涂料,high,进一步口语简化
232-2,232,涂料及防腐、防水材料 > 防水材料 > 防水涂料,material,聚合物水泥基(JS)防水涂料,弹性水泥防水涂料,medium,因其弹性特点，部分技术人员称呼
232-2,232,涂料及防腐、防水材料 > 防水材料 > 防水涂料,material,聚氨酯防水涂料,PU防水涂料,high,聚氨酯英文缩写PU，行业内通用
232-2,232,涂料及防腐、防水材料 > 防水材料 > 防水涂料,material,聚氨酯防水涂料,聚氨酯涂料,high,省略‘防水’的日常简称
232-2,232,涂料及防腐、防水材料 > 防水材料 > 防水涂料,material,聚脲防水涂料,喷涂聚脲,high,常以喷涂施工，口语中直接称喷涂聚脲
232-2,232,涂料及防腐、防水材料 > 防水材料 > 防水涂料,material,聚脲防水涂料,聚脲涂料,high,省略‘防水’的简称
232-2,232,涂料及防腐、防水材料 > 防水材料 > 防水涂料,material,自修复防水涂料,自愈合防水涂料,high,自修复也称自愈合，技术交流中通用
232-2,232,涂料及防腐、防水材料 > 防水材料 > 防水涂料,material,防水防碳化涂料,防碳化涂料,medium,省略‘防水’，功能聚焦于防碳化
1183-1,1183,涂料及防腐、防水材料 > 防腐材料 > 沥青,material,冷底子油,冷底子,high,施工现场简称
1183-1,1183,涂料及防腐、防水材料 > 防腐材料 > 沥青,material,冷底子油,冷底油,high,口语叫法
1183-1,1183,涂料及防腐、防水材料 > 防腐材料 > 沥青,material,冷底子油,打底油,medium,施工前道工序的俗称
1183-1,1183,涂料及防腐、防水材料 > 防腐材料 > 沥青,material,天然沥青,岩沥青,high,天然沥青的一种常见类型
1183-1,1183,涂料及防腐、防水材料 > 防腐材料 > 沥青,material,天然沥青,湖沥青,high,特指特立尼达等湖中开采的天然沥青
1183-1,1183,涂料及防腐、防水材料 > 防腐材料 > 沥青,material,彩色沥青(明色沥青),明色沥青,high,标准名称中已附带，行业常用
1183-1,1183,涂料及防腐、防水材料 > 防腐材料 > 沥青,material,普通沥青,基质沥青,high,指未改性的基础沥青，采购和施工中常用
1183-1,1183,涂料及防腐、防水材料 > 防腐材料 > 沥青,material,橡胶沥青防水粘结层,橡胶沥青粘结层,medium,现场省略防水二字
1183-1,1183,涂料及防腐、防水材料 > 防腐材料 > 沥青,material,氯丁胶沥青胶液,氯丁胶液,medium,现场缩写叫法
1183-1,1183,涂料及防腐、防水材料 > 防腐材料 > 沥青,material,沥青冷油,冷底油,medium,功用类似冷底子油，现场混称
1183-1,1183,涂料及防腐、防水材料 > 防腐材料 > 沥青,material,热拌冷铺料,冷铺料,high,热拌冷铺混合料的简称
1183-1,1183,涂料及防腐、防水材料 > 防腐材料 > 沥青,material,热拌冷铺料,冷补料,high,冬季或应急修补常用名称
1183-1,1183,涂料及防腐、防水材料 > 防腐材料 > 沥青,material,煤沥青,柏油,high,传统施工现场对煤沥青的口语叫法
1183-1,1183,涂料及防腐、防水材料 > 防腐材料 > 沥青,material,煤沥青,煤焦油沥青,high,全称的常见组合方式
1184-1,1184,涂料及防腐、防水材料 > 防腐材料 > 耐酸砖、板,category,耐酸砖、板,防腐砖,medium,耐酸砖在施工现场常统称为防腐砖
1184-1,1184,涂料及防腐、防水材料 > 防腐材料 > 耐酸砖、板,category,耐酸砖、板,防腐瓷板,medium,耐酸板常被称为防腐瓷板
1184-1,1184,涂料及防腐、防水材料 > 防腐材料 > 耐酸砖、板,material,单釉面耐酸砖,单面釉砖,high,单釉面耐酸砖的简称
1184-1,1184,涂料及防腐、防水材料 > 防腐材料 > 耐酸砖、板,material,单釉面耐酸砖,单面釉耐酸瓷砖,medium,突出单面有釉的耐酸瓷砖
1184-1,1184,涂料及防腐、防水材料 > 防腐材料 > 耐酸砖、板,material,双槽耐酸砖,双沟耐酸砖,high,双槽常被称作双沟
1184-1,1184,涂料及防腐、防水材料 > 防腐材料 > 耐酸砖、板,material,双槽耐酸砖,双槽砖,medium,施工口语简称为双槽砖
1184-1,1184,涂料及防腐、防水材料 > 防腐材料 > 耐酸砖、板,material,双釉面耐酸砖,双面釉砖,high,双面有釉的简称
1184-1,1184,涂料及防腐、防水材料 > 防腐材料 > 耐酸砖、板,material,双釉面耐酸砖,双面釉耐酸砖,medium,强调双面釉的完整叫法
1184-1,1184,涂料及防腐、防水材料 > 防腐材料 > 耐酸砖、板,material,无釉面耐酸砖,无釉砖,high,无釉面耐酸砖的简称
1184-1,1184,涂料及防腐、防水材料 > 防腐材料 > 耐酸砖、板,material,素面耐酸砖,素面砖,high,素面耐酸砖的简称
1184-1,1184,涂料及防腐、防水材料 > 防腐材料 > 耐酸砖、板,material,耐酸板,耐酸瓷板,high,耐酸板多为瓷质，故称耐酸瓷板
1184-1,1184,涂料及防腐、防水材料 > 防腐材料 > 耐酸砖、板,material,耐酸板,防腐板,medium,施工现场对耐酸板的通用叫法
1184-1,1184,涂料及防腐、防水材料 > 防腐材料 > 耐酸砖、板,material,耐酸砖,耐酸瓷砖,high,明确材质为瓷的耐酸砖
1184-1,1184,涂料及防腐、防水材料 > 防腐材料 > 耐酸砖、板,material,耐酸砖,防腐砖,medium,现场口头常用防腐砖代指耐酸砖
1184-1,1184,涂料及防腐、防水材料 > 防腐材料 > 耐酸砖、板,material,釉面耐酸砖,釉面砖,high,釉面耐酸砖的简称
1184-1,1184,涂料及防腐、防水材料 > 防腐材料 > 耐酸砖、板,material,釉面耐酸砖,有釉耐酸砖,medium,强调带有釉面
1229-3,1229,消防器材 > 其他消防器材 > 其他消防器材及专用配件,material,集中监控系统远程监控软件,远程监控软件,high,现场常简称为远程监控软件
1229-3,1229,消防器材 > 其他消防器材 > 其他消防器材及专用配件,material,集中监控系统远程监控软件,消防远程监控系统软件,medium,在消防行业中常用全称指代该软件
1229-3,1229,消防器材 > 其他消防器材 > 其他消防器材及专用配件,material,集流管,汇流管,high,气体灭火系统汇集气流的管道，俗称汇流管
1229-3,1229,消防器材 > 其他消防器材 > 其他消防器材及专用配件,material,集流管,集气管,high,按功能俗称集气管
1229-3,1229,消防器材 > 其他消防器材 > 其他消防器材及专用配件,material,集热板,聚热板,medium,用于聚集热量的板件，现场称聚热板
1229-3,1229,消防器材 > 其他消防器材 > 其他消防器材及专用配件,material,集热罩,聚热罩,high,喷头集热罩的常见别称
1229-3,1229,消防器材 > 其他消防器材 > 其他消防器材及专用配件,material,集热罩,集烟罩,low,有少数现场因集烟功能而混称集烟罩
1221-1,1221,消防器材 > 喷水灭火产品 > 末端试水装置,category,末端试水装置,末端试水,high,末端试水装置的简称，采购和施工现场常用
1221-1,1221,消防器材 > 喷水灭火产品 > 末端试水装置,category,末端试水装置,试水装置,medium,口语中常省略“末端”
1221-1,1221,消防器材 > 喷水灭火产品 > 末端试水装置,material,手动加电动型末端试水装置,手电两用末端试水,high,施工现场对兼具手动电动功能的简称
1221-1,1221,消防器材 > 喷水灭火产品 > 末端试水装置,material,手动加电动型末端试水装置,手自一体末端试水装置,medium,类似阀门叫法，指手动与自动(电动)一体
1221-1,1221,消防器材 > 喷水灭火产品 > 末端试水装置,material,手动加电动型末端试水装置,复合型末端试水,low,强调两种操作方式的复合
1221-1,1221,消防器材 > 喷水灭火产品 > 末端试水装置,material,手动型末端试水装置,手动末端试水,high,简洁口语叫法
1221-1,1221,消防器材 > 喷水灭火产品 > 末端试水装置,material,手动型末端试水装置,手动试水装置,medium,省略“末端”
1221-1,1221,消防器材 > 喷水灭火产品 > 末端试水装置,material,智能型末端试水装置,智能末端试水,high,常用简称
1221-1,1221,消防器材 > 喷水灭火产品 > 末端试水装置,material,智能型末端试水装置,智能试水装置,medium,省略“末端”
1221-1,1221,消防器材 > 喷水灭火产品 > 末端试水装置,material,电动型末端试水装置,电动末端试水,high,简洁口语叫法
1221-1,1221,消防器材 > 喷水灭火产品 > 末端试水装置,material,电动型末端试水装置,电动试水装置,medium,省略“末端”
1214-1,1214,消防器材 > 喷水灭火产品 > 水流指示器,category,水流指示器,水流开关,high,施工现场通常称水流开关
1214-1,1214,消防器材 > 喷水灭火产品 > 水流指示器,category,水流指示器,水流报警器,medium,少数场合的通俗叫法
1214-1,1214,消防器材 > 喷水灭火产品 > 水流指示器,material,卡箍式水流指示器,卡箍式水流开关,medium,水流指示器常被简称为水流开关
1214-1,1214,消防器材 > 喷水灭火产品 > 水流指示器,material,对夹式水流指示器,对夹式水流开关,medium,水流指示器常被简称为水流开关
1214-1,1214,消防器材 > 喷水灭火产品 > 水流指示器,material,沟槽式水流指示器,沟槽式水流开关,medium,水流指示器常被简称为水流开关
1214-1,1214,消防器材 > 喷水灭火产品 > 水流指示器,material,法兰式水流指示器,法兰式水流开关,medium,水流指示器常被简称为水流开关
1214-1,1214,消防器材 > 喷水灭火产品 > 水流指示器,material,消防用流量开关,消防流量开关,medium,省略‘用’字的简略叫法
1214-1,1214,消防器材 > 喷水灭火产品 > 水流指示器,material,焊接式水流指示器,焊接式水流开关,medium,水流指示器常被简称为水流开关
1214-1,1214,消防器材 > 喷水灭火产品 > 水流指示器,material,螺纹式水流指示器,丝扣水流指示器,high,螺纹式连接在施工中称丝扣
1214-1,1214,消防器材 > 喷水灭火产品 > 水流指示器,material,螺纹式水流指示器,螺纹式水流开关,medium,水流指示器常被简称为水流开关
1214-1,1214,消防器材 > 喷水灭火产品 > 水流指示器,material,马鞍式水流指示器,马鞍式水流开关,medium,水流指示器常被简称为水流开关
103-1,103,消防器材 > 喷水灭火产品 > 消火栓,category,消火栓,消防栓,high,消火栓的常见同义称呼
103-1,103,消防器材 > 喷水灭火产品 > 消火栓,category,消火栓,消防水栓,medium,口语中强调消防用水功能
103-1,103,消防器材 > 喷水灭火产品 > 消火栓,material,室内消火栓,室内栓,high,施工现场常用简称
103-1,103,消防器材 > 喷水灭火产品 > 消火栓,material,室内消火栓,室内消防栓,high,全称的变体
103-1,103,消防器材 > 喷水灭火产品 > 消火栓,material,室外地上消火栓,地上栓,high,行业常用简称
103-1,103,消防器材 > 喷水灭火产品 > 消火栓,material,室外地上消火栓,室外地上栓,high,省略消火栓三字的口语叫法
103-1,103,消防器材 > 喷水灭火产品 > 消火栓,material,室外地上消火栓,地上式消火栓,medium,完整描述的变体
103-1,103,消防器材 > 喷水灭火产品 > 消火栓,material,室外地下消火栓,地下栓,high,行业常用简称
103-1,103,消防器材 > 喷水灭火产品 > 消火栓,material,室外地下消火栓,室外地下栓,high,省略消火栓三字的口语叫法
103-1,103,消防器材 > 喷水灭火产品 > 消火栓,material,室外地下消火栓,地下式消火栓,medium,完整描述的变体
103-1,103,消防器材 > 喷水灭火产品 > 消火栓,material,栓炮一体式消火栓,炮栓一体,high,采购与施工现场简化称呼
103-1,103,消防器材 > 喷水灭火产品 > 消火栓,material,栓炮一体式消火栓,栓炮一体栓,medium,口语中常见简称
103-1,103,消防器材 > 喷水灭火产品 > 消火栓,material,泡沫消火栓,泡沫栓,high,行业通用简称
103-1,103,消防器材 > 喷水灭火产品 > 消火栓,material,泡沫消火栓,泡沫消防栓,high,全称的口语变体
103-1,103,消防器材 > 喷水灭火产品 > 消火栓,material,洒水栓,消防洒水栓,medium,明确消防功能的口语叫法
103-1,103,消防器材 > 喷水灭火产品 > 消火栓,material,消防水鹤,水鹤,high,行业内普遍的简称
103-1,103,消防器材 > 喷水灭火产品 > 消火栓,material,消防水鹤,消防上水鹤,medium,部分地区习惯叫法
103-1,103,消防器材 > 喷水灭火产品 > 消火栓,material,试验消火栓,试水栓,high,强调测试功能的口语简称
103-1,103,消防器材 > 喷水灭火产品 > 消火栓,material,试验消火栓,测试消火栓,medium,功能描述性别称
1215-1,1215,消防器材 > 喷水灭火产品 > 消防水枪,category,消防水枪,消防枪,high,行业简称，省略“水”字，采购中常用于指代消防水枪
1215-1,1215,消防器材 > 喷水灭火产品 > 消防水枪,category,消防水枪,灭火水枪,medium,强调灭火用途，施工现场口语中可能使用
1215-1,1215,消防器材 > 喷水灭火产品 > 消防水枪,material,卷盘水枪,卷盘枪,medium,配套消防卷盘使用，简称为卷盘枪
1215-1,1215,消防器材 > 喷水灭火产品 > 消防水枪,material,卷盘水枪,软管卷盘水枪,low,全称扩展，采购目录中可能使用
1215-1,1215,消防器材 > 喷水灭火产品 > 消防水枪,material,喷雾水枪,水雾枪,high,喷雾即产生水雾，施工现场常叫水雾枪
1215-1,1215,消防器材 > 喷水灭火产品 > 消防水枪,material,喷雾水枪,雾化水枪,high,业内别称，强调雾化效果
1215-1,1215,消防器材 > 喷水灭火产品 > 消防水枪,material,多用水枪,多功能水枪,high,具有多种射流功能，采购中常直接称多功能水枪
1215-1,1215,消防器材 > 喷水灭火产品 > 消防水枪,material,多用水枪,多功能消防水枪,high,全称方式，招标文件中常见
1215-1,1215,消防器材 > 喷水灭火产品 > 消防水枪,material,带架水枪,架式水枪,low,带有固定支架，施工口语中可能简化叫法
1215-1,1215,消防器材 > 喷水灭火产品 > 消防水枪,material,开关水枪,开关枪,medium,简称，现场采购时常用
1215-1,1215,消防器材 > 喷水灭火产品 > 消防水枪,material,开关水枪,带阀水枪,medium,强调带有开关阀功能
1215-1,1215,消防器材 > 喷水灭火产品 > 消防水枪,material,泡沫枪,泡沫喷射枪,low,功能表述性叫法，施工交底中可能出现
1215-1,1215,消防器材 > 喷水灭火产品 > 消防水枪,material,直流喷雾水枪,两用水枪,medium,兼具直流和喷雾两种模式，业内简称
1215-1,1215,消防器材 > 喷水灭火产品 > 消防水枪,material,直流喷雾水枪,直流喷雾枪,medium,简化叫法
1215-1,1215,消防器材 > 喷水灭火产品 > 消防水枪,material,直流开关水枪,开关直流水枪,high,词序调整，非常常见的采购名称
1215-1,1215,消防器材 > 喷水灭火产品 > 消防水枪,material,直流开关水枪,直流带阀水枪,medium,强调带开关阀的直流水枪
1218-1,1218,消防器材 > 喷水灭火产品 > 软管卷盘、水龙带及接口,category,软管卷盘、水龙带及接口,水龙带,high,消防水带的传统统称
1218-1,1218,消防器材 > 喷水灭火产品 > 软管卷盘、水龙带及接口,category,软管卷盘、水龙带及接口,水带,high,消防水带的简称
1218-1,1218,消防器材 > 喷水灭火产品 > 软管卷盘、水龙带及接口,category,软管卷盘、水龙带及接口,消防软管卷盘,high,包含软管卷盘全称
1218-1,1218,消防器材 > 喷水灭火产品 > 软管卷盘、水龙带及接口,category,软管卷盘、水龙带及接口,消防水喉,medium,墙壁式卷盘装置常见叫法
1218-1,1218,消防器材 > 喷水灭火产品 > 软管卷盘、水龙带及接口,material,PE消防水带,PE水带,high,材质简称
1218-1,1218,消防器材 > 喷水灭火产品 > 软管卷盘、水龙带及接口,material,PE消防水带,聚乙烯水带,medium,材质全称俗称
1218-1,1218,消防器材 > 喷水灭火产品 > 软管卷盘、水龙带及接口,material,PVC消防水带,PVC水带,high,材质简称
1218-1,1218,消防器材 > 喷水灭火产品 > 软管卷盘、水龙带及接口,material,PVC消防水带,聚氯乙烯水带,medium,材质全称俗称
1218-1,1218,消防器材 > 喷水灭火产品 > 软管卷盘、水龙带及接口,material,无衬里消防水带,无衬水带,high,简称
1218-1,1218,消防器材 > 喷水灭火产品 > 软管卷盘、水龙带及接口,material,无衬里消防水带,麻织水带,medium,传统无衬里材质
1218-1,1218,消防器材 > 喷水灭火产品 > 软管卷盘、水龙带及接口,material,无衬里消防水带,帆布水带,medium,传统外表材质
1218-1,1218,消防器材 > 喷水灭火产品 > 软管卷盘、水龙带及接口,material,无衬里消防水带,棉水带,low,传统材质
1218-1,1218,消防器材 > 喷水灭火产品 > 软管卷盘、水龙带及接口,material,橡塑消防水带,橡塑水带,high,材质简称
1218-1,1218,消防器材 > 喷水灭火产品 > 软管卷盘、水龙带及接口,material,橡塑消防水带,橡塑复合水带,medium,全称扩展
1218-1,1218,消防器材 > 喷水灭火产品 > 软管卷盘、水龙带及接口,material,消防卷盘,卷盘,high,施工现场简称
1218-1,1218,消防器材 > 喷水灭火产品 > 软管卷盘、水龙带及接口,material,消防卷盘,消火栓卷盘,medium,与消火栓配套叫法
1218-1,1218,消防器材 > 喷水灭火产品 > 软管卷盘、水龙带及接口,material,消防卷盘,软管卷盘,medium,功能描述
1218-1,1218,消防器材 > 喷水灭火产品 > 软管卷盘、水龙带及接口,material,消防卷盘,消防水喉,medium,沿用国际叫法
1218-1,1218,消防器材 > 喷水灭火产品 > 软管卷盘、水龙带及接口,material,消防自救卷盘,自救卷盘,high,简称
1218-1,1218,消防器材 > 喷水灭火产品 > 软管卷盘、水龙带及接口,material,消防自救卷盘,自救软管卷盘,high,全称口语化
1218-1,1218,消防器材 > 喷水灭火产品 > 软管卷盘、水龙带及接口,material,消防自救卷盘,小卷盘,medium,体积较小
1218-1,1218,消防器材 > 喷水灭火产品 > 软管卷盘、水龙带及接口,material,消防自救卷盘,自救水喉,medium,结合功能
1218-1,1218,消防器材 > 喷水灭火产品 > 软管卷盘、水龙带及接口,material,聚氨酯消防水带,PU水带,high,材质缩写
1218-1,1218,消防器材 > 喷水灭火产品 > 软管卷盘、水龙带及接口,material,聚氨酯消防水带,聚氨酯水带,high,材质简称
1218-1,1218,消防器材 > 喷水灭火产品 > 软管卷盘、水龙带及接口,material,衬胶消防水带,衬胶水带,high,结构简称
1218-1,1218,消防器材 > 喷水灭火产品 > 软管卷盘、水龙带及接口,material,衬胶消防水带,胶里水带,medium,内衬描述
1218-1,1218,消防器材 > 喷水灭火产品 > 软管卷盘、水龙带及接口,material,衬胶消防水带,橡胶水带,low,内衬材质俗称
1220-1,1220,消防器材 > 喷水灭火产品 > 隔膜式气压水罐,category,隔膜式气压水罐,气压罐,high,省略隔膜式，施工现场常用简称
1220-1,1220,消防器材 > 喷水灭火产品 > 隔膜式气压水罐,category,隔膜式气压水罐,隔膜罐,high,突出隔膜结构的简称
1220-1,1220,消防器材 > 喷水灭火产品 > 隔膜式气压水罐,category,隔膜式气压水罐,稳压罐,high,在消防系统中主要起稳压作用，俗称稳压罐
1220-1,1220,消防器材 > 喷水灭火产品 > 隔膜式气压水罐,category,隔膜式气压水罐,定压罐,medium,部分项目中用于维持管网定压，有此叫法
1220-1,1220,消防器材 > 喷水灭火产品 > 隔膜式气压水罐,category,隔膜式气压水罐,消防气压罐,medium,特指消防用的隔膜气压水罐
1220-1,1220,消防器材 > 喷水灭火产品 > 隔膜式气压水罐,material,卧式隔膜气压水罐,卧式气压罐,high,省略隔膜二字，突出安装形式
1220-1,1220,消防器材 > 喷水灭火产品 > 隔膜式气压水罐,material,卧式隔膜气压水罐,卧式稳压罐,high,稳压功能的卧式罐叫法
1220-1,1220,消防器材 > 喷水灭火产品 > 隔膜式气压水罐,material,卧式隔膜气压水罐,卧式隔膜罐,medium,突出隔膜与卧式结构
1220-1,1220,消防器材 > 喷水灭火产品 > 隔膜式气压水罐,material,立式隔膜气压水罐,立式气压罐,high,省略隔膜，突出立式形式
1220-1,1220,消防器材 > 喷水灭火产品 > 隔膜式气压水罐,material,立式隔膜气压水罐,立式稳压罐,high,稳压功能的立式罐叫法
1220-1,1220,消防器材 > 喷水灭火产品 > 隔膜式气压水罐,material,立式隔膜气压水罐,立式隔膜罐,medium,突出隔膜与立式结构
1227-1,1227,消防器材 > 消防工具 > 消防工具,material,救生器材类,救生器材,high,省略“类”字的口语简称
1227-1,1227,消防器材 > 消防工具 > 消防工具,material,消防员装备,消防装备,high,施工现场常将消防员装备简称为消防装备
1227-1,1227,消防器材 > 消防工具 > 消防工具,material,消防架,消防器材架,high,消防架常指放置灭火器等器材的架子，俗称消防器材架
105-1,105,消防器材 > 消防应急广播、电话系统 > 消防通讯广播器材,category,消防通讯广播器材,消防广播系统,medium,业内对消防广播与电话相关器材的统称
105-1,105,消防器材 > 消防应急广播、电话系统 > 消防通讯广播器材,category,消防通讯广播器材,消防通讯广播设备,medium,该类别包含电话和广播器材
105-1,105,消防器材 > 消防应急广播、电话系统 > 消防通讯广播器材,material,MP3录放盘,MP3录放机,medium,习惯将录放盘称为录放机
105-1,105,消防器材 > 消防应急广播、电话系统 > 消防通讯广播器材,material,MP3播放盘,MP3播放机,medium,习惯将播放盘称为播放机
105-1,105,消防器材 > 消防应急广播、电话系统 > 消防通讯广播器材,material,功率放大器,功放,high,功率放大器通用简称
105-1,105,消防器材 > 消防应急广播、电话系统 > 消防通讯广播器材,material,区域扩展盘,扩展盘,medium,施工现场省略区域
105-1,105,消防器材 > 消防应急广播、电话系统 > 消防通讯广播器材,material,区域控制盘,区域控盘,medium,口语中省略制字
105-1,105,消防器材 > 消防应急广播、电话系统 > 消防通讯广播器材,material,多线消防广播柜,多线广播柜,medium,省略消防二字
105-1,105,消防器材 > 消防应急广播、电话系统 > 消防通讯广播器材,material,多线消防电话分机,多线分机,medium,上下文明确时简化为多线分机
105-1,105,消防器材 > 消防应急广播、电话系统 > 消防通讯广播器材,material,多线消防电话总机,多线总机,medium,同上
105-1,105,消防器材 > 消防应急广播、电话系统 > 消防通讯广播器材,material,多线电话插孔,电话插孔,medium,多线可省略
105-1,105,消防器材 > 消防应急广播、电话系统 > 消防通讯广播器材,material,广播切换盒,切换盒,medium,简称
105-1,105,消防器材 > 消防应急广播、电话系统 > 消防通讯广播器材,material,应急广播控制器,广播控制器,medium,省略应急
105-1,105,消防器材 > 消防应急广播、电话系统 > 消防通讯广播器材,material,总线消防广播柜,总线广播柜,medium,省略消防
105-1,105,消防器材 > 消防应急广播、电话系统 > 消防通讯广播器材,material,总线消防电话分机,总线分机,medium,简称
105-1,105,消防器材 > 消防应急广播、电话系统 > 消防通讯广播器材,material,总线消防电话总机,总线总机,medium,简称
105-1,105,消防器材 > 消防应急广播、电话系统 > 消防通讯广播器材,material,总线电话插孔,总线插孔,medium,更简略的叫法
105-1,105,消防器材 > 消防应急广播、电话系统 > 消防通讯广播器材,material,手提式电话分机,手提分机,medium,口语省略式
105-1,105,消防器材 > 消防应急广播、电话系统 > 消防通讯广播器材,material,手提式电话分机,手提电话,medium,施工现场常叫
105-1,105,消防器材 > 消防应急广播、电话系统 > 消防通讯广播器材,material,消防广播主机,广播主机,high,省略消防
105-1,105,消防器材 > 消防应急广播、电话系统 > 消防通讯广播器材,material,消防广播分配盘,分配盘,medium,省略广播
105-1,105,消防器材 > 消防应急广播、电话系统 > 消防通讯广播器材,material,消防广播分配盘,广播分配盘,medium,省略消防
105-1,105,消防器材 > 消防应急广播、电话系统 > 消防通讯广播器材,material,消防广播功放/录放盘,功放录放一体盘,low,用来描述集成功能的盘
105-1,105,消防器材 > 消防应急广播、电话系统 > 消防通讯广播器材,material,消防广播功放盘,广播功放盘,high,省略消防
105-1,105,消防器材 > 消防应急广播、电话系统 > 消防通讯广播器材,material,消防广播录放盘,广播录放盘,high,省略消防
105-1,105,消防器材 > 消防应急广播、电话系统 > 消防通讯广播器材,material,消防广播扬声器,广播喇叭,high,安装人员口语
105-1,105,消防器材 > 消防应急广播、电话系统 > 消防通讯广播器材,material,消防广播扬声器,消防喇叭,medium,简称
105-2,105,消防器材 > 消防应急广播、电话系统 > 消防通讯广播器材,category,消防通讯广播器材,广播电话,high,消防通讯广播器材的简称，采购中常用
105-2,105,消防器材 > 消防应急广播、电话系统 > 消防通讯广播器材,category,消防通讯广播器材,消防广播电话,high,涵盖应急广播和电话系统
105-2,105,消防器材 > 消防应急广播、电话系统 > 消防通讯广播器材,material,消防应急广播设备,消防广播设备,high,简称，省略应急二字，现场常用
105-2,105,消防器材 > 消防应急广播、电话系统 > 消防通讯广播器材,material,消防应急广播设备,广播主机,medium,当指广播系统的控制主机时常用
105-2,105,消防器材 > 消防应急广播、电话系统 > 消防通讯广播器材,material,消防应急广播设备,应急广播,high,口语中常用简略叫法
105-2,105,消防器材 > 消防应急广播、电话系统 > 消防通讯广播器材,material,消防电话分机,消防分机,high,采购和施工中简略叫法
105-2,105,消防器材 > 消防应急广播、电话系统 > 消防通讯广播器材,material,消防电话总机,消防总机,high,现场口语简称
105-2,105,消防器材 > 消防应急广播、电话系统 > 消防通讯广播器材,material,消防电话总机,电话主机,medium,相对分机而言，常称为主机
105-2,105,消防器材 > 消防应急广播、电话系统 > 消防通讯广播器材,material,火警电话盘,消防电话盘,medium,功能相同，另一种常见叫法
105-2,105,消防器材 > 消防应急广播、电话系统 > 消防通讯广播器材,material,火警电话盘,火警电话,medium,省略“盘”字的简称
105-2,105,消防器材 > 消防应急广播、电话系统 > 消防通讯广播器材,material,编码型紧急启停按钮,编码急启按钮,high,工地现场缩略叫法
105-2,105,消防器材 > 消防应急广播、电话系统 > 消防通讯广播器材,material,非编码型紧急启停按钮,非编码急启按钮,high,工地现场缩略叫法
1226-2,1226,消防器材 > 火灾报警产品 > 其他报警器材,material,消防泵、双电源控制设备,消防泵双电源控制柜,medium,施工现场通常将消防泵与双电源集成控制柜简称为此
1226-2,1226,消防器材 > 火灾报警产品 > 其他报警器材,material,消防泵、双电源控制设备,双电源控制柜,medium,采购或施工中常省略消防泵，直接称双电源控制柜
1226-2,1226,消防器材 > 火灾报警产品 > 其他报警器材,material,消防泵自动巡检、消防泵控制设备,消防泵巡检控制柜,medium,该设备通常以控制柜形式出现，自动巡检集成在内
1226-2,1226,消防器材 > 火灾报警产品 > 其他报警器材,material,消防泵自动巡检、消防泵控制设备,消防泵自动巡检柜,medium,强调自动巡检功能的简称
1226-2,1226,消防器材 > 火灾报警产品 > 其他报警器材,material,消防端子箱,消防接线箱,high,端子箱是用于接线的箱体，常被称作接线箱
1226-2,1226,消防器材 > 火灾报警产品 > 其他报警器材,material,消防端子箱,消防接线端子箱,high,全称的日常叫法
1226-2,1226,消防器材 > 火灾报警产品 > 其他报警器材,material,火灾信息发送器,火警信息传输器,medium,有些图纸和采购单将其称为火警信息传输设备
1226-2,1226,消防器材 > 火灾报警产品 > 其他报警器材,material,防火门监控分机,防火门监控子站,medium,作为分机常被称作现场子站或区域子站
1226-2,1226,消防器材 > 火灾报警产品 > 其他报警器材,material,防火门监控分机,防火门区域分机,medium,强调其区域分级管理功能
1226-2,1226,消防器材 > 火灾报警产品 > 其他报警器材,material,防爆声光警报器,防爆声光报警器,high,警报器与报警器在施工现场常混用
1226-2,1226,消防器材 > 火灾报警产品 > 其他报警器材,material,防爆声光警报器,防爆声光,high,口语简称
1226-2,1226,消防器材 > 火灾报警产品 > 其他报警器材,material,防爆手动火灾报警按钮,防爆手报,high,手动火灾报警按钮简称手报，加上防爆属性
1226-2,1226,消防器材 > 火灾报警产品 > 其他报警器材,material,防爆手动火灾报警按钮,防爆手动报警按钮,high,省略火灾二字的口语说法
1226-2,1226,消防器材 > 火灾报警产品 > 其他报警器材,material,防爆消火栓按钮,防爆消报,medium,消火栓按钮常被简称为消报
1226-2,1226,消防器材 > 火灾报警产品 > 其他报警器材,material,防爆消火栓按钮,防爆消火栓启泵按钮,medium,功能描述性简称
1226-2,1226,消防器材 > 火灾报警产品 > 其他报警器材,material,隔离安全栅,安全隔离栅,high,顺序调换的常见叫法
1226-2,1226,消防器材 > 火灾报警产品 > 其他报警器材,material,隔离安全栅,防爆隔离栅,medium,突出其防爆应用场景
1226-2,1226,消防器材 > 火灾报警产品 > 其他报警器材,material,齐纳安全栅,齐纳栅,high,实验室和采购中常用简称
1226-2,1226,消防器材 > 火灾报警产品 > 其他报警器材,material,齐纳安全栅,齐纳式安全栅,high,强调齐纳原理的完整简称
1225-2,1225,消防器材 > 火灾报警产品 > 现场模块,category,现场模块,模块,high,施工现场对现场模块的统称
1225-2,1225,消防器材 > 火灾报警产品 > 现场模块,category,现场模块,消防模块,medium,泛指火灾报警系统中的各种功能模块
1225-2,1225,消防器材 > 火灾报警产品 > 现场模块,category,现场模块,现场接口模块,low,强调其现场接口功能，较技术化说法
1225-2,1225,消防器材 > 火灾报警产品 > 现场模块,material,输入/输出模块,I/O模块,high,输入/输出的英文缩写，业内通用
1225-2,1225,消防器材 > 火灾报警产品 > 现场模块,material,输入/输出模块,IO模块,medium,I/O的口语简化叫法
1225-2,1225,消防器材 > 火灾报警产品 > 现场模块,material,输入/输出模块,接口模块,medium,因其提供输入输出接口功能
1225-2,1225,消防器材 > 火灾报警产品 > 现场模块,material,输入模块,监视模块,high,用于监视设备状态信号，业内标准俗称
1225-2,1225,消防器材 > 火灾报警产品 > 现场模块,material,输入模块,输入监视模块,medium,强调其监视输入功能的全称
1225-2,1225,消防器材 > 火灾报警产品 > 现场模块,material,输出模块,控制模块,high,用于输出控制信号，施工现场常用叫法
1225-2,1225,消防器材 > 火灾报警产品 > 现场模块,material,输出模块,输出控制模块,medium,更完整地描述其输出控制功能
1225-2,1225,消防器材 > 火灾报警产品 > 现场模块,material,通讯模块,通信模块,high,通讯与通信同义，常见代替叫法
1225-2,1225,消防器材 > 火灾报警产品 > 现场模块,material,通讯模块,通讯接口模块,medium,强调其提供通讯接口的功能
1225-2,1225,消防器材 > 火灾报警产品 > 现场模块,material,防雷模块,信号防雷模块,medium,专用于信号线路的防雷电涌模块
1225-2,1225,消防器材 > 火灾报警产品 > 现场模块,material,防雷模块,防雷器,medium,施工现场对防雷模块的简化统称
1225-2,1225,消防器材 > 火灾报警产品 > 现场模块,material,隔离器,总线隔离器,high,用于总线短路隔离，完整名称
1225-2,1225,消防器材 > 火灾报警产品 > 现场模块,material,隔离器,短路隔离器,high,突出其短路保护功能
1225-2,1225,消防器材 > 火灾报警产品 > 现场模块,material,隔离器底座,隔离器安装底座,medium,明确其安装配件的用途
1225-2,1225,消防器材 > 火灾报警产品 > 现场模块,material,隔离模块,总线隔离模块,high,模块式的总线隔离器
1225-2,1225,消防器材 > 火灾报警产品 > 现场模块,material,隔离模块,短路隔离模块,high,突出短路隔离功能的模块
1225-2,1225,消防器材 > 火灾报警产品 > 现场模块,material,驱动模块,输出驱动模块,medium,强调其输出驱动现场设备的功能
1225-2,1225,消防器材 > 火灾报警产品 > 现场模块,material,驱动模块,驱动器模块,low,简称为驱动器形式的模块
1209-1,1209,消防器材 > 灭火器 > 成套泡沫灭火设备,category,成套泡沫灭火设备,泡沫灭火装置,high,行业内常将成套设备简称为装置，省略“成套”二字
1209-1,1209,消防器材 > 灭火器 > 成套泡沫灭火设备,material,成套水雾灭火装置,细水雾灭火装置,high,水雾灭火的主流技术即细水雾，采购文件及现场常直接称细水雾灭火装置
1209-1,1209,消防器材 > 灭火器 > 成套泡沫灭火设备,material,成套水雾灭火装置,高压水雾灭火系统,medium,部分产品采用高压细水雾，从而得名
1209-1,1209,消防器材 > 灭火器 > 成套泡沫灭火设备,material,成套泡沫灭火装置,泡沫灭火系统,high,成套泡沫灭火装置在工程中统称为泡沫灭火系统
1209-1,1209,消防器材 > 灭火器 > 成套泡沫灭火设备,material,成套泡沫灭火装置,泡沫站设备,medium,在一些工业项目中被称为泡沫站
1209-1,1209,消防器材 > 灭火器 > 成套泡沫灭火设备,material,泡沫水灭火装置,泡沫-水两用灭火装置,high,泡沫和水交替或混合使用是其主要特征，采购清单中常用此名
1209-1,1209,消防器材 > 灭火器 > 成套泡沫灭火设备,material,泡沫水灭火装置,泡沫水喷淋系统,medium,适用于自动喷水灭火系统结合泡沫的比例混合装置
1210-1,1210,消防器材 > 灭火器 > 灭火剂,category,灭火剂,灭火器药剂,high,灭火剂是充装在灭火器内的核心物质，现场常统称为灭火器药剂
1210-1,1210,消防器材 > 灭火器 > 灭火剂,category,灭火剂,灭火器填充剂,medium,在采购或灌装场景中会被叫做填充剂
1210-1,1210,消防器材 > 灭火器 > 灭火剂,material,七氟丙烷药剂,FM200灭火剂,high,FM200是七氟丙烷的商标名，行业广泛使用
1210-1,1210,消防器材 > 灭火器 > 灭火剂,material,七氟丙烷药剂,HFC-227ea灭火剂,high,七氟丙烷的化学代号，常用于规格书和采购单
1210-1,1210,消防器材 > 灭火器 > 灭火剂,material,七氟丙烷药剂,七氟丙烷气体,medium,强调其为气体灭火介质
1210-1,1210,消防器材 > 灭火器 > 灭火剂,material,二氧化碳灭火剂,CO2灭火剂,high,化学式简称，施工现场口语极常用
1210-1,1210,消防器材 > 灭火器 > 灭火剂,material,二氧化碳灭火剂,碳酸气灭火剂,medium,二氧化碳旧称，偶尔在老旧标书或口传中出现
1210-1,1210,消防器材 > 灭火器 > 灭火剂,material,卤代烷灭火剂,哈龙灭火剂,high,卤代烷灭火剂的商品名，哈龙1211、1301等统称
1210-1,1210,消防器材 > 灭火器 > 灭火剂,material,卤代烷灭火剂,卤代烷,medium,简略叫法，用于非正式技术交流
1210-1,1210,消防器材 > 灭火器 > 灭火剂,material,合成泡沫灭火剂,合成泡沫液,medium,泡沫灭火剂通常以液态供应，加'液'字是常见习惯
1210-1,1210,消防器材 > 灭火器 > 灭火剂,material,干粉灭火剂,干粉,high,最直接的简称，施工和采购中均用
1210-1,1210,消防器材 > 灭火器 > 灭火剂,material,干粉灭火剂,灭火干粉,medium,在充装操作时的口语叫法
1210-1,1210,消防器材 > 灭火器 > 灭火剂,material,抗溶性泡沫灭火剂(AR),抗溶性泡沫液,high,强调液态形式，采购时常说某某泡沫液
1210-1,1210,消防器材 > 灭火器 > 灭火剂,material,抗溶性泡沫灭火剂(AR),AR泡沫灭火剂,medium,取缩写AR，行业内辨识度高
1210-1,1210,消防器材 > 灭火器 > 灭火剂,material,气体灭火药剂,气灭药剂,medium,气体灭火系统所用化学药剂的简略统称
1210-1,1210,消防器材 > 灭火器 > 灭火剂,material,气溶胶灭火药剂,气溶胶灭火剂,high,同义简写，省略'药'字
1210-1,1210,消防器材 > 灭火器 > 灭火剂,material,气溶胶灭火药剂,气溶胶,medium,施工现场直接说气溶胶，默认即指其灭火剂
1210-1,1210,消防器材 > 灭火器 > 灭火剂,material,氟蛋白泡沫灭火剂(FP),氟蛋白泡沫液,high,采购和灌装时均称泡沫液
1210-1,1210,消防器材 > 灭火器 > 灭火剂,material,氟蛋白泡沫灭火剂(FP),FP泡沫,medium,英文缩写加泡沫，简短易记
1210-1,1210,消防器材 > 灭火器 > 灭火剂,material,水成膜泡沫灭火剂(AFFF),轻水泡沫灭火剂,high,水成膜泡沫的通俗名称，源于其在油面形成薄膜
1210-1,1210,消防器材 > 灭火器 > 灭火剂,material,水成膜泡沫灭火剂(AFFF),AFFF泡沫液,medium,AFFF加泡沫液，是订货时的常见描述
1210-1,1210,消防器材 > 灭火器 > 灭火剂,material,泡沫灭火剂,泡沫液,high,绝大多数泡沫灭火剂供应为液态，直接称泡沫液
1210-1,1210,消防器材 > 灭火器 > 灭火剂,material,泡沫灭火剂,泡沫药剂,medium,在消防器材流通领域有一定使用
1210-1,1210,消防器材 > 灭火器 > 灭火剂,material,清水灭火剂,水,high,清水灭火剂本质就是水，灭火器灌装时直接说加水
1210-1,1210,消防器材 > 灭火器 > 灭火剂,material,蛋白泡沫灭火剂(P),蛋白泡沫液,high,液体形式，常被称为泡沫液
1210-1,1210,消防器材 > 灭火器 > 灭火剂,material,蛋白泡沫灭火剂(P),普通蛋白泡沫,medium,区别于氟蛋白等，旧称普通蛋白泡沫
1210-1,1210,消防器材 > 灭火器 > 灭火剂,material,高倍数泡沫灭火剂,高倍数泡沫液,high,以液态供应，习惯加液字
1210-1,1210,消防器材 > 灭火器 > 灭火剂,material,高倍数泡沫灭火剂,高泡灭火剂,medium,施工现场简化叫法
220-1,220,消防器材 > 灭火器 > 灭火器,material,ABC干粉灭火器,ABC灭火器,high,施工现场口语简称
220-1,220,消防器材 > 灭火器 > 灭火器,material,BC干粉灭火器,BC灭火器,high,施工现场口语简称
220-1,220,消防器材 > 灭火器 > 灭火器,material,D类灭火器,金属灭火器,medium,按火灾类型俗称
220-1,220,消防器材 > 灭火器 > 灭火器,material,七氟丙烷灭火器,FM200灭火器,high,商品名
220-1,220,消防器材 > 灭火器 > 灭火器,material,二氧化碳灭火器,CO2灭火器,high,化学式简称
220-1,220,消防器材 > 灭火器 > 灭火器,material,六氟丙烷灭火器,FE-36灭火器,medium,商品名
220-1,220,消防器材 > 灭火器 > 灭火器,material,卤代烷灭火器,哈龙灭火器,high,Halon音译俗称
220-1,220,消防器材 > 灭火器 > 灭火器,material,干粉灭火器,干粉,high,口语简称
220-1,220,消防器材 > 灭火器 > 灭火器,material,水基型灭火器,水基灭火器,high,简称
220-1,220,消防器材 > 灭火器 > 灭火器,material,泡沫灭火器,泡沫,high,口语简称
220-1,220,消防器材 > 灭火器 > 灭火器,material,洁净气体灭火器,洁净灭火器,medium,施工现场简称
220-1,220,消防器材 > 灭火器 > 灭火器,material,清水灭火器,水灭火器,high,以灭火介质俗称
220-1,220,消防器材 > 灭火器 > 灭火器,material,溶胶灭火器,气溶胶灭火器,high,完整技术名称俗称
220-1,220,消防器材 > 灭火器 > 灭火器,material,超细干粉灭火器,超细干粉,high,口语简称
1310-1,1310,灯具、光源 > 其他灯具及附件 > 专用灯具电源,category,专用灯具电源,灯具电源,medium,该类别统指各类灯具专用电源，现场常简称灯具电源
1310-1,1310,灯具、光源 > 其他灯具及附件 > 专用灯具电源,material,LED灯饰灯具电源,LED驱动电源,high,LED灯具电源的通用俗称
1310-1,1310,灯具、光源 > 其他灯具及附件 > 专用灯具电源,material,LED灯饰灯具电源,LED驱动,high,口语中常省略电源两字
1310-1,1310,灯具、光源 > 其他灯具及附件 > 专用灯具电源,material,LED筒射灯模组,LED光源模组,medium,指集成LED光源的模组，常泛称光源模组
1310-1,1310,灯具、光源 > 其他灯具及附件 > 专用灯具电源,material,LED筒射灯模组,筒灯模组,medium,现场对筒灯用一体化模组的简称
1310-1,1310,灯具、光源 > 其他灯具及附件 > 专用灯具电源,material,模块电源,电源模块,high,最常见的叫法，指模块化封装的电源
1310-1,1310,灯具、光源 > 其他灯具及附件 > 专用灯具电源,material,模块电源,LED电源模块,medium,当用于LED灯具时常如此称呼
1310-1,1310,灯具、光源 > 其他灯具及附件 > 专用灯具电源,material,消防应急灯具专用应急电源,消防应急电源,high,针对消防灯具的应急电源俗称
1310-1,1310,灯具、光源 > 其他灯具及附件 > 专用灯具电源,material,消防应急灯具专用应急电源,应急电源,high,在消防语境下口头常省略消防二字
1310-1,1310,灯具、光源 > 其他灯具及附件 > 专用灯具电源,material,消防应急灯具专用应急电源,EPS应急电源,low,现场有时用EPS代指，尽管EPS通常指集中式，但口语中可能混用
1308-1,1308,灯具、光源 > 其他灯具及附件 > 灯戗、灯伞、灯臂,category,灯戗、灯伞、灯臂,灯具支架附件,medium,该类包含灯臂、灯戗等支撑结构件
1308-1,1308,灯具、光源 > 其他灯具及附件 > 灯戗、灯伞、灯臂,material,双弧灯臂,双弯灯臂,medium,双弧形状的灯臂，现场常称双弯臂
1308-1,1308,灯具、光源 > 其他灯具及附件 > 灯戗、灯伞、灯臂,material,双弧灯臂,S型灯臂,low,双弧造型类似S形
1308-1,1308,灯具、光源 > 其他灯具及附件 > 灯戗、灯伞、灯臂,material,灯具挑臂,挑臂,high,现场简称为挑臂
1308-1,1308,灯具、光源 > 其他灯具及附件 > 灯戗、灯伞、灯臂,material,灯具挑臂,灯臂支架,high,具有支撑和悬挑功能的灯臂
1308-1,1308,灯具、光源 > 其他灯具及附件 > 灯戗、灯伞、灯臂,material,灯具挑臂,悬挑臂,medium,强调悬挑结构
1308-1,1308,灯具、光源 > 其他灯具及附件 > 灯戗、灯伞、灯臂,material,灯戗,灯撑,medium,戗即支撑，现场多叫做灯撑或斜撑
1308-1,1308,灯具、光源 > 其他灯具及附件 > 灯戗、灯伞、灯臂,material,灯戗,斜撑杆,medium,灯具的斜向支撑杆件
1313-1,1313,灯具、光源 > 其他灯具及附件 > 灯线及其附件,material,Hid灯线,氙气灯线,high,HID灯俗称氙气灯，其专用线常称氙气灯线
1313-1,1313,灯具、光源 > 其他灯具及附件 > 灯线及其附件,material,Hid灯线,安定器连接线,medium,HID灯需配安定器，该连接线常被称为安定器线
1313-1,1313,灯具、光源 > 其他灯具及附件 > 灯线及其附件,material,LED灯线,LED连接线,high,LED灯常用连接线简称
1313-1,1313,灯具、光源 > 其他灯具及附件 > 灯线及其附件,material,LED灯线,LED灯带线,medium,针对LED灯带配线的口语叫法
209-1,209,灯具、光源 > 室内照明 > 其他室内灯具,material,唤醒灯,起床灯,medium,施工现场或消费者口语中常以此描述其功能
209-1,209,灯具、光源 > 室内照明 > 其他室内灯具,material,镜前灯,镜灯,high,采购和安装时常用的简称
209-1,209,灯具、光源 > 室内照明 > 其他室内灯具,material,镜前灯,镜子灯,medium,口语化叫法
209-1,209,灯具、光源 > 室内照明 > 其他室内灯具,material,防水灯,防潮灯,medium,现场时常与防潮灯混称，尤其在卫生间、厨房场景
209-1,209,灯具、光源 > 室内照明 > 其他室内灯具,material,防水防尘灯,三防灯,high,施工采购中常将防水防尘灯俗称为三防灯，即使不含防腐
1297-1,1297,灯具、光源 > 室内照明 > 台灯、落地灯,category,台灯、落地灯,桌灯/立灯,medium,台灯俗称为桌灯，落地灯俗称为立灯，采购或施工中常混用
1297-1,1297,灯具、光源 > 室内照明 > 台灯、落地灯,material,LED台灯,LED桌灯,medium,台灯放置在桌面上，口语常称桌灯
1297-1,1297,灯具、光源 > 室内照明 > 台灯、落地灯,material,LED落地灯,LED立灯,medium,落地灯也称立灯，对应立式放置形式
1297-1,1297,灯具、光源 > 室内照明 > 台灯、落地灯,material,太阳能台灯,太阳能桌灯,medium,台灯俗称桌灯，太阳能台灯也可叫太阳能桌灯
1297-1,1297,灯具、光源 > 室内照明 > 台灯、落地灯,material,太阳能落地灯,太阳能立灯,medium,落地灯俗称立灯，太阳能落地灯称呼为太阳能立灯
1297-1,1297,灯具、光源 > 室内照明 > 台灯、落地灯,material,荧光灯管台灯,日光灯台灯,high,荧光灯管通常被称为日光灯管，因此得名
1297-1,1297,灯具、光源 > 室内照明 > 台灯、落地灯,material,荧光灯管台灯,荧光台灯,high,简化的俗称，直接称为荧光台灯
1297-1,1297,灯具、光源 > 室内照明 > 台灯、落地灯,material,荧光灯管落地灯,日光灯落地灯,high,荧光灯管一般叫日光灯管，所以落地灯款以此类推
1297-1,1297,灯具、光源 > 室内照明 > 台灯、落地灯,material,荧光灯管落地灯,荧光落地灯,high,简称为荧光落地灯，采购中常见
1297-1,1297,灯具、光源 > 室内照明 > 台灯、落地灯,material,螺旋灯头光源台灯,螺口台灯,high,螺旋灯头即是螺口，现场普遍叫螺口台灯
1297-1,1297,灯具、光源 > 室内照明 > 台灯、落地灯,material,螺旋灯头光源台灯,螺旋口台灯,medium,螺旋口同螺口，为常见口语说法
1297-1,1297,灯具、光源 > 室内照明 > 台灯、落地灯,material,螺旋灯头光源落地灯,螺口落地灯,high,螺旋灯头对应螺口，落地灯款称为螺口落地灯
1297-1,1297,灯具、光源 > 室内照明 > 台灯、落地灯,material,螺旋灯头光源落地灯,螺旋口落地灯,medium,螺旋口为螺口的另一种口头叫法
1292-1,1292,灯具、光源 > 室内照明 > 吸顶灯,category,吸顶灯,顶灯,high,吸顶灯最常见的简称，施工现场直接叫顶灯
1292-1,1292,灯具、光源 > 室内照明 > 吸顶灯,category,吸顶灯,天花灯,medium,部分采购和安装场景称吸顶灯为天花灯，但有时也指嵌入式筒灯，需注意上下文
1292-1,1292,灯具、光源 > 室内照明 > 吸顶灯,category,吸顶灯,吸顶式灯具,medium,较正式的行业称呼，采购清单中可能出现
1292-1,1292,灯具、光源 > 室内照明 > 吸顶灯,material,LED吸顶灯,LED顶灯,high,口头简称
1292-1,1292,灯具、光源 > 室内照明 > 吸顶灯,material,LED吸顶灯,LED吸顶,medium,省略“灯”字，口语常用
1292-1,1292,灯具、光源 > 室内照明 > 吸顶灯,material,T5防潮吸顶荧光灯,T5防潮灯,medium,省略吸顶和荧光，具备防潮特征的T5灯具
1292-1,1292,灯具、光源 > 室内照明 > 吸顶灯,material,T5防潮吸顶荧光灯,T5防潮吸顶灯,medium,省略荧光灯管描述，现场常用
1292-1,1292,灯具、光源 > 室内照明 > 吸顶灯,material,吸顶荧光灯,荧光顶灯,medium,荧光灯管的吸顶灯，简称
1292-1,1292,灯具、光源 > 室内照明 > 吸顶灯,material,声光控吸顶灯,声光控灯,high,省略吸顶，工程上直接叫声光控灯
1292-1,1292,灯具、光源 > 室内照明 > 吸顶灯,material,声光控吸顶灯,感应吸顶灯,low,声光控属于感应控制，有时泛称感应吸顶灯
1292-1,1292,灯具、光源 > 室内照明 > 吸顶灯,material,应急防潮吸顶荧光灯,防潮应急灯,medium,突出应急和防潮特征，采购时常见
1292-1,1292,灯具、光源 > 室内照明 > 吸顶灯,material,应急防潮吸顶荧光灯,应急防潮灯,medium,简化说法
1292-1,1292,灯具、光源 > 室内照明 > 吸顶灯,material,防水节能吸顶灯,防水吸顶灯,medium,防水为主要特征，节能通常默认，口语省略
1292-1,1292,灯具、光源 > 室内照明 > 吸顶灯,material,防水节能吸顶灯,防水节能顶灯,low,顶灯替代吸顶灯
1292-1,1292,灯具、光源 > 室内照明 > 吸顶灯,material,高效节能吸顶灯,节能吸顶灯,medium,高效常被省略，直接称节能吸顶灯
1296-1,1296,灯具、光源 > 室内照明 > 射灯,material,吊杆式射灯,吊杆射灯,high,施工现场口语中常省略‘式’字，直接称吊杆射灯
1296-1,1296,灯具、光源 > 室内照明 > 射灯,material,吊装式格栅射灯,吊装格栅灯,high,格栅射灯在采购中常简称为格栅灯
1296-1,1296,灯具、光源 > 室内照明 > 射灯,material,吊装式格栅射灯,吊装斗胆灯,medium,格栅射灯（尤其是多头方形射灯）在行业和施工现场常被称为斗胆灯
1296-1,1296,灯具、光源 > 室内照明 > 射灯,material,吸顶式射灯,吸顶射灯,high,省略‘式’字的常见简化叫法
1296-1,1296,灯具、光源 > 室内照明 > 射灯,material,天花式射灯,明装射灯,medium,施工现场常将安装在天花表面的射灯称为明装射灯，以区别于嵌入式
1296-1,1296,灯具、光源 > 室内照明 > 射灯,material,天花式射灯,天花射灯,medium,简化工地叫法
1296-1,1296,灯具、光源 > 室内照明 > 射灯,material,导轨式射灯,轨道射灯,high,导轨俗称轨道，行业通用
1296-1,1296,灯具、光源 > 室内照明 > 射灯,material,导轨式射灯,导轨灯,high,采购和施工中常用简称
1296-1,1296,灯具、光源 > 室内照明 > 射灯,material,导轨式射灯,轨道灯,high,口语化叫法
1296-1,1296,灯具、光源 > 室内照明 > 射灯,material,嵌入式射灯,牛眼灯,high,嵌入式可调角度射灯因外形像牛眼，在施工现场和设计师口中常用牛眼灯称呼
1296-1,1296,灯具、光源 > 室内照明 > 射灯,material,嵌入式射灯,嵌灯,medium,嵌入安装的灯具简称，有时特指嵌入式射灯
210-1,210,灯具、光源 > 室外照明 > 庭院、广场、道路、景观灯,category,庭院、广场、道路、景观灯,路灯,medium,该类室外灯具统称
210-1,210,灯具、光源 > 室外照明 > 庭院、广场、道路、景观灯,material,太阳能路灯,太阳能灯,high,简称
210-1,210,灯具、光源 > 室外照明 > 庭院、广场、道路、景观灯,material,广场灯,广场照明灯,medium,全称
210-1,210,灯具、光源 > 室外照明 > 庭院、广场、道路、景观灯,material,庭院灯,花园灯,high,用于花园庭院
210-1,210,灯具、光源 > 室外照明 > 庭院、广场、道路、景观灯,material,庭院灯,庭院路灯,high,庭院内路灯叫法
210-1,210,灯具、光源 > 室外照明 > 庭院、广场、道路、景观灯,material,景观灯,景观照明灯,high,全称
210-1,210,灯具、光源 > 室外照明 > 庭院、广场、道路、景观灯,material,景观灯,装饰灯,medium,侧重装饰性
210-1,210,灯具、光源 > 室外照明 > 庭院、广场、道路、景观灯,material,球场灯,运动场灯,medium,用于各类球场
210-1,210,灯具、光源 > 室外照明 > 庭院、广场、道路、景观灯,material,球场灯,体育场灯,medium,大型场馆照明
210-1,210,灯具、光源 > 室外照明 > 庭院、广场、道路、景观灯,material,网球场灯,网球灯,high,简称
210-1,210,灯具、光源 > 室外照明 > 庭院、广场、道路、景观灯,material,路灯灯头,灯头,high,灯具部分
210-1,210,灯具、光源 > 室外照明 > 庭院、广场、道路、景观灯,material,路灯灯头,路灯头,high,口语叫法
210-1,210,灯具、光源 > 室外照明 > 庭院、广场、道路、景观灯,material,道路灯,马路灯,high,俗称
210-1,210,灯具、光源 > 室外照明 > 庭院、广场、道路、景观灯,material,道路灯,路灯,medium,道路照明常用叫法
210-1,210,灯具、光源 > 室外照明 > 庭院、广场、道路、景观灯,material,高杆灯,高杆路灯,high,全称
210-1,210,灯具、光源 > 室外照明 > 庭院、广场、道路、景观灯,material,高杆灯,升降灯,low,部分可升降
1302-1,1302,灯具、光源 > 室外照明 > 水下灯,category,水下灯,水下照明灯,high,水下灯最常见的全称
1302-1,1302,灯具、光源 > 室外照明 > 水下灯,category,水下灯,水底灯,high,常用于水池、池塘底部照明的俗称
1302-1,1302,灯具、光源 > 室外照明 > 水下灯,category,水下灯,泳池灯,medium,游泳池专用水下灯
1302-1,1302,灯具、光源 > 室外照明 > 水下灯,category,水下灯,水下景观灯,medium,景观水体中使用的统称
1302-1,1302,灯具、光源 > 室外照明 > 水下灯,material,壁挂式水下灯,挂壁水下灯,high,口语中直接简化为挂壁
1302-1,1302,灯具、光源 > 室外照明 > 水下灯,material,壁挂式水下灯,壁装水下灯,high,按安装方式壁装的叫法
1302-1,1302,灯具、光源 > 室外照明 > 水下灯,material,壁挂式水下灯,墙挂水下灯,medium,挂在池壁墙面
1302-1,1302,灯具、光源 > 室外照明 > 水下灯,material,嵌入式水下灯,嵌装水下灯,high,嵌入安装的简称
1302-1,1302,灯具、光源 > 室外照明 > 水下灯,material,嵌入式水下灯,暗装水下灯,medium,安装后与壁面平齐的暗装叫法
1302-1,1302,灯具、光源 > 室外照明 > 水下灯,material,嵌入式水下灯,池底灯,low,常见嵌入池底使用的叫法，但不包括池壁嵌入
1302-1,1302,灯具、光源 > 室外照明 > 水下灯,material,支架式水下灯,支架水下灯,high,直接简称
1302-1,1302,灯具、光源 > 室外照明 > 水下灯,material,支架式水下灯,座式水下灯,high,带底座支座的安装形式
1302-1,1302,灯具、光源 > 室外照明 > 水下灯,material,支架式水下灯,支座式水下灯,medium,用支座支撑的叫法
1298-1,1298,灯具、光源 > 室外照明 > 泛光灯、投光灯,material,泛光灯,投光灯,high,现场常将泛光灯与投光灯统称为投光灯，口语中两者基本混用
1298-1,1298,灯具、光源 > 室外照明 > 泛光灯、投光灯,material,泛光灯,散光灯,medium,早期对大面积泛光照明灯具的俗称
1298-1,1298,灯具、光源 > 室外照明 > 泛光灯、投光灯,material,泛光灯,金卤灯,medium,当使用金属卤化物光源时，工地常以光源类型直接称呼
1298-1,1298,灯具、光源 > 室外照明 > 泛光灯、投光灯,material,洗墙灯,线条灯,high,因外形为长条形，常用于勾勒墙面轮廓，故称线条灯
1298-1,1298,灯具、光源 > 室外照明 > 泛光灯、投光灯,material,洗墙灯,LED洗墙灯,high,目前主流采用LED光源，采购时习惯加上光源前缀
1298-1,1298,灯具、光源 > 室外照明 > 泛光灯、投光灯,material,洗墙灯,墙灯,medium,简化的口语叫法
1298-1,1298,灯具、光源 > 室外照明 > 泛光灯、投光灯,material,聚光灯,射灯,high,聚光和射灯在施工中常混用，指向类似的定向照明功能
1298-1,1298,灯具、光源 > 室外照明 > 泛光灯、投光灯,material,聚光灯,投射灯,medium,强调投射光束，部分地区口语习惯
1298-1,1298,灯具、光源 > 室外照明 > 泛光灯、投光灯,material,聚光灯,远射灯,low,当用于远距离照明时现场的叫法
1300-1,1300,灯具、光源 > 室外照明 > 草坪灯,category,草坪灯,草地灯,medium,草坪灯安装在草地上，现场常称为草地灯
1300-1,1300,灯具、光源 > 室外照明 > 草坪灯,category,草坪灯,插地灯,low,部分草坪灯采用插地安装方式，口语中常以安装方式代称
1300-1,1300,灯具、光源 > 室外照明 > 草坪灯,material,LED草坪灯,LED草地灯,medium,LED光源的草坪灯，口语中常与草地灯混用
1300-1,1300,灯具、光源 > 室外照明 > 草坪灯,material,古典草坪灯,仿古草坪灯,medium,古典风格的草坪灯在采购中也称仿古草坪灯
1300-1,1300,灯具、光源 > 室外照明 > 草坪灯,material,景观草坪灯,园林草坪灯,medium,用于景观园林照明的草坪灯，俗称园林草坪灯
1300-1,1300,灯具、光源 > 室外照明 > 草坪灯,material,欧式草坪灯,欧陆草坪灯,low,欧式风格的草坪灯有时简称欧陆草坪灯
1300-1,1300,灯具、光源 > 室外照明 > 草坪灯,material,现代草坪灯,简约草坪灯,low,现代风格以简约造型为主，施工中有时称简约草坪灯
1300-1,1300,灯具、光源 > 室外照明 > 草坪灯,material,防盗草坪灯,防盗型草坪灯,medium,强调防盗功能的草坪灯常描述为防盗型
1301-1,1301,灯具、光源 > 室外照明 > 轮廓装饰灯,category,轮廓装饰灯,轮廓灯,high,行业俗称，指用于勾勒建筑或景观轮廓的灯具
1301-1,1301,灯具、光源 > 室外照明 > 轮廓装饰灯,category,轮廓装饰灯,景观轮廓灯,medium,强调用于景观照明的轮廓灯具
1301-1,1301,灯具、光源 > 室外照明 > 轮廓装饰灯,material,台阶灯,踏步灯,high,施工现场常用叫法，指台阶上的灯具
1301-1,1301,灯具、光源 > 室外照明 > 轮廓装饰灯,material,台阶灯,楼梯踏步灯,high,完整名称，采购时常简化为踏步灯
1301-1,1301,灯具、光源 > 室外照明 > 轮廓装饰灯,material,地砖灯,发光地砖,high,强调地砖自带发光功能，设计与采购惯用名称
1301-1,1301,灯具、光源 > 室外照明 > 轮廓装饰灯,material,地砖灯,LED地砖灯,high,特指采用LED光源的地砖灯具
1301-1,1301,灯具、光源 > 室外照明 > 轮廓装饰灯,material,地砖灯,地埋砖灯,medium,突出埋地安装方式的叫法，有时通用
1301-1,1301,灯具、光源 > 室外照明 > 轮廓装饰灯,material,地脚灯,踢脚灯,high,因安装于墙脚踢脚线位置而得名，现场口语
1301-1,1301,灯具、光源 > 室外照明 > 轮廓装饰灯,material,地脚灯,墙脚灯,medium,直接描述安装位置的称法
1301-1,1301,灯具、光源 > 室外照明 > 轮廓装饰灯,material,小夜灯,夜灯,high,简称，常见于口语与产品标称
1301-1,1301,灯具、光源 > 室外照明 > 轮廓装饰灯,material,小夜灯,感应小夜灯,medium,带感应功能的细分叫法，有时指代通用小夜灯
1301-1,1301,灯具、光源 > 室外照明 > 轮廓装饰灯,material,嵌墙灯,入墙灯,medium,描述灯具嵌入墙内的安装方式，现场及报价常用
1301-1,1301,灯具、光源 > 室外照明 > 轮廓装饰灯,material,嵌墙灯,墙埋灯,medium,施工中预埋墙体或墙面安装的口语叫法
1301-1,1301,灯具、光源 > 室外照明 > 轮廓装饰灯,material,护栏板灯,扶手灯,high,常安装于护栏扶手上或下方，口语化称呼
1301-1,1301,灯具、光源 > 室外照明 > 轮廓装饰灯,material,护栏板灯,栏杆灯,high,泛指装在栏杆上的灯具，行业通用
1301-1,1301,灯具、光源 > 室外照明 > 轮廓装饰灯,material,护栏管灯,LED护栏管,high,最普遍的行业叫法，突出LED光源与管状外形
1301-1,1301,灯具、光源 > 室外照明 > 轮廓装饰灯,material,护栏管灯,轮廓管,medium,因常用于轮廓勾勒而得名，与数码管有交叉
1301-1,1301,灯具、光源 > 室外照明 > 轮廓装饰灯,material,护栏管灯,数码管,medium,带控制功能护栏管的别称，在亮化工程中常见
1301-1,1301,灯具、光源 > 室外照明 > 轮廓装饰灯,material,瓦楞灯,瓦片灯,high,因安装于瓦片之上而得名，俗称
1301-1,1301,灯具、光源 > 室外照明 > 轮廓装饰灯,material,瓦楞灯,瓦面灯,medium,泛指安装在瓦面的灯具，工程交底常用
1301-1,1301,灯具、光源 > 室外照明 > 轮廓装饰灯,material,瓦楞灯,琉璃瓦灯,medium,特指用于琉璃瓦屋面，采购时可能使用
1301-1,1301,灯具、光源 > 室外照明 > 轮廓装饰灯,material,线条灯,线性灯,high,音译与意译结合，行业标准术语
1301-1,1301,灯具、光源 > 室外照明 > 轮廓装饰灯,material,线条灯,LED线条灯,high,加光源类型的产品称谓
1301-1,1301,灯具、光源 > 室外照明 > 轮廓装饰灯,material,线条灯,线形灯,medium,形状描述，常见于设计图纸和报价单
1306-1,1306,灯具、光源 > 特种灯具 > 医院专用灯,material,手术室专用气密灯带,气密灯带,high,施工现场常用简称
1306-1,1306,灯具、光源 > 特种灯具 > 医院专用灯,material,手术室专用气密灯带,手术室灯带,medium,功能与使用场景结合的叫法
1306-1,1306,灯具、光源 > 特种灯具 > 医院专用灯,material,手术室无影灯,无影灯,high,最通用简称
1306-1,1306,灯具、光源 > 特种灯具 > 医院专用灯,material,手术室无影灯,手术灯,high,现场口语叫法
1306-1,1306,灯具、光源 > 特种灯具 > 医院专用灯,material,手术室无影灯,手术照明灯,medium,采购技术文件中常称
1306-1,1306,灯具、光源 > 特种灯具 > 医院专用灯,material,牙科光固化灯,光固化灯,high,简称
1306-1,1306,灯具、光源 > 特种灯具 > 医院专用灯,material,牙科光固化灯,固化灯,medium,更简短的口语叫法
1306-1,1306,灯具、光源 > 特种灯具 > 医院专用灯,material,牙科光固化灯,牙科固化灯,medium,区分用途的叫法
1306-1,1306,灯具、光源 > 特种灯具 > 医院专用灯,material,生化分析仪器灯,生化仪光源灯,medium,指明是生化分析仪的专用灯
1306-1,1306,灯具、光源 > 特种灯具 > 医院专用灯,material,生化分析仪器灯,分析仪灯,low,简称
1306-1,1306,灯具、光源 > 特种灯具 > 医院专用灯,material,病房叫号灯,呼叫灯,medium,病房呼叫系统显示灯
1306-1,1306,灯具、光源 > 特种灯具 > 医院专用灯,material,病房叫号灯,叫号显示灯,low,功能全称的缩略
1306-1,1306,灯具、光源 > 特种灯具 > 医院专用灯,material,病房指示灯,病房指示,low,口语省略
1306-1,1306,灯具、光源 > 特种灯具 > 医院专用灯,material,病房暗脚灯,病房地脚灯,medium,暗脚灯即嵌入式地脚灯
1306-1,1306,灯具、光源 > 特种灯具 > 医院专用灯,material,病房暗脚灯,暗装脚灯,low,安装方式的俗称
1306-1,1306,灯具、光源 > 特种灯具 > 医院专用灯,material,看片灯,观片灯,high,标准别称，行业通用
1306-1,1306,灯具、光源 > 特种灯具 > 医院专用灯,material,看片灯,阅片灯,high,放射科常用叫法
1306-1,1306,灯具、光源 > 特种灯具 > 医院专用灯,material,看片灯,X光片看片灯,medium,加限定词以区分
1306-1,1306,灯具、光源 > 特种灯具 > 医院专用灯,material,紫外线杀菌灯,紫外灯,high,日常简称
1306-1,1306,灯具、光源 > 特种灯具 > 医院专用灯,material,紫外线杀菌灯,杀菌灯,high,按功能称呼
1306-1,1306,灯具、光源 > 特种灯具 > 医院专用灯,material,紫外线杀菌灯,UV杀菌灯,medium,技术文件常用
1306-1,1306,灯具、光源 > 特种灯具 > 医院专用灯,material,红外线理疗保健灯,红外理疗灯,high,最常见的称呼
1306-1,1306,灯具、光源 > 特种灯具 > 医院专用灯,material,红外线理疗保健灯,红外灯,medium,口语简称
1306-1,1306,灯具、光源 > 特种灯具 > 医院专用灯,material,红外线理疗保健灯,保健红外灯,low,强调保健功能
1421-1,1421,玻璃及玻璃制品 > 普通玻璃 > 夹丝（夹网）玻璃,category,夹丝（夹网）玻璃,夹网玻璃,high,夹丝玻璃常内夹金属网，施工中称夹网玻璃
1421-1,1421,玻璃及玻璃制品 > 普通玻璃 > 夹丝（夹网）玻璃,category,夹丝（夹网）玻璃,钢丝玻璃,medium,以钢丝为夹层，俗称钢丝玻璃
1421-1,1421,玻璃及玻璃制品 > 普通玻璃 > 夹丝（夹网）玻璃,category,夹丝（夹网）玻璃,防碎玻璃,low,因夹丝不易碎散，偶被称为防碎玻璃
1421-1,1421,玻璃及玻璃制品 > 普通玻璃 > 夹丝（夹网）玻璃,material,夹丝压花玻璃,压花夹丝玻璃,medium,口语中经常调换语序
1421-1,1421,玻璃及玻璃制品 > 普通玻璃 > 夹丝（夹网）玻璃,material,夹丝磨光玻璃,磨光夹丝玻璃,low,倒序简称
1421-1,1421,玻璃及玻璃制品 > 普通玻璃 > 夹丝（夹网）玻璃,material,夹绢丝玻璃,夹绢玻璃,low,省略‘丝’字的简称
1421-1,1421,玻璃及玻璃制品 > 普通玻璃 > 夹丝（夹网）玻璃,material,夹金属丝玻璃,金属丝夹层玻璃,low,描述性俗称
1421-1,1421,玻璃及玻璃制品 > 普通玻璃 > 夹丝（夹网）玻璃,material,夹钢丝玻璃,钢丝网玻璃,high,现场对夹钢丝网玻璃的直奔叫法
1421-1,1421,玻璃及玻璃制品 > 普通玻璃 > 夹丝（夹网）玻璃,material,夹钢丝玻璃,夹网玻璃,medium,以夹网统称
1422-1,1422,玻璃及玻璃制品 > 普通玻璃 > 夹层玻璃,category,夹层玻璃,夹胶玻璃,high,施工现场习惯将夹层玻璃统称为夹胶玻璃
1422-1,1422,玻璃及玻璃制品 > 普通玻璃 > 夹层玻璃,material,LOW-E夹层玻璃,低辐射夹胶玻璃,high,LOW-E即低辐射膜，夹层玻璃俗称夹胶玻璃
1422-1,1422,玻璃及玻璃制品 > 普通玻璃 > 夹层玻璃,material,LOW-E夹层玻璃,LOW-E夹胶玻璃,high,直接替换为夹胶叫法
1422-1,1422,玻璃及玻璃制品 > 普通玻璃 > 夹层玻璃,material,PVB夹层玻璃,PVB夹胶玻璃,high,PVB是常见中间膜，夹胶为行业俗称
1422-1,1422,玻璃及玻璃制品 > 普通玻璃 > 夹层玻璃,material,SGP夹层玻璃,SGP夹胶玻璃,high,SGP离子性中间膜制作的夹层玻璃，常称SGP夹胶
1422-1,1422,玻璃及玻璃制品 > 普通玻璃 > 夹层玻璃,material,SOLAR-E夹层玻璃,SOLAR-E夹胶玻璃,medium,SOLAR-E为特定镀膜，直接加夹胶俗称
1422-1,1422,玻璃及玻璃制品 > 普通玻璃 > 夹层玻璃,material,夹丝夹层玻璃,夹丝夹胶玻璃,medium,内置金属丝的夹层玻璃，口语加胶
1422-1,1422,玻璃及玻璃制品 > 普通玻璃 > 夹层玻璃,material,彩釉夹层玻璃,彩釉夹胶玻璃,high,彩釉面与夹胶组合叫法
1422-1,1422,玻璃及玻璃制品 > 普通玻璃 > 夹层玻璃,material,普通夹层玻璃,普通夹胶玻璃,high,不加特殊说明的夹胶玻璃
1422-1,1422,玻璃及玻璃制品 > 普通玻璃 > 夹层玻璃,material,湿法夹胶玻璃,灌胶玻璃,high,湿法工艺即灌浆，现场简称为灌胶玻璃
1422-1,1422,玻璃及玻璃制品 > 普通玻璃 > 夹层玻璃,material,湿法夹胶玻璃,湿法灌浆夹胶玻璃,medium,描述工艺的叫法
1422-1,1422,玻璃及玻璃制品 > 普通玻璃 > 夹层玻璃,material,钢化夹层玻璃,钢化夹胶玻璃,high,钢化玻璃基片做的夹层，常称钢化夹胶
1422-1,1422,玻璃及玻璃制品 > 普通玻璃 > 夹层玻璃,material,钢化夹胶玻璃,钢化夹层玻璃,high,与钢化夹胶同一产品，仅在标准中分为两种称法
1422-1,1422,玻璃及玻璃制品 > 普通玻璃 > 夹层玻璃,material,镀膜夹层玻璃,镀膜夹胶玻璃,high,镀膜玻璃复合夹胶的简称
1420-1,1420,玻璃及玻璃制品 > 普通玻璃 > 钢化玻璃,category,钢化玻璃,强化玻璃,high,钢化玻璃俗称，通过物理或化学方法增强强度
1420-1,1420,玻璃及玻璃制品 > 普通玻璃 > 钢化玻璃,category,钢化玻璃,安全玻璃,medium,钢化玻璃是安全玻璃的一种，现场可能混称
1420-1,1420,玻璃及玻璃制品 > 普通玻璃 > 钢化玻璃,material,平面钢化玻璃,平钢化玻璃,high,行业通用简称
1420-1,1420,玻璃及玻璃制品 > 普通玻璃 > 钢化玻璃,material,平面钢化玻璃,平板钢化,medium,施工口语简称
1420-1,1420,玻璃及玻璃制品 > 普通玻璃 > 钢化玻璃,material,彩釉钢化玻璃,釉面钢化玻璃,high,彩釉即釉料，常称釉面钢化
1420-1,1420,玻璃及玻璃制品 > 普通玻璃 > 钢化玻璃,material,彩釉钢化玻璃,彩釉钢化,medium,省略玻璃二字
1420-1,1420,玻璃及玻璃制品 > 普通玻璃 > 钢化玻璃,material,曲面钢化玻璃,弯钢化玻璃,high,曲面即弯曲，俗称弯钢化
1420-1,1420,玻璃及玻璃制品 > 普通玻璃 > 钢化玻璃,material,曲面钢化玻璃,热弯钢化,medium,工艺俗称，热弯后钢化
1420-1,1420,玻璃及玻璃制品 > 普通玻璃 > 钢化玻璃,material,曲面钢化玻璃,弧面钢化玻璃,medium,曲面也称弧面
1420-1,1420,玻璃及玻璃制品 > 普通玻璃 > 钢化玻璃,material,烤漆钢化玻璃,钢化烤漆玻璃,high,语序不同，强调烤漆工艺
1420-1,1420,玻璃及玻璃制品 > 普通玻璃 > 钢化玻璃,material,烤漆钢化玻璃,背漆钢化玻璃,medium,烤漆通常在背面，故称背漆钢化
1420-1,1420,玻璃及玻璃制品 > 普通玻璃 > 钢化玻璃,material,超白钢化玻璃,低铁钢化玻璃,high,超白玻璃即低铁玻璃，钢化后沿用该称法
1420-1,1420,玻璃及玻璃制品 > 普通玻璃 > 钢化玻璃,material,超白钢化玻璃,超白钢化,medium,日常简称
1420-1,1420,玻璃及玻璃制品 > 普通玻璃 > 钢化玻璃,material,超白钢化玻璃,水晶钢化玻璃,low,超白玻璃有水晶玻璃之称，但易混淆
1424-1,1424,玻璃及玻璃制品 > 普通玻璃 > 镀膜玻璃,material,钢化镀膜玻璃,钢化镀膜,high,口语简称
1424-1,1424,玻璃及玻璃制品 > 普通玻璃 > 镀膜玻璃,material,镜面镀膜玻璃,镜面镀膜,high,直接简称
1424-1,1424,玻璃及玻璃制品 > 普通玻璃 > 镀膜玻璃,material,镜面镀膜玻璃,镀镜玻璃,medium,施工现场口语叫法
1427-1,1427,玻璃及玻璃制品 > 特种玻璃 > 特种玻璃,material,AG防眩玻璃,AG玻璃,high,AG是防眩的缩写，行业内常用AG玻璃代指
1427-1,1427,玻璃及玻璃制品 > 特种玻璃 > 特种玻璃,material,AG防眩玻璃,防眩玻璃,high,功能描述，口语中直接简称防眩玻璃
1427-1,1427,玻璃及玻璃制品 > 特种玻璃 > 特种玻璃,material,低辐射镀膜防火玻璃,Low-E防火玻璃,high,低辐射即Low-Emissivity，常缩写为Low-E
1427-1,1427,玻璃及玻璃制品 > 特种玻璃 > 特种玻璃,material,单向透视玻璃,单向玻璃,high,口语简称，省略透视
1427-1,1427,玻璃及玻璃制品 > 特种玻璃 > 特种玻璃,material,单向透视玻璃,单面镜,medium,因其一侧像镜子，采购买手常称单面镜
1427-1,1427,玻璃及玻璃制品 > 特种玻璃 > 特种玻璃,material,单向透视玻璃,单向透视镜,medium,施工现场偶尔混用
1427-1,1427,玻璃及玻璃制品 > 特种玻璃 > 特种玻璃,material,复合防火玻璃,复合型防火玻璃,medium,强调复合结构，技术交流中常用
1427-1,1427,玻璃及玻璃制品 > 特种玻璃 > 特种玻璃,material,调光玻璃,智能玻璃,high,市场推广常用名
1427-1,1427,玻璃及玻璃制品 > 特种玻璃 > 特种玻璃,material,调光玻璃,电控玻璃,medium,电控调光原理，施工方简称
1427-1,1427,玻璃及玻璃制品 > 特种玻璃 > 特种玻璃,material,调光玻璃,液晶玻璃,medium,核心材料为液晶膜，行业内简称
1427-1,1427,玻璃及玻璃制品 > 特种玻璃 > 特种玻璃,material,防弹玻璃,防弹安全玻璃,low,安全玻璃的一种，采购时常合并称呼
1427-1,1427,玻璃及玻璃制品 > 特种玻璃 > 特种玻璃,material,防火玻璃,耐火玻璃,medium,强调耐火完整性，技术标准中常见
1427-1,1427,玻璃及玻璃制品 > 特种玻璃 > 特种玻璃,material,防火顺位器,顺位器,high,口语直接简称顺位器
1427-1,1427,玻璃及玻璃制品 > 特种玻璃 > 特种玻璃,material,防火顺位器,关门顺序器,medium,描述其功能，施工人员口头叫法
1427-1,1427,玻璃及玻璃制品 > 特种玻璃 > 特种玻璃,material,防爆玻璃,抗爆玻璃,low,防爆与抗爆概念相近，采购文件中偶见
1427-1,1427,玻璃及玻璃制品 > 特种玻璃 > 特种玻璃,material,防辐射玻璃,铅玻璃,high,通常含铅以屏蔽辐射，俗称铅玻璃
1427-1,1427,玻璃及玻璃制品 > 特种玻璃 > 特种玻璃,material,防辐射玻璃,防X射线玻璃,medium,主要用于X射线防护，医院项目常用叫法
1427-1,1427,玻璃及玻璃制品 > 特种玻璃 > 特种玻璃,material,雾化玻璃,电子雾化玻璃,high,电控雾化原理，与调光玻璃技术同源但强调雾化态
1427-1,1427,玻璃及玻璃制品 > 特种玻璃 > 特种玻璃,material,雾化玻璃,通电雾化玻璃,medium,描述通电变透明、断电变雾化的特点
1428-1,1428,玻璃及玻璃制品 > 玻璃制品 > 玻璃砖,material,泡沫玻璃砖,泡沫玻璃砌块,medium,施工现场和采购中常将泡沫玻璃制成的砖类称为泡沫玻璃砌块
1428-1,1428,玻璃及玻璃制品 > 玻璃制品 > 玻璃砖,material,热熔玻璃砖,熔融玻璃砖,medium,热熔工艺形成的玻璃砖，业内人士简称为熔融玻璃砖
1428-1,1428,玻璃及玻璃制品 > 玻璃制品 > 玻璃砖,material,玻璃装饰砖,艺术玻璃砖,high,用于装饰的玻璃砖常被称为艺术玻璃砖
1428-1,1428,玻璃及玻璃制品 > 玻璃制品 > 玻璃砖,material,空心玻璃砖,空心玻璃砌块,high,空心玻璃砖在工程中也称空心玻璃砌块
1428-1,1428,玻璃及玻璃制品 > 玻璃制品 > 玻璃砖,material,镭射玻璃地砖,激光玻璃地砖,high,镭射即激光，镭射玻璃地砖口语中也称激光玻璃地砖
1430-1,1430,玻璃及玻璃制品 > 玻璃制品 > 玻璃镜,category,玻璃镜,银镜,high,玻璃镜常用镀银工艺，行业统称银镜
1430-1,1430,玻璃及玻璃制品 > 玻璃制品 > 玻璃镜,category,玻璃镜,镜面,medium,采购对话中常将玻璃镜简称为镜面
1430-1,1430,玻璃及玻璃制品 > 玻璃制品 > 玻璃镜,material,原片玻璃镜,白镜,medium,未加工的银镜原片常称白镜，区别于色镜
1430-1,1430,玻璃及玻璃制品 > 玻璃制品 > 玻璃镜,material,原片玻璃镜,银镜原片,high,强调镀银未加工的原片
1430-1,1430,玻璃及玻璃制品 > 玻璃制品 > 玻璃镜,material,原片玻璃镜,光镜,low,口语中对未做工艺处理的平面镜的称呼
1430-1,1430,玻璃及玻璃制品 > 玻璃制品 > 玻璃镜,material,工艺镜,装饰镜,medium,经深加工带装饰效果的镜子统称
1430-1,1430,玻璃及玻璃制品 > 玻璃制品 > 玻璃镜,material,工艺镜,加工镜,medium,指经过磨边、雕花等二次加工的镜子
1430-1,1430,玻璃及玻璃制品 > 玻璃制品 > 玻璃镜,material,除雾镜,防雾镜,high,除雾镜的标准别称
1430-1,1430,玻璃及玻璃制品 > 玻璃制品 > 玻璃镜,material,除雾镜,加热镜,medium,采用电加热除雾的镜子，口头上称为加热镜
1426-1,1426,玻璃及玻璃制品 > 艺术玻璃 > 镭射玻璃,category,镭射玻璃,激光玻璃,high,镭射是激光英文laser的音译，业内常直接称激光玻璃
1426-1,1426,玻璃及玻璃制品 > 艺术玻璃 > 镭射玻璃,category,镭射玻璃,全息玻璃,medium,这类玻璃具有全息图案效果，采购文件中常写作全息玻璃
1426-1,1426,玻璃及玻璃制品 > 艺术玻璃 > 镭射玻璃,material,单层镭射玻璃,单层镭射,high,施工现场口语简称
1426-1,1426,玻璃及玻璃制品 > 艺术玻璃 > 镭射玻璃,material,单层镭射玻璃,单片镭射玻璃,high,相对夹层的单片结构，采购清单中常见叫法
1426-1,1426,玻璃及玻璃制品 > 艺术玻璃 > 镭射玻璃,material,单层镭射玻璃,单层激光玻璃,medium,别名激光玻璃与单层组合
1426-1,1426,玻璃及玻璃制品 > 艺术玻璃 > 镭射玻璃,material,夹层镭射玻璃,夹胶镭射玻璃,high,夹层结构俗称夹胶，实际订购时常用
1426-1,1426,玻璃及玻璃制品 > 艺术玻璃 > 镭射玻璃,material,夹层镭射玻璃,安全镭射玻璃,medium,由于夹胶具有安全防碎特性，销售端常称安全镭射玻璃
1426-1,1426,玻璃及玻璃制品 > 艺术玻璃 > 镭射玻璃,material,夹层镭射玻璃,夹层激光玻璃,medium,别名激光玻璃与夹层组合
1800-1,1800,电极及劳保用品等其他材料 > 其他材料 > 低值易耗品,category,低值易耗品,低易品,high,低值易耗品的简称，在采购清单和仓库管理中常见
1800-1,1800,电极及劳保用品等其他材料 > 其他材料 > 低值易耗品,category,低值易耗品,易耗品,high,口语和书面的省称，突出其易耗性质
1800-1,1800,电极及劳保用品等其他材料 > 其他材料 > 低值易耗品,category,低值易耗品,消耗材料,medium,施工现场对该类材料的泛称
1800-1,1800,电极及劳保用品等其他材料 > 其他材料 > 低值易耗品,category,低值易耗品,辅材,medium,辅助材料的俗称，低值易耗品多属于辅材
1800-1,1800,电极及劳保用品等其他材料 > 其他材料 > 低值易耗品,material,钻头,钻咀,high,粤语及五金行业常用俗称，用于各类钻头
1800-1,1800,电极及劳保用品等其他材料 > 其他材料 > 低值易耗品,material,钻头,钻花,medium,部分地区方言，尤其对麻花钻的口语叫法
1800-1,1800,电极及劳保用品等其他材料 > 其他材料 > 低值易耗品,material,钻头,钻头子,low,口语化叫法，多在班组沟通中使用
1795-1,1795,电极及劳保用品等其他材料 > 办公用品 > 纸、笔,material,木工用笔,木工铅笔,high,木工常用扁形铅笔
1795-1,1795,电极及劳保用品等其他材料 > 办公用品 > 纸、笔,material,木工用笔,划线笔,medium,木工划线标记
1795-1,1795,电极及劳保用品等其他材料 > 办公用品 > 纸、笔,material,标签纸,不干胶贴纸,high,自粘性标签
1795-1,1795,电极及劳保用品等其他材料 > 办公用品 > 纸、笔,material,标签纸,自粘标签,high,背面带胶的标签
1795-1,1795,电极及劳保用品等其他材料 > 办公用品 > 纸、笔,material,瓦楞纸,坑纸,high,瓦楞纸俗称坑纸
1795-1,1795,电极及劳保用品等其他材料 > 办公用品 > 纸、笔,material,瓦楞纸,瓦楞板纸,medium,瓦楞纸板简称
1795-1,1795,电极及劳保用品等其他材料 > 办公用品 > 纸、笔,material,石笔,滑石笔,high,由滑石制成，用于焊接划线
1795-1,1795,电极及劳保用品等其他材料 > 办公用品 > 纸、笔,material,美纹纸,美纹胶带,high,美纹纸常指美纹纸胶带
1795-1,1795,电极及劳保用品等其他材料 > 办公用品 > 纸、笔,material,美纹纸,皱纹纸胶带,medium,美纹纸的特征
1795-1,1795,电极及劳保用品等其他材料 > 办公用品 > 纸、笔,material,记号笔,马克笔,high,记号笔俗称马克笔
1795-1,1795,电极及劳保用品等其他材料 > 办公用品 > 纸、笔,material,记号笔,油性笔,medium,常用油性记号笔
1795-1,1795,电极及劳保用品等其他材料 > 办公用品 > 纸、笔,material,铝箔纸,锡纸,high,口语中常将铝箔称为锡纸
1795-1,1795,电极及劳保用品等其他材料 > 办公用品 > 纸、笔,material,铝箔纸,铝箔,high,简称
179-3,179,电极及劳保用品等其他材料 > 劳保用品 > 劳保用品,material,防毒面具过滤盒,滤毒盒,high,防毒面具过滤盒的常用简称
179-3,179,电极及劳保用品等其他材料 > 劳保用品 > 劳保用品,material,雨伞,伞,high,日常口语简称
179-3,179,电极及劳保用品等其他材料 > 劳保用品 > 劳保用品,material,雨衣,雨披,high,常见俗称
179-3,179,电极及劳保用品等其他材料 > 劳保用品 > 劳保用品,material,香皂,肥皂,medium,施工现场常混称为肥皂
179-3,179,电极及劳保用品等其他材料 > 劳保用品 > 劳保用品,material,马甲,反光背心,high,劳保用品中马甲通常指反光背心
179-3,179,电极及劳保用品等其他材料 > 劳保用品 > 劳保用品,material,马甲,安全背心,high,同义俗称
1799-1,1799,电极及劳保用品等其他材料 > 火工、电极材料 > 火工材料,category,火工材料,火工品,high,火工材料的统称
1799-1,1799,电极及劳保用品等其他材料 > 火工、电极材料 > 火工材料,category,火工材料,爆破器材,high,火工材料常被称为爆破器材
1799-1,1799,电极及劳保用品等其他材料 > 火工、电极材料 > 火工材料,category,火工材料,火工产品,medium,行业统称
1799-1,1799,电极及劳保用品等其他材料 > 火工、电极材料 > 火工材料,material,引爆线(索),导爆索,high,引爆线即为导爆索的俗称
1799-1,1799,电极及劳保用品等其他材料 > 火工、电极材料 > 火工材料,material,引爆线(索),起爆线,medium,现场口语叫法
1799-1,1799,电极及劳保用品等其他材料 > 火工、电极材料 > 火工材料,material,引爆线(索),导火线,low,早期对于引爆线的俗称，但可能混淆导火索
1799-1,1799,电极及劳保用品等其他材料 > 火工、电极材料 > 火工材料,material,炸药箱,炮药箱,low,部分北方工地对炸药箱的口语称呼
1799-1,1799,电极及劳保用品等其他材料 > 火工、电极材料 > 火工材料,material,电雷管,雷管,medium,在不区分类型时，电雷管常简称为雷管
1799-1,1799,电极及劳保用品等其他材料 > 火工、电极材料 > 火工材料,material,硝酸铵类炸药,硝铵炸药,high,硝酸铵类炸药的简称
1799-1,1799,电极及劳保用品等其他材料 > 火工、电极材料 > 火工材料,material,硝酸铵类炸药,铵梯炸药,medium,硝酸铵类炸药中常见的一种，有时泛指此类
196-1,196,电极及劳保用品等其他材料 > 零星施工用料 > 水、电、煤炭、木柴,material,工业酒精,工业乙醇,high,工业酒精主要成分为乙醇，采购中常称工业乙醇
196-1,196,电极及劳保用品等其他材料 > 零星施工用料 > 水、电、煤炭、木柴,material,工业酒精,变性酒精,medium,工业酒精常加入变性剂，有时被称为变性酒精
196-1,196,电极及劳保用品等其他材料 > 零星施工用料 > 水、电、煤炭、木柴,material,木柴,柴火,high,施工现场口语常用柴火指木柴
196-1,196,电极及劳保用品等其他材料 > 零星施工用料 > 水、电、煤炭、木柴,material,木柴,劈柴,high,经劈砍的木柴常直接称劈柴
196-1,196,电极及劳保用品等其他材料 > 零星施工用料 > 水、电、煤炭、木柴,material,汽,蒸汽,high,施工用汽多为蒸汽，材料单上常简写为汽
196-1,196,电极及劳保用品等其他材料 > 零星施工用料 > 水、电、煤炭、木柴,material,炭,木炭,high,采购中炭常指木炭，以便与煤炭区分
1796-1,1796,电极及劳保用品等其他材料 > 零星施工用料 > 零星施工用料,category,零星施工用料,零星材料,high,在采购和施工现场常简称为零星材料
1796-1,1796,电极及劳保用品等其他材料 > 零星施工用料 > 零星施工用料,category,零星施工用料,杂项用料,medium,有些工地或采购清单上会写杂项用料
1796-1,1796,电极及劳保用品等其他材料 > 零星施工用料 > 零星施工用料,category,零星施工用料,零散材料,low,口语中有时称为零散材料
1796-1,1796,电极及劳保用品等其他材料 > 零星施工用料 > 零星施工用料,material,大竹扫把,竹扫把,high,施工人员常省略‘大’直接叫竹扫把
1796-1,1796,电极及劳保用品等其他材料 > 零星施工用料 > 零星施工用料,material,大竹扫把,大竹扫帚,medium,扫把与扫帚在一些地区混用
1796-1,1796,电极及劳保用品等其他材料 > 零星施工用料 > 零星施工用料,material,安全网扎绳,网绳,medium,现场口语中常简称为网绳
1796-1,1796,电极及劳保用品等其他材料 > 零星施工用料 > 零星施工用料,material,安全网扎绳,安全网绳,medium,有时称为安全网绳，与安全网扎绳同义
1796-1,1796,电极及劳保用品等其他材料 > 零星施工用料 > 零星施工用料,material,小扫把,小扫帚,high,扫帚与扫把在口语中经常互换
1796-1,1796,电极及劳保用品等其他材料 > 零星施工用料 > 零星施工用料,material,扫帚,扫把,high,扫把是扫帚的常见俗称
1796-1,1796,电极及劳保用品等其他材料 > 零星施工用料 > 零星施工用料,material,扫把,扫帚,high,扫帚与扫把是同一物品的不同叫法
1796-1,1796,电极及劳保用品等其他材料 > 零星施工用料 > 零星施工用料,material,棉布袋,布袋,high,简称布袋，材质可能不强调棉时通用
1796-1,1796,电极及劳保用品等其他材料 > 零星施工用料 > 零星施工用料,material,棉布袋,棉布口袋,medium,口语中常说棉布口袋
1796-1,1796,电极及劳保用品等其他材料 > 零星施工用料 > 零星施工用料,material,绑扎绳,扎绳,high,简称扎绳，现场普遍使用
1796-1,1796,电极及劳保用品等其他材料 > 零星施工用料 > 零星施工用料,material,绑扎绳,绑绳,high,也称绑绳，与扎绳同义
1796-1,1796,电极及劳保用品等其他材料 > 零星施工用料 > 零星施工用料,material,超声波驱鸟器,电子驱鸟器,medium,因利用电子产生超声波，常被称为电子驱鸟器
1796-1,1796,电极及劳保用品等其他材料 > 零星施工用料 > 零星施工用料,material,超声波驱鸟器,超声驱鸟器,low,简称超声驱鸟器
1796-1,1796,电极及劳保用品等其他材料 > 零星施工用料 > 零星施工用料,material,铁夹子,铁卡,medium,在紧固或夹持材料时，工人常叫铁卡
1796-1,1796,电极及劳保用品等其他材料 > 零星施工用料 > 零星施工用料,material,风力驱鸟器,风动驱鸟器,medium,以风力驱动，常称风动驱鸟器
1796-1,1796,电极及劳保用品等其他材料 > 零星施工用料 > 零星施工用料,material,风力驱鸟器,风车驱鸟器,medium,因其像风车转动，叫风车驱鸟器
1796-1,1796,电极及劳保用品等其他材料 > 零星施工用料 > 零星施工用料,material,驱鸟刺,防鸟刺,high,安装目的是防鸟停留，常称防鸟刺
1796-1,1796,电极及劳保用品等其他材料 > 零星施工用料 > 零星施工用料,material,驱鸟刺,鸟刺,high,口语简称鸟刺
1634-1,1634,电梯 > 其他电梯及配件 > 电梯配件,category,电梯配件,电梯零件,low,施工现场口语泛称
1634-1,1634,电梯 > 其他电梯及配件 > 电梯配件,material,导向轮,导轮,high,电梯行业简称
1634-1,1634,电梯 > 其他电梯及配件 > 电梯配件,material,导轨架,导轨支架,high,同义别称
1634-1,1634,电梯 > 其他电梯及配件 > 电梯配件,material,曳引机,电梯主机,medium,施工现场及采购俗称
1634-1,1634,电梯 > 其他电梯及配件 > 电梯配件,material,曳引绳锥套,绳头锥套,high,施工与采购常用叫法
1634-1,1634,电梯 > 其他电梯及配件 > 电梯配件,material,曳引绳锥套,巴氏合金锥套,high,以填充材料代称
1634-1,1634,电梯 > 其他电梯及配件 > 电梯配件,material,曳引钢丝绳,电梯钢丝绳,high,通俗叫法
1634-1,1634,电梯 > 其他电梯及配件 > 电梯配件,material,曳引钢丝绳,曳引绳,high,行业内简称
1634-1,1634,电梯 > 其他电梯及配件 > 电梯配件,material,电梯无线对讲系统,五方对讲,high,国标要求电梯五方通话，俗称此名
1634-1,1634,电梯 > 其他电梯及配件 > 电梯配件,material,电梯无线对讲系统,无线五方通话系统,high,安装采购常用全称
1634-1,1634,电梯 > 其他电梯及配件 > 电梯配件,material,绳头卡板,绳头板,high,简化俗称
1627-1,1627,电梯 > 普通电梯 > 杂物电梯,category,杂物电梯,传菜电梯,high,杂物电梯主要用于传送菜品、物品，行业俗称传菜电梯
1627-1,1627,电梯 > 普通电梯 > 杂物电梯,category,杂物电梯,食梯,high,餐饮行业对传菜用杂物电梯的简称
1627-1,1627,电梯 > 普通电梯 > 杂物电梯,category,杂物电梯,菜梯,medium,口语中简称为菜梯
1627-1,1627,电梯 > 普通电梯 > 杂物电梯,category,杂物电梯,杂物梯,high,杂物电梯的简称
1627-1,1627,电梯 > 普通电梯 > 杂物电梯,category,杂物电梯,送餐梯,medium,部分酒店、食堂的叫法
1627-1,1627,电梯 > 普通电梯 > 杂物电梯,material,窗口式杂物电梯,窗口传菜梯,high,根据安装形式（窗口式）与俗称传菜梯组合
1627-1,1627,电梯 > 普通电梯 > 杂物电梯,material,窗口式杂物电梯,窗口食梯,medium,窗口式结合食梯简称
1627-1,1627,电梯 > 普通电梯 > 杂物电梯,material,落地式杂物电梯,落地传菜梯,high,落地式安装的传菜电梯
1627-1,1627,电梯 > 普通电梯 > 杂物电梯,material,落地式杂物电梯,地平式传菜梯,medium,部分厂商称落地式无基坑的为地平式
1633-1,1633,电梯 > 自动扶梯和自动人行道 > 自动人行道,category,自动人行道,自动步道,high,自动人行道的通用俗称
1633-1,1633,电梯 > 自动扶梯和自动人行道 > 自动人行道,category,自动人行道,移动步道,medium,强调可移动行走的步道
1633-1,1633,电梯 > 自动扶梯和自动人行道 > 自动人行道,category,自动人行道,电动步道,medium,电力驱动的步道
1633-1,1633,电梯 > 自动扶梯和自动人行道 > 自动人行道,category,自动人行道,人行步道,high,口语中常简称为人行步道
1633-1,1633,电梯 > 自动扶梯和自动人行道 > 自动人行道,category,自动人行道,水平扶梯,medium,外形与扶梯相似但水平的叫法
1633-1,1633,电梯 > 自动扶梯和自动人行道 > 自动人行道,material,双线式自动人行道,双轨自动步道,high,双线式即双轨并行的结构
1633-1,1633,电梯 > 自动扶梯和自动人行道 > 自动人行道,material,双线式自动人行道,双通道自动步道,high,双线提供两条通行道
1633-1,1633,电梯 > 自动扶梯和自动人行道 > 自动人行道,material,双线式自动人行道,双线步道,medium,口语简称
1633-1,1633,电梯 > 自动扶梯和自动人行道 > 自动人行道,material,带式自动人行道,胶带式自动人行道,high,采用胶带作为输送面
1633-1,1633,电梯 > 自动扶梯和自动人行道 > 自动人行道,material,带式自动人行道,皮带式自动步道,high,施工现场俗称皮带式
1633-1,1633,电梯 > 自动扶梯和自动人行道 > 自动人行道,material,带式自动人行道,输送带式步道,medium,强调其输送带结构
1633-1,1633,电梯 > 自动扶梯和自动人行道 > 自动人行道,material,踏步式自动人行道,梯级式自动人行道,high,采用类似扶梯的梯级踏步
1633-1,1633,电梯 > 自动扶梯和自动人行道 > 自动人行道,material,踏步式自动人行道,台阶式自动步道,medium,外观呈台阶状
1633-1,1633,电梯 > 自动扶梯和自动人行道 > 自动人行道,material,踏步式自动人行道,阶梯步道,low,口语简称
1350-1,1350,电气线路敷设材料 > 电力金具 > 变电金具,category,变电金具,变电站金具,medium,变电金具主要用于变电站，常被称为变电站金具
1350-1,1350,电气线路敷设材料 > 电力金具 > 变电金具,material,SLG螺栓型铜铝过渡设备线夹,铜铝过渡线夹,high,施工中常简称为铜铝过渡线夹，省略螺栓型和型号前缀
1350-1,1350,电气线路敷设材料 > 电力金具 > 变电金具,material,SLG螺栓型铜铝过渡设备线夹,螺栓型铜铝线夹,high,突出螺栓连接方式和铜铝材质，口语化简称
1350-1,1350,电气线路敷设材料 > 电力金具 > 变电金具,material,SLG螺栓型铜铝过渡设备线夹,铜铝设备线夹,medium,直接省略螺栓型，强调铜铝过渡功能
1350-1,1350,电气线路敷设材料 > 电力金具 > 变电金具,material,SLG螺栓型铜铝过渡设备线夹,SLG线夹,medium,以型号直接指代该类型线夹，采购中常见
1350-1,1350,电气线路敷设材料 > 电力金具 > 变电金具,material,压缩型设备线夹,压接式设备线夹,high,压缩型即通过压接方式连接，口语常称压接式
1350-1,1350,电气线路敷设材料 > 电力金具 > 变电金具,material,压缩型设备线夹,压缩线夹,medium,简称为压缩线夹，省略设备二字
1350-1,1350,电气线路敷设材料 > 电力金具 > 变电金具,material,压缩型设备线夹,压接型线夹,medium,与压缩型同义，现场常用压接型表述
1353-2,1353,电气线路敷设材料 > 电杆、塔及附件 > 杆塔支撑横担及附件,material,角钢刀闸担,刀闸横担,medium,安装隔离开关（刀闸）的横担，口语中常省略角钢
1353-2,1353,电气线路敷设材料 > 电杆、塔及附件 > 杆塔支撑横担及附件,material,角钢支撑,角铁支撑,high,角钢也称角铁，现场互用
1353-2,1353,电气线路敷设材料 > 电杆、塔及附件 > 杆塔支撑横担及附件,material,角钢支撑,撑铁,medium,角钢支撑的俗称，常用于拉线或横担支撑
1353-2,1353,电气线路敷设材料 > 电杆、塔及附件 > 杆塔支撑横担及附件,material,角钢横担,横担角钢,medium,强调材质为角钢的横担，说法常见
1353-2,1353,电气线路敷设材料 > 电杆、塔及附件 > 杆塔支撑横担及附件,material,角钢母线担,母线横担,medium,安装母线（铜排/铝排）的横担，口语省略角钢
1353-2,1353,电气线路敷设材料 > 电杆、塔及附件 > 杆塔支撑横担及附件,material,角钢立担,立式横担,medium,竖向安装的横担，立担即立式担
1353-2,1353,电气线路敷设材料 > 电杆、塔及附件 > 杆塔支撑横担及附件,material,角铁横担,铁横担,high,角铁横担的简称，现场常用
1353-2,1353,电气线路敷设材料 > 电杆、塔及附件 > 杆塔支撑横担及附件,material,镀锌横担,热镀锌横担,high,镀锌工艺多为热镀锌，全称与简称通用
1353-2,1353,电气线路敷设材料 > 电杆、塔及附件 > 杆塔支撑横担及附件,material,顶担,杆顶横担,medium,安装于电杆顶部的横担，俗称顶担
212-1,212,电气线路敷设材料 > 电杆、塔及附件 > 电杆、塔,category,电杆、塔,杆塔,high,电杆和铁塔的统称，施工现场常用
212-1,212,电气线路敷设材料 > 电杆、塔及附件 > 电杆、塔,category,电杆、塔,电线杆与铁塔,medium,口语中有时连称
212-1,212,电气线路敷设材料 > 电杆、塔及附件 > 电杆、塔,material,单悬杆,单臂杆,medium,单侧悬挑电杆的俗称
212-1,212,电气线路敷设材料 > 电杆、塔及附件 > 电杆、塔,material,单悬杆,单挑杆,medium,只有一侧有横担的电杆，工地口语叫法
212-1,212,电气线路敷设材料 > 电杆、塔及附件 > 电杆、塔,material,灯杆,路灯杆,high,明确用途的常见叫法
212-1,212,电气线路敷设材料 > 电杆、塔及附件 > 电杆、塔,material,灯杆,照明杆,medium,在一些工程中亦称照明杆
212-1,212,电气线路敷设材料 > 电杆、塔及附件 > 电杆、塔,material,电杆,电线杆,high,最通用的俗称
212-1,212,电气线路敷设材料 > 电杆、塔及附件 > 电杆、塔,material,电杆,水泥杆,high,当材质为混凝土时的常见口语叫法
212-1,212,电气线路敷设材料 > 电杆、塔及附件 > 电杆、塔,material,电杆,砼杆,medium,混凝土杆的工程简称
212-1,212,电气线路敷设材料 > 电杆、塔及附件 > 电杆、塔,material,铁塔,输电塔,high,用于输电线路的铁塔常见叫法
212-1,212,电气线路敷设材料 > 电杆、塔及附件 > 电杆、塔,material,铁塔,电力塔,high,电力工程中较正式的口语叫法
212-1,212,电气线路敷设材料 > 电杆、塔及附件 > 电杆、塔,material,铁塔,角钢塔,medium,当采用角钢构件时现场用名
1343-1,1343,电气线路敷设材料 > 电缆桥架 > 电缆桥架连接件及附件,category,电缆桥架连接件及附件,桥架配件,high,施工现场对各类电缆桥架连接件、附件的泛称
1343-1,1343,电气线路敷设材料 > 电缆桥架 > 电缆桥架连接件及附件,category,电缆桥架连接件及附件,桥架辅件,medium,与桥架主体配套的辅助材料统称
1343-1,1343,电气线路敷设材料 > 电缆桥架 > 电缆桥架连接件及附件,material,伸缩节,补偿节,high,用于补偿桥架因温度变化产生的伸缩变形
1343-1,1343,电气线路敷设材料 > 电缆桥架 > 电缆桥架连接件及附件,material,伸缩节,膨胀节,high,同伸缩节，在管道、桥架领域通用
1343-1,1343,电气线路敷设材料 > 电缆桥架 > 电缆桥架连接件及附件,material,伸缩节,温度补偿器,medium,突出其补偿温度变形的作用
1343-1,1343,电气线路敷设材料 > 电缆桥架 > 电缆桥架连接件及附件,material,凸通,上垂直弯通,medium,桥架向上垂直转向的弯通
1343-1,1343,电气线路敷设材料 > 电缆桥架 > 电缆桥架连接件及附件,material,凸通,上弯通,medium,口语简称
1343-1,1343,电气线路敷设材料 > 电缆桥架 > 电缆桥架连接件及附件,material,凹通,下垂直弯通,medium,桥架向下垂直转向的弯通
1343-1,1343,电气线路敷设材料 > 电缆桥架 > 电缆桥架连接件及附件,material,凹通,下弯通,medium,口语简称
1343-1,1343,电气线路敷设材料 > 电缆桥架 > 电缆桥架连接件及附件,material,加劲装置,加强板,medium,桥架连接处的加固板件
1343-1,1343,电气线路敷设材料 > 电缆桥架 > 电缆桥架连接件及附件,material,加劲装置,加固件,low,泛称
1343-1,1343,电气线路敷设材料 > 电缆桥架 > 电缆桥架连接件及附件,material,吊框,吊架框,medium,用于悬吊桥架的框形支架
1343-1,1343,电气线路敷设材料 > 电缆桥架 > 电缆桥架连接件及附件,material,吊框,吊框支架,low,包含支架功能的口语叫法
1343-1,1343,电气线路敷设材料 > 电缆桥架 > 电缆桥架连接件及附件,material,引下装置,引下管,medium,电缆从桥架引下时常通过管状保护件
1343-1,1343,电气线路敷设材料 > 电缆桥架 > 电缆桥架连接件及附件,material,引下装置,下引装置,low,口语倒置
1343-1,1343,电气线路敷设材料 > 电缆桥架 > 电缆桥架连接件及附件,material,弯通,弯头,high,管路、桥架改变方向的标准件俗称
1343-1,1343,电气线路敷设材料 > 电缆桥架 > 电缆桥架连接件及附件,material,弯通,转角连接件,low,功能描述性别称
1343-1,1343,电气线路敷设材料 > 电缆桥架 > 电缆桥架连接件及附件,material,支吊架专用槽钢,吊架槽钢,high,制作支吊架的热轧槽钢
1343-1,1343,电气线路敷设材料 > 电缆桥架 > 电缆桥架连接件及附件,material,支吊架专用槽钢,支架槽钢,high,用于支架的槽钢简称
1343-1,1343,电气线路敷设材料 > 电缆桥架 > 电缆桥架连接件及附件,material,支吊架专用槽钢,C型钢,medium,断面呈C形的槽钢，现场常用叫法
1343-1,1343,电气线路敷设材料 > 电缆桥架 > 电缆桥架连接件及附件,material,终端封口,封头,high,封闭桥架末端的堵头
1343-1,1343,电气线路敷设材料 > 电缆桥架 > 电缆桥架连接件及附件,material,终端封口,堵头,high,同封头，更通俗
1343-1,1343,电气线路敷设材料 > 电缆桥架 > 电缆桥架连接件及附件,material,终端封口,端盖,medium,桥架终端盖板
1343-1,1343,电气线路敷设材料 > 电缆桥架 > 电缆桥架连接件及附件,material,连接片,接片,high,连接片的简略叫法
1343-1,1343,电气线路敷设材料 > 电缆桥架 > 电缆桥架连接件及附件,material,连接片,连接板,high,片状连接件也叫连接板
1343-1,1343,电气线路敷设材料 > 电缆桥架 > 电缆桥架连接件及附件,material,连接片,搭接片,medium,强调搭接连接方式
1343-1,1343,电气线路敷设材料 > 电缆桥架 > 电缆桥架连接件及附件,material,隔板,分隔板,high,用于分隔电缆的板件
1343-1,1343,电气线路敷设材料 > 电缆桥架 > 电缆桥架连接件及附件,material,隔板,隔离板,medium,作用类似，口语常见
1343-1,1343,电气线路敷设材料 > 电缆桥架 > 电缆桥架连接件及附件,material,马镫,骑马卡,high,形状像骑马鞍的卡固件，通用叫法
1343-1,1343,电气线路敷设材料 > 电缆桥架 > 电缆桥架连接件及附件,material,马镫,骑马支架,high,桥架支撑用骑马形式支架
1343-1,1343,电气线路敷设材料 > 电缆桥架 > 电缆桥架连接件及附件,material,马镫,U型卡,medium,断面为U形的固定卡
1344-1,1344,电气线路敷设材料 > 线槽 > 线槽,category,线槽,槽盒,high,施工现场常将线槽称为槽盒，用于保护电线
1344-1,1344,电气线路敷设材料 > 线槽 > 线槽,category,线槽,走线槽,medium,强调布线的功能，广泛用于口语
1344-1,1344,电气线路敷设材料 > 线槽 > 线槽,category,线槽,线槽板,medium,民间通俗叫法，多指塑料线槽
1344-1,1344,电气线路敷设材料 > 线槽 > 线槽,material,塑料地板线槽,PVC地板线槽,high,塑料材质多为PVC，现场直接叫PVC地板线槽
1344-1,1344,电气线路敷设材料 > 线槽 > 线槽,material,塑料地板线槽,地面塑料线槽,medium,强调安装在地面，材质为塑料
1344-1,1344,电气线路敷设材料 > 线槽 > 线槽,material,塑料线槽,PVC线槽,high,最常见的塑料线槽即PVC线槽，工地通称
1344-1,1344,电气线路敷设材料 > 线槽 > 线槽,material,塑料线槽,塑胶线槽,medium,一些地区或厂家称塑料为塑胶
1344-1,1344,电气线路敷设材料 > 线槽 > 线槽,material,塑料线槽,阻燃线槽,medium,塑料线槽常要求阻燃，采购时会以此代称
1344-1,1344,电气线路敷设材料 > 线槽 > 线槽,material,玻璃钢线槽,FRP线槽,high,玻璃钢英文缩写为FRP，技术采购中常用
1344-1,1344,电气线路敷设材料 > 线槽 > 线槽,material,玻璃钢线槽,玻璃钢槽,high,简称玻璃钢槽，口语中省略线字
1344-1,1344,电气线路敷设材料 > 线槽 > 线槽,material,玻璃钢线槽,防腐线槽,medium,玻璃钢的主要优点是防腐，现场会代称为防腐线槽
1344-1,1344,电气线路敷设材料 > 线槽 > 线槽,material,钢制线槽,铁线槽,high,施工人员习惯将钢制材料说成铁，如铁线槽
1344-1,1344,电气线路敷设材料 > 线槽 > 线槽,material,钢制线槽,金属线槽,high,钢制线槽是金属线槽的主要类型，可通用
1344-1,1344,电气线路敷设材料 > 线槽 > 线槽,material,钢制线槽,镀锌线槽,medium,钢制线槽常为镀锌，采购时会直接叫镀锌线槽
1344-1,1344,电气线路敷设材料 > 线槽 > 线槽,material,铝合金地板线槽,铝地板线槽,high,简称铝地板线槽，口语中省略合金
1344-1,1344,电气线路敷设材料 > 线槽 > 线槽,material,铝合金地板线槽,铝合金地面线槽,high,地板与地面同义，称铝合金地面线槽
1344-1,1344,电气线路敷设材料 > 线槽 > 线槽,material,铝合金地板线槽,金属地板槽,medium,粗略称呼，强调金属材质和地板安装
1344-1,1344,电气线路敷设材料 > 线槽 > 线槽,material,铝合金线槽,铝线槽,high,最常见的简称，铝合金直接说成铝线槽
1344-1,1344,电气线路敷设材料 > 线槽 > 线槽,material,铝合金线槽,铝合金槽,medium,省略线字，口语表达为铝合金槽
1344-1,1344,电气线路敷设材料 > 线槽 > 线槽,material,铝合金线槽,铝合金走线槽,medium,强调走线功能，完整叫法
59-2,59,电气设备及附件 > 其他电气设备 > 其他电气设备,material,累时器,计时累加器,high,行业常用同义称呼
59-2,59,电气设备及附件 > 其他电气设备 > 其他电气设备,material,累时器,运行小时计,medium,施工现场常根据功能叫法
59-2,59,电气设备及附件 > 其他电气设备 > 其他电气设备,material,计数器,计数表,medium,采购口语中简化的叫法
59-2,59,电气设备及附件 > 其他电气设备 > 其他电气设备,material,路灯自动控制开关,路灯控制器,high,现场常用简写称呼
59-2,59,电气设备及附件 > 其他电气设备 > 其他电气设备,material,路灯自动控制开关,路灯定时开关,high,突出定时控制功能的叫法
59-2,59,电气设备及附件 > 其他电气设备 > 其他电气设备,material,路灯自动控制开关,路灯自控开关,medium,自动控制开关的简称
59-2,59,电气设备及附件 > 其他电气设备 > 其他电气设备,material,轴承加热器,轴承感应加热器,high,明确指出加热方式
59-2,59,电气设备及附件 > 其他电气设备 > 其他电气设备,material,轴承加热器,轴承电加热器,high,区别于火烤的传统叫法
59-2,59,电气设备及附件 > 其他电气设备 > 其他电气设备,material,轴承加热器,轴承热装加热器,medium,强调用于热装配功能
59-2,59,电气设备及附件 > 其他电气设备 > 其他电气设备,material,辅助触头,辅助触点,high,触头与触点常混用
59-2,59,电气设备及附件 > 其他电气设备 > 其他电气设备,material,辅助触头,辅助触头组,medium,指代整个触头模块
59-2,59,电气设备及附件 > 其他电气设备 > 其他电气设备,material,道轨,滑线导轨,high,滑触线系统的轨道部常见称呼
59-2,59,电气设备及附件 > 其他电气设备 > 其他电气设备,material,道轨,滑触线导轨,high,电气设备中道轨的正式别称
59-2,59,电气设备及附件 > 其他电气设备 > 其他电气设备,material,道轨,导电轨,medium,强调导电功能的别称
59-2,59,电气设备及附件 > 其他电气设备 > 其他电气设备,material,防雨箱专用插头,防水插头,high,防雨箱配套插头的通用俗名
59-2,59,电气设备及附件 > 其他电气设备 > 其他电气设备,material,防雨箱专用插头,防雨电源插头,high,明确防雨用途的采购叫法
59-2,59,电气设备及附件 > 其他电气设备 > 其他电气设备,material,防雨箱专用插头,工业防水连接器,medium,部分场景下对防雨插头的专业称呼
59-2,59,电气设备及附件 > 其他电气设备 > 其他电气设备,material,齿圈加热器,齿圈感应加热器,high,常用技术全称
59-2,59,电气设备及附件 > 其他电气设备 > 其他电气设备,material,齿圈加热器,齿圈电加热器,high,区别于火焰加热方式的叫法
59-2,59,电气设备及附件 > 其他电气设备 > 其他电气设备,material,齿圈加热器,齿轮圈加热器,medium,口语中对齿圈的完整称呼
59-2,59,电气设备及附件 > 其他电气设备 > 其他电气设备,material,齿轮加热器,齿轮感应加热器,high,行业标准别称
59-2,59,电气设备及附件 > 其他电气设备 > 其他电气设备,material,齿轮加热器,齿轮电加热器,high,现场常用的直呼名称
59-2,59,电气设备及附件 > 其他电气设备 > 其他电气设备,material,齿轮加热器,齿轮热装加热器,medium,强调热装配功能的俗称
1390-1,1390,电气设备及附件 > 其他电气设备 > 电笛、电铃,material,普通型电笛,电警笛,high,施工现场常用叫法，将电笛称为电警笛
1390-1,1390,电气设备及附件 > 其他电气设备 > 电笛、电铃,material,普通型电笛,警报笛,medium,用于警示，俗称警报笛
1390-1,1390,电气设备及附件 > 其他电气设备 > 电笛、电铃,material,普通型电铃,电铃铛,medium,俗称，强调其铃铛外形或声音
1390-1,1390,电气设备及附件 > 其他电气设备 > 电笛、电铃,material,普通型电铃,响铃,medium,口语化表述，如'装个响铃'
1390-1,1390,电气设备及附件 > 其他电气设备 > 电笛、电铃,material,防爆型电笛,防爆警笛,high,防爆场合使用的警笛，称呼简化
1390-1,1390,电气设备及附件 > 其他电气设备 > 电笛、电铃,material,防爆型电铃,防爆电铃铛,medium,在防爆型电铃基础上加入俗称
1377-1,1377,电气设备及附件 > 电气元器件 > 接触器,category,接触器,接触器,high,接触器类产品的通用简称，涵盖交流、直流等多种，无法特指某一具体材料
1377-1,1377,电气设备及附件 > 电气元器件 > 接触器,category,接触器,电磁开关,medium,施工现场常将接触器统称为电磁开关，但也可能指继电器
1377-1,1377,电气设备及附件 > 电气元器件 > 接触器,category,接触器,电磁接触器,medium,泛指通过电磁原理工作的接触器，既可能指交流也可能指直流，无法唯一对应一种材料
1377-1,1377,电气设备及附件 > 电气元器件 > 接触器,material,交流接触器,交接触器,medium,交流接触器的常用简称
1377-1,1377,电气设备及附件 > 电气元器件 > 接触器,material,交流接触器,AC接触器,medium,用AC表示交流，口头或书写常见
1377-1,1377,电气设备及附件 > 电气元器件 > 接触器,material,交流真空接触器,真空接触器,high,省略交流的简称，以其真空灭弧特征识别
1377-1,1377,电气设备及附件 > 电气元器件 > 接触器,material,交流真空接触器,真空交接触器,medium,真空交流接触器的缩略叫法
1377-1,1377,电气设备及附件 > 电气元器件 > 接触器,material,接触器联锁模块,联锁模块,high,省略接触器一词的短称
1377-1,1377,电气设备及附件 > 电气元器件 > 接触器,material,接触器联锁模块,互锁模块,medium,联锁与互锁常互换使用
1377-1,1377,电气设备及附件 > 电气元器件 > 接触器,material,接触器联锁模块,机械联锁模块,medium,接触器联锁多为机械式，现场常明确指机械联锁
1377-1,1377,电气设备及附件 > 电气元器件 > 接触器,material,电磁式交流接触器,电磁交流接触器,high,省略式字的口语化简称
1377-1,1377,电气设备及附件 > 电气元器件 > 接触器,material,电磁式交流接触器,交流电磁接触器,high,词序变化，行业内常见
1377-1,1377,电气设备及附件 > 电气元器件 > 接触器,material,直流接触器,直接触器,medium,直流接触器的简化俗称
1377-1,1377,电气设备及附件 > 电气元器件 > 接触器,material,直流接触器,DC接触器,high,DC直译表示直流，采购现场常用
1386-1,1386,电气设备及附件 > 电气元器件 > 漏电保护器材,category,漏电保护器材,漏电保护装置,high,行业通用别称
1386-1,1386,电气设备及附件 > 电气元器件 > 漏电保护器材,category,漏电保护器材,漏保器材,medium,漏电保护器材的简称
1386-1,1386,电气设备及附件 > 电气元器件 > 漏电保护器材,material,漏电保护器,漏保,high,漏电保护器的常见简称
1386-1,1386,电气设备及附件 > 电气元器件 > 漏电保护器材,material,漏电保护器,漏电断路器,medium,采购中常与漏电保护器混用
1386-1,1386,电气设备及附件 > 电气元器件 > 漏电保护器材,material,漏电保护器,剩余电流保护器,medium,正式名称的俗称
1386-1,1386,电气设备及附件 > 电气元器件 > 漏电保护器材,material,漏电保护开关,漏电开关,high,施工现场最常用叫法
1386-1,1386,电气设备及附件 > 电气元器件 > 漏电保护器材,material,漏电保护开关,漏保开关,high,简称加开关
1386-1,1386,电气设备及附件 > 电气元器件 > 漏电保护器材,material,漏电保护开关,漏电断路开关,low,口语中偶有使用
1386-1,1386,电气设备及附件 > 电气元器件 > 漏电保护器材,material,漏电保护插座,漏电插座,medium,省略‘保护’的简称
1386-1,1386,电气设备及附件 > 电气元器件 > 漏电保护器材,material,漏电保护插座,带漏保插座,low,描述性口语叫法
1386-1,1386,电气设备及附件 > 电气元器件 > 漏电保护器材,material,漏电继电器,剩余电流继电器,high,更专业的名称，常替代使用
1386-1,1386,电气设备及附件 > 电气元器件 > 漏电保护器材,material,漏电继电器,漏电流继电器,medium,省略‘电’字的叫法
1386-1,1386,电气设备及附件 > 电气元器件 > 漏电保护器材,material,脱扣器,脱扣线圈,medium,施工现场常把脱扣器称为脱扣线圈
1386-1,1386,电气设备及附件 > 电气元器件 > 漏电保护器材,material,脱扣器,跳闸线圈,low,因其功能而得的别称
1385-1,1385,电气设备及附件 > 电气元器件 > 熔断器,category,熔断器,保险,high,施工现场对熔断器的俗称
1385-1,1385,电气设备及附件 > 电气元器件 > 熔断器,category,熔断器,熔丝,high,对熔断器或熔断体的俗称
1385-1,1385,电气设备及附件 > 电气元器件 > 熔断器,category,熔断器,保险丝,high,熔断器的通俗叫法
1385-1,1385,电气设备及附件 > 电气元器件 > 熔断器,material,有填料封闭管式快速熔断器,快熔,high,快速熔断器的简称
1385-1,1385,电气设备及附件 > 电气元器件 > 熔断器,material,有填料封闭管式快速熔断器,快速熔断器,high,行业通用简称
1385-1,1385,电气设备及附件 > 电气元器件 > 熔断器,material,有填料封闭管式快速熔断器,半导体保护熔断器,medium,因其常用于保护半导体器件而得名
1385-1,1385,电气设备及附件 > 电气元器件 > 熔断器,material,有填料管式熔断器,管式熔断器,medium,外形为管状，口语中常简化为管式
1385-1,1385,电气设备及附件 > 电气元器件 > 熔断器,material,有填料管式熔断器,有填料熔断器,medium,强调填料特性的简称
1385-1,1385,电气设备及附件 > 电气元器件 > 熔断器,material,熔断器底座,熔座,high,熔断器底座的简称
1385-1,1385,电气设备及附件 > 电气元器件 > 熔断器,material,熔断器底座,保险座,high,因熔断器俗称保险而得
1385-1,1385,电气设备及附件 > 电气元器件 > 熔断器,material,高压熔断器,高压保险,high,施工及配电现场对高压熔断器的口语叫法
1385-1,1385,电气设备及附件 > 电气元器件 > 熔断器,material,高压熔断器,高压熔丝,medium,口语中常以熔丝代指整个高压熔断器
1379-1,1379,电气设备及附件 > 电气元器件 > 电气控制器,material,主令控制器,主令开关,medium,主令控制器常被称作主令开关，因其本质是一种多位置转换开关
1379-1,1379,电气设备及附件 > 电气元器件 > 电气控制器,material,交流凸轮控制器,凸轮控制器,high,通常省略交流，直接称为凸轮控制器
1379-1,1379,电气设备及附件 > 电气元器件 > 电气控制器,material,交流凸轮控制器,凸轮开关,medium,部分现场称其为凸轮开关
1379-1,1379,电气设备及附件 > 电气元器件 > 电气控制器,material,应急电源控制器,EPS控制器,high,EPS是应急电源的英文缩写，行业内广泛使用
1379-1,1379,电气设备及附件 > 电气元器件 > 电气控制器,material,应急电源控制器,应急电源控制模块,medium,有时称控制模块
1383-1,1383,电气设备及附件 > 电气元器件 > 电磁器件,category,电磁器件,电磁元器件,medium,口语中常用统称
1383-1,1383,电气设备及附件 > 电气元器件 > 电磁器件,material,制动电磁铁,刹车电磁铁,high,施工现场常用叫法
1383-1,1383,电气设备及附件 > 电气元器件 > 电磁器件,material,制动电磁铁,抱闸电磁铁,high,因其用于抱闸制动
1383-1,1383,电气设备及附件 > 电气元器件 > 电磁器件,material,牵引电磁铁(拉动式、推动式),牵引磁铁,high,简称，口语中常用
1383-1,1383,电气设备及附件 > 电气元器件 > 电磁器件,material,牵引电磁铁(拉动式、推动式),拉式电磁铁,high,施工中直接叫法
1383-1,1383,电气设备及附件 > 电气元器件 > 电磁器件,material,牵引电磁铁(拉动式、推动式),推式电磁铁,high,对应推动式
1383-1,1383,电气设备及附件 > 电气元器件 > 电磁器件,material,电磁摩擦式制动器,电磁刹车,high,刹车制动器口语化叫法
1383-1,1383,电气设备及附件 > 电气元器件 > 电磁器件,material,电磁摩擦式制动器,电磁抱闸,high,摩擦式制动器俗称
1383-1,1383,电气设备及附件 > 电气元器件 > 电磁器件,material,电磁涡流制动器,涡流制动器,high,省略电磁，常见简称
1383-1,1383,电气设备及附件 > 电气元器件 > 电磁器件,material,电磁涡流制动器,电涡流制动器,high,全称缩写，施工中常叫
1383-1,1383,电气设备及附件 > 电气元器件 > 电磁器件,material,电磁粉末制动器,磁粉制动器,high,行业常见俗称
1383-1,1383,电气设备及附件 > 电气元器件 > 电磁器件,material,电磁粉末制动器,磁粉刹车,high,粉末制动器口语叫法
1383-1,1383,电气设备及附件 > 电气元器件 > 电磁器件,material,电磁锁,电锁,high,电磁锁简称
1383-1,1383,电气设备及附件 > 电气元器件 > 电磁器件,material,电磁锁,磁力锁,high,利用电磁吸力的锁常见叫法
1383-1,1383,电气设备及附件 > 电气元器件 > 电磁器件,material,电磁锁,电磁门锁,high,用于门的电磁锁
1383-1,1383,电气设备及附件 > 电气元器件 > 电磁器件,material,起重电磁铁,电磁吸盘,high,起重电磁铁主要部件叫法
1383-1,1383,电气设备及附件 > 电气元器件 > 电磁器件,material,起重电磁铁,起重磁铁,high,直接简称
1383-1,1383,电气设备及附件 > 电气元器件 > 电磁器件,material,起重电磁铁,吸铁盘,high,施工现场常用口语
1380-1,1380,电气设备及附件 > 电气元器件 > 继电器,material,中间继电器,中继,high,施工现场口语简略叫法
1380-1,1380,电气设备及附件 > 电气元器件 > 继电器,material,交流电磁继电器,交流继电器,medium,省略'电磁'的俗称
1380-1,1380,电气设备及附件 > 电气元器件 > 继电器,material,固态继电器,SSR,high,英文缩写俗称
1380-1,1380,电气设备及附件 > 电气元器件 > 继电器,material,固态继电器,固态,medium,省略'继电器'的口语叫法
1380-1,1380,电气设备及附件 > 电气元器件 > 继电器,material,时间继电器,延时继电器,high,功能描述性俗称
1380-1,1380,电气设备及附件 > 电气元器件 > 继电器,material,温度继电器,温控继电器,medium,温度控制功能的通俗叫法
1380-1,1380,电气设备及附件 > 电气元器件 > 继电器,material,热继电器,热继,high,施工现场常见简略叫法
1380-1,1380,电气设备及附件 > 电气元器件 > 继电器,material,热继电器,热过载继电器,high,功能完整俗称
1380-1,1380,电气设备及附件 > 电气元器件 > 继电器,material,直流电磁继电器,直流继电器,high,省略'电磁'的俗称
1380-1,1380,电气设备及附件 > 电气元器件 > 继电器,material,磁保持继电器,双稳态继电器,high,描述其双稳态特性
1380-1,1380,电气设备及附件 > 电气元器件 > 继电器,material,磁保持继电器,磁保持,medium,省略'继电器'的口语叫法
1380-1,1380,电气设备及附件 > 电气元器件 > 继电器,material,舌簧继电器,干簧继电器,high,因常见干式舌簧而得名
1375-1,1375,电气设备及附件 > 电气元器件 > 调压器、稳压器,category,调压器、稳压器,调压器,high,统称，可指代接触调压器、感应调压器等所有调压器品种
1375-1,1375,电气设备及附件 > 电气元器件 > 调压器、稳压器,category,调压器、稳压器,稳压器,medium,可指代感应自动稳压器、接触自动稳压器等自动稳压类产品
1375-1,1375,电气设备及附件 > 电气元器件 > 调压器、稳压器,category,调压器、稳压器,自耦变压器,medium,在施工现场常被误称为接触调压器，也可能指向其他自耦调压设备
1375-1,1375,电气设备及附件 > 电气元器件 > 调压器、稳压器,category,调压器、稳压器,电压调节器,low,行业通用叫法，涵盖调压器和稳压器
1375-1,1375,电气设备及附件 > 电气元器件 > 调压器、稳压器,material,感应自动稳压器,感应式自动稳压器,high,同义全称叫法
1375-1,1375,电气设备及附件 > 电气元器件 > 调压器、稳压器,material,感应自动稳压器,感应稳压器,medium,现场口语简称
1375-1,1375,电气设备及附件 > 电气元器件 > 调压器、稳压器,material,感应调压器,感应式调压器,high,行业常见全称
1375-1,1375,电气设备及附件 > 电气元器件 > 调压器、稳压器,material,接触自动稳压器,接触式自动稳压器,high,同义全称
1375-1,1375,电气设备及附件 > 电气元器件 > 调压器、稳压器,material,接触自动稳压器,接触式稳压器,medium,口语简称
1375-1,1375,电气设备及附件 > 电气元器件 > 调压器、稳压器,material,接触调压器(环式、柱式),自耦调压器,high,接触调压器即自耦调压器的一种，现场常用此名
1375-1,1375,电气设备及附件 > 电气元器件 > 调压器、稳压器,material,接触调压器(环式、柱式),环式调压器,high,特指环形接触调压器
1375-1,1375,电气设备及附件 > 电气元器件 > 调压器、稳压器,material,接触调压器(环式、柱式),柱式调压器,high,特指柱形接触调压器
1375-1,1375,电气设备及附件 > 电气元器件 > 调压器、稳压器,material,接触调压器(环式、柱式),接触式调压器,high,全称叫法
1375-1,1375,电气设备及附件 > 电气元器件 > 调压器、稳压器,material,移圈调压器,移圈式调压器,high,行业全称
1387-1,1387,电气设备及附件 > 电气机械设备 > 电动机,category,电动机,电机,high,电动机的简称，可泛指各类电动机
1387-1,1387,电气设备及附件 > 电气机械设备 > 电动机,category,电动机,马达,high,电动机英文音译，施工现场极常用
1387-1,1387,电气设备及附件 > 电气机械设备 > 电动机,category,电动机,电马达,medium,马达的口语强化说法，有时用于区分
1387-1,1387,电气设备及附件 > 电气机械设备 > 电动机,category,电动机,异步电动机,high,感应电动机的学名别名，同时涵盖三相和单相异步电动机，不宜挂到单一材料
1387-1,1387,电气设备及附件 > 电气机械设备 > 电动机,category,电动机,异步电机,high,异步电动机简称，同样覆盖多款材料
1387-1,1387,电气设备及附件 > 电气机械设备 > 电动机,material,三相异步电动机,三相异步电机,high,标准名称的简称，采购中常用
1387-1,1387,电气设备及附件 > 电气机械设备 > 电动机,material,三相异步电动机,鼠笼电机,medium,当为鼠笼转子时，施工现场惯用叫法
1387-1,1387,电气设备及附件 > 电气机械设备 > 电动机,material,三相异步电动机,交流异步电机,medium,突出交流供电特征，采购清单中可见
1387-1,1387,电气设备及附件 > 电气机械设备 > 电动机,material,三相永磁同步电动机,永磁同步电机,high,行业及采购中最常见简称
1387-1,1387,电气设备及附件 > 电气机械设备 > 电动机,material,三相永磁同步电动机,永磁电机,high,常简化为永磁电机，尤其在功率较小场合
1387-1,1387,电气设备及附件 > 电气机械设备 > 电动机,material,三相永磁同步电动机,PMSM,medium,英文缩写，技术文件与采购参数中通用
1387-1,1387,电气设备及附件 > 电气机械设备 > 电动机,material,三相磁滞同步电动机,磁滞同步电机,high,直接简写，技术沟通中常用
1387-1,1387,电气设备及附件 > 电气机械设备 > 电动机,material,三相磁滞同步电动机,磁滞电机,medium,更短的叫法，行业内部使用
1387-1,1387,电气设备及附件 > 电气机械设备 > 电动机,material,三相磁阻同步电动机,磁阻同步电机,high,标准名称的简写，技术交流通用
1387-1,1387,电气设备及附件 > 电气机械设备 > 电动机,material,三相磁阻同步电动机,磁阻电机,medium,采购人员有时省略同步二字
1387-1,1387,电气设备及附件 > 电气机械设备 > 电动机,material,单相串励电动机,串励电机,high,单相串励电动机的行业简称
1387-1,1387,电气设备及附件 > 电气机械设备 > 电动机,material,单相串励电动机,串激电机,high,同样指串励，采购及维修中常称呼
1387-1,1387,电气设备及附件 > 电气机械设备 > 电动机,material,单相串励电动机,交直流两用电动机,medium,突出可交直流两用的特点，俗称
1387-1,1387,电气设备及附件 > 电气机械设备 > 电动机,material,单相异步电动机,单相异步电机,high,标准名简称，常见于采购单
1387-1,1387,电气设备及附件 > 电气机械设备 > 电动机,material,单相异步电动机,小功率异步电机,medium,因多为小功率，采购人员会如此称呼
1387-1,1387,电气设备及附件 > 电气机械设备 > 电动机,material,感应电动机,感应电机,high,感应的直接简称，技术资料中常见
1387-1,1387,电气设备及附件 > 电气机械设备 > 电动机,material,振动电机,振打电机,medium,在振动给料等场景中的叫法
1387-1,1387,电气设备及附件 > 电气机械设备 > 电动机,material,振动电机,振动马达,medium,马达与电机混用，施工现场常用
1387-1,1387,电气设备及附件 > 电气机械设备 > 电动机,material,振动电机,振动机,low,省略电字的口语叫法
1387-1,1387,电气设备及附件 > 电气机械设备 > 电动机,material,无刷直流电动机,无刷电机,high,极其通用的行业简称
1387-1,1387,电气设备及附件 > 电气机械设备 > 电动机,material,无刷直流电动机,BLDC电机,high,英文缩写，技术文件、采购、设备标识常见
1387-1,1387,电气设备及附件 > 电气机械设备 > 电动机,material,无刷直流电动机,无刷直流电机,high,标准名略去动机二字，同样常见
1387-1,1387,电气设备及附件 > 电气机械设备 > 电动机,material,永磁式直流电动机,永磁直流电机,high,标准名简写，采购中直接使用
1387-1,1387,电气设备及附件 > 电气机械设备 > 电动机,material,永磁式直流电动机,永磁有刷电机,medium,为了与无刷区分，有时强调有刷
1387-1,1387,电气设备及附件 > 电气机械设备 > 电动机,material,电磁式直流电动机,电磁直流电机,high,标准名的简称，技术沟通用
1387-1,1387,电气设备及附件 > 电气机械设备 > 电动机,material,电磁式直流电动机,电磁励磁电机,low,强调励磁方式，有时出现在选型中
1387-1,1387,电气设备及附件 > 电气机械设备 > 电动机,material,罩极式电动机,罩极电机,high,最通用的简称
1387-1,1387,电气设备及附件 > 电气机械设备 > 电动机,material,罩极式电动机,罩极异步电机,medium,阐明其属于异步电机，用于精确采购
1387-1,1387,电气设备及附件 > 电气机械设备 > 电动机,material,罩极式电动机,罩极马达,medium,小功率场合，马达的叫法也常见
1388-2,1388,电气设备及附件 > 电池与蓄能设备 > 蓄电池及附件,material,锌镍蓄电池,锌镍电池,medium,口语中常省略‘蓄’字
1388-2,1388,电气设备及附件 > 电池与蓄能设备 > 蓄电池及附件,material,镉银蓄电池,镉银电池,medium,省略‘蓄’字的简称
1388-2,1388,电气设备及附件 > 电池与蓄能设备 > 蓄电池及附件,material,镉镍蓄电池,镍镉电池,high,正负极顺序颠倒的常用叫法，口头和采购中极为普遍
1388-2,1388,电气设备及附件 > 电池与蓄能设备 > 蓄电池及附件,material,镉镍蓄电池,镉镍电池,high,省略‘蓄’字的直接简称
1388-2,1388,电气设备及附件 > 电池与蓄能设备 > 蓄电池及附件,material,高稳直流高压电源,高稳定度高压电源,medium,强调稳定性指标，施工现场常见表述
1388-2,1388,电气设备及附件 > 电池与蓄能设备 > 蓄电池及附件,material,高精度可编程电源,可编程电源,high,省略‘高精度’的简称，行业内通用
1388-2,1388,电气设备及附件 > 电池与蓄能设备 > 蓄电池及附件,material,高精度可编程电源,程控电源,high,突出程控特性，采购中常这样称呼
1368-1,1368,电气设备及附件 > 配电设备 > 成套配电设备,material,低压成套配电柜,低压配电柜,high,施工常用简称，省略“成套”
1368-1,1368,电气设备及附件 > 配电设备 > 成套配电设备,material,低压成套配电柜,低压柜,high,口语化简称
1368-1,1368,电气设备及附件 > 配电设备 > 成套配电设备,material,低压成套配电柜,配电柜,medium,低压语境中常直接称为配电柜
1368-1,1368,电气设备及附件 > 配电设备 > 成套配电设备,material,集装箱式配电室,配电集装箱,high,强调集装箱形式
1368-1,1368,电气设备及附件 > 配电设备 > 成套配电设备,material,集装箱式配电室,集装箱配电房,high,施工现场口语叫法
1368-1,1368,电气设备及附件 > 配电设备 > 成套配电设备,material,集装箱式配电室,箱式配电室,medium,类比箱式变电站，但不带变压器
1368-1,1368,电气设备及附件 > 配电设备 > 成套配电设备,material,集装箱式配电室,预装式配电间,medium,突出预装和集成特点
1368-1,1368,电气设备及附件 > 配电设备 > 成套配电设备,material,高压成套配电柜,高压配电柜,high,省略“成套”
1368-1,1368,电气设备及附件 > 配电设备 > 成套配电设备,material,高压成套配电柜,高压柜,high,口语化简称
1368-1,1368,电气设备及附件 > 配电设备 > 成套配电设备,material,高压成套配电柜,高压开关柜,high,行业标准称法
1368-1,1368,电气设备及附件 > 配电设备 > 成套配电设备,material,高压成套配电柜,开关柜,medium,在电力施工中常特指高压开关柜
1370-1,1370,电气设备及附件 > 配电设备 > 电气屏类,category,电气屏类,直流屏,high,行业口语中常泛指直流电源装置或直流配电屏，容易指向多个具体品种
1370-1,1370,电气设备及附件 > 配电设备 > 电气屏类,material,交流配电屏,交流屏,high,施工现场简称
1370-1,1370,电气设备及附件 > 配电设备 > 电气屏类,material,交流配电屏,交流配电柜,medium,柜体结构时通用叫法
1370-1,1370,电气设备及附件 > 配电设备 > 电气屏类,material,低压开启式配电屏(户内),低压配电屏,high,省略开启式和户内的通用叫法
1370-1,1370,电气设备及附件 > 配电设备 > 电气屏类,material,低压开启式配电屏(户内),户内配电屏,medium,强调安装环境的别称
1370-1,1370,电气设备及附件 > 配电设备 > 电气屏类,material,低压开启式配电屏(户内),开启式配电屏,medium,强调结构形式
1370-1,1370,电气设备及附件 > 配电设备 > 电气屏类,material,信号屏,信号返回屏,medium,电力系统内对该类屏的传统叫法
1370-1,1370,电气设备及附件 > 配电设备 > 电气屏类,material,直流电源成套装置(直流屏),直流电源屏,high,标准名称的组成部分，常见简称
1370-1,1370,电气设备及附件 > 配电设备 > 电气屏类,material,直流电源成套装置(直流屏),直流操作电源屏,medium,强调为操作机构供电的工程别称
1370-1,1370,电气设备及附件 > 配电设备 > 电气屏类,material,直流电源成套装置(直流屏),充电屏,low,突出充电模块功能的俗称
1370-1,1370,电气设备及附件 > 配电设备 > 电气屏类,material,直流配电屏,直流馈电屏,high,强调馈线分配功能的技术别称
1370-1,1370,电气设备及附件 > 配电设备 > 电气屏类,material,直流配电屏,直流分配屏,low,口语化分配叫法
213-2,213,电线电缆及光纤光缆 > 其他电线电缆 > 其他电线电缆,material,组合电缆,复合电缆,high,行业内将多芯多种功能组合的电缆俗称为复合电缆
213-2,213,电线电缆及光纤光缆 > 其他电线电缆 > 其他电线电缆,material,组合电缆,多用途电缆,medium,施工现场有时按功能叫法称为多用途线
213-2,213,电线电缆及光纤光缆 > 其他电线电缆 > 其他电线电缆,material,综合线,综合电缆,high,在日常沟通中常省略为全称综合电缆
213-2,213,电线电缆及光纤光缆 > 其他电线电缆 > 其他电线电缆,material,综合线,复合线,medium,弱电施工中常把含电源和信号的同轴综合线叫复合线
213-2,213,电线电缆及光纤光缆 > 其他电线电缆 > 其他电线电缆,material,腊克线,腊克电线,high,行业内通常直接加电线二字称呼
213-2,213,电线电缆及光纤光缆 > 其他电线电缆 > 其他电线电缆,material,腊克线,绝缘腊克线,medium,强调其绝缘外层特性时的叫法
213-2,213,电线电缆及光纤光缆 > 其他电线电缆 > 其他电线电缆,material,船用电缆,船缆,high,船舶行业采购时的常用简称
213-2,213,电线电缆及光纤光缆 > 其他电线电缆 > 其他电线电缆,material,船用电缆,船用电线,medium,部分施工现场对船用电缆的口语叫法
213-2,213,电线电缆及光纤光缆 > 其他电线电缆 > 其他电线电缆,material,行车电缆,天车电缆,high,行车在工厂常被称为天车，故有此叫法
213-2,213,电线电缆及光纤光缆 > 其他电线电缆 > 其他电线电缆,material,行车电缆,吊车电缆,medium,行车俗称为吊车，衍生出吊车电缆的叫法
213-2,213,电线电缆及光纤光缆 > 其他电线电缆 > 其他电线电缆,material,补偿导线,补偿线,high,现场施工和采购中最常用的简称
213-2,213,电线电缆及光纤光缆 > 其他电线电缆 > 其他电线电缆,material,补偿导线,热电偶补偿线,medium,明确其用途时的全称叫法
213-2,213,电线电缆及光纤光缆 > 其他电线电缆 > 其他电线电缆,material,话筒线,麦克风线,high,话筒英文直译后的行业俗称
213-2,213,电线电缆及光纤光缆 > 其他电线电缆 > 其他电线电缆,material,话筒线,音频信号线,medium,按其传输信号类型的一般叫法
213-2,213,电线电缆及光纤光缆 > 其他电线电缆 > 其他电线电缆,material,跳线,跳接线,high,跳线的全称叫法，常见于书面和口语
213-2,213,电线电缆及光纤光缆 > 其他电线电缆 > 其他电线电缆,material,跳线,短接线,medium,施工现场根据其短距离连接功能叫短接线
213-2,213,电线电缆及光纤光缆 > 其他电线电缆 > 其他电线电缆,material,金银线,金银丝,high,纺织和线材行业通常称其为金银丝
213-2,213,电线电缆及光纤光缆 > 其他电线电缆 > 其他电线电缆,material,金银线,金属亮线,medium,对其外观特征的通俗描述叫法
213-2,213,电线电缆及光纤光缆 > 其他电线电缆 > 其他电线电缆,material,防冻电缆,耐寒电缆,high,技术参数和采购中常与耐寒性能等同称呼
213-2,213,电线电缆及光纤光缆 > 其他电线电缆 > 其他电线电缆,material,防冻电缆,低温电缆,medium,强调其适用于低温环境的俗称
213-2,213,电线电缆及光纤光缆 > 其他电线电缆 > 其他电线电缆,material,防水电缆,水密电缆,high,高等级防水电缆的行业术语俗称
213-2,213,电线电缆及光纤光缆 > 其他电线电缆 > 其他电线电缆,material,防水电缆,耐水电缆,medium,施工现场对一般防水性能电缆的叫法
213-2,213,电线电缆及光纤光缆 > 其他电线电缆 > 其他电线电缆,material,防爆电缆,防爆线缆,high,工业采购时防爆电缆与防爆线缆混用
213-2,213,电线电缆及光纤光缆 > 其他电线电缆 > 其他电线电缆,material,防爆电缆,铠装防爆电缆,medium,虽然铠装是结构，但常被当做防爆电缆的代称
213-2,213,电线电缆及光纤光缆 > 其他电线电缆 > 其他电线电缆,material,阻燃电源线,阻燃线,high,采购和施工时最常用的简称
213-2,213,电线电缆及光纤光缆 > 其他电线电缆 > 其他电线电缆,material,阻燃电源线,防火电源线,medium,非专业人士对阻燃性能的口语化表达
213-2,213,电线电缆及光纤光缆 > 其他电线电缆 > 其他电线电缆,material,音箱线,喇叭线,high,音箱的俗称喇叭，因此常叫喇叭线
213-2,213,电线电缆及光纤光缆 > 其他电线电缆 > 其他电线电缆,material,音箱线,音响线,high,音响系统的连接线统称，常与音箱线混用
213-2,213,电线电缆及光纤光缆 > 其他电线电缆 > 其他电线电缆,material,音频线,音频电缆,high,音频线的完整正式称呼
213-2,213,电线电缆及光纤光缆 > 其他电线电缆 > 其他电线电缆,material,音频线,信号线,medium,在音频设备连接时常直接称为信号线
213-2,213,电线电缆及光纤光缆 > 其他电线电缆 > 其他电线电缆,material,风电动力电缆,风电电缆,high,风电行业内的常用简称
213-2,213,电线电缆及光纤光缆 > 其他电线电缆 > 其他电线电缆,material,风电动力电缆,风能动力线,medium,按能源类型演变出的叫法
213-2,213,电线电缆及光纤光缆 > 其他电线电缆 > 其他电线电缆,material,高压绝缘线,高压线,high,施工现场最常规的简称
213-2,213,电线电缆及光纤光缆 > 其他电线电缆 > 其他电线电缆,material,高压绝缘线,绝缘高压线,medium,强调其绝缘特性的前置叫法
213-2,213,电线电缆及光纤光缆 > 其他电线电缆 > 其他电线电缆,material,高寿命电缆,长寿电缆,high,采购和销售时常用的简称
213-2,213,电线电缆及光纤光缆 > 其他电线电缆 > 其他电线电缆,material,高寿命电缆,耐用电缆,medium,对使用寿命长的通俗叫法
1339-1,1339,电线电缆及光纤光缆 > 光纤光缆 > 光纤光缆,category,光纤光缆,光缆,high,光纤光缆的通用简称
1339-1,1339,电线电缆及光纤光缆 > 光纤光缆 > 光纤光缆,category,光纤光缆,光纤电缆,medium,行业内对光纤光缆的通用叫法
1339-1,1339,电线电缆及光纤光缆 > 光纤光缆 > 光纤光缆,material,ADSS全介质自承式光缆,ADSS光缆,high,英文简称直接作为产品简称
1339-1,1339,电线电缆及光纤光缆 > 光纤光缆 > 光纤光缆,material,ADSS全介质自承式光缆,全介质自承光缆,high,省略‘式’字的简称
1339-1,1339,电线电缆及光纤光缆 > 光纤光缆 > 光纤光缆,material,ADSS全介质自承式光缆,自承式光缆,medium,施工现场对ADSS的通俗叫法
1339-1,1339,电线电缆及光纤光缆 > 光纤光缆 > 光纤光缆,material,FM多模束状光缆,束状光缆,medium,突出结构特点的简称
1339-1,1339,电线电缆及光纤光缆 > 光纤光缆 > 光纤光缆,material,FS松套电缆,松套光缆,medium,因属光纤光缆大类，口语常称光缆
1339-1,1339,电线电缆及光纤光缆 > 光纤光缆 > 光纤光缆,material,GH通信用海底光缆,海光缆,high,施工现场常用简称
1339-1,1339,电线电缆及光纤光缆 > 光纤光缆 > 光纤光缆,material,GH通信用海底光缆,海底光缆,high,直接省略属性前缀的通用叫法
1339-1,1339,电线电缆及光纤光缆 > 光纤光缆 > 光纤光缆,material,GJYX通信用室内外蝶形引入光缆,蝶形光缆,high,突出结构特征的通用简称
1339-1,1339,电线电缆及光纤光缆 > 光纤光缆 > 光纤光缆,material,GJYX通信用室内外蝶形引入光缆,皮线光缆,medium,蝶形光缆在FTTH入户端的通用别名
1339-1,1339,电线电缆及光纤光缆 > 光纤光缆 > 光纤光缆,material,GJYX通信用室内外蝶形引入光缆,GJYX光缆,medium,型号直接作为简称
1339-1,1339,电线电缆及光纤光缆 > 光纤光缆 > 光纤光缆,material,GJ通信用室(局)内光缆,室内光缆,high,省略型号前缀的简化叫法
1339-1,1339,电线电缆及光纤光缆 > 光纤光缆 > 光纤光缆,material,GJ通信用室(局)内光缆,GJ光缆,medium,型号直接作为简称
1339-1,1339,电线电缆及光纤光缆 > 光纤光缆 > 光纤光缆,material,GJ通信用室(局)外光缆,室外光缆,high,省略型号前缀的简化叫法
1339-1,1339,电线电缆及光纤光缆 > 光纤光缆 > 光纤光缆,material,GM通信用移动式光缆,移动光缆,high,强调移动特性的简称
1339-1,1339,电线电缆及光纤光缆 > 光纤光缆 > 光纤光缆,material,GS通信用设备内光缆,设备光缆,high,强调使用场所的简称
1339-1,1339,电线电缆及光纤光缆 > 光纤光缆 > 光纤光缆,material,GS通信用设备内光缆,设备内光缆,medium,更贴近书面名称的口语表达
1339-1,1339,电线电缆及光纤光缆 > 光纤光缆 > 光纤光缆,material,GT通信用特殊光缆,特殊光缆,high,省略型号前缀的简化叫法
1339-1,1339,电线电缆及光纤光缆 > 光纤光缆 > 光纤光缆,material,GY通信用室(野)外光缆,野外地光缆,low,根据类型名简化，施工现场偶尔使用
1339-1,1339,电线电缆及光纤光缆 > 光纤光缆 > 光纤光缆,material,MPC紧套光缆,紧套光缆,high,突出工艺特征的简称
1339-1,1339,电线电缆及光纤光缆 > 光纤光缆 > 光纤光缆,material,MPC紧套光缆,紧包光缆,medium,紧套结构的另一种坊间叫法
1339-1,1339,电线电缆及光纤光缆 > 光纤光缆 > 光纤光缆,material,MPO主干光缆,MPO光缆,high,以连接头类型代指整个光缆
1339-1,1339,电线电缆及光纤光缆 > 光纤光缆 > 光纤光缆,material,MPO主干光缆,MPO主干,medium,省略‘光缆’二字的简称
1339-1,1339,电线电缆及光纤光缆 > 光纤光缆 > 光纤光缆,material,MPO分支光缆,MPO分支线,medium,施工现场对分支光缆的口语叫法
1339-1,1339,电线电缆及光纤光缆 > 光纤光缆 > 光纤光缆,material,OPGW光缆,光纤复合架空地线,high,OPGW的中文全称，常用作解释性叫法
1339-1,1339,电线电缆及光纤光缆 > 光纤光缆 > 光纤光缆,material,OPGW光缆,复合地线光缆,medium,施工现场对OPGW的通俗简称
1339-1,1339,电线电缆及光纤光缆 > 光纤光缆 > 光纤光缆,material,OPGW光缆,地线光缆,medium,电力施工现场常用的简称
1339-1,1339,电线电缆及光纤光缆 > 光纤光缆 > 光纤光缆,material,主干光缆,主干,medium,在上下文明确时省略‘光缆’二字的简称
1339-1,1339,电线电缆及光纤光缆 > 光纤光缆 > 光纤光缆,material,主干光缆,干线光缆,medium,主干光缆的近义词，常混用
1339-1,1339,电线电缆及光纤光缆 > 光纤光缆 > 光纤光缆,material,低烟无卤阻燃光缆LSZH,低烟无卤光缆,high,省略‘阻燃’二字的常用简称
1339-1,1339,电线电缆及光纤光缆 > 光纤光缆 > 光纤光缆,material,低烟无卤阻燃光缆LSZH,LSZH光缆,medium,直接以阻燃等级代码代指
1339-1,1339,电线电缆及光纤光缆 > 光纤光缆 > 光纤光缆,material,同轴射频电缆,同轴电缆,high,射频应用场景下的通用简称
1339-1,1339,电线电缆及光纤光缆 > 光纤光缆 > 光纤光缆,material,同轴射频电缆,射频线,medium,施工现场对同轴射频电缆的通俗叫法
1339-1,1339,电线电缆及光纤光缆 > 光纤光缆 > 光纤光缆,material,连接器用光缆,尾纤光缆,medium,常用于制作接头跳线的光缆
1339-1,1339,电线电缆及光纤光缆 > 光纤光缆 > 光纤光缆,material,连接器用光缆,跳线光缆,low,连接器用光缆主要制作跳线，采购端偶用
1369-1,1369,电气设备及附件 > 配电设备 > 电气柜类,category,电气柜类,配电柜,high,行业内电气柜类产品的统称
1369-1,1369,电气设备及附件 > 配电设备 > 电气柜类,category,电气柜类,开关柜,high,配电用途电气柜的口语统称
1369-1,1369,电气设备及附件 > 配电设备 > 电气柜类,category,电气柜类,电柜,medium,施工现场对各类配电柜的简称
1369-1,1369,电气设备及附件 > 配电设备 > 电气柜类,material,低压出线柜,出线柜,medium,施工现场简称，语境下默认指低压侧
1369-1,1369,电气设备及附件 > 配电设备 > 电气柜类,material,低压出线柜,馈电柜,high,行业内对出线回路的专业叫法
1369-1,1369,电气设备及附件 > 配电设备 > 电气柜类,material,低压出线柜,馈线柜,medium,电力设计图纸中常见叫法
1369-1,1369,电气设备及附件 > 配电设备 > 电气柜类,material,低压开关柜,低配柜,medium,低压配电柜的简称
1369-1,1369,电气设备及附件 > 配电设备 > 电气柜类,material,低压进线柜,进线柜,medium,施工现场简称，语境下默认指低压侧
1369-1,1369,电气设备及附件 > 配电设备 > 电气柜类,material,低压进线柜,受电柜,high,行业术语，指接受电源的柜体
1369-1,1369,电气设备及附件 > 配电设备 > 电气柜类,material,固定封闭式开关柜,固定柜,high,固定式开关柜的简称
1369-1,1369,电气设备及附件 > 配电设备 > 电气柜类,material,固定封闭式开关柜,GGD,high,固定封闭式开关柜的常见型号代称，施工现场以此型号泛指
1369-1,1369,电气设备及附件 > 配电设备 > 电气柜类,material,固定式开关拒,固定柜,high,固定式开关柜的简称
1369-1,1369,电气设备及附件 > 配电设备 > 电气柜类,material,手车式开关柜,手车柜,high,手车式开关柜的简称
1369-1,1369,电气设备及附件 > 配电设备 > 电气柜类,material,手车式开关柜,落地手车柜,medium,区别于中置柜的手车式叫法
1369-1,1369,电气设备及附件 > 配电设备 > 电气柜类,material,抽屉式开关柜(低压抽出式开关柜),抽屉柜,high,抽屉式开关柜的简称
1369-1,1369,电气设备及附件 > 配电设备 > 电气柜类,material,抽屉式开关柜(低压抽出式开关柜),MNS,high,抽屉式开关柜的常见型号代称，施工现场以此型号泛指
1369-1,1369,电气设备及附件 > 配电设备 > 电气柜类,material,抽屉式开关柜(低压抽出式开关柜),GCK,high,另一种常见抽屉柜型号代称
1369-1,1369,电气设备及附件 > 配电设备 > 电气柜类,material,抽屉式开关柜(低压抽出式开关柜),抽出式柜,medium,低压抽出式开关柜的简称
1369-1,1369,电气设备及附件 > 配电设备 > 电气柜类,material,断路器柜,开关柜,medium,因主要元件是断路器，施工口头上常以开关柜代称
1369-1,1369,电气设备及附件 > 配电设备 > 电气柜类,material,消防电气控制装置柜,消防柜,high,消防电气控制装置柜的简称
1369-1,1369,电气设备及附件 > 配电设备 > 电气柜类,material,消防电气控制装置柜,消控柜,high,消防控制柜的简称
1369-1,1369,电气设备及附件 > 配电设备 > 电气柜类,material,消防电气控制装置柜,消防泵控制柜,medium,因常控制消防泵而得名
1369-1,1369,电气设备及附件 > 配电设备 > 电气柜类,material,环网开关设备(环网柜),环网柜,high,环网开关设备的标准简称
1369-1,1369,电气设备及附件 > 配电设备 > 电气柜类,material,环网开关设备(环网柜),充气柜,medium,因内部常充SF6气体绝缘而得名
1369-1,1369,电气设备及附件 > 配电设备 > 电气柜类,material,组合式低压开关柜,组合柜,medium,组合式开关柜的简称
1369-1,1369,电气设备及附件 > 配电设备 > 电气柜类,material,金属铠装移开式开关柜(中置柜),中置柜,high,手车置于柜体中部而得名，标准简称
1369-1,1369,电气设备及附件 > 配电设备 > 电气柜类,material,金属铠装移开式开关柜(中置柜),KYN,high,金属铠装移开式开关柜的常见型号代称
1369-1,1369,电气设备及附件 > 配电设备 > 电气柜类,material,铠装固定式开关设备(固定柜),固定柜,high,铠装固定式开关设备的标准简称
1369-1,1369,电气设备及附件 > 配电设备 > 电气柜类,material,铠装固定式开关设备(固定柜),XGN,high,箱型固定式金属封闭开关柜的型号代称
1369-1,1369,电气设备及附件 > 配电设备 > 电气柜类,material,风机控制柜,风机柜,high,风机控制柜的简称
1369-1,1369,电气设备及附件 > 配电设备 > 电气柜类,material,风机控制柜,风控箱,low,小型风机控制柜常被称为风控箱
1369-1,1369,电气设备及附件 > 配电设备 > 电气柜类,material,高压出线柜,高压出线,medium,施工现场简称
1369-1,1369,电气设备及附件 > 配电设备 > 电气柜类,material,高压出线柜,出线柜,medium,在高压语境下的简称
1369-1,1369,电气设备及附件 > 配电设备 > 电气柜类,material,高压出线柜,馈电柜,medium,电力行业内对出线回路柜的专业叫法
1369-1,1369,电气设备及附件 > 配电设备 > 电气柜类,material,高压电容器柜,电容柜,high,电容器柜的简称
1369-1,1369,电气设备及附件 > 配电设备 > 电气柜类,material,高压电容器柜,补偿柜,high,因主要功能是功率因数补偿而得名
1369-1,1369,电气设备及附件 > 配电设备 > 电气柜类,material,高压计量柜,计量柜,high,高压语境下对计量柜的简称
1369-1,1369,电气设备及附件 > 配电设备 > 电气柜类,material,高压进线柜,进线柜,medium,在高压语境下的简称
1369-1,1369,电气设备及附件 > 配电设备 > 电气柜类,material,高压进线柜,受电柜,medium,行业术语，指接受电源的柜体
63-1,63,电气设备及附件 > 配电设备 > 配电箱,category,配电箱,电箱,high,配电箱的通用简称
63-1,63,电气设备及附件 > 配电设备 > 配电箱,category,配电箱,开关箱,medium,内部通常装有开关，工地口语常用
63-1,63,电气设备及附件 > 配电设备 > 配电箱,category,配电箱,配电盘,medium,老式叫法或部分工业场合的称呼
63-1,63,电气设备及附件 > 配电设备 > 配电箱,category,配电箱,分配电箱,medium,区别于总配电箱，强调分配功能
63-1,63,电气设备及附件 > 配电设备 > 配电箱,material,三相电表箱,动力表箱,high,通常用于计量三相动力电
63-1,63,电气设备及附件 > 配电设备 > 配电箱,material,三相电表箱,三相表箱,high,标准名称的简化叫法
63-1,63,电气设备及附件 > 配电设备 > 配电箱,material,三相电表箱,工业电表箱,medium,常用于工业动力配电计量
63-1,63,电气设备及附件 > 配电设备 > 配电箱,material,低压配电箱,低压箱,high,低压配电箱的简称
63-1,63,电气设备及附件 > 配电设备 > 配电箱,material,动力配电箱,动力箱,high,动力配电箱的简称
63-1,63,电气设备及附件 > 配电设备 > 配电箱,material,动力配电箱,马达控制箱,medium,当内部主要为电机控制回路时
63-1,63,电气设备及附件 > 配电设备 > 配电箱,material,单相电表箱,户表箱,high,通常对应一户一表
63-1,63,电气设备及附件 > 配电设备 > 配电箱,material,单相电表箱,居民表箱,medium,用于居民单相供电计量
63-1,63,电气设备及附件 > 配电设备 > 配电箱,material,单相电表箱,照明表箱,medium,单相电主要用于照明及家电
63-1,63,电气设备及附件 > 配电设备 > 配电箱,material,双电源切换箱,双电源箱,high,标准名称的简化
63-1,63,电气设备及附件 > 配电设备 > 配电箱,material,双电源切换箱,互投箱,high,强调双路电源互相投切的功能
63-1,63,电气设备及附件 > 配电设备 > 配电箱,material,双电源切换箱,ATS箱,high,Automatic Transfer Switch 缩写，设计施工常用
63-1,63,电气设备及附件 > 配电设备 > 配电箱,material,双电源切换箱,备用电源箱,medium,强调备用电源自动投入功能
63-1,63,电气设备及附件 > 配电设备 > 配电箱,material,回路配电箱,多回路箱,high,强调回路数量多
63-1,63,电气设备及附件 > 配电设备 > 配电箱,material,回路配电箱,分回箱,medium,分出多个回路的箱子
63-1,63,电气设备及附件 > 配电设备 > 配电箱,material,多媒体箱,弱电箱,high,多媒体箱是弱电箱的一种，口语混用频繁
63-1,63,电气设备及附件 > 配电设备 > 配电箱,material,多媒体箱,信息箱,high,用于集成网络电话电视信息点
63-1,63,电气设备及附件 > 配电设备 > 配电箱,material,多媒体箱,集线箱,medium,集中管理线缆布线
63-1,63,电气设备及附件 > 配电设备 > 配电箱,material,多媒体箱,光纤入户箱,medium,用于光纤入户的多媒体集成
63-1,63,电气设备及附件 > 配电设备 > 配电箱,material,带电表配电箱,表前箱,medium,部分地区口语，指包含电表的开关箱
63-1,63,电气设备及附件 > 配电设备 > 配电箱,material,带电表配电箱,电表位箱,medium,现场指预留电表安装位置的配电箱
63-1,63,电气设备及附件 > 配电设备 > 配电箱,material,成套配电箱,成套箱,high,成套配电箱的简称
63-1,63,电气设备及附件 > 配电设备 > 配电箱,material,成套配电箱,配电总成,medium,强调总体装配完成的属性
63-1,63,电气设备及附件 > 配电设备 > 配电箱,material,控制配电箱,控制箱,high,控制配电箱的简称
63-1,63,电气设备及附件 > 配电设备 > 配电箱,material,控制配电箱,操控箱,medium,用于操作控制的箱子
63-1,63,电气设备及附件 > 配电设备 > 配电箱,material,插座开关箱,插接箱,high,强调插座功能
63-1,63,电气设备及附件 > 配电设备 > 配电箱,material,插座开关箱,检修箱,high,带插座的配电箱常用于移动检修电源
63-1,63,电气设备及附件 > 配电设备 > 配电箱,material,插座开关箱,工地箱,medium,施工现场带插座的小配电箱
63-1,63,电气设备及附件 > 配电设备 > 配电箱,material,照明配电箱,照明箱,high,照明配电箱的简称
63-1,63,电气设备及附件 > 配电设备 > 配电箱,material,照明配电箱,AL箱,high,AL为照明配电箱的电气设计标准代号
63-1,63,电气设备及附件 > 配电设备 > 配电箱,material,照明配电箱,户内箱,medium,通常安装于户内供照明及插座
63-1,63,电气设备及附件 > 配电设备 > 配电箱,material,配电柜,配电屏,high,落地式配电柜的旧称/俗称
63-1,63,电气设备及附件 > 配电设备 > 配电箱,material,配电柜,开关柜,high,内部以开关设备为主
63-1,63,电气设备及附件 > 配电设备 > 配电箱,material,配电柜,配电盘,medium,在部分工业和建筑工地通用
63-1,63,电气设备及附件 > 配电设备 > 配电箱,material,配电柜,电源柜,medium,强调电源分配功能
63-1,63,电气设备及附件 > 配电设备 > 配电箱,material,配电箱体,空箱,high,采购时指明不含内部元器件
63-1,63,电气设备及附件 > 配电设备 > 配电箱,material,配电箱体,箱壳,high,强调外壳部分
63-1,63,电气设备及附件 > 配电设备 > 配电箱,material,配电箱体,明装箱,medium,仅指表面安装的空箱体
63-1,63,电气设备及附件 > 配电设备 > 配电箱,material,配电箱体,暗装箱,medium,仅指预埋安装的空箱体
63-1,63,电气设备及附件 > 配电设备 > 配电箱,material,防雨箱,室外箱,high,防雨箱主要用于室外安装
63-1,63,电气设备及附件 > 配电设备 > 配电箱,material,防雨箱,防水箱,high,防水防雨功能通用称呼
63-1,63,电气设备及附件 > 配电设备 > 配电箱,material,防雨箱,防雨配电箱,medium,全称的口语简称
63-1,63,电气设备及附件 > 配电设备 > 配电箱,material,集中电源集中控制应急照明配电箱,智能应急箱,high,具备集中控制和通讯功能
63-1,63,电气设备及附件 > 配电设备 > 配电箱,material,集中电源集中控制应急照明配电箱,集中控制箱,high,标准名称的简化
63-1,63,电气设备及附件 > 配电设备 > 配电箱,material,集中电源集中控制应急照明配电箱,A型应急箱,high,符合GB51309标准的集中电源型叫法
63-1,63,电气设备及附件 > 配电设备 > 配电箱,material,集中电源集中控制应急照明配电箱,集中电源箱,medium,是应急疏散系统的核心部件
63-1,63,电气设备及附件 > 配电设备 > 配电箱,material,集中电源集中控制应急照明配电箱,应急配电箱,medium,行业通用缩略
213-1,213,电线电缆及光纤光缆 > 其他电线电缆 > 其他电线电缆,material,LC熔接尾纤,LC小方头尾纤,high,LC接口形状为小方形，现场常用叫法
213-1,213,电线电缆及光纤光缆 > 其他电线电缆 > 其他电线电缆,material,SC熔接尾纤,SC大方头尾纤,high,SC接口形状为大方型，现场常用叫法
213-1,213,电线电缆及光纤光缆 > 其他电线电缆 > 其他电线电缆,material,UL电线,美标线,high,UL认证电线俗称
213-1,213,电线电缆及光纤光缆 > 其他电线电缆 > 其他电线电缆,material,UL电线,UL线,high,简称
213-1,213,电线电缆及光纤光缆 > 其他电线电缆 > 其他电线电缆,material,仪表电缆,信号电缆,medium,主要传输仪表信号
213-1,213,电线电缆及光纤光缆 > 其他电线电缆 > 其他电线电缆,material,仪表电缆,控制电缆,medium,用于仪表控制系统
213-1,213,电线电缆及光纤光缆 > 其他电线电缆 > 其他电线电缆,material,仪表电缆,计算机电缆,medium,用于DCS等计算机系统
213-1,213,电线电缆及光纤光缆 > 其他电线电缆 > 其他电线电缆,material,光伏电缆,太阳能电缆,high,用于光伏太阳能系统
213-1,213,电线电缆及光纤光缆 > 其他电线电缆 > 其他电线电缆,material,光伏电缆,PV电缆,high,光伏Photovoltaic简称
213-1,213,电线电缆及光纤光缆 > 其他电线电缆 > 其他电线电缆,material,升降机电缆,塔吊电缆,medium,常用于塔吊等升降设备
213-1,213,电线电缆及光纤光缆 > 其他电线电缆 > 其他电线电缆,material,升降机电缆,吊篮线,low,施工升降机/吊篮使用
213-1,213,电线电缆及光纤光缆 > 其他电线电缆 > 其他电线电缆,material,单导发热电缆,单芯地热线,medium,单导结构的地暖发热电缆
213-1,213,电线电缆及光纤光缆 > 其他电线电缆 > 其他电线电缆,material,单导发热电缆,单发热线,medium,简称
213-1,213,电线电缆及光纤光缆 > 其他电线电缆 > 其他电线电缆,material,双导发热电缆,双芯地热线,medium,双导结构的地暖发热电缆
213-1,213,电线电缆及光纤光缆 > 其他电线电缆 > 其他电线电缆,material,双导发热电缆,双发热线,medium,简称
213-1,213,电线电缆及光纤光缆 > 其他电线电缆 > 其他电线电缆,material,发热电缆,伴热带,high,用于管道伴热
213-1,213,电线电缆及光纤光缆 > 其他电线电缆 > 其他电线电缆,material,发热电缆,地热线,high,用于地面供暖
213-1,213,电线电缆及光纤光缆 > 其他电线电缆 > 其他电线电缆,material,发热电缆,加热电缆,high,功能俗称
213-1,213,电线电缆及光纤光缆 > 其他电线电缆 > 其他电线电缆,material,地热电缆,地暖线,high,地面辐射供暖用线
213-1,213,电线电缆及光纤光缆 > 其他电线电缆 > 其他电线电缆,material,地热电缆,地热丝,low,口语化叫法
213-1,213,电线电缆及光纤光缆 > 其他电线电缆 > 其他电线电缆,material,复合导线,碳纤维导线,low,常用复合芯软铝绞线
213-1,213,电线电缆及光纤光缆 > 其他电线电缆 > 其他电线电缆,material,复合线缆,光电复合缆,medium,常见光纤和电缆复合
213-1,213,电线电缆及光纤光缆 > 其他电线电缆 > 其他电线电缆,material,尾纤,猪尾巴线,high,英文Pigtail直译俗称
213-1,213,电线电缆及光纤光缆 > 其他电线电缆 > 其他电线电缆,material,尾纤,光纤跳线头,medium,融接头常用叫法
213-1,213,电线电缆及光纤光缆 > 其他电线电缆 > 其他电线电缆,material,弹性体软电缆,TPE电缆,high,热塑性弹性体材料简称
213-1,213,电线电缆及光纤光缆 > 其他电线电缆 > 其他电线电缆,material,弹性体软电缆,橡胶软线,medium,外观和性能类似橡胶
213-1,213,电线电缆及光纤光缆 > 其他电线电缆 > 其他电线电缆,material,扁电缆,扁线,high,简称
213-1,213,电线电缆及光纤光缆 > 其他电线电缆 > 其他电线电缆,material,扁电缆,扁平电缆,high,全称
213-1,213,电线电缆及光纤光缆 > 其他电线电缆 > 其他电线电缆,material,扁电缆,行车电缆,high,常用于行车等移动设备
213-1,213,电线电缆及光纤光缆 > 其他电线电缆 > 其他电线电缆,material,拖链电缆,拖令电缆,medium,拖令与拖链系统混用叫法
213-1,213,电线电缆及光纤光缆 > 其他电线电缆 > 其他电线电缆,material,拖链电缆,高柔电缆,medium,高柔特性突出
213-1,213,电线电缆及光纤光缆 > 其他电线电缆 > 其他电线电缆,material,拖链电缆,坦克链电缆,medium,拖链外形俗称
213-1,213,电线电缆及光纤光缆 > 其他电线电缆 > 其他电线电缆,material,接地软线,黄绿地线,medium,颜色标识黄绿双色
213-1,213,电线电缆及光纤光缆 > 其他电线电缆 > 其他电线电缆,material,接地软线,接地线,high,简称
213-1,213,电线电缆及光纤光缆 > 其他电线电缆 > 其他电线电缆,material,湿热电缆,防水电缆,medium,湿热环境防水防潮特性
213-1,213,电线电缆及光纤光缆 > 其他电线电缆 > 其他电线电缆,material,潜水泵电缆,水线,medium,水下用线简称
213-1,213,电线电缆及光纤光缆 > 其他电线电缆 > 其他电线电缆,material,潜水泵电缆,潜水线,high,口语简称
213-1,213,电线电缆及光纤光缆 > 其他电线电缆 > 其他电线电缆,material,电机引接线,电机引出线,high,全称
213-1,213,电线电缆及光纤光缆 > 其他电线电缆 > 其他电线电缆,material,电机引接线,马达线,medium,电机俗称马达
213-1,213,电线电缆及光纤光缆 > 其他电线电缆 > 其他电线电缆,material,电梯电缆,电梯随行电缆,high,电梯轿厢随行移动用
213-1,213,电线电缆及光纤光缆 > 其他电线电缆 > 其他电线电缆,material,电梯电缆,电梯扁线,medium,电梯电缆常为扁平结构
213-1,213,电线电缆及光纤光缆 > 其他电线电缆 > 其他电线电缆,material,电焊机电缆,焊把线,high,连接焊钳的电线
213-1,213,电线电缆及光纤光缆 > 其他电线电缆 > 其他电线电缆,material,电焊机电缆,电焊线,high,简称
213-1,213,电线电缆及光纤光缆 > 其他电线电缆 > 其他电线电缆,material,电焊机电缆,橡皮电缆,medium,外护套为橡胶
213-1,213,电线电缆及光纤光缆 > 其他电线电缆 > 其他电线电缆,material,电除尘电缆,高压直流电缆,medium,除尘器常用高压直流
213-1,213,电线电缆及光纤光缆 > 其他电线电缆 > 其他电线电缆,material,石墨电缆,碳纤维地暖线,medium,石墨烯或碳纤维发热
213-1,213,电线电缆及光纤光缆 > 其他电线电缆 > 其他电线电缆,material,示踪线,探测线,high,用于管线探测定位
213-1,213,电线电缆及光纤光缆 > 其他电线电缆 > 其他电线电缆,material,示踪线,跟踪线,medium,铺设后追踪走向
213-1,213,电线电缆及光纤光缆 > 其他电线电缆 > 其他电线电缆,material,示踪线,警示带线,medium,常与警示带配合铺设
1336-1,1336,电线电缆及光纤光缆 > 电线电缆 > 充油及油浸纸绝缘电力电缆,category,充油及油浸纸绝缘电力电缆,油纸电缆,high,油浸纸绝缘电缆的简称，在电力施工和采购领域广泛使用
1336-1,1336,电线电缆及光纤光缆 > 电线电缆 > 充油及油浸纸绝缘电力电缆,category,充油及油浸纸绝缘电力电缆,油纸绝缘电缆,high,突出绝缘类型的简称
1336-1,1336,电线电缆及光纤光缆 > 电线电缆 > 充油及油浸纸绝缘电力电缆,material,油浸纸绝缘电力电缆,油纸电缆,high,施工和采购中对该类电缆的常见简称
1336-1,1336,电线电缆及光纤光缆 > 电线电缆 > 充油及油浸纸绝缘电力电缆,material,油浸纸绝缘电力电缆,油纸缆,medium,现场口语化简称
1336-1,1336,电线电缆及光纤光缆 > 电线电缆 > 充油及油浸纸绝缘电力电缆,material,油浸纸绝缘电力电缆,充油电缆,medium,现场对该类含油绝缘电缆的泛称，但严格说可能包含独立充油电缆，使用时需区分
1333-1,1333,电线电缆及光纤光缆 > 电线电缆 > 控制电缆,category,控制电缆,控缆,high,行业内对控制电缆的常用简称
1333-1,1333,电线电缆及光纤光缆 > 电线电缆 > 控制电缆,category,控制电缆,多芯控制线,medium,现场对带护套的多芯控制类电缆的通用叫法
1333-1,1333,电线电缆及光纤光缆 > 电线电缆 > 控制电缆,category,控制电缆,信号线,medium,施工中常将传输控制信号的电缆笼统叫为信号线
1333-1,1333,电线电缆及光纤光缆 > 电线电缆 > 控制电缆,material,塑料绝缘控制电缆,KVV,high,最常见的聚氯乙烯绝缘聚氯乙烯护套控制电缆型号，常直接指代该类塑料绝缘控缆
1333-1,1333,电线电缆及光纤光缆 > 电线电缆 > 控制电缆,material,塑料绝缘控制电缆,KVVP,high,带屏蔽的塑料绝缘控制电缆常见型号，采购中常以型号指代
1333-1,1333,电线电缆及光纤光缆 > 电线电缆 > 控制电缆,material,塑料绝缘控制电缆,KYJV,high,交联聚乙烯绝缘聚氯乙烯护套控制电缆，属于塑料绝缘类，常以型号替代
1333-1,1333,电线电缆及光纤光缆 > 电线电缆 > 控制电缆,material,塑料绝缘控制电缆,塑料控缆,medium,塑料绝缘控制电缆的简称
1333-1,1333,电线电缆及光纤光缆 > 电线电缆 > 控制电缆,material,橡皮绝缘控制电缆,KXF,high,橡皮绝缘控制电缆常见型号，现场常以型号指代
1333-1,1333,电线电缆及光纤光缆 > 电线电缆 > 控制电缆,material,橡皮绝缘控制电缆,橡套控缆,medium,橡皮绝缘并通常配有橡皮护套的控制电缆简称
1340-1,1340,电线电缆及光纤光缆 > 特种电缆 > 特种电缆,material,感温电缆,感温线,high,现场常用简称，区别于感温探测器
1340-1,1340,电线电缆及光纤光缆 > 特种电缆 > 特种电缆,material,感温电缆,测温电缆,medium,强调温度测量功能的口语叫法
1340-1,1340,电线电缆及光纤光缆 > 特种电缆 > 特种电缆,material,感温电缆,线型感温探测器,medium,从系统功能角度称呼，采购时混用
1340-1,1340,电线电缆及光纤光缆 > 特种电缆 > 特种电缆,material,机场专用电缆,机场灯光电缆,high,主要用于机场助航灯光回路，俗称灯光线
1340-1,1340,电线电缆及光纤光缆 > 特种电缆 > 特种电缆,material,机场专用电缆,助航灯光电缆,medium,强调助航功能的完整叫法
1340-1,1340,电线电缆及光纤光缆 > 特种电缆 > 特种电缆,material,热电偶补偿电缆,补偿导线,high,行业内几乎统一叫补偿导线，反而少说补偿电缆
1340-1,1340,电线电缆及光纤光缆 > 特种电缆 > 特种电缆,material,热电偶补偿电缆,热电偶延长线,medium,安装工地的通俗叫法
1340-1,1340,电线电缆及光纤光缆 > 特种电缆 > 特种电缆,material,热电偶补偿电缆,测温补偿线,medium,现场功能描述性简称
1340-1,1340,电线电缆及光纤光缆 > 特种电缆 > 特种电缆,material,耐油双绞屏蔽线,油泵线,medium,常用于油泵电机，工地俗称
1340-1,1340,电线电缆及光纤光缆 > 特种电缆 > 特种电缆,material,耐油双绞屏蔽线,双绞屏蔽耐油线,high,语序调整后的常见说法
1340-1,1340,电线电缆及光纤光缆 > 特种电缆 > 特种电缆,material,耐油线,耐油电缆,high,线缆混称，口头常把电缆说成线
1340-1,1340,电线电缆及光纤光缆 > 特种电缆 > 特种电缆,material,耐油线,防油线,medium,现场强调防护功能的叫法
1340-1,1340,电线电缆及光纤光缆 > 特种电缆 > 特种电缆,material,耐高温电线电缆,高温线,high,约定俗成的简称
1340-1,1340,电线电缆及光纤光缆 > 特种电缆 > 特种电缆,material,耐高温电线电缆,耐热电缆,high,强调耐热性能的简称
1340-1,1340,电线电缆及光纤光缆 > 特种电缆 > 特种电缆,material,防火电缆,防火线,medium,口头简称
1340-1,1340,电线电缆及光纤光缆 > 特种电缆 > 特种电缆,material,防火电缆,耐火电缆,medium,虽然标准有区别，但采购口语中经常混用
1340-1,1340,电线电缆及光纤光缆 > 特种电缆 > 特种电缆,material,隔离型柔性矿物绝缘防火电缆,柔性矿物电缆,high,去掉隔离型等定语后的常用简称
1340-1,1340,电线电缆及光纤光缆 > 特种电缆 > 特种电缆,material,隔离型柔性矿物绝缘防火电缆,柔性防火电缆,high,强调柔性和防火两大卖点
1340-1,1340,电线电缆及光纤光缆 > 特种电缆 > 特种电缆,material,隔离型柔性矿物绝缘防火电缆,BTLY电缆,medium,常见型号，采购时经常直接报型号不报全称
1335-1,1335,电线电缆及光纤光缆 > 电线电缆 > 电磁线,category,电磁线,绕组线,high,电磁线主要用于绕制线圈，行业通用总称
1335-1,1335,电线电缆及光纤光缆 > 电线电缆 > 电磁线,category,电磁线,漆包线,medium,漆包电磁线是最常见品种，常被用来泛指整个电磁线品类
1335-1,1335,电线电缆及光纤光缆 > 电线电缆 > 电磁线,material,无机绝缘电磁线,氧化膜铝线,high,以氧化膜作绝缘层的铝芯电磁线常见叫法
1335-1,1335,电线电缆及光纤光缆 > 电线电缆 > 电磁线,material,无机绝缘电磁线,玻璃丝包线,medium,无机绝缘常用玻璃纤维，是施工现场泛指叫法
1335-1,1335,电线电缆及光纤光缆 > 电线电缆 > 电磁线,material,无机绝缘电磁线,陶瓷绝缘线,medium,采用陶瓷涂层作为无机绝缘的电磁线
1335-1,1335,电线电缆及光纤光缆 > 电线电缆 > 电磁线,material,漆包电磁线,漆包线,high,最通用的俗称
1335-1,1335,电线电缆及光纤光缆 > 电线电缆 > 电磁线,material,漆包电磁线,高强线,medium,高强度漆包线的简略叫法
1335-1,1335,电线电缆及光纤光缆 > 电线电缆 > 电磁线,material,漆包电磁线,聚酯线,low,以常用漆种聚酯漆命名
1335-1,1335,电线电缆及光纤光缆 > 电线电缆 > 电磁线,material,纤维绕包电磁线,丝包线,high,常用天然丝或玻璃丝绕包，习惯叫法
1335-1,1335,电线电缆及光纤光缆 > 电线电缆 > 电磁线,material,纤维绕包电磁线,纱包线,medium,以棉纱或合成纱绕包的电磁线
1335-1,1335,电线电缆及光纤光缆 > 电线电缆 > 电磁线,material,薄膜绕包电磁线,亚胺膜线,medium,常用聚酰亚胺薄膜绕包，现场简称
1335-1,1335,电线电缆及光纤光缆 > 电线电缆 > 电磁线,material,薄膜绕包电磁线,聚酯膜包线,low,以聚酯薄膜绕包的电磁线
61-1,61,电线电缆及光纤光缆 > 电线电缆 > 电力电缆,material,YJLHV(TC90),合金电缆,high,YJLHV为铝合金电缆，TC90是常见型号，施工现场常简称为合金电缆。
61-1,61,电线电缆及光纤光缆 > 电线电缆 > 电力电缆,material,YJLHV(TC90),TC90,high,TC90是其常见型号后缀，在采购和施工中作为简略叫法。
61-1,61,电线电缆及光纤光缆 > 电线电缆 > 电力电缆,material,YJLHV22,铠装合金电缆,high,22代表钢带铠装，YJLHV为铝合金导体，口语中常称铠装合金电缆。
61-1,61,电线电缆及光纤光缆 > 电线电缆 > 电力电缆,material,YJV电缆线,交联电缆,high,YJV是交联聚乙烯绝缘电力电缆的型号，施工现场普遍简称为交联电缆。
61-1,61,电线电缆及光纤光缆 > 电线电缆 > 电力电缆,material,塑料绝缘电力电缆,塑力缆,high,塑料绝缘电力电缆在电力系统和采购清单中广泛使用的简称。
61-1,61,电线电缆及光纤光缆 > 电线电缆 > 电力电缆,material,橡皮绝缘电力电缆,橡套缆,medium,狭义有时直接简称橡套缆，特指重型橡套电缆。
61-1,61,电线电缆及光纤光缆 > 电线电缆 > 电力电缆,material,重型通用橡套电缆YC,YC电缆,high,YC是其型号直接称呼，施工现场常说YC电缆。
61-1,61,电线电缆及光纤光缆 > 电线电缆 > 电力电缆,material,重型通用橡套电缆YC,橡套软电缆,medium,橡套是绝缘和护套材质，YC型电缆常被称为橡套软电缆。
61-1,61,电线电缆及光纤光缆 > 电线电缆 > 电力电缆,material,预分支电缆,分支电缆,high,施工现场和采购中经常省略预字，直接叫分支电缆。
61-1,61,电线电缆及光纤光缆 > 电线电缆 > 电力电缆,material,预分支电缆,预制分支线,medium,口语化叫法，强调预制和分支连接特性。
61-1,61,电线电缆及光纤光缆 > 电线电缆 > 电力电缆,material,预制分支电缆连接头,分支头,high,预制分支电缆连接头在施工班组中简称为分支头。
61-1,61,电线电缆及光纤光缆 > 电线电缆 > 电力电缆,material,预制分支电缆连接头,分支连接体,medium,部分采购单和安装说明中使用此叫法。
1332-1,1332,电线电缆及光纤光缆 > 电线电缆 > 电气装备用电线电缆,category,电气装备用电线电缆,装备线缆,high,电气装备用电线电缆的行业简称
1332-1,1332,电线电缆及光纤光缆 > 电线电缆 > 电气装备用电线电缆,category,电气装备用电线电缆,装备线,high,电气装备用线的口语简称
1332-1,1332,电线电缆及光纤光缆 > 电线电缆 > 电气装备用电线电缆,category,电气装备用电线电缆,布电线,medium,早期行业标准中对电气装备用线的统称，涵盖塑料线、橡皮线等
1332-1,1332,电线电缆及光纤光缆 > 电线电缆 > 电气装备用电线电缆,material,信号电线电缆,信号线,high,信号电线电缆的通用简称
1332-1,1332,电线电缆及光纤光缆 > 电线电缆 > 电气装备用电线电缆,material,公路车辆用低压电线,汽车低压线,high,该品种主要应用于汽车，施工现场对低压汽车电线的俗称
1332-1,1332,电线电缆及光纤光缆 > 电线电缆 > 电气装备用电线电缆,material,公路车辆用低压电线,车辆低压线,medium,公路车辆用低压电线的行业简称
1332-1,1332,电线电缆及光纤光缆 > 电线电缆 > 电气装备用电线电缆,material,双绞线,对绞线,medium,描述其两两互绞的结构
1332-1,1332,电线电缆及光纤光缆 > 电线电缆 > 电气装备用电线电缆,material,地铁车辆用电缆,地铁电缆,high,地铁车辆用电缆的口语简称
1332-1,1332,电线电缆及光纤光缆 > 电线电缆 > 电气装备用电线电缆,material,地铁车辆用电缆,机车车辆线,medium,应用于地铁、机车等轨道交通车辆的统称
1332-1,1332,电线电缆及光纤光缆 > 电线电缆 > 电气装备用电线电缆,material,塑料绝缘电线,塑料线,high,以绝缘材料命名的施工现场统一叫法
1332-1,1332,电线电缆及光纤光缆 > 电线电缆 > 电气装备用电线电缆,material,塑料绝缘电线,塑胶线,medium,部分南方地区对塑料绝缘电线的习惯叫法
1332-1,1332,电线电缆及光纤光缆 > 电线电缆 > 电气装备用电线电缆,material,塑料绝缘软电线,塑料软线,high,强调软导体结构的塑料绝缘电线
1332-1,1332,电线电缆及光纤光缆 > 电线电缆 > 电气装备用电线电缆,material,塑料绝缘软电线,软塑料线,medium,口语中颠倒了绝缘与导体特征的叫法
1332-1,1332,电线电缆及光纤光缆 > 电线电缆 > 电气装备用电线电缆,material,塑铜线,塑料铜芯线,high,塑铜线的全称
1332-1,1332,电线电缆及光纤光缆 > 电线电缆 > 电气装备用电线电缆,material,塑铜线,BV线,medium,虽然BV特指特定型号，但在施工口译中常被泛称为普通塑铜线
1332-1,1332,电线电缆及光纤光缆 > 电线电缆 > 电气装备用电线电缆,material,塑铝线,塑料铝芯线,high,塑铝线的全称
1332-1,1332,电线电缆及光纤光缆 > 电线电缆 > 电气装备用电线电缆,material,塑铝线,BLV线,medium,与塑铜线对应，施工口译中常以典型型号BLV代称
1332-1,1332,电线电缆及光纤光缆 > 电线电缆 > 电气装备用电线电缆,material,安装用软电缆,安装软线,medium,弱电或设备安装时对柔软电缆的通用叫法
1332-1,1332,电线电缆及光纤光缆 > 电线电缆 > 电气装备用电线电缆,material,橡皮绝缘电线,橡皮线,high,以绝缘材料命名的通用俗称
1332-1,1332,电线电缆及光纤光缆 > 电线电缆 > 电气装备用电线电缆,material,橡皮绝缘电线,橡套线,medium,早期对带有橡皮护套或绝缘的电线的统称
1332-1,1332,电线电缆及光纤光缆 > 电线电缆 > 电气装备用电线电缆,material,航空导线,高温线,medium,航空导线通常耐高温，在民用市场被代称为高温线
1332-1,1332,电线电缆及光纤光缆 > 电线电缆 > 电气装备用电线电缆,material,航空导线,氟塑线,medium,常见航空导线绝缘层多为氟塑料，采购中以氟塑线代称
214-1,214,电线电缆及光纤光缆 > 电线电缆 > 计算机用电缆,category,计算机用电缆,计算机控制电缆,high,行业内常将用于计算机系统的控制电缆简称为计算机控制电缆
214-1,214,电线电缆及光纤光缆 > 电线电缆 > 计算机用电缆,category,计算机用电缆,计算机屏蔽电缆,high,计算机电缆常带有分屏蔽或总屏蔽，因此有此俗称
214-1,214,电线电缆及光纤光缆 > 电线电缆 > 计算机用电缆,material,计算机电缆,计算机屏蔽电缆,high,更强调其带屏蔽层的特征
214-1,214,电线电缆及光纤光缆 > 电线电缆 > 计算机用电缆,material,计算机电缆,计算机信号电缆,high,因其传输计算机信号而得名
214-1,214,电线电缆及光纤光缆 > 电线电缆 > 计算机用电缆,material,计算机电缆,DJYPVP,medium,常见型号代表，有时作为总称代指计算机电缆
214-1,214,电线电缆及光纤光缆 > 电线电缆 > 计算机用电缆,material,计算机电缆,DCS电缆,high,集散控制系统专用电缆，是计算机电缆的一种应用别称
1337-1,1337,电线电缆及光纤光缆 > 通信电缆 > 信号电缆,material,铁路信号电缆,铁路铠装信号电缆,medium,施工现场对带铠装层的铁路信号电缆常用口头叫法，突出防护特征
1337-1,1337,电线电缆及光纤光缆 > 通信电缆 > 信号电缆,material,铁路综合纽低电容信号电缆,低电容信号电缆,high,施工口语中常简化去掉‘铁路综合纽’前缀，直接突出核心参数
1337-1,1337,电线电缆及光纤光缆 > 通信电缆 > 信号电缆,material,铁路综合纽低电容信号电缆,铁路低电容电缆,medium,采购时为简洁沟通将名称省略为品类加核心特征
1123-2,1123,砼、砂浆及其他配合比材料 > 其他配合比材料 > 胶泥、脂、油,material,轨道胶泥,轨道灌浆料,high,施工时用于轨道基础灌浆，现场常直接称灌浆料
1123-2,1123,砼、砂浆及其他配合比材料 > 其他配合比材料 > 胶泥、脂、油,material,轨道胶泥,轨道专用胶泥,medium,强调专用属性时的口语简称
1123-2,1123,砼、砂浆及其他配合比材料 > 其他配合比材料 > 胶泥、脂、油,material,轨道胶泥,钢轨胶泥,medium,强调钢材基座时的叫法
1123-2,1123,砼、砂浆及其他配合比材料 > 其他配合比材料 > 胶泥、脂、油,material,防爆胶泥,防火胶泥,medium,防爆胶泥常兼具防火功能，现场易混叫
1123-2,1123,砼、砂浆及其他配合比材料 > 其他配合比材料 > 胶泥、脂、油,material,防爆胶泥,堵洞胶泥,high,主要用于电缆孔洞封堵，工人按用途叫
1123-2,1123,砼、砂浆及其他配合比材料 > 其他配合比材料 > 胶泥、脂、油,material,防爆胶泥,柔性有机堵料,high,消防工程中的技术俗称
1123-2,1123,砼、砂浆及其他配合比材料 > 其他配合比材料 > 胶泥、脂、油,material,防爆胶泥,防火泥,high,施工现场最通用的口语简称
1123-2,1123,砼、砂浆及其他配合比材料 > 其他配合比材料 > 胶泥、脂、油,material,防腐胶泥,耐酸胶泥,high,防腐胶泥最常见品类，口语化统称
1123-2,1123,砼、砂浆及其他配合比材料 > 其他配合比材料 > 胶泥、脂、油,material,防腐胶泥,树脂胶泥,medium,防腐胶泥多以树脂为基料，工地上常混称
1334-2,1334,电线电缆及光纤光缆 > 电线电缆 > 裸电线,material,钢铝及铝合金复合接触线,钢铝接触线,high,施工现场对钢铝复合接触线的口语简化
1334-2,1334,电线电缆及光纤光缆 > 电线电缆 > 裸电线,material,钢铝及铝合金复合接触线,铝合金复合线,medium,强调铝合金复合结构的泛指叫法
1334-2,1334,电线电缆及光纤光缆 > 电线电缆 > 裸电线,material,钢铝复合接触线,钢铝线,high,最常见的现场简称
1334-2,1334,电线电缆及光纤光缆 > 电线电缆 > 裸电线,material,铜包钢圆线,铜包钢线,high,省略圆截面描述的通用叫法
1334-2,1334,电线电缆及光纤光缆 > 电线电缆 > 裸电线,material,铜包钢圆线,CP线,medium,Copper-clad steel wire 的行业英文缩写俗称
1334-2,1334,电线电缆及光纤光缆 > 电线电缆 > 裸电线,material,铜包钢绞线,铜包钢绞,medium,现场对绞合结构的口语简称
1334-2,1334,电线电缆及光纤光缆 > 电线电缆 > 裸电线,material,铜包钢绞线,铜包钢接地绞线,low,该类材料常作接地极引线使用的代称
1334-2,1334,电线电缆及光纤光缆 > 电线电缆 > 裸电线,material,铜接触线(电车线),电车线,high,直接由其括注别名确认
1334-2,1334,电线电缆及光纤光缆 > 电线电缆 > 裸电线,material,铜接触线(电车线),铜电车线,high,铜材质加功能的组合俗称
1334-2,1334,电线电缆及光纤光缆 > 电线电缆 > 裸电线,material,铜接触线(电车线),滑触线,medium,城市电车或起重机滑触供电场景下的混称
1334-2,1334,电线电缆及光纤光缆 > 电线电缆 > 裸电线,material,铜编织带,镀锡铜编织带,medium,现场常以镀锡表面处理类型代指
1334-2,1334,电线电缆及光纤光缆 > 电线电缆 > 裸电线,material,铜编织带,接地铜辫子,medium,接地连接场景下由形状得的俗称
1334-2,1334,电线电缆及光纤光缆 > 电线电缆 > 裸电线,material,铜编织带,软铜编织线,high,同系列产品的通用叫法
1334-2,1334,电线电缆及光纤光缆 > 电线电缆 > 裸电线,material,铝包钢圆线,铝包钢线,high,省略圆截面描述的通用叫法
1334-2,1334,电线电缆及光纤光缆 > 电线电缆 > 裸电线,material,铝包钢圆线,AS线,low,Aluminum-clad steel wire 的行业英文缩写俗称
1334-2,1334,电线电缆及光纤光缆 > 电线电缆 > 裸电线,material,铝合金圆线,铝合金单线,medium,绞线用单丝在采购中的常见叫法
1334-2,1334,电线电缆及光纤光缆 > 电线电缆 > 裸电线,material,铝合金接触线,铝镁硅接触线,medium,常见高强度铝合金接触线的材料学名代称
1334-2,1334,电线电缆及光纤光缆 > 电线电缆 > 裸电线,material,铝合金接触线,合金电车线,medium,区别于纯铜电车线的现场叫法
1334-2,1334,电线电缆及光纤光缆 > 电线电缆 > 裸电线,material,镀铜钢绞线,镀铜绞线,high,施工现场省略钢字的简称
1334-2,1334,电线电缆及光纤光缆 > 电线电缆 > 裸电线,material,镀银软圆铜线,镀银铜线,high,省略软和圆截面描述的通称
1334-2,1334,电线电缆及光纤光缆 > 电线电缆 > 裸电线,material,镀锡软圆铜线,镀锡铜线,high,最常见的现场简称
1334-2,1334,电线电缆及光纤光缆 > 电线电缆 > 裸电线,material,镀锡软圆铜线,镀锡线,medium,在裸电线语境下的通用简称
1334-2,1334,电线电缆及光纤光缆 > 电线电缆 > 裸电线,material,镀锡软圆铜线,镀锡跳线,low,线路板焊接跳线场景下的特定叫法
1334-2,1334,电线电缆及光纤光缆 > 电线电缆 > 裸电线,material,镀锡铜绞线,镀锡绞线,high,施工现场省略铜字的简称
1334-2,1334,电线电缆及光纤光缆 > 电线电缆 > 裸电线,material,镀镍软圆铜线,镀镍铜线,high,省略软和圆截面描述的通称
1124-1,1124,砼、砂浆及其他配合比材料 > 其他配合比材料 > 其他配合比材料,material,掺灰泥,灰土,high,施工现场对石灰与土拌合物料的统称
1124-1,1124,砼、砂浆及其他配合比材料 > 其他配合比材料 > 其他配合比材料,material,掺灰泥,三七灰土,medium,常见配比下的俗称
1124-1,1124,砼、砂浆及其他配合比材料 > 其他配合比材料 > 其他配合比材料,material,水刷石子浆,洗石子,medium,水刷石工艺的原材料俗称
1124-1,1124,砼、砂浆及其他配合比材料 > 其他配合比材料 > 其他配合比材料,material,水泥浆,素浆,high,不加骨料的纯水泥浆简称
1124-1,1124,砼、砂浆及其他配合比材料 > 其他配合比材料 > 其他配合比材料,material,水泥浆,净浆,medium,部分地区对纯水泥浆的称呼
1124-1,1124,砼、砂浆及其他配合比材料 > 其他配合比材料 > 其他配合比材料,material,水泥珍珠岩浆,珍珠岩保温浆料,medium,突出保温功能的叫法
1124-1,1124,砼、砂浆及其他配合比材料 > 其他配合比材料 > 其他配合比材料,material,水磨石子浆,磨石子浆,medium,水磨石工艺材料的简称
1124-1,1124,砼、砂浆及其他配合比材料 > 其他配合比材料 > 其他配合比材料,material,白水泥浆,白素浆,medium,白水泥素浆的简称
1124-1,1124,砼、砂浆及其他配合比材料 > 其他配合比材料 > 其他配合比材料,material,石棉水泥,石棉瓦料,low,常指制作石棉瓦的原料
1124-1,1124,砼、砂浆及其他配合比材料 > 其他配合比材料 > 其他配合比材料,material,素水泥浆,纯水泥浆,high,强调无砂石掺料
1124-1,1124,砼、砂浆及其他配合比材料 > 其他配合比材料 > 其他配合比材料,material,素水泥浆,净水泥浆,medium,现场口语叫法
1124-1,1124,砼、砂浆及其他配合比材料 > 其他配合比材料 > 其他配合比材料,material,素石膏浆,纯石膏浆,medium,强调无掺料
1124-1,1124,砼、砂浆及其他配合比材料 > 其他配合比材料 > 其他配合比材料,material,纸筋灰,麻刀灰,low,施工中常将纤维类灰浆统称麻刀灰，但此为区别材料，仅作低置信度参考
1124-1,1124,砼、砂浆及其他配合比材料 > 其他配合比材料 > 其他配合比材料,material,麻刀灰,麻搗灰,medium,传统工艺中拍打麻丝入灰的叫法
1122-1,1122,砼、砂浆及其他配合比材料 > 垫层材料 > 其他垫层材料,material,回填土,素土,high,施工现场口语，指不含杂质的回填用土
1122-1,1122,砼、砂浆及其他配合比材料 > 垫层材料 > 其他垫层材料,material,土夹石,土石混合料,high,采购和技术规格书中常见别称
1122-1,1122,砼、砂浆及其他配合比材料 > 垫层材料 > 其他垫层材料,material,土夹石,土夹碎石,medium,明确碎石含量的现场口语叫法
1122-1,1122,砼、砂浆及其他配合比材料 > 垫层材料 > 其他垫层材料,material,水泥焦渣,水泥炉渣,high,焦渣即炉渣，采购部门常用此称谓
1122-1,1122,砼、砂浆及其他配合比材料 > 垫层材料 > 其他垫层材料,material,水泥石灰焦渣,混合焦渣,medium,施工现场对水泥石灰混合焦渣的简称
1122-1,1122,砼、砂浆及其他配合比材料 > 垫层材料 > 其他垫层材料,material,焦渣,炉渣,high,工业废弃物统称，与焦渣同义
1122-1,1122,砼、砂浆及其他配合比材料 > 垫层材料 > 其他垫层材料,material,焦渣,煤渣,high,民用建筑中焦渣的俗称
1122-1,1122,砼、砂浆及其他配合比材料 > 垫层材料 > 其他垫层材料,material,石灰焦渣,白灰炉渣,high,施工现场对石灰拌合焦渣的口语称呼
1334-1,1334,电线电缆及光纤光缆 > 电线电缆 > 裸电线,category,裸电线,空导线,high,行业对架空裸电线的口语统称，区别于绝缘线
1334-1,1334,电线电缆及光纤光缆 > 电线电缆 > 裸电线,category,裸电线,裸线,high,施工现场对无绝缘层电线的简称
1334-1,1334,电线电缆及光纤光缆 > 电线电缆 > 裸电线,category,裸电线,架空线,medium,输电线路中对此类电线电缆的常见称呼
1334-1,1334,电线电缆及光纤光缆 > 电线电缆 > 裸电线,material,GJ钢绞线,镀锌钢绞线,high,GJ通常指镀锌钢绞线，采购常用俗称
1334-1,1334,电线电缆及光纤光缆 > 电线电缆 > 裸电线,material,GJ钢绞线,钢芯线,medium,施工现场对钢绞线的简化叫法
1334-1,1334,电线电缆及光纤光缆 > 电线电缆 > 裸电线,material,JL/G1A钢芯铝绞线,钢芯铝绞线,high,品类简称
1334-1,1334,电线电缆及光纤光缆 > 电线电缆 > 裸电线,material,JL/G1A钢芯铝绞线,钢铝绞,medium,行业简称
1334-1,1334,电线电缆及光纤光缆 > 电线电缆 > 裸电线,material,JLB20A铝包钢绞线,铝包钢,high,施工现场及采购常用的缩略叫法
1334-1,1334,电线电缆及光纤光缆 > 电线电缆 > 裸电线,material,JLB20A铝包钢绞线,铝包钢绞,medium,行业简称
1334-1,1334,电线电缆及光纤光缆 > 电线电缆 > 裸电线,material,LGJF防腐钢芯铝绞线,防腐绞线,medium,强调防腐特性的俗称
1334-1,1334,电线电缆及光纤光缆 > 电线电缆 > 裸电线,material,LGJF防腐钢芯铝绞线,防腐钢芯铝绞,medium,行业简称
1334-1,1334,电线电缆及光纤光缆 > 电线电缆 > 裸电线,material,LGJJ加强型钢芯铝绞线,加强型绞线,medium,强调加强特性的简称
1334-1,1334,电线电缆及光纤光缆 > 电线电缆 > 裸电线,material,LGJJ加强型钢芯铝绞线,加强钢芯铝绞,medium,行业简称
1334-1,1334,电线电缆及光纤光缆 > 电线电缆 > 裸电线,material,LGJK扩径钢芯铝绞,扩径绞线,medium,强调扩径特性的简称
1334-1,1334,电线电缆及光纤光缆 > 电线电缆 > 裸电线,material,LGJK扩径钢芯铝绞,扩导线,medium,用于变电工程中的常用叫法
1334-1,1334,电线电缆及光纤光缆 > 电线电缆 > 裸电线,material,LGJQ轻型钢芯铝绞线,轻型绞线,medium,强调轻型特性的简称
1334-1,1334,电线电缆及光纤光缆 > 电线电缆 > 裸电线,material,LGJQ轻型钢芯铝绞线,轻型钢芯铝绞,medium,行业简称
1334-1,1334,电线电缆及光纤光缆 > 电线电缆 > 裸电线,material,LGJ钢芯铝绞线,钢芯铝绞线,high,品类标准简称
1334-1,1334,电线电缆及光纤光缆 > 电线电缆 > 裸电线,material,LGJ钢芯铝绞线,铝绞线,low,施工现场常省略钢芯的简略叫法，但可能有歧义，低置信度给出
1334-1,1334,电线电缆及光纤光缆 > 电线电缆 > 裸电线,material,LGKK扩径钢芯铝绞线,KK型导线,medium,型号与导线结合的俗称
1334-1,1334,电线电缆及光纤光缆 > 电线电缆 > 裸电线,material,LGKK扩径钢芯铝绞线,空芯导线,medium,因扩径结构也被称为空芯导线
1334-1,1334,电线电缆及光纤光缆 > 电线电缆 > 裸电线,material,LHAJ铝合金绞线,合金绞线,high,施工现场对铝合金绞线的通用简略叫法
1334-1,1334,电线电缆及光纤光缆 > 电线电缆 > 裸电线,material,LHAJ铝合金绞线,热处理铝合金线,low,因其为热处理型铝合金，特定情况下的叫法
1334-1,1334,电线电缆及光纤光缆 > 电线电缆 > 裸电线,material,LHBJ钢芯铝合金绞线,钢芯合金绞线,medium,简称
1334-1,1334,电线电缆及光纤光缆 > 电线电缆 > 裸电线,material,LJ铝绞线,铝绞,high,行业及现场常用简称
1334-1,1334,电线电缆及光纤光缆 > 电线电缆 > 裸电线,material,LJ铝绞线,光铝绞,medium,区别于钢芯铝绞的叫法
1334-1,1334,电线电缆及光纤光缆 > 电线电缆 > 裸电线,material,LM铝母线,铝排,high,截面为矩形的铝母线在施工、采购中最常见的叫法
1334-1,1334,电线电缆及光纤光缆 > 电线电缆 > 裸电线,material,LM铝母线,铝母排,medium,铝排的全称
1334-1,1334,电线电缆及光纤光缆 > 电线电缆 > 裸电线,material,LT圆铜线,裸铜线,high,区别于漆包线等的叫法
1334-1,1334,电线电缆及光纤光缆 > 电线电缆 > 裸电线,material,LT圆铜线,硬铜圆,medium,行业简称
1334-1,1334,电线电缆及光纤光缆 > 电线电缆 > 裸电线,material,LY圆铝线,裸铝线,high,区别于绝缘铝线等的叫法
1334-1,1334,电线电缆及光纤光缆 > 电线电缆 > 裸电线,material,LY圆铝线,硬铝圆线,medium,行业叫法
1334-1,1334,电线电缆及光纤光缆 > 电线电缆 > 裸电线,material,TB铜扁线,铜扁,high,行业简称
1334-1,1334,电线电缆及光纤光缆 > 电线电缆 > 裸电线,material,TB铜扁线,扁铜线,high,施工采购常用颠倒词序叫法
1334-1,1334,电线电缆及光纤光缆 > 电线电缆 > 裸电线,material,TD铜带,紫铜带,high,因材质为紫铜，采购时常用叫法
1334-1,1334,电线电缆及光纤光缆 > 电线电缆 > 裸电线,material,TD铜带,裸铜带,medium,区别于绝缘铜带的叫法
1334-1,1334,电线电缆及光纤光缆 > 电线电缆 > 裸电线,material,TJ铜绞线,铜绞,high,行业简称
1334-1,1334,电线电缆及光纤光缆 > 电线电缆 > 裸电线,material,TJ铜绞线,软铜绞,medium,因TJ通常为软铜绞线，采购时常称为软铜绞
1334-1,1334,电线电缆及光纤光缆 > 电线电缆 > 裸电线,material,TM铜母线,铜排,high,施工现场及采购中最常见的叫法
1334-1,1334,电线电缆及光纤光缆 > 电线电缆 > 裸电线,material,TM铜母线,铜母排,medium,铜排的全称形式
1334-1,1334,电线电缆及光纤光缆 > 电线电缆 > 裸电线,material,TS铜电刷线,电刷线,high,电机维修及采购常见叫法
1334-1,1334,电线电缆及光纤光缆 > 电线电缆 > 裸电线,material,TS铜电刷线,碳刷线,medium,因连接电刷（碳刷）而得名
1334-1,1334,电线电缆及光纤光缆 > 电线电缆 > 裸电线,material,TY硬圆铜线,硬铜线,high,行业简称
1334-1,1334,电线电缆及光纤光缆 > 电线电缆 > 裸电线,material,TY硬圆铜线,裸硬铜线,medium,强调无绝缘层的硬态铜线
1334-1,1334,电线电缆及光纤光缆 > 电线电缆 > 裸电线,material,碳纤维复合芯铝绞线,碳纤维导线,high,施工现场对此类导线最普遍的口语叫法
1334-1,1334,电线电缆及光纤光缆 > 电线电缆 > 裸电线,material,碳纤维复合芯铝绞线,ACCC导线,high,采用国际常见的ACCC牌号指代此类产品
1334-1,1334,电线电缆及光纤光缆 > 电线电缆 > 裸电线,material,碳纤维复合芯铝绞线,碳芯绞线,medium,行业简称
1334-1,1334,电线电缆及光纤光缆 > 电线电缆 > 裸电线,material,稀土铝绞线,稀土导线,medium,施工现场常省略铝材的叫法
1334-1,1334,电线电缆及光纤光缆 > 电线电缆 > 裸电线,material,绝缘滑触线,滑导线,high,行车、起重设备供电用的最常见叫法
1334-1,1334,电线电缆及光纤光缆 > 电线电缆 > 裸电线,material,绝缘滑触线,安全滑触线,high,因外覆绝缘层而常被称为安全滑触线
1334-1,1334,电线电缆及光纤光缆 > 电线电缆 > 裸电线,material,绝缘滑触线,滑线,high,现场缩略叫法
1334-1,1334,电线电缆及光纤光缆 > 电线电缆 > 裸电线,material,绝缘滑触线,H型滑触线,medium,以截面形状命名，采购常用
16-1,16,砼、砂浆及其他配合比材料 > 预拌混凝土 > 普通混凝土,category,普通混凝土,商砼,high,预拌混凝土全行业的通用俗称，由搅拌站集中生产供应
16-1,16,砼、砂浆及其他配合比材料 > 预拌混凝土 > 普通混凝土,category,普通混凝土,商品混凝土,high,与预拌混凝土同义，施工现场最常用的叫法
16-1,16,砼、砂浆及其他配合比材料 > 预拌混凝土 > 普通混凝土,category,普通混凝土,预拌砼,high,预拌混凝土的简称
16-1,16,砼、砂浆及其他配合比材料 > 预拌混凝土 > 普通混凝土,material,低流动性混凝土,低坍落度混凝土,medium,现场口语中常以低坍落度来描述低流动性特征
16-1,16,砼、砂浆及其他配合比材料 > 预拌混凝土 > 普通混凝土,material,半干硬性混凝土,半干硬砼,medium,简称
16-1,16,砼、砂浆及其他配合比材料 > 预拌混凝土 > 普通混凝土,material,塑性混凝土,塑态混凝土,low,现场常有塑态、塑性混用的叫法
16-1,16,砼、砂浆及其他配合比材料 > 预拌混凝土 > 普通混凝土,material,干硬性混凝土,干硬砼,high,简称
16-1,16,砼、砂浆及其他配合比材料 > 预拌混凝土 > 普通混凝土,material,干硬性混凝土,零坍落度混凝土,medium,干硬性混凝土基本无流动性，现场常用零坍来描述
16-1,16,砼、砂浆及其他配合比材料 > 预拌混凝土 > 普通混凝土,material,干硬性混凝土,碾压混凝土,medium,部分干硬性混凝土施工场景采用碾压工艺，俗称碾压砼
16-1,16,砼、砂浆及其他配合比材料 > 预拌混凝土 > 普通混凝土,material,无砂混凝土,大孔混凝土,high,缺少细骨料形成大孔结构，学术/工程上常称大孔混凝土
16-1,16,砼、砂浆及其他配合比材料 > 预拌混凝土 > 普通混凝土,material,无砂混凝土,透水混凝土,medium,因孔隙率大而具备透水功能，在铺装工程中常叫透水混凝土
16-1,16,砼、砂浆及其他配合比材料 > 预拌混凝土 > 普通混凝土,material,无砂混凝土,无砂砼,high,简称
16-1,16,砼、砂浆及其他配合比材料 > 预拌混凝土 > 普通混凝土,material,砾石混凝土,卵石混凝土,high,砾石与卵石在形态上均为浑圆状，现场常混称卵石混凝土
16-1,16,砼、砂浆及其他配合比材料 > 预拌混凝土 > 普通混凝土,material,砾石混凝土,河石混凝土,low,当砾石来源于河道，现场口语称河石混凝土
16-1,16,砼、砂浆及其他配合比材料 > 预拌混凝土 > 普通混凝土,material,碎石混凝土,青石混凝土,low,部分地区碎石以青石为母材，习惯叫青石混凝土
16-1,16,砼、砂浆及其他配合比材料 > 预拌混凝土 > 普通混凝土,material,豆石混凝土,细石混凝土,high,豆石粒径小，在采购与施工中常被归入细石混凝土范畴
16-1,16,砼、砂浆及其他配合比材料 > 预拌混凝土 > 普通混凝土,material,豆石混凝土,豆石砼,high,简称
16-1,16,砼、砂浆及其他配合比材料 > 预拌混凝土 > 普通混凝土,material,豆石混凝土,瓜米石混凝土,medium,部分地区将豆石称为瓜米石
1121-1,1121,砼、砂浆及其他配合比材料 > 垫层材料 > 多合土垫层,category,多合土垫层,多合土,high,多种材料混合而成的地坪垫层统称
1121-1,1121,砼、砂浆及其他配合比材料 > 垫层材料 > 多合土垫层,category,多合土垫层,三七土,high,多合土常按石灰与土比例称三七土、二八土，是通用俗称
1121-1,1121,砼、砂浆及其他配合比材料 > 垫层材料 > 多合土垫层,category,多合土垫层,灰土,medium,石灰与土/砂石混合料的通用俗称
1121-1,1121,砼、砂浆及其他配合比材料 > 垫层材料 > 多合土垫层,material,水泥碎石四合土,水泥稳定碎石,high,水泥与碎石、土混合，施工作水泥稳定类材料叫法
1121-1,1121,砼、砂浆及其他配合比材料 > 垫层材料 > 多合土垫层,material,水泥碎石四合土,水稳碎石,high,水泥稳定碎石简称
1121-1,1121,砼、砂浆及其他配合比材料 > 垫层材料 > 多合土垫层,material,水泥碎石四合土,水泥四合土,medium,省去骨料名的简称
1121-1,1121,砼、砂浆及其他配合比材料 > 垫层材料 > 多合土垫层,material,水泥碎砖四合土,水泥碎砖土,medium,施工现场口语简化叫法
1121-1,1121,砼、砂浆及其他配合比材料 > 垫层材料 > 多合土垫层,material,水泥碎砖四合土,碎砖四合土,low,省去水泥的简称
1121-1,1121,砼、砂浆及其他配合比材料 > 垫层材料 > 多合土垫层,material,水泥稳定土混合料,水稳土,high,水泥稳定土简称
1121-1,1121,砼、砂浆及其他配合比材料 > 垫层材料 > 多合土垫层,material,水泥稳定土混合料,水泥稳定土,high,去掉混合料的标准叫法
1121-1,1121,砼、砂浆及其他配合比材料 > 垫层材料 > 多合土垫层,material,水泥稳定土混合料,水泥土,high,水泥与土混合物的通用简称
1121-1,1121,砼、砂浆及其他配合比材料 > 垫层材料 > 多合土垫层,material,水泥蛭石,蛭石混凝土,high,水泥蛭石常用于轻质保温垫层，现场称蛭石混凝土
1121-1,1121,砼、砂浆及其他配合比材料 > 垫层材料 > 多合土垫层,material,水泥蛭石,蛭石灰浆,medium,少量水泥时的叫法
1121-1,1121,砼、砂浆及其他配合比材料 > 垫层材料 > 多合土垫层,material,炉渣四合土,炉渣灰土,medium,炉渣、石灰、黏土混合的俗称
1121-1,1121,砼、砂浆及其他配合比材料 > 垫层材料 > 多合土垫层,material,炉渣四合土,炉渣垫层,high,以主要材料和用途代称
1121-1,1121,砼、砂浆及其他配合比材料 > 垫层材料 > 多合土垫层,material,石灰水泥炉渣,水泥炉渣灰,medium,施工现场口语顺序叫法
1121-1,1121,砼、砂浆及其他配合比材料 > 垫层材料 > 多合土垫层,material,石灰水泥炉渣,灰渣混凝土,low,水泥石灰炉渣混合，现场有时称无砂混凝土的一种
1121-1,1121,砼、砂浆及其他配合比材料 > 垫层材料 > 多合土垫层,material,石灰矿渣,矿渣灰土,medium,石灰与矿渣混合料俗称
1121-1,1121,砼、砂浆及其他配合比材料 > 垫层材料 > 多合土垫层,material,石灰矿渣,石灰渣,low,现场口语简称
1121-1,1121,砼、砂浆及其他配合比材料 > 垫层材料 > 多合土垫层,material,石灰砂碎石三合土,灰砂石,medium,石灰、砂、碎石三合土口语简称
1121-1,1121,砼、砂浆及其他配合比材料 > 垫层材料 > 多合土垫层,material,石灰砂碎石三合土,石灰三合土,high,省去骨料名的通用三合土叫法
1121-1,1121,砼、砂浆及其他配合比材料 > 垫层材料 > 多合土垫层,material,石灰砂碎石三合土,石灰碎石土,medium,按主要材料混合叫法
1121-1,1121,砼、砂浆及其他配合比材料 > 垫层材料 > 多合土垫层,material,石灰砂碎石四合土,灰砂石土,medium,石灰、砂、碎石加土的四合土口语叫法
1121-1,1121,砼、砂浆及其他配合比材料 > 垫层材料 > 多合土垫层,material,石灰砂碎石四合土,石灰四合土,high,省去骨料名的通用四合土叫法
1121-1,1121,砼、砂浆及其他配合比材料 > 垫层材料 > 多合土垫层,material,石灰碎砖三合土,碎砖灰土,medium,石灰、碎砖、土混合的俗称
1121-1,1121,砼、砂浆及其他配合比材料 > 垫层材料 > 多合土垫层,material,石灰碎砖三合土,灰砖渣,low,施工现场口语
1121-1,1121,砼、砂浆及其他配合比材料 > 垫层材料 > 多合土垫层,material,石灰碎砖四合土,碎砖四合土,medium,石灰碎砖为主的四合土简称
1121-1,1121,砼、砂浆及其他配合比材料 > 垫层材料 > 多合土垫层,material,砾石三合土,灰砾石,medium,石灰砾石混合料简称
1123-1,1123,砼、砂浆及其他配合比材料 > 其他配合比材料 > 胶泥、脂、油,category,胶泥、脂、油,胶料,high,在施工现场和采购清单中，常将树脂类胶泥、结构胶等统称为胶料或树脂料
1123-1,1123,砼、砂浆及其他配合比材料 > 其他配合比材料 > 胶泥、脂、油,material,不饱和聚酯胶泥,UP胶泥,high,不饱和聚酯树脂英文简称UP，行业口语常直接称UP胶泥
1123-1,1123,砼、砂浆及其他配合比材料 > 其他配合比材料 > 胶泥、脂、油,material,封缝胶,封口胶,medium,用于裂缝、接缝表面封闭时，现场常混称封口胶
1123-1,1123,砼、砂浆及其他配合比材料 > 其他配合比材料 > 胶泥、脂、油,material,树脂结构胶,结构胶,high,施工中省略前缀树脂，直接称结构胶
1123-1,1123,砼、砂浆及其他配合比材料 > 其他配合比材料 > 胶泥、脂、油,material,树脂胶泥,树脂料,medium,在防腐和砌筑施工中，工人常直接叫树脂料
1123-1,1123,砼、砂浆及其他配合比材料 > 其他配合比材料 > 胶泥、脂、油,material,植筋胶泥,植筋胶,high,通常都简称为植筋胶，极少加泥字
1123-1,1123,砼、砂浆及其他配合比材料 > 其他配合比材料 > 胶泥、脂、油,material,植筋锚固胶,注射式植筋胶,medium,因采用注射枪施工，常被叫做注射式植筋胶
1123-1,1123,砼、砂浆及其他配合比材料 > 其他配合比材料 > 胶泥、脂、油,material,植筋锚固胶,化学锚栓胶,low,在化学锚栓施工中常混称为化学锚栓胶
1123-1,1123,砼、砂浆及其他配合比材料 > 其他配合比材料 > 胶泥、脂、油,material,水玻璃胶泥,水玻璃耐酸胶泥,medium,在防腐工程中常加上用途说明
1123-1,1123,砼、砂浆及其他配合比材料 > 其他配合比材料 > 胶泥、脂、油,material,沥青玛蹄脂,玛蹄脂,high,现场口语常省略沥青二字
1123-1,1123,砼、砂浆及其他配合比材料 > 其他配合比材料 > 胶泥、脂、油,material,沥青玛蹄脂,沥青膏,medium,因呈膏状，老一辈工人会叫沥青膏
1123-1,1123,砼、砂浆及其他配合比材料 > 其他配合比材料 > 胶泥、脂、油,material,沥青胶泥,沥青油膏,medium,在防水工程中，与沥青胶泥混用时的俗称
1123-1,1123,砼、砂浆及其他配合比材料 > 其他配合比材料 > 胶泥、脂、油,material,灌注胶,灌浆料,high,在裂缝修补或设备基础施工中常混称为灌浆料
1123-1,1123,砼、砂浆及其他配合比材料 > 其他配合比材料 > 胶泥、脂、油,material,灌浆树脂,灌浆料,medium,工人习惯将灌浆用的树脂也统称灌浆料
1123-1,1123,砼、砂浆及其他配合比材料 > 其他配合比材料 > 胶泥、脂、油,material,灌缝胶,灌封胶,medium,封闭与灌注功能合并时常叫灌封胶
1123-1,1123,砼、砂浆及其他配合比材料 > 其他配合比材料 > 胶泥、脂、油,material,灌钢胶,粘钢胶,high,灌钢与粘钢作业中，因材料通用性高，经常混叫为粘钢胶
1123-1,1123,砼、砂浆及其他配合比材料 > 其他配合比材料 > 胶泥、脂、油,material,煤沥青冷底子油,冷底子油,high,行业标准简称，施工交底时几乎都叫冷底子油
1123-1,1123,砼、砂浆及其他配合比材料 > 其他配合比材料 > 胶泥、脂、油,material,煤沥青冷底子油,底油,medium,现场有时直接叫底油
1123-1,1123,砼、砂浆及其他配合比材料 > 其他配合比材料 > 胶泥、脂、油,material,环氧树脂胶泥,环氧胶泥,high,全称太长，俗称简化为环氧胶泥
1123-1,1123,砼、砂浆及其他配合比材料 > 其他配合比材料 > 胶泥、脂、油,material,环氧玻璃鳞片胶泥,玻璃鳞片,high,在防腐领域，常直接以填料名代称，就叫玻璃鳞片
1123-1,1123,砼、砂浆及其他配合比材料 > 其他配合比材料 > 胶泥、脂、油,material,环氧玻璃鳞片胶泥,鳞片胶泥,medium,省略环氧二字的口语叫法
1123-1,1123,砼、砂浆及其他配合比材料 > 其他配合比材料 > 胶泥、脂、油,material,环氧胶泥,环氧料,medium,工地配料时简单叫法
1123-1,1123,砼、砂浆及其他配合比材料 > 其他配合比材料 > 胶泥、脂、油,material,玻璃鳞片胶泥,鳞片胶泥,high,行业内多数时候就叫鳞片胶泥
1123-1,1123,砼、砂浆及其他配合比材料 > 其他配合比材料 > 胶泥、脂、油,material,硫磺胶泥,硫磺水泥,low,因其凝结后类似水泥，有地区叫硫磺水泥
1123-1,1123,砼、砂浆及其他配合比材料 > 其他配合比材料 > 胶泥、脂、油,material,粘胶泥,瓷砖胶泥,high,虽然不同品牌有区别，但现场经常与瓷砖粘结剂混称为瓷砖胶泥
1123-1,1123,砼、砂浆及其他配合比材料 > 其他配合比材料 > 胶泥、脂、油,material,粘胶泥,粘结剂,medium,采购时会直接说买粘结剂
1123-1,1123,砼、砂浆及其他配合比材料 > 其他配合比材料 > 胶泥、脂、油,material,粘钢胶,钢板胶,high,加固施工时，工人简称钢板胶
1123-1,1123,砼、砂浆及其他配合比材料 > 其他配合比材料 > 胶泥、脂、油,material,粘钢胶,结构粘钢胶,medium,为区别于其他胶，有时会加结构前缀
1123-1,1123,砼、砂浆及其他配合比材料 > 其他配合比材料 > 胶泥、脂、油,material,耐酸胶泥,耐酸水泥,high,习惯上，很多耐酸胶泥也被直接叫作耐酸水泥
1123-1,1123,砼、砂浆及其他配合比材料 > 其他配合比材料 > 胶泥、脂、油,material,聚氨酯胶泥,PU胶泥,high,聚氨酯英文简称PU，在化工圈和工地都常说PU胶泥
1123-1,1123,砼、砂浆及其他配合比材料 > 其他配合比材料 > 胶泥、脂、油,material,聚氨酯胶泥,聚氨酯嵌缝胶,medium,用于嵌缝时常被叫这个名字
1123-1,1123,砼、砂浆及其他配合比材料 > 其他配合比材料 > 胶泥、脂、油,material,聚氯乙烯胶泥,PVC胶泥,high,利用聚氯乙烯英文缩写PVC来简称
184-1,184,砼、砂浆及其他配合比材料 > 预拌混凝土 > 沥青混凝土,category,沥青混凝土,AC料,high,Asphalt Concrete的缩写，行业内对普通沥青混凝土或密级配沥青混凝土的统称
184-1,184,砼、砂浆及其他配合比材料 > 预拌混凝土 > 沥青混凝土,category,沥青混凝土,沥青砼,high,砼是混凝土的行业简写，预拌站和工地常用称呼
184-1,184,砼、砂浆及其他配合比材料 > 预拌混凝土 > 沥青混凝土,material,乳化沥青混凝土,冷拌料,medium,乳化沥青可在常温下拌和，施工现场常称冷拌沥青混凝土
184-1,184,砼、砂浆及其他配合比材料 > 预拌混凝土 > 沥青混凝土,material,再生沥青混凝土,厂拌热再生,high,指在拌合厂集中生产的再生沥青混合料，采购与施工中常用此叫法
184-1,184,砼、砂浆及其他配合比材料 > 预拌混凝土 > 沥青混凝土,material,再生沥青混凝土,铣刨料回收料,medium,强调将旧路面铣刨料回收利用重新拌和，工地俗称
184-1,184,砼、砂浆及其他配合比材料 > 预拌混凝土 > 沥青混凝土,material,多碎石沥青混凝土,SAC,high,Stone Asphalt Concrete的英文缩写，技术交流和施工方案中常见
184-1,184,砼、砂浆及其他配合比材料 > 预拌混凝土 > 沥青混凝土,material,多碎石沥青混凝土,骨架密实型沥青混凝土,medium,强调其多碎石骨架结构的密实特性，常作为技术叫法
184-1,184,砼、砂浆及其他配合比材料 > 预拌混凝土 > 沥青混凝土,material,改性沥青混凝土,改性AC,medium,改性沥青与AC料的结合简称，采购单中会简写
184-1,184,砼、砂浆及其他配合比材料 > 预拌混凝土 > 沥青混凝土,material,改性沥青混凝土,SBS改性料,medium,因多采用SBS改性剂，现场会直接以改性剂名称指代该材料
184-1,184,砼、砂浆及其他配合比材料 > 预拌混凝土 > 沥青混凝土,material,普通沥青混凝土,普通AC,high,行业内对未改性密级配沥青混凝土的常规简称
184-1,184,砼、砂浆及其他配合比材料 > 预拌混凝土 > 沥青混凝土,material,普通沥青混凝土,黑料,high,施工现场对传统黑色沥青混合料的俗称，以区别于彩色或水泥稳定碎石
184-1,184,砼、砂浆及其他配合比材料 > 预拌混凝土 > 沥青混凝土,material,普通沥青混凝土,70号沥青料,low,指采用70号A级道路石油沥青拌制的普通沥青混凝土
184-1,184,砼、砂浆及其他配合比材料 > 预拌混凝土 > 沥青混凝土,material,橡胶沥青混凝土,AR-AC,medium,Asphalt Rubber Asphalt Concrete的缩写，技术规格书中常用
184-1,184,砼、砂浆及其他配合比材料 > 预拌混凝土 > 沥青混凝土,material,沥青碎石混合料,AM料,high,Asphalt Macadam的缩写，用于区分于AC料，孔隙率较大
184-1,184,砼、砂浆及其他配合比材料 > 预拌混凝土 > 沥青混凝土,material,沥青碎石混合料,沥青碎石,high,沥青碎石混合料的标准简称
184-1,184,砼、砂浆及其他配合比材料 > 预拌混凝土 > 沥青混凝土,material,沥青碎石混合料,ATB,medium,Asphalt Treated Base，沥青稳定碎石基层的英文缩写，常用于采购
184-1,184,砼、砂浆及其他配合比材料 > 预拌混凝土 > 沥青混凝土,material,温拌沥青混凝土,WMA,high,Warm Mix Asphalt的英文缩写，行业供应商和项目部通用
184-1,184,砼、砂浆及其他配合比材料 > 预拌混凝土 > 沥青混凝土,material,温拌沥青混凝土,温拌料,high,温拌沥青混合料的工地口语简称
184-1,184,砼、砂浆及其他配合比材料 > 预拌混凝土 > 沥青混凝土,material,环氧沥青混凝土,环氧料,medium,施工现场对环氧树脂类特殊沥青混合料的通俗叫法
184-1,184,砼、砂浆及其他配合比材料 > 预拌混凝土 > 沥青混凝土,material,环氧沥青混凝土,EA料,medium,Epoxy Asphalt的缩写，主要用于钢桥面铺装领域
184-1,184,砼、砂浆及其他配合比材料 > 预拌混凝土 > 沥青混凝土,material,透水沥青混凝土,OGFC,high,Open Graded Friction Course的缩写，大孔隙开级配排水式磨耗层
184-1,184,砼、砂浆及其他配合比材料 > 预拌混凝土 > 沥青混凝土,material,透水沥青混凝土,透水料,high,强调其透水功能，施工现场口语化称呼
184-1,184,砼、砂浆及其他配合比材料 > 预拌混凝土 > 沥青混凝土,material,透水沥青混凝土,排水降噪路面料,medium,透水沥青混凝土因具有排水和降噪功能，常被如此描述
1112-1,1112,砼、砂浆及其他配合比材料 > 预拌混凝土 > 轻骨料混凝土,category,轻骨料混凝土,轻质混凝土,high,轻骨料混凝土的整体通用俗称，在行业内广泛使用
1112-1,1112,砼、砂浆及其他配合比材料 > 预拌混凝土 > 轻骨料混凝土,category,轻骨料混凝土,轻集料砼,high,轻集料混凝土的简称，使用砼字
1112-1,1112,砼、砂浆及其他配合比材料 > 预拌混凝土 > 轻骨料混凝土,material,加气混凝土,加气砼,high,砼字代替混凝土的简写
1112-1,1112,砼、砂浆及其他配合比材料 > 预拌混凝土 > 轻骨料混凝土,material,加气混凝土,发气混凝土,medium,根据其生产工艺，通过发气剂产生气泡
1112-1,1112,砼、砂浆及其他配合比材料 > 预拌混凝土 > 轻骨料混凝土,material,泡沫混凝土,泡沫砼,high,砼字代替混凝土的简写
1112-1,1112,砼、砂浆及其他配合比材料 > 预拌混凝土 > 轻骨料混凝土,material,泡沫混凝土,发泡混凝土,high,根据其发泡生产工艺的称呼
1112-1,1112,砼、砂浆及其他配合比材料 > 预拌混凝土 > 轻骨料混凝土,material,浮石混凝土,浮石砼,high,砼字代替混凝土的简写
1112-1,1112,砼、砂浆及其他配合比材料 > 预拌混凝土 > 轻骨料混凝土,material,火山渣混凝土,火山渣砼,high,砼字代替混凝土的简写
1112-1,1112,砼、砂浆及其他配合比材料 > 预拌混凝土 > 轻骨料混凝土,material,炉(煤)渣混凝土,炉渣砼,high,砼字代替混凝土的简写
1112-1,1112,砼、砂浆及其他配合比材料 > 预拌混凝土 > 轻骨料混凝土,material,炉(煤)渣混凝土,煤渣混凝土,high,炉渣与煤渣在建筑材料中常混用
1112-1,1112,砼、砂浆及其他配合比材料 > 预拌混凝土 > 轻骨料混凝土,material,炉(煤)渣混凝土,煤渣砼,high,煤渣混凝土的简称
1112-1,1112,砼、砂浆及其他配合比材料 > 预拌混凝土 > 轻骨料混凝土,material,煤矸石混凝土,煤矸石砼,high,砼字代替混凝土的简写
1112-1,1112,砼、砂浆及其他配合比材料 > 预拌混凝土 > 轻骨料混凝土,material,珊瑚岩混凝土,珊瑚骨料混凝土,medium,以珊瑚岩为骨料的混凝土
1112-1,1112,砼、砂浆及其他配合比材料 > 预拌混凝土 > 轻骨料混凝土,material,石灰质贝壳岩混凝土,贝壳岩砼,medium,砼字代替混凝土的简写
1112-1,1112,砼、砂浆及其他配合比材料 > 预拌混凝土 > 轻骨料混凝土,material,石膏混凝土,石膏砼,high,砼字代替混凝土的简写
1112-1,1112,砼、砂浆及其他配合比材料 > 预拌混凝土 > 轻骨料混凝土,material,粉煤灰陶粒混凝土,粉煤灰陶粒砼,high,砼字代替混凝土的简写
1112-1,1112,砼、砂浆及其他配合比材料 > 预拌混凝土 > 轻骨料混凝土,material,粉煤灰陶粒混凝土,全轻混凝土,medium,当粗细骨料均为粉煤灰陶粒时，常被称为全轻混凝土
1112-1,1112,砼、砂浆及其他配合比材料 > 预拌混凝土 > 轻骨料混凝土,material,粘土陶粒混凝土,粘土陶粒砼,high,砼字代替混凝土的简写
1112-1,1112,砼、砂浆及其他配合比材料 > 预拌混凝土 > 轻骨料混凝土,material,膨胀珍珠岩混凝土,珍珠岩混凝土,high,施工现场对膨胀珍珠岩混凝土的简称
1112-1,1112,砼、砂浆及其他配合比材料 > 预拌混凝土 > 轻骨料混凝土,material,膨胀珍珠岩混凝土,珍珠岩砼,high,砼字代替混凝土的简写
1112-1,1112,砼、砂浆及其他配合比材料 > 预拌混凝土 > 轻骨料混凝土,material,轻集料混凝土,轻骨料砼,high,轻集料与轻骨料同义，砼字代替混凝土
1112-1,1112,砼、砂浆及其他配合比材料 > 预拌混凝土 > 轻骨料混凝土,material,陶粒混凝土,陶粒砼,high,砼字代替混凝土的简写
1112-1,1112,砼、砂浆及其他配合比材料 > 预拌混凝土 > 轻骨料混凝土,material,页岩陶粒混凝土,页岩陶粒砼,high,砼字代替混凝土的简写
1119-1,1119,砼、砂浆及其他配合比材料 > 预拌砂浆 > 其他砂浆,material,内墙光面腻子,内墙光面腻子粉,high,施工现场口语常省略或加'粉'字
1119-1,1119,砼、砂浆及其他配合比材料 > 预拌砂浆 > 其他砂浆,material,内墙增强型耐水腻子,增强耐水腻子,medium,简化'内墙'和'型'字的常见叫法
1119-1,1119,砼、砂浆及其他配合比材料 > 预拌砂浆 > 其他砂浆,material,内墙找平腻子,内墙找平,medium,口语简化，省略腻子
1119-1,1119,砼、砂浆及其他配合比材料 > 预拌砂浆 > 其他砂浆,material,内墙耐水腻子,耐水腻子粉,high,常用俗称，省略'内墙'
1119-1,1119,砼、砂浆及其他配合比材料 > 预拌砂浆 > 其他砂浆,material,安墙宝内墙光面腻子,安墙宝内墙腻子,low,工地对品牌产品的简称
1119-1,1119,砼、砂浆及其他配合比材料 > 预拌砂浆 > 其他砂浆,material,干拌地面水泥砂浆,地面干拌砂浆,medium,调整语序的常见口语叫法
1119-1,1119,砼、砂浆及其他配合比材料 > 预拌砂浆 > 其他砂浆,material,干拌抹灰水泥砂浆,抹灰干拌砂浆,medium,调整语序的常见口语叫法
1119-1,1119,砼、砂浆及其他配合比材料 > 预拌砂浆 > 其他砂浆,material,无机防霉墙宝,防霉墙宝,medium,省略'无机'的产品简称
1119-1,1119,砼、砂浆及其他配合比材料 > 预拌砂浆 > 其他砂浆,material,水泥石灰砂浆,混合砂浆,high,水泥石灰混合而成的砂浆的标准行业俗称
1119-1,1119,砼、砂浆及其他配合比材料 > 预拌砂浆 > 其他砂浆,material,水泥石膏砂浆,石膏砂浆,high,施工现场的常见简称
1119-2,1119,砼、砂浆及其他配合比材料 > 预拌砂浆 > 其他砂浆,material,水泥石英砂砂浆,石英砂浆,high,省略水泥二字的简称
1119-2,1119,砼、砂浆及其他配合比材料 > 预拌砂浆 > 其他砂浆,material,水泥砂浆,灰浆,high,传统工地口语叫法
1119-2,1119,砼、砂浆及其他配合比材料 > 预拌砂浆 > 其他砂浆,material,润泵砂浆,泵润砂浆,medium,现场简称
1119-2,1119,砼、砂浆及其他配合比材料 > 预拌砂浆 > 其他砂浆,material,润管砂浆,管润砂浆,medium,现场简称
1119-2,1119,砼、砂浆及其他配合比材料 > 预拌砂浆 > 其他砂浆,material,混合砂浆,混浆,high,工地口语简称
1119-2,1119,砼、砂浆及其他配合比材料 > 预拌砂浆 > 其他砂浆,material,湿拌抹灰水泥砂浆,湿拌抹灰砂浆,high,省略水泥二字的常用叫法
1119-2,1119,砼、砂浆及其他配合比材料 > 预拌砂浆 > 其他砂浆,material,湿拌抹灰水泥砂浆,商混抹灰砂浆,medium,商品预拌砂浆的口语化称呼
1119-2,1119,砼、砂浆及其他配合比材料 > 预拌砂浆 > 其他砂浆,material,湿拌砌筑水泥砂浆,湿拌砌筑砂浆,high,省略水泥的常用叫法
1119-2,1119,砼、砂浆及其他配合比材料 > 预拌砂浆 > 其他砂浆,material,湿拌砌筑水泥砂浆,商混砌筑砂浆,medium,商品预拌砂浆的口语化称呼
1119-2,1119,砼、砂浆及其他配合比材料 > 预拌砂浆 > 其他砂浆,material,盾构砂浆,同步注浆料,high,盾构同步注浆工艺中使用的专用砂浆俗称
1119-2,1119,砼、砂浆及其他配合比材料 > 预拌砂浆 > 其他砂浆,material,盾构砂浆,惰性浆液,medium,盾构用低强度砂浆的工程别称
1119-2,1119,砼、砂浆及其他配合比材料 > 预拌砂浆 > 其他砂浆,material,质感配套专业找平砂浆,质感找平砂浆,high,省略配套专业等修饰词的简称
1119-2,1119,砼、砂浆及其他配合比材料 > 预拌砂浆 > 其他砂浆,material,高保水性地面砂浆,保水地面砂浆,high,省略高字的简称
1119-2,1119,砼、砂浆及其他配合比材料 > 预拌砂浆 > 其他砂浆,material,高保水性抹灰砂浆,保水抹灰砂浆,high,省略高字的简称
1119-2,1119,砼、砂浆及其他配合比材料 > 预拌砂浆 > 其他砂浆,material,高保水性砌筑砂浆,保水砌筑砂浆,high,省略高字的简称
1116-1,1116,砼、砂浆及其他配合比材料 > 预拌混凝土 > 特种混凝土,category,特种混凝土,特种砼,high,特种混凝土的简称，行业内通用
1116-1,1116,砼、砂浆及其他配合比材料 > 预拌混凝土 > 特种混凝土,category,特种混凝土,功能混凝土,medium,强调其特殊功能性的统称
1116-1,1116,砼、砂浆及其他配合比材料 > 预拌混凝土 > 特种混凝土,material,不发火混凝土,防爆混凝土,high,施工中常根据其功能称为防爆混凝土
1116-1,1116,砼、砂浆及其他配合比材料 > 预拌混凝土 > 特种混凝土,material,不发火混凝土,不发火砼,high,简称
1116-1,1116,砼、砂浆及其他配合比材料 > 预拌混凝土 > 特种混凝土,material,保温混凝土,隔热混凝土,high,基于其功能隔热保温的俗称
1116-1,1116,砼、砂浆及其他配合比材料 > 预拌混凝土 > 特种混凝土,material,保温混凝土,轻骨料混凝土,medium,常采用轻骨料达到保温效果，现场混叫
1116-1,1116,砼、砂浆及其他配合比材料 > 预拌混凝土 > 特种混凝土,material,发光混凝土,荧光混凝土,high,掺入荧光材料实现发光，俗称荧光混凝土
1116-1,1116,砼、砂浆及其他配合比材料 > 预拌混凝土 > 特种混凝土,material,发光混凝土,透光混凝土,medium,常因导光材料实现夜间发光而混称
1116-1,1116,砼、砂浆及其他配合比材料 > 预拌混凝土 > 特种混凝土,material,微膨胀混凝土,补偿收缩混凝土,high,学术及采购常用名，强调功能
1116-1,1116,砼、砂浆及其他配合比材料 > 预拌混凝土 > 特种混凝土,material,微膨胀混凝土,膨胀砼,high,简称
1116-1,1116,砼、砂浆及其他配合比材料 > 预拌混凝土 > 特种混凝土,material,微膨胀混凝土,无收缩混凝土,medium,现场为强调抗裂性能的口语叫法
1116-1,1116,砼、砂浆及其他配合比材料 > 预拌混凝土 > 特种混凝土,material,抗冻混凝土,防冻混凝土,high,施工现场通用俗称
1116-1,1116,砼、砂浆及其他配合比材料 > 预拌混凝土 > 特种混凝土,material,抗冻混凝土,抗冻砼,high,简称
1116-1,1116,砼、砂浆及其他配合比材料 > 预拌混凝土 > 特种混凝土,material,抗折混凝土,道路混凝土,high,常以路面、地坪等使用部位命名
1116-1,1116,砼、砂浆及其他配合比材料 > 预拌混凝土 > 特种混凝土,material,抗折混凝土,弯拉混凝土,medium,基于力学性能的俗称
1116-1,1116,砼、砂浆及其他配合比材料 > 预拌混凝土 > 特种混凝土,material,抗渗混凝土,防水混凝土,high,最常见俗称
1116-1,1116,砼、砂浆及其他配合比材料 > 预拌混凝土 > 特种混凝土,material,抗渗混凝土,抗渗砼,high,简称
1116-1,1116,砼、砂浆及其他配合比材料 > 预拌混凝土 > 特种混凝土,material,抗渗混凝土,抗渗防渗混凝土,medium,功能叠称，采购/技术文件常用
1116-1,1116,砼、砂浆及其他配合比材料 > 预拌混凝土 > 特种混凝土,material,抗硫混凝土,耐硫酸盐混凝土,high,全称，化学腐蚀环境下的通用叫法
1116-1,1116,砼、砂浆及其他配合比材料 > 预拌混凝土 > 特种混凝土,material,抗裂混凝土,防裂混凝土,high,施工现场直接叫法
1116-1,1116,砼、砂浆及其他配合比材料 > 预拌混凝土 > 特种混凝土,material,抗裂混凝土,抗裂砼,high,简称
1116-1,1116,砼、砂浆及其他配合比材料 > 预拌混凝土 > 特种混凝土,material,抗裂纤维混凝土,纤维混凝土,high,最常用简称
1116-1,1116,砼、砂浆及其他配合比材料 > 预拌混凝土 > 特种混凝土,material,抗裂纤维混凝土,钢纤维混凝土,medium,当纤维为钢纤维时的别称
1116-1,1116,砼、砂浆及其他配合比材料 > 预拌混凝土 > 特种混凝土,material,抗裂纤维混凝土,聚丙烯纤维砼,medium,当纤维为聚丙烯时的别称
1116-1,1116,砼、砂浆及其他配合比材料 > 预拌混凝土 > 特种混凝土,material,抗震泡沫混凝土,泡沫混凝土,high,对泡沫混凝土抗震分支的通用叫法
1116-1,1116,砼、砂浆及其他配合比材料 > 预拌混凝土 > 特种混凝土,material,抗震泡沫混凝土,轻质泡沫混凝土,medium,强调轻质抗震特性
1116-1,1116,砼、砂浆及其他配合比材料 > 预拌混凝土 > 特种混凝土,material,抗震混凝土,抗震砼,high,简称
1116-1,1116,砼、砂浆及其他配合比材料 > 预拌混凝土 > 特种混凝土,material,水下混凝土,水下不分散混凝土,high,完整名称的简写
1116-1,1116,砼、砂浆及其他配合比材料 > 预拌混凝土 > 特种混凝土,material,水下混凝土,水下浇筑砼,high,强调施工工艺的叫法
1116-1,1116,砼、砂浆及其他配合比材料 > 预拌混凝土 > 特种混凝土,material,水玻璃混凝土,水玻璃耐酸混凝土,high,常用全称
1116-1,1116,砼、砂浆及其他配合比材料 > 预拌混凝土 > 特种混凝土,material,水玻璃混凝土,硅酸钠混凝土,medium,基于水玻璃化学成分的学术/采购名
1116-1,1116,砼、砂浆及其他配合比材料 > 预拌混凝土 > 特种混凝土,material,清水混凝土,装饰混凝土,high,基于其一次成型饰面效果的分类名
1116-1,1116,砼、砂浆及其他配合比材料 > 预拌混凝土 > 特种混凝土,material,清水混凝土,免抹灰混凝土,medium,工地对效果的直白叫法
1116-1,1116,砼、砂浆及其他配合比材料 > 预拌混凝土 > 特种混凝土,material,清水混凝土,裸面混凝土,medium,对表面不处理的俗称
1116-1,1116,砼、砂浆及其他配合比材料 > 预拌混凝土 > 特种混凝土,material,砂浆混凝土,细石混凝土,high,砂浆混凝土通常指无粗骨料或粗骨料粒径很小的混凝土
1116-1,1116,砼、砂浆及其他配合比材料 > 预拌混凝土 > 特种混凝土,material,砂浆混凝土,细骨料混凝土,medium,强调骨料粒径
1116-1,1116,砼、砂浆及其他配合比材料 > 预拌混凝土 > 特种混凝土,material,硫磺混凝土,硫磺砂浆,high,硫磺作为胶结料时砂浆与混凝土界限模糊，采购时常混称
1116-1,1116,砼、砂浆及其他配合比材料 > 预拌混凝土 > 特种混凝土,material,硫磺混凝土,耐酸硫磺混凝土,medium,强调防腐功能
1116-1,1116,砼、砂浆及其他配合比材料 > 预拌混凝土 > 特种混凝土,material,碾压混凝土,RCC,high,英文 Roller Compacted Concrete 缩写，采购/施工常用
1116-1,1116,砼、砂浆及其他配合比材料 > 预拌混凝土 > 特种混凝土,material,碾压混凝土,干贫混凝土,high,基于低坍落度、低胶凝材料用料的俗称
1116-1,1116,砼、砂浆及其他配合比材料 > 预拌混凝土 > 特种混凝土,material,碾压混凝土,大坝混凝土,medium,水利工程中因其广泛应用而得名
1116-1,1116,砼、砂浆及其他配合比材料 > 预拌混凝土 > 特种混凝土,material,纤维抗渗混凝土,纤维防水混凝土,high,现场和采购中对防水抗渗的混合叫法
1116-1,1116,砼、砂浆及其他配合比材料 > 预拌混凝土 > 特种混凝土,material,纤维抗渗混凝土,复合纤维混凝土,medium,强调纤维和抗渗的双重作用
1116-1,1116,砼、砂浆及其他配合比材料 > 预拌混凝土 > 特种混凝土,material,缓凝混凝土,超缓凝混凝土,high,当缓凝时间较长时的通用叫法
1116-1,1116,砼、砂浆及其他配合比材料 > 预拌混凝土 > 特种混凝土,material,缓凝混凝土,长缓凝砼,medium,施工现场口语
1116-1,1116,砼、砂浆及其他配合比材料 > 预拌混凝土 > 特种混凝土,material,缓凝混凝土,慢凝混凝土,medium,相对速凝而言的口语
1116-1,1116,砼、砂浆及其他配合比材料 > 预拌混凝土 > 特种混凝土,material,耐久混凝土,高性能混凝土,high,耐久性常为高性能混凝土核心指标，常被混称
1116-1,1116,砼、砂浆及其他配合比材料 > 预拌混凝土 > 特种混凝土,material,耐久混凝土,HPC,medium,高性能混凝土英文缩写，采购技术文件常见
1116-1,1116,砼、砂浆及其他配合比材料 > 预拌混凝土 > 特种混凝土,material,耐久混凝土,长寿混凝土,low,工程形象叫法
1116-1,1116,砼、砂浆及其他配合比材料 > 预拌混凝土 > 特种混凝土,material,耐油混凝土,防油混凝土,high,施工现场常用叫法
1116-1,1116,砼、砂浆及其他配合比材料 > 预拌混凝土 > 特种混凝土,material,耐油混凝土,抗渗耐油混凝土,medium,常与抗渗要求一起提出
1116-1,1116,砼、砂浆及其他配合比材料 > 预拌混凝土 > 特种混凝土,material,耐火混凝土,耐热混凝土,high,常见混称
1116-1,1116,砼、砂浆及其他配合比材料 > 预拌混凝土 > 特种混凝土,material,耐火混凝土,耐火砼,high,简称
1116-1,1116,砼、砂浆及其他配合比材料 > 预拌混凝土 > 特种混凝土,material,耐火混凝土,防火混凝土,medium,基于功能的口语叫法
1116-1,1116,砼、砂浆及其他配合比材料 > 预拌混凝土 > 特种混凝土,material,耐碱混凝土,防碱混凝土,high,施工现场通用俗称
1116-1,1116,砼、砂浆及其他配合比材料 > 预拌混凝土 > 特种混凝土,material,耐磨混凝土,硬化地坪混凝土,high,常以地坪应用场景命名
1116-1,1116,砼、砂浆及其他配合比材料 > 预拌混凝土 > 特种混凝土,material,耐磨混凝土,钢化地坪砼,medium,采用硬化剂处理的采购叫法
1116-1,1116,砼、砂浆及其他配合比材料 > 预拌混凝土 > 特种混凝土,material,耐磨混凝土,高强耐磨砼,medium,强调强度和耐磨双重特性
1256-1,1256,管件及管道用器材 > 其他管件 > 其他管件,material,45°带直管弯头,45度带直段弯头,high,施工现场口语化表达
1256-1,1256,管件及管道用器材 > 其他管件 > 其他管件,material,90°带直管弯头,90度带直段弯头,high,施工现场口语化表达
1256-1,1256,管件及管道用器材 > 其他管件 > 其他管件,material,Y形三通,斜三通,high,形状特征叫法
1256-1,1256,管件及管道用器材 > 其他管件 > 其他管件,material,Y形三通,Y三通,high,简称
1256-1,1256,管件及管道用器材 > 其他管件 > 其他管件,material,丝接异径三通,丝扣变径三通,high,丝接即丝扣连接，口语叫法
1256-1,1256,管件及管道用器材 > 其他管件 > 其他管件,material,丝接异径三通,外丝变径三通,medium,常见俗称
1256-1,1256,管件及管道用器材 > 其他管件 > 其他管件,material,丝接异径四通,丝扣变径四通,high,丝接即丝扣连接，口语叫法
1256-1,1256,管件及管道用器材 > 其他管件 > 其他管件,material,丝接异径管,丝扣大小头,high,异径管俗称大小头
1256-1,1256,管件及管道用器材 > 其他管件 > 其他管件,material,丝接异径管,丝接大小头,high,丝接的大小头
1256-1,1256,管件及管道用器材 > 其他管件 > 其他管件,material,丝接异径管,外丝变径,medium,常见口语简称
1116-2,1116,砼、砂浆及其他配合比材料 > 预拌混凝土 > 特种混凝土,category,特种混凝土,特种砼,high,砼是混凝土的行业简称，特种混凝土常被简称为特种砼
1116-2,1116,砼、砂浆及其他配合比材料 > 预拌混凝土 > 特种混凝土,category,特种混凝土,功能混凝土,medium,施工单位有时按功能分类，统称这类有特殊性能的混凝土为功能混凝土
1116-2,1116,砼、砂浆及其他配合比材料 > 预拌混凝土 > 特种混凝土,material,聚合物混凝土,树脂混凝土,high,聚合物混凝土常以树脂为胶结料，现场口语常叫树脂混凝土
1116-2,1116,砼、砂浆及其他配合比材料 > 预拌混凝土 > 特种混凝土,material,聚合物混凝土,塑料混凝土,medium,部分工人因其胶结料特性，俗称为塑料混凝土
1116-2,1116,砼、砂浆及其他配合比材料 > 预拌混凝土 > 特种混凝土,material,膨胀混凝土,膨胀砼,high,砼是混凝土的简称
1116-2,1116,砼、砂浆及其他配合比材料 > 预拌混凝土 > 特种混凝土,material,膨胀混凝土,补偿收缩混凝土,high,膨胀混凝土的核心功能是补偿收缩，技术上常互称
1116-2,1116,砼、砂浆及其他配合比材料 > 预拌混凝土 > 特种混凝土,material,膨胀混凝土,微膨胀混凝土,medium,施工现场常按膨胀量大小俗称为微膨胀混凝土或微膨混凝土
1116-2,1116,砼、砂浆及其他配合比材料 > 预拌混凝土 > 特种混凝土,material,超流态混凝土,自密实混凝土,medium,超流态混凝土的高流动性使其能够自密实，两者在采购中常混称
1116-2,1116,砼、砂浆及其他配合比材料 > 预拌混凝土 > 特种混凝土,material,超流态混凝土,免振捣混凝土,medium,因其无需振捣的特性，现场口语叫免振捣混凝土
1116-2,1116,砼、砂浆及其他配合比材料 > 预拌混凝土 > 特种混凝土,material,超流态混凝土,高流动性混凝土,medium,按性能特征的口语称呼
1116-2,1116,砼、砂浆及其他配合比材料 > 预拌混凝土 > 特种混凝土,material,透水混凝土,透水砼,high,砼是混凝土的简称
1116-2,1116,砼、砂浆及其他配合比材料 > 预拌混凝土 > 特种混凝土,material,透水混凝土,无砂混凝土,high,透水混凝土常采用无砂或少砂配方，俗称无砂混凝土
1116-2,1116,砼、砂浆及其他配合比材料 > 预拌混凝土 > 特种混凝土,material,透水混凝土,多孔混凝土,medium,其孔隙结构特征的口语叫法
1116-2,1116,砼、砂浆及其他配合比材料 > 预拌混凝土 > 特种混凝土,material,速凝混凝土,快干混凝土,medium,施工现场俗称为快干混凝土
1116-2,1116,砼、砂浆及其他配合比材料 > 预拌混凝土 > 特种混凝土,material,速凝混凝土,喷射混凝土,medium,速凝混凝土多用于喷射施工，采购时有时直接叫喷射混凝土
1116-2,1116,砼、砂浆及其他配合比材料 > 预拌混凝土 > 特种混凝土,material,重晶石混凝土,重晶石砼,high,砼是混凝土的简称
1116-2,1116,砼、砂浆及其他配合比材料 > 预拌混凝土 > 特种混凝土,material,重晶石混凝土,钡混凝土,medium,重晶石主要成分为硫酸钡，防辐射工程中俗称钡混凝土
1116-2,1116,砼、砂浆及其他配合比材料 > 预拌混凝土 > 特种混凝土,material,钢渣混凝土,钢渣砼,high,砼是混凝土的简称
1116-2,1116,砼、砂浆及其他配合比材料 > 预拌混凝土 > 特种混凝土,material,钢纤维混凝土,钢纤砼,medium,砼是混凝土的简称，钢纤维简称为钢纤
1116-2,1116,砼、砂浆及其他配合比材料 > 预拌混凝土 > 特种混凝土,material,钢纤维混凝土,钢纤维砼,high,砼是混凝土的简称
1116-2,1116,砼、砂浆及其他配合比材料 > 预拌混凝土 > 特种混凝土,material,铁屑混凝土,耐磨混凝土,medium,铁屑混凝土主要用于耐磨地面，现场常称耐磨混凝土
1116-2,1116,砼、砂浆及其他配合比材料 > 预拌混凝土 > 特种混凝土,material,铁屑混凝土,金属骨料混凝土,medium,按骨料类型的统称
1116-2,1116,砼、砂浆及其他配合比材料 > 预拌混凝土 > 特种混凝土,material,防冻混凝土,防冻砼,high,砼是混凝土的简称
1116-2,1116,砼、砂浆及其他配合比材料 > 预拌混凝土 > 特种混凝土,material,防冻混凝土,抗冻混凝土,high,防冻与抗冻在施工口语中经常混用
1116-2,1116,砼、砂浆及其他配合比材料 > 预拌混凝土 > 特种混凝土,material,防冻混凝土,冬施混凝土,medium,冬季施工用的混凝土，现场简称冬施混凝土
1116-2,1116,砼、砂浆及其他配合比材料 > 预拌混凝土 > 特种混凝土,material,防水混凝土,防水砼,high,砼是混凝土的简称
1116-2,1116,砼、砂浆及其他配合比材料 > 预拌混凝土 > 特种混凝土,material,防水混凝土,抗渗混凝土,high,防水混凝土主要通过抗渗等级衡量，常被称为抗渗混凝土
1116-2,1116,砼、砂浆及其他配合比材料 > 预拌混凝土 > 特种混凝土,material,防水混凝土,密实混凝土,medium,通过提高密实度防水，常有此称
1116-2,1116,砼、砂浆及其他配合比材料 > 预拌混凝土 > 特种混凝土,material,防腐混凝土,防腐砼,high,砼是混凝土的简称
1116-2,1116,砼、砂浆及其他配合比材料 > 预拌混凝土 > 特种混凝土,material,防腐混凝土,耐酸混凝土,medium,防腐混凝土中耐酸类最常见，现场常直呼耐酸混凝土
1116-2,1116,砼、砂浆及其他配合比材料 > 预拌混凝土 > 特种混凝土,material,防腐混凝土,耐碱混凝土,medium,防腐混凝土中耐碱类的俗称
1116-2,1116,砼、砂浆及其他配合比材料 > 预拌混凝土 > 特种混凝土,material,防腐阻锈混凝土,防腐阻锈砼,high,砼是混凝土的简称
1116-2,1116,砼、砂浆及其他配合比材料 > 预拌混凝土 > 特种混凝土,material,防腐阻锈混凝土,阻锈防腐混凝土,medium,词序颠倒的常见口语叫法
1116-2,1116,砼、砂浆及其他配合比材料 > 预拌混凝土 > 特种混凝土,material,防辐射混凝土,防辐射砼,high,砼是混凝土的简称
1116-2,1116,砼、砂浆及其他配合比材料 > 预拌混凝土 > 特种混凝土,material,防辐射混凝土,屏蔽混凝土,medium,防辐射的核心作用是屏蔽射线，专业简称屏蔽混凝土
1116-2,1116,砼、砂浆及其他配合比材料 > 预拌混凝土 > 特种混凝土,material,防辐射混凝土,重混凝土,medium,防辐射混凝土多为重骨料配制，俗称重混凝土
1116-2,1116,砼、砂浆及其他配合比材料 > 预拌混凝土 > 特种混凝土,material,阻锈混凝土,阻锈砼,high,砼是混凝土的简称
1116-2,1116,砼、砂浆及其他配合比材料 > 预拌混凝土 > 特种混凝土,material,阻锈混凝土,防锈混凝土,high,阻锈和防锈在口语中通用
1116-2,1116,砼、砂浆及其他配合比材料 > 预拌混凝土 > 特种混凝土,material,预应力混凝土,预应力砼,high,砼是混凝土的简称
1116-2,1116,砼、砂浆及其他配合比材料 > 预拌混凝土 > 特种混凝土,material,预应力混凝土,PC构件,medium,预应力混凝土预制构件的英文简称，有时泛指预应力混凝土
1116-2,1116,砼、砂浆及其他配合比材料 > 预拌混凝土 > 特种混凝土,material,高延性混凝土,高延性砼,high,砼是混凝土的简称
1116-2,1116,砼、砂浆及其他配合比材料 > 预拌混凝土 > 特种混凝土,material,高延性混凝土,ECC,medium,Engineered Cementitious Composite的简称，高延性混凝土的代表材料
1116-2,1116,砼、砂浆及其他配合比材料 > 预拌混凝土 > 特种混凝土,material,高延性混凝土,可弯曲混凝土,medium,因其高延性可弯曲特性，媒体和现场推广时常用此称
1116-2,1116,砼、砂浆及其他配合比材料 > 预拌混凝土 > 特种混凝土,material,高延性防水抗裂复合材料,HDC,medium,High Ductile Composite的简称，在加固行业中常以此代称
1116-2,1116,砼、砂浆及其他配合比材料 > 预拌混凝土 > 特种混凝土,material,高延性防水抗裂复合材料,高延性砂浆,medium,施工中常将其视为特种砂浆，口语称为高延性砂浆
1116-2,1116,砼、砂浆及其他配合比材料 > 预拌混凝土 > 特种混凝土,material,高延性防水抗裂复合材料,高延性复合材料,high,省略防水抗裂特征词的简略叫法
1116-2,1116,砼、砂浆及其他配合比材料 > 预拌混凝土 > 特种混凝土,material,高性能混凝土,高性能砼,high,砼是混凝土的简称
1116-2,1116,砼、砂浆及其他配合比材料 > 预拌混凝土 > 特种混凝土,material,高性能混凝土,HPC,high,High Performance Concrete的英文缩写，业内常用
1118-2,1118,砼、砂浆及其他配合比材料 > 预拌砂浆 > 特种砂浆,category,特种砂浆,特种灰,low,施工现场口语中有时用'灰'代指砂浆，将各种功能性特种砂浆统称
1118-2,1118,砼、砂浆及其他配合比材料 > 预拌砂浆 > 特种砂浆,category,特种砂浆,专用砂浆,medium,指代具有特殊功能的预拌砂浆，区别于普通砌筑抹灰砂浆
1118-2,1118,砼、砂浆及其他配合比材料 > 预拌砂浆 > 特种砂浆,material,耐火砂浆,防火砂浆,high,功能性同义，常用于钢结构或墙体防火保护层
1118-2,1118,砼、砂浆及其他配合比材料 > 预拌砂浆 > 特种砂浆,material,耐热砂浆,耐高温砂浆,medium,强调耐受高温工况的特性
1118-2,1118,砼、砂浆及其他配合比材料 > 预拌砂浆 > 特种砂浆,material,耐磨地坪砂浆,耐磨地坪料,medium,施工现场对地坪用特种砂浆的简称
1118-2,1118,砼、砂浆及其他配合比材料 > 预拌砂浆 > 特种砂浆,material,耐磨地坪砂浆,硬化地坪砂浆,low,强调其表面硬化、耐磨的特性
1118-2,1118,砼、砂浆及其他配合比材料 > 预拌砂浆 > 特种砂浆,material,耐腐蚀砂浆,防腐砂浆,high,标准缩略语，采购和施工中高频使用的简称
1118-2,1118,砼、砂浆及其他配合比材料 > 预拌砂浆 > 特种砂浆,material,耐酸砂浆,耐酸胶泥,high,在防腐工程中，耐酸砂浆常被称作耐酸胶泥
1118-2,1118,砼、砂浆及其他配合比材料 > 预拌砂浆 > 特种砂浆,material,聚合物砂浆,丙乳砂浆,medium,以丙烯酸酯共聚乳液等为改性剂的聚合物砂浆，特定成分简称
1118-2,1118,砼、砂浆及其他配合比材料 > 预拌砂浆 > 特种砂浆,material,胶粉聚苯颗粒砂浆,聚苯颗粒保温砂浆,high,强调其保温隔热的核心功能
1118-2,1118,砼、砂浆及其他配合比材料 > 预拌砂浆 > 特种砂浆,material,胶粉聚苯颗粒砂浆,颗粒保温砂浆,medium,口语中省略'聚苯'的简化叫法
1118-2,1118,砼、砂浆及其他配合比材料 > 预拌砂浆 > 特种砂浆,material,自流平砂浆,自流平,high,行业内极高频使用的简称
1118-2,1118,砼、砂浆及其他配合比材料 > 预拌砂浆 > 特种砂浆,material,自流平砂浆,自流平水泥,high,水泥基自流平砂浆的通俗叫法
1118-2,1118,砼、砂浆及其他配合比材料 > 预拌砂浆 > 特种砂浆,material,补偿收缩砂浆,膨胀砂浆,medium,利用膨胀剂补偿收缩，采购和施工端直接称呼其主要特性
1118-2,1118,砼、砂浆及其他配合比材料 > 预拌砂浆 > 特种砂浆,material,装饰砂浆,质感砂浆,medium,强调其装饰质感和造型效果
1118-2,1118,砼、砂浆及其他配合比材料 > 预拌砂浆 > 特种砂浆,material,超早强砂浆,快硬砂浆,high,超早强意味着快速硬化，同义别称
1118-2,1118,砼、砂浆及其他配合比材料 > 预拌砂浆 > 特种砂浆,material,超早强砂浆,抢修砂浆,medium,常用于抢修工程，以其应用场景代称
1118-2,1118,砼、砂浆及其他配合比材料 > 预拌砂浆 > 特种砂浆,material,重晶石砂浆,钡砂浆,medium,重晶石主要成分为硫酸钡，作为防辐射等功能砂浆的代称
1118-2,1118,砼、砂浆及其他配合比材料 > 预拌砂浆 > 特种砂浆,material,钢屑砂浆,铁屑砂浆,high,钢屑和铁屑在工程口语中常混用
1118-2,1118,砼、砂浆及其他配合比材料 > 预拌砂浆 > 特种砂浆,material,钢纤维砂浆,钢纤维混凝土,medium,钢纤维掺入砂浆后，施工中常与细石混凝土混淆称呼
1118-2,1118,砼、砂浆及其他配合比材料 > 预拌砂浆 > 特种砂浆,material,防冻砂浆,冬施砂浆,medium,冬季施工用砂浆的习惯简称
1118-2,1118,砼、砂浆及其他配合比材料 > 预拌砂浆 > 特种砂浆,material,防冻砂浆,负温砂浆,medium,强调其可以在负温条件下施工和硬化的特性
1118-2,1118,砼、砂浆及其他配合比材料 > 预拌砂浆 > 特种砂浆,material,防水砂浆,防水灰浆,medium,防水砂浆施工时呈浆料状，常称防水灰浆
1118-2,1118,砼、砂浆及其他配合比材料 > 预拌砂浆 > 特种砂浆,material,防水砂浆,刚性防水料,low,区别于柔性防水涂料，强调其刚性特质
1118-2,1118,砼、砂浆及其他配合比材料 > 预拌砂浆 > 特种砂浆,material,防辐射砂浆,屏蔽砂浆,medium,屏蔽射线的功能性叫法
1118-2,1118,砼、砂浆及其他配合比材料 > 预拌砂浆 > 特种砂浆,material,防静电水泥砂浆,导静电砂浆,medium,防静电功能通常通过添加导电材料实现，采购指标常提'导静电'
1118-2,1118,砼、砂浆及其他配合比材料 > 预拌砂浆 > 特种砂浆,material,隔音砂浆,隔声砂浆,high,隔音和隔声在工程规范中通用，用于楼板隔音
1118-1,1118,砼、砂浆及其他配合比材料 > 预拌砂浆 > 特种砂浆,category,特种砂浆,特种沙浆,high,砂浆、沙浆在施工现场混用非常普遍
1118-1,1118,砼、砂浆及其他配合比材料 > 预拌砂浆 > 特种砂浆,category,特种砂浆,功能沙浆,low,强调其非普通砌筑抹灰的特殊功能
1118-1,1118,砼、砂浆及其他配合比材料 > 预拌砂浆 > 特种砂浆,material,不发火水泥砂浆,防爆砂浆,medium,不发火功能主要用于防爆地面
1118-1,1118,砼、砂浆及其他配合比材料 > 预拌砂浆 > 特种砂浆,material,不发火水泥砂浆,不发火砂浆,high,口头常省略水泥二字
1118-1,1118,砼、砂浆及其他配合比材料 > 预拌砂浆 > 特种砂浆,material,不发火沥青砂浆,沥青防爆砂浆,low,结合功能与材料的口语叫法
1118-1,1118,砼、砂浆及其他配合比材料 > 预拌砂浆 > 特种砂浆,material,不饱和聚酯砂浆,聚酯砂浆,high,施工现场常省略不饱和三字
1118-1,1118,砼、砂浆及其他配合比材料 > 预拌砂浆 > 特种砂浆,material,不饱和聚酯砂浆,UP砂浆,low,不饱和聚酯树脂英文缩写
1118-1,1118,砼、砂浆及其他配合比材料 > 预拌砂浆 > 特种砂浆,material,保温砂浆,隔热砂浆,medium,功能相近，口语中常混用
1118-1,1118,砼、砂浆及其他配合比材料 > 预拌砂浆 > 特种砂浆,material,修补砂浆,补烂砂浆,medium,施工现场对修补缺陷的口语化叫法
1118-1,1118,砼、砂浆及其他配合比材料 > 预拌砂浆 > 特种砂浆,material,修补砂浆,快补砂浆,low,部分修补砂浆具有快硬特性
1118-1,1118,砼、砂浆及其他配合比材料 > 预拌砂浆 > 特种砂浆,material,加固砂浆,高强修补砂浆,low,加固常用高强度砂浆，口语中连带叫法
1118-1,1118,砼、砂浆及其他配合比材料 > 预拌砂浆 > 特种砂浆,material,勾缝砂浆,填缝剂,medium,勾缝与填缝在施工中常混用
1118-1,1118,砼、砂浆及其他配合比材料 > 预拌砂浆 > 特种砂浆,material,填充砂浆,灌浆料,medium,填充砂浆经常用于灌注，与灌浆料界限模糊
1118-1,1118,砼、砂浆及其他配合比材料 > 预拌砂浆 > 特种砂浆,material,彩色砂浆,色浆砂浆,low,强调是通过加入色浆调色的砂浆
1118-1,1118,砼、砂浆及其他配合比材料 > 预拌砂浆 > 特种砂浆,material,微膨胀砂浆,膨胀砂浆,high,口语中常省略微字
1118-1,1118,砼、砂浆及其他配合比材料 > 预拌砂浆 > 特种砂浆,material,抗裂砂浆,防裂砂浆,medium,抗裂与防裂同义
1118-1,1118,砼、砂浆及其他配合比材料 > 预拌砂浆 > 特种砂浆,material,抹面砂浆,抹灰砂浆,high,抹面与抹灰在施工中混用很普遍
1118-1,1118,砼、砂浆及其他配合比材料 > 预拌砂浆 > 特种砂浆,material,抹面胶浆,抹面胶,high,口头简称
1118-1,1118,砼、砂浆及其他配合比材料 > 预拌砂浆 > 特种砂浆,material,抹面胶浆,苯板胶,medium,在外墙外保温系统中用于抹面的通俗叫法
1118-1,1118,砼、砂浆及其他配合比材料 > 预拌砂浆 > 特种砂浆,material,支座砂浆,座浆料,high,用于支座灌浆的俗称
1118-1,1118,砼、砂浆及其他配合比材料 > 预拌砂浆 > 特种砂浆,material,支座砂浆,高强无收缩灌浆料,medium,支座砂浆的核心指标和代称
1118-1,1118,砼、砂浆及其他配合比材料 > 预拌砂浆 > 特种砂浆,material,早强砂浆,快干砂浆,medium,早强在地面、修补工程中口语叫快干
1118-1,1118,砼、砂浆及其他配合比材料 > 预拌砂浆 > 特种砂浆,material,早强砂浆,快硬砂浆,medium,早强的通俗说法
1118-1,1118,砼、砂浆及其他配合比材料 > 预拌砂浆 > 特种砂浆,material,水玻璃砂浆,耐酸砂浆,medium,水玻璃砂浆典型用途是耐酸
1118-1,1118,砼、砂浆及其他配合比材料 > 预拌砂浆 > 特种砂浆,material,沥青砂浆,沥青油砂,medium,骨料级配好的沥青砂浆俗称油砂
1118-1,1118,砼、砂浆及其他配合比材料 > 预拌砂浆 > 特种砂浆,material,环氧树脂砂浆,环氧砂浆,high,口语中常省略树脂二字
1118-1,1118,砼、砂浆及其他配合比材料 > 预拌砂浆 > 特种砂浆,material,环氧煤焦油砂浆,煤焦油环氧,low,调整词序的口语叫法
1118-1,1118,砼、砂浆及其他配合比材料 > 预拌砂浆 > 特种砂浆,material,环氧砂浆,AB胶砂浆,medium,环氧需AB组分混合，基层俗称
1118-1,1118,砼、砂浆及其他配合比材料 > 预拌砂浆 > 特种砂浆,material,界面砂浆,界面剂,high,虽然界面剂更液状，但现场常混用
1118-1,1118,砼、砂浆及其他配合比材料 > 预拌砂浆 > 特种砂浆,material,界面砂浆,甩浆料,medium,施工工艺甩浆所用的材料
1118-1,1118,砼、砂浆及其他配合比材料 > 预拌砂浆 > 特种砂浆,material,硫酸钡砂浆,防辐射砂浆,high,硫酸钡主要功能是防辐射
1118-1,1118,砼、砂浆及其他配合比材料 > 预拌砂浆 > 特种砂浆,material,硫酸钡砂浆,钡砂浆,medium,口语简称
1118-1,1118,砼、砂浆及其他配合比材料 > 预拌砂浆 > 特种砂浆,material,粘结砂浆,粘接砂浆,high,粘结与粘接通假混用
1118-1,1118,砼、砂浆及其他配合比材料 > 预拌砂浆 > 特种砂浆,material,粘结砂浆,苯板粘接剂,medium,在外保温系统中粘苯板的砂浆的俗称
1118-1,1118,砼、砂浆及其他配合比材料 > 预拌砂浆 > 特种砂浆,material,纤维砂浆,抗裂纤维砂浆,low,纤维主要功能是抗裂
1256-5,1256,管件及管道用器材 > 其他管件 > 其他管件,material,螺母移动转换接头,活接转换头,medium,因其一端可通过螺母移动实现活接式连接而得名
1256-5,1256,管件及管道用器材 > 其他管件 > 其他管件,material,螺母移动转换接头,游任转换接头,medium,施工现场对移动活节连接方式的俗称
1256-5,1256,管件及管道用器材 > 其他管件 > 其他管件,material,螺纹偏心异径管,丝扣偏心大小头,high,施工现场的通用口语叫法，螺纹即丝扣，异径管即大小头，偏心的物理形态
1256-5,1256,管件及管道用器材 > 其他管件 > 其他管件,material,螺纹偏心异径管,丝扣偏变径,medium,施工现场对其功能和连接方式的简化叫法
1256-5,1256,管件及管道用器材 > 其他管件 > 其他管件,material,螺纹同心异径管,丝扣同心大小头,high,施工现场的通用口语叫法，同心是区别于偏心的物理形态
1256-5,1256,管件及管道用器材 > 其他管件 > 其他管件,material,螺纹同心异径管,丝扣正变径,medium,施工现场对其功能和连接方式的简化叫法
1256-5,1256,管件及管道用器材 > 其他管件 > 其他管件,material,阀兰转换接头,法兰转换头,high,阀兰为法兰的常见非标准替代字或简写，现场常直接读作法兰转换头
1256-2,1256,管件及管道用器材 > 其他管件 > 其他管件,category,其他管件,丝扣管件,high,因多数管件采用螺纹连接（俗称丝扣）得名，可作为此子集类别总称
1256-2,1256,管件及管道用器材 > 其他管件 > 其他管件,category,其他管件,接头,medium,施工现场常统称各类连接管件为接头
1256-2,1256,管件及管道用器材 > 其他管件 > 其他管件,material,丝接机械三通,丝扣机械三通,high,丝接即丝扣连接
1256-2,1256,管件及管道用器材 > 其他管件 > 其他管件,material,丝接机械三通,机械丝扣三通,medium,语序变化
1256-2,1256,管件及管道用器材 > 其他管件 > 其他管件,material,丝接机械四通,丝扣机械四通,high,丝接即丝扣连接
1256-2,1256,管件及管道用器材 > 其他管件 > 其他管件,material,丝接转换法兰,丝扣法兰,high,一端丝接的法兰，现场简称
1256-2,1256,管件及管道用器材 > 其他管件 > 其他管件,material,内外螺母(补芯),补芯,high,标准名已包含此俗称，最常见叫法
1256-2,1256,管件及管道用器材 > 其他管件 > 其他管件,material,内外螺母(补芯),内外丝箍,low,用于内外螺纹转换，部分地区叫法
1256-2,1256,管件及管道用器材 > 其他管件 > 其他管件,material,内接头(外螺纹直通),对丝,high,双头外丝直通接头，俗称对丝
1256-2,1256,管件及管道用器材 > 其他管件 > 其他管件,material,内接头(外螺纹直通),外丝直通,high,标准名括号内的叫法
1256-2,1256,管件及管道用器材 > 其他管件 > 其他管件,material,内螺纹三通,内丝三通,high,内螺纹俗称内丝
1256-2,1256,管件及管道用器材 > 其他管件 > 其他管件,material,内螺纹三通,三通内丝,medium,语序变化
1256-2,1256,管件及管道用器材 > 其他管件 > 其他管件,material,内螺纹弯头,内丝弯头,high,内螺纹俗称内丝
1256-2,1256,管件及管道用器材 > 其他管件 > 其他管件,material,内螺纹弯头,内牙弯头,medium,部分地区称螺纹为牙
1256-2,1256,管件及管道用器材 > 其他管件 > 其他管件,material,内螺纹直通,内丝直通,high,内螺纹俗称内丝
1256-2,1256,管件及管道用器材 > 其他管件 > 其他管件,material,内螺纹直通,内牙直通,medium,部分地区称螺纹为牙
1256-2,1256,管件及管道用器材 > 其他管件 > 其他管件,material,内螺纹直通,内丝管箍,high,双头内丝直通常称管箍
1256-2,1256,管件及管道用器材 > 其他管件 > 其他管件,material,内螺纹转换接头,内丝转换头,medium,简称
1256-2,1256,管件及管道用器材 > 其他管件 > 其他管件,material,刚性管接头,刚性卡箍,high,沟槽连接中的刚性接头俗称刚性卡箍
1256-2,1256,管件及管道用器材 > 其他管件 > 其他管件,material,刚性管接头,刚性接头,medium,简称
1256-2,1256,管件及管道用器材 > 其他管件 > 其他管件,material,反边接头,松套法兰,medium,利用翻边松套的法兰接头
1256-2,1256,管件及管道用器材 > 其他管件 > 其他管件,material,反边接头,翻边短管,medium,用于与法兰配合的翻边短管
1256-2,1256,管件及管道用器材 > 其他管件 > 其他管件,material,变径,大小头,high,最通用俗称
1256-2,1256,管件及管道用器材 > 其他管件 > 其他管件,material,变径,异径管,high,正式简称
1256-2,1256,管件及管道用器材 > 其他管件 > 其他管件,material,变径,缩径,low,偏向动作描述，也可指代该管件
1256-2,1256,管件及管道用器材 > 其他管件 > 其他管件,material,可调直通,伸缩节,high,可调节长度，常用于补偿或调整
1256-2,1256,管件及管道用器材 > 其他管件 > 其他管件,material,可调直通,活接,low,若为可拆卸结构，现场可能混叫活接
1256-2,1256,管件及管道用器材 > 其他管件 > 其他管件,material,固定节,固定支座,high,用于固定管道的支座件
1256-2,1256,管件及管道用器材 > 其他管件 > 其他管件,material,固定节,止推环,low,用于轴向固定的卡环
1256-2,1256,管件及管道用器材 > 其他管件 > 其他管件,material,外接头(直通),管箍,high,双头内丝直通
1256-2,1256,管件及管道用器材 > 其他管件 > 其他管件,material,外接头(直通),直接,medium,外接头的简称
1256-2,1256,管件及管道用器材 > 其他管件 > 其他管件,material,外接头(直通),内丝直接,high,区别于外丝对丝
1256-2,1256,管件及管道用器材 > 其他管件 > 其他管件,material,外螺纹三通,外丝三通,high,外螺纹俗称外丝
1256-2,1256,管件及管道用器材 > 其他管件 > 其他管件,material,外螺纹弯头,外丝弯头,high,外螺纹俗称外丝
1256-2,1256,管件及管道用器材 > 其他管件 > 其他管件,material,外螺纹弯头,外牙弯头,medium,部分地区叫法
1256-2,1256,管件及管道用器材 > 其他管件 > 其他管件,material,外螺纹转换接头,外丝转换头,medium,简称
1256-2,1256,管件及管道用器材 > 其他管件 > 其他管件,material,开片器,开孔器,low,管道分支开孔用工具，可能混称
1256-2,1256,管件及管道用器材 > 其他管件 > 其他管件,material,异径45°弯头,45°变径弯头,high,口头叫法
1256-2,1256,管件及管道用器材 > 其他管件 > 其他管件,material,异径45°弯头,异径45度弯头,high,符号转文字
1256-2,1256,管件及管道用器材 > 其他管件 > 其他管件,material,异径90°弯头,90°变径弯头,high,口头叫法
1256-2,1256,管件及管道用器材 > 其他管件 > 其他管件,material,异径90°弯头,异径90度弯头,high,符号转文字
1256-2,1256,管件及管道用器材 > 其他管件 > 其他管件,material,异径中大三通,中大异径三通,medium,语序变化，表示支管比主管大
1256-2,1256,管件及管道用器材 > 其他管件 > 其他管件,material,异径中大三通,大小三通,low,变径三通的统称，不区分中大或中小
1255-1,1255,管件及管道用器材 > 管道用器材 > 其他管道用器材,material,消火栓减压孔板,栓用减压孔板,medium,施工现场对消火栓专用减压孔板的简略称呼
1255-1,1255,管件及管道用器材 > 管道用器材 > 其他管道用器材,material,节流孔板,节流板,medium,孔板类节流元件的常见简称
1255-1,1255,管件及管道用器材 > 管道用器材 > 其他管道用器材,material,限流孔板,限流板,medium,孔板类限流元件的常见简称
1242-1,1242,管件及管道用器材 > 塑料管件 > 塑料管件,category,塑料管件,塑料接头,high,施工现场对各类塑料管件的泛称
1242-1,1242,管件及管道用器材 > 塑料管件 > 塑料管件,category,塑料管件,PVC管件,medium,塑料管件中PVC类最常见，口语中常以此代指
1242-1,1242,管件及管道用器材 > 塑料管件 > 塑料管件,category,塑料管件,塑料配件,medium,采购清单中常用，与主管材区分
1242-1,1242,管件及管道用器材 > 塑料管件 > 塑料管件,material,PVC-C消防专用管道,CPVC消防管,high,PVC-C即氯化聚氯乙烯，行业简称CPVC
1242-1,1242,管件及管道用器材 > 塑料管件 > 塑料管件,material,PVC-C消防专用管道,消防管,medium,在消防工程语境下的口语简称
1242-1,1242,管件及管道用器材 > 塑料管件 > 塑料管件,material,偏心异径套,偏心大小头套,medium,异径管常被称为大小头，带套结构
1242-1,1242,管件及管道用器材 > 塑料管件 > 塑料管件,material,偏心异径套,偏心补芯套,low,部分南方地区口语叫法
1242-1,1242,管件及管道用器材 > 塑料管件 > 塑料管件,material,卡子直通,管卡直通,medium,卡子即管卡的俗称
1242-1,1242,管件及管道用器材 > 塑料管件 > 塑料管件,material,双联弯头,双联弯,medium,施工现场口语简化
1242-1,1242,管件及管道用器材 > 塑料管件 > 塑料管件,material,双联直接,双联直通,high,直接即直通的俗称
1242-1,1242,管件及管道用器材 > 塑料管件 > 塑料管件,material,平面四通,四通,medium,在平面管件语境下省略前缀
1242-1,1242,管件及管道用器材 > 塑料管件 > 塑料管件,material,异径套,大小头套,high,异径管通用俗称
1242-1,1242,管件及管道用器材 > 塑料管件 > 塑料管件,material,异径套,变径套,medium,变径与异径同意，工地常用
1242-1,1242,管件及管道用器材 > 塑料管件 > 塑料管件,material,滤帽,过滤网帽,medium,功能与形态组合叫法
1242-1,1242,管件及管道用器材 > 塑料管件 > 塑料管件,material,滤帽,滤网头,low,方言或部分地区口语
1242-1,1242,管件及管道用器材 > 塑料管件 > 塑料管件,material,管托,管道支架,medium,管托本质是支撑件，工地常混称支架
1242-1,1242,管件及管道用器材 > 塑料管件 > 塑料管件,material,管托,管卡托,low,带有卡扣功能的管托
1242-1,1242,管件及管道用器材 > 塑料管件 > 塑料管件,material,防漏环,止水环,high,防漏功能件通用叫法
1242-1,1242,管件及管道用器材 > 塑料管件 > 塑料管件,material,防漏环,防水圈,medium,现场口语简化
1256-3,1256,管件及管道用器材 > 其他管件 > 其他管件,category,其他管件,沟槽件,high,该分类下大量沟槽式管件，施工现场常统称为沟槽件
1256-3,1256,管件及管道用器材 > 其他管件 > 其他管件,category,其他管件,卡箍件,medium,沟槽连接件俗称卡箍件
1256-3,1256,管件及管道用器材 > 其他管件 > 其他管件,material,异径中小三通,异径三通,high,施工现场普遍省略’中小’二字
1256-3,1256,管件及管道用器材 > 其他管件 > 其他管件,material,异径中小三通,大小三通,medium,因口径变化俗称大小三通
1256-3,1256,管件及管道用器材 > 其他管件 > 其他管件,material,异径内接头(外螺纹直通),大小头内接,medium,俗称大小头或内接
1256-3,1256,管件及管道用器材 > 其他管件 > 其他管件,material,异径内接头(外螺纹直通),补芯,high,外螺纹直通异径接头俗称补芯
1256-3,1256,管件及管道用器材 > 其他管件 > 其他管件,material,异径外接头(直通),大小头,high,异径直通常称大小头
1256-3,1256,管件及管道用器材 > 其他管件 > 其他管件,material,异径外接头(直通),外接大小头,medium,强调外接头的变化
1256-3,1256,管件及管道用器材 > 其他管件 > 其他管件,material,弯管簧,弯管弹簧,high,弯管簧全称即弯管弹簧
1256-3,1256,管件及管道用器材 > 其他管件 > 其他管件,material,弯管簧,弹簧弯管器,medium,口语称弹簧弯管器
1256-3,1256,管件及管道用器材 > 其他管件 > 其他管件,material,快速管堵节,快堵,medium,现场简称快堵
1256-3,1256,管件及管道用器材 > 其他管件 > 其他管件,material,快速管堵节,抢修节,high,常用于快速抢修封堵
1256-3,1256,管件及管道用器材 > 其他管件 > 其他管件,material,抢修器,哈夫节,high,管道抢修器俗称为哈夫节
1256-3,1256,管件及管道用器材 > 其他管件 > 其他管件,material,抢修器,抢修包,medium,某些区域口语称抢修包
1256-3,1256,管件及管道用器材 > 其他管件 > 其他管件,material,机械三通下片,三通卡箍下片,medium,机械三通即三通卡箍的下半部分
1256-3,1256,管件及管道用器材 > 其他管件 > 其他管件,material,柔性管接头,挠性接头,high,柔性即挠性
1256-3,1256,管件及管道用器材 > 其他管件 > 其他管件,material,柔性管接头,软接头,high,现场口语称软接头
1256-3,1256,管件及管道用器材 > 其他管件 > 其他管件,material,检查口螺帽,堵头螺帽,medium,用于检查口的堵头
1256-3,1256,管件及管道用器材 > 其他管件 > 其他管件,material,沟槽11.25°弯头,卡箍11度弯头,medium,沟槽俗称卡箍，角度口语化
1256-3,1256,管件及管道用器材 > 其他管件 > 其他管件,material,沟槽11.5°弯头,卡箍11度半弯头,medium,沟槽俗称卡箍
1256-3,1256,管件及管道用器材 > 其他管件 > 其他管件,material,沟槽15°弯头,卡箍15度弯头,high,沟槽俗称卡箍
1256-3,1256,管件及管道用器材 > 其他管件 > 其他管件,material,沟槽22.5°弯头,卡箍22度半弯头,high,沟槽俗称卡箍
1256-3,1256,管件及管道用器材 > 其他管件 > 其他管件,material,沟槽30°弯头,卡箍30度弯头,high,沟槽俗称卡箍
1256-3,1256,管件及管道用器材 > 其他管件 > 其他管件,material,沟槽45°弯头,卡箍45度弯头,high,沟槽俗称卡箍
1256-3,1256,管件及管道用器材 > 其他管件 > 其他管件,material,沟槽45°弯头,沟槽45度,medium,施工现场直接简称
1256-3,1256,管件及管道用器材 > 其他管件 > 其他管件,material,沟槽5°弯头,卡箍5度弯头,medium,小角度弯头俗称
1256-3,1256,管件及管道用器材 > 其他管件 > 其他管件,material,沟槽7°弯头,卡箍7度弯头,medium,小角度弯头俗称
1256-3,1256,管件及管道用器材 > 其他管件 > 其他管件,material,沟槽8°弯头,卡箍8度弯头,medium,小角度弯头俗称
1256-3,1256,管件及管道用器材 > 其他管件 > 其他管件,material,沟槽90°弯头,卡箍90度弯头,high,沟槽俗称卡箍
1256-3,1256,管件及管道用器材 > 其他管件 > 其他管件,material,沟槽90°弯头,沟槽直角弯头,medium,90度即直角
1256-3,1256,管件及管道用器材 > 其他管件 > 其他管件,material,沟槽H管,卡箍H管,high,沟槽式H管俗称
1256-3,1256,管件及管道用器材 > 其他管件 > 其他管件,material,沟槽M管,卡箍M管,medium,沟槽式M管，较少见，但沟槽即卡箍
1256-3,1256,管件及管道用器材 > 其他管件 > 其他管件,material,沟槽偏心异径管,卡箍偏心大小头,high,偏心异径管俗称偏心大小头
1256-3,1256,管件及管道用器材 > 其他管件 > 其他管件,material,沟槽偏心异径管,沟槽大小头,medium,施工现场直接简称
1256-3,1256,管件及管道用器材 > 其他管件 > 其他管件,material,沟槽分体法兰,卡箍法兰,high,分体法兰即卡箍式法兰
1256-3,1256,管件及管道用器材 > 其他管件 > 其他管件,material,沟槽分体法兰,对夹法兰,medium,俗称对夹法兰
1256-3,1256,管件及管道用器材 > 其他管件 > 其他管件,material,沟槽同心异径管,卡箍同心大小头,high,同心异径管俗称大小头
1256-3,1256,管件及管道用器材 > 其他管件 > 其他管件,material,沟槽同心异径管,沟槽大小头,medium,施工现场直接简称
1256-3,1256,管件及管道用器材 > 其他管件 > 其他管件,material,沟槽堵头,卡箍堵头,high,沟槽式管塞俗称
1256-3,1256,管件及管道用器材 > 其他管件 > 其他管件,material,沟槽堵头,沟槽管帽,medium,封堵管端俗称管帽
1256-4,1256,管件及管道用器材 > 其他管件 > 其他管件,material,沟槽异径三通,沟槽变径三通,high,异径在口语中常说成变径
1256-4,1256,管件及管道用器材 > 其他管件 > 其他管件,material,沟槽异径三通,沟槽大小头三通,medium,异径三通俗称大小头三通
1256-4,1256,管件及管道用器材 > 其他管件 > 其他管件,material,沟槽异径四通,沟槽变径四通,high,异径与变径同义
1256-4,1256,管件及管道用器材 > 其他管件 > 其他管件,material,沟槽异径四通,沟槽大小头四通,medium,异径管件俗称大小头
1256-4,1256,管件及管道用器材 > 其他管件 > 其他管件,material,沟槽式法兰短管,沟槽法兰短管,high,简称，省略‘式’字
1256-4,1256,管件及管道用器材 > 其他管件 > 其他管件,material,沟槽式法兰短管,卡箍法兰短管,medium,沟槽连接又称卡箍连接
1256-4,1256,管件及管道用器材 > 其他管件 > 其他管件,material,沟槽斜三通,沟槽Y三通,medium,斜三通形状类似Y形
1256-4,1256,管件及管道用器材 > 其他管件 > 其他管件,material,沟槽机械三通,沟槽鞍型三通,medium,机械三通又称鞍型三通
1256-4,1256,管件及管道用器材 > 其他管件 > 其他管件,material,沟槽机械三通,卡箍机械三通,medium,沟槽也称卡箍
1256-4,1256,管件及管道用器材 > 其他管件 > 其他管件,material,沟槽机械四通,沟槽鞍型四通,medium,机械四通与鞍型四通同义
1256-4,1256,管件及管道用器材 > 其他管件 > 其他管件,material,沟槽正三通,沟槽等径三通,high,正三通通常指等径三通
1256-4,1256,管件及管道用器材 > 其他管件 > 其他管件,material,沟槽正三通,沟槽T三通,medium,正三通形状像T
1256-4,1256,管件及管道用器材 > 其他管件 > 其他管件,material,沟槽正四通,沟槽等径四通,high,正四通指等径四通
1256-4,1256,管件及管道用器材 > 其他管件 > 其他管件,material,沟槽正四通,沟槽十字四通,medium,正四通形状像十字
1256-4,1256,管件及管道用器材 > 其他管件 > 其他管件,material,沟槽法兰,卡箍法兰,high,沟槽式又称卡箍式
1256-4,1256,管件及管道用器材 > 其他管件 > 其他管件,material,沟槽盲板,沟槽法兰盲板,medium,堵头功能的法兰板
1256-4,1256,管件及管道用器材 > 其他管件 > 其他管件,material,沟槽盲板,沟槽堵板,medium,盲板也称堵板
1256-4,1256,管件及管道用器材 > 其他管件 > 其他管件,material,沟槽转换法兰,沟槽变径法兰,medium,转换法兰常实现变径或接口转换
1256-4,1256,管件及管道用器材 > 其他管件 > 其他管件,material,沟槽转换法兰,沟槽转换接头法兰,low,全称加接头二字
1256-4,1256,管件及管道用器材 > 其他管件 > 其他管件,material,沟槽顺水三通,沟槽导流三通,medium,顺水三通又称导流三通
1256-4,1256,管件及管道用器材 > 其他管件 > 其他管件,material,油任垫,由任垫,high,油任是由任的音译写法之一
1256-4,1256,管件及管道用器材 > 其他管件 > 其他管件,material,油任垫,活接垫,high,由任即活接，垫指垫片
1256-4,1256,管件及管道用器材 > 其他管件 > 其他管件,material,油任垫,油令垫,medium,油令也是由任的另一种音译写法
1256-4,1256,管件及管道用器材 > 其他管件 > 其他管件,material,注浆波纹管磁性吸盘,注浆管磁吸盘,medium,简称，省略波纹二字
1256-4,1256,管件及管道用器材 > 其他管件 > 其他管件,material,热收缩套,热缩套,high,简称，省略收字
1256-4,1256,管件及管道用器材 > 其他管件 > 其他管件,material,热收缩带,热缩带,high,简称
1256-4,1256,管件及管道用器材 > 其他管件 > 其他管件,material,电热熔带,电熔带,high,简称，省略热字
1256-4,1256,管件及管道用器材 > 其他管件 > 其他管件,material,电热熔带,电热熔焊带,medium,全称常加焊字
1256-4,1256,管件及管道用器材 > 其他管件 > 其他管件,material,等径弯头,弯头,medium,省略等径
1256-4,1256,管件及管道用器材 > 其他管件 > 其他管件,material,等径直通,直通,medium,省略等径
1256-4,1256,管件及管道用器材 > 其他管件 > 其他管件,material,等径直通,管箍,high,等径直通常称管箍
1256-4,1256,管件及管道用器材 > 其他管件 > 其他管件,material,等径直通,直接,high,直通接头俗称直接
1256-4,1256,管件及管道用器材 > 其他管件 > 其他管件,material,管堵(塞头),塞头,high,标准名里已有此别称
1256-4,1256,管件及管道用器材 > 其他管件 > 其他管件,material,管堵(塞头),管堵头,high,简称加头字
1256-4,1256,管件及管道用器材 > 其他管件 > 其他管件,material,管堵(塞头),堵头,high,最常用叫法
1256-4,1256,管件及管道用器材 > 其他管件 > 其他管件,material,管堵(塞头),丝堵,medium,带丝的管堵称丝堵
1256-4,1256,管件及管道用器材 > 其他管件 > 其他管件,material,管子夹(管码),管码,high,标准名里已有此别称
1256-4,1256,管件及管道用器材 > 其他管件 > 其他管件,material,管子夹(管码),管卡,high,管子夹又称管卡
1256-4,1256,管件及管道用器材 > 其他管件 > 其他管件,material,管子夹(管码),骑马卡,medium,特定形状的管码俗称骑马卡
1256-4,1256,管件及管道用器材 > 其他管件 > 其他管件,material,管子夹(管码),管卡子,medium,口语化叫法
1256-4,1256,管件及管道用器材 > 其他管件 > 其他管件,material,管道封堵器,管道气囊,medium,常见封堵器类型
1256-4,1256,管件及管道用器材 > 其他管件 > 其他管件,material,管道封堵器,封堵气囊,medium,简称
1256-4,1256,管件及管道用器材 > 其他管件 > 其他管件,material,胀塞,膨胀塞,high,全称
1256-4,1256,管件及管道用器材 > 其他管件 > 其他管件,material,胀塞,胀管,high,别称
1256-4,1256,管件及管道用器材 > 其他管件 > 其他管件,material,胀塞,尼龙胀栓,medium,材质加别称
1256-4,1256,管件及管道用器材 > 其他管件 > 其他管件,material,胀塞,塑料胀管,high,常用叫法
1256-4,1256,管件及管道用器材 > 其他管件 > 其他管件,material,螺旋降噪器,螺旋消声器,medium,降噪器也称消声器
1256-4,1256,管件及管道用器材 > 其他管件 > 其他管件,material,螺旋降噪器,降噪螺旋管,low,管件功能描述
1254-1,1254,管件及管道用器材 > 管道用器材 > 套管,category,套管,穿墙套管,high,施工现场常将用于墙体贯穿的防水套管直接称为穿墙套管
1254-1,1254,管件及管道用器材 > 管道用器材 > 套管,category,套管,过墙套管,medium,口语中与穿墙套管同义
1254-1,1254,管件及管道用器材 > 管道用器材 > 套管,material,刚性防水套管,刚性套管,high,行业内对刚性防水套管的简称
1254-1,1254,管件及管道用器材 > 管道用器材 > 套管,material,刚性防水套管,铁套管,medium,因其材质多为碳钢或铸铁，现场口语化叫法
1254-1,1254,管件及管道用器材 > 管道用器材 > 套管,material,刚性防水套管,防水穿墙管,medium,强调防水和穿墙功能的口语化表达
1254-1,1254,管件及管道用器材 > 管道用器材 > 套管,material,柔性防水套管,柔性套管,high,行业内对柔性防水套管的简称
1254-1,1254,管件及管道用器材 > 管道用器材 > 套管,material,柔性防水套管,减震套管,medium,施工中强调其适应震动和位移的特性
1254-1,1254,管件及管道用器材 > 管道用器材 > 套管,material,柔性防水套管,橡胶圈套管,medium,因其密封结构常含橡胶圈得名
1252-2,1252,管件及管道用器材 > 管道用器材 > 管卡、管箍,category,管卡、管箍,管子抱箍,medium,管道固定类配件在施工现场口语中常统称为‘抱箍’或‘管子抱箍’
1252-2,1252,管件及管道用器材 > 管道用器材 > 管卡、管箍,category,管卡、管箍,骑马卡,medium,特别是管卡类产品，在安装时常被工人称为‘骑马卡’
1252-2,1252,管件及管道用器材 > 管道用器材 > 管卡、管箍,material,金属管卡,铁管卡,high,施工现场常按材质俗称‘铁管卡’
1252-2,1252,管件及管道用器材 > 管道用器材 > 管卡、管箍,material,金属管卡,快速管卡,medium,部分带锁紧结构的金属管卡口语称‘快速管卡’
1252-2,1252,管件及管道用器材 > 管道用器材 > 管卡、管箍,material,鞍型管卡,马鞍管卡,high,外形似马鞍，采购和安装常直接叫‘马鞍管卡’
1252-2,1252,管件及管道用器材 > 管道用器材 > 管卡、管箍,material,鞍型管卡,U型管卡,medium,一般鞍型管卡呈U型，口语中常直接称‘U型管卡’
1252-2,1252,管件及管道用器材 > 管道用器材 > 管卡、管箍,material,高脚管卡,长脚管卡,high,高脚和长脚在口语中经常混用，指代同一种带加长底座的管卡
1252-2,1252,管件及管道用器材 > 管道用器材 > 管卡、管箍,material,高脚管卡,高架管卡,low,由于管卡脚高，便于架空管道，有时会被称为‘高架管卡’
1247-1,1247,管件及管道用器材 > 复合管件 > 钢塑复合管件,material,内丝三通,内牙三通,high,在施工现场，丝扣常被俗称为“牙”，内螺纹俗称内牙
1247-1,1247,管件及管道用器材 > 复合管件 > 钢塑复合管件,material,内丝三通,内螺三通,medium,内丝的正式名称是内螺纹，简称内螺
1247-1,1247,管件及管道用器材 > 复合管件 > 钢塑复合管件,material,内丝弯头,内牙弯头,high,内螺纹俗称内牙，弯头是标准叫法
1247-1,1247,管件及管道用器材 > 复合管件 > 钢塑复合管件,material,内丝弯头,内螺弯,medium,内螺纹弯头在施工中的简称
1247-1,1247,管件及管道用器材 > 复合管件 > 钢塑复合管件,material,内丝接头,内牙直通,high,内牙即内螺纹，接头在连接直管时常被称为直通
1247-1,1247,管件及管道用器材 > 复合管件 > 钢塑复合管件,material,内丝接头,内丝直通,medium,带有内丝的直通接头
1247-1,1247,管件及管道用器材 > 复合管件 > 钢塑复合管件,material,内丝活接,内牙活接,high,内螺纹活接的俗称
1247-1,1247,管件及管道用器材 > 复合管件 > 钢塑复合管件,material,内接头,内丝直接,high,带有内丝的直接头，直接是直通的俗称
1247-1,1247,管件及管道用器材 > 复合管件 > 钢塑复合管件,material,内接头,内接,high,内接头的简称，口语常用
1247-1,1247,管件及管道用器材 > 复合管件 > 钢塑复合管件,material,外丝三通,外牙三通,high,外螺纹俗称外牙
1247-1,1247,管件及管道用器材 > 复合管件 > 钢塑复合管件,material,外丝三通,外螺三通,medium,外螺纹三通的简称
1247-1,1247,管件及管道用器材 > 复合管件 > 钢塑复合管件,material,外丝弯头,外牙弯头,high,外螺纹弯头的通俗叫法
1247-1,1247,管件及管道用器材 > 复合管件 > 钢塑复合管件,material,外丝弯头,外螺弯,medium,外螺纹弯头在施工中的简称
1247-1,1247,管件及管道用器材 > 复合管件 > 钢塑复合管件,material,外丝接头,外牙直通,high,外牙即外螺纹，接头也叫直通
1247-1,1247,管件及管道用器材 > 复合管件 > 钢塑复合管件,material,外丝接头,外丝直接,medium,外螺纹直接头，直接是直通的俗称
1247-1,1247,管件及管道用器材 > 复合管件 > 钢塑复合管件,material,外丝活接,外牙活接,high,外螺纹活接的俗称
1247-1,1247,管件及管道用器材 > 复合管件 > 钢塑复合管件,material,外接头,外丝直接,high,外螺纹直接头，直接是直通俗称
1247-1,1247,管件及管道用器材 > 复合管件 > 钢塑复合管件,material,外接头,外接,high,外接头的简称，口语常用
1247-1,1247,管件及管道用器材 > 复合管件 > 钢塑复合管件,material,抢修接头,哈夫节,high,管道抢修接头的通用俗称，由两个半圆套管组成，音译自 half
1247-1,1247,管件及管道用器材 > 复合管件 > 钢塑复合管件,material,抢修接头,补漏器,medium,抢修接头用于管道破损时堵漏，施工现场常称补漏器
1247-1,1247,管件及管道用器材 > 复合管件 > 钢塑复合管件,material,热熔接头,热熔管箍,medium,用于热熔连接的管套式接头，常被称为管箍
1247-1,1247,管件及管道用器材 > 复合管件 > 钢塑复合管件,material,直通,直接,high,直通在施工现场最常用的俗称就是直接
1247-1,1247,管件及管道用器材 > 复合管件 > 钢塑复合管件,material,直通,管箍,high,连接两根管子的直通在外形和功能上常被称为管箍
1247-1,1247,管件及管道用器材 > 复合管件 > 钢塑复合管件,material,直通,等径直通,medium,两端规格相同的直通，常被明确为等径直通或简称直通
1247-1,1247,管件及管道用器材 > 复合管件 > 钢塑复合管件,material,管套,管箍,high,连接两根管道用的套筒俗称管箍
1247-1,1247,管件及管道用器材 > 复合管件 > 钢塑复合管件,material,管套,套管,high,管套的同义别称
1247-1,1247,管件及管道用器材 > 复合管件 > 钢塑复合管件,material,管套,直接头,medium,用作直管连接的套筒，功能类似直接头
1247-1,1247,管件及管道用器材 > 复合管件 > 钢塑复合管件,material,绕曲管,波纹管,medium,可绕曲的管道在施工现场通常指波纹管或金属软管
1247-1,1247,管件及管道用器材 > 复合管件 > 钢塑复合管件,material,绕曲管,软接管,medium,具柔性的连接短管常被称为软接管
1247-1,1247,管件及管道用器材 > 复合管件 > 钢塑复合管件,material,连接短管,短接,high,短管的统称，采购和施工中均常用
1247-1,1247,管件及管道用器材 > 复合管件 > 钢塑复合管件,material,连接短管,短丝,high,两端带螺纹的短管叫短丝，常用于设备连接
1247-1,1247,管件及管道用器材 > 复合管件 > 钢塑复合管件,material,连接短管,丝头,medium,较短的带螺纹管段俗称丝头
1247-1,1247,管件及管道用器材 > 复合管件 > 钢塑复合管件,material,连接短管,泵接短管,medium,用于连接水泵等设备的短管
221-1,221,管件及管道用器材 > 管道用器材 > 管道支架、吊架,category,管道支架、吊架,管托,high,管道支架、吊架的统称，尤其在石化、化工行业常用
221-1,221,管件及管道用器材 > 管道用器材 > 管道支架、吊架,category,管道支架、吊架,管架,high,管道支架的简称
221-1,221,管件及管道用器材 > 管道用器材 > 管道支架、吊架,category,管道支架、吊架,支吊架,high,支架和吊架的合称
221-1,221,管件及管道用器材 > 管道用器材 > 管道支架、吊架,material,刚性支吊架,刚性支架,high,行业内‘刚性支吊架’的常见简称
221-1,221,管件及管道用器材 > 管道用器材 > 管道支架、吊架,material,刚性支吊架,硬支撑,medium,施工现场口语，强调其不可变形的特性
221-1,221,管件及管道用器材 > 管道用器材 > 管道支架、吊架,material,可变弹簧支吊架,变力弹簧吊架,high,强调其支撑力随位移变化的特性，是‘可变弹簧支吊架’的同义词
221-1,221,管件及管道用器材 > 管道用器材 > 管道支架、吊架,material,可变弹簧支吊架,弹簧吊架,high,常见简称
221-1,221,管件及管道用器材 > 管道用器材 > 管道支架、吊架,material,可变弹簧支吊架,变力支吊架,medium,相对于‘恒力弹簧支吊架’而言，强调变力特性
221-1,221,管件及管道用器材 > 管道用器材 > 管道支架、吊架,material,可调刚性支吊架,可调支架,high,简称
221-1,221,管件及管道用器材 > 管道用器材 > 管道支架、吊架,material,可调刚性支吊架,可调支撑,medium,施工现场说法
221-1,221,管件及管道用器材 > 管道用器材 > 管道支架、吊架,material,吸水喇叭口支架,喇叭口支架,medium,简称
221-1,221,管件及管道用器材 > 管道用器材 > 管道支架、吊架,material,吸水喇叭口支架,吸水口支撑,low,功能描述性称呼
221-1,221,管件及管道用器材 > 管道用器材 > 管道支架、吊架,material,固定支架,死点,high,管道应力分析及安装中的俗称，指管道固定点
221-1,221,管件及管道用器材 > 管道用器材 > 管道支架、吊架,material,固定支架,固定管托,high,常见于管道图纸和材料表中
221-1,221,管件及管道用器材 > 管道用器材 > 管道支架、吊架,material,固定支架,固定支座,medium,表达其为固定支撑座的含义
221-1,221,管件及管道用器材 > 管道用器材 > 管道支架、吊架,material,导向支架,导向管托,high,强调其导向功能，常见于管道设计
221-1,221,管件及管道用器材 > 管道用器材 > 管道支架、吊架,material,导向支架,导向支座,medium,常见于设备及管道安装的术语
221-1,221,管件及管道用器材 > 管道用器材 > 管道支架、吊架,material,弹簧减振吊架,减振吊架,high,简称
221-1,221,管件及管道用器材 > 管道用器材 > 管道支架、吊架,material,弹簧减振吊架,减震吊架,high,工程中‘振’与‘震’常混用，是同一涵义
221-1,221,管件及管道用器材 > 管道用器材 > 管道支架、吊架,material,弹簧减振吊架,弹簧减振器,medium,强调其减振功能，有时不加‘吊架’
221-1,221,管件及管道用器材 > 管道用器材 > 管道支架、吊架,material,恒力弹簧支吊架,恒力吊架,high,行业内极为通用的简称
221-1,221,管件及管道用器材 > 管道用器材 > 管道支架、吊架,material,恒力弹簧支吊架,恒定支撑,low,专业说法，强调支撑力恒定
221-1,221,管件及管道用器材 > 管道用器材 > 管道支架、吊架,material,恒力弹簧支吊架,恒力弹簧,medium,在明确语境下的简称
221-1,221,管件及管道用器材 > 管道用器材 > 管道支架、吊架,material,承重支吊架,承重支架,high,简称
221-1,221,管件及管道用器材 > 管道用器材 > 管道支架、吊架,material,承重支吊架,承重吊架,medium,当形式为吊架时的叫法
221-1,221,管件及管道用器材 > 管道用器材 > 管道支架、吊架,material,组合型碟簧支吊架,碟簧支吊架,high,简称
221-1,221,管件及管道用器材 > 管道用器材 > 管道支架、吊架,material,组合型碟簧支吊架,碟簧吊架,medium,常见叫法
221-1,221,管件及管道用器材 > 管道用器材 > 管道支架、吊架,material,防振支架,防震支架,high,工程中‘振’与‘震’常混用
221-1,221,管件及管道用器材 > 管道用器材 > 管道支架、吊架,material,防振支架,抗震支架,high,在建筑机电工程中，规范术语为‘抗震支架’，功能相同
221-1,221,管件及管道用器材 > 管道用器材 > 管道支架、吊架,material,防振支架,防晃支架,medium,消防管道常用术语，特指防止管道晃动的支架
221-1,221,管件及管道用器材 > 管道用器材 > 管道支架、吊架,material,限位支架,止推支架,medium,限制管道轴向位移的支架
221-1,221,管件及管道用器材 > 管道用器材 > 管道支架、吊架,material,限位支架,限位块,low,指支架上起到限位作用的挡块结构，也泛指此类支架
221-1,221,管件及管道用器材 > 管道用器材 > 管道支架、吊架,material,限制性支吊架,限位支吊架,high,‘限位’比‘限制性’更口语化
1251-3,1251,管件及管道用器材 > 管道用器材 > 补偿器及软接头,category,补偿器及软接头,伸缩节,high,补偿器的通用俗称，在施工和采购中广泛使用
1251-3,1251,管件及管道用器材 > 管道用器材 > 补偿器及软接头,category,补偿器及软接头,膨胀节,high,补偿器的另一通用俗称，强调吸收热膨胀的功能
1251-3,1251,管件及管道用器材 > 管道用器材 > 补偿器及软接头,category,补偿器及软接头,补偿节,medium,补偿器在口语中的简略叫法
1251-3,1251,管件及管道用器材 > 管道用器材 > 补偿器及软接头,material,通用型补偿器,通用型伸缩节,high,将通用型补偿器中的补偿器替换为俗称伸缩节
1251-3,1251,管件及管道用器材 > 管道用器材 > 补偿器及软接头,material,通用型补偿器,通用型膨胀节,high,将通用型补偿器中的补偿器替换为俗称膨胀节
1251-3,1251,管件及管道用器材 > 管道用器材 > 补偿器及软接头,material,金属补偿器,金属伸缩节,high,将金属补偿器中的补偿器替换为俗称伸缩节
1251-3,1251,管件及管道用器材 > 管道用器材 > 补偿器及软接头,material,金属补偿器,金属膨胀节,high,将金属补偿器中的补偿器替换为俗称膨胀节
1251-3,1251,管件及管道用器材 > 管道用器材 > 补偿器及软接头,material,金属补偿器,钢制伸缩节,medium,强调材质为钢制的金属补偿器
1252-1,1252,管件及管道用器材 > 管道用器材 > 管卡、管箍,category,管卡、管箍,管码,high,南方地区对各类管卡的通俗统称
1252-1,1252,管件及管道用器材 > 管道用器材 > 管卡、管箍,category,管卡、管箍,管夹,medium,部分施工现场对管卡的口语叫法
1252-1,1252,管件及管道用器材 > 管道用器材 > 管卡、管箍,material,U型管卡,U型卡,high,施工现场常用简称
1252-1,1252,管件及管道用器材 > 管道用器材 > 管卡、管箍,material,U型管卡,骑马卡,high,因形似骑马姿势得名，口语常用
1252-1,1252,管件及管道用器材 > 管道用器材 > 管卡、管箍,material,不锈钢皮码,钢片码,medium,因其为薄片状，采购端常见叫法
1252-1,1252,管件及管道用器材 > 管道用器材 > 管卡、管箍,material,不锈钢皮码,不锈钢片卡,medium,描述材质和形状的口语叫法
1252-1,1252,管件及管道用器材 > 管道用器材 > 管卡、管箍,material,单立管卡,单管卡,high,简洁的口语简称
1252-1,1252,管件及管道用器材 > 管道用器材 > 管卡、管箍,material,卡箍,喉箍,medium,部分软管卡箍的俗称，但卡箍范围更广，有一定交叉
1252-1,1252,管件及管道用器材 > 管道用器材 > 管卡、管箍,material,卡箍,管箍,medium,在施工现场管卡和卡箍经常混称
1252-1,1252,管件及管道用器材 > 管道用器材 > 管卡、管箍,material,卡箍,抱箍,high,环抱式固定的通俗叫法
1252-1,1252,管件及管道用器材 > 管道用器材 > 管卡、管箍,material,卡箍,拷贝林,high,coupling音译，常用于沟槽管件连接
1252-1,1252,管件及管道用器材 > 管道用器材 > 管卡、管箍,material,双立管卡,双管卡,high,简洁的口语简称
1252-1,1252,管件及管道用器材 > 管道用器材 > 管卡、管箍,material,吊卡,吊码,high,南方通用叫法
1252-1,1252,管件及管道用器材 > 管道用器材 > 管卡、管箍,material,吊装管卡,管道吊码,medium,强调管道吊装固定功能
1252-1,1252,管件及管道用器材 > 管道用器材 > 管卡、管箍,material,堵漏卡子,抢修节,high,管道堵漏抢修时常用称呼
1252-1,1252,管件及管道用器材 > 管道用器材 > 管卡、管箍,material,堵漏卡子,哈夫节,high,英文half音译，管道堵漏器俗称
1252-1,1252,管件及管道用器材 > 管道用器材 > 管卡、管箍,material,堵漏卡子,堵漏器,high,对堵漏用卡子的直接俗称
1252-1,1252,管件及管道用器材 > 管道用器材 > 管卡、管箍,material,塑料管卡,塑胶管码,medium,塑料材质的管码，南方口语
1252-1,1252,管件及管道用器材 > 管道用器材 > 管卡、管箍,material,带钉管卡,钉卡,medium,自带钉子的管卡简称
1252-1,1252,管件及管道用器材 > 管道用器材 > 管卡、管箍,material,托卡,托架管卡,medium,强调承托作用
1252-1,1252,管件及管道用器材 > 管道用器材 > 管卡、管箍,material,扣座,管卡座,medium,管卡底座的口语叫法
1252-1,1252,管件及管道用器材 > 管道用器材 > 管卡、管箍,material,排式管卡,连排管卡,medium,因多管并排固定得名
1252-1,1252,管件及管道用器材 > 管道用器材 > 管卡、管箍,material,排式管卡,管排卡,medium,排式管卡的倒置简称
1252-1,1252,管件及管道用器材 > 管道用器材 > 管卡、管箍,material,无钉管卡,粘式管卡,medium,由于无钉常采用背胶粘贴
1252-1,1252,管件及管道用器材 > 管道用器材 > 管卡、管箍,material,柔口卡子,柔性卡箍,high,柔性接口卡箍的通称
1252-1,1252,管件及管道用器材 > 管道用器材 > 管卡、管箍,material,爆炸管卡,射钉管卡,high,爆炸管卡通常使用射钉器固定，俗称射钉卡
1252-1,1252,管件及管道用器材 > 管道用器材 > 管卡、管箍,material,爆炸管卡,火药管卡,medium,因其使用火药爆炸推进钉子固定
1252-1,1252,管件及管道用器材 > 管道用器材 > 管卡、管箍,material,膨胀管卡,膨胀卡,medium,利用膨胀原理固定的管卡简称
1252-1,1252,管件及管道用器材 > 管道用器材 > 管卡、管箍,material,软管卡子,钢丝卡,medium,常见金属丝制成的软管卡
1252-1,1252,管件及管道用器材 > 管道用器材 > 管卡、管箍,material,软管卡子,弹簧卡箍,high,带弹簧的软管夹紧结构
1250-2,1250,管件及管道用器材 > 管道用器材 > 过滤器,material,角式反冲洗过滤器,角式反洗过滤器,high,反冲洗在口语中常简化为反洗
1250-2,1250,管件及管道用器材 > 管道用器材 > 过滤器,material,铜丝口过滤器,铜丝扣过滤器,high,丝口与丝扣为同义称谓，现场混用
1250-2,1250,管件及管道用器材 > 管道用器材 > 过滤器,material,铜丝扣过滤器,铜丝口过滤器,high,丝扣与丝口为同义称谓
1250-2,1250,管件及管道用器材 > 管道用器材 > 过滤器,material,铸钢过滤器,碳钢过滤器,medium,普通铸钢通常指铸造碳钢，市场口语常混称
1250-2,1250,管件及管道用器材 > 管道用器材 > 过滤器,material,锥形过滤器,锥体过滤器,medium,形和体在描述形状时常通用
1250-2,1250,管件及管道用器材 > 管道用器材 > 过滤器,material,锥形过滤器,锥形滤网,medium,该类过滤器核心为锥形滤网，常以滤网代称过滤器
1249-1,1249,管件及管道用器材 > 管道用器材 > 阻火器,material,氧气阻火器,氧气回火防止器,high,在氧气管道及气割气焊作业中，核心功能是防止回火，因此俗称氧气回火防止器
1249-1,1249,管件及管道用器材 > 管道用器材 > 阻火器,material,氧气阻火器,氧气防火器,medium,现场简称，强调其防火阻燃功能
1249-1,1249,管件及管道用器材 > 管道用器材 > 阻火器,material,波纹阻火器,波纹板阻火器,high,内部采用波纹板式阻火芯，因此施工采购中常以此结构特征称呼
1249-1,1249,管件及管道用器材 > 管道用器材 > 阻火器,material,管道阻火器,管式阻火器,medium,外形为管道状，区别于其他结构形式的阻火器
1249-1,1249,管件及管道用器材 > 管道用器材 > 阻火器,material,管道阻火器,在线阻火器,medium,安装于管道中间（在线），现场口语叫法
1249-1,1249,管件及管道用器材 > 管道用器材 > 阻火器,material,网型(园片型)阻火器,丝网阻火器,high,内部采用多层金属丝网作为阻火元件，俗称丝网阻火器
1249-1,1249,管件及管道用器材 > 管道用器材 > 阻火器,material,网型(园片型)阻火器,滤网阻火器,medium,施工中因外观类似滤网而使用的口语化称呼
1251-2,1251,管件及管道用器材 > 管道用器材 > 补偿器及软接头,material,板盒补偿器,风道补偿器,medium,板盒补偿器常用于通风管道，现场常称为风道补偿器
1251-2,1251,管件及管道用器材 > 管道用器材 > 补偿器及软接头,material,板盒补偿器,矩形补偿器,medium,其外形多为矩形金属盒子，矩形补偿器是常见的口语叫法
1251-2,1251,管件及管道用器材 > 管道用器材 > 补偿器及软接头,material,横管伸缩节,横管伸缩器,medium,横管伸缩节在排水管道上常用，俗称伸缩器
1251-2,1251,管件及管道用器材 > 管道用器材 > 补偿器及软接头,material,橡胶软接头,橡胶接头,medium,简化名称，省略软字
1251-2,1251,管件及管道用器材 > 管道用器材 > 补偿器及软接头,material,橡胶软接头,挠性接头,medium,强调其挠性连接功能
1251-2,1251,管件及管道用器材 > 管道用器材 > 补偿器及软接头,material,橡胶软接头,避震喉,high,因其减震降噪功能，现场口语常称为避震喉
1251-2,1251,管件及管道用器材 > 管道用器材 > 补偿器及软接头,material,橡胶软接头,橡胶软接,high,常用简略叫法
1251-2,1251,管件及管道用器材 > 管道用器材 > 补偿器及软接头,material,橡胶软接头,KXT,medium,常见橡胶接头型号代称，现场常用作泛指
1251-2,1251,管件及管道用器材 > 管道用器材 > 补偿器及软接头,material,法兰套筒伸缩器,法兰伸缩器,medium,省略套筒二字后的常见简称
1251-2,1251,管件及管道用器材 > 管道用器材 > 补偿器及软接头,material,法兰套筒伸缩器,套筒伸缩节,medium,同类型部件的不同叫法
1251-2,1251,管件及管道用器材 > 管道用器材 > 补偿器及软接头,material,法兰波纹补偿器,法兰波纹管,medium,在现场指代为法兰连接的波纹管补偿器
1251-2,1251,管件及管道用器材 > 管道用器材 > 补偿器及软接头,material,法兰波纹补偿器,法兰膨胀节,high,波纹补偿器也称膨胀节
1251-2,1251,管件及管道用器材 > 管道用器材 > 补偿器及软接头,material,法兰限位伸缩器,限位伸缩器,medium,省略法兰后的简称
1251-2,1251,管件及管道用器材 > 管道用器材 > 补偿器及软接头,material,法兰限位伸缩器,限位伸缩节,medium,伸缩器与伸缩节在工程中常混用
1251-2,1251,管件及管道用器材 > 管道用器材 > 补偿器及软接头,material,波纹管膨胀节,波纹膨胀节,high,简称，省略管字
1251-2,1251,管件及管道用器材 > 管道用器材 > 补偿器及软接头,material,波纹管膨胀节,不锈钢膨胀节,medium,常用不锈钢材质制造，现场按材质称呼
1251-2,1251,管件及管道用器材 > 管道用器材 > 补偿器及软接头,material,波纹管补偿器,波纹补偿器,medium,此为更通用的标准名称，但二者也常互为混用
1251-2,1251,管件及管道用器材 > 管道用器材 > 补偿器及软接头,material,波纹补偿器,膨胀节,high,补偿器最通用的统称之一
1251-2,1251,管件及管道用器材 > 管道用器材 > 补偿器及软接头,material,波纹补偿器,金属软管,low,现场有时将大口径波纹管混称为金属软管
1251-2,1251,管件及管道用器材 > 管道用器材 > 补偿器及软接头,material,注填式套筒补偿器,注填式伸缩器,medium,重点在注填功能，套筒常被省略
1251-2,1251,管件及管道用器材 > 管道用器材 > 补偿器及软接头,material,球型补偿接头,球形补偿器,high,工程中补偿器、接头、补偿接头时有混用
1251-2,1251,管件及管道用器材 > 管道用器材 > 补偿器及软接头,material,球型补偿接头,万向补偿器,medium,因其万向转角功能而得名
1251-2,1251,管件及管道用器材 > 管道用器材 > 补偿器及软接头,material,直埋内压型补偿器,直埋内压波纹管,medium,指明为直埋、内压的波纹管补偿器
1251-2,1251,管件及管道用器材 > 管道用器材 > 补偿器及软接头,material,直埋单向内压式,单向直埋补偿器,medium,现场简化的功能与埋地组合叫法
1251-2,1251,管件及管道用器材 > 管道用器材 > 补偿器及软接头,material,直埋外压式波纹补偿器,外压直埋波纹,medium,简明扼要的工程简称
1251-2,1251,管件及管道用器材 > 管道用器材 > 补偿器及软接头,material,直埋波纹补偿器,地埋波纹管,medium,直埋也称作地埋
1251-2,1251,管件及管道用器材 > 管道用器材 > 补偿器及软接头,material,直管压力平衡式波纹补偿器,压力平衡补偿器,medium,省略了直管和波纹等修饰词
1251-2,1251,管件及管道用器材 > 管道用器材 > 补偿器及软接头,material,碳钢软接头,碳钢软接,medium,简称
1251-2,1251,管件及管道用器材 > 管道用器材 > 补偿器及软接头,material,碳钢软接头,铁软接头,low,碳钢材质的非正式叫法
1251-2,1251,管件及管道用器材 > 管道用器材 > 补偿器及软接头,material,简易伸缩节,普通伸缩节,medium,意为功能简单的伸缩节
1251-2,1251,管件及管道用器材 > 管道用器材 > 补偿器及软接头,material,螺口伸缩节,丝扣伸缩节,medium,螺口连接即螺纹连接，口语称丝扣
1251-2,1251,管件及管道用器材 > 管道用器材 > 补偿器及软接头,material,螺纹伸缩节,丝扣伸缩节,high,螺纹连接的口语叫法为丝扣
1251-2,1251,管件及管道用器材 > 管道用器材 > 补偿器及软接头,material,轴向复式补偿器,复式补偿器,medium,省略轴向的通用简称
1243-1,1243,管件及管道用器材 > 金属管件 > 钢管管件,category,钢管管件,钢管件,high,施工现场对钢管管件的常见省称
1243-1,1243,管件及管道用器材 > 金属管件 > 钢管管件,material,吸水喇叭口,喇叭口管,medium,因其外形像喇叭，常用于水泵吸水管道末端
1243-1,1243,管件及管道用器材 > 金属管件 > 钢管管件,material,吸水喇叭口,吸水口,low,功能性的简称，突出其吸水用途
1243-1,1243,管件及管道用器材 > 金属管件 > 钢管管件,material,法兰短节,法兰短管,high,带有法兰的短管，施工现场通用叫法
1243-1,1243,管件及管道用器材 > 金属管件 > 钢管管件,material,法兰短节,短节,medium,对长度很短的管件的省称
1251-1,1251,管件及管道用器材 > 管道用器材 > 补偿器及软接头,category,补偿器及软接头,膨胀节,high,补偿器的通用俗称，业内常将两者等同或混用
1251-1,1251,管件及管道用器材 > 管道用器材 > 补偿器及软接头,category,补偿器及软接头,伸缩节,high,行业内对补偿器/伸缩器类产品的泛称
1251-1,1251,管件及管道用器材 > 管道用器材 > 补偿器及软接头,category,补偿器及软接头,补偿节,medium,现场对补偿器的简化口语叫法
1251-1,1251,管件及管道用器材 > 管道用器材 > 补偿器及软接头,category,补偿器及软接头,软接,medium,软接头的现场简化叫法，有时泛指此类柔性连接器件
1251-1,1251,管件及管道用器材 > 管道用器材 > 补偿器及软接头,material,万向铰链波纹补偿器,万向铰链膨胀节,high,波纹补偿器常被称为膨胀节
1251-1,1251,管件及管道用器材 > 管道用器材 > 补偿器及软接头,material,万向铰链波纹补偿器,万向波纹补偿器,medium,现场简化叫法，省略铰链二字
1251-1,1251,管件及管道用器材 > 管道用器材 > 补偿器及软接头,material,不锈钢波纹管补偿器,不锈钢膨胀节,high,补偿器俗称膨胀节
1251-1,1251,管件及管道用器材 > 管道用器材 > 补偿器及软接头,material,不锈钢波纹管补偿器,不锈钢金属软管补偿器,low,有时与金属软管混淆，采购时可能混用
1251-1,1251,管件及管道用器材 > 管道用器材 > 补偿器及软接头,material,不锈钢波纹补偿器,不锈钢膨胀节,high,补偿器俗称膨胀节
1251-1,1251,管件及管道用器材 > 管道用器材 > 补偿器及软接头,material,不锈钢软接头,不锈钢软接,high,现场口语简化叫法
1251-1,1251,管件及管道用器材 > 管道用器材 > 补偿器及软接头,material,不锈钢软接头,不锈钢金属软管接头,low,施工现场有时将其与金属软管混淆称呼
1251-1,1251,管件及管道用器材 > 管道用器材 > 补偿器及软接头,material,伸缩器,伸缩节,high,最常见同义称呼
1251-1,1251,管件及管道用器材 > 管道用器材 > 补偿器及软接头,material,伸缩器,补偿器,medium,功能相同，现场常混用
1251-1,1251,管件及管道用器材 > 管道用器材 > 补偿器及软接头,material,伸缩接头,伸缩节,high,现场对其简化统称
1251-1,1251,管件及管道用器材 > 管道用器材 > 补偿器及软接头,material,伸缩接头,传力伸缩器,medium,部分带传力功能的伸缩接头被如此称呼
1251-1,1251,管件及管道用器材 > 管道用器材 > 补偿器及软接头,material,免维护旋转补偿器,免维护旋转膨胀节,high,补偿器俗称膨胀节
1251-1,1251,管件及管道用器材 > 管道用器材 > 补偿器及软接头,material,免维护旋转补偿器,免维旋转补偿器,medium,口语简化
1251-1,1251,管件及管道用器材 > 管道用器材 > 补偿器及软接头,material,内外压力平衡波纹补偿器,内外压平衡膨胀节,high,补偿器俗称膨胀节，波纹二字可省
1251-1,1251,管件及管道用器材 > 管道用器材 > 补偿器及软接头,material,内外压力平衡波纹补偿器,压力平衡补偿器,medium,现场简化叫法
1251-1,1251,管件及管道用器材 > 管道用器材 > 补偿器及软接头,material,内外压平衡补偿器,内外压平衡膨胀节,high,补偿器俗称膨胀节
1251-1,1251,管件及管道用器材 > 管道用器材 > 补偿器及软接头,material,内外压平衡补偿器,压力平衡补偿器,medium,更深度的简化叫法
1251-1,1251,管件及管道用器材 > 管道用器材 > 补偿器及软接头,material,单法兰传力伸缩节,单法兰传力接头,high,伸缩节即接头的常见叫法
1251-1,1251,管件及管道用器材 > 管道用器材 > 补偿器及软接头,material,单法兰传力伸缩节,单法传力伸缩器,medium,现场简称
1251-1,1251,管件及管道用器材 > 管道用器材 > 补偿器及软接头,material,压盖式套筒补偿器,压盖式补偿器,high,省略套筒的口语叫法
1251-1,1251,管件及管道用器材 > 管道用器材 > 补偿器及软接头,material,压盖式套筒补偿器,压盖式套筒膨胀节,high,补偿器俗称膨胀节
1251-1,1251,管件及管道用器材 > 管道用器材 > 补偿器及软接头,material,双法兰传力伸缩节,双法兰传力接头,high,伸缩节即接头的常见叫法
1251-1,1251,管件及管道用器材 > 管道用器材 > 补偿器及软接头,material,双法兰传力伸缩节,双法传力伸缩器,medium,现场简称
1251-1,1251,管件及管道用器材 > 管道用器材 > 补偿器及软接头,material,填料式补偿器,填料式膨胀节,high,补偿器俗称膨胀节
1251-1,1251,管件及管道用器材 > 管道用器材 > 补偿器及软接头,material,填料式补偿器,盘根补偿器,medium,填料在施工俗称盘根
1251-1,1251,管件及管道用器材 > 管道用器材 > 补偿器及软接头,material,大拉杆横向波纹补偿器,大拉杆横向膨胀节,high,补偿器俗称膨胀节
1251-1,1251,管件及管道用器材 > 管道用器材 > 补偿器及软接头,material,大拉杆横向波纹补偿器,大拉杆补偿器,high,现场简化，省略横向波纹
1251-1,1251,管件及管道用器材 > 管道用器材 > 补偿器及软接头,material,大拉杆横向补偿器,大拉杆膨胀节,high,补偿器俗称膨胀节
1251-1,1251,管件及管道用器材 > 管道用器材 > 补偿器及软接头,material,大拉杆横向补偿器,大拉杆横向膨胀节,high,全称的口语对应叫法
1251-1,1251,管件及管道用器材 > 管道用器材 > 补偿器及软接头,material,天然气波纹补偿器,燃气补偿器,high,天然气属于燃气，常统称燃气补偿器
1251-1,1251,管件及管道用器材 > 管道用器材 > 补偿器及软接头,material,天然气波纹补偿器,天然气膨胀节,high,补偿器俗称膨胀节
1251-1,1251,管件及管道用器材 > 管道用器材 > 补偿器及软接头,material,套筒式补偿器,套筒膨胀节,high,补偿器俗称膨胀节
1251-1,1251,管件及管道用器材 > 管道用器材 > 补偿器及软接头,material,套筒式补偿器,套筒伸缩器,medium,功能叫法混用
1251-1,1251,管件及管道用器材 > 管道用器材 > 补偿器及软接头,material,小拉杆横向波纹补偿器,小拉杆横向膨胀节,high,补偿器俗称膨胀节
1251-1,1251,管件及管道用器材 > 管道用器材 > 补偿器及软接头,material,小拉杆横向波纹补偿器,小拉杆补偿器,high,现场简化叫法
1251-1,1251,管件及管道用器材 > 管道用器材 > 补偿器及软接头,material,带检查口伸缩节,带检查口伸缩器,medium,伸缩节与伸缩器常混用
1251-1,1251,管件及管道用器材 > 管道用器材 > 补偿器及软接头,material,平面铰链波纹补偿器,平面铰链膨胀节,high,补偿器俗称膨胀节
1251-1,1251,管件及管道用器材 > 管道用器材 > 补偿器及软接头,material,平面铰链波纹补偿器,角向铰链补偿器,low,平面铰链常用于角向位移，有被如此混用的可能
1251-1,1251,管件及管道用器材 > 管道用器材 > 补偿器及软接头,material,快速伸缩接,快接伸缩节,medium,现场口语叫法
1251-1,1251,管件及管道用器材 > 管道用器材 > 补偿器及软接头,material,快速伸缩接,快速接头补偿器,low,可能带补偿功能的快速接头
1251-1,1251,管件及管道用器材 > 管道用器材 > 补偿器及软接头,material,方形(矩形)补偿器,方形膨胀节,high,补偿器俗称膨胀节
1251-1,1251,管件及管道用器材 > 管道用器材 > 补偿器及软接头,material,方形(矩形)补偿器,方形伸缩节,medium,功能叫法混用
1251-1,1251,管件及管道用器材 > 管道用器材 > 补偿器及软接头,material,方形(矩形)补偿器,U型补偿器,medium,方形补偿器常见形状似U，有时被叫U型弯补偿
1251-1,1251,管件及管道用器材 > 管道用器材 > 补偿器及软接头,material,无推力套筒补偿器,无推力套筒膨胀节,high,补偿器俗称膨胀节
1251-1,1251,管件及管道用器材 > 管道用器材 > 补偿器及软接头,material,无推力套筒补偿器,免推力补偿器,medium,口语简化说法
1251-1,1251,管件及管道用器材 > 管道用器材 > 补偿器及软接头,material,无约束波纹补偿器,无约束膨胀节,high,补偿器俗称膨胀节
1251-1,1251,管件及管道用器材 > 管道用器材 > 补偿器及软接头,material,无约束波纹补偿器,自由型波纹补偿器,low,无约束功能上可理解为自由型
1251-1,1251,管件及管道用器材 > 管道用器材 > 补偿器及软接头,material,无约束补偿器,无约束膨胀节,high,补偿器俗称膨胀节
1244-1,1244,管件及管道用器材 > 金属管件 > 不锈钢管件,category,不锈钢管件,不锈钢件,high,施工现场对不锈钢管件的口语简称
1244-1,1244,管件及管道用器材 > 金属管件 > 不锈钢管件,category,不锈钢管件,白钢管件,medium,因不锈钢外观泛白，市场俗称白钢，管件随之叫白钢管件
1244-1,1244,管件及管道用器材 > 金属管件 > 不锈钢管件,material,U型管,U型弯,high,因形状呈U型弯曲，现场常简称为U型弯
1244-1,1244,管件及管道用器材 > 金属管件 > 不锈钢管件,material,U型管,回水弯,medium,常用于换热器回水端，采购或施工时这样称呼
1244-1,1244,管件及管道用器材 > 金属管件 > 不锈钢管件,material,U型管,U形管,medium,形近字口语叫法
1244-1,1244,管件及管道用器材 > 金属管件 > 不锈钢管件,material,三通弯头,三通,high,标准三通管件在日常叫法中常省略弯头二字
1244-1,1244,管件及管道用器材 > 金属管件 > 不锈钢管件,material,三通弯头,T形管,medium,因形状近似T字形，俗称T形管
1244-1,1244,管件及管道用器材 > 金属管件 > 不锈钢管件,material,无缝弯头,无缝弯,high,口语缩略叫法，省略头字
1244-1,1244,管件及管道用器材 > 金属管件 > 不锈钢管件,material,无缝弯头,冲压弯头,high,无缝弯头多由冲压工艺制造，采购时常称为冲压弯头
1244-1,1244,管件及管道用器材 > 金属管件 > 不锈钢管件,material,无缝弯头,长半径弯头,low,部分无缝弯头为长半径规格，习惯以此代称
1244-1,1244,管件及管道用器材 > 金属管件 > 不锈钢管件,material,翻边接头,活套法兰,medium,翻边接头常与活套法兰配合使用，现场有时混叫
1244-1,1244,管件及管道用器材 > 金属管件 > 不锈钢管件,material,翻边接头,翻边管,medium,接头二字简省，常直接叫翻边管
1244-1,1244,管件及管道用器材 > 金属管件 > 不锈钢管件,material,翻边接头,翻边短接,low,短管形式出现时采购端偶称翻边短接
1246-1,1246,管件及管道用器材 > 金属管件 > 铜、铜合金管件,material,F管,F型三通,medium,施工现场常将F管称为F型三通，因其形状类似三通但接口形式特殊
1246-1,1246,管件及管道用器材 > 金属管件 > 铜、铜合金管件,material,内外丝,补芯,high,在管道安装中，内外丝接头常被称为补芯，用于变径连接
1246-1,1246,管件及管道用器材 > 金属管件 > 铜、铜合金管件,material,内外丝,内外牙接头,high,口语中常将螺纹称为丝牙，内外丝即内外均有螺纹的接头
1246-1,1246,管件及管道用器材 > 金属管件 > 铜、铜合金管件,material,内外丝,变径接头,medium,因其一端外丝一端内丝，常用于变径连接，俗称为变径接头
1246-1,1246,管件及管道用器材 > 金属管件 > 铜、铜合金管件,material,分歧管,分支管,medium,字面同义词，采购时交替使用
1246-1,1246,管件及管道用器材 > 金属管件 > 铜、铜合金管件,material,分歧管,多通管,low,因具备多个分支接口而得名
1246-1,1246,管件及管道用器材 > 金属管件 > 铜、铜合金管件,material,格林接头,外丝直接,medium,格林接头一端为外丝，常用于连接软硬管，常被叫作外丝直接
1246-1,1246,管件及管道用器材 > 金属管件 > 铜、铜合金管件,material,格林接头,软管接头,medium,因其常用于连接软管，现场口语常称为软管接头
1246-1,1246,管件及管道用器材 > 金属管件 > 铜、铜合金管件,material,格林接头,宝塔接头,low,部分带宝塔口的格林接头会直接被称为宝塔接头
1250-1,1250,管件及管道用器材 > 管道用器材 > 过滤器,category,过滤器,滤器,medium,过滤器在施工现场口语中常简称为滤器
1250-1,1250,管件及管道用器材 > 管道用器材 > 过滤器,category,过滤器,管道滤网,low,部分行业将管道过滤器俗称为管道滤网
1250-1,1250,管件及管道用器材 > 管道用器材 > 过滤器,material,T型过滤器,T型滤器,high,现场简称
1250-1,1250,管件及管道用器材 > 管道用器材 > 过滤器,material,T型过滤器,正三通过滤器,medium,外形类似正三通，采购中偶有叫法
1250-1,1250,管件及管道用器材 > 管道用器材 > 过滤器,material,Y型丝扣过滤器,丝扣Y型滤器,high,现场简缩叫法
1250-1,1250,管件及管道用器材 > 管道用器材 > 过滤器,material,Y型丝扣过滤器,内螺纹Y型过滤器,medium,丝扣即螺纹连接，采购时常见俗称
1250-1,1250,管件及管道用器材 > 管道用器材 > 过滤器,material,Y型过滤器,Y型滤器,high,口语常省略“过”字
1250-1,1250,管件及管道用器材 > 管道用器材 > 过滤器,material,Y型过滤器,Y型管滤,medium,部分机电安装现场叫法
1250-1,1250,管件及管道用器材 > 管道用器材 > 过滤器,material,不锈钢丝口过滤器,不锈钢丝扣滤器,high,丝口即丝扣，现场简缩叫法
1250-1,1250,管件及管道用器材 > 管道用器材 > 过滤器,material,不锈钢丝口过滤器,不锈钢螺纹滤器,medium,丝口连接常称为螺纹连接
1250-1,1250,管件及管道用器材 > 管道用器材 > 过滤器,material,不锈钢过滤器,白钢滤器,low,部分区域称不锈钢为白钢
1250-1,1250,管件及管道用器材 > 管道用器材 > 过滤器,material,伸缩拉杆过滤器,拉杆伸缩滤器,medium,结构特征的简称重组
1250-1,1250,管件及管道用器材 > 管道用器材 > 过滤器,material,伸缩过滤器,伸缩滤器,high,简缩叫法
1250-1,1250,管件及管道用器材 > 管道用器材 > 过滤器,material,反冲洗过滤器,反洗滤器,high,反冲洗简称反洗
1250-1,1250,管件及管道用器材 > 管道用器材 > 过滤器,material,反冲洗过滤器,反冲滤器,medium,现场惯用简称
1250-1,1250,管件及管道用器材 > 管道用器材 > 过滤器,material,塑料过滤器,塑料滤器,high,简缩叫法
1250-1,1250,管件及管道用器材 > 管道用器材 > 过滤器,material,塑料过滤器,PVC过滤器,medium,塑料常被具体为PVC，口语代指
1250-1,1250,管件及管道用器材 > 管道用器材 > 过滤器,material,微孔过滤器,微孔滤器,high,简缩叫法
1250-1,1250,管件及管道用器材 > 管道用器材 > 过滤器,material,微孔过滤器,精密过滤器,medium,微孔过滤常被称为精密过滤
1250-1,1250,管件及管道用器材 > 管道用器材 > 过滤器,material,手摇刷式过滤器,手摇刷滤器,high,施工现场简称
1250-1,1250,管件及管道用器材 > 管道用器材 > 过滤器,material,手摇刷式过滤器,手刷式过滤器,medium,采购清单中的简写叫法
1250-1,1250,管件及管道用器材 > 管道用器材 > 过滤器,material,拉杆过滤器,拉杆滤器,medium,现场简称
1250-1,1250,管件及管道用器材 > 管道用器材 > 过滤器,material,沟槽过滤器,沟槽滤器,medium,简缩叫法
1250-1,1250,管件及管道用器材 > 管道用器材 > 过滤器,material,法兰过滤器,法兰滤器,high,现场口语简称
1250-1,1250,管件及管道用器材 > 管道用器材 > 过滤器,material,法兰过滤器,法兰接口滤器,medium,强调连接方式的叫法
1250-1,1250,管件及管道用器材 > 管道用器材 > 过滤器,material,烘冲过滤器,烘冲滤器,medium,简缩叫法
1250-1,1250,管件及管道用器材 > 管道用器材 > 过滤器,material,管道过滤器,管滤器,medium,现场缩写叫法
1250-1,1250,管件及管道用器材 > 管道用器材 > 过滤器,material,管道过滤器,管线过滤器,high,管道常被称为管线
1250-1,1250,管件及管道用器材 > 管道用器材 > 过滤器,material,篮式过滤器,篮式滤器,high,现场简称
1250-1,1250,管件及管道用器材 > 管道用器材 > 过滤器,material,篮式过滤器,提篮式过滤器,medium,形象描述内部滤篮构造
1250-1,1250,管件及管道用器材 > 管道用器材 > 过滤器,material,篮式过滤器,吊篮过滤器,low,滤篮可吊出，部分行业叫法
1250-1,1250,管件及管道用器材 > 管道用器材 > 过滤器,material,自动冲洗排污过滤器,自冲排污滤器,medium,功能特征缩写
1250-1,1250,管件及管道用器材 > 管道用器材 > 过滤器,material,自动刷式过滤器,自刷式滤器,high,现场缩略叫法
1250-1,1250,管件及管道用器材 > 管道用器材 > 过滤器,material,自动刷式过滤器,电动刷式过滤器,medium,自动一般为电动驱动
1250-1,1250,管件及管道用器材 > 管道用器材 > 过滤器,material,自动反冲洗排污过滤器,自反洗过滤器,medium,自动反冲洗的简称组合
1250-1,1250,管件及管道用器材 > 管道用器材 > 过滤器,material,自动排污过滤器,自排滤器,medium,现场简称
1250-1,1250,管件及管道用器材 > 管道用器材 > 过滤器,material,自动排污过滤器,自动排污滤器,high,简缩叫法
1250-1,1250,管件及管道用器材 > 管道用器材 > 过滤器,material,袋式过滤器,袋式滤器,high,现场简称
1250-1,1250,管件及管道用器材 > 管道用器材 > 过滤器,material,袋式过滤器,滤袋过滤器,medium,强调滤袋原理的俗称
1245-3,1245,管件及管道用器材 > 金属管件 > 铸铁管件,material,瓶颈三通,大小三通,high,瓶颈三通指支管口径比主管小，形似瓶颈，施工现场常称为大小三通或异径三通
1245-3,1245,管件及管道用器材 > 金属管件 > 铸铁管件,material,瓶颈三通,变径三通,medium,表示管径发生变化的三通
1245-3,1245,管件及管道用器材 > 金属管件 > 铸铁管件,material,盘承弯管,承盘弯管,medium,因一端承口一端法兰盘，有时也倒过来叫
1245-3,1245,管件及管道用器材 > 金属管件 > 铸铁管件,material,盘承短管(管甲),管甲,high,标准名括号内即为俗称
1245-3,1245,管件及管道用器材 > 金属管件 > 铸铁管件,material,盘承短管(管甲),承盘短管,high,一端承口一端法兰盘的结构简称
1245-3,1245,管件及管道用器材 > 金属管件 > 铸铁管件,material,盘承短管(管甲),短管甲,high,管甲的完整口语叫法
1245-3,1245,管件及管道用器材 > 金属管件 > 铸铁管件,material,盘插弯头,插盘弯头,medium,一端插口一端法兰盘，口语中常倒序称呼
1245-3,1245,管件及管道用器材 > 金属管件 > 铸铁管件,material,盘插短管(管乙),管乙,high,标准名括号内即为俗称
1245-3,1245,管件及管道用器材 > 金属管件 > 铸铁管件,material,盘插短管(管乙),插盘短管,high,一端插口一端法兰盘的结构简称
1245-3,1245,管件及管道用器材 > 金属管件 > 铸铁管件,material,盘插短管(管乙),短管乙,high,管乙的完整口语叫法
1245-3,1245,管件及管道用器材 > 金属管件 > 铸铁管件,material,竖管支架,立管卡子,medium,用于固定竖管，施工现场常叫立管管卡或卡子
1245-3,1245,管件及管道用器材 > 金属管件 > 铸铁管件,material,竖管支架,立管支架,high,竖管即立管的口语表达
1245-3,1245,管件及管道用器材 > 金属管件 > 铸铁管件,material,羊角弯头,羊角弯,high,口语中常省略'头'字
1245-3,1245,管件及管道用器材 > 金属管件 > 铸铁管件,material,过桥弯头,过桥弯,high,口语中常省略'头'字
1245-3,1245,管件及管道用器材 > 金属管件 > 铸铁管件,material,过桥弯头,跨越弯头,low,用于绕过障碍，形似过桥，也有此叫法
1245-3,1245,管件及管道用器材 > 金属管件 > 铸铁管件,material,速连管箍,快接管箍,high,速连即快速连接的意思
1245-3,1245,管件及管道用器材 > 金属管件 > 铸铁管件,material,速连管箍,速接,medium,现场简称速接管箍为速接或管箍
1245-3,1245,管件及管道用器材 > 金属管件 > 铸铁管件,material,鸭脚弯头,鸭脚弯,high,口语中常省略'头'字
1245-2,1245,管件及管道用器材 > 金属管件 > 铸铁管件,category,铸铁管件,黑铁管件,medium,铸铁管件外观通常呈黑色，现场口语中常统称为黑铁件
1245-2,1245,管件及管道用器材 > 金属管件 > 铸铁管件,category,铸铁管件,生铁管件,medium,铸铁俗称生铁，采购或老师傅口中会称生铁管件
1245-2,1245,管件及管道用器材 > 金属管件 > 铸铁管件,material,双盘弯头,双法兰弯头,high,盘指法兰盘，施工现场常直接叫双法兰弯头
1245-2,1245,管件及管道用器材 > 金属管件 > 铸铁管件,material,双盘渐缩,双法兰大小头,high,渐缩即大小头，双盘指两端法兰
1245-2,1245,管件及管道用器材 > 金属管件 > 铸铁管件,material,双盘短管,双法兰短管,high,盘口即法兰口，双盘通常被叫做双法兰短管
1245-2,1245,管件及管道用器材 > 金属管件 > 铸铁管件,material,变径接头,大小头,high,管道变径最通用的俗称
1245-2,1245,管件及管道用器材 > 金属管件 > 铸铁管件,material,四盘四通,法兰四通,high,四盘通常被称为四法兰或法兰四通
1245-2,1245,管件及管道用器材 > 金属管件 > 铸铁管件,material,外丝,外牙,high,丝即螺纹，外螺纹俗称外牙
1245-2,1245,管件及管道用器材 > 金属管件 > 铸铁管件,material,外丝,外丝头,high,口语中管螺纹接头常用外丝头称呼
1245-2,1245,管件及管道用器材 > 金属管件 > 铸铁管件,material,外丝,管外丝,medium,区别于其他内丝件，强调是管子的外丝
1245-2,1245,管件及管道用器材 > 金属管件 > 铸铁管件,material,套袖,管箍,high,套袖即双承套管，施工现场常直接叫管箍
1245-2,1245,管件及管道用器材 > 金属管件 > 铸铁管件,material,套袖,双承套管,high,铸铁管道连接用的套管，也叫双承套
1245-2,1245,管件及管道用器材 > 金属管件 > 铸铁管件,material,异径管,大小头,high,异径管的通用施工现场俗称
1245-2,1245,管件及管道用器材 > 金属管件 > 铸铁管件,material,承插单支盘三通,单法兰三通,medium,支管带盘口，常被简称为单法兰三通
1245-2,1245,管件及管道用器材 > 金属管件 > 铸铁管件,material,承插弯头,丝扣弯头,low,小口径承插常带丝扣，有时混叫丝扣弯头
1245-2,1245,管件及管道用器材 > 金属管件 > 铸铁管件,material,承插渐缩,承插大小头,high,承插连接方式的大小头
1245-2,1245,管件及管道用器材 > 金属管件 > 铸铁管件,material,承插短管,短管甲,low,特定工况下承插短管被称为短管甲
1245-2,1245,管件及管道用器材 > 金属管件 > 铸铁管件,material,承盘四通,承法兰四通,medium,一端承口一端盘口，口语化称为承法兰四通
1245-2,1245,管件及管道用器材 > 金属管件 > 铸铁管件,material,承盘渐缩,承盘大小头,high,承口和法兰连接的大小头
1245-2,1245,管件及管道用器材 > 金属管件 > 铸铁管件,material,机械四通,沟槽四通,high,机械连接通常指沟槽连接，机械四通即沟槽四通
1245-2,1245,管件及管道用器材 > 金属管件 > 铸铁管件,material,根母,锁母,high,根母在管道连接中常用于锁紧，俗称锁母
1245-2,1245,管件及管道用器材 > 金属管件 > 铸铁管件,material,根母,六角根母,medium,根母通常为六角形，采购时称六角根母
1245-1,1245,管件及管道用器材 > 金属管件 > 铸铁管件,category,铸铁管件,给水铸铁管件,high,铸铁管件在给水工程中的通用叫法
1245-1,1245,管件及管道用器材 > 金属管件 > 铸铁管件,category,铸铁管件,排水铸铁管件,high,铸铁管件在排水工程中的通用叫法
1245-1,1245,管件及管道用器材 > 金属管件 > 铸铁管件,category,铸铁管件,球墨管件,medium,现场对球墨铸铁管件的简称
1245-1,1245,管件及管道用器材 > 金属管件 > 铸铁管件,category,铸铁管件,铸钢管件,low,部分现场对铸铁管件的误称
1245-1,1245,管件及管道用器材 > 金属管件 > 铸铁管件,material,88°门弯,门弯,medium,施工现场对带检查口或特定角度弯头的简称
1245-1,1245,管件及管道用器材 > 金属管件 > 铸铁管件,material,88°门弯,大弯,low,区别于普通小角度弯头的俗称
1245-1,1245,管件及管道用器材 > 金属管件 > 铸铁管件,material,90°四通,正四通,medium,区别于斜四通的叫法
1245-1,1245,管件及管道用器材 > 金属管件 > 铸铁管件,material,TY三通,斜三通,high,TY三通即Y型和T型结合的异径斜三通，常用叫法
1245-1,1245,管件及管道用器材 > 金属管件 > 铸铁管件,material,TY三通,TY型三通,high,完整叫法
1245-1,1245,管件及管道用器材 > 金属管件 > 铸铁管件,material,TY三通,斜T三通,low,TY三通的换种说法
1245-1,1245,管件及管道用器材 > 金属管件 > 铸铁管件,material,TY四通,斜四通,high,TY四通的现场俗称
1245-1,1245,管件及管道用器材 > 金属管件 > 铸铁管件,material,T三通,正三通,high,区别于斜三通的叫法
1245-1,1245,管件及管道用器材 > 金属管件 > 铸铁管件,material,T四通,正四通,high,区别于斜四通的叫法
1245-1,1245,管件及管道用器材 > 金属管件 > 铸铁管件,material,Y三通,45°斜三通,high,Y型即支管45°斜出的三通
1245-1,1245,管件及管道用器材 > 金属管件 > 铸铁管件,material,Y三通,斜三通,medium,泛指斜出的三通
1245-1,1245,管件及管道用器材 > 金属管件 > 铸铁管件,material,Y四通,45°斜四通,high,Y型四通的常用叫法
1245-1,1245,管件及管道用器材 > 金属管件 > 铸铁管件,material,Y型透气管,斜透气,medium,Y型透气管的简称
1245-1,1245,管件及管道用器材 > 金属管件 > 铸铁管件,material,三承三通,全承三通,high,所有接口都是承口的三通
1245-1,1245,管件及管道用器材 > 金属管件 > 铸铁管件,material,三盘三通,全盘三通,high,所有接口都是法兰盘的三通
1245-1,1245,管件及管道用器材 > 金属管件 > 铸铁管件,material,三通哈夫节,三通抢修节,high,哈夫节常用于管道抢修
1245-1,1245,管件及管道用器材 > 金属管件 > 铸铁管件,material,三通哈夫节,三通补漏卡,medium,哈夫节的补漏功能俗称
1245-1,1245,管件及管道用器材 > 金属管件 > 铸铁管件,material,两合三通,哈夫三通,high,两合结构类似哈夫节
1245-1,1245,管件及管道用器材 > 金属管件 > 铸铁管件,material,两合三通,对夹三通,medium,两片对夹的结构叫法
1245-1,1245,管件及管道用器材 > 金属管件 > 铸铁管件,material,乙字弯,乙字管,high,乙字弯的别称
1245-1,1245,管件及管道用器材 > 金属管件 > 铸铁管件,material,乙字弯,偏置弯,low,描述其功能的中文叫法
1245-1,1245,管件及管道用器材 > 金属管件 > 铸铁管件,material,全承45°斜三通,全承Y三通,high,45°斜三通即Y三通，全承口
1245-1,1245,管件及管道用器材 > 金属管件 > 铸铁管件,material,全盘45°斜三通,全盘Y三通,high,45°斜三通即Y三通，全法兰盘
1245-1,1245,管件及管道用器材 > 金属管件 > 铸铁管件,material,内外丝弯头,内丝外丝弯头,high,内外丝的完整说法
1245-1,1245,管件及管道用器材 > 金属管件 > 铸铁管件,material,内外丝弯头,大小头弯头,low,有时内外丝连接不同管径被误称
1245-1,1245,管件及管道用器材 > 金属管件 > 铸铁管件,material,压盖,压兰,high,铸铁管连接时压紧填料或胶圈的零件俗称
1245-1,1245,管件及管道用器材 > 金属管件 > 铸铁管件,material,双承乙字管,双承乙字弯,high,乙字管即乙字弯
1245-1,1245,管件及管道用器材 > 金属管件 > 铸铁管件,material,双承单支盘底三通,双承一盘底三通,high,单支盘底的简称说法
1245-1,1245,管件及管道用器材 > 金属管件 > 铸铁管件,material,双承单支盘底三通,双承单盘底三通,medium,支盘简称为盘
1245-1,1245,管件及管道用器材 > 金属管件 > 铸铁管件,material,双承双盘四通,双承双法兰四通,high,盘即法兰盘
1245-1,1245,管件及管道用器材 > 金属管件 > 铸铁管件,material,双承套筒,双承套管,high,套筒即套管
1245-1,1245,管件及管道用器材 > 金属管件 > 铸铁管件,material,双承套筒,双承接轮,low,接轮是部分地区的叫法
1245-1,1245,管件及管道用器材 > 金属管件 > 铸铁管件,material,双承弯头,双承弯管,high,弯头即弯管
1245-1,1245,管件及管道用器材 > 金属管件 > 铸铁管件,material,双承渐缩,双承大小头,high,渐缩管的现场俗称
1245-1,1245,管件及管道用器材 > 金属管件 > 铸铁管件,material,双承渐缩,双承异径管,high,渐缩即异径
1245-1,1245,管件及管道用器材 > 金属管件 > 铸铁管件,material,双插压盘,双插盘,medium,双插压盘的简称
30-2,30,管材 > 其他管材 > 其他管材,material,紫外光固化玻璃纤维软管,UV-CIPP软管,high,行业内对紫外光固化玻璃纤维软管的英文简称叫法
30-2,30,管材 > 其他管材 > 其他管材,material,紫外光固化玻璃纤维软管,光固化软管,high,紫外光固化的简化叫法
30-2,30,管材 > 其他管材 > 其他管材,material,紫外光固化玻璃纤维软管,玻璃纤维内衬管,medium,根据材料和施工工艺的俗称
30-2,30,管材 > 其他管材 > 其他管材,material,纯铅管,铅管,high,施工中常省略纯字
30-2,30,管材 > 其他管材 > 其他管材,material,纯镍管,镍管,high,施工中常省略纯字
30-2,30,管材 > 其他管材 > 其他管材,material,罐壁接合管,罐壁管,medium,简化叫法
30-2,30,管材 > 其他管材 > 其他管材,material,罐顶接合管,罐顶管,medium,简化叫法
30-2,30,管材 > 其他管材 > 其他管材,material,耐磨陶瓷管,耐磨管,high,突出耐磨特性，采购口语常用
30-2,30,管材 > 其他管材 > 其他管材,material,耐磨陶瓷管,刚玉陶瓷管,medium,耐磨陶瓷常采用刚玉材料，有时混称
30-2,30,管材 > 其他管材 > 其他管材,material,耐酸陶瓷管,耐酸管,high,突出耐酸特性
30-2,30,管材 > 其他管材 > 其他管材,material,耐酸陶瓷管,化工陶瓷管,medium,常用于化工领域耐酸管道的别称
30-2,30,管材 > 其他管材 > 其他管材,material,聚乙烯直埋保温管,PE直埋保温管,high,聚乙烯英文缩写代称
30-2,30,管材 > 其他管材 > 其他管材,material,聚乙烯直埋保温管,聚乙烯保温管,medium,简化叫法
30-2,30,管材 > 其他管材 > 其他管材,material,聚氨酯直埋保温管,PU直埋保温管,high,聚氨酯英文缩写代称
30-2,30,管材 > 其他管材 > 其他管材,material,聚氨酯直埋保温管,聚氨酯保温管,medium,简化叫法
30-2,30,管材 > 其他管材 > 其他管材,material,聚氨酯直埋保温管,黄夹克管,medium,聚乙烯外护套的聚氨酯保温管常用俗称
30-2,30,管材 > 其他管材 > 其他管材,material,聚酯纤维编织管,涤纶编织管,high,聚酯纤维即涤纶，常用叫法
30-2,30,管材 > 其他管材 > 其他管材,material,聚酯纤维编织管,PET编织管,medium,聚酯纤维材料代号
30-2,30,管材 > 其他管材 > 其他管材,material,钛合金无缝管,钛无缝管,high,省略合金二字
30-2,30,管材 > 其他管材 > 其他管材,material,钛焊接管,钛焊管,high,业界简称
30-2,30,管材 > 其他管材 > 其他管材,material,钢套钢保温管,钢套钢直埋管,high,全称的演变叫法
30-2,30,管材 > 其他管材 > 其他管材,material,钢套钢保温管,钢套管,medium,简洁口语叫法
30-2,30,管材 > 其他管材 > 其他管材,material,铅锑合金管,铅锑管,high,省略合金二字
30-2,30,管材 > 其他管材 > 其他管材,material,铜编织网管,铜网管,high,简化叫法
30-2,30,管材 > 其他管材 > 其他管材,material,铜编织网管,编织铜管,medium,语序变化口语叫法
30-2,30,管材 > 其他管材 > 其他管材,material,铝合金丝编织网管,铝网管,high,简化叫法
30-2,30,管材 > 其他管材 > 其他管材,material,铝合金丝编织网管,编织铝管,medium,语序变化口语叫法
30-2,30,管材 > 其他管材 > 其他管材,material,镍制无缝管,镍无缝管,high,省略制字
30-2,30,管材 > 其他管材 > 其他管材,material,陶土管,红陶管,medium,显色多为红色
30-2,30,管材 > 其他管材 > 其他管材,material,陶土管,瓦管,medium,早期建筑中陶土管常被称为瓦管
30-2,30,管材 > 其他管材 > 其他管材,material,陶瓷管,瓷管,high,单字简化叫法
30-2,30,管材 > 其他管材 > 其他管材,material,高硼硅玻璃管,高硼硅管,high,省略玻璃二字
30-2,30,管材 > 其他管材 > 其他管材,material,高硼硅玻璃管,硼硅玻璃管,medium,省略高字
30-2,30,管材 > 其他管材 > 其他管材,material,黄腊管,黄蜡管,high,因颜色和表面蜡质感得名，错别字变体常混用
30-2,30,管材 > 其他管材 > 其他管材,material,黄腊管,玻纤黄腊管,medium,全称聚氯乙烯玻璃纤维黄腊管的口语简化
30-2,30,管材 > 其他管材 > 其他管材,material,黄腊管,绝缘黄腊管,medium,用于绝缘时的俗称
30-1,30,管材 > 其他管材 > 其他管材,material,PE排污用牵引管,拖拉管,high,牵引管施工工艺为定向钻拖拉，现场常称拖拉管
30-1,30,管材 > 其他管材 > 其他管材,material,PE排污用牵引管,非开挖PE管,medium,排污牵引管常用于非开挖施工，行业泛称
30-1,30,管材 > 其他管材 > 其他管材,material,PVC编织管,增强软管,high,编织结构增强，口语中常称增强软管
30-1,30,管材 > 其他管材 > 其他管材,material,不锈钢编织软管,金属软管,high,施工现场口语中普遍以此简称不锈钢编织软管
30-1,30,管材 > 其他管材 > 其他管材,material,不锈钢编织软管,编织管,high,在水暖安装中常省去材质简称为编织管
30-1,30,管材 > 其他管材 > 其他管材,material,不锈钢编织软管,不锈钢波纹管,low,常与波纹管混淆，但有时在不严格语境下混用
30-1,30,管材 > 其他管材 > 其他管材,material,井点管,降水管,high,井点降水用的管材，现场常直称为降水管
30-1,30,管材 > 其他管材 > 其他管材,material,井点管,小井管,medium,井点管直径较小，俗称为小井管
30-1,30,管材 > 其他管材 > 其他管材,material,井筒管,井壁管,high,构成井筒的管材，常被称为井壁管
30-1,30,管材 > 其他管材 > 其他管材,material,井筒管,检查井管,medium,用于检查井的井筒部分，俗称检查井管
30-1,30,管材 > 其他管材 > 其他管材,material,伸缩管,伸缩节,high,补偿管道变形，行业俗称伸缩节
30-1,30,管材 > 其他管材 > 其他管材,material,伸缩管,膨胀节,medium,用于补偿热胀冷缩，亦常称膨胀节
30-1,30,管材 > 其他管材 > 其他管材,material,塑套钢保温管,聚氨酯保温管,high,常见塑料外护套为聚氨酯材质，常被简称
30-1,30,管材 > 其他管材 > 其他管材,material,塑套钢保温管,直埋保温管,high,主要用于直埋供热，俗称直埋保温管
30-1,30,管材 > 其他管材 > 其他管材,material,塑套钢保温管,黄夹克管,high,外护管多为黄色高密度聚乙烯，俗称黄夹克
30-1,30,管材 > 其他管材 > 其他管材,material,声测管,超声波检测管,high,全称的省略形式，用于桩基检测
30-1,30,管材 > 其他管材 > 其他管材,material,声测管,探伤管,medium,用于探测桩身缺陷，俗称为探伤管
30-1,30,管材 > 其他管材 > 其他管材,material,尼龙丝编织管,尼龙增强管,high,以尼龙丝编织增强，行业中称尼龙增强管
30-1,30,管材 > 其他管材 > 其他管材,material,尼龙丝编织管,尼龙水带,medium,外形和用途类似水带，现场偶称尼龙水带
30-1,30,管材 > 其他管材 > 其他管材,material,岩心管,岩芯管,high,“心”与“芯”在地质勘探中同义通用
30-1,30,管材 > 其他管材 > 其他管材,material,岩心管,取芯管,high,用于采取岩芯，现场常称取芯管
30-1,30,管材 > 其他管材 > 其他管材,material,岩棉保温管,岩棉管壳,high,保温材料行业中管状岩棉制品标准叫法
30-1,30,管材 > 其他管材 > 其他管材,material,岩棉保温管,矿棉管,medium,材质相近，现场安装工经常混称为矿棉管
30-1,30,管材 > 其他管材 > 其他管材,material,总管,主管,high,总管即主管道，现场一律称主管
30-1,30,管材 > 其他管材 > 其他管材,material,普通陶瓷管,陶管,high,普通陶瓷管的简称
30-1,30,管材 > 其他管材 > 其他管材,material,普通陶瓷管,缸瓦管,medium,传统排水陶土管也称为缸瓦管
30-1,30,管材 > 其他管材 > 其他管材,material,法兰墙管,穿墙套管,high,用于穿墙，带有法兰止水结构，常称穿墙套管
30-1,30,管材 > 其他管材 > 其他管材,material,法兰墙管,防水套管,medium,法兰墙管多用于防水要求高的穿墙处，口语混用
30-1,30,管材 > 其他管材 > 其他管材,material,测压管,水位管,high,常用于测量地下水位，亦称水位管
30-1,30,管材 > 其他管材 > 其他管材,material,测压管,渗压计管,medium,内部放入渗压计，也被称为渗压计管
30-1,30,管材 > 其他管材 > 其他管材,material,涤纶编制管,涤纶增强管,high,以涤纶编制增强，行业泛称涤纶增强管
30-1,30,管材 > 其他管材 > 其他管材,material,滤管,过滤管,high,全称就是过滤管
30-1,30,管材 > 其他管材 > 其他管材,material,滤管,花管,high,管身开孔，形状似花，现场俗称花管
30-1,30,管材 > 其他管材 > 其他管材,material,灌浆管,注浆管,high,灌浆与注浆在施工中同义，常互用
30-1,30,管材 > 其他管材 > 其他管材,material,灌浆管,压浆管,medium,高压灌注时也称压浆管
30-1,30,管材 > 其他管材 > 其他管材,material,煤气管,燃气PE管,high,现在煤气多用PE管，现场采购统称燃气PE管
30-1,30,管材 > 其他管材 > 其他管材,material,煤气管,瓦斯管,low,日占时期遗留称呼，老一辈工人仍用
30-1,30,管材 > 其他管材 > 其他管材,material,玻璃棉保温管,玻璃棉管壳,high,管道保温用管状玻璃棉的行业标准叫法
30-1,30,管材 > 其他管材 > 其他管材,material,玻璃棉保温管,离心玻璃棉管,medium,由离心法生产，技术交流时常用
30-1,30,管材 > 其他管材 > 其他管材,material,盾构用钢管,隧道钢管,high,用于隧道支护，常泛称为隧道钢管
30-1,30,管材 > 其他管材 > 其他管材,material,盾构用钢管,钢支撑管,medium,起支撑作用的管材，口称钢支撑管
30-1,30,管材 > 其他管材 > 其他管材,material,石油套管,油井管,high,用于油井，俗称油井管
30-1,30,管材 > 其他管材 > 其他管材,material,石油套管,套管,high,石油行业内简称套管
30-1,30,管材 > 其他管材 > 其他管材,material,石油套管,J55管,low,以常见钢级代称，现场提料时常用
30-1,30,管材 > 其他管材 > 其他管材,material,石英玻璃管,石英管,high,石英玻璃管的简称
30-1,30,管材 > 其他管材 > 其他管材,material,石英玻璃管,熔融硅管,medium,由熔融石英制成，技术俗称
30-1,30,管材 > 其他管材 > 其他管材,material,硅橡胶玻纤编织管,矽胶管,medium,港台及南方地区对硅橡胶的叫法为矽胶
30-1,30,管材 > 其他管材 > 其他管材,material,硅橡胶玻纤编织管,玻纤硅胶管,high,材质顺序颠倒的俗称
30-1,30,管材 > 其他管材 > 其他管材,material,硅胶玻璃纤维管,硅胶玻纤管,high,硅胶玻璃纤维管的简称
30-1,30,管材 > 其他管材 > 其他管材,material,硅胶玻璃纤维管,矽胶玻纤管,medium,港台及外资体系中常称矽胶
28-1,28,管材 > 塑料管材 > 塑料管,material,(SPCP-PE)实壁管骨架塑料复合管,钢塑复合管,medium,骨架通常为钢质，现场常用叫法
28-1,28,管材 > 塑料管材 > 塑料管,material,(SPCP-PE)实壁管骨架塑料复合管,骨架管,high,施工简称
28-1,28,管材 > 塑料管材 > 塑料管,material,ABS丙稀睛-丁二烯-笨乙烯共聚物管,ABS管,high,行业通用简称，现场口语直接使用英文缩写
28-1,28,管材 > 塑料管材 > 塑料管,material,ABS丙稀睛-丁二烯-笨乙烯共聚物管,工程塑料管,medium,ABS管在工地常被统称为工程塑料管
28-1,28,管材 > 塑料管材 > 塑料管,material,AGR丙烯酸共聚聚氯乙烯管,AGR管,high,行业通用简称
28-1,28,管材 > 塑料管材 > 塑料管,material,AGR丙烯酸共聚聚氯乙烯管,丙烯酸管,medium,基于材料成分的口语简称
28-1,28,管材 > 塑料管材 > 塑料管,material,CFPP碳纤维复合增强波纹管,碳纤维波纹管,high,简称
28-1,28,管材 > 塑料管材 > 塑料管,material,CFPP碳纤维复合增强波纹管,CFPP波纹管,medium,英文缩写加形态简称
28-1,28,管材 > 塑料管材 > 塑料管,material,CFRP碳素波纹管,碳素管,high,行业通用俗称
28-1,28,管材 > 塑料管材 > 塑料管,material,CFRP碳素波纹管,碳素波纹管,high,施工现场口语叫法，常省略CFRP
28-1,28,管材 > 塑料管材 > 塑料管,material,CFRP碳素波纹管,碳纤维管,low,部分工地会因碳素与碳纤维混淆而叫错，但实际常见
28-1,28,管材 > 塑料管材 > 塑料管,material,CPVC氯化聚氯乙烯管,CPVC管,high,英文简称
28-1,28,管材 > 塑料管材 > 塑料管,material,CPVC氯化聚氯乙烯管,过氯乙烯管,medium,化学俗称
28-1,28,管材 > 塑料管材 > 塑料管,material,EVAL管,EVOH管,low,EVAL是EVOH的共聚物，采购中常混称
28-1,28,管材 > 塑料管材 > 塑料管,material,EVAL阻氧采暖管,阻氧管,high,地暖施工中的绝对通用称呼
28-1,28,管材 > 塑料管材 > 塑料管,material,EVAL阻氧采暖管,EVOH阻氧管,medium,EVAL与EVOH在工地通用
28-1,28,管材 > 塑料管材 > 塑料管,material,FPPE增强改性聚丙烯排水管,FPPE管,high,简称
28-1,28,管材 > 塑料管材 > 塑料管,material,FPPE增强改性聚丙烯排水管,增强聚丙烯管,medium,去品牌化/去系列化的通俗叫法
28-1,28,管材 > 塑料管材 > 塑料管,material,FRPE(玻纤增强聚乙烯)静音排水管,玻纤静音管,high,施工现场口语简称
28-1,28,管材 > 塑料管材 > 塑料管,material,FRPE(玻纤增强聚乙烯)静音排水管,FRPE静音管,high,简称
28-1,28,管材 > 塑料管材 > 塑料管,material,FRPP双壁波纹管,FRPP波纹管,high,施工现场口语简称
28-1,28,管材 > 塑料管材 > 塑料管,material,FRPP双壁波纹管,增强聚丙烯波纹管,medium,材料特性加形态
28-1,28,管材 > 塑料管材 > 塑料管,material,FRPP钢带増强缠绕管,FRPP钢带管,high,行业通用俗称
28-1,28,管材 > 塑料管材 > 塑料管,material,FRPP钢带増强缠绕管,钢带增强管,high,去品牌化的直观叫法
28-1,28,管材 > 塑料管材 > 塑料管,material,FRPP静音管,聚丙烯静音管,medium,材料通俗名加功能
28-1,28,管材 > 塑料管材 > 塑料管,material,HBMPP加筋增强双壁波纹管,加筋管,high,施工现场常用简称
28-1,28,管材 > 塑料管材 > 塑料管,material,HBMPP加筋增强双壁波纹管,PP加筋管,medium,材料加结构简称
28-1,28,管材 > 塑料管材 > 塑料管,material,HDMP高密度增强双壁波纹管,HDMP波纹管,high,简称
28-1,28,管材 > 塑料管材 > 塑料管,material,HDMP高密度承插式增强复合管,HDMP承插管,medium,接口形式加材料简称
28-1,28,管材 > 塑料管材 > 塑料管,material,HDPE中空壁塑钢缠绕管,塑钢缠绕管,high,行业绝对通用俗称
28-1,28,管材 > 塑料管材 > 塑料管,material,HDPE中空壁塑钢缠绕管,HDPE塑钢管,low,简称
28-1,28,管材 > 塑料管材 > 塑料管,material,HDPE中空壁渗透管,中空渗透管,high,施工简称
28-1,28,管材 > 塑料管材 > 塑料管,material,HDPE中空壁渗透管,HDPE渗透管,medium,材料加功能简称
28-1,28,管材 > 塑料管材 > 塑料管,material,HDPE中空壁缠绕管,中空缠绕管,high,施工现场口语叫法
28-1,28,管材 > 塑料管材 > 塑料管,material,HDPE中空壁缠绕管,HDPE缠绕管,high,简称
28-1,28,管材 > 塑料管材 > 塑料管,material,HDPE双壁波纹管,双壁波纹管,high,行业绝对通用俗称，常省略HDPE
28-1,28,管材 > 塑料管材 > 塑料管,material,HDPE双壁波纹管,HDPE波纹管,high,简称
28-1,28,管材 > 塑料管材 > 塑料管,material,HDPE双壁波纹管,PE波纹管,medium,施工现场对HDPE的通俗统称
28-1,28,管材 > 塑料管材 > 塑料管,material,HDPE双平壁中空螺旋管,中空螺旋管,high,施工简称
28-1,28,管材 > 塑料管材 > 塑料管,material,HDPE双平壁中空螺旋管,双平壁螺旋管,medium,结构特征简称
28-1,28,管材 > 塑料管材 > 塑料管,material,HDPE双平壁缠绕管,双平壁管,medium,施工现场口语简称
28-1,28,管材 > 塑料管材 > 塑料管,material,HDPE双平壁缠绕管,HDPE双平壁管,medium,简称
28-1,28,管材 > 塑料管材 > 塑料管,material,HDPE增强型网状结构壁管,网状结构管,medium,施工简称
28-1,28,管材 > 塑料管材 > 塑料管,material,HDPE增强型网状结构壁管,PE增强管,low,材料加特征的口语化统称
28-2,28,管材 > 塑料管材 > 塑料管,category,塑料管,塑胶管,high,广东、香港等地区对塑料管的统称
28-2,28,管材 > 塑料管材 > 塑料管,material,HDPE复合实壁顶管,复合拖拉管,medium,顶管施工常用叫法
28-2,28,管材 > 塑料管材 > 塑料管,material,HDPE复合实壁顶管,实壁拖拉管,medium,强调实壁结构与拖拉工艺
28-2,28,管材 > 塑料管材 > 塑料管,material,HDPE实壁管,PE给水管,high,常用作供水用途的实壁管统称
28-2,28,管材 > 塑料管材 > 塑料管,material,HDPE实壁管,聚乙烯直管,medium,强调材质和直管形状
28-2,28,管材 > 塑料管材 > 塑料管,material,HDPE开挖复合实壁管,开挖管,high,区别于非开挖的施工现场叫法
28-2,28,管材 > 塑料管材 > 塑料管,material,HDPE开挖复合实壁管,开槽管,medium,开挖施工也叫开槽施工
28-2,28,管材 > 塑料管材 > 塑料管,material,HDPE改性六棱结构壁管,六棱管,medium,六棱结构壁的简称
28-2,28,管材 > 塑料管材 > 塑料管,material,HDPE波纹管,双壁波纹管,high,常用作波纹管的统称
28-2,28,管材 > 塑料管材 > 塑料管,material,HDPE波纹管,波纹排水管,medium,主要用途叫法
28-2,28,管材 > 塑料管材 > 塑料管,material,HDPE纤维增强双壁缠绕管,纤维缠绕管,medium,强调纤维增强缠绕工艺
28-2,28,管材 > 塑料管材 > 塑料管,material,HDPE缠绕实壁管,缠绕实壁管,medium,省略材质简称
28-2,28,管材 > 塑料管材 > 塑料管,material,HDPE缠绕结构管,缠绕结构壁管,medium,全称的简化口语
28-2,28,管材 > 塑料管材 > 塑料管,material,HDPE缠绕结构管,缠绕B型管,medium,国标分类习惯叫法
28-2,28,管材 > 塑料管材 > 塑料管,material,HDPE轴向中空结构壁管,中空壁管,high,省略轴向的口语简称
28-2,28,管材 > 塑料管材 > 塑料管,material,HDPE轴向中空结构壁管,轴向中空管,medium,省略结构壁的口语叫法
28-2,28,管材 > 塑料管材 > 塑料管,material,HDPE钢塑复合缠绕管,钢塑缠绕管,medium,省略材质的简称
28-2,28,管材 > 塑料管材 > 塑料管,material,HDPE钢带增强波纹管,钢带管,high,施工现场最常用的俗称
28-2,28,管材 > 塑料管材 > 塑料管,material,HDPE钢带增强波纹管,钢带增强管,high,省略波纹的叫法
28-2,28,管材 > 塑料管材 > 塑料管,material,HDPE钢带增强波纹管,钢带波纹管,high,简称
28-2,28,管材 > 塑料管材 > 塑料管,material,HDPE钢带增强螺旋波纹管,螺旋钢带管,medium,强调螺旋成型的钢带管
28-2,28,管材 > 塑料管材 > 塑料管,material,HDPE钢带波纹管,钢带管,high,最通用的简称
28-2,28,管材 > 塑料管材 > 塑料管,material,HDPE静音管,HDPE排水管,medium,对于静音效果的特殊称呼
28-2,28,管材 > 塑料管材 > 塑料管,material,HDPE静音管,静音排水管,medium,省略材质
28-2,28,管材 > 塑料管材 > 塑料管,material,HDPE非开挖管,非开挖HDPE管,medium,施工方式加材质的叫法
28-2,28,管材 > 塑料管材 > 塑料管,material,HDPE高密度聚乙烯双壁波纹管,双壁波纹管,high,最通用的统称
28-2,28,管材 > 塑料管材 > 塑料管,material,HDPE高密度聚乙烯双壁波纹管,HDPE双壁波纹管,high,施工现场常用全称缩写
28-2,28,管材 > 塑料管材 > 塑料管,material,HDPE高密度聚乙烯双壁波纹管,PE波纹管,high,简洁叫法
28-2,28,管材 > 塑料管材 > 塑料管,material,HDPE高韧性同层排水管,同层排水管,high,省略材质和特性的代号
28-2,28,管材 > 塑料管材 > 塑料管,material,HDPE高韧性同层排水管,HDPE同层排水,medium,施工现场简称
28-2,28,管材 > 塑料管材 > 塑料管,material,HRPT中空壁塑钢缠绕管,塑钢管,medium,材质结合叫法
28-2,28,管材 > 塑料管材 > 塑料管,material,HRPT中空壁塑钢缠绕管,塑钢缠绕管,medium,施工现场常用简称
28-2,28,管材 > 塑料管材 > 塑料管,material,HRS高层排水管,高层排水管,medium,省略HRS代号
28-2,28,管材 > 塑料管材 > 塑料管,material,HRS高层雨水管,高层专用雨水管,medium,强调高层特性
28-2,28,管材 > 塑料管材 > 塑料管,material,HTPP静音排水管,PP静音管,high,材质缩写的常见叫法
28-2,28,管材 > 塑料管材 > 塑料管,material,HTPP静音排水管,聚丙烯静音管,high,材质中文全称
28-2,28,管材 > 塑料管材 > 塑料管,material,MPVE环保双壁波纹管,MPVE波纹管,medium,省略环保和双壁的简称
28-2,28,管材 > 塑料管材 > 塑料管,material,MPVE环保双壁波纹管,聚氯乙烯合金管,low,材质解释性的潜在叫法
28-2,28,管材 > 塑料管材 > 塑料管,material,MUHDPE合金应力支架结构壁缠绕管,合金缠绕管,low,强调合金材质
28-2,28,管材 > 塑料管材 > 塑料管,material,MUMPP双壁波纹管,MPP双壁波纹管,medium,省略MU前缀的常见口语
28-3,28,管材 > 塑料管材 > 塑料管,material,PA尼龙管,尼龙管,high,简称，去掉了PA前缀
28-3,28,管材 > 塑料管材 > 塑料管,material,PE-RTII型管,II型耐热聚乙烯管,high,中文全称简称
28-3,28,管材 > 塑料管材 > 塑料管,material,PE-RT阻氧采暖管,阻氧PE-RT管,high,语序调换的口语叫法
28-3,28,管材 > 塑料管材 > 塑料管,material,PE-RT阻氧采暖管,阻氧地暖管,medium,应用场景加材质简称
28-3,28,管材 > 塑料管材 > 塑料管,material,PE-Xa管,过氧化物交联聚乙烯管,medium,PE-Xa交联方式的中文描述
28-3,28,管材 > 塑料管材 > 塑料管,material,PE-Xb管,硅烷交联聚乙烯管,medium,PE-Xb交联方式的中文描述
28-3,28,管材 > 塑料管材 > 塑料管,material,PE-Xc管,辐照交联聚乙烯管,medium,PE-Xc交联方式的中文描述
28-3,28,管材 > 塑料管材 > 塑料管,material,PE-X管,交联聚乙烯管,high,PE-X的中文全称
28-3,28,管材 > 塑料管材 > 塑料管,material,PE-X管,PEX管,high,连写的简称
28-3,28,管材 > 塑料管材 > 塑料管,material,PEX-b交联聚乙烯管,硅烷交联管,high,PEX-b就是硅烷交联法
28-3,28,管材 > 塑料管材 > 塑料管,material,PE中空壁缠绕管,中空缠绕管,high,省略PE材质前缀
28-3,28,管材 > 塑料管材 > 塑料管,material,PE单壁螺旋波纹管,单壁螺旋管,medium,省略材质和波纹
28-3,28,管材 > 塑料管材 > 塑料管,material,PE双壁波纹管,双壁波纹管,high,省略PE材质前缀
28-3,28,管材 > 塑料管材 > 塑料管,material,PE双壁波纹管,HDPE双壁波纹管,high,PE通常为HDPE
28-3,28,管材 > 塑料管材 > 塑料管,material,PE缠绕结构管,缠绕结构壁管,medium,全称包含壁字，此略写
28-3,28,管材 > 塑料管材 > 塑料管,material,PE钢塑复合缠绕管,钢塑缠绕管,high,省略PE
28-3,28,管材 > 塑料管材 > 塑料管,material,PE钢带増强螺旋波纹管,钢带增强管,high,施工现场极简称
28-3,28,管材 > 塑料管材 > 塑料管,material,PE钢带増强螺旋波纹管,钢带波纹管,high,特征提取简称
28-3,28,管材 > 塑料管材 > 塑料管,material,PE钢带増强螺旋波纹管,MRP管,low,英文Metal Reinforced Pipe缩写
28-3,28,管材 > 塑料管材 > 塑料管,material,PP-B管,嵌段共聚聚丙烯管,high,PP-B的中文名称
28-3,28,管材 > 塑料管材 > 塑料管,material,PP-B管,耐冲击共聚聚丙烯管,medium,PP-B的另一种中文俗称
28-3,28,管材 > 塑料管材 > 塑料管,material,PP-HM双壁波纹管,高模量聚丙烯双壁波纹管,medium,HM的中文含义
28-3,28,管材 > 塑料管材 > 塑料管,material,PP双高筋增强聚乙烯(HDPE)缠绕管,双高筋增强管,high,简称
28-3,28,管材 > 塑料管材 > 塑料管,material,PP实壁螺旋管,聚丙烯螺旋管,medium,材质中文叫法
28-3,28,管材 > 塑料管材 > 塑料管,material,PP聚丙烯管,PP管,high,去重后缀
28-3,28,管材 > 塑料管材 > 塑料管,material,PP聚丙烯管,聚丙烯管,high,中文全称
28-3,28,管材 > 塑料管材 > 塑料管,material,PP静音管,聚丙烯静音管,high,材质加特征
28-3,28,管材 > 塑料管材 > 塑料管,material,PP静音管,静音聚丙烯管,medium,特征加材质
28-3,28,管材 > 塑料管材 > 塑料管,material,PP骨架增强螺旋波纹管,PP骨架管,high,简称
28-3,28,管材 > 塑料管材 > 塑料管,material,PVAS合金高强度双壁波纹管,PVAS合金管,medium,省略后半部分
28-3,28,管材 > 塑料管材 > 塑料管,material,PVC-JF节能环保抗冲击排水管,PVC-JF排水管,medium,保留关键前缀和功能
28-3,28,管材 > 塑料管材 > 塑料管,material,PVC-M双壁波纹管,PVC-M波纹管,high,省略双壁
28-3,28,管材 > 塑料管材 > 塑料管,material,PVC-M双壁波纹管,改性PVC双壁波纹管,medium,M为改性缩写
28-3,28,管材 > 塑料管材 > 塑料管,material,PVC-M管,改性PVC管,high,M代表改性
28-4,28,管材 > 塑料管材 > 塑料管,material,PVC-O管,双轴取向聚氯乙烯管,high,中文俗称
28-4,28,管材 > 塑料管材 > 塑料管,material,PVC-O管,PVC-O取向管,medium,行业简称
28-4,28,管材 > 塑料管材 > 塑料管,material,PVC-S高强度聚氯乙烯管,PVC-S管,high,施工现场简称
28-4,28,管材 > 塑料管材 > 塑料管,material,PVC-UH排污排水管,超高分子量聚氯乙烯排水管,medium,材料名称简称
28-4,28,管材 > 塑料管材 > 塑料管,material,PVC-UH给水管,超高分子量聚氯乙烯给水管,medium,材料名称简称
28-4,28,管材 > 塑料管材 > 塑料管,material,PVC-U管,硬聚氯乙烯管,high,行业通用俗称
28-4,28,管材 > 塑料管材 > 塑料管,material,PVC-U管,PVC硬管,high,施工现场口语
28-4,28,管材 > 塑料管材 > 塑料管,material,PVC-U管,UPVC管,high,进口料常叫法
28-4,28,管材 > 塑料管材 > 塑料管,material,PVC-U聚氯乙烯增强缠绕管,缠绕管,medium,施工现场简称
28-4,28,管材 > 塑料管材 > 塑料管,material,PVC中空螺旋管,中空螺旋消音管,high,功能描述简称
28-4,28,管材 > 塑料管材 > 塑料管,material,PVC中空螺旋管,中空螺管,medium,施工现场简称
28-4,28,管材 > 塑料管材 > 塑料管,material,PVC加筋管,加筋PVC管,high,语序调整俗称
28-4,28,管材 > 塑料管材 > 塑料管,material,PVC双壁波纹管,双壁波纹管,high,行业通用简称
28-4,28,管材 > 塑料管材 > 塑料管,material,PVC双壁波纹管,波纹管,medium,施工现场口语
28-4,28,管材 > 塑料管材 > 塑料管,material,PVC增强管,钢丝增强管,low,常见增强方式
28-4,28,管材 > 塑料管材 > 塑料管,material,PVC增强管,网纹管,low,无钢丝时的纤维增强俗称
28-4,28,管材 > 塑料管材 > 塑料管,material,PVC实壁螺旋管,实壁螺旋消音管,medium,功能描述俗称
28-4,28,管材 > 塑料管材 > 塑料管,material,PVC实壁螺旋管,实壁螺管,medium,施工现场简称
28-4,28,管材 > 塑料管材 > 塑料管,material,PVC芯层发泡管,PVC发泡管,high,施工现场简称
28-4,28,管材 > 塑料管材 > 塑料管,material,PVC芯层发泡管,PSP管,low,部分厂家代号
28-4,28,管材 > 塑料管材 > 塑料管,material,RCS屋面雨水排放管,虹吸雨水斗管,medium,系统配套呼称
28-4,28,管材 > 塑料管材 > 塑料管,material,SDCR-PE无缝双腔增强塑料排水管,双壁中空管,medium,结构特征俗称
28-4,28,管材 > 塑料管材 > 塑料管,material,UHMW超高分子量聚乙烯塑钢缠绕排水管,超高管,high,施工现场简称
28-4,28,管材 > 塑料管材 > 塑料管,material,UHMW超高分子量聚乙烯塑钢缠绕排水管,UHMW缠绕管,medium,行业简称
28-4,28,管材 > 塑料管材 > 塑料管,material,UPE高分子聚乙烯管,UPE100管,low,原料等级代称
28-4,28,管材 > 塑料管材 > 塑料管,material,UPVC中空消音管,中空消音管,high,行业通用简称
28-4,28,管材 > 塑料管材 > 塑料管,material,UPVC中空螺旋消音管,中空螺旋管,high,施工现场简称
28-4,28,管材 > 塑料管材 > 塑料管,material,UPVC中空螺旋消音管,消音螺管,medium,功能简称
28-4,28,管材 > 塑料管材 > 塑料管,material,UPVC加强型螺旋管,加强螺管,medium,施工现场简称
28-4,28,管材 > 塑料管材 > 塑料管,material,UPVC加筋管,加筋UPVC管,high,语序调整俗称
28-4,28,管材 > 塑料管材 > 塑料管,material,UPVC单壁波纹管,单壁波纹管,high,行业通用简称
28-4,28,管材 > 塑料管材 > 塑料管,material,UPVC双壁波纹管,双壁波纹管,high,行业通用简称
28-4,28,管材 > 塑料管材 > 塑料管,material,UPVC双壁波纹管,UPVC波纹管,medium,施工现场口语
28-4,28,管材 > 塑料管材 > 塑料管,material,UPVC塑料管,UPVC管,high,行业通用简称
28-4,28,管材 > 塑料管材 > 塑料管,material,UPVC塑料管,硬聚氯乙烯管,high,行业俗称
28-4,28,管材 > 塑料管材 > 塑料管,material,UPVC塑料管,PVC硬管,medium,施工现场口语
28-5,28,管材 > 塑料管材 > 塑料管,material,UPVC实壁消音管,实壁消音管,high,施工现场简称
28-5,28,管材 > 塑料管材 > 塑料管,material,UPVC实壁消音管,UPVC消音管,medium,简略了芯层类型
28-5,28,管材 > 塑料管材 > 塑料管,material,UPVC给水管,PVC-U给水管,high,常见的标准书写顺序变体
28-5,28,管材 > 塑料管材 > 塑料管,material,UPVC芯层发泡管,芯层发泡管,high,施工现场简称
28-5,28,管材 > 塑料管材 > 塑料管,material,UPVC芯层发泡管,PVC发泡管,medium,简略了芯层
28-5,28,管材 > 塑料管材 > 塑料管,material,UPVC螺旋消音管,螺旋消音管,high,施工现场简称
28-5,28,管材 > 塑料管材 > 塑料管,material,UPVC雨水管,PVC雨水管,high,口语化简称
28-5,28,管材 > 塑料管材 > 塑料管,material,不锈钢波纹管,波纹管,low,在不锈钢管材语境下的口语简称
28-5,28,管材 > 塑料管材 > 塑料管,material,内肋增强聚乙烯(PE)螺旋波纹管,内肋管,high,施工现场简称
28-5,28,管材 > 塑料管材 > 塑料管,material,内肋增强聚乙烯(PE)螺旋波纹管,内肋增强波纹管,medium,简略了材料全称
28-5,28,管材 > 塑料管材 > 塑料管,material,双层轴向中空壁管,中空壁管,high,施工现场简称
28-5,28,管材 > 塑料管材 > 塑料管,material,双层轴向中空壁管,轴向中空管,medium,简略了壁结构
28-5,28,管材 > 塑料管材 > 塑料管,material,双高筋增强聚乙烯(HDPE)缠绕管,双高筋缠绕管,high,施工现场简称
28-5,28,管材 > 塑料管材 > 塑料管,material,双高筋增强聚乙烯(HDPE)缠绕管,双高筋管,medium,进一步口语简称
28-5,28,管材 > 塑料管材 > 塑料管,material,复合聚乙烃DRPO钢塑增强缠绕管,DRPO管,high,以材料代号作为简称
28-5,28,管材 > 塑料管材 > 塑料管,material,复合聚乙烃DRPO钢塑增强缠绕管,钢塑复合缠绕管,low,泛称，可能与UPVC材质混淆
28-5,28,管材 > 塑料管材 > 塑料管,material,纳米改性高密度聚乙烯(MUHDPE)合金管,MUHDPE管,high,以材料英文缩写作为简称
28-5,28,管材 > 塑料管材 > 塑料管,material,纳米改性高密度聚乙烯(MUHDPE)合金管,纳米合金管,medium,施工现场口语简称
28-5,28,管材 > 塑料管材 > 塑料管,material,预应力HDPE塑料波纹管,预应力波纹管,high,在预应力工程语境下的简称
28-5,28,管材 > 塑料管材 > 塑料管,material,预应力HDPE塑料波纹管,HDPE波纹管,medium,简略了预应力特性
28-5,28,管材 > 塑料管材 > 塑料管,material,高强度聚氯乙烯双壁波纹管,PVC双壁波纹管,high,口语化简称
28-5,28,管材 > 塑料管材 > 塑料管,material,高强度聚氯乙烯双壁波纹管,双壁波纹管,medium,泛称，但在特定语境下常用
28-5,28,管材 > 塑料管材 > 塑料管,material,高筋(PP)增强聚乙烯缠绕管,PP增强缠绕管,high,突出增强材料类型的简称
28-5,28,管材 > 塑料管材 > 塑料管,material,高筋(PP)增强聚乙烯缠绕管,高筋缠绕管,medium,施工现场口语简称
1230-1,1230,管材 > 塑料管材 > 玻璃钢管,category,玻璃钢管,FRP管,high,玻璃钢的英文Fiber Reinforced Plastics缩写，业内通用
1230-1,1230,管材 > 塑料管材 > 玻璃钢管,category,玻璃钢管,玻璃纤维增强塑料管,high,玻璃钢的全称，常用于技术文件
1230-1,1230,管材 > 塑料管材 > 玻璃钢管,category,玻璃钢管,玻璃丝管,medium,施工现场部分工人会因外观光泽和纤维感而使用的俗称
1230-1,1230,管材 > 塑料管材 > 玻璃钢管,material,普通玻璃钢管,玻璃钢裸管,high,区别于保温管、夹砂管等复合结构的普通管材，采购单常见
1230-1,1230,管材 > 塑料管材 > 玻璃钢管,material,普通玻璃钢管,FRP光管,medium,无特殊结构或涂层的玻璃钢管口语叫法
1230-1,1230,管材 > 塑料管材 > 玻璃钢管,material,玻璃钢保温管,FRP保温管,high,将FRP作为管材简称冠以保温功能
1230-1,1230,管材 > 塑料管材 > 玻璃钢管,material,玻璃钢保温管,玻璃钢套钢保温管,medium,指明具体结构为玻璃钢外护管的保温管
1230-1,1230,管材 > 塑料管材 > 玻璃钢管,material,玻璃钢夹砂管,夹砂玻璃钢管,high,行业内语序颠倒使用，意义相同
1230-1,1230,管材 > 塑料管材 > 玻璃钢管,material,玻璃钢夹砂管,FRP夹砂管,high,FRP管材中增加石英砂夹层的简称
1230-1,1230,管材 > 塑料管材 > 玻璃钢管,material,玻璃钢夹砂管,RPM管,high,英文Reinforced Plastic Mortar pipe的缩写，特指夹砂工艺
1230-1,1230,管材 > 塑料管材 > 玻璃钢管,material,玻璃钢夹砂管,玻璃钢增强砂浆管,medium,夹砂管的全称性描述，技术文件中常见
1230-1,1230,管材 > 塑料管材 > 玻璃钢管,material,玻璃钢工艺管,玻璃钢异型管,medium,工艺管常因特定工艺需求而具备非标准截面或造型
1230-1,1230,管材 > 塑料管材 > 玻璃钢管,material,玻璃钢工艺管,定制FRP管,low,强调按工艺要求定制的玻璃钢管
1230-1,1230,管材 > 塑料管材 > 玻璃钢管,material,玻璃钢电缆导管,玻璃钢电缆保护管,high,全称叫法，采购时常见
1230-1,1230,管材 > 塑料管材 > 玻璃钢管,material,玻璃钢电缆导管,FRP电缆管,high,电缆用FRP管的简写
1230-1,1230,管材 > 塑料管材 > 玻璃钢管,material,玻璃钢电缆导管,玻璃钢穿线管,high,施工现场对电缆保护管的通俗叫法
1230-1,1230,管材 > 塑料管材 > 玻璃钢管,material,玻璃钢电缆导管,玻璃钢电力管,high,强调用于电力电缆保护的管材，行业惯用语
1230-1,1230,管材 > 塑料管材 > 玻璃钢管,material,玻璃钢电缆导管,玻璃钢维纶电缆管,medium,以往电缆保护管中含有维纶成分，老式称呼仍有沿用
1241-2,1241,管材 > 复合管材 > 衬里管,material,衬塑镀锌钢管,钢塑复合管,high,镀锌钢管内衬塑料的常见工程叫法
1241-2,1241,管材 > 复合管材 > 衬里管,material,衬塑镀锌钢管,衬塑钢管,high,施工现场对衬塑镀锌钢管的简称
1241-2,1241,管材 > 复合管材 > 衬里管,material,衬塑镀锌钢管,内衬塑管,medium,强调内部衬塑的管道称呼
1241-2,1241,管材 > 复合管材 > 衬里管,material,衬橡胶镀锌钢管,衬胶钢管,high,工程中对衬橡胶钢管的常用简称
1241-2,1241,管材 > 复合管材 > 衬里管,material,衬橡胶镀锌钢管,橡胶衬里管,medium,防腐工程中对该类产品的叫法
1241-2,1241,管材 > 复合管材 > 衬里管,material,衬陶瓷镀锌钢管,陶瓷复合钢管,high,耐磨管道领域对该产品的通用名称
1241-2,1241,管材 > 复合管材 > 衬里管,material,衬陶瓷镀锌钢管,衬瓷管,medium,施工现场对衬陶瓷管道的简称
1241-2,1241,管材 > 复合管材 > 衬里管,material,覆塑不锈钢管,包塑不锈钢管,medium,管道外层包裹塑料的另一种说法
1241-2,1241,管材 > 复合管材 > 衬里管,material,覆塑不锈钢管,涂塑不锈钢管,low,采用涂覆工艺的称呼，有时与覆塑混用
1241-2,1241,管材 > 复合管材 > 衬里管,material,覆塑铜管,包塑铜管,medium,空调制冷领域对覆塑铜管的俗称
1241-2,1241,管材 > 复合管材 > 衬里管,material,覆塑铜管,塑覆铜管,medium,行业标准中的习惯叫法
29-3,29,管材 > 复合管材 > 复合管,material,水泥砂浆防腐钢管,水泥砂浆内衬钢管,high,施工现场根据其内防腐工艺俗称
29-3,29,管材 > 复合管材 > 复合管,material,水泥砂浆防腐钢管,砂浆衬里钢管,medium,采购简略叫法
29-3,29,管材 > 复合管材 > 复合管,material,玻璃钢不锈钢复合管,FRP不锈钢复合管,medium,FRP为玻璃钢英文缩写，采购中常见
29-3,29,管材 > 复合管材 > 复合管,material,玻璃钢混凝土复合管,FRP混凝土管,medium,FRP为玻璃钢英文缩写组合
29-3,29,管材 > 复合管材 > 复合管,material,衬塑复合管,衬塑管,high,施工现场与采购中通用的简称
29-3,29,管材 > 复合管材 > 复合管,material,钢丝网骨架复合管,钢丝网骨架管,high,采购与施工中的常用简称
29-3,29,管材 > 复合管材 > 复合管,material,钢丝网骨架复合管,PSP复合管,medium,行业内结合钢丝网与聚乙烯特点的俗称
29-3,29,管材 > 复合管材 > 复合管,material,钢丝网骨架复合管,钢骨架PE复合管,medium,与其衍生规格的叫法有交叉，但常用于指代此类管材
29-3,29,管材 > 复合管材 > 复合管,material,钢塑复合管,钢塑管,high,施工现场最常见的简称
29-3,29,管材 > 复合管材 > 复合管,material,钢塑复合管,衬塑钢管,medium,根据其内衬塑料的结构叫法，有时混用
29-3,29,管材 > 复合管材 > 复合管,material,钢骨架聚乙烯塑料复合管,钢骨架PE管,high,聚乙烯英文缩写PE，采购中常用
29-3,29,管材 > 复合管材 > 复合管,material,钢骨架聚乙烯塑料复合管,钢丝网骨架聚乙烯管,medium,全称拆解后的习惯性叫法
29-3,29,管材 > 复合管材 > 复合管,material,钢骨架聚乙烯塑料复合管,SRTP,medium,行业对该类型管材的综合性英文缩写
29-3,29,管材 > 复合管材 > 复合管,material,钢骨架聚乙烯复合管,钢骨架PE管,high,聚乙烯英文缩写PE，全称的常用简称
29-3,29,管材 > 复合管材 > 复合管,material,铜塑复合管,铜塑管,high,施工现场通用的简略叫法
29-3,29,管材 > 复合管材 > 复合管,material,铜塑复合管,衬铜管,medium,根据其内衬铜层的结构叫法
29-3,29,管材 > 复合管材 > 复合管,material,铝合金衬塑PETR复合管,铝合金衬塑管,high,省略具体塑料代号PETR的通用叫法
29-3,29,管材 > 复合管材 > 复合管,material,铝合金衬塑PETR复合管,铝衬PETR管,medium,强调了铝基层和耐热聚乙烯(PETR)的缩写
29-2,29,管材 > 复合管材 > 复合管,category,复合管,复合压力管,medium,多数复合管用于有压输送的通用叫法
29-2,29,管材 > 复合管材 > 复合管,category,复合管,钢衬管,medium,一部分复合管采用钢管内衬防腐材料的形式，施工现场俗称
29-2,29,管材 > 复合管材 > 复合管,material,PPR玻纤增强复合管,玻纤PPR管,high,现场简称
29-2,29,管材 > 复合管材 > 复合管,material,PPR玻纤增强复合管,PPR-GF管,medium,利用玻纤英文缩写简称
29-2,29,管材 > 复合管材 > 复合管,material,PPR玻纤稳态复合管,稳态PPR管,high,最核心特征为带中间铝层/玻纤层的稳态结构
29-2,29,管材 > 复合管材 > 复合管,material,PPR玻纤稳态复合管,玻纤稳态管,medium,省略PPR的简称
29-2,29,管材 > 复合管材 > 复合管,material,PPR铝塑复合管,PPR铝塑管,high,最常见简称
29-2,29,管材 > 复合管材 > 复合管,material,PPR铝塑复合管,稳态铝塑管,low,部分厂家有稳态系列，口语混用
29-2,29,管材 > 复合管材 > 复合管,material,PSP钢塑复合管,PSP管,high,直接用缩写代号
29-2,29,管材 > 复合管材 > 复合管,material,PSP钢塑复合管,钢塑复合压力管,high,PSP全称为钢塑复合压力管，口语简称
29-2,29,管材 > 复合管材 > 复合管,material,PVC钢丝骨架复合管,PVC钢丝管,medium,现场简易叫法
29-2,29,管材 > 复合管材 > 复合管,material,RPM管,玻璃钢夹砂管,medium,RPM在国内常指玻璃钢夹砂管
29-2,29,管材 > 复合管材 > 复合管,material,RPM管,增强塑料砂浆管,low,RPM的全称意译
29-2,29,管材 > 复合管材 > 复合管,material,SNP不锈钢塑料复合管,不锈钢复合管,medium,不锈钢在外侧，现场常以不锈钢管混叫
29-2,29,管材 > 复合管材 > 复合管,material,SNP不锈钢塑料复合管,SNP管,high,缩写代称
29-2,29,管材 > 复合管材 > 复合管,material,SRTP钢丝网骨架塑料复合管,钢丝网骨架管,high,最常见现场叫法
29-2,29,管材 > 复合管材 > 复合管,material,SRTP钢丝网骨架塑料复合管,SRTP管,high,直接使用缩写
29-2,29,管材 > 复合管材 > 复合管,material,SRTP钢丝网骨架塑料复合管,钢丝网管,medium,更简化的现场称呼
29-2,29,管材 > 复合管材 > 复合管,material,TPEP防腐钢管,3PE防腐管,medium,TPEP类似3PE工艺，现场常混叫
29-2,29,管材 > 复合管材 > 复合管,material,TPEP防腐钢管,外3PE内环氧管,low,对其结构的通俗描述简称
29-2,29,管材 > 复合管材 > 复合管,material,增强玻璃钢复合管,玻璃钢管,medium,现场简略称呼
29-2,29,管材 > 复合管材 > 复合管,material,增强玻璃钢复合管,GRP管,medium,英文缩写代称
29-2,29,管材 > 复合管材 > 复合管,material,外环氧煤沥青防腐钢管,环氧煤沥青管,high,防腐层特征简称
29-2,29,管材 > 复合管材 > 复合管,material,孔网钢带聚乙烯复合管,孔网钢带管,high,施工现场最常用简称
29-2,29,管材 > 复合管材 > 复合管,material,孔网钢带聚乙烯复合管,钢带增强聚乙烯管,medium,突出增强结构的叫法
29-2,29,管材 > 复合管材 > 复合管,material,孔网钢带聚乙烯复合管,MRP管,low,英文缩写，部分设计图纸使用
29-2,29,管材 > 复合管材 > 复合管,material,无机纤维增强复合双壁波纹管,纤维增强波纹管,medium,对结构的简易口语描述
29-1,29,管材 > 复合管材 > 复合管,material,2PE防腐钢管,二层PE钢管,high,行业内对两层聚乙烯防腐层的简称
29-1,29,管材 > 复合管材 > 复合管,material,3PE防腐钢管,三PE管,high,施工现场对三层聚乙烯防腐钢管的常用简称
29-1,29,管材 > 复合管材 > 复合管,material,3PE防腐钢管,3PE钢管,high,省略防腐二字的常用叫法
29-1,29,管材 > 复合管材 > 复合管,material,8710防腐钢管,8710管,high,以标准号直接代称管材的现场口语叫法
29-1,29,管材 > 复合管材 > 复合管,material,ABS塑钢复合管,ABS复合管,medium,简化工法名称的叫法
29-1,29,管材 > 复合管材 > 复合管,material,CGR连续玻纤增强聚乙烯复合管,CGR管,medium,取英文首字母缩写作为简称
29-1,29,管材 > 复合管材 > 复合管,material,DF-SRTP钢丝网骨架塑料复合管,SRTP管,high,取型号中的核心标识作为代称
29-1,29,管材 > 复合管材 > 复合管,material,DF-SRTP钢丝网骨架塑料复合管,塑钢缠绕管,medium,基于钢塑复合与缠绕结构的别称
29-1,29,管材 > 复合管材 > 复合管,material,DREC双层加肋双色增强复合管,DREC管,medium,取首字母缩写作为现场简称
29-1,29,管材 > 复合管材 > 复合管,material,FPP-R纤维增强管,FPPR管,high,省略连字符的紧凑书写叫法
29-1,29,管材 > 复合管材 > 复合管,material,FRPP异形肋模压排水管,FRPP异形肋管,medium,省略模压排水等描述性词语的简化叫法
29-1,29,管材 > 复合管材 > 复合管,material,FRPP管,增强聚丙烯管,medium,中文全称的口语化表达
29-1,29,管材 > 复合管材 > 复合管,material,HDMP高密度增强复合管,HDMP管,high,直接使用材料代号作为简称
29-1,29,管材 > 复合管材 > 复合管,material,HDPE双层钢带热熔复合管,双钢带管,medium,现场对双层钢带焊接复合管的口语叫法
29-1,29,管材 > 复合管材 > 复合管,material,HDPE钢丝网骨架复合管,钢丝网PE管,high,施工现场常见简称
29-1,29,管材 > 复合管材 > 复合管,material,HDPE钢丝网骨架复合管,钢骨架HDPE管,medium,强调钢骨架结构及HDPE材质
29-1,29,管材 > 复合管材 > 复合管,material,HDPP双层钢带复合管,HDPP钢带管,medium,简化工法的名称
29-1,29,管材 > 复合管材 > 复合管,material,HI-PPR复合管,HIPPR管,medium,省略连字符的简写形式
29-1,29,管材 > 复合管材 > 复合管,material,HI-PPR抗菌管,抗菌PPR管,high,突出功能与材质核心的叫法
29-1,29,管材 > 复合管材 > 复合管,material,PAP铝塑复合管,铝塑管,high,最常用的行业俗称
29-1,29,管材 > 复合管材 > 复合管,material,PAP铝塑复合管,PAP管,high,使用材料代码代称
29-1,29,管材 > 复合管材 > 复合管,material,PE-RT保温复合管,PERT保温管,high,简化连字符后的紧凑叫法
29-1,29,管材 > 复合管材 > 复合管,material,PE-RT铝塑复合稳态管,PERT稳态管,high,保留核心材质与功能的简称
29-1,29,管材 > 复合管材 > 复合管,material,PE-RT铝塑复合管,PERT铝塑管,high,行业与施工现场非常普遍的口语简称
29-1,29,管材 > 复合管材 > 复合管,material,PE钢丝网骨架复合管,钢丝网骨架PE管,high,常用的口语顺序调整
29-1,29,管材 > 复合管材 > 复合管,material,PE钢丝网骨架复合管,PE钢骨架管,medium,强调钢丝网骨架结构的简称
29-1,29,管材 > 复合管材 > 复合管,material,PE钢塑复合稳态管,钢塑稳态管,medium,突出钢塑复合和稳态特性的简称
29-1,29,管材 > 复合管材 > 复合管,material,PE铝塑复合管,PE铝塑管,high,行业内通用的口语化简称
29-1,29,管材 > 复合管材 > 复合管,material,PPR塑铝稳态复合管,PPR稳态管,high,施工现场和采购中常用的简称
29-1,29,管材 > 复合管材 > 复合管,material,PPR塑铝稳态复合管,PPR塑铝稳态管,medium,省略复合二字的口语叫法
1241-1,1241,管材 > 复合管材 > 衬里管,category,衬里管,衬塑管,high,行业内对衬塑复合管的统称
1241-1,1241,管材 > 复合管材 > 衬里管,category,衬里管,涂塑管,high,行业内对涂塑钢管的统称
1241-1,1241,管材 > 复合管材 > 衬里管,category,衬里管,覆塑管,medium,部分地区对涂覆/衬塑类复合管的泛称
1241-1,1241,管材 > 复合管材 > 衬里管,category,衬里管,钢衬管,high,泛指钢管内衬其他材料的复合管
1241-1,1241,管材 > 复合管材 > 衬里管,material,KCG(C型)纤维增强衬塑复合管,KCG管,high,型号简称
1241-1,1241,管材 > 复合管材 > 衬里管,material,MPVC/FRP聚强衬塑复合管,MPVC/FRP管,high,材质简称
1241-1,1241,管材 > 复合管材 > 衬里管,material,MPVC/FRP聚强衬塑复合管,聚强管,medium,产品品牌/系列俗称
1241-1,1241,管材 > 复合管材 > 衬里管,material,内外涂塑复合钢管,内外涂塑管,high,省略复合钢三字的简称
1241-1,1241,管材 > 复合管材 > 衬里管,material,内外涂塑复合钢管,双面涂塑钢管,medium,强调内外表面均有涂层的俗称
1241-1,1241,管材 > 复合管材 > 衬里管,material,内外涂塑无缝钢管,内外涂塑无缝管,medium,省略钢字的简称
1241-1,1241,管材 > 复合管材 > 衬里管,material,内外涂塑镀锌无缝钢管,内外涂塑热镀锌无缝管,medium,强调了基管的热镀锌工艺
1241-1,1241,管材 > 复合管材 > 衬里管,material,内外涂塑镀锌钢管,内外涂塑镀锌管,high,省略钢字的简称
1241-1,1241,管材 > 复合管材 > 衬里管,material,内外涂覆复合钢管,内外涂覆管,medium,施工现场口语简称
1241-1,1241,管材 > 复合管材 > 衬里管,material,内涂塑无缝钢管,内涂无缝管,medium,同时省略了涂塑的塑和无缝钢管的钢字
1241-1,1241,管材 > 复合管材 > 衬里管,material,内涂塑钢管,内涂管,medium,施工现场口语简称
1241-1,1241,管材 > 复合管材 > 衬里管,material,内涂塑镀锌钢管,内涂镀锌管,medium,施工现场口语简称
1241-1,1241,管材 > 复合管材 > 衬里管,material,内衬球墨铸铁管,衬里球铁管,medium,省略了墨字的口语简称
1241-1,1241,管材 > 复合管材 > 衬里管,material,外涂塑钢管,外涂管,medium,施工现场口语简称
1241-1,1241,管材 > 复合管材 > 衬里管,material,热塑成型(FIPP)衬管,FIPP衬管,high,英文缩写简称
1241-1,1241,管材 > 复合管材 > 衬里管,material,热塑成型(FIPP)衬管,热塑衬管,high,省略了成型二字的简称
1241-1,1241,管材 > 复合管材 > 衬里管,material,玻璃钢内衬不锈钢管,FRP内衬不锈钢管,medium,使用玻璃钢的英文缩写
1241-1,1241,管材 > 复合管材 > 衬里管,material,衬不锈钢镀锌钢管,镀锌衬不锈钢管,medium,语序调整的俗称
1241-1,1241,管材 > 复合管材 > 衬里管,material,衬塑复合钢管,衬塑钢管,high,省略复合二字的统称
1241-1,1241,管材 > 复合管材 > 衬里管,material,衬塑复合钢管,钢衬塑管,high,常用的行业别称
1241-1,1241,管材 > 复合管材 > 衬里管,material,衬塑复合钢管,SP管,low,部分厂家或地区的缩写简称
1241-1,1241,管材 > 复合管材 > 衬里管,material,衬塑无缝钢管,无缝衬塑管,medium,语序调整的俗称
1241-1,1241,管材 > 复合管材 > 衬里管,material,衬塑焊接钢管,焊管衬塑,medium,施工现场口语叫法
1240-1,1240,管材 > 橡胶管材 > 橡胶管,category,橡胶管,胶管,high,橡胶管的简称，采购和施工现场通用叫法
1240-1,1240,管材 > 橡胶管材 > 橡胶管,category,橡胶管,橡胶软管,high,橡胶管材的另一种通用叫法，强调其柔性
1240-1,1240,管材 > 橡胶管材 > 橡胶管,material,夹布喷砂胶管,喷砂管,high,施工现场口语简称，省略材质和结构描述
1240-1,1240,管材 > 橡胶管材 > 橡胶管,material,夹布空气胶管,风管,medium,输送空气的橡胶管常在工地称作风管
1240-1,1240,管材 > 橡胶管材 > 橡胶管,material,夹布空气胶管,空压胶管,medium,用于空压机等气动设备的橡胶管俗称
1240-1,1240,管材 > 橡胶管材 > 橡胶管,material,夹布输水胶管,输水管,high,行业简称，突出输送水的功能
1240-1,1240,管材 > 橡胶管材 > 橡胶管,material,夹布输油胶管,输油管,high,行业简称，突出输送油的功能
1240-1,1240,管材 > 橡胶管材 > 橡胶管,material,夹布输稀酸、碱胶管,耐酸碱胶管,high,突出耐酸碱腐蚀特性，采购时常用叫法
1240-1,1240,管材 > 橡胶管材 > 橡胶管,material,夹布输稀酸、碱胶管,酸碱管,high,施工现场对输送酸碱管道的口语简称
1240-1,1240,管材 > 橡胶管材 > 橡胶管,material,纤维增强氟硅胶管,氟硅管,medium,在特定化工场合的口语简称
1240-1,1240,管材 > 橡胶管材 > 橡胶管,material,纤维编织高压橡胶管,纤维高压管,medium,行业内对纤维编织增强结构高压胶管的俗称
1240-1,1240,管材 > 橡胶管材 > 橡胶管,material,蒸汽胶管,蒸汽管,high,施工及采购通用的简称
1240-1,1240,管材 > 橡胶管材 > 橡胶管,material,钢丝缠绕胶管,缠绕管,medium,施工现场对钢丝缠绕结构胶管的口语简称
1240-1,1240,管材 > 橡胶管材 > 橡胶管,material,钢丝缠绕胶管,钢丝缠绕管,high,强调钢丝材质和缠绕工艺的简称
1240-1,1240,管材 > 橡胶管材 > 橡胶管,material,高压油管,高压管,medium,施工现场对承压油管的泛指叫法
1240-1,1240,管材 > 橡胶管材 > 橡胶管,material,高压钢丝编制胶管,钢丝编织管,high,强调钢丝编织结构，行业内通用简称
1240-1,1240,管材 > 橡胶管材 > 橡胶管,material,高压钢丝编制胶管,钢丝高压管,medium,突出钢丝增强和高压特性的口语叫法
1232-1,1232,管材 > 金属管材 > 不锈钢管,category,不锈钢管,不锈钢管,high,日常口语和采购中常省略具体工艺，直接称不锈钢管
1232-1,1232,管材 > 金属管材 > 不锈钢管,category,不锈钢管,白钢管,high,因不锈钢外观呈银白色，现场习惯称白钢管
1232-1,1232,管材 > 金属管材 > 不锈钢管,category,不锈钢管,不锈管,medium,不锈钢管的简称，常见于报价单和口语
1232-1,1232,管材 > 金属管材 > 不锈钢管,material,不锈钢无缝钢管,不锈钢无缝管,high,省略了钢字，行业内通用简称
1232-1,1232,管材 > 金属管材 > 不锈钢管,material,不锈钢无缝钢管,无缝不锈钢管,high,调整语序的习惯叫法
1232-1,1232,管材 > 金属管材 > 不锈钢管,material,不锈钢无缝钢管,白钢无缝管,medium,结合材质俗称与工艺的现场叫法
1232-1,1232,管材 > 金属管材 > 不锈钢管,material,不锈钢焊接钢管,不锈钢焊管,high,标准简称，采购清单中常见
1232-1,1232,管材 > 金属管材 > 不锈钢管,material,不锈钢焊接钢管,有缝不锈钢管,high,根据焊接有缝的特点，区别于无缝管的叫法
1232-1,1232,管材 > 金属管材 > 不锈钢管,material,不锈钢焊接钢管,不锈钢直缝管,medium,强调了焊缝为直缝，高频焊管常见叫法
1232-1,1232,管材 > 金属管材 > 不锈钢管,material,不锈钢焊接钢管,白钢焊管,medium,结合材质俗称与工艺的现场叫法
1232-1,1232,管材 > 金属管材 > 不锈钢管,material,不锈钢钢板卷管,不锈钢卷管,high,省略了钢板二字，行业内通用简称
1232-1,1232,管材 > 金属管材 > 不锈钢管,material,不锈钢钢板卷管,不锈钢螺旋管,medium,钢板卷制多为螺旋焊缝，现场常以此代称
1232-1,1232,管材 > 金属管材 > 不锈钢管,material,不锈钢钢板卷管,不锈钢直缝卷管,low,当采用直缝卷制工艺时的特定叫法
1232-1,1232,管材 > 金属管材 > 不锈钢管,material,薄壁不锈钢管,不锈钢薄壁管,high,调整语序的习惯叫法，语义不变
1232-1,1232,管材 > 金属管材 > 不锈钢管,material,薄壁不锈钢管,薄壁不锈钢,medium,在给排水施工环境中，常省略管字
26-1,26,管材 > 混凝土管 > 混凝土管,material,无砂混凝土管,无砂管,high,施工现场口语简称
26-1,26,管材 > 混凝土管 > 混凝土管,material,无砂混凝土管,透水管,medium,因其无砂具有透水性
26-1,26,管材 > 混凝土管 > 混凝土管,material,水泥管,水泥涵管,medium,俗称涵管
26-1,26,管材 > 混凝土管 > 混凝土管,material,混凝土排水管,排水管,medium,省略混凝土的简称
26-1,26,管材 > 混凝土管 > 混凝土管,material,混凝土电力管,电力管,medium,省略混凝土的现场俗称
26-1,26,管材 > 混凝土管 > 混凝土管,material,石棉水泥管,石棉管,high,省略水泥的简称
26-1,26,管材 > 混凝土管 > 混凝土管,material,自应力钢筋混凝土管(SPCP),自应力管,high,行业标准简称
26-1,26,管材 > 混凝土管 > 混凝土管,material,钢筋混凝土企口管,企口管,high,突出企口形式的简称
26-1,26,管材 > 混凝土管 > 混凝土管,material,钢筋混凝土企口管,混凝土企口管,medium,忽略钢筋材质的叫法
26-1,26,管材 > 混凝土管 > 混凝土管,material,钢筋混凝土企口顶管,企口顶管,high,现场施工简明叫法
26-1,26,管材 > 混凝土管 > 混凝土管,material,钢筋混凝土内衬式排水管,内衬管,medium,突出内衬防腐或功能特性的简称
26-1,26,管材 > 混凝土管 > 混凝土管,material,钢筋混凝土平口管,平口管,high,突出其接口形式的简称
26-1,26,管材 > 混凝土管 > 混凝土管,material,钢筋混凝土承插口管,承插管,high,行业对承插式接口的简称
26-1,26,管材 > 混凝土管 > 混凝土管,material,钢筋混凝土承插口管,承口管,medium,现场口语略称
26-1,26,管材 > 混凝土管 > 混凝土管,material,钢筋混凝土排水管,钢筋水泥排水管,high,将混凝土俗称为水泥
26-1,26,管材 > 混凝土管 > 混凝土管,material,钢筋混凝土排水管,水泥排水管,high,施工现场对钢筋混凝土的俗呼
26-1,26,管材 > 混凝土管 > 混凝土管,material,钢筋混凝土柔性企口开槽管,柔性企口管,medium,突出柔性和企口特征的简称
26-1,26,管材 > 混凝土管 > 混凝土管,material,钢筋混凝土柔性钢承口顶管,钢承口顶管,high,突出钢制承插口特性的简称
26-1,26,管材 > 混凝土管 > 混凝土管,material,钢筋混凝土管,钢筋砼管,high,砼为混凝土标准别称
26-1,26,管材 > 混凝土管 > 混凝土管,material,钢筋混凝土管,钢砼管,high,采购与施工中的惯用缩略语
26-1,26,管材 > 混凝土管 > 混凝土管,material,钢筋混凝土管,水泥管,high,现场对混凝土管的最普遍俗称
26-1,26,管材 > 混凝土管 > 混凝土管,material,钢筋混凝土给水管,给水混凝土管,medium,省略钢筋的叫法
26-1,26,管材 > 混凝土管 > 混凝土管,material,预应力钢筋混凝土管(PCP),预应力管,high,国家标准及施工图集简称
26-1,26,管材 > 混凝土管 > 混凝土管,material,预应力钢筋混凝土管(PCP),预应力水泥管,high,施工现场延续的俗呼
26-1,26,管材 > 混凝土管 > 混凝土管,material,预应力钢筒混凝土内衬式管(PCCPL),PCCPL,high,保留英文缩写的行业通用叫法
26-1,26,管材 > 混凝土管 > 混凝土管,material,预应力钢筒混凝土内衬式管(PCCPL),内衬式PCCP,medium,区别于埋置式的行业俗称
26-1,26,管材 > 混凝土管 > 混凝土管,material,预应力钢筒混凝土管(PCCP),PCCP管,high,直接使用行业缩写代称
26-1,26,管材 > 混凝土管 > 混凝土管,material,预应力钢筒混凝土管(PCCP),钢筒管,medium,突出钢筒结构的现场称谓
26-1,26,管材 > 混凝土管 > 混凝土管,material,预应力钢筒混凝土管(PCCP),钢筒预应力管,medium,结构特性的俗称
27-1,27,管材 > 金属管材 > 焊接钢管,category,焊接钢管,焊管,high,焊接钢管的通用简称，在采购和施工中广泛使用
27-1,27,管材 > 金属管材 > 焊接钢管,category,焊接钢管,有缝管,high,因制造工艺存在焊缝得名，口语和俗称中常见
27-1,27,管材 > 金属管材 > 焊接钢管,material,合金钢焊接钢管,合金焊管,high,合金钢焊接钢管的简称
27-1,27,管材 > 金属管材 > 焊接钢管,material,合金钢钢板卷管,合金卷管,high,合金钢钢板卷管的简称
27-1,27,管材 > 金属管材 > 焊接钢管,material,普碳焊接钢管,普碳焊管,high,普碳焊接钢管的简称
27-1,27,管材 > 金属管材 > 焊接钢管,material,普碳焊接钢管,焊接钢管,medium,在现场普碳焊接钢管是焊接钢管主流品种，常被直接叫焊接钢管
27-1,27,管材 > 金属管材 > 焊接钢管,material,普碳钢板卷管,普碳卷管,high,普碳钢板卷管的简称
27-1,27,管材 > 金属管材 > 焊接钢管,material,普碳钢板卷管,钢板卷管,medium,现场常直接用钢板卷管指代最常用的普碳钢板卷管
1233-1,1233,管材 > 金属管材 > 无缝钢管,category,无缝钢管,无缝管,high,无缝钢管的行业简称，在采购和施工现场广泛使用
1233-1,1233,管材 > 金属管材 > 无缝钢管,category,无缝钢管,SMLS管,medium,无缝钢管英文Seamless steel pipe的缩写，常用于单据和技术交流
1233-1,1233,管材 > 金属管材 > 无缝钢管,material,冷拔无缝钢管,冷拔管,high,冷拔工艺的简称，施工现场常用
1233-1,1233,管材 > 金属管材 > 无缝钢管,material,冷轧合金钢无缝钢管,冷轧合金管,medium,冷轧工艺与材质的组合简称
1233-1,1233,管材 > 金属管材 > 无缝钢管,material,冷轧无缝钢管,冷轧管,high,冷轧工艺的简称
1233-1,1233,管材 > 金属管材 > 无缝钢管,material,冷轧碳钢无缝钢管,冷轧碳钢管,medium,冷轧工艺与碳钢材质的组合简称
1233-1,1233,管材 > 金属管材 > 无缝钢管,material,热扩无缝钢管,热扩管,high,热扩工艺的简称，行业通用
1233-1,1233,管材 > 金属管材 > 无缝钢管,material,热轧合金钢无缝钢管,热轧合金管,medium,热轧工艺与合金材质的组合简称
1233-1,1233,管材 > 金属管材 > 无缝钢管,material,热轧无缝钢管,热轧管,high,热轧工艺的简称，在工地和采购中非常普遍
1233-1,1233,管材 > 金属管材 > 无缝钢管,material,热轧碳钢无缝钢管,热轧碳钢管,medium,热轧无缝钢管中碳钢材质的常用叫法
1234-1,1234,管材 > 金属管材 > 异型钢管,category,异型钢管,异形管,high,异型钢管在口语和采购中常简称为异形管，指非圆形截面的钢管
1234-1,1234,管材 > 金属管材 > 异型钢管,category,异型钢管,冷拔异型管,medium,因多数异型钢管通过冷拔工艺生产，施工现场常以此代称
1234-1,1234,管材 > 金属管材 > 异型钢管,material,三角形管,三角管,high,三角形管的简称，口语中常用
1234-1,1234,管材 > 金属管材 > 异型钢管,material,三角形管,三角钢管,high,强调材质为钢的简称
1234-1,1234,管材 > 金属管材 > 异型钢管,material,三角形管,三角异型管,medium,强调其为异型截面钢管
1234-1,1234,管材 > 金属管材 > 异型钢管,material,冷拔六角形钢管,冷拔六角管,high,省略钢管二字，现场常用简称
1234-1,1234,管材 > 金属管材 > 异型钢管,material,冷拔六角形钢管,六角管,high,钢材市场对六角形钢管的通俗叫法
1234-1,1234,管材 > 金属管材 > 异型钢管,material,冷拔六角形钢管,冷拔六棱管,medium,六角形也称六棱，部分地区采购口语中使用
1234-1,1234,管材 > 金属管材 > 异型钢管,material,冷拔椭圆形钢管,椭圆管,high,采购和施工中最通用的简称
1234-1,1234,管材 > 金属管材 > 异型钢管,material,冷拔椭圆形钢管,冷拔椭圆管,high,带工艺前缀的常用叫法
1234-1,1234,管材 > 金属管材 > 异型钢管,material,冷拔椭圆形钢管,鸭蛋管,medium,施工现场对椭圆形管的形象俗称
1234-1,1234,管材 > 金属管材 > 异型钢管,material,冷拔直角梯形钢管,梯形管,high,直角梯形管的简称，市场通用
1234-1,1234,管材 > 金属管材 > 异型钢管,material,冷拔直角梯形钢管,冷拔梯形管,high,带冷拔工艺前缀的简称
1234-1,1234,管材 > 金属管材 > 异型钢管,material,冷拔直角梯形钢管,直角梯形管,medium,省略钢管二字的口语化表达
1234-1,1234,管材 > 金属管材 > 异型钢管,material,正五边形管,五角管,medium,施工现场对正五边形管的通俗形象叫法
1234-1,1234,管材 > 金属管材 > 异型钢管,material,正五边形管,五边形管,high,省略正字的口语简称
1234-1,1234,管材 > 金属管材 > 异型钢管,material,菱形管,菱形钢管,high,全称的材质化表达
1234-1,1234,管材 > 金属管材 > 异型钢管,material,螺旋缝焊接钢管,螺旋焊管,high,螺旋缝焊接钢管的标准简称，在全行业通用
1234-1,1234,管材 > 金属管材 > 异型钢管,material,螺旋缝焊接钢管,螺旋管,high,采购和施工中极高频使用的简称
1234-1,1234,管材 > 金属管材 > 异型钢管,material,螺旋钢管,螺旋管,high,螺旋钢管的口语简称，与螺旋焊管可互换使用
1238-1,1238,管材 > 金属管材 > 铝管,category,铝管,无缝铝管,medium,常用加工方式，区别于焊接管
1238-1,1238,管材 > 金属管材 > 铝管,category,铝管,挤压铝管,medium,铝型材挤出的管状材料统称
1238-1,1238,管材 > 金属管材 > 铝管,material,铝合金圆管,合金圆管,medium,口头上常省略铝字，直接用合金指代铝合金
1238-1,1238,管材 > 金属管材 > 铝管,material,铝合金滴形管,合金滴形管,medium,省略铝字
1238-1,1238,管材 > 金属管材 > 铝管,material,铝圆管,圆铝管,high,倒装俗称，采购口语中常见
1238-1,1238,管材 > 金属管材 > 铝管,material,铝圆管,纯铝圆管,medium,区别于铝合金圆管
1238-1,1238,管材 > 金属管材 > 铝管,material,铝方管,方铝管,high,倒装俗称
1238-1,1238,管材 > 金属管材 > 铝管,material,铝方管,铝方通,high,在建材装饰领域对方形铝管的特定称呼
1238-1,1238,管材 > 金属管材 > 铝管,material,铝方管,纯铝方管,medium,区别于铝合金方管
1238-1,1238,管材 > 金属管材 > 铝管,material,铝滴形管,泪滴管,medium,根据形状特征的口语叫法
1238-1,1238,管材 > 金属管材 > 铝管,material,铝滴形管,纯铝滴形管,low,区别于铝合金滴形管
1238-1,1238,管材 > 金属管材 > 铝管,material,铝矩形管,铝方矩管,high,矩形管常与方管并称方矩管
1238-1,1238,管材 > 金属管材 > 铝管,material,铝矩形管,铝扁管,medium,当矩形管长宽比较大时的俗称
1238-1,1238,管材 > 金属管材 > 铝管,material,铝矩形管,铝合金矩形管,low,口误或泛指，边界模糊
1235-1,1235,管材 > 金属管材 > 金属软管,category,金属软管,波纹管,high,施工现场常将金属软管统称为波纹管，因其管壁呈波纹状
1235-1,1235,管材 > 金属管材 > 金属软管,category,金属软管,金属波纹管,high,强调管体材质为金属，是常见的统称
1235-1,1235,管材 > 金属管材 > 金属软管,category,金属软管,软波纹管,medium,区别于硬质波纹管，强调其柔性特征
1235-1,1235,管材 > 金属管材 > 金属软管,material,不锈钢金属软管,不锈钢波纹管,high,行业常用简称，由其材质和结构得名
1235-1,1235,管材 > 金属管材 > 金属软管,material,不锈钢金属软管,304软管,medium,常用304不锈钢材质代称整根软管
1235-1,1235,管材 > 金属管材 > 金属软管,material,不锈钢金属软管,不锈软管,low,对不锈钢材质的俗称简化
1235-1,1235,管材 > 金属管材 > 金属软管,material,碳钢金属软管,碳钢波纹管,high,由碳钢材质和波纹结构组合的俗称
1235-1,1235,管材 > 金属管材 > 金属软管,material,碳钢金属软管,铁皮软管,medium,工地现场因碳钢外观类似铁皮而得的俗称
1235-1,1235,管材 > 金属管材 > 金属软管,material,紫铜金属波纹软管,紫铜波纹管,high,行业通用简称，材质加结构特征
1235-1,1235,管材 > 金属管材 > 金属软管,material,紫铜金属波纹软管,红铜软管,medium,紫铜在民间常被称为红铜
1235-1,1235,管材 > 金属管材 > 金属软管,material,紫铜金属波纹软管,铜波纹管,medium,省略颜色，直接用铜加结构称呼
1235-1,1235,管材 > 金属管材 > 金属软管,material,钢丝软管,钢丝编织管,high,其结构为钢丝编织而成，是常见采购叫法
1235-1,1235,管材 > 金属管材 > 金属软管,material,钢丝软管,钢丝网套软管,medium,强调外层的钢丝网套结构
1235-1,1235,管材 > 金属管材 > 金属软管,material,铝镁合金金属软管,铝镁波纹管,high,材质与结构结合的行业简称
1235-1,1235,管材 > 金属管材 > 金属软管,material,铝镁合金金属软管,铝合金软管,medium,现场对铝镁合金材质的模糊化俗称
1235-1,1235,管材 > 金属管材 > 金属软管,material,黄铜金属波纹软管,黄铜波纹管,high,材质与结构结合的通用简称
1235-1,1235,管材 > 金属管材 > 金属软管,material,黄铜金属波纹软管,铜软管,low,现场口语中可能简化为铜软管
1236-1,1236,管材 > 金属管材 > 金属波纹管,category,金属波纹管,波纹金属软管,high,在采购和施工现场，金属波纹管常被视作一种软管，此叫法普遍
1236-1,1236,管材 > 金属管材 > 金属波纹管,category,金属波纹管,金属伸缩管,medium,强调其在管线中吸收热胀冷缩的功能性俗称
1236-1,1236,管材 > 金属管材 > 金属波纹管,category,金属波纹管,蛇皮管,medium,部分施工现场因波纹外观对金属软管的俗称，但此叫法也常用于非金属管
1236-1,1236,管材 > 金属管材 > 金属波纹管,material,不锈钢金属波纹管,不锈钢软管,high,施工和采购中最常见的口语简称
1236-1,1236,管材 > 金属管材 > 金属波纹管,material,不锈钢金属波纹管,304波纹管,medium,常用材质304不锈钢代指该类产品
1236-1,1236,管材 > 金属管材 > 金属波纹管,material,不锈钢预应力波纹管,不锈钢波纹管,medium,在预应力施工语境下常省略“预应力”
1236-1,1236,管材 > 金属管材 > 金属波纹管,material,不锈钢预应力波纹管,镀锌波纹管,low,部分施工人员会混用同类预应力管材的叫法，需注意区分
1236-1,1236,管材 > 金属管材 > 金属波纹管,material,碳钢法兰波纹管,碳钢补偿器,high,带法兰的波纹管常用于管道补偿，俗称补偿器
1236-1,1236,管材 > 金属管材 > 金属波纹管,material,碳钢法兰波纹管,碳钢伸缩节,medium,法兰连接的波纹管功能性俗称
1236-1,1236,管材 > 金属管材 > 金属波纹管,material,碳钢预应力波纹管,预应力金属管,medium,在预应力材料采购中为了与塑料波纹管区分的叫法
1236-1,1236,管材 > 金属管材 > 金属波纹管,material,碳钢预应力波纹管,黑铁波纹管,medium,有些施工现场对碳钢材质的俗称
1236-1,1236,管材 > 金属管材 > 金属波纹管,material,紫铜波纹管,铜波纹软管,high,紫铜材质的通用叫法
1236-1,1236,管材 > 金属管材 > 金属波纹管,material,钢波纹管,波纹钢管,medium,改变语序的口语叫法
1236-1,1236,管材 > 金属管材 > 金属波纹管,material,镀锌预应力波纹管,白铁波纹管,medium,施工人员对镀锌管材的通用俗称
1236-1,1236,管材 > 金属管材 > 金属波纹管,material,镀锌预应力波纹管,镀锌管,medium,预应力语境中简化的叫法，易与普通镀锌管混淆
1236-1,1236,管材 > 金属管材 > 金属波纹管,material,黄铜波纹管,黄铜软管,high,黄铜材质波纹管的常见别称
121-1,121,管材 > 金属管材 > 铸铁管,category,铸铁管,生铁管,high,铸铁的俗称，采购中常用
121-1,121,管材 > 金属管材 > 铸铁管,category,铸铁管,翻砂管,medium,早期铸铁管多用翻砂工艺，老施工员习惯叫法
121-1,121,管材 > 金属管材 > 铸铁管,material,铸铁排水管,铸铁下水管,high,排水管施工现场及口语常用
121-1,121,管材 > 金属管材 > 铸铁管,material,铸铁排水管,柔性铸铁管,high,常见铸铁排水管接口形式，采购时常用以区别于刚性管
121-1,121,管材 > 金属管材 > 铸铁管,material,铸铁排水管,W型管,high,卡箍式柔性接口铸铁排水管行业代称
121-1,121,管材 > 金属管材 > 铸铁管,material,铸铁排水管,A型管,high,法兰式柔性接口铸铁排水管行业代称
121-1,121,管材 > 金属管材 > 铸铁管,material,铸铁排水管,灰口铸铁管,medium,铸铁材质俗称，常用于排水管
121-1,121,管材 > 金属管材 > 铸铁管,material,铸铁排水管,机制铸铁管,medium,离心铸造工艺，区别于手工翻砂管，采购询价常用
121-1,121,管材 > 金属管材 > 铸铁管,material,铸铁给水管,球墨管,high,给水用铸铁管几乎都是球墨铸铁管，行业通称
121-1,121,管材 > 金属管材 > 铸铁管,material,铸铁给水管,球墨铸铁管,high,材质全称，采购最常用叫法
121-1,121,管材 > 金属管材 > 铸铁管,material,铸铁给水管,铸管,medium,球墨铸铁给水管的简称
121-1,121,管材 > 金属管材 > 铸铁管,material,铸铁给水管,离心球墨管,medium,强调生产工艺的采购叫法
222-3,222,绝热（保温）、耐火材料 > 保温绝热材料 > 其他绝热材料,material,防水保温一体化板,复合保温防水板,medium,现场口语中常将防水和保温功能合并简称为复合板
222-3,222,绝热（保温）、耐火材料 > 保温绝热材料 > 其他绝热材料,material,防水保温一体化板,一体保温板,medium,强调一体化的简称，在采购单中偶有出现
1239-1,1239,管材 > 金属管材 > 铜管、铜合金管,category,铜管、铜合金管,有色管,medium,铜管在施工现场常与铝管等统称为有色金属管材
1239-1,1239,管材 > 金属管材 > 铜管、铜合金管,category,铜管、铜合金管,红铜管,high,紫铜在业内常被称为红铜，紫铜管也称为红铜管
1239-1,1239,管材 > 金属管材 > 铜管、铜合金管,category,铜管、铜合金管,铜管材,medium,口语中简化的总称
1239-1,1239,管材 > 金属管材 > 铜管、铜合金管,material,保温胶铜管,空调被覆铜管,medium,保温胶铜管主要用于空调，材料市场常称为被覆铜管
1239-1,1239,管材 > 金属管材 > 铜管、铜合金管,material,保温胶铜管,包覆保温铜管,medium,描述其包裹保温层的特征，采购时口语化叫法
1239-1,1239,管材 > 金属管材 > 铜管、铜合金管,material,包塑紫铜管,塑套铜管,medium,现场口语简称，指外包塑料套的铜管
1239-1,1239,管材 > 金属管材 > 铜管、铜合金管,material,包塑紫铜管,PVC护套铜管,low,若包塑材料为PVC，采购时会具体指明
1239-1,1239,管材 > 金属管材 > 铜管、铜合金管,material,无缝紫铜管,紫铜光管,high,无缝紫铜管表面光滑无焊缝，业界常称光管
1239-1,1239,管材 > 金属管材 > 铜管、铜合金管,material,无缝紫铜管,拉伸铜管,low,无缝管多通过拉伸工艺制造，现场偶有此叫法
1239-1,1239,管材 > 金属管材 > 铜管、铜合金管,material,紫铜管,红铜管,high,紫铜行业内俗称红铜
1239-1,1239,管材 > 金属管材 > 铜管、铜合金管,material,紫铜管,纯铜管,high,紫铜即纯铜，施工现场口语常称纯铜管
1239-1,1239,管材 > 金属管材 > 铜管、铜合金管,material,铜扁管,异型铜管,medium,扁管属于异型管的一种，采购分类时可能混称
1239-1,1239,管材 > 金属管材 > 铜管、铜合金管,material,铜板卷管,铜焊管,medium,铜板卷制后焊接而成，施工单位常直接叫铜焊管
1239-1,1239,管材 > 金属管材 > 铜管、铜合金管,material,铜板卷管,纵缝铜管,low,板卷管通常有一条纵向焊缝，采购时可能以此特征称呼
1239-1,1239,管材 > 金属管材 > 铜管、铜合金管,material,铜毛细管,铜毛线管,high,因极细如毛线，制冷维修领域口语称毛线管
1239-1,1239,管材 > 金属管材 > 铜管、铜合金管,material,铜毛细管,精密小铜管,low,强调其细小精密的特点
1239-1,1239,管材 > 金属管材 > 铜管、铜合金管,material,青铜焊接管,铜合金焊管,medium,青铜属于铜合金，施工方可能简称为铜合金焊管
1239-1,1239,管材 > 金属管材 > 铜管、铜合金管,material,黄铜焊接管,铜焊管,low,在黄铜材质语境下，口语可能直接称铜焊管
1239-1,1239,管材 > 金属管材 > 铜管、铜合金管,material,黄铜管,铜锌合金管,low,黄铜是铜锌合金，技术交底时可能使用全称
1239-1,1239,管材 > 金属管材 > 铜管、铜合金管,material,黄铜管,黄铜光管,low,未经表面处理的黄铜管在口头订单中叫法
1239-1,1239,管材 > 金属管材 > 铜管、铜合金管,material,黄铜花纹管,黄铜压花管,medium,表面花纹通常通过压花工艺实现，业内俗称压花管
1239-1,1239,管材 > 金属管材 > 铜管、铜合金管,material,黄铜花纹管,黄铜异型管,low,花纹管属于异型装饰管，有时被归入异型管大类称呼
1188-1,1188,绝热（保温）、耐火材料 > 保温绝热材料 > 发泡陶瓷制品,material,发泡陶瓷墙板,泡沫陶瓷墙板,high,行业内'发泡'和'泡沫'常混用，均指通过发泡工艺制成的多孔陶瓷板
1188-1,1188,绝热（保温）、耐火材料 > 保温绝热材料 > 发泡陶瓷制品,material,发泡陶瓷墙板,陶粒发泡板,medium,部分发泡陶瓷以陶粒为原料，施工现场有时以此叫法区分
1188-1,1188,绝热（保温）、耐火材料 > 保温绝热材料 > 发泡陶瓷制品,material,发泡陶瓷墙板,轻质陶瓷隔墙板,medium,强调其轻质和隔墙应用场景的别称
1231-1,1231,管材 > 金属管材 > 镀锌钢管,category,镀锌钢管,镀锌管,high,行业内对镀锌钢管的通用简称
1231-1,1231,管材 > 金属管材 > 镀锌钢管,category,镀锌钢管,白铁管,high,施工现场对镀锌钢管因其银白色外观的俗称
1231-1,1231,管材 > 金属管材 > 镀锌钢管,category,镀锌钢管,镀锌方管,medium,矩形管在采购中常被称为方管或镀锌方管
1231-1,1231,管材 > 金属管材 > 镀锌钢管,category,镀锌钢管,方通,medium,广东等地区对矩形或方形金属管的通用口语叫法
1231-1,1231,管材 > 金属管材 > 镀锌钢管,material,不锈钢矩形管,不锈钢方管,high,矩形管在口语和采购中常被称为方管
1231-1,1231,管材 > 金属管材 > 镀锌钢管,material,不锈钢矩形管,不锈钢方通,medium,部分地区对矩形金属管的叫法
1231-1,1231,管材 > 金属管材 > 镀锌钢管,material,热镀锌矩形管,热镀锌方管,high,矩形管俗称方管
1231-1,1231,管材 > 金属管材 > 镀锌钢管,material,热镀锌矩形管,热镀锌方通,medium,部分地区对矩形管的叫法
1231-1,1231,管材 > 金属管材 > 镀锌钢管,material,碳钢矩形管,黑铁方管,medium,未镀锌的碳钢表面呈黑色，施工现场常称黑铁管
1231-1,1231,管材 > 金属管材 > 镀锌钢管,material,碳钢矩形管,碳钢方通,medium,部分地区对矩形管的叫法
1231-1,1231,管材 > 金属管材 > 镀锌钢管,material,镀锌无缝钢管,镀锌无缝管,high,现场口语简称
1231-1,1231,管材 > 金属管材 > 镀锌钢管,material,镀锌无缝钢管,白无缝管,low,根据镀锌管外观及无缝工艺组合的俗称
1231-1,1231,管材 > 金属管材 > 镀锌钢管,material,镀锌焊接钢管,镀锌焊管,high,施工现场标准简称
1191-1,1191,绝热（保温）、耐火材料 > 保温绝热材料 > 挤塑聚苯乙烯泡沫塑料（XPS）制品,category,挤塑聚苯乙烯泡沫塑料（XPS）制品,XPS板,high,材料英文全称Extruded Polystyrene的缩写，在采购和施工现场广泛使用
1191-1,1191,绝热（保温）、耐火材料 > 保温绝热材料 > 挤塑聚苯乙烯泡沫塑料（XPS）制品,category,挤塑聚苯乙烯泡沫塑料（XPS）制品,挤塑保温板,high,取材料类型和功能的简称，口语和标书中常见
1191-1,1191,绝热（保温）、耐火材料 > 保温绝热材料 > 挤塑聚苯乙烯泡沫塑料（XPS）制品,material,挤塑复合保温板,复合XPS板,medium,结合英文缩写和复合结构的叫法，在技术交底和采购清单中出现
1191-1,1191,绝热（保温）、耐火材料 > 保温绝热材料 > 挤塑聚苯乙烯泡沫塑料（XPS）制品,material,挤塑板,素板,high,在保温工程中，为与复合板、开槽板区分，常将普通无特殊处理的挤塑板称为素板
1191-1,1191,绝热（保温）、耐火材料 > 保温绝热材料 > 挤塑聚苯乙烯泡沫塑料（XPS）制品,material,石墨挤塑板,灰板,high,因添加石墨后板材呈灰色，施工现场和采购中常用颜色代称
1191-1,1191,绝热（保温）、耐火材料 > 保温绝热材料 > 挤塑聚苯乙烯泡沫塑料（XPS）制品,material,石墨挤塑板,石墨板,high,现场对石墨聚苯乙烯泡沫塑料板的简略叫法
1191-1,1191,绝热（保温）、耐火材料 > 保温绝热材料 > 挤塑聚苯乙烯泡沫塑料（XPS）制品,material,阻燃挤塑板,B1级板,high,阻燃等级中最常采购的级别，施工和采购中直接用等级代号指代阻燃板
1191-1,1191,绝热（保温）、耐火材料 > 保温绝热材料 > 挤塑聚苯乙烯泡沫塑料（XPS）制品,material,阻燃挤塑板,B2级板,high,阻燃等级中常用级别，采购中常用等级代号指代
1191-1,1191,绝热（保温）、耐火材料 > 保温绝热材料 > 挤塑聚苯乙烯泡沫塑料（XPS）制品,material,阻燃挤塑板,防火挤塑板,medium,强调其阻燃功能的口语化表达
1195-1,1195,绝热（保温）、耐火材料 > 保温绝热材料 > 复合硅酸盐绝热材料,category,复合硅酸盐绝热材料,海泡石,high,复合硅酸盐保温材料的主要原料为海泡石，行业常直接以此矿物名称代指该类材料
1195-1,1195,绝热（保温）、耐火材料 > 保温绝热材料 > 复合硅酸盐绝热材料,category,复合硅酸盐绝热材料,硅酸盐复合保温料,medium,复合硅酸盐绝热材料的简称
1195-1,1195,绝热（保温）、耐火材料 > 保温绝热材料 > 复合硅酸盐绝热材料,material,复合硅酸盐毡,海泡石毡,high,以主要成分海泡石命名
1195-1,1195,绝热（保温）、耐火材料 > 保温绝热材料 > 复合硅酸盐绝热材料,material,复合硅酸盐毡,硅酸盐卷毡,medium,该材料的形态与材质简称
1195-1,1195,绝热（保温）、耐火材料 > 保温绝热材料 > 复合硅酸盐绝热材料,material,复合硅酸盐管壳,海泡石管壳,high,以主要成分海泡石命名
1195-1,1195,绝热（保温）、耐火材料 > 保温绝热材料 > 复合硅酸盐绝热材料,material,复合硅酸盐管壳,硅酸盐瓦壳,medium,管壳又称瓦壳，现场口话
1195-1,1195,绝热（保温）、耐火材料 > 保温绝热材料 > 复合硅酸盐绝热材料,material,复合硅酸盐软质板,海泡石板,high,以主要成分海泡石命名
1195-1,1195,绝热（保温）、耐火材料 > 保温绝热材料 > 复合硅酸盐绝热材料,material,复合硅酸盐软质板,软硅酸盐板,medium,材质与形态的简称组合
1195-1,1195,绝热（保温）、耐火材料 > 保温绝热材料 > 复合硅酸盐绝热材料,material,复合硅酸镁涂料,硅酸镁保温膏,high,涂料类保温材料常被称为保温膏
1195-1,1195,绝热（保温）、耐火材料 > 保温绝热材料 > 复合硅酸盐绝热材料,material,复合硅酸镁涂料,海泡石涂料,medium,以主要成分海泡石代称
1195-1,1195,绝热（保温）、耐火材料 > 保温绝热材料 > 复合硅酸盐绝热材料,material,硅酸钙管壳,钙硅管壳,medium,硅酸钙的口语倒置叫法
1195-1,1195,绝热（保温）、耐火材料 > 保温绝热材料 > 复合硅酸盐绝热材料,material,硅酸钙管壳,无石棉管壳,high,硅酸钙制品常强调无石棉特性，采购中以此代称
1195-1,1195,绝热（保温）、耐火材料 > 保温绝热材料 > 复合硅酸盐绝热材料,material,硅酸钙绝热材料,钙硅材料,medium,硅酸钙简称，口语倒置叫法
1195-1,1195,绝热（保温）、耐火材料 > 保温绝热材料 > 复合硅酸盐绝热材料,material,硅酸铝保温材料,陶瓷纤维材料,high,硅酸铝纤维即陶瓷纤维，行业统称
1195-1,1195,绝热（保温）、耐火材料 > 保温绝热材料 > 复合硅酸盐绝热材料,material,硅酸铝棉板,陶瓷纤维板,high,硅酸铝棉即陶瓷纤维棉，板材叫陶瓷纤维板
1195-1,1195,绝热（保温）、耐火材料 > 保温绝热材料 > 复合硅酸盐绝热材料,material,硅酸铝毯,陶瓷纤维毯,high,硅酸铝纤维毯的通用行业别称
1195-1,1195,绝热（保温）、耐火材料 > 保温绝热材料 > 复合硅酸盐绝热材料,material,硅酸铝毯,甩丝毯,medium,硅酸铝毯成型工艺为甩丝，现场以此称呼
1195-1,1195,绝热（保温）、耐火材料 > 保温绝热材料 > 复合硅酸盐绝热材料,material,硅酸铝管,陶瓷纤维管,high,硅酸铝纤维管的通用行业别称
1195-1,1195,绝热（保温）、耐火材料 > 保温绝热材料 > 复合硅酸盐绝热材料,material,硅酸铝针刺毡,陶瓷纤维针刺毡,high,硅酸铝针刺毡的全称同义词
1195-1,1195,绝热（保温）、耐火材料 > 保温绝热材料 > 复合硅酸盐绝热材料,material,硅酸铝针刺毡,针刺毯,medium,现场口语中常将针刺毡与针刺毯混称
222-1,222,绝热（保温）、耐火材料 > 保温绝热材料 > 其他绝热材料,material,ASG新型无机复合保温板,ASG板,high,取英文首字母缩写
222-1,222,绝热（保温）、耐火材料 > 保温绝热材料 > 其他绝热材料,material,BS防火保温板,BS板,high,取英文首字母缩写
222-1,222,绝热（保温）、耐火材料 > 保温绝热材料 > 其他绝热材料,material,EPS保温模块,聚苯模块,high,材料简称
222-1,222,绝热（保温）、耐火材料 > 保温绝热材料 > 其他绝热材料,material,EPS保温模块,泡沫模块,medium,口语化叫法
222-1,222,绝热（保温）、耐火材料 > 保温绝热材料 > 其他绝热材料,material,EPS保温模块,EPS模块,high,英文缩写简称
222-1,222,绝热（保温）、耐火材料 > 保温绝热材料 > 其他绝热材料,material,GPES保温板,GPES板,medium,简称
222-1,222,绝热（保温）、耐火材料 > 保温绝热材料 > 其他绝热材料,material,GPIR高性能保温板,GPIR板,medium,简称
222-1,222,绝热（保温）、耐火材料 > 保温绝热材料 > 其他绝热材料,material,JD-STP真空绝热保温板,STP板,high,型号简称
222-1,222,绝热（保温）、耐火材料 > 保温绝热材料 > 其他绝热材料,material,JD-STP真空绝热保温板,真空板,high,材料核心特征叫法
222-1,222,绝热（保温）、耐火材料 > 保温绝热材料 > 其他绝热材料,material,PE保温管,PE管壳,high,管状保温材料俗称
222-1,222,绝热（保温）、耐火材料 > 保温绝热材料 > 其他绝热材料,material,PE保温管,聚乙烯保温管,high,材质全称
222-1,222,绝热（保温）、耐火材料 > 保温绝热材料 > 其他绝热材料,material,QXD复合保温外模板,QXD板,medium,简称
222-1,222,绝热（保温）、耐火材料 > 保温绝热材料 > 其他绝热材料,material,QX复合保温外模板,QX板,medium,简称
222-1,222,绝热（保温）、耐火材料 > 保温绝热材料 > 其他绝热材料,material,QX高性能阻隔式保温板,QX阻隔板,medium,功能简称
222-1,222,绝热（保温）、耐火材料 > 保温绝热材料 > 其他绝热材料,material,STT防火保温板,STT板,high,简称
222-1,222,绝热（保温）、耐火材料 > 保温绝热材料 > 其他绝热材料,material,中空玻化微珠,玻化微珠,high,简称
222-1,222,绝热（保温）、耐火材料 > 保温绝热材料 > 其他绝热材料,material,中空玻化微珠,珍珠岩,medium,材质大类俗称，现场常混用
222-1,222,绝热（保温）、耐火材料 > 保温绝热材料 > 其他绝热材料,material,二氧化硅真空绝热板,硅质真空板,medium,材质+核心工艺简称
222-1,222,绝热（保温）、耐火材料 > 保温绝热材料 > 其他绝热材料,material,交联PE保温套管,PEX管壳,medium,材质简称+形状
222-1,222,绝热（保温）、耐火材料 > 保温绝热材料 > 其他绝热材料,material,交联PE保温套管,交联聚乙烯管壳,high,材质全称+形状
222-1,222,绝热（保温）、耐火材料 > 保温绝热材料 > 其他绝热材料,material,保温装饰一体化板,一体板,high,施工现场极度常用简称
222-1,222,绝热（保温）、耐火材料 > 保温绝热材料 > 其他绝热材料,material,保温装饰一体化板,保温装饰板,high,省略一体化
222-1,222,绝热（保温）、耐火材料 > 保温绝热材料 > 其他绝热材料,material,保温装饰一体化板,节能装饰一体板,medium,突出功能叫法
222-1,222,绝热（保温）、耐火材料 > 保温绝热材料 > 其他绝热材料,material,微孔硅酸钙,硅酸钙板,medium,省略微孔
222-1,222,绝热（保温）、耐火材料 > 保温绝热材料 > 其他绝热材料,material,改性酚醛板,酚醛板,high,省略改性
222-1,222,绝热（保温）、耐火材料 > 保温绝热材料 > 其他绝热材料,material,无机发泡板,发泡水泥板,medium,常见具体材质代称
222-1,222,绝热（保温）、耐火材料 > 保温绝热材料 > 其他绝热材料,material,无机活性墙体隔热保温材料,活性保温砂浆,high,该材料常以砂浆形式呈现
222-1,222,绝热（保温）、耐火材料 > 保温绝热材料 > 其他绝热材料,material,无机活性墙体隔热保温材料,无机活性保温,medium,省略后续叫法
222-1,222,绝热（保温）、耐火材料 > 保温绝热材料 > 其他绝热材料,material,无机硅钙保温板,硅钙保温板,high,省略无机
222-1,222,绝热（保温）、耐火材料 > 保温绝热材料 > 其他绝热材料,material,无机纤维喷涂,纤维喷涂,high,材料简称
222-1,222,绝热（保温）、耐火材料 > 保温绝热材料 > 其他绝热材料,material,无机纤维喷涂,喷棉,high,施工现场口语
222-1,222,绝热（保温）、耐火材料 > 保温绝热材料 > 其他绝热材料,material,气凝胶毡,气凝胶绝热毡,high,补充功能叫法
222-1,222,绝热（保温）、耐火材料 > 保温绝热材料 > 其他绝热材料,material,气凝胶毡,气凝胶保温毡,medium,功能描述
222-1,222,绝热（保温）、耐火材料 > 保温绝热材料 > 其他绝热材料,material,水泥发泡保温板,发泡水泥板,high,语序调整，工地常用
37-1,37,绝热（保温）、耐火材料 > 保温绝热材料 > 岩棉及其制品,category,岩棉及其制品,矿棉,medium,岩棉属于矿棉的一种，现场常混称
37-1,37,绝热（保温）、耐火材料 > 保温绝热材料 > 岩棉及其制品,category,岩棉及其制品,矿物棉,low,部分现场口语将岩棉统称为矿物棉
37-1,37,绝热（保温）、耐火材料 > 保温绝热材料 > 岩棉及其制品,category,岩棉及其制品,石头棉,low,直观形容原料为天然岩石
37-1,37,绝热（保温）、耐火材料 > 保温绝热材料 > 岩棉及其制品,material,岩棉卷毡,岩棉毡卷材,medium,强调其为卷状形式
37-1,37,绝热（保温）、耐火材料 > 保温绝热材料 > 岩棉及其制品,material,岩棉卷毡,卷状岩棉,low,根据形态命名
37-1,37,绝热（保温）、耐火材料 > 保温绝热材料 > 岩棉及其制品,material,岩棉复合板,岩棉夹芯板,high,复合板常用夹芯结构
37-1,37,绝热（保温）、耐火材料 > 保温绝热材料 > 岩棉及其制品,material,岩棉复合板,复合岩棉板,medium,语序调整后的简称
37-1,37,绝热（保温）、耐火材料 > 保温绝热材料 > 岩棉及其制品,material,岩棉带,岩棉条,low,带、条形制接近，现场易混称
37-1,37,绝热（保温）、耐火材料 > 保温绝热材料 > 岩棉及其制品,material,岩棉条,岩棉带,low,条、带形制接近，现场易混称
37-1,37,绝热（保温）、耐火材料 > 保温绝热材料 > 岩棉及其制品,material,岩棉板,岩棉平板,medium,强调其为平板状
37-1,37,绝热（保温）、耐火材料 > 保温绝热材料 > 岩棉及其制品,material,岩棉板,岩棉板材,medium,板材的简称
37-1,37,绝热（保温）、耐火材料 > 保温绝热材料 > 岩棉及其制品,material,岩棉毡,岩棉毡子,medium,口语化加缀
37-1,37,绝热（保温）、耐火材料 > 保温绝热材料 > 岩棉及其制品,material,岩棉管,岩棉管筒,medium,形容管状形态
37-1,37,绝热（保温）、耐火材料 > 保温绝热材料 > 岩棉及其制品,material,岩棉管,岩棉直管,low,区别于管壳的两半结构，指整体管
37-1,37,绝热（保温）、耐火材料 > 保温绝热材料 > 岩棉及其制品,material,岩棉管壳,岩棉瓦壳,high,管壳形状如瓦，现场常俗称瓦壳
37-1,37,绝热（保温）、耐火材料 > 保温绝热材料 > 岩棉及其制品,material,岩棉管壳,岩棉管瓦,medium,两半扣合管材的通用叫法
37-1,37,绝热（保温）、耐火材料 > 保温绝热材料 > 岩棉及其制品,material,岩棉管壳,岩棉半圆管,low,管壳多为对开两个半圆
37-1,37,绝热（保温）、耐火材料 > 保温绝热材料 > 岩棉及其制品,material,岩棉隔离带,岩棉防火隔离带,high,隔离带主要起防火作用，口语中常连用
37-1,37,绝热（保温）、耐火材料 > 保温绝热材料 > 岩棉及其制品,material,憎水岩棉板,防水岩棉板,high,憎水功能在口语中常被说成防水
37-1,37,绝热（保温）、耐火材料 > 保温绝热材料 > 岩棉及其制品,material,憎水岩棉板,憎水板,medium,行业内对憎水岩棉板的简称
37-1,37,绝热（保温）、耐火材料 > 保温绝热材料 > 岩棉及其制品,material,玄武岩棉板,玄武岩板,medium,省略棉字，强调原料为玄武岩
37-1,37,绝热（保温）、耐火材料 > 保温绝热材料 > 岩棉及其制品,material,网织增强岩棉板,加网岩棉板,high,强调其表面或内部加入了网格布增强
37-1,37,绝热（保温）、耐火材料 > 保温绝热材料 > 岩棉及其制品,material,网织增强岩棉板,钢丝网岩棉板,medium,当增强材料为钢丝网时的别称
37-1,37,绝热（保温）、耐火材料 > 保温绝热材料 > 岩棉及其制品,material,铝箔岩棉板,贴箔岩棉板,high,描述表面复合铝箔的工艺
37-1,37,绝热（保温）、耐火材料 > 保温绝热材料 > 岩棉及其制品,material,铝箔岩棉板,铝箔贴面岩棉,medium,更详细的口语化描述
37-1,37,绝热（保温）、耐火材料 > 保温绝热材料 > 岩棉及其制品,material,防水岩棉板,憎水岩棉板,high,憎水是防水的行业术语，互为别称
37-1,37,绝热（保温）、耐火材料 > 保温绝热材料 > 岩棉及其制品,material,防火岩棉板,耐火岩棉板,medium,防火性能也可称为耐火性能
1194-1,1194,绝热（保温）、耐火材料 > 保温绝热材料 > 泡沫玻璃制品,category,泡沫玻璃制品,泡沫玻璃保温材料,high,施工现场口语中常用保温材料代称
1194-1,1194,绝热（保温）、耐火材料 > 保温绝热材料 > 泡沫玻璃制品,category,泡沫玻璃制品,泡沫玻璃隔热材料,medium,用于隔热用途时的叫法
1194-1,1194,绝热（保温）、耐火材料 > 保温绝热材料 > 泡沫玻璃制品,material,泡沫玻璃板,泡沫玻璃保温板,high,强调其保温功能时常用
1194-1,1194,绝热（保温）、耐火材料 > 保温绝热材料 > 泡沫玻璃制品,material,泡沫玻璃板,泡沫玻璃平板,medium,区别于瓦块和管材的平直形状
1194-1,1194,绝热（保温）、耐火材料 > 保温绝热材料 > 泡沫玻璃制品,material,泡沫玻璃瓦块,泡沫玻璃弧形板,medium,瓦块是带有弧度的板材
1194-1,1194,绝热（保温）、耐火材料 > 保温绝热材料 > 泡沫玻璃制品,material,泡沫玻璃瓦块,泡沫玻璃预制块,low,指根据管径预制成型的瓦块
1194-1,1194,绝热（保温）、耐火材料 > 保温绝热材料 > 泡沫玻璃制品,material,泡沫玻璃管,泡沫玻璃管壳,high,管状保温材料通常叫管壳
1194-1,1194,绝热（保温）、耐火材料 > 保温绝热材料 > 泡沫玻璃制品,material,泡沫玻璃管,泡沫玻璃管套,medium,套在管道外使用
1194-1,1194,绝热（保温）、耐火材料 > 保温绝热材料 > 泡沫玻璃制品,material,环氧玻璃板,环氧树脂玻璃板,high,全称简称
1194-1,1194,绝热（保温）、耐火材料 > 保温绝热材料 > 泡沫玻璃制品,material,环氧玻璃板,环氧板,high,采购和施工中常见口语简称
1190-1,1190,绝热（保温）、耐火材料 > 保温绝热材料 > 模塑聚苯乙烯泡沫塑料（EPS）制品,category,模塑聚苯乙烯泡沫塑料（EPS）制品,苯板,high,聚苯板的简称，在施工现场口语中极为常用，可能覆盖多种聚苯板
1190-1,1190,绝热（保温）、耐火材料 > 保温绝热材料 > 模塑聚苯乙烯泡沫塑料（EPS）制品,category,模塑聚苯乙烯泡沫塑料（EPS）制品,EPS板,high,模塑聚苯乙烯泡沫塑料的英文简称，行业内通用
1190-1,1190,绝热（保温）、耐火材料 > 保温绝热材料 > 模塑聚苯乙烯泡沫塑料（EPS）制品,category,模塑聚苯乙烯泡沫塑料（EPS）制品,模塑板,high,模塑聚苯乙烯泡沫塑料的简称
1190-1,1190,绝热（保温）、耐火材料 > 保温绝热材料 > 模塑聚苯乙烯泡沫塑料（EPS）制品,category,模塑聚苯乙烯泡沫塑料（EPS）制品,泡沫板,medium,早期及口语中对聚苯板的通俗叫法，但可能与其他泡沫材料混淆
1190-1,1190,绝热（保温）、耐火材料 > 保温绝热材料 > 模塑聚苯乙烯泡沫塑料（EPS）制品,material,热固型改性聚苯板,真金板,high,市场上以热固性聚苯板为主要特征的知名产品别称
1190-1,1190,绝热（保温）、耐火材料 > 保温绝热材料 > 模塑聚苯乙烯泡沫塑料（EPS）制品,material,热固性聚苯板,真金板,high,市场上以热固性聚苯板为主要特征的知名产品别称
1190-1,1190,绝热（保温）、耐火材料 > 保温绝热材料 > 模塑聚苯乙烯泡沫塑料（EPS）制品,material,石墨聚苯板,SEPS板,high,石墨聚苯乙烯泡沫塑料的英文简称
1190-1,1190,绝热（保温）、耐火材料 > 保温绝热材料 > 模塑聚苯乙烯泡沫塑料（EPS）制品,material,石墨聚苯板,灰板,high,因其添加石墨后呈灰色，施工现场口语叫法
1190-1,1190,绝热（保温）、耐火材料 > 保温绝热材料 > 模塑聚苯乙烯泡沫塑料（EPS）制品,material,石墨聚苯板,黑泡沫板,medium,根据其颜色特征而来的俗称
1190-1,1190,绝热（保温）、耐火材料 > 保温绝热材料 > 模塑聚苯乙烯泡沫塑料（EPS）制品,material,聚合聚苯板,AEPS板,medium,聚合聚苯板的英文简称
1190-1,1190,绝热（保温）、耐火材料 > 保温绝热材料 > 模塑聚苯乙烯泡沫塑料（EPS）制品,material,钢丝网架聚苯板,泰柏板,high,一种典型的钢丝网架聚苯板产品名，常被用作此类材料的代称
1190-1,1190,绝热（保温）、耐火材料 > 保温绝热材料 > 模塑聚苯乙烯泡沫塑料（EPS）制品,material,钢丝网架聚苯板,舒乐舍板,high,另一种知名的钢丝网架聚苯板产品名，常被用作代称
1190-1,1190,绝热（保温）、耐火材料 > 保温绝热材料 > 模塑聚苯乙烯泡沫塑料（EPS）制品,material,钢丝网架聚苯板,钢丝网架板,medium,取部分标准名的简称
1190-1,1190,绝热（保温）、耐火材料 > 保温绝热材料 > 模塑聚苯乙烯泡沫塑料（EPS）制品,material,阻燃聚苯板,B1板,medium,以常见阻燃等级B1级代称阻燃聚苯板，在工地上常见
1190-1,1190,绝热（保温）、耐火材料 > 保温绝热材料 > 模塑聚苯乙烯泡沫塑料（EPS）制品,material,阻燃聚苯板,B2板,medium,以常见阻燃等级B2级代称阻燃聚苯板
1185-1,1185,绝热（保温）、耐火材料 > 保温绝热材料 > 矿渣棉及其制品,category,矿渣棉及其制品,矿棉,high,在施工现场，矿渣棉常被简称为矿棉，有时也与岩矿棉混称。
1185-1,1185,绝热（保温）、耐火材料 > 保温绝热材料 > 矿渣棉及其制品,category,矿渣棉及其制品,矿渣纤维,medium,部分采购单或技术文件中会根据其纤维状形态称呼。
1185-1,1185,绝热（保温）、耐火材料 > 保温绝热材料 > 矿渣棉及其制品,material,沥青矿渣棉毡,沥青矿棉毡,high,矿渣棉口语常简称矿棉，此为自然组合。
1185-1,1185,绝热（保温）、耐火材料 > 保温绝热材料 > 矿渣棉及其制品,material,沥青矿渣棉毡,沥青矿渣棉缝毡,low,因其常为缝合而成，部分采购称为缝毡。
1185-1,1185,绝热（保温）、耐火材料 > 保温绝热材料 > 矿渣棉及其制品,material,矿渣棉,矿棉,high,施工和采购中最常见的简称。
1185-1,1185,绝热（保温）、耐火材料 > 保温绝热材料 > 矿渣棉及其制品,material,矿渣棉板,矿棉板,high,矿渣棉简称矿棉，板制品自然称为矿棉板。
1185-1,1185,绝热（保温）、耐火材料 > 保温绝热材料 > 矿渣棉及其制品,material,矿渣棉板,矿渣棉保温板,medium,强调其保温用途的行业叫法。
1185-1,1185,绝热（保温）、耐火材料 > 保温绝热材料 > 矿渣棉及其制品,material,矿渣棉毡,矿棉毡,high,与矿渣棉板同理，简化称呼。
1185-1,1185,绝热（保温）、耐火材料 > 保温绝热材料 > 矿渣棉及其制品,material,矿渣棉毡,矿渣棉缝毡,medium,体现其缝合工艺的称呼。
1185-1,1185,绝热（保温）、耐火材料 > 保温绝热材料 > 矿渣棉及其制品,material,矿渣棉管壳,矿棉管壳,high,对应矿渣棉管壳的简化称呼。
1185-1,1185,绝热（保温）、耐火材料 > 保温绝热材料 > 矿渣棉及其制品,material,矿渣棉管壳,矿渣棉管套,medium,部分地区或工种称管壳为管套。
1197-1,1197,绝热（保温）、耐火材料 > 保温绝热材料 > 石棉及其制品,material,石棉,石绵,medium,口语/非规范写法同音别字
1197-1,1197,绝热（保温）、耐火材料 > 保温绝热材料 > 石棉及其制品,material,石棉垫,石棉垫片,high,施工现场常加'片'字
1197-1,1197,绝热（保温）、耐火材料 > 保温绝热材料 > 石棉及其制品,material,石棉垫,石棉密封垫,medium,强调其密封用途
1197-1,1197,绝热（保温）、耐火材料 > 保温绝热材料 > 石棉及其制品,material,石棉布,石棉防火布,medium,强调防火功能
1197-1,1197,绝热（保温）、耐火材料 > 保温绝热材料 > 石棉及其制品,material,石棉板,石棉水泥板,low,常见复合形式
1197-1,1197,绝热（保温）、耐火材料 > 保温绝热材料 > 石棉及其制品,material,石棉板,石棉硅酸钙板,low,特定配方制品口语简称
1197-1,1197,绝热（保温）、耐火材料 > 保温绝热材料 > 石棉及其制品,material,石棉泥,石棉灰泥,medium,与水混合使用的习惯叫法
1197-1,1197,绝热（保温）、耐火材料 > 保温绝热材料 > 石棉及其制品,material,石棉泥,石棉保温泥,medium,强调保温用途
1197-1,1197,绝热（保温）、耐火材料 > 保温绝热材料 > 石棉及其制品,material,石棉灰、粉,石棉粉,high,标准名称中已含此简称
1197-1,1197,绝热（保温）、耐火材料 > 保温绝热材料 > 石棉及其制品,material,石棉灰、粉,石棉灰,high,标准名称中已含此简称
1197-1,1197,绝热（保温）、耐火材料 > 保温绝热材料 > 石棉及其制品,material,石棉灰、粉,石棉绒灰,low,含有石棉绒的灰料
1197-1,1197,绝热（保温）、耐火材料 > 保温绝热材料 > 石棉及其制品,material,石棉管壳,石棉瓦壳,medium,管道保温专用，类似瓦片形状
1197-1,1197,绝热（保温）、耐火材料 > 保温绝热材料 > 石棉及其制品,material,石棉管壳,石棉管瓦,medium,管道保温外护材料俗称
1197-1,1197,绝热（保温）、耐火材料 > 保温绝热材料 > 石棉及其制品,material,石棉纸,石棉垫纸,medium,常用于制作垫片
1197-1,1197,绝热（保温）、耐火材料 > 保温绝热材料 > 石棉及其制品,material,石棉绳,石棉盘根,high,用作密封填料时的叫法
1197-1,1197,绝热（保温）、耐火材料 > 保温绝热材料 > 石棉及其制品,material,石棉网,石棉铁丝网,medium,内部通常夹有铁丝
1196-1,1196,绝热（保温）、耐火材料 > 保温绝热材料 > 硅藻土及其制品,material,硅藻土保温板块,硅藻土保温板,high,施工现场口语简化为'板'，省略'块'字
1196-1,1196,绝热（保温）、耐火材料 > 保温绝热材料 > 硅藻土及其制品,material,硅藻土保温板块,硅藻土砖,medium,当板块形状规整类似砖型时常被简称
1196-1,1196,绝热（保温）、耐火材料 > 保温绝热材料 > 硅藻土及其制品,material,硅藻土保温管壳,硅藻土管壳,high,采购口语中省略'保温'功能描述词
1196-1,1196,绝热（保温）、耐火材料 > 保温绝热材料 > 硅藻土及其制品,material,硅藻土保温管壳,硅藻土瓦,medium,早期管壳两片扣合形状似瓦，部分老工业叫法
1196-1,1196,绝热（保温）、耐火材料 > 保温绝热材料 > 硅藻土及其制品,material,硅藻土孰料粉,熟硅藻土粉,high,将'孰料'口语化为'熟料'并前置
1196-1,1196,绝热（保温）、耐火材料 > 保温绝热材料 > 硅藻土及其制品,material,硅藻土孰料粉,煅烧硅藻土粉,medium,基于生产工艺的别称，描述经过煅烧的孰料
1196-1,1196,绝热（保温）、耐火材料 > 保温绝热材料 > 硅藻土及其制品,material,硅藻土生料粉,生硅藻土粉,high,将材质状态'生料'前置简化
1196-1,1196,绝热（保温）、耐火材料 > 保温绝热材料 > 硅藻土及其制品,material,硅藻土生料粉,硅藻土原土粉,low,强调未经过煅烧的原生料属性
1196-1,1196,绝热（保温）、耐火材料 > 保温绝热材料 > 硅藻土及其制品,material,硅藻土石棉灰,鸡毛灰,high,因其混合石棉纤维后外观和质感如鸡毛，是传统保温行业著名俗称
1196-1,1196,绝热（保温）、耐火材料 > 保温绝热材料 > 硅藻土及其制品,material,硅藻土隔热砖,硅藻土轻质砖,medium,在窑炉工程中常根据其轻质保温特性称呼
1196-1,1196,绝热（保温）、耐火材料 > 保温绝热材料 > 硅藻土及其制品,material,硅藻土隔热砖,保温砖,low,施工现场对各类隔热砖的泛称，需结合上下文确定具体材质
1193-1,1193,绝热（保温）、耐火材料 > 保温绝热材料 > 柔性泡沫橡塑制品,category,柔性泡沫橡塑制品,橡塑海绵,high,行业内常将柔性泡沫橡塑制品统称为橡塑海绵，强调其质地
1193-1,1193,绝热（保温）、耐火材料 > 保温绝热材料 > 柔性泡沫橡塑制品,category,柔性泡沫橡塑制品,保温泡棉,medium,在施工现场口语中常简称为保温泡棉
1193-1,1193,绝热（保温）、耐火材料 > 保温绝热材料 > 柔性泡沫橡塑制品,category,柔性泡沫橡塑制品,NBR保温材料,medium,部分橡塑产品主材为丁腈橡胶，采购时常以材质缩写代称
1193-1,1193,绝热（保温）、耐火材料 > 保温绝热材料 > 柔性泡沫橡塑制品,material,EPE聚乙烯泡沫塑料,珍珠棉,high,EPE最常见的俗称
1193-1,1193,绝热（保温）、耐火材料 > 保温绝热材料 > 柔性泡沫橡塑制品,material,EPE聚乙烯泡沫塑料,EPE泡棉,high,材质缩写加材料形态的通用叫法
1193-1,1193,绝热（保温）、耐火材料 > 保温绝热材料 > 柔性泡沫橡塑制品,material,PEF高压聚乙烯板,高压聚乙烯保温板,high,省略PEF的完整说法
1193-1,1193,绝热（保温）、耐火材料 > 保温绝热材料 > 柔性泡沫橡塑制品,material,PEF高压聚乙烯板,PEF板,high,材质缩写加形态简称
1193-1,1193,绝热（保温）、耐火材料 > 保温绝热材料 > 柔性泡沫橡塑制品,material,三聚氰胺泡沫塑料,密胺棉,high,因其树脂基材俗称密胺
1193-1,1193,绝热（保温）、耐火材料 > 保温绝热材料 > 柔性泡沫橡塑制品,material,三聚氰胺泡沫塑料,三胺泡绵,medium,行业内的简化称呼
1193-1,1193,绝热（保温）、耐火材料 > 保温绝热材料 > 柔性泡沫橡塑制品,material,三聚氰胺泡沫塑料,吸音海绵,medium,在绝热同时常用于吸音，现场常以功能称呼
1193-1,1193,绝热（保温）、耐火材料 > 保温绝热材料 > 柔性泡沫橡塑制品,material,乙烯泡沫塑料,PE泡沫,medium,乙烯泡沫塑料基材多为聚乙烯
1193-1,1193,绝热（保温）、耐火材料 > 保温绝热材料 > 柔性泡沫橡塑制品,material,彩色橡塑板,彩色保温板,medium,省略橡塑二字
1193-1,1193,绝热（保温）、耐火材料 > 保温绝热材料 > 柔性泡沫橡塑制品,material,彩色橡塑管壳,彩色保温管,medium,现场口语简化的称呼
1193-1,1193,绝热（保温）、耐火材料 > 保温绝热材料 > 柔性泡沫橡塑制品,material,橡塑保温板,橡塑板,high,采购和施工中最常用的简称
1193-1,1193,绝热（保温）、耐火材料 > 保温绝热材料 > 柔性泡沫橡塑制品,material,橡塑保温板,保温橡塑板,high,词语顺序颠倒的常见叫法
1193-1,1193,绝热（保温）、耐火材料 > 保温绝热材料 > 柔性泡沫橡塑制品,material,橡塑保温棉,橡塑棉,high,强调柔软质地的简称
1193-1,1193,绝热（保温）、耐火材料 > 保温绝热材料 > 柔性泡沫橡塑制品,material,橡塑保温管壳,橡塑管,high,最常用的现场简称
1193-1,1193,绝热（保温）、耐火材料 > 保温绝热材料 > 柔性泡沫橡塑制品,material,橡塑保温管壳,保温管壳,high,省略材质名称的泛称
1193-1,1193,绝热（保温）、耐火材料 > 保温绝热材料 > 柔性泡沫橡塑制品,material,橡塑发泡保温板,橡塑发泡板,high,省略保温二字
1193-1,1193,绝热（保温）、耐火材料 > 保温绝热材料 > 柔性泡沫橡塑制品,material,橡塑发泡保温管壳,发泡管壳,medium,常与橡塑管混称
1193-1,1193,绝热（保温）、耐火材料 > 保温绝热材料 > 柔性泡沫橡塑制品,material,橡塑复合保温板,复合橡塑板,high,词语顺序调整的常见叫法
1193-1,1193,绝热（保温）、耐火材料 > 保温绝热材料 > 柔性泡沫橡塑制品,material,橡塑复合保温管壳,复合橡塑管,high,简化形态描述
1193-1,1193,绝热（保温）、耐火材料 > 保温绝热材料 > 柔性泡沫橡塑制品,material,泡沫塑料瓦块,保温瓦,high,瓦块状保温材料的通用俗称
1193-1,1193,绝热（保温）、耐火材料 > 保温绝热材料 > 柔性泡沫橡塑制品,material,泡沫塑料瓦块,泡沫瓦块,high,材质加形状的直接称呼
1193-1,1193,绝热（保温）、耐火材料 > 保温绝热材料 > 柔性泡沫橡塑制品,material,泡沫防潮纸,防潮泡棉纸,medium,常见口语叫法
1193-1,1193,绝热（保温）、耐火材料 > 保温绝热材料 > 柔性泡沫橡塑制品,material,聚乙烯闭孔板,闭孔PE板,high,材质缩写加孔结构简称
1193-1,1193,绝热（保温）、耐火材料 > 保温绝热材料 > 柔性泡沫橡塑制品,material,聚乙烯闭孔板,L-1100板,low,部分厂家产品代号常被现场用作俗称
1193-1,1193,绝热（保温）、耐火材料 > 保温绝热材料 > 柔性泡沫橡塑制品,material,聚乙烯闭孔泡沫板,PE闭孔板,high,最常见的简称
1193-1,1193,绝热（保温）、耐火材料 > 保温绝热材料 > 柔性泡沫橡塑制品,material,聚乙烯闭孔泡沫板,黑色泡沫板,medium,因其常见颜色得名
1193-1,1193,绝热（保温）、耐火材料 > 保温绝热材料 > 柔性泡沫橡塑制品,material,聚异氰脲酸脂泡沫塑料,PIR泡沫,high,材质英文缩写加形态
1193-1,1193,绝热（保温）、耐火材料 > 保温绝热材料 > 柔性泡沫橡塑制品,material,聚异氰脲酸脂泡沫塑料,PIR保温板,high,制成板状时的常用叫法
1193-1,1193,绝热（保温）、耐火材料 > 保温绝热材料 > 柔性泡沫橡塑制品,material,聚异氰脲酸脂泡沫塑料,三聚酯泡沫,low,对其化学结构的一种简化称呼
1193-1,1193,绝热（保温）、耐火材料 > 保温绝热材料 > 柔性泡沫橡塑制品,material,聚氯乙烯泡沫塑料板,PVC发泡板,high,最常见的俗称
1193-1,1193,绝热（保温）、耐火材料 > 保温绝热材料 > 柔性泡沫橡塑制品,material,聚氯乙烯泡沫塑料板,雪弗板,medium,英文名PVC foam board的音译，在广告装修行业非常流行
1193-1,1193,绝热（保温）、耐火材料 > 保温绝热材料 > 柔性泡沫橡塑制品,material,聚氯乙烯泡沫塑料管壳,PVC保温管,medium,现场常见的简化称呼
1193-1,1193,绝热（保温）、耐火材料 > 保温绝热材料 > 柔性泡沫橡塑制品,material,聚酯乙烯泡沫塑料,EVA泡棉,high,俗称EVA，即乙烯-醋酸乙烯酯共聚物
1193-1,1193,绝热（保温）、耐火材料 > 保温绝热材料 > 柔性泡沫橡塑制品,material,脲醛泡沫塑料,尿素泡沫,medium,历史沿用的俗称
1193-1,1193,绝热（保温）、耐火材料 > 保温绝热材料 > 柔性泡沫橡塑制品,material,脲醛泡沫塑料,氨基泡沫,medium,因其树脂类型为氨基树脂
1193-1,1193,绝热（保温）、耐火材料 > 保温绝热材料 > 柔性泡沫橡塑制品,material,铝箔橡塑板,贴面橡塑板,medium,强调带铝箔贴面的特征
1193-1,1193,绝热（保温）、耐火材料 > 保温绝热材料 > 柔性泡沫橡塑制品,material,铝箔橡塑管壳,贴面橡塑管,medium,强调带铝箔贴面的特征
1187-1,1187,绝热（保温）、耐火材料 > 保温绝热材料 > 膨胀珍珠岩及其制品,category,膨胀珍珠岩及其制品,珠光砂,high,膨胀珍珠岩行业通用俗称
1187-1,1187,绝热（保温）、耐火材料 > 保温绝热材料 > 膨胀珍珠岩及其制品,material,无机珍珠岩板,珍珠岩保温板,medium,功能性俗称
1187-1,1187,绝热（保温）、耐火材料 > 保温绝热材料 > 膨胀珍珠岩及其制品,material,水泥珍珠岩板,水泥珍珠岩保温板,medium,功能性全称
1187-1,1187,绝热（保温）、耐火材料 > 保温绝热材料 > 膨胀珍珠岩及其制品,material,沥青珍珠岩块,沥青珍珠岩砖,medium,块状亦可称砖
1187-1,1187,绝热（保温）、耐火材料 > 保温绝热材料 > 膨胀珍珠岩及其制品,material,珍珠岩,珍珠岩矿砂,medium,原料状态叫法
1187-1,1187,绝热（保温）、耐火材料 > 保温绝热材料 > 膨胀珍珠岩及其制品,material,珍珠岩保温板,珍珠岩板,high,口语简略叫法
1187-1,1187,绝热（保温）、耐火材料 > 保温绝热材料 > 膨胀珍珠岩及其制品,material,珍珠岩砂,膨胀珍珠岩粉,high,颗粒/粉状形态叫法
1187-1,1187,绝热（保温）、耐火材料 > 保温绝热材料 > 膨胀珍珠岩及其制品,material,膨胀珍珠岩,珠光砂,high,行业通用俗称
1187-1,1187,绝热（保温）、耐火材料 > 保温绝热材料 > 膨胀珍珠岩及其制品,material,膨胀珍珠岩,膨胀珍珠岩颗粒,medium,颗粒形态叫法
1187-1,1187,绝热（保温）、耐火材料 > 保温绝热材料 > 膨胀珍珠岩及其制品,material,膨胀珍珠岩块,珠光砖,medium,块状制品俗称
1192-1,1192,绝热（保温）、耐火材料 > 保温绝热材料 > 膨胀蛭石散材及其制品,category,膨胀蛭石散材及其制品,蛭石保温材料,high,施工现场对膨胀蛭石及其制品的统称口语叫法
1192-1,1192,绝热（保温）、耐火材料 > 保温绝热材料 > 膨胀蛭石散材及其制品,category,膨胀蛭石散材及其制品,蛭石制品,medium,对膨胀蛭石制品的常用简称
1192-1,1192,绝热（保温）、耐火材料 > 保温绝热材料 > 膨胀蛭石散材及其制品,material,水泥膨胀蛭石,水泥蛭石,high,施工现场和采购时的精简口语叫法
1192-1,1192,绝热（保温）、耐火材料 > 保温绝热材料 > 膨胀蛭石散材及其制品,material,水泥膨胀蛭石,水泥蛭石散料,medium,强调其为散材状态，区别于板砖制品
1192-1,1192,绝热（保温）、耐火材料 > 保温绝热材料 > 膨胀蛭石散材及其制品,material,水泥膨胀蛭石板,水泥蛭石板,high,行业标准简称及采购口语叫法
1192-1,1192,绝热（保温）、耐火材料 > 保温绝热材料 > 膨胀蛭石散材及其制品,material,水泥膨胀蛭石板,蛭石板,medium,当语境明确为水泥基时，现场常用简称
1192-1,1192,绝热（保温）、耐火材料 > 保温绝热材料 > 膨胀蛭石散材及其制品,material,水玻璃膨胀蛭石,水玻璃蛭石,high,施工现场和采购时的精简口语叫法
1192-1,1192,绝热（保温）、耐火材料 > 保温绝热材料 > 膨胀蛭石散材及其制品,material,石棉硅藻土蛭石制品,石棉硅藻土蛭石,medium,采购和施工中的常用简称，省略制品二字
1192-1,1192,绝热（保温）、耐火材料 > 保温绝热材料 > 膨胀蛭石散材及其制品,material,石棉蛭石制品,石棉蛭石,high,采购和施工中的常用简称，省略制品二字
1192-1,1192,绝热（保温）、耐火材料 > 保温绝热材料 > 膨胀蛭石散材及其制品,material,耐火粘土蛭石制品,耐火粘土蛭石,medium,采购和施工中的常用简称
1192-1,1192,绝热（保温）、耐火材料 > 保温绝热材料 > 膨胀蛭石散材及其制品,material,膨胀蛭石,蛭石,high,行业内对膨胀蛭石最常见的简称
1192-1,1192,绝热（保温）、耐火材料 > 保温绝热材料 > 膨胀蛭石散材及其制品,material,膨胀蛭石,膨胀蛭石散料,high,强调其为松散颗粒状态，区别于制品
1192-1,1192,绝热（保温）、耐火材料 > 保温绝热材料 > 膨胀蛭石散材及其制品,material,膨胀蛭石,蛭石散材,medium,采购和施工现场的口语叫法
1186-1,1186,绝热（保温）、耐火材料 > 保温绝热材料 > 玻璃棉及其制品,category,玻璃棉及其制品,玻璃纤维棉,high,行业内常将玻璃棉与玻璃纤维棉混称，指代同一类保温棉材料
1186-1,1186,绝热（保温）、耐火材料 > 保温绝热材料 > 玻璃棉及其制品,category,玻璃棉及其制品,玻璃丝棉,high,施工和采购中惯用的口语化统称，强调了原材料的丝状形态
1186-1,1186,绝热（保温）、耐火材料 > 保温绝热材料 > 玻璃棉及其制品,category,玻璃棉及其制品,离心棉,medium,离心法为玻璃棉主要生产工艺，常用于统称该类产品
1186-1,1186,绝热（保温）、耐火材料 > 保温绝热材料 > 玻璃棉及其制品,material,普通玻璃棉,玻璃丝棉,high,常见俗称，指代普通蓬松的玻璃纤维保温棉
1186-1,1186,绝热（保温）、耐火材料 > 保温绝热材料 > 玻璃棉及其制品,material,普通玻璃棉,白棉,medium,施工现场根据其颜色对普通玻璃棉的口语叫法
1186-1,1186,绝热（保温）、耐火材料 > 保温绝热材料 > 玻璃棉及其制品,material,沥青玻璃棉板,黑棉板,high,因含沥青呈黑色，现场对沥青玻璃棉板的俗称
1186-1,1186,绝热（保温）、耐火材料 > 保温绝热材料 > 玻璃棉及其制品,material,沥青玻璃棉板,沥青棉板,medium,简化叫法
1186-1,1186,绝热（保温）、耐火材料 > 保温绝热材料 > 玻璃棉及其制品,material,沥青玻璃棉管壳,黑棉管,high,施工现场对沥青基玻璃棉管壳的颜色加形状的口语叫法
1186-1,1186,绝热（保温）、耐火材料 > 保温绝热材料 > 玻璃棉及其制品,material,沥青玻璃棉管壳,沥青棉管,medium,简化叫法
1186-1,1186,绝热（保温）、耐火材料 > 保温绝热材料 > 玻璃棉及其制品,material,环氧玻璃纤维板,环氧板,high,采购与施工中极常用的简称
1186-1,1186,绝热（保温）、耐火材料 > 保温绝热材料 > 玻璃棉及其制品,material,环氧玻璃纤维板,3240板,medium,该材料对应的一种常见国标牌号，采购时常直接以此称呼
1186-1,1186,绝热（保温）、耐火材料 > 保温绝热材料 > 玻璃棉及其制品,material,玻璃丝,玻璃纤维丝,high,更正式些的同物异名
1186-1,1186,绝热（保温）、耐火材料 > 保温绝热材料 > 玻璃棉及其制品,material,玻璃布,玻纤布,high,玻璃纤维布的通用简称
1186-1,1186,绝热（保温）、耐火材料 > 保温绝热材料 > 玻璃棉及其制品,material,玻璃布,无碱布,medium,根据玻璃布常见材质为无碱玻璃纤维而来的俗称
1186-1,1186,绝热（保温）、耐火材料 > 保温绝热材料 > 玻璃棉及其制品,material,玻璃棉板,棉板,high,保温施工现场极简化的口语称呼
1186-1,1186,绝热（保温）、耐火材料 > 保温绝热材料 > 玻璃棉及其制品,material,玻璃棉板,玻璃丝棉板,medium,强调其棉的材质为玻璃丝
1186-1,1186,绝热（保温）、耐火材料 > 保温绝热材料 > 玻璃棉及其制品,material,玻璃棉毡,棉毡,high,保温施工现场的极简化口语称呼
1186-1,1186,绝热（保温）、耐火材料 > 保温绝热材料 > 玻璃棉及其制品,material,玻璃棉毡,保温毡,medium,强调其保温功能的口语叫法
1186-1,1186,绝热（保温）、耐火材料 > 保温绝热材料 > 玻璃棉及其制品,material,玻璃棉管壳,棉管,high,保温施工现场的极简化口语称呼
1186-1,1186,绝热（保温）、耐火材料 > 保温绝热材料 > 玻璃棉及其制品,material,玻璃棉管壳,保温管壳,medium,强调其用于管道保温的功能
1186-1,1186,绝热（保温）、耐火材料 > 保温绝热材料 > 玻璃棉及其制品,material,玻璃纤维保温板,玻纤板,high,玻璃纤维板的通用简称
1186-1,1186,绝热（保温）、耐火材料 > 保温绝热材料 > 玻璃棉及其制品,material,离心玻璃棉板,离心棉板,high,施工现场常用工艺简称加产品形态的口语叫法
1186-1,1186,绝热（保温）、耐火材料 > 保温绝热材料 > 玻璃棉及其制品,material,离心玻璃棉板,离心板,medium,进一步省略的叫法
1186-1,1186,绝热（保温）、耐火材料 > 保温绝热材料 > 玻璃棉及其制品,material,离心玻璃棉毡,离心棉毡,high,施工现场常用工艺简称加产品形态的口语叫法
1186-1,1186,绝热（保温）、耐火材料 > 保温绝热材料 > 玻璃棉及其制品,material,离心玻璃棉毡,离心毡,medium,进一步省略的叫法
1186-1,1186,绝热（保温）、耐火材料 > 保温绝热材料 > 玻璃棉及其制品,material,离心玻璃棉管壳,离心棉管,high,施工现场常用工艺简称加产品形态的口语叫法
1186-1,1186,绝热（保温）、耐火材料 > 保温绝热材料 > 玻璃棉及其制品,material,离心玻璃棉管壳,离心管壳,medium,进一步省略的叫法
1186-1,1186,绝热（保温）、耐火材料 > 保温绝热材料 > 玻璃棉及其制品,material,超细玻璃棉板,超细棉板,high,简化叫法，行业通用口语
1186-1,1186,绝热（保温）、耐火材料 > 保温绝热材料 > 玻璃棉及其制品,material,超细玻璃棉管壳,超细棉管,high,简化叫法，行业通用口语
1186-1,1186,绝热（保温）、耐火材料 > 保温绝热材料 > 玻璃棉及其制品,material,铝箔玻璃棉卷毡,铝箔棉毡,high,施工现场对贴铝箔面层的玻璃棉毡的常见叫法
1186-1,1186,绝热（保温）、耐火材料 > 保温绝热材料 > 玻璃棉及其制品,material,铝箔玻璃棉卷毡,玻纤铝箔毡,medium,采购清单中可能出现的简化名称
1186-1,1186,绝热（保温）、耐火材料 > 保温绝热材料 > 玻璃棉及其制品,material,铝箔玻璃棉板,铝箔棉板,high,施工现场对贴铝箔面层的玻璃棉板的常见叫法
1186-1,1186,绝热（保温）、耐火材料 > 保温绝热材料 > 玻璃棉及其制品,material,铝箔玻璃棉管壳,铝箔棉管,high,施工现场对贴铝箔面层的玻璃棉管壳的常见叫法
1186-1,1186,绝热（保温）、耐火材料 > 保温绝热材料 > 玻璃棉及其制品,material,铝箔离心玻璃棉板,铝箔离心棉板,medium,结合面层材质和生产工艺的现场口语叫法
1186-1,1186,绝热（保温）、耐火材料 > 保温绝热材料 > 玻璃棉及其制品,material,铝箔离心玻璃管壳,铝箔离心棉管,medium,结合面层材质和生产工艺的现场口语叫法
1186-1,1186,绝热（保温）、耐火材料 > 保温绝热材料 > 玻璃棉及其制品,material,高硅氧玻璃棉,高硅氧棉,high,省略了玻璃二字的常用行业简称
202-1,202,绝热（保温）、耐火材料 > 电伴热带、缆 > 电伴热带、缆,category,电伴热带、缆,伴热带,high,电伴热带的通用简称，在采购和施工中比全称更常用
202-1,202,绝热（保温）、耐火材料 > 电伴热带、缆 > 电伴热带、缆,category,电伴热带、缆,电伴热线,medium,因产品呈线缆状，口语中常混叫
202-1,202,绝热（保温）、耐火材料 > 电伴热带、缆 > 电伴热带、缆,category,电伴热带、缆,电暖气带,low,部分北方施工队和五金店的口语俗称
202-1,202,绝热（保温）、耐火材料 > 电伴热带、缆 > 电伴热带、缆,material,水管电伴热保温,水管防冻带,high,应用场景俗称，主要用于水管防冻保温
202-1,202,绝热（保温）、耐火材料 > 电伴热带、缆 > 电伴热带、缆,material,水管电伴热保温,管道伴热,medium,施工现场对水管电伴热系统的简称
202-1,202,绝热（保温）、耐火材料 > 电伴热带、缆 > 电伴热带、缆,material,温控伴热电缆,自控温电缆,medium,强调其自动控温特性，与自限温电热带混称
202-1,202,绝热（保温）、耐火材料 > 电伴热带、缆 > 电伴热带、缆,material,自限温电热带,自控温电热带,high,自限温的另一叫法，强调自动控制温度
202-1,202,绝热（保温）、耐火材料 > 电伴热带、缆 > 电伴热带、缆,material,自限温电热带,自调控伴热带,medium,技术资料和采购中常出现的同义别称
202-1,202,绝热（保温）、耐火材料 > 电伴热带、缆 > 电伴热带、缆,material,采暖自控温电伴热带,地暖伴热带,medium,常见于地面采暖施工场景的俗称
202-1,202,绝热（保温）、耐火材料 > 电伴热带、缆 > 电伴热带、缆,material,采暖自控温电伴热带,取暖发热线,low,北方装修市场对采暖用伴热带的口语叫法
1189-1,1189,绝热（保温）、耐火材料 > 保温绝热材料 > 硬质聚氨酯板泡沫塑料,category,硬质聚氨酯板泡沫塑料,PU保温材料,high,聚氨酯英文缩写PU，在保温材料采购和施工中常统称PU保温材料
1189-1,1189,绝热（保温）、耐火材料 > 保温绝热材料 > 硬质聚氨酯板泡沫塑料,category,硬质聚氨酯板泡沫塑料,聚氨酯硬泡,high,硬质聚氨酯泡沫塑料的行业简称
1189-1,1189,绝热（保温）、耐火材料 > 保温绝热材料 > 硬质聚氨酯板泡沫塑料,material,硬泡聚氨酯复合板,PU复合保温板,medium,施工现场对聚氨酯复合保温板的简称
1189-1,1189,绝热（保温）、耐火材料 > 保温绝热材料 > 硬质聚氨酯板泡沫塑料,material,硬泡聚氨酯复合板,硬泡聚氨酯保温板,medium,突出保温功能的称呼
1189-1,1189,绝热（保温）、耐火材料 > 保温绝热材料 > 硬质聚氨酯板泡沫塑料,material,硬泡聚氨酯板,PU硬泡板,medium,采购时常用的简略叫法
1189-1,1189,绝热（保温）、耐火材料 > 保温绝热材料 > 硬质聚氨酯板泡沫塑料,material,硬泡聚氨酯板,聚氨酯硬泡板,high,调换词序的俗称
1189-1,1189,绝热（保温）、耐火材料 > 保温绝热材料 > 硬质聚氨酯板泡沫塑料,material,硬泡聚氨酯板,PU保温板,medium,保温工程中的通用俗称
1189-1,1189,绝热（保温）、耐火材料 > 保温绝热材料 > 硬质聚氨酯板泡沫塑料,material,硬泡聚氨酯管壳,PU管壳,medium,管道保温用聚氨酯管壳的简略叫法
1189-1,1189,绝热（保温）、耐火材料 > 保温绝热材料 > 硬质聚氨酯板泡沫塑料,material,硬泡聚氨酯管壳,聚氨酯保温管壳,high,突出保温功能的称呼
1189-1,1189,绝热（保温）、耐火材料 > 保温绝热材料 > 硬质聚氨酯板泡沫塑料,material,硬泡聚氨酯管壳,硬泡管壳,medium,硬泡材质管壳的简称
1189-1,1189,绝热（保温）、耐火材料 > 保温绝热材料 > 硬质聚氨酯板泡沫塑料,material,聚氨酯发泡板,PU发泡板,medium,英文缩写加产品形式的简略叫法
1189-1,1189,绝热（保温）、耐火材料 > 保温绝热材料 > 硬质聚氨酯板泡沫塑料,material,聚氨酯发泡管壳,发泡管壳,medium,施工现场口语中的简略叫法
1189-1,1189,绝热（保温）、耐火材料 > 保温绝热材料 > 硬质聚氨酯板泡沫塑料,material,聚氨酯喷涂,PU喷涂,high,施工现场和采购中常用的简略叫法
1189-1,1189,绝热（保温）、耐火材料 > 保温绝热材料 > 硬质聚氨酯板泡沫塑料,material,聚氨酯喷涂,现场发泡,high,施工工艺角度的俗称，指现场喷涂发泡成型
1189-1,1189,绝热（保温）、耐火材料 > 保温绝热材料 > 硬质聚氨酯板泡沫塑料,material,聚氨酯喷涂,喷涂聚氨酯,high,调换词序的常用叫法
1189-1,1189,绝热（保温）、耐火材料 > 保温绝热材料 > 硬质聚氨酯板泡沫塑料,material,聚氨酯喷涂,聚氨酯现场发泡,medium,完整描述现场施工工艺的称呼
1189-1,1189,绝热（保温）、耐火材料 > 保温绝热材料 > 硬质聚氨酯板泡沫塑料,material,聚氨酯复合板,PU复合板,medium,英文缩写加产品形式的简称
1189-1,1189,绝热（保温）、耐火材料 > 保温绝热材料 > 硬质聚氨酯板泡沫塑料,material,聚氨酯复合板,聚氨酯夹芯板,high,强调复合结构的俗称
1189-1,1189,绝热（保温）、耐火材料 > 保温绝热材料 > 硬质聚氨酯板泡沫塑料,material,聚氨酯板,PU板,high,最常见的采购简略叫法
1189-1,1189,绝热（保温）、耐火材料 > 保温绝热材料 > 硬质聚氨酯板泡沫塑料,material,聚氨酯板,聚氨酯保温板,high,突出用途的俗称
1189-1,1189,绝热（保温）、耐火材料 > 保温绝热材料 > 硬质聚氨酯板泡沫塑料,material,聚氨酯泡沫塑料板,聚氨酯软泡板,low,与硬泡做区分时的叫法，但此分类下为硬质，此别称可能引起歧义
1189-1,1189,绝热（保温）、耐火材料 > 保温绝热材料 > 硬质聚氨酯板泡沫塑料,material,聚氨酯瓦,PU瓦壳,medium,管道保温用聚氨酯瓦壳的简称
1189-1,1189,绝热（保温）、耐火材料 > 保温绝热材料 > 硬质聚氨酯板泡沫塑料,material,聚氨酯瓦,聚氨酯管托,low,在某些场景下管壳也被称为管托
1189-1,1189,绝热（保温）、耐火材料 > 保温绝热材料 > 硬质聚氨酯板泡沫塑料,material,聚氨酯瓦,聚氨酯弧形板,medium,描述其半圆形形状的称呼
1189-1,1189,绝热（保温）、耐火材料 > 保温绝热材料 > 硬质聚氨酯板泡沫塑料,material,聚氨酯瓦,保温瓦,medium,保温工程中瓦状产品的通用俗称
1201-1,1201,绝热（保温）、耐火材料 > 耐火材料 > 其他耐火砖,material,漂珠砖,轻质漂珠砖,high,强调其轻质特性，施工现场常用叫法
1201-1,1201,绝热（保温）、耐火材料 > 耐火材料 > 其他耐火砖,material,漂珠砖,保温漂珠砖,medium,因主要功能是保温，工程中常连称
1201-1,1201,绝热（保温）、耐火材料 > 耐火材料 > 其他耐火砖,material,烧结刚玉砖,烧结白刚玉砖,medium,行业采购中为与电熔砖区分，常明确原料及工艺
1201-1,1201,绝热（保温）、耐火材料 > 耐火材料 > 其他耐火砖,material,烧结刚玉砖,再结合刚玉砖,low,烧结刚玉砖常见工艺类型，技术人员经常混用
1201-1,1201,绝热（保温）、耐火材料 > 耐火材料 > 其他耐火砖,material,电熔刚玉砖,熔铸刚玉砖,high,电熔刚玉砖的正式技术称呼，采购中通用
1201-1,1201,绝热（保温）、耐火材料 > 耐火材料 > 其他耐火砖,material,电熔刚玉砖,白刚玉电熔砖,medium,强调材质为白刚玉的电熔砖
1201-1,1201,绝热（保温）、耐火材料 > 耐火材料 > 其他耐火砖,material,白云石砖,白云石耐火砖,high,口语中为与建筑材料区分，加上功能后缀
1201-1,1201,绝热（保温）、耐火材料 > 耐火材料 > 其他耐火砖,material,白刚玉砖,白刚玉耐火砖,high,口语中为明确材质用途，经常连称
1201-1,1201,绝热（保温）、耐火材料 > 耐火材料 > 其他耐火砖,material,石墨砖,碳素砖,low,石墨是碳元素的一种，部分非精确采购场景下混用
1201-1,1201,绝热（保温）、耐火材料 > 耐火材料 > 其他耐火砖,material,碳砖,炭砖,high,在冶金行业现场，书写和口语中经常替代使用
1201-1,1201,绝热（保温）、耐火材料 > 耐火材料 > 其他耐火砖,material,碳砖,碳素砖,medium,强调主要材质为碳素
1203-1,1203,绝热（保温）、耐火材料 > 耐火材料 > 不定形耐火材料,category,不定形耐火材料,散装料,high,不定形耐火材料在施工现场常被称为散装料，因其无固定形状、以散状形式供货和施工
1203-1,1203,绝热（保温）、耐火材料 > 耐火材料 > 不定形耐火材料,category,不定形耐火材料,散装耐火料,medium,与散装料类似，强调其为耐火用途的散状材料
1203-1,1203,绝热（保温）、耐火材料 > 耐火材料 > 不定形耐火材料,material,硅玻钛布,防火布,medium,硅玻钛布常用作防火帘布，现场口语常简化称为防火布
1203-1,1203,绝热（保温）、耐火材料 > 耐火材料 > 不定形耐火材料,material,硅酸铝纤维卷材,硅酸铝棉毯,high,以硅酸铝纤维制成的毯状卷材，采购时俗称硅酸铝棉毯
1203-1,1203,绝热（保温）、耐火材料 > 耐火材料 > 不定形耐火材料,material,硅酸铝纤维卷材,陶瓷纤维毯,high,硅酸铝纤维即陶瓷纤维，卷材形态常被称为陶瓷纤维毯
1203-1,1203,绝热（保温）、耐火材料 > 耐火材料 > 不定形耐火材料,material,硅酸铝针刺管,针刺毯管,medium,由硅酸铝针刺毯加工而成的管壳，现场常简称为针刺毯管
1203-1,1203,绝热（保温）、耐火材料 > 耐火材料 > 不定形耐火材料,material,硅酸铝针刺管,陶瓷纤维管,high,与陶瓷纤维毯对应，管状形态称为陶瓷纤维管
1203-1,1203,绝热（保温）、耐火材料 > 耐火材料 > 不定形耐火材料,material,粘土质耐火浇注料,粘土浇注料,high,行业简称，省略“质耐火”三字
1203-1,1203,绝热（保温）、耐火材料 > 耐火材料 > 不定形耐火材料,material,耐火浇注料,耐火混凝土,high,因施工方式与混凝土类似，现场常被称为耐火混凝土
1203-1,1203,绝热（保温）、耐火材料 > 耐火材料 > 不定形耐火材料,material,耐磨耐火可塑料,耐磨可塑料,medium,行业简称，省略“耐火”二字
1203-1,1203,绝热（保温）、耐火材料 > 耐火材料 > 不定形耐火材料,material,莫来石质耐火浇注料,莫来石浇注料,high,行业简称，省略“质耐火”三字
1203-1,1203,绝热（保温）、耐火材料 > 耐火材料 > 不定形耐火材料,material,轻质浇注料,轻质耐火浇注料,medium,全称，现场有时会带上“耐火”二字以明确用途
1203-1,1203,绝热（保温）、耐火材料 > 耐火材料 > 不定形耐火材料,material,隔热耐火浇注料,隔热浇注料,high,行业简称，省略“耐火”二字
1203-1,1203,绝热（保温）、耐火材料 > 耐火材料 > 不定形耐火材料,material,高铝质耐火浇注料,高铝浇注料,high,行业简称，省略“质耐火”三字
1198-1,1198,绝热（保温）、耐火材料 > 耐火材料 > 硅质耐火砖,category,硅质耐火砖,硅砖类,medium,施工现场对硅质耐火砖大类的简称
1198-1,1198,绝热（保温）、耐火材料 > 耐火材料 > 硅质耐火砖,category,硅质耐火砖,酸性耐火砖,medium,硅砖属酸性耐火材料，在工业炉窑施工中常以酸碱性分类称呼
1198-1,1198,绝热（保温）、耐火材料 > 耐火材料 > 硅质耐火砖,material,焦炉用硅砖,焦炉硅砖,high,采购中常见的缩略称呼
1198-1,1198,绝热（保温）、耐火材料 > 耐火材料 > 硅质耐火砖,material,玻璃窑用硅砖,玻璃窑硅砖,high,采购中常见的缩略称呼
1198-1,1198,绝热（保温）、耐火材料 > 耐火材料 > 硅质耐火砖,material,硅砖,二氧化硅砖,medium,以主要化学成分称呼
1198-1,1198,绝热（保温）、耐火材料 > 耐火材料 > 硅质耐火砖,material,硅质隔热耐火砖,轻质硅砖,high,施工现场对体积密度小的隔热耐火砖的统称
127-1,127,绝热（保温）、耐火材料 > 耐火材料 > 粘土质耐火砖,category,粘土质耐火砖,粘土砖,high,粘土质耐火砖的行业通用简称
127-1,127,绝热（保温）、耐火材料 > 耐火材料 > 粘土质耐火砖,material,玻璃窑用粘土质耐碱砖,玻璃窑耐碱砖,high,省略质和用字的行业简称
127-1,127,绝热（保温）、耐火材料 > 耐火材料 > 粘土质耐火砖,material,玻璃窑用粘土质耐碱砖,耐碱粘土砖,medium,突出耐碱特性的通用叫法
127-1,127,绝热（保温）、耐火材料 > 耐火材料 > 粘土质耐火砖,material,粘土质隔热耐火砖,粘土保温砖,high,隔热与保温在施工现场同义，施工口语化简称
127-1,127,绝热（保温）、耐火材料 > 耐火材料 > 粘土质耐火砖,material,粘土质隔热耐火砖,轻质粘土砖,high,常见别称，强调轻质隔热特性
127-1,127,绝热（保温）、耐火材料 > 耐火材料 > 粘土质耐火砖,material,轻质粘土质耐火砖,轻质粘土砖,high,行业通用简称
127-1,127,绝热（保温）、耐火材料 > 耐火材料 > 粘土质耐火砖,material,轻质粘土质耐火砖,粘土轻质砖,medium,语序调整后的习惯叫法
127-1,127,绝热（保温）、耐火材料 > 耐火材料 > 粘土质耐火砖,material,高炉用粘土质耐火砖,高炉粘土砖,high,施工现场和采购中常用的简化叫法
125-1,125,绝热（保温）、耐火材料 > 耐火材料 > 其他耐火材料,category,其他耐火材料,防火封堵材料,high,无机防火堵料、有机防火堵料、阻火包、阻火圈都属于防火封堵系统，施工现场常这么统称
125-1,125,绝热（保温）、耐火材料 > 耐火材料 > 其他耐火材料,category,其他耐火材料,挡烟阻火材料,medium,消防验收时对这些材料的工程统称
125-1,125,绝热（保温）、耐火材料 > 耐火材料 > 其他耐火材料,material,无机防火堵料,速固堵料,medium,区别于有机堵料，无机堵料硬化快，现场口语常叫速固堵料
125-1,125,绝热（保温）、耐火材料 > 耐火材料 > 其他耐火材料,material,无机防火堵料,防火灰泥,low,因其粉料加水搅拌呈泥状，外形和用法像灰泥
125-1,125,绝热（保温）、耐火材料 > 耐火材料 > 其他耐火材料,material,有机防火堵料,防火泥,high,现场最常见的口语叫法
125-1,125,绝热（保温）、耐火材料 > 耐火材料 > 其他耐火材料,material,有机防火堵料,柔性堵料,medium,常态下保持柔软可塑性，技术交底和采购单偶见
125-1,125,绝热（保温）、耐火材料 > 耐火材料 > 其他耐火材料,material,有机防火堵料,胶泥堵料,low,强调其胶泥状的形态
125-1,125,绝热（保温）、耐火材料 > 耐火材料 > 其他耐火材料,material,玻镁防火板,玻镁板,high,行业通称，省略防火二字
125-1,125,绝热（保温）、耐火材料 > 耐火材料 > 其他耐火材料,material,玻镁防火板,氧化镁板,medium,以主要胶凝材料命名
125-1,125,绝热（保温）、耐火材料 > 耐火材料 > 其他耐火材料,material,玻镁防火板,镁板,low,简称
125-1,125,绝热（保温）、耐火材料 > 耐火材料 > 其他耐火材料,material,蛭石防火板,蛭石板,high,行业通称
125-1,125,绝热（保温）、耐火材料 > 耐火材料 > 其他耐火材料,material,蛭石防火板,蛭石耐火板,medium,强调耐火特性的常见叫法
125-1,125,绝热（保温）、耐火材料 > 耐火材料 > 其他耐火材料,material,钢复合防爆防火板,防爆防火板,high,施工现场和采购常简化叫法
125-1,125,绝热（保温）、耐火材料 > 耐火材料 > 其他耐火材料,material,钢复合防爆防火板,钢防板,low,钢复合防爆防火板的简称
125-1,125,绝热（保温）、耐火材料 > 耐火材料 > 其他耐火材料,material,防火板,耐火板,medium,部分地区或设计中与防火板混用
125-1,125,绝热（保温）、耐火材料 > 耐火材料 > 其他耐火材料,material,防火板,阻燃板,low,性能侧重点不同但常被混叫
125-1,125,绝热（保温）、耐火材料 > 耐火材料 > 其他耐火材料,material,阻火包,防火包,high,施工现场最常见的叫法
125-1,125,绝热（保温）、耐火材料 > 耐火材料 > 其他耐火材料,material,阻火包,阻火袋,low,少有叫法，部分地区口语
125-1,125,绝热（保温）、耐火材料 > 耐火材料 > 其他耐火材料,material,阻火包,防火枕,medium,外形像枕头，现场常叫防火枕
125-1,125,绝热（保温）、耐火材料 > 耐火材料 > 其他耐火材料,material,阻火圈,防火圈,high,口语和采购单中常见
125-1,125,绝热（保温）、耐火材料 > 耐火材料 > 其他耐火材料,material,阻火圈,阻火抱箍,low,强调其安装方式和形状
125-1,125,绝热（保温）、耐火材料 > 耐火材料 > 其他耐火材料,material,阻火圈,管道阻火圈,medium,明确用途的常见叫法
125-1,125,绝热（保温）、耐火材料 > 耐火材料 > 其他耐火材料,material,阻燃液,防火液,medium,阻燃与防火概念混用下的常见叫法
125-1,125,绝热（保温）、耐火材料 > 耐火材料 > 其他耐火材料,material,阻燃液,阻燃剂,medium,液态阻燃剂通常就直接叫阻燃剂
125-1,125,绝热（保温）、耐火材料 > 耐火材料 > 其他耐火材料,material,高硅布,硅布,low,简称
125-1,125,绝热（保温）、耐火材料 > 耐火材料 > 其他耐火材料,material,高硅氧棉,高硅棉,medium,省略氧元素的简称
125-1,125,绝热（保温）、耐火材料 > 耐火材料 > 其他耐火材料,material,高硅氧棉,硅氧棉,low,省略高的简称
1199-1,1199,绝热（保温）、耐火材料 > 耐火材料 > 铝质耐火砖,category,铝质耐火砖,高铝砖,high,铝质耐火砖的核心成分是氧化铝，施工现场和采购中常简称为高铝砖
1199-1,1199,绝热（保温）、耐火材料 > 耐火材料 > 铝质耐火砖,material,热风炉高铝砖,热风炉砖,medium,在热风炉施工语境下，常省略材质，直接按用途称呼
1199-1,1199,绝热（保温）、耐火材料 > 耐火材料 > 铝质耐火砖,material,电炉炉顶高铝砖,电炉顶砖,medium,用于电炉炉顶的高铝砖，现场常简称为电炉顶砖
1199-1,1199,绝热（保温）、耐火材料 > 耐火材料 > 铝质耐火砖,material,磷酸盐结合高铝砖,磷酸盐砖,high,以结合剂命名，是行业内对磷酸盐结合不烧砖的常见简称
1199-1,1199,绝热（保温）、耐火材料 > 耐火材料 > 铝质耐火砖,material,高炉用高铝砖,高炉高铝砖,medium,省略用途介词，是采购和施工中更顺口的叫法
1199-1,1199,绝热（保温）、耐火材料 > 耐火材料 > 铝质耐火砖,material,高铝质隔热耐火砖,轻质高铝砖,high,隔热耐火砖通常指轻质砖，这是最通用的行业俗称
1199-1,1199,绝热（保温）、耐火材料 > 耐火材料 > 铝质耐火砖,material,高铝质隔热耐火砖,高铝隔热砖,high,简称，突出材质和功能
1199-1,1199,绝热（保温）、耐火材料 > 耐火材料 > 铝质耐火砖,material,高铝质隔热耐火砖,高铝保温砖,medium,隔热砖在口语中常被称为保温砖
1200-1,1200,绝热（保温）、耐火材料 > 耐火材料 > 镁质耐火砖,material,树脂结合镁炭砖,树脂镁碳砖,high,现场简读，省略‘结合’二字
1200-1,1200,绝热（保温）、耐火材料 > 耐火材料 > 镁质耐火砖,material,树脂结合镁炭砖,树脂结合镁碳砖,medium,方言/口音导致的碳与炭混用
1200-1,1200,绝热（保温）、耐火材料 > 耐火材料 > 镁质耐火砖,material,电熔镁炭砖,电熔镁碳砖,high,方言/口音导致的碳与炭混用
1200-1,1200,绝热（保温）、耐火材料 > 耐火材料 > 镁质耐火砖,material,镁炭砖,镁碳砖,high,方言/口音，最通用的耐火材料叫法
1200-1,1200,绝热（保温）、耐火材料 > 耐火材料 > 镁质耐火砖,material,镁炭砖,碳砖,low,施工现场对含碳镁砖的简称
1200-1,1200,绝热（保温）、耐火材料 > 耐火材料 > 镁质耐火砖,material,镁砖,M砖,medium,材料英文Magnesia首字母简称
1200-1,1200,绝热（保温）、耐火材料 > 耐火材料 > 镁质耐火砖,material,镁硅砖,高硅镁砖,low,根据材质特性称呼
1200-1,1200,绝热（保温）、耐火材料 > 耐火材料 > 镁质耐火砖,material,镁铝砖,铝镁砖,high,现场口误或习惯称呼顺序颠倒
1200-1,1200,绝热（保温）、耐火材料 > 耐火材料 > 镁质耐火砖,material,镁铬砖,铬镁砖,high,现场习惯叫法
1202-1,1202,绝热（保温）、耐火材料 > 耐火材料 > 耐火泥、砂、石,category,耐火泥、砂、石,火泥,high,耐火泥的简称，现场常用
1202-1,1202,绝热（保温）、耐火材料 > 耐火材料 > 耐火泥、砂、石,category,耐火泥、砂、石,骨料,medium,耐火砂石在施工中常被统称为骨料
1202-1,1202,绝热（保温）、耐火材料 > 耐火材料 > 耐火泥、砂、石,category,耐火泥、砂、石,耐火骨料,medium,行业统称耐火砂、石为耐火骨料
1202-1,1202,绝热（保温）、耐火材料 > 耐火材料 > 耐火泥、砂、石,material,刚玉砂,棕刚玉砂,medium,常见刚玉砂品种，俗称
1202-1,1202,绝热（保温）、耐火材料 > 耐火材料 > 耐火泥、砂、石,material,刚玉砂,白刚玉砂,medium,常见刚玉砂品种，俗称
1202-1,1202,绝热（保温）、耐火材料 > 耐火材料 > 耐火泥、砂、石,material,堇青质火泥,堇青石火泥,medium,堇青质即堇青石质，现场叫法
1202-1,1202,绝热（保温）、耐火材料 > 耐火材料 > 耐火泥、砂、石,material,焦宝石,焦宝石骨料,medium,作为耐火骨料时的叫法
1202-1,1202,绝热（保温）、耐火材料 > 耐火材料 > 耐火泥、砂、石,material,电熔氧化锆砂,电熔锆砂,high,简称，省略'氧化'
1202-1,1202,绝热（保温）、耐火材料 > 耐火材料 > 耐火泥、砂、石,material,白云石,白云石砂,medium,破碎成砂状时的叫法
1202-1,1202,绝热（保温）、耐火材料 > 耐火材料 > 耐火泥、砂、石,material,硅质火泥,硅火泥,high,硅质火泥的简称
1202-1,1202,绝热（保温）、耐火材料 > 耐火材料 > 耐火泥、砂、石,material,粘土质耐火泥,粘土火泥,high,简化俗称
1202-1,1202,绝热（保温）、耐火材料 > 耐火材料 > 耐火泥、砂、石,material,粘土质耐火泥,粘土水泥,medium,现场口语，因功能类似水泥
1202-1,1202,绝热（保温）、耐火材料 > 耐火材料 > 耐火泥、砂、石,material,耐火泥,火泥,high,极简称，行业通用口语
1202-1,1202,绝热（保温）、耐火材料 > 耐火材料 > 耐火泥、砂、石,material,耐火泥,耐火土,medium,一些地区对耐火泥的叫法
1202-1,1202,绝热（保温）、耐火材料 > 耐火材料 > 耐火泥、砂、石,material,耐火石,耐火石头,low,口语化叫法
1202-1,1202,绝热（保温）、耐火材料 > 耐火材料 > 耐火泥、砂、石,material,耐火砂,耐火沙,medium,砂与沙常混用
1202-1,1202,绝热（保温）、耐火材料 > 耐火材料 > 耐火泥、砂、石,material,耐火砂,火砂,low,简化的口语叫法
1202-1,1202,绝热（保温）、耐火材料 > 耐火材料 > 耐火泥、砂、石,material,莫来石砂,莫来砂,high,简化叫法，用于精密铸造及耐火材料
1202-1,1202,绝热（保温）、耐火材料 > 耐火材料 > 耐火泥、砂、石,material,菱镁石,菱镁矿,high,矿石原名，采购中常混用
1202-1,1202,绝热（保温）、耐火材料 > 耐火材料 > 耐火泥、砂、石,material,菱镁石,镁石,medium,简化俗称
1202-1,1202,绝热（保温）、耐火材料 > 耐火材料 > 耐火泥、砂、石,material,锆英石,锆英砂,high,实际使用时多为砂状，常叫锆英砂
1202-1,1202,绝热（保温）、耐火材料 > 耐火材料 > 耐火泥、砂、石,material,锆英石,硅酸锆,medium,化学成分俗称
1202-1,1202,绝热（保温）、耐火材料 > 耐火材料 > 耐火泥、砂、石,material,镁砂,电熔镁砂,medium,按生产工艺区分的常见叫法
1202-1,1202,绝热（保温）、耐火材料 > 耐火材料 > 耐火泥、砂、石,material,镁砂,烧结镁砂,medium,按生产工艺区分的常见叫法
1202-1,1202,绝热（保温）、耐火材料 > 耐火材料 > 耐火泥、砂、石,material,镁质耐火泥,镁火泥,high,镁质+火泥的简称组合
1202-1,1202,绝热（保温）、耐火材料 > 耐火材料 > 耐火泥、砂、石,material,镁质耐火泥,镁质火泥,medium,标准全称的另一种口语组合
1202-1,1202,绝热（保温）、耐火材料 > 耐火材料 > 耐火泥、砂、石,material,高铝质耐火泥,高铝火泥,high,极度简化的现场俗称
1205-1,1205,绝热（保温）、耐火材料 > 耐火材料 > 耐火粉、骨料,category,耐火粉、骨料,耐火水泥,medium,施工现场常将耐火粉料统称为耐火水泥，尤其指需加水调和的粉料
1205-1,1205,绝热（保温）、耐火材料 > 耐火材料 > 耐火粉、骨料,material,刚玉粉,白刚玉粉,high,刚玉粉常见品种，采购时常直接按颜色叫
1205-1,1205,绝热（保温）、耐火材料 > 耐火材料 > 耐火粉、骨料,material,刚玉粉,棕刚玉粉,high,刚玉粉常见品种，采购时常直接按颜色叫
1205-1,1205,绝热（保温）、耐火材料 > 耐火材料 > 耐火粉、骨料,material,刚玉粉,氧化铝粉,medium,刚玉主要成分为氧化铝，部分场合混称
1205-1,1205,绝热（保温）、耐火材料 > 耐火材料 > 耐火粉、骨料,material,微硅粉,硅灰,high,行业标准叫法，微硅粉的俗称
1205-1,1205,绝热（保温）、耐火材料 > 耐火材料 > 耐火粉、骨料,material,微硅粉,硅微粉,low,部分地区口语与硅微粉混称，注意区分
1205-1,1205,绝热（保温）、耐火材料 > 耐火材料 > 耐火粉、骨料,material,硅微粉,石英粉,high,硅微粉主要成分为石英，现场常直接叫石英粉
1205-1,1205,绝热（保温）、耐火材料 > 耐火材料 > 耐火粉、骨料,material,硅微粉,硅粉,medium,简称
1205-1,1205,绝热（保温）、耐火材料 > 耐火材料 > 耐火粉、骨料,material,硅石粉,石英砂粉,medium,硅石加工后常被称为石英砂粉
1205-1,1205,绝热（保温）、耐火材料 > 耐火材料 > 耐火粉、骨料,material,硅酸钙,硅钙粉,medium,简称
1205-1,1205,绝热（保温）、耐火材料 > 耐火材料 > 耐火粉、骨料,material,碳化硅粉,金刚砂粉,high,碳化硅俗称金刚砂
1205-1,1205,绝热（保温）、耐火材料 > 耐火材料 > 耐火粉、骨料,material,碳化硅粉,SiC粉,medium,技术资料或采购单常见简称
1205-1,1205,绝热（保温）、耐火材料 > 耐火材料 > 耐火粉、骨料,material,粘土熟粉料,熟料粉,high,行业内简称
1205-1,1205,绝热（保温）、耐火材料 > 耐火材料 > 耐火粉、骨料,material,粘土熟粉料,焦宝石粉,medium,特定粘土熟料品种，常被用来泛指
1205-1,1205,绝热（保温）、耐火材料 > 耐火材料 > 耐火粉、骨料,material,菱苦土,菱镁粉,high,菱苦土即轻烧菱镁矿粉
1205-1,1205,绝热（保温）、耐火材料 > 耐火材料 > 耐火粉、骨料,material,菱苦土,镁水泥,medium,与水调和后类似水泥，现场口语叫法
1205-1,1205,绝热（保温）、耐火材料 > 耐火材料 > 耐火粉、骨料,material,辉绿岩粉,辉绿岩铸石粉,medium,用于铸石或耐磨材料时的叫法
1205-1,1205,绝热（保温）、耐火材料 > 耐火材料 > 耐火粉、骨料,material,高岭土,瓷土,high,高岭土的传统俗称
1205-1,1205,绝热（保温）、耐火材料 > 耐火材料 > 耐火粉、骨料,material,高岭土,白泥,medium,施工现场对高岭土生料的叫法
1205-1,1205,绝热（保温）、耐火材料 > 耐火材料 > 耐火粉、骨料,material,高铝熟料粉,高铝粉,high,行业内简称
1205-1,1205,绝热（保温）、耐火材料 > 耐火材料 > 耐火粉、骨料,material,高铝熟料粉,铝矾土熟料粉,medium,原料来源叫法
1205-1,1205,绝热（保温）、耐火材料 > 耐火材料 > 耐火粉、骨料,material,高铝生料粉,生高铝粉,medium,口语简称
1205-1,1205,绝热（保温）、耐火材料 > 耐火材料 > 耐火粉、骨料,material,高铝生料粉,铝矾土生料粉,medium,原料来源叫法
1452-1,1452,装饰石材及石材制品 > 人造石材 > 水磨石板,category,水磨石板,磨石子板,high,水磨石的民间俗称，施工现场常用
1452-1,1452,装饰石材及石材制品 > 人造石材 > 水磨石板,category,水磨石板,水磨石预制板,medium,强调其为工厂预制成型的板材，区别于现浇水磨石
1452-1,1452,装饰石材及石材制品 > 人造石材 > 水磨石板,material,台面水磨石板材,水磨石台面板,high,直接指明用于台面的水磨石板，采购清单常用
1452-1,1452,装饰石材及石材制品 > 人造石材 > 水磨石板,material,楼地面用水磨石板材,水磨石地砖,high,铺设地面的预制水磨石常被口语化称为地砖
1452-1,1452,装饰石材及石材制品 > 人造石材 > 水磨石板,material,楼地面用水磨石板材,预制水磨石地板,medium,强调铺地用，区别于现浇和墙面用板
1452-1,1452,装饰石材及石材制品 > 人造石材 > 水磨石板,material,窗台板水磨石板材,水磨石窗台板,high,安装于窗台位置的专用板材，口语略去“材”字
136-1,136,装饰石材及石材制品 > 人造石材 > 人造石板材,category,人造石板材,人造石板,high,行业内对该类板材的通用简称，省略了'材'字
136-1,136,装饰石材及石材制品 > 人造石材 > 人造石板材,category,人造石板材,合成石板,medium,强调其由不同材料合成加工的特性
136-1,136,装饰石材及石材制品 > 人造石材 > 人造石板材,category,人造石板材,工程石板材,low,在工程项目采购中常用此称，区别于天然石材
136-1,136,装饰石材及石材制品 > 人造石材 > 人造石板材,material,RDBM高分子人造石,高分子复合石板,medium,直接取材料特性命名，在描述产品时使用
136-1,136,装饰石材及石材制品 > 人造石材 > 人造石板材,material,RDBM高分子人造石,高仿石,low,因为其高仿真度，在市场上有时这样称呼
136-1,136,装饰石材及石材制品 > 人造石材 > 人造石板材,material,人造大理石,人造大理石板,high,施工现场常用全称，强调其为板状材料
136-1,136,装饰石材及石材制品 > 人造石材 > 人造石板材,material,人造大理石,合成大理石,high,突出其加工方式，业界常见叫法
136-1,136,装饰石材及石材制品 > 人造石材 > 人造石板材,material,人造大理石,树脂板,medium,因其主要成分为树脂，采购时会简称
136-1,136,装饰石材及石材制品 > 人造石材 > 人造石板材,material,人造大理石,仿大理石,medium,市场端通俗叫法，强调其仿天然效果
136-1,136,装饰石材及石材制品 > 人造石材 > 人造石板材,material,人造石,人造石板,high,同类别，施工现场惯用简称
136-1,136,装饰石材及石材制品 > 人造石材 > 人造石板材,material,人造石,合成石,medium,强调合成属性，在技术交流中常见
136-1,136,装饰石材及石材制品 > 人造石材 > 人造石板材,material,人造石,实体面材,medium,该行业的专业术语，特指此类材料
136-1,136,装饰石材及石材制品 > 人造石材 > 人造石板材,material,人造石英石,石英石板,high,施工和采购中惯用的简称，省略了'人造'
136-1,136,装饰石材及石材制品 > 人造石材 > 人造石板材,material,人造石英石,人造石英石板,high,全称的口语化补充
136-1,136,装饰石材及石材制品 > 人造石材 > 人造石板材,material,人造石英石,石英石,high,当下市场流通最普遍的叫法，常与天然石英岩区分
136-1,136,装饰石材及石材制品 > 人造石材 > 人造石板材,material,人造砂岩,文化石,medium,市场销售端常用此名，尤其是具有凹凸纹理的款式
136-1,136,装饰石材及石材制品 > 人造石材 > 人造石板材,material,人造砂岩,仿砂岩,high,通俗叫法，强调模仿天然砂岩的质感
136-1,136,装饰石材及石材制品 > 人造石材 > 人造石板材,material,人造砂岩,生态砂岩,low,某些厂商为突出环保特性起的商品名
136-1,136,装饰石材及石材制品 > 人造石材 > 人造石板材,material,人造花岗岩,仿花岗岩,high,市场通俗叫法，区别于天然花岗岩
136-1,136,装饰石材及石材制品 > 人造石材 > 人造石板材,material,人造花岗岩,人造花岗石板,high,施工现场及采购清单中的常见名称
136-1,136,装饰石材及石材制品 > 人造石材 > 人造石板材,material,人造透光石,透光石板,high,省略了定语，在上下文明确时使用
136-1,136,装饰石材及石材制品 > 人造石材 > 人造石板材,material,人造透光石,透光云石,medium,云石更强调其纹理，透光类产品常用
136-1,136,装饰石材及石材制品 > 人造石材 > 人造石板材,material,人造透光石,发光石板,low,通俗叫法，突出其透光后发光的特性
136-1,136,装饰石材及石材制品 > 人造石材 > 人造石板材,material,铸石板,微晶石板,medium,部分铸石产品在市场上以微晶石名义流通
136-1,136,装饰石材及石材制品 > 人造石材 > 人造石板材,material,铸石板,耐磨板,low,施工现场根据其高耐磨的特性起的别称
135-1,135,装饰石材及石材制品 > 天然石材 > 大理石板,category,大理石板,大理石,high,日常口语简称
135-1,135,装饰石材及石材制品 > 天然石材 > 大理石板,category,大理石板,云石,high,行业内传统叫法，尤其指天然大理石
135-1,135,装饰石材及石材制品 > 天然石材 > 大理石板,category,大理石板,天然理石,medium,天然大理石的简称
135-1,135,装饰石材及石材制品 > 天然石材 > 大理石板,material,七彩玉大理石,七彩玉石,medium,施工现场对具有玉石质感大理石的简称
135-1,135,装饰石材及石材制品 > 天然石材 > 大理石板,material,万寿红大理石,万寿红,high,石材品种名称口语简称，常省略大理石
135-1,135,装饰石材及石材制品 > 天然石材 > 大理石板,material,万年青大理石,万年青,high,石材品种名称口语简称
135-1,135,装饰石材及石材制品 > 天然石材 > 大理石板,material,世纪米黄大理石,世纪米黄,high,石材品种名称口语简称
135-1,135,装饰石材及石材制品 > 天然石材 > 大理石板,material,世纪莎安娜大理石,莎安娜,high,著名米黄品种简称
135-1,135,装饰石材及石材制品 > 天然石材 > 大理石板,material,世纪莎安娜大理石,莎安娜米黄,high,市场通用名，常省略世纪前缀
135-1,135,装饰石材及石材制品 > 天然石材 > 大理石板,material,世纪西米大理石,西米,medium,米黄大理石品种简称
135-1,135,装饰石材及石材制品 > 天然石材 > 大理石板,material,世纪黑冰花大理石,黑冰花,high,石材品种名称口语简称
135-1,135,装饰石材及石材制品 > 天然石材 > 大理石板,material,丘陵洞石大理石,洞石,high,石灰华俗称，常见洞石品种统称
135-1,135,装饰石材及石材制品 > 天然石材 > 大理石板,material,东方白大理石,东方白,medium,白色系石材品种口语简称
135-1,135,装饰石材及石材制品 > 天然石材 > 大理石板,material,丝绸米黄大理石,丝绸米黄,medium,石材品种名称口语简称
135-1,135,装饰石材及石材制品 > 天然石材 > 大理石板,material,中东米黄大理石,中东米黄,high,石材品种名称口语简称
135-3,135,装饰石材及石材制品 > 天然石材 > 大理石板,category,大理石板,云石,medium,部分天然大理石在行业内的统称，特指纹理如云霞者，但云石也常泛指大理石，容易多义
135-3,135,装饰石材及石材制品 > 天然石材 > 大理石板,category,大理石板,大理岩板,low,学术/书面偶尔替代称呼
135-3,135,装饰石材及石材制品 > 天然石材 > 大理石板,material,五莲红大理石,五莲红,high,施工现场常用简称，去掉大理石后缀
135-3,135,装饰石材及石材制品 > 天然石材 > 大理石板,material,五莲花大理石,五莲花,high,施工现场常用简称，去掉大理石后缀
1204-1,1204,绝热（保温）、耐火材料 > 耐火材料 > 耐火纤维及其制品,category,耐火纤维及其制品,陶瓷纤维制品,high,耐火纤维常被统称为陶瓷纤维，尤其在建筑和工业保温领域
1204-1,1204,绝热（保温）、耐火材料 > 耐火材料 > 耐火纤维及其制品,category,耐火纤维及其制品,硅酸铝棉制品,medium,基于其主要成分硅酸铝，泛指该类棉、板、毯等制品
1204-1,1204,绝热（保温）、耐火材料 > 耐火材料 > 耐火纤维及其制品,material,不锈钢纤维,钢纤维,high,施工现场常用于增强耐火浇注料的口语简称
1204-1,1204,绝热（保温）、耐火材料 > 耐火材料 > 耐火纤维及其制品,material,不锈钢纤维,耐热钢纤维,medium,强调其耐高温特性，采购时区别于普通混凝土用钢纤维
1204-1,1204,绝热（保温）、耐火材料 > 耐火材料 > 耐火纤维及其制品,material,含铬纤维棉,含铬棉,medium,采购口语中简化的叫法
1204-1,1204,绝热（保温）、耐火材料 > 耐火材料 > 耐火纤维及其制品,material,普碳钢纤维,碳钢纤维,high,普碳钢即普通碳素钢的简称，口语中常省略'普'字
1204-1,1204,绝热（保温）、耐火材料 > 耐火材料 > 耐火纤维及其制品,material,普碳钢纤维,普通钢纤维,medium,区别于不锈钢纤维的常用俗称
1204-1,1204,绝热（保温）、耐火材料 > 耐火材料 > 耐火纤维及其制品,material,玄武岩纤维,玄武岩棉,medium,外观形态类似岩棉，施工方常按棉类材料称呼
1204-1,1204,绝热（保温）、耐火材料 > 耐火材料 > 耐火纤维及其制品,material,玻璃纤维棉,玻璃棉,high,最常见的行业简称，广泛用于保温材料采购
1204-1,1204,绝热（保温）、耐火材料 > 耐火材料 > 耐火纤维及其制品,material,玻璃纤维棉,玻纤棉,high,玻璃纤维的简称加形态描述
1204-1,1204,绝热（保温）、耐火材料 > 耐火材料 > 耐火纤维及其制品,material,玻璃纤维棉,离心玻璃棉,medium,强调其离心法生产工艺，采购时以区别岩棉
1204-1,1204,绝热（保温）、耐火材料 > 耐火材料 > 耐火纤维及其制品,material,硅酸铝纤维,陶瓷纤维,high,硅酸铝纤维的标准行业别称
1204-1,1204,绝热（保温）、耐火材料 > 耐火材料 > 耐火纤维及其制品,material,硅酸铝纤维,硅酸铝棉,high,松散状的硅酸铝纤维在工地的俗称
1204-1,1204,绝热（保温）、耐火材料 > 耐火材料 > 耐火纤维及其制品,material,硅酸铝纤维,高铝纤维,medium,当氧化铝含量较高时，采购方的特定称呼
1204-1,1204,绝热（保温）、耐火材料 > 耐火材料 > 耐火纤维及其制品,material,硅酸铝纤维板,陶瓷纤维板,high,基于陶瓷纤维行业别称下的产品名
1204-1,1204,绝热（保温）、耐火材料 > 耐火材料 > 耐火纤维及其制品,material,硅酸铝纤维板,硅酸铝板,high,施工现场及采购询价时的最简略称呼
1204-1,1204,绝热（保温）、耐火材料 > 耐火材料 > 耐火纤维及其制品,material,硅酸铝纤维板,耐高温纤维板,low,强调功能的口语叫法
1204-1,1204,绝热（保温）、耐火材料 > 耐火材料 > 耐火纤维及其制品,material,纤维毯,陶瓷纤维毯,high,最通用的行业称呼，指明材质为陶瓷纤维
1204-1,1204,绝热（保温）、耐火材料 > 耐火材料 > 耐火纤维及其制品,material,纤维毯,硅酸铝毯,high,指明材质为硅酸铝，常用于无石棉类保温毯
1204-1,1204,绝热（保温）、耐火材料 > 耐火材料 > 耐火纤维及其制品,material,纤维毯,针刺毯,high,生产多采用针刺工艺，是施工现场对该类毯的工艺俗称
1204-1,1204,绝热（保温）、耐火材料 > 耐火材料 > 耐火纤维及其制品,material,纤维毯,保温毯,medium,泛指功能，但多用于现场施工分配材料
1204-1,1204,绝热（保温）、耐火材料 > 耐火材料 > 耐火纤维及其制品,material,纤维玻璃棉,玻璃棉,high,与'玻璃纤维棉'同义，施工现场口语简化为'玻璃棉'
1204-1,1204,绝热（保温）、耐火材料 > 耐火材料 > 耐火纤维及其制品,material,耐火布,防火布,high,施工现场常将耐火直接称为防火
1204-1,1204,绝热（保温）、耐火材料 > 耐火材料 > 耐火纤维及其制品,material,耐火布,陶瓷纤维布,high,指明其材质为陶瓷纤维的耐火布
1204-1,1204,绝热（保温）、耐火材料 > 耐火材料 > 耐火纤维及其制品,material,耐火布,硅酸铝布,medium,基于硅酸铝材质的耐火布叫法
1204-1,1204,绝热（保温）、耐火材料 > 耐火材料 > 耐火纤维及其制品,material,耐火布,高温布,medium,强调其耐受温度的性能俗称
1204-1,1204,绝热（保温）、耐火材料 > 耐火材料 > 耐火纤维及其制品,material,耐火纤维板,陶瓷纤维板,high,指明材质的通用别称
1204-1,1204,绝热（保温）、耐火材料 > 耐火材料 > 耐火纤维及其制品,material,耐火纤维板,防火板,high,建筑及装饰施工领域的通俗叫法
1204-1,1204,绝热（保温）、耐火材料 > 耐火材料 > 耐火纤维及其制品,material,耐火纤维板,耐高温板,medium,侧重其耐温性能的俗称
1204-1,1204,绝热（保温）、耐火材料 > 耐火材料 > 耐火纤维及其制品,material,耐火纤维毡,保温毡,medium,侧重保温功能的现场叫法
1204-1,1204,绝热（保温）、耐火材料 > 耐火材料 > 耐火纤维及其制品,material,耐火纤维管壳,保温管壳,high,在管道保温施工中的直接称呼
1204-1,1204,绝热（保温）、耐火材料 > 耐火材料 > 耐火纤维及其制品,material,耐火纤维管壳,纤维管壳,high,省略耐火二字的口语简化
1204-1,1204,绝热（保温）、耐火材料 > 耐火材料 > 耐火纤维及其制品,material,耐火纤维管壳,管筒,medium,基于其圆筒状形态的俗称
1204-1,1204,绝热（保温）、耐火材料 > 耐火材料 > 耐火纤维及其制品,material,耐火纤维纸,陶瓷纤维纸,high,指明材质的行业标准称呼
1204-1,1204,绝热（保温）、耐火材料 > 耐火材料 > 耐火纤维及其制品,material,耐火纤维纸,高温密封纸,medium,常用于高温垫片或密封，侧重用途的俗称
1204-1,1204,绝热（保温）、耐火材料 > 耐火材料 > 耐火纤维及其制品,material,耐火纤维绳,防火绳,high,施工现场多用'防火'代替'耐火'的叫法
1204-1,1204,绝热（保温）、耐火材料 > 耐火材料 > 耐火纤维及其制品,material,耐火纤维绳,陶瓷纤维绳,high,指明材质的通用称呼
1204-1,1204,绝热（保温）、耐火材料 > 耐火材料 > 耐火纤维及其制品,material,耐火纤维绳,高温绳,medium,强调耐高温性能的简易称呼
1204-1,1204,绝热（保温）、耐火材料 > 耐火材料 > 耐火纤维及其制品,material,耐火纤维绳,硅酸铝绳,medium,基于硅酸铝材质的别称
1204-1,1204,绝热（保温）、耐火材料 > 耐火材料 > 耐火纤维及其制品,material,耐火纤维预制块,陶瓷纤维模块,high,预制块在工业窑炉领域通常被称为模块
1204-1,1204,绝热（保温）、耐火材料 > 耐火材料 > 耐火纤维及其制品,material,耐火纤维预制块,折叠块,high,基于其折叠工艺成型的形态称呼
1204-1,1204,绝热（保温）、耐火材料 > 耐火材料 > 耐火纤维及其制品,material,耐火纤维预制块,纤维模块,high,预制块在业内的标准简称
1204-1,1204,绝热（保温）、耐火材料 > 耐火材料 > 耐火纤维及其制品,material,耐火纤维预制块,保温模块,medium,侧重于功能的叫法
1204-1,1204,绝热（保温）、耐火材料 > 耐火材料 > 耐火纤维及其制品,material,耐火陶瓷纤维,陶瓷纤维,high,'耐火陶瓷纤维'的口语简化，该材料本身就具备耐火属性
1204-1,1204,绝热（保温）、耐火材料 > 耐火材料 > 耐火纤维及其制品,material,耐火陶瓷纤维,硅酸铝纤维,high,指明其化学成分的别名
1204-1,1204,绝热（保温）、耐火材料 > 耐火材料 > 耐火纤维及其制品,material,防火棉,耐火棉,high,防火与耐火在该类材料中常混用
1204-1,1204,绝热（保温）、耐火材料 > 耐火材料 > 耐火纤维及其制品,material,防火棉,阻燃棉,medium,强调其阻燃性能的别称
1204-1,1204,绝热（保温）、耐火材料 > 耐火材料 > 耐火纤维及其制品,material,防火棉,陶瓷棉,medium,当材质为陶瓷纤维时，施工人员的口语称呼
135-2,135,装饰石材及石材制品 > 天然石材 > 大理石板,material,中国红大理石,中国红,high,口语中常省略大理石三字
135-2,135,装饰石材及石材制品 > 天然石材 > 大理石板,material,中国黑大理石,中国黑,high,口语中常省略大理石三字
135-2,135,装饰石材及石材制品 > 天然石材 > 大理石板,material,中欧米黄大理石,中欧米黄,high,口语中常省略大理石三字
135-2,135,装饰石材及石材制品 > 天然石材 > 大理石板,material,中米玉大理石,中米玉,medium,口语简称
135-2,135,装饰石材及石材制品 > 天然石材 > 大理石板,material,中花白大理石,中花白,high,口语中常省略大理石三字
135-2,135,装饰石材及石材制品 > 天然石材 > 大理石板,material,丰镇黑大理石,丰镇黑,high,口语简称，内蒙古丰镇产黑色石材
135-2,135,装饰石材及石材制品 > 天然石材 > 大理石板,material,丹东绿大理石,丹东绿,high,口语简称
135-2,135,装饰石材及石材制品 > 天然石材 > 大理石板,material,乡村绿大理石,乡村绿,medium,口语简称
135-2,135,装饰石材及石材制品 > 天然石材 > 大理石板,material,云中玉大理石,云中玉,medium,口语简称
135-2,135,装饰石材及石材制品 > 天然石材 > 大理石板,material,云南砂岩大理石,云南砂岩,high,口语简称
135-2,135,装饰石材及石材制品 > 天然石材 > 大理石板,material,云啡网大理石,云啡网,medium,口语简称
135-2,135,装饰石材及石材制品 > 天然石材 > 大理石板,material,云多拉灰大理石,云多拉灰,high,口语简称
135-2,135,装饰石材及石材制品 > 天然石材 > 大理石板,material,云影灰大理石,云影灰,medium,口语简称
135-2,135,装饰石材及石材制品 > 天然石材 > 大理石板,material,云朵拉灰大理石,云朵拉灰,high,口语简称
135-2,135,装饰石材及石材制品 > 天然石材 > 大理石板,material,云朵拉灰大理石,朵拉灰,high,市场上常见的简称
135-2,135,装饰石材及石材制品 > 天然石材 > 大理石板,material,云朵拉金大理石,云朵拉金,medium,口语简称
135-2,135,装饰石材及石材制品 > 天然石材 > 大理石板,material,云海白大理石,云海白,medium,口语简称
135-2,135,装饰石材及石材制品 > 天然石材 > 大理石板,material,云灰大理石,云灰,medium,口语简称
135-2,135,装饰石材及石材制品 > 天然石材 > 大理石板,material,云白龙大理石,云白龙,medium,口语简称
135-5,135,装饰石材及石材制品 > 天然石材 > 大理石板,material,凡尔赛金大理石,凡尔赛金,medium,石材采购中常省略'大理石'尾缀
135-5,135,装饰石材及石材制品 > 天然石材 > 大理石板,material,凯悦红大理石,凯悦红,medium,石材名称在口语中常省略'大理石'
135-5,135,装饰石材及石材制品 > 天然石材 > 大理石板,material,凯撒灰大理石,凯撒灰,medium,施工现场常省略'大理石'直接叫品名
135-5,135,装饰石材及石材制品 > 天然石材 > 大理石板,material,凯撒石大理石,凯撒石,medium,简称，去掉重复的'大理石'
135-4,135,装饰石材及石材制品 > 天然石材 > 大理石板,material,伯利黄大理石,伯利金,medium,黄色大理石常以金代称黄
135-4,135,装饰石材及石材制品 > 天然石材 > 大理石板,material,伯爵米黄大理石,伯爵米黄,high,施工现场常省略大理石三字
135-4,135,装饰石材及石材制品 > 天然石材 > 大理石板,material,佰利黄大理石,佰利金,medium,黄色大理石常以金代称黄，与伯利黄可能为同一石材不同音译
135-4,135,装饰石材及石材制品 > 天然石材 > 大理石板,material,保利加亚灰大理石,保加利亚灰,low,可能是保加利亚灰的不同音译
135-4,135,装饰石材及石材制品 > 天然石材 > 大理石板,material,保加利亚灰大理石,保加利亚灰,high,施工现场常省略大理石三字
135-4,135,装饰石材及石材制品 > 天然石材 > 大理石板,material,克什米尔白大理石,克什米尔白,high,施工现场常省略大理石三字
135-4,135,装饰石材及石材制品 > 天然石材 > 大理石板,material,克什米尔金大理石,克什米尔金,high,施工现场常省略大理石三字
135-4,135,装饰石材及石材制品 > 天然石材 > 大理石板,material,克罗地亚灰大理石,克罗地亚灰,high,施工现场常省略大理石三字
135-4,135,装饰石材及石材制品 > 天然石材 > 大理石板,material,克罗地亚米黄大理石,克罗地亚米黄,high,施工现场常省略大理石三字
135-4,135,装饰石材及石材制品 > 天然石材 > 大理石板,material,克罗帝亚大理石,克罗地亚大理石,high,同一石材的不同音译写法
135-8,135,装饰石材及石材制品 > 天然石材 > 大理石板,material,印尼米黄大理石,印尼米黄,high,施工现场口语中常省略'大理石'后缀
135-8,135,装饰石材及石材制品 > 天然石材 > 大理石板,material,印度大花绿大理石,大花绿,high,采购和施工中常省略产地，直接叫大花绿
135-8,135,装饰石材及石材制品 > 天然石材 > 大理石板,material,印度大花绿大理石,印度绿,medium,与印度绿大理石易混，但有时施工现场会简略称呼
135-8,135,装饰石材及石材制品 > 天然石材 > 大理石板,material,印度红大理石,印度红,high,施工现场口语中常省略'大理石'后缀
135-8,135,装饰石材及石材制品 > 天然石材 > 大理石板,material,印度绿大理石,印度绿,high,施工现场口语中常省略'大理石'后缀
135-8,135,装饰石材及石材制品 > 天然石材 > 大理石板,material,古典米黄大理石,古典米黄,high,施工现场口语中常省略'大理石'后缀
135-8,135,装饰石材及石材制品 > 天然石材 > 大理石板,material,古堡灰大理石,古堡灰,high,施工现场口语中常省略'大理石'后缀
135-8,135,装饰石材及石材制品 > 天然石材 > 大理石板,material,古木纹(黑木纹)大理石,古木纹,high,石材市场采购时常用简称
135-8,135,装饰石材及石材制品 > 天然石材 > 大理石板,material,古木纹(黑木纹)大理石,黑木纹,high,该石材的另一个常见叫法，已标注在材料名中
135-7,135,装饰石材及石材制品 > 天然石材 > 大理石板,material,卡地亚棕大理石,卡地亚棕,medium,行业内常见省略“大理石”后缀的简称
135-7,135,装饰石材及石材制品 > 天然石材 > 大理石板,material,卡地亚灰大理石,卡地亚灰,medium,行业内常见省略“大理石”后缀的简称
135-7,135,装饰石材及石材制品 > 天然石材 > 大理石板,material,卡布其诺大理石,卡布其诺,medium,行业内常见省略“大理石”后缀的简称
135-7,135,装饰石材及石材制品 > 天然石材 > 大理石板,material,卡布奇诺大理石,卡布奇诺,medium,行业内常见省略“大理石”后缀的简称
135-7,135,装饰石材及石材制品 > 天然石材 > 大理石板,material,卡布米黄大理石,卡布米黄,medium,行业内常见省略“大理石”后缀的简称
135-7,135,装饰石材及石材制品 > 天然石材 > 大理石板,material,卡帝米黄大理石,卡帝米黄,medium,行业内常见省略“大理石”后缀的简称
135-7,135,装饰石材及石材制品 > 天然石材 > 大理石板,material,卡拉拉灰大理石,卡拉拉灰,medium,行业内常见省略“大理石”后缀的简称
135-7,135,装饰石材及石材制品 > 天然石材 > 大理石板,material,卡拉拉白大理石,卡拉拉白,medium,行业内常见省略“大理石”后缀的简称
135-7,135,装饰石材及石材制品 > 天然石材 > 大理石板,material,卡拉拉白大理石,卡拉拉,low,市场上习惯用产地简称指代该品种
135-7,135,装饰石材及石材制品 > 天然石材 > 大理石板,material,卡拉白大理石,卡拉白,medium,行业内常见省略“大理石”后缀的简称
135-7,135,装饰石材及石材制品 > 天然石材 > 大理石板,material,卡拉麦里金大理石,卡拉麦里金,medium,行业内常见省略“大理石”后缀的简称
135-7,135,装饰石材及石材制品 > 天然石材 > 大理石板,material,卡拉麦里金大理石,卡麦金,high,常见的石材市场口语缩写
135-7,135,装饰石材及石材制品 > 天然石材 > 大理石板,material,卡曼米黄大理石,卡曼米黄,medium,行业内常见省略“大理石”后缀的简称
135-7,135,装饰石材及石材制品 > 天然石材 > 大理石板,material,卡特灰大理石,卡特灰,medium,行业内常见省略“大理石”后缀的简称
135-7,135,装饰石材及石材制品 > 天然石材 > 大理石板,material,卡特白大理石,卡特白,medium,行业内常见省略“大理石”后缀的简称
135-6,135,装饰石材及石材制品 > 天然石材 > 大理石板,category,大理石板,云石,high,大理石的俗称，尤其在南粤及港澳地区工程采购中常用
135-6,135,装饰石材及石材制品 > 天然石材 > 大理石板,category,大理石板,大理石大板,high,施工现场和加工厂对大理石板材的常用叫法
135-6,135,装饰石材及石材制品 > 天然石材 > 大理石板,material,南斯拉夫白大理石,斯拉夫白,high,采购和口译中常见的简称
135-6,135,装饰石材及石材制品 > 天然石材 > 大理石板,material,南斯拉夫米黄大理石,南斯拉夫米黄,medium,口语中常省略大理石三字
135-6,135,装饰石材及石材制品 > 天然石材 > 大理石板,material,南斯拉夫米黄大理石,斯拉夫米黄,medium,采购和设计师群体中的简称
135-6,135,装饰石材及石材制品 > 天然石材 > 大理石板,material,加州米黄大理石,加州米黄,high,行业内普遍省略大理石后缀
135-6,135,装饰石材及石材制品 > 天然石材 > 大理石板,material,加州金麻大理石,加州金麻,medium,常与花岗岩类混淆，但本项目明确为大理石，口语简称
135-6,135,装饰石材及石材制品 > 天然石材 > 大理石板,material,劳伦黑金大理石,劳伦黑金,high,工程采购中的口头简称
135-6,135,装饰石材及石材制品 > 天然石材 > 大理石板,material,劳伦黑大理石,劳伦黑,high,施工现场对纯黑系劳伦石材的简称
135-6,135,装饰石材及石材制品 > 天然石材 > 大理石板,material,劳伦特黑金大理石,劳伦特黑金,medium,简化名称，特指同系列复杂命名
135-6,135,装饰石材及石材制品 > 天然石材 > 大理石板,material,博洛尼灰大理石,博洛尼灰,medium,省略大理石的口语习惯
135-6,135,装饰石材及石材制品 > 天然石材 > 大理石板,material,博雅灰大理石,博雅灰,medium,石材市场常见简称
135-11,135,装饰石材及石材制品 > 天然石材 > 大理石板,category,大理石板,云石,high,大理石的行业内通用俗称
135-11,135,装饰石材及石材制品 > 天然石材 > 大理石板,material,埃及米黄大理石,埃及米黄,high,常用简称
135-11,135,装饰石材及石材制品 > 天然石材 > 大理石板,material,塞浦路斯灰大理石,塞浦路斯灰,medium,常用简称
135-11,135,装饰石材及石材制品 > 天然石材 > 大理石板,material,大白花大理石,大白花,high,常用简称
135-11,135,装饰石材及石材制品 > 天然石材 > 大理石板,material,大花白大理石,大花白,high,常用简称
135-11,135,装饰石材及石材制品 > 天然石材 > 大理石板,material,大花绿大理石,大花绿,high,常用简称
135-12,135,装饰石材及石材制品 > 天然石材 > 大理石板,category,大理石板,理石,high,大理石在施工现场的常用简称
135-12,135,装饰石材及石材制品 > 天然石材 > 大理石板,category,大理石板,云石,medium,大理石的旧称/别称，尤其在石材加工行业
135-12,135,装饰石材及石材制品 > 天然石材 > 大理石板,material,奥斯曼米黄大理石,奥斯曼,high,施工现场常用简化叫法，省略'米黄'
135-12,135,装饰石材及石材制品 > 天然石材 > 大理石板,material,奥斯曼米黄大理石,奥特曼米黄,medium,音译常见的混用/混淆叫法
135-12,135,装饰石材及石材制品 > 天然石材 > 大理石板,material,奥特曼大理石,奥特曼,high,施工现场对奥特曼米黄(奥斯曼米黄)的简称
135-10,135,装饰石材及石材制品 > 天然石材 > 大理石板,material,啡网大理石,啡网纹,high,省略“大理石”统称，突出网纹特征
135-10,135,装饰石材及石材制品 > 天然石材 > 大理石板,material,啡网大理石,啡网,high,口语简称
135-10,135,装饰石材及石材制品 > 天然石材 > 大理石板,material,啡网纹大理石,啡网,high,口语简称
135-10,135,装饰石材及石材制品 > 天然石材 > 大理石板,material,啡网纹大理石,啡网纹,high,省略“大理石”统称
135-10,135,装饰石材及石材制品 > 天然石材 > 大理石板,material,啡金沙大理石,啡金沙,medium,省略“大理石”统称
135-10,135,装饰石材及石材制品 > 天然石材 > 大理石板,material,啡金花大理石,啡金花,medium,省略“大理石”统称
135-10,135,装饰石材及石材制品 > 天然石材 > 大理石板,material,啡钻大理石,啡钻,medium,省略“大理石”统称
135-10,135,装饰石材及石材制品 > 天然石材 > 大理石板,material,国产深啡大理石,国产深啡,medium,省略“大理石”统称
135-10,135,装饰石材及石材制品 > 天然石材 > 大理石板,material,土耳其咖网大理石,土耳其咖网,medium,省略“大理石”统称
135-10,135,装饰石材及石材制品 > 天然石材 > 大理石板,material,土耳其啡网大理石,土耳其啡网,medium,省略“大理石”统称
135-10,135,装饰石材及石材制品 > 天然石材 > 大理石板,material,土耳其灰大理石,土耳其灰,medium,省略“大理石”统称
135-10,135,装饰石材及石材制品 > 天然石材 > 大理石板,material,土耳其玫瑰大理石,土耳其玫瑰,medium,省略“大理石”统称
135-10,135,装饰石材及石材制品 > 天然石材 > 大理石板,material,土耳其白砂石大理石,土耳其白砂石,medium,省略“大理石”统称
135-10,135,装饰石材及石材制品 > 天然石材 > 大理石板,material,土耳其米黄大理石,土耳其米黄,high,省略“大理石”统称，常见简称
135-10,135,装饰石材及石材制品 > 天然石材 > 大理石板,material,土耳其银冰花大理石,土耳其银冰花,medium,省略“大理石”统称
135-10,135,装饰石材及石材制品 > 天然石材 > 大理石板,material,圣娜米黄大理石,圣娜米黄,medium,省略“大理石”统称
135-10,135,装饰石材及石材制品 > 天然石材 > 大理石板,material,圣尔米黄大理石,圣尔米黄,medium,省略“大理石”统称
135-10,135,装饰石材及石材制品 > 天然石材 > 大理石板,material,圣米尔石大理石,圣米尔石,medium,省略“大理石”统称
135-10,135,装饰石材及石材制品 > 天然石材 > 大理石板,material,圣罗兰大理石,圣罗兰,medium,口语简称，省略“大理石”
135-10,135,装饰石材及石材制品 > 天然石材 > 大理石板,material,圣罗兰灰大理石,圣罗兰灰,medium,省略“大理石”统称
135-10,135,装饰石材及石材制品 > 天然石材 > 大理石板,material,圣雅米黄大理石,圣雅米黄,medium,省略“大理石”统称
135-10,135,装饰石材及石材制品 > 天然石材 > 大理石板,material,地中海彩红大理石,地中海彩红,medium,省略“大理石”统称
135-9,135,装饰石材及石材制品 > 天然石材 > 大理石板,material,古琦米黄大理石,古琦米黄,high,简略了‘大理石’后缀，口语中常用
135-9,135,装饰石材及石材制品 > 天然石材 > 大理石板,material,古青玉大理石,古青玉,high,简略了‘大理石’后缀，口语中常用
135-9,135,装饰石材及石材制品 > 天然石材 > 大理石板,material,古龙(雅)灰大理石,古龙灰,medium,省略‘雅’字及‘大理石’后缀的简化叫法
135-9,135,装饰石材及石材制品 > 天然石材 > 大理石板,material,古龙(雅)灰大理石,雅灰,low,取特征词组合的简称
135-9,135,装饰石材及石材制品 > 天然石材 > 大理石板,material,台湾红大理石,台湾红,high,简略了‘大理石’后缀，口语中常用
135-9,135,装饰石材及石材制品 > 天然石材 > 大理石板,material,台湾青大理石,台湾青,high,简略了‘大理石’后缀，口语中常用
135-9,135,装饰石材及石材制品 > 天然石材 > 大理石板,material,吉祥白玉大理石,吉祥白玉,high,简略了‘大理石’后缀，口语中常用
135-9,135,装饰石材及石材制品 > 天然石材 > 大理石板,material,君子兰大理石,君子兰,high,简略了‘大理石’后缀，口语中常用
135-9,135,装饰石材及石材制品 > 天然石材 > 大理石板,material,君子绿大理石,君子绿,high,简略了‘大理石’后缀，口语中常用
135-9,135,装饰石材及石材制品 > 天然石材 > 大理石板,material,咖啡洞石大理石,咖啡洞石,high,简略了‘大理石’后缀，强调洞石特征
135-9,135,装饰石材及石材制品 > 天然石材 > 大理石板,material,咖啡网大理石,咖啡网,high,简略了‘大理石’后缀，口语中常用
135-9,135,装饰石材及石材制品 > 天然石材 > 大理石板,material,咖啡网大理石,啡网,high,‘咖啡’简称‘啡’，业内常见叫法，注意有深浅啡网之分
135-9,135,装饰石材及石材制品 > 天然石材 > 大理石板,material,咖啡网大理石,浅啡网,medium,针对浅色咖啡网纹的俗称
135-9,135,装饰石材及石材制品 > 天然石材 > 大理石板,material,咖啡网大理石,深啡网,medium,针对深色咖啡网纹的俗称
135-9,135,装饰石材及石材制品 > 天然石材 > 大理石板,material,咖啡金大理石,咖啡金,high,简略了‘大理石’后缀，口语中常用
135-9,135,装饰石材及石材制品 > 天然石材 > 大理石板,material,咖网纹大理石,啡网纹,high,‘咖啡’简称‘啡’后的组合叫法
135-9,135,装饰石材及石材制品 > 天然石材 > 大理石板,material,咖网纹大理石,咖网,medium,进一步简化的口语形式
135-9,135,装饰石材及石材制品 > 天然石材 > 大理石板,material,哥特金大理石,哥特金,high,简略了‘大理石’后缀，口语中常用
135-9,135,装饰石材及石材制品 > 天然石材 > 大理石板,material,啡冰花大理石,啡冰花,high,简略了‘大理石’后缀，口语中常用
135-9,135,装饰石材及石材制品 > 天然石材 > 大理石板,material,啡木纹大理石,啡木纹,high,简略了‘大理石’后缀，口语中常用
135-9,135,装饰石材及石材制品 > 天然石材 > 大理石板,material,啡洞石大理石,啡洞石,high,简略了‘大理石’后缀，强调洞石特征
135-9,135,装饰石材及石材制品 > 天然石材 > 大理石板,material,啡玉大理石,啡玉,high,简略了‘大理石’后缀，口语中常用
135-9,135,装饰石材及石材制品 > 天然石材 > 大理石板,material,啡玉石大理石,啡玉石,high,简略了‘大理石’后缀，口语中常用
135-13,135,装饰石材及石材制品 > 天然石材 > 大理石板,category,大理石板,大理石光板,high,施工现场对大理石板材的通用口语叫法
135-13,135,装饰石材及石材制品 > 天然石材 > 大理石板,category,大理石板,大理石毛板,medium,指未进行表面加工的大理石板材
135-13,135,装饰石材及石材制品 > 天然石材 > 大理石板,material,奥特曼米黄大理石,奥特曼,high,石材采购中常用简称，省略颜色后缀
135-13,135,装饰石材及石材制品 > 天然石材 > 大理石板,material,奥金米黄大理石,奥金米黄,medium,省去‘大理石’的简称
135-13,135,装饰石材及石材制品 > 天然石材 > 大理石板,material,奶油米黄大理石,奶油米黄,medium,省略材质后缀的口语叫法
135-13,135,装饰石材及石材制品 > 天然石材 > 大理石板,material,威尼斯金大理石,威尼斯金,medium,采购时的简短称呼
135-13,135,装饰石材及石材制品 > 天然石材 > 大理石板,material,安哥拉棕大理石,安哥拉棕,medium,简化称呼
135-13,135,装饰石材及石材制品 > 天然石材 > 大理石板,material,安哥拉灰大理石,安哥拉灰,medium,简化工地质检用名
135-13,135,装饰石材及石材制品 > 天然石材 > 大理石板,material,安哥拉米黄大理石,安哥拉米黄,medium,采购时的简短称呼
135-13,135,装饰石材及石材制品 > 天然石材 > 大理石板,material,安溪红大理石,安溪红,high,国内知名花岗岩大理石品种，常用简称
135-15,135,装饰石材及石材制品 > 天然石材 > 大理石板,material,山西黑大理石,太白青,medium,山西黑的一种知名细分品种，市场上常混称
135-15,135,装饰石材及石材制品 > 天然石材 > 大理石板,material,山西黑大理石,帝王黑,low,进口高端黑石有帝王黑，山西黑为国产代表，部分商家类比叫法
135-15,135,装饰石材及石材制品 > 天然石材 > 大理石板,material,岑溪红大理石,枫叶红,medium,岑溪红又名枫叶红，常见于花岗岩，大理石品种亦有此俗称
135-15,135,装饰石材及石材制品 > 天然石材 > 大理石板,material,岑溪红大理石,广西红,high,产地广西岑溪，常被叫广西红
135-15,135,装饰石材及石材制品 > 天然石材 > 大理石板,material,巴西米黄大理石,新莎安娜,medium,因纹理接近莎安娜米黄，市场上常作为替代品叫新莎安娜
135-15,135,装饰石材及石材制品 > 天然石材 > 大理石板,material,巴西蓝钻大理石,蓝金刚,low,蓝钻类石材在口语中常叫蓝金刚
135-15,135,装饰石材及石材制品 > 天然石材 > 大理石板,material,巴西黑金花大理石,黑金花,high,日常简称为黑金花
135-15,135,装饰石材及石材制品 > 天然石材 > 大理石板,material,巴玉大理石,巴基斯坦玉,high,巴玉是巴基斯坦玉的简称
135-15,135,装饰石材及石材制品 > 天然石材 > 大理石板,material,巴玉大理石,青玉,low,部分颜色深绿的巴玉现场叫青玉
135-15,135,装饰石材及石材制品 > 天然石材 > 大理石板,material,山水画大理石,水墨石,low,纹理如水墨画，常被称为水墨石
135-15,135,装饰石材及石材制品 > 天然石材 > 大理石板,material,布朗啡大理石,咖啡网,low,啡色系大理石在口语中常叫咖啡网或啡网
135-17,135,装饰石材及石材制品 > 天然石材 > 大理石板,material,广西白大理石,广西白,high,施工现场常用简称，省略大理石三字
135-19,135,装饰石材及石材制品 > 天然石材 > 大理石板,material,意大利黑金花大理石,黑金花,high,施工现场及采购中常见的省略叫法，省略产地前缀
135-14,135,装饰石材及石材制品 > 天然石材 > 大理石板,material,安琪娜米黄大理石,安琪娜,medium,大理石名称常省略‘米黄’，仅保留产地或品种名
135-14,135,装饰石材及石材制品 > 天然石材 > 大理石板,material,安琪米黄大理石,安琪米黄,high,石材交流中常见省略‘大理石’后缀
135-14,135,装饰石材及石材制品 > 天然石材 > 大理石板,material,安踏金大理石,安踏金,high,简称，省略石材类别词
135-14,135,装饰石材及石材制品 > 天然石材 > 大理石板,material,宙斯灰大理石,宙斯灰,high,业界惯用的简称
135-14,135,装饰石材及石材制品 > 天然石材 > 大理石板,material,宝丽雅米黄大理石,宝丽雅,medium,口语中常省略‘米黄’和‘大理石’
135-14,135,装饰石材及石材制品 > 天然石材 > 大理石板,material,宝兴白大理石,宝兴白,high,标准简称，常用于口头叫法
135-14,135,装饰石材及石材制品 > 天然石材 > 大理石板,material,宝格丽棕大理石,宝格丽棕,high,施工中常简化为产地名加颜色
135-14,135,装饰石材及石材制品 > 天然石材 > 大理石板,material,宝格丽灰大理石,宝格丽灰,high,行业简称，省略‘大理石’
135-14,135,装饰石材及石材制品 > 天然石材 > 大理石板,material,宝格丽蓝大理石,宝格丽蓝,high,口语中直接叫产地加颜色
135-14,135,装饰石材及石材制品 > 天然石材 > 大理石板,material,宝石棕大理石,宝石棕,high,省略品类后缀，采购时常这样叫
135-14,135,装饰石材及石材制品 > 天然石材 > 大理石板,material,宝石蓝大理石,宝石蓝,high,常见的简称叫法
135-14,135,装饰石材及石材制品 > 天然石材 > 大理石板,material,宝金米黄大理石,宝金米黄,high,省略‘大理石’，保留品种名
135-14,135,装饰石材及石材制品 > 天然石材 > 大理石板,material,宫廷灰大理石,宫廷灰,high,施工现场的普通简称
135-14,135,装饰石材及石材制品 > 天然石材 > 大理石板,material,宫廷米黄大理石,宫廷米黄,high,标准俗称，省略大理石三字
135-14,135,装饰石材及石材制品 > 天然石材 > 大理石板,material,富丽玫瑰大理石,富丽玫瑰,medium,简称，去掉品类名
135-14,135,装饰石材及石材制品 > 天然石材 > 大理石板,material,富贵米黄大理石,富贵米黄,high,行业常用简称
135-14,135,装饰石材及石材制品 > 天然石材 > 大理石板,material,富贵金花大理石,富贵金花,high,材料员下单时常用的简称
135-14,135,装饰石材及石材制品 > 天然石材 > 大理石板,material,富贵金龙大理石,富贵金龙,high,省略石材后缀
135-14,135,装饰石材及石材制品 > 天然石材 > 大理石板,material,封开花大理石,封开花,low,一种花岗岩名称，此处作为大理石别称存在口语混用
135-14,135,装饰石材及石材制品 > 天然石材 > 大理石板,material,小白花大理石,小白花,high,口语中省略‘大理石’的叫法
135-14,135,装饰石材及石材制品 > 天然石材 > 大理石板,material,小金花大理石,小金花,high,常见简化叫法
135-14,135,装饰石材及石材制品 > 天然石材 > 大理石板,material,尼泊尔灰大理石,尼泊尔灰,high,产地颜色组合简称
135-14,135,装饰石材及石材制品 > 天然石材 > 大理石板,material,山东锈石大理石,山东锈石,low,锈石多为花岗岩，此处作为大理石的俗称出现，存在口语混用
135-14,135,装饰石材及石材制品 > 天然石材 > 大理石板,material,山东黑金花大理石,山东黑金花,high,地域与品种的常见简称
135-14,135,装饰石材及石材制品 > 天然石材 > 大理石板,material,山水大花白大理石,山水大花白,high,施工人员常用简称
135-16,135,装饰石材及石材制品 > 天然石材 > 大理石板,material,希腊灰大理石,Greek Grey,high,音译与意译结合的英文俗称，在石材贸易中常见
135-16,135,装饰石材及石材制品 > 天然石材 > 大理石板,material,希腊米黄大理石,Greek Beige,high,音译与意译结合的英文俗称
135-16,135,装饰石材及石材制品 > 天然石材 > 大理石板,material,帕斯高灰大理石,帕斯高灰,high,去掉“大理石”后缀的标准口语叫法
135-16,135,装饰石材及石材制品 > 天然石材 > 大理石板,material,帝王金大理石,帝王金,high,施工现场常用简称
135-16,135,装饰石材及石材制品 > 天然石材 > 大理石板,material,帝王米黄大理石,帝王米黄,high,施工现场常用简称
135-16,135,装饰石材及石材制品 > 天然石材 > 大理石板,material,帝王花大理石,帝王花,medium,施工现场常用简称
135-16,135,装饰石材及石材制品 > 天然石材 > 大理石板,material,布朗灰大理石,Brown Grey,medium,英文音译俗称
135-16,135,装饰石材及石材制品 > 天然石材 > 大理石板,material,布朗金大理石,Brown Gold,medium,英文音译俗称
135-16,135,装饰石材及石材制品 > 天然石材 > 大理石板,material,布鲁斯灰大理石,布鲁斯灰,medium,去掉“大理石”后缀的口语叫法
135-16,135,装饰石材及石材制品 > 天然石材 > 大理石板,material,帝皇金大理石,帝皇金,high,施工现场常用简称
135-16,135,装饰石材及石材制品 > 天然石材 > 大理石板,material,布朗灰大理石,布朗灰,medium,施工现场常用简称
135-16,135,装饰石材及石材制品 > 天然石材 > 大理石板,material,布朗金大理石,布朗金,medium,施工现场常用简称
135-16,135,装饰石材及石材制品 > 天然石材 > 大理石板,material,布萨米黄大理石,布萨米黄,medium,施工现场常用简称
135-16,135,装饰石材及石材制品 > 天然石材 > 大理石板,material,布达拉大理石,布达拉,medium,施工现场常用简称
135-16,135,装饰石材及石材制品 > 天然石材 > 大理石板,material,布郎啡大理石,布朗啡,low,施工现场简称及“郎”与“朗”的口语通用现象
135-16,135,装饰石材及石材制品 > 天然石材 > 大理石板,material,希吉尔大理石,希吉尔,low,施工现场常用简称
135-16,135,装饰石材及石材制品 > 天然石材 > 大理石板,material,希望之星大理石,希望之星,low,去掉“大理石”后缀的口语叫法
135-16,135,装饰石材及石材制品 > 天然石材 > 大理石板,material,希诺普灰大理石,希诺普灰,low,去掉“大理石”后缀的口语叫法
135-16,135,装饰石材及石材制品 > 天然石材 > 大理石板,material,帕兰卡灰大理石,帕兰卡灰,low,施工现场常用简称
135-16,135,装饰石材及石材制品 > 天然石材 > 大理石板,material,帕尼灰大理石,帕尼灰,low,施工现场常用简称
135-16,135,装饰石材及石材制品 > 天然石材 > 大理石板,material,帕金米黄大理石,帕金米黄,low,施工现场常用简称
135-16,135,装饰石材及石材制品 > 天然石材 > 大理石板,material,帝后金大理石,帝后金,low,施工现场常用简称
135-16,135,装饰石材及石材制品 > 天然石材 > 大理石板,material,帝王玉石大理石,帝王玉石,low,施工现场常用简称
135-16,135,装饰石材及石材制品 > 天然石材 > 大理石板,material,帝王石大理石,帝王石,low,施工现场常用简称
135-16,135,装饰石材及石材制品 > 天然石材 > 大理石板,material,帝皇洞大理石,帝皇洞,low,施工现场常用简称
135-16,135,装饰石材及石材制品 > 天然石材 > 大理石板,material,帝皇玉大理石,帝皇玉,low,施工现场常用简称
135-16,135,装饰石材及石材制品 > 天然石材 > 大理石板,material,帝皇绿大理石,帝皇绿,medium,施工现场常用简称
135-18,135,装饰石材及石材制品 > 天然石材 > 大理石板,category,大理石板,大理石,high,大理石板是天然大理石加工后的板材，行业内常简称为大理石
135-18,135,装饰石材及石材制品 > 天然石材 > 大理石板,category,大理石板,云石,medium,大理石在传统建筑装饰行业常被称作云石
135-18,135,装饰石材及石材制品 > 天然石材 > 大理石板,material,微晶石大理石,微晶石,high,市场上常将微晶石大理石简称为微晶石
135-18,135,装饰石材及石材制品 > 天然石材 > 大理石板,material,德国灰大理石,德国灰,high,行业口语简称，省略大理石后缀
135-18,135,装饰石材及石材制品 > 天然石材 > 大理石板,material,德国米黄大理石,德国米黄,high,行业口语简称，省略大理石后缀
135-18,135,装饰石材及石材制品 > 天然石材 > 大理石板,material,德国金大理石,德国金,high,行业口语简称，省略大理石后缀
135-18,135,装饰石材及石材制品 > 天然石材 > 大理石板,material,德玛灰大理石,德玛灰,high,行业口语简称
135-18,135,装饰石材及石材制品 > 天然石材 > 大理石板,material,德米大理石,德米,medium,行业口语简称
135-18,135,装饰石材及石材制品 > 天然石材 > 大理石板,material,德黑兰米黄大理石,德黑兰米黄,high,行业口语简称
135-18,135,装饰石材及石材制品 > 天然石材 > 大理石板,material,意大利云灰大理石,意大利云灰,high,行业口语简称
135-18,135,装饰石材及石材制品 > 天然石材 > 大理石板,material,意大利云雾灰大理石,云雾灰,medium,有时省略产地简称
135-18,135,装饰石材及石材制品 > 天然石材 > 大理石板,material,意大利冰玉大理石,冰玉,medium,行业内对该品种的俗称
135-18,135,装饰石材及石材制品 > 天然石材 > 大理石板,material,意大利冰花大理石,冰花,medium,行业内对该品种的俗称
135-18,135,装饰石材及石材制品 > 天然石材 > 大理石板,material,意大利大花白大理石,大花白,high,石材市场常见俗称
135-18,135,装饰石材及石材制品 > 天然石材 > 大理石板,material,意大利大花白大理石,意大利大花白,medium,带产地的完整俗称
135-18,135,装饰石材及石材制品 > 天然石材 > 大理石板,material,意大利旧米黄大理石,旧米黄,high,石材市场常见俗称
135-18,135,装饰石材及石材制品 > 天然石材 > 大理石板,material,意大利木纹大理石,意大利木纹,high,行业口语简称
135-18,135,装饰石材及石材制品 > 天然石材 > 大理石板,material,意大利木纹大花大理石,木纹大花,medium,行业内对该品种的俗称
135-18,135,装饰石材及石材制品 > 天然石材 > 大理石板,material,意大利木纹细花大理石,木纹细花,medium,行业内对该品种的俗称
135-18,135,装饰石材及石材制品 > 天然石材 > 大理石板,material,意大利梦幻灰大理石,梦幻灰,medium,行业内对该品种的俗称
135-18,135,装饰石材及石材制品 > 天然石材 > 大理石板,material,意大利水云沙大理石,水云沙,medium,行业内对该品种的俗称
135-18,135,装饰石材及石材制品 > 天然石材 > 大理石板,material,意大利灰大理石,意大利灰,high,行业口语简称
135-18,135,装饰石材及石材制品 > 天然石材 > 大理石板,material,意大利白大理石,意大利白,high,行业口语简称
135-18,135,装饰石材及石材制品 > 天然石材 > 大理石板,material,意大利白金沙大理石,白金沙,medium,行业内对该品种的俗称
135-18,135,装饰石材及石材制品 > 天然石材 > 大理石板,material,意大利米黄大理石,意大利米黄,high,行业口语简称
135-18,135,装饰石材及石材制品 > 天然石材 > 大理石板,material,意大利米黄大理石,米黄,low,米黄大理石的通称，有时不指定产地
135-18,135,装饰石材及石材制品 > 天然石材 > 大理石板,material,意大利金丝大理石,金丝,medium,行业内对该品种的俗称
135-18,135,装饰石材及石材制品 > 天然石材 > 大理石板,material,意大利金玉大理石,金玉,medium,行业内对该品种的俗称
135-18,135,装饰石材及石材制品 > 天然石材 > 大理石板,material,意大利银棕大理石,银棕,medium,行业内对该品种的俗称
135-20,135,装饰石材及石材制品 > 天然石材 > 大理石板,material,撒哈拉米黄大理石,撒哈拉米黄,high,石材命名常省略‘大理石’后缀
135-20,135,装饰石材及石材制品 > 天然石材 > 大理石板,material,撒哈拉金大理石,撒哈拉金,medium,石材命名常省略‘大理石’后缀
135-20,135,装饰石材及石材制品 > 天然石材 > 大理石板,material,新丁香米黄大理石,新丁香米黄,medium,石材命名常省略‘大理石’后缀
135-20,135,装饰石材及石材制品 > 天然石材 > 大理石板,material,新世纪米黄大理石,新世纪米黄,high,石材命名常省略‘大理石’后缀
135-20,135,装饰石材及石材制品 > 天然石材 > 大理石板,material,新亚米黄大理石,新亚米黄,high,石材命名常省略‘大理石’后缀
135-20,135,装饰石材及石材制品 > 天然石材 > 大理石板,material,新凯悦红大理石,新凯悦红,medium,石材命名常省略‘大理石’后缀
135-20,135,装饰石材及石材制品 > 天然石材 > 大理石板,material,新卡拉拉白大理石,新卡拉拉白,high,石材命名常省略‘大理石’后缀
135-20,135,装饰石材及石材制品 > 天然石材 > 大理石板,material,新古堡灰大理石,新古堡灰,high,石材命名常省略‘大理石’后缀
135-20,135,装饰石材及石材制品 > 天然石材 > 大理石板,material,新啡米黄大理石,新啡米黄,high,石材命名常省略‘大理石’后缀
135-20,135,装饰石材及石材制品 > 天然石材 > 大理石板,material,新奥特曼大理石,新奥特曼,high,石材命名常省略‘大理石’后缀，常见石材品种
135-20,135,装饰石材及石材制品 > 天然石材 > 大理石板,material,新安曼米黄大理石,新安曼米黄,high,石材命名常省略‘大理石’后缀
135-20,135,装饰石材及石材制品 > 天然石材 > 大理石板,material,新帝王米黄大理石,新帝王米黄,high,石材命名常省略‘大理石’后缀
135-20,135,装饰石材及石材制品 > 天然石材 > 大理石板,material,新意大利灰大理石,新意大利灰,high,石材命名常省略‘大理石’后缀
135-20,135,装饰石材及石材制品 > 天然石材 > 大理石板,material,新橘皮红大理石,新橘皮红,high,石材命名常省略‘大理石’后缀
135-23,135,装饰石材及石材制品 > 天然石材 > 大理石板,material,木纹石大理石,木纹石,high,施工现场口语中常省略大理石后缀
135-23,135,装饰石材及石材制品 > 天然石材 > 大理石板,material,杭啡大理石,杭啡,medium,石材圈内常简化产地和颜色称呼
135-23,135,装饰石材及石材制品 > 天然石材 > 大理石板,material,杭灰大理石,杭灰,medium,石材圈内常简化产地和颜色称呼
135-23,135,装饰石材及石材制品 > 天然石材 > 大理石板,material,松香黄大理石,松香黄,medium,石材市场常见简称
135-23,135,装饰石材及石材制品 > 天然石材 > 大理石板,material,林肯白大理石,林肯白,high,进口石材常用简称
135-23,135,装饰石材及石材制品 > 天然石材 > 大理石板,material,枫叶红大理石,枫叶红,medium,石材市场常见颜色品种简称
135-23,135,装饰石材及石材制品 > 天然石材 > 大理石板,material,柏斯灰网大理石,灰网,low,以纹理特征简称，常见于柏斯灰系列
135-23,135,装饰石材及石材制品 > 天然石材 > 大理石板,material,柏斯高灰大理石,柏斯灰,medium,石材商常将柏斯高灰简称为柏斯灰
135-23,135,装饰石材及石材制品 > 天然石材 > 大理石板,material,树化石大理石,木化石,high,树化石在行业中也常被称为木化石
135-22,135,装饰石材及石材制品 > 天然石材 > 大理石板,category,大理石板,云石,high,大理石板在市场上的俗称
135-22,135,装饰石材及石材制品 > 天然石材 > 大理石板,category,大理石板,大理石大板,high,指未切割的大规格大理石板材
135-22,135,装饰石材及石材制品 > 天然石材 > 大理石板,category,大理石板,大理石板材,high,通用称呼
135-22,135,装饰石材及石材制品 > 天然石材 > 大理石板,material,星白大理石,星白,high,简称
135-22,135,装饰石材及石材制品 > 天然石材 > 大理石板,material,星耀灰大理石,星耀灰,high,简称
135-22,135,装饰石材及石材制品 > 天然石材 > 大理石板,material,星脉灰大理石,星脉灰,high,简称
135-22,135,装饰石材及石材制品 > 天然石材 > 大理石板,material,星花白大理石,星花白,high,简称
135-22,135,装饰石材及石材制品 > 天然石材 > 大理石板,material,映山红大理石,映山红,high,简称
135-22,135,装饰石材及石材制品 > 天然石材 > 大理石板,material,春华秋实大理石,春华秋实,high,简称
135-22,135,装饰石材及石材制品 > 天然石材 > 大理石板,material,春天玫瑰大理石,春天玫瑰,high,简称
135-22,135,装饰石材及石材制品 > 天然石材 > 大理石板,material,春花红大理石,春花红,high,简称
135-22,135,装饰石材及石材制品 > 天然石材 > 大理石板,material,晚霞红大理石,晚霞红,high,简称
135-22,135,装饰石材及石材制品 > 天然石材 > 大理石板,material,晚霞红大理石,晚霞红玉,medium,部分市场叫法
135-22,135,装饰石材及石材制品 > 天然石材 > 大理石板,material,普佩斯大理石,普佩斯灰,medium,施工现场口语叫法，突出灰色调
135-22,135,装饰石材及石材制品 > 天然石材 > 大理石板,material,普利斯大理石,普利斯灰,low,施工现场可能简称
135-22,135,装饰石材及石材制品 > 天然石材 > 大理石板,material,普罗旺斯大理石,普罗旺斯灰,medium,施工现场常用叫法
135-22,135,装饰石材及石材制品 > 天然石材 > 大理石板,material,普罗旺斯大理石,法国灰,low,因产地风格得名
135-22,135,装饰石材及石材制品 > 天然石材 > 大理石板,material,晶啡网大理石,晶啡网,high,简称
135-22,135,装饰石材及石材制品 > 天然石材 > 大理石板,material,晶白石大理石,晶白,medium,施工现场简称
135-22,135,装饰石材及石材制品 > 天然石材 > 大理石板,material,晶钻黄大理石,晶钻黄,high,简称
135-22,135,装饰石材及石材制品 > 天然石材 > 大理石板,material,晶雅石大理石,晶雅石,high,简称
135-22,135,装饰石材及石材制品 > 天然石材 > 大理石板,material,暖黄色大理石,暖黄,medium,色彩描述简称
135-22,135,装饰石材及石材制品 > 天然石材 > 大理石板,material,月下蔷薇大理石,月下蔷薇,high,简称
135-22,135,装饰石材及石材制品 > 天然石材 > 大理石板,material,月亮古大理石,月亮古,high,简称
135-22,135,装饰石材及石材制品 > 天然石材 > 大理石板,material,月亮玉大理石,月亮玉,high,简称
135-22,135,装饰石材及石材制品 > 天然石材 > 大理石板,material,月亮谷大理石,月亮谷,high,简称
135-22,135,装饰石材及石材制品 > 天然石材 > 大理石板,material,月光米黄大理石,月光米黄,high,简称
135-22,135,装饰石材及石材制品 > 天然石材 > 大理石板,material,月桂珍珠大理石,月桂珍珠,high,简称
135-22,135,装饰石材及石材制品 > 天然石材 > 大理石板,material,月荷白大理石,月荷白,high,简称
135-22,135,装饰石材及石材制品 > 天然石材 > 大理石板,material,木化石大理石,木化石,high,简称
135-22,135,装饰石材及石材制品 > 天然石材 > 大理石板,material,木化石大理石,木纹石,medium,因其木纹纹理特征，施工现场口语叫法
135-25,135,装饰石材及石材制品 > 天然石材 > 大理石板,material,欧亚木纹大理石,欧亚木纹,high,施工现场通常省略大理石后缀
135-25,135,装饰石材及石材制品 > 天然石材 > 大理石板,material,欧亚米黄大理石,欧亚米黄,high,施工现场通常省略大理石后缀
135-25,135,装饰石材及石材制品 > 天然石材 > 大理石板,material,欧典木纹大理石,欧典木纹,high,施工现场通常省略大理石后缀
135-25,135,装饰石材及石材制品 > 天然石材 > 大理石板,material,欧典米黄大理石,欧典米黄,high,施工现场通常省略大理石后缀
135-25,135,装饰石材及石材制品 > 天然石材 > 大理石板,material,欧曼米黄大理石,欧曼米黄,high,施工现场通常省略大理石后缀
135-25,135,装饰石材及石材制品 > 天然石材 > 大理石板,material,欧洲木纹大理石,欧洲木纹,high,施工现场通常省略大理石后缀
135-25,135,装饰石材及石材制品 > 天然石材 > 大理石板,material,欧洲米黄大理石,欧洲米黄,high,施工现场通常省略大理石后缀
135-25,135,装饰石材及石材制品 > 天然石材 > 大理石板,material,欧玛尼米黄大理石,欧玛尼米黄,high,施工现场通常省略大理石后缀
135-25,135,装饰石材及石材制品 > 天然石材 > 大理石板,material,殴网大理石,欧网大理石,high,常见同音误写字形
135-25,135,装饰石材及石材制品 > 天然石材 > 大理石板,material,比兹卡米黄大理石,比兹卡米黄,high,施工现场通常省略大理石后缀
135-25,135,装饰石材及石材制品 > 天然石材 > 大理石板,material,比尔森金大理石,比尔森金,high,施工现场通常省略大理石后缀
135-25,135,装饰石材及石材制品 > 天然石材 > 大理石板,material,比萨灰大理石,比萨灰,high,施工现场通常省略大理石后缀
135-25,135,装饰石材及石材制品 > 天然石材 > 大理石板,material,毕卡索大理石,毕加索大理石,medium,常见音译用字差异
135-27,135,装饰石材及石材制品 > 天然石材 > 大理石板,material,沙安娜大理石,莎安娜,high,音译简称，常见口语及采购叫法
135-27,135,装饰石材及石材制品 > 天然石材 > 大理石板,material,沙安娜米黄大理石,莎安娜米黄,high,音译简称，结合颜色特征
135-27,135,装饰石材及石材制品 > 天然石材 > 大理石板,material,沙安娜米黄大理石,老矿莎安娜,medium,区分矿区来源的行业俗称
135-27,135,装饰石材及石材制品 > 天然石材 > 大理石板,material,法国木纹大理石,法国木纹灰,medium,市场上常见的带颜色描述的简称
135-26,135,装饰石材及石材制品 > 天然石材 > 大理石板,material,水晶木纹大理石,水晶木纹,medium,施工现场常见的省略叫法
135-26,135,装饰石材及石材制品 > 天然石材 > 大理石板,material,水晶浅啡大理石,水晶浅啡,medium,采购口语中省略大理石三字
135-26,135,装饰石材及石材制品 > 天然石材 > 大理石板,material,水晶浅灰大理石,水晶浅灰,medium,行业简称
135-26,135,装饰石材及石材制品 > 天然石材 > 大理石板,material,水晶深啡大理石,水晶深啡,medium,采购语境下的口语简称
135-26,135,装饰石材及石材制品 > 天然石材 > 大理石板,material,水晶白大理石,水晶白,medium,施工现场常见省略叫法
135-26,135,装饰石材及石材制品 > 天然石材 > 大理石板,material,水晶米黄大理石,水晶米黄,medium,行业常用的简称
135-26,135,装饰石材及石材制品 > 天然石材 > 大理石板,material,水晶黑大理石,水晶黑,medium,采购口语中省略大理石三字
135-26,135,装饰石材及石材制品 > 天然石材 > 大理石板,material,永定红大理石,永定红,high,按产地和颜色命名的常见口语叫法
135-26,135,装饰石材及石材制品 > 天然石材 > 大理石板,material,汉玛米黄大理石,汉玛米黄,medium,行业采购时的简称
135-26,135,装饰石材及石材制品 > 天然石材 > 大理石板,material,汉白玉大理石,汉白玉,high,国内白色大理石的传统著名品种俗称
135-26,135,装饰石材及石材制品 > 天然石材 > 大理石板,material,汉白玉大理石,房山白,medium,北京房山原产汉白玉的区域性叫法
135-26,135,装饰石材及石材制品 > 天然石材 > 大理石板,material,沉香米黄大理石,沉香米黄,medium,采购和设计中常见的省略叫法
135-28,135,装饰石材及石材制品 > 天然石材 > 大理石板,category,大理石板,大理石,high,类别简称
135-28,135,装饰石材及石材制品 > 天然石材 > 大理石板,material,洞石,洞石,high,材料本身即为俗称，学名石灰华
135-28,135,装饰石材及石材制品 > 天然石材 > 大理石板,material,洞石,石灰华,high,学名
135-28,135,装饰石材及石材制品 > 天然石材 > 大理石板,material,洞石,凝灰石,medium,别称
135-28,135,装饰石材及石材制品 > 天然石材 > 大理石板,material,浅咖网大理石,浅啡网,low,石材市场同色系混称
135-28,135,装饰石材及石材制品 > 天然石材 > 大理石板,material,浅啡大理石,浅啡网,medium,常指代类似纹路的浅啡色大理石
135-30,135,装饰石材及石材制品 > 天然石材 > 大理石板,material,深咖网大理石,深啡网,high,施工及采购中常将深咖色网状纹理大理石统称为啡网，深咖网与深啡网常混用
135-30,135,装饰石材及石材制品 > 天然石材 > 大理石板,material,深啡网大理石,深啡网,high,市场上通用的简称
135-30,135,装饰石材及石材制品 > 天然石材 > 大理石板,material,深木纹大理石,深木纹石,high,施工现场口语简称
135-30,135,装饰石材及石材制品 > 天然石材 > 大理石板,material,澳洲砂岩大理石,澳洲砂岩石,medium,施工现场口语简称
135-31,135,装饰石材及石材制品 > 天然石材 > 大理石板,material,灰姑娘大理石,灰姑娘,high,施工现场常省略大理石，直接叫灰姑娘
135-31,135,装饰石材及石材制品 > 天然石材 > 大理石板,material,灰木纹大理石,灰木纹,high,常见简称，省略大理石
135-31,135,装饰石材及石材制品 > 天然石材 > 大理石板,material,灰网纹大理石,灰网纹,medium,现场口语常省略大理石
135-31,135,装饰石材及石材制品 > 天然石材 > 大理石板,material,热带雨林(仿古)大理石,仿古热带雨林,medium,采购时口语简称，将仿古前置
135-31,135,装饰石材及石材制品 > 天然石材 > 大理石板,material,热带雨林啡大理石,热带雨林啡,medium,省略大理石的口语说法
135-31,135,装饰石材及石材制品 > 天然石材 > 大理石板,material,热带雨林大理石,热带雨林,high,常见简称，省略大理石
135-31,135,装饰石材及石材制品 > 天然石材 > 大理石板,material,热带雨林绿大理石,热带雨林绿,medium,省略大理石的口语说法
135-31,135,装饰石材及石材制品 > 天然石材 > 大理石板,material,熊猫白大理石,熊猫白,high,施工现场常见叫法，省略大理石
135-31,135,装饰石材及石材制品 > 天然石材 > 大理石板,material,爱丽丝大理石,爱丽丝,medium,常见简称，省略大理石
135-31,135,装饰石材及石材制品 > 天然石材 > 大理石板,material,爱丽丝米黄大理石,爱丽丝米黄,medium,省略大理石的口语简称
135-31,135,装饰石材及石材制品 > 天然石材 > 大理石板,material,爱情海灰大理石,爱情海灰,medium,工地口语常省略大理石
135-31,135,装饰石材及石材制品 > 天然石材 > 大理石板,material,爱玛仕灰大理石,爱马仕灰,medium,采购时常将玛写成马，更常见写法
135-29,135,装饰石材及石材制品 > 天然石材 > 大理石板,material,浅啡网大理石,浅啡网,high,石材流通中常见省去'大理石'的简称
135-29,135,装饰石材及石材制品 > 天然石材 > 大理石板,material,浅啡网大理石,浅啡网纹石,medium,根据纹路特征的俗称
135-29,135,装饰石材及石材制品 > 天然石材 > 大理石板,material,浅啡网纹大理石,浅啡网,medium,与浅啡网大理石混称，常见简称
135-29,135,装饰石材及石材制品 > 天然石材 > 大理石板,material,浅啡网纹大理石,浅啡网纹,medium,保留纹路描述的简称
135-29,135,装饰石材及石材制品 > 天然石材 > 大理石板,material,浅木纹大理石,浅木纹石,high,省略'大理石'的简称
135-29,135,装饰石材及石材制品 > 天然石材 > 大理石板,material,浅灰网大理石,浅灰网,high,常见省略'大理石'的叫法
135-29,135,装饰石材及石材制品 > 天然石材 > 大理石板,material,浅灰色大理石,浅灰石,low,根据颜色特征的简单俗称
135-29,135,装饰石材及石材制品 > 天然石材 > 大理石板,material,浅米玉大理石,浅米玉,medium,省略'大理石'的简称
135-29,135,装饰石材及石材制品 > 天然石材 > 大理石板,material,浅芙蓉大理石,浅芙蓉,medium,石材市场常见简称
135-29,135,装饰石材及石材制品 > 天然石材 > 大理石板,material,浪漫木纹大理石,浪漫木纹,medium,省略'大理石'的口语叫法
135-29,135,装饰石材及石材制品 > 天然石材 > 大理石板,material,浪漫樱花大理石,浪漫樱花,medium,省略'大理石'的叫法
135-29,135,装饰石材及石材制品 > 天然石材 > 大理石板,material,浪漫米黄大理石,浪漫米黄,high,常见省去'大理石'的简称
135-29,135,装饰石材及石材制品 > 天然石材 > 大理石板,material,浪漫米黄大理石,浪漫米黄石,low,加上石字的俗称
135-29,135,装饰石材及石材制品 > 天然石材 > 大理石板,material,浪琴灰大理石,浪琴灰,high,省略'大理石'的简称
135-29,135,装饰石材及石材制品 > 天然石材 > 大理石板,material,浮光跃金大理石,浮光跃金,low,名称较长，市场上可能省去'大理石'
135-29,135,装饰石材及石材制品 > 天然石材 > 大理石板,material,浮龙惊云大理石,浮龙惊云,low,省略'大理石'的叫法
135-29,135,装饰石材及石材制品 > 天然石材 > 大理石板,material,海伦米黄大理石,海伦米黄,high,常见省略'大理石'的简称
135-29,135,装饰石材及石材制品 > 天然石材 > 大理石板,material,海伦金大理石,海伦金,medium,省略'大理石'的简称
135-29,135,装饰石材及石材制品 > 天然石材 > 大理石板,material,海宝兰大理石,海宝蓝,low,可能的口语谐音或颜色描述俗称
135-29,135,装饰石材及石材制品 > 天然石材 > 大理石板,material,海岸灰大理石,海岸灰,high,省略'大理石'的简称
135-29,135,装饰石材及石材制品 > 天然石材 > 大理石板,material,海底灰大理石,海底灰,medium,省略'大理石'的叫法
135-29,135,装饰石材及石材制品 > 天然石材 > 大理石板,material,海沧白大理石,海沧白,medium,省略'大理石'的常见简称
135-29,135,装饰石材及石材制品 > 天然石材 > 大理石板,material,海洋之星大理石,海洋之星,medium,省略'大理石'的叫法
135-29,135,装饰石材及石材制品 > 天然石材 > 大理石板,material,海洋灰大理石,海洋灰,medium,省略'大理石'的简称
135-29,135,装饰石材及石材制品 > 天然石材 > 大理石板,material,海洋米黄大理石,海洋米黄,high,常见省略'大理石'的简称
135-29,135,装饰石材及石材制品 > 天然石材 > 大理石板,material,海洋蓝纹大理石,海洋蓝纹,medium,省略'大理石'的叫法
135-29,135,装饰石材及石材制品 > 天然石材 > 大理石板,material,海浪灰大理石,海浪灰,high,省略'大理石'的简称
135-29,135,装饰石材及石材制品 > 天然石材 > 大理石板,material,海浪花大理石,海浪花,high,常见省略'大理石'的简称
135-33,135,装饰石材及石材制品 > 天然石材 > 大理石板,material,玛瑙玉大理石,玛瑙玉石材,medium,行业内常将玛瑙质感大理石简称为玛瑙玉或玛瑙玉石材
135-33,135,装饰石材及石材制品 > 天然石材 > 大理石板,material,玫瑰米黄大理石,玫瑰米黄,high,石材名称常用省略叫法，去掉大理石三字
135-33,135,装饰石材及石材制品 > 天然石材 > 大理石板,material,现代木纹大理石,现代木纹,high,石材市场常省略大理石直接叫木纹系列
135-33,135,装饰石材及石材制品 > 天然石材 > 大理石板,material,玻利维亚兰大理石,玻利维亚蓝,medium,兰与蓝在石材命名中常混用，且常省略大理石
135-33,135,装饰石材及石材制品 > 天然石材 > 大理石板,material,珍珠米黄大理石,珍珠米黄,high,常见省略叫法
135-32,135,装饰石材及石材制品 > 天然石材 > 大理石板,material,爱马仕灰大理石,Hermes灰,high,英文名直译成的口语叫法
135-32,135,装饰石材及石材制品 > 天然石材 > 大理石板,material,爵士白(新矿)大理石,新爵士白,high,施工现场对新矿爵士白的简称
135-32,135,装饰石材及石材制品 > 天然石材 > 大理石板,material,爵士白(老矿)大理石,老爵士白,high,施工现场对老矿爵士白的简称
135-32,135,装饰石材及石材制品 > 天然石材 > 大理石板,material,爵士白大理石,爵士白,high,最常见的简称
135-32,135,装饰石材及石材制品 > 天然石材 > 大理石板,material,爵士白大理石,Volakas,medium,希腊原产地名称的音译，业内人士常用
135-32,135,装饰石材及石材制品 > 天然石材 > 大理石板,material,玉石大理石,玉石,low,行业内对半透明玉质大理石的统称/简称
135-32,135,装饰石材及石材制品 > 天然石材 > 大理石板,material,玛利奥(白底)大理石,白底玛利奥,medium,描述底色的口语指代
135-32,135,装饰石材及石材制品 > 天然石材 > 大理石板,material,玛利奥(黄底)大理石,黄底玛利奥,medium,描述底色的口语指代
135-34,135,装饰石材及石材制品 > 天然石材 > 大理石板,material,白木纹大理石,白木纹,high,施工现场对白木纹大理石的常见口语简称
135-34,135,装饰石材及石材制品 > 天然石材 > 大理石板,material,白沙米黄大理石,白沙米黄,high,采购及施工中对该品种的常见简称
135-34,135,装饰石材及石材制品 > 天然石材 > 大理石板,material,白洞石大理石,白洞石,high,对白洞石大理石的常见口语简化叫法
135-34,135,装饰石材及石材制品 > 天然石材 > 大理石板,material,白海棠大理石,白海棠,medium,石材市场及工地上对该品种的简称
135-34,135,装饰石材及石材制品 > 天然石材 > 大理石板,material,白玉兰大理石,白玉兰,high,施工现场及贸易中对该石材品种的常见简称
135-38,135,装饰石材及石材制品 > 天然石材 > 大理石板,category,大理石板,大理石板材,high,施工现场普遍简称
135-38,135,装饰石材及石材制品 > 天然石材 > 大理石板,category,大理石板,大理石大板,high,指未裁切的规格板母材，采购时常说
135-38,135,装饰石材及石材制品 > 天然石材 > 大理石板,material,米黄大理石,米黄石,high,省略语，工地常用口语
135-38,135,装饰石材及石材制品 > 天然石材 > 大理石板,material,米黄洞石大理石,米黄洞石,high,省略大理石后缀，行业惯用称呼
135-38,135,装饰石材及石材制品 > 天然石材 > 大理石板,material,米黄玉大理石,米黄玉,high,省略大理石，市面上常见俗称
135-38,135,装饰石材及石材制品 > 天然石材 > 大理石板,material,索菲特金大理石,索菲特金,high,石材市场通用的简称
135-37,135,装饰石材及石材制品 > 天然石材 > 大理石板,material,福鼎黑大理石,福鼎黑,high,行业内对福建福鼎产黑色大理石的简称，省略大理石后缀
135-37,135,装饰石材及石材制品 > 天然石材 > 大理石板,material,米兰洞石大理石,米兰洞石,medium,施工现场对具有明显孔洞特征大理石的简称
135-37,135,装饰石材及石材制品 > 天然石材 > 大理石板,material,米洛西米黄大理石,米洛西,high,米洛西为知名石材品牌，其米黄系列石材在采购中常以品牌名简称指代
135-37,135,装饰石材及石材制品 > 天然石材 > 大理石板,material,米洛西米黄大理石,米洛西米黄,high,省略大理石后缀的常用叫法
135-37,135,装饰石材及石材制品 > 天然石材 > 大理石板,material,米白洞石大理石,米白洞石,high,施工现场对米白色洞石的简称
135-36,135,装饰石材及石材制品 > 天然石材 > 大理石板,material,皇室啡大理石,皇室啡,high,施工现场对底色为咖啡色带花纹的大理石板材，常简化省略“大理石”后缀称呼
135-36,135,装饰石材及石材制品 > 天然石材 > 大理石板,material,皇室米黄大理石,皇室米黄,high,工地对米黄色系大理石常见简称，直接以品名颜色组合称呼，省略石材种类
135-36,135,装饰石材及石材制品 > 天然石材 > 大理石板,material,砂岩大理石,砂岩,medium,砂岩是沉积岩的一种，材质特性明显，现场采购经常直接叫砂岩，不加大理石后缀
135-36,135,装饰石材及石材制品 > 天然石材 > 大理石板,material,直纹白大理石,直纹白,medium,工地对带直纹路的白色大理石，常直接用纹路加颜色简称
135-35,135,装饰石材及石材制品 > 天然石材 > 大理石板,category,大理石板,大理石,high,行业通用简称，施工现场常直接叫大理石板材为大理石
135-35,135,装饰石材及石材制品 > 天然石材 > 大理石板,category,大理石板,云石,high,大理石的传统别称，尤其在广东福建等石材集散地常用
135-35,135,装饰石材及石材制品 > 天然石材 > 大理石板,category,大理石板,天然理石,medium,区别于人造石的常见口语简称
135-35,135,装饰石材及石材制品 > 天然石材 > 大理石板,material,白雪公主大理石,白雪公主,high,施工现场采购时常见的省略叫法
135-35,135,装饰石材及石材制品 > 天然石材 > 大理石板,material,白玫瑰大理石,白玫瑰,medium,现场口语常省略大理石后缀
135-35,135,装饰石材及石材制品 > 天然石材 > 大理石板,material,白麻大理石,白麻,medium,采购时简称，但需注意与花岗岩白麻区分
135-35,135,装饰石材及石材制品 > 天然石材 > 大理石板,material,白金汉宫大理石,白金汉宫,medium,口语简称省略品种后缀
135-35,135,装饰石材及石材制品 > 天然石材 > 大理石板,material,白玉大理石,白玉,medium,市场常见简称
135-35,135,装饰石材及石材制品 > 天然石材 > 大理石板,material,白金沙大理石,白金沙,medium,口语化省略
135-35,135,装饰石材及石材制品 > 天然石材 > 大理石板,material,白金世纪大理石,白金世纪,medium,流通市场口语简称
135-35,135,装饰石材及石材制品 > 天然石材 > 大理石板,material,白色大理石,白色系理石,low,石材商按色系归类时的口语叫法
135-35,135,装饰石材及石材制品 > 天然石材 > 大理石板,material,白纹莎安娜大理石,白莎安娜,medium,市场常见简略叫法
135-35,135,装饰石材及石材制品 > 天然石材 > 大理石板,material,白纹莎安娜大理石,白纹莎安娜,medium,省略大理石的简称
135-35,135,装饰石材及石材制品 > 天然石材 > 大理石板,material,白雪晶大理石,白雪晶,low,现场采购简称
135-35,135,装饰石材及石材制品 > 天然石材 > 大理石板,material,白香槟大理石,白香槟,low,简略叫法
135-35,135,装饰石材及石材制品 > 天然石材 > 大理石板,material,白金砂大理石,白金砂,medium,口语简称
135-35,135,装饰石材及石材制品 > 天然石材 > 大理石板,material,白砂米黄大理石,白砂米黄,medium,省略大理石后缀
135-35,135,装饰石材及石材制品 > 天然石材 > 大理石板,material,百慕大大理石,百慕大,medium,行业流通简称
135-35,135,装饰石材及石材制品 > 天然石材 > 大理石板,material,白蔷薇大理石,白蔷薇,medium,省略后缀的市场叫法
135-35,135,装饰石材及石材制品 > 天然石材 > 大理石板,material,白蘑菇大理石,白蘑菇,low,可能的口语简称
135-35,135,装饰石材及石材制品 > 天然石材 > 大理石板,material,白玉洞大理石,白玉洞,medium,省略大理石的简称
135-35,135,装饰石材及石材制品 > 天然石材 > 大理石板,material,白石大理石,白石,low,但此简称过于泛化，容易与其他白石混淆
135-35,135,装饰石材及石材制品 > 天然石材 > 大理石板,material,白砂大理石,白砂,low,可能简称
135-35,135,装饰石材及石材制品 > 天然石材 > 大理石板,material,白砂米大理石,白砂米,low,可能口语简称
135-35,135,装饰石材及石材制品 > 天然石材 > 大理石板,material,白色诱惑大理石,白色诱惑,low,可能简称
135-35,135,装饰石材及石材制品 > 天然石材 > 大理石板,material,白贝利大理石,白贝利,low,可能简称
135-35,135,装饰石材及石材制品 > 天然石材 > 大理石板,material,白露石大理石,白露石,medium,省略大理石后缀
135-35,135,装饰石材及石材制品 > 天然石材 > 大理石板,material,白玟瑰大理石,白玫瑰,high,玟瑰为玫瑰的异写或错别字，市场常按白玫瑰称呼
135-39,135,装饰石材及石材制品 > 天然石材 > 大理石板,material,紫罗红大理石,紫罗红,high,行业内常见简称，省略了材质名。
135-39,135,装饰石材及石材制品 > 天然石材 > 大理石板,material,紫罗绿大理石,紫罗绿,high,行业内常见简称，省略了材质名。
135-39,135,装饰石材及石材制品 > 天然石材 > 大理石板,material,紫晶大理石,紫水晶,low,部分区域市场因颜色纹理相近而用的俗称。
135-39,135,装饰石材及石材制品 > 天然石材 > 大理石板,material,紫蝴蝶大理石,蝴蝶石,medium,施工现场因其纹理图案特征而简化称呼。
135-39,135,装饰石材及石材制品 > 天然石材 > 大理石板,material,紫玉兰大理石,紫玉兰,medium,采购口语中常省略大理石后缀。
135-39,135,装饰石材及石材制品 > 天然石材 > 大理石板,material,紫金沙云纹大理石,紫金沙,medium,施工现场对该材料花纹特征的简化称呼。
135-39,135,装饰石材及石材制品 > 天然石材 > 大理石板,material,红奶油大理石,红奶油,high,采购和施工现场通用的简化叫法。
135-39,135,装饰石材及石材制品 > 天然石材 > 大理石板,material,红宝石大理石,红宝石,medium,在石材质感描述上通用的省略称号。
135-39,135,装饰石材及石材制品 > 天然石材 > 大理石板,material,红木纹大理石,红木纹,high,直接根据纹理特征进行的简略称呼。
135-39,135,装饰石材及石材制品 > 天然石材 > 大理石板,material,紫檀红大理石,紫檀红,medium,简称，去掉了大理石后缀。
135-39,135,装饰石材及石材制品 > 天然石材 > 大理石板,material,紫气东来山水画大理石,山水画大理石,medium,因其石材纹理酷似山水画，部分市场以此称呼。
135-40,135,装饰石材及石材制品 > 天然石材 > 大理石板,material,红玉大理石,红玉,high,采购/施工现场对红玉大理石的简化俗称
135-40,135,装饰石材及石材制品 > 天然石材 > 大理石板,material,红玫瑰大理石,红玫瑰,high,省略后缀的常见口语叫法
135-40,135,装饰石材及石材制品 > 天然石材 > 大理石板,material,红线啡大理石,红线啡,medium,省略大理石后缀的简化称呼
135-40,135,装饰石材及石材制品 > 天然石材 > 大理石板,material,红线米黄大理石,红线米黄,medium,行业内简化该品种名称的俗称
135-40,135,装饰石材及石材制品 > 天然石材 > 大理石板,material,红蜘蛛大理石,红蜘蛛,high,施工现场对该花色大理石的口语化简称
135-40,135,装饰石材及石材制品 > 天然石材 > 大理石板,material,红金龙大理石,红金龙,medium,经销商和施工方常用的省略叫法
135-40,135,装饰石材及石材制品 > 天然石材 > 大理石板,material,红钻大理石,红钻,high,石材市场常见的简化称呼
135-42,135,装饰石材及石材制品 > 天然石材 > 大理石板,material,绿蜘蛛大理石,绿网纹大理石,medium,因其表面纹理类似蜘蛛网，在采购口语中常被称为绿网纹
135-42,135,装饰石材及石材制品 > 天然石材 > 大理石板,material,绿野仙踪大理石,绿野仙踪,high,常用简称
135-42,135,装饰石材及石材制品 > 天然石材 > 大理石板,material,缅甸米黄大理石,缅甸米黄,high,口语中常省略大理石三字
135-42,135,装饰石材及石材制品 > 天然石材 > 大理石板,material,网纹大花白大理石,大花白,high,石材行业中标配简称
135-42,135,装饰石材及石材制品 > 天然石材 > 大理石板,material,罗马洞石大理石,罗马洞石,high,行业惯用简称
135-42,135,装饰石材及石材制品 > 天然石材 > 大理石板,material,罗马灰大理石,罗马灰,high,常用简称
135-42,135,装饰石材及石材制品 > 天然石材 > 大理石板,material,罗马米黄大理石,罗马米黄,high,常用简称
135-42,135,装饰石材及石材制品 > 天然石材 > 大理石板,material,美国白麻大理石,美国白麻,high,行业内标配简称
135-42,135,装饰石材及石材制品 > 天然石材 > 大理石板,material,美国米黄大理石,美国米黄,high,行业内标配简称
135-41,135,装饰石材及石材制品 > 天然石材 > 大理石板,material,纯白大理石,雪花白,high,国内常将顶级的纯白大理石称为雪花白，尤其是底色纯净的品种
135-41,135,装饰石材及石材制品 > 天然石材 > 大理石板,material,纯白大理石,汉白玉,medium,纯白大理石在工程中常被俗称为汉白玉，尤其指质地细腻的白石
135-41,135,装饰石材及石材制品 > 天然石材 > 大理石板,material,细啡珠大理石,啡网纹,medium,细啡珠属啡色系带网状纹理的大理石，现场常统称为啡网纹
135-41,135,装饰石材及石材制品 > 天然石材 > 大理石板,material,细花白大理石,卡拉拉白,high,细花白通常指意大利卡拉拉矿区产出的白色大理石，业内常以此称呼
135-41,135,装饰石材及石材制品 > 天然石材 > 大理石板,material,细花白大理石,大花白,low,有时为区别于纯白，将带灰色纹理的细花白统称为大花白
135-41,135,装饰石材及石材制品 > 天然石材 > 大理石板,material,经典黄钻大理石,黄钻,medium,省略前缀的简称
135-41,135,装饰石材及石材制品 > 天然石材 > 大理石板,material,维也纳大理石,维也纳米黄,medium,维也纳产的大理石多为米黄色系，采购时经常如此简称
135-41,135,装饰石材及石材制品 > 天然石材 > 大理石板,material,维加斯米黄大理石,维加斯,low,工地省略颜色后缀的简称
135-41,135,装饰石材及石材制品 > 天然石材 > 大理石板,material,绿玉大理石,青玉,medium,部分地区的绿玉大理石质地通透，颜色偏深绿，现场会叫青玉
135-41,135,装饰石材及石材制品 > 天然石材 > 大理石板,material,绿玉石大理石,透光玉石,medium,绿玉石因透光性常用于背景墙，现场会直接叫透光玉石
135-43,135,装饰石材及石材制品 > 天然石材 > 大理石板,material,老矿西班牙米黄大理石,老矿西米,high,行业内对老矿西班牙米黄的简称
135-43,135,装饰石材及石材制品 > 天然石材 > 大理石板,material,老矿西米大理石,老矿西班牙米黄,high,老矿西米是老矿西班牙米黄的简称
135-44,135,装饰石材及石材制品 > 天然石材 > 大理石板,material,英国棕大理石,英棕,medium,采购口简略叫法
135-44,135,装饰石材及石材制品 > 天然石材 > 大理石板,material,英格兰灰大理石,英灰,low,采购口简略叫法
135-44,135,装饰石材及石材制品 > 天然石材 > 大理石板,material,英格兰白大理石,英白,low,采购口简略叫法
135-44,135,装饰石材及石材制品 > 天然石材 > 大理石板,material,莎安娜大理石,莎安娜米黄,high,市场上常将莎安娜与莎安娜米黄混称，视为同一类石材
135-44,135,装饰石材及石材制品 > 天然石材 > 大理石板,material,莎安娜米黄大理石,莎安娜,high,市场上常简称为莎安娜
135-45,135,装饰石材及石材制品 > 天然石材 > 大理石板,material,莲花白大理石,白莲花,medium,市场上常见的倒装称呼
135-45,135,装饰石材及石材制品 > 天然石材 > 大理石板,material,葡萄牙米黄大理石,葡米,high,石材行业标准简称
135-45,135,装饰石材及石材制品 > 天然石材 > 大理石板,material,蒙古黑大理石,蒙古黑,high,常用省略叫法
135-45,135,装饰石材及石材制品 > 天然石材 > 大理石板,material,蓝木纹大理石,蓝木纹,high,常用省略叫法
135-45,135,装饰石材及石材制品 > 天然石材 > 大理石板,material,蓝天白云大理石,蓝天白云,high,常用简称
135-47,135,装饰石材及石材制品 > 天然石材 > 大理石板,material,西班牙米黄大理石,西班牙米黄,high,石材交易中常省略'大理石'后缀
135-47,135,装饰石材及石材制品 > 天然石材 > 大理石板,material,西班牙米黄大理石,西米,medium,西班牙米黄的简称，但注意与'西米大理石'易混淆
135-47,135,装饰石材及石材制品 > 天然石材 > 大理石板,material,西班牙白砂石大理石,西班牙白砂石,high,石材交易中常省略'大理石'后缀
135-47,135,装饰石材及石材制品 > 天然石材 > 大理石板,material,西班牙灰大理石,西班牙灰,high,石材交易中常省略'大理石'后缀
135-47,135,装饰石材及石材制品 > 天然石材 > 大理石板,material,西班牙黑金花大理石,西班牙黑金花,high,石材交易中常省略'大理石'后缀
135-47,135,装饰石材及石材制品 > 天然石材 > 大理石板,material,西西里灰大理石,西西里灰,high,石材交易中常省略'大理石'后缀
135-47,135,装饰石材及石材制品 > 天然石材 > 大理石板,material,象牙米黄大理石,象牙米黄,high,石材交易中常省略'大理石'后缀
135-47,135,装饰石材及石材制品 > 天然石材 > 大理石板,material,象牙金大理石,象牙金,high,石材交易中常省略'大理石'后缀
135-47,135,装饰石材及石材制品 > 天然石材 > 大理石板,material,贝娜米黄大理石,贝娜米黄,high,石材交易中常省略'大理石'后缀
135-46,135,装饰石材及石材制品 > 天然石材 > 大理石板,material,蓝珍珠大理石,蓝珍珠,high,石材行业常用简称，省略‘大理石’后缀
135-46,135,装饰石材及石材制品 > 天然石材 > 大理石板,material,蓝翡翠大理石,蓝翡翠,high,石材行业常用简称，省略‘大理石’后缀
135-46,135,装饰石材及石材制品 > 天然石材 > 大理石板,material,蓝色多瑙河大理石,多瑙河,medium,市场上对此类带纹理石材的常见简称
135-46,135,装饰石材及石材制品 > 天然石材 > 大理石板,material,蓝色妖姬大理石,蓝妖姬,medium,口语中简化叫法，省略‘色’字
135-46,135,装饰石材及石材制品 > 天然石材 > 大理石板,material,蓝豹大理石,蓝豹,high,石材行业常用简称
135-46,135,装饰石材及石材制品 > 天然石材 > 大理石板,material,蓝金大理石,蓝金,high,石材行业常用简称
135-46,135,装饰石材及石材制品 > 天然石材 > 大理石板,material,蓝金沙大理石,蓝金沙,high,石材行业常用简称
135-46,135,装饰石材及石材制品 > 天然石材 > 大理石板,material,蓝金砂大理石,蓝金砂,high,石材行业常用简称
135-46,135,装饰石材及石材制品 > 天然石材 > 大理石板,material,蓝钻大理石,蓝钻,high,石材行业常用简称
135-46,135,装饰石材及石材制品 > 天然石材 > 大理石板,material,蓝麻大理石,蓝麻,high,石材行业常用简称，类似花岗岩中黑麻、白麻的叫法
135-46,135,装饰石材及石材制品 > 天然石材 > 大理石板,material,虎纹米黄玉大理石,虎纹黄,low,市场口语中简化对米黄类石材的叫法
135-46,135,装饰石材及石材制品 > 天然石材 > 大理石板,material,虾红大理石,虾红,high,石材行业常用简称
135-46,135,装饰石材及石材制品 > 天然石材 > 大理石板,material,西亚米黄大理石,西亚米黄,high,石材行业常用简称
135-46,135,装饰石材及石材制品 > 天然石材 > 大理石板,material,西奈珍珠大理石,西奈珍珠,high,石材行业常用简称
135-46,135,装饰石材及石材制品 > 天然石材 > 大理石板,material,西施红大理石,西施红,high,石材行业常用简称，也常见于花岗岩命名
135-49,135,装饰石材及石材制品 > 天然石材 > 大理石板,material,进口深啡大理石,深啡网,medium,深啡色大理石常见有网状纹理，施工现场常简称为深啡网
135-49,135,装饰石材及石材制品 > 天然石材 > 大理石板,material,都善灰麻大理石,鄯善灰,medium,应为'鄯善灰麻'的口语简称，通常省略'麻'字直呼产地加颜色
135-49,135,装饰石材及石材制品 > 天然石材 > 大理石板,material,鄯善红大理石,鄯善红,high,产地加颜色命名的石材常直接省略'大理石'后缀
135-49,135,装饰石材及石材制品 > 天然石材 > 大理石板,material,金世纪米黄大理石,金世纪,medium,施工现场常直接以前缀品牌或系列名代指具体米黄石材
135-48,135,装饰石材及石材制品 > 天然石材 > 大理石板,material,贝鲁特米黄大理石,贝鲁特米黄,high,完整名称的简略叫法
135-48,135,装饰石材及石材制品 > 天然石材 > 大理石板,material,贵妃米黄大理石,贵妃米黄,high,完整名称的简略叫法
135-48,135,装饰石材及石材制品 > 天然石材 > 大理石板,material,贵妃红玉大理石,贵妃红玉,high,完整名称的简略叫法
135-48,135,装饰石材及石材制品 > 天然石材 > 大理石板,material,贵州木纹大理石,贵州木纹,high,完整名称的简略叫法
135-48,135,装饰石材及石材制品 > 天然石材 > 大理石板,material,贵州灰木纹大理石,贵州灰木纹,high,完整名称的简略叫法
135-48,135,装饰石材及石材制品 > 天然石材 > 大理石板,material,贵州白木纹大理石,贵州白木纹,high,完整名称的简略叫法
135-48,135,装饰石材及石材制品 > 天然石材 > 大理石板,material,贵州米黄大理石,贵州米黄,high,完整名称的简略叫法
135-48,135,装饰石材及石材制品 > 天然石材 > 大理石板,material,贵族木纹大理石,贵族木纹,high,完整名称的简略叫法
135-48,135,装饰石材及石材制品 > 天然石材 > 大理石板,material,贵族米黄大理石,贵族米黄,high,完整名称的简略叫法
135-50,135,装饰石材及石材制品 > 天然石材 > 大理石板,material,金啡网大理石,金啡网,high,石材市场中常见的简称，省略'大理石'后缀
135-53,135,装饰石材及石材制品 > 天然石材 > 大理石板,material,银线米黄大理石,银线,medium,施工现场常简化名称为“银线”
135-54,135,装饰石材及石材制品 > 天然石材 > 大理石板,material,阿富汗黑金花大理石,黑金花,high,行业内对阿富汗产黑底金纹大理石的通用简称，省略产地前缀
135-54,135,装饰石材及石材制品 > 天然石材 > 大理石板,material,阿曼米黄大理石,阿曼米黄,medium,施工现场口语中对阿曼米黄大理石的简略叫法
135-51,135,装饰石材及石材制品 > 天然石材 > 大理石板,category,大理石板,大理石,high,行业内对大理石板材的日常简称
135-51,135,装饰石材及石材制品 > 天然石材 > 大理石板,category,大理石板,云石,high,大理石的传统别称，常用于口语或旧称
135-51,135,装饰石材及石材制品 > 天然石材 > 大理石板,category,大理石板,大花白系列,medium,行业内对带有金色花纹大理石的统称
135-51,135,装饰石材及石材制品 > 天然石材 > 大理石板,material,金碧大理石,金碧辉煌,low,市场上经常简化为金碧辉煌称呼
135-51,135,装饰石材及石材制品 > 天然石材 > 大理石板,material,金碧辉煌大理石,辉煌,low,采购口语中有时简称为辉煌
135-51,135,装饰石材及石材制品 > 天然石材 > 大理石板,material,金线米黄大理石,金线米黄,high,口语中常省略大理石后缀
135-51,135,装饰石材及石材制品 > 天然石材 > 大理石板,material,金线米黄大理石,金碧米黄,low,部分地区可能混淆称呼，但较为少见
135-51,135,装饰石材及石材制品 > 天然石材 > 大理石板,material,金色年华大理石,金色年华,medium,施工现场常直接叫品名
135-51,135,装饰石材及石材制品 > 天然石材 > 大理石板,material,金花米黄大理石,金花米黄,high,石材流通中常见简化叫法
135-51,135,装饰石材及石材制品 > 天然石材 > 大理石板,material,金蜘蛛大理石,金蛛网,medium,根据纹理形态产生的别称
135-51,135,装饰石材及石材制品 > 天然石材 > 大理石板,material,金蝴蝶大理石,蝴蝶石,medium,石材市场对金蝴蝶的简称
135-51,135,装饰石材及石材制品 > 天然石材 > 大理石板,material,金贝米黄大理石,金贝,medium,口语中常直接叫金贝
135-55,135,装饰石材及石材制品 > 天然石材 > 大理石板,material,雅士白大理石,爵士白,medium,市场上雅士白与爵士白常混淆或视为同类产品，爵士白是极为常见的俗称
135-55,135,装饰石材及石材制品 > 天然石材 > 大理石板,material,雨林啡大理石,雨林棕,low,雨林啡和雨林棕在产地和纹理特征上高度相似，口语中常混用
135-55,135,装饰石材及石材制品 > 天然石材 > 大理石板,material,雨林绿大理石,雨林绿,high,常见简称去掉大理石后缀
135-55,135,装饰石材及石材制品 > 天然石材 > 大理石板,material,雪山银狐大理石,银狐,high,施工现场对雪山银狐的简称
135-55,135,装饰石材及石材制品 > 天然石材 > 大理石板,material,雪花白大理石,雪花白,high,常见简称去掉大理石后缀
135-52,135,装饰石材及石材制品 > 天然石材 > 大理石板,material,金镶玉大理石,金香玉,low,部分市场对纹理近似的金镶玉与金香玉存在混称现象
135-52,135,装饰石材及石材制品 > 天然石材 > 大理石板,material,金香玉大理石,金镶玉,low,市场俗称，两种名称在销售时经常互换使用
135-52,135,装饰石材及石材制品 > 天然石材 > 大理石板,material,金香米黄大理石,金香玉,low,市场俗称，部分供应商将金香米黄直接称为金香玉
135-52,135,装饰石材及石材制品 > 天然石材 > 大理石板,material,金黄天龙大理石,天龙,medium,施工现场对金黄天龙的简化叫法
135-52,135,装饰石材及石材制品 > 天然石材 > 大理石板,material,金黄洞石大理石,黄金洞石,high,常见别称
135-52,135,装饰石材及石材制品 > 天然石材 > 大理石板,material,金黄洞石大理石,金黄洞,medium,口语简称
135-52,135,装饰石材及石材制品 > 天然石材 > 大理石板,material,金黄玉大理石,黄玉,low,口语中对金黄玉的简化称呼
135-52,135,装饰石材及石材制品 > 天然石材 > 大理石板,material,银晶灰大理石,银晶,medium,施工现场对银晶灰的简化称呼
135-52,135,装饰石材及石材制品 > 天然石材 > 大理石板,material,银河星钻大理石,星钻,medium,口语中对银河星钻的简称
135-52,135,装饰石材及石材制品 > 天然石材 > 大理石板,material,银河洞大理石,银河洞石,high,市场上常将银河洞称为银河洞石
135-60,135,装饰石材及石材制品 > 天然石材 > 大理石板,material,黑金龙大理石,黑金花,medium,黑色底纹带金色纹理，市场上常与黑金花大理石混称
135-56,135,装饰石材及石材制品 > 天然石材 > 大理石板,material,雪莉大理石,雪莉红,medium,实际贸易中常简化称呼，石材市场口语常见
135-56,135,装饰石材及石材制品 > 天然石材 > 大理石板,material,青石大理石,青石,medium,施工现场口语常省略大理石后缀，直接以石材种类称呼
135-56,135,装饰石材及石材制品 > 天然石材 > 大理石板,material,非洲银龙大理石,银龙,medium,贸易及加工环节习惯简化为银龙，省略前缀
135-57,135,装饰石材及石材制品 > 天然石材 > 大理石板,material,香波米黄大理石,香波米黄,high,施工现场口语常省略“大理石”
135-57,135,装饰石材及石材制品 > 天然石材 > 大理石板,material,香草米黄大理石,香草米黄,high,施工现场口语常省略“大理石”
135-57,135,装饰石材及石材制品 > 天然石材 > 大理石板,material,鱼肚灰大理石,鱼肚灰,high,施工现场口语常省略“大理石”
135-57,135,装饰石材及石材制品 > 天然石材 > 大理石板,material,鱼肚白大理石,鱼肚白,high,施工现场口语常省略“大理石”
135-57,135,装饰石材及石材制品 > 天然石材 > 大理石板,material,黄木纹大理石,黄木纹,high,施工现场口语常省略“大理石”
135-57,135,装饰石材及石材制品 > 天然石材 > 大理石板,material,黄洞石大理石,黄洞石,high,施工现场口语常省略“大理石”
1449-1,1449,装饰石材及石材制品 > 天然石材 > 文化石,category,文化石,艺术石,medium,文化石在行业内常被称为艺术石，强调其装饰效果
1449-1,1449,装饰石材及石材制品 > 天然石材 > 文化石,category,文化石,仿古石,low,文化石常用于仿古效果装饰，有时被叫作仿古石
1449-1,1449,装饰石材及石材制品 > 天然石材 > 文化石,material,RDBM高分子文化石,人造文化石,medium,高分子材料制作的文化石通常归类为人造文化石
1449-1,1449,装饰石材及石材制品 > 天然石材 > 文化石,material,RDBM高分子文化石,仿石饰面,low,高分子文化石常用于仿石装饰面，现场多称为仿石饰面
1449-1,1449,装饰石材及石材制品 > 天然石材 > 文化石,material,蘑菇石,毛石,low,蘑菇石因表面凹凸不平，现场有时会统称为毛石
1448-1,1448,装饰石材及石材制品 > 天然石材 > 砂岩,material,凝灰岩,洞石,high,凝灰岩在装饰石材领域常被称为洞石，因其表面多孔如洞穴
1448-1,1448,装饰石材及石材制品 > 天然石材 > 砂岩,material,凝灰岩,石灰华,medium,部分凝灰岩成分类似石灰华，市场上常混称
135-59,135,装饰石材及石材制品 > 天然石材 > 大理石板,material,黄锈石大理石,黄金麻,high,黄锈石在市场上常被称为黄金麻，指代其黄底锈色斑点的特征
135-59,135,装饰石材及石材制品 > 天然石材 > 大理石板,material,黑木纹大理石,蓝眼睛,medium,黑木纹因其纹理中有类似眼睛的蓝色斑点，也常被称为蓝眼睛
135-59,135,装饰石材及石材制品 > 天然石材 > 大理石板,material,黑白根大理石,克拉拉白,low,黑白根因其黑底白纹特征，在部分地区被称为克拉拉白
135-59,135,装饰石材及石材制品 > 天然石材 > 大理石板,material,黑金花大理石,黑金,medium,施工现场常简称为黑金
135-59,135,装饰石材及石材制品 > 天然石材 > 大理石板,material,黑金沙大理石,黑金,low,黑金沙与黑金花易混淆，部分地区也简称为黑金
135-58,135,装饰石材及石材制品 > 天然石材 > 大理石板,material,黄纹玉大理石,黄玉,low,商家为提升档次常将纹路细腻的黄色大理石简称为黄玉
135-58,135,装饰石材及石材制品 > 天然石材 > 大理石板,material,黄色交响曲大理石,交响曲,medium,在石材市场中常省略颜色前缀以简化沟通
135-58,135,装饰石材及石材制品 > 天然石材 > 大理石板,material,黄虎眼大理石,虎眼石,medium,具有猫眼效应的大理石在业内常被简称为虎眼石
135-58,135,装饰石材及石材制品 > 天然石材 > 大理石板,material,黄金天龙大理石,天龙,low,省略前缀的简称
135-58,135,装饰石材及石材制品 > 天然石材 > 大理石板,material,黄金木纹大理石,木纹黄,medium,行业常用纹理特征加颜色进行俗称叫法
135-58,135,装饰石材及石材制品 > 天然石材 > 大理石板,material,黄金网大理石,金网,medium,施工现场对具有网状纹理特征石材的简称
135-58,135,装饰石材及石材制品 > 天然石材 > 大理石板,material,黄金阿曼大理石,阿曼米黄,high,市场流通中常将国别或地名与颜色特征组合称呼
135-58,135,装饰石材及石材制品 > 天然石材 > 大理石板,material,黄金麻大理石,金麻,high,施工现场对具有麻面颗粒感黄金色石材的简称
1447-1,1447,装饰石材及石材制品 > 天然石材 > 花岗石板,category,花岗石板,麻石,high,花岗岩在建筑工程中的传统俗称，尤其在南方地区口语中常用
1447-1,1447,装饰石材及石材制品 > 天然石材 > 花岗石板,category,花岗石板,花岗石,high,花岗岩的通用简称，采购清单和施工现场口语中常见
1447-1,1447,装饰石材及石材制品 > 天然石材 > 花岗石板,material,万年青花岗岩,万年青,high,去掉通名'花岗岩'的简称，采购和施工中直接以此俗称下单
1447-1,1447,装饰石材及石材制品 > 天然石材 > 花岗石板,material,三合红花岗岩,三合红,medium,去掉通名的简称，石材市场常用叫法
1447-1,1447,装饰石材及石材制品 > 天然石材 > 花岗石板,material,三峡红花岗岩,三峡红,high,常用简称，施工现场口语中常见
1447-1,1447,装饰石材及石材制品 > 天然石材 > 花岗石板,material,世纪米黄花岗岩,世纪米黄,medium,去掉通名的简称
1447-1,1447,装饰石材及石材制品 > 天然石材 > 花岗石板,material,中国红花岗岩,中国红,high,经典国产品种，行业内外均以此简称指代
1447-1,1447,装饰石材及石材制品 > 天然石材 > 花岗石板,material,中国绿花岗岩,中国绿,medium,常用简称
1447-1,1447,装饰石材及石材制品 > 天然石材 > 花岗石板,material,中国黑花岗岩,中国黑,high,通用简称，石材市场和工地常用
1447-1,1447,装饰石材及石材制品 > 天然石材 > 花岗石板,material,中国黑花岗岩,丰镇黑,medium,中国黑花岗岩的主要产地代表品种，采购中常以此名代称
1447-3,1447,装饰石材及石材制品 > 天然石材 > 花岗石板,material,冰川白麻花岗岩,冰川白,high,省略'麻'字，口语简化叫法
1447-3,1447,装饰石材及石材制品 > 天然石材 > 花岗石板,material,冰川白麻花岗岩,白麻,medium,颜色与纹理类型的简称
1447-3,1447,装饰石材及石材制品 > 天然石材 > 花岗石板,material,冰花绿花岗岩,冰花绿,medium,省略材质后缀，直接以花色命名
1447-3,1447,装饰石材及石材制品 > 天然石材 > 花岗石板,material,冰钻花岗岩,冰钻,medium,省略材质后缀
1447-3,1447,装饰石材及石材制品 > 天然石材 > 花岗石板,material,凤尾红花岗岩,凤尾红,medium,省略材质后缀
1447-3,1447,装饰石材及石材制品 > 天然石材 > 花岗石板,material,凯撒红花岗岩,凯撒红,medium,省略材质后缀
1447-3,1447,装饰石材及石材制品 > 天然石材 > 花岗石板,material,加州米黄花岗岩,加州米黄,medium,省略材质后缀
1447-3,1447,装饰石材及石材制品 > 天然石材 > 花岗石板,material,加州金麻花岗岩,加州金麻,medium,省略材质后缀
1447-3,1447,装饰石材及石材制品 > 天然石材 > 花岗石板,material,加州金麻花岗石,加州金麻,medium,省略材质后缀
1447-3,1447,装饰石材及石材制品 > 天然石材 > 花岗石板,material,加洲金麻花岗岩,加洲金麻,medium,省略材质后缀
1447-3,1447,装饰石材及石材制品 > 天然石材 > 花岗石板,material,北大青花岗岩,北大青,medium,省略材质后缀
1447-3,1447,装饰石材及石材制品 > 天然石材 > 花岗石板,material,华山白麻花岗岩,华山白麻,medium,省略材质后缀
1447-3,1447,装饰石材及石材制品 > 天然石材 > 花岗石板,material,南非浅黑花岗岩,南非浅黑,medium,省略材质后缀
1447-3,1447,装饰石材及石材制品 > 天然石材 > 花岗石板,material,南非红花岗岩,南非红,medium,省略材质后缀
1447-3,1447,装饰石材及石材制品 > 天然石材 > 花岗石板,material,南非黑花岗岩,南非黑,medium,省略材质后缀
1447-3,1447,装饰石材及石材制品 > 天然石材 > 花岗石板,material,博乐金花岗岩,博乐金,medium,省略材质后缀
1447-3,1447,装饰石材及石材制品 > 天然石材 > 花岗石板,material,卡基诺金花岗岩,卡基诺金,medium,省略材质后缀
1447-3,1447,装饰石材及石材制品 > 天然石材 > 花岗石板,material,卡奇诺金花岗岩,卡奇诺金,medium,省略材质后缀
1447-3,1447,装饰石材及石材制品 > 天然石材 > 花岗石板,material,卡布奇诺花岗岩,卡布奇诺,medium,省略材质后缀
1447-3,1447,装饰石材及石材制品 > 天然石材 > 花岗石板,material,卡布里黑花岗岩,卡布里黑,medium,省略材质后缀
1447-4,1447,装饰石材及石材制品 > 天然石材 > 花岗石板,category,花岗石板,花岗石,high,花岗岩在工程中的通用简称
1447-4,1447,装饰石材及石材制品 > 天然石材 > 花岗石板,category,花岗石板,麻石,medium,南方部分地区对花岗岩的俗称
1447-4,1447,装饰石材及石材制品 > 天然石材 > 花岗石板,material,卡拉麦里金花岗岩,卡金,medium,工程口叫简化和叫法
1447-4,1447,装饰石材及石材制品 > 天然石材 > 花岗石板,material,卡里曼金花岗岩,卡里曼金,low,在提到时有时去掉花岗岩三字
1447-4,1447,装饰石材及石材制品 > 天然石材 > 花岗石板,material,卡麦烧毛花岗岩,烧面卡麦,medium,加工工艺+材料名口语组合
1447-4,1447,装饰石材及石材制品 > 天然石材 > 花岗石板,material,卡麦金钻花岗岩,卡麦金钻,low,在提到时有时去掉花岗岩三字
1447-4,1447,装饰石材及石材制品 > 天然石材 > 花岗石板,material,印度大花绿花岗岩,印度大花绿,low,在提到时有时去掉花岗岩三字
1447-4,1447,装饰石材及石材制品 > 天然石材 > 花岗石板,material,印度白麻花岗岩,印度白麻,low,在提到时有时去掉花岗岩三字
1447-4,1447,装饰石材及石材制品 > 天然石材 > 花岗石板,material,印度红(大花)花岗岩,印度大花红,medium,现场采购简易叫法
1447-4,1447,装饰石材及石材制品 > 天然石材 > 花岗石板,material,印度红(小花)花岗岩,印度小花红,medium,现场采购简易叫法
1447-4,1447,装饰石材及石材制品 > 天然石材 > 花岗石板,material,印度红花岗岩,印度红,high,市场与工地通用简称
1447-4,1447,装饰石材及石材制品 > 天然石材 > 花岗石板,material,古典灰麻花岗岩,古典灰麻,low,在提到时有时去掉花岗岩三字
1447-4,1447,装饰石材及石材制品 > 天然石材 > 花岗石板,material,古典金麻花岗岩,古典金麻,low,在提到时有时去掉花岗岩三字
1447-2,1447,装饰石材及石材制品 > 天然石材 > 花岗石板,material,中磊红花岗岩,中磊红,high,石材行业常见颜色+产地简称
1447-2,1447,装饰石材及石材制品 > 天然石材 > 花岗石板,material,丰包石花岗岩,丰包石,high,产地名+石材特征简化俗称
1447-2,1447,装饰石材及石材制品 > 天然石材 > 花岗石板,material,丰镇黑花岗岩,丰镇黑,high,石材行业常见产地+颜色简称
1447-2,1447,装饰石材及石材制品 > 天然石材 > 花岗石板,material,丹井红毛板花岗岩,丹井红毛,medium,去掉板字的口语简化叫法
1447-2,1447,装饰石材及石材制品 > 天然石材 > 花岗石板,material,丹井红花岗岩,丹井红,high,石材行业常见产地+颜色简称
1447-2,1447,装饰石材及石材制品 > 天然石材 > 花岗石板,material,丹顶红花岗岩,丹顶红,medium,石材行业常见品种名简化
1447-2,1447,装饰石材及石材制品 > 天然石材 > 花岗石板,material,乌克兰钻花岗岩,乌克兰钻,high,进口石材常见国家+质感简称
1447-2,1447,装饰石材及石材制品 > 天然石材 > 花岗石板,material,乔治亚灰花岗岩,乔治亚灰,high,进口石材常见产地+颜色简称
1447-2,1447,装饰石材及石材制品 > 天然石材 > 花岗石板,material,云丝麻花岗岩,云丝麻,high,直称品种名省略花岗岩
1447-2,1447,装饰石材及石材制品 > 天然石材 > 花岗石板,material,云朵拉灰花岗岩,云朵拉灰,high,进口或流行品种颜色纹理简称
1447-2,1447,装饰石材及石材制品 > 天然石材 > 花岗石板,material,五莲灰花岗岩,五莲灰,high,石材行业常见产地+颜色简称
1447-2,1447,装饰石材及石材制品 > 天然石材 > 花岗石板,material,五莲红花岗岩,五莲红,high,石材行业常见产地+颜色简称
1447-2,1447,装饰石材及石材制品 > 天然石材 > 花岗石板,material,五莲花花岗岩,五莲花,high,石材行业常见产地+花纹颜色简称
1447-2,1447,装饰石材及石材制品 > 天然石材 > 花岗石板,material,佛冈青花岗岩,佛冈青,high,石材行业常见产地+颜色简称
1447-2,1447,装饰石材及石材制品 > 天然石材 > 花岗石板,material,克什米尔白花岗岩,克什米尔白,high,进口石材常见产地+颜色简称
1447-2,1447,装饰石材及石材制品 > 天然石材 > 花岗石板,material,克什米尔金花岗岩,克什米尔金,high,进口石材常见产地+颜色简称
1447-2,1447,装饰石材及石材制品 > 天然石材 > 花岗石板,material,内厝白花岗岩,内厝白,high,石材行业常见产地+颜色简称
1447-2,1447,装饰石材及石材制品 > 天然石材 > 花岗石板,material,内城青花岗岩,内城青,medium,石材行业常见产地+颜色简称
1447-5,1447,装饰石材及石材制品 > 天然石材 > 花岗石板,material,古木纹花岗岩,木纹石,medium,木纹花岗岩在石材市场常被简称为木纹石，但有与大理石木纹石混淆风险
1447-5,1447,装饰石材及石材制品 > 天然石材 > 花岗石板,material,台山红花岗岩,台山红,high,产地加颜色为花岗岩常见简称
1447-5,1447,装饰石材及石材制品 > 天然石材 > 花岗石板,material,台山黄花岗岩,台山黄,high,产地加颜色为花岗岩常见简称
1447-5,1447,装饰石材及石材制品 > 天然石材 > 花岗石板,material,台湾红花岗岩,台湾红,high,产地加颜色为花岗岩常见简称
1447-5,1447,装饰石材及石材制品 > 天然石材 > 花岗石板,material,吉林白花岗岩,吉林白,high,产地加颜色为花岗岩常见简称
1447-5,1447,装饰石材及石材制品 > 天然石材 > 花岗石板,material,咖啡棕花岗岩,咖啡棕,medium,直接简化掉花岗岩
1447-5,1447,装饰石材及石材制品 > 天然石材 > 花岗石板,material,咖啡钻花岗岩,咖啡钻,medium,直接简化掉花岗岩
1447-5,1447,装饰石材及石材制品 > 天然石材 > 花岗石板,material,哥伦布花岗岩,哥伦布,medium,直接去除花岗岩后缀
1447-5,1447,装饰石材及石材制品 > 天然石材 > 花岗石板,material,啡珍珠花岗岩,啡珍珠,medium,直接简化掉花岗岩
1447-5,1447,装饰石材及石材制品 > 天然石材 > 花岗石板,material,啡网纹花岗岩,啡网,high,石材市场常用简称
1447-5,1447,装饰石材及石材制品 > 天然石材 > 花岗石板,material,啡金沙花岗岩,啡金沙,medium,直接简化掉花岗岩
1447-5,1447,装饰石材及石材制品 > 天然石材 > 花岗石板,material,啡钻花岗岩,啡钻,high,直接简化掉花岗岩
1447-5,1447,装饰石材及石材制品 > 天然石材 > 花岗石板,material,啡钻麻花岗岩,啡钻麻,high,直接简化掉花岗岩
1447-5,1447,装饰石材及石材制品 > 天然石材 > 花岗石板,material,四季红花岗岩,四季红,medium,直接简化掉花岗岩
1447-5,1447,装饰石材及石材制品 > 天然石材 > 花岗石板,material,四川红花岗岩,四川红,high,产地加颜色为花岗岩常见简称
1447-5,1447,装饰石材及石材制品 > 天然石材 > 花岗石板,material,国产深啡花岗岩,国产深啡,medium,直接简化掉花岗岩
1447-5,1447,装饰石材及石材制品 > 天然石材 > 花岗石板,material,土耳其灰花岗岩,土耳其灰,high,产地加颜色为花岗岩常见简称
1447-5,1447,装饰石材及石材制品 > 天然石材 > 花岗石板,material,墨绿麻花岗岩,墨绿麻,high,直接简化掉花岗岩
1447-5,1447,装饰石材及石材制品 > 天然石材 > 花岗石板,material,墨绿黑花岗岩,墨绿黑,medium,直接简化掉花岗岩
1447-5,1447,装饰石材及石材制品 > 天然石材 > 花岗石板,material,多瑙蓝花岗岩,多瑙蓝,medium,直接简化掉花岗岩
1447-5,1447,装饰石材及石材制品 > 天然石材 > 花岗石板,material,夜玫瑰花岗岩,夜玫瑰,medium,直接简化掉花岗岩
1447-5,1447,装饰石材及石材制品 > 天然石材 > 花岗石板,material,夜里雪花岗岩,夜里雪,medium,直接简化掉花岗岩
1447-5,1447,装饰石材及石材制品 > 天然石材 > 花岗石板,material,大三花花岗岩,大三花,medium,直接简化掉花岗岩
1447-5,1447,装饰石材及石材制品 > 天然石材 > 花岗石板,material,大咖啡花岗岩,大咖啡,medium,直接简化掉花岗岩
1447-5,1447,装饰石材及石材制品 > 天然石材 > 花岗石板,material,大啡珠花岗岩,大啡珠,medium,直接简化掉花岗岩
1447-6,1447,装饰石材及石材制品 > 天然石材 > 花岗石板,material,大花白花岗岩,大花白,medium,行业内对部分白色系带大花纹花岗岩的俗称
1447-6,1447,装饰石材及石材制品 > 天然石材 > 花岗石板,material,大花绿花岗岩,大花绿,medium,对绿色带纹理花岗岩的常见简称
1447-6,1447,装饰石材及石材制品 > 天然石材 > 花岗石板,material,天山兰花岗岩,天山兰,high,产地天山加颜色简称
1447-6,1447,装饰石材及石材制品 > 天然石材 > 花岗石板,material,天山兰花岗岩,天山蓝,low,兰与蓝在石材命名中常混用
1447-6,1447,装饰石材及石材制品 > 天然石材 > 花岗石板,material,天山灰麻花岗岩,灰麻,medium,灰色芝麻白系列石材的统称
1447-6,1447,装饰石材及石材制品 > 天然石材 > 花岗石板,material,天山红花岗岩,天山红,high,产地加颜色，市场上对红色花岗岩的常用缩写
1447-6,1447,装饰石材及石材制品 > 天然石材 > 花岗石板,material,天山翠花岗岩,天山翠,medium,新疆产翠绿色石材简称
1447-6,1447,装饰石材及石材制品 > 天然石材 > 花岗石板,material,天山蓝花岗岩,天山蓝,high,产地加颜色，全行业通用简称
1447-6,1447,装饰石材及石材制品 > 天然石材 > 花岗石板,material,天山黑花岗岩,天山黑,high,产地加颜色简称
1447-6,1447,装饰石材及石材制品 > 天然石材 > 花岗石板,material,天岗白花岗岩,天岗白,high,天岗产区白色花岗岩简称
1447-6,1447,装饰石材及石材制品 > 天然石材 > 花岗石板,material,天岗白花岗岩,吉林白,medium,部分地区按大产地命名
1447-6,1447,装饰石材及石材制品 > 天然石材 > 花岗石板,material,天然桃红花岗岩,桃红花,medium,红色桃花色系石材口语叫法
1447-6,1447,装饰石材及石材制品 > 天然石材 > 花岗石板,material,太白青花岗岩,太白青,medium,全名称即为常见简称
1447-6,1447,装饰石材及石材制品 > 天然石材 > 花岗石板,material,太行红花岗岩,太行红,high,产地加颜色缩写
1447-6,1447,装饰石材及石材制品 > 天然石材 > 花岗石板,material,奇台黄花岗岩,奇台黄,high,产地加颜色简称
1447-6,1447,装饰石材及石材制品 > 天然石材 > 花岗石板,material,奥巴马灰花岗岩,奥巴马灰,high,全名称常见简称
1447-6,1447,装饰石材及石材制品 > 天然石材 > 花岗石板,material,奥文度金花岗岩,奥文度金,high,进口石材音译名即为俗称
1447-6,1447,装饰石材及石材制品 > 天然石材 > 花岗石板,material,奥特曼花岗岩,奥特曼,high,全名称直接用作口语简称
1447-6,1447,装饰石材及石材制品 > 天然石材 > 花岗石板,material,奶油金麻花岗岩,奶油金,medium,黄色系麻石石材的常用简称
1447-6,1447,装饰石材及石材制品 > 天然石材 > 花岗石板,material,孔雀绿花岗岩,孔雀绿,high,全名称直接用作口语简称
1447-6,1447,装饰石材及石材制品 > 天然石材 > 花岗石板,material,安哥拉棕花岗岩,安哥拉棕,high,全名称即为常用叫法
1447-6,1447,装饰石材及石材制品 > 天然石材 > 花岗石板,material,安大略白花岗岩,安大略白,high,进口石材按产地直接命名简称
1447-8,1447,装饰石材及石材制品 > 天然石材 > 花岗石板,material,巴西奥文度金麻花岗岩,奥文度金麻,high,原产地前缀省略后的常用简称
1447-8,1447,装饰石材及石材制品 > 天然石材 > 花岗石板,material,巴西幻彩绿花岗岩,幻彩绿,high,原产地前缀省略后的常用简称
1447-8,1447,装饰石材及石材制品 > 天然石材 > 花岗石板,material,巴西白麻花岗岩,巴西白,medium,施工现场对巴西产白麻系列的口语简称
1447-8,1447,装饰石材及石材制品 > 天然石材 > 花岗石板,material,巴西蓝花岗岩,巴西蓝,medium,施工现场口语简称
1447-8,1447,装饰石材及石材制品 > 天然石材 > 花岗石板,material,巴西金花岗岩,巴西金,medium,施工现场口语简称
1447-8,1447,装饰石材及石材制品 > 天然石材 > 花岗石板,material,巴西金麻花岗岩,巴西金麻,high,原产地与特征组合的简称
1447-8,1447,装饰石材及石材制品 > 天然石材 > 花岗石板,material,巴西黑花岗岩,巴西黑,medium,施工现场口语简称
1447-8,1447,装饰石材及石材制品 > 天然石材 > 花岗石板,material,帝王金麻花岗岩,帝王金,medium,施工现场口语简称
1447-8,1447,装饰石材及石材制品 > 天然石材 > 花岗石板,material,山西黑花岗岩,山西黑,high,石材行业常用简称
1447-8,1447,装饰石材及石材制品 > 天然石材 > 花岗石板,material,岑溪红花岗岩,岑溪红,high,产地加颜色特征的标准简称
1447-8,1447,装饰石材及石材制品 > 天然石材 > 花岗石板,material,崂山红花岗岩,崂山红,high,产地加颜色特征的标准简称
1447-8,1447,装饰石材及石材制品 > 天然石材 > 花岗石板,material,川红花岗岩,川红,medium,石材行业常用简称
1447-8,1447,装饰石材及石材制品 > 天然石材 > 花岗石板,material,山东青花岗岩,山东青,medium,产地加颜色特征的口语简称
1447-8,1447,装饰石材及石材制品 > 天然石材 > 花岗石板,material,山东黄麻花岗岩,山东黄麻,high,石材行业常用全称简称
1447-8,1447,装饰石材及石材制品 > 天然石材 > 花岗石板,material,山东黑花岗岩,山东黑,medium,产地加颜色特征的口语简称
1447-7,1447,装饰石材及石材制品 > 天然石材 > 花岗石板,material,安溪红花岗岩,安溪红,high,地域+颜色简称，石材行业常见叫法
1447-7,1447,装饰石材及石材制品 > 天然石材 > 花岗石板,material,富贵红花岗岩,富贵红,high,省略石材种类，直接使用品名简称
1447-7,1447,装饰石材及石材制品 > 天然石材 > 花岗石板,material,寿宁红花岗岩,寿宁红,high,地域+颜色简称
1447-7,1447,装饰石材及石材制品 > 天然石材 > 花岗石板,material,将军红花岗岩,将军红,high,省略石材种类，使用品名简称
1447-7,1447,装饰石材及石材制品 > 天然石材 > 花岗石板,material,小白麻花岗岩,白麻,low,花岗岩常见颜色纹理俗称
1447-7,1447,装饰石材及石材制品 > 天然石材 > 花岗石板,material,山东灰麻花岗岩,灰麻,medium,通用颜色纹理俗称，现场简化叫法
1447-7,1447,装饰石材及石材制品 > 天然石材 > 花岗石板,material,山东灰麻花岗岩,山东灰麻,high,地域+颜色纹理简称
1447-7,1447,装饰石材及石材制品 > 天然石材 > 花岗石板,material,山东白麻(中花)花岗岩,中花白麻,high,白麻系列按花纹大小细分，工地常用简称
1447-7,1447,装饰石材及石材制品 > 天然石材 > 花岗石板,material,山东白麻(中花)花岗岩,山东白麻中花,high,产地加品种加规格细分的简称
1447-7,1447,装饰石材及石材制品 > 天然石材 > 花岗石板,material,山东白麻(大花)花岗岩,大花白麻,high,花纹大小加品种简称
1447-7,1447,装饰石材及石材制品 > 天然石材 > 花岗石板,material,山东白麻(大花)花岗岩,山东白麻大花,high,产地加品种加规格细分的简称
1447-7,1447,装饰石材及石材制品 > 天然石材 > 花岗石板,material,山东白麻(小花)花岗岩,小花白麻,high,花纹大小加品种简称
1447-7,1447,装饰石材及石材制品 > 天然石材 > 花岗石板,material,山东白麻(小花)花岗岩,山东白麻小花,high,产地加品种加规格细分的简称
1447-7,1447,装饰石材及石材制品 > 天然石材 > 花岗石板,material,山东白麻花岗岩,白麻,medium,省略产地和种类，通用俗称
1447-7,1447,装饰石材及石材制品 > 天然石材 > 花岗石板,material,山东米黄花岗岩,米黄石,medium,颜色加常见石料后缀
1447-7,1447,装饰石材及石材制品 > 天然石材 > 花岗石板,material,山东锈石花岗岩,锈石,medium,通用颜色纹理俗称，现场简化叫法
1447-7,1447,装饰石材及石材制品 > 天然石材 > 花岗石板,material,山东锈石花岗岩,山东锈石,high,地域+颜色纹理简称
1447-9,1447,装饰石材及石材制品 > 天然石材 > 花岗石板,material,帝皇金花岗岩,帝王金,medium,音近别称，市场上常混用
1447-9,1447,装饰石材及石材制品 > 天然石材 > 花岗石板,material,幻彩白钻花岗岩,幻彩白麻,medium,类似花色的白麻花岗岩俗称
1447-9,1447,装饰石材及石材制品 > 天然石材 > 花岗石板,material,幻彩红花岗岩,幻彩红,high,省略‘花’‘岗岩’的口语简称
1447-9,1447,装饰石材及石材制品 > 天然石材 > 花岗石板,material,幻彩绿花岗岩,幻彩绿,high,省略‘花’‘岗岩’的口语简称
1447-9,1447,装饰石材及石材制品 > 天然石材 > 花岗石板,material,幻彩金麻花岗岩,幻彩黄金麻,medium,与黄金麻相似，现场混称
1447-9,1447,装饰石材及石材制品 > 天然石材 > 花岗石板,material,店子灰花岗岩,店子灰,high,产地+颜色的口语简称
1447-9,1447,装饰石材及石材制品 > 天然石材 > 花岗石板,material,康保红花岗岩,康保红,high,产地+颜色的简称
1447-9,1447,装饰石材及石材制品 > 天然石材 > 花岗石板,material,廉江中花花岗岩,廉江花,high,产地简称
1447-9,1447,装饰石材及石材制品 > 天然石材 > 花岗石板,material,徂莱灰花岗岩,徂徕灰,medium,纠正为常见字‘徕’，产地+颜色
1447-9,1447,装饰石材及石材制品 > 天然石材 > 花岗石板,material,惠东红花岗岩,惠东红,high,产地+颜色的简称
1447-9,1447,装饰石材及石材制品 > 天然石材 > 花岗石板,material,意大利灰花岗岩,意大利灰,high,进口石材常见简称
1447-9,1447,装饰石材及石材制品 > 天然石材 > 花岗石板,material,承德兰花岗岩,承德兰,high,产地+花色简称
1447-9,1447,装饰石材及石材制品 > 天然石材 > 花岗石板,material,承德绿花岗岩,承德绿,high,产地+颜色简称
1447-9,1447,装饰石材及石材制品 > 天然石材 > 花岗石板,material,抛光面芝麻灰花岗岩,芝麻灰光面,medium,工艺+花色的现场叫法
1447-9,1447,装饰石材及石材制品 > 天然石材 > 花岗石板,material,抛光面芝麻白花岗岩,芝麻白光面,medium,工艺+花色的现场叫法
1447-9,1447,装饰石材及石材制品 > 天然石材 > 花岗石板,material,抛光面黄金麻花岗岩,黄金麻光面,high,工艺+花色的现场叫法
1447-9,1447,装饰石材及石材制品 > 天然石材 > 花岗石板,material,抛光面黄锈石花岗岩,黄锈石光面,high,工艺+花色的现场叫法
1447-9,1447,装饰石材及石材制品 > 天然石材 > 花岗石板,material,揭阳红花岗岩,揭阳红,high,产地+颜色的简称
1447-10,1447,装饰石材及石材制品 > 天然石材 > 花岗石板,material,撒哈拉金花岗岩,金钻麻,medium,市场上常见的另一种金色花岗岩别称，因撒哈拉金与该品种外观相似，经常混用
1447-10,1447,装饰石材及石材制品 > 天然石材 > 花岗石板,material,文登白花岗岩,威海白麻,medium,文登白产自山东威海，行业内常直接按产地加颜色特征称呼
1447-10,1447,装饰石材及石材制品 > 天然石材 > 花岗石板,material,新印度红花岗岩,新印度红,high,石材市场采购时常用简称，省去花岗岩三字
1447-10,1447,装饰石材及石材制品 > 天然石材 > 花岗石板,material,新珍珠花花岗岩,珍珠花,high,老牌国产花岗岩品种，工地及采购常直接称珍珠花，不加新字
1447-10,1447,装饰石材及石材制品 > 天然石材 > 花岗石板,material,新疆红花岗岩,鄯善红,high,新疆红中品质较好、有代表性的矿口位于鄯善，业内以此代称
1447-10,1447,装饰石材及石材制品 > 天然石材 > 花岗石板,material,新虾红花岗岩,虾红,high,虾红花岗岩的常用简称，口语中常省略新字
1447-10,1447,装饰石材及石材制品 > 天然石材 > 花岗石板,material,新雅米黄花岗岩,雅米黄,medium,石材商贸中常见的颜色名称简称，常去掉新字及花岗岩后缀
1447-10,1447,装饰石材及石材制品 > 天然石材 > 花岗石板,material,晶白玉花岗岩,晶白玉,high,采购及施工现场直接简称，省略花岗岩
1447-10,1447,装饰石材及石材制品 > 天然石材 > 花岗石板,material,枫叶红花岗岩,枫叶红,high,施工现场及石材市场常用简称
1447-12,1447,装饰石材及石材制品 > 天然石材 > 花岗石板,material,永定红花岗岩,永定红,high,石材行业常用产地加颜色简称
1447-12,1447,装饰石材及石材制品 > 天然石材 > 花岗石板,material,江西红花岗岩,江西红,high,石材行业常用产地加颜色简称
1447-12,1447,装饰石材及石材制品 > 天然石材 > 花岗石板,material,沁阳红花岗岩,沁阳红,high,石材行业常用产地加颜色简称
1447-12,1447,装饰石材及石材制品 > 天然石材 > 花岗石板,material,沙利士红花岗岩,沙利士红,high,进口石材音译名简称
1447-12,1447,装饰石材及石材制品 > 天然石材 > 花岗石板,material,沙力士红花岗岩,沙力士红,high,进口石材音译名简称
1447-12,1447,装饰石材及石材制品 > 天然石材 > 花岗石板,material,泉州白花岗岩,泉州白,high,石材行业常用产地加颜色简称
1447-12,1447,装饰石材及石材制品 > 天然石材 > 花岗石板,material,泌阳红花岗岩,泌阳红,high,石材行业常用产地加颜色简称
1447-12,1447,装饰石材及石材制品 > 天然石材 > 花岗石板,material,法国木纹石花岗岩,法国木纹,high,进口石材常用国别加品名简称
1447-12,1447,装饰石材及石材制品 > 天然石材 > 花岗石板,material,济南青花岗岩,济南青,high,石材行业常用产地加颜色简称，著名的花岗石品种
1447-12,1447,装饰石材及石材制品 > 天然石材 > 花岗石板,material,海南黑花岗岩,海南黑,high,石材行业常用产地加颜色简称
1447-11,1447,装饰石材及石材制品 > 天然石材 > 花岗石板,material,柏坡黄花岗岩,柏坡黄,high,石材名称简化俗称
1447-11,1447,装饰石材及石材制品 > 天然石材 > 花岗石板,material,柳园红花岗岩,柳园红,high,石材名称简化俗称
1447-11,1447,装饰石材及石材制品 > 天然石材 > 花岗石板,material,树挂冰花花岗岩,树挂冰花,high,石材名称简化俗称
1447-11,1447,装饰石材及石材制品 > 天然石材 > 花岗石板,material,桂林红花岗岩,桂林红,high,石材名称简化俗称
1447-11,1447,装饰石材及石材制品 > 天然石材 > 花岗石板,material,桃花红花岗岩,桃花红,high,石材名称简化俗称
1447-11,1447,装饰石材及石材制品 > 天然石材 > 花岗石板,material,桔红花岗岩,桔红,medium,石材名称简化俗称
1447-11,1447,装饰石材及石材制品 > 天然石材 > 花岗石板,material,梦幻白花岗岩,梦幻白,high,石材名称简化俗称
1447-11,1447,装饰石材及石材制品 > 天然石材 > 花岗石板,material,梦幻蓝花岗岩,梦幻蓝,high,石材名称简化俗称
1447-11,1447,装饰石材及石材制品 > 天然石材 > 花岗石板,material,梨花白花岗岩,梨花白,high,石材名称简化俗称
1447-11,1447,装饰石材及石材制品 > 天然石材 > 花岗石板,material,梨花红花岗岩,梨花红,high,石材名称简化俗称
1447-11,1447,装饰石材及石材制品 > 天然石材 > 花岗石板,material,棕钻花岗岩,棕钻,high,石材名称简化俗称
1447-11,1447,装饰石材及石材制品 > 天然石材 > 花岗石板,material,棕麻花岗岩,棕麻,high,石材名称简化俗称
1447-11,1447,装饰石材及石材制品 > 天然石材 > 花岗石板,material,森林绿花岗岩,森林绿,high,石材名称简化俗称
1447-11,1447,装饰石材及石材制品 > 天然石材 > 花岗石板,material,楼兰金花岗岩,楼兰金,high,石材名称简化俗称
1447-11,1447,装饰石材及石材制品 > 天然石材 > 花岗石板,material,樱花白花岗岩,樱花白,high,石材名称简化俗称
1447-11,1447,装饰石材及石材制品 > 天然石材 > 花岗石板,material,樱花红花岗岩,樱花红,high,石材名称简化俗称
1447-11,1447,装饰石材及石材制品 > 天然石材 > 花岗石板,material,橄榄绿花岗岩,橄榄绿,high,石材名称简化俗称
1447-11,1447,装饰石材及石材制品 > 天然石材 > 花岗石板,material,橙色玫瑰花岗岩,橙色玫瑰,medium,石材名称简化俗称
1447-11,1447,装饰石材及石材制品 > 天然石材 > 花岗石板,material,欧亚金麻花岗岩,欧亚金麻,high,石材名称简化俗称
1447-11,1447,装饰石材及石材制品 > 天然石材 > 花岗石板,material,比萨金麻花岗岩,比萨金麻,high,石材名称简化俗称
1447-11,1447,装饰石材及石材制品 > 天然石材 > 花岗石板,material,水晶啡花岗岩,水晶啡,high,石材名称简化俗称
1447-13,1447,装饰石材及石材制品 > 天然石材 > 花岗石板,category,花岗石板,花岗岩板,high,板材形态的通用简称
1447-13,1447,装饰石材及石材制品 > 天然石材 > 花岗石板,category,花岗石板,麻石,medium,部分表面有麻点的花岗岩俗称
1447-13,1447,装饰石材及石材制品 > 天然石材 > 花岗石板,material,海沧白花岗岩,海沧白,high,省略花岗岩的简称
1447-13,1447,装饰石材及石材制品 > 天然石材 > 花岗石板,material,海浪花花岗岩,海浪花,high,省略花岗岩的简称
1447-13,1447,装饰石材及石材制品 > 天然石材 > 花岗石板,material,深啡网花岗岩,深啡网,medium,省略花岗岩的简称
1447-13,1447,装饰石材及石材制品 > 天然石材 > 花岗石板,material,清远红花岗岩,清远红,high,产地加颜色简称
1447-13,1447,装饰石材及石材制品 > 天然石材 > 花岗石板,material,湖北白麻花岗岩,湖北白麻,high,产地加品种简称
1447-13,1447,装饰石材及石材制品 > 天然石材 > 花岗石板,material,湖北白麻花岗岩,白麻,medium,品种颜色俗称
1447-13,1447,装饰石材及石材制品 > 天然石材 > 花岗石板,material,湖北虾红花岗岩,虾红,medium,品种颜色俗称
1447-13,1447,装饰石材及石材制品 > 天然石材 > 花岗石板,material,湖北黄金麻花岗岩,黄金麻,high,品种颜色俗称
1447-13,1447,装饰石材及石材制品 > 天然石材 > 花岗石板,material,湖北黄金麻花岗岩,湖北黄金麻,high,产地加品种简称
1447-13,1447,装饰石材及石材制品 > 天然石材 > 花岗石板,material,湖南芝麻白花岗岩,芝麻白,high,品种颜色俗称
1447-13,1447,装饰石材及石材制品 > 天然石材 > 花岗石板,material,湘白玉花岗岩,湘白玉,medium,省略花岗岩的简称
1447-13,1447,装饰石材及石材制品 > 天然石材 > 花岗石板,material,湛江黑花岗岩,湛江黑,high,产地加颜色简称
1447-13,1447,装饰石材及石材制品 > 天然石材 > 花岗石板,material,漳州红花岗岩,漳州红,medium,产地加颜色简称
1447-13,1447,装饰石材及石材制品 > 天然石材 > 花岗石板,material,漳浦红花岗岩,漳浦红,medium,产地加颜色简称
1447-13,1447,装饰石材及石材制品 > 天然石材 > 花岗石板,material,漳浦锈花岗岩,漳浦锈,high,产地加颜色简称
1447-13,1447,装饰石材及石材制品 > 天然石材 > 花岗石板,material,漳浦青花岗岩,漳浦青,medium,产地加颜色简称
1447-13,1447,装饰石材及石材制品 > 天然石材 > 花岗石板,material,火山石花岗岩,火山岩,medium,材质俗称
1447-13,1447,装饰石材及石材制品 > 天然石材 > 花岗石板,material,火烧板花岗岩,火烧板,high,表面处理工艺俗称
1447-13,1447,装饰石材及石材制品 > 天然石材 > 花岗石板,material,火烧面芝麻灰花岗岩,火烧面芝麻灰,high,工艺加品种简称
1447-13,1447,装饰石材及石材制品 > 天然石材 > 花岗石板,material,火烧面芝麻白花岗岩,火烧面芝麻白,high,工艺加品种简称
1447-15,1447,装饰石材及石材制品 > 天然石材 > 花岗石板,material,白麻花岗岩,芝麻白,high,白麻花岗岩在施工现场和采购中最通用的俗称
1447-15,1447,装饰石材及石材制品 > 天然石材 > 花岗石板,material,白麻花岗岩,白麻石,high,口语中常将花岗岩简称为麻石
1447-15,1447,装饰石材及石材制品 > 天然石材 > 花岗石板,material,福建白麻花岗岩,福建白麻,high,现场口语常省略花岗岩三字
1447-15,1447,装饰石材及石材制品 > 天然石材 > 花岗石板,material,福建芝麻白花岗岩,福建芝麻白,high,芝麻白是白麻系列的常见叫法，加上产地
1447-15,1447,装饰石材及石材制品 > 天然石材 > 花岗石板,material,福建芝麻白花岗岩,G603,medium,福建芝麻白常见的标准矿口编号，采购时常用
1447-15,1447,装饰石材及石材制品 > 天然石材 > 花岗石板,material,福建芝麻黑花岗岩,福建芝麻黑,high,口语省略花岗岩
1447-15,1447,装饰石材及石材制品 > 天然石材 > 花岗石板,material,福建芝麻黑花岗岩,G654,high,福建芝麻黑的标准矿口编号，行业通用
1447-15,1447,装饰石材及石材制品 > 天然石材 > 花岗石板,material,皇室啡花岗岩,皇室啡,high,口语省略花岗岩
1447-15,1447,装饰石材及石材制品 > 天然石材 > 花岗石板,material,皇室啡花岗岩,啡钻,medium,皇室啡属于啡钻系列花岗岩
1447-15,1447,装饰石材及石材制品 > 天然石材 > 花岗石板,material,皇室棕麻花岗岩,皇室棕,high,口语简化叫法
1447-15,1447,装饰石材及石材制品 > 天然石材 > 花岗石板,material,皇室金麻花岗岩,黄金麻,medium,皇室金麻在市场上的常见俗称
1447-15,1447,装饰石材及石材制品 > 天然石材 > 花岗石板,material,石岛红花岗岩,石岛红,high,口语省略花岗岩，山东荣成石岛产
1447-15,1447,装饰石材及石材制品 > 天然石材 > 花岗石板,material,福州白花岗岩,福州白,high,口语省略花岗岩
1447-15,1447,装饰石材及石材制品 > 天然石材 > 花岗石板,material,福建白花岗岩,福建白,high,口语省略花岗岩，泛指福建产白色花岗石
1447-15,1447,装饰石材及石材制品 > 天然石材 > 花岗石板,material,白锈石花岗岩,白锈石,high,口语省略花岗岩
1447-15,1447,装饰石材及石材制品 > 天然石材 > 花岗石板,material,白锈石花岗岩,锈石白,medium,锈石系列中的白色品种叫法
1447-15,1447,装饰石材及石材制品 > 天然石材 > 花岗石板,material,白钻石花岗岩,白钻石,medium,口语简称
1447-15,1447,装饰石材及石材制品 > 天然石材 > 花岗石板,material,白钻花岗岩,白钻,medium,口语简称
1447-15,1447,装饰石材及石材制品 > 天然石材 > 花岗石板,material,神州绿花岗岩,神州绿,high,口语省略花岗岩
1447-14,1447,装饰石材及石材制品 > 天然石材 > 花岗石板,material,火烧面黄金麻花岗岩,黄金麻,high,省略加工工艺和岩种的通用商业俗称
1447-14,1447,装饰石材及石材制品 > 天然石材 > 花岗石板,material,火烧面黄金麻花岗岩,黄麻,medium,行业内对黄金麻花岗岩的简化称呼
1447-14,1447,装饰石材及石材制品 > 天然石材 > 花岗石板,material,火烧面黄锈石花岗岩,黄锈石,high,省略加工工艺和岩种的通用俗称
1447-14,1447,装饰石材及石材制品 > 天然石材 > 花岗石板,material,火烧面黄锈石花岗岩,锈石,medium,行业内对黄锈石的色系简称
1447-14,1447,装饰石材及石材制品 > 天然石材 > 花岗石板,material,灰木纹花岗岩,灰木纹,high,行业内直接以品名作为简称
1447-14,1447,装饰石材及石材制品 > 天然石材 > 花岗石板,material,灰珍珠花岗岩,灰珍珠,high,行业内直接以品名作为简称
1447-14,1447,装饰石材及石材制品 > 天然石材 > 花岗石板,material,灰钻花岗岩,灰钻,high,行业内直接以品名作为简称
1447-14,1447,装饰石材及石材制品 > 天然石材 > 花岗石板,material,灰麻花岗岩,灰麻,high,省略岩种的通用商业俗称
1447-14,1447,装饰石材及石材制品 > 天然石材 > 花岗石板,material,灰麻花岗岩,芝麻灰,medium,施工现场对灰色麻石系列的口语叫法
1447-14,1447,装饰石材及石材制品 > 天然石材 > 花岗石板,material,热带雨林花岗岩,热带雨林,high,行业内直接以品名作为简称
1447-14,1447,装饰石材及石材制品 > 天然石材 > 花岗石板,material,爱马仕灰花岗岩,爱马仕灰,high,行业内直接以品名作为简称
1447-14,1447,装饰石材及石材制品 > 天然石材 > 花岗石板,material,爵士白花岗岩,爵士白,high,行业内直接以品名作为简称
1447-14,1447,装饰石材及石材制品 > 天然石材 > 花岗石板,material,牟平白花岗岩,牟平白,high,行业内直接以品名作为简称
1447-14,1447,装饰石材及石材制品 > 天然石材 > 花岗石板,material,牡丹红花岗岩,牡丹红,high,行业内直接以品名作为简称
1447-14,1447,装饰石材及石材制品 > 天然石材 > 花岗石板,material,玉洞石花岗岩,玉洞石,high,行业内直接以品名作为简称
1447-14,1447,装饰石材及石材制品 > 天然石材 > 花岗石板,material,玫瑰白麻花岗岩,玫瑰白麻,high,行业内直接以品名作为简称
1447-14,1447,装饰石材及石材制品 > 天然石材 > 花岗石板,material,玫瑰红花岗岩,玫瑰红,high,行业内直接以品名作为简称
1447-14,1447,装饰石材及石材制品 > 天然石材 > 花岗石板,material,珊瑚红花岗岩,珊瑚红,high,行业内直接以品名作为简称
1447-14,1447,装饰石材及石材制品 > 天然石材 > 花岗石板,material,珊瑚绿花岗岩,珊瑚绿,high,行业内直接以品名作为简称
1447-14,1447,装饰石材及石材制品 > 天然石材 > 花岗石板,material,珍珠白花岗岩,珍珠白,high,行业内直接以品名作为简称
1447-14,1447,装饰石材及石材制品 > 天然石材 > 花岗石板,material,珍珠白麻花岗岩,珍珠白麻,high,行业内直接以品名作为简称
1447-14,1447,装饰石材及石材制品 > 天然石材 > 花岗石板,material,珍珠白麻花岗岩,白麻,medium,施工现场对白色麻石系列的统称，有时口语中混合使用
1447-14,1447,装饰石材及石材制品 > 天然石材 > 花岗石板,material,珍珠红花岗岩,珍珠红,high,行业内直接以品名作为简称
1447-14,1447,装饰石材及石材制品 > 天然石材 > 花岗石板,material,珍珠花花岗岩,珍珠花,high,行业内直接以品名作为简称
1447-14,1447,装饰石材及石材制品 > 天然石材 > 花岗石板,material,珍珠蓝花岗岩,珍珠蓝,high,行业内直接以品名作为简称
1447-14,1447,装饰石材及石材制品 > 天然石材 > 花岗石板,material,珍珠黑花岗岩,珍珠黑,high,行业内直接以品名作为简称
1447-14,1447,装饰石材及石材制品 > 天然石材 > 花岗石板,material,白玉兰花岗岩,白玉兰,high,行业内直接以品名作为简称
1447-16,1447,装饰石材及石材制品 > 天然石材 > 花岗石板,category,花岗石板,花岗岩板,high,施工现场对花岗石板材的常用口语叫法
1447-16,1447,装饰石材及石材制品 > 天然石材 > 花岗石板,category,花岗石板,麻石,high,花岗岩的传统俗称
1447-16,1447,装饰石材及石材制品 > 天然石材 > 花岗石板,category,花岗石板,花岗石,medium,口语中常将花岗岩板材简称为花岗石
1447-16,1447,装饰石材及石材制品 > 天然石材 > 花岗石板,material,福建青花岗岩,福建青,high,去掉通名，采购和施工中常见的简称
1447-16,1447,装饰石材及石材制品 > 天然石材 > 花岗石板,material,福建青花岗岩,G654,high,福建青花岗岩的国标编号俗称
1447-16,1447,装饰石材及石材制品 > 天然石材 > 花岗石板,material,福贵红花岗岩,福贵红,high,去掉通名形成的行业简称
1447-16,1447,装饰石材及石材制品 > 天然石材 > 花岗石板,material,福鼎黑花岗岩,福鼎黑,high,行业标准简称
1447-16,1447,装饰石材及石材制品 > 天然石材 > 花岗石板,material,福鼎黑花岗岩,G684,high,福鼎黑花岗岩的通用编号叫法
1447-16,1447,装饰石材及石材制品 > 天然石材 > 花岗石板,material,禾山红花岗岩,禾山红,medium,采购时常用的品种简称
1447-16,1447,装饰石材及石材制品 > 天然石材 > 花岗石板,material,童子黑花岗岩,童子黑,medium,石材市场对该品种的常用叫法
1447-16,1447,装饰石材及石材制品 > 天然石材 > 花岗石板,material,米黄色花岗岩,米黄麻,medium,米黄色花岗岩常被称为米黄麻
1447-16,1447,装饰石材及石材制品 > 天然石材 > 花岗石板,material,粉红麻花岗岩,粉红麻,high,去掉通名形成的行业简称
1447-16,1447,装饰石材及石材制品 > 天然石材 > 花岗石板,material,索勒金麻花岗岩,索勒金麻,high,石材采购中使用的品种简称
1447-16,1447,装饰石材及石材制品 > 天然石材 > 花岗石板,material,索菲特金花岗岩,索菲特金,high,进口花岗岩常用的中文简称
1447-16,1447,装饰石材及石材制品 > 天然石材 > 花岗石板,material,紫彩麻花岗岩,紫彩麻,high,行业通用的简称叫法
1447-16,1447,装饰石材及石材制品 > 天然石材 > 花岗石板,material,紫点白麻花岗岩,紫点白麻,medium,白麻系列石材加上特征点形成的口语叫法
1447-16,1447,装饰石材及石材制品 > 天然石材 > 花岗石板,material,紫红花花岗岩,紫红花,medium,去掉通名形成的品名简称
1447-16,1447,装饰石材及石材制品 > 天然石材 > 花岗石板,material,紫红麻花岗岩,紫红麻,high,行业常用的品种简称
1447-16,1447,装饰石材及石材制品 > 天然石材 > 花岗石板,material,紫罗红花岗岩,紫罗红,high,市场上对该品种的常用叫法
1447-18,1447,装饰石材及石材制品 > 天然石材 > 花岗石板,category,花岗石板,麻石,high,花岗岩在南方部分工地及石材市场的通用俗称
1447-18,1447,装饰石材及石材制品 > 天然石材 > 花岗石板,category,花岗石板,花岗石板材,high,指加工成板状的花岗岩，采购口语中常简化为板材
1447-18,1447,装饰石材及石材制品 > 天然石材 > 花岗石板,category,花岗石板,花岗石光板,medium,部分地区对磨光花岗岩板的泛称
1447-18,1447,装饰石材及石材制品 > 天然石材 > 花岗石板,category,花岗石板,火烧板,medium,花岗岩常见的火烧面加工板材，在施工现场常代指此类板材
1447-18,1447,装饰石材及石材制品 > 天然石材 > 花岗石板,material,美国灰花岗岩,美国灰石,medium,施工现场及贸易中常简化叫法
1447-18,1447,装饰石材及石材制品 > 天然石材 > 花岗石板,material,美国灰麻花岗岩,美灰麻,high,进口石材贸易中常见的俗称
1447-18,1447,装饰石材及石材制品 > 天然石材 > 花岗石板,material,美国灰麻花岗岩,美国灰麻,high,省略花岗岩的简化叫法
1447-18,1447,装饰石材及石材制品 > 天然石材 > 花岗石板,material,美国白麻花岗岩,美白麻,high,石材市场及设计端常用俗称
1447-18,1447,装饰石材及石材制品 > 天然石材 > 花岗石板,material,美国白麻花岗岩,美国白麻,high,省略花岗岩的简化叫法
1447-18,1447,装饰石材及石材制品 > 天然石材 > 花岗石板,material,翡翠绿花岗岩,翡翠绿,high,省略花岗岩的行业简称
1447-18,1447,装饰石材及石材制品 > 天然石材 > 花岗石板,material,自然面花岗岩,自然面,high,指代具有自然劈裂面的花岗岩板
1447-18,1447,装饰石材及石材制品 > 天然石材 > 花岗石板,material,自然面花岗岩,蘑菇石,low,当自然面花岗岩用于外墙且表面凹凸时，常被误称或代称为蘑菇石
1447-18,1447,装饰石材及石材制品 > 天然石材 > 花岗石板,material,芝麻灰花岗岩,芝麻灰,high,省略花岗岩的行业简称
1447-18,1447,装饰石材及石材制品 > 天然石材 > 花岗石板,material,芝麻灰花岗岩,G654,low,若指代福建长乐芝麻灰，该编号在石材贸易中很常见
1447-18,1447,装饰石材及石材制品 > 天然石材 > 花岗石板,material,芝麻白花岗岩,芝麻白,high,省略花岗岩的行业简称
1447-18,1447,装饰石材及石材制品 > 天然石材 > 花岗石板,material,芝麻白花岗岩,白麻,low,部分地区及工地对芝麻白、白麻类石材的混称
1447-18,1447,装饰石材及石材制品 > 天然石材 > 花岗石板,material,芝麻黑花岗岩,芝麻黑,high,省略花岗岩的行业简称
1447-18,1447,装饰石材及石材制品 > 天然石材 > 花岗石板,material,芝麻黑花岗岩,G654,medium,芝麻黑常见对应编号，贸易口语中常直接叫编号
1447-18,1447,装饰石材及石材制品 > 天然石材 > 花岗石板,material,英国棕(黑底)花岗岩,黑底英国棕,high,石材采购中对底色的特指叫法
1447-18,1447,装饰石材及石材制品 > 天然石材 > 花岗石板,material,英国棕花岗岩,英国棕,high,省略花岗岩的行业简称
1447-18,1447,装饰石材及石材制品 > 天然石材 > 花岗石板,material,英国棕花岗岩,英棕,high,石材贸易中的口语简称
1447-18,1447,装饰石材及石材制品 > 天然石材 > 花岗石板,material,英国红棕花岗岩,红棕,medium,石材采购中的口语简称
1447-19,1447,装饰石材及石材制品 > 天然石材 > 花岗石板,category,花岗石板,麻石,high,花岗岩在施工现场的通用俗称
1447-19,1447,装饰石材及石材制品 > 天然石材 > 花岗石板,material,荔枝面芝麻灰花岗岩,荔枝面灰麻,medium,芝麻灰是灰色花岗岩常见品种，常简称为灰麻
1447-19,1447,装饰石材及石材制品 > 天然石材 > 花岗石板,material,荔枝面芝麻白花岗岩,荔枝面白麻,medium,芝麻白是白色花岗岩常见品种，常简称为白麻
1447-19,1447,装饰石材及石材制品 > 天然石材 > 花岗石板,material,荔枝面黄金麻花岗岩,荔枝面黄麻,medium,黄金麻是黄色花岗岩常见品种，常简称为黄麻
1447-19,1447,装饰石材及石材制品 > 天然石材 > 花岗石板,material,荔枝面黄锈石花岗岩,荔枝面锈石,medium,黄锈石常被简称为锈石
1447-19,1447,装饰石材及石材制品 > 天然石材 > 花岗石板,material,荥经红花岗岩,荥经红,medium,以产地和颜色命名，采购时常省略花岗岩
1447-19,1447,装饰石材及石材制品 > 天然石材 > 花岗石板,material,莆田锈花岗岩,莆田锈,medium,以产地和颜色命名，采购时常省略花岗岩
1447-19,1447,装饰石材及石材制品 > 天然石材 > 花岗石板,material,莎安娜米黄花岗岩,莎安娜,low,莎安娜是米黄大理石著名品种，此处可能为花岗岩类似命名，采购中常直呼莎安娜
1447-19,1447,装饰石材及石材制品 > 天然石材 > 花岗石板,material,莒红花岗岩,莒红,medium,以产地和颜色命名，采购时常省略花岗岩
1447-19,1447,装饰石材及石材制品 > 天然石材 > 花岗石板,material,莱州灰花岗岩,莱州灰,medium,以产地和颜色命名，采购时常省略花岗岩
1447-19,1447,装饰石材及石材制品 > 天然石材 > 花岗石板,material,莱州白麻花岗岩,莱州白麻,medium,以产地和颜色命名，采购时常省略花岗岩
1447-19,1447,装饰石材及石材制品 > 天然石材 > 花岗石板,material,莱州青花岗岩,莱州青,medium,以产地和颜色命名，采购时常省略花岗岩
1447-19,1447,装饰石材及石材制品 > 天然石材 > 花岗石板,material,葡萄牙米黄花岗岩,葡萄牙米黄,medium,以产地和颜色命名，采购时常省略花岗岩
1447-19,1447,装饰石材及石材制品 > 天然石材 > 花岗石板,material,蒙古黑花岗岩,蒙古黑,high,工程中极为常见的黑色花岗岩品种，通常直接称为蒙古黑
1447-19,1447,装饰石材及石材制品 > 天然石材 > 花岗石板,material,蓝宝石光面花岗岩,光面蓝宝石,medium,描述面层工艺，光面常置于品种名前
1447-19,1447,装饰石材及石材制品 > 天然石材 > 花岗石板,material,蓝宝石花岗岩,蓝宝石,high,采购时常用品种名指代，省略花岗岩
1447-19,1447,装饰石材及石材制品 > 天然石材 > 花岗石板,material,蓝山红花岗岩,蓝山红,medium,以产地和颜色命名，采购时常省略花岗岩
1447-17,1447,装饰石材及石材制品 > 天然石材 > 花岗石板,material,红棕花岗岩,红棕石,high,施工现场对颜色特征明显的花岗岩常省略花岗岩三字
1447-17,1447,装饰石材及石材制品 > 天然石材 > 花岗石板,material,红棕花岗岩,红棕麻,medium,部分带麻点特征的棕红色花岗岩口语称呼
1447-17,1447,装饰石材及石材制品 > 天然石材 > 花岗石板,material,红线米黄花岗岩,红线米黄,high,省略花岗岩三字的口语叫法
1447-17,1447,装饰石材及石材制品 > 天然石材 > 花岗石板,material,红线米黄花岗岩,红线金麻,low,部分采购端对浅色底带红纹石材的俗称
1447-17,1447,装饰石材及石材制品 > 天然石材 > 花岗石板,material,红色玫瑰花岗岩,红玫瑰,high,石材商和工地对玫瑰色系花岗岩的简称
1447-17,1447,装饰石材及石材制品 > 天然石材 > 花岗石板,material,红钻花岗岩,红钻,high,省略花岗岩三字的口语简称
1447-17,1447,装饰石材及石材制品 > 天然石材 > 花岗石板,material,红钻花岗岩,红钻麻,medium,带闪晶点特征的红色花岗岩俗称
1447-17,1447,装饰石材及石材制品 > 天然石材 > 花岗石板,material,红锈石花岗岩,红锈石,high,施工现场直接省略花岗岩的叫法
1447-17,1447,装饰石材及石材制品 > 天然石材 > 花岗石板,material,红麻花岗岩,红麻,high,省略花岗岩三字的口语简称
1447-17,1447,装饰石材及石材制品 > 天然石材 > 花岗石板,material,红麻花岗岩,红麻石,high,石材行业对红色麻面花岗岩的常见称呼
1447-17,1447,装饰石材及石材制品 > 天然石材 > 花岗石板,material,线啡花岗岩,线啡,high,省略花岗岩的口语简称
1447-17,1447,装饰石材及石材制品 > 天然石材 > 花岗石板,material,细啡珠花岗岩,细啡珠,high,口语中常省略花岗岩直接叫细啡珠
1447-17,1447,装饰石材及石材制品 > 天然石材 > 花岗石板,material,细啡珠花岗岩,细啡麻,medium,部分工地对细颗粒啡色花岗岩的称呼
1447-17,1447,装饰石材及石材制品 > 天然石材 > 花岗石板,material,维纳金麻花岗岩,维纳金麻,high,省略花岗岩三字的口语叫法
1447-17,1447,装饰石材及石材制品 > 天然石材 > 花岗石板,material,维纳金麻花岗岩,金麻,medium,采购端对金色麻面花岗岩的泛称，维纳金麻常被简化为金麻
1447-17,1447,装饰石材及石材制品 > 天然石材 > 花岗石板,material,绿星石花岗岩,绿星石,high,省略花岗岩的口语叫法
1447-17,1447,装饰石材及石材制品 > 天然石材 > 花岗石板,material,绿星花岗岩,绿星,high,口语简称
1447-17,1447,装饰石材及石材制品 > 天然石材 > 花岗石板,material,绿松蓝花岗岩,绿松蓝,high,省略花岗岩的口语叫法
1447-17,1447,装饰石材及石材制品 > 天然石材 > 花岗石板,material,绿蔷薇花岗岩,绿蔷薇,high,石材市场对蔷薇系列花岗岩的简称
1447-17,1447,装饰石材及石材制品 > 天然石材 > 花岗石板,material,绿蘑菇花岗岩,绿蘑菇,high,口语中直接省略花岗岩的叫法
1447-17,1447,装饰石材及石材制品 > 天然石材 > 花岗石板,material,绿蜘蛛花岗岩,绿蜘蛛,high,石材行业对网纹状绿色花岗岩的俗称
1447-17,1447,装饰石材及石材制品 > 天然石材 > 花岗石板,material,绿蝴碟花岗岩,绿蝴蝶,high,蝴碟为蝴蝶的异体字或误写，市场统一称绿蝴蝶
1447-17,1447,装饰石材及石材制品 > 天然石材 > 花岗石板,material,绿蝴蝶花岗岩,绿蝴蝶,high,省略花岗岩的口语叫法
1447-17,1447,装饰石材及石材制品 > 天然石材 > 花岗石板,material,罗原红花岗岩,罗原红,high,省略花岗岩的口语简称
1447-17,1447,装饰石材及石材制品 > 天然石材 > 花岗石板,material,罗岗红花岗岩,罗岗红,high,口语中省略花岗岩的叫法
1447-17,1447,装饰石材及石材制品 > 天然石材 > 花岗石板,material,罗源红花岗岩,罗源红,high,行业内对罗源产红色花岗岩的简称
1447-17,1447,装饰石材及石材制品 > 天然石材 > 花岗石板,material,罗源红花岗岩,罗源红麻,medium,部分商家对该品种的称呼
1447-17,1447,装饰石材及石材制品 > 天然石材 > 花岗石板,material,罗马白麻花岗岩,罗马白麻,high,省略花岗岩的口语叫法
1447-17,1447,装饰石材及石材制品 > 天然石材 > 花岗石板,material,罗马白麻花岗岩,白麻,low,在上下文明确是中高档进口白麻时可能直接用白麻简称
1447-17,1447,装饰石材及石材制品 > 天然石材 > 花岗石板,material,罗马金钻花岗岩,罗马金钻,high,省略花岗岩的口语简称
1447-17,1447,装饰石材及石材制品 > 天然石材 > 花岗石板,material,罗马金钻花岗岩,金钻麻,medium,部分采购端对金色带闪光点花岗岩的俗称
1447-17,1447,装饰石材及石材制品 > 天然石材 > 花岗石板,material,美利坚灰麻花岗岩,美利坚灰麻,high,省略花岗岩的口语叫法
1447-17,1447,装饰石材及石材制品 > 天然石材 > 花岗石板,material,美利坚灰麻花岗岩,美国灰麻,high,美利坚就是美国，工地常直接说美国灰麻
1447-17,1447,装饰石材及石材制品 > 天然石材 > 花岗石板,material,美利坚白麻花岗岩,美利坚白麻,high,口语中省略花岗岩的叫法
1447-17,1447,装饰石材及石材制品 > 天然石材 > 花岗石板,material,美利坚白麻花岗岩,美国白麻,high,施工现场对美利坚白麻的常见称呼
1447-17,1447,装饰石材及石材制品 > 天然石材 > 花岗石板,material,美利坚红花岗岩,美利坚红,high,省略花岗岩的口语叫法
1447-17,1447,装饰石材及石材制品 > 天然石材 > 花岗石板,material,美利坚红花岗岩,美国红麻,high,施工和采购端对美利坚产红色花岗岩的称呼
1447-20,1447,装饰石材及石材制品 > 天然石材 > 花岗石板,material,蓝星花岗岩,蓝星,high,省略花岗岩的简称
1447-20,1447,装饰石材及石材制品 > 天然石材 > 花岗石板,material,蓝珍珠花岗岩,蓝珍珠,high,省略花岗岩的简称
1447-20,1447,装饰石材及石材制品 > 天然石材 > 花岗石板,material,蓝豹花岗岩,蓝豹,high,省略花岗岩的简称
1447-20,1447,装饰石材及石材制品 > 天然石材 > 花岗石板,material,蓝金刚花岗岩,蓝金刚,high,省略花岗岩的简称
1447-20,1447,装饰石材及石材制品 > 天然石材 > 花岗石板,material,蓝钻花岗岩,蓝钻,high,省略花岗岩的简称
1447-20,1447,装饰石材及石材制品 > 天然石材 > 花岗石板,material,蓝麻花岗岩,蓝麻,high,省略花岗岩的简称
1447-20,1447,装饰石材及石材制品 > 天然石材 > 花岗石板,material,薰衣草花岗岩,薰衣草,medium,省略花岗岩的简称
1447-20,1447,装饰石材及石材制品 > 天然石材 > 花岗石板,material,虎皮纹花岗岩,虎皮纹,high,省略花岗岩的简称
1447-20,1447,装饰石材及石材制品 > 天然石材 > 花岗石板,material,虎皮纹花岗岩,虎皮花,medium,颜色纹理类似虎皮
1447-20,1447,装饰石材及石材制品 > 天然石材 > 花岗石板,material,虎皮黄花岗岩,虎皮黄,high,省略花岗岩的简称
1447-20,1447,装饰石材及石材制品 > 天然石材 > 花岗石板,material,虎贝花岗岩,虎贝,high,省略花岗岩的简称
1447-20,1447,装饰石材及石材制品 > 天然石材 > 花岗石板,material,虾红花岗岩,虾红,high,省略花岗岩的简称
1447-20,1447,装饰石材及石材制品 > 天然石材 > 花岗石板,material,蜂窝石花岗岩,蜂窝石,high,省略花岗岩的简称
1447-20,1447,装饰石材及石材制品 > 天然石材 > 花岗石板,material,蝴蝶兰花岗岩,蝴蝶兰,high,省略花岗岩的简称
1447-20,1447,装饰石材及石材制品 > 天然石材 > 花岗石板,material,蝴蝶绿花岗岩,蝴蝶绿,high,省略花岗岩的简称
1447-20,1447,装饰石材及石材制品 > 天然石材 > 花岗石板,material,蝴蝶蓝花岗岩,蝴蝶蓝,high,省略花岗岩的简称
1447-20,1447,装饰石材及石材制品 > 天然石材 > 花岗石板,material,蝴蝶青花岗岩,蝴蝶青,high,省略花岗岩的简称
1447-20,1447,装饰石材及石材制品 > 天然石材 > 花岗石板,material,西丽红花岗岩,西丽红,high,省略花岗岩的简称
1447-20,1447,装饰石材及石材制品 > 天然石材 > 花岗石板,material,西乡黑花岗岩,西乡黑,high,省略花岗岩的简称
1447-20,1447,装饰石材及石材制品 > 天然石材 > 花岗石板,material,西奈珍珠花岗岩,西奈珍珠,medium,省略花岗岩的简称
1447-20,1447,装饰石材及石材制品 > 天然石材 > 花岗石板,material,西班牙米黄花岗岩,西班牙米黄,high,省略花岗岩的简称
1447-20,1447,装饰石材及石材制品 > 天然石材 > 花岗石板,material,西班牙米黄花岗岩,西米,medium,西班牙米黄的施工现场口语简称
1447-20,1447,装饰石材及石材制品 > 天然石材 > 花岗石板,material,诏安锈花岗岩,诏安锈,medium,省略花岗岩的简称
1447-20,1447,装饰石材及石材制品 > 天然石材 > 花岗石板,material,诸广花花岗岩,诸广花,medium,省略花岗岩的简称
1447-20,1447,装饰石材及石材制品 > 天然石材 > 花岗石板,material,诺尔红花岗岩,诺尔红,high,省略花岗岩的简称
1447-20,1447,装饰石材及石材制品 > 天然石材 > 花岗石板,material,象牙黄花岗岩,象牙黄,high,省略花岗岩的简称
1447-20,1447,装饰石材及石材制品 > 天然石材 > 花岗石板,material,豹皮花花岗岩,豹皮花,high,省略花岗岩的简称
1447-22,1447,装饰石材及石材制品 > 天然石材 > 花岗石板,material,金线米黄花岗岩,金线米黄,high,施工现场及采购中常省略“花岗岩”后缀，直接以品种名简称称呼。
1447-22,1447,装饰石材及石材制品 > 天然石材 > 花岗石板,material,金钻麻花岗岩,金钻麻,high,施工现场及采购中常省略“花岗岩”后缀，直接以品种名简称称呼。
1447-22,1447,装饰石材及石材制品 > 天然石材 > 花岗石板,material,金麻花岗岩,金麻,high,施工现场及采购中常省略“花岗岩”后缀，直接以品种名简称称呼。
1447-22,1447,装饰石材及石材制品 > 天然石材 > 花岗石板,material,金黄锈石花岗岩,锈石,medium,行业内常将金黄锈石花岗岩简称为锈石，尤其在不强调颜色时。
1447-22,1447,装饰石材及石材制品 > 天然石材 > 花岗石板,material,银白龙花岗岩,银白龙,high,施工现场及采购中常省略“花岗岩”后缀，直接以品种名简称称呼。
1447-21,1447,装饰石材及石材制品 > 天然石材 > 花岗石板,material,豹皮钻花岗岩,豹皮花,medium,石材表面纹理类似豹皮，市场上常简称为豹皮花
1447-21,1447,装饰石材及石材制品 > 天然石材 > 花岗石板,material,贵妃红花岗岩,贵妃红,high,施工现场常省略花岗岩，直呼其名
1447-21,1447,装饰石材及石材制品 > 天然石材 > 花岗石板,material,资江白花岗岩,资江白,high,产地直呼简称
1447-21,1447,装饰石材及石材制品 > 天然石材 > 花岗石板,material,资江黑花岗岩,资江黑,high,产地直呼简称
1447-21,1447,装饰石材及石材制品 > 天然石材 > 花岗石板,material,超级白钻花岗岩,超级白钻,medium,常见简称省略花岗岩
1447-21,1447,装饰石材及石材制品 > 天然石材 > 花岗石板,material,路易斯金花岗岩,路易斯金,high,商业名称简称
1447-21,1447,装饰石材及石材制品 > 天然石材 > 花岗石板,material,路易米黄花岗岩,路易米黄,high,商业名称简称
1447-21,1447,装饰石材及石材制品 > 天然石材 > 花岗石板,material,辉绿岩花岗岩,辉绿岩,medium,石材学名，现场常直接称为辉绿岩
1447-21,1447,装饰石材及石材制品 > 天然石材 > 花岗石板,material,辽白花岗岩,辽白,high,产地简称
1447-21,1447,装饰石材及石材制品 > 天然石材 > 花岗石板,material,迪拜灰花岗岩,迪拜灰,high,商业名称简称
1447-21,1447,装饰石材及石材制品 > 天然石材 > 花岗石板,material,邮政绿花岗岩,邮政绿,high,商业名称简称
1447-21,1447,装饰石材及石材制品 > 天然石材 > 花岗石板,material,鄯善红花岗岩,鄯善红,high,新疆鄯善产地加颜色简称
1447-21,1447,装饰石材及石材制品 > 天然石材 > 花岗石板,material,鄯善黄花岗岩,鄯善黄,high,新疆鄯善产地加颜色简称
1447-21,1447,装饰石材及石材制品 > 天然石材 > 花岗石板,material,金世纪花岗岩,金世纪,high,商业名称省略花岗岩
1447-21,1447,装饰石材及石材制品 > 天然石材 > 花岗石板,material,金丝缎花岗岩,金丝缎,high,商业名称省略后缀
1447-21,1447,装饰石材及石材制品 > 天然石材 > 花岗石板,material,金叶米黄花岗岩,金叶米黄,high,商业名称简称
1447-21,1447,装饰石材及石材制品 > 天然石材 > 花岗石板,material,金塔白麻花岗岩,金塔白麻,high,商业名称简称，白麻指白色芝麻点纹理
1447-21,1447,装饰石材及石材制品 > 天然石材 > 花岗石板,material,金山石花岗岩,金山石,medium,苏州金山石的历史俗称
1447-21,1447,装饰石材及石材制品 > 天然石材 > 花岗石板,material,金山麻花岗岩,金山麻,high,商业名称简称
1447-21,1447,装饰石材及石材制品 > 天然石材 > 花岗石板,material,金彩麻花岗岩,金彩麻,high,商业名称省略花岗岩
1447-21,1447,装饰石材及石材制品 > 天然石材 > 花岗石板,material,金彩麻花岗石,金彩麻,high,商业名称省略花岗石后缀
1447-21,1447,装饰石材及石材制品 > 天然石材 > 花岗石板,material,金松绿花岗岩,金松绿,high,商业名称简称
1447-21,1447,装饰石材及石材制品 > 天然石材 > 花岗石板,material,金沙绿花岗岩,金沙绿,high,商业名称简称
1447-21,1447,装饰石材及石材制品 > 天然石材 > 花岗石板,material,金沙黄花岗岩,金沙黄,high,商业名称简称
1447-24,1447,装饰石材及石材制品 > 天然石材 > 花岗石板,category,花岗石板,花岗石,high,花岗石板材的通用简称
1447-24,1447,装饰石材及石材制品 > 天然石材 > 花岗石板,category,花岗石板,麻石,medium,花岗岩在部分地区（如湖南、广东）的俗称
1447-24,1447,装饰石材及石材制品 > 天然石材 > 花岗石板,category,花岗石板,花岗岩板,high,强调其为加工后的板材
1447-24,1447,装饰石材及石材制品 > 天然石材 > 花岗石板,material,青灰色花岗岩,青灰麻,medium,灰色系花岗岩常见叫法
1447-24,1447,装饰石材及石材制品 > 天然石材 > 花岗石板,material,青石花岗岩,青石,low,青石常被用来统称某些青灰色沉积岩或花岗岩
1447-24,1447,装饰石材及石材制品 > 天然石材 > 花岗石板,material,香槟金麻花岗岩,香槟金,medium,金黄色系花岗岩口头简称
1447-24,1447,装饰石材及石材制品 > 天然石材 > 花岗石板,material,鲁灰花岗岩,鲁灰,high,山东产灰色花岗岩的常见简称
1447-24,1447,装饰石材及石材制品 > 天然石材 > 花岗石板,material,麻灰小料石花岗岩,麻灰,medium,颜色和纹理特征简称
1447-24,1447,装饰石材及石材制品 > 天然石材 > 花岗石板,material,麻灰小料石花岗岩,小料石,medium,指该石材尺寸规格较小
1447-24,1447,装饰石材及石材制品 > 天然石材 > 花岗石板,material,黄木纹花岗岩,木纹黄,medium,木纹状纹理花岗岩的口头叫法
1447-24,1447,装饰石材及石材制品 > 天然石材 > 花岗石板,material,黄绣石花岗岩,绣石,high,黄绣石品类简称
1447-24,1447,装饰石材及石材制品 > 天然石材 > 花岗石板,material,黄色冰裂纹花岗岩,冰裂纹黄,medium,纹理特征前置的口头叫法
1455-1,1455,装饰石材及石材制品 > 石材制品及其他 > 石材养护用品,material,加光蜡,增光蜡,high,施工现场常见叫法，强调增加光泽的效果
1455-1,1455,装饰石材及石材制品 > 石材制品及其他 > 石材养护用品,material,加光蜡,石材蜡,medium,行业俗称，指明用于石材的蜡
1455-1,1455,装饰石材及石材制品 > 石材制品及其他 > 石材养护用品,material,去锈剂,除锈剂,high,通用俗称，与去锈同义
1455-1,1455,装饰石材及石材制品 > 石材制品及其他 > 石材养护用品,material,去锈剂,除锈水,medium,施工现场口语叫法，尤其指液体剂型
1455-1,1455,装饰石材及石材制品 > 石材制品及其他 > 石材养护用品,material,增色剂,增艳剂,high,行业别称，强调增加石材颜色鲜艳度
1455-1,1455,装饰石材及石材制品 > 石材制品及其他 > 石材养护用品,material,增色剂,石材着色剂,medium,石材护理领域通用俗称
1455-1,1455,装饰石材及石材制品 > 石材制品及其他 > 石材养护用品,material,晶面处理剂,晶硬剂,high,石材晶面处理行业通用简称
1455-1,1455,装饰石材及石材制品 > 石材制品及其他 > 石材养护用品,material,晶面处理剂,晶面剂,high,施工现场及采购口语简称
1447-25,1447,装饰石材及石材制品 > 天然石材 > 花岗石板,category,花岗石板,麻石,high,花岗岩在建筑和装饰工程中的通用俗称，尤其在南方地区口语中常指代各类花岗石板
1447-25,1447,装饰石材及石材制品 > 天然石材 > 花岗石板,material,黄金沙花岗岩,黄金砂,medium,沙与砂在石材命名中常混用，市场上常简化为此叫法
1447-25,1447,装饰石材及石材制品 > 天然石材 > 花岗石板,material,黄金钻花岗岩,黄金钻麻,medium,口语中常因其斑状晶体结构将此品种称为黄金钻麻
1447-25,1447,装饰石材及石材制品 > 天然石材 > 花岗石板,material,黄金锈荔枝花岗岩,黄金锈石,medium,取其颜色与锈斑特征简化叫法
1447-25,1447,装饰石材及石材制品 > 天然石材 > 花岗石板,material,黄金麻花岗岩,黄麻,high,施工现场对黄金麻花岗岩的常见口语简称
1447-25,1447,装饰石材及石材制品 > 天然石材 > 花岗石板,material,黄锈石花岗岩,锈石,high,黄锈石在行业内的通用简称
1447-25,1447,装饰石材及石材制品 > 天然石材 > 花岗石板,material,黑金沙花岗岩,黑金沙,high,采购和施工中常省略花岗岩三字直接称黑金沙
1447-25,1447,装饰石材及石材制品 > 天然石材 > 花岗石板,material,黒金沙花岗岩,黑金沙,high,黒与黑为异体字/录入差异，在市场中统一被称为黑金沙
1447-25,1447,装饰石材及石材制品 > 天然石材 > 花岗石板,material,齐鲁红花岗岩,齐鲁红,high,以产地加颜色命名的石材，行业内常简称为齐鲁红
1453-3,1453,装饰石材及石材制品 > 石材制品及其他 > 石材加工制品,material,马蹄石,弹石,high,马蹄石因形似马蹄，常用于弹石路面铺设，故在市政景观工程中常被称为弹石
1453-3,1453,装饰石材及石材制品 > 石材制品及其他 > 石材加工制品,material,马蹄石,小方石,medium,马蹄石尺寸较小且常加工成方形或近方形块状，施工现场口语常称小方石
1447-23,1447,装饰石材及石材制品 > 天然石材 > 花岗石板,category,花岗石板,花岗岩石板,high,施工现场及采购中常将花岗石板简称为花岗岩石板或直接称花岗石板材
1447-23,1447,装饰石材及石材制品 > 天然石材 > 花岗石板,category,花岗石板,洞石,low,部分花岗岩如银钻、锈石等市场上常与洞石混淆或归入同类叫法
1447-23,1447,装饰石材及石材制品 > 天然石材 > 花岗石板,material,银钻花岗岩,银钻,high,常见简称
1447-23,1447,装饰石材及石材制品 > 天然石材 > 花岗石板,material,银麻花岗岩,银麻,high,常见简称
1447-23,1447,装饰石材及石材制品 > 天然石材 > 花岗石板,material,锈石花岗岩,锈石,high,石材市场通称
1447-23,1447,装饰石材及石材制品 > 天然石材 > 花岗石板,material,锈石花岗岩,黄金锈,medium,部分产地锈石的商业叫法
1447-23,1447,装饰石材及石材制品 > 天然石材 > 花岗石板,material,锈石黄花岗岩,黄锈石,high,黄色锈石的俗称
1447-23,1447,装饰石材及石材制品 > 天然石材 > 花岗石板,material,锈石黄花岗岩,黄花锈,medium,黄色锈石的别称
1447-23,1447,装饰石材及石材制品 > 天然石材 > 花岗石板,material,锡安娜金花岗岩,锡安娜金,medium,常见简称
1447-23,1447,装饰石材及石材制品 > 天然石材 > 花岗石板,material,阳江红花岗岩,阳江红,high,产地加颜色俗称
1447-23,1447,装饰石材及石材制品 > 天然石材 > 花岗石板,material,阴山红花岗岩,阴山红,medium,产地加颜色俗称
1447-23,1447,装饰石材及石材制品 > 天然石材 > 花岗石板,material,阿拉伯白麻花岗岩,阿拉伯白麻,medium,常见简称
1447-23,1447,装饰石材及石材制品 > 天然石材 > 花岗石板,material,阿拉善红花岗岩,阿拉善红,medium,产地加颜色俗称
1447-23,1447,装饰石材及石材制品 > 天然石材 > 花岗石板,material,阿拉善黄花岗岩,阿拉善黄,medium,产地加颜色俗称
1447-23,1447,装饰石材及石材制品 > 天然石材 > 花岗石板,material,阿拉斯加白花岗岩,阿拉斯加白,medium,常见简称
1447-23,1447,装饰石材及石材制品 > 天然石材 > 花岗石板,material,阿曼米黄花岗岩,阿曼米黄,medium,常见简称
1447-23,1447,装饰石材及石材制品 > 天然石材 > 花岗石板,material,随州白麻花岗岩,随州白麻,high,产地加品种称法
1447-23,1447,装饰石材及石材制品 > 天然石材 > 花岗石板,material,随州黄麻花岗岩,随州黄麻,high,产地加品种称法
1447-23,1447,装饰石材及石材制品 > 天然石材 > 花岗石板,material,雅典娜灰花岗岩,雅典娜灰,medium,常见简称
1447-23,1447,装饰石材及石材制品 > 天然石材 > 花岗石板,material,雅典黑金花花岗岩,雅典黑金花,medium,简称
1447-23,1447,装饰石材及石材制品 > 天然石材 > 花岗石板,material,雅士白花岗岩,雅士白,medium,常见简称，也常用于大理石品种，此处为花岗岩品种
1447-23,1447,装饰石材及石材制品 > 天然石材 > 花岗石板,material,雅蒙黑花岗岩,雅蒙黑,medium,简称
1447-23,1447,装饰石材及石材制品 > 天然石材 > 花岗石板,material,雪山飞狐花岗岩,雪山飞狐,medium,常见商业名称
1447-23,1447,装饰石材及石材制品 > 天然石材 > 花岗石板,material,雪浪石花岗岩,雪浪石,high,景观石材通用俗称
1447-23,1447,装饰石材及石材制品 > 天然石材 > 花岗石板,material,雪花白花岗岩,雪花白,medium,常见颜色品种简称
1447-23,1447,装饰石材及石材制品 > 天然石材 > 花岗石板,material,雪花青花岗岩,雪花青,medium,常见颜色品种简称
1447-23,1447,装饰石材及石材制品 > 天然石材 > 花岗石板,material,霞红花岗岩,霞红,high,常见颜色品种简称
1453-1,1453,装饰石材及石材制品 > 石材制品及其他 > 石材加工制品,material,压顶,墙帽,high,在围墙、挡土墙顶部施工中常被称为墙帽
1453-1,1453,装饰石材及石材制品 > 石材制品及其他 > 石材加工制品,material,台阶,踏步,medium,台阶的每一级常被统称为踏步，口语中常混用
1453-1,1453,装饰石材及石材制品 > 石材制品及其他 > 石材加工制品,material,弹石,弹街石,high,弹石是弹街石的简称，常用于路面铺装
1453-1,1453,装饰石材及石材制品 > 石材制品及其他 > 石材加工制品,material,挡车石,石球,high,球形挡车石在施工现场常被称为石球挡车墩
1453-1,1453,装饰石材及石材制品 > 石材制品及其他 > 石材加工制品,material,挡车石,止车石,medium,功能是阻止车辆进入，采购时也这样叫
1453-1,1453,装饰石材及石材制品 > 石材制品及其他 > 石材加工制品,material,条石踏步,条石台阶,medium,用条石加工的台阶踏步，现场也直接叫条石台阶
1453-1,1453,装饰石材及石材制品 > 石材制品及其他 > 石材加工制品,material,板岩,青石板,high,板岩常被泛称为青石板，尤其在文化石应用中
1453-1,1453,装饰石材及石材制品 > 石材制品及其他 > 石材加工制品,material,水钵,水缸,medium,在园林景观中，装饰性盛水石钵常被叫作石水缸
1453-1,1453,装饰石材及石材制品 > 石材制品及其他 > 石材加工制品,material,汀步石,步石,high,置于草坪或水中的步石，口语中常简称步石
1453-1,1453,装饰石材及石材制品 > 石材制品及其他 > 石材加工制品,material,汀步石,踏步石,medium,园林散置的汀步石有时也叫踏步石
1453-1,1453,装饰石材及石材制品 > 石材制品及其他 > 石材加工制品,material,河卵石,鹅卵石,high,河卵石在采购和施工中最常被称为鹅卵石
1531-1,1531,装饰线条、装饰件、栏杆、扶手及其他 > 其他装饰材料 > 艺术装饰制品,material,GRC成品造型山花,GRC山花,high,省略'成品造型'，施工现场常用简称
1531-1,1531,装饰线条、装饰件、栏杆、扶手及其他 > 其他装饰材料 > 艺术装饰制品,material,GRC成品造型山花,欧式山花,medium,因其造型多为欧式古典风格，俗称欧式山花
1531-1,1531,装饰线条、装饰件、栏杆、扶手及其他 > 其他装饰材料 > 艺术装饰制品,material,椅套沙发套,布艺套,medium,行业内对上椅套、沙发套等布艺成品的统称
1531-1,1531,装饰线条、装饰件、栏杆、扶手及其他 > 其他装饰材料 > 艺术装饰制品,material,椅套沙发套,座套,medium,椅子和沙发座套的简称
1531-1,1531,装饰线条、装饰件、栏杆、扶手及其他 > 其他装饰材料 > 艺术装饰制品,material,浮雕造型,浮雕板,high,强调其为板材制品，采购时常用
1531-1,1531,装饰线条、装饰件、栏杆、扶手及其他 > 其他装饰材料 > 艺术装饰制品,material,浮雕造型,雕花板,medium,俗称，强调雕刻花纹特征
1531-1,1531,装饰线条、装饰件、栏杆、扶手及其他 > 其他装饰材料 > 艺术装饰制品,material,砂岩造型,砂岩雕花,medium,彰显其雕刻花纹的工艺效果
1531-1,1531,装饰线条、装饰件、栏杆、扶手及其他 > 其他装饰材料 > 艺术装饰制品,material,砂岩造型,人造砂岩,medium,室内装饰多为人造砂岩，是常用的品类别称
1531-1,1531,装饰线条、装饰件、栏杆、扶手及其他 > 其他装饰材料 > 艺术装饰制品,material,花瓶座,栏杆柱,medium,在栏杆中作为支撑立柱使用时，常被称为栏杆柱
1531-1,1531,装饰线条、装饰件、栏杆、扶手及其他 > 其他装饰材料 > 艺术装饰制品,material,花瓶座,瓶座,medium,施工现场口语化简称
50-1,50,装饰线条、装饰件、栏杆、扶手及其他 > 其他装饰材料 > 其他装饰材料,material,GRC制品,GRC构件,high,施工现场和管理人员常用构件代指各类GRC制品
50-1,50,装饰线条、装饰件、栏杆、扶手及其他 > 其他装饰材料 > 其他装饰材料,material,GRC制品,玻璃纤维增强水泥制品,high,GRC的完整中文全称，招投标和技术文件中常见
50-1,50,装饰线条、装饰件、栏杆、扶手及其他 > 其他装饰材料 > 其他装饰材料,material,不锈钢旗杆,不锈钢旗柱,medium,部分采购清单和行业语境下用'柱'替代'杆'
50-1,50,装饰线条、装饰件、栏杆、扶手及其他 > 其他装饰材料 > 其他装饰材料,material,不锈钢锥形旗杆,变径不锈钢旗杆,medium,锥形特征在加工行业被称为变径
50-1,50,装饰线条、装饰件、栏杆、扶手及其他 > 其他装饰材料 > 其他装饰材料,material,仿真植物,人造植物,high,通用的行业分类俗称
50-1,50,装饰线条、装饰件、栏杆、扶手及其他 > 其他装饰材料 > 其他装饰材料,material,仿真植物,假植,medium,景观设计和施工口语中常将仿真植物简称为假植
50-1,50,装饰线条、装饰件、栏杆、扶手及其他 > 其他装饰材料 > 其他装饰材料,material,墙衣,纤维墙衣,medium,主要成分为天然纤维，采购时以此强调材质
50-1,50,装饰线条、装饰件、栏杆、扶手及其他 > 其他装饰材料 > 其他装饰材料,material,无缝钢管旗杆,钢管旗杆,medium,口语中常省略无缝二字
50-1,50,装饰线条、装饰件、栏杆、扶手及其他 > 其他装饰材料 > 其他装饰材料,material,木质旗杆,木旗杆,high,口语简称
50-1,50,装饰线条、装饰件、栏杆、扶手及其他 > 其他装饰材料 > 其他装饰材料,material,灯箱布,喷绘布,high,灯箱布主要通过喷绘制作画面，施工现场常混用这两个名称
50-1,50,装饰线条、装饰件、栏杆、扶手及其他 > 其他装饰材料 > 其他装饰材料,material,灯箱布,户外布,medium,因其多用于户外广告灯箱，业内简称户外布
50-1,50,装饰线条、装饰件、栏杆、扶手及其他 > 其他装饰材料 > 其他装饰材料,material,碳钢旗杆,铁旗杆,medium,碳钢为基材，在非严格技术交流的口语状态下常被直接称为铁旗杆
50-1,50,装饰线条、装饰件、栏杆、扶手及其他 > 其他装饰材料 > 其他装饰材料,material,空气能软墙,空气能发热墙,medium,强调其借助空气能发热的功能，采购时用以区分普通软墙
50-1,50,装饰线条、装饰件、栏杆、扶手及其他 > 其他装饰材料 > 其他装饰材料,material,衬纸,垫纸,medium,在装饰铺垫功能下，现场常称为垫纸
50-1,50,装饰线条、装饰件、栏杆、扶手及其他 > 其他装饰材料 > 其他装饰材料,material,铝合金旗杆,合金旗杆,medium,口语简略叫法
50-1,50,装饰线条、装饰件、栏杆、扶手及其他 > 其他装饰材料 > 其他装饰材料,material,阻尼隔声毡,隔音毡,high,施工现场和采购最常用的简称
50-1,50,装饰线条、装饰件、栏杆、扶手及其他 > 其他装饰材料 > 其他装饰材料,material,阻尼隔声毡,阻尼毡,medium,强调其阻尼特性，与普通隔音毡区分时的行业叫法
50-1,50,装饰线条、装饰件、栏杆、扶手及其他 > 其他装饰材料 > 其他装饰材料,material,阻尼隔音板,隔音板,high,口语及采购清单中常见的统称简称
50-1,50,装饰线条、装饰件、栏杆、扶手及其他 > 其他装饰材料 > 其他装饰材料,material,阻尼隔音板,阻尼板,medium,业内对具有阻尼隔声功能板材的简称
1530-2,1530,装饰线条、装饰件、栏杆、扶手及其他 > 其他装饰材料 > 装饰件,material,花角,角花,high,装饰角部的花型构件，口语中常颠倒词序称呼
1530-2,1530,装饰线条、装饰件、栏杆、扶手及其他 > 其他装饰材料 > 装饰件,material,花角,装饰角,medium,用于角落装饰的配件，现场通俗叫法
1530-2,1530,装饰线条、装饰件、栏杆、扶手及其他 > 其他装饰材料 > 装饰件,material,镜框,镜框线,high,带有线条造型的镜框边条，采购中常称镜框线
1530-2,1530,装饰线条、装饰件、栏杆、扶手及其他 > 其他装饰材料 > 装饰件,material,镜框,镜子边,medium,施工现场对镜子边框的通俗叫法
1530-2,1530,装饰线条、装饰件、栏杆、扶手及其他 > 其他装饰材料 > 装饰件,material,防滑条,止滑条,high,防滑功能的通用俗称
1530-2,1530,装饰线条、装饰件、栏杆、扶手及其他 > 其他装饰材料 > 装饰件,material,防滑条,防滑贴,medium,带背胶的防滑条在施工中常被称为防滑贴
1530-2,1530,装饰线条、装饰件、栏杆、扶手及其他 > 其他装饰材料 > 装饰件,material,防滑条,金刚砂条,medium,金刚砂材质的防滑条在工地的通称
1530-2,1530,装饰线条、装饰件、栏杆、扶手及其他 > 其他装饰材料 > 装饰件,material,饰花,装饰花,high,饰花即装饰花的简称，口语中常全称
1530-2,1530,装饰线条、装饰件、栏杆、扶手及其他 > 其他装饰材料 > 装饰件,material,饰花,花件,medium,用于装饰的花型构件，现场常称花件
1530-2,1530,装饰线条、装饰件、栏杆、扶手及其他 > 其他装饰材料 > 装饰件,material,饰花,雕花件,medium,雕刻成型的装饰花，尤其指石膏或木质类
145-2,145,装饰线条、装饰件、栏杆、扶手及其他 > 其他装饰材料 > 广告图文,category,广告图文,广告字,high,业内对装饰字、标牌类广告图文材料的统称
145-2,145,装饰线条、装饰件、栏杆、扶手及其他 > 其他装饰材料 > 广告图文,category,广告图文,招牌字,medium,现场口头上常将用于招牌的各类装饰字统称招牌字
145-2,145,装饰线条、装饰件、栏杆、扶手及其他 > 其他装饰材料 > 广告图文,category,广告图文,发光字,medium,泛指带发光效果的装饰字，但因涉及多种具体材料，放在分类别称更合适
145-2,145,装饰线条、装饰件、栏杆、扶手及其他 > 其他装饰材料 > 广告图文,material,烤漆装饰字,烤漆字,high,施工现场常用简称
145-2,145,装饰线条、装饰件、栏杆、扶手及其他 > 其他装饰材料 > 广告图文,material,电子发光字,LED字,high,电子发光字多采用LED光源，口头常混称
145-2,145,装饰线条、装饰件、栏杆、扶手及其他 > 其他装饰材料 > 广告图文,material,电子发光字,霓虹字,medium,部分场合将电子发光字统称为霓虹字
145-2,145,装饰线条、装饰件、栏杆、扶手及其他 > 其他装饰材料 > 广告图文,material,白钢标牌,不锈钢标牌,high,白钢是不锈钢的口语俗称
145-2,145,装饰线条、装饰件、栏杆、扶手及其他 > 其他装饰材料 > 广告图文,material,白钢标牌,不锈钢牌,medium,简称不锈钢牌
145-2,145,装饰线条、装饰件、栏杆、扶手及其他 > 其他装饰材料 > 广告图文,material,立式灯箱,落地灯箱,high,因其落地放置形态而称
145-2,145,装饰线条、装饰件、栏杆、扶手及其他 > 其他装饰材料 > 广告图文,material,立式灯箱,立式广告灯箱,medium,全称在日常采购中简略使用
145-2,145,装饰线条、装饰件、栏杆、扶手及其他 > 其他装饰材料 > 广告图文,material,胶合板装饰字,夹板字,high,胶合板在工地常俗称夹板
145-2,145,装饰线条、装饰件、栏杆、扶手及其他 > 其他装饰材料 > 广告图文,material,胶合板装饰字,层板字,low,部分地区口语称胶合板为层板
145-2,145,装饰线条、装饰件、栏杆、扶手及其他 > 其他装饰材料 > 广告图文,material,钛金字,钛金字,high,行业通称，即标准名本身
145-2,145,装饰线条、装饰件、栏杆、扶手及其他 > 其他装饰材料 > 广告图文,material,钛金标牌,钛金牌,high,简称为钛金牌
145-2,145,装饰线条、装饰件、栏杆、扶手及其他 > 其他装饰材料 > 广告图文,material,钛金装饰字,钛金字,medium,钛金装饰字和钛金字常混用
145-2,145,装饰线条、装饰件、栏杆、扶手及其他 > 其他装饰材料 > 广告图文,material,铁皮发光字,铁皮字,medium,口头常省去发光直接叫铁皮字
145-2,145,装饰线条、装饰件、栏杆、扶手及其他 > 其他装饰材料 > 广告图文,material,铁皮发光字,镀锌板发光字,low,铁皮常以镀锌板形式使用，现场存在混叫现象
145-2,145,装饰线条、装饰件、栏杆、扶手及其他 > 其他装饰材料 > 广告图文,material,铁装饰字(包涂料),铁皮字,medium,施工现场对所有铁质装饰字常统称铁皮字
145-2,145,装饰线条、装饰件、栏杆、扶手及其他 > 其他装饰材料 > 广告图文,material,铁装饰字(包涂料),铁壳字,low,因其采用铁质外壳而称
145-2,145,装饰线条、装饰件、栏杆、扶手及其他 > 其他装饰材料 > 广告图文,material,铁铭牌,铁牌,high,简称为铁牌
145-2,145,装饰线条、装饰件、栏杆、扶手及其他 > 其他装饰材料 > 广告图文,material,铜装饰字,铜字,high,行业简称为铜字
145-2,145,装饰线条、装饰件、栏杆、扶手及其他 > 其他装饰材料 > 广告图文,material,铜铭牌,铜牌,high,简称为铜牌
145-2,145,装饰线条、装饰件、栏杆、扶手及其他 > 其他装饰材料 > 广告图文,material,铝合金装饰字,铝合金字,high,简称为铝合金字
145-2,145,装饰线条、装饰件、栏杆、扶手及其他 > 其他装饰材料 > 广告图文,material,铝合金铭牌,铝合金牌,high,简称为铝合金牌
145-2,145,装饰线条、装饰件、栏杆、扶手及其他 > 其他装饰材料 > 广告图文,material,铝牌,铝标牌,medium,铝牌的完整叫法
145-2,145,装饰线条、装饰件、栏杆、扶手及其他 > 其他装饰材料 > 广告图文,material,镀锌板发光字,铁皮发光字,medium,镀锌板是经镀锌处理的铁皮，现场常直接叫铁皮发光字
145-2,145,装饰线条、装饰件、栏杆、扶手及其他 > 其他装饰材料 > 广告图文,material,镀锌板发光字,镀锌字,medium,简称为镀锌字
145-2,145,装饰线条、装饰件、栏杆、扶手及其他 > 其他装饰材料 > 广告图文,material,镀锌板装饰字,镀锌字,medium,简称为镀锌字
145-2,145,装饰线条、装饰件、栏杆、扶手及其他 > 其他装饰材料 > 广告图文,material,镀锌板装饰字,铁皮字,low,镀锌板本质为铁皮，现场混叫
145-1,145,装饰线条、装饰件、栏杆、扶手及其他 > 其他装饰材料 > 广告图文,category,广告图文,广告字,high,行业内对用于广告展示的各类发光或不发光字的统称
145-1,145,装饰线条、装饰件、栏杆、扶手及其他 > 其他装饰材料 > 广告图文,category,广告图文,标识字,medium,常用于指称各类装饰字、铭牌等标识系统材料
145-1,145,装饰线条、装饰件、栏杆、扶手及其他 > 其他装饰材料 > 广告图文,category,广告图文,发光标识,medium,泛指所有带光源的广告装饰用字或灯箱
145-1,145,装饰线条、装饰件、栏杆、扶手及其他 > 其他装饰材料 > 广告图文,material,不锈钢亚克力发光字,不锈钢水晶发光字,high,因亚克力面板通透如水晶，搭配不锈钢包边，市场上常用此叫法
145-1,145,装饰线条、装饰件、栏杆、扶手及其他 > 其他装饰材料 > 广告图文,material,不锈钢发光字,不锈钢LED字,medium,现场常用内置光源类型代指发光字
145-1,145,装饰线条、装饰件、栏杆、扶手及其他 > 其他装饰材料 > 广告图文,material,不锈钢字,不锈钢立体字,medium,强调其立体外观，区别于平面印刷
145-1,145,装饰线条、装饰件、栏杆、扶手及其他 > 其他装饰材料 > 广告图文,material,不锈钢灯箱,不锈钢超薄灯箱,medium,不锈钢灯箱常以超薄款式呈现，现场直接以此称呼
145-1,145,装饰线条、装饰件、栏杆、扶手及其他 > 其他装饰材料 > 广告图文,material,不锈钢烤漆字,不锈钢氟碳漆字,low,现场对高端烤漆工艺的俗称，常以漆种代指
145-1,145,装饰线条、装饰件、栏杆、扶手及其他 > 其他装饰材料 > 广告图文,material,不锈钢铭牌,不锈钢标牌,high,铭牌与标牌在现场指代相同用途的标识件
145-1,145,装饰线条、装饰件、栏杆、扶手及其他 > 其他装饰材料 > 广告图文,material,不锈钢铭牌,腐蚀牌,medium,当特指采用腐蚀工艺制作的不锈钢铭牌时常用
145-1,145,装饰线条、装饰件、栏杆、扶手及其他 > 其他装饰材料 > 广告图文,material,不锈钢镀钛发光字,钛金发光字,high,镀钛工艺常被称为钛金，是采购和制作中的典型俗称
145-1,145,装饰线条、装饰件、栏杆、扶手及其他 > 其他装饰材料 > 广告图文,material,不锈钢镀钛字,钛金字,high,镀钛字最广为人知的俗称，直接省略不锈钢及镀字
145-1,145,装饰线条、装饰件、栏杆、扶手及其他 > 其他装饰材料 > 广告图文,material,不锈钢镀钛字,仿金不锈钢字,medium,侧重于描述其仿制黄金的颜色效果
145-1,145,装饰线条、装饰件、栏杆、扶手及其他 > 其他装饰材料 > 广告图文,material,亚克力发光字,水晶发光字,high,透明亚克力通透感强，行业常称其为水晶字
145-1,145,装饰线条、装饰件、栏杆、扶手及其他 > 其他装饰材料 > 广告图文,material,亚克力发光字,亚克力LED字,medium,用光源类型代替发光叫法
145-1,145,装饰线条、装饰件、栏杆、扶手及其他 > 其他装饰材料 > 广告图文,material,喷字,即时贴刻字,low,现场一种常见的喷字替代或辅助简易工艺，有时混用
145-1,145,装饰线条、装饰件、栏杆、扶手及其他 > 其他装饰材料 > 广告图文,material,墙面灯箱,壁挂灯箱,high,墙面安装方式的主入口叫法
145-1,145,装饰线条、装饰件、栏杆、扶手及其他 > 其他装饰材料 > 广告图文,material,墙面灯箱,墙体灯箱,medium,强调依附于墙体结构的安装方式
145-1,145,装饰线条、装饰件、栏杆、扶手及其他 > 其他装饰材料 > 广告图文,material,弗龙板装饰字,雪弗板字,high,弗龙板即雪弗板（PVC发泡板）的常见音译及俗称
145-1,145,装饰线条、装饰件、栏杆、扶手及其他 > 其他装饰材料 > 广告图文,material,弗龙板装饰字,PVC发泡板字,high,基于材料学名PVC发泡板的直接叫法
145-1,145,装饰线条、装饰件、栏杆、扶手及其他 > 其他装饰材料 > 广告图文,material,弗龙板装饰字,安迪板字,medium,安迪板是雪弗板的另一种常见品牌/俗称
145-1,145,装饰线条、装饰件、栏杆、扶手及其他 > 其他装饰材料 > 广告图文,material,挂式灯箱,悬挂灯箱,high,描述其悬挂安装方式
145-1,145,装饰线条、装饰件、栏杆、扶手及其他 > 其他装饰材料 > 广告图文,material,挂式灯箱,吊式灯箱,medium,强调顶部悬垂的安装形态
145-1,145,装饰线条、装饰件、栏杆、扶手及其他 > 其他装饰材料 > 广告图文,material,有机玻璃装饰字,亚克力装饰字,high,有机玻璃是亚克力的俗称，两词在采购中完全同义
145-1,145,装饰线条、装饰件、栏杆、扶手及其他 > 其他装饰材料 > 广告图文,material,有机玻璃装饰字,水晶装饰字,medium,对高透明有机玻璃装饰字的美称
145-1,145,装饰线条、装饰件、栏杆、扶手及其他 > 其他装饰材料 > 广告图文,material,有机玻璃铭牌,亚克力标牌,high,有机玻璃即亚克力，铭牌即标牌，此叫法非常直接
145-1,145,装饰线条、装饰件、栏杆、扶手及其他 > 其他装饰材料 > 广告图文,material,有机玻璃铭牌,水晶牌,medium,行业对高级有机玻璃铭牌的常用美称
145-1,145,装饰线条、装饰件、栏杆、扶手及其他 > 其他装饰材料 > 广告图文,material,木装饰字,实木字,medium,强调木材的非板材属性，常用于强调质感
145-1,145,装饰线条、装饰件、栏杆、扶手及其他 > 其他装饰材料 > 广告图文,material,木装饰字,密度板字,low,当特指采用密度板雕刻的木装饰字时
145-1,145,装饰线条、装饰件、栏杆、扶手及其他 > 其他装饰材料 > 广告图文,material,柱形灯箱,圆形灯箱,medium,以柱形最常见的圆形截面形态代指
145-1,145,装饰线条、装饰件、栏杆、扶手及其他 > 其他装饰材料 > 广告图文,material,柱形灯箱,包柱灯箱,low,若用于包裹商场立柱，现场直接称包柱灯箱
145-1,145,装饰线条、装饰件、栏杆、扶手及其他 > 其他装饰材料 > 广告图文,material,树脂发光字,液态亚克力字,high,树脂材料在灌注前为液态，业内俗称液态亚克力
145-1,145,装饰线条、装饰件、栏杆、扶手及其他 > 其他装饰材料 > 广告图文,material,树脂发光字,浇铸发光字,medium,基于其树脂灌注成型的工艺叫法
145-1,145,装饰线条、装饰件、栏杆、扶手及其他 > 其他装饰材料 > 广告图文,material,泡沫塑料装饰字,苯板字,medium,以最常见的泡沫塑料材料（EPS板）代指
145-1,145,装饰线条、装饰件、栏杆、扶手及其他 > 其他装饰材料 > 广告图文,material,泡沫塑料装饰字,泡沫字,high,施工现场极简叫法，直接省略塑料二字
1453-2,1453,装饰石材及石材制品 > 石材制品及其他 > 石材加工制品,material,石材字,石刻字,high,行业内对在石材上雕刻文字的通俗叫法
1453-2,1453,装饰石材及石材制品 > 石材制品及其他 > 石材加工制品,material,石材字,石雕字,medium,强调雕刻工艺，常见于标识、墓碑等
1453-2,1453,装饰石材及石材制品 > 石材制品及其他 > 石材加工制品,material,石材干挂件,干挂件,high,施工现场口语简称，省略石材二字
1453-2,1453,装饰石材及石材制品 > 石材制品及其他 > 石材加工制品,material,石材干挂件,石材挂件,medium,省略干式工法，泛称
1453-2,1453,装饰石材及石材制品 > 石材制品及其他 > 石材加工制品,material,石材干挂件,干挂配件,low,因包含埋板、角码等，统称配件
1453-2,1453,装饰石材及石材制品 > 石材制品及其他 > 石材加工制品,material,石材磨边,磨边,high,施工现场及加工厂口语简称
1453-2,1453,装饰石材及石材制品 > 石材制品及其他 > 石材加工制品,material,石材磨边,倒边,medium,特指将直角边磨成斜边或圆边的工艺
1453-2,1453,装饰石材及石材制品 > 石材制品及其他 > 石材加工制品,material,石材磨边,石材倒角,medium,将边缘切削成一定角度的加工方式
1453-2,1453,装饰石材及石材制品 > 石材制品及其他 > 石材加工制品,material,石材背景墙,石背景,medium,采购及设计沟通口语简称
1453-2,1453,装饰石材及石材制品 > 石材制品及其他 > 石材加工制品,material,石材背景墙,天然石背景,low,强调材质的背景墙叫法
1453-2,1453,装饰石材及石材制品 > 石材制品及其他 > 石材加工制品,material,石条桩,条石桩,medium,语序调换但含义相同的叫法
1453-2,1453,装饰石材及石材制品 > 石材制品及其他 > 石材加工制品,material,石条桩,石条,low,桩体呈条状时的简称
1453-2,1453,装饰石材及石材制品 > 石材制品及其他 > 石材加工制品,material,石柱,石柱子,high,施工现场口语化叫法，加子字
1453-2,1453,装饰石材及石材制品 > 石材制品及其他 > 石材加工制品,material,石柱,罗马柱,medium,当石柱为欧式风格时常被称为罗马柱
1453-2,1453,装饰石材及石材制品 > 石材制品及其他 > 石材加工制品,material,石柱帽,柱头,high,建筑上对柱子上端部分的统称
1453-2,1453,装饰石材及石材制品 > 石材制品及其他 > 石材加工制品,material,石柱帽,石柱头,medium,明确材质的柱头叫法
1453-2,1453,装饰石材及石材制品 > 石材制品及其他 > 石材加工制品,material,石门框,石套,medium,门窗套一体化时简称石套
1453-2,1453,装饰石材及石材制品 > 石材制品及其他 > 石材加工制品,material,石门框,石门套,medium,将门框与门套统称的习惯
1453-2,1453,装饰石材及石材制品 > 石材制品及其他 > 石材加工制品,material,石门臼,门闩窝,medium,传统木石结构中对门臼的功能性俗称
1453-2,1453,装饰石材及石材制品 > 石材制品及其他 > 石材加工制品,material,石门臼,门碗,low,放置门轴的半圆形凹槽，形似碗
1453-2,1453,装饰石材及石材制品 > 石材制品及其他 > 石材加工制品,material,石马头,马头墙,high,徽派建筑封火山墙的统称，马头是简称
1453-2,1453,装饰石材及石材制品 > 石材制品及其他 > 石材加工制品,material,石马头,封火墙石,low,强调石材材质的防火功能叫法
1453-2,1453,装饰石材及石材制品 > 石材制品及其他 > 石材加工制品,material,礁岩石,造景石,medium,园林景观中常将此类石用于造景
1453-2,1453,装饰石材及石材制品 > 石材制品及其他 > 石材加工制品,material,窗台板,窗台石,high,强调材质的窗台板俗称
1453-2,1453,装饰石材及石材制品 > 石材制品及其他 > 石材加工制品,material,窗台板,台面板,medium,台面安装时的统称
1453-2,1453,装饰石材及石材制品 > 石材制品及其他 > 石材加工制品,material,笋石,石笋,high,语序调换的别称，形容竹笋状石材
1453-2,1453,装饰石材及石材制品 > 石材制品及其他 > 石材加工制品,material,笋石,剑石,medium,在盆景或造景中，细长如剑的同类石种叫法
1453-2,1453,装饰石材及石材制品 > 石材制品及其他 > 石材加工制品,material,线石,石线,high,俗称石线条或石线
1453-2,1453,装饰石材及石材制品 > 石材制品及其他 > 石材加工制品,material,线石,麻石线,low,当材料为麻石类时的具体叫法
1453-2,1453,装饰石材及石材制品 > 石材制品及其他 > 石材加工制品,material,腰线石,腰线,high,建筑工程中墙身中部水平线条的统称
1453-2,1453,装饰石材及石材制品 > 石材制品及其他 > 石材加工制品,material,腰线石,石腰带,medium,形象化称呼
1453-2,1453,装饰石材及石材制品 > 石材制品及其他 > 石材加工制品,material,自然石,天然石,high,强调自然形成的特性，与人工石相对
1453-2,1453,装饰石材及石材制品 > 石材制品及其他 > 石材加工制品,material,自然石,毛石,medium,未经雕琢的自然石料统称
1453-2,1453,装饰石材及石材制品 > 石材制品及其他 > 石材加工制品,material,虎皮石,虎皮墙,high,用虎皮石砌筑的墙面常统称虎皮墙
1453-2,1453,装饰石材及石材制品 > 石材制品及其他 > 石材加工制品,material,虎皮石,虎纹石,low,形容其颜色纹理
1453-2,1453,装饰石材及石材制品 > 石材制品及其他 > 石材加工制品,material,起步柱,楼梯柱,high,楼梯起步位置的功能性称呼
1453-2,1453,装饰石材及石材制品 > 石材制品及其他 > 石材加工制品,material,起步柱,将军柱,medium,楼梯起步的大立柱传统叫法
1453-2,1453,装饰石材及石材制品 > 石材制品及其他 > 石材加工制品,material,过门石,门槛石,high,过门石最普遍的俗称
1453-2,1453,装饰石材及石材制品 > 石材制品及其他 > 石材加工制品,material,过门石,门坎,medium,传统叫法，多指石材
1453-2,1453,装饰石材及石材制品 > 石材制品及其他 > 石材加工制品,material,过门石,压条石,low,门扇下方收口压条的叫法
1453-2,1453,装饰石材及石材制品 > 石材制品及其他 > 石材加工制品,material,透光石,发光石,high,强调透光后可发光的效果
1453-2,1453,装饰石材及石材制品 > 石材制品及其他 > 石材加工制品,material,透光石,透光板,medium,板材形态下的通俗叫法
1453-2,1453,装饰石材及石材制品 > 石材制品及其他 > 石材加工制品,material,透光石,玉石透光板,low,当材质为人造玉石时的具体叫法
1453-2,1453,装饰石材及石材制品 > 石材制品及其他 > 石材加工制品,material,锈石板,锈石,high,省略板字的简称
1453-2,1453,装饰石材及石材制品 > 石材制品及其他 > 石材加工制品,material,锈石板,铁锈石板,medium,形容锈色纹理
1453-2,1453,装饰石材及石材制品 > 石材制品及其他 > 石材加工制品,material,长石凳,石条凳,high,长条形石凳的常用叫法
1453-2,1453,装饰石材及石材制品 > 石材制品及其他 > 石材加工制品,material,长石凳,石椅,low,具象化叫法
1453-2,1453,装饰石材及石材制品 > 石材制品及其他 > 石材加工制品,material,阶条石,踏步石,high,台阶面板的泛称
1453-2,1453,装饰石材及石材制品 > 石材制品及其他 > 石材加工制品,material,阶条石,台阶石,high,构成台阶的石材统称
1453-2,1453,装饰石材及石材制品 > 石材制品及其他 > 石材加工制品,material,阶条石,压阶石,low,古建或特定建筑设计中的叫法
1453-2,1453,装饰石材及石材制品 > 石材制品及其他 > 石材加工制品,material,青色马蹄石,马蹄石,high,省略颜色前缀的简称
1453-2,1453,装饰石材及石材制品 > 石材制品及其他 > 石材加工制品,material,青色马蹄石,弹石,medium,尺寸较小、形似马蹄用于铺路的古称或俗称
1453-2,1453,装饰石材及石材制品 > 石材制品及其他 > 石材加工制品,material,青色马蹄石,青石弹,low,结合颜色和弹石特征的习惯叫法
1453-2,1453,装饰石材及石材制品 > 石材制品及其他 > 石材加工制品,material,风化石,风化岩,high,地质学术语在工地上的混用
1453-2,1453,装饰石材及石材制品 > 石材制品及其他 > 石材加工制品,material,风化石,糟石,low,形容石材因风化变得疏松的状态
1529-2,1529,装饰线条、装饰件、栏杆、扶手及其他 > 装饰栏杆及扶手 > 扶手,material,硬木扶手弯头,实木弯头,high,强调材质的俗称
1529-2,1529,装饰线条、装饰件、栏杆、扶手及其他 > 装饰栏杆及扶手 > 扶手,material,硬木扶手弯头,木扶手弯头,high,简化俗称
1529-2,1529,装饰线条、装饰件、栏杆、扶手及其他 > 装饰栏杆及扶手 > 扶手,material,硬木扶手弯头,硬木拐弯,medium,施工现场口语叫法
1529-2,1529,装饰线条、装饰件、栏杆、扶手及其他 > 装饰栏杆及扶手 > 扶手,material,硬木扶手立柱,实木立柱,high,强调材质的俗称
1529-2,1529,装饰线条、装饰件、栏杆、扶手及其他 > 装饰栏杆及扶手 > 扶手,material,硬木扶手立柱,木扶手柱子,medium,施工现场口语叫法
1529-2,1529,装饰线条、装饰件、栏杆、扶手及其他 > 装饰栏杆及扶手 > 扶手,material,硬木扶手立柱,硬木小立柱,medium,区别于大立柱的口语叫法
1529-2,1529,装饰线条、装饰件、栏杆、扶手及其他 > 装饰栏杆及扶手 > 扶手,material,花岗石扶手,花岗岩扶手,high,学名与俗称的替换
1529-2,1529,装饰线条、装饰件、栏杆、扶手及其他 > 装饰栏杆及扶手 > 扶手,material,花岗石扶手,麻石扶手,medium,花岗石的民间俗称
1529-2,1529,装饰线条、装饰件、栏杆、扶手及其他 > 装饰栏杆及扶手 > 扶手,material,花岗石扶手弯头,花岗岩弯头,high,学名与俗称的替换
1529-2,1529,装饰线条、装饰件、栏杆、扶手及其他 > 装饰栏杆及扶手 > 扶手,material,花岗石扶手弯头,麻石弯头,medium,花岗石的民间俗称
1529-2,1529,装饰线条、装饰件、栏杆、扶手及其他 > 装饰栏杆及扶手 > 扶手,material,花岗石扶手立柱,花岗岩立柱,high,学名与俗称的替换
1529-2,1529,装饰线条、装饰件、栏杆、扶手及其他 > 装饰栏杆及扶手 > 扶手,material,花岗石扶手立柱,麻石立柱,medium,花岗石的民间俗称
1529-2,1529,装饰线条、装饰件、栏杆、扶手及其他 > 装饰栏杆及扶手 > 扶手,material,花岗石扶手立柱,花岗石栏杆柱,medium,结合用途的口语叫法
1529-2,1529,装饰线条、装饰件、栏杆、扶手及其他 > 装饰栏杆及扶手 > 扶手,material,钛金扶手,不锈钢钛金扶手,high,全称俗称
1529-2,1529,装饰线条、装饰件、栏杆、扶手及其他 > 装饰栏杆及扶手 > 扶手,material,钛金扶手,钛金管扶手,medium,强调管材形态的口语
1529-2,1529,装饰线条、装饰件、栏杆、扶手及其他 > 装饰栏杆及扶手 > 扶手,material,铁艺扶手,铁花扶手,high,装饰性铁艺的俗称
1529-2,1529,装饰线条、装饰件、栏杆、扶手及其他 > 装饰栏杆及扶手 > 扶手,material,铁艺扶手,锻铁扶手,medium,强调工艺的口语叫法
1529-2,1529,装饰线条、装饰件、栏杆、扶手及其他 > 装饰栏杆及扶手 > 扶手,material,铜扶手,黄铜扶手,medium,常见铜材类型俗称
1529-2,1529,装饰线条、装饰件、栏杆、扶手及其他 > 装饰栏杆及扶手 > 扶手,material,铝合金扶手,铝扶手,high,材料简化俗称
1529-2,1529,装饰线条、装饰件、栏杆、扶手及其他 > 装饰栏杆及扶手 > 扶手,material,铝合金扶手,合金扶手,medium,口语中省略叫法
1529-2,1529,装饰线条、装饰件、栏杆、扶手及其他 > 装饰栏杆及扶手 > 扶手,material,铝合金扶手,铝材扶手,medium,强调型材的口语
1529-1,1529,装饰线条、装饰件、栏杆、扶手及其他 > 装饰栏杆及扶手 > 扶手,category,扶手,栏杆扶手,high,施工现场常将栏杆和扶手统称为栏杆扶手
1529-1,1529,装饰线条、装饰件、栏杆、扶手及其他 > 装饰栏杆及扶手 > 扶手,category,扶手,扶手栏杆,high,行业内口语叫法，与栏杆扶手通用
1529-1,1529,装饰线条、装饰件、栏杆、扶手及其他 > 装饰栏杆及扶手 > 扶手,material,PVC塑料扶手,塑钢扶手,high,PVC型材常被俗称为塑钢
1529-1,1529,装饰线条、装饰件、栏杆、扶手及其他 > 装饰栏杆及扶手 > 扶手,material,PVC塑料扶手,PVC扶手,high,省略塑料二字的口语简称
1529-1,1529,装饰线条、装饰件、栏杆、扶手及其他 > 装饰栏杆及扶手 > 扶手,material,PVC塑料扶手弯头,塑钢扶手弯头,high,对应塑钢扶手的配件
1529-1,1529,装饰线条、装饰件、栏杆、扶手及其他 > 装饰栏杆及扶手 > 扶手,material,PVC塑料扶手弯头,PVC弯头,medium,采购时口语简称
1529-1,1529,装饰线条、装饰件、栏杆、扶手及其他 > 装饰栏杆及扶手 > 扶手,material,PVC铝合金扶手,铝塑扶手,medium,铝合金与PVC复合的俗称
1529-1,1529,装饰线条、装饰件、栏杆、扶手及其他 > 装饰栏杆及扶手 > 扶手,material,不锈钢尼龙扶手,尼龙包塑扶手,medium,描述尼龙包裹不锈钢的工艺
1529-1,1529,装饰线条、装饰件、栏杆、扶手及其他 > 装饰栏杆及扶手 > 扶手,material,不锈钢扶手,白钢扶手,high,不锈钢在北方常被称为白钢
1529-1,1529,装饰线条、装饰件、栏杆、扶手及其他 > 装饰栏杆及扶手 > 扶手,material,不锈钢立柱,白钢立柱,high,对应白钢扶手的叫法
1529-1,1529,装饰线条、装饰件、栏杆、扶手及其他 > 装饰栏杆及扶手 > 扶手,material,塑木扶手,木塑扶手,high,塑木也称为木塑
1529-1,1529,装饰线条、装饰件、栏杆、扶手及其他 > 装饰栏杆及扶手 > 扶手,material,塑木立柱,木塑立柱,high,对应木塑扶手的叫法
1529-1,1529,装饰线条、装饰件、栏杆、扶手及其他 > 装饰栏杆及扶手 > 扶手,material,抛铝合金扶手,抛光铝扶手,high,抛铝合金指抛光铝合金
1529-1,1529,装饰线条、装饰件、栏杆、扶手及其他 > 装饰栏杆及扶手 > 扶手,material,抛铝合金扶手,铝合金扶手,high,省略抛光工艺的口语叫法
1529-1,1529,装饰线条、装饰件、栏杆、扶手及其他 > 装饰栏杆及扶手 > 扶手,material,木扶手,实木扶手,medium,施工现场常混用，强调木质
1529-1,1529,装饰线条、装饰件、栏杆、扶手及其他 > 装饰栏杆及扶手 > 扶手,material,白钢扶手,不锈钢扶手,high,白钢是北方对不锈钢的俗称
1529-1,1529,装饰线条、装饰件、栏杆、扶手及其他 > 装饰栏杆及扶手 > 扶手,material,硬木扶手,实木扶手,medium,硬木常被泛称为实木
74-2,74,装饰线条、装饰件、栏杆、扶手及其他 > 装饰栏杆及扶手 > 栏杆、栏板,category,栏杆、栏板,防护栏,high,施工现场对栏杆栏板的通用功能性统称
74-2,74,装饰线条、装饰件、栏杆、扶手及其他 > 装饰栏杆及扶手 > 栏杆、栏板,category,栏杆、栏板,围栏,medium,常用于描述栏杆栏板的整体系统
74-2,74,装饰线条、装饰件、栏杆、扶手及其他 > 装饰栏杆及扶手 > 栏杆、栏板,material,钢栏杆,铁栏杆,high,施工现场对碳钢栏杆的俗称
74-2,74,装饰线条、装饰件、栏杆、扶手及其他 > 装饰栏杆及扶手 > 栏杆、栏板,material,钢管栏杆,圆管栏杆,high,强调其管状截面特征
74-2,74,装饰线条、装饰件、栏杆、扶手及其他 > 装饰栏杆及扶手 > 栏杆、栏板,material,钢管栏杆,方管栏杆,medium,强调其方形管截面特征
74-2,74,装饰线条、装饰件、栏杆、扶手及其他 > 装饰栏杆及扶手 > 栏杆、栏板,material,铁艺栏杆,锻铁栏杆,high,强调其锻造或造型工艺
74-2,74,装饰线条、装饰件、栏杆、扶手及其他 > 装饰栏杆及扶手 > 栏杆、栏板,material,铁艺栏杆,花式栏杆,medium,强调其装饰性图案特征
74-2,74,装饰线条、装饰件、栏杆、扶手及其他 > 装饰栏杆及扶手 > 栏杆、栏板,material,铜管栏杆,铜艺栏杆,medium,铜管常结合铜花件制成工艺品级栏杆
74-2,74,装饰线条、装饰件、栏杆、扶手及其他 > 装饰栏杆及扶手 > 栏杆、栏板,material,铝合金全玻栏板,无框玻璃栏板,high,全玻结构通常不设竖向边框
74-2,74,装饰线条、装饰件、栏杆、扶手及其他 > 装饰栏杆及扶手 > 栏杆、栏板,material,铝合金全玻栏板,全玻璃护栏,medium,口语中简化为玻璃护栏
74-2,74,装饰线条、装饰件、栏杆、扶手及其他 > 装饰栏杆及扶手 > 栏杆、栏板,material,铝合金半玻栏板,半玻护栏,medium,施工现场的半截玻璃结构简称
74-2,74,装饰线条、装饰件、栏杆、扶手及其他 > 装饰栏杆及扶手 > 栏杆、栏板,material,铝合金护栏,铝护拦,low,别字俗称
74-2,74,装饰线条、装饰件、栏杆、扶手及其他 > 装饰栏杆及扶手 > 栏杆、栏板,material,铝合金栏杆,铝栏杆,high,材料名称的简略叫法
74-2,74,装饰线条、装饰件、栏杆、扶手及其他 > 装饰栏杆及扶手 > 栏杆、栏板,material,铝合金玻璃栏板,铝框玻璃栏板,medium,强调其铝合金包框结构
74-2,74,装饰线条、装饰件、栏杆、扶手及其他 > 装饰栏杆及扶手 > 栏杆、栏板,material,铝塑栏杆,塑钢栏杆,low,铝塑复合管材在外观和概念上常被混称为塑钢
74-2,74,装饰线条、装饰件、栏杆、扶手及其他 > 装饰栏杆及扶手 > 栏杆、栏板,material,铸铁栏杆,生铁栏杆,high,基于材质的俗称
74-2,74,装饰线条、装饰件、栏杆、扶手及其他 > 装饰栏杆及扶手 > 栏杆、栏板,material,锌合金栏杆,锌钢栏杆,low,锌合金与锌钢在低端市场口语中常混淆
74-2,74,装饰线条、装饰件、栏杆、扶手及其他 > 装饰栏杆及扶手 > 栏杆、栏板,material,锌钢栏杆,镀锌栏杆,high,锌钢栏杆基材为钢，表面镀锌，现场常以此代称
74-2,74,装饰线条、装饰件、栏杆、扶手及其他 > 装饰栏杆及扶手 > 栏杆、栏板,material,锌钢栏杆,热镀锌栏杆,medium,强调其热浸镀锌防锈工艺
1530-1,1530,装饰线条、装饰件、栏杆、扶手及其他 > 其他装饰材料 > 装饰件,category,装饰件,GRC构件,medium,装饰件大类在工地常统称为GRC构件或GRC线条
1530-1,1530,装饰线条、装饰件、栏杆、扶手及其他 > 其他装饰材料 > 装饰件,category,装饰件,EPS装饰件,medium,EPS材质的装饰件统称，施工现场常见
1530-1,1530,装饰线条、装饰件、栏杆、扶手及其他 > 其他装饰材料 > 装饰件,category,装饰件,欧式构件,medium,欧式风格装饰件总称，采购口语常用
1530-1,1530,装饰线条、装饰件、栏杆、扶手及其他 > 其他装饰材料 > 装饰件,material,分隔条,装饰分隔条,high,施工现场常用全称
1530-1,1530,装饰线条、装饰件、栏杆、扶手及其他 > 其他装饰材料 > 装饰件,material,分隔条,金属分隔条,medium,常见材质类型叫法
1530-1,1530,装饰线条、装饰件、栏杆、扶手及其他 > 其他装饰材料 > 装饰件,material,分隔条,嵌条,high,嵌入式的分隔条称谓
1530-1,1530,装饰线条、装饰件、栏杆、扶手及其他 > 其他装饰材料 > 装饰件,material,壁柱,附墙柱,high,附着在墙上的装饰柱
1530-1,1530,装饰线条、装饰件、栏杆、扶手及其他 > 其他装饰材料 > 装饰件,material,壁柱,半柱,medium,壁柱是墙面凸出一半的柱式
1530-1,1530,装饰线条、装饰件、栏杆、扶手及其他 > 其他装饰材料 > 装饰件,material,壁柱,墙柱,high,装饰在墙上的柱子
1530-1,1530,装饰线条、装饰件、栏杆、扶手及其他 > 其他装饰材料 > 装饰件,material,壁炉,装饰壁炉,high,区分功能性壁炉的常见叫法
1530-1,1530,装饰线条、装饰件、栏杆、扶手及其他 > 其他装饰材料 > 装饰件,material,壁炉,假壁炉,low,无烟道纯装饰用壁炉
1530-1,1530,装饰线条、装饰件、栏杆、扶手及其他 > 其他装饰材料 > 装饰件,material,壁饰,墙面装饰件,high,壁饰在墙面上安装的装饰构件总称
1530-1,1530,装饰线条、装饰件、栏杆、扶手及其他 > 其他装饰材料 > 装饰件,material,壁饰,墙饰,high,施工现场口语简略叫法
1530-1,1530,装饰线条、装饰件、栏杆、扶手及其他 > 其他装饰材料 > 装饰件,material,天花造型角,天花角花,high,安装在天花四角的造型件
1530-1,1530,装饰线条、装饰件、栏杆、扶手及其他 > 其他装饰材料 > 装饰件,material,天花造型角,吊顶造型角,medium,吊顶角落装饰件
1530-1,1530,装饰线条、装饰件、栏杆、扶手及其他 > 其他装饰材料 > 装饰件,material,弯角花,角花,high,施工现场最常见口语叫法
1530-1,1530,装饰线条、装饰件、栏杆、扶手及其他 > 其他装饰材料 > 装饰件,material,弯角花,转角花,high,用于转角处的装饰花件
1530-1,1530,装饰线条、装饰件、栏杆、扶手及其他 > 其他装饰材料 > 装饰件,material,拱心石,拱顶石,high,拱形顶部的装饰石
1530-1,1530,装饰线条、装饰件、栏杆、扶手及其他 > 其他装饰材料 > 装饰件,material,拱心石,锁石,medium,拱券上居中锁住拱券的石块
1530-1,1530,装饰线条、装饰件、栏杆、扶手及其他 > 其他装饰材料 > 装饰件,material,方形柱,方柱,high,施工现场口语简略叫法
1530-1,1530,装饰线条、装饰件、栏杆、扶手及其他 > 其他装饰材料 > 装饰件,material,方柱头,方柱帽,high,方柱顶部的装饰帽
1530-1,1530,装饰线条、装饰件、栏杆、扶手及其他 > 其他装饰材料 > 装饰件,material,方柱头,方柱顶饰,medium,方柱头作为柱身顶部装饰
1530-1,1530,装饰线条、装饰件、栏杆、扶手及其他 > 其他装饰材料 > 装饰件,material,板条,装饰板条,high,用于装饰的板材条
1530-1,1530,装饰线条、装饰件、栏杆、扶手及其他 > 其他装饰材料 > 装饰件,material,板条,线条板,low,线型的板状材料
1530-1,1530,装饰线条、装饰件、栏杆、扶手及其他 > 其他装饰材料 > 装饰件,material,板画,浮雕板画,medium,区别于平面画作的装饰板
1530-1,1530,装饰线条、装饰件、栏杆、扶手及其他 > 其他装饰材料 > 装饰件,material,板画,装饰画板,medium,装饰用的画板
1530-1,1530,装饰线条、装饰件、栏杆、扶手及其他 > 其他装饰材料 > 装饰件,material,柱头、帽,柱帽,high,施工现场简略叫法，柱头与柱帽常混用
1530-1,1530,装饰线条、装饰件、栏杆、扶手及其他 > 其他装饰材料 > 装饰件,material,柱头、帽,柱头花,medium,带花纹的柱头装饰
1530-1,1530,装饰线条、装饰件、栏杆、扶手及其他 > 其他装饰材料 > 装饰件,material,柱脚,柱础,high,欧式古典柱式的下部名称
1530-1,1530,装饰线条、装饰件、栏杆、扶手及其他 > 其他装饰材料 > 装饰件,material,柱脚,柱基,medium,柱子底部的基座装饰件
1530-1,1530,装饰线条、装饰件、栏杆、扶手及其他 > 其他装饰材料 > 装饰件,material,梁头柱,牛腿,high,支撑横梁的装饰构件，现场多叫牛腿
1530-1,1530,装饰线条、装饰件、栏杆、扶手及其他 > 其他装饰材料 > 装饰件,material,梁头柱,梁托柱,medium,梁头柱和梁托功能相似，口语中时常混用
1530-1,1530,装饰线条、装饰件、栏杆、扶手及其他 > 其他装饰材料 > 装饰件,material,梁托,牛腿,high,现场采购/施工中极常见的叫法
1530-1,1530,装饰线条、装饰件、栏杆、扶手及其他 > 其他装饰材料 > 装饰件,material,梁托,托梁,low,支撑梁的构件，口语中偶尔倒置称呼
1530-1,1530,装饰线条、装饰件、栏杆、扶手及其他 > 其他装饰材料 > 装饰件,material,檐托,檐口托座,medium,檐口下方起支撑和装饰作用的构件
1530-1,1530,装饰线条、装饰件、栏杆、扶手及其他 > 其他装饰材料 > 装饰件,material,浮雕壁饰,浮雕墙饰,high,壁饰的浮雕形式
1530-1,1530,装饰线条、装饰件、栏杆、扶手及其他 > 其他装饰材料 > 装饰件,material,浮雕壁饰,浮雕背景墙,medium,背景墙常用浮雕壁饰装饰
1530-1,1530,装饰线条、装饰件、栏杆、扶手及其他 > 其他装饰材料 > 装饰件,material,灯圈,灯盘圈,medium,灯盘的外圈装饰环
1530-1,1530,装饰线条、装饰件、栏杆、扶手及其他 > 其他装饰材料 > 装饰件,material,灯圈,吸顶灯圈,medium,吸顶灯周围的装饰圈
1530-1,1530,装饰线条、装饰件、栏杆、扶手及其他 > 其他装饰材料 > 装饰件,material,灯盘,天花灯盘,high,安装在天花上的灯座装饰盘
1530-1,1530,装饰线条、装饰件、栏杆、扶手及其他 > 其他装饰材料 > 装饰件,material,灯盘,吊灯底座,high,吊灯安装在天花上的基座
1530-1,1530,装饰线条、装饰件、栏杆、扶手及其他 > 其他装饰材料 > 装饰件,material,灯盘,艺术灯座,medium,艺术造型的灯具底座
1530-1,1530,装饰线条、装饰件、栏杆、扶手及其他 > 其他装饰材料 > 装饰件,material,石膏壁画,石膏背景画,medium,用石膏制成的壁画常用作背景
1530-1,1530,装饰线条、装饰件、栏杆、扶手及其他 > 其他装饰材料 > 装饰件,material,石膏壁画,艺术石膏板,low,浮雕类石膏板壁画
1530-1,1530,装饰线条、装饰件、栏杆、扶手及其他 > 其他装饰材料 > 装饰件,material,石膏造型角,石膏角花,high,石膏制造型角
1530-1,1530,装饰线条、装饰件、栏杆、扶手及其他 > 其他装饰材料 > 装饰件,material,石膏造型角,天花石膏角,medium,安装在天花角的石膏造型
1530-1,1530,装饰线条、装饰件、栏杆、扶手及其他 > 其他装饰材料 > 装饰件,material,罗马柱,古典柱,medium,泛指带有古罗马风格的装饰柱
1530-1,1530,装饰线条、装饰件、栏杆、扶手及其他 > 其他装饰材料 > 装饰件,material,罗马柱头,罗马柱帽,high,罗马柱的头部装饰
1530-1,1530,装饰线条、装饰件、栏杆、扶手及其他 > 其他装饰材料 > 装饰件,material,艺术顶盆,天花艺术盆,medium,安装在天花的艺术造型盆状装饰
1530-1,1530,装饰线条、装饰件、栏杆、扶手及其他 > 其他装饰材料 > 装饰件,material,艺术顶盆,装饰顶盆,medium,顶部装饰的盆状构件
1530-1,1530,装饰线条、装饰件、栏杆、扶手及其他 > 其他装饰材料 > 装饰件,material,花瓶柱,花瓶栏杆,high,花瓶造型的栏杆立柱
1530-1,1530,装饰线条、装饰件、栏杆、扶手及其他 > 其他装饰材料 > 装饰件,material,花瓶柱,宝瓶柱,medium,部分地区对花瓶柱的别称
1530-1,1530,装饰线条、装饰件、栏杆、扶手及其他 > 其他装饰材料 > 装饰件,material,花瓶柱,葫芦柱,low,外形似葫芦/花瓶的栏杆柱
1744-1,1744,轨道交通专用材料及设备 > 信号器材 > 其他轨道信号器材,material,匹配单元,匹配器,high,行业内简称匹配器，用于轨道电路阻抗匹配
1744-1,1744,轨道交通专用材料及设备 > 信号器材 > 其他轨道信号器材,material,匹配单元,匹配变压器,medium,内部含有变压器实现阻抗匹配，现场会直接叫匹配变压器
1744-1,1744,轨道交通专用材料及设备 > 信号器材 > 其他轨道信号器材,material,卡接式接线模块,卡接模块,high,施工现场和采购时通常简称为卡接模块
1744-1,1744,轨道交通专用材料及设备 > 信号器材 > 其他轨道信号器材,material,卡接式接线模块,免螺丝端子,medium,因采用免螺丝卡接技术，电工常称为免螺丝端子
1744-1,1744,轨道交通专用材料及设备 > 信号器材 > 其他轨道信号器材,material,卡接式接线模块,压接模块,low,由于线缆是压卡进去连接的，部分地区俗称压接模块
1744-1,1744,轨道交通专用材料及设备 > 信号器材 > 其他轨道信号器材,material,接线模块,端子模块,medium,习惯性俗称，专门用来接线的模块化端子排
1744-1,1744,轨道交通专用材料及设备 > 信号器材 > 其他轨道信号器材,material,模拟盘,控制盘面,medium,模拟显示屏的操作与显示盘面，常被称为控制盘面
1744-1,1744,轨道交通专用材料及设备 > 信号器材 > 其他轨道信号器材,material,模拟盘,马赛克屏,medium,早期铁路信号模拟盘多为马赛克模块拼接，老职工沿用此叫法
1744-1,1744,轨道交通专用材料及设备 > 信号器材 > 其他轨道信号器材,material,模拟盘,调度模拟屏,medium,因其主要放置在调度中心做线路模拟，常被称为模拟屏
1742-1,1742,轨道交通专用材料及设备 > 信号器材 > 信号线路连接附件,category,信号线路连接附件,信号线路金具,high,在铁路信号施工中常将此类连接固定附件统称为信号金具或线路金具
1742-1,1742,轨道交通专用材料及设备 > 信号器材 > 信号线路连接附件,category,信号线路连接附件,信号线夹,medium,施工现场对此类起固定、夹持作用的连接附件口语统称
1742-1,1742,轨道交通专用材料及设备 > 信号器材 > 信号线路连接附件,material,中间扣板,中间压板,medium,现场根据其固定功能常互换称呼
1742-1,1742,轨道交通专用材料及设备 > 信号器材 > 信号线路连接附件,material,固定底座,信号机座,medium,当用于固定信号机柱时常被通俗叫法
1742-1,1742,轨道交通专用材料及设备 > 信号器材 > 信号线路连接附件,material,固定底座,设备底板,low,统称一类起底部固定作用的板材
1742-1,1742,轨道交通专用材料及设备 > 信号器材 > 信号线路连接附件,material,托板托架,电缆支架,medium,现场口语中常以此功能描述称呼
1742-1,1742,轨道交通专用材料及设备 > 信号器材 > 信号线路连接附件,material,托板托架,托臂,medium,像手臂一样伸出的支撑结构俗称
1742-1,1742,轨道交通专用材料及设备 > 信号器材 > 信号线路连接附件,material,接地膨胀连接板,胀接连板,low,现场简称
1742-1,1742,轨道交通专用材料及设备 > 信号器材 > 信号线路连接附件,material,接头扣板,接头压板,medium,根据其压接固定功能的口语叫法
1742-1,1742,轨道交通专用材料及设备 > 信号器材 > 信号线路连接附件,material,接头挂环,挂环,medium,施工现场的简化口语叫法
1742-1,1742,轨道交通专用材料及设备 > 信号器材 > 信号线路连接附件,material,接触线固定夹板,接触线夹板,high,现场简称
1742-1,1742,轨道交通专用材料及设备 > 信号器材 > 信号线路连接附件,material,电缆固定夹,电缆卡子,high,施工现场极为普遍的口语叫法
1742-1,1742,轨道交通专用材料及设备 > 信号器材 > 信号线路连接附件,material,电缆固定夹,电缆夹具,medium,统称一类固定电缆的夹具
1742-1,1742,轨道交通专用材料及设备 > 信号器材 > 信号线路连接附件,material,电缆固定夹板,电缆夹板,high,现场简称
1742-1,1742,轨道交通专用材料及设备 > 信号器材 > 信号线路连接附件,material,电缆固定架,电缆支架,medium,功能相近的支架类材料常混淆称呼，但需注意与托板托架区分
1742-1,1742,轨道交通专用材料及设备 > 信号器材 > 信号线路连接附件,material,电缆托板,电缆隔板,low,在电缆槽或分层敷设时俗称
1742-1,1742,轨道交通专用材料及设备 > 信号器材 > 信号线路连接附件,material,跳线肩架,肩架,high,现场通常省略前缀简化称呼
1742-1,1742,轨道交通专用材料及设备 > 信号器材 > 信号线路连接附件,material,跳线肩架,线肩架,medium,口语简化叫法
1742-1,1742,轨道交通专用材料及设备 > 信号器材 > 信号线路连接附件,material,铜连接板,铜连板,medium,采购与施工现场的简称
1742-1,1742,轨道交通专用材料及设备 > 信号器材 > 信号线路连接附件,material,铜连接板,铜板,low,在语境明确时极度简化的口语叫法
207-1,207,装饰线条、装饰件、栏杆、扶手及其他 > 装饰线条 > 其他装饰线条,category,其他装饰线条,装饰线,high,装饰线条的通用简称
207-1,207,装饰线条、装饰件、栏杆、扶手及其他 > 装饰线条 > 其他装饰线条,category,其他装饰线条,异形线条,medium,指代非直线的装饰线条
207-1,207,装饰线条、装饰件、栏杆、扶手及其他 > 装饰线条 > 其他装饰线条,material,EPS装饰线条,泡沫线条,high,EPS为聚苯乙烯泡沫，施工口语中直接叫泡沫线条
207-1,207,装饰线条、装饰件、栏杆、扶手及其他 > 装饰线条 > 其他装饰线条,material,EPS装饰线条,EPS线条,high,去除装饰二字的简称，非常普遍
207-1,207,装饰线条、装饰件、栏杆、扶手及其他 > 装饰线条 > 其他装饰线条,material,EPS装饰线条,苯板线条,medium,EPS俗称苯板
207-1,207,装饰线条、装饰件、栏杆、扶手及其他 > 装饰线条 > 其他装饰线条,material,GRC装饰线条,GRC线条,high,常见简称
207-1,207,装饰线条、装饰件、栏杆、扶手及其他 > 装饰线条 > 其他装饰线条,material,GRC装饰线条,玻璃钢线条,low,GRC即玻璃纤维增强水泥，常被误称为玻璃钢或直接归为玻璃钢类线条
207-1,207,装饰线条、装饰件、栏杆、扶手及其他 > 装饰线条 > 其他装饰线条,material,grc弧线,GRC弧形线条,medium,全称与口语化叫法
207-1,207,装饰线条、装饰件、栏杆、扶手及其他 > 装饰线条 > 其他装饰线条,material,不锈钢装饰线条,不锈钢线条,high,去除装饰二字的简称
207-1,207,装饰线条、装饰件、栏杆、扶手及其他 > 装饰线条 > 其他装饰线条,material,不锈钢装饰线条,不锈钢收口条,medium,不锈钢线条常用于收口，现场常这么叫
207-1,207,装饰线条、装饰件、栏杆、扶手及其他 > 装饰线条 > 其他装饰线条,material,护角线,护角条,high,护角线多为条状，常称护角条
207-1,207,装饰线条、装饰件、栏杆、扶手及其他 > 装饰线条 > 其他装饰线条,material,护角线,阳角条,medium,护角线常用于保护阳角
207-1,207,装饰线条、装饰件、栏杆、扶手及其他 > 装饰线条 > 其他装饰线条,material,护角线,防撞条,medium,功能角度别称，多指墙面阳角保护
207-1,207,装饰线条、装饰件、栏杆、扶手及其他 > 装饰线条 > 其他装饰线条,material,木塑装饰线条,木塑线条,high,常见简称
207-1,207,装饰线条、装饰件、栏杆、扶手及其他 > 装饰线条 > 其他装饰线条,material,木塑装饰线条,塑木线条,high,木塑亦称塑木，叫法通用
207-1,207,装饰线条、装饰件、栏杆、扶手及其他 > 装饰线条 > 其他装饰线条,material,玻璃装饰线条,玻璃线条,high,去除装饰二字的简称
207-1,207,装饰线条、装饰件、栏杆、扶手及其他 > 装饰线条 > 其他装饰线条,material,石塑烤漆线条,石塑线条,medium,去除烤漆的简称
207-1,207,装饰线条、装饰件、栏杆、扶手及其他 > 装饰线条 > 其他装饰线条,material,石塑装饰线条,石塑线条,high,常见简称
207-1,207,装饰线条、装饰件、栏杆、扶手及其他 > 装饰线条 > 其他装饰线条,material,竹木纤维装饰线条,竹木纤维线条,high,常见简称
207-1,207,装饰线条、装饰件、栏杆、扶手及其他 > 装饰线条 > 其他装饰线条,material,竹木纤维装饰线条,竹木线条,medium,竹木纤维装饰线条的进一步口语简称
207-1,207,装饰线条、装饰件、栏杆、扶手及其他 > 装饰线条 > 其他装饰线条,material,竹质装饰线条,竹线条,high,常见简称
207-1,207,装饰线条、装饰件、栏杆、扶手及其他 > 装饰线条 > 其他装饰线条,material,聚合聚苯板线条,聚合聚苯线条,medium,常见简称
207-1,207,装饰线条、装饰件、栏杆、扶手及其他 > 装饰线条 > 其他装饰线条,material,聚苯板线条,苯板线条,high,聚苯板俗称苯板
207-1,207,装饰线条、装饰件、栏杆、扶手及其他 > 装饰线条 > 其他装饰线条,material,聚苯板线条,泡沫线条,medium,聚苯板广义上属于泡沫材料，现场偶有混称
207-1,207,装饰线条、装饰件、栏杆、扶手及其他 > 装饰线条 > 其他装饰线条,material,钛金装饰线条,钛金线条,high,常见简称
207-1,207,装饰线条、装饰件、栏杆、扶手及其他 > 装饰线条 > 其他装饰线条,material,铜质装饰线条,铜线条,high,常见简称
207-1,207,装饰线条、装饰件、栏杆、扶手及其他 > 装饰线条 > 其他装饰线条,material,铜质装饰线条,铜条,high,施工现场常统称为铜条
207-1,207,装饰线条、装饰件、栏杆、扶手及其他 > 装饰线条 > 其他装饰线条,material,铝合金装饰线条,铝合金线条,high,常见简称
207-1,207,装饰线条、装饰件、栏杆、扶手及其他 > 装饰线条 > 其他装饰线条,material,铝合金装饰线条,铝合金收口条,medium,常用于收口，施工口语叫法
207-1,207,装饰线条、装饰件、栏杆、扶手及其他 > 装饰线条 > 其他装饰线条,material,铝木装饰线条,铝木线条,high,常见简称
207-1,207,装饰线条、装饰件、栏杆、扶手及其他 > 装饰线条 > 其他装饰线条,material,陶瓷装饰线条,陶瓷线条,high,常见简称
74-1,74,装饰线条、装饰件、栏杆、扶手及其他 > 装饰栏杆及扶手 > 栏杆、栏板,category,栏杆、栏板,护栏,high,在建筑施工现场，栏杆和栏板常被统称为护栏，尤其在户外或阳台部位
74-1,74,装饰线条、装饰件、栏杆、扶手及其他 > 装饰栏杆及扶手 > 栏杆、栏板,category,栏杆、栏板,围栏,medium,泛指起围护作用的栏杆、栏板类产品
74-1,74,装饰线条、装饰件、栏杆、扶手及其他 > 装饰栏杆及扶手 > 栏杆、栏板,material,EPS栏杆,泡沫线条栏杆,medium,EPS俗称聚苯板或泡沫，现场有时叫泡沫栏杆
74-1,74,装饰线条、装饰件、栏杆、扶手及其他 > 装饰栏杆及扶手 > 栏杆、栏板,material,GRC栏杆,玻璃纤维水泥栏杆,medium,GRC是玻璃纤维增强水泥的英文缩写，现场会展开叫
74-1,74,装饰线条、装饰件、栏杆、扶手及其他 > 装饰栏杆及扶手 > 栏杆、栏板,material,GRC栏板,玻璃纤维水泥栏板,medium,同GRC材质，栏板形态
74-1,74,装饰线条、装饰件、栏杆、扶手及其他 > 装饰栏杆及扶手 > 栏杆、栏板,material,不锈钢栏杆,不锈钢护栏,high,现场常把栏杆叫护栏
74-1,74,装饰线条、装饰件、栏杆、扶手及其他 > 装饰栏杆及扶手 > 栏杆、栏板,material,不锈钢栏杆,304栏杆,medium,常用304材质指代不锈钢栏杆
74-1,74,装饰线条、装饰件、栏杆、扶手及其他 > 装饰栏杆及扶手 > 栏杆、栏板,material,不锈钢栏板,不锈钢护板,medium,栏板俗称护板
74-1,74,装饰线条、装饰件、栏杆、扶手及其他 > 装饰栏杆及扶手 > 栏杆、栏板,material,不锈钢玻璃栏杆,不锈钢夹玻栏杆,medium,现场口语简化为夹玻栏杆
74-1,74,装饰线条、装饰件、栏杆、扶手及其他 > 装饰栏杆及扶手 > 栏杆、栏板,material,不锈钢玻璃栏杆,无框玻璃栏杆,medium,不锈钢与玻璃组合常见无框做法
74-1,74,装饰线条、装饰件、栏杆、扶手及其他 > 装饰栏杆及扶手 > 栏杆、栏板,material,不锈钢玻璃栏板,不锈钢玻璃护板,medium,栏板俗称护板
74-1,74,装饰线条、装饰件、栏杆、扶手及其他 > 装饰栏杆及扶手 > 栏杆、栏板,material,不锈钢管栏杆,不锈钢圆管栏杆,medium,一般钢管是圆管
74-1,74,装饰线条、装饰件、栏杆、扶手及其他 > 装饰栏杆及扶手 > 栏杆、栏板,material,不锈钢管栏杆,不锈钢管护栏,high,栏杆常被叫护栏
74-1,74,装饰线条、装饰件、栏杆、扶手及其他 > 装饰栏杆及扶手 > 栏杆、栏板,material,不锈钢防盗护栏,不锈钢防盗网,high,防盗护栏常被叫作防盗网
74-1,74,装饰线条、装饰件、栏杆、扶手及其他 > 装饰栏杆及扶手 > 栏杆、栏板,material,不锈钢防盗护栏,不锈钢防盗窗,medium,室外防盗护栏也常被称为防盗窗
74-1,74,装饰线条、装饰件、栏杆、扶手及其他 > 装饰栏杆及扶手 > 栏杆、栏板,material,型钢护栏,方钢护栏,medium,型钢常指方钢、矩形钢管等
74-1,74,装饰线条、装饰件、栏杆、扶手及其他 > 装饰栏杆及扶手 > 栏杆、栏板,material,型钢护栏,镀锌钢护栏,medium,型钢护栏多为镀锌钢
74-1,74,装饰线条、装饰件、栏杆、扶手及其他 > 装饰栏杆及扶手 > 栏杆、栏板,material,型钢玻璃护栏,方钢夹玻护栏,medium,型钢多为方钢，配玻璃
74-1,74,装饰线条、装饰件、栏杆、扶手及其他 > 装饰栏杆及扶手 > 栏杆、栏板,material,塑料栏杆,PVC栏杆,high,塑料栏杆常用PVC材质
74-1,74,装饰线条、装饰件、栏杆、扶手及其他 > 装饰栏杆及扶手 > 栏杆、栏板,material,塑料栏杆,塑胶栏杆,medium,现场口语叫法
74-1,74,装饰线条、装饰件、栏杆、扶手及其他 > 装饰栏杆及扶手 > 栏杆、栏板,material,塑料栏板,PVC栏板,medium,塑料栏板常用PVC材质
74-1,74,装饰线条、装饰件、栏杆、扶手及其他 > 装饰栏杆及扶手 > 栏杆、栏板,material,塑木栏杆,木塑栏杆,high,塑木和木塑经常混用
74-1,74,装饰线条、装饰件、栏杆、扶手及其他 > 装饰栏杆及扶手 > 栏杆、栏板,material,塑木栏杆,WPC栏杆,low,塑木的英文缩写WPC
74-1,74,装饰线条、装饰件、栏杆、扶手及其他 > 装饰栏杆及扶手 > 栏杆、栏板,material,塑钢栏杆,钢塑栏杆,medium,塑钢和钢塑口语混用
74-1,74,装饰线条、装饰件、栏杆、扶手及其他 > 装饰栏杆及扶手 > 栏杆、栏板,material,木栏杆,实木栏杆,medium,一般指实木材质
74-1,74,装饰线条、装饰件、栏杆、扶手及其他 > 装饰栏杆及扶手 > 栏杆、栏板,material,木栏杆,防腐木栏杆,high,户外木栏杆多为防腐木
74-1,74,装饰线条、装饰件、栏杆、扶手及其他 > 装饰栏杆及扶手 > 栏杆、栏板,material,木质栏板,实木栏板,medium,一般指实木材质
74-1,74,装饰线条、装饰件、栏杆、扶手及其他 > 装饰栏杆及扶手 > 栏杆、栏板,material,木质栏板,防腐木栏板,high,户外常用防腐木
74-1,74,装饰线条、装饰件、栏杆、扶手及其他 > 装饰栏杆及扶手 > 栏杆、栏板,material,水泥仿木栏杆,仿木护栏,high,水泥仿木栏杆简称仿木护栏
74-1,74,装饰线条、装饰件、栏杆、扶手及其他 > 装饰栏杆及扶手 > 栏杆、栏板,material,水泥仿木栏杆,混凝土仿木栏杆,high,水泥即混凝土的俗称
74-1,74,装饰线条、装饰件、栏杆、扶手及其他 > 装饰栏杆及扶手 > 栏杆、栏板,material,水泥仿木栏杆,水泥假木栏杆,medium,仿木又称为假木
74-1,74,装饰线条、装饰件、栏杆、扶手及其他 > 装饰栏杆及扶手 > 栏杆、栏板,material,混凝土护栏,水泥护栏,high,混凝土在口语中常被称为水泥
74-1,74,装饰线条、装饰件、栏杆、扶手及其他 > 装饰栏杆及扶手 > 栏杆、栏板,material,混凝土护栏,防撞护栏,medium,重型混凝土护栏多用于防撞
74-1,74,装饰线条、装饰件、栏杆、扶手及其他 > 装饰栏杆及扶手 > 栏杆、栏板,material,混凝土护栏,新泽西护栏,medium,特指一种常见混凝土防撞护栏形状
74-1,74,装饰线条、装饰件、栏杆、扶手及其他 > 装饰栏杆及扶手 > 栏杆、栏板,material,玻璃栏板,玻璃护板,medium,栏板俗称护板
74-1,74,装饰线条、装饰件、栏杆、扶手及其他 > 装饰栏杆及扶手 > 栏杆、栏板,material,玻璃栏板,钢化玻璃栏板,medium,一般使用钢化玻璃
74-1,74,装饰线条、装饰件、栏杆、扶手及其他 > 装饰栏杆及扶手 > 栏杆、栏板,material,石材栏杆,大理石栏杆,medium,常用石材指大理石
74-1,74,装饰线条、装饰件、栏杆、扶手及其他 > 装饰栏杆及扶手 > 栏杆、栏板,material,石材栏杆,花岗岩栏杆,medium,常用石材指花岗岩
74-1,74,装饰线条、装饰件、栏杆、扶手及其他 > 装饰栏杆及扶手 > 栏杆、栏板,material,石材栏杆,石栏杆,high,石材栏杆简称石栏杆
74-1,74,装饰线条、装饰件、栏杆、扶手及其他 > 装饰栏杆及扶手 > 栏杆、栏板,material,石材栏板,石栏板,high,石材栏板简称石栏板
74-1,74,装饰线条、装饰件、栏杆、扶手及其他 > 装饰栏杆及扶手 > 栏杆、栏板,material,石材栏板,大理石栏板,medium,常用石材
74-1,74,装饰线条、装饰件、栏杆、扶手及其他 > 装饰栏杆及扶手 > 栏杆、栏板,material,聚氨酯栏杆,PU栏杆,high,聚氨酯英文缩写PU
74-1,74,装饰线条、装饰件、栏杆、扶手及其他 > 装饰栏杆及扶手 > 栏杆、栏板,material,聚氨酯栏杆,发泡栏杆,medium,聚氨酯常用于发泡制品
74-1,74,装饰线条、装饰件、栏杆、扶手及其他 > 装饰栏杆及扶手 > 栏杆、栏板,material,钛金栏杆,钛合金栏杆,medium,钛金一般指钛合金
1528-1,1528,装饰线条、装饰件、栏杆、扶手及其他 > 装饰线条 > 踢脚线,category,踢脚线,踢脚板,high,施工现场对踢脚线板材的惯用叫法
1528-1,1528,装饰线条、装饰件、栏杆、扶手及其他 > 装饰线条 > 踢脚线,category,踢脚线,脚线,high,踢脚线的口语简化叫法
1528-1,1528,装饰线条、装饰件、栏杆、扶手及其他 > 装饰线条 > 踢脚线,category,踢脚线,地脚板,medium,与地脚线通用的装饰板材叫法
1528-1,1528,装饰线条、装饰件、栏杆、扶手及其他 > 装饰线条 > 踢脚线,material,地脚线,踢脚线,high,地脚线与踢脚线在采购端常被视为同一品种
1528-1,1528,装饰线条、装饰件、栏杆、扶手及其他 > 装饰线条 > 踢脚线,material,地脚线,地板收边条,medium,地脚线在地板收口功能上的俗称
1528-1,1528,装饰线条、装饰件、栏杆、扶手及其他 > 装饰线条 > 踢脚线,material,地脚线,墙角线,medium,安装在墙脚处的线条俗称
1528-1,1528,装饰线条、装饰件、栏杆、扶手及其他 > 装饰线条 > 踢脚线,material,块料踢脚线,瓷砖踢脚线,high,块料在装饰行业通常指向瓷砖类
1528-1,1528,装饰线条、装饰件、栏杆、扶手及其他 > 装饰线条 > 踢脚线,material,块料踢脚线,瓷片踢脚板,medium,墙面装饰用瓷片切割后的踢脚线叫法
1528-1,1528,装饰线条、装饰件、栏杆、扶手及其他 > 装饰线条 > 踢脚线,material,块料踢脚线,砖踢脚,medium,施工现场对块料类踢脚线的简称
1528-1,1528,装饰线条、装饰件、栏杆、扶手及其他 > 装饰线条 > 踢脚线,material,塑料踢脚线,PVC踢脚线,high,塑料踢脚线多为PVC材质
1528-1,1528,装饰线条、装饰件、栏杆、扶手及其他 > 装饰线条 > 踢脚线,material,塑料踢脚线,塑胶踢脚板,medium,施工人员对塑料踢脚的惯用名
1528-1,1528,装饰线条、装饰件、栏杆、扶手及其他 > 装饰线条 > 踢脚线,material,塑料踢脚线,塑料脚线,medium,材质加脚线的简称
1528-1,1528,装饰线条、装饰件、栏杆、扶手及其他 > 装饰线条 > 踢脚线,material,大理石踢脚线,云石踢脚线,high,云石是大理石的别称
1528-1,1528,装饰线条、装饰件、栏杆、扶手及其他 > 装饰线条 > 踢脚线,material,大理石踢脚线,天然石踢脚板,medium,强调天然石材属性的叫法
1528-1,1528,装饰线条、装饰件、栏杆、扶手及其他 > 装饰线条 > 踢脚线,material,木塑踢脚线,WPC踢脚线,high,木塑复合材料的英文简称
1528-1,1528,装饰线条、装饰件、栏杆、扶手及其他 > 装饰线条 > 踢脚线,material,木塑踢脚线,生态木踢脚线,medium,市场上对木塑产品的流行叫法
1528-1,1528,装饰线条、装饰件、栏杆、扶手及其他 > 装饰线条 > 踢脚线,material,木塑踢脚线,木塑线条,medium,在装饰线条大类下的行业简称
1528-1,1528,装饰线条、装饰件、栏杆、扶手及其他 > 装饰线条 > 踢脚线,material,木质踢脚线,实木踢脚线,high,木质踢脚线中高端产品的核心俗称
1528-1,1528,装饰线条、装饰件、栏杆、扶手及其他 > 装饰线条 > 踢脚线,material,木质踢脚线,木脚线,medium,实木或多层实木踢脚线的口语简化
1528-1,1528,装饰线条、装饰件、栏杆、扶手及其他 > 装饰线条 > 踢脚线,material,木质踢脚线,原木踢脚板,medium,强调原木材质的行业叫法
1528-1,1528,装饰线条、装饰件、栏杆、扶手及其他 > 装饰线条 > 踢脚线,material,石塑踢脚线,SPC踢脚线,high,石塑复合材料的英文简称
1528-1,1528,装饰线条、装饰件、栏杆、扶手及其他 > 装饰线条 > 踢脚线,material,石塑踢脚线,石塑线条,medium,石塑材质在装饰线条领域的统称
1528-1,1528,装饰线条、装饰件、栏杆、扶手及其他 > 装饰线条 > 踢脚线,material,石塑踢脚线,钙塑踢脚线,medium,钙粉加塑料的石塑品类俗称
1528-1,1528,装饰线条、装饰件、栏杆、扶手及其他 > 装饰线条 > 踢脚线,material,竹木纤维踢脚线,竹木纤维板踢脚,high,常用于竹木纤维墙板配套的叫法
1528-1,1528,装饰线条、装饰件、栏杆、扶手及其他 > 装饰线条 > 踢脚线,material,竹木纤维踢脚线,竹碳踢脚线,medium,市场上对竹纤维复合材料的别称
1528-1,1528,装饰线条、装饰件、栏杆、扶手及其他 > 装饰线条 > 踢脚线,material,竹木纤维踢脚线,竹晶踢脚线,low,部分厂家对竹木纤维的营销名称
1528-1,1528,装饰线条、装饰件、栏杆、扶手及其他 > 装饰线条 > 踢脚线,material,竹质踢脚线,竹制踢脚板,high,强调竹制品的板材属性
1528-1,1528,装饰线条、装饰件、栏杆、扶手及其他 > 装饰线条 > 踢脚线,material,竹质踢脚线,全竹踢脚线,medium,区别于竹木混合材料的纯竹制品叫法
1528-1,1528,装饰线条、装饰件、栏杆、扶手及其他 > 装饰线条 > 踢脚线,material,竹质踢脚线,高密度竹脚线,low,强调竹质致密特性的行业术语
1528-1,1528,装饰线条、装饰件、栏杆、扶手及其他 > 装饰线条 > 踢脚线,material,花岗岩踢脚线,麻石踢脚线,high,麻石是花岗岩在工程中的常用俗称
1528-1,1528,装饰线条、装饰件、栏杆、扶手及其他 > 装饰线条 > 踢脚线,material,花岗岩踢脚线,花岗岩脚线,medium,材质名加脚线的简化叫法
1528-1,1528,装饰线条、装饰件、栏杆、扶手及其他 > 装饰线条 > 踢脚线,material,踢脚线收口条,收边条,high,收口条的在装饰领域的通用简称
1528-1,1528,装饰线条、装饰件、栏杆、扶手及其他 > 装饰线条 > 踢脚线,material,踢脚线收口条,踢脚线压条,medium,压住接缝的收口配件俗称
1528-1,1528,装饰线条、装饰件、栏杆、扶手及其他 > 装饰线条 > 踢脚线,material,踢脚线收口条,脚线堵头,medium,踢脚线端头收口的专用名词
1528-1,1528,装饰线条、装饰件、栏杆、扶手及其他 > 装饰线条 > 踢脚线,material,踢脚线收口条,封口条,medium,封闭接口的线条简称
1528-1,1528,装饰线条、装饰件、栏杆、扶手及其他 > 装饰线条 > 踢脚线,material,金属踢脚线,铝合金踢脚线,high,最常见的金属踢脚线材质
1528-1,1528,装饰线条、装饰件、栏杆、扶手及其他 > 装饰线条 > 踢脚线,material,金属踢脚线,不锈钢踢脚线,high,高端场所常用的金属踢脚线
1528-1,1528,装饰线条、装饰件、栏杆、扶手及其他 > 装饰线条 > 踢脚线,material,金属踢脚线,金属脚线,medium,施工现场对金属材质踢脚线的简称
1743-1,1743,轨道交通专用材料及设备 > 信号器材 > 车载定位装置,material,定位环,定位抱箍,high,施工现场因其外形为环形且通过抱紧方式固定，常称为定位抱箍
1743-1,1743,轨道交通专用材料及设备 > 信号器材 > 车载定位装置,material,定位管,定位器管,high,作为定位器的主体管状结构，采购和安装中常简称为定位器管
1743-1,1743,轨道交通专用材料及设备 > 信号器材 > 车载定位装置,material,定位管,定位导管,medium,因其管状引导定位功能，偶有定位导管的叫法
1743-1,1743,轨道交通专用材料及设备 > 信号器材 > 车载定位装置,material,定位线夹,定位卡子,high,现场工人因其用来卡住导线的功能，俗称为定位卡子
1743-1,1743,轨道交通专用材料及设备 > 信号器材 > 车载定位装置,material,定位钩,定位挂环,medium,其外形类似钩状且用于悬挂，也存在挂环的别称
1743-1,1743,轨道交通专用材料及设备 > 信号器材 > 车载定位装置,material,支柱装配配件,支柱安装配件,medium,采购清单中经常与装配、安装混用
1743-1,1743,轨道交通专用材料及设备 > 信号器材 > 车载定位装置,material,正定位,正位定位,low,为明确区分反定位，现场技术交底时会完整表述为正位定位
1743-1,1743,轨道交通专用材料及设备 > 信号器材 > 车载定位装置,material,正定位悬挂,标准悬挂,low,在特定的对比反定位场景下，有时会相对非标准定位简称为标准悬挂
1743-1,1743,轨道交通专用材料及设备 > 信号器材 > 车载定位装置,material,腕臂,平腕臂,high,根据其具体形态和功能，在采购时通常会区分为平腕臂
1743-1,1743,轨道交通专用材料及设备 > 信号器材 > 车载定位装置,material,腕臂,斜腕臂,high,根据其具体形态和功能，在采购时通常会区分为斜腕臂
1745-1,1745,轨道交通专用材料及设备 > 信号器材 > 车载设备配线装置,category,车载设备配线装置,车载线缆,high,车载信号设备配线电缆的施工现场统称
1745-1,1745,轨道交通专用材料及设备 > 信号器材 > 车载设备配线装置,category,车载设备配线装置,车载配线,high,车载信号设备连接用配线的简称
1745-1,1745,轨道交通专用材料及设备 > 信号器材 > 车载设备配线装置,material,ATP/ATO车载设备配线及连接电缆,ATP线缆,high,现场对ATP系统专用配线的简称
1745-1,1745,轨道交通专用材料及设备 > 信号器材 > 车载设备配线装置,material,ATP/ATO车载设备配线及连接电缆,ATO线缆,high,现场对ATO系统专用配线的简称
1745-1,1745,轨道交通专用材料及设备 > 信号器材 > 车载设备配线装置,material,ATP/ATO车载设备配线及连接电缆,主控线束,medium,ATP/ATO作为车载主控设备，其配线常被称为主控线束
1745-1,1745,轨道交通专用材料及设备 > 信号器材 > 车载设备配线装置,material,司机操作显示单元设备配线及连接电缆,DMI线缆,high,司机操作显示单元英文Driver-Machine Interface缩写DMI的常用叫法
1745-1,1745,轨道交通专用材料及设备 > 信号器材 > 车载设备配线装置,material,司机操作显示单元设备配线及连接电缆,显示器线束,medium,连接司机台显示器的线束俗称
1745-1,1745,轨道交通专用材料及设备 > 信号器材 > 车载设备配线装置,material,司机操作显示单元设备配线及连接电缆,HMI线缆,low,人机界面接口线缆的英文缩写叫法
1745-1,1745,轨道交通专用材料及设备 > 信号器材 > 车载设备配线装置,material,车载天线设备配线及连接电缆,天线馈线,high,连接车载天线的射频或信号馈线
1745-1,1745,轨道交通专用材料及设备 > 信号器材 > 车载设备配线装置,material,车载天线设备配线及连接电缆,BTM线缆,high,应答器传输模块天线配线的行业缩写叫法
1745-1,1745,轨道交通专用材料及设备 > 信号器材 > 车载设备配线装置,material,车载测速校准设备配线及连接电缆,测速线缆,high,连接速度传感器或测速雷达的线缆简称
1745-1,1745,轨道交通专用材料及设备 > 信号器材 > 车载设备配线装置,material,车载测速校准设备配线及连接电缆,雷达线束,medium,多普勒测速雷达配线的俗称
1745-1,1745,轨道交通专用材料及设备 > 信号器材 > 车载设备配线装置,material,车载测速校准设备配线及连接电缆,转速传感器线缆,medium,连接车轮转速传感器的线缆
1757-1,1757,轨道交通专用材料及设备 > 其他轨道交通材料 > 接触网零配件,material,吊弦,接触线吊弦,medium,施工现场根据功能区分，常称为接触线吊弦
1757-1,1757,轨道交通专用材料及设备 > 其他轨道交通材料 > 接触网零配件,material,悬式绝缘子串,悬瓶串,high,悬式绝缘子外形像瓶子串联，俗称悬瓶串
1757-1,1757,轨道交通专用材料及设备 > 其他轨道交通材料 > 接触网零配件,material,悬式绝缘子串,绝缘子串,medium,在接触网专业语境下简称为绝缘子串
1757-1,1757,轨道交通专用材料及设备 > 其他轨道交通材料 > 接触网零配件,material,承力索,承力钢索,medium,早期或钢材质承力索的口语叫法
1757-1,1757,轨道交通专用材料及设备 > 其他轨道交通材料 > 接触网零配件,material,棒式绝缘子,平头瓷瓶,low,老式棒式绝缘子端部较平，现场俗称平头瓷瓶
1757-1,1757,轨道交通专用材料及设备 > 其他轨道交通材料 > 接触网零配件,material,水平拉杆,平拉杆,medium,水平拉杆的简称
1757-1,1757,轨道交通专用材料及设备 > 其他轨道交通材料 > 接触网零配件,material,水泥支柱,电杆,high,水泥支柱作为架空线路支撑时口语统称电杆
1757-1,1757,轨道交通专用材料及设备 > 其他轨道交通材料 > 接触网零配件,material,水泥支柱,混凝土电杆,high,水泥支柱的标准同义称呼
1757-1,1757,轨道交通专用材料及设备 > 其他轨道交通材料 > 接触网零配件,material,钢筋混凝土支柱,钢混柱,medium,钢筋混凝土的简称
1757-1,1757,轨道交通专用材料及设备 > 其他轨道交通材料 > 接触网零配件,material,钢筋混凝土支柱,RC柱,low,钢筋混凝土英文缩写，常用于图纸标注及部分技术交底
178-1,178,轨道交通专用材料及设备 > 其他轨道交通材料 > 轨道用辅助材料,category,轨道用辅助材料,线上料,high,铁路工程中对轨道用辅助材料的俗称，区别于桥梁隧道等线下材料
178-1,178,轨道交通专用材料及设备 > 其他轨道交通材料 > 轨道用辅助材料,category,轨道用辅助材料,轨道配件,medium,经常泛指扣件、距杆、接头夹板等轨道辅助连接材料
178-1,178,轨道交通专用材料及设备 > 其他轨道交通材料 > 轨道用辅助材料,material,耐磨条,耐磨护轨,medium,在使用中常用于道岔或弯轨处减少钢轨侧面磨损时，现场亦称耐磨护轨条
178-1,178,轨道交通专用材料及设备 > 其他轨道交通材料 > 轨道用辅助材料,material,调节器,涨缩调节器,medium,铁路线路上补偿钢轨热胀冷缩的装置，施工现场常称为涨缩调节器
178-1,178,轨道交通专用材料及设备 > 其他轨道交通材料 > 轨道用辅助材料,material,连接板,鱼尾板,high,在钢轨接头处起连接作用，铁路施工中习惯称为鱼尾板
178-1,178,轨道交通专用材料及设备 > 其他轨道交通材料 > 轨道用辅助材料,material,连接板,夹板,high,鱼尾板的简称，现场工人常直接称为夹板
178-1,178,轨道交通专用材料及设备 > 其他轨道交通材料 > 轨道用辅助材料,material,钢轨扣件,扣件,high,铁路施工中标准简称，泛指弹条、螺栓、轨距挡板等组件
178-1,178,轨道交通专用材料及设备 > 其他轨道交通材料 > 轨道用辅助材料,material,钢轨距杆,轨距拉杆,high,现场施工中为了保持轨距而设的拉杆，通常称为轨距拉杆
1741-1,1741,轨道交通专用材料及设备 > 信号器材 > 道口信号器材,category,道口信号器材,道口设备,high,道口信号器材的通用简称
1741-1,1741,轨道交通专用材料及设备 > 信号器材 > 道口信号器材,category,道口信号器材,道口安全设备,medium,行业泛称
1741-1,1741,轨道交通专用材料及设备 > 信号器材 > 道口信号器材,material,电动栏木,电动栏杆,high,施工现场及采购常用叫法
1741-1,1741,轨道交通专用材料及设备 > 信号器材 > 道口信号器材,material,电动栏木,道口栏木,high,按应用场景称呼
1741-1,1741,轨道交通专用材料及设备 > 信号器材 > 道口信号器材,material,电动栏木,自动栏木,medium,强调自动控制功能
1741-1,1741,轨道交通专用材料及设备 > 信号器材 > 道口信号器材,material,电动栏木,升降栏杆,medium,描述动作方式
1741-1,1741,轨道交通专用材料及设备 > 信号器材 > 道口信号器材,material,设备支架,安装支架,medium,根据功能称呼
1741-1,1741,轨道交通专用材料及设备 > 信号器材 > 道口信号器材,material,设备支架,信号机支架,low,当用于信号机时的具体叫法
1741-1,1741,轨道交通专用材料及设备 > 信号器材 > 道口信号器材,material,语言报警器,语音提示器,high,常见叫法
1741-1,1741,轨道交通专用材料及设备 > 信号器材 > 道口信号器材,material,语言报警器,语音报警喇叭,medium,施工现场口语叫法
1741-1,1741,轨道交通专用材料及设备 > 信号器材 > 道口信号器材,material,语言报警器,道口语音器,medium,道口专用简称
1741-1,1741,轨道交通专用材料及设备 > 信号器材 > 道口信号器材,material,道口信号机,道口信号灯,high,核心部件代指整体
1741-1,1741,轨道交通专用材料及设备 > 信号器材 > 道口信号器材,material,道口信号机,道口灯,high,施工现场简称
1741-1,1741,轨道交通专用材料及设备 > 信号器材 > 道口信号器材,material,道口信号机,红灯机,medium,俗称
1741-1,1741,轨道交通专用材料及设备 > 信号器材 > 道口信号器材,material,道口信号机,警示信号灯,low,功能描述
1741-1,1741,轨道交通专用材料及设备 > 信号器材 > 道口信号器材,material,道口器材箱,设备箱,medium,通用叫法
1741-1,1741,轨道交通专用材料及设备 > 信号器材 > 道口信号器材,material,道口器材箱,信号箱,medium,按内容物称呼
1741-1,1741,轨道交通专用材料及设备 > 信号器材 > 道口信号器材,material,道口器材箱,道口端子箱,low,内部含有接线端子
1741-1,1741,轨道交通专用材料及设备 > 信号器材 > 道口信号器材,material,道口控制盘,道口操作盘,high,功能称呼
1741-1,1741,轨道交通专用材料及设备 > 信号器材 > 道口信号器材,material,道口控制盘,控制面板,medium,通用部件名
1741-1,1741,轨道交通专用材料及设备 > 信号器材 > 道口信号器材,material,道口控制盘,操控盘,low,简称
1741-1,1741,轨道交通专用材料及设备 > 信号器材 > 道口信号器材,material,道口控制箱,道口控制柜,high,落地安装时的叫法
1741-1,1741,轨道交通专用材料及设备 > 信号器材 > 道口信号器材,material,道口控制箱,道口柜,medium,施工现场简称
1741-1,1741,轨道交通专用材料及设备 > 信号器材 > 道口信号器材,material,道口控制箱,信号控制箱,medium,按功能称呼
1741-1,1741,轨道交通专用材料及设备 > 信号器材 > 道口信号器材,material,道口收发器,传感器,medium,功能类别的俗称
1741-1,1741,轨道交通专用材料及设备 > 信号器材 > 道口信号器材,material,道口收发器,收发单元,low,设备模块称呼
1741-1,1741,轨道交通专用材料及设备 > 信号器材 > 道口信号器材,material,道口闪光器,闪光继电器,high,核心元件代称
1741-1,1741,轨道交通专用材料及设备 > 信号器材 > 道口信号器材,material,道口闪光器,警示灯控制器,medium,功能描述
1741-1,1741,轨道交通专用材料及设备 > 信号器材 > 道口信号器材,material,道口闪光器,信号闪光单元,low,系统模块叫法
1740-1,1740,轨道交通专用材料及设备 > 钢轨、轨枕 > 道岔,material,交叉渡线,8字渡线,medium,现场根据两道岔交叉形状像数字8称呼
1740-1,1740,轨道交通专用材料及设备 > 钢轨、轨枕 > 道岔,material,交叉渡线,菱形交叉渡线,medium,含菱形交叉部分的渡线
1740-1,1740,轨道交通专用材料及设备 > 钢轨、轨枕 > 道岔,material,单开道岔,单渡线,high,单开道岔常被现场叫单渡线
1740-1,1740,轨道交通专用材料及设备 > 钢轨、轨枕 > 道岔,material,单开道岔,单开岔,medium,简称
1740-1,1740,轨道交通专用材料及设备 > 钢轨、轨枕 > 道岔,material,双开道岔(对称道岔),双开岔,medium,简称
1740-1,1740,轨道交通专用材料及设备 > 钢轨、轨枕 > 道岔,material,双开道岔(对称道岔),对称岔,high,根据对称道岔简称
1740-1,1740,轨道交通专用材料及设备 > 钢轨、轨枕 > 道岔,material,双开道岔(对称道岔),人字岔,medium,对称双开形状像人字
1740-1,1740,轨道交通专用材料及设备 > 钢轨、轨枕 > 道岔,material,复式交分道岔,交分岔,high,简称
1740-1,1740,轨道交通专用材料及设备 > 钢轨、轨枕 > 道岔,material,复式交分道岔,复式交分,high,行业口语简称
1740-1,1740,轨道交通专用材料及设备 > 钢轨、轨枕 > 道岔,material,浮放道岔,浮置道岔,medium,同义别称
1754-1,1754,轨道交通专用材料及设备 > 其他轨道交通材料 > 轨道用工器具,category,轨道用工器具,养路工器具,medium,轨道用工器具包含线路养护维修工具，业内习惯称养路工具
1754-1,1754,轨道交通专用材料及设备 > 其他轨道交通材料 > 轨道用工器具,category,轨道用工器具,工务器具,medium,工务部门负责轨道维护，其使用的器具俗称工务器具
1754-1,1754,轨道交通专用材料及设备 > 其他轨道交通材料 > 轨道用工器具,material,单轨阻车器,单轨挡车器,high,阻车器主要作用为阻挡车辆溜逸，施工现场常称挡车器
1754-1,1754,轨道交通专用材料及设备 > 其他轨道交通材料 > 轨道用工器具,material,单轨阻车器,单道阻车器,medium,用于单条轨道上，区别于双轨，口语中有时称单道
1754-1,1754,轨道交通专用材料及设备 > 其他轨道交通材料 > 轨道用工器具,material,双轨阻车器,双轨挡车器,high,功能为阻挡车辆，双轨形式，俗称双轨挡车器
1754-1,1754,轨道交通专用材料及设备 > 其他轨道交通材料 > 轨道用工器具,material,双轨阻车器,双道阻车器,medium,用于两条轨道，现场偶称双道阻车器
1754-1,1754,轨道交通专用材料及设备 > 其他轨道交通材料 > 轨道用工器具,material,手板钻,手扳钻,high,靠手扳动杠杆带动钻头，常写作手扳钻
1754-1,1754,轨道交通专用材料及设备 > 其他轨道交通材料 > 轨道用工器具,material,手板钻,棘轮钻,medium,利用棘轮机构工作，老一代养路工称棘轮钻
1754-1,1754,轨道交通专用材料及设备 > 其他轨道交通材料 > 轨道用工器具,material,液压弯轨机,弯道器,high,用于弯制钢轨，现场普遍称呼为弯道器
1754-1,1754,轨道交通专用材料及设备 > 其他轨道交通材料 > 轨道用工器具,material,液压弯轨机,液压弯道器,high,全称液压弯轨机，口语中习惯带液压二字区分手动
1754-1,1754,轨道交通专用材料及设备 > 其他轨道交通材料 > 轨道用工器具,material,液压弯轨机,煨弯机,low,北方部分工地称弯曲钢轨为煨弯，称此机具为煨弯机
1754-1,1754,轨道交通专用材料及设备 > 其他轨道交通材料 > 轨道用工器具,material,立式扳道器,立式转辙器,medium,扳道器用于转换道岔，技术上也称转辙器
1754-1,1754,轨道交通专用材料及设备 > 其他轨道交通材料 > 轨道用工器具,material,立式扳道器,带柄标志扳道器,low,立式扳道器通常带标志牌及手柄，现场以此特征称呼
1754-1,1754,轨道交通专用材料及设备 > 其他轨道交通材料 > 轨道用工器具,material,齿条式起道机,齿条压机,high,起道机俗称压机，齿条式起道机简称齿条压机
1754-1,1754,轨道交通专用材料及设备 > 其他轨道交通材料 > 轨道用工器具,material,齿条式起道机,齿条千斤顶,medium,利用齿条传动顶升，本质为千斤顶，多称齿条千斤顶
1754-1,1754,轨道交通专用材料及设备 > 其他轨道交通材料 > 轨道用工器具,material,齿条式起道机,手摇起道机,low,通过手摇操作齿条机构顶升钢轨，现场叫手摇起道机
1739-1,1739,轨道交通专用材料及设备 > 钢轨、轨枕 > 轨枕（岔枕）,category,轨枕（岔枕）,枕木,high,铁路系统内对轨枕的通用传统俗称，尤其在口语和施工环境中高频使用。
1739-1,1739,轨道交通专用材料及设备 > 钢轨、轨枕 > 轨枕（岔枕）,material,岔枕,道岔枕木,high,道岔区段专用轨枕的全称俗称，现场常简化为岔枕或道岔枕木。
1739-1,1739,轨道交通专用材料及设备 > 钢轨、轨枕 > 轨枕（岔枕）,material,岔枕,转辙器枕木,medium,部分工务人员对道岔转辙部分下方枕木的具体称呼。
1739-1,1739,轨道交通专用材料及设备 > 钢轨、轨枕 > 轨枕（岔枕）,material,普通轨枕,普枕,high,普通轨枕的常见简称，在物资计划和技术交底中通用。
1739-1,1739,轨道交通专用材料及设备 > 钢轨、轨枕 > 轨枕（岔枕）,material,普通轨枕,路枕,medium,区别于桥枕、岔枕，专指普通区间线路上的轨枕。
1739-1,1739,轨道交通专用材料及设备 > 钢轨、轨枕 > 轨枕（岔枕）,material,普通轨枕,混凝土枕,medium,现代普通轨枕多为钢筋混凝土材质，现场常直接按材质叫混凝土枕。
1739-1,1739,轨道交通专用材料及设备 > 钢轨、轨枕 > 轨枕（岔枕）,material,普通轨枕,灰枕,low,对混凝土轨枕的形象口语叫法，因其颜色灰白。
1739-1,1739,轨道交通专用材料及设备 > 钢轨、轨枕 > 轨枕（岔枕）,material,木质轨枕,素枕,high,未经过防腐处理的木枕在工务部门被称为素枕。
1739-1,1739,轨道交通专用材料及设备 > 钢轨、轨枕 > 轨枕（岔枕）,material,木质轨枕,油枕,high,经防腐油浸处理过的木质轨枕，是木材轨枕的主要供应形态。
1739-1,1739,轨道交通专用材料及设备 > 钢轨、轨枕 > 轨枕（岔枕）,material,木质轨枕,木枕,high,木质轨枕最直接的简称，口语和书面通用。
1739-1,1739,轨道交通专用材料及设备 > 钢轨、轨枕 > 轨枕（岔枕）,material,桥枕,桥梁枕木,high,用于桥梁段的专用轨枕，全称桥梁枕木。
1624-1,1624,通风空调设备 > 其他通风空调设备及配件 > 其他配件,material,干燥机,干燥器,medium,在通风空调系统中，干燥机和干燥器常混称
1624-1,1624,通风空调设备 > 其他通风空调设备及配件 > 其他配件,material,辅助电加热器,电辅热,high,施工现场及采购中常见的简称
1624-1,1624,通风空调设备 > 其他通风空调设备及配件 > 其他配件,material,辅助电加热器,辅助加热器,high,省略‘电’字的常用口语叫法
1624-1,1624,通风空调设备 > 其他通风空调设备及配件 > 其他配件,material,辅助电加热器,PTC加热器,medium,空调辅热常用PTC类型，常以此代称
1738-1,1738,轨道交通专用材料及设备 > 钢轨、轨枕 > 钢轨及钢轨配件,category,钢轨及钢轨配件,线路上部材料,medium,铁路工务系统对钢轨及配件的统称
1738-1,1738,轨道交通专用材料及设备 > 钢轨、轨枕 > 钢轨及钢轨配件,material,起重机轨,吊车轨,high,施工现场常用叫法
1738-1,1738,轨道交通专用材料及设备 > 钢轨、轨枕 > 钢轨及钢轨配件,material,起重机轨,天车轨,high,安装于厂房顶部天车，口语常用
1738-1,1738,轨道交通专用材料及设备 > 钢轨、轨枕 > 钢轨及钢轨配件,material,起重机轨,QU轨,high,国标起重机轨代号，采购常用简称
1738-1,1738,轨道交通专用材料及设备 > 钢轨、轨枕 > 钢轨及钢轨配件,material,起重机轨,起重轨,medium,起重机轨的简读
1738-1,1738,轨道交通专用材料及设备 > 钢轨、轨枕 > 钢轨及钢轨配件,material,轨距档板,轨距块,high,扣件系统中调整并固定轨距的塑料/尼龙块
1738-1,1738,轨道交通专用材料及设备 > 钢轨、轨枕 > 钢轨及钢轨配件,material,轨距档板,档块,medium,现场施工口语简略叫法
1738-1,1738,轨道交通专用材料及设备 > 钢轨、轨枕 > 钢轨及钢轨配件,material,轨距档板,规矩挡板,low,部分老铁路局人员的口音或旧称
1738-1,1738,轨道交通专用材料及设备 > 钢轨、轨枕 > 钢轨及钢轨配件,material,重轨,铁路轨,medium,区别于轻轨，指干线铁路用钢轨
1738-1,1738,轨道交通专用材料及设备 > 钢轨、轨枕 > 钢轨及钢轨配件,material,重轨,重级钢轨,low,工程预算或设计说明中的全称口语化
1738-1,1738,轨道交通专用材料及设备 > 钢轨、轨枕 > 钢轨及钢轨配件,material,钢轨(重轨),重轨,high,俗称，相对起重机轨等特型轨区分
1738-1,1738,轨道交通专用材料及设备 > 钢轨、轨枕 > 钢轨及钢轨配件,material,钢轨(重轨),火车轨,medium,非铁路主业人员的口语叫法
1738-1,1738,轨道交通专用材料及设备 > 钢轨、轨枕 > 钢轨及钢轨配件,material,钢轨(重轨),路轨,medium,铁路新建或检修时的统称
1738-1,1738,轨道交通专用材料及设备 > 钢轨、轨枕 > 钢轨及钢轨配件,material,钢轨(重轨),干线轨,medium,相对于轻轨、矿用轨而言
1738-1,1738,轨道交通专用材料及设备 > 钢轨、轨枕 > 钢轨及钢轨配件,material,鱼尾板(连接板),鱼尾板,high,标准叫法的简称
1738-1,1738,轨道交通专用材料及设备 > 钢轨、轨枕 > 钢轨及钢轨配件,material,鱼尾板(连接板),钢轨接头板,medium,技术交底及施工规范中的称谓
1738-1,1738,轨道交通专用材料及设备 > 钢轨、轨枕 > 钢轨及钢轨配件,material,鱼尾板(连接板),道夹板,high,铁路工务系统非常普遍的口语叫法
1738-1,1738,轨道交通专用材料及设备 > 钢轨、轨枕 > 钢轨及钢轨配件,material,鱼尾板(连接板),夹板,high,施工现场极致简化的口语
1738-1,1738,轨道交通专用材料及设备 > 钢轨、轨枕 > 钢轨及钢轨配件,material,鱼尾板(连接板),接头夹板,medium,相对于绝缘夹板等区别称呼
1622-1,1622,通风空调设备 > 其他通风空调设备及配件 > 除湿机,category,除湿机,除湿器,high,除湿机的通用俗称
1622-1,1622,通风空调设备 > 其他通风空调设备及配件 > 除湿机,category,除湿机,抽湿机,high,"除湿机的通用俗称,南方口语常用"
1622-1,1622,通风空调设备 > 其他通风空调设备及配件 > 除湿机,category,除湿机,去湿机,medium,除湿机的功能描述性俗称
1622-1,1622,通风空调设备 > 其他通风空调设备及配件 > 除湿机,material,人防用除湿机,人防除湿机,high,去掉用字的简略叫法
1622-1,1622,通风空调设备 > 其他通风空调设备及配件 > 除湿机,material,人防用除湿机,地下工程除湿机,medium,人防工程常见叫法
1622-1,1622,通风空调设备 > 其他通风空调设备及配件 > 除湿机,material,吊顶除湿机,吸顶除湿机,high,吊顶安装形式的通俗叫法
1622-1,1622,通风空调设备 > 其他通风空调设备及配件 > 除湿机,material,吊顶除湿机,天花除湿机,medium,南方地区将吊顶称为天花
1622-1,1622,通风空调设备 > 其他通风空调设备及配件 > 除湿机,material,商用除湿机,商用机,medium,商用除湿机的行业简称
1622-1,1622,通风空调设备 > 其他通风空调设备及配件 > 除湿机,material,家用除湿机,家用机,medium,家用除湿机的行业简称
1622-1,1622,通风空调设备 > 其他通风空调设备及配件 > 除湿机,material,工业用除湿机,工业除湿机,high,去掉用字的简略叫法
1622-1,1622,通风空调设备 > 其他通风空调设备及配件 > 除湿机,material,工业用除湿机,工业抽湿机,medium,抽湿机加工业前缀
1622-1,1622,通风空调设备 > 其他通风空调设备及配件 > 除湿机,material,工业用除湿机,大型除湿机,medium,工业场合突出其处理能力大的叫法
1622-1,1622,通风空调设备 > 其他通风空调设备及配件 > 除湿机,material,防爆除湿机,防爆抽湿机,medium,防爆与抽湿机组合叫法
1601-1,1601,通风空调设备 > 冷却塔 > 逆流式冷却塔,category,逆流式冷却塔,圆形冷却塔,medium,早期逆流式冷却塔多为圆形结构，采购和施工现场常据此称圆形塔
1601-1,1601,通风空调设备 > 冷却塔 > 逆流式冷却塔,category,逆流式冷却塔,逆流塔,high,逆流式冷却塔的口语简称
1601-1,1601,通风空调设备 > 冷却塔 > 逆流式冷却塔,category,逆流式冷却塔,上进风冷却塔,low,指进风口在顶部或侧上方，与横流式区分
1601-1,1601,通风空调设备 > 冷却塔 > 逆流式冷却塔,material,无风机冷却塔,无动力冷却塔,high,行业内对无风机驱动的冷却塔的别称
1601-1,1601,通风空调设备 > 冷却塔 > 逆流式冷却塔,material,无风机冷却塔,自然通风冷却塔,high,侧重于其依靠自然风力或热压通风的原理
1601-1,1601,通风空调设备 > 冷却塔 > 逆流式冷却塔,material,无风机冷却塔,免风机冷却塔,medium,施工现场对无需安装风机的塔体的通俗叫法
218-2,218,通风空调设备 > 其他通风空调设备及配件 > 其他通风器材,category,其他通风器材,风管配件,high,该分类下多为风管系统专用连接件和附件，现场常统称为风管配件
218-2,218,通风空调设备 > 其他通风空调设备及配件 > 其他通风器材,material,防火阀执行机构,防火阀执行器,high,行业内电气/控制部分的通用叫法
218-2,218,通风空调设备 > 其他通风空调设备及配件 > 其他通风器材,material,防火阀执行机构,阀体控制盒,medium,现场根据其外观和功能的口语叫法
218-2,218,通风空调设备 > 其他通风空调设备及配件 > 其他通风器材,material,风口专用人字闸,人字阀,high,简称
218-2,218,通风空调设备 > 其他通风空调设备及配件 > 其他通风器材,material,风口专用人字闸,分流闸,medium,根据其分流功能的口语叫法
218-2,218,通风空调设备 > 其他通风空调设备及配件 > 其他通风器材,material,风机盘管集风箱,集风箱,high,简称
218-2,218,通风空调设备 > 其他通风空调设备及配件 > 其他通风器材,material,风机盘管集风箱,静压箱,medium,在风机盘管出口处常兼具静压箱功能，现场混称
218-2,218,通风空调设备 > 其他通风空调设备及配件 > 其他通风器材,material,风机盘管集风箱,风管静压箱,low,强调其连接风管时的形态
218-2,218,通风空调设备 > 其他通风空调设备及配件 > 其他通风器材,material,风管专用三通,三通,high,通用简称
218-2,218,通风空调设备 > 其他通风空调设备及配件 > 其他通风器材,material,风管专用三通,T型三通,high,根据形状的口语叫法
218-2,218,通风空调设备 > 其他通风空调设备及配件 > 其他通风器材,material,风管专用三通,风管三通,medium,加材质/用途前缀的叫法
218-2,218,通风空调设备 > 其他通风空调设备及配件 > 其他通风器材,material,风管专用内接,内接,high,简称
218-2,218,通风空调设备 > 其他通风空调设备及配件 > 其他通风器材,material,风管专用内接,风管直通,high,用于直线连接管道的俗称
218-2,218,通风空调设备 > 其他通风空调设备及配件 > 其他通风器材,material,风管专用内接,管箍,medium,用于连接两段管道的环状或套筒状配件俗称
218-2,218,通风空调设备 > 其他通风空调设备及配件 > 其他通风器材,material,风管专用四通,四通,high,通用简称
218-2,218,通风空调设备 > 其他通风空调设备及配件 > 其他通风器材,material,风管专用四通,十字四通,high,根据形状的口语叫法
218-2,218,通风空调设备 > 其他通风空调设备及配件 > 其他通风器材,material,风管专用四通,风管四通,medium,加材质/用途前缀的叫法
218-2,218,通风空调设备 > 其他通风空调设备及配件 > 其他通风器材,material,风管专用大小头,大小头,high,通用简称
218-2,218,通风空调设备 > 其他通风空调设备及配件 > 其他通风器材,material,风管专用大小头,变径管,high,标准技术术语的俗称
218-2,218,通风空调设备 > 其他通风空调设备及配件 > 其他通风器材,material,风管专用大小头,风管变径,high,加材质/用途前缀的叫法
218-2,218,通风空调设备 > 其他通风空调设备及配件 > 其他通风器材,material,风管专用天方地圆,天方地圆,high,简称
218-2,218,通风空调设备 > 其他通风空调设备及配件 > 其他通风器材,material,风管专用天方地圆,天圆地方,high,互为通用的俗称
218-2,218,通风空调设备 > 其他通风空调设备及配件 > 其他通风器材,material,风管专用天方地圆,方变圆,high,描述其形状变化功能的叫法
218-2,218,通风空调设备 > 其他通风空调设备及配件 > 其他通风器材,material,风管专用弯头,弯头,high,通用简称
218-2,218,通风空调设备 > 其他通风空调设备及配件 > 其他通风器材,material,风管专用弯头,风管弯头,high,加材质/用途前缀的叫法
218-2,218,通风空调设备 > 其他通风空调设备及配件 > 其他通风器材,material,风管专用弯头,虾米弯,medium,指由多个短节咬合组成的特定风管弯头形式
218-2,218,通风空调设备 > 其他通风空调设备及配件 > 其他通风器材,material,风管专用法兰,法兰,high,通用简称
218-2,218,通风空调设备 > 其他通风空调设备及配件 > 其他通风器材,material,风管专用法兰,风管法兰,high,加用途前缀的叫法
218-2,218,通风空调设备 > 其他通风空调设备及配件 > 其他通风器材,material,风管专用法兰,角钢法兰,medium,指明最常见材质的口语叫法
218-2,218,通风空调设备 > 其他通风空调设备及配件 > 其他通风器材,material,风管专用马鞍接口,马鞍接口,high,简称
218-2,218,通风空调设备 > 其他通风空调设备及配件 > 其他通风器材,material,风管专用马鞍接口,马鞍三通,medium,一种三通连接形式的俗称
218-2,218,通风空调设备 > 其他通风空调设备及配件 > 其他通风器材,material,风管预埋件,预埋件,high,通用简称
218-2,218,通风空调设备 > 其他通风空调设备及配件 > 其他通风器材,material,风管预埋件,风管预埋,medium,施工中常用简称
1620-1,1620,通风空调设备 > 其他通风空调设备及配件 > 空调配件,material,动态压差平衡阀,压差控制器,high,行业常用功能等价叫法
1620-1,1620,通风空调设备 > 其他通风空调设备及配件 > 空调配件,material,动态压差平衡阀,动态压差阀,high,简称
1620-1,1620,通风空调设备 > 其他通风空调设备及配件 > 空调配件,material,动态平衡二通阀,动态二通阀,medium,简化叫法
1620-1,1620,通风空调设备 > 其他通风空调设备及配件 > 空调配件,material,多功能恒温阀,恒温控制阀,medium,功能描述性叫法
1620-1,1620,通风空调设备 > 其他通风空调设备及配件 > 空调配件,material,手动预设阀,预设调节阀,medium,施工现场简化叫法
1620-1,1620,通风空调设备 > 其他通风空调设备及配件 > 空调配件,material,比例积分电动三通调节阀,PI电动三通阀,high,比例积分简称PI
1620-1,1620,通风空调设备 > 其他通风空调设备及配件 > 空调配件,material,比例积分电动三通调节阀,比例积分三通阀,high,省略电动
1620-1,1620,通风空调设备 > 其他通风空调设备及配件 > 空调配件,material,比例积分电动二通调节阀,PI电动二通阀,high,比例积分简称PI
1620-1,1620,通风空调设备 > 其他通风空调设备及配件 > 空调配件,material,比例积分电动二通调节阀,比例积分二通阀,high,省略电动
1620-1,1620,通风空调设备 > 其他通风空调设备及配件 > 空调配件,material,水流开关,流量开关,high,功能等价叫法
1620-1,1620,通风空调设备 > 其他通风空调设备及配件 > 空调配件,material,水流开关,水流继电器,medium,包含电气输出功能的俗称
1620-1,1620,通风空调设备 > 其他通风空调设备及配件 > 空调配件,material,法兰比例积分调节阀,法兰PI阀,high,连接形式与功能简化叫法
1620-1,1620,通风空调设备 > 其他通风空调设备及配件 > 空调配件,material,液体压差开关,水流压差开关,medium,针对水系统应用
1620-1,1620,通风空调设备 > 其他通风空调设备及配件 > 空调配件,material,电动三通调节阀,电动三通阀,high,标准简称
1620-1,1620,通风空调设备 > 其他通风空调设备及配件 > 空调配件,material,电动二通调节阀,电动二通阀,high,标准简称
1620-1,1620,通风空调设备 > 其他通风空调设备及配件 > 空调配件,material,电动截止二通阀,电动截止阀,medium,省略二通
1620-1,1620,通风空调设备 > 其他通风空调设备及配件 > 空调配件,material,电动温控阀,电动温度调节阀,medium,全称叫法
1620-1,1620,通风空调设备 > 其他通风空调设备及配件 > 空调配件,material,空气压差开关,风压差开关,high,空调通风系统俗称
1620-1,1620,通风空调设备 > 其他通风空调设备及配件 > 空调配件,material,空气压差开关,压差控制器,medium,功能等价叫法，注意与水力区分
1620-1,1620,通风空调设备 > 其他通风空调设备及配件 > 空调配件,material,透气帽,排气帽,high,功能等价叫法
1620-1,1620,通风空调设备 > 其他通风空调设备及配件 > 空调配件,material,透气帽,通气帽,high,同义叫法
1620-1,1620,通风空调设备 > 其他通风空调设备及配件 > 空调配件,material,阻火透气帽,阻火通气帽,high,同义简称
1620-1,1620,通风空调设备 > 其他通风空调设备及配件 > 空调配件,material,阻火透气帽,防爆透气帽,medium,功能关联俗称
218-1,218,通风空调设备 > 其他通风空调设备及配件 > 其他通风器材,material,中央吸尘,中央集尘,high,采购和施工中常见的同义叫法
218-1,218,通风空调设备 > 其他通风空调设备及配件 > 其他通风器材,material,五防拔气阀,五防阀,high,现场口语简称
218-1,218,通风空调设备 > 其他通风空调设备及配件 > 其他通风器材,material,五防拔气阀,五防排气阀,medium,功能描述性别称
218-1,218,通风空调设备 > 其他通风空调设备及配件 > 其他通风器材,material,人字闸,人字闸板阀,medium,全称口语化表达
218-1,218,通风空调设备 > 其他通风空调设备及配件 > 其他通风器材,material,人字闸,人字调节阀,medium,根据功能俗称
218-1,218,通风空调设备 > 其他通风空调设备及配件 > 其他通风器材,material,减震吊钩,减振吊钩,high,同音异形字常见混用
218-1,218,通风空调设备 > 其他通风空调设备及配件 > 其他通风器材,material,减震吊钩,弹簧吊钩,high,根据主要减震元件俗称
218-1,218,通风空调设备 > 其他通风空调设备及配件 > 其他通风器材,material,减震吊钩,减震器吊钩,medium,功能描述简称
218-1,218,通风空调设备 > 其他通风空调设备及配件 > 其他通风器材,material,回风箱,回风静压箱,high,全称
218-1,218,通风空调设备 > 其他通风空调设备及配件 > 其他通风器材,material,回风箱,回风消音箱,medium,带消音功能的回风箱俗称
218-1,218,通风空调设备 > 其他通风空调设备及配件 > 其他通风器材,material,导流片,导流板,high,同功能不同叫法
218-1,218,通风空调设备 > 其他通风空调设备及配件 > 其他通风器材,material,导流片,整流片,medium,根据作用俗称
218-1,218,通风空调设备 > 其他通风空调设备及配件 > 其他通风器材,material,帆布软接,帆布软连接,high,全称
218-1,218,通风空调设备 > 其他通风空调设备及配件 > 其他通风器材,material,帆布软接,帆布接头,high,简称
218-1,218,通风空调设备 > 其他通风空调设备及配件 > 其他通风器材,material,帆布软接,软连接,medium,泛指时常用口语
218-1,218,通风空调设备 > 其他通风空调设备及配件 > 其他通风器材,material,干盘管,干式盘管,high,全称
218-1,218,通风空调设备 > 其他通风空调设备及配件 > 其他通风器材,material,干盘管,干冷盘管,medium,根据功能俗称
218-1,218,通风空调设备 > 其他通风空调设备及配件 > 其他通风器材,material,执行器,执行机构,high,全称口语化
218-1,218,通风空调设备 > 其他通风空调设备及配件 > 其他通风器材,material,扩散孔板,散流板,medium,同功能材料俗称
218-1,218,通风空调设备 > 其他通风空调设备及配件 > 其他通风器材,material,扩散孔板,风口孔板,low,安装位置俗称
218-1,218,通风空调设备 > 其他通风空调设备及配件 > 其他通风器材,material,排烟口装饰板,排烟口饰板,high,简称
218-1,218,通风空调设备 > 其他通风空调设备及配件 > 其他通风器材,material,排烟口装饰板,百叶装饰板,medium,常见装饰形式俗称
218-1,218,通风空调设备 > 其他通风空调设备及配件 > 其他通风器材,material,排烟口装饰面板,排烟口饰面板,high,简称
218-1,218,通风空调设备 > 其他通风空调设备及配件 > 其他通风器材,material,排烟口装饰面板,百叶面板,medium,常见形式俗称
218-1,218,通风空调设备 > 其他通风空调设备及配件 > 其他通风器材,material,排烟阀远控装置,远控操作器,medium,功能简称
218-1,218,通风空调设备 > 其他通风空调设备及配件 > 其他通风器材,material,排烟阀远控装置,排烟阀控制盒,low,形态俗称
218-1,218,通风空调设备 > 其他通风空调设备及配件 > 其他通风器材,material,暖风机,热风机,high,同功能常见叫法
218-1,218,通风空调设备 > 其他通风空调设备及配件 > 其他通风器材,material,暖风机,工业暖风机,medium,特定场景俗称
218-1,218,通风空调设备 > 其他通风空调设备及配件 > 其他通风器材,material,木托卡子,木托码,high,施工现场主流口语叫法
218-1,218,通风空调设备 > 其他通风空调设备及配件 > 其他通风器材,material,木托卡子,管码,medium,口语简称
218-1,218,通风空调设备 > 其他通风空调设备及配件 > 其他通风器材,material,木托卡子,木管卡,medium,材质加功能俗称
218-1,218,通风空调设备 > 其他通风空调设备及配件 > 其他通风器材,material,液晶温控板,液晶温控器,high,全称
218-1,218,通风空调设备 > 其他通风空调设备及配件 > 其他通风器材,material,液晶温控板,温控面板,high,简称
218-1,218,通风空调设备 > 其他通风空调设备及配件 > 其他通风器材,material,液晶温控板,液晶面板,medium,行业简称
218-1,218,通风空调设备 > 其他通风空调设备及配件 > 其他通风器材,material,热管式,热管换热器,medium,全称
218-1,218,通风空调设备 > 其他通风空调设备及配件 > 其他通风器材,material,硅箔复合布软接,硅箔软连接,high,材质加功能简称
218-1,218,通风空调设备 > 其他通风空调设备及配件 > 其他通风器材,material,硅箔复合布软接,复合布软接,medium,省略材质叫法
218-1,218,通风空调设备 > 其他通风空调设备及配件 > 其他通风器材,material,自动排气活门,自动排气阀,high,同功能常见叫法
218-1,218,通风空调设备 > 其他通风空调设备及配件 > 其他通风器材,material,自动排气活门,排气活门,medium,简称
218-1,218,通风空调设备 > 其他通风空调设备及配件 > 其他通风器材,material,超压排气活门,超压排气阀,high,同功能互换叫法
218-1,218,通风空调设备 > 其他通风空调设备及配件 > 其他通风器材,material,超压排气活门,超压阀,medium,施工现场简称
218-1,218,通风空调设备 > 其他通风空调设备及配件 > 其他通风器材,material,转轮热回收机组,转轮热回收,high,简称
218-1,218,通风空调设备 > 其他通风空调设备及配件 > 其他通风器材,material,转轮热回收机组,转轮换热机组,medium,同功能叫法
218-1,218,通风空调设备 > 其他通风空调设备及配件 > 其他通风器材,material,转轮热回收机组,转轮式新风机,low,特定场景俗称
218-1,218,通风空调设备 > 其他通风空调设备及配件 > 其他通风器材,material,防火止回阀,防火单向阀,high,同功能叫法
218-1,218,通风空调设备 > 其他通风空调设备及配件 > 其他通风器材,material,防火止回阀,防火逆止阀,medium,部件功能俗称
1591-1,1591,通风空调设备 > 空调末端设备 > 诱导器,material,盘管喷流诱导器,带盘管诱导器,high,突出其带有换热盘管的特征，是行业内区别于无盘管诱导器的常用叫法
1591-1,1591,通风空调设备 > 空调末端设备 > 诱导器,material,送风诱导器,一次风诱导器,medium,强调其依靠一次送风诱导室内空气的工作原理，在暖通设计选型中常见
1592-1,1592,通风空调设备 > 空调末端设备 > 空气幕,category,空气幕,风幕机,high,空气幕最通用的行业俗称
1592-1,1592,通风空调设备 > 空调末端设备 > 空气幕,category,空气幕,风帘机,high,在南方及香港地区常用叫法，形象描述空气形成风帘
1592-1,1592,通风空调设备 > 空调末端设备 > 空气幕,category,空气幕,空气门,medium,早期或口语化叫法，描述其替代门帘的功能
1592-1,1592,通风空调设备 > 空调末端设备 > 空气幕,material,电热风幕机,热风幕,high,施工现场口语简称，强调其电加热功能
1592-1,1592,通风空调设备 > 空调末端设备 > 空气幕,material,电热风幕机,热水风幕机,medium,部分工地对采用电热方式的统称，虽不严谨但常见
1592-1,1592,通风空调设备 > 空调末端设备 > 空气幕,material,电热风幕机,电加热风幕,high,描述其能源形式和功能的完整俗称
1592-1,1592,通风空调设备 > 空调末端设备 > 空气幕,material,离心式空气幕,离心风幕,high,安装采购中直接省略空气，强调风机类型
1592-1,1592,通风空调设备 > 空调末端设备 > 空气幕,material,贯流式空气幕,贯流风幕,high,行业内通用简称，突出贯流风机结构
1592-1,1592,通风空调设备 > 空调末端设备 > 空气幕,material,贯流式空气幕,横流风幕机,medium,贯流式风机在工程上常被称为横流风机
1592-1,1592,通风空调设备 > 空调末端设备 > 空气幕,material,轴流式空气幕,轴流风幕,high,安装采购中常用简称，强调轴流风机类型
1589-1,1589,通风空调设备 > 空调末端设备 > 新风机组,category,新风机组,新风机,high,新风机组在采购和施工现场最常见的简称
1589-1,1589,通风空调设备 > 空调末端设备 > 新风机组,category,新风机组,新风设备,medium,泛指新风机组类设备的口语化统称
1589-1,1589,通风空调设备 > 空调末端设备 > 新风机组,category,新风机组,新风箱,low,部分施工现场对柜式或吊顶式新风机组的习惯叫法
1589-1,1589,通风空调设备 > 空调末端设备 > 新风机组,material,卧式新风机组,卧式新风机,high,新风机的简称加上安装形式
1589-1,1589,通风空调设备 > 空调末端设备 > 新风机组,material,卧式新风机组,卧式新风柜,medium,因其外形类似柜子，现场常称新风柜
1589-1,1589,通风空调设备 > 空调末端设备 > 新风机组,material,吊顶式新风机组,吊顶新风机,high,吊顶式新风机的简称
1589-1,1589,通风空调设备 > 空调末端设备 > 新风机组,material,吊顶式新风机组,吊顶式新风,medium,口语中常省略机组二字
1589-1,1589,通风空调设备 > 空调末端设备 > 新风机组,material,吊顶式新风机组,吊装新风机,medium,根据其安装方式产生的叫法
1589-1,1589,通风空调设备 > 空调末端设备 > 新风机组,material,壁挂式新风机组,壁挂新风机,high,壁挂式新风机的简称
1589-1,1589,通风空调设备 > 空调末端设备 > 新风机组,material,壁挂式新风机组,挂墙新风机,medium,现场对其挂墙安装形式的通俗描述
1589-1,1589,通风空调设备 > 空调末端设备 > 新风机组,material,新风风管机,风管送风式新风机,medium,全称的扩展，突显其通过风管送风的特征
1589-1,1589,通风空调设备 > 空调末端设备 > 新风机组,material,新风风管机,管道新风机,high,因主要外接风管，常被称为管道式新风机
1589-1,1589,通风空调设备 > 空调末端设备 > 新风机组,material,新风风管机,风管式新风机,high,施工和采购中对风管型新风设备的直接称呼
1589-1,1589,通风空调设备 > 空调末端设备 > 新风机组,material,热交换新风机组,全热交换新风机,high,强调其实现全热交换回收的核心功能
1589-1,1589,通风空调设备 > 空调末端设备 > 新风机组,material,热交换新风机组,热回收新风机,high,对其能量回收功能的习惯叫法
1589-1,1589,通风空调设备 > 空调末端设备 > 新风机组,material,热交换新风机组,全热新风换气机,medium,行业内常见专业术语，常用于产品标称
1589-1,1589,通风空调设备 > 空调末端设备 > 新风机组,material,立式新风机组,立式新风机,high,立式新风机的简称
1589-1,1589,通风空调设备 > 空调末端设备 > 新风机组,material,立式新风机组,柜式新风机,medium,立式机型外观像柜子，常称柜式新风机
1589-1,1589,通风空调设备 > 空调末端设备 > 新风机组,material,立式新风机组,落地新风机,medium,根据其落地安装方式产生的俗称
1593-1,1593,通风空调设备 > 空调末端设备 > 散流器,category,散流器,风口,medium,施工现场常将散流器统称为风口
1593-1,1593,通风空调设备 > 空调末端设备 > 散流器,category,散流器,送风口,medium,散流器作为送风末端，常被称为送风口
1593-1,1593,通风空调设备 > 空调末端设备 > 散流器,category,散流器,空调风口,medium,散流器属于空调系统的出风口部件
1593-1,1593,通风空调设备 > 空调末端设备 > 散流器,category,散流器,扩散器,low,散流器英文diffuser的中文直译俗称
1593-1,1593,通风空调设备 > 空调末端设备 > 散流器,material,圆形散流器,圆形风口,high,散流器俗称风口，加形状前缀
1593-1,1593,通风空调设备 > 空调末端设备 > 散流器,material,圆形散流器,圆散流,medium,简化口语叫法
1593-1,1593,通风空调设备 > 空调末端设备 > 散流器,material,圆环型散流器,环形风口,medium,基于外形特征的简称
1593-1,1593,通风空调设备 > 空调末端设备 > 散流器,material,圆盘散流器,圆盘风口,high,散流器俗称风口，加外形前缀
1593-1,1593,通风空调设备 > 空调末端设备 > 散流器,material,圆盘散流器,圆盘散流,medium,简化口语叫法
1593-1,1593,通风空调设备 > 空调末端设备 > 散流器,material,方形散流器,方形风口,high,散流器俗称风口，加形状前缀
1593-1,1593,通风空调设备 > 空调末端设备 > 散流器,material,方形散流器,方散,high,方形散流器的广泛行业简称
1593-1,1593,通风空调设备 > 空调末端设备 > 散流器,material,方形散流器,四方散,medium,口语中对方形散流器的叫法
1593-1,1593,通风空调设备 > 空调末端设备 > 散流器,material,条型斜叶片散流器,斜叶片风口,medium,基于结构特征的简称
1593-1,1593,通风空调设备 > 空调末端设备 > 散流器,material,条型直叶片散流器,直叶片风口,medium,基于叶片形状的简称
1593-1,1593,通风空调设备 > 空调末端设备 > 散流器,material,条型直叶片散流器,百叶风口,low,外形类似百叶的通俗叫法
1593-1,1593,通风空调设备 > 空调末端设备 > 散流器,material,条缝散流器,条缝风口,high,散流器俗称风口，加结构特征
1593-1,1593,通风空调设备 > 空调末端设备 > 散流器,material,条缝散流器,条缝型风口,medium,强调外形的称呼
1593-1,1593,通风空调设备 > 空调末端设备 > 散流器,material,条缝散流器,线型风口,medium,条缝散流器常被称为线型风口
1593-1,1593,通风空调设备 > 空调末端设备 > 散流器,material,矩形散流器,矩形风口,high,散流器俗称风口
1593-1,1593,通风空调设备 > 空调末端设备 > 散流器,material,矩形散流器,长方散,medium,矩形散流器的口语简称
1593-1,1593,通风空调设备 > 空调末端设备 > 散流器,material,线槽散流器,线槽风口,medium,外形特征与名称结合的叫法
1593-1,1593,通风空调设备 > 空调末端设备 > 散流器,material,线槽散流器,灯带风口,low,常与灯具线槽配套安装，现场混淆叫法
1594-1,1594,通风空调设备 > 冷热水机组 > 水冷冷水机组,category,水冷冷水机组,水冷主机,high,水冷冷水机组的施工现场惯用简称
1594-1,1594,通风空调设备 > 冷热水机组 > 水冷冷水机组,category,水冷冷水机组,冷水主机,high,泛指提供冷冻水的机组，在水系统中央空调领域常用
1594-1,1594,通风空调设备 > 冷热水机组 > 水冷冷水机组,category,水冷冷水机组,制冷主机,medium,中央空调系统中的核心制冷设备统称
1594-1,1594,通风空调设备 > 冷热水机组 > 水冷冷水机组,material,循环型热水机组,循环热水机,high,行业内对循环型热水机组的简称
1594-1,1594,通风空调设备 > 冷热水机组 > 水冷冷水机组,material,循环型热水机组,水源热水机,medium,当其热源侧为水时，常被习惯性称呼
1594-1,1594,通风空调设备 > 冷热水机组 > 水冷冷水机组,material,模块化冷水机组,模块机,high,行业标准简称及口语极简叫法
1594-1,1594,通风空调设备 > 冷热水机组 > 水冷冷水机组,material,模块化冷水机组,模块冷机,medium,模块化冷水机组的常用缩略语
1594-1,1594,通风空调设备 > 冷热水机组 > 水冷冷水机组,material,水冷热泵机组,水冷热泵,high,去掉了机组二字的习惯性简称
1594-1,1594,通风空调设备 > 冷热水机组 > 水冷冷水机组,material,水冷热泵机组,水源热泵,medium,对于采用地下水/地表水/冷却水的热泵系统通用叫法
1594-1,1594,通风空调设备 > 冷热水机组 > 水冷冷水机组,material,活塞式制冷机组,活塞机,high,压缩机类型定义下的通用简称
1594-1,1594,通风空调设备 > 冷热水机组 > 水冷冷水机组,material,活塞式制冷机组,往复式压缩机机组,medium,活塞式亦称往复式，采购文件中常见别称
1594-1,1594,通风空调设备 > 冷热水机组 > 水冷冷水机组,material,涡旋式冷水机组,涡旋机,high,以压缩机形式命名的行业简称
1594-1,1594,通风空调设备 > 冷热水机组 > 水冷冷水机组,material,涡旋式冷水机组,涡旋冷机,medium,施工现场对涡旋冷水机组的缩写叫法
1594-1,1594,通风空调设备 > 冷热水机组 > 水冷冷水机组,material,燃气热水机组,燃气热水炉,high,采用燃气直燃方式时，常被呼作热水炉
1594-1,1594,通风空调设备 > 冷热水机组 > 水冷冷水机组,material,燃气热水机组,燃气锅炉,low,现场对以燃气为燃料提供热水的机组统称
1594-1,1594,通风空调设备 > 冷热水机组 > 水冷冷水机组,material,离心式冷水机组,离心机,high,表示离心式冷水机组的口语极简叫法
1594-1,1594,通风空调设备 > 冷热水机组 > 水冷冷水机组,material,离心式冷水机组,离心冷机,medium,采购与工程中的常用缩写
1594-1,1594,通风空调设备 > 冷热水机组 > 水冷冷水机组,material,螺杆式冷水机组,螺杆机,high,行业内通用简称，特指螺杆式冷水机组
1594-1,1594,通风空调设备 > 冷热水机组 > 水冷冷水机组,material,螺杆式冷水机组,双螺杆机,medium,指明压缩机结构形式的具体口语描述
1594-1,1594,通风空调设备 > 冷热水机组 > 水冷冷水机组,material,风冷冷热水机组,风冷热泵,high,行业标准简称，广义上包含了冷热模式
1594-1,1594,通风空调设备 > 冷热水机组 > 水冷冷水机组,material,风冷冷热水机组,风冷冷暖机,low,施工现场对可出冷热水的风冷设备习惯叫法
1594-1,1594,通风空调设备 > 冷热水机组 > 水冷冷水机组,material,风冷模块机组,风冷模块,high,施工现场最常见的口语叫法
1594-1,1594,通风空调设备 > 冷热水机组 > 水冷冷水机组,material,风冷模块机组,风模块机,medium,对风冷模块机组的快速缩写
1594-1,1594,通风空调设备 > 冷热水机组 > 水冷冷水机组,material,风冷热泵机组,风冷热泵,high,采购及工地上最常见的残缺叫法
1594-1,1594,通风空调设备 > 冷热水机组 > 水冷冷水机组,material,风冷热泵机组,风泵,low,部分地区的工程队极简化口语
1609-1,1609,通风空调设备 > 空调系统部件 > 净化过滤设备,material,人防过滤吸收器,过滤吸收器,high,行业常用简称
1609-1,1609,通风空调设备 > 空调系统部件 > 净化过滤设备,material,人防过滤吸收器,RFP过滤器,medium,人防专用过滤吸收器英文简称
1609-1,1609,通风空调设备 > 空调系统部件 > 净化过滤设备,material,人防过滤吸收器,人防过滤器,medium,人防工程中口语化泛称
1609-1,1609,通风空调设备 > 空调系统部件 > 净化过滤设备,material,净化工作台,超净工作台,high,常见别称
1609-1,1609,通风空调设备 > 空调系统部件 > 净化过滤设备,material,净化工作台,洁净工作台,medium,同义别称
1609-1,1609,通风空调设备 > 空调系统部件 > 净化过滤设备,material,生物安全柜,BSC,high,英文Biological Safety Cabinet缩写
1609-1,1609,通风空调设备 > 空调系统部件 > 净化过滤设备,material,生物安全柜,安全柜,medium,实验室口语简称
1609-1,1609,通风空调设备 > 空调系统部件 > 净化过滤设备,material,空气净化消毒器,净化消毒机,medium,功能合成简称
1609-1,1609,通风空调设备 > 空调系统部件 > 净化过滤设备,material,空气净化消毒器,空气净化机,medium,强调净化功能的俗称
1609-1,1609,通风空调设备 > 空调系统部件 > 净化过滤设备,material,空气过滤器,空调过滤器,medium,空调系统常用叫法
1609-1,1609,通风空调设备 > 空调系统部件 > 净化过滤设备,material,空气过滤器,新风过滤器,medium,新风系统中口语叫法
1609-1,1609,通风空调设备 > 空调系统部件 > 净化过滤设备,material,货淋室,货物风淋室,high,全称/说明性叫法
1609-1,1609,通风空调设备 > 空调系统部件 > 净化过滤设备,material,货淋室,货淋通道,medium,结构特征别称
1609-1,1609,通风空调设备 > 空调系统部件 > 净化过滤设备,material,风淋室,空气吹淋室,high,全称别称
1609-1,1609,通风空调设备 > 空调系统部件 > 净化过滤设备,material,风淋室,风淋门,medium,设备形态叫法
1609-1,1609,通风空调设备 > 空调系统部件 > 净化过滤设备,material,风淋室,吹风淋室,low,口语化叫法
80-2,80,通风空调设备 > 空调末端设备 > 风口,category,风口,出风口,high,风口在施工现场的通用口语叫法
80-2,80,通风空调设备 > 空调末端设备 > 风口,category,风口,回风口,medium,根据气流方向，部分风口用作回风时的俗称
80-2,80,通风空调设备 > 空调末端设备 > 风口,category,风口,新风口,medium,用于引入新风的风口俗称
80-2,80,通风空调设备 > 空调末端设备 > 风口,material,网式风口,钢丝网风口,medium,采用金属网面制作，在施工现场常按材质叫
80-2,80,通风空调设备 > 空调末端设备 > 风口,material,自垂百叶风口,自垂风口,high,行业内对自垂百叶风口的简称
80-2,80,通风空调设备 > 空调末端设备 > 风口,material,自垂百叶风口,重力百叶,medium,依靠重力自垂关闭，俗称重力百叶
80-2,80,通风空调设备 > 空调末端设备 > 风口,material,花式风口,装饰风口,medium,花式风口主要起装饰作用，俗称装饰风口
80-2,80,通风空调设备 > 空调末端设备 > 风口,material,蛋格式风口,格栅风口,medium,蛋格形状类似格栅，现场常混称格栅风口
80-2,80,通风空调设备 > 空调末端设备 > 风口,material,调整侧吹格栅风口,可调格栅,medium,带有调整功能侧吹风口的简称
80-2,80,通风空调设备 > 空调末端设备 > 风口,material,调整侧吹格栅风口,侧吹风口,medium,根据安装和出风方向叫
80-2,80,通风空调设备 > 空调末端设备 > 风口,material,远控多叶排烟口,排烟口,high,消防排烟系统中对该类风口的通用简称
80-2,80,通风空调设备 > 空调末端设备 > 风口,material,远控多页排烟口,远程排烟口,medium,强调远程控制功能的口语叫法
80-2,80,通风空调设备 > 空调末端设备 > 风口,material,门铰式百叶风口,门铰风口,high,门铰式百叶风口在暖通行业内的简称
80-2,80,通风空调设备 > 空调末端设备 > 风口,material,门铰式百叶风口,检修风口,medium,常带铰链用于检修门处，俗称检修风口
80-2,80,通风空调设备 > 空调末端设备 > 风口,material,防水百叶风口,防水风口,high,行业内对防水百叶风口的简称
80-2,80,通风空调设备 > 空调末端设备 > 风口,material,防火风口,防火阀风口,low,部分施工人员将其与防火阀功能关联的叫法
80-2,80,通风空调设备 > 空调末端设备 > 风口,material,防雨百叶风口,防雨风口,high,防雨百叶在施工现场的简称
80-2,80,通风空调设备 > 空调末端设备 > 风口,material,防雨百叶风口,外墙防雨百叶,medium,常用于外墙，强调安装位置和功能
80-2,80,通风空调设备 > 空调末端设备 > 风口,material,鼓形风口,球喷,medium,鼓形风口类似球形喷射口，俗称球喷
80-2,80,通风空调设备 > 空调末端设备 > 风口,material,鼓形风口,球形风口,medium,因外形像球形，在采购或安装时的俗称
1611-1,1611,通风空调设备 > 空调系统部件 > 喷雾器,category,喷雾器,水嘴,low,在采购或安装领域，小型喷雾器、喷嘴常被口语叫成‘水嘴’
1611-1,1611,通风空调设备 > 空调系统部件 > 喷雾器,material,离心喷雾干燥设备,离心雾化器,medium,施工和采购中常将核心雾化部件代指整台设备
1611-1,1611,通风空调设备 > 空调系统部件 > 喷雾器,material,离心喷雾干燥设备,喷雾干燥塔,medium,强调罐体结构的口语叫法，常见于施工现场
1604-1,1604,通风空调设备 > 空调系统部件 > 压缩机,category,压缩机,冷媒压缩机,high,空调系统中用于压缩制冷剂的核心部件
1604-1,1604,通风空调设备 > 空调系统部件 > 压缩机,category,压缩机,制冷压缩机,high,用于制冷循环的压缩机的统称
1604-1,1604,通风空调设备 > 空调系统部件 > 压缩机,category,压缩机,空压机头,medium,空气压缩机在工地常被简称为机头或空压机
1604-1,1604,通风空调设备 > 空调系统部件 > 压缩机,material,活塞式空气压缩机,活塞机,high,施工现场口语简称
1604-1,1604,通风空调设备 > 空调系统部件 > 压缩机,material,活塞式空气压缩机,往复式空压机,high,根据活塞往复运动的工作原理称呼
1604-1,1604,通风空调设备 > 空调系统部件 > 压缩机,material,活塞式空气压缩机,活塞空压机,high,采购时的常用简称
1604-1,1604,通风空调设备 > 空调系统部件 > 压缩机,material,涡旋式空气压缩机,涡旋机,high,施工现场口语简称
1604-1,1604,通风空调设备 > 空调系统部件 > 压缩机,material,涡旋式空气压缩机,涡旋空压机,high,采购时的常用简称
1604-1,1604,通风空调设备 > 空调系统部件 > 压缩机,material,涡旋式空气压缩机,蜗旋压缩机,medium,因涡旋形状俗称蜗旋
1604-1,1604,通风空调设备 > 空调系统部件 > 压缩机,material,滑片式空气压缩机,滑片机,high,施工现场口语简称
1604-1,1604,通风空调设备 > 空调系统部件 > 压缩机,material,滑片式空气压缩机,滑片空压机,high,采购时的常用简称
1604-1,1604,通风空调设备 > 空调系统部件 > 压缩机,material,滑片式空气压缩机,旋叶式压缩机,medium,因其内部滑片随转子旋转得名
1604-1,1604,通风空调设备 > 空调系统部件 > 压缩机,material,离心式压缩机,离心机,high,施工现场和采购通用简称
1604-1,1604,通风空调设备 > 空调系统部件 > 压缩机,material,离心式压缩机,透平压缩机,medium,英文Turbine的音译称呼
1604-1,1604,通风空调设备 > 空调系统部件 > 压缩机,material,离心式压缩机,离心式空压机,high,采购时的常用全称
1604-1,1604,通风空调设备 > 空调系统部件 > 压缩机,material,膜式空气压缩机,膜片机,medium,施工现场口语简称
1604-1,1604,通风空调设备 > 空调系统部件 > 压缩机,material,膜式空气压缩机,隔膜压缩机,high,因其核心部件为隔膜片
1604-1,1604,通风空调设备 > 空调系统部件 > 压缩机,material,膜式空气压缩机,膜片式空压机,medium,采购时的常用称呼
1604-1,1604,通风空调设备 > 空调系统部件 > 压缩机,material,螺杆式空气压缩机,螺杆机,high,最常用的施工现场口语简称
1604-1,1604,通风空调设备 > 空调系统部件 > 压缩机,material,螺杆式空气压缩机,螺杆空压机,high,采购时的通用简称
1604-1,1604,通风空调设备 > 空调系统部件 > 压缩机,material,螺杆式空气压缩机,双螺杆压缩机,medium,根据内部双转子的结构称呼
1604-1,1604,通风空调设备 > 空调系统部件 > 压缩机,material,轴流式压缩机,轴流机,medium,施工现场口语简称
1604-1,1604,通风空调设备 > 空调系统部件 > 压缩机,material,轴流式压缩机,轴流空压机,medium,采购时的常用简称
1604-1,1604,通风空调设备 > 空调系统部件 > 压缩机,material,轴流式压缩机,轴流压缩机,high,工业设计领域的标准简称
1590-1,1590,通风空调设备 > 空调末端设备 > 风机盘管,category,风机盘管,风盘,high,风机盘管的标准简称，在暖通行业和施工现场广泛使用
1590-1,1590,通风空调设备 > 空调末端设备 > 风机盘管,category,风机盘管,FP,medium,风机盘管英文Fan Coil Unit简写为FCU，但施工现场常简呼为FP（风盘拼音首字母）或盘管
1590-1,1590,通风空调设备 > 空调末端设备 > 风机盘管,category,风机盘管,盘管,high,风机盘管的简略叫法，常用于口语
1590-1,1590,通风空调设备 > 空调末端设备 > 风机盘管,material,卡式风机盘管,天花机,high,卡式风机盘管通常嵌入吊顶，四面出风，外形和安装方式类似天花机
1590-1,1590,通风空调设备 > 空调末端设备 > 风机盘管,material,卡式风机盘管,嵌入式风盘,high,因其嵌入式安装方式而得名
1590-1,1590,通风空调设备 > 空调末端设备 > 风机盘管,material,卡式风机盘管,四面出风盘管,medium,卡式风机盘管通常为四面出风形式
1590-1,1590,通风空调设备 > 空调末端设备 > 风机盘管,material,卧式明装风机盘管,明装卧式风盘,high,将卧式明装风机盘管的顺序口语化简称
1590-1,1590,通风空调设备 > 空调末端设备 > 风机盘管,material,卧式暗装风机盘,暗装卧式风盘,high,将卧式暗装风机盘管的顺序口语化简称，且标准名可能漏字，通常全称为卧式暗装风机盘管
1590-1,1590,通风空调设备 > 空调末端设备 > 风机盘管,material,卧式暗装风机盘管,暗装卧式风盘,high,施工现场对卧式暗装风机盘管的口语化简称
1590-1,1590,通风空调设备 > 空调末端设备 > 风机盘管,material,卧柜式风机盘管,卧式柜机,medium,卧柜式风机盘管的简化俗称
1590-1,1590,通风空调设备 > 空调末端设备 > 风机盘管,material,吊顶式风机盘管,吊装风盘,high,因其吊装在顶板下的安装方式
1590-1,1590,通风空调设备 > 空调末端设备 > 风机盘管,material,吊顶式风机盘管,吸顶式风盘,low,部分吊顶式风机盘管可吸顶安装或在口语中与卡式混称
1590-1,1590,通风空调设备 > 空调末端设备 > 风机盘管,material,壁挂式风机盘管,挂墙式风盘,high,壁挂即挂在墙壁上
1590-1,1590,通风空调设备 > 空调末端设备 > 风机盘管,material,壁挂式风机盘管,壁挂机,medium,壁挂式设备的通用简称
1590-1,1590,通风空调设备 > 空调末端设备 > 风机盘管,material,立式明装风机盘管,明装立式风盘,high,将立式明装风机盘管的口语化简称
1590-1,1590,通风空调设备 > 空调末端设备 > 风机盘管,material,立式明装风机盘管,落地明装风盘,medium,因其立于地面且明装
1590-1,1590,通风空调设备 > 空调末端设备 > 风机盘管,material,立式暗装风机盘,暗装立式风盘,high,将立式暗装风机盘管的口语化简称，且标准名可能漏字
1590-1,1590,通风空调设备 > 空调末端设备 > 风机盘管,material,立式暗装风机盘管,暗装立式风盘,high,施工现场对立式暗装风机盘管的口语化简称
1590-1,1590,通风空调设备 > 空调末端设备 > 风机盘管,material,立柜式风机盘管,柜式风盘,high,因外形似柜而得名
1590-1,1590,通风空调设备 > 空调末端设备 > 风机盘管,material,立柜式风机盘管,立柜机,medium,立柜式空调的简称有时也泛指立柜式风盘
1590-1,1590,通风空调设备 > 空调末端设备 > 风机盘管,material,立柜式风机盘管,落地柜机,medium,强调其落地式和柜式外形
1606-1,1606,通风空调设备 > 空调系统部件 > 节流元件,category,节流元件,节流装置,high,节流元件的统称别称
1606-1,1606,通风空调设备 > 空调系统部件 > 节流元件,material,热力膨胀阀,温控膨胀阀,medium,利用温度控制开度的原理别称
1606-1,1606,通风空调设备 > 空调系统部件 > 节流元件,material,热力膨胀阀,感温膨胀阀,high,基于感温包原理的口语叫法
1606-1,1606,通风空调设备 > 空调系统部件 > 节流元件,material,热力膨胀阀,TEV,high,Thermal Expansion Valve 的英文简称
1606-1,1606,通风空调设备 > 空调系统部件 > 节流元件,material,电动保温阀,电动风阀,medium,电动驱动的保温型风阀简称
1606-1,1606,通风空调设备 > 空调系统部件 > 节流元件,material,电动保温阀,电动保温风门,medium,施工现场口语叫法
1606-1,1606,通风空调设备 > 空调系统部件 > 节流元件,material,电子膨胀阀,EEV,high,Electronic Expansion Valve 的英文简称
1606-1,1606,通风空调设备 > 空调系统部件 > 节流元件,material,电子膨胀阀,电子节流阀,medium,功能描述的别称
1606-1,1606,通风空调设备 > 空调系统部件 > 节流元件,material,电子膨胀阀,步进膨胀阀,medium,多由步进电机驱动，行业俗称
80-1,80,通风空调设备 > 空调末端设备 > 风口,category,风口,风嘴,high,风口在施工现场的通用口语叫法
80-1,80,通风空调设备 > 空调末端设备 > 风口,category,风口,出风口,high,风口在送风系统中的通用口语叫法
80-1,80,通风空调设备 > 空调末端设备 > 风口,category,风口,回风口,high,风口在回风系统中的通用口语叫法
80-1,80,通风空调设备 > 空调末端设备 > 风口,category,风口,空调口,medium,非正式场合对空调风口的统称
80-1,80,通风空调设备 > 空调末端设备 > 风口,material,侧壁格栅式风口,侧格栅风口,high,侧壁格栅式风口的简称
80-1,80,通风空调设备 > 空调末端设备 > 风口,material,侧壁格栅式风口,壁挂格栅,medium,强调其安装位置在侧壁
80-1,80,通风空调设备 > 空调末端设备 > 风口,material,全自动排烟口,自动排烟口,high,全自动排烟口的简称
80-1,80,通风空调设备 > 空调末端设备 > 风口,material,单层百叶风口,单层百叶,high,省略风口二字的口语简称
80-1,80,通风空调设备 > 空调末端设备 > 风口,material,单层百叶风口,单百,medium,施工现场极简口语简称
80-1,80,通风空调设备 > 空调末端设备 > 风口,material,双层百叶风口,双层百叶,high,省略风口二字的口语简称
80-1,80,通风空调设备 > 空调末端设备 > 风口,material,双层百叶风口,双百,medium,施工现场极简口语简称
80-1,80,通风空调设备 > 空调末端设备 > 风口,material,可开式(铰链)百叶风口,铰链百叶,high,突出铰链结构的简称
80-1,80,通风空调设备 > 空调末端设备 > 风口,material,可开式(铰链)百叶风口,带铰链百叶,medium,强调带有铰链的百叶风口
80-1,80,通风空调设备 > 空调末端设备 > 风口,material,四向出风口,四出风,high,四向出风口的简称
80-1,80,通风空调设备 > 空调末端设备 > 风口,material,圆形固定扩散出风口,圆形散流器,high,扩散出风口通常称为散流器
80-1,80,通风空调设备 > 空调末端设备 > 风口,material,圆形固定扩散出风口,固定散流器,medium,强调其为固定式且具有扩散功能
80-1,80,通风空调设备 > 空调末端设备 > 风口,material,圆形自垂百叶风口,自垂百叶,high,圆形自垂百叶风口的简称
80-1,80,通风空调设备 > 空调末端设备 > 风口,material,圆盘形送风口,圆盘风口,high,根据外形命名的简称
80-1,80,通风空调设备 > 空调末端设备 > 风口,material,圆盘形送风口,圆盘散流器,medium,结合功能和外形
80-1,80,通风空调设备 > 空调末端设备 > 风口,material,地板送风口,地送风,high,地板送风口的简称
80-1,80,通风空调设备 > 空调末端设备 > 风口,material,地板送风口,地面风口,medium,施工中根据位置命名的叫法
80-1,80,通风空调设备 > 空调末端设备 > 风口,material,多叶送风口,多叶口,medium,多叶送风口的简称
80-1,80,通风空调设备 > 空调末端设备 > 风口,material,孔板风口,孔板口,medium,孔板风口的简称
80-1,80,通风空调设备 > 空调末端设备 > 风口,material,射流消声风口,消声风口,high,射流消声风口的简称
80-1,80,通风空调设备 > 空调末端设备 > 风口,material,常闭电动百叶风口,电动百叶,high,强调其电动控制属性
80-1,80,通风空调设备 > 空调末端设备 > 风口,material,常闭电动百叶风口,常闭风口,medium,强调其常闭状态
80-1,80,通风空调设备 > 空调末端设备 > 风口,material,排烟口,排烟窗,low,尺寸较大的排烟口有时被称为排烟窗
80-1,80,通风空调设备 > 空调末端设备 > 风口,material,方形盘式扩散风口,方形散流器,high,扩散风口通常称为散流器
80-1,80,通风空调设备 > 空调末端设备 > 风口,material,方形盘式扩散风口,盘式散流器,medium,强调其盘式形状
80-1,80,通风空调设备 > 空调末端设备 > 风口,material,旋流风口,旋流器,high,功能性简称
80-1,80,通风空调设备 > 空调末端设备 > 风口,material,条形风口,条缝风口,high,细长条形风口的行业俗称
80-1,80,通风空调设备 > 空调末端设备 > 风口,material,条形风口,线槽风口,medium,描述其类似线槽的形态
80-1,80,通风空调设备 > 空调末端设备 > 风口,material,板式排烟口,板排口,high,板式排烟口的简称
80-1,80,通风空调设备 > 空调末端设备 > 风口,material,格栅式风口,格栅口,high,格栅式风口的简称
80-1,80,通风空调设备 > 空调末端设备 > 风口,material,格栅式风口,花格风口,medium,在某些项目中对此类风口的俗称
80-1,80,通风空调设备 > 空调末端设备 > 风口,material,正压送风口,正压口,high,正压送风口的简称
80-1,80,通风空调设备 > 空调末端设备 > 风口,material,活动式百叶风口,活动百叶,high,活动式百叶风口的简称
80-1,80,通风空调设备 > 空调末端设备 > 风口,material,活动篦式风口,花格篦,low,结合外形与功能的叫法
80-1,80,通风空调设备 > 空调末端设备 > 风口,material,球形喷流风口,球形喷口,high,球形喷流风口的简称
80-1,80,通风空调设备 > 空调末端设备 > 风口,material,球形喷流风口,喷流口,medium,强调其喷流功能
80-1,80,通风空调设备 > 空调末端设备 > 风口,material,球形喷流风口,球形风口,medium,施工人员根据外形的叫法
80-1,80,通风空调设备 > 空调末端设备 > 风口,material,线形风口,线条风口,medium,线形风口的通俗叫法
1608-1,1608,通风空调设备 > 空调系统部件 > 风口过滤器、过滤网,category,风口过滤器、过滤网,回风过滤网,medium,常用于回风口的过滤器或过滤网，施工现场统称
1608-1,1608,通风空调设备 > 空调系统部件 > 风口过滤器、过滤网,category,风口过滤器、过滤网,风口滤网,high,风口过滤器与过滤网的简化统称
1608-1,1608,通风空调设备 > 空调系统部件 > 风口过滤器、过滤网,material,不锈钢过滤网,钢丝滤网,high,不锈钢丝编织网在采购中的俗称
1608-1,1608,通风空调设备 > 空调系统部件 > 风口过滤器、过滤网,material,不锈钢过滤网,不锈钢丝网,medium,强调丝径编织结构的叫法
1608-1,1608,通风空调设备 > 空调系统部件 > 风口过滤器、过滤网,material,尼龙过滤网,尼龙滤网,high,省略过滤二字的口语简称
1608-1,1608,通风空调设备 > 空调系统部件 > 风口过滤器、过滤网,material,尼龙过滤网,锦纶滤网,low,尼龙材料又称锦纶，业内互通叫法
1608-1,1608,通风空调设备 > 空调系统部件 > 风口过滤器、过滤网,material,铝合金过滤网,铝滤网,high,铝合金材质过滤网的简略叫法
1608-1,1608,通风空调设备 > 空调系统部件 > 风口过滤器、过滤网,material,铝合金过滤网,铝板网,medium,当采用铝合金薄板拉伸或冲压成型时，采购中会叫铝板网
1608-1,1608,通风空调设备 > 空调系统部件 > 风口过滤器、过滤网,material,风口过滤器,风口滤芯,medium,某些可更换式风口过滤器在安装现场被称为滤芯
1608-1,1608,通风空调设备 > 空调系统部件 > 风口过滤器、过滤网,material,风口过滤器,风口过滤棉,medium,当过滤器采用化纤棉材质时，口语中直接叫过滤棉
1607-1,1607,通风空调设备 > 空调系统部件 > 空气加热、冷却器,category,空气加热、冷却器,冷热盘管,high,空气加热器和冷却器的统称，因内部通常由盘管构成
1607-1,1607,通风空调设备 > 空调系统部件 > 空气加热、冷却器,category,空气加热、冷却器,表冷器加热器,medium,表面式空气冷却器和加热器的合称
1607-1,1607,通风空调设备 > 空调系统部件 > 空气加热、冷却器,material,吊顶式空气冷却器,吊顶风柜,medium,安装于吊顶内的空气冷却设备，施工现场常叫风柜
1607-1,1607,通风空调设备 > 空调系统部件 > 空气加热、冷却器,material,吊顶式空气冷却器,吊装表冷器,low,侧重于其吊顶安装形式和表冷功能
1607-1,1607,通风空调设备 > 空调系统部件 > 空气加热、冷却器,material,拼装式空气冷却器,组合式表冷器,medium,拼装即组合安装的形式
1607-1,1607,通风空调设备 > 空调系统部件 > 空气加热、冷却器,material,拼装式空气冷却器,分段式冷却器,low,因可以分段运输、现场拼装而得名
1607-1,1607,通风空调设备 > 空调系统部件 > 空气加热、冷却器,material,电加热器,电加热管,high,核心元件为电加热管，做设备称呼
1607-1,1607,通风空调设备 > 空调系统部件 > 空气加热、冷却器,material,电加热器,电辅热,high,在空调系统中常作为辅助加热，口语简称电辅热
1607-1,1607,通风空调设备 > 空调系统部件 > 空气加热、冷却器,material,电加热器,PTC加热器,medium,常见电加热器类型，采购中常直接叫PTC
1607-1,1607,通风空调设备 > 空调系统部件 > 空气加热、冷却器,material,落地式空气冷却器,立式表冷器,medium,落地安装，立式结构
1607-1,1607,通风空调设备 > 空调系统部件 > 空气加热、冷却器,material,落地式空气冷却器,落地风柜,low,落地安装的空气处理柜
1607-1,1607,通风空调设备 > 空调系统部件 > 空气加热、冷却器,material,表面式空气加热器,加热盘管,high,以热水或蒸汽为介质的表面式加热器统称
1607-1,1607,通风空调设备 > 空调系统部件 > 空气加热、冷却器,material,表面式空气加热器,表热器,medium,表面式空气加热器的简称，对比表冷器
1607-1,1607,通风空调设备 > 空调系统部件 > 空气加热、冷却器,material,顶平侧吹式空气冷却器,侧吹风柜,medium,侧重其侧向送风的形式
1605-1,1605,通风空调设备 > 空调系统部件 > 换热器（蒸发器、冷凝器）,category,换热器（蒸发器、冷凝器）,两器,high,在空调制冷行业中，常将蒸发器和冷凝器合称为两器，特指冷热交换的核心部件。
1605-1,1605,通风空调设备 > 空调系统部件 > 换热器（蒸发器、冷凝器）,category,换热器（蒸发器、冷凝器）,热交换器,medium,蒸发器和冷凝器的功能统称，采购清单中常以此泛指。
1605-1,1605,通风空调设备 > 空调系统部件 > 换热器（蒸发器、冷凝器）,category,换热器（蒸发器、冷凝器）,盘管,medium,施工现场常把带有翅片/管束的换热部件统称为盘管。
1605-1,1605,通风空调设备 > 空调系统部件 > 换热器（蒸发器、冷凝器）,material,水冷冷凝器,壳管式冷凝器,high,水冷冷凝器最常见结构形式，采购和施工中常直接以此结构名代称。
1605-1,1605,通风空调设备 > 空调系统部件 > 换热器（蒸发器、冷凝器）,material,水冷冷凝器,卧式冷凝器,medium,大型水冷机组中水冷冷凝器通常为卧式安装，此为口语俗称。
1605-1,1605,通风空调设备 > 空调系统部件 > 换热器（蒸发器、冷凝器）,material,淋水式冷凝器,蒸发冷,medium,虽然常被归入蒸发冷凝大类，但在一些老旧图纸或现场习惯中，淋水式结构直接被称为蒸发冷或喷淋式。
1605-1,1605,通风空调设备 > 空调系统部件 > 换热器（蒸发器、冷凝器）,material,淋水式冷凝器,喷淋式冷凝器,medium,根据其工作方式，俗称喷淋式。
1605-1,1605,通风空调设备 > 空调系统部件 > 换热器（蒸发器、冷凝器）,material,蒸发器,干式蒸发器,high,冷水机组中常用结构，口语中常简称干式壳管。
1605-1,1605,通风空调设备 > 空调系统部件 > 换热器（蒸发器、冷凝器）,material,蒸发器,满液式蒸发器,high,冷水机组中满液式结构，口语常简称满液式。
1605-1,1605,通风空调设备 > 空调系统部件 > 换热器（蒸发器、冷凝器）,material,蒸发器,冷风机,high,冷库工程中，空气冷却式蒸发器统称为冷风机。
1605-1,1605,通风空调设备 > 空调系统部件 > 换热器（蒸发器、冷凝器）,material,蒸发器,冷却排管,medium,冷库排管式蒸发器的现场叫法。
1605-1,1605,通风空调设备 > 空调系统部件 > 换热器（蒸发器、冷凝器）,material,蒸发式冷凝器,蒸发冷,high,暖通采购与施工中最通用的简称。
1605-1,1605,通风空调设备 > 空调系统部件 > 换热器（蒸发器、冷凝器）,material,蒸发式冷凝器,蒸发冷凝器,medium,工程口语中常省略式字，直接叫蒸发冷凝器。
1605-1,1605,通风空调设备 > 空调系统部件 > 换热器（蒸发器、冷凝器）,material,表冷器,表冷,high,施工和采购时极常见的简称。
1605-1,1605,通风空调设备 > 空调系统部件 > 换热器（蒸发器、冷凝器）,material,表冷器,冷盘管,high,因其通入冷冻水进行降温，现场常叫冷盘管。
1605-1,1605,通风空调设备 > 空调系统部件 > 换热器（蒸发器、冷凝器）,material,表冷器,翅片管换热器,medium,根据其物理特征，在配件采购中常以此名称呼。
1605-1,1605,通风空调设备 > 空调系统部件 > 换热器（蒸发器、冷凝器）,material,风冷冷凝器,风冷,high,行业内将风冷冷凝器极简化的口语及报价单常用简称。
1605-1,1605,通风空调设备 > 空调系统部件 > 换热器（蒸发器、冷凝器）,material,风冷冷凝器,室外机换热器,medium,常见于风冷模块或家用多联机，施工维修时特指外机中的冷凝器部分。
1605-1,1605,通风空调设备 > 空调系统部件 > 换热器（蒸发器、冷凝器）,material,风冷冷凝器,风侧换热器,medium,在风冷机组设计中，相对于水侧换热器的叫法。
1614-1,1614,通风空调设备 > 通风设备 > 台扇、落地扇,category,台扇、落地扇,家用风扇,medium,台扇和落地扇在家用场景中常被统称为家用风扇，采购口语常见
1614-1,1614,通风空调设备 > 通风设备 > 台扇、落地扇,category,台扇、落地扇,牛角扇,high,工业电风扇因外形和风力强劲，常被称为牛角扇，是采购现场通用叫法
1614-1,1614,通风空调设备 > 通风设备 > 台扇、落地扇,material,台扇,台式风扇,high,施工现场及采购清单中常称台扇为台式风扇，是其全称形式的口语简称
1614-1,1614,通风空调设备 > 通风设备 > 台扇、落地扇,material,台扇,小台扇,medium,小型台扇在采购中常被称为小台扇
1614-1,1614,通风空调设备 > 通风设备 > 台扇、落地扇,material,工业电风扇,工业落地扇,high,工业电风扇常为落地款式，工地上常直接叫工业落地扇
1614-1,1614,通风空调设备 > 通风设备 > 台扇、落地扇,material,工业电风扇,牛角风扇,high,工业风扇扇叶形状像牛角，俗称牛角风扇
1614-1,1614,通风空调设备 > 通风设备 > 台扇、落地扇,material,落地扇,立式风扇,high,落地扇也称立式风扇，施工现场与采购中常见叫法
1614-1,1614,通风空调设备 > 通风设备 > 台扇、落地扇,material,落地扇,落地电扇,high,落地扇的全称口语化叫法，采购单中经常使用
1614-1,1614,通风空调设备 > 通风设备 > 台扇、落地扇,material,落地扇,高脚风扇,low,部分工人习惯叫高脚风扇，指代落地扇
1588-2,1588,通风空调设备 > 空调设备 > 分散式空调系统（空调器）,category,分散式空调系统（空调器）,空调器,high,标准分类名已包含，在口语中常直接使用
1588-2,1588,通风空调设备 > 空调设备 > 分散式空调系统（空调器）,category,分散式空调系统（空调器）,末端空调,medium,相对于中央空调主机，这些现场安装的末端设备常被统称
1588-2,1588,通风空调设备 > 空调设备 > 分散式空调系统（空调器）,material,组合式空调机组,组合式空调箱,high,施工现场和采购中非常普遍的叫法
1588-2,1588,通风空调设备 > 空调设备 > 分散式空调系统（空调器）,material,组合式空调机组,组合风柜,high,因箱体结构类似柜子，且内部组合功能段，常被简称为风柜
1588-2,1588,通风空调设备 > 空调设备 > 分散式空调系统（空调器）,material,组合式空调机组,AHU,high,Air Handling Unit 的英文缩写，暖通行业通用俗称
1588-2,1588,通风空调设备 > 空调设备 > 分散式空调系统（空调器）,material,组合式空调机组,空调处理机组,medium,组合式空调机组的简称
1588-2,1588,通风空调设备 > 空调设备 > 分散式空调系统（空调器）,material,船用空调,船用空调器,medium,在船舶行业领域内的标准称谓，口语中常见
1588-2,1588,通风空调设备 > 空调设备 > 分散式空调系统（空调器）,material,船用空调,船用空调机组,medium,指集成化的船用空调设备，区别于家用挂机
1588-2,1588,通风空调设备 > 空调设备 > 分散式空调系统（空调器）,material,落地卧式空调机组,卧式空调箱,high,按安装形式和设备形态命名的口语叫法
1588-2,1588,通风空调设备 > 空调设备 > 分散式空调系统（空调器）,material,落地卧式空调机组,卧式风柜,medium,根据其落地安装和空气处理功能起的俗称
1588-2,1588,通风空调设备 > 空调设备 > 分散式空调系统（空调器）,material,落地卧式空调机组,卧式AHU,medium,英文缩写与安装形态结合的专业俗语
1588-2,1588,通风空调设备 > 空调设备 > 分散式空调系统（空调器）,material,落地立式空调机组,立式空调箱,high,根据其立式结构和功能产生的口语叫法
1588-2,1588,通风空调设备 > 空调设备 > 分散式空调系统（空调器）,material,落地立式空调机组,立式风柜,medium,因外形像立柜且处理空气，俗称立式风柜
1588-2,1588,通风空调设备 > 空调设备 > 分散式空调系统（空调器）,material,落地立式空调机组,立式AHU,medium,英文缩写与安装形态结合的专业俗语
1588-2,1588,通风空调设备 > 空调设备 > 分散式空调系统（空调器）,material,风管式空调机,风管机,high,行业内和施工现场最通用的简称
1588-2,1588,通风空调设备 > 空调设备 > 分散式空调系统（空调器）,material,风管式空调机,管道机,medium,风管式空调机的简称，在采购和安装中常用
1588-2,1588,通风空调设备 > 空调设备 > 分散式空调系统（空调器）,material,风管式空调机,一拖一风管机,medium,指一台室外机连接一台室内风管机的配置，采购中常见说法
1613-1,1613,通风空调设备 > 通风设备 > 吊风扇、壁扇,category,吊风扇、壁扇,吊扇,high,行业内对吊风扇的通用简称
1613-1,1613,通风空调设备 > 通风设备 > 吊风扇、壁扇,category,吊风扇、壁扇,工业风扇,medium,在厂房仓库等现场，对吊扇及壁挂式大风扇的统称
1613-1,1613,通风空调设备 > 通风设备 > 吊风扇、壁扇,material,吊风扇,吊扇,high,最普遍的简称，施工现场及采购单中常见
1613-1,1613,通风空调设备 > 通风设备 > 吊风扇、壁扇,material,吊风扇,悬挂风扇,medium,强调其安装方式的别称
1613-1,1613,通风空调设备 > 通风设备 > 吊风扇、壁扇,material,吊风扇,楼顶扇,low,部分地区或旧式采购中对吊杆较长风扇的叫法
1613-1,1613,通风空调设备 > 通风设备 > 吊风扇、壁扇,material,吸顶扇,天花风扇,high,因安装于天花板而得名，工装采购中常用
1613-1,1613,通风空调设备 > 通风设备 > 吊风扇、壁扇,material,吸顶扇,吸顶式摇头扇,medium,区别于排气扇，强调其带摇头功能的吸顶安装风扇
1613-1,1613,通风空调设备 > 通风设备 > 吊风扇、壁扇,material,壁扇,挂墙风扇,high,强调壁挂安装方式的直接叫法
1613-1,1613,通风空调设备 > 通风设备 > 吊风扇、壁扇,material,壁扇,墙壁扇,high,约定俗成的叫法，采购清单中常见
1613-1,1613,通风空调设备 > 通风设备 > 吊风扇、壁扇,material,壁扇,壁挂式摇头扇,medium,描述较完整，用于区分壁挂式排气扇等
217-1,217,通风空调设备 > 通风设备 > 排气扇、换气扇,category,排气扇、换气扇,排风扇,high,口语中常将排气扇和排风扇混用，指代排气设备
217-1,217,通风空调设备 > 通风设备 > 排气扇、换气扇,category,排气扇、换气扇,通风扇,medium,泛指用于通风换气的此类风扇
217-1,217,通风空调设备 > 通风设备 > 排气扇、换气扇,category,排气扇、换气扇,抽风扇,medium,强调将室内空气抽出的功能称呼
217-1,217,通风空调设备 > 通风设备 > 排气扇、换气扇,material,换气扇,双向换气扇,medium,强调其具备进气和排气双向功能的口语简化叫法
217-1,217,通风空调设备 > 通风设备 > 排气扇、换气扇,material,排气扇,单向排气扇,medium,强调其仅具有向室外排气功能的叫法
219-1,219,通风空调设备 > 空调设备 > 集中式空调系统（中央空调）,category,集中式空调系统（中央空调）,中央空调系统,high,行业内对集中式空调系统的俗称
219-1,219,通风空调设备 > 空调设备 > 集中式空调系统（中央空调）,category,集中式空调系统（中央空调）,空调主机,medium,施工现场对中央空调冷热源设备的统称
219-1,219,通风空调设备 > 空调设备 > 集中式空调系统（中央空调）,material,冰蓄冷中央空调,蓄冰空调,high,利用夜间制冰蓄冷的中央空调简称
219-1,219,通风空调设备 > 空调设备 > 集中式空调系统（中央空调）,material,冰蓄冷中央空调,冰蓄冷空调,high,冰蓄冷中央空调的口语简化叫法
219-1,219,通风空调设备 > 空调设备 > 集中式空调系统（中央空调）,material,冷冻除湿机,除湿机,high,施工现场及采购中对冷冻除湿机的简化叫法
219-1,219,通风空调设备 > 空调设备 > 集中式空调系统（中央空调）,material,变频智能多联中央空调,变频多联机,high,变频智能多联中央空调的行业简称
219-1,219,通风空调设备 > 空调设备 > 集中式空调系统（中央空调）,material,变频智能多联中央空调,VRV,high,变制冷剂流量多联系统的代称，最早由大金注册但现已成为通用叫法
219-1,219,通风空调设备 > 空调设备 > 集中式空调系统（中央空调）,material,变频智能多联中央空调,VRF,high,变制冷剂流量系统的英文通用缩写，与VRV同义
219-1,219,通风空调设备 > 空调设备 > 集中式空调系统（中央空调）,material,多联式全新风处理机,新风多联机,high,多联式全新风处理机的口语简化叫法
219-1,219,通风空调设备 > 空调设备 > 集中式空调系统（中央空调）,material,多联式全新风处理机,多联新风机,high,多联式全新风处理机在采购中的简称
219-1,219,通风空调设备 > 空调设备 > 集中式空调系统（中央空调）,material,恒温恒湿机,恒温恒湿空调,high,恒温恒湿机的完整功能叫法
219-1,219,通风空调设备 > 空调设备 > 集中式空调系统（中央空调）,material,恒温恒湿机,精密空调,medium,在机房等对温湿度控制精度高的场景，常以此称呼小型恒温恒湿机
219-1,219,通风空调设备 > 空调设备 > 集中式空调系统（中央空调）,material,恒温恒湿机,机房空调,medium,用于机房的恒温恒湿机常被统称为机房空调
219-1,219,通风空调设备 > 空调设备 > 集中式空调系统（中央空调）,material,新风空调净化一体机,新风净化机,high,新风空调净化一体机的简化叫法
219-1,219,通风空调设备 > 空调设备 > 集中式空调系统（中央空调）,material,新风空调净化一体机,空调净化一体机,medium,施工现场口语中省略新风的叫法
219-1,219,通风空调设备 > 空调设备 > 集中式空调系统（中央空调）,material,水冷柜机,水冷柜,high,水冷柜机的口语简称
219-1,219,通风空调设备 > 空调设备 > 集中式空调系统（中央空调）,material,水冷柜机,水冷柜式空调,high,水冷柜机的全称叫法
219-1,219,通风空调设备 > 空调设备 > 集中式空调系统（中央空调）,material,溴冷机中央空调,溴化锂空调,high,溴冷机即溴化锂吸收式制冷机
219-1,219,通风空调设备 > 空调设备 > 集中式空调系统（中央空调）,material,溴冷机中央空调,吸收式制冷机,high,溴冷机的工作原理分类叫法
219-1,219,通风空调设备 > 空调设备 > 集中式空调系统（中央空调）,material,空气源热泵家用中央空调,空气源热泵,high,省略家用中央空调的简化叫法
219-1,219,通风空调设备 > 空调设备 > 集中式空调系统（中央空调）,material,空气源热泵家用中央空调,空气能中央空调,high,行业内对空气源热泵的家用中央空调整体称呼
219-1,219,通风空调设备 > 空调设备 > 集中式空调系统（中央空调）,material,风冷柜机,风冷柜,high,风冷柜机的口语简称
219-1,219,通风空调设备 > 空调设备 > 集中式空调系统（中央空调）,material,风冷柜机,风冷柜式空调,high,风冷柜机的完整叫法
219-1,219,通风空调设备 > 空调设备 > 集中式空调系统（中央空调）,material,风冷模块机商用冷暖一体水机组,风冷模块机,high,风冷模块机商用冷暖一体水机组的行业统称
219-1,219,通风空调设备 > 空调设备 > 集中式空调系统（中央空调）,material,风冷模块机商用冷暖一体水机组,模块式风冷热泵,high,根据其工作原理的行业叫法
219-1,219,通风空调设备 > 空调设备 > 集中式空调系统（中央空调）,material,风冷模块机商用冷暖一体水机组,风冷热泵模块机,high,风冷模块机的另一种常见叫法
219-1,219,通风空调设备 > 空调设备 > 集中式空调系统（中央空调）,material,风冷热泵中央空调,风冷热泵,high,省略中央空调的简化叫法
219-1,219,通风空调设备 > 空调设备 > 集中式空调系统（中央空调）,material,风冷热泵中央空调,空气源热泵,medium,在大型项目中，风冷热泵常等同于空气源热泵
219-1,219,通风空调设备 > 空调设备 > 集中式空调系统（中央空调）,material,风冷空调机组,风冷主机,medium,施工现场口语对风冷空调机组的叫法
1612-1,1612,通风空调设备 > 通风设备 > 鼓风机,category,鼓风机,风机,high,行业内对鼓风机的泛称
1612-1,1612,通风空调设备 > 通风设备 > 鼓风机,category,鼓风机,送风机,medium,施工现场常根据其送风功能称呼
1612-1,1612,通风空调设备 > 通风设备 > 鼓风机,material,回转式鼓风机,滑片式风机,high,回转式鼓风机常见结构为滑片式，业内常这样简称
1612-1,1612,通风空调设备 > 通风设备 > 鼓风机,material,回转式鼓风机,旋片式风机,medium,部分回转式鼓风机采用旋片结构，是常见的别称
1612-1,1612,通风空调设备 > 通风设备 > 鼓风机,material,离心式鼓风机,离心风机,high,通用简称，采购和施工现场口语中使用频率极高
1612-1,1612,通风空调设备 > 通风设备 > 鼓风机,material,离心式鼓风机,透平风机,medium,技术资料和部分采购场景中使用的别称
1612-1,1612,通风空调设备 > 通风设备 > 鼓风机,material,罗茨式鼓风机,罗茨风机,high,日常采购和施工中极少说全称，普遍简称为罗茨风机
1612-1,1612,通风空调设备 > 通风设备 > 鼓风机,material,罗茨式鼓风机,鲁氏风机,low,英文Roots音译的另一种叫法
1612-1,1612,通风空调设备 > 通风设备 > 鼓风机,material,螺杆式鼓风机,螺杆风机,high,通用简称，口语中几乎不区分鼓风机和压缩机的场景下常用
1612-1,1612,通风空调设备 > 通风设备 > 鼓风机,material,螺杆式鼓风机,双螺杆鼓风机,medium,强调其双螺杆核心结构的叫法
1612-1,1612,通风空调设备 > 通风设备 > 鼓风机,material,轴流式鼓风机,轴流风机,high,行业通用简称，最常见叫法
1612-1,1612,通风空调设备 > 通风设备 > 鼓风机,material,轴流式鼓风机,风扇,medium,小型或低压轴流风机在施工人员口中常直接称为风扇
1612-1,1612,通风空调设备 > 通风设备 > 鼓风机,material,轴流式鼓风机,排风扇,low,用于排风工况时的俗称
1619-1,1619,通风空调设备 > 风管及风管部件 > 静压箱,category,静压箱,消音箱,medium,施工现场对带消声功能的静压箱的简称
1619-1,1619,通风空调设备 > 风管及风管部件 > 静压箱,material,消声静压箱,消音静压箱,high,现场口语中'声'与'音'混用，非常普遍
1619-1,1619,通风空调设备 > 风管及风管部件 > 静压箱,material,消声静压箱,消声箱,medium,采购和施工口头的简化叫法
1588-1,1588,通风空调设备 > 空调设备 > 分散式空调系统（空调器）,category,分散式空调系统（空调器）,分体机,high,泛指所有分体式空调，是行业内对分体空调系统的统称
1588-1,1588,通风空调设备 > 空调设备 > 分散式空调系统（空调器）,category,分散式空调系统（空调器）,多联机,high,常用于指代多联机空调系统整体
1588-1,1588,通风空调设备 > 空调设备 > 分散式空调系统（空调器）,category,分散式空调系统（空调器）,VRV,high,变制冷剂流量系统，常作为多联机系统的代称
1588-1,1588,通风空调设备 > 空调设备 > 分散式空调系统（空调器）,category,分散式空调系统（空调器）,VRF,high,变制冷剂流量系统，常作为多联机系统的代称
1588-1,1588,通风空调设备 > 空调设备 > 分散式空调系统（空调器）,material,冷藏车空调,冷机,high,冷藏车制冷机组在行业内常被简称为冷机
1588-1,1588,通风空调设备 > 空调设备 > 分散式空调系统（空调器）,material,冷藏车空调,车载冷冻机,medium,强调其车载和冷冻功能
1588-1,1588,通风空调设备 > 空调设备 > 分散式空调系统（空调器）,material,分体台式空调器,柜机,medium,因其外形像柜子，现场多直接叫柜机
1588-1,1588,通风空调设备 > 空调设备 > 分散式空调系统（空调器）,material,分体吸顶式空调器,吸顶机,high,现场最常见的叫法
1588-1,1588,通风空调设备 > 空调设备 > 分散式空调系统（空调器）,material,分体吸顶式空调器,天花机,high,安装在吊顶内，常被称为天花机
1588-1,1588,通风空调设备 > 空调设备 > 分散式空调系统（空调器）,material,分体壁挂式空调器,挂机,high,现场采购和施工最普遍的叫法
1588-1,1588,通风空调设备 > 空调设备 > 分散式空调系统（空调器）,material,分体壁挂式空调器,壁挂机,high,全称的简化叫法
1588-1,1588,通风空调设备 > 空调设备 > 分散式空调系统（空调器）,material,分体嵌入式空调器,嵌入机,high,直接简称
1588-1,1588,通风空调设备 > 空调设备 > 分散式空调系统（空调器）,material,分体嵌入式空调器,天花机,medium,部分现场人员将天花内嵌的统称天花机
1588-1,1588,通风空调设备 > 空调设备 > 分散式空调系统（空调器）,material,分体柜式空调器,柜机,high,落地式柜形空调的最常见叫法
1588-1,1588,通风空调设备 > 空调设备 > 分散式空调系统（空调器）,material,分体柜式空调器,落地柜机,medium,强调落地形式的柜机
1588-1,1588,通风空调设备 > 空调设备 > 分散式空调系统（空调器）,material,分体空调室内机,内机,high,安装和采购中极常用的简称
1588-1,1588,通风空调设备 > 空调设备 > 分散式空调系统（空调器）,material,分体空调室外机,外机,high,安装和采购中极常用的简称
1588-1,1588,通风空调设备 > 空调设备 > 分散式空调系统（空调器）,material,分体空调室外机,主机,medium,在分体系统中室外机常被称为主机
1588-1,1588,通风空调设备 > 空调设备 > 分散式空调系统（空调器）,material,分体落地式空调器,落地机,high,直接简称
1588-1,1588,通风空调设备 > 空调设备 > 分散式空调系统（空调器）,material,分体落地式空调器,柜机,medium,落地式多为柜式外形
1588-1,1588,通风空调设备 > 空调设备 > 分散式空调系统（空调器）,material,卧式空调机组,卧式风柜,medium,带有风机和表冷器的卧式机组常称为风柜
1588-1,1588,通风空调设备 > 空调设备 > 分散式空调系统（空调器）,material,变频式空调,变频机,high,现场和销售通用的简称
1588-1,1588,通风空调设备 > 空调设备 > 分散式空调系统（空调器）,material,吊顶式空调机组,吊顶风柜,medium,吊顶安装的空气处理机组
1588-1,1588,通风空调设备 > 空调设备 > 分散式空调系统（空调器）,material,多联机空调室内机,多联内机,high,多联机系统室内机的现场简称
1588-1,1588,通风空调设备 > 空调设备 > 分散式空调系统（空调器）,material,多联机空调室外机,多联外机,high,多联机系统室外机的现场简称
1588-1,1588,通风空调设备 > 空调设备 > 分散式空调系统（空调器）,material,多联机空调室外机,大多联主机,medium,大型多联机室外机的俗称
1588-1,1588,通风空调设备 > 空调设备 > 分散式空调系统（空调器）,material,天井式室内机,天井机,high,直接简称
1588-1,1588,通风空调设备 > 空调设备 > 分散式空调系统（空调器）,material,客车空调机组,大巴空调,high,客车空调在行业内统称大巴空调
1588-1,1588,通风空调设备 > 空调设备 > 分散式空调系统（空调器）,material,客车空调机组,车用空调,medium,强调车辆用途
1588-1,1588,通风空调设备 > 空调设备 > 分散式空调系统（空调器）,material,家用中央空调,家装多联机,medium,家用中央空调多为多联机形式，销售端常用此叫法
1588-1,1588,通风空调设备 > 空调设备 > 分散式空调系统（空调器）,material,房车空调,房车专用空调,medium,销售和采购时为了区别于家用空调
1588-1,1588,通风空调设备 > 空调设备 > 分散式空调系统（空调器）,material,机房专用空调,精密空调,medium,机房专用空调常被称为精密空调
1588-1,1588,通风空调设备 > 空调设备 > 分散式空调系统（空调器）,material,电梯空调,电梯专用空调,medium,采购时强调专用属性
1588-1,1588,通风空调设备 > 空调设备 > 分散式空调系统（空调器）,material,空调室内机,内机,high,通用的简称
1588-1,1588,通风空调设备 > 空调设备 > 分散式空调系统（空调器）,material,空调室外机,外机,high,通用的简称
1588-1,1588,通风空调设备 > 空调设备 > 分散式空调系统（空调器）,material,窗式空调器,窗机,high,全行业的简称
1588-1,1588,通风空调设备 > 空调设备 > 分散式空调系统（空调器）,material,精密空调,恒温恒湿机,medium,强调其温湿度精确控制功能
1588-1,1588,通风空调设备 > 空调设备 > 分散式空调系统（空调器）,material,精密空调,机房空调,medium,精密空调主要用在机房场景
216-1,216,通风空调设备 > 通风设备 > 通风机,category,通风机,风机,high,通风机的简称
216-1,216,通风空调设备 > 通风设备 > 通风机,material,两用风机,送排两用风机,medium,兼具送风和排风功能的风机俗称
216-1,216,通风空调设备 > 通风设备 > 通风机,material,两用风机,双功能风机,low,施工现场对两种功能风机的通俗叫法
216-1,216,通风空调设备 > 通风设备 > 通风机,material,射流风机,诱导射流风机,medium,常用于诱导通风系统中的射流风机
216-1,216,通风空调设备 > 通风设备 > 通风机,material,屋顶风机,屋顶排风机,high,安装在屋顶主要用于排风的风机
216-1,216,通风空调设备 > 通风设备 > 通风机,material,屋顶风机,屋面风机,medium,屋顶的另一种常见叫法
216-1,216,通风空调设备 > 通风设备 > 通风机,material,屋顶风机,风帽,medium,屋顶风机的一种俗称，特别是在轴流式屋顶风机中
216-1,216,通风空调设备 > 通风设备 > 通风机,material,排风机,排风扇,high,小型排风机的通俗叫法
216-1,216,通风空调设备 > 通风设备 > 通风机,material,排风机,抽风机,high,侧重于抽吸功能的排风机
216-1,216,通风空调设备 > 通风设备 > 通风机,material,排风机,换气扇,medium,用于室内换气的小型排风机俗称
216-1,216,通风空调设备 > 通风设备 > 通风机,material,斜流式通风机,斜流风机,high,标准名称的简称
216-1,216,通风空调设备 > 通风设备 > 通风机,material,斜流式通风机,混斜流风机,low,介于混流和斜流之间的模糊叫法
216-1,216,通风空调设备 > 通风设备 > 通风机,material,柜式风机,柜式空调风机,medium,常用于空调系统中的柜式风机
216-1,216,通风空调设备 > 通风设备 > 通风机,material,柜式风机,箱式风机,medium,因其外形为箱柜状而得名
216-1,216,通风空调设备 > 通风设备 > 通风机,material,消防排烟风机,排烟风机,high,消防排烟风机的简称
216-1,216,通风空调设备 > 通风设备 > 通风机,material,消防排烟风机,烟气风机,medium,施工现场对排除烟气类风机的叫法
216-1,216,通风空调设备 > 通风设备 > 通风机,material,消防排烟风机,高温排烟风机,high,强调其耐高温的排烟特性
216-1,216,通风空调设备 > 通风设备 > 通风机,material,混流式通风机,混流风机,high,标准名称的简称
216-1,216,通风空调设备 > 通风设备 > 通风机,material,离心式通风机,离心风机,high,标准名称的简称
216-1,216,通风空调设备 > 通风设备 > 通风机,material,离心式通风机,多叶离心风机,medium,特指叶轮形式为多叶片的离心风机
216-1,216,通风空调设备 > 通风设备 > 通风机,material,管道式风机,管道风机,high,标准名称的简称
216-1,216,通风空调设备 > 通风设备 > 通风机,material,管道式风机,风管风机,medium,安装于风管中的风机
216-1,216,通风空调设备 > 通风设备 > 通风机,material,罗茨风机,罗茨鼓风机,high,罗茨风机常被称作鼓风机
216-1,216,通风空调设备 > 通风设备 > 通风机,material,罗茨风机,三叶罗茨风机,medium,特指转子的叶数
216-1,216,通风空调设备 > 通风设备 > 通风机,material,诱导风机,诱导器,medium,在空调通风系统中诱导风机的俗称
216-1,216,通风空调设备 > 通风设备 > 通风机,material,贯流式通风机,贯流风机,high,标准名称的简称
216-1,216,通风空调设备 > 通风设备 > 通风机,material,贯流式通风机,横流风机,high,贯流风机也称横流风机
216-1,216,通风空调设备 > 通风设备 > 通风机,material,轴流式通风机,轴流风机,high,标准名称的简称
216-1,216,通风空调设备 > 通风设备 > 通风机,material,轴流式通风机,风扇,medium,小型轴流风机的口语叫法
216-1,216,通风空调设备 > 通风设备 > 通风机,material,通风柜,通风橱,high,实验室等环境下的常用叫法
216-1,216,通风空调设备 > 通风设备 > 通风机,material,通风柜,排风柜,medium,侧重于排风功能的通风柜
216-1,216,通风空调设备 > 通风设备 > 通风机,material,静音风机,低噪音风机,medium,静音风机在参数描述上的同义词
216-1,216,通风空调设备 > 通风设备 > 通风机,material,静音风机,超静音风机,low,营销或采购中对静音效果更好的描述
216-1,216,通风空调设备 > 通风设备 > 通风机,material,风机箱,风扇箱,medium,由风扇和箱体组合而成的设备
1616-1,1616,通风空调设备 > 风管及风管部件 > 风帽,category,风帽,风罩,high,施工现场常将风帽称为风罩，尤其在防雨防虫场景下
1616-1,1616,通风空调设备 > 风管及风管部件 > 风帽,category,风帽,雨帽,medium,因主要功能为防雨，部分区域称雨帽
1616-1,1616,通风空调设备 > 风管及风管部件 > 风帽,category,风帽,烟囱帽,low,用于烟囱或排气管末端时口语统称
1616-1,1616,通风空调设备 > 风管及风管部件 > 风帽,material,不锈钢风帽,不锈钢防雨罩,medium,强调材质与防雨功能
1616-1,1616,通风空调设备 > 风管及风管部件 > 风帽,material,不锈钢风帽,不锈风帽,low,不锈钢简化简称
1616-1,1616,通风空调设备 > 风管及风管部件 > 风帽,material,伞形风帽,伞帽,high,外形像伞的简称
1616-1,1616,通风空调设备 > 风管及风管部件 > 风帽,material,伞形风帽,挡雨帽,medium,伞形主要功能挡雨
1616-1,1616,通风空调设备 > 风管及风管部件 > 风帽,material,方形风帽,方帽,high,方形风帽简称
1616-1,1616,通风空调设备 > 风管及风管部件 > 风帽,material,方形风帽,方型出风罩,low,强调方形和出口功能
1616-1,1616,通风空调设备 > 风管及风管部件 > 风帽,material,球形风帽,球帽,high,球形风帽简称
1616-1,1616,通风空调设备 > 风管及风管部件 > 风帽,material,球形风帽,球形旋转风帽,medium,部分球形可旋转排风
1616-1,1616,通风空调设备 > 风管及风管部件 > 风帽,material,球形风帽,无动力风帽,low,球形常用作无动力排风
1616-1,1616,通风空调设备 > 风管及风管部件 > 风帽,material,筒形风帽,筒帽,high,筒形风帽简称
1616-1,1616,通风空调设备 > 风管及风管部件 > 风帽,material,筒形风帽,圆筒风帽,medium,强调圆筒形状
1616-1,1616,通风空调设备 > 风管及风管部件 > 风帽,material,蘑菇形风帽,蘑菇头,high,外形像蘑菇的俗称
1616-1,1616,通风空调设备 > 风管及风管部件 > 风帽,material,蘑菇形风帽,蘑菇帽,medium,蘑菇与风帽结合叫法
1616-1,1616,通风空调设备 > 风管及风管部件 > 风帽,material,锥形风帽,锥帽,high,锥形风帽简称
1616-1,1616,通风空调设备 > 风管及风管部件 > 风帽,material,锥形风帽,尖顶风帽,medium,锥形顶部尖锐特征
1618-1,1618,通风空调设备 > 风管及风管部件 > 消声器,category,消声器,消音器,high,施工现场和采购中'声'与'音'混用非常普遍，常被称为消音器
1618-1,1618,通风空调设备 > 风管及风管部件 > 消声器,category,消声器,消声静压箱,medium,部分管式消声器或阻抗复合消声器在口语中常与消声静压箱叫法混淆，但属于范畴命名习惯
1618-1,1618,通风空调设备 > 风管及风管部件 > 消声器,material,微穿孔板消声器,微孔板消音器,high,口语省略'穿'字，并习惯用'消音器'替代'消声器'
1618-1,1618,通风空调设备 > 风管及风管部件 > 消声器,material,微穿孔板消声器,微孔消声器,high,进一步简化的俗称
1618-1,1618,通风空调设备 > 风管及风管部件 > 消声器,material,抗性消声器,抗式消音器,medium,施工现场'性'与'式'因方言或听写错误常混用，且惯用'消音'
1618-1,1618,通风空调设备 > 风管及风管部件 > 消声器,material,抗性消声器,膨胀消声器,medium,基于其内部膨胀腔原理的俗称
1618-1,1618,通风空调设备 > 风管及风管部件 > 消声器,material,排气喷流消声器,喷流消音器,medium,简化叫法，省略'排气'
1618-1,1618,通风空调设备 > 风管及风管部件 > 消声器,material,排气喷流消声器,排气消音器,high,因行业内习惯将消声统称为消音，省略喷流
1618-1,1618,通风空调设备 > 风管及风管部件 > 消声器,material,排气喷流消声器,排空消声器,low,当用于排气管出口时的特定叫法
1618-1,1618,通风空调设备 > 风管及风管部件 > 消声器,material,板式消声器,消音板,medium,施工现场依据外形和功能的直观简称
1618-1,1618,通风空调设备 > 风管及风管部件 > 消声器,material,消声弯头,消音弯头,high,约定俗成的混用叫法
1618-1,1618,通风空调设备 > 风管及风管部件 > 消声器,material,消声弯头,消声弯管,medium,部分地区木工或安装工的习惯叫法
1618-1,1618,通风空调设备 > 风管及风管部件 > 消声器,material,片式消声器,消声片,high,对片式消声器内部消声插片的指代，采购中常以此指代整台设备
1618-1,1618,通风空调设备 > 风管及风管部件 > 消声器,material,片式消声器,插片式消声器,medium,源于其内部吸声片可插拔的结构特征
1618-1,1618,通风空调设备 > 风管及风管部件 > 消声器,material,片式消声器,片式消音器,high,常规叫法替换
1618-1,1618,通风空调设备 > 风管及风管部件 > 消声器,material,百叶式消声器,消声百叶,high,极常见的采购俗称，通常指代百叶式结构
1618-1,1618,通风空调设备 > 风管及风管部件 > 消声器,material,百叶式消声器,消音百叶,high,行业通用俗称
1618-1,1618,通风空调设备 > 风管及风管部件 > 消声器,material,百叶式消声器,防雨消声百叶,low,当具备防雨功能时的复合叫法
1618-1,1618,通风空调设备 > 风管及风管部件 > 消声器,material,管式消声器,直管消音器,medium,依据外形特征（直管段）的习惯叫法
1618-1,1618,通风空调设备 > 风管及风管部件 > 消声器,material,阻性消声器,阻式消音器,medium,施工现场'性'与'式'的混用，并结合'消音'俗称
1618-1,1618,通风空调设备 > 风管及风管部件 > 消声器,material,阻抗复合消声器,阻抗复合消音器,high,直接的字面俗称替换
1618-1,1618,通风空调设备 > 风管及风管部件 > 消声器,material,阻抗复合消声器,复合消声器,high,行业内对阻抗复合式的通用简称
1618-1,1618,通风空调设备 > 风管及风管部件 > 消声器,material,阻抗复合消声器,复合式消音器,high,更口语化的叫法
1618-1,1618,通风空调设备 > 风管及风管部件 > 消声器,material,电子消声器,有源消声器,high,电子消声器的专业技术原理同名别称
1618-1,1618,通风空调设备 > 风管及风管部件 > 消声器,material,电子消声器,有源消音器,high,结合俗称后的专业叫法
1618-1,1618,通风空调设备 > 风管及风管部件 > 消声器,material,电子消声器,主动消声器,medium,相对于被动消声，口语或方案描述中常被称为主动消声
1617-1,1617,通风空调设备 > 风管及风管部件 > 风管罩,material,上下吸式圆形回转罩,天地吸气臂,medium,上下吸功能结合圆形罩与回转臂，现场常简称天地吸气臂
1617-1,1617,通风空调设备 > 风管及风管部件 > 风管罩,material,上吸式侧吸罩,顶吸罩,high,上吸式常被称作顶吸罩
1617-1,1617,通风空调设备 > 风管及风管部件 > 风管罩,material,下吸式侧吸罩,底吸罩,high,下吸式在施工中常叫底吸罩
1617-1,1617,通风空调设备 > 风管及风管部件 > 风管罩,material,升降式回转排气罩,升降吸气臂,medium,升降加回转功能，现场多用升降吸气臂称呼
1617-1,1617,通风空调设备 > 风管及风管部件 > 风管罩,material,升降式排气罩,升降罩,high,施工现场简称升降罩
1617-1,1617,通风空调设备 > 风管及风管部件 > 风管罩,material,手锻炉排气罩,打铁炉排烟罩,medium,手锻炉俗称打铁炉，配套排烟罩因此得名
1617-1,1617,通风空调设备 > 风管及风管部件 > 风管罩,material,暖气罩,散热器罩,high,暖气片也称散热器，外罩相应叫做散热器罩
1617-1,1617,通风空调设备 > 风管及风管部件 > 风管罩,material,电动机防雨罩,电机防雨罩,high,电动机简称电机，施工中常说电机防雨罩
1617-1,1617,通风空调设备 > 风管及风管部件 > 风管罩,material,皮带防护罩,皮带罩,high,采购和施工现场常简称为皮带罩
1617-1,1617,通风空调设备 > 风管及风管部件 > 风管罩,material,空调罩,空调外机罩,high,通常指室外空调机的保护罩
1617-1,1617,通风空调设备 > 风管及风管部件 > 风管罩,material,通风罩,风帽,medium,通风罩在屋面或管道末端常叫作风帽
1617-1,1617,通风空调设备 > 风管及风管部件 > 风管罩,material,采光罩,采光顶罩,medium,安装于屋顶的采光罩常被称为采光顶罩
1617-1,1617,通风空调设备 > 风管及风管部件 > 风管罩,material,防火罩,防火风帽,medium,通风系统中具备防火功能的罩常与风帽连称为防火风帽
1615-1,1615,通风空调设备 > 风管及风管部件 > 风管、风道,category,风管、风道,通风管道,high,施工现场对风管、风道系统的统称
1615-1,1615,通风空调设备 > 风管及风管部件 > 风管、风道,category,风管、风道,风管路,medium,老一辈施工员对风管线路的口语叫法
1615-1,1615,通风空调设备 > 风管及风管部件 > 风管、风道,material,PVC软管,塑料软接,medium,常用于风机进出口的PVC软连接
1615-1,1615,通风空调设备 > 风管及风管部件 > 风管、风道,material,PVC软管,PVC通风管,medium,强调材质的通俗叫法
1615-1,1615,通风空调设备 > 风管及风管部件 > 风管、风道,material,共板金属风管,共板法兰风管,high,因其法兰与风管共为一体成型得名
1615-1,1615,通风空调设备 > 风管及风管部件 > 风管、风道,material,共板金属风管,联体法兰风管,medium,描述其法兰形式
1615-1,1615,通风空调设备 > 风管及风管部件 > 风管、风道,material,双面铝箔玻纤软管,消音软管,high,玻纤材质的主要功能特征
1615-1,1615,通风空调设备 > 风管及风管部件 > 风管、风道,material,双面铝箔玻纤软管,铝箔保温管,medium,采购中常简化的叫法
1615-1,1615,通风空调设备 > 风管及风管部件 > 风管、风道,material,变压式排气道,变压板烟道,high,内部设有变压板构件的厨房烟道
1615-1,1615,通风空调设备 > 风管及风管部件 > 风管、风道,material,变压式排气道,变压式风道,medium,住宅厨卫排气道通用名称
1615-1,1615,通风空调设备 > 风管及风管部件 > 风管、风道,material,引射导流式通风道,导流式烟道,high,侧重于排油烟功能的简称
1615-1,1615,通风空调设备 > 风管及风管部件 > 风管、风道,material,引射导流式通风道,射流排气道,low,描述其引射原理
1615-1,1615,通风空调设备 > 风管及风管部件 > 风管、风道,material,法兰金属风管,角钢法兰风管,high,最常见的是角钢法兰连接形式
1615-1,1615,通风空调设备 > 风管及风管部件 > 风管、风道,material,法兰金属风管,铁皮风管,medium,对镀锌钢板风管的俗称，常为法兰连接
1615-1,1615,通风空调设备 > 风管及风管部件 > 风管、风道,material,玻纤布波纹管,玻纤布软接,high,施工现场对软连接波纹管的简称
1615-1,1615,通风空调设备 > 风管及风管部件 > 风管、风道,material,玻纤布波纹管,帆布软管,medium,因玻纤布外观类似帆布
1615-1,1615,通风空调设备 > 风管及风管部件 > 风管、风道,material,硅玻钛金保温软管,防火保温软管,high,强调其防火和保温双重功能
1615-1,1615,通风空调设备 > 风管及风管部件 > 风管、风道,material,硅纤钛金不燃保温软管,A级不燃软管,medium,强调不燃等级的口语叫法
1615-1,1615,通风空调设备 > 风管及风管部件 > 风管、风道,material,硅酸钛金不燃软管,钛金软管,high,材料名的简略俗名
1615-1,1615,通风空调设备 > 风管及风管部件 > 风管、风道,material,硅酸钛金不燃软管,不燃软接,high,消防排烟常用叫法
1615-1,1615,通风空调设备 > 风管及风管部件 > 风管、风道,material,硅钛合金防火软管,硅钛软管,high,材料名的简略俗名
1615-1,1615,通风空调设备 > 风管及风管部件 > 风管、风道,material,硅钛合金防火软管,防火软接,high,强调防火功能的施工现场叫法
1615-1,1615,通风空调设备 > 风管及风管部件 > 风管、风道,material,钢丝网水泥排气道,水泥烟道,high,最通用的施工现场简称
1615-1,1615,通风空调设备 > 风管及风管部件 > 风管、风道,material,钢丝网水泥排气道,钢网烟道,medium,强化钢丝网骨架特征
1615-1,1615,通风空调设备 > 风管及风管部件 > 风管、风道,material,铝箔波纹管,锡箔软管,high,早期对铝箔材质的错误称呼延续至今
1615-1,1615,通风空调设备 > 风管及风管部件 > 风管、风道,material,铝箔波纹管,铝箔伸缩管,medium,描述其可伸缩波纹结构
1615-1,1615,通风空调设备 > 风管及风管部件 > 风管、风道,material,铝箔玻璃棉软管,保温软管,high,最常用的采购名称
1615-1,1615,通风空调设备 > 风管及风管部件 > 风管、风道,material,铝箔玻璃棉软管,消音保温管,medium,兼具消音功能的复合叫法
1615-1,1615,通风空调设备 > 风管及风管部件 > 风管、风道,material,铝箔软管,铝箔风管,medium,相对于波纹管更普遍的统称
1615-1,1615,通风空调设备 > 风管及风管部件 > 风管、风道,material,铝箔软管,锡纸管,low,非正规口语叫法
1615-1,1615,通风空调设备 > 风管及风管部件 > 风管、风道,material,风筒,风机筒,high,常指风机直连的圆形风管
1615-1,1615,通风空调设备 > 风管及风管部件 > 风管、风道,material,风筒,风管直筒,medium,区别于附件的直管段
1615-1,1615,通风空调设备 > 风管及风管部件 > 风管、风道,material,风管板,酚醛风板,high,常见复合风管板材材质简称
1615-1,1615,通风空调设备 > 风管及风管部件 > 风管、风道,material,风管板,复合风管板材,medium,全称的口语化缩减
82-1,82,通风空调设备 > 风管及风管部件 > 风管调节阀,category,风管调节阀,风阀,high,风管各种调节阀、防火阀的总称，施工现场口头简称
82-1,82,通风空调设备 > 风管及风管部件 > 风管调节阀,category,风管调节阀,调节阀,medium,风管调节类阀门的统称
82-1,82,通风空调设备 > 风管及风管部件 > 风管调节阀,material,定风量阀,CAV阀,high,英文Constant Air Volume缩写，暖通设计采购常用
82-1,82,通风空调设备 > 风管及风管部件 > 风管调节阀,material,定风量阀,定风量调节器,medium,行业内全称叫法
82-1,82,通风空调设备 > 风管及风管部件 > 风管调节阀,material,对开多叶调节阀,多叶阀,high,施工现场口语简称
82-1,82,通风空调设备 > 风管及风管部件 > 风管调节阀,material,对开多叶调节阀,对开阀,medium,强调对开结构特点的口语简称
82-1,82,通风空调设备 > 风管及风管部件 > 风管调节阀,material,对开多叶调节阀,多叶调节阀,medium,去掉对开二字的简化叫法
82-1,82,通风空调设备 > 风管及风管部件 > 风管调节阀,material,手柄式蝶阀,手柄蝶阀,high,施工现场口语简化叫法
82-1,82,通风空调设备 > 风管及风管部件 > 风管调节阀,material,手柄式蝶阀,手扳阀,low,因操作方式为手扳动而得名
82-1,82,通风空调设备 > 风管及风管部件 > 风管调节阀,material,拉链式蝶阀,拉链阀,high,施工现场口语简称
82-1,82,通风空调设备 > 风管及风管部件 > 风管调节阀,material,排烟阀,排烟口,medium,安装于排烟口位置时常被混称
82-1,82,通风空调设备 > 风管及风管部件 > 风管调节阀,material,排烟阀,板式排烟口,low,当结构为板式时采购常用名
82-1,82,通风空调设备 > 风管及风管部件 > 风管调节阀,material,排烟防火阀,280度阀,high,以280摄氏度动作温度命名，行业内通称
82-1,82,通风空调设备 > 风管及风管部件 > 风管调节阀,material,排烟防火阀,排烟防火,medium,施工现场口语省略简称
82-1,82,通风空调设备 > 风管及风管部件 > 风管调节阀,material,电动阀门,电动风阀,high,电动阀门在风管上的专指叫法
82-1,82,通风空调设备 > 风管及风管部件 > 风管调节阀,material,电动阀门,电动执行器阀,medium,采购时强调带电动的执行机构
82-1,82,通风空调设备 > 风管及风管部件 > 风管调节阀,material,简易熔断式防火阀,熔断阀,high,施工现场及采购常用简称
82-1,82,通风空调设备 > 风管及风管部件 > 风管调节阀,material,简易熔断式防火阀,70度阀,medium,以熔断温度命名，常用于防烟系统
82-1,82,通风空调设备 > 风管及风管部件 > 风管调节阀,material,自垂式余压阀,余压阀,high,省略自垂式，口语简称
82-1,82,通风空调设备 > 风管及风管部件 > 风管调节阀,material,自垂式余压阀,自垂阀,medium,强调重锤自垂原理的口语叫法
82-1,82,通风空调设备 > 风管及风管部件 > 风管调节阀,material,自垂式余压阀,压差阀,low,以其维持压差的作用命名
82-1,82,通风空调设备 > 风管及风管部件 > 风管调节阀,material,远控排烟防火阀,远控阀,medium,施工现场口语简称
82-1,82,通风空调设备 > 风管及风管部件 > 风管调节阀,material,重锤式余压阀,重锤阀,high,施工现场口语简称
82-1,82,通风空调设备 > 风管及风管部件 > 风管调节阀,material,重锤式余压阀,余压阀,high,该类功能阀门的统称
82-1,82,通风空调设备 > 风管及风管部件 > 风管调节阀,material,防火调节阀,防火调阀,medium,施工现场口语简洁叫法
82-1,82,通风空调设备 > 风管及风管部件 > 风管调节阀,material,防火阀,FD,medium,采购清单常用英文缩写
82-1,82,通风空调设备 > 风管及风管部件 > 风管调节阀,material,防火阀,70度防火阀,high,常与70度熔断功能绑定叫法
82-1,82,通风空调设备 > 风管及风管部件 > 风管调节阀,material,防烟防火阀,防烟阀,medium,施工现场口语省略简称
82-1,82,通风空调设备 > 风管及风管部件 > 风管调节阀,material,风管三通调节阀,三通阀,high,施工现场口语简称
82-1,82,通风空调设备 > 风管及风管部件 > 风管调节阀,material,风管三通调节阀,三通拉杆阀,low,部分利用拉杆调节的风阀俗称
82-1,82,通风空调设备 > 风管及风管部件 > 风管调节阀,material,风管止回阀,止回阀,high,去掉风管限定词的口语简称
82-1,82,通风空调设备 > 风管及风管部件 > 风管调节阀,material,风管止回阀,单向阀,medium,以功能命名的同义别称
82-1,82,通风空调设备 > 风管及风管部件 > 风管调节阀,material,风管止回阀,逆止阀,medium,防止逆流的专业别称
82-1,82,通风空调设备 > 风管及风管部件 > 风管调节阀,material,风量调节阀,调风阀,medium,施工现场口语简称
82-1,82,通风空调设备 > 风管及风管部件 > 风管调节阀,material,风量调节阀,风量阀,medium,采购清单简化叫法
94-1,94,道路桥梁专用材料 > 其他交通设施 > 其他交通设施,material,43珠道钉,反光道钉,medium,道钉的通用俗称，强调反光功能
94-1,94,道路桥梁专用材料 > 其他交通设施 > 其他交通设施,material,43珠道钉,猫眼道钉,low,因反光效果像猫眼而得名
94-1,94,道路桥梁专用材料 > 其他交通设施 > 其他交通设施,material,EVA圆锥,EVA路锥,high,圆锥的行业通用叫法
94-1,94,道路桥梁专用材料 > 其他交通设施 > 其他交通设施,material,EVA圆锥,雪糕筒,high,因形状类似雪糕筒而得名，通用俗称
94-1,94,道路桥梁专用材料 > 其他交通设施 > 其他交通设施,material,EVA方锥,方路锥,medium,方形路锥的简称
94-1,94,道路桥梁专用材料 > 其他交通设施 > 其他交通设施,material,EVA防压路椎,防压路锥,medium,去掉材质名的简称
94-1,94,道路桥梁专用材料 > 其他交通设施 > 其他交通设施,material,EVA防压路椎,弹力路锥,low,强调EVA材质的回弹、防压碎特性
94-1,94,道路桥梁专用材料 > 其他交通设施 > 其他交通设施,material,PE车轮定位器,PE挡车器,high,车轮定位器的通用别称
94-1,94,道路桥梁专用材料 > 其他交通设施 > 其他交通设施,material,PE车轮定位器,PE定位墩,medium,因外形为墩状且起定位作用
94-1,94,道路桥梁专用材料 > 其他交通设施 > 其他交通设施,material,PVC线槽板,PVC过线桥,high,施工现场对线槽板的常见叫法，强调保护线缆过路
94-1,94,道路桥梁专用材料 > 其他交通设施 > 其他交通设施,material,PVC线槽板,橡胶线槽,medium,早期多用橡胶材质，习惯性叫法延续到PVC材质上
94-1,94,道路桥梁专用材料 > 其他交通设施 > 其他交通设施,material,PVC车轮定位器,PVC挡车器,high,挡车器是车轮定位器的通用别称
94-1,94,道路桥梁专用材料 > 其他交通设施 > 其他交通设施,material,PVC车轮定位器,倒车垫,low,口语叫法中强调倒车时车轮碰到的作用
94-1,94,道路桥梁专用材料 > 其他交通设施 > 其他交通设施,material,丁腈橡胶车轮定位器,橡胶挡车器,high,省去具体材质泛称橡胶，挡车器为通用别称
94-1,94,道路桥梁专用材料 > 其他交通设施 > 其他交通设施,material,丁腈橡胶车轮定位器,防撞定位器,low,俗称，强调防撞定位功能
94-1,94,道路桥梁专用材料 > 其他交通设施 > 其他交通设施,material,三角架,三脚架,medium,口语中常加量词‘脚’
94-1,94,道路桥梁专用材料 > 其他交通设施 > 其他交通设施,material,不锈钢盲道,不锈钢盲道板,high,施工现场通常指预制的板材
94-1,94,道路桥梁专用材料 > 其他交通设施 > 其他交通设施,material,不锈钢盲道,金属盲道,medium,以材质分类时的统称
94-1,94,道路桥梁专用材料 > 其他交通设施 > 其他交通设施,material,中心分割线,中心线,high,行业通用简称
94-1,94,道路桥梁专用材料 > 其他交通设施 > 其他交通设施,material,临时车位标线,临停车位线,medium,口语化简略叫法
94-1,94,道路桥梁专用材料 > 其他交通设施 > 其他交通设施,material,交通信号灯,红绿灯,high,最通用的俗称
94-1,94,道路桥梁专用材料 > 其他交通设施 > 其他交通设施,material,人行道线,斑马线,medium,虽然斑马线特指人行横道线，但在口语中常混用指代人行道标线
94-1,94,道路桥梁专用材料 > 其他交通设施 > 其他交通设施,material,仿真警车,假警车,high,工地/路口的直接俗称
94-1,94,道路桥梁专用材料 > 其他交通设施 > 其他交通设施,material,仿真警车,模型警车,medium,强调其为模型
94-1,94,道路桥梁专用材料 > 其他交通设施 > 其他交通设施,material,企口彩钢,企口板,medium,施工现场对企口彩钢板的简称
94-1,94,道路桥梁专用材料 > 其他交通设施 > 其他交通设施,material,伸缩杆,伸缩棒,medium,口语叫法，常指手持或简单支撑用的杆件
94-1,94,道路桥梁专用材料 > 其他交通设施 > 其他交通设施,material,伸缩装置,伸缩缝,medium,在交通设施（如桥梁）语境下，伸缩装置通常指伸缩缝
94-1,94,道路桥梁专用材料 > 其他交通设施 > 其他交通设施,material,保通机器人,摇旗机器人,low,因这类设备常具备摇旗功能而得此俗称
94-1,94,道路桥梁专用材料 > 其他交通设施 > 其他交通设施,material,信号按钮,过街按钮,high,在交通语境下特指行人过街信号灯按钮
94-1,94,道路桥梁专用材料 > 其他交通设施 > 其他交通设施,material,信号按钮,请求按钮,medium,行业技术术语的口语化
94-1,94,道路桥梁专用材料 > 其他交通设施 > 其他交通设施,material,信号控制机,信号机,high,行业通用简称
94-1,94,道路桥梁专用材料 > 其他交通设施 > 其他交通设施,material,信号控制机,红绿灯控制箱,medium,外勤或施工现场的通俗叫法
94-1,94,道路桥梁专用材料 > 其他交通设施 > 其他交通设施,material,信号灯倒计时器,倒计时牌,high,通俗叫法
94-1,94,道路桥梁专用材料 > 其他交通设施 > 其他交通设施,material,信号灯倒计时器,读秒器,high,强调其显示秒数读数的功能
94-3,94,道路桥梁专用材料 > 其他交通设施 > 其他交通设施,material,围杆,护栏柱,high,用于支撑围网或护栏的立柱，现场口语常称护栏柱
94-3,94,道路桥梁专用材料 > 其他交通设施 > 其他交通设施,material,围网,隔离网,high,围网的核心功能是隔离，常直接叫隔离网
94-3,94,道路桥梁专用材料 > 其他交通设施 > 其他交通设施,material,围网,防护网,medium,在施工围挡语境下常称为防护网
94-3,94,道路桥梁专用材料 > 其他交通设施 > 其他交通设施,material,固定标牌吊架,标牌支架,high,安装标牌的固定架，现场简称标牌支架
94-3,94,道路桥梁专用材料 > 其他交通设施 > 其他交通设施,material,固定标牌吊架,吊装码,low,部分市场将此类固定构件俗称为吊装码或管码
94-3,94,道路桥梁专用材料 > 其他交通设施 > 其他交通设施,material,固定铝槽夹马,铝槽码,medium,铝槽固定用的夹马，简称铝槽码
94-3,94,道路桥梁专用材料 > 其他交通设施 > 其他交通设施,material,固定铝槽夹马,槽铝夹片,low,描述性演变而来的俗称
94-3,94,道路桥梁专用材料 > 其他交通设施 > 其他交通设施,material,圆弧形护角,圆护角,high,圆弧形护角的简称
94-3,94,道路桥梁专用材料 > 其他交通设施 > 其他交通设施,material,圆弧形护角,防撞护角,high,主要功能是防撞，常统称为防撞护角
94-3,94,道路桥梁专用材料 > 其他交通设施 > 其他交通设施,material,地桩锁,车位锁,high,地桩锁主要用于占车位，通称车位锁
94-3,94,道路桥梁专用材料 > 其他交通设施 > 其他交通设施,material,地界,界桩,high,地界的实体形式，俗称界桩
94-3,94,道路桥梁专用材料 > 其他交通设施 > 其他交通设施,material,地面标识,地标,high,地面标识的简称，施工现场高频使用
94-3,94,道路桥梁专用材料 > 其他交通设施 > 其他交通设施,material,地面标识,地面标线,medium,当以线条形式存在时，常混称为地面标线
94-3,94,道路桥梁专用材料 > 其他交通设施 > 其他交通设施,material,坡度标,坡度指示牌,medium,在施工现场常被完整描述为指示牌
94-3,94,道路桥梁专用材料 > 其他交通设施 > 其他交通设施,material,坡道墙裙,坡道护墙,low,坡道下方的墙裙，常被称作护墙或挡墙
94-3,94,道路桥梁专用材料 > 其他交通设施 > 其他交通设施,material,塑料减速带,减速垄,high,减速带的标准术语之一，现场通用
94-3,94,道路桥梁专用材料 > 其他交通设施 > 其他交通设施,material,塑料减速带,减速板,medium,部分施工队口语说法
94-3,94,道路桥梁专用材料 > 其他交通设施 > 其他交通设施,material,塑料圆锥,锥桶,high,塑料圆锥筒的统称
94-3,94,道路桥梁专用材料 > 其他交通设施 > 其他交通设施,material,塑料圆锥,雪糕筒,high,锥形路障的行业俗称
94-3,94,道路桥梁专用材料 > 其他交通设施 > 其他交通设施,material,塑料圆锥,路锥,high,塑料圆锥的通用简称
94-3,94,道路桥梁专用材料 > 其他交通设施 > 其他交通设施,material,塑料定位器,车轮挡,high,塑料定位器主要用于阻挡车轮，俗称车轮挡
94-3,94,道路桥梁专用材料 > 其他交通设施 > 其他交通设施,material,塑料定位器,定车器,medium,定位车辆的简称
94-3,94,道路桥梁专用材料 > 其他交通设施 > 其他交通设施,material,塑料定位器,止退器,low,防止车辆后退的俗称
94-3,94,道路桥梁专用材料 > 其他交通设施 > 其他交通设施,material,塑料方锥,方锥筒,high,方形锥桶的简称
94-3,94,道路桥梁专用材料 > 其他交通设施 > 其他交通设施,material,塑料方锥,安全方锥,medium,在安全设施语境下的叫法
94-3,94,道路桥梁专用材料 > 其他交通设施 > 其他交通设施,material,塑料路钉,反光路钉,medium,路钉通常具有反光功能，习惯加反光前缀
94-3,94,道路桥梁专用材料 > 其他交通设施 > 其他交通设施,material,塑料路钉,塑料道钉,medium,塑料路钉与塑料道钉在口语中常混用
94-3,94,道路桥梁专用材料 > 其他交通设施 > 其他交通设施,material,塑料路锥,锥桶,high,锥桶的通用叫法
94-3,94,道路桥梁专用材料 > 其他交通设施 > 其他交通设施,material,塑料路锥,雪糕筒,high,行业俗称
94-3,94,道路桥梁专用材料 > 其他交通设施 > 其他交通设施,material,塑料道钉,反光道钉,high,通常带有反光片，习惯称反光道钉
94-3,94,道路桥梁专用材料 > 其他交通设施 > 其他交通设施,material,塑料道钉,猫眼,high,道钉的行业俗称，特别是反光效果好的
94-3,94,道路桥梁专用材料 > 其他交通设施 > 其他交通设施,material,塑料道钉,路钉,high,塑料道钉的简称
94-3,94,道路桥梁专用材料 > 其他交通设施 > 其他交通设施,material,墙裙,踢脚线,medium,在道路附属设施中，墙裙有时被口语化为踢脚或踢脚线
94-3,94,道路桥梁专用材料 > 其他交通设施 > 其他交通设施,material,墙裙,护墙板,low,在坡道或通道场景下的通俗叫法
94-3,94,道路桥梁专用材料 > 其他交通设施 > 其他交通设施,material,墙角保护器,护角条,high,墙角保护器的通用俗称
94-3,94,道路桥梁专用材料 > 其他交通设施 > 其他交通设施,material,墙角保护器,防撞条,medium,粘贴或安装在墙角的保护条，常统称防撞条
94-3,94,道路桥梁专用材料 > 其他交通设施 > 其他交通设施,material,太阳能导向灯,太阳能诱导标,medium,导向灯的功能类似诱导标
94-3,94,道路桥梁专用材料 > 其他交通设施 > 其他交通设施,material,太阳能导向灯,太阳能指示牌,low,在方向引导时口语常称指示牌
94-3,94,道路桥梁专用材料 > 其他交通设施 > 其他交通设施,material,太阳能爆闪灯,太阳能警示灯,high,爆闪灯属于警示灯的一种
94-3,94,道路桥梁专用材料 > 其他交通设施 > 其他交通设施,material,太阳能爆闪灯,爆闪灯,high,施工现场简称
94-3,94,道路桥梁专用材料 > 其他交通设施 > 其他交通设施,material,太阳能诱导灯,诱导标,high,诱导灯的标准简称
94-3,94,道路桥梁专用材料 > 其他交通设施 > 其他交通设施,material,太阳能闪灯,太阳能警示灯,high,闪灯通称警示灯
94-3,94,道路桥梁专用材料 > 其他交通设施 > 其他交通设施,material,太阳能闪灯,太阳能黄闪灯,medium,如果闪烁黄光，常被称为黄闪灯
94-3,94,道路桥梁专用材料 > 其他交通设施 > 其他交通设施,material,安全保护区,安全岛,medium,在道路语境下的安全区域俗称安全岛
94-3,94,道路桥梁专用材料 > 其他交通设施 > 其他交通设施,material,安全保护区,防撞缓冲区,low,在护栏端头等区域常被工程人员称为防撞缓冲区
94-2,94,道路桥梁专用材料 > 其他交通设施 > 其他交通设施,material,假警察,仿真警察,high,模拟警察形象的设施，行业内常称为仿真警察
94-2,94,道路桥梁专用材料 > 其他交通设施 > 其他交通设施,material,假警察,太阳能假警察,medium,常见一体化产品，施工现场常直接称为太阳能假警察
94-2,94,道路桥梁专用材料 > 其他交通设施 > 其他交通设施,material,停字牌,让行标牌,low,视具体形状，有时口语中把停和让行标牌统称
94-2,94,道路桥梁专用材料 > 其他交通设施 > 其他交通设施,material,全铝道钉,铸铝道钉,high,全铝工艺即为铸造，采购时常称铸铝道钉
94-2,94,道路桥梁专用材料 > 其他交通设施 > 其他交通设施,material,全铝道钉,铝反光道钉,medium,突出铝材质和反光功能的口语叫法
94-2,94,道路桥梁专用材料 > 其他交通设施 > 其他交通设施,material,公路界,公路界碑,high,公路用地边界标识，常称为公路界碑
94-2,94,道路桥梁专用材料 > 其他交通设施 > 其他交通设施,material,公路界,界桩,high,公路两侧埋设的边界桩，俗称界桩
94-2,94,道路桥梁专用材料 > 其他交通设施 > 其他交通设施,material,公里标,里程牌,high,标示道路里程的标牌，俗称里程牌
94-2,94,道路桥梁专用材料 > 其他交通设施 > 其他交通设施,material,公里标,公里碑,medium,早期多为石碑，现仍沿用公里碑的叫法
94-2,94,道路桥梁专用材料 > 其他交通设施 > 其他交通设施,material,公里标,K标,low,施工单位对公里标的口语简称
94-2,94,道路桥梁专用材料 > 其他交通设施 > 其他交通设施,material,减速带,减速垄,high,交通工程专业及采购中非常常见的同义名称
94-2,94,道路桥梁专用材料 > 其他交通设施 > 其他交通设施,material,减速带,橡胶减速带,high,最常见的材质，采购时多直接叫橡胶减速带
94-2,94,道路桥梁专用材料 > 其他交通设施 > 其他交通设施,material,减速带,道钉减速带,low,口语中有时把块状减速带与道钉混淆叫法
94-2,94,道路桥梁专用材料 > 其他交通设施 > 其他交通设施,material,减速带端头,减速带半圆头,high,减速带两端的半圆形收头件，施工现场直称半圆头
94-2,94,道路桥梁专用材料 > 其他交通设施 > 其他交通设施,material,减速带端头,减速垄端盖,medium,与减速垄配套，称为端盖
94-2,94,道路桥梁专用材料 > 其他交通设施 > 其他交通设施,material,减速路拱,驼峰式减速带,high,路拱形状类似驼峰，业内常称驼峰式减速带
94-2,94,道路桥梁专用材料 > 其他交通设施 > 其他交通设施,material,减速路拱,圆弧减速带,medium,截面为圆弧形，现场口语称圆弧减速带
94-2,94,道路桥梁专用材料 > 其他交通设施 > 其他交通设施,material,减速震荡线,震荡标线,high,最常见的专业及施工叫法
94-2,94,道路桥梁专用材料 > 其他交通设施 > 其他交通设施,material,减速震荡线,噪音带,medium,碾压时产生震动和噪音，俗称噪音带
94-2,94,道路桥梁专用材料 > 其他交通设施 > 其他交通设施,material,出入口龙门架,龙门架,high,施工现场口语简称
94-2,94,道路桥梁专用材料 > 其他交通设施 > 其他交通设施,material,出入口龙门架,车道龙门架,medium,特指横跨车道的门型架
94-2,94,道路桥梁专用材料 > 其他交通设施 > 其他交通设施,material,分区漆,区域标线漆,medium,用于区分不同功能区域，采购中可能称为区域标线漆
94-2,94,道路桥梁专用材料 > 其他交通设施 > 其他交通设施,material,分岔箭头,导流箭头,medium,指示分岔行驶方向，口语称导流箭头
94-2,94,道路桥梁专用材料 > 其他交通设施 > 其他交通设施,material,分道体,隔离墩,high,用于分隔车道的设施，俗称隔离墩
94-2,94,道路桥梁专用材料 > 其他交通设施 > 其他交通设施,material,分道体,水马,high,常见注水式分道体，施工方经常直接叫水马
94-2,94,道路桥梁专用材料 > 其他交通设施 > 其他交通设施,material,分道体,防撞桶,high,圆柱形分道体，俗称防撞桶
94-2,94,道路桥梁专用材料 > 其他交通设施 > 其他交通设施,material,分道体,弹力柱,medium,弹性材质分道柱，俗称弹力柱
94-2,94,道路桥梁专用材料 > 其他交通设施 > 其他交通设施,material,半公里标,五百米标,medium,半公里即为500米，常在现场称为五百米标
94-2,94,道路桥梁专用材料 > 其他交通设施 > 其他交通设施,material,单立柱,单悬臂立柱,high,交通标志结构术语，简称单立柱
94-2,94,道路桥梁专用材料 > 其他交通设施 > 其他交通设施,material,双色人字形减速带,双色人字垄,medium,施工现场简化的口语叫法
94-2,94,道路桥梁专用材料 > 其他交通设施 > 其他交通设施,material,反光柱,反光立柱,high,同义扩展叫法
94-2,94,道路桥梁专用材料 > 其他交通设施 > 其他交通设施,material,反光柱,诱导柱,medium,用于视线诱导，常称诱导柱
94-2,94,道路桥梁专用材料 > 其他交通设施 > 其他交通设施,material,反光背心,反光马甲,high,最常见的俗称
94-2,94,道路桥梁专用材料 > 其他交通设施 > 其他交通设施,material,反光背心,安全背心,high,施工现场经常统称为安全背心
94-2,94,道路桥梁专用材料 > 其他交通设施 > 其他交通设施,material,反光背心,荧光衣,medium,基于反光材料的荧光效果，俗称荧光衣
94-2,94,道路桥梁专用材料 > 其他交通设施 > 其他交通设施,material,反光衣,反光服,high,与反光衣同义，采购中也常用
94-2,94,道路桥梁专用材料 > 其他交通设施 > 其他交通设施,material,反光衣,警示服,medium,突出其警示功能的口语叫法
94-2,94,道路桥梁专用材料 > 其他交通设施 > 其他交通设施,material,反光道钉,猫眼,high,最经典、最普遍的俗称
94-2,94,道路桥梁专用材料 > 其他交通设施 > 其他交通设施,material,反光道钉,突起路标,high,国家标准中的术语，采购也常用
94-2,94,道路桥梁专用材料 > 其他交通设施 > 其他交通设施,material,反光道钉,反光路标,medium,省略'突起'的口语叫法
94-2,94,道路桥梁专用材料 > 其他交通设施 > 其他交通设施,material,反恐路障,防冲撞路障,high,功能性的同义名称，用于防止车辆冲撞
94-2,94,道路桥梁专用材料 > 其他交通设施 > 其他交通设施,material,反恐路障,破胎器,low,常见反恐路障形式，但不等同
94-2,94,道路桥梁专用材料 > 其他交通设施 > 其他交通设施,material,含标线减速带,标线型减速带,high,采用标线涂料施划的减速带，俗称标线型减速带
94-2,94,道路桥梁专用材料 > 其他交通设施 > 其他交通设施,material,含标线减速带,热熔减速带,medium,采用热熔标线工艺，采购时常称为热熔减速带
94-2,94,道路桥梁专用材料 > 其他交通设施 > 其他交通设施,material,吸盘式车轮锁,吸盘锁,high,施工现场简称吸盘锁
94-2,94,道路桥梁专用材料 > 其他交通设施 > 其他交通设施,material,吸盘式车轮锁,吸盘式锁车器,medium,全称叫法
94-2,94,道路桥梁专用材料 > 其他交通设施 > 其他交通设施,material,告示锥,锥桶,high,施工现场最常用叫法
94-2,94,道路桥梁专用材料 > 其他交通设施 > 其他交通设施,material,告示锥,雪糕筒,high,因形似雪糕筒，为极其普遍的俗称
94-2,94,道路桥梁专用材料 > 其他交通设施 > 其他交通设施,material,告示锥,交通锥,high,交通工程的通用简称
94-2,94,道路桥梁专用材料 > 其他交通设施 > 其他交通设施,material,四线槽减速带,四线减速垄,medium,带四个线槽的减速带，简称为四线减速垄
94-4,94,道路桥梁专用材料 > 其他交通设施 > 其他交通设施,material,宣传栏,公告栏,high,用于公示宣传，常被称为公告栏
94-4,94,道路桥梁专用材料 > 其他交通设施 > 其他交通设施,material,宣传栏,布告栏,medium,早期多用于张贴布告
94-4,94,道路桥梁专用材料 > 其他交通设施 > 其他交通设施,material,宣传栏,信息栏,medium,发布信息的设施
94-4,94,道路桥梁专用材料 > 其他交通设施 > 其他交通设施,material,室内凸面镜,广角镜,high,凸面镜在室内用于扩大视野，俗称广角镜
94-4,94,道路桥梁专用材料 > 其他交通设施 > 其他交通设施,material,室内凸面镜,鱼眼镜,medium,因类似鱼眼效果而得名
94-4,94,道路桥梁专用材料 > 其他交通设施 > 其他交通设施,material,室外凸面镜,转角镜,high,多安装在道路转角处
94-4,94,道路桥梁专用材料 > 其他交通设施 > 其他交通设施,material,室外凸面镜,广角镜,high,扩大视野的常用叫法
94-4,94,道路桥梁专用材料 > 其他交通设施 > 其他交通设施,material,室外凸面镜,反光镜,medium,利用反射原理观察
94-4,94,道路桥梁专用材料 > 其他交通设施 > 其他交通设施,material,室外凸面镜,道路转角镜,medium,明确其使用场所
94-4,94,道路桥梁专用材料 > 其他交通设施 > 其他交通设施,material,室外立体灯箱,广告灯箱,high,主流用途即户外广告
94-4,94,道路桥梁专用材料 > 其他交通设施 > 其他交通设施,material,室外立体灯箱,滚动灯箱,medium,部分产品具备滚动换画功能
94-4,94,道路桥梁专用材料 > 其他交通设施 > 其他交通设施,material,室外立体灯箱,换画灯箱,low,同上
94-4,94,道路桥梁专用材料 > 其他交通设施 > 其他交通设施,material,对中三角架,测量三脚架,medium,用于测量对中
94-4,94,道路桥梁专用材料 > 其他交通设施 > 其他交通设施,material,对中三角架,对中三脚架,medium,口头简略叫法
94-4,94,道路桥梁专用材料 > 其他交通设施 > 其他交通设施,material,悬牌吊架,挂牌架,medium,悬挂标牌的架子
94-4,94,道路桥梁专用材料 > 其他交通设施 > 其他交通设施,material,悬牌吊架,吊牌架,medium,吊装标牌的架子
94-4,94,道路桥梁专用材料 > 其他交通设施 > 其他交通设施,material,成型标带,预成型标带,high,正式名称的简写或全称
94-4,94,道路桥梁专用材料 > 其他交通设施 > 其他交通设施,material,成型标带,标线带,high,等同于标线的带材
94-4,94,道路桥梁专用材料 > 其他交通设施 > 其他交通设施,material,成型标带,工程级反光带,low,标带常具备反光功能
94-4,94,道路桥梁专用材料 > 其他交通设施 > 其他交通设施,material,抗压O型车轮锁,O型锁,high,行业简称
94-4,94,道路桥梁专用材料 > 其他交通设施 > 其他交通设施,material,抗压O型车轮锁,车轮锁,high,通用叫法
94-4,94,道路桥梁专用材料 > 其他交通设施 > 其他交通设施,material,抗压O型车轮锁,轮胎锁,high,锁轮胎的装置
94-4,94,道路桥梁专用材料 > 其他交通设施 > 其他交通设施,material,抗压O型车轮锁,汽车锁,low,口语泛指
94-4,94,道路桥梁专用材料 > 其他交通设施 > 其他交通设施,material,抗污标线,防污标线,high,抗污的另一种说法
94-4,94,道路桥梁专用材料 > 其他交通设施 > 其他交通设施,material,抗污标线,自洁标线,medium,具备自清洁功能
94-4,94,道路桥梁专用材料 > 其他交通设施 > 其他交通设施,material,护栏板立柱,护栏立柱,high,施工现场简略叫法
94-4,94,道路桥梁专用材料 > 其他交通设施 > 其他交通设施,material,护栏板立柱,波形板立柱,medium,常用于支撑波形护栏板
94-4,94,道路桥梁专用材料 > 其他交通设施 > 其他交通设施,material,拉力环,拉环,high,简略叫法
94-4,94,道路桥梁专用材料 > 其他交通设施 > 其他交通设施,material,拉力环,吊环,medium,用于起吊或拉拽
94-4,94,道路桥梁专用材料 > 其他交通设施 > 其他交通设施,material,拉力环,牵引环,medium,用于牵引受力
94-4,94,道路桥梁专用材料 > 其他交通设施 > 其他交通设施,material,拉筋带,拉筋,high,简略叫法
94-4,94,道路桥梁专用材料 > 其他交通设施 > 其他交通设施,material,拉筋带,钢塑土工格栅,medium,拉筋带的一种常见材质形态
94-4,94,道路桥梁专用材料 > 其他交通设施 > 其他交通设施,material,拉筋带,土工带,medium,用于土工加筋的带材
94-4,94,道路桥梁专用材料 > 其他交通设施 > 其他交通设施,material,拦水石,挡水石,high,拦阻水流的石构件
94-4,94,道路桥梁专用材料 > 其他交通设施 > 其他交通设施,material,拦水石,路缘石,low,功能相似但不完全等同，需注意区分
94-4,94,道路桥梁专用材料 > 其他交通设施 > 其他交通设施,material,指挥棒,发光指挥棒,high,常具备发光功能
94-4,94,道路桥梁专用材料 > 其他交通设施 > 其他交通设施,material,指挥棒,交通指挥棒,high,明确用途
94-4,94,道路桥梁专用材料 > 其他交通设施 > 其他交通设施,material,指挥棒,停车棒,medium,主要用于示意停车
94-4,94,道路桥梁专用材料 > 其他交通设施 > 其他交通设施,material,振荡标线,震动标线,high,同义异称
94-4,94,道路桥梁专用材料 > 其他交通设施 > 其他交通设施,material,振荡标线,减速带标线,high,起强制减速作用
94-4,94,道路桥梁专用材料 > 其他交通设施 > 其他交通设施,material,振荡标线,噪音标线,medium,压上后有噪音提醒
94-4,94,道路桥梁专用材料 > 其他交通设施 > 其他交通设施,material,提环塑料方锥,方锥,high,行业简称
94-4,94,道路桥梁专用材料 > 其他交通设施 > 其他交通设施,material,提环塑料方锥,提环锥,high,强调有提环的特征
94-4,94,道路桥梁专用材料 > 其他交通设施 > 其他交通设施,material,提环塑料方锥,警示方锥,medium,用于警示
94-4,94,道路桥梁专用材料 > 其他交通设施 > 其他交通设施,material,提环塑料方锥,施工方锥,medium,施工区域常用
94-4,94,道路桥梁专用材料 > 其他交通设施 > 其他交通设施,material,改性塑料减速带,塑料减速带,high,省略了改性二字
94-4,94,道路桥梁专用材料 > 其他交通设施 > 其他交通设施,material,改性塑料减速带,减速垄,high,减速带的同义正规称呼
94-4,94,道路桥梁专用材料 > 其他交通设施 > 其他交通设施,material,改性塑料减速带,塑料减速垄,medium,根据材质特指
94-4,94,道路桥梁专用材料 > 其他交通设施 > 其他交通设施,material,斑马线,人行横道线,high,正式名称
94-4,94,道路桥梁专用材料 > 其他交通设施 > 其他交通设施,material,斑马线,过街线,medium,口语简称
94-4,94,道路桥梁专用材料 > 其他交通设施 > 其他交通设施,material,斜条纹减速带,斜纹减速带,high,简称
94-4,94,道路桥梁专用材料 > 其他交通设施 > 其他交通设施,material,斜条纹减速带,防滑减速带,medium,斜纹多用于防滑
94-4,94,道路桥梁专用材料 > 其他交通设施 > 其他交通设施,material,斜条纹圆点减速带,圆点减速带,high,强调圆点特征
94-4,94,道路桥梁专用材料 > 其他交通设施 > 其他交通设施,material,斜条纹圆点减速带,斜纹圆点减速带,high,完整特征简称
94-4,94,道路桥梁专用材料 > 其他交通设施 > 其他交通设施,material,斜条纹圆点减速带,防滑减速带,medium,主要功能
94-4,94,道路桥梁专用材料 > 其他交通设施 > 其他交通设施,material,新型麻点减速带,麻点减速带,high,省略了新型二字
94-4,94,道路桥梁专用材料 > 其他交通设施 > 其他交通设施,material,新型麻点减速带,防滑减速带,medium,麻点增加摩擦力
94-4,94,道路桥梁专用材料 > 其他交通设施 > 其他交通设施,material,新型麻点减速带,耐磨减速带,low,麻点结构耐磨
94-5,94,道路桥梁专用材料 > 其他交通设施 > 其他交通设施,material,施工架,脚手架,high,施工现场对施工用架体的统称
94-5,94,道路桥梁专用材料 > 其他交通设施 > 其他交通设施,material,施工架,架子,high,施工人员对施工架的简称
94-5,94,道路桥梁专用材料 > 其他交通设施 > 其他交通设施,material,智能交通信号控制机,信号机,high,行业内标准简称
94-5,94,道路桥梁专用材料 > 其他交通设施 > 其他交通设施,material,智能交通信号控制机,智能信号机,medium,突出智能特性的简称
94-5,94,道路桥梁专用材料 > 其他交通设施 > 其他交通设施,material,曲线标,弯道警示牌,medium,现场口语化叫法
94-5,94,道路桥梁专用材料 > 其他交通设施 > 其他交通设施,material,柔性警示柱,弹性警示柱,high,强调其弹性恢复特性
94-5,94,道路桥梁专用材料 > 其他交通设施 > 其他交通设施,material,柔性警示柱,软桩,medium,对柔性柱状警示物的口语简称
94-5,94,道路桥梁专用材料 > 其他交通设施 > 其他交通设施,material,柔性警示柱,PU警示柱,low,聚氨酯材质的一种俗称
94-5,94,道路桥梁专用材料 > 其他交通设施 > 其他交通设施,material,标志预埋件,预埋板,medium,以预埋件常见形式代指
94-5,94,道路桥梁专用材料 > 其他交通设施 > 其他交通设施,material,标志预埋件,地脚笼,medium,标志杆基础预埋件的口语化统称
94-5,94,道路桥梁专用材料 > 其他交通设施 > 其他交通设施,material,标桩,界桩,medium,标桩常用于标识界限，现场常混用
94-5,94,道路桥梁专用材料 > 其他交通设施 > 其他交通设施,material,标牌挂杆,标牌杆,high,挂标志牌的杆件的简称
94-5,94,道路桥梁专用材料 > 其他交通设施 > 其他交通设施,material,标线,画线,medium,标线施划工作的口语叫法，也指代标线材料
94-5,94,道路桥梁专用材料 > 其他交通设施 > 其他交通设施,material,标线,标线漆,medium,特指液态施划类标线材料
94-5,94,道路桥梁专用材料 > 其他交通设施 > 其他交通设施,material,桥梁标,桥梁铭牌,medium,标识桥梁名称信息的标牌口语说法
94-5,94,道路桥梁专用材料 > 其他交通设施 > 其他交通设施,material,桥面泄水孔,落水口,high,桥面排水孔的另一叫法
94-5,94,道路桥梁专用材料 > 其他交通设施 > 其他交通设施,material,桥面泄水孔,排水篦子,medium,指代带格栅盖的泄水孔组件
94-5,94,道路桥梁专用材料 > 其他交通设施 > 其他交通设施,material,梅花灯,梅花警示灯,high,全称的扩展叫法
94-5,94,道路桥梁专用材料 > 其他交通设施 > 其他交通设施,material,楼栋文字标识,楼栋号牌,high,标识楼栋号码的具体用牌
94-5,94,道路桥梁专用材料 > 其他交通设施 > 其他交通设施,material,楼栋文字标识,栋号,medium,楼栋编号标识的极简叫法
94-5,94,道路桥梁专用材料 > 其他交通设施 > 其他交通设施,material,横隔梁,横隔板,high,横隔梁的另一种工程叫法
94-5,94,道路桥梁专用材料 > 其他交通设施 > 其他交通设施,material,橡塑减速带,橡塑减速垄,high,减速带的同义工程术语
94-5,94,道路桥梁专用材料 > 其他交通设施 > 其他交通设施,material,橡塑减速带,橡胶减速带,medium,材质俗称，橡塑常混称为橡胶
94-5,94,道路桥梁专用材料 > 其他交通设施 > 其他交通设施,material,橡塑定位器,车位挡轮器,high,橡塑定位器最常见的用途叫法
94-5,94,道路桥梁专用材料 > 其他交通设施 > 其他交通设施,material,橡塑定位器,挡车器,high,防止车辆过度前行的口语叫法
94-5,94,道路桥梁专用材料 > 其他交通设施 > 其他交通设施,material,橡塑车轮定位器,橡塑定位器,high,同系列材料名的简化叫法
94-5,94,道路桥梁专用材料 > 其他交通设施 > 其他交通设施,material,橡塑车轮定位器,轮胎挡块,medium,描述其阻挡车轮形态的口语词
94-5,94,道路桥梁专用材料 > 其他交通设施 > 其他交通设施,material,橡胶减噪板,隔音橡胶垫,medium,功能与形态的结合叫法
94-5,94,道路桥梁专用材料 > 其他交通设施 > 其他交通设施,material,橡胶减速带,橡胶减速垄,high,减速带的同义工程术语
94-5,94,道路桥梁专用材料 > 其他交通设施 > 其他交通设施,material,橡胶减速带,胶条减速带,medium,对条状橡胶减速带的俗称
94-5,94,道路桥梁专用材料 > 其他交通设施 > 其他交通设施,material,橡胶减速板,橡胶减速带,medium,减速板与减速带在实际采购中常混用
94-5,94,道路桥梁专用材料 > 其他交通设施 > 其他交通设施,material,橡胶减速板,橡胶道口板,low,若用于铁路或厂区道口可能被如此称呼
94-6,94,道路桥梁专用材料 > 其他交通设施 > 其他交通设施,material,橡胶减速标线带,橡胶减速带,high,口语中常省略标线二字
94-6,94,道路桥梁专用材料 > 其他交通设施 > 其他交通设施,material,橡胶减速档,橡胶限速档,medium,强调限速功能
94-6,94,道路桥梁专用材料 > 其他交通设施 > 其他交通设施,material,橡胶护墙角,防撞护角,high,强调防撞保护功能
94-6,94,道路桥梁专用材料 > 其他交通设施 > 其他交通设施,material,橡胶护墙角,墙角保护条,medium,描述性俗称
94-6,94,道路桥梁专用材料 > 其他交通设施 > 其他交通设施,material,橡胶路沿坡,路沿坡,high,省略材料名
94-6,94,道路桥梁专用材料 > 其他交通设施 > 其他交通设施,material,橡胶路沿坡,台阶坡,medium,俗称，用于车辆上台阶
94-6,94,道路桥梁专用材料 > 其他交通设施 > 其他交通设施,material,橡胶路锥,雪糕筒,high,形状俗称
94-6,94,道路桥梁专用材料 > 其他交通设施 > 其他交通设施,material,橡胶路锥,锥形桶,medium,形状描述
94-6,94,道路桥梁专用材料 > 其他交通设施 > 其他交通设施,material,橡胶车档,止退器,medium,口语中常与车档混用
94-6,94,道路桥梁专用材料 > 其他交通设施 > 其他交通设施,material,橡胶车轮定位器,橡胶车档,high,施工现场常混称为车档
94-6,94,道路桥梁专用材料 > 其他交通设施 > 其他交通设施,material,止退器,三角木,medium,传统木质止退器别称
94-6,94,道路桥梁专用材料 > 其他交通设施 > 其他交通设施,material,水泥定位器,水泥车档,high,水泥材质的定位器
94-6,94,道路桥梁专用材料 > 其他交通设施 > 其他交通设施,material,泊车牌,停车牌,high,直接同义俗称
94-6,94,道路桥梁专用材料 > 其他交通设施 > 其他交通设施,material,泡沫护角,防撞角,high,通用防撞产品俗称
94-6,94,道路桥梁专用材料 > 其他交通设施 > 其他交通设施,material,热熔标线,热熔线,high,口语省略标字
94-6,94,道路桥梁专用材料 > 其他交通设施 > 其他交通设施,material,玻璃道钉,反光道钉,high,强调反光功能
94-6,94,道路桥梁专用材料 > 其他交通设施 > 其他交通设施,material,玻璃道钉,猫眼,medium,夜光效果俗称
94-6,94,道路桥梁专用材料 > 其他交通设施 > 其他交通设施,material,玻璃钢防眩板,防眩板,high,省略材质
94-6,94,道路桥梁专用材料 > 其他交通设施 > 其他交通设施,material,球面镜,凸面镜,high,物理形状别称
94-6,94,道路桥梁专用材料 > 其他交通设施 > 其他交通设施,material,球面镜,广角镜,high,功能描述
94-6,94,道路桥梁专用材料 > 其他交通设施 > 其他交通设施,material,球面镜,转弯镜,medium,应用场景俗称
94-6,94,道路桥梁专用材料 > 其他交通设施 > 其他交通设施,material,电子警察,闯红灯拍照,high,功能俗称
94-6,94,道路桥梁专用材料 > 其他交通设施 > 其他交通设施,material,电子警察,电子眼,high,外形与功能俗称
94-6,94,道路桥梁专用材料 > 其他交通设施 > 其他交通设施,material,电子车速反馈器,雷达测速屏,high,工作原理俗称
94-6,94,道路桥梁专用材料 > 其他交通设施 > 其他交通设施,material,电子车速反馈器,车速提示牌,medium,功能描述俗称
94-6,94,道路桥梁专用材料 > 其他交通设施 > 其他交通设施,material,界桩,界碑,medium,大型界桩的俗称
94-7,94,道路桥梁专用材料 > 其他交通设施 > 其他交通设施,category,其他交通设施,交安设施,high,交通安全设施的行业简称，涵盖此分类下多数产品
94-7,94,道路桥梁专用材料 > 其他交通设施 > 其他交通设施,category,其他交通设施,交安小件,medium,施工现场对非主要交通设施材料的统称
94-7,94,道路桥梁专用材料 > 其他交通设施 > 其他交通设施,material,界碑,公路界碑,medium,道路工程中常用的全称
94-7,94,道路桥梁专用材料 > 其他交通设施 > 其他交通设施,material,白虚线,导向虚线,medium,用于引导车流的标线俗称
94-7,94,道路桥梁专用材料 > 其他交通设施 > 其他交通设施,material,白钢宣传栏,不锈钢告示栏,high,材料为白钢（不锈钢），功能为告示
94-7,94,道路桥梁专用材料 > 其他交通设施 > 其他交通设施,material,百米桩,里程桩,high,表示公路里程的桩号标志
94-7,94,道路桥梁专用材料 > 其他交通设施 > 其他交通设施,material,百米桩,公里桩,low,虽然名称是百米，但常与公里桩统称
94-7,94,道路桥梁专用材料 > 其他交通设施 > 其他交通设施,material,盒装安全带,安全带盒,medium,强调盒装形式
94-7,94,道路桥梁专用材料 > 其他交通设施 > 其他交通设施,material,盘式车轮锁,锁车器,high,车轮锁的通用俗称
94-7,94,道路桥梁专用材料 > 其他交通设施 > 其他交通设施,material,盘式车轮锁,汽车防盗锁,medium,实际用途叫法
94-7,94,道路桥梁专用材料 > 其他交通设施 > 其他交通设施,material,直行箭头,导向箭头,high,指示直行方向的标线
94-7,94,道路桥梁专用材料 > 其他交通设施 > 其他交通设施,material,直行箭头,地面直行标,low,现场口语叫法
94-7,94,道路桥梁专用材料 > 其他交通设施 > 其他交通设施,material,礼宾柱,将军柱,medium,因外形与将军柱相似，现场常混用
94-7,94,道路桥梁专用材料 > 其他交通设施 > 其他交通设施,material,礼宾柱,隔离柱,high,功能性的称呼
94-7,94,道路桥梁专用材料 > 其他交通设施 > 其他交通设施,material,礼宾柱,迎宾柱,low,用在迎宾场合的俗称
94-7,94,道路桥梁专用材料 > 其他交通设施 > 其他交通设施,material,积水罐,集水井盖,medium,用于积水收集的设施部件
94-7,94,道路桥梁专用材料 > 其他交通设施 > 其他交通设施,material,积水罐,雨水罐,low,功能叫法
94-7,94,道路桥梁专用材料 > 其他交通设施 > 其他交通设施,material,穿钉,自攻螺丝,high,用于固定标志牌的常用连接件
94-7,94,道路桥梁专用材料 > 其他交通设施 > 其他交通设施,material,穿钉,燕尾丝,medium,穿钉的一种常见类型
94-7,94,道路桥梁专用材料 > 其他交通设施 > 其他交通设施,material,系统信号机,协调式信号机,high,可联网的系统信号机俗称
94-7,94,道路桥梁专用材料 > 其他交通设施 > 其他交通设施,material,系统信号机,智能信号机,medium,具备系统控制功能的叫法
94-7,94,道路桥梁专用材料 > 其他交通设施 > 其他交通设施,material,红网格反光衣,反光背心,high,反光衣的通用叫法
94-7,94,道路桥梁专用材料 > 其他交通设施 > 其他交通设施,material,红网格反光衣,交通马甲,medium,施工现场口语
94-7,94,道路桥梁专用材料 > 其他交通设施 > 其他交通设施,material,线槽减速带,线槽带,medium,强调保护线缆的减速带
94-7,94,道路桥梁专用材料 > 其他交通设施 > 其他交通设施,material,线槽减速带,过线桥,high,因其允许线缆通过的功能而称呼
94-7,94,道路桥梁专用材料 > 其他交通设施 > 其他交通设施,material,老虎钳车轮锁,钳式锁车器,high,外形类似老虎钳的车轮锁
94-7,94,道路桥梁专用材料 > 其他交通设施 > 其他交通设施,material,自行车架,自行车停车架,medium,全称
94-7,94,道路桥梁专用材料 > 其他交通设施 > 其他交通设施,material,自行车架,非机动车架,medium,包含自行车在内的统称
94-7,94,道路桥梁专用材料 > 其他交通设施 > 其他交通设施,material,菱形减速带,减速块,medium,外形为菱形的减速块
94-7,94,道路桥梁专用材料 > 其他交通设施 > 其他交通设施,material,行车道钉,路钉,medium,道路反光道钉的简称
94-7,94,道路桥梁专用材料 > 其他交通设施 > 其他交通设施,material,行车道钉,反光道钉,high,强调反光功能的行车道钉
94-7,94,道路桥梁专用材料 > 其他交通设施 > 其他交通设施,material,警冲标,停车位置标,medium,满足现场通俗理解
94-7,94,道路桥梁专用材料 > 其他交通设施 > 其他交通设施,material,警戒带,警示带,high,同义词
94-7,94,道路桥梁专用材料 > 其他交通设施 > 其他交通设施,material,警戒带,安全警戒线,medium,现场口语叫法
94-7,94,道路桥梁专用材料 > 其他交通设施 > 其他交通设施,material,警示告示类,标志牌,medium,统称
94-7,94,道路桥梁专用材料 > 其他交通设施 > 其他交通设施,material,警示告示类,安全告示牌,low,施工现场口语
94-7,94,道路桥梁专用材料 > 其他交通设施 > 其他交通设施,material,警示执勤台,交警台,high,口语简称
94-7,94,道路桥梁专用材料 > 其他交通设施 > 其他交通设施,material,警示执勤台,交通指挥台,high,正规称呼
94-7,94,道路桥梁专用材料 > 其他交通设施 > 其他交通设施,material,诱导标志,诱导指示牌,medium,施工现场叫法
94-7,94,道路桥梁专用材料 > 其他交通设施 > 其他交通设施,material,诱导标志,指路牌,medium,功能性称呼
94-7,94,道路桥梁专用材料 > 其他交通设施 > 其他交通设施,material,路基箱,钢板路基箱,high,常见材质和用途组合称呼
94-7,94,道路桥梁专用材料 > 其他交通设施 > 其他交通设施,material,路基箱,铺路钢板,high,工地现场口语
94-7,94,道路桥梁专用材料 > 其他交通设施 > 其他交通设施,material,路沿坡,门槛坡,high,用于跨越路沿，俗称门槛坡
94-7,94,道路桥梁专用材料 > 其他交通设施 > 其他交通设施,material,路沿坡,上坡垫,medium,功能描述叫法
1731-1,1731,道路桥梁专用材料 > 路基材料 > 路用基层材料,category,路用基层材料,水稳料,high,施工现场常将水泥稳定碎石、水泥稳定砂砾等水泥稳定类基层材料统称为'水稳料'
1731-1,1731,道路桥梁专用材料 > 路基材料 > 路用基层材料,category,路用基层材料,二灰料,high,二灰稳定碎石、石灰粉煤灰稳定碎石等石灰粉煤灰类材料在施工中的统称
1731-1,1731,道路桥梁专用材料 > 路基材料 > 路用基层材料,category,路用基层材料,三合土,medium,部分地区的施工人员会将石灰、粉煤灰、土的混合料（如石灰工业废渣稳定土）俗称为三合土，但该词也常指石灰粘土砂浆，存在歧义
1731-1,1731,道路桥梁专用材料 > 路基材料 > 路用基层材料,material,三灰稳定碎石,三灰结石,medium,施工现场口语叫法
1731-1,1731,道路桥梁专用材料 > 路基材料 > 路用基层材料,material,二灰稳定碎石,二灰结石,high,施工现场口语叫法
1731-1,1731,道路桥梁专用材料 > 路基材料 > 路用基层材料,material,二灰稳定碎石,二灰碎石,high,简称，材料中的土或者碎石的省略叫法
1731-1,1731,道路桥梁专用材料 > 路基材料 > 路用基层材料,material,发泡轻质土,泡沫轻质土,high,施工中的常见别称
1731-1,1731,道路桥梁专用材料 > 路基材料 > 路用基层材料,material,发泡轻质土,气泡混合轻质土,medium,相关规范中的全称，工程人员常用简称'发泡轻质土'
1731-1,1731,道路桥梁专用材料 > 路基材料 > 路用基层材料,material,发泡轻质土,泡沫砼,high,因其类似于加了泡沫的混凝土，施工现场口语叫法
1731-1,1731,道路桥梁专用材料 > 路基材料 > 路用基层材料,material,水泥稳定砂砾,水稳砂砾,high,简写缩写
1731-1,1731,道路桥梁专用材料 > 路基材料 > 路用基层材料,material,水泥稳定砂砾,水泥砂砾,medium,施工现场口语简称
1731-1,1731,道路桥梁专用材料 > 路基材料 > 路用基层材料,material,水泥稳定碎石,水稳碎石,high,简写缩写
1731-1,1731,道路桥梁专用材料 > 路基材料 > 路用基层材料,material,水泥稳定碎石,水稳,high,施工现场口语化简称，多指水稳碎石
1731-1,1731,道路桥梁专用材料 > 路基材料 > 路用基层材料,material,水泥综合稳定石灰土,综合稳定土,medium,施工现场口语简称
1731-1,1731,道路桥梁专用材料 > 路基材料 > 路用基层材料,material,沥青砂,沥青砂胶,low,常混合使用的近似材料叫法
1731-1,1731,道路桥梁专用材料 > 路基材料 > 路用基层材料,material,石灰工业废渣稳定土,废渣稳定土,medium,施工现场口语简称
1731-1,1731,道路桥梁专用材料 > 路基材料 > 路用基层材料,material,石灰粉煤灰稳定碎石,二灰碎石,high,俗称，省略了石灰和粉煤灰的具体名称，统称二灰
1731-1,1731,道路桥梁专用材料 > 路基材料 > 路用基层材料,material,石灰粉煤灰稳定碎石,石灰粉煤灰碎石,medium,施工现场口语简称
94-9,94,道路桥梁专用材料 > 其他交通设施 > 其他交通设施,material,铸铁底座,铁墩子,high,施工现场口语叫法，因其材质为铸铁且形状像墩子
94-9,94,道路桥梁专用材料 > 其他交通设施 > 其他交通设施,material,铸铁底座,生铁底座,medium,铸铁俗称生铁
94-9,94,道路桥梁专用材料 > 其他交通设施 > 其他交通设施,material,铸铁座,生铁座,medium,铸铁的俗称
94-9,94,道路桥梁专用材料 > 其他交通设施 > 其他交通设施,material,铸铝路钉,铝道钉,high,常见的简称
94-9,94,道路桥梁专用材料 > 其他交通设施 > 其他交通设施,material,铸铝道钉,反光铝钉,medium,道钉常有反光功能，口语中以此特征称呼
94-9,94,道路桥梁专用材料 > 其他交通设施 > 其他交通设施,material,门架式可变信息标志,龙门架情报板,high,门架式结构俗称龙门架
94-9,94,道路桥梁专用材料 > 其他交通设施 > 其他交通设施,material,门架式可变信息标志,门架屏,medium,简称
94-9,94,道路桥梁专用材料 > 其他交通设施 > 其他交通设施,material,防滑坡道,防滑路面,medium,功能相近的别称
94-9,94,道路桥梁专用材料 > 其他交通设施 > 其他交通设施,material,防盗刺,防爬刺,high,防盗刺常用于围墙管道防止攀爬
94-9,94,道路桥梁专用材料 > 其他交通设施 > 其他交通设施,material,防盗刺,铁蒺藜,medium,形状相似
94-9,94,道路桥梁专用材料 > 其他交通设施 > 其他交通设施,material,附着式交通标志,挂墙标志牌,medium,附着式即附着在墙体或其他结构上，故称挂墙
94-9,94,道路桥梁专用材料 > 其他交通设施 > 其他交通设施,material,隔声屏障,声屏障,high,标准简称
94-9,94,道路桥梁专用材料 > 其他交通设施 > 其他交通设施,material,隔声屏障,隔音板,medium,口语叫法
94-9,94,道路桥梁专用材料 > 其他交通设施 > 其他交通设施,material,隔音墙,消音墙,low,功能相近的叫法
94-9,94,道路桥梁专用材料 > 其他交通设施 > 其他交通设施,material,非文字标识,图形标志,medium,非文字即为图形符号
94-9,94,道路桥梁专用材料 > 其他交通设施 > 其他交通设施,material,高亮标线,反光标线,high,高亮主要通过反光实现
94-9,94,道路桥梁专用材料 > 其他交通设施 > 其他交通设施,material,麻点减速带,搓板路,medium,麻点减速带形状像搓板
94-9,94,道路桥梁专用材料 > 其他交通设施 > 其他交通设施,material,麻点减速带,震动减速带,medium,该减速带通过震动提醒
94-9,94,道路桥梁专用材料 > 其他交通设施 > 其他交通设施,material,黄闪灯,警示灯,high,黄闪灯主要用于警示
94-9,94,道路桥梁专用材料 > 其他交通设施 > 其他交通设施,material,黄闪灯,太阳能爆闪灯,medium,常见的黄闪灯类型
94-9,94,道路桥梁专用材料 > 其他交通设施 > 其他交通设施,material,龙门架,门架,high,简称
94-8,94,道路桥梁专用材料 > 其他交通设施 > 其他交通设施,material,路锥,锥形桶,high,常见口语叫法
94-8,94,道路桥梁专用材料 > 其他交通设施 > 其他交通设施,material,路锥,雪糕筒,high,外观类似雪糕筒形状
94-8,94,道路桥梁专用材料 > 其他交通设施 > 其他交通设施,material,路锥,交通锥,medium,正式名称的简称
94-8,94,道路桥梁专用材料 > 其他交通设施 > 其他交通设施,material,踢脚线标线,踢脚线,medium,施工现场口语简称
94-8,94,道路桥梁专用材料 > 其他交通设施 > 其他交通设施,material,车位号标线,车位号,medium,施工现场口语简称
94-8,94,道路桥梁专用材料 > 其他交通设施 > 其他交通设施,material,车位导向,车位箭头,medium,通常以箭头形式做导向标识
94-8,94,道路桥梁专用材料 > 其他交通设施 > 其他交通设施,material,车位挡车杆,挡车杆,high,施工现场口语简称
94-8,94,道路桥梁专用材料 > 其他交通设施 > 其他交通设施,material,车位挡车杆,车位栏杆,medium,俗称叫法
94-8,94,道路桥梁专用材料 > 其他交通设施 > 其他交通设施,material,车位箭头标线,车位箭头,high,施工现场口语简称
94-8,94,道路桥梁专用材料 > 其他交通设施 > 其他交通设施,material,车位箭头标线,导向箭头,medium,功能性叫法
94-8,94,道路桥梁专用材料 > 其他交通设施 > 其他交通设施,material,车号牌,车位牌,medium,常见于车位上方的号码牌
94-8,94,道路桥梁专用材料 > 其他交通设施 > 其他交通设施,material,车轮定位器,车轮挡,high,简称
94-8,94,道路桥梁专用材料 > 其他交通设施 > 其他交通设施,material,车轮定位器,定位器,medium,施工现场口语简称
94-8,94,道路桥梁专用材料 > 其他交通设施 > 其他交通设施,material,车轮定位器,倒车垫,medium,用于倒车时定位
94-8,94,道路桥梁专用材料 > 其他交通设施 > 其他交通设施,material,车轮挡轮座,挡轮座,high,施工现场口语简称
94-8,94,道路桥梁专用材料 > 其他交通设施 > 其他交通设施,material,车轮挡轮座,橡胶挡轮座,medium,常见材质俗称
94-8,94,道路桥梁专用材料 > 其他交通设施 > 其他交通设施,material,车轮止滑器,止滑器,high,施工现场口语简称
94-8,94,道路桥梁专用材料 > 其他交通设施 > 其他交通设施,material,车轮止滑器,车轮塞,medium,俗称叫法
94-8,94,道路桥梁专用材料 > 其他交通设施 > 其他交通设施,material,车轮止滑器,防滑块,medium,功能性叫法
94-8,94,道路桥梁专用材料 > 其他交通设施 > 其他交通设施,material,轮胎锁,车轮锁,high,俗称叫法
94-8,94,道路桥梁专用材料 > 其他交通设施 > 其他交通设施,material,轮胎锁,锁车器,high,功能性叫法
94-8,94,道路桥梁专用材料 > 其他交通设施 > 其他交通设施,material,轮胎锁,轮胎夹,medium,外观形状叫法
94-8,94,道路桥梁专用材料 > 其他交通设施 > 其他交通设施,material,边黄线,路沿黄线,medium,多用于路沿石边
94-8,94,道路桥梁专用材料 > 其他交通设施 > 其他交通设施,material,连接棒,护栏连接件,medium,用途描述
94-8,94,道路桥梁专用材料 > 其他交通设施 > 其他交通设施,material,道路护栏底座,护栏底座,high,施工现场口语简称
94-8,94,道路桥梁专用材料 > 其他交通设施 > 其他交通设施,material,道路护栏底座,底座,medium,施工现场口语简称
94-8,94,道路桥梁专用材料 > 其他交通设施 > 其他交通设施,material,道钉,反光道钉,high,常见功能叫法
94-8,94,道路桥梁专用材料 > 其他交通设施 > 其他交通设施,material,道钉,路钉,medium,俗称叫法
94-8,94,道路桥梁专用材料 > 其他交通设施 > 其他交通设施,material,道钉,突起路标,medium,行业术语
94-8,94,道路桥梁专用材料 > 其他交通设施 > 其他交通设施,material,里程碑,里程牌,high,常见书写及口语叫法
94-8,94,道路桥梁专用材料 > 其他交通设施 > 其他交通设施,material,里程碑,公里桩,medium,高速公路常见叫法
94-8,94,道路桥梁专用材料 > 其他交通设施 > 其他交通设施,material,里程碑,百米桩,medium,国省道常见叫法
94-8,94,道路桥梁专用材料 > 其他交通设施 > 其他交通设施,material,钢座,钢底座,medium,全称口语化
94-8,94,道路桥梁专用材料 > 其他交通设施 > 其他交通设施,material,钢管定位器,钢管挡,medium,施工现场口语简称
94-8,94,道路桥梁专用材料 > 其他交通设施 > 其他交通设施,material,钢管定位器,车位钢管挡,medium,连用叫法
94-8,94,道路桥梁专用材料 > 其他交通设施 > 其他交通设施,material,钢管警示柱,钢管桩,high,施工现场口语简称
94-8,94,道路桥梁专用材料 > 其他交通设施 > 其他交通设施,material,钢管警示柱,警示桩,medium,功能性叫法
94-8,94,道路桥梁专用材料 > 其他交通设施 > 其他交通设施,material,钢管警示柱,隔离桩,medium,用途叫法
94-8,94,道路桥梁专用材料 > 其他交通设施 > 其他交通设施,material,铁管车轮定位器,铁管定位器,medium,施工现场口语简称
94-8,94,道路桥梁专用材料 > 其他交通设施 > 其他交通设施,material,铁管车轮定位器,铁管挡,medium,口语叫法
94-8,94,道路桥梁专用材料 > 其他交通设施 > 其他交通设施,material,铁路刺笼支架,刀片刺绳支架,medium,配用材料叫法
94-8,94,道路桥梁专用材料 > 其他交通设施 > 其他交通设施,material,铝板护角,护角条,high,常见叫法
94-8,94,道路桥梁专用材料 > 其他交通设施 > 其他交通设施,material,铝板护角,阳角条,medium,用于墙柱阳角保护
94-8,94,道路桥梁专用材料 > 其他交通设施 > 其他交通设施,material,铝道钉,铸铝道钉,medium,材质描述
94-8,94,道路桥梁专用材料 > 其他交通设施 > 其他交通设施,material,铸钢减速带,铁减速带,high,材质俗称
94-8,94,道路桥梁专用材料 > 其他交通设施 > 其他交通设施,material,铸钢减速带,钢制减速带,medium,材质全称叫法
94-8,94,道路桥梁专用材料 > 其他交通设施 > 其他交通设施,material,铸铁减速带,铁减速带,high,材质俗称
94-8,94,道路桥梁专用材料 > 其他交通设施 > 其他交通设施,material,铸铁减速带,生铁减速带,medium,材质口语叫法
1736-1,1736,道路桥梁专用材料 > 岗亭 > 交通岗亭,category,交通岗亭,值班亭,medium,交通岗亭常被用作值班场所，口语中常称为值班亭
1736-1,1736,道路桥梁专用材料 > 岗亭 > 交通岗亭,category,交通岗亭,收费亭,high,用于道路收费的岗亭，行业内直接简称收费亭
1736-1,1736,道路桥梁专用材料 > 岗亭 > 交通岗亭,category,交通岗亭,警务亭,medium,警用岗亭在施工现场或采购清单中常写警务亭
1736-1,1736,道路桥梁专用材料 > 岗亭 > 交通岗亭,material,不锈钢岗亭,201不锈钢亭,medium,经常用201不锈钢制作，现场会直接叫201不锈钢亭
1736-1,1736,道路桥梁专用材料 > 岗亭 > 交通岗亭,material,不锈钢岗亭,304不锈钢亭,medium,用304不锈钢时口语叫法
1736-1,1736,道路桥梁专用材料 > 岗亭 > 交通岗亭,material,不锈钢收费岗亭,不锈钢收费亭,high,简化叫法，省略岗字
1736-1,1736,道路桥梁专用材料 > 岗亭 > 交通岗亭,material,不锈钢椭圆岗亭,椭圆不锈钢亭,medium,口语中常将形状放前面简称
1736-1,1736,道路桥梁专用材料 > 岗亭 > 交通岗亭,material,值警亭,警亭,high,简称警亭
1736-1,1736,道路桥梁专用材料 > 岗亭 > 交通岗亭,material,值警亭,值勤亭,high,值勤时使用的岗亭，口语称值勤亭
1736-1,1736,道路桥梁专用材料 > 岗亭 > 交通岗亭,material,彩钢板岗亭,彩钢亭,high,省略板字，现场常用简称
1736-1,1736,道路桥梁专用材料 > 岗亭 > 交通岗亭,material,彩钢板岗亭,彩板岗亭,medium,彩钢板在工地常简称彩板
1736-1,1736,道路桥梁专用材料 > 岗亭 > 交通岗亭,material,木岗亭,木质岗亭,high,正规一点的叫法，木改为木质
1736-1,1736,道路桥梁专用材料 > 岗亭 > 交通岗亭,material,木岗亭,防腐木亭,medium,木岗亭多用防腐木，现场会直接叫防腐木亭
1736-1,1736,道路桥梁专用材料 > 岗亭 > 交通岗亭,material,玻璃钢保安房,玻璃钢岗亭,high,保安房就是岗亭，行业内统一称呼
1736-1,1736,道路桥梁专用材料 > 岗亭 > 交通岗亭,material,玻璃钢保安房,FRP岗亭,medium,玻璃钢英文简称FRP，采购时常用
1736-1,1736,道路桥梁专用材料 > 岗亭 > 交通岗亭,material,警银亭,银亭,medium,口语简化，省去警字
1736-1,1736,道路桥梁专用材料 > 岗亭 > 交通岗亭,material,警银亭,银行警亭,medium,银行旁的警务岗亭，俗称银行警亭
1736-1,1736,道路桥梁专用材料 > 岗亭 > 交通岗亭,material,金属雕花板岗亭,雕花板岗亭,high,省略金属两字的简称
1736-1,1736,道路桥梁专用材料 > 岗亭 > 交通岗亭,material,金属雕花板岗亭,雕花板亭,low,施工现场极端简化叫法
1736-1,1736,道路桥梁专用材料 > 岗亭 > 交通岗亭,material,钢结构岗亭,钢构岗亭,high,钢结构在业内常简称钢构
1736-1,1736,道路桥梁专用材料 > 岗亭 > 交通岗亭,material,钢结构岗亭,铁亭子,low,工人对钢架结构岗亭的口语俗称
1736-1,1736,道路桥梁专用材料 > 岗亭 > 交通岗亭,material,铝合金警亭,铝警亭,medium,铝合金材质简称铝
1736-1,1736,道路桥梁专用材料 > 岗亭 > 交通岗亭,material,铝合金警亭,铝合金警务亭,medium,警亭全称警务亭
1736-1,1736,道路桥梁专用材料 > 岗亭 > 交通岗亭,material,铝塑板岗亭,铝塑亭,medium,简化叫法
1736-1,1736,道路桥梁专用材料 > 岗亭 > 交通岗亭,material,镀锌板警亭,镀锌警亭,high,省略板字
1736-1,1736,道路桥梁专用材料 > 岗亭 > 交通岗亭,material,镀锌板警亭,白铁皮警亭,medium,镀锌板在工地俗称白铁皮
1736-1,1736,道路桥梁专用材料 > 岗亭 > 交通岗亭,material,镀锌钢收费岗亭,镀锌收费亭,high,省略钢和岗字
1736-1,1736,道路桥梁专用材料 > 岗亭 > 交通岗亭,material,镀锌钢结构豪华岗亭,豪华镀锌亭,medium,口语突出特点豪华和材质镀锌
1736-1,1736,道路桥梁专用材料 > 岗亭 > 交通岗亭,material,防腐木岗亭,防腐亭,medium,省略木和岗字
1736-1,1736,道路桥梁专用材料 > 岗亭 > 交通岗亭,material,防腐木岗亭,炭化木岗亭,low,防腐木的一种深加工产品，也常用于岗亭
1729-1,1729,道路桥梁专用材料 > 路面材料 > 路面天然石构件,category,路面天然石构件,道牙,high,整个类别在北方施工现场对路缘石、路边石等构件的统称口语
1729-1,1729,道路桥梁专用材料 > 路面材料 > 路面天然石构件,category,路面天然石构件,路牙子,medium,口语中常将所有路侧石、路缘石类构件称为路牙子
1729-1,1729,道路桥梁专用材料 > 路面材料 > 路面天然石构件,category,路面天然石构件,侧平石,medium,泛指立缘石和平缘石配套构件组合，采购时常这么说
1729-1,1729,道路桥梁专用材料 > 路面材料 > 路面天然石构件,material,平缘石,平道牙,high,北方施工口语，平放的道牙
1729-1,1729,道路桥梁专用材料 > 路面材料 > 路面天然石构件,material,平缘石,平石,high,现场简称，与立缘石配套的平铺部分
1729-1,1729,道路桥梁专用材料 > 路面材料 > 路面天然石构件,material,曲面缘石,弧线缘石,medium,施工中对弧形路段的曲面缘石叫法
1729-1,1729,道路桥梁专用材料 > 路面材料 > 路面天然石构件,material,曲面缘石,弯道石,low,弯曲路段使用的缘石俗称
1729-1,1729,道路桥梁专用材料 > 路面材料 > 路面天然石构件,material,树穴石,树池石,high,树穴常被称为树池，石材构件随之叫树池石
1729-1,1729,道路桥梁专用材料 > 路面材料 > 路面天然石构件,material,树穴石,护树石,medium,围绕树干起保护作用的石材
1729-1,1729,道路桥梁专用材料 > 路面材料 > 路面天然石构件,material,界石,地界石,medium,标明地界的常见叫法
1729-1,1729,道路桥梁专用材料 > 路面材料 > 路面天然石构件,material,界石,边界石,low,口语表达更完整的叫法
1729-1,1729,道路桥梁专用材料 > 路面材料 > 路面天然石构件,material,立缘石,立道牙,high,北方施工口语，立放的道牙
1729-1,1729,道路桥梁专用材料 > 路面材料 > 路面天然石构件,material,立缘石,立石,medium,现场简称，与平石对应的立式缘石
1729-1,1729,道路桥梁专用材料 > 路面材料 > 路面天然石构件,material,立缘石,站石,low,部分南方地区对立缘石的俗称
1729-1,1729,道路桥梁专用材料 > 路面材料 > 路面天然石构件,material,路侧石,侧石,high,最常见简称，指道路侧边的缘石
1729-1,1729,道路桥梁专用材料 > 路面材料 > 路面天然石构件,material,路平石,平石,high,路平石的直接简称
1729-1,1729,道路桥梁专用材料 > 路面材料 > 路面天然石构件,material,路沿石,沿石,low,施工现场常见砍头简称
1729-1,1729,道路桥梁专用材料 > 路面材料 > 路面天然石构件,material,路缘石,缘石,high,道路边缘石材的直接简称，全国通用
1730-3,1730,道路桥梁专用材料 > 路面材料 > 路面砖、广场砖,category,路面砖、广场砖,地砖,medium,施工现场对铺地砖的泛称
1730-3,1730,道路桥梁专用材料 > 路面材料 > 路面砖、广场砖,category,路面砖、广场砖,铺地砖,medium,强调其铺设于地面的功能
1730-3,1730,道路桥梁专用材料 > 路面材料 > 路面砖、广场砖,category,路面砖、广场砖,市政砖,medium,常用于市政道路、广场工程
1730-3,1730,道路桥梁专用材料 > 路面材料 > 路面砖、广场砖,category,路面砖、广场砖,行道砖,medium,用于人行道铺装
1730-3,1730,道路桥梁专用材料 > 路面材料 > 路面砖、广场砖,material,草坪砖,植草砖,high,因其孔洞可植草，现场多称植草砖
1730-3,1730,道路桥梁专用材料 > 路面材料 > 路面砖、广场砖,material,草坪砖,草皮砖,medium,用于铺植草皮
1730-3,1730,道路桥梁专用材料 > 路面材料 > 路面砖、广场砖,material,荷兰砖,荷兰地砖,low,荷兰砖的完整叫法
1730-3,1730,道路桥梁专用材料 > 路面材料 > 路面砖、广场砖,material,连锁砖,联锁砖,medium,连锁与联锁常通用
1730-3,1730,道路桥梁专用材料 > 路面材料 > 路面砖、广场砖,material,连锁砖,互锁砖,medium,强调块体互相锁定
1730-3,1730,道路桥梁专用材料 > 路面材料 > 路面砖、广场砖,material,连锁砖,锁块,low,施工现场口语简称
1730-3,1730,道路桥梁专用材料 > 路面材料 > 路面砖、广场砖,material,透水盲道砖,盲道砖,high,省略透水特性，重点在盲道功能
1730-3,1730,道路桥梁专用材料 > 路面材料 > 路面砖、广场砖,material,透水盲道砖,导盲砖,medium,盲道砖的另一种称呼
1730-3,1730,道路桥梁专用材料 > 路面材料 > 路面砖、广场砖,material,透水砖,渗水砖,high,透水与渗水同义
1730-3,1730,道路桥梁专用材料 > 路面材料 > 路面砖、广场砖,material,透水砖,生态砖,low,因其环保透水特性被称为生态砖
1730-3,1730,道路桥梁专用材料 > 路面材料 > 路面砖、广场砖,material,透水连锁砖,透水联锁砖,medium,连锁与联锁混用
1730-3,1730,道路桥梁专用材料 > 路面材料 > 路面砖、广场砖,material,道路砖,路砖,medium,道路砖的简称
1730-3,1730,道路桥梁专用材料 > 路面材料 > 路面砖、广场砖,material,重载砖,承重砖,medium,强调其承重能力
1730-3,1730,道路桥梁专用材料 > 路面材料 > 路面砖、广场砖,material,面包砖,砌块砖,low,因外形像面包，有时与小型砌块砖混称
1730-3,1730,道路桥梁专用材料 > 路面材料 > 路面砖、广场砖,material,预制砼彩色步砖,彩色步砖,high,省略预制砼
1730-3,1730,道路桥梁专用材料 > 路面材料 > 路面砖、广场砖,material,预制砼彩色步砖,彩砖,medium,施工现场简称
1730-3,1730,道路桥梁专用材料 > 路面材料 > 路面砖、广场砖,material,预制砼彩色步砖,水泥彩砖,medium,砼即水泥混凝土，俗称水泥彩砖
1730-3,1730,道路桥梁专用材料 > 路面材料 > 路面砖、广场砖,material,预制砼彩色步砖,人行道彩砖,medium,常用于人行步道
146-1,146,道路桥梁专用材料 > 道路用构件及加工件 > 路桥接口材料,category,路桥接口材料,桥梁支座,high,该类别下所有材料均为桥梁支座的不同类型，是施工和采购中对该类产品的统称
146-1,146,道路桥梁专用材料 > 道路用构件及加工件 > 路桥接口材料,category,路桥接口材料,梁底支座,medium,施工现场口语叫法，指代安装在梁体底部的各类支座
146-1,146,道路桥梁专用材料 > 道路用构件及加工件 > 路桥接口材料,material,板式橡胶支座,GJZ,high,普通板式橡胶支座的标准代号缩写，采购和图纸中常用
146-1,146,道路桥梁专用材料 > 道路用构件及加工件 > 路桥接口材料,material,板式橡胶支座,GYZ,high,圆形板式橡胶支座代号，施工现场及采购单中直接使用的简称
146-1,146,道路桥梁专用材料 > 道路用构件及加工件 > 路桥接口材料,material,板式橡胶支座,普通橡胶支座,medium,相对于四氟板等滑动支座而言，行业内常见的区分叫法
146-1,146,道路桥梁专用材料 > 道路用构件及加工件 > 路桥接口材料,material,四氟板式橡胶组合支座,四氟支座,high,全称的简化叫法，突出四氟乙烯滑板特征
146-1,146,道路桥梁专用材料 > 道路用构件及加工件 > 路桥接口材料,material,四氟板式橡胶组合支座,滑板支座,high,因其带有聚四氟乙烯滑板，施工现场口语叫法
146-1,146,道路桥梁专用材料 > 道路用构件及加工件 > 路桥接口材料,material,四氟板式橡胶组合支座,四氟滑板橡胶支座,medium,行业内对该类支座的另一种完整别称
146-1,146,道路桥梁专用材料 > 道路用构件及加工件 > 路桥接口材料,material,盆式支座,PZ,high,盆式橡胶支座的标准代号缩写，设计图纸和采购清单常用
146-1,146,道路桥梁专用材料 > 道路用构件及加工件 > 路桥接口材料,material,盆式橡胶支座,PZ,high,盆式橡胶支座的标准代号缩写
146-1,146,道路桥梁专用材料 > 道路用构件及加工件 > 路桥接口材料,material,盆式橡胶支座,盆式支座,high,行业内通用的简称，施工现场口语叫法
146-1,146,道路桥梁专用材料 > 道路用构件及加工件 > 路桥接口材料,material,球形支座,QZ,high,球形支座的标准代号缩写，设计图纸中通用
146-1,146,道路桥梁专用材料 > 道路用构件及加工件 > 路桥接口材料,material,球形钢支座,QZ,high,球形支座的标准代号缩写
146-1,146,道路桥梁专用材料 > 道路用构件及加工件 > 路桥接口材料,material,球形钢支座,球型钢支座,medium,同音字变体，采购和施工记录中常见的写法
146-1,146,道路桥梁专用材料 > 道路用构件及加工件 > 路桥接口材料,material,高阻尼隔震橡胶支座,HDR,high,高阻尼橡胶支座的标准代号，设计图纸和采购计划常用
146-1,146,道路桥梁专用材料 > 道路用构件及加工件 > 路桥接口材料,material,高阻尼隔震橡胶支座,高阻尼支座,high,施工现场和采购时的常用简称
146-1,146,道路桥梁专用材料 > 道路用构件及加工件 > 路桥接口材料,material,切线式钢支座,切线支座,medium,全称的精简叫法，行业内通用
146-1,146,道路桥梁专用材料 > 道路用构件及加工件 > 路桥接口材料,material,切线式钢支座,弧形支座,medium,因其弧形接触面构造，老一代工程人员的习惯叫法
146-1,146,道路桥梁专用材料 > 道路用构件及加工件 > 路桥接口材料,material,辊轴钢支座,滚轴支座,medium,基于其滚动功能的通俗叫法
146-1,146,道路桥梁专用材料 > 道路用构件及加工件 > 路桥接口材料,material,辊轴钢支座,摇轴支座,low,依据其摆动形态的行业变体叫法
1730-2,1730,道路桥梁专用材料 > 路面材料 > 路面砖、广场砖,material,机刨砖,防滑砖,medium,表面经机械刨削形成纹理，主要功能为防滑，施工现场常用此叫法
1730-2,1730,道路桥梁专用材料 > 路面材料 > 路面砖、广场砖,material,树围砖,树池砖,high,用于围砌树池，与树池砖同义
1730-2,1730,道路桥梁专用材料 > 路面材料 > 路面砖、广场砖,material,树围砖,护树砖,medium,强调保护树木根部的功能，采购语境中常见
1730-2,1730,道路桥梁专用材料 > 路面材料 > 路面砖、广场砖,material,梯形砖,锁块砖,medium,梯形结构常用于相互咬合锁紧，在铺装工程中常被称为锁块砖
1730-2,1730,道路桥梁专用材料 > 路面材料 > 路面砖、广场砖,material,植草砖,草坪砖,high,带孔洞可植草坪，俗称草坪砖
1730-2,1730,道路桥梁专用材料 > 路面材料 > 路面砖、广场砖,material,植草砖,草皮砖,medium,施工现场铺装后用于植草皮，常混称草皮砖
1730-2,1730,道路桥梁专用材料 > 路面材料 > 路面砖、广场砖,material,楼顶砖,屋面砖,high,铺设在屋顶楼面的砖，统称屋面砖
1730-2,1730,道路桥梁专用材料 > 路面材料 > 路面砖、广场砖,material,楼顶砖,天台砖,low,南方地区常将楼顶平台称为天台，对应称天台砖
1730-2,1730,道路桥梁专用材料 > 路面材料 > 路面砖、广场砖,material,止步砖,警示砖,high,止步砖通常为凸起圆点或条形，起警示止步作用，常作警示砖
1730-2,1730,道路桥梁专用材料 > 路面材料 > 路面砖、广场砖,material,止步砖,提示砖,medium,视觉障碍者接近危险区域时的地面提示功能叫法
1730-2,1730,道路桥梁专用材料 > 路面材料 > 路面砖、广场砖,material,步道石,条石,high,步道石多为长条形天然石材，俗称为条石
1730-2,1730,道路桥梁专用材料 > 路面材料 > 路面砖、广场砖,material,步道石,踏步石,medium,用于步道台阶或通道的平板石材
1730-2,1730,道路桥梁专用材料 > 路面材料 > 路面砖、广场砖,material,步道砖,人行道砖,high,铺设人行步道的砖，广义常被称为人行道砖
1730-2,1730,道路桥梁专用材料 > 路面材料 > 路面砖、广场砖,material,步道砖,荷兰砖,low,部分区域将特定规格或透水性能的步道砖统称为荷兰砖
1730-2,1730,道路桥梁专用材料 > 路面材料 > 路面砖、广场砖,material,水工砖,护坡砖,high,主要用于水利工程边坡防护，工地上直接叫护坡砖
1730-2,1730,道路桥梁专用材料 > 路面材料 > 路面砖、广场砖,material,水工砖,联锁砖,medium,水工砖多采用联锁结构设计，业界亦称联锁砖
1730-2,1730,道路桥梁专用材料 > 路面材料 > 路面砖、广场砖,material,汀步板,汀步石,medium,汀步板是石质步道板的一种，园林中俗称汀步石
1730-2,1730,道路桥梁专用材料 > 路面材料 > 路面砖、广场砖,material,汀步板,踏步石,low,设在水景或草坪中供人踩踏过行的石材
1730-2,1730,道路桥梁专用材料 > 路面材料 > 路面砖、广场砖,material,波浪砖,曲纹砖,medium,表面呈波浪曲线纹理，有时被称为曲纹砖
1730-2,1730,道路桥梁专用材料 > 路面材料 > 路面砖、广场砖,material,波纹彩砖,彩瓦砖,low,带有彩色波纹图案的砖，现场有时泛称彩瓦砖
1730-2,1730,道路桥梁专用材料 > 路面材料 > 路面砖、广场砖,material,波纹砖,仿古面砖,low,波纹面常被用于仿古做旧效果的铺装中，业内偶称仿古面砖
1730-2,1730,道路桥梁专用材料 > 路面材料 > 路面砖、广场砖,material,烧结砖,陶土砖,high,以陶土高温烧结成型，是常见的俗称
1730-2,1730,道路桥梁专用材料 > 路面材料 > 路面砖、广场砖,material,烧结砖,红砖,high,普通烧结砖多为红色，现场师傅多直接统称红砖
1730-2,1730,道路桥梁专用材料 > 路面材料 > 路面砖、广场砖,material,烧结砖,清水砖,medium,表面不粉刷、以砖本色示人的烧结砖俗称清水砖
1730-2,1730,道路桥梁专用材料 > 路面材料 > 路面砖、广场砖,material,生态砖,透水砖,medium,强调生态环境效益多体现在透水性能上，常被人直接叫做透水砖
1730-2,1730,道路桥梁专用材料 > 路面材料 > 路面砖、广场砖,material,生态砖,环保砖,low,主打环保概念时常被称为环保砖
1730-2,1730,道路桥梁专用材料 > 路面材料 > 路面砖、广场砖,material,盲道砖,盲人砖,high,为视觉障碍者铺设，最通俗的叫法
1730-2,1730,道路桥梁专用材料 > 路面材料 > 路面砖、广场砖,material,盲道砖,导盲砖,high,引导盲人行走的专用砖
1730-2,1730,道路桥梁专用材料 > 路面材料 > 路面砖、广场砖,material,盲道砖,突起路标砖,low,表面有凸起构造作为路标，规格书或招投标中偶用此称
1730-2,1730,道路桥梁专用材料 > 路面材料 > 路面砖、广场砖,material,盲道透水砖,透水盲道砖,high,具有透水功能的盲道砖，直接颠倒语序俗称透水盲道砖
1730-2,1730,道路桥梁专用材料 > 路面材料 > 路面砖、广场砖,material,砂基透水砖,硅砂砖,high,以硅砂为主要骨料粘合透水而成，俗称硅砂砖
1730-2,1730,道路桥梁专用材料 > 路面材料 > 路面砖、广场砖,material,砂基透水砖,砂基砖,medium,在施工行业内部常简称为砂基砖
1730-2,1730,道路桥梁专用材料 > 路面材料 > 路面砖、广场砖,material,箭头砖,导向砖,medium,用于地面铺装指示方向箭头，功能别名导向砖
1730-2,1730,道路桥梁专用材料 > 路面材料 > 路面砖、广场砖,material,组合广场砖,拼花广场砖,medium,多种规格砖组合铺设形成图案，统称拼花广场砖
1730-1,1730,道路桥梁专用材料 > 路面材料 > 路面砖、广场砖,category,路面砖、广场砖,铺地砖,high,路面砖、广场砖在施工现场的统称
1730-1,1730,道路桥梁专用材料 > 路面材料 > 路面砖、广场砖,category,路面砖、广场砖,地砖,high,俗称，泛指铺地用的砖
1730-1,1730,道路桥梁专用材料 > 路面材料 > 路面砖、广场砖,category,路面砖、广场砖,室外砖,medium,区别于室内瓷砖的口语分类
1730-1,1730,道路桥梁专用材料 > 路面材料 > 路面砖、广场砖,category,路面砖、广场砖,场地砖,medium,广场、园区等场地铺装砖的叫法
1730-1,1730,道路桥梁专用材料 > 路面材料 > 路面砖、广场砖,material,8字草坪砖,八字植草砖,high,因砖孔呈8字形且用于植草得名
1730-1,1730,道路桥梁专用材料 > 路面材料 > 路面砖、广场砖,material,8字草坪砖,8字植草砖,high,施工现场按形状和功能称呼
1730-1,1730,道路桥梁专用材料 > 路面材料 > 路面砖、广场砖,material,8字草坪砖,草坪砖,medium,植草砖的简称，采购时可能省略形状
1730-1,1730,道路桥梁专用材料 > 路面材料 > 路面砖、广场砖,material,PC砖,仿石砖,high,PC砖主要仿花岗岩等石材效果
1730-1,1730,道路桥梁专用材料 > 路面材料 > 路面砖、广场砖,material,PC砖,仿花岗岩砖,medium,根据仿石类型口语称呼
1730-1,1730,道路桥梁专用材料 > 路面材料 > 路面砖、广场砖,material,井砖,检查井砖,high,用于砌筑检查井的砖
1730-1,1730,道路桥梁专用材料 > 路面材料 > 路面砖、广场砖,material,井砖,收口砖,medium,砌筑井筒收口部分的专用砖
1730-1,1730,道路桥梁专用材料 > 路面材料 > 路面砖、广场砖,material,井砖,窨井砖,medium,南方部分地区对检查井的称呼
1730-1,1730,道路桥梁专用材料 > 路面材料 > 路面砖、广场砖,material,人行道砖,行人砖,high,人行道用砖的简称
1730-1,1730,道路桥梁专用材料 > 路面材料 > 路面砖、广场砖,material,人行道砖,步道砖,high,人行步道铺装砖
1730-1,1730,道路桥梁专用材料 > 路面材料 > 路面砖、广场砖,material,人行道砖,花砖,low,老式说法，指人行道上带花纹的预制砖
1730-1,1730,道路桥梁专用材料 > 路面材料 > 路面砖、广场砖,material,仿古青砖,仿古砖,medium,省略颜色，施工现场常用简称
1730-1,1730,道路桥梁专用材料 > 路面材料 > 路面砖、广场砖,material,便道砖,便道板,medium,部分地区将砖称为板
1730-1,1730,道路桥梁专用材料 > 路面材料 > 路面砖、广场砖,material,八卦砖,八角砖,high,八卦图形状接近八角形
1730-1,1730,道路桥梁专用材料 > 路面材料 > 路面砖、广场砖,material,六角砖,六棱砖,high,按几何形状俗称
1730-1,1730,道路桥梁专用材料 > 路面材料 > 路面砖、广场砖,material,六角砖,蜂巢砖,low,六角形铺设效果似蜂巢
1730-1,1730,道路桥梁专用材料 > 路面材料 > 路面砖、广场砖,material,劈裂砌砖,劈开砖,high,劈裂砌砖的俗称
1730-1,1730,道路桥梁专用材料 > 路面材料 > 路面砖、广场砖,material,劈裂砌砖,劈离砖,high,生产工艺命名，沿劈裂面分开
1730-1,1730,道路桥梁专用材料 > 路面材料 > 路面砖、广场砖,material,劈裂砌砖,对开砖,medium,一块长砖劈成两块使用的说法
1730-1,1730,道路桥梁专用材料 > 路面材料 > 路面砖、广场砖,material,压六角砖,压六棱砖,high,压顶用的六角砖俗称
1730-1,1730,道路桥梁专用材料 > 路面材料 > 路面砖、广场砖,material,压顶砖,墙帽砖,high,墙体顶部的封顶砖
1730-1,1730,道路桥梁专用材料 > 路面材料 > 路面砖、广场砖,material,压顶砖,盖顶砖,medium,一般用于围墙或花池顶部
1730-1,1730,道路桥梁专用材料 > 路面材料 > 路面砖、广场砖,material,压顶砖,收口压顶,low,砌筑工序与材料名称混用
1730-1,1730,道路桥梁专用材料 > 路面材料 > 路面砖、广场砖,material,古建青砖,条砖,medium,古建青砖中常见规格形状
1730-1,1730,道路桥梁专用材料 > 路面材料 > 路面砖、广场砖,material,古建青砖,城砖,low,仿古城墙砖
1730-1,1730,道路桥梁专用材料 > 路面材料 > 路面砖、广场砖,material,吸水砖,渗水砖,high,强调渗水功能
1730-1,1730,道路桥梁专用材料 > 路面材料 > 路面砖、广场砖,material,吸水砖,透水砖,high,透水铺装材料的统称
1730-1,1730,道路桥梁专用材料 > 路面材料 > 路面砖、广场砖,material,吸水砖,海绵砖,medium,海绵城市建设用砖的口语叫法
1730-1,1730,道路桥梁专用材料 > 路面材料 > 路面砖、广场砖,material,工字砖,H形砖,high,按形状类似字母H/工
1730-1,1730,道路桥梁专用材料 > 路面材料 > 路面砖、广场砖,material,工字砖,联锁砖,medium,工字型多用于带嵌锁的护坡
1730-1,1730,道路桥梁专用材料 > 路面材料 > 路面砖、广场砖,material,平石,路缘平石,high,相对于立石的平放路缘石
1730-1,1730,道路桥梁专用材料 > 路面材料 > 路面砖、广场砖,material,平石,平缘石,high,道路工程标准用语
1730-1,1730,道路桥梁专用材料 > 路面材料 > 路面砖、广场砖,material,平石,平板石,low,现场口语化叫法
1730-1,1730,道路桥梁专用材料 > 路面材料 > 路面砖、广场砖,material,平面大方砖,四方形砖,high,描述形状
1730-1,1730,道路桥梁专用材料 > 路面材料 > 路面砖、广场砖,material,平面大方砖,大板砖,medium,面积较大的方砖俗称
1730-1,1730,道路桥梁专用材料 > 路面材料 > 路面砖、广场砖,material,平面曲波砖,S型砖,high,侧面呈曲波或S型
1730-1,1730,道路桥梁专用材料 > 路面材料 > 路面砖、广场砖,material,平面曲波砖,波浪砖,medium,按曲线效果称呼
1730-1,1730,道路桥梁专用材料 > 路面材料 > 路面砖、广场砖,material,平面曲波砖,曲线砖,low,现场对曲面的简单描述
1730-1,1730,道路桥梁专用材料 > 路面材料 > 路面砖、广场砖,material,平面砖,光面砖,medium,相对于拉丝面等其他处理
1730-1,1730,道路桥梁专用材料 > 路面材料 > 路面砖、广场砖,material,建菱砖,荷兰砖,high,建菱砖的技术原型
1730-1,1730,道路桥梁专用材料 > 路面材料 > 路面砖、广场砖,material,建菱砖,舒布洛克砖,medium,另一种常见的连锁块叫法
1730-1,1730,道路桥梁专用材料 > 路面材料 > 路面砖、广场砖,material,建菱砖,透水连锁块,medium,按功能称呼
1730-1,1730,道路桥梁专用材料 > 路面材料 > 路面砖、广场砖,material,抗冻透水砖,防冻砖,high,强调抗冻性能
1730-1,1730,道路桥梁专用材料 > 路面材料 > 路面砖、广场砖,material,抗冻透水砖,抗冻砖,high,北方地区对透水砖的常见要求俗称
1730-1,1730,道路桥梁专用材料 > 路面材料 > 路面砖、广场砖,material,护坡砖,护坡砌块,high,大尺寸的护坡砖通常叫砌块
1730-1,1730,道路桥梁专用材料 > 路面材料 > 路面砖、广场砖,material,护坡砖,生态护坡砖,medium,带孔可植草的护坡砖
1730-1,1730,道路桥梁专用材料 > 路面材料 > 路面砖、广场砖,material,护坡砖,挡墙砖,low,小型挡土墙用砖
1730-1,1730,道路桥梁专用材料 > 路面材料 > 路面砖、广场砖,material,拉丝砖,拉毛砖,high,表面处理工艺类似，现场混用叫法
1730-1,1730,道路桥梁专用材料 > 路面材料 > 路面砖、广场砖,material,拉丝砖,条纹砖,medium,拉丝效果呈现条纹状
1730-1,1730,道路桥梁专用材料 > 路面材料 > 路面砖、广场砖,material,拉丝砖,防滑面砖,medium,拉丝处理的主要实用功能
1730-1,1730,道路桥梁专用材料 > 路面材料 > 路面砖、广场砖,material,曲波带格砖,S型嵌草砖,medium,曲波边缘带植草格
1730-1,1730,道路桥梁专用材料 > 路面材料 > 路面砖、广场砖,material,曲波带格砖,曲波植草砖,medium,功能与形状结合的叫法
180-1,180,道路桥梁专用材料 > 道路用构件及加工件 > 道路管井、沟槽等构件,category,道路管井、沟槽等构件,检查井,high,道路管井在工程中统称检查井
180-1,180,道路桥梁专用材料 > 道路用构件及加工件 > 道路管井、沟槽等构件,category,道路管井、沟槽等构件,窨井,high,管井的方言及俗称
180-1,180,道路桥梁专用材料 > 道路用构件及加工件 > 道路管井、沟槽等构件,category,道路管井、沟槽等构件,井座井盖,medium,沟槽构件常包含井座与井盖
180-1,180,道路桥梁专用材料 > 道路用构件及加工件 > 道路管井、沟槽等构件,material,135℃井,135度检查井,high,施工现场对角度井的完整叫法
180-1,180,道路桥梁专用材料 > 道路用构件及加工件 > 道路管井、沟槽等构件,material,15°弯头井,15度转弯井,high,转弯角度描述的俗称
180-1,180,道路桥梁专用材料 > 道路用构件及加工件 > 道路管井、沟槽等构件,material,45°弯头井,45度转弯井,high,施工现场口语叫法
180-1,180,道路桥梁专用材料 > 道路用构件及加工件 > 道路管井、沟槽等构件,material,45°弯头井座,45度转角井座,medium,结合角度的井座俗称
180-1,180,道路桥梁专用材料 > 道路用构件及加工件 > 道路管井、沟槽等构件,material,90°井,直角井,high,90度直角转向的简称
180-1,180,道路桥梁专用材料 > 道路用构件及加工件 > 道路管井、沟槽等构件,material,90°弯头井,90度转弯井,high,施工现场口语
180-1,180,道路桥梁专用材料 > 道路用构件及加工件 > 道路管井、沟槽等构件,material,90°弯头井座,90度转角井座,medium,对应井座的别称
180-1,180,道路桥梁专用材料 > 道路用构件及加工件 > 道路管井、沟槽等构件,material,一通井,直通井,high,只有一条通道的井
180-1,180,道路桥梁专用材料 > 道路用构件及加工件 > 道路管井、沟槽等构件,material,万能井座,可调井座,medium,万能对应多种调节功能
180-1,180,道路桥梁专用材料 > 道路用构件及加工件 > 道路管井、沟槽等构件,material,三通井,三通检查井,high,三通类型的完整叫法
180-1,180,道路桥梁专用材料 > 道路用构件及加工件 > 道路管井、沟槽等构件,material,三通井(沉泥),沉泥三通井,high,特征前置的简称
180-1,180,道路桥梁专用材料 > 道路用构件及加工件 > 道路管井、沟槽等构件,material,三通井(沉泥),沉泥井,medium,强调沉泥功能的简称
180-1,180,道路桥梁专用材料 > 道路用构件及加工件 > 道路管井、沟槽等构件,material,三通井(流槽),流槽三通井,high,特征前置的简称
180-1,180,道路桥梁专用材料 > 道路用构件及加工件 > 道路管井、沟槽等构件,material,三通井(流槽),流槽井,medium,强调流槽功能的简称
180-1,180,道路桥梁专用材料 > 道路用构件及加工件 > 道路管井、沟槽等构件,material,三通井座,三通座,medium,采购时的口语叫法
180-1,180,道路桥梁专用材料 > 道路用构件及加工件 > 道路管井、沟槽等构件,material,不锈钢井盖,不锈钢窨井盖,high,带材质的完整叫法
180-1,180,道路桥梁专用材料 > 道路用构件及加工件 > 道路管井、沟槽等构件,material,不锈钢格栅盖板,不锈钢格栅,high,省略盖板的简称
180-1,180,道路桥梁专用材料 > 道路用构件及加工件 > 道路管井、沟槽等构件,material,不锈钢盖板,不锈钢板盖,medium,语序调换的口语
180-1,180,道路桥梁专用材料 > 道路用构件及加工件 > 道路管井、沟槽等构件,material,不锈钢隐形井盖,隐形井盖,high,省略材质的简称
180-1,180,道路桥梁专用材料 > 道路用构件及加工件 > 道路管井、沟槽等构件,material,不锈钢隐形井盖,下沉式井盖,medium,隐形井盖的另一种叫法
180-1,180,道路桥梁专用材料 > 道路用构件及加工件 > 道路管井、沟槽等构件,material,两通井,直通井,high,两通即为直通
180-1,180,道路桥梁专用材料 > 道路用构件及加工件 > 道路管井、沟槽等构件,material,二通井,直通井,high,二通是两通的同义叫法
180-1,180,道路桥梁专用材料 > 道路用构件及加工件 > 道路管井、沟槽等构件,material,五防井盖,五防检查井盖,high,全称叫法
180-1,180,道路桥梁专用材料 > 道路用构件及加工件 > 道路管井、沟槽等构件,material,五防井盖,防盗井盖,medium,五防中防盗功能被突出叫
180-1,180,道路桥梁专用材料 > 道路用构件及加工件 > 道路管井、沟槽等构件,material,井盖,窨井盖,high,传统叫法
180-1,180,道路桥梁专用材料 > 道路用构件及加工件 > 道路管井、沟槽等构件,material,井盖,检查井盖,high,工程标准叫法
180-1,180,道路桥梁专用材料 > 道路用构件及加工件 > 道路管井、沟槽等构件,material,井筒,井身,high,井筒的施工现场叫法
180-1,180,道路桥梁专用材料 > 道路用构件及加工件 > 道路管井、沟槽等构件,material,井筒,井圈,medium,井筒上部承重部分的口语叫法
180-1,180,道路桥梁专用材料 > 道路用构件及加工件 > 道路管井、沟槽等构件,material,任意角度式井,任意转角井,medium,灵活转向的井称呼
180-1,180,道路桥梁专用材料 > 道路用构件及加工件 > 道路管井、沟槽等构件,material,六通井,六通检查井,high,完整叫法
180-1,180,道路桥梁专用材料 > 道路用构件及加工件 > 道路管井、沟槽等构件,material,加重型井盖,重载井盖,high,加重型的标准技术叫法
180-1,180,道路桥梁专用材料 > 道路用构件及加工件 > 道路管井、沟槽等构件,material,加重型井盖,承重井盖,high,强调承重能力的口译
180-1,180,道路桥梁专用材料 > 道路用构件及加工件 > 道路管井、沟槽等构件,material,加重型井盖,重型井盖,high,普遍的施工现场简称
180-2,180,道路桥梁专用材料 > 道路用构件及加工件 > 道路管井、沟槽等构件,material,单篦子,单雨水篦,high,施工现场多用于雨水口，强调单体型
180-2,180,道路桥梁专用材料 > 道路用构件及加工件 > 道路管井、沟槽等构件,material,单篦子,单联篦子,medium,区别于多联篦子的采购叫法
180-2,180,道路桥梁专用材料 > 道路用构件及加工件 > 道路管井、沟槽等构件,material,单通井,直通井,high,只有一进一出，施工口语叫直通
180-2,180,道路桥梁专用材料 > 道路用构件及加工件 > 道路管井、沟槽等构件,material,单通井,单通,medium,现场简称
180-2,180,道路桥梁专用材料 > 道路用构件及加工件 > 道路管井、沟槽等构件,material,四通井,十字井,high,四通形状像十字，施工惯用叫法
180-2,180,道路桥梁专用材料 > 道路用构件及加工件 > 道路管井、沟槽等构件,material,四通井,四通,medium,现场简称
180-2,180,道路桥梁专用材料 > 道路用构件及加工件 > 道路管井、沟槽等构件,material,四通井(沉泥),十字沉泥井,medium,四通井加沉泥室的功能组合叫法
180-2,180,道路桥梁专用材料 > 道路用构件及加工件 > 道路管井、沟槽等构件,material,四通井座,四通底座,medium,井座通常被称为底座
180-2,180,道路桥梁专用材料 > 道路用构件及加工件 > 道路管井、沟槽等构件,material,圆井盖,圆形窖井盖,high,全称的简称
180-2,180,道路桥梁专用材料 > 道路用构件及加工件 > 道路管井、沟槽等构件,material,圆形井盖,圆井盖,high,互为别称，口语化简写
180-2,180,道路桥梁专用材料 > 道路用构件及加工件 > 道路管井、沟槽等构件,material,圆形井盖,圆盖,medium,施工现场简称
180-2,180,道路桥梁专用材料 > 道路用构件及加工件 > 道路管井、沟槽等构件,material,塑料井盖,树脂井盖,high,塑料井盖多为树脂基复合材料，采购时混称
180-2,180,道路桥梁专用材料 > 道路用构件及加工件 > 道路管井、沟槽等构件,material,塑料内盖,内胆盖,medium,位于井内的二次防护盖
180-2,180,道路桥梁专用材料 > 道路用构件及加工件 > 道路管井、沟槽等构件,material,复合井盖,树脂复合盖,high,强调材料为树脂复合材料
180-2,180,道路桥梁专用材料 > 道路用构件及加工件 > 道路管井、沟槽等构件,material,复合井盖,高分子井盖,medium,高分子复合材料井盖的口语统称
180-2,180,道路桥梁专用材料 > 道路用构件及加工件 > 道路管井、沟槽等构件,material,复合护树板,树篦子,high,护树板的通用俗称
180-2,180,道路桥梁专用材料 > 道路用构件及加工件 > 道路管井、沟槽等构件,material,复合护树板,树池盖板,high,施工图纸常用名
180-2,180,道路桥梁专用材料 > 道路用构件及加工件 > 道路管井、沟槽等构件,material,复合盖板,复合板,medium,现场简称
180-2,180,道路桥梁专用材料 > 道路用构件及加工件 > 道路管井、沟槽等构件,material,外方内圆井盖,方边圆盖,medium,对方形外框圆形内盖的简称
180-2,180,道路桥梁专用材料 > 道路用构件及加工件 > 道路管井、沟槽等构件,material,多管接入井,多通井,high,多方向管道接入的统称
180-2,180,道路桥梁专用材料 > 道路用构件及加工件 > 道路管井、沟槽等构件,material,异形铸铁沟盖板,异形排水沟盖,medium,沟盖板完整称呼
180-2,180,道路桥梁专用材料 > 道路用构件及加工件 > 道路管井、沟槽等构件,material,异形铸铁沟盖板,铸铁水沟盖,medium,强调材质和用途
180-2,180,道路桥梁专用材料 > 道路用构件及加工件 > 道路管井、沟槽等构件,material,弯头井,转弯井,high,管道转弯处设置的井，施工叫法
180-2,180,道路桥梁专用材料 > 道路用构件及加工件 > 道路管井、沟槽等构件,material,弯头井(沉泥),转弯沉泥井,medium,带沉泥室的转弯井简称
180-2,180,道路桥梁专用材料 > 道路用构件及加工件 > 道路管井、沟槽等构件,material,弯头井90°(沉泥),90度转弯沉泥井,medium,强调弯头角度为直角
180-3,180,道路桥梁专用材料 > 道路用构件及加工件 > 道路管井、沟槽等构件,material,弯头井90°(流槽),90度弯头井,high,施工口语简化的常用叫法
180-3,180,道路桥梁专用材料 > 道路用构件及加工件 > 道路管井、沟槽等构件,material,弯头井90°(流槽),转弯检查井,medium,因其功能得名
180-3,180,道路桥梁专用材料 > 道路用构件及加工件 > 道路管井、沟槽等构件,material,弯头井座,弯头井底,medium,指带流槽的预制井座底部
180-3,180,道路桥梁专用材料 > 道路用构件及加工件 > 道路管井、沟槽等构件,material,手孔井,手孔,high,行业简称
180-3,180,道路桥梁专用材料 > 道路用构件及加工件 > 道路管井、沟槽等构件,material,收集井,集水坑,medium,施工现场对小型收集井的俗称
180-3,180,道路桥梁专用材料 > 道路用构件及加工件 > 道路管井、沟槽等构件,material,方井盖,方形盖板,high,同义口语叫法
180-3,180,道路桥梁专用材料 > 道路用构件及加工件 > 道路管井、沟槽等构件,material,方型井盖,方盖子,medium,工人简略称呼
180-3,180,道路桥梁专用材料 > 道路用构件及加工件 > 道路管井、沟槽等构件,material,方沟盖板,沟盖板,high,省略形状描述的常用叫法
180-3,180,道路桥梁专用材料 > 道路用构件及加工件 > 道路管井、沟槽等构件,material,方沟盖板,电缆沟盖板,medium,常用于电缆沟的该类盖板
180-3,180,道路桥梁专用材料 > 道路用构件及加工件 > 道路管井、沟槽等构件,material,普通型井盖,普型井盖,medium,简称
180-3,180,道路桥梁专用材料 > 道路用构件及加工件 > 道路管井、沟槽等构件,material,树脂井盖,复合井盖,high,多由树脂复合材料制成，常被统称
180-3,180,道路桥梁专用材料 > 道路用构件及加工件 > 道路管井、沟槽等构件,material,树脂井盖,塑料井盖,medium,非正式场合的通俗叫法
180-3,180,道路桥梁专用材料 > 道路用构件及加工件 > 道路管井、沟槽等构件,material,树脂模压盖板,SMC盖板,high,片状模塑料模压成型技术简称
180-3,180,道路桥梁专用材料 > 道路用构件及加工件 > 道路管井、沟槽等构件,material,树脂模压盖板,模压盖板,medium,工艺简称
180-3,180,道路桥梁专用材料 > 道路用构件及加工件 > 道路管井、沟槽等构件,material,树脂盖板,复合盖板,medium,树脂基复合材料的通用叫法
180-3,180,道路桥梁专用材料 > 道路用构件及加工件 > 道路管井、沟槽等构件,material,检查井,窨井,high,传统行业术语
180-3,180,道路桥梁专用材料 > 道路用构件及加工件 > 道路管井、沟槽等构件,material,检查井,人孔井,medium,可进人检修的检查井别称
180-3,180,道路桥梁专用材料 > 道路用构件及加工件 > 道路管井、沟槽等构件,material,检查井盖,窨井盖,high,对应窨井的盖子
180-3,180,道路桥梁专用材料 > 道路用构件及加工件 > 道路管井、沟槽等构件,material,检查井盖,井盖子,medium,工地口语
180-3,180,道路桥梁专用材料 > 道路用构件及加工件 > 道路管井、沟槽等构件,material,检查井盖板,预制盖板,medium,工厂预制的钢筋混凝土检查井盖板
180-3,180,道路桥梁专用材料 > 道路用构件及加工件 > 道路管井、沟槽等构件,material,正三角形井,三角井,high,简称
180-3,180,道路桥梁专用材料 > 道路用构件及加工件 > 道路管井、沟槽等构件,material,正四通井,四通检查井,high,常见组合叫法
180-3,180,道路桥梁专用材料 > 道路用构件及加工件 > 道路管井、沟槽等构件,material,正四通井,十字井,medium,因其四通交汇形状得名
180-3,180,道路桥梁专用材料 > 道路用构件及加工件 > 道路管井、沟槽等构件,material,水封井座,水封井,medium,通常与座体一体称呼
180-3,180,道路桥梁专用材料 > 道路用构件及加工件 > 道路管井、沟槽等构件,material,水封井座,防臭井座,medium,突出水封功能
180-3,180,道路桥梁专用材料 > 道路用构件及加工件 > 道路管井、沟槽等构件,material,水泥井盖,混凝土井盖,high,水泥与混凝土叫法混用
180-3,180,道路桥梁专用材料 > 道路用构件及加工件 > 道路管井、沟槽等构件,material,水篦子,雨水篦子,high,全称
180-3,180,道路桥梁专用材料 > 道路用构件及加工件 > 道路管井、沟槽等构件,material,水篦子,排水篦,medium,简称
180-3,180,道路桥梁专用材料 > 道路用构件及加工件 > 道路管井、沟槽等构件,material,水篦子,进水格栅,low,功能描述性俗称
180-3,180,道路桥梁专用材料 > 道路用构件及加工件 > 道路管井、沟槽等构件,material,汇合三通井,三通检查井,high,常见叫法
180-3,180,道路桥梁专用材料 > 道路用构件及加工件 > 道路管井、沟槽等构件,material,汇合三通井,T型井,medium,形状描述
180-3,180,道路桥梁专用材料 > 道路用构件及加工件 > 道路管井、沟槽等构件,material,污水池盖板,污水处理池盖,medium,全称叫法
180-3,180,道路桥梁专用材料 > 道路用构件及加工件 > 道路管井、沟槽等构件,material,油污隔离井,隔油井,high,简称
180-3,180,道路桥梁专用材料 > 道路用构件及加工件 > 道路管井、沟槽等构件,material,油污隔离井,隔油池,medium,有时井与池称呼混用
180-3,180,道路桥梁专用材料 > 道路用构件及加工件 > 道路管井、沟槽等构件,material,液压井盖,液压开启井盖,medium,全称
180-3,180,道路桥梁专用材料 > 道路用构件及加工件 > 道路管井、沟槽等构件,material,混凝土井盖,水泥井盖,high,水泥与混凝土叫法混用
180-3,180,道路桥梁专用材料 > 道路用构件及加工件 > 道路管井、沟槽等构件,material,混凝土井盖,砼井盖,high,砼是混凝土的工程简称
180-7,180,道路桥梁专用材料 > 道路用构件及加工件 > 道路管井、沟槽等构件,material,雨水口座,雨水井座,medium,雨水口常被统称为雨水井，其底座部分俗称雨水井座
180-7,180,道路桥梁专用材料 > 道路用构件及加工件 > 道路管井、沟槽等构件,material,雨水口座,雨水口底座,high,描述性实物，口语中常直接称为底座
180-7,180,道路桥梁专用材料 > 道路用构件及加工件 > 道路管井、沟槽等构件,material,雨水收集井,收水井,high,施工现场对起收集雨水功能的井体的常见简称
180-7,180,道路桥梁专用材料 > 道路用构件及加工件 > 道路管井、沟槽等构件,material,雨水收集井,集水井,medium,收集和汇聚雨水的井在许多场合通用此叫法
180-7,180,道路桥梁专用材料 > 道路用构件及加工件 > 道路管井、沟槽等构件,material,雨水篦子,水篦子,high,采购和施工口译中最极简的省略叫法
180-7,180,道路桥梁专用材料 > 道路用构件及加工件 > 道路管井、沟槽等构件,material,雨水篦子,雨篦子,medium,简化了“水”字的口语叫法
180-7,180,道路桥梁专用材料 > 道路用构件及加工件 > 道路管井、沟槽等构件,material,雨水篦子,雨水口箅子,medium,“箅子”是篦子的同义异形字，在图纸和采购单上常见
180-7,180,道路桥梁专用材料 > 道路用构件及加工件 > 道路管井、沟槽等构件,material,雨水篦子,下水盖,low,道路工人对其排水功能的直接称呼
180-7,180,道路桥梁专用材料 > 道路用构件及加工件 > 道路管井、沟槽等构件,material,高分子水篦子,树脂水篦子,high,高分子材料常以树脂为主，采购现场常以此作为材料特指
180-7,180,道路桥梁专用材料 > 道路用构件及加工件 > 道路管井、沟槽等构件,material,高分子水篦子,塑料水篦子,medium,施工现场对非金属材质篦子的通俗统称
180-7,180,道路桥梁专用材料 > 道路用构件及加工件 > 道路管井、沟槽等构件,material,高分子水篦子,复合材料水篦子,medium,强调其非单一材质的高分子属性
180-7,180,道路桥梁专用材料 > 道路用构件及加工件 > 道路管井、沟槽等构件,material,高跟鞋防卡雨水篦子,防卡篦子,high,施工和采购中针对此特殊功能的极简叫法
180-7,180,道路桥梁专用材料 > 道路用构件及加工件 > 道路管井、沟槽等构件,material,高跟鞋防卡雨水篦子,高跟鞋篦子,medium,口语中以其防卡功能的主要受益对象代称
180-7,180,道路桥梁专用材料 > 道路用构件及加工件 > 道路管井、沟槽等构件,material,高跟鞋防卡雨水篦子,防滑防卡水篦子,low,扩展了部分功能描述的别称
180-4,180,道路桥梁专用材料 > 道路用构件及加工件 > 道路管井、沟槽等构件,category,道路管井、沟槽等构件,检查井构件,medium,涵盖所有井筒、井盖、井座等部件的总称
180-4,180,道路桥梁专用材料 > 道路用构件及加工件 > 道路管井、沟槽等构件,material,混凝土井筒,水泥井筒,high,主要材料俗称
180-4,180,道路桥梁专用材料 > 道路用构件及加工件 > 道路管井、沟槽等构件,material,混凝土井筒,预制井筒,high,多为装配式预制件
180-4,180,道路桥梁专用材料 > 道路用构件及加工件 > 道路管井、沟槽等构件,material,渗透井,渗水井,high,同义词
180-4,180,道路桥梁专用材料 > 道路用构件及加工件 > 道路管井、沟槽等构件,material,渗透井,雨水渗透井,medium,功能全称
180-4,180,道路桥梁专用材料 > 道路用构件及加工件 > 道路管井、沟槽等构件,material,渗透井,透水井,medium,强调透水功能
180-4,180,道路桥梁专用材料 > 道路用构件及加工件 > 道路管井、沟槽等构件,material,热镀锌钢格栅盖板,热镀锌格栅,high,材料简称
180-4,180,道路桥梁专用材料 > 道路用构件及加工件 > 道路管井、沟槽等构件,material,热镀锌钢格栅盖板,镀锌钢格板,high,简称
180-4,180,道路桥梁专用材料 > 道路用构件及加工件 > 道路管井、沟槽等构件,material,热镀锌钢格栅盖板,钢格栅水篦子,medium,排水场景口语叫法
180-4,180,道路桥梁专用材料 > 道路用构件及加工件 > 道路管井、沟槽等构件,material,焊接井,焊接检查井,high,全称
180-4,180,道路桥梁专用材料 > 道路用构件及加工件 > 道路管井、沟槽等构件,material,焊接井,拼装井,medium,通过焊接拼接而成
180-4,180,道路桥梁专用材料 > 道路用构件及加工件 > 道路管井、沟槽等构件,material,环保型复合树脂井盖,树脂井盖,high,简称
180-4,180,道路桥梁专用材料 > 道路用构件及加工件 > 道路管井、沟槽等构件,material,环保型复合树脂井盖,复合树脂盖板,high,同义称呼
180-4,180,道路桥梁专用材料 > 道路用构件及加工件 > 道路管井、沟槽等构件,material,玻璃纤维复合井盖,玻纤井盖,high,材料缩写
180-4,180,道路桥梁专用材料 > 道路用构件及加工件 > 道路管井、沟槽等构件,material,玻璃纤维复合井盖,无机复合井盖,medium,行业类别统称
180-4,180,道路桥梁专用材料 > 道路用构件及加工件 > 道路管井、沟槽等构件,material,玻璃钢井盖,GRP井盖,medium,英文缩写俗称
180-4,180,道路桥梁专用材料 > 道路用构件及加工件 > 道路管井、沟槽等构件,material,玻璃钢井盖,玻璃纤维增强塑料井盖,low,全称
180-4,180,道路桥梁专用材料 > 道路用构件及加工件 > 道路管井、沟槽等构件,material,玻璃钢格栅板,FRP格栅,high,英文缩写俗称
180-4,180,道路桥梁专用材料 > 道路用构件及加工件 > 道路管井、沟槽等构件,material,玻璃钢格栅板,玻璃钢格栅,high,简称
180-4,180,道路桥梁专用材料 > 道路用构件及加工件 > 道路管井、沟槽等构件,material,玻璃钢盖板,FRP盖板,high,英文缩写俗称
180-4,180,道路桥梁专用材料 > 道路用构件及加工件 > 道路管井、沟槽等构件,material,玻璃钢盖板,玻璃钢板,medium,简称
180-4,180,道路桥梁专用材料 > 道路用构件及加工件 > 道路管井、沟槽等构件,material,球墨井盖,球铁盖板,high,简称
180-4,180,道路桥梁专用材料 > 道路用构件及加工件 > 道路管井、沟槽等构件,material,球墨井盖,铸铁井盖,high,大类俗称
180-4,180,道路桥梁专用材料 > 道路用构件及加工件 > 道路管井、沟槽等构件,material,球墨铸铁井盖,球墨盖,high,简称
180-4,180,道路桥梁专用材料 > 道路用构件及加工件 > 道路管井、沟槽等构件,material,球墨铸铁井盖,铸铁井盖,high,大类俗称
180-4,180,道路桥梁专用材料 > 道路用构件及加工件 > 道路管井、沟槽等构件,material,球墨铸铁井盖,球铁井盖,high,简称
180-4,180,道路桥梁专用材料 > 道路用构件及加工件 > 道路管井、沟槽等构件,material,球墨铸铁单篦子,球墨单篦,high,简称
180-4,180,道路桥梁专用材料 > 道路用构件及加工件 > 道路管井、沟槽等构件,material,球墨铸铁单篦子,铸铁单篦,medium,材料+规格简称
180-4,180,道路桥梁专用材料 > 道路用构件及加工件 > 道路管井、沟槽等构件,material,球墨铸铁盖板,球铁盖板,high,简称
180-4,180,道路桥梁专用材料 > 道路用构件及加工件 > 道路管井、沟槽等构件,material,球墨铸铁盖板,球墨盖板,high,简称
180-4,180,道路桥梁专用材料 > 道路用构件及加工件 > 道路管井、沟槽等构件,material,球墨铸铁雨水篦子,铸铁水篦子,high,材料简称
180-4,180,道路桥梁专用材料 > 道路用构件及加工件 > 道路管井、沟槽等构件,material,球墨铸铁雨水篦子,球墨水篦,high,材料+用途简称
180-4,180,道路桥梁专用材料 > 道路用构件及加工件 > 道路管井、沟槽等构件,material,球墨铸铁雨水篦子,雨水铸铁篦,medium,用途+材料叫法
180-4,180,道路桥梁专用材料 > 道路用构件及加工件 > 道路管井、沟槽等构件,material,电信井,通讯井,high,同义用途称呼
180-4,180,道路桥梁专用材料 > 道路用构件及加工件 > 道路管井、沟槽等构件,material,电信井,弱电井,high,弱电系统统称
180-4,180,道路桥梁专用材料 > 道路用构件及加工件 > 道路管井、沟槽等构件,material,电信井,通信检查井,medium,全称
180-4,180,道路桥梁专用材料 > 道路用构件及加工件 > 道路管井、沟槽等构件,material,电力沟盖板,电缆沟盖板,high,通用叫法
180-4,180,道路桥梁专用材料 > 道路用构件及加工件 > 道路管井、沟槽等构件,material,电力沟盖板,电力盖板,high,简称
180-4,180,道路桥梁专用材料 > 道路用构件及加工件 > 道路管井、沟槽等构件,material,电力电信井盖,电井盖,high,简称
180-4,180,道路桥梁专用材料 > 道路用构件及加工件 > 道路管井、沟槽等构件,material,电力电信井盖,弱强电井盖,low,统称
180-4,180,道路桥梁专用材料 > 道路用构件及加工件 > 道路管井、沟槽等构件,material,电力盖板,电沟盖板,medium,简称
180-4,180,道路桥梁专用材料 > 道路用构件及加工件 > 道路管井、沟槽等构件,material,电力盖板,电缆沟盖板,high,同功能构件
180-4,180,道路桥梁专用材料 > 道路用构件及加工件 > 道路管井、沟槽等构件,material,电缆检查井,电缆井,high,简称
180-4,180,道路桥梁专用材料 > 道路用构件及加工件 > 道路管井、沟槽等构件,material,电缆检查井,电力井,high,统称
180-4,180,道路桥梁专用材料 > 道路用构件及加工件 > 道路管井、沟槽等构件,material,电缆沟盖板,电缆盖板,high,简称
180-4,180,道路桥梁专用材料 > 道路用构件及加工件 > 道路管井、沟槽等构件,material,电缆沟盖板,电力沟盖板,high,同义互换称呼
180-4,180,道路桥梁专用材料 > 道路用构件及加工件 > 道路管井、沟槽等构件,material,直通井,直线井,high,形状功能称呼
180-4,180,道路桥梁专用材料 > 道路用构件及加工件 > 道路管井、沟槽等构件,material,直通井,直通检查井,medium,全称
180-4,180,道路桥梁专用材料 > 道路用构件及加工件 > 道路管井、沟槽等构件,material,直通井(沉泥),沉泥井,high,功能简称
180-4,180,道路桥梁专用材料 > 道路用构件及加工件 > 道路管井、沟槽等构件,material,直通井(沉泥),沉泥直通井,medium,功能+形状称呼
180-4,180,道路桥梁专用材料 > 道路用构件及加工件 > 道路管井、沟槽等构件,material,直通井(流槽),流槽井,high,功能简称
180-4,180,道路桥梁专用材料 > 道路用构件及加工件 > 道路管井、沟槽等构件,material,直通井(流槽),流槽直通井,medium,功能+形状称呼
180-4,180,道路桥梁专用材料 > 道路用构件及加工件 > 道路管井、沟槽等构件,material,直通井座,井座,high,通用简称
180-4,180,道路桥梁专用材料 > 道路用构件及加工件 > 道路管井、沟槽等构件,material,直通井座,直通底座,medium,形状+部位称呼
180-4,180,道路桥梁专用材料 > 道路用构件及加工件 > 道路管井、沟槽等构件,material,砼雨水井,砼雨水检查井,high,全称
180-4,180,道路桥梁专用材料 > 道路用构件及加工件 > 道路管井、沟槽等构件,material,砼雨水井,水泥雨水井,high,材料俗称
180-5,180,道路桥梁专用材料 > 道路用构件及加工件 > 道路管井、沟槽等构件,category,道路管井、沟槽等构件,井圈井盖,high,施工现场统称管井及配套构件为井圈井盖
180-5,180,道路桥梁专用材料 > 道路用构件及加工件 > 道路管井、沟槽等构件,category,道路管井、沟槽等构件,检查井,medium,行业统称各类管井为检查井
180-5,180,道路桥梁专用材料 > 道路用构件及加工件 > 道路管井、沟槽等构件,category,道路管井、沟槽等构件,窨井,medium,南方地区口语称管井为窨井
180-5,180,道路桥梁专用材料 > 道路用构件及加工件 > 道路管井、沟槽等构件,material,硅塑井盖,硅塑复合井盖,medium,硅塑全称硅塑复合材料，采购中常称复合井盖
180-5,180,道路桥梁专用材料 > 道路用构件及加工件 > 道路管井、沟槽等构件,material,种植井盖,植草井盖,medium,该井盖凹槽用于种植，现场也称植草井盖
180-5,180,道路桥梁专用材料 > 道路用构件及加工件 > 道路管井、沟槽等构件,material,篦子单片,单片篦子,high,区别于成套篦子，指单块雨水篦子
180-5,180,道路桥梁专用材料 > 道路用构件及加工件 > 道路管井、沟槽等构件,material,自动液压井盖,液压井盖,high,施工现场简称为液压井盖
180-5,180,道路桥梁专用材料 > 道路用构件及加工件 > 道路管井、沟槽等构件,material,草坪井,草盆井,high,草坪井因其内凹可植草，也称草盆井
180-5,180,道路桥梁专用材料 > 道路用构件及加工件 > 道路管井、沟槽等构件,material,草坪井盖,植草井盖,high,功能为植草覆盖，将草坪盖板称为植草井盖
180-5,180,道路桥梁专用材料 > 道路用构件及加工件 > 道路管井、沟槽等构件,material,草盆井,草坪井,high,与草盆井同指一种内凹植草井盖体
180-5,180,道路桥梁专用材料 > 道路用构件及加工件 > 道路管井、沟槽等构件,material,草盆井盖,草坪井盖,high,草盆井盖即草坪井盖的另一种叫法
180-5,180,道路桥梁专用材料 > 道路用构件及加工件 > 道路管井、沟槽等构件,material,菜场板,菜市场盖板,medium,菜场为菜市场简称，菜场板即菜市场沟盖板
180-5,180,道路桥梁专用材料 > 道路用构件及加工件 > 道路管井、沟槽等构件,material,装饰井盖,隐形井盖,medium,装饰井盖常与铺装齐平隐形处理，也称隐形井盖
180-5,180,道路桥梁专用材料 > 道路用构件及加工件 > 道路管井、沟槽等构件,material,调节井,调节环,medium,用于调节井座标高，现场常叫调节环
180-5,180,道路桥梁专用材料 > 道路用构件及加工件 > 道路管井、沟槽等构件,material,起始井,起始检查井,medium,排水管道起点井的完整称呼
180-5,180,道路桥梁专用材料 > 道路用构件及加工件 > 道路管井、沟槽等构件,material,起始井(沉泥),沉泥起始井,medium,带沉泥槽的起始井
180-5,180,道路桥梁专用材料 > 道路用构件及加工件 > 道路管井、沟槽等构件,material,起始井(流槽),流槽起始井,medium,带流槽的起始井
180-5,180,道路桥梁专用材料 > 道路用构件及加工件 > 道路管井、沟槽等构件,material,路灯方井盖,路灯井盖,medium,口语中省略方字，直接叫路灯井盖
180-5,180,道路桥梁专用材料 > 道路用构件及加工件 > 道路管井、沟槽等构件,material,轻型五防井盖,轻型五防,high,采购简称，省略井盖二字
180-5,180,道路桥梁专用材料 > 道路用构件及加工件 > 道路管井、沟槽等构件,material,轻型井盖,轻载井盖,low,按承载能力区分，也称轻载井盖
180-5,180,道路桥梁专用材料 > 道路用构件及加工件 > 道路管井、沟槽等构件,material,轻型篦子,轻型雨水篦,medium,篦子全称雨水篦子
180-5,180,道路桥梁专用材料 > 道路用构件及加工件 > 道路管井、沟槽等构件,material,过渡井,过渡检查井,medium,过渡井是过渡检查井的简称
180-5,180,道路桥梁专用材料 > 道路用构件及加工件 > 道路管井、沟槽等构件,material,道路井圈,井座,high,井圈是承载井盖的底座，也称井座
180-5,180,道路桥梁专用材料 > 道路用构件及加工件 > 道路管井、沟槽等构件,material,重型五防井盖,重型五防,high,采购简称，省略井盖二字
180-5,180,道路桥梁专用材料 > 道路用构件及加工件 > 道路管井、沟槽等构件,material,重型井盖,重载井盖,low,按承载能力区分，也称重载井盖
180-6,180,道路桥梁专用材料 > 道路用构件及加工件 > 道路管井、沟槽等构件,category,道路管井、沟槽等构件,雨水篦子,high,重型篦子等产品的功能别称，常用于排水沟盖
180-6,180,道路桥梁专用材料 > 道路用构件及加工件 > 道路管井、沟槽等构件,category,道路管井、沟槽等构件,沟盖板,high,钢筋沟盖板等产品的统称简称
180-6,180,道路桥梁专用材料 > 道路用构件及加工件 > 道路管井、沟槽等构件,category,道路管井、沟槽等构件,井圈井盖,high,井盖与井圈的合称
180-6,180,道路桥梁专用材料 > 道路用构件及加工件 > 道路管井、沟槽等构件,category,道路管井、沟槽等构件,检查井盖,high,道路管井用盖板的功能性统称
180-6,180,道路桥梁专用材料 > 道路用构件及加工件 > 道路管井、沟槽等构件,category,道路管井、沟槽等构件,排水沟盖板,high,用于排水沟的盖板统称
180-6,180,道路桥梁专用材料 > 道路用构件及加工件 > 道路管井、沟槽等构件,material,重型篦子,重型雨水篦子,high,施工现场对重型排水篦子的完整叫法
180-6,180,道路桥梁专用材料 > 道路用构件及加工件 > 道路管井、沟槽等构件,material,重型篦子,加重篦子,medium,强调其重型承载能力的别称
180-6,180,道路桥梁专用材料 > 道路用构件及加工件 > 道路管井、沟槽等构件,material,钢格栅盖板,钢格板,high,行业简称
180-6,180,道路桥梁专用材料 > 道路用构件及加工件 > 道路管井、沟槽等构件,material,钢格栅盖板,格栅盖板,medium,口语省略材质叫法
180-6,180,道路桥梁专用材料 > 道路用构件及加工件 > 道路管井、沟槽等构件,material,钢盖板,钢板盖板,medium,强调板材类型的全称
180-6,180,道路桥梁专用材料 > 道路用构件及加工件 > 道路管井、沟槽等构件,material,钢筋沟盖板,钢筋盖板,high,施工现场口语简称
180-6,180,道路桥梁专用材料 > 道路用构件及加工件 > 道路管井、沟槽等构件,material,钢筋砼内检井环,预制井筒,medium,指预制钢筋混凝土检查井上部调节环构件
180-6,180,道路桥梁专用材料 > 道路用构件及加工件 > 道路管井、沟槽等构件,material,钢纤维混凝土井盖,钢纤维井盖,high,行业通用简称
180-6,180,道路桥梁专用材料 > 道路用构件及加工件 > 道路管井、沟槽等构件,material,钢纤维砼井盖,钢纤维井盖,high,行业通用简称
180-6,180,道路桥梁专用材料 > 道路用构件及加工件 > 道路管井、沟槽等构件,material,铁方井盖,铸铁方井盖,high,补充材质口语全称
180-6,180,道路桥梁专用材料 > 道路用构件及加工件 > 道路管井、沟槽等构件,material,铸铁井盖,生铁井盖,medium,以材质俗称代称
180-6,180,道路桥梁专用材料 > 道路用构件及加工件 > 道路管井、沟槽等构件,material,铸铁井盖,圆井盖,low,常见样式代称
180-6,180,道路桥梁专用材料 > 道路用构件及加工件 > 道路管井、沟槽等构件,material,铸铁沟井盖,铸铁沟盖,high,施工现场口语简化
180-6,180,道路桥梁专用材料 > 道路用构件及加工件 > 道路管井、沟槽等构件,material,铸铁溢流口,铸铁溢流井,medium,功能描述别称
180-6,180,道路桥梁专用材料 > 道路用构件及加工件 > 道路管井、沟槽等构件,material,铸铁溢流口,铸铁溢流口箅子,low,结构描述别称
180-6,180,道路桥梁专用材料 > 道路用构件及加工件 > 道路管井、沟槽等构件,material,铸铁窨井圈,井圈,high,行业通用简称
180-6,180,道路桥梁专用材料 > 道路用构件及加工件 > 道路管井、沟槽等构件,material,铸铁窨井圈,铸铁井座,high,功能结构别称
180-6,180,道路桥梁专用材料 > 道路用构件及加工件 > 道路管井、沟槽等构件,material,镀锌钢格栅板,镀锌格栅板,high,省略材质俗称
180-6,180,道路桥梁专用材料 > 道路用构件及加工件 > 道路管井、沟槽等构件,material,镀锌钢格栅盖板,热镀锌盖板,medium,强调镀锌工艺的代称
180-6,180,道路桥梁专用材料 > 道路用构件及加工件 > 道路管井、沟槽等构件,material,镀锌钢盖板,镀锌盖板,high,口语简称
180-6,180,道路桥梁专用材料 > 道路用构件及加工件 > 道路管井、沟槽等构件,material,阀门井,阀门井室,high,建筑工程完整叫法
180-6,180,道路桥梁专用材料 > 道路用构件及加工件 > 道路管井、沟槽等构件,material,阀门井,水阀井,medium,功能别称
180-6,180,道路桥梁专用材料 > 道路用构件及加工件 > 道路管井、沟槽等构件,material,防盗防水电缆井盖,复合电缆井盖,medium,多用复合材料制成，功能复合
180-6,180,道路桥梁专用材料 > 道路用构件及加工件 > 道路管井、沟槽等构件,material,防盗防水电缆井盖,防盗井盖,medium,强调防盗功能的口语叫法
180-6,180,道路桥梁专用材料 > 道路用构件及加工件 > 道路管井、沟槽等构件,material,隐形井盖,铺装井盖,high,可与周围铺装结合的井盖
180-6,180,道路桥梁专用材料 > 道路用构件及加工件 > 道路管井、沟槽等构件,material,隐形井盖,装饰井盖,medium,强调其景观装饰功能
180-6,180,道路桥梁专用材料 > 道路用构件及加工件 > 道路管井、沟槽等构件,material,隐形井盖,不锈钢隐形井盖,medium,常见材质代称
180-6,180,道路桥梁专用材料 > 道路用构件及加工件 > 道路管井、沟槽等构件,material,隐形方井盖,方形铺装井盖,medium,形态加功能的组合叫法
180-6,180,道路桥梁专用材料 > 道路用构件及加工件 > 道路管井、沟槽等构件,material,隐形窨井盖,隐形检查井盖,high,全称简称
180-6,180,道路桥梁专用材料 > 道路用构件及加工件 > 道路管井、沟槽等构件,material,集水坑盖板,集水井盖板,high,功能等同别称
180-6,180,道路桥梁专用材料 > 道路用构件及加工件 > 道路管井、沟槽等构件,material,集水坑盖板,水坑盖板,medium,施工现场口语简化
180-6,180,道路桥梁专用材料 > 道路用构件及加工件 > 道路管井、沟槽等构件,material,集污井座,污水井座,high,功能别称
182-1,182,道路桥梁专用材料 > 防护与标志材料 > 护栏、防护栏、隔离栅,category,护栏、防护栏、隔离栅,围挡,high,在施工现场常作为围墙和隔离栅的统称
182-1,182,道路桥梁专用材料 > 防护与标志材料 > 护栏、防护栏、隔离栅,category,护栏、防护栏、隔离栅,防护栅栏,medium,护栏类材料的常见统称
182-1,182,道路桥梁专用材料 > 防护与标志材料 > 护栏、防护栏、隔离栅,material,围墙,围界,medium,施工现场口语中常见
182-1,182,道路桥梁专用材料 > 防护与标志材料 > 护栏、防护栏、隔离栅,material,围墙,彩钢围挡,medium,临时围墙的常见俗称
182-1,182,道路桥梁专用材料 > 防护与标志材料 > 护栏、防护栏、隔离栅,material,护栏,栏杆,medium,低矮防护设施口语叫法
182-1,182,道路桥梁专用材料 > 防护与标志材料 > 护栏、防护栏、隔离栅,material,护栏,防撞栏,high,道路护栏的功能性别称
182-1,182,道路桥梁专用材料 > 防护与标志材料 > 护栏、防护栏、隔离栅,material,护网,防护网,high,全称简称关系
182-1,182,道路桥梁专用材料 > 防护与标志材料 > 护栏、防护栏、隔离栅,material,护网,隔离网,medium,功能相近的称呼
182-1,182,道路桥梁专用材料 > 防护与标志材料 > 护栏、防护栏、隔离栅,material,护网,铁丝网,high,常见材质代称
182-1,182,道路桥梁专用材料 > 防护与标志材料 > 护栏、防护栏、隔离栅,material,铁艺围墙,铁艺围栏,high,围墙与围栏在口语中常混用
182-1,182,道路桥梁专用材料 > 防护与标志材料 > 护栏、防护栏、隔离栅,material,铁艺围墙,铸铁围墙,medium,以材质代称
1734-3,1734,道路桥梁专用材料 > 防护与标志材料 > 交通（安全）标志,category,交通（安全）标志,标牌,high,标志牌统称
1734-3,1734,道路桥梁专用材料 > 防护与标志材料 > 交通（安全）标志,category,交通（安全）标志,安全标志,high,交通安全标志统称
1734-3,1734,道路桥梁专用材料 > 防护与标志材料 > 交通（安全）标志,material,掉头箭头标线,掉头线,medium,施工口语简略叫法
1734-3,1734,道路桥梁专用材料 > 防护与标志材料 > 交通（安全）标志,material,推拉牌,抽插牌,low,推拉结构描述俗称
1734-3,1734,道路桥梁专用材料 > 防护与标志材料 > 交通（安全）标志,material,施工牌,施工标志牌,high,常见全称呼
1734-3,1734,道路桥梁专用材料 > 防护与标志材料 > 交通（安全）标志,material,施工牌,施工告示牌,medium,施工场景常用说法
1734-3,1734,道路桥梁专用材料 > 防护与标志材料 > 交通（安全）标志,material,标志板,标牌板,medium,标志板简称
1734-3,1734,道路桥梁专用材料 > 防护与标志材料 > 交通（安全）标志,material,标志桩,标桩,high,口语简称
1734-3,1734,道路桥梁专用材料 > 防护与标志材料 > 交通（安全）标志,material,标志桩,警示桩,medium,功能别称
1734-3,1734,道路桥梁专用材料 > 防护与标志材料 > 交通（安全）标志,material,标识牌,标识板,medium,近义替代
1734-3,1734,道路桥梁专用材料 > 防护与标志材料 > 交通（安全）标志,material,栋号牌,楼栋牌,high,含义相同叫法
1734-3,1734,道路桥梁专用材料 > 防护与标志材料 > 交通（安全）标志,material,楼层牌,楼层标识牌,medium,稍正式但常见叫法
1734-3,1734,道路桥梁专用材料 > 防护与标志材料 > 交通（安全）标志,material,橡胶诱导标,橡胶路锥,medium,形似路锥的橡胶制诱导标俗称
1734-3,1734,道路桥梁专用材料 > 防护与标志材料 > 交通（安全）标志,material,橡胶诱导标,橡胶反光路标,low,施工叫法
1734-3,1734,道路桥梁专用材料 > 防护与标志材料 > 交通（安全）标志,material,燕尾柱,反光柱,medium,功能叫法
1734-3,1734,道路桥梁专用材料 > 防护与标志材料 > 交通（安全）标志,material,电缆标志桩,电缆标桩,high,简称
1734-3,1734,道路桥梁专用材料 > 防护与标志材料 > 交通（安全）标志,material,电缆标志桩,电缆警示桩,medium,功能俗称
1734-3,1734,道路桥梁专用材料 > 防护与标志材料 > 交通（安全）标志,material,电缆标志牌,电缆牌,high,简称
1734-3,1734,道路桥梁专用材料 > 防护与标志材料 > 交通（安全）标志,material,百米牌,里程碑,low,相似功能但规格不同，现场可能混称
1734-3,1734,道路桥梁专用材料 > 防护与标志材料 > 交通（安全）标志,material,直行右转箭头标线,直行右转线,medium,施工简称
1734-3,1734,道路桥梁专用材料 > 防护与标志材料 > 交通（安全）标志,material,直行向左向右转箭头标线,直行左右转线,medium,施工简称
1734-3,1734,道路桥梁专用材料 > 防护与标志材料 > 交通（安全）标志,material,直行左转箭头标线,直行左转线,medium,施工简称
1734-3,1734,道路桥梁专用材料 > 防护与标志材料 > 交通（安全）标志,material,直行护角定位器,护角,high,施工口语简称
1734-3,1734,道路桥梁专用材料 > 防护与标志材料 > 交通（安全）标志,material,直行护角定位器,墙角保护条,low,功能描述俗称
1734-3,1734,道路桥梁专用材料 > 防护与标志材料 > 交通（安全）标志,material,直行箭头标线,直行线,medium,施工简称
1734-3,1734,道路桥梁专用材料 > 防护与标志材料 > 交通（安全）标志,material,矩形轮廓标,轮廓标,high,通用简称，形状不特意强调
1734-3,1734,道路桥梁专用材料 > 防护与标志材料 > 交通（安全）标志,material,矩形轮廓标,方形路标,low,形状描述俗称
1734-1,1734,道路桥梁专用材料 > 防护与标志材料 > 交通（安全）标志,category,交通（安全）标志,交安设施,high,交通工程中交通安全设施的统称，采购和施工现场常用
1734-1,1734,道路桥梁专用材料 > 防护与标志材料 > 交通（安全）标志,category,交通（安全）标志,交通安全标志,high,完整名称的简称
1734-1,1734,道路桥梁专用材料 > 防护与标志材料 > 交通（安全）标志,category,交通（安全）标志,反光标志,medium,多数交通标志采用反光膜，行业内以此代称
1734-1,1734,道路桥梁专用材料 > 防护与标志材料 > 交通（安全）标志,material,EVA警示柱,EVA弹性警示柱,medium,突出其EVA材质弹性的别称
1734-1,1734,道路桥梁专用材料 > 防护与标志材料 > 交通（安全）标志,material,EVA警示柱,EVA防撞柱,medium,因其常用于防撞警示
1734-1,1734,道路桥梁专用材料 > 防护与标志材料 > 交通（安全）标志,material,PE警示柱,PE警示桩,high,柱和桩在施工现场常混用
1734-1,1734,道路桥梁专用材料 > 防护与标志材料 > 交通（安全）标志,material,PE警示柱,PE防撞柱,medium,常用于防撞隔离警示
1734-1,1734,道路桥梁专用材料 > 防护与标志材料 > 交通（安全）标志,material,PE警示柱,PE弹力柱,low,PE材质具有一定弹性
1734-1,1734,道路桥梁专用材料 > 防护与标志材料 > 交通（安全）标志,material,三角标志桩,三角桩,high,施工现场简称
1734-1,1734,道路桥梁专用材料 > 防护与标志材料 > 交通（安全）标志,material,三角警示架,三角架,high,简称，通用叫法
1734-1,1734,道路桥梁专用材料 > 防护与标志材料 > 交通（安全）标志,material,三角警示架,三角警示牌,high,车载三角警示架的常用叫法
1734-1,1734,道路桥梁专用材料 > 防护与标志材料 > 交通（安全）标志,material,严禁烟火标牌,禁火牌,medium,施工现场口语叫法
1734-1,1734,道路桥梁专用材料 > 防护与标志材料 > 交通（安全）标志,material,严禁烟火标牌,防火标志牌,medium,功能相近的别称
1734-1,1734,道路桥梁专用材料 > 防护与标志材料 > 交通（安全）标志,material,临时停车牌,停车牌,high,省略临时二字的口语叫法
1734-1,1734,道路桥梁专用材料 > 防护与标志材料 > 交通（安全）标志,material,临时停车牌,挪车牌,high,主要用于提示挪车，民间俗称
1734-1,1734,道路桥梁专用材料 > 防护与标志材料 > 交通（安全）标志,material,交通标志、指示牌,指路牌,medium,指示方向道路的标志牌统称
1734-1,1734,道路桥梁专用材料 > 防护与标志材料 > 交通（安全）标志,material,交通标志、指示牌,交通牌子,medium,施工现场极简口语
1734-1,1734,道路桥梁专用材料 > 防护与标志材料 > 交通（安全）标志,material,交通标志杆,标志杆,high,省略交通二字的简称
1734-1,1734,道路桥梁专用材料 > 防护与标志材料 > 交通（安全）标志,material,交通标志杆,立杆,high,交通工程中竖立杆件的统称
1734-1,1734,道路桥梁专用材料 > 防护与标志材料 > 交通（安全）标志,material,交通标志杆,F杆,low,单悬臂标志杆的俗称，有时泛指标志杆
1734-1,1734,道路桥梁专用材料 > 防护与标志材料 > 交通（安全）标志,material,交通标志牌,标牌,high,标准简称
1734-1,1734,道路桥梁专用材料 > 防护与标志材料 > 交通（安全）标志,material,交通标志牌,标志板,medium,侧重于板的形态
1734-1,1734,道路桥梁专用材料 > 防护与标志材料 > 交通（安全）标志,material,交通标志牌,反光标志牌,medium,基于材质特性的叫法
1734-1,1734,道路桥梁专用材料 > 防护与标志材料 > 交通（安全）标志,material,停车场示意图,停车场导览图,medium,商业场所常用叫法
1734-1,1734,道路桥梁专用材料 > 防护与标志材料 > 交通（安全）标志,material,停车场示意图,停车指引牌,medium,功能描述性的别称
1734-1,1734,道路桥梁专用材料 > 防护与标志材料 > 交通（安全）标志,material,光缆标志牌,光缆挂牌,high,用于标识光缆信息的牌子
1734-1,1734,道路桥梁专用材料 > 防护与标志材料 > 交通（安全）标志,material,光缆标志牌,光纤标牌,medium,行业内光纤叫法也普遍
1734-1,1734,道路桥梁专用材料 > 防护与标志材料 > 交通（安全）标志,material,公告栏,告示栏,high,常见别称
1734-1,1734,道路桥梁专用材料 > 防护与标志材料 > 交通（安全）标志,material,公告栏,宣传栏,medium,当用于宣传通知时
1734-1,1734,道路桥梁专用材料 > 防护与标志材料 > 交通（安全）标志,material,公告栏,布告栏,medium,传统叫法
1734-1,1734,道路桥梁专用材料 > 防护与标志材料 > 交通（安全）标志,material,分向箭头标线,导向箭头,high,标准术语也是常用叫法
1734-1,1734,道路桥梁专用材料 > 防护与标志材料 > 交通（安全）标志,material,分向箭头标线,地面箭头,medium,因施划在地面上
1734-1,1734,道路桥梁专用材料 > 防护与标志材料 > 交通（安全）标志,material,分向箭头标线,路面导向标,medium,施工语境常用
1734-1,1734,道路桥梁专用材料 > 防护与标志材料 > 交通（安全）标志,material,分道标,分道指示牌,medium,功能全称
1734-1,1734,道路桥梁专用材料 > 防护与标志材料 > 交通（安全）标志,material,分道标,车道指示牌,medium,指示车道的标志牌
1734-1,1734,道路桥梁专用材料 > 防护与标志材料 > 交通（安全）标志,material,单元牌,门牌,medium,如果指代楼栋单元号牌
1734-1,1734,道路桥梁专用材料 > 防护与标志材料 > 交通（安全）标志,material,单元牌,单元标识牌,medium,较完整的称呼
1734-1,1734,道路桥梁专用材料 > 防护与标志材料 > 交通（安全）标志,material,单悬臂交通标志,单悬臂标志,high,省略交通二字的简称
1734-1,1734,道路桥梁专用材料 > 防护与标志材料 > 交通（安全）标志,material,单悬臂交通标志,F型标志,high,因其杆件形状像F
1734-1,1734,道路桥梁专用材料 > 防护与标志材料 > 交通（安全）标志,material,单悬臂交通标志,F牌,high,F型标志牌的口语
1734-1,1734,道路桥梁专用材料 > 防护与标志材料 > 交通（安全）标志,material,单支单面标,单立柱,medium,施工现场指代单根立柱支撑的标志
1734-1,1734,道路桥梁专用材料 > 防护与标志材料 > 交通（安全）标志,material,单柱式交通标志,单柱标志,high,标准简称
1734-1,1734,道路桥梁专用材料 > 防护与标志材料 > 交通（安全）标志,material,单柱式交通标志,单立柱标志,high,常见的别称
1734-1,1734,道路桥梁专用材料 > 防护与标志材料 > 交通（安全）标志,material,单柱式交通标志,单柱牌,medium,口语简化
1734-1,1734,道路桥梁专用材料 > 防护与标志材料 > 交通（安全）标志,material,单面矩形轮廓标,矩形轮廓标,high,省略单面的叫法
1734-1,1734,道路桥梁专用材料 > 防护与标志材料 > 交通（安全）标志,material,单面矩形轮廓标,轮廓标,high,大类简称
1734-1,1734,道路桥梁专用材料 > 防护与标志材料 > 交通（安全）标志,material,单面矩形轮廓标,诱导标,medium,在隧道或路边起视线诱导作用
1734-1,1734,道路桥梁专用材料 > 防护与标志材料 > 交通（安全）标志,material,双面矩形轮廓标,双面轮廓标,high,省略矩形
1734-1,1734,道路桥梁专用材料 > 防护与标志材料 > 交通（安全）标志,material,双面矩形轮廓标,双向轮廓标,medium,强调双向可视
1734-1,1734,道路桥梁专用材料 > 防护与标志材料 > 交通（安全）标志,material,反光带,反光膜,high,反光带的核心材料，采购时常以此代称
1734-1,1734,道路桥梁专用材料 > 防护与标志材料 > 交通（安全）标志,material,反光带,反光胶带,high,带背胶的反光带
1734-1,1734,道路桥梁专用材料 > 防护与标志材料 > 交通（安全）标志,material,反光带,警示带,medium,具备警示功能的反光带
1734-1,1734,道路桥梁专用材料 > 防护与标志材料 > 交通（安全）标志,material,反光带,反光标带,medium,全称的省略
1735-2,1735,道路桥梁专用材料 > 防护与标志材料 > 车位锁,material,龙门锁,龙门架车位锁,medium,因形状像龙门架得名，现场口语常见叫法
1735-2,1735,道路桥梁专用材料 > 防护与标志材料 > 车位锁,material,龙门锁,门型地锁,medium,外形呈门字形，部分采购人员习惯称呼
1734-2,1734,道路桥梁专用材料 > 防护与标志材料 > 交通（安全）标志,material,反光片,反光贴,high,施工现场及采购中常以贴片形式称呼小型反光材料
1734-2,1734,道路桥梁专用材料 > 防护与标志材料 > 交通（安全）标志,material,反光片,反光膜,medium,当反光片材质为薄膜类时，惯用叫法
1734-2,1734,道路桥梁专用材料 > 防护与标志材料 > 交通（安全）标志,material,反光环,反光圈,high,环与圈在口语中互换使用
1734-2,1734,道路桥梁专用材料 > 防护与标志材料 > 交通（安全）标志,material,反光环,隧道反光环,medium,常见应用场景，口语中常加上场景限定
1734-2,1734,道路桥梁专用材料 > 防护与标志材料 > 交通（安全）标志,material,反光镜,凸面镜,medium,反光镜在交通中多指凸面镜，采购中常直接称呼
1734-2,1734,道路桥梁专用材料 > 防护与标志材料 > 交通（安全）标志,material,反光镜立杆,反光镜柱子,high,立杆即柱子，现场口语更直白
1734-2,1734,道路桥梁专用材料 > 防护与标志材料 > 交通（安全）标志,material,反光镜立杆,球镜立杆,low,当反光镜为球面镜时的配套叫法
1734-2,1734,道路桥梁专用材料 > 防护与标志材料 > 交通（安全）标志,material,告示牌,公告牌,medium,告示与公告近义，常混用
1734-2,1734,道路桥梁专用材料 > 防护与标志材料 > 交通（安全）标志,material,商铺牌,店面招牌,high,商铺牌的口语化表达
1734-2,1734,道路桥梁专用材料 > 防护与标志材料 > 交通（安全）标志,material,商铺牌,门头牌,medium,施工现场对商铺标识牌的口语叫法
1734-2,1734,道路桥梁专用材料 > 防护与标志材料 > 交通（安全）标志,material,地下停车场指示牌,地库指示牌,high,地下车库的简称
1734-2,1734,道路桥梁专用材料 > 防护与标志材料 > 交通（安全）标志,material,地下停车场指示牌,地下室导引牌,medium,地下室与地下停车场在口语中经常互换
1734-2,1734,道路桥梁专用材料 > 防护与标志材料 > 交通（安全）标志,material,坡道导流牌,坡道诱导牌,medium,导流与引导、诱导同义
1734-2,1734,道路桥梁专用材料 > 防护与标志材料 > 交通（安全）标志,material,塑料百米牌,百米桩,high,里程碑系统的口语俗称
1734-2,1734,道路桥梁专用材料 > 防护与标志材料 > 交通（安全）标志,material,塑料百米牌,公里牌,low,虽然规格不同，但现场有时混淆称呼小型公里标志
1734-2,1734,道路桥梁专用材料 > 防护与标志材料 > 交通（安全）标志,material,多向指示牌,方向指示牌,high,多向指示的通用称呼
1734-2,1734,道路桥梁专用材料 > 防护与标志材料 > 交通（安全）标志,material,多向指示牌,指路牌,medium,采购中常见的功能统称
1734-2,1734,道路桥梁专用材料 > 防护与标志材料 > 交通（安全）标志,material,太阳能施工标志,太阳能导向牌,high,施工区专用的太阳能指示牌口语叫法
1734-2,1734,道路桥梁专用材料 > 防护与标志材料 > 交通（安全）标志,material,太阳能施工标志,电子施工牌,medium,强调其发光和施工属性
1734-2,1734,道路桥梁专用材料 > 防护与标志材料 > 交通（安全）标志,material,安全告示牌,安全警示牌,high,告示与警示在安全领域常混用
1734-2,1734,道路桥梁专用材料 > 防护与标志材料 > 交通（安全）标志,material,安全告示牌,安全公示牌,medium,用于公示安全信息的统称
1734-2,1734,道路桥梁专用材料 > 防护与标志材料 > 交通（安全）标志,material,安全警示带,警示带,high,施工现场简化的叫法
1734-2,1734,道路桥梁专用材料 > 防护与标志材料 > 交通（安全）标志,material,安全警示带,警戒带,high,用于隔离警示，惯用称呼
1734-2,1734,道路桥梁专用材料 > 防护与标志材料 > 交通（安全）标志,material,安全警示带,红白带,medium,根据常见颜色，口语中直接称呼
1734-2,1734,道路桥梁专用材料 > 防护与标志材料 > 交通（安全）标志,material,导向指示牌,导引牌,high,导向与导引同义
1734-2,1734,道路桥梁专用材料 > 防护与标志材料 > 交通（安全）标志,material,导向指示牌,指引牌,medium,常用的同义替换
1734-2,1734,道路桥梁专用材料 > 防护与标志材料 > 交通（安全）标志,material,导向箭头,指路箭头,medium,常用于指示方向的箭头标志
1734-2,1734,道路桥梁专用材料 > 防护与标志材料 > 交通（安全）标志,material,导流牌,诱导牌,high,交通工程中的功能同义词
1734-2,1734,道路桥梁专用材料 > 防护与标志材料 > 交通（安全）标志,material,小心台阶牌,当心台阶牌,high,安全标志中的标准用语之一
1734-2,1734,道路桥梁专用材料 > 防护与标志材料 > 交通（安全）标志,material,小心台阶牌,注意台阶标识,medium,口语化的安全提示叫法
1734-2,1734,道路桥梁专用材料 > 防护与标志材料 > 交通（安全）标志,material,广告牌,广告板,medium,尺寸较小时的口语化叫法
1734-2,1734,道路桥梁专用材料 > 防护与标志材料 > 交通（安全）标志,material,广角镜,凸透镜,high,光学原理上的同义词
1734-2,1734,道路桥梁专用材料 > 防护与标志材料 > 交通（安全）标志,material,广角镜,反光镜,medium,现场口语与反光镜常有混淆
1734-2,1734,道路桥梁专用材料 > 防护与标志材料 > 交通（安全）标志,material,弹性导标杆,弹性柱,high,简化叫法，强调弹性特质
1734-2,1734,道路桥梁专用材料 > 防护与标志材料 > 交通（安全）标志,material,弹性导标杆,柔性柱,high,弹性通常被称为柔性
1734-2,1734,道路桥梁专用材料 > 防护与标志材料 > 交通（安全）标志,material,弹性导标杆,警示柱,medium,功能属性的俗称
1734-2,1734,道路桥梁专用材料 > 防护与标志材料 > 交通（安全）标志,material,房号牌,门牌号,high,民间与施工现场最通用的叫法
1734-2,1734,道路桥梁专用材料 > 防护与标志材料 > 交通（安全）标志,material,房号牌,房间号牌,medium,房号的扩展口语称呼
1734-4,1734,道路桥梁专用材料 > 防护与标志材料 > 交通（安全）标志,category,交通（安全）标志,交安设施,high,道路交通标志、标线、防护设施等统称
1734-4,1734,道路桥梁专用材料 > 防护与标志材料 > 交通（安全）标志,category,交通（安全）标志,安全标志牌,medium,安全类标志标牌现场口语统称
1734-4,1734,道路桥梁专用材料 > 防护与标志材料 > 交通（安全）标志,material,禁停线,禁止停车线,high,标准术语的完整叫法
1734-4,1734,道路桥梁专用材料 > 防护与标志材料 > 交通（安全）标志,material,禁停线,黄实线,medium,禁停线通常表现为黄色实线
1734-4,1734,道路桥梁专用材料 > 防护与标志材料 > 交通（安全）标志,material,禁止停车牌,禁停牌,high,禁止停车牌的简称
1734-4,1734,道路桥梁专用材料 > 防护与标志材料 > 交通（安全）标志,material,禁止停车牌,违停标志牌,medium,违章停车俗称
1734-4,1734,道路桥梁专用材料 > 防护与标志材料 > 交通（安全）标志,material,禁鸣限速牌,禁鸣牌,medium,禁止鸣笛标志的简称
1734-4,1734,道路桥梁专用材料 > 防护与标志材料 > 交通（安全）标志,material,禁鸣限速牌,限速牌,medium,限制速度标志部件俗称
1734-4,1734,道路桥梁专用材料 > 防护与标志材料 > 交通（安全）标志,material,突起路标,道钉,high,突起路标的通用俗称
1734-4,1734,道路桥梁专用材料 > 防护与标志材料 > 交通（安全）标志,material,突起路标,反光道钉,high,安装于路上的反光突起标志
1734-4,1734,道路桥梁专用材料 > 防护与标志材料 > 交通（安全）标志,material,突起路标,猫眼,medium,部分反光突起路标的象形叫法
1734-4,1734,道路桥梁专用材料 > 防护与标志材料 > 交通（安全）标志,material,花草牌,草地牌,medium,置于花草中的提示牌俗称
1734-4,1734,道路桥梁专用材料 > 防护与标志材料 > 交通（安全）标志,material,花草牌,爱护花草提示牌,medium,花草牌完整功能叫法
1734-4,1734,道路桥梁专用材料 > 防护与标志材料 > 交通（安全）标志,material,警示带,警戒带,high,警示带的同义叫法
1734-4,1734,道路桥梁专用材料 > 防护与标志材料 > 交通（安全）标志,material,警示带,安全警示带,medium,完整叫法
1734-4,1734,道路桥梁专用材料 > 防护与标志材料 > 交通（安全）标志,material,警示带,红白带,medium,常见红白相间外观的口语叫法
1734-4,1734,道路桥梁专用材料 > 防护与标志材料 > 交通（安全）标志,material,警示柱,弹性警示柱,medium,常为弹性材质
1734-4,1734,道路桥梁专用材料 > 防护与标志材料 > 交通（安全）标志,material,警示柱,防撞柱,low,部分具有防撞功能
1734-4,1734,道路桥梁专用材料 > 防护与标志材料 > 交通（安全）标志,material,警示柱,隔离柱,low,用于隔离警示的柱子
1734-4,1734,道路桥梁专用材料 > 防护与标志材料 > 交通（安全）标志,material,警示牌,警告牌,high,警示标志牌的同义词
1734-4,1734,道路桥梁专用材料 > 防护与标志材料 > 交通（安全）标志,material,警示牌,告示牌,medium,用于警示告示的牌子
1734-4,1734,道路桥梁专用材料 > 防护与标志材料 > 交通（安全）标志,material,车位号,车位编号,high,车位数字或字母标记
1734-4,1734,道路桥梁专用材料 > 防护与标志材料 > 交通（安全）标志,material,车位放大号,车位大号,medium,放大版的车位编号喷涂物
1734-4,1734,道路桥梁专用材料 > 防护与标志材料 > 交通（安全）标志,material,车位线,停车位线,high,车位边界标线完整叫法
1734-4,1734,道路桥梁专用材料 > 防护与标志材料 > 交通（安全）标志,material,车位线,车位标线,medium,用于标记车位的线
1734-4,1734,道路桥梁专用材料 > 防护与标志材料 > 交通（安全）标志,material,车身反光贴,反光条,high,贴于车身的反光材料俗称
1734-4,1734,道路桥梁专用材料 > 防护与标志材料 > 交通（安全）标志,material,车身反光贴,红白反光贴,medium,常见红白相间颜色
1734-4,1734,道路桥梁专用材料 > 防护与标志材料 > 交通（安全）标志,material,车身反光贴,车身反光标识,high,标准术语
1734-4,1734,道路桥梁专用材料 > 防护与标志材料 > 交通（安全）标志,material,车身贴,车贴,high,车身贴纸的简称
1734-4,1734,道路桥梁专用材料 > 防护与标志材料 > 交通（安全）标志,material,车身贴,广告贴,low,部分车身贴用于广告
1734-4,1734,道路桥梁专用材料 > 防护与标志材料 > 交通（安全）标志,material,轮廓标,防撞栏反光轮廓标,medium,常用于护栏上
1734-4,1734,道路桥梁专用材料 > 防护与标志材料 > 交通（安全）标志,material,轮廓标,反光轮廓标,high,突出反光功能
1734-4,1734,道路桥梁专用材料 > 防护与标志材料 > 交通（安全）标志,material,轮廓标,柱式轮廓标,medium,独立柱式的轮廓标
1734-4,1734,道路桥梁专用材料 > 防护与标志材料 > 交通（安全）标志,material,通道线,通道标线,medium,标识通道的标线
1734-4,1734,道路桥梁专用材料 > 防护与标志材料 > 交通（安全）标志,material,通道线,导向线,low,具有导向功能的通道线
1734-4,1734,道路桥梁专用材料 > 防护与标志材料 > 交通（安全）标志,material,道口标,道口标柱,medium,设置于道路交叉口的立柱标志
1734-4,1734,道路桥梁专用材料 > 防护与标志材料 > 交通（安全）标志,material,道口标,警示桩,low,道口警示桩的简称
1734-4,1734,道路桥梁专用材料 > 防护与标志材料 > 交通（安全）标志,material,道路标线,标线,high,道路标线的广泛简称
1734-4,1734,道路桥梁专用材料 > 防护与标志材料 > 交通（安全）标志,material,道路标线,地标线,medium,地面上的交通标线俗称
1734-4,1734,道路桥梁专用材料 > 防护与标志材料 > 交通（安全）标志,material,道路标线,热熔标线,low,常见的一种标线类型
1734-4,1734,道路桥梁专用材料 > 防护与标志材料 > 交通（安全）标志,material,门牌,门号牌,medium,显示房间号码的牌子
1734-4,1734,道路桥梁专用材料 > 防护与标志材料 > 交通（安全）标志,material,限高器,限高架,high,通常为架体结构
1734-4,1734,道路桥梁专用材料 > 防护与标志材料 > 交通（安全）标志,material,限高器,限高杆,high,横杆形式的口语叫法
1734-4,1734,道路桥梁专用材料 > 防护与标志材料 > 交通（安全）标志,material,限高器,高度限制架,medium,完整名称
1734-4,1734,道路桥梁专用材料 > 防护与标志材料 > 交通（安全）标志,material,龙门牌,龙门架标志牌,high,安装在龙门架上的大型标志牌
1734-4,1734,道路桥梁专用材料 > 防护与标志材料 > 交通（安全）标志,material,龙门牌,龙门架牌,medium,龙门架上的招牌
1734-4,1734,道路桥梁专用材料 > 防护与标志材料 > 交通（安全）标志,material,龙门牌,跨路标志牌,medium,跨越道路悬挂的标志牌
1733-2,1733,道路桥梁专用材料 > 防护与标志材料 > 隔离装置,material,隔离墩,防撞墩,high,施工现场口语叫法，强调其防撞功能
1733-2,1733,道路桥梁专用材料 > 防护与标志材料 > 隔离装置,material,隔离墩,水泥隔离墩,medium,常用俗称，因常见材质为水泥
1733-2,1733,道路桥梁专用材料 > 防护与标志材料 > 隔离装置,material,隔离墩,水马,medium,特指空心塑料可注水款式的隔离墩时通用叫法
1733-2,1733,道路桥梁专用材料 > 防护与标志材料 > 隔离装置,material,隔离柱,路桩,high,行业内常用简称
1733-2,1733,道路桥梁专用材料 > 防护与标志材料 > 隔离装置,material,隔离柱,挡车柱,medium,施工现场口语叫法，强调其阻挡车辆的功能
1733-2,1733,道路桥梁专用材料 > 防护与标志材料 > 隔离装置,material,隔离柱,警示柱,low,部分带有反光或警示功能隔离柱的别称
1733-2,1733,道路桥梁专用材料 > 防护与标志材料 > 隔离装置,material,隔离栅,防护栅栏,high,采购与施工中常见的同义别称
1733-2,1733,道路桥梁专用材料 > 防护与标志材料 > 隔离装置,material,隔离栅,刺绳隔离栅,medium,特指带刺铁丝网型式的俗称
1733-2,1733,道路桥梁专用材料 > 防护与标志材料 > 隔离装置,material,隔离栅,机场围界,low,在机场等特殊场景采购时的专用叫法
1733-2,1733,道路桥梁专用材料 > 防护与标志材料 > 隔离装置,material,隔离栏,防护栏,high,采购与施工中通用的同义别称
1733-2,1733,道路桥梁专用材料 > 防护与标志材料 > 隔离装置,material,隔离栏,围栏,high,施工现场简称
1733-2,1733,道路桥梁专用材料 > 防护与标志材料 > 隔离装置,material,隔离栏,市政护栏,medium,市政道路工程采购时常见别称
1733-2,1733,道路桥梁专用材料 > 防护与标志材料 > 隔离装置,material,隔离桩,路桩,medium,行业内常用简称，与隔离柱通用名交叉但隔离桩更强调桩体结构
1733-2,1733,道路桥梁专用材料 > 防护与标志材料 > 隔离装置,material,隔离桩,挡车桩,medium,施工现场口语叫法，强调其阻挡车辆冲撞的功能
1735-1,1735,道路桥梁专用材料 > 防护与标志材料 > 车位锁,category,车位锁,地锁,high,车位锁安装在地面上，行业内俗称地锁
1735-1,1735,道路桥梁专用材料 > 防护与标志材料 > 车位锁,category,车位锁,车位地锁,high,车位锁的完整口语叫法
1735-1,1735,道路桥梁专用材料 > 防护与标志材料 > 车位锁,category,车位锁,占位锁,medium,现场口语中偶尔用来称呼简易车位锁
1735-1,1735,道路桥梁专用材料 > 防护与标志材料 > 车位锁,material,A-新型车位锁,新款A型锁,medium,A型车位锁的新款版本，现场可能简称为新款A型锁
1735-1,1735,道路桥梁专用材料 > 防护与标志材料 > 车位锁,material,A型车位锁,A字锁,high,形状如A字，现场常见叫法
1735-1,1735,道路桥梁专用材料 > 防护与标志材料 > 车位锁,material,A型车位锁,A型地锁,high,A型车位锁的简称
1735-1,1735,道路桥梁专用材料 > 防护与标志材料 > 车位锁,material,C型车位锁,C字锁,medium,形状类似C字
1735-1,1735,道路桥梁专用材料 > 防护与标志材料 > 车位锁,material,D型遥控车位锁,遥控D型锁,high,遥控与D型组合的简称
1735-1,1735,道路桥梁专用材料 > 防护与标志材料 > 车位锁,material,D型遥控锁,D遥控锁,medium,口语中省略'型'字的简称
1735-1,1735,道路桥梁专用材料 > 防护与标志材料 > 车位锁,material,H型车位锁,H字锁,medium,类似H形状的车位锁
1735-1,1735,道路桥梁专用材料 > 防护与标志材料 > 车位锁,material,K型车位锁,K字锁,medium,类似K形状的称呼
1735-1,1735,道路桥梁专用材料 > 防护与标志材料 > 车位锁,material,M型车位锁,M字锁,medium,形状类似字母M
1735-1,1735,道路桥梁专用材料 > 防护与标志材料 > 车位锁,material,O型车位锁,圆锁,high,O型表示圆形，口语中常说圆锁
1735-1,1735,道路桥梁专用材料 > 防护与标志材料 > 车位锁,material,O型车位锁,O字锁,medium,类似字母O的形状称呼
1735-1,1735,道路桥梁专用材料 > 防护与标志材料 > 车位锁,material,T型车位锁,T字锁,high,T字形状车位锁的常见叫法
1735-1,1735,道路桥梁专用材料 > 防护与标志材料 > 车位锁,material,U型手动车位锁,马蹄锁,high,U型类似马蹄铁形状，部分地区俗称马蹄锁
1735-1,1735,道路桥梁专用材料 > 防护与标志材料 > 车位锁,material,X型遥控车位锁,X遥控锁,high,X型与遥控组合简称
1735-1,1735,道路桥梁专用材料 > 防护与标志材料 > 车位锁,material,X型遥控车位锁,剪式车位锁,medium,X型结构类似剪刀，称为剪式
1735-1,1735,道路桥梁专用材料 > 防护与标志材料 > 车位锁,material,Y型车位锁,Y字锁,medium,形状类似字母Y
1735-1,1735,道路桥梁专用材料 > 防护与标志材料 > 车位锁,material,三角形型内挂锁,三角内挂锁,high,省略'型'字的简称
1735-1,1735,道路桥梁专用材料 > 防护与标志材料 > 车位锁,material,三角形型外挂锁,三角外挂锁,high,常用口语简称
1735-1,1735,道路桥梁专用材料 > 防护与标志材料 > 车位锁,material,三角形车位锁,三角锁,high,三角形车位锁的通用简称
1735-1,1735,道路桥梁专用材料 > 防护与标志材料 > 车位锁,material,八角车位锁,八角地锁,high,八角形车位锁的简称
1735-1,1735,道路桥梁专用材料 > 防护与标志材料 > 车位锁,material,大钳式车位锁,老虎钳锁,medium,形状类似老虎钳，现场偶有叫法
1735-1,1735,道路桥梁专用材料 > 防护与标志材料 > 车位锁,material,方型遥控车位锁,方形遥控锁,high,常用口语叫法，省略'型'字
1735-1,1735,道路桥梁专用材料 > 防护与标志材料 > 车位锁,material,槽钢A型锁,槽钢A字锁,medium,槽钢和A型组合的完整称呼
1735-1,1735,道路桥梁专用材料 > 防护与标志材料 > 车位锁,material,物联无线车位感知传感器,地磁传感器,high,车位感知传感器常见的核心技术是地磁，现场俗称地磁传感器
1735-1,1735,道路桥梁专用材料 > 防护与标志材料 > 车位锁,material,物联无线车位感知传感器,车位传感器,high,口语中的简化称呼
1735-1,1735,道路桥梁专用材料 > 防护与标志材料 > 车位锁,material,菱型车位锁,菱形锁,high,菱形形状的车位锁简称
1735-1,1735,道路桥梁专用材料 > 防护与标志材料 > 车位锁,material,菱型车位锁,钻石锁,low,菱形类似钻石形状，少部分地区俗称
1735-1,1735,道路桥梁专用材料 > 防护与标志材料 > 车位锁,material,遥控车位锁,遥控地锁,high,遥控和地锁组合简称
1735-1,1735,道路桥梁专用材料 > 防护与标志材料 > 车位锁,material,龙门车位锁,龙门架锁,high,龙门形结构，现场常称为龙门架锁
102-1,102,门窗及楼梯制品 > 其他门窗及配件 > 其他门窗,material,变电室门,配电室门,high,变电室常被称为配电室
102-1,102,门窗及楼梯制品 > 其他门窗及配件 > 其他门窗,material,变电室门,变电站门,medium,变电室与变电站功能关联
102-1,102,门窗及楼梯制品 > 其他门窗及配件 > 其他门窗,material,对讲门,楼宇对讲门,high,对讲门常见于楼宇对讲系统
102-1,102,门窗及楼梯制品 > 其他门窗及配件 > 其他门窗,material,对讲门,单元门,high,施工现场常按建筑部位称单元门
102-1,102,门窗及楼梯制品 > 其他门窗及配件 > 其他门窗,material,对讲门,门禁门,medium,带对讲功能的门通常集成门禁
102-1,102,门窗及楼梯制品 > 其他门窗及配件 > 其他门窗,material,平开大门,平开门,high,施工口话常省略大门为门
102-1,102,门窗及楼梯制品 > 其他门窗及配件 > 其他门窗,material,平开大门,合页门,medium,平开结构依赖合页，口语称合页门
102-1,102,门窗及楼梯制品 > 其他门窗及配件 > 其他门窗,material,拉闸门,卷帘门,low,拉闸门与卷帘门功能形态相近，现场混称
102-1,102,门窗及楼梯制品 > 其他门窗及配件 > 其他门窗,material,拉闸门,栅栏门,medium,拉闸门常为栅栏式结构
102-1,102,门窗及楼梯制品 > 其他门窗及配件 > 其他门窗,material,推拉大门,移门,high,推拉门在工地上常简称为移门或推拉移门
102-1,102,门窗及楼梯制品 > 其他门窗及配件 > 其他门窗,material,推拉大门,趟门,medium,来自广东话，指推拉滑动的门
102-1,102,门窗及楼梯制品 > 其他门窗及配件 > 其他门窗,material,提升门,工业提升门,medium,常用于工业厂房，强调类型
102-1,102,门窗及楼梯制品 > 其他门窗及配件 > 其他门窗,material,提升门,滑升门,high,描述其垂直滑升的动作特点
102-1,102,门窗及楼梯制品 > 其他门窗及配件 > 其他门窗,material,木塑门,塑木门,high,木塑材料的另外一种常见叫法
102-1,102,门窗及楼梯制品 > 其他门窗及配件 > 其他门窗,material,木塑门,WPC门,low,木塑复合材料的英文缩写简称
102-1,102,门窗及楼梯制品 > 其他门窗及配件 > 其他门窗,material,机库大门,飞机库门,high,机库全称飞机库
102-1,102,门窗及楼梯制品 > 其他门窗及配件 > 其他门窗,material,机库大门,超大门,low,现场口语常形容其为超大门
102-1,102,门窗及楼梯制品 > 其他门窗及配件 > 其他门窗,material,竹门窗,竹制门窗,high,强调材质制作
102-1,102,门窗及楼梯制品 > 其他门窗及配件 > 其他门窗,material,纯铜门,全铜门,high,纯铜即全铜，强调100%铜材
102-1,102,门窗及楼梯制品 > 其他门窗及配件 > 其他门窗,material,纯铜门,铜门,high,施工现场直接简称铜门
102-1,102,门窗及楼梯制品 > 其他门窗及配件 > 其他门窗,material,艺术门窗,装饰门窗,medium,艺术门窗重在装饰效果
102-1,102,门窗及楼梯制品 > 其他门窗及配件 > 其他门窗,material,艺术门窗,造型门窗,low,通常带有特定造型设计
102-1,102,门窗及楼梯制品 > 其他门窗及配件 > 其他门窗,material,遥控车库门,遥控卷帘门,medium,遥控车库门多为卷帘结构
102-1,102,门窗及楼梯制品 > 其他门窗及配件 > 其他门窗,material,遥控车库门,自动车库门,high,强调遥控带来的自动开关功能
102-1,102,门窗及楼梯制品 > 其他门窗及配件 > 其他门窗,material,钛合金门,钛镁合金门,medium,建筑常用钛镁合金，常混称
102-1,102,门窗及楼梯制品 > 其他门窗及配件 > 其他门窗,material,铝木复合平开窗,铝木复合窗,high,采购时常省略平开二字统称铝木复合窗
102-1,102,门窗及楼梯制品 > 其他门窗及配件 > 其他门窗,material,铝木复合平开窗,铝包木窗,medium,铝木复合的一种常见形式，即铝材在外木材在内
102-1,102,门窗及楼梯制品 > 其他门窗及配件 > 其他门窗,material,铝艺大门,铝艺门,high,现场简称铝艺门
102-1,102,门窗及楼梯制品 > 其他门窗及配件 > 其他门窗,material,铝艺大门,铸铝门,medium,铝艺常用铸造工艺，称铸铝门
155-1,155,门窗及楼梯制品 > 其他门窗及配件 > 铁艺门窗,category,铁艺门窗,铁花门窗,high,铁艺门窗的常见口语叫法，泛指铁质花式造型门窗
155-1,155,门窗及楼梯制品 > 其他门窗及配件 > 铁艺门窗,category,铁艺门窗,锻铁门窗,medium,部分铁艺采用锻打工艺，行业内有时混称
155-1,155,门窗及楼梯制品 > 其他门窗及配件 > 铁艺门窗,material,扁铁花造型户内门,扁铁花室内门,high,突出户内和扁铁花造型的简称
155-1,155,门窗及楼梯制品 > 其他门窗及配件 > 铁艺门窗,material,扁铁花造型户外大门,扁铁花大门,high,省略户外，施工现场常用简称
155-1,155,门窗及楼梯制品 > 其他门窗及配件 > 铁艺门窗,material,扁铁花造型防盗窗,扁铁防盗窗,medium,保留材料和功能，省略造型
155-1,155,门窗及楼梯制品 > 其他门窗及配件 > 铁艺门窗,material,铁栅栏防盗门,铁栅栏门,high,口语中常省略防盗
155-1,155,门窗及楼梯制品 > 其他门窗及配件 > 铁艺门窗,material,铁栅栏防盗门,铁栅子门,low,北方部分工地俗语
155-1,155,门窗及楼梯制品 > 其他门窗及配件 > 铁艺门窗,material,铁艺大门,铁花大门,high,强调花式造型
155-1,155,门窗及楼梯制品 > 其他门窗及配件 > 铁艺门窗,material,铁艺大门,黑铁大门,medium,相对不锈钢材质而言，常称黑铁
155-1,155,门窗及楼梯制品 > 其他门窗及配件 > 铁艺门窗,material,铸铁花造型户内门,铸铁花室内门,high,户内即室内，直接简称
155-1,155,门窗及楼梯制品 > 其他门窗及配件 > 铁艺门窗,material,铸铁花造型户外大门,铸铁花大门,high,省略户外，常用简称
155-1,155,门窗及楼梯制品 > 其他门窗及配件 > 铁艺门窗,material,铸铁花造型防盗窗,铸铁防盗窗,medium,保留材质和功能，省略造型描述
1732-1,1732,道路桥梁专用材料 > 防护与标志材料 > 防撞装置,category,防撞装置,交通安全设施,high,行业内对道路防撞、防护类产品的统称
1732-1,1732,道路桥梁专用材料 > 防护与标志材料 > 防撞装置,category,防撞装置,交安设施,high,交通安全设施的简称，招投标和采购中常用
1732-1,1732,道路桥梁专用材料 > 防护与标志材料 > 防撞装置,category,防撞装置,防撞设施,medium,对各类防撞产品的泛称
1732-1,1732,道路桥梁专用材料 > 防护与标志材料 > 防撞装置,material,U型防撞栏,U型护栏,high,施工和采购中惯用的简称
1732-1,1732,道路桥梁专用材料 > 防护与标志材料 > 防撞装置,material,U型防撞栏,U型挡车杆,medium,常用于停车场防撞
1732-1,1732,道路桥梁专用材料 > 防护与标志材料 > 防撞装置,material,塑料护墙角,塑料防撞角,high,基于功能和材质的俗称
1732-1,1732,道路桥梁专用材料 > 防护与标志材料 > 防撞装置,material,塑料护墙角,墙角保护条,medium,强调安装位置的叫法
1732-1,1732,道路桥梁专用材料 > 防护与标志材料 > 防撞装置,material,弹力柱,弹性警示柱,high,材料特性和功能的组合叫法
1732-1,1732,道路桥梁专用材料 > 防护与标志材料 > 防撞装置,material,弹力柱,PU警示柱,medium,常用材质为聚氨酯(PU)的名称
1732-1,1732,道路桥梁专用材料 > 防护与标志材料 > 防撞装置,material,弹力柱,反光弹力柱,medium,具有反光功能的弹力柱的俗称
1732-1,1732,道路桥梁专用材料 > 防护与标志材料 > 防撞装置,material,橡胶护角,橡胶防撞护角,high,材料和功能的完整俗称
1732-1,1732,道路桥梁专用材料 > 防护与标志材料 > 防撞装置,material,橡胶护角,墙角防撞条,medium,施工现场的口语叫法
1732-1,1732,道路桥梁专用材料 > 防护与标志材料 > 防撞装置,material,橡胶防撞块,橡胶缓冲块,high,强调缓冲作用的口语叫法
1732-1,1732,道路桥梁专用材料 > 防护与标志材料 > 防撞装置,material,橡胶防撞块,防撞胶墩,medium,外形类似墩子的俗称
1732-1,1732,道路桥梁专用材料 > 防护与标志材料 > 防撞装置,material,橡胶防撞条,防撞胶条,high,施工现场最通用的简称
1732-1,1732,道路桥梁专用材料 > 防护与标志材料 > 防撞装置,material,橡胶防撞条,护墙角条,medium,特定用于墙角的叫法
1732-1,1732,道路桥梁专用材料 > 防护与标志材料 > 防撞装置,material,水马,注水围栏,high,需注水使用的特性叫法
1732-1,1732,道路桥梁专用材料 > 防护与标志材料 > 防撞装置,material,水马,塑料隔离墩,medium,材质和功能的俗称
1732-1,1732,道路桥梁专用材料 > 防护与标志材料 > 防撞装置,material,水马,水码,low,同音常见的非标准写法
1732-1,1732,道路桥梁专用材料 > 防护与标志材料 > 防撞装置,material,波形防护板,波形护栏板,high,行业内标准简称
1732-1,1732,道路桥梁专用材料 > 防护与标志材料 > 防撞装置,material,波形防护板,W板,high,截面呈W形的俗称
1732-1,1732,道路桥梁专用材料 > 防护与标志材料 > 防撞装置,material,波形防护板,波形梁钢护栏板,medium,国家标准中的全称简称
1732-1,1732,道路桥梁专用材料 > 防护与标志材料 > 防撞装置,material,铁路桩,铁路防护桩,high,明确用途的称呼
1732-1,1732,道路桥梁专用材料 > 防护与标志材料 > 防撞装置,material,防撞安全栏,防撞护栏,high,高度简化的通用简称
1732-1,1732,道路桥梁专用材料 > 防护与标志材料 > 防撞装置,material,防撞安全栏,安全防撞栏,medium,常见语序颠倒的口语叫法
1732-1,1732,道路桥梁专用材料 > 防护与标志材料 > 防撞装置,material,防撞扶手,无障碍扶手,high,常见安装于医院、养老院走廊的功能性统称
1732-1,1732,道路桥梁专用材料 > 防护与标志材料 > 防撞装置,material,防撞扶手,走廊防撞扶手,high,安装位置和功能的结合叫法
1732-1,1732,道路桥梁专用材料 > 防护与标志材料 > 防撞装置,material,防撞护墙板,护墙板,high,省略防撞功能的简称
1732-1,1732,道路桥梁专用材料 > 防护与标志材料 > 防撞装置,material,防撞护墙板,墙裙防撞板,medium,安装在墙裙位置的俗称
1732-1,1732,道路桥梁专用材料 > 防护与标志材料 > 防撞装置,material,防撞护角,护角,high,最小化的简称
1732-1,1732,道路桥梁专用材料 > 防护与标志材料 > 防撞装置,material,防撞护角,包角,medium,安装在阳角进行包裹的叫法
1732-1,1732,道路桥梁专用材料 > 防护与标志材料 > 防撞装置,material,防撞杠,防撞横杆,medium,强调形状和功能的叫法
1732-1,1732,道路桥梁专用材料 > 防护与标志材料 > 防撞装置,material,防撞柱,隔离柱,high,发挥隔离作用的通用叫法
1732-1,1732,道路桥梁专用材料 > 防护与标志材料 > 防撞装置,material,防撞柱,挡车柱,high,用于阻挡车辆的特定叫法
1732-1,1732,道路桥梁专用材料 > 防护与标志材料 > 防撞装置,material,防撞桶,塑料防撞桶,high,常见材质加规格的叫法
1732-1,1732,道路桥梁专用材料 > 防护与标志材料 > 防撞装置,material,防撞桶,隔离防撞桶,medium,功能和形态结合的叫法
1732-1,1732,道路桥梁专用材料 > 防护与标志材料 > 防撞装置,material,防撞桶,防撞墩,medium,外形类似墩子的俗称
1732-1,1732,道路桥梁专用材料 > 防护与标志材料 > 防撞装置,material,防撞立柱,护栏立柱,high,护栏系统组件的通用称呼
1732-1,1732,道路桥梁专用材料 > 防护与标志材料 > 防撞装置,material,防撞立柱,防撞桩,medium,短粗形态的立柱俗称
1732-1,1732,道路桥梁专用材料 > 防护与标志材料 > 防撞装置,material,防撞胶块,缓冲胶块,medium,强调缓冲吸能作用
1732-1,1732,道路桥梁专用材料 > 防护与标志材料 > 防撞装置,material,防撞胶块,橡胶垫块,medium,根据材质和外观的口语叫法
1732-1,1732,道路桥梁专用材料 > 防护与标志材料 > 防撞装置,material,防撞锥筒,锥形桶,high,施工现场极其通用的简称
1732-1,1732,道路桥梁专用材料 > 防护与标志材料 > 防撞装置,material,防撞锥筒,雪糕筒,high,因外形得名的口语俗称，常见于南方地区
1732-1,1732,道路桥梁专用材料 > 防护与标志材料 > 防撞装置,material,防撞锥筒,反光锥,high,具有反光功能的锥筒俗称
1732-1,1732,道路桥梁专用材料 > 防护与标志材料 > 防撞装置,material,防撞锥筒,路锥,high,道路上使用的简称
1732-1,1732,道路桥梁专用材料 > 防护与标志材料 > 防撞装置,material,防撞镀锌波形梁板,镀锌波形板,high,省略功能和部分构件的简称
1732-1,1732,道路桥梁专用材料 > 防护与标志材料 > 防撞装置,material,防撞镀锌波形梁板,波形梁板,high,构件标准名称
1732-1,1732,道路桥梁专用材料 > 防护与标志材料 > 防撞装置,material,防撞镀锌波形梁板,镀锌W板,medium,截面形状和表面处理的结合俗称
1732-1,1732,道路桥梁专用材料 > 防护与标志材料 > 防撞装置,material,防撞镀锌立柱,镀锌立柱,high,省略功能的简称
1732-1,1732,道路桥梁专用材料 > 防护与标志材料 > 防撞装置,material,防撞镀锌立柱,护栏立柱,high,护栏系统的通用构件名称
1732-1,1732,道路桥梁专用材料 > 防护与标志材料 > 防撞装置,material,防撞雷达,防撞雷达传感器,medium,全称，常用于技术标书
1732-1,1732,道路桥梁专用材料 > 防护与标志材料 > 防撞装置,material,防阻块,防阻件,high,护栏系统中该零件的通用称呼
1732-1,1732,道路桥梁专用材料 > 防护与标志材料 > 防撞装置,material,防阻块,波形梁托架,medium,在波形梁护栏中的特定叫法
1493-1,1493,门窗及楼梯制品 > 其他门窗及配件 > 纱门、纱窗,category,纱门、纱窗,纱网,medium,在施工现场，工人常简称纱窗纱布为纱网，泛指性强
1493-1,1493,门窗及楼梯制品 > 其他门窗及配件 > 纱门、纱窗,category,纱门、纱窗,窗纱,medium,行业内对窗用防虫网的俗称，不特指类型
1493-1,1493,门窗及楼梯制品 > 其他门窗及配件 > 纱门、纱窗,material,不锈钢纱窗,钢纱窗,high,不锈钢材质的简称叫法
1493-1,1493,门窗及楼梯制品 > 其他门窗及配件 > 纱门、纱窗,material,固定纱窗,死纱窗,high,施工现场口语叫法，指不能开启的固定式纱窗
1493-1,1493,门窗及楼梯制品 > 其他门窗及配件 > 纱门、纱窗,material,普通上开纱窗,上悬纱窗,high,行业俗称，指向上开启的纱窗
1493-1,1493,门窗及楼梯制品 > 其他门窗及配件 > 纱门、纱窗,material,普通平开纱窗,合页纱窗,medium,因使用合页进行平开方式而得名
1493-1,1493,门窗及楼梯制品 > 其他门窗及配件 > 纱门、纱窗,material,普通平开纱门,合页纱门,medium,同理平开纱窗，因使用合页而得名
1493-1,1493,门窗及楼梯制品 > 其他门窗及配件 > 纱门、纱窗,material,普通折叠纱窗,折叠纱网,medium,口语中常用网替代窗，指代折叠式纱窗
1493-1,1493,门窗及楼梯制品 > 其他门窗及配件 > 纱门、纱窗,material,普通推拉纱窗,趟纱窗,low,南方部分区域对推拉窗的口语叫法
1493-1,1493,门窗及楼梯制品 > 其他门窗及配件 > 纱门、纱窗,material,普通推拉纱窗,推拉纱,high,采购及施工中常见的简化叫法
1493-1,1493,门窗及楼梯制品 > 其他门窗及配件 > 纱门、纱窗,material,普通推拉纱门,推拉纱,medium,实际采购中常省去门字，需结合上下文
1493-1,1493,门窗及楼梯制品 > 其他门窗及配件 > 纱门、纱窗,material,金刚纱窗,金刚网纱窗,high,全称叫法，因使用金刚网而得名
1493-1,1493,门窗及楼梯制品 > 其他门窗及配件 > 纱门、纱窗,material,金刚纱窗,防盗纱窗,high,市场通俗叫法，突出金刚纱网的防护功能
1493-1,1493,门窗及楼梯制品 > 其他门窗及配件 > 纱门、纱窗,material,隐型平开纱窗,隐形纱窗,high,隐型为错别字属性，实际标准为隐形纱窗
1493-1,1493,门窗及楼梯制品 > 其他门窗及配件 > 纱门、纱窗,material,隐型平开纱窗,回卷纱窗,medium,利用回卷原理实现隐形，现场有此叫法
1493-1,1493,门窗及楼梯制品 > 其他门窗及配件 > 纱门、纱窗,material,隐型平开纱门,隐形纱门,high,同隐形纱窗原理的称法
1493-1,1493,门窗及楼梯制品 > 其他门窗及配件 > 纱门、纱窗,material,隐型推拉纱窗,隐形推拉纱,high,行业简称
1493-1,1493,门窗及楼梯制品 > 其他门窗及配件 > 纱门、纱窗,material,隐型推拉纱窗,侧拉隐形纱窗,medium,为区别于回卷式，强调侧拉方式
1493-1,1493,门窗及楼梯制品 > 其他门窗及配件 > 纱门、纱窗,material,隐型推拉纱门,隐形推拉纱门,high,标准名称纠正后的全称
133-2,133,门窗及楼梯制品 > 其他门窗及配件 > 门、窗帘及其配件,material,窗帘轨,轨道,high,在窗帘安装语境下，施工和采购常简称为轨道
133-2,133,门窗及楼梯制品 > 其他门窗及配件 > 门、窗帘及其配件,material,窗帘轨,滑道,medium,因其滑动功能，部分地区和工人习惯称为滑道
133-2,133,门窗及楼梯制品 > 其他门窗及配件 > 门、窗帘及其配件,material,罗马杆,罗马棍,medium,施工现场口语化叫法
133-2,133,门窗及楼梯制品 > 其他门窗及配件 > 门、窗帘及其配件,material,胶合板帘盒,窗帘盒,medium,在不区分材质时，胶合板是最常见的帘盒类型，常直接称为窗帘盒
133-2,133,门窗及楼梯制品 > 其他门窗及配件 > 门、窗帘及其配件,material,胶合板帘盒,木帘盒,medium,胶合板属木质类，施工中常称为木帘盒
133-2,133,门窗及楼梯制品 > 其他门窗及配件 > 门、窗帘及其配件,material,钢吊轮,铁吊轮,medium,施工现场对钢制品的通俗叫法
133-2,133,门窗及楼梯制品 > 其他门窗及配件 > 门、窗帘及其配件,material,铝合金吊轮,合金吊轮,medium,采购时对铝合金材质的简称
133-2,133,门窗及楼梯制品 > 其他门窗及配件 > 门、窗帘及其配件,material,铝合金帘,百叶帘,low,铝合金材质常用来制作百叶帘，口语中可能混用
133-2,133,门窗及楼梯制品 > 其他门窗及配件 > 门、窗帘及其配件,material,铝合金帘盒,铝帘盒,medium,材质简称加品类
133-2,133,门窗及楼梯制品 > 其他门窗及配件 > 门、窗帘及其配件,material,铝合金帘盒,合金帘盒,low,铝合金的简略叫法
1483-1,1483,门窗及楼梯制品 > 普通门窗 > 不锈钢门窗,category,不锈钢门窗,不锈钢门窗,high,不锈钢门和不锈钢窗的统称，口语中常用
1483-1,1483,门窗及楼梯制品 > 普通门窗 > 不锈钢门窗,category,不锈钢门窗,不锈钢防盗门,medium,部分不锈钢门具备防盗功能，现场常混淆称呼
1483-1,1483,门窗及楼梯制品 > 普通门窗 > 不锈钢门窗,material,不锈钢板整体成型复合门,整体成型不锈钢门,medium,简化规格中整体成型特征的说法
1483-1,1483,门窗及楼梯制品 > 普通门窗 > 不锈钢门窗,material,不锈钢板整体成型窗,整体成型不锈钢窗,medium,简化规格中整体成型特征的说法
1483-1,1483,门窗及楼梯制品 > 普通门窗 > 不锈钢门窗,material,不锈钢格栅窗,不锈钢防盗网,high,现场常将格栅窗称为防盗网
1483-1,1483,门窗及楼梯制品 > 普通门窗 > 不锈钢门窗,material,不锈钢格栅门,不锈钢栅栏门,high,格栅与栅栏同义替换
1483-1,1483,门窗及楼梯制品 > 普通门窗 > 不锈钢门窗,material,不锈钢格栅门,不锈钢透气门,low,部分工地对格栅门通风功能的通俗叫法
1483-1,1483,门窗及楼梯制品 > 普通门窗 > 不锈钢门窗,material,不锈钢楼宇门,不锈钢单元门,high,楼宇门在住宅项目中常称为单元门
1483-1,1483,门窗及楼梯制品 > 普通门窗 > 不锈钢门窗,material,不锈钢窗,白钢窗,medium,东北及部分北方工地对不锈钢的俗称
1483-1,1483,门窗及楼梯制品 > 普通门窗 > 不锈钢门窗,material,不锈钢门,白钢门,medium,东北及部分北方工地对不锈钢的俗称
1483-1,1483,门窗及楼梯制品 > 普通门窗 > 不锈钢门窗,material,不锈钢防护窗,不锈钢防盗窗,high,防护窗在口语中常等同于防盗窗
1483-1,1483,门窗及楼梯制品 > 普通门窗 > 不锈钢门窗,material,不锈钢防火窗,白钢防火窗,low,部分地区对不锈钢的俗称加功能
1483-1,1483,门窗及楼梯制品 > 普通门窗 > 不锈钢门窗,material,不锈钢隔音门,不锈钢静音门,medium,隔音门在销售中常被称为静音门
1483-1,1483,门窗及楼梯制品 > 普通门窗 > 不锈钢门窗,material,通透式不锈钢门,通透式白钢门,low,个别地区对不锈钢的俗称
73-1,73,门窗及楼梯制品 > 卷帘 > 普通卷帘,category,普通卷帘,卷帘门,high,行业内普通卷帘常简称为卷帘门，涵盖彩钢、铝合金等材质
73-1,73,门窗及楼梯制品 > 卷帘 > 普通卷帘,category,普通卷帘,卷闸门,high,南方地区施工口语中常将普通卷帘门称为卷闸门
73-1,73,门窗及楼梯制品 > 卷帘 > 普通卷帘,category,普通卷帘,卷闸,medium,卷闸门的简称
73-1,73,门窗及楼梯制品 > 卷帘 > 普通卷帘,material,PLC卷帘门,电控卷帘门,medium,PLC控制即为电动控制的一种，现场俗称电控卷帘门
73-1,73,门窗及楼梯制品 > 卷帘 > 普通卷帘,material,PVC基布卷帘门,PVC卷帘门,high,直接以材质简称
73-1,73,门窗及楼梯制品 > 卷帘 > 普通卷帘,material,不锈钢卷帘,不锈钢卷帘门,high,口语中常加上'门'字
73-1,73,门窗及楼梯制品 > 卷帘 > 普通卷帘,material,彩钢卷帘,彩钢板卷帘门,high,现场常将彩钢说成彩钢板
73-1,73,门窗及楼梯制品 > 卷帘 > 普通卷帘,material,彩钢卷帘,彩涂卷帘门,medium,彩钢即彩色涂层钢板
73-1,73,门窗及楼梯制品 > 卷帘 > 普通卷帘,material,挡烟垂幕,挡烟垂壁,high,挡烟垂幕在行业中也常被称为挡烟垂壁
73-1,73,门窗及楼梯制品 > 卷帘 > 普通卷帘,material,挡烟垂幕,垂幕,medium,施工现场口语简称
73-1,73,门窗及楼梯制品 > 卷帘 > 普通卷帘,material,无机布卷帘,无机纤维复合卷帘,medium,无机布全称为无机纤维织物，采购中常说的全称
73-1,73,门窗及楼梯制品 > 卷帘 > 普通卷帘,material,无机布防火卷帘,防火卷帘,high,在防火卷帘语境下常直接简称防火卷帘
73-1,73,门窗及楼梯制品 > 卷帘 > 普通卷帘,material,无机布防火卷帘,无机特级防火卷帘,medium,满足特级防火要求的无机布卷帘常见叫法
73-1,73,门窗及楼梯制品 > 卷帘 > 普通卷帘,material,有机玻璃卷帘门,亚克力卷帘门,high,有机玻璃俗称亚克力
73-1,73,门窗及楼梯制品 > 卷帘 > 普通卷帘,material,水晶卷帘,水晶卷帘门,high,口语中常加上'门'字
73-1,73,门窗及楼梯制品 > 卷帘 > 普通卷帘,material,水晶卷帘,透明卷帘门,medium,因其透明特性得名
73-1,73,门窗及楼梯制品 > 卷帘 > 普通卷帘,material,钢质卷帘,钢质卷帘门,high,口语中常加上'门'字
73-1,73,门窗及楼梯制品 > 卷帘 > 普通卷帘,material,钢质卷帘,钢制卷帘,low,质与制在现场混用
73-1,73,门窗及楼梯制品 > 卷帘 > 普通卷帘,material,钢质防火卷帘,钢制防火卷帘门,high,施工现场全称叫法
73-1,73,门窗及楼梯制品 > 卷帘 > 普通卷帘,material,钢质防火卷帘,复合型钢质防火卷帘,medium,常有复合型与普通型之分
73-1,73,门窗及楼梯制品 > 卷帘 > 普通卷帘,material,铁皮卷帘门,铁皮卷闸,medium,南方俗称
73-1,73,门窗及楼梯制品 > 卷帘 > 普通卷帘,material,铝合金卷帘,铝合金卷帘门,high,口语中常加上'门'字
73-1,73,门窗及楼梯制品 > 卷帘 > 普通卷帘,material,铝合金卷帘,铝型材卷帘门,medium,铝合金型材制作
154-2,154,门窗及楼梯制品 > 普通门窗 > 全玻门、自动门,category,全玻门、自动门,感应门,high,施工现场和采购中常将各类自动感应开启的门简称为感应门，可能涵盖平移、圆弧等多种类型
154-2,154,门窗及楼梯制品 > 普通门窗 > 全玻门、自动门,category,全玻门、自动门,自动门,high,泛指所有自动开启的玻璃门，是现场对该子类产品的统称
154-2,154,门窗及楼梯制品 > 普通门窗 > 全玻门、自动门,material,自动圆弧门,弧形自动门,high,按开启轨迹为弧形的特征俗称
154-2,154,门窗及楼梯制品 > 普通门窗 > 全玻门、自动门,material,自动圆弧门,弯弧感应门,medium,口语中描述其弧形轨道和感应功能
154-2,154,门窗及楼梯制品 > 普通门窗 > 全玻门、自动门,material,自动平移门,平移感应门,high,最通用的别称，强调平移开启轨迹
154-2,154,门窗及楼梯制品 > 普通门窗 > 全玻门、自动门,material,自动平移门,直线自动门,medium,描述其直线运动轨迹，区别于圆弧门
154-2,154,门窗及楼梯制品 > 普通门窗 > 全玻门、自动门,material,自动感应门,微波感应门,medium,采购中常按感应器类型称呼，微波是主流方案
154-2,154,门窗及楼梯制品 > 普通门窗 > 全玻门、自动门,material,自动感应门,红外自动门,medium,按红外感应器类型称呼
154-2,154,门窗及楼梯制品 > 普通门窗 > 全玻门、自动门,material,自动折叠门,折叠感应门,high,在自动感应门基础上强调折叠开启方式
154-2,154,门窗及楼梯制品 > 普通门窗 > 全玻门、自动门,material,自动折叠门,折扇门,low,描述其开启时像折扇一样的形态
154-2,154,门窗及楼梯制品 > 普通门窗 > 全玻门、自动门,material,自动水晶门,水晶旋转门,medium,口语中常与旋转门混淆，有时指全透明高端的自动门
154-2,154,门窗及楼梯制品 > 普通门窗 > 全玻门、自动门,material,自动环柱门,环柱式自动门,high,全称的简称，强调门体环绕柱子的特征
154-2,154,门窗及楼梯制品 > 普通门窗 > 全玻门、自动门,material,自动环柱门,包柱感应门,medium,施工现场对环绕柱子安装的自动门的形象称呼
154-2,154,门窗及楼梯制品 > 普通门窗 > 全玻门、自动门,material,钛镁合金玻璃门,钛镁合金门,high,省略“玻璃”二字，直接以框材命名
154-2,154,门窗及楼梯制品 > 普通门窗 > 全玻门、自动门,material,钢制玻璃门,钢框玻璃门,high,强调钢制的门框与玻璃的组合
154-2,154,门窗及楼梯制品 > 普通门窗 > 全玻门、自动门,material,钢制玻璃门,不锈钢玻璃门,medium,工程中常特指不锈钢材质的钢制玻璃门
154-2,154,门窗及楼梯制品 > 普通门窗 > 全玻门、自动门,material,铜玻璃门,铜框玻璃门,high,强调铜质的门框与玻璃的组合
154-2,154,门窗及楼梯制品 > 普通门窗 > 全玻门、自动门,material,铜玻璃门,铜门,low,现场简称，可能将铜玻璃门直接称为铜门
154-2,154,门窗及楼梯制品 > 普通门窗 > 全玻门、自动门,material,铝合金地弹门,地簧门,high,非常通用的口语叫法，指代各种带地弹簧的门
154-2,154,门窗及楼梯制品 > 普通门窗 > 全玻门、自动门,material,铝合金地弹门,地弹门,high,标准名称的简称
154-2,154,门窗及楼梯制品 > 普通门窗 > 全玻门、自动门,material,铝合金地弹门,有框地弹门,medium,区别于无框地弹门，强调铝合金框的存在
154-2,154,门窗及楼梯制品 > 普通门窗 > 全玻门、自动门,material,铝合金玻璃门,铝合金门,high,采购中常直接以门框主材作为名称
154-2,154,门窗及楼梯制品 > 普通门窗 > 全玻门、自动门,material,铝镁合金玻璃门,铝镁合金门,high,省略“玻璃”二字，直接以框材命名
133-1,133,门窗及楼梯制品 > 其他门窗及配件 > 门、窗帘及其配件,category,门、窗帘及其配件,窗帘轨道,high,施工现场对各类材质窗门帘导轨的统称
133-1,133,门窗及楼梯制品 > 其他门窗及配件 > 门、窗帘及其配件,category,门、窗帘及其配件,窗帘杆,medium,窗帘操纵杆及各类导轨的泛称
133-1,133,门窗及楼梯制品 > 其他门窗及配件 > 门、窗帘及其配件,material,不锈钢吊轮,不锈钢滑轮,high,吊轮即吊挂式滑轮，施工中常统称滑轮
133-1,133,门窗及楼梯制品 > 其他门窗及配件 > 门、窗帘及其配件,material,卷帘配件,卷帘附件,high,配件在采购中也称附件
133-1,133,门窗及楼梯制品 > 其他门窗及配件 > 门、窗帘及其配件,material,双层玻璃夹百叶帘,中空百叶帘,high,双层玻璃中空层内置百叶的行业俗称
133-1,133,门窗及楼梯制品 > 其他门窗及配件 > 门、窗帘及其配件,material,双层玻璃夹百叶帘,内置百叶,high,施工现场对夹在玻璃内的百叶帘的简称
133-1,133,门窗及楼梯制品 > 其他门窗及配件 > 门、窗帘及其配件,material,启闭机,卷帘机,medium,用于卷帘启闭的电机设备俗称
133-1,133,门窗及楼梯制品 > 其他门窗及配件 > 门、窗帘及其配件,material,启闭机,开窗机,medium,在门窗配件语境下启闭机常指电动开窗器
133-1,133,门窗及楼梯制品 > 其他门窗及配件 > 门、窗帘及其配件,material,启闭机,电动头,medium,带电机驱动的启闭装置施工现场口语
133-1,133,门窗及楼梯制品 > 其他门窗及配件 > 门、窗帘及其配件,material,垭口,空门套,high,不装门的门洞套口，施工队常以此区分门套
133-1,133,门窗及楼梯制品 > 其他门窗及配件 > 门、窗帘及其配件,material,垭口,门洞套,medium,对垭口功能的直接描述
133-1,133,门窗及楼梯制品 > 其他门窗及配件 > 门、窗帘及其配件,material,塑料帘,PVC帘,high,塑料帘多指PVC材质，采购常用材质缩写
133-1,133,门窗及楼梯制品 > 其他门窗及配件 > 门、窗帘及其配件,material,塑料帘,软门帘,high,常用于车间或通道的软质塑料帘俗称
133-1,133,门窗及楼梯制品 > 其他门窗及配件 > 门、窗帘及其配件,material,塑料帘盒,PVC帘盒,high,塑料主要指PVC材质，叫法常见
133-1,133,门窗及楼梯制品 > 其他门窗及配件 > 门、窗帘及其配件,material,布艺帘,布帘,high,施工与采购中通用的简化叫法
133-1,133,门窗及楼梯制品 > 其他门窗及配件 > 门、窗帘及其配件,material,布艺帘,织物帘,medium,强调其织物面料属性的行业称呼
133-1,133,门窗及楼梯制品 > 其他门窗及配件 > 门、窗帘及其配件,material,布艺装饰物,布艺配饰,medium,用于窗帘装饰的配件统称
133-1,133,门窗及楼梯制品 > 其他门窗及配件 > 门、窗帘及其配件,material,成品木门框,木门套,high,成品门框通常指带线条的门套，现场混叫
133-1,133,门窗及楼梯制品 > 其他门窗及配件 > 门、窗帘及其配件,material,成品木门框,套装门框,high,成品套装门中的门框部分
133-1,133,门窗及楼梯制品 > 其他门窗及配件 > 门、窗帘及其配件,material,木帘,竹木帘,medium,木质类帘子通常由竹木制成，叫法混用
133-1,133,门窗及楼梯制品 > 其他门窗及配件 > 门、窗帘及其配件,material,松木窗帘盒,实木窗帘盒,medium,松木是常用实木品种，现场常直接叫实木窗帘盒
133-1,133,门窗及楼梯制品 > 其他门窗及配件 > 门、窗帘及其配件,material,电动机头,电机头,high,简化的口语叫法
133-1,133,门窗及楼梯制品 > 其他门窗及配件 > 门、窗帘及其配件,material,电动机头,马达头,medium,港澳及南方工地对电动机的俗称
133-1,133,门窗及楼梯制品 > 其他门窗及配件 > 门、窗帘及其配件,material,电控装置,控制器,high,各类窗帘电控系统的核心控制器件
133-1,133,门窗及楼梯制品 > 其他门窗及配件 > 门、窗帘及其配件,material,电控装置,遥控器,medium,施工中常以遥控器代指整套简易电控系统
133-1,133,门窗及楼梯制品 > 其他门窗及配件 > 门、窗帘及其配件,material,百叶窗帘,百叶帘,high,常规简化叫法
133-1,133,门窗及楼梯制品 > 其他门窗及配件 > 门、窗帘及其配件,material,窗、门帘不锈钢导轨,不锈钢轨道,high,导轨在窗帘配件中常叫轨道
133-1,133,门窗及楼梯制品 > 其他门窗及配件 > 门、窗帘及其配件,material,窗、门帘不锈钢导轨,不锈钢滑轨,medium,强调滑动功能
133-1,133,门窗及楼梯制品 > 其他门窗及配件 > 门、窗帘及其配件,material,窗、门帘塑料导轨,塑料轨道,high,与不锈钢轨道对应的简化叫法
133-1,133,门窗及楼梯制品 > 其他门窗及配件 > 门、窗帘及其配件,material,窗、门帘塑料导轨,PVC轨道,high,按材质常见的采购叫法
133-1,133,门窗及楼梯制品 > 其他门窗及配件 > 门、窗帘及其配件,material,窗、门帘实木导轨,实木轨道,high,对应材质类别的简化叫法
133-1,133,门窗及楼梯制品 > 其他门窗及配件 > 门、窗帘及其配件,material,窗、门帘实木导轨,木轨道,high,施工现场对木质导轨的统称
133-1,133,门窗及楼梯制品 > 其他门窗及配件 > 门、窗帘及其配件,material,窗、门帘钢导轨,铁轨道,medium,施工现场常将普通钢材质叫铁
133-1,133,门窗及楼梯制品 > 其他门窗及配件 > 门、窗帘及其配件,material,窗、门帘钢导轨,钢轨道,high,简化叫法
133-1,133,门窗及楼梯制品 > 其他门窗及配件 > 门、窗帘及其配件,material,窗、门帘铝合金导轨,铝合金轨道,high,最通用的行业叫法
133-1,133,门窗及楼梯制品 > 其他门窗及配件 > 门、窗帘及其配件,material,窗、门帘铝合金导轨,铝轨道,high,简化口语
133-1,133,门窗及楼梯制品 > 其他门窗及配件 > 门、窗帘及其配件,material,窗套、门套,包口,high,对门窗洞口进行包套处理的施工统称
133-1,133,门窗及楼梯制品 > 其他门窗及配件 > 门、窗帘及其配件,material,窗套、门套,门窗套线,medium,强调其装饰线条属性
133-1,133,门窗及楼梯制品 > 其他门窗及配件 > 门、窗帘及其配件,material,窗帘操纵杆,拉珠杆,medium,用于操纵窗帘拉珠的杆件，采购口语
133-1,133,门窗及楼梯制品 > 其他门窗及配件 > 门、窗帘及其配件,material,窗帘盒,窗帘槽,high,吊顶预留的凹槽式窗帘盒施工口语
133-1,133,门窗及楼梯制品 > 其他门窗及配件 > 门、窗帘及其配件,material,窗帘盒,帘头盒,medium,窗帘盒常位于帘头上方，部分工人口语
1482-1,1482,门窗及楼梯制品 > 普通门窗 > 彩钢门窗,category,彩钢门窗,彩板门窗,high,彩钢门窗是彩色涂层钢板门窗的简称，行业内常与彩板门窗混用
1482-1,1482,门窗及楼梯制品 > 普通门窗 > 彩钢门窗,category,彩钢门窗,彩涂板门窗,medium,彩钢板即彩色涂层钢板，因此彩钢门窗有时被称为彩涂板门窗
1482-1,1482,门窗及楼梯制品 > 普通门窗 > 彩钢门窗,material,彩色镀锌钢弹簧门,彩板弹簧门,high,彩色镀锌钢属于彩板的一种，简化俗称
1482-1,1482,门窗及楼梯制品 > 普通门窗 > 彩钢门窗,material,彩色镀锌钢弹簧门,镀锌钢弹簧门,medium,省去’彩色’的简称，口语中常见
1482-1,1482,门窗及楼梯制品 > 普通门窗 > 彩钢门窗,material,彩色镀锌钢窗,彩钢窗,high,标准材料名的简化俗称
1482-1,1482,门窗及楼梯制品 > 普通门窗 > 彩钢门窗,material,彩色镀锌钢窗,彩板窗,high,彩色镀锌钢板简称彩板，现场常用
1482-1,1482,门窗及楼梯制品 > 普通门窗 > 彩钢门窗,material,彩色镀锌钢窗,镀锌彩窗,medium,强调镀锌与彩色涂层的组合
1482-1,1482,门窗及楼梯制品 > 普通门窗 > 彩钢门窗,material,彩色镀锌钢门,彩钢门,high,标准材料名的通用简化称呼
1482-1,1482,门窗及楼梯制品 > 普通门窗 > 彩钢门窗,material,彩色镀锌钢门,彩板门,high,彩色镀锌钢板门在采购中常被称为彩板门
1482-1,1482,门窗及楼梯制品 > 普通门窗 > 彩钢门窗,material,彩钢防护窗,彩钢防盗窗,high,防护窗在口语中常等同于防盗窗
1482-1,1482,门窗及楼梯制品 > 普通门窗 > 彩钢门窗,material,彩钢防护窗,彩板防护窗,medium,与彩钢门窗系列命名规则一致
1482-1,1482,门窗及楼梯制品 > 普通门窗 > 彩钢门窗,material,彩钢防护窗,镀锌防护窗,low,强调基材，省去颜色描述
154-1,154,门窗及楼梯制品 > 普通门窗 > 全玻门、自动门,category,全玻门、自动门,全玻门,high,全玻门是此分类下众多玻璃材质门类的统称简称
154-1,154,门窗及楼梯制品 > 普通门窗 > 全玻门、自动门,category,全玻门、自动门,自动感应门,high,自动感应门是自动门类的通行叫法
154-1,154,门窗及楼梯制品 > 普通门窗 > 全玻门、自动门,category,全玻门、自动门,地弹簧门,high,地弹门是装有地弹簧的玻璃门的统称
154-1,154,门窗及楼梯制品 > 普通门窗 > 全玻门、自动门,category,全玻门、自动门,水晶旋转门,medium,水晶旋转门泛指以水晶命名、玻璃材质的旋转门
154-1,154,门窗及楼梯制品 > 普通门窗 > 全玻门、自动门,material,不锈钢玻璃地弹门,不锈钢地弹门,high,施工现场省略玻璃，简称不锈钢地弹门
154-1,154,门窗及楼梯制品 > 普通门窗 > 全玻门、自动门,material,不锈钢玻璃地弹门,不锈钢有框地弹门,medium,区别于无框门，强调有不锈钢边框
154-1,154,门窗及楼梯制品 > 普通门窗 > 全玻门、自动门,material,不锈钢玻璃门,不锈钢门,high,在已知是全玻门分类下，口语常直接叫不锈钢门
154-1,154,门窗及楼梯制品 > 普通门窗 > 全玻门、自动门,material,全玻地弹簧平开门,全玻地弹门,high,平开的地弹簧玻璃门，简称全玻地弹门
154-1,154,门窗及楼梯制品 > 普通门窗 > 全玻门、自动门,material,全玻地弹簧平开门,无框地弹门,high,全玻通常无边框，现场称无框地弹门
154-1,154,门窗及楼梯制品 > 普通门窗 > 全玻门、自动门,material,全玻自动感应对开门,自动感应玻璃对开门,high,行业通俗叫法
154-1,154,门窗及楼梯制品 > 普通门窗 > 全玻门、自动门,material,全玻自动感应对开门,自动玻璃双开门,high,强调双开和自动感应功能
154-1,154,门窗及楼梯制品 > 普通门窗 > 全玻门、自动门,material,全玻自动感应对开门,感应双开门,high,现场口语简称
154-1,154,门窗及楼梯制品 > 普通门窗 > 全玻门、自动门,material,塑钢玻璃门,塑钢门,high,在玻璃门范畴内，省略玻璃直接称塑钢门
154-1,154,门窗及楼梯制品 > 普通门窗 > 全玻门、自动门,material,实木玻璃门,实木框玻璃门,medium,强调实木包框的结构
154-1,154,门窗及楼梯制品 > 普通门窗 > 全玻门、自动门,material,实木玻璃门,木框玻璃门,high,口语中常将实木简称为木框
154-1,154,门窗及楼梯制品 > 普通门窗 > 全玻门、自动门,material,悬浮门,无轨悬浮门,high,常与无轨运行方式关联
154-1,154,门窗及楼梯制品 > 普通门窗 > 全玻门、自动门,material,悬浮门,悬航门,low,部分地区对悬浮门的别称
154-1,154,门窗及楼梯制品 > 普通门窗 > 全玻门、自动门,material,手动三翼旋转门,手动三翼门,high,行业内常用简称
154-1,154,门窗及楼梯制品 > 普通门窗 > 全玻门、自动门,material,手动三翼旋转门,三翼旋转门,medium,在不强调电动时的手动门通称
154-1,154,门窗及楼梯制品 > 普通门窗 > 全玻门、自动门,material,手动三翼水晶门,手动水晶三翼门,high,将水晶特征前置的惯用叫法
154-1,154,门窗及楼梯制品 > 普通门窗 > 全玻门、自动门,material,手动三翼水晶门,三翼水晶旋转门,medium,口语中侧重的组合称呼
154-1,154,门窗及楼梯制品 > 普通门窗 > 全玻门、自动门,material,手动四翼旋转门,手动四翼门,high,四翼旋转门的简称
154-1,154,门窗及楼梯制品 > 普通门窗 > 全玻门、自动门,material,手动四翼旋转门,四翼旋转门,medium,在不强调电动时的手动门通称
154-1,154,门窗及楼梯制品 > 普通门窗 > 全玻门、自动门,material,手动四翼水晶门,手动水晶四翼门,high,含水晶玻璃材质的手动四翼旋转门别称
154-1,154,门窗及楼梯制品 > 普通门窗 > 全玻门、自动门,material,手动平移门,手动移门,high,施工现场对平移门的通用简称
154-1,154,门窗及楼梯制品 > 普通门窗 > 全玻门、自动门,material,手动平移门,手推移门,medium,区别于电动，强调手动推拉
154-1,154,门窗及楼梯制品 > 普通门窗 > 全玻门、自动门,material,手动折叠门,折叠门,medium,在不需要区分手动电动时，往往通称折叠门
154-1,154,门窗及楼梯制品 > 普通门窗 > 全玻门、自动门,material,手动旋转门,手推旋转门,medium,区别于电动自动门的手动称谓
154-1,154,门窗及楼梯制品 > 普通门窗 > 全玻门、自动门,material,无框玻璃门,无边框玻璃门,high,无框的全称
154-1,154,门窗及楼梯制品 > 普通门窗 > 全玻门、自动门,material,无框玻璃门,全玻璃门,high,强调通体玻璃无边框
154-1,154,门窗及楼梯制品 > 普通门窗 > 全玻门、自动门,material,无框玻璃门,裸玻门,low,部分采购的口语叫法
154-1,154,门窗及楼梯制品 > 普通门窗 > 全玻门、自动门,material,无轨平移悬浮门,无轨悬浮平移门,medium,无轨悬浮与平移功能全称的排列组合
154-1,154,门窗及楼梯制品 > 普通门窗 > 全玻门、自动门,material,无轨平移悬浮门,悬浮平移门,medium,省略无轨二字
154-1,154,门窗及楼梯制品 > 普通门窗 > 全玻门、自动门,material,电动伸缩榄闸,电动榄闸,medium,电动伸缩的粤语区常见叫法榄闸
154-1,154,门窗及楼梯制品 > 普通门窗 > 全玻门、自动门,material,电动伸缩榄闸,电动栅栏门,low,因其结构类似栅栏
154-1,154,门窗及楼梯制品 > 普通门窗 > 全玻门、自动门,material,电动伸缩门,伸缩门,high,市场上最通用的叫法
154-1,154,门窗及楼梯制品 > 普通门窗 > 全玻门、自动门,material,电动伸缩门,电动段滑门,low,大型伸缩门的技术别称
154-1,154,门窗及楼梯制品 > 普通门窗 > 全玻门、自动门,material,白钢玻璃门,白钢门,high,白钢是不锈钢的俗称，在玻璃门语境下简称白钢门
154-1,154,门窗及楼梯制品 > 普通门窗 > 全玻门、自动门,material,白钢玻璃门,不锈钢门,high,白钢即不锈钢的北方俗称
154-1,154,门窗及楼梯制品 > 普通门窗 > 全玻门、自动门,material,自动三翼旋转门,电动三翼旋转门,medium,自动通常指电动，口语混用
154-1,154,门窗及楼梯制品 > 普通门窗 > 全玻门、自动门,material,自动三翼旋转门,自动三翼门,high,简称
154-1,154,门窗及楼梯制品 > 普通门窗 > 全玻门、自动门,material,自动两翼旋转门,自动两翼门,high,业内对两翼旋转门的标准简称
154-1,154,门窗及楼梯制品 > 普通门窗 > 全玻门、自动门,material,自动两翼旋转门,电动两翼门,medium,自动门的常见别称
154-1,154,门窗及楼梯制品 > 普通门窗 > 全玻门、自动门,material,自动伸缩门,电动伸缩门,high,自动伸缩门几乎都使用电力，口语常与电动混用
154-1,154,门窗及楼梯制品 > 普通门窗 > 全玻门、自动门,material,自动四翼旋转门,自动四翼门,high,简称
154-1,154,门窗及楼梯制品 > 普通门窗 > 全玻门、自动门,material,自动四翼旋转门,电动四翼门,medium,口语中自动与电动混用
151-2,151,门窗及楼梯制品 > 普通门窗 > 塑钢、塑铝门窗,category,塑钢、塑铝门窗,塑钢窗,high,行业内对塑钢门窗的统称缩写，可能同时指向塑钢门窗下的推拉窗、平开窗等
151-2,151,门窗及楼梯制品 > 普通门窗 > 塑钢、塑铝门窗,category,塑钢、塑铝门窗,塑钢门,high,行业内对塑钢类门的统称缩写，可能同时指向塑钢推拉门、平开门等
151-2,151,门窗及楼梯制品 > 普通门窗 > 塑钢、塑铝门窗,category,塑钢、塑铝门窗,塑铝门窗,medium,品类路径名称，现场常以此泛指此类产品
151-2,151,门窗及楼梯制品 > 普通门窗 > 塑钢、塑铝门窗,category,塑钢、塑铝门窗,断桥铝塑门窗,low,部分带铝衬的塑钢/塑铝门窗在推广时可能被混称为断桥铝塑，容易产生交叉指代
151-2,151,门窗及楼梯制品 > 普通门窗 > 塑钢、塑铝门窗,material,塑钢推拉窗,塑钢推拉扇,medium,施工现场有时用扇代替窗的叫法
151-2,151,门窗及楼梯制品 > 普通门窗 > 塑钢、塑铝门窗,material,塑钢推拉窗,PVC推拉窗,medium,以主要材料PVC指代塑钢窗
151-2,151,门窗及楼梯制品 > 普通门窗 > 塑钢、塑铝门窗,material,塑钢推拉门,塑钢移门,high,推拉门在口语中常被称做移门
151-2,151,门窗及楼梯制品 > 普通门窗 > 塑钢、塑铝门窗,material,塑钢推拉门,PVC推拉门,medium,以主要材料PVC指代
151-2,151,门窗及楼梯制品 > 普通门窗 > 塑钢、塑铝门窗,material,塑钢提拉窗,提拉塑钢窗,medium,词序颠倒的口语叫法
151-2,151,门窗及楼梯制品 > 普通门窗 > 塑钢、塑铝门窗,material,塑钢提拉窗,美式提拉窗,medium,提拉窗常被称为美式窗
151-2,151,门窗及楼梯制品 > 普通门窗 > 塑钢、塑铝门窗,material,塑钢横式百叶窗,塑钢百叶窗,medium,在不强调百叶方向时常省略横式
151-2,151,门窗及楼梯制品 > 普通门窗 > 塑钢、塑铝门窗,material,塑钢立转窗,塑钢中悬窗,medium,立转窗在行业中也称为中悬窗
151-2,151,门窗及楼梯制品 > 普通门窗 > 塑钢、塑铝门窗,material,塑钢竖式百叶窗,塑钢竖百叶,medium,口语简化叫法
151-2,151,门窗及楼梯制品 > 普通门窗 > 塑钢、塑铝门窗,material,塑钢门窗,塑钢型材门窗,medium,强调型材的采购俗称
151-2,151,门窗及楼梯制品 > 普通门窗 > 塑钢、塑铝门窗,material,氟碳窗,氟碳喷涂窗,high,以表面处理工艺全称指代
151-2,151,门窗及楼梯制品 > 普通门窗 > 塑钢、塑铝门窗,material,氟碳窗,氟碳漆窗,medium,施工现场习惯性叫法
151-2,151,门窗及楼梯制品 > 普通门窗 > 塑钢、塑铝门窗,material,氟碳窗,PVDF窗,medium,氟碳涂料的英文简称，技术采购中常用
151-2,151,门窗及楼梯制品 > 普通门窗 > 塑钢、塑铝门窗,material,聚氨酯内平开门,PU内平开门,medium,聚氨酯英文简称PU
151-2,151,门窗及楼梯制品 > 普通门窗 > 塑钢、塑铝门窗,material,聚氨酯内开内倒开窗,PU内开内倒开窗,medium,聚氨酯英文简称PU
151-2,151,门窗及楼梯制品 > 普通门窗 > 塑钢、塑铝门窗,material,聚氨酯内开内倒窗,PU内开内倒窗,medium,聚氨酯英文简称PU
151-2,151,门窗及楼梯制品 > 普通门窗 > 塑钢、塑铝门窗,material,聚氨酯外平开窗,PU外平开窗,medium,聚氨酯英文简称PU
151-2,151,门窗及楼梯制品 > 普通门窗 > 塑钢、塑铝门窗,material,聚氨酯外平开门,PU外平开门,medium,聚氨酯英文简称PU
151-2,151,门窗及楼梯制品 > 普通门窗 > 塑钢、塑铝门窗,material,聚氨酯推拉窗,PU推拉窗,medium,聚氨酯英文简称PU
151-2,151,门窗及楼梯制品 > 普通门窗 > 塑钢、塑铝门窗,material,聚氨酯推拉门,PU推拉门,medium,聚氨酯英文简称PU
151-2,151,门窗及楼梯制品 > 普通门窗 > 塑钢、塑铝门窗,material,聚氨酯提升推拉门,PU提升推拉门,medium,聚氨酯英文简称PU
151-2,151,门窗及楼梯制品 > 普通门窗 > 塑钢、塑铝门窗,material,聚氨酯木复合内开内倒开窗,PU木复合内开内倒开窗,medium,聚氨酯英文简称PU
151-2,151,门窗及楼梯制品 > 普通门窗 > 塑钢、塑铝门窗,material,聚氨酯木复合内开内倒开窗,木包铝内开内倒窗,low,聚氨酯木复合产品有时在现场被混称为木包铝
151-2,151,门窗及楼梯制品 > 普通门窗 > 塑钢、塑铝门窗,material,聚氨酯木复合内开内倒窗,PU木复合内开内倒窗,medium,聚氨酯英文简称PU
151-2,151,门窗及楼梯制品 > 普通门窗 > 塑钢、塑铝门窗,material,聚氨酯木复合内开内倒窗,木包铝内开内倒窗,low,聚氨酯木复合产品有时在现场被混称为木包铝
152-1,152,门窗及楼梯制品 > 普通门窗 > 木门窗,material,实木复合门,实木工艺门,high,行业内对实木复合门常见的分类叫法，强调其采用实木框架与饰面工艺。
152-1,152,门窗及楼梯制品 > 普通门窗 > 木门窗,material,实木门,原木门,high,在采购和终端销售中，实木门常被要求区分指接实木与独板，原木门是高档整块实木门的俗称。
152-1,152,门窗及楼梯制品 > 普通门窗 > 木门窗,material,拼板门,实木拼接门,medium,现场口语中为了与独板原木门区分，将多块实木拼成的门称为实木拼接门。
152-1,152,门窗及楼梯制品 > 普通门窗 > 木门窗,material,模压木门,高密度模压门,medium,施工现场常根据其基材特性直接称为高密度模压门。
152-1,152,门窗及楼梯制品 > 普通门窗 > 木门窗,material,模压木门,模压空心门,high,因为模压门内部多为空心结构，口语中常以此区分。
152-1,152,门窗及楼梯制品 > 普通门窗 > 木门窗,material,纤维板门,密度板门,high,纤维板在施工现场常被统称为密度板，因此纤维板门也叫密度板门。
152-1,152,门窗及楼梯制品 > 普通门窗 > 木门窗,material,胶合板门,夹板门,high,胶合板在木工材料领域俗称夹板，胶合板门在工地口语中通常称为夹板门。
151-1,151,门窗及楼梯制品 > 普通门窗 > 塑钢、塑铝门窗,category,塑钢、塑铝门窗,塑钢门窗,high,塑钢门窗为该品类施工中常用统称
151-1,151,门窗及楼梯制品 > 普通门窗 > 塑钢、塑铝门窗,category,塑钢、塑铝门窗,UPVC门窗,high,工程采购中常以材料缩写统称
151-1,151,门窗及楼梯制品 > 普通门窗 > 塑钢、塑铝门窗,category,塑钢、塑铝门窗,塑料门窗,medium,按照基材俗称统称该类门窗
151-1,151,门窗及楼梯制品 > 普通门窗 > 塑钢、塑铝门窗,category,塑钢、塑铝门窗,塑铝门窗,low,该分类下涵盖塑铝复合门窗，现场可能混用
151-1,151,门窗及楼梯制品 > 普通门窗 > 塑钢、塑铝门窗,material,UPVC维卡塑料三轨推拉窗,三轨塑钢推拉窗,high,现场口语简化品牌与描述
151-1,151,门窗及楼梯制品 > 普通门窗 > 塑钢、塑铝门窗,material,UPVC维卡塑料三轨推拉窗,维卡三轨推拉窗,medium,省略UPVC塑料，保留品牌和特征
151-1,151,门窗及楼梯制品 > 普通门窗 > 塑钢、塑铝门窗,material,UPVC维卡塑料两轨推拉窗,两轨塑钢推拉窗,high,现场口语简化称呼
151-1,151,门窗及楼梯制品 > 普通门窗 > 塑钢、塑铝门窗,material,UPVC维卡塑料两轨推拉窗,维卡两轨推拉窗,medium,采购中常简化品牌加窗型
151-1,151,门窗及楼梯制品 > 普通门窗 > 塑钢、塑铝门窗,material,UPVC维卡塑料内平开窗,内开塑钢窗,high,行业习惯将内平开简称内开
151-1,151,门窗及楼梯制品 > 普通门窗 > 塑钢、塑铝门窗,material,UPVC维卡塑料内平开窗,维卡内开窗,medium,省略材质，强调品牌和开启方式
151-1,151,门窗及楼梯制品 > 普通门窗 > 塑钢、塑铝门窗,material,UPVC维卡塑料内平开门,内开塑钢门,high,内平开门通常简称内开门
151-1,151,门窗及楼梯制品 > 普通门窗 > 塑钢、塑铝门窗,material,UPVC维卡塑料内平开门,维卡内开门,medium,采购口语简化
151-1,151,门窗及楼梯制品 > 普通门窗 > 塑钢、塑铝门窗,material,UPVC维卡塑料外平开窗,外开塑钢窗,high,外平开窗施工中简称外开窗
151-1,151,门窗及楼梯制品 > 普通门窗 > 塑钢、塑铝门窗,material,UPVC维卡塑料外平开窗,维卡外开窗,medium,简化全称
151-1,151,门窗及楼梯制品 > 普通门窗 > 塑钢、塑铝门窗,material,UPVC维卡塑料外平开门,外开塑钢门,high,外平开门通用俗称
151-1,151,门窗及楼梯制品 > 普通门窗 > 塑钢、塑铝门窗,material,UPVC维卡塑料外平开门,维卡外开门,medium,采购口语叫法
151-1,151,门窗及楼梯制品 > 普通门窗 > 塑钢、塑铝门窗,material,UPVC维卡塑料大型提升推拉门,维卡提升推拉门,medium,省略材质，强调功能与品牌
151-1,151,门窗及楼梯制品 > 普通门窗 > 塑钢、塑铝门窗,material,UPVC维卡塑料大型提升推拉门,大型塑钢推拉门,low,按材质和尺寸俗称
151-1,151,门窗及楼梯制品 > 普通门窗 > 塑钢、塑铝门窗,material,UPVC维卡塑料手摇式外开窗,手摇外开窗,high,强调开启方式特征
151-1,151,门窗及楼梯制品 > 普通门窗 > 塑钢、塑铝门窗,material,UPVC维卡塑料手摇式外开窗,维卡手摇窗,medium,采购时简化称呼
151-1,151,门窗及楼梯制品 > 普通门窗 > 塑钢、塑铝门窗,material,UPVC维卡塑料推拉窗,维卡推拉窗,high,口语简化品牌加窗型
151-1,151,门窗及楼梯制品 > 普通门窗 > 塑钢、塑铝门窗,material,UPVC维卡塑料推拉窗,塑钢推拉窗,high,以材质统称
151-1,151,门窗及楼梯制品 > 普通门窗 > 塑钢、塑铝门窗,material,UPVC维卡塑料百叶窗,塑钢百叶窗,high,按材质俗称
151-1,151,门窗及楼梯制品 > 普通门窗 > 塑钢、塑铝门窗,material,UPVC维卡塑料百叶窗,维卡百叶窗,medium,采购口语简化
151-1,151,门窗及楼梯制品 > 普通门窗 > 塑钢、塑铝门窗,material,塑料中悬窗,中悬塑钢窗,high,行业习惯叫法
151-1,151,门窗及楼梯制品 > 普通门窗 > 塑钢、塑铝门窗,material,塑料固定窗,固定塑钢窗,high,材质加窗型俗称
151-1,151,门窗及楼梯制品 > 普通门窗 > 塑钢、塑铝门窗,material,塑料固定窗,死扇窗,medium,固定窗无法开启，现场俗称死扇
151-1,151,门窗及楼梯制品 > 普通门窗 > 塑钢、塑铝门窗,material,塑钢内平开下悬窗,内开内倒窗,high,行业通用俗称，指内平开和下悬两种开启方式
151-1,151,门窗及楼梯制品 > 普通门窗 > 塑钢、塑铝门窗,material,塑钢内平开下悬窗,平开下悬窗,medium,简化描述
151-1,151,门窗及楼梯制品 > 普通门窗 > 塑钢、塑铝门窗,material,塑钢半圆弧窗,弧形塑钢窗,high,现场对圆弧窗的常见叫法
151-1,151,门窗及楼梯制品 > 普通门窗 > 塑钢、塑铝门窗,material,塑钢半圆弧窗,塑钢圆窗,low,半圆弧窗有时统称圆窗
151-1,151,门窗及楼梯制品 > 普通门窗 > 塑钢、塑铝门窗,material,塑钢固定窗,死扇窗,medium,固定不可开启部分的俗称
151-1,151,门窗及楼梯制品 > 普通门窗 > 塑钢、塑铝门窗,material,塑钢固定窗,固定扇,medium,工程口语简称
151-1,151,门窗及楼梯制品 > 普通门窗 > 塑钢、塑铝门窗,material,塑钢圆弧窗,弧形塑钢窗,high,圆弧窗的行业别名
151-1,151,门窗及楼梯制品 > 普通门窗 > 塑钢、塑铝门窗,material,塑钢圆弧窗,塑钢圆窗,medium,常用俗称
151-1,151,门窗及楼梯制品 > 普通门窗 > 塑钢、塑铝门窗,material,塑钢地弹门,塑钢地弹簧门,high,地弹门全称地弹簧门
151-1,151,门窗及楼梯制品 > 普通门窗 > 塑钢、塑铝门窗,material,塑钢外开上悬窗,外开上悬窗,high,开启方式加窗型简称
151-1,151,门窗及楼梯制品 > 普通门窗 > 塑钢、塑铝门窗,material,塑钢外开上悬窗,外上悬窗,medium,采购口语简称
151-1,151,门窗及楼梯制品 > 普通门窗 > 塑钢、塑铝门窗,material,塑钢外开下悬窗,外开下悬窗,high,按开启方式俗称
151-1,151,门窗及楼梯制品 > 普通门窗 > 塑钢、塑铝门窗,material,塑钢外开下悬窗,外下悬窗,medium,口语简称
151-1,151,门窗及楼梯制品 > 普通门窗 > 塑钢、塑铝门窗,material,塑钢对开窗,双开窗,medium,对开窗俗称双开窗
151-1,151,门窗及楼梯制品 > 普通门窗 > 塑钢、塑铝门窗,material,塑钢对开窗,两扇推拉窗,low,对开形态的可能叫法
151-1,151,门窗及楼梯制品 > 普通门窗 > 塑钢、塑铝门窗,material,塑钢对开门,双开门,high,对开门通用俗称
151-1,151,门窗及楼梯制品 > 普通门窗 > 塑钢、塑铝门窗,material,塑钢对开门,塑钢双开门,high,材质加俗称
1487-1,1487,门窗及楼梯制品 > 普通门窗 > 玻璃钢门窗,category,玻璃钢门窗,FRP门窗,high,玻璃钢即纤维增强塑料，FRP是其英文缩写，行业内常用
1487-1,1487,门窗及楼梯制品 > 普通门窗 > 玻璃钢门窗,category,玻璃钢门窗,玻璃纤维门窗,medium,基于玻璃钢的主要增强材料玻璃纤维而得的俗称
1487-1,1487,门窗及楼梯制品 > 普通门窗 > 玻璃钢门窗,material,玻璃钢内平开窗,FRP内平开窗,medium,行业内玻璃钢常简称为FRP
1487-1,1487,门窗及楼梯制品 > 普通门窗 > 玻璃钢门窗,material,玻璃钢外平开窗,FRP外平开窗,medium,行业内玻璃钢常简称为FRP
1487-1,1487,门窗及楼梯制品 > 普通门窗 > 玻璃钢门窗,material,玻璃钢平开上悬窗,FRP上悬窗,medium,玻璃钢简称FRP，与开启方式组合的叫法
1487-1,1487,门窗及楼梯制品 > 普通门窗 > 玻璃钢门窗,material,玻璃钢平开门,FRP平开门,medium,行业内玻璃钢简称FRP
1487-1,1487,门窗及楼梯制品 > 普通门窗 > 玻璃钢门窗,material,玻璃钢推拉窗,FRP推拉窗,medium,行业内玻璃钢常简称为FRP
1487-1,1487,门窗及楼梯制品 > 普通门窗 > 玻璃钢门窗,material,玻璃钢窗,FRP窗,high,玻璃钢窗的行业内简称
1487-1,1487,门窗及楼梯制品 > 普通门窗 > 玻璃钢门窗,material,玻璃钢门,FRP门,high,玻璃钢门的行业内简称
70-1,70,门窗及楼梯制品 > 特种门窗 > 防火门,material,不锈钢防火门,不锈钢防火门,high,本身即为标准全称，工地口语常直接使用
70-1,70,门窗及楼梯制品 > 特种门窗 > 防火门,material,木质防火门,木防火门,high,省略'质'字的简称，口语常见
70-1,70,门窗及楼梯制品 > 特种门窗 > 防火门,material,木质防火门,木质防火门,high,标准全称，口语直接使用
70-1,70,门窗及楼梯制品 > 特种门窗 > 防火门,material,钢木防火门,钢木防火门,high,标准全称，口语直接使用
70-1,70,门窗及楼梯制品 > 特种门窗 > 防火门,material,钢木防火门,钢木门,medium,在防火语境下常省略'防火'二字
70-1,70,门窗及楼梯制品 > 特种门窗 > 防火门,material,铁质防火门,铁防火门,high,省略'质'字的简称
70-1,70,门窗及楼梯制品 > 特种门窗 > 防火门,material,铁质防火门,铁质防火门,high,标准全称，口语直接使用
149-1,149,门窗及楼梯制品 > 普通门窗 > 钢门窗,category,钢门窗,铁门窗,medium,施工现场对早期钢门窗的习惯叫法，因材质为铁基合金
149-1,149,门窗及楼梯制品 > 普通门窗 > 钢门窗,category,钢门窗,钢制门窗,high,钢门窗的全称简称
149-1,149,门窗及楼梯制品 > 普通门窗 > 钢门窗,material,实腹钢质门,实腹钢门,high,口语中常省略'质'字
149-1,149,门窗及楼梯制品 > 普通门窗 > 钢门窗,material,空腹钢质门,空腹钢门,high,口语中常省略'质'字
149-1,149,门窗及楼梯制品 > 普通门窗 > 钢门窗,material,简易钢窗,简易铁窗,medium,早期工地因材质俗称为铁窗
149-1,149,门窗及楼梯制品 > 普通门窗 > 钢门窗,material,简易钢门,简易铁门,medium,早期工地因材质俗称为铁门
149-1,149,门窗及楼梯制品 > 普通门窗 > 钢门窗,material,钢制窗,钢窗,high,钢制窗的简称
149-1,149,门窗及楼梯制品 > 普通门窗 > 钢门窗,material,钢制窗,铁窗,medium,旧时对钢窗的俗称，源于材质
149-1,149,门窗及楼梯制品 > 普通门窗 > 钢门窗,material,钢板整体成型复合门,钢板复合门,high,简化叫法，省略整体成型
149-1,149,门窗及楼梯制品 > 普通门窗 > 钢门窗,material,钢板整体成型复合门,钢质复合门,medium,按材质和结构简化称呼
149-1,149,门窗及楼梯制品 > 普通门窗 > 钢门窗,material,钢板整体成型窗,钢板成型窗,medium,简化叫法
149-1,149,门窗及楼梯制品 > 普通门窗 > 钢门窗,material,钢质保温门,钢保门,low,取钢质和保温首字缩略
149-1,149,门窗及楼梯制品 > 普通门窗 > 钢门窗,material,钢质保温门,保温钢门,high,功能前置的常见叫法
149-1,149,门窗及楼梯制品 > 普通门窗 > 钢门窗,material,钢质电动推拉门,电动钢推门,medium,施工现场口语缩写
149-1,149,门窗及楼梯制品 > 普通门窗 > 钢门窗,material,钢质电动推拉门,钢制电动门,medium,简化材质和功能描述
149-1,149,门窗及楼梯制品 > 普通门窗 > 钢门窗,material,钢质电动防火窗,电动防火钢窗,medium,功能描述顺序调整
149-1,149,门窗及楼梯制品 > 普通门窗 > 钢门窗,material,钢质门,钢门,high,钢质门简称
149-1,149,门窗及楼梯制品 > 普通门窗 > 钢门窗,material,钢质门,铁门,medium,非正式场合对钢门的旧称
149-1,149,门窗及楼梯制品 > 普通门窗 > 钢门窗,material,钢质防火玻璃窗,防火玻璃钢窗,medium,功能特征前置
149-1,149,门窗及楼梯制品 > 普通门窗 > 钢门窗,material,钢质防火玻璃窗,钢防火玻璃窗,low,材质+功能+类型的口语化组合
149-1,149,门窗及楼梯制品 > 普通门窗 > 钢门窗,material,钢质防火窗,防火钢窗,high,国家标准/清单中常见的反序叫法
149-1,149,门窗及楼梯制品 > 普通门窗 > 钢门窗,material,钢质防火窗,钢防火窗,high,口语中材质和功能的首字组合
150-1,150,门窗及楼梯制品 > 普通门窗 > 铝合金门窗,category,铝合金门窗,铝合金窗,medium,在上下文明确时，常用来泛指各类铝合金材质的窗及门窗制品
150-1,150,门窗及楼梯制品 > 普通门窗 > 铝合金门窗,category,铝合金门窗,断桥铝门窗,high,断桥铝合金门窗的常见简称
150-1,150,门窗及楼梯制品 > 普通门窗 > 铝合金门窗,material,断桥铝合金百叶窗,断桥铝百叶,high,简称
150-1,150,门窗及楼梯制品 > 普通门窗 > 铝合金门窗,material,断桥铝合金窗,断桥铝窗,high,断桥铝合金窗的简称
150-1,150,门窗及楼梯制品 > 普通门窗 > 铝合金门窗,material,断桥铝合金窗,隔热铝合金窗,medium,强调其隔热性能的别称
150-1,150,门窗及楼梯制品 > 普通门窗 > 铝合金门窗,material,断桥铝合金门,断桥铝门,high,断桥铝合金门的简称
150-1,150,门窗及楼梯制品 > 普通门窗 > 铝合金门窗,material,断桥铝合金门窗,断桥铝门窗,high,断桥铝合金门窗的简称
150-1,150,门窗及楼梯制品 > 普通门窗 > 铝合金门窗,material,断桥铝合金门窗,隔热铝合金门窗,medium,强调其隔热性能
150-1,150,门窗及楼梯制品 > 普通门窗 > 铝合金门窗,material,普通铝合金百叶窗,铝合金百叶,high,简称
150-1,150,门窗及楼梯制品 > 普通门窗 > 铝合金门窗,material,普通铝合金窗,铝合金窗,high,在非断桥场合通用的叫法
150-1,150,门窗及楼梯制品 > 普通门窗 > 铝合金门窗,material,普通铝合金门,铝合金门,high,在非断桥场合通用的叫法
150-1,150,门窗及楼梯制品 > 普通门窗 > 铝合金门窗,material,木包铝窗,铝木复合窗,medium,行业内有时与木铝复合窗混称，虽然结构有别
150-1,150,门窗及楼梯制品 > 普通门窗 > 铝合金门窗,material,木铝复合窗,铝木复合窗,medium,与木包铝窗称呼常互换
150-1,150,门窗及楼梯制品 > 普通门窗 > 铝合金门窗,material,铝包木窗,木包铝窗,low,虽然结构相反，但现场口语易混叫
150-1,150,门窗及楼梯制品 > 普通门窗 > 铝合金门窗,material,铝包木门,铝木门,medium,铝包木门的简称
150-1,150,门窗及楼梯制品 > 普通门窗 > 铝合金门窗,material,铝型材氟碳门,氟碳门,high,省略铝型材的简称
150-1,150,门窗及楼梯制品 > 普通门窗 > 铝合金门窗,material,铝型材氟碳门,氟碳喷涂门,medium,侧重于表面处理工艺的叫法
1488-1,1488,门窗及楼梯制品 > 特种门窗 > 防盗门,category,防盗门,防盗安全门,high,行业全称，在招标文件和合同中常见，泛指本分类下各类防盗门
1488-1,1488,门窗及楼梯制品 > 特种门窗 > 防盗门,category,防盗门,进户门,medium,施工现场对入户防盗门的口语叫法
1488-1,1488,门窗及楼梯制品 > 特种门窗 > 防盗门,material,不锈钢防盗门,不锈铁门,low,市场上对部分低镍不锈钢材质的防盗门的口语贬称
1488-1,1488,门窗及楼梯制品 > 特种门窗 > 防盗门,material,钢制防盗门,铁门,medium,现场口语简称，泛指钢制门
1488-1,1488,门窗及楼梯制品 > 特种门窗 > 防盗门,material,钢制防盗门,防盗铁门,low,对早期单片钢板防盗门的俗称
1488-1,1488,门窗及楼梯制品 > 特种门窗 > 防盗门,material,钢木防盗门,装甲门,high,行业对钢芯木饰面结构防盗门的俗称
1488-1,1488,门窗及楼梯制品 > 特种门窗 > 防盗门,material,钢木防盗门,钢木装甲门,high,钢木防盗门的完整商业名称
1488-1,1488,门窗及楼梯制品 > 特种门窗 > 防盗门,material,钢木防盗门,木饰面防盗门,medium,强调其木质外观的叫法
1488-1,1488,门窗及楼梯制品 > 特种门窗 > 防盗门,material,钢质防盗门,铁门,medium,施工现场对钢质门的通用简称
1488-1,1488,门窗及楼梯制品 > 特种门窗 > 防盗门,material,钢质防盗门,钢板门,medium,强调全钢板结构
1488-1,1488,门窗及楼梯制品 > 特种门窗 > 防盗门,material,铁质防盗门,铁皮门,medium,对较薄铁皮材质防盗门的口语俗称
1488-1,1488,门窗及楼梯制品 > 特种门窗 > 防盗门,material,铜质防盗门,铜门,high,市场简称
1488-1,1488,门窗及楼梯制品 > 特种门窗 > 防盗门,material,铝合金防盗门,铝门,low,口语简称
1488-1,1488,门窗及楼梯制品 > 特种门窗 > 防盗门,material,铝合金防盗门,合金防盗门,medium,铝合金常被简称为合金
1488-1,1488,门窗及楼梯制品 > 特种门窗 > 防盗门,material,锌合金防盗门,锌合金门,medium,省略防盗二字的口语叫法
1488-1,1488,门窗及楼梯制品 > 特种门窗 > 防盗门,material,防火防盗门,防火防盗两用门,low,强调双重功能的商业叫法
156-1,156,门窗及楼梯制品 > 特种门窗 > 其他特种门窗,material,不锈钢传递窗,传递窗,high,口语中常省略“不锈钢”
156-1,156,门窗及楼梯制品 > 特种门窗 > 其他特种门窗,material,不锈钢传递窗,不锈钢传物窗,medium,行业内同义叫法
156-1,156,门窗及楼梯制品 > 特种门窗 > 其他特种门窗,material,不锈钢传递窗,食品传递窗,medium,洁净车间现场叫法
156-1,156,门窗及楼梯制品 > 特种门窗 > 其他特种门窗,material,冷库保温门,冷库门,high,施工现场口语简称
156-1,156,门窗及楼梯制品 > 特种门窗 > 其他特种门窗,material,冷库保温门,保温冷库门,medium,同义调换叫法
156-1,156,门窗及楼梯制品 > 特种门窗 > 其他特种门窗,material,冷库保温门,冷库平移门,medium,常见类型代指整体
156-1,156,门窗及楼梯制品 > 特种门窗 > 其他特种门窗,material,冷库门,库门,medium,口语简称
156-1,156,门窗及楼梯制品 > 特种门窗 > 其他特种门窗,material,冷库门,冷冻门,medium,工地简称
156-1,156,门窗及楼梯制品 > 特种门窗 > 其他特种门窗,material,密闭窗,气密窗,high,强调气密性能的叫法
156-1,156,门窗及楼梯制品 > 特种门窗 > 其他特种门窗,material,密闭窗,密封窗,high,功能同义词
156-1,156,门窗及楼梯制品 > 特种门窗 > 其他特种门窗,material,抗爆门,防爆门,high,业界混用称法
156-1,156,门窗及楼梯制品 > 特种门窗 > 其他特种门窗,material,抗爆门,防爆抗爆门,medium,功能叠加叫法
156-1,156,门窗及楼梯制品 > 特种门窗 > 其他特种门窗,material,排烟窗,消防排烟窗,high,消防语境常用
156-1,156,门窗及楼梯制品 > 特种门窗 > 其他特种门窗,material,排烟窗,天窗排烟,medium,现场安装俗称
156-1,156,门窗及楼梯制品 > 特种门窗 > 其他特种门窗,material,排烟窗,排烟天窗,medium,天窗型式的统称
156-1,156,门窗及楼梯制品 > 特种门窗 > 其他特种门窗,material,泄压窗,泄爆窗,medium,功能相近混用
156-1,156,门窗及楼梯制品 > 特种门窗 > 其他特种门窗,material,泄压窗,泄压排烟窗,low,复合功能叫法
156-1,156,门窗及楼梯制品 > 特种门窗 > 其他特种门窗,material,泄爆窗,防爆窗,medium,国内采购混用称谓
156-1,156,门窗及楼梯制品 > 特种门窗 > 其他特种门窗,material,泄爆窗,泄压窗,medium,压力泄放功能混用
156-1,156,门窗及楼梯制品 > 特种门窗 > 其他特种门窗,material,泄爆门,防爆门,medium,国内采购混用称谓
156-1,156,门窗及楼梯制品 > 特种门窗 > 其他特种门窗,material,泄爆门,泄压门,low,功能相似代称
156-1,156,门窗及楼梯制品 > 特种门窗 > 其他特种门窗,material,电动排烟窗,电动窗,medium,施工现场省略功能叫法
156-1,156,门窗及楼梯制品 > 特种门窗 > 其他特种门窗,material,电动排烟窗,消防电动窗,medium,消防系统内简称
156-1,156,门窗及楼梯制品 > 特种门窗 > 其他特种门窗,material,电动排烟窗,排烟窗,high,省略电动控制方式
156-1,156,门窗及楼梯制品 > 特种门窗 > 其他特种门窗,material,联动门,双开联动门,medium,强调双扇联动
156-1,156,门窗及楼梯制品 > 特种门窗 > 其他特种门窗,material,联动门,联开门,medium,口语变体
156-1,156,门窗及楼梯制品 > 特种门窗 > 其他特种门窗,material,钢筋混凝土挡窗板,RC挡窗板,medium,英文缩写叫法
156-1,156,门窗及楼梯制品 > 特种门窗 > 其他特种门窗,material,钢筋混凝土挡窗板,挡窗板,high,省略材质简称
156-1,156,门窗及楼梯制品 > 特种门窗 > 其他特种门窗,material,钢筋混凝土挡窗板,砼挡窗板,medium,混凝土行业简称
156-1,156,门窗及楼梯制品 > 特种门窗 > 其他特种门窗,material,钢质活门槛防护单元隔断门,活门槛门,high,口语简称
156-1,156,门窗及楼梯制品 > 特种门窗 > 其他特种门窗,material,钢质活门槛防护单元隔断门,人防活门槛,high,人防工程简称
156-1,156,门窗及楼梯制品 > 特种门窗 > 其他特种门窗,material,钢质活门槛防护单元隔断门,钢活门槛,medium,行业缩写
156-1,156,门窗及楼梯制品 > 特种门窗 > 其他特种门窗,material,防爆门,抗爆门,medium,行业内混用
156-1,156,门窗及楼梯制品 > 特种门窗 > 其他特种门窗,material,防爆门,泄爆门,medium,功能类似混用
156-1,156,门窗及楼梯制品 > 特种门窗 > 其他特种门窗,material,隔音窗,隔声窗,high,性能同义词
156-1,156,门窗及楼梯制品 > 特种门窗 > 其他特种门窗,material,隔音窗,静音窗,medium,民用市场俗称
156-1,156,门窗及楼梯制品 > 特种门窗 > 其他特种门窗,material,隔音窗,降噪窗,medium,功能描述叫法
1278-1,1278,阀门 > 其他阀门及附件 > 阀门专用附件,category,阀门专用附件,阀门辅件,high,行业内统称，涵盖驱动器、定位器、箱子等配套件
1278-1,1278,阀门 > 其他阀门及附件 > 阀门专用附件,category,阀门专用附件,执行器及附件,medium,该分类下主要是执行机构和定位器，俗称执行器及附件
1278-1,1278,阀门 > 其他阀门及附件 > 阀门专用附件,material,气动装置,气动头,high,施工现场对气动执行机构的通俗叫法
1278-1,1278,阀门 > 其他阀门及附件 > 阀门专用附件,material,气动装置,气动执行器,high,气动装置的通用专业称法，但常被当作习惯叫法使用
1278-1,1278,阀门 > 其他阀门及附件 > 阀门专用附件,material,流体驱动单回转式执行机构,液动头,high,液压驱动的执行机构俗称
1278-1,1278,阀门 > 其他阀门及附件 > 阀门专用附件,material,流体驱动单回转式执行机构,拨叉式液动执行器,low,常见的流体驱动单回转结构形式
1278-1,1278,阀门 > 其他阀门及附件 > 阀门专用附件,material,电动单回转式执行机构,电动头,high,施工现场对电动执行机构的统称
1278-1,1278,阀门 > 其他阀门及附件 > 阀门专用附件,material,电动单回转式执行机构,角行程电动执行器,high,单回转式输出的专业别称
1278-1,1278,阀门 > 其他阀门及附件 > 阀门专用附件,material,电动单回转式执行机构,部分回转执行器,medium,区别于多回转，行业内对单回转的另一种叫法
1278-1,1278,阀门 > 其他阀门及附件 > 阀门专用附件,material,电动多回转式执行机构,多回转电动头,high,施工现场通俗叫法
1278-1,1278,阀门 > 其他阀门及附件 > 阀门专用附件,material,电动多回转式执行机构,直行程电动执行器,high,多回转常用于驱动闸阀等直行程阀门
1278-1,1278,阀门 > 其他阀门及附件 > 阀门专用附件,material,电动多回转式执行机构,多回转执行器,high,简称
1278-1,1278,阀门 > 其他阀门及附件 > 阀门专用附件,material,直线输出式执行机构,直行程执行器,high,直线输出对应的行程类型俗称
1278-1,1278,阀门 > 其他阀门及附件 > 阀门专用附件,material,直线输出式执行机构,推杆式执行器,low,常见的直线输出结构形式
1278-1,1278,阀门 > 其他阀门及附件 > 阀门专用附件,material,直线输出式执行机构,电动推杆,medium,施工现场有时直接按驱动形式和功能叫
1278-1,1278,阀门 > 其他阀门及附件 > 阀门专用附件,material,阀门定位器,定位器,high,在阀门语境下的通用简称
1278-1,1278,阀门 > 其他阀门及附件 > 阀门专用附件,material,阀门箱,阀箱,high,口语及采购清单中常用的简称
1278-1,1278,阀门 > 其他阀门及附件 > 阀门专用附件,material,阀门箱,阀门保护箱,medium,对地埋或户外阀门保护箱的叫法
1270-1,1270,阀门 > 分流阀类 > 给水分配阀,category,给水分配阀,分水阀,high,给水分配阀在施工现场的常见简称
1270-1,1270,阀门 > 分流阀类 > 给水分配阀,material,法兰给水分配阀,法兰分水阀,high,连接形式+简称组合，采购单常见写法
1270-1,1270,阀门 > 分流阀类 > 给水分配阀,material,法兰给水分配阀,法兰分配阀,medium,省略'给水'的简化叫法
1270-1,1270,阀门 > 分流阀类 > 给水分配阀,material,焊接给水分配阀,焊接分水阀,high,连接形式+简称组合，施工交底常用
1270-1,1270,阀门 > 分流阀类 > 给水分配阀,material,焊接给水分配阀,焊接分配阀,medium,省略'给水'的简化叫法
1277-2,1277,阀门 > 其他阀门及附件 > 其他阀门,material,热熔铜截止阀,PPR铜截止阀,high,热熔连接方式常见于PPR管道，现场俗称
1277-2,1277,阀门 > 其他阀门及附件 > 其他阀门,material,热熔铜截止阀,热熔截止阀,medium,省略了铜材质的口语叫法
1277-2,1277,阀门 > 其他阀门及附件 > 其他阀门,material,热熔铜球阀,PPR铜球阀,high,热熔连接方式常见于PPR管道，现场俗称
1277-2,1277,阀门 > 其他阀门及附件 > 其他阀门,material,热熔铜球阀,双活接球阀,medium,热熔球阀通常带有活接，工地常以此特征称呼
1277-2,1277,阀门 > 其他阀门及附件 > 其他阀门,material,燃气阀,天然气阀,high,燃气的常见种类，俗称
1277-2,1277,阀门 > 其他阀门及附件 > 其他阀门,material,燃气阀,煤气阀,medium,早期燃气以煤气为主，叫法沿用至今
1277-2,1277,阀门 > 其他阀门及附件 > 其他阀门,material,真空破坏器,真空破除器,high,口头语中换了一种说法
1277-2,1277,阀门 > 其他阀门及附件 > 其他阀门,material,真空破坏器,破真空阀,medium,功能性描述简称
1277-2,1277,阀门 > 其他阀门及附件 > 其他阀门,material,空气隔断阀,气隔阀,medium,空气隔断阀的简称
1277-2,1277,阀门 > 其他阀门及附件 > 其他阀门,material,空气隔断阀,空气阻断阀,medium,隔断的同义替换
1277-2,1277,阀门 > 其他阀门及附件 > 其他阀门,material,管力阀,自力式控制阀,medium,利用管道自身压力工作，功能描述性俗称
1277-2,1277,阀门 > 其他阀门及附件 > 其他阀门,material,耐磨型排渣闸阀,耐磨排渣阀,medium,省略了闸阀类型，现场简化叫法
1277-2,1277,阀门 > 其他阀门及附件 > 其他阀门,material,蜗轮排渣闸阀,涡轮排渣阀,medium,蜗轮常被误写或简称为涡轮
1277-2,1277,阀门 > 其他阀门及附件 > 其他阀门,material,锁闭阀,锁阀,medium,简化的简称
1277-2,1277,阀门 > 其他阀门及附件 > 其他阀门,material,锁闭阀,带锁阀门,medium,描述性口语叫法
1277-2,1277,阀门 > 其他阀门及附件 > 其他阀门,material,防冻阀,防冻阀门,high,口语中常将阀称为阀门
1277-2,1277,阀门 > 其他阀门及附件 > 其他阀门,material,防护阀,保护阀,medium,防护的同义替换
1277-2,1277,阀门 > 其他阀门及附件 > 其他阀门,material,防污隔断阀,防污阀,medium,省略了隔断功能的简称
1277-2,1277,阀门 > 其他阀门及附件 > 其他阀门,material,防污隔断阀,倒流防止器,medium,功能类似，有时混称
1277-2,1277,阀门 > 其他阀门及附件 > 其他阀门,material,陶瓷排渣阀,耐磨排渣阀,medium,陶瓷核心功能为耐磨，以此代称
1260-1,1260,阀门 > 截断阀类 > 旋塞阀,category,旋塞阀,考克,high,旋塞阀的英文cock音译叫法，在施工现场和采购中非常普遍
1260-1,1260,阀门 > 截断阀类 > 旋塞阀,category,旋塞阀,转芯阀,medium,旋塞阀依靠带孔塞体旋转实现启闭，俗称转芯阀
1260-1,1260,阀门 > 截断阀类 > 旋塞阀,category,旋塞阀,塞子阀,low,早期口语叫法，因其内部塞子似的启闭件而得名
1260-1,1260,阀门 > 截断阀类 > 旋塞阀,material,法兰旋塞阀,法兰考克,high,法兰连接方式的旋塞阀，口语直接称法兰考克
1260-1,1260,阀门 > 截断阀类 > 旋塞阀,material,法兰旋塞阀,法兰塞子阀,low,法兰式旋塞阀的通俗叫法
1260-1,1260,阀门 > 截断阀类 > 旋塞阀,material,螺纹旋塞阀,丝扣考克,high,螺纹连接俗称丝扣，因此螺纹旋塞阀常被叫做丝扣考克
1260-1,1260,阀门 > 截断阀类 > 旋塞阀,material,螺纹旋塞阀,丝扣旋塞阀,medium,螺纹连接旋塞阀的口语表达
1260-1,1260,阀门 > 截断阀类 > 旋塞阀,material,螺纹旋塞阀,螺纹考克,medium,螺纹连接方式与考克的组合叫法
1260-1,1260,阀门 > 截断阀类 > 旋塞阀,material,螺纹旋塞阀,内螺纹考克,low,当为内螺纹时常被这样称呼
25-1,25,阀门 > 截断阀类 > 截止阀,material,氧气截止阀,氧阀,high,现场和采购中对氧气用截止阀的简称
25-1,25,阀门 > 截断阀类 > 截止阀,material,氧气截止阀,氧气阀,high,按介质称呼，采购询价常用叫法
25-1,25,阀门 > 截断阀类 > 截止阀,material,氨用截止阀,氨阀,high,制冷、化工项目中对氨介质阀门的口简称呼
25-1,25,阀门 > 截断阀类 > 截止阀,material,氨用截止阀,氨用阀,medium,采购单上常见的简化写法
25-1,25,阀门 > 截断阀类 > 截止阀,material,水封截止阀,水封阀,high,施工现场口语简称，省略截止二字
25-1,25,阀门 > 截断阀类 > 截止阀,material,法兰截止阀,法兰阀,low,现场口语化简称，泛指法兰连接方式的阀门
25-1,25,阀门 > 截断阀类 > 截止阀,material,焊接截止阀,焊接阀,low,施工现场对焊接连接阀门的简化叫法
25-1,25,阀门 > 截断阀类 > 截止阀,material,电动截止阀,电动阀,low,口语化简称，泛指带电动执行器的阀门
25-1,25,阀门 > 截断阀类 > 截止阀,material,螺纹截止阀,丝扣截止阀,high,管道工和采购对螺纹连接方式的口语说法
25-1,25,阀门 > 截断阀类 > 截止阀,material,螺纹截止阀,丝口截止阀,medium,与丝扣同义，常见于安装现场称呼
25-1,25,阀门 > 截断阀类 > 截止阀,material,角式截止阀,角阀,high,角式结构截止阀的通用行业俗称
25-1,25,阀门 > 截断阀类 > 截止阀,material,角式截止阀,角式阀,medium,采购清单中常见的简化写法
1271-1,1271,阀门 > 分流阀类 > 疏水阀,category,疏水阀,阻汽排水阀,high,疏水阀的核心功能俗称
1271-1,1271,阀门 > 分流阀类 > 疏水阀,category,疏水阀,疏水器,high,施工现场最通用的简称
1271-1,1271,阀门 > 分流阀类 > 疏水阀,category,疏水阀,回水盒,medium,老式暖通工程中疏水阀的俗称
1271-1,1271,阀门 > 分流阀类 > 疏水阀,category,疏水阀,隔汽具,low,少量工程资料中使用
1271-1,1271,阀门 > 分流阀类 > 疏水阀,material,双金属片式疏水阀,双金属疏水阀,high,现场口语简称
1271-1,1271,阀门 > 分流阀类 > 疏水阀,material,双金属片式疏水阀,双金属片疏水器,medium,通用俗称组合
1271-1,1271,阀门 > 分流阀类 > 疏水阀,material,圆盘式热动力疏水阀,圆盘疏水阀,high,构造特征简称
1271-1,1271,阀门 > 分流阀类 > 疏水阀,material,圆盘式热动力疏水阀,圆盘式疏水器,medium,常见俗称组合
1271-1,1271,阀门 > 分流阀类 > 疏水阀,material,孔板式疏水阀,孔板疏水阀,high,口语简称
1271-1,1271,阀门 > 分流阀类 > 疏水阀,material,孔板式疏水阀,节流孔板疏水器,medium,强调其节流孔板工作原理
1271-1,1271,阀门 > 分流阀类 > 疏水阀,material,波纹管式疏水阀,波纹管疏水阀,high,口语简称
1271-1,1271,阀门 > 分流阀类 > 疏水阀,material,波纹管式疏水阀,波纹管疏水器,medium,常见俗称组合
1271-1,1271,阀门 > 分流阀类 > 疏水阀,material,浮桶式疏水阀,浮桶疏水阀,high,口语简称
1271-1,1271,阀门 > 分流阀类 > 疏水阀,material,浮桶式疏水阀,浮筒式疏水器,medium,浮桶与浮筒混用的叫法
1271-1,1271,阀门 > 分流阀类 > 疏水阀,material,浮桶式疏水阀,倒吊桶疏水阀,low,某些地区对浮桶式的特定叫法
1271-1,1271,阀门 > 分流阀类 > 疏水阀,material,浮球式疏水阀,浮球疏水阀,high,口语简称
1271-1,1271,阀门 > 分流阀类 > 疏水阀,material,浮球式疏水阀,浮球式疏水器,medium,常见俗称组合
1271-1,1271,阀门 > 分流阀类 > 疏水阀,material,浮球式疏水阀,自由浮球疏水阀,low,强调内部浮球为自由状态
1271-1,1271,阀门 > 分流阀类 > 疏水阀,material,热动力型疏水阀,热动疏水阀,high,极简口语缩写
1271-1,1271,阀门 > 分流阀类 > 疏水阀,material,热动力型疏水阀,热动力式疏水器,medium,类目名与俗称组合
1271-1,1271,阀门 > 分流阀类 > 疏水阀,material,热静力型疏水阀,热静力疏水阀,high,口语简称
1271-1,1271,阀门 > 分流阀类 > 疏水阀,material,热静力型疏水阀,热静力式疏水器,medium,类目名与俗称组合
1271-1,1271,阀门 > 分流阀类 > 疏水阀,material,脉冲式疏水阀,脉冲疏水阀,high,口语简称
1271-1,1271,阀门 > 分流阀类 > 疏水阀,material,脉冲式疏水阀,脉冲式疏水器,medium,常见俗称组合
1261-1,1261,阀门 > 截断阀类 > 柱塞阀,category,柱塞阀,活塞阀,medium,柱塞阀的工作原理类似活塞运动，在部分图纸或老式叫法中被称为活塞阀
1261-1,1261,阀门 > 截断阀类 > 柱塞阀,material,法兰柱塞阀,法兰活塞阀,medium,结合柱塞阀的别称和法兰连接形式的口语叫法
1261-1,1261,阀门 > 截断阀类 > 柱塞阀,material,螺纹柱塞阀,丝扣柱塞阀,high,螺纹连接在施工现场口语中常称为丝扣
1261-1,1261,阀门 > 截断阀类 > 柱塞阀,material,螺纹柱塞阀,内螺纹柱塞阀,medium,工程采购中常明确螺纹类型，内螺纹为常见规格
1272-1,1272,阀门 > 安全阀类 > 安全阀,category,安全阀,泄压阀,medium,安全阀在口语中常与泄压阀混用
1272-1,1272,阀门 > 安全阀类 > 安全阀,category,安全阀,安全门,medium,锅炉等设备上的安全阀俗称为安全门
1272-1,1272,阀门 > 安全阀类 > 安全阀,category,安全阀,安全释放阀,low,强调安全释放压力的功能
1272-1,1272,阀门 > 安全阀类 > 安全阀,material,卡箍泄压阀,快装泄压阀,medium,卡箍连接在食品、制药行业常被称为快装
1272-1,1272,阀门 > 安全阀类 > 安全阀,material,安全回流阀,回流泄压阀,low,口语中功能复合叫法
1272-1,1272,阀门 > 安全阀类 > 安全阀,material,安全泄压持压阀,泄压稳压阀,medium,持压即维持压力，俗称稳压
1272-1,1272,阀门 > 安全阀类 > 安全阀,material,安全泄压持压阀,安全稳压阀,medium,施工现场简称
1272-1,1272,阀门 > 安全阀类 > 安全阀,material,安全泄压阀,泄压阀,high,最常见的简称
1272-1,1272,阀门 > 安全阀类 > 安全阀,material,安全泄压阀,安泄阀,low,安全泄压阀的缩写简称
1272-1,1272,阀门 > 安全阀类 > 安全阀,material,弹簧式安全阀,弹簧安全阀,high,省略'式'字的简称
1272-1,1272,阀门 > 安全阀类 > 安全阀,material,弹簧式安全阀,弹簧式,medium,施工现场简化叫法，如'装个弹簧式'
1272-1,1272,阀门 > 安全阀类 > 安全阀,material,持压泄压阀,稳压泄压阀,medium,持压功能俗称稳压
1272-1,1272,阀门 > 安全阀类 > 安全阀,material,杠杆式安全阀,杠杆安全阀,high,省略'式'字
1272-1,1272,阀门 > 安全阀类 > 安全阀,material,杠杆式安全阀,重锤安全阀,high,杠杆式安全阀通常采用重锤加载，俗称重锤式
1272-1,1272,阀门 > 安全阀类 > 安全阀,material,杠杆式安全阀,重锤式,medium,施工现场简化叫法
1272-1,1272,阀门 > 安全阀类 > 安全阀,material,过滤活塞式安全泄压阀,活塞安全阀,medium,取核心部件简称
1272-1,1272,阀门 > 安全阀类 > 安全阀,material,过滤活塞式持压泄压阀,活塞持压阀,medium,施工现场简化叫法
1272-1,1272,阀门 > 安全阀类 > 安全阀,material,防爆波安全阀,防爆波阀,high,别名，通常用于人防工程
1272-1,1272,阀门 > 安全阀类 > 安全阀,material,防爆波安全阀,人防防爆波阀,medium,按应用场景称谓
1272-1,1272,阀门 > 安全阀类 > 安全阀,material,集流管安全阀,集管安全阀,low,省略'流'字
1277-1,1277,阀门 > 其他阀门及附件 > 其他阀门,category,其他阀门,杂阀,medium,施工现场对未归类到主要阀门类型的阀门统称
1277-1,1277,阀门 > 其他阀门及附件 > 其他阀门,category,其他阀门,特殊阀门,low,采购时对标准品类外阀门的泛称
1277-1,1277,阀门 > 其他阀门及附件 > 其他阀门,material,倒流防止器,防污隔断阀,high,行业内通用别称
1277-1,1277,阀门 > 其他阀门及附件 > 其他阀门,material,倒流防止器,单向隔断阀,medium,部分地区采购口语叫法
1277-1,1277,阀门 > 其他阀门及附件 > 其他阀门,material,卸压阀,泄压阀,high,施工现场及采购清单中极常见的混用叫法
1277-1,1277,阀门 > 其他阀门及附件 > 其他阀门,material,启闭阀,开关阀,medium,依据功能直译的工程俗称
1277-1,1277,阀门 > 其他阀门及附件 > 其他阀门,material,塑料减压阀,PVC减压阀,medium,以常见塑料材质代称
1277-1,1277,阀门 > 其他阀门及附件 > 其他阀门,material,塑料减压阀,UPVC减压阀,medium,以具体工程塑料材质代称
1277-1,1277,阀门 > 其他阀门及附件 > 其他阀门,material,塑料吸气阀,塑料吸气阀,low,无更常见别称
1277-1,1277,阀门 > 其他阀门及附件 > 其他阀门,material,塑料安全阀,PVC安全阀,medium,以常见塑料材质代称
1277-1,1277,阀门 > 其他阀门及附件 > 其他阀门,material,塑料截止阀,PVC截止阀,medium,以常见塑料材质代称
1277-1,1277,阀门 > 其他阀门及附件 > 其他阀门,material,塑料截止阀,UPVC截止阀,medium,以具体工程塑料材质代称
1277-1,1277,阀门 > 其他阀门及附件 > 其他阀门,material,塑料排气阀,PVC排气阀,medium,以常见塑料材质代称
1277-1,1277,阀门 > 其他阀门及附件 > 其他阀门,material,塑料排气阀,塑料放气阀,medium,施工现场对排气阀的口语叫法
1277-1,1277,阀门 > 其他阀门及附件 > 其他阀门,material,塑料旁通阀,PVC旁通阀,medium,以常见塑料材质代称
1277-1,1277,阀门 > 其他阀门及附件 > 其他阀门,material,塑料旁通阀,塑料旁路阀,medium,旁通阀的另一种叫法
1277-1,1277,阀门 > 其他阀门及附件 > 其他阀门,material,塑料暗阀,PVC暗阀,medium,以常见塑料材质代称
1277-1,1277,阀门 > 其他阀门及附件 > 其他阀门,material,塑料暗阀,塑料暗杆阀门,medium,暗阀通常是暗杆闸阀的简称
1277-1,1277,阀门 > 其他阀门及附件 > 其他阀门,material,塑料止回阀,PVC止回阀,medium,以常见塑料材质代称
1277-1,1277,阀门 > 其他阀门及附件 > 其他阀门,material,塑料止回阀,塑料单向阀,high,止回阀的通用俗称
1277-1,1277,阀门 > 其他阀门及附件 > 其他阀门,material,塑料止回阀,UPVC止回阀,medium,以具体工程塑料材质代称
1277-1,1277,阀门 > 其他阀门及附件 > 其他阀门,material,塑料温控阀,PVC温控阀,medium,以常见塑料材质代称
1277-1,1277,阀门 > 其他阀门及附件 > 其他阀门,material,塑料温控阀,塑料温度调节阀,medium,依据功能的叫法
1277-1,1277,阀门 > 其他阀门及附件 > 其他阀门,material,塑料球阀,PVC球阀,high,以常见塑料材质代称
1277-1,1277,阀门 > 其他阀门及附件 > 其他阀门,material,塑料球阀,UPVC球阀,high,以具体工程塑料材质代称
1277-1,1277,阀门 > 其他阀门及附件 > 其他阀门,material,塑料蝶阀,PVC蝶阀,high,以常见塑料材质代称
1277-1,1277,阀门 > 其他阀门及附件 > 其他阀门,material,塑料蝶阀,UPVC蝶阀,high,以具体工程塑料材质代称
1277-1,1277,阀门 > 其他阀门及附件 > 其他阀门,material,塑料蝶阀,塑料翻板阀,low,根据蝶板动作方式的俗称
1277-1,1277,阀门 > 其他阀门及附件 > 其他阀门,material,塑料调节阀,PVC调节阀,medium,以常见塑料材质代称
1277-1,1277,阀门 > 其他阀门及附件 > 其他阀门,material,塑料闸阀,PVC闸阀,high,以常见塑料材质代称
1277-1,1277,阀门 > 其他阀门及附件 > 其他阀门,material,塑料闸阀,UPVC闸阀,high,以具体工程塑料材质代称
1277-1,1277,阀门 > 其他阀门及附件 > 其他阀门,material,塑料闸阀,塑料水门,medium,闸阀在部分地区的传统俗称
1277-1,1277,阀门 > 其他阀门及附件 > 其他阀门,material,塑料隔膜阀,PVC隔膜阀,medium,以常见塑料材质代称
1277-1,1277,阀门 > 其他阀门及附件 > 其他阀门,material,微阻力倒流防止器,低阻力倒流防止器,high,行业内通用别称
1277-1,1277,阀门 > 其他阀门及附件 > 其他阀门,material,微阻力倒流防止器,微阻倒流防止器,high,简称
1277-1,1277,阀门 > 其他阀门及附件 > 其他阀门,material,排水阀,排污阀,medium,施工现场常混用
1277-1,1277,阀门 > 其他阀门及附件 > 其他阀门,material,放空阀,排空阀,medium,施工现场口语叫法
1277-1,1277,阀门 > 其他阀门及附件 > 其他阀门,material,方闸门,方闸板,medium,根据结构形式的俗称
1277-1,1277,阀门 > 其他阀门及附件 > 其他阀门,material,方闸门,方型闸门,high,全称
1277-1,1277,阀门 > 其他阀门及附件 > 其他阀门,material,暗阀,暗杆阀,medium,暗阀的完整叫法
1277-1,1277,阀门 > 其他阀门及附件 > 其他阀门,material,正齿轮排渣闸阀,排渣阀,medium,简称
1277-1,1277,阀门 > 其他阀门及附件 > 其他阀门,material,正齿轮排渣闸阀,浆液阀,low,在排渣工况下与排渣闸阀功能类似，存在混用
1277-1,1277,阀门 > 其他阀门及附件 > 其他阀门,material,水泵扩散器,水泵导流过滤器,medium,根据其兼具的导流和过滤功能叫法
1277-1,1277,阀门 > 其他阀门及附件 > 其他阀门,material,水泵扩散器,扩散过滤器,low,简称
1277-1,1277,阀门 > 其他阀门及附件 > 其他阀门,material,泄水阀,泄水阀,low,无更常见别称
1259-2,1259,阀门 > 截断阀类 > 蝶阀,category,蝶阀,翻板阀,high,蝶阀的通用俗称，源于其启闭件为圆盘状蝶板
1259-2,1259,阀门 > 截断阀类 > 蝶阀,category,蝶阀,蝴蝶阀,medium,蝶阀的口语化叫法
1259-2,1259,阀门 > 截断阀类 > 蝶阀,material,蜗轮对夹蝶阀,涡轮蝶阀,high,施工现场对蜗轮驱动方式的简称
1259-2,1259,阀门 > 截断阀类 > 蝶阀,material,蜗轮对夹蝶阀,对夹式涡轮蝶阀,medium,强调连接方式的叫法
1259-2,1259,阀门 > 截断阀类 > 蝶阀,material,软密封法兰蝶阀,橡胶密封蝶阀,high,软密封通常采用橡胶材质，采购中常直接以材质代称
1259-2,1259,阀门 > 截断阀类 > 蝶阀,material,软密封法兰蝶阀,胶座蝶阀,medium,强调阀座为橡胶等软性材料的口语叫法
1259-2,1259,阀门 > 截断阀类 > 蝶阀,material,软密封法兰蝶阀,衬胶蝶阀,medium,特指内部衬有橡胶的软密封形式
1259-2,1259,阀门 > 截断阀类 > 蝶阀,material,金属密封蝶阀,硬密封蝶阀,high,金属密封在行业中统称硬密封
1259-2,1259,阀门 > 截断阀类 > 蝶阀,material,金属密封蝶阀,不锈钢蝶阀,low,施工现场常以常见金属材质代指金属密封
1263-1,1263,阀门 > 截断阀类 > 浮球阀,category,浮球阀,液位控制阀,high,浮球阀通过浮球感应液位控制阀门启闭，常统称为液位控制阀
1263-1,1263,阀门 > 截断阀类 > 浮球阀,category,浮球阀,浮球开关阀,medium,利用浮球作为开关元件，现场口语化叫法
1263-1,1263,阀门 > 截断阀类 > 浮球阀,material,不锈钢遥控浮球阀,不锈钢遥控液位阀,medium,材质与功能结合的俗称
1263-1,1263,阀门 > 截断阀类 > 浮球阀,material,活塞式遥控浮球阀,活塞式浮球阀,high,省略遥控二字的简称
1263-1,1263,阀门 > 截断阀类 > 浮球阀,material,消防遥控浮球阀,消防浮球阀,high,消防系统中常用的简称
1263-1,1263,阀门 > 截断阀类 > 浮球阀,material,电动遥控浮球阀,电动浮球阀,high,省略遥控二字的简称
1263-1,1263,阀门 > 截断阀类 > 浮球阀,material,电磁遥控浮球阀,电磁浮球阀,high,省略遥控二字的简称
1263-1,1263,阀门 > 截断阀类 > 浮球阀,material,遥控浮球阀,遥控浮球,high,省略阀字的简化叫法
1263-1,1263,阀门 > 截断阀类 > 浮球阀,material,遥控浮球阀,液位遥控阀,medium,强调液位控制功能的别称
1263-1,1263,阀门 > 截断阀类 > 浮球阀,material,隔膜式遥控浮球阀,隔膜式浮球阀,high,省略遥控二字的简称
1258-1,1258,阀门 > 截断阀类 > 球阀,category,球阀,浮球阀,low,部分人把球阀中的浮动球结构简称为浮球阀，但在采购中可能会与水箱用浮球阀混淆
1258-1,1258,阀门 > 截断阀类 > 球阀,material,不锈钢球阀,304球阀,high,施工现场常用材质牌号直接代称
1258-1,1258,阀门 > 截断阀类 > 球阀,material,不锈钢球阀,316球阀,high,施工现场常用材质牌号直接代称
1258-1,1258,阀门 > 截断阀类 > 球阀,material,不锈钢球阀,不锈球阀,medium,口语简称
1258-1,1258,阀门 > 截断阀类 > 球阀,material,不锈钢球阀,白钢球阀,medium,不锈钢的老式俗称
1258-1,1258,阀门 > 截断阀类 > 球阀,material,偏心半球阀,V型球阀,low,部分偏心半球阀的V型切口的叫法常被误用作指代此类阀门
1258-1,1258,阀门 > 截断阀类 > 球阀,material,偏心半球阀,凸轮挠曲阀,low,阐述其阀芯运动原理的专业叫法
1258-1,1258,阀门 > 截断阀类 > 球阀,material,电动球阀,电控球阀,medium,电气控制方式的口语表达
1258-1,1258,阀门 > 截断阀类 > 球阀,material,螺纹球阀,丝扣球阀,high,螺纹连接的俗称叫法
1258-1,1258,阀门 > 截断阀类 > 球阀,material,螺纹球阀,牙口球阀,medium,现场对螺纹接口的方言式叫法
1262-1,1262,阀门 > 截断阀类 > 隔膜阀,category,隔膜阀,膜片阀,high,因阀体内腔与介质接触的启闭件是一片柔软的膜片而得名
1262-1,1262,阀门 > 截断阀类 > 隔膜阀,category,隔膜阀,节流阀,low,部分施工现场因其隔膜可做粗略的节流控制功能而误称
1262-1,1262,阀门 > 截断阀类 > 隔膜阀,material,法兰隔膜阀,法兰膜片阀,medium,法兰连接形式的膜片阀简称
1262-1,1262,阀门 > 截断阀类 > 隔膜阀,material,螺纹隔膜阀,丝扣隔膜阀,high,螺纹连接在施工现场口语中常称为丝扣连接
1262-1,1262,阀门 > 截断阀类 > 隔膜阀,material,螺纹隔膜阀,螺口膜片阀,medium,螺纹接口称为螺口，结合膜片阀结构得名
1257-1,1257,阀门 > 截断阀类 > 闸阀,category,闸阀,闸板阀,high,因启闭件为闸板，施工现场及老派采购员常用此叫法
1257-1,1257,阀门 > 截断阀类 > 闸阀,category,闸阀,水门,medium,在给排水、消防管道中，工人常把闸阀俗称为水门
1257-1,1257,阀门 > 截断阀类 > 闸阀,material,信号闸阀,信号阀,high,现场口语常简化为信号阀
1257-1,1257,阀门 > 截断阀类 > 闸阀,material,信号闸阀,带反馈闸阀,low,因其具有开关位置反馈信号功能，采购技术规格书中常用
1257-1,1257,阀门 > 截断阀类 > 闸阀,material,卡箍信号闸阀,卡箍信号阀,medium,卡箍连接带信号反馈功能的闸阀简称为卡箍信号阀
1257-1,1257,阀门 > 截断阀类 > 闸阀,material,卡箍软密闸阀,软密封卡箍闸阀,medium,侧重说明密封面材质，采购清单常用此顺序
1257-1,1257,阀门 > 截断阀类 > 闸阀,material,卡箍闸阀,卡箍闸,medium,施工现场口语更简短，常省略阀字
1257-1,1257,阀门 > 截断阀类 > 闸阀,material,对夹闸阀,对夹式闸阀,high,强调对夹式结构，口语/书面向来混用
1257-1,1257,阀门 > 截断阀类 > 闸阀,material,沟槽信号弹性座封闸阀,沟槽信号弹性座封阀,medium,名称略长，现场口语或清单中常省略闸字
1257-1,1257,阀门 > 截断阀类 > 闸阀,material,沟槽式弹性座封闸阀,弹性座封闸阀,high,在不需强调连接方式时常以此简称
1257-1,1257,阀门 > 截断阀类 > 闸阀,material,沟槽式弹性座封闸阀,软密封闸阀,high,弹性座封本质是软密封，消防给排水现场通用此名
1257-1,1257,阀门 > 截断阀类 > 闸阀,material,沟槽式弹性座封闸阀,包胶闸阀,medium,阀板包覆橡胶，老一代采购及维修工习惯叫包胶闸阀
1257-1,1257,阀门 > 截断阀类 > 闸阀,material,沟槽闸阀,消防沟槽闸阀,medium,因常用于消防管网，采购时习惯加消防前缀
1257-1,1257,阀门 > 截断阀类 > 闸阀,material,法兰闸阀,法兰闸,medium,口语中的简略叫法
1257-1,1257,阀门 > 截断阀类 > 闸阀,material,焊接闸阀,焊口闸阀,medium,现场工人侧重接口形式，习惯叫焊口
1257-1,1257,阀门 > 截断阀类 > 闸阀,material,焊接闸阀,承插焊闸阀,low,在小口径焊接闸阀中常特指承插焊
1257-1,1257,阀门 > 截断阀类 > 闸阀,material,螺纹闸阀,丝接闸阀,high,施工现场把螺纹连接通俗叫作丝接
1257-1,1257,阀门 > 截断阀类 > 闸阀,material,螺纹闸阀,丝扣闸阀,high,水暖工常用丝扣来代替螺纹的叫法
1257-1,1257,阀门 > 截断阀类 > 闸阀,material,螺纹闸阀,内螺纹闸阀,medium,由于大多为内螺纹结构，采购清单经常直接写内螺纹闸阀
1257-1,1257,阀门 > 截断阀类 > 闸阀,material,防盗加密闸阀,锁闭闸阀,high,防盗功能通常通过专用锁具实现，行业内称锁闭阀
1257-1,1257,阀门 > 截断阀类 > 闸阀,material,防盗加密闸阀,防盗阀,medium,功能属性的简称
1259-1,1259,阀门 > 截断阀类 > 蝶阀,category,蝶阀,翻板阀,medium,蝶阀启闭件为圆盘状蝶板，绕轴旋转，俗称翻板
1259-1,1259,阀门 > 截断阀类 > 蝶阀,category,蝶阀,蝴蝶阀,high,蝶阀的俗称，源于其结构类似蝴蝶
1259-1,1259,阀门 > 截断阀类 > 蝶阀,material,304板蜗轮蝶阀,304蜗轮蝶阀,high,省略‘板’字的口语叫法
1259-1,1259,阀门 > 截断阀类 > 蝶阀,material,三偏心球铁法兰蝶阀,三偏心蝶阀,high,行业简称，突出三偏心结构
1259-1,1259,阀门 > 截断阀类 > 蝶阀,material,三偏心球铁法兰蝶阀,球铁三偏心蝶阀,medium,强调阀体材质的简称
1259-1,1259,阀门 > 截断阀类 > 蝶阀,material,伸缩蝶阀,伸缩节蝶阀,medium,因其具备伸缩节功能，现场俗称为伸缩节蝶阀
1259-1,1259,阀门 > 截断阀类 > 蝶阀,material,信号蝶阀,消防信号蝶阀,high,常用于消防系统，带有反馈信号功能
1259-1,1259,阀门 > 截断阀类 > 蝶阀,material,卡箍蝶阀,沟槽卡箍蝶阀,medium,连接方式为卡箍，常与沟槽管件配套使用
1259-1,1259,阀门 > 截断阀类 > 蝶阀,material,对夹硬密封蝶阀,对夹金属密封蝶阀,high,硬密封即金属密封的另外一种说法
1259-1,1259,阀门 > 截断阀类 > 蝶阀,material,对夹蝶阀,对夹式蝶阀,high,全称与简称
1259-1,1259,阀门 > 截断阀类 > 蝶阀,material,对夹蝶阀,夹式蝶阀,medium,现场口语中常省略‘对’字
1259-1,1259,阀门 > 截断阀类 > 蝶阀,material,手柄蝶阀,手扳蝶阀,medium,操作方式为扳动手柄
1259-1,1259,阀门 > 截断阀类 > 蝶阀,material,手柄蝶阀,把手蝶阀,medium,手柄也被称为把手
1259-1,1259,阀门 > 截断阀类 > 蝶阀,material,沟槽蝶阀,消防沟槽蝶阀,high,常用于消防管路系统
1259-1,1259,阀门 > 截断阀类 > 蝶阀,material,法兰硬密封蝶阀,法兰金属密封蝶阀,high,硬密封即金属硬密封的俗称
1259-1,1259,阀门 > 截断阀类 > 蝶阀,material,法兰硬密封蝶阀,法兰三偏心蝶阀,medium,硬密封蝶阀多为三偏心结构，采购时偶有混称
1259-1,1259,阀门 > 截断阀类 > 蝶阀,material,法兰蝶阀,法兰式蝶阀,high,全称与简称
1259-1,1259,阀门 > 截断阀类 > 蝶阀,material,涡轮蝶阀,蜗轮蝶阀,high,涡轮在此处是蜗轮蜗杆机构的误写或俗称
1259-1,1259,阀门 > 截断阀类 > 蝶阀,material,涡轮蝶阀,蜗轮头蝶阀,medium,强调驱动头为蜗轮头
1259-1,1259,阀门 > 截断阀类 > 蝶阀,material,电动软密封蝶阀,电动胶圈蝶阀,medium,软密封阀座通常为橡胶材质，俗称胶圈
1275-1,1275,阀门 > 特殊阀门 > 平衡阀,category,平衡阀,水力平衡阀,high,行业统称，涵盖静态和动态平衡阀
1275-1,1275,阀门 > 特殊阀门 > 平衡阀,material,动态平衡两通阀,动态平衡电动两通阀,high,施工现场完整叫法
1275-1,1275,阀门 > 特殊阀门 > 平衡阀,material,动态平衡两通阀,一体阀,medium,因其集调节与关断功能于一体
1275-1,1275,阀门 > 特殊阀门 > 平衡阀,material,动态平衡阀,动态流量平衡阀,high,强调其自动调节流量的特性
1275-1,1275,阀门 > 特殊阀门 > 平衡阀,material,压差控制阀,自力式压差调节阀,high,强调自力式驱动和调节压差的功能
1275-1,1275,阀门 > 特殊阀门 > 平衡阀,material,压差控制阀,恒定压差阀,medium,描述其保持压差恒定的功能
1275-1,1275,阀门 > 特殊阀门 > 平衡阀,material,压差旁通阀,压差旁通,high,口语简称
1275-1,1275,阀门 > 特殊阀门 > 平衡阀,material,数字锁定平衡阀,静态平衡阀,medium,数字锁定是其一种实现方式，常混用
1275-1,1275,阀门 > 特殊阀门 > 平衡阀,material,数字锁定平衡阀,数字锁定阀,high,口语简称
1275-1,1275,阀门 > 特殊阀门 > 平衡阀,material,流量平衡阀,流量调节阀,medium,强调其调节流量至平衡状态的功能
1275-1,1275,阀门 > 特殊阀门 > 平衡阀,material,自力式压差控制阀,自力式压差阀,high,口语简称
1275-1,1275,阀门 > 特殊阀门 > 平衡阀,material,自力式压差控制阀,压差控制器,medium,功能描述性叫法
1275-1,1275,阀门 > 特殊阀门 > 平衡阀,material,自力式流量平衡阀,自力式流量阀,high,口语简称
1275-1,1275,阀门 > 特殊阀门 > 平衡阀,material,自力式流量平衡阀,动态流量阀,medium,与动态平衡阀含义等同，采购中常混用
1275-1,1275,阀门 > 特殊阀门 > 平衡阀,material,调节式流量平衡阀,手动调节平衡阀,high,区别于自力式，强调手动调节方式
1275-1,1275,阀门 > 特殊阀门 > 平衡阀,material,铸钢平衡阀,铁壳平衡阀,low,施工现场对铸铁/铸钢阀体的俗称
1275-1,1275,阀门 > 特殊阀门 > 平衡阀,material,静态平衡阀,平衡阀,high,在不区分静态动态时的口语通称
1275-1,1275,阀门 > 特殊阀门 > 平衡阀,material,静态平衡阀,手动平衡阀,high,强调其需要手动调试的特性
1275-1,1275,阀门 > 特殊阀门 > 平衡阀,material,静态水力平衡阀,水力平衡阀,high,口语中常省略“静态”
1273-1,1273,阀门 > 特殊阀门 > 排污阀,category,排污阀,排泥阀,high,排污阀与排泥阀在市面上常混称，尤指用于排出污泥的阀门
1273-1,1273,阀门 > 特殊阀门 > 排污阀,category,排污阀,排污闸,medium,施工现场对排污阀的混称，尤指闸板式排污阀
1273-1,1273,阀门 > 特殊阀门 > 排污阀,material,双腔隔膜式排泥阀,双腔排泥阀,high,简化叫法，省去隔膜式字样
1273-1,1273,阀门 > 特殊阀门 > 排污阀,material,双腔隔膜式排泥阀,隔膜快开排泥阀,medium,强调其快开特性及隔膜驱动方式
1273-1,1273,阀门 > 特殊阀门 > 排污阀,material,法兰排污阀,法兰排泥阀,medium,排污阀与排泥阀混用
1273-1,1273,阀门 > 特殊阀门 > 排污阀,material,法兰排污阀,法兰排污闸阀,low,默认法兰排污阀多为闸阀结构
1273-1,1273,阀门 > 特殊阀门 > 排污阀,material,焊接排污阀,焊接排泥阀,medium,排污阀与排泥阀混用
1273-1,1273,阀门 > 特殊阀门 > 排污阀,material,焊接排污阀,承插焊排污阀,low,焊接连接形式的一种口语叫法
1269-2,1269,阀门 > 止回阀类 > 止回阀,category,止回阀,单向阀,high,止回阀行业通用俗称
1269-2,1269,阀门 > 止回阀类 > 止回阀,category,止回阀,逆止阀,high,止回阀行业通用俗称
1269-2,1269,阀门 > 止回阀类 > 止回阀,category,止回阀,单流阀,medium,石油化工行业常见叫法
1269-2,1269,阀门 > 止回阀类 > 止回阀,category,止回阀,逆流阀,low,施工现场口语
1269-2,1269,阀门 > 止回阀类 > 止回阀,material,滑道滚球式止回阀,滚球止回阀,high,施工现场常用简称
1269-2,1269,阀门 > 止回阀类 > 止回阀,material,滑道滚球式止回阀,滑道球式单向阀,medium,结合通行叫法的别称
1269-2,1269,阀门 > 止回阀类 > 止回阀,material,球型止回阀,浮球止回阀,medium,基于内部球形阀瓣结构的口语叫法
1269-2,1269,阀门 > 止回阀类 > 止回阀,material,球型污水止回阀,污水浮球止回阀,medium,球型与浮球止回阀在污水工况下的俗称
1269-2,1269,阀门 > 止回阀类 > 止回阀,material,电站型止回阀,电站单向阀,medium,电站工况下对止回阀的习惯简称
1269-2,1269,阀门 > 止回阀类 > 止回阀,material,电站型止回阀,高温高压逆止阀,low,针对电站介质参数的描述性俗称
1269-2,1269,阀门 > 止回阀类 > 止回阀,material,碳钢升降法兰止回阀,碳钢升降式单向阀,medium,结合材料与结构的叫法
1269-2,1269,阀门 > 止回阀类 > 止回阀,material,碳钢旋启法兰止回阀,碳钢旋启式单向阀,medium,结合材料与结构的叫法
1269-2,1269,阀门 > 止回阀类 > 止回阀,material,立式止回阀(铜芯),铜芯立式单向阀,high,施工现场常见简称
1269-2,1269,阀门 > 止回阀类 > 止回阀,material,立式止回阀(铜芯),立式铜芯止回阀,high,称谓简化
1269-2,1269,阀门 > 止回阀类 > 止回阀,material,蝶式止回阀,蝶形单向阀,medium,基于结构形状的叫法
1269-2,1269,阀门 > 止回阀类 > 止回阀,material,蝶式止回阀,双瓣止回阀,medium,部分蝶式止回阀为双阀瓣结构，现场以此指代
1269-2,1269,阀门 > 止回阀类 > 止回阀,material,过滤活塞式止回阀,带过滤网单向阀,medium,强调其带过滤功能的口语化称谓
1269-2,1269,阀门 > 止回阀类 > 止回阀,material,铁止回阀,铸铁单向阀,high,基于材质的俗称
1269-2,1269,阀门 > 止回阀类 > 止回阀,material,铁止回阀,生铁逆止阀,low,老式施工现场对铸铁件的叫法
1269-2,1269,阀门 > 止回阀类 > 止回阀,material,铜丝扣止回阀,铜内螺纹单向阀,high,丝扣是内螺纹的现场俗称
1269-2,1269,阀门 > 止回阀类 > 止回阀,material,铜丝扣止回阀,铜牙口逆止阀,low,少部分地区俗称
1269-2,1269,阀门 > 止回阀类 > 止回阀,material,铜止回阀,铜单向阀,high,基于材质的通用简称
1269-2,1269,阀门 > 止回阀类 > 止回阀,material,铸钢升降式止回阀,铸钢升降式单向阀,medium,结构加材质的组合叫法
1269-2,1269,阀门 > 止回阀类 > 止回阀,material,铸钢旋启式止回阀,铸钢旋启式单向阀,medium,结构加材质的组合叫法
1269-2,1269,阀门 > 止回阀类 > 止回阀,material,铸钢止回阀,铸钢单向阀,high,基于阀体材质与功能的简称
1269-2,1269,阀门 > 止回阀类 > 止回阀,material,铸钢法兰止回阀,铸钢法兰单向阀,high,连接形式加材质的组合叫法
1269-2,1269,阀门 > 止回阀类 > 止回阀,material,静音式止回阀,消声逆止阀,medium,强调消除水锤噪声功能的别称
1269-2,1269,阀门 > 止回阀类 > 止回阀,material,静音式止回阀,无声单向阀,medium,施工现场口语
1269-2,1269,阀门 > 止回阀类 > 止回阀,material,静音式止回阀,缓闭消声止回阀,low,常见于给排水领域的功能描述
1276-1,1276,阀门 > 特殊阀门 > 电磁阀,material,水用电磁阀,常闭电磁阀,medium,水用电磁阀常见工作状态为常闭型
1276-1,1276,阀门 > 特殊阀门 > 电磁阀,material,消防电磁阀,雨淋阀电磁阀,high,消防系统中常用于控制雨淋报警阀
1276-1,1276,阀门 > 特殊阀门 > 电磁阀,material,煤气电磁阀,燃气电磁阀,high,煤气与燃气在工程采购中常混用
1276-1,1276,阀门 > 特殊阀门 > 电磁阀,material,真空电磁阀,负压电磁阀,medium,真空工况口语中常称为负压
1276-1,1276,阀门 > 特殊阀门 > 电磁阀,material,蒸汽液用电磁阀,蒸汽电磁阀,high,施工现场常省略液用二字
1276-1,1276,阀门 > 特殊阀门 > 电磁阀,material,蒸汽液用电磁阀,高温电磁阀,medium,蒸汽工况对应高温特性，采购时常用
1274-1,1274,阀门 > 特殊阀门 > 排气阀,category,排气阀,跑风,high,建筑施工及水暖工程中对排气阀的通用俗称，尤其在散热器末端常见
1274-1,1274,阀门 > 特殊阀门 > 排气阀,category,排气阀,放气阀,high,施工现场通用口语叫法，强调其释放气体的功能
1274-1,1274,阀门 > 特殊阀门 > 排气阀,category,排气阀,排空阀,medium,采购及安装中常用简称，指用于排空管道气体的阀门
1274-1,1274,阀门 > 特殊阀门 > 排气阀,category,排气阀,吸气阀,low,在给排水领域，复合式排气阀进气时的口语叫法
1274-1,1274,阀门 > 特殊阀门 > 排气阀,material,全铜丝口排气阀,全铜跑风,high,暖通施工现场对全铜材质螺纹接口排气阀的俗称
1274-1,1274,阀门 > 特殊阀门 > 排气阀,material,全铜丝口排气阀,铜丝扣跑风,medium,强调丝扣连接方式的全铜排气阀口语叫法
1274-1,1274,阀门 > 特殊阀门 > 排气阀,material,单口排气阀,单口跑风,medium,施工现场根据结构特征简化的俗称
1274-1,1274,阀门 > 特殊阀门 > 排气阀,material,复合式排气阀,复合跑风,medium,水系统安装中对此类兼具吸排功能阀门的口语简化叫法
1274-1,1274,阀门 > 特殊阀门 > 排气阀,material,复合式排气阀,高速排气阀,medium,行业内因其能大量快速排气而起的别称
1274-1,1274,阀门 > 特殊阀门 > 排气阀,material,复合式排气阀,动力复合排气阀,low,采购清单中偶尔出现的叫法
1274-1,1274,阀门 > 特殊阀门 > 排气阀,material,微量式自动排气阀,微量排气阀,high,工程采购中简化的通用称呼
1274-1,1274,阀门 > 特殊阀门 > 排气阀,material,微量式自动排气阀,微泡排气阀,medium,给排水设计中针对排除微小气泡的俗称
1274-1,1274,阀门 > 特殊阀门 > 排气阀,material,微量式自动排气阀,微启式跑风,low,暖通工地口语叫法
1274-1,1274,阀门 > 特殊阀门 > 排气阀,material,水暖自动排气阀,暖气跑风,high,北方采暖工程中最常见的现场俗称
1274-1,1274,阀门 > 特殊阀门 > 排气阀,material,水暖自动排气阀,暖气片排气阀,medium,采购及维修中针对散热器专用排气阀的叫法
1274-1,1274,阀门 > 特殊阀门 > 排气阀,material,水暖自动排气阀,自动跑风,high,区别于手动跑风的口语叫法
1274-1,1274,阀门 > 特殊阀门 > 排气阀,material,法兰单口快速排气阀,法兰跑风,medium,施工现场根据连接方式简化的俗称
1274-1,1274,阀门 > 特殊阀门 > 排气阀,material,消防自动排气阀,消防跑风,medium,消防管道安装中的口语俗称
1274-1,1274,阀门 > 特殊阀门 > 排气阀,material,清水式排气阀,清水排气阀,medium,"水处理工程中略去""式""字的简化叫法"
1274-1,1274,阀门 > 特殊阀门 > 排气阀,material,自动排气阀,自动跑风,high,施工现场最通用的俗称
1274-1,1274,阀门 > 特殊阀门 > 排气阀,material,自动排气阀,自动放气阀,high,安装工人常用叫法
1274-1,1274,阀门 > 特殊阀门 > 排气阀,material,通排气阀,通气阀,medium,采购及技术文件中常见的简称
1267-1,1267,阀门 > 调节阀类 > 减温减压阀,category,减温减压阀,减温减压器,high,工程项目和采购中常将减温减压阀整体称为减温减压器，尤其是成套装置时
1267-1,1267,阀门 > 调节阀类 > 减温减压阀,material,法兰减温减压阀,法兰减温减压器,medium,强调法兰连接形式时，现场常将整套阀门简称为法兰减温减压器
1267-1,1267,阀门 > 调节阀类 > 减温减压阀,material,焊接减温减压阀,焊接式减温减压器,medium,对焊连接的减温减压阀，施工现场和采购单有时直接称为焊接式减温减压器
1269-1,1269,阀门 > 止回阀类 > 止回阀,category,止回阀,单向阀,high,止回阀的功能别名，在施工现场和采购中极为常用
1269-1,1269,阀门 > 止回阀类 > 止回阀,category,止回阀,逆止阀,high,行业通用俗称，指防止介质倒流的阀门
1269-1,1269,阀门 > 止回阀类 > 止回阀,category,止回阀,回止阀,low,部分地区口语化的简称或变体叫法
1269-1,1269,阀门 > 止回阀类 > 止回阀,category,止回阀,单流阀,medium,强调介质单向流动的功能性俗称
1269-1,1269,阀门 > 止回阀类 > 止回阀,material,不锈钢丝口止回阀,不锈钢内螺纹单向阀,high,丝口即内螺纹接口的俗称
1269-1,1269,阀门 > 止回阀类 > 止回阀,material,不锈钢丝口止回阀,304丝口止回阀,medium,施工现场常用304代指常见牌号不锈钢
1269-1,1269,阀门 > 止回阀类 > 止回阀,material,不锈钢升降式止回阀,不锈钢立式止回阀,medium,升降式止回阀通常垂直安装，故有此称
1269-1,1269,阀门 > 止回阀类 > 止回阀,material,不锈钢旋启式止回阀,不锈钢翻板止回阀,medium,旋启式阀瓣类似翻板结构
1269-1,1269,阀门 > 止回阀类 > 止回阀,material,不锈钢旋启式止回阀,不锈钢旋启式单流阀,medium,旋启式结构与行业通用别称的结合
1269-1,1269,阀门 > 止回阀类 > 止回阀,material,不锈钢止回阀,不锈钢单向阀,high,功能别称加材质描述
1269-1,1269,阀门 > 止回阀类 > 止回阀,material,不锈钢止回阀,304单向阀,medium,以常见不锈钢牌号代称
1269-1,1269,阀门 > 止回阀类 > 止回阀,material,不锈钢法兰止回阀,不锈钢法兰单向阀,high,连接形式和功能别称的组合
1269-1,1269,阀门 > 止回阀类 > 止回阀,material,不锈钢螺纹止回阀,不锈钢丝扣止回阀,high,螺纹连接在施工现场常被称为丝扣
1269-1,1269,阀门 > 止回阀类 > 止回阀,material,丝口铜止回阀,铜内螺纹单向阀,high,材质与接口形式的组合俗称
1269-1,1269,阀门 > 止回阀类 > 止回阀,material,丝口铜止回阀,铜丝扣止回阀,high,丝口即丝扣的变体叫法
1269-1,1269,阀门 > 止回阀类 > 止回阀,material,全铜法兰止回阀,全铜法兰单向阀,high,材质与功能别称的组合
1269-1,1269,阀门 > 止回阀类 > 止回阀,material,升降式止回阀,立式止回阀,high,因其通常需垂直安装的特性得名
1269-1,1269,阀门 > 止回阀类 > 止回阀,material,升降式法兰止回阀,立式法兰单向阀,high,结构特点和接口形式的俗称组合
1269-1,1269,阀门 > 止回阀类 > 止回阀,material,升降式法兰止回阀,法兰立式止回阀,medium,语序变化的常见叫法
1269-1,1269,阀门 > 止回阀类 > 止回阀,material,对夹式双瓣止回阀,双瓣单向阀,high,以阀瓣数量和功能别称组合简化
1269-1,1269,阀门 > 止回阀类 > 止回阀,material,对夹式双瓣止回阀,对夹双瓣式止回阀,medium,强调对夹连接和双瓣结构
1269-1,1269,阀门 > 止回阀类 > 止回阀,material,对夹式消声止回阀,对夹静音单向阀,high,消声与静音同义，对夹为连接形式
1269-1,1269,阀门 > 止回阀类 > 止回阀,material,对夹式蝶式止回阀,蝶式单向阀,high,以其结构形式简化叫法
1269-1,1269,阀门 > 止回阀类 > 止回阀,material,对夹式蝶式止回阀,对夹蝶形止回阀,medium,蝶式与蝶形叫法相近
1269-1,1269,阀门 > 止回阀类 > 止回阀,material,对夹止回阀,对夹单向阀,high,功能别称加连接形式
1269-1,1269,阀门 > 止回阀类 > 止回阀,material,对夹止回阀,薄型止回阀,low,对夹式止回阀通常结构紧凑，有时被这样称呼
1269-1,1269,阀门 > 止回阀类 > 止回阀,material,微阻球型止回阀,球形单向阀,high,以球形结构和功能别称组合
1269-1,1269,阀门 > 止回阀类 > 止回阀,material,微阻球型止回阀,微阻单向阀,medium,突出其微阻特性
1269-1,1269,阀门 > 止回阀类 > 止回阀,material,旋启式止回阀,翻板止回阀,high,阀瓣的动作方式类似翻板
1269-1,1269,阀门 > 止回阀类 > 止回阀,material,旋启式止回阀,旋启式单向阀,high,结构形式加功能别称
1269-1,1269,阀门 > 止回阀类 > 止回阀,material,橡胶瓣止回阀,橡胶瓣单向阀,high,材质结构与功能别称的组合
1269-1,1269,阀门 > 止回阀类 > 止回阀,material,法兰式消声止回阀,法兰静音单向阀,high,消声与静音同义，法兰为接口形式
1269-1,1269,阀门 > 止回阀类 > 止回阀,material,法兰旋启式止回阀,法兰翻板止回阀,high,旋启式结构俗称翻板式
1269-1,1269,阀门 > 止回阀类 > 止回阀,material,法兰旋启式止回阀,法兰旋启式单向阀,high,结构形式与功能别称的组合
1269-1,1269,阀门 > 止回阀类 > 止回阀,material,法兰橡胶瓣止回阀,法兰橡胶瓣单向阀,high,材质结构与功能别称的组合
1269-1,1269,阀门 > 止回阀类 > 止回阀,material,法兰止回阀,法兰单向阀,high,连接形式与功能别称的组合
1269-1,1269,阀门 > 止回阀类 > 止回阀,material,法兰消声止回阀,法兰静音单向阀,high,消声与静音在采购中常互换
1269-1,1269,阀门 > 止回阀类 > 止回阀,material,法兰铜止回阀,铜法兰单向阀,high,材质与接口形式的组合俗称
1269-1,1269,阀门 > 止回阀类 > 止回阀,material,法兰铸钢止回阀,铸钢法兰单向阀,high,材质与接口形式的组合俗称
1269-1,1269,阀门 > 止回阀类 > 止回阀,material,消声止回阀,静音单向阀,high,消声功能在市场上常被称为静音
1264-1,1264,阀门 > 调节阀类 > 调节阀,category,调节阀,调节门,high,施工现场对调节阀的俗称
1264-1,1264,阀门 > 调节阀类 > 调节阀,category,调节阀,控制阀,medium,调节阀的功能性统称
1264-1,1264,阀门 > 调节阀类 > 调节阀,material,手动调节阀,手动调节门,high,手动操作的调节阀简称
1264-1,1264,阀门 > 调节阀类 > 调节阀,material,气动调节阀,气动调节门,high,气动驱动的调节阀简称
1264-1,1264,阀门 > 调节阀类 > 调节阀,material,气动调节阀,气动控制阀,medium,强调气动控制的调节阀
1264-1,1264,阀门 > 调节阀类 > 调节阀,material,电动调节阀,电动调节门,high,电动驱动的调节阀简称
1264-1,1264,阀门 > 调节阀类 > 调节阀,material,电动调节阀,电动控制阀,medium,强调电动控制的调节阀
1266-1,1266,阀门 > 调节阀类 > 节流阀,category,节流阀,针型阀,medium,节流阀常采用锥形阀芯，在施工现场常与针型阀混称，尤其在仪表管路中
1266-1,1266,阀门 > 调节阀类 > 节流阀,category,节流阀,流量控制阀,low,根据节流阀调节流量的功能而来的泛称
1266-1,1266,阀门 > 调节阀类 > 节流阀,material,卡套节流阀,卡套针型阀,high,采用卡套连接形式的节流阀，在仪表管安装中常被称为卡套针型阀
1266-1,1266,阀门 > 调节阀类 > 节流阀,material,卡套节流阀,双卡套节流阀,medium,卡套常有单卡套和双卡套之分，采购时简称双卡套
1266-1,1266,阀门 > 调节阀类 > 节流阀,material,法兰节流阀,法兰针型阀,medium,采用法兰连接形式的节流阀，施工现场常按连接方式加结构俗称
1266-1,1266,阀门 > 调节阀类 > 节流阀,material,焊接节流阀,对焊节流阀,medium,焊接连接方式多指对焊，口头上简称对焊节流阀
1266-1,1266,阀门 > 调节阀类 > 节流阀,material,焊接节流阀,承插焊节流阀,medium,焊接形式的一种，承插焊接的节流阀缩略称呼
1266-1,1266,阀门 > 调节阀类 > 节流阀,material,螺纹节流阀,丝扣节流阀,high,螺纹连接在施工现场口语化叫法为丝扣连接
1266-1,1266,阀门 > 调节阀类 > 节流阀,material,螺纹节流阀,内螺纹节流阀,medium,螺纹端通常指内螺纹，采购单上常见此简称
1266-1,1266,阀门 > 调节阀类 > 节流阀,material,角式节流阀,角式针型阀,high,角式结构配合节流功能，在仪表阀门中常被称为角式针型阀
1266-1,1266,阀门 > 调节阀类 > 节流阀,material,角式节流阀,角阀,low,因外形呈直角，施工现场常简称为角阀，但需根据上下文区分生活用角阀
1268-1,1268,阀门 > 调节阀类 > 水位控制阀,category,水位控制阀,浮球阀,high,水位控制阀的常用俗称，利用浮球控制液位
1268-1,1268,阀门 > 调节阀类 > 水位控制阀,category,水位控制阀,液位控制阀,high,行业别称，与水位控制阀同义
1268-1,1268,阀门 > 调节阀类 > 水位控制阀,category,水位控制阀,进水阀,medium,在供水水箱等场景中的口语叫法
1268-1,1268,阀门 > 调节阀类 > 水位控制阀,material,不锈钢缓闭式止回阀,不锈钢消声止回阀,medium,缓闭式止回阀因能消除水锤声，俗称消声止回阀
1268-1,1268,阀门 > 调节阀类 > 水位控制阀,material,多功能控制阀,多功能阀,high,施工现场简称
1268-1,1268,阀门 > 调节阀类 > 水位控制阀,material,多功能水泵控制阀,水泵控制阀,high,施工现场简称
1268-1,1268,阀门 > 调节阀类 > 水位控制阀,material,多功能水泵控制阀,多功能阀,medium,泛指多功能类阀门的简称
1268-1,1268,阀门 > 调节阀类 > 水位控制阀,material,流量控制阀,流量阀,high,施工现场简称
1268-1,1268,阀门 > 调节阀类 > 水位控制阀,material,液压水位控制阀,液压浮球阀,medium,利用液压原理并通过浮球感测水位的控制阀
1268-1,1268,阀门 > 调节阀类 > 水位控制阀,material,电动流量控制阀,电动流量阀,high,施工现场简称
1268-1,1268,阀门 > 调节阀类 > 水位控制阀,material,电动遥控阀,遥控浮球阀,medium,常配合浮球开关实现遥控液位控制的叫法
1268-1,1268,阀门 > 调节阀类 > 水位控制阀,material,紧急关闭阀,快关阀,medium,用于紧急切断的阀门俗称
1268-1,1268,阀门 > 调节阀类 > 水位控制阀,material,紧急关闭阀,事故切断阀,low,安全功能角度的别称
1268-1,1268,阀门 > 调节阀类 > 水位控制阀,material,缓闭式止回阀,消声止回阀,high,因能有效消除水锤噪声而得此俗称
1268-1,1268,阀门 > 调节阀类 > 水位控制阀,material,缓闭式止回阀,静音止回阀,medium,与消声止回阀类似的通俗叫法
1265-1,1265,阀门 > 调节阀类 > 减压阀,category,减压阀,减压实阀,medium,施工现场口语化简称，省略'阀'字前的部分，常见于方言或语速快时
1265-1,1265,阀门 > 调节阀类 > 减压阀,category,减压阀,压力调节阀,low,部分施工人员或采购员对减压阀的功能性通俗叫法
1265-1,1265,阀门 > 调节阀类 > 减压阀,material,丝扣可调式减压阀,丝扣减压阀,high,突出连接形式和功能，省略'可调式'的简称
1265-1,1265,阀门 > 调节阀类 > 减压阀,material,先导活塞式气体减压阀,先导式减压阀,high,省略'活塞'和'气体'，突出先导驱动原理的简称
1265-1,1265,阀门 > 调节阀类 > 减压阀,material,先导活塞式气体减压阀,气体减压阀,medium,现场按介质直呼，忽略驱动结构
1265-1,1265,阀门 > 调节阀类 > 减压阀,material,全铜丝扣可调减压阀,全铜减压阀,high,强调材质，省略连接和调节功能的全称简化
1265-1,1265,阀门 > 调节阀类 > 减压阀,material,全铜丝扣可调减压阀,铜减压阀,medium,更简化的材质俗称
1265-1,1265,阀门 > 调节阀类 > 减压阀,material,减压稳压阀,稳压阀,high,小口径或楼栋支管场景下常省去'减压'二字
1265-1,1265,阀门 > 调节阀类 > 减压阀,material,卡箍减压阀,沟槽减压阀,high,卡箍连接通常配套沟槽管件，施工现场习惯混称
1265-1,1265,阀门 > 调节阀类 > 减压阀,material,多功能可调式减压阀,多功能减压阀,high,省略'可调式'，保留核心功能描述
1265-1,1265,阀门 > 调节阀类 > 减压阀,material,支管减压阀,户内减压阀,medium,在给水系统中，支管常入户，俗称户内减压阀
1265-1,1265,阀门 > 调节阀类 > 减压阀,material,比例式减压阀,比例减压阀,high,省略'式'字的简练叫法
1265-1,1265,阀门 > 调节阀类 > 减压阀,material,法兰可调式减压阀,法兰减压阀,high,强调连接形式并省略调节功能的简称
1265-1,1265,阀门 > 调节阀类 > 减压阀,material,蒸气减压阀,蒸汽减压阀,high,热力管道现场常混用'汽'与'气'
1265-1,1265,阀门 > 调节阀类 > 减压阀,material,蒸汽减压阀,蒸气减压阀,high,采购或施工中常混用'汽'与'气'字
1265-1,1265,阀门 > 调节阀类 > 减压阀,material,隔膜式可调减压稳压阀,隔膜减压阀,high,突出驱动元件，省略可调和稳压的功能描述
1110-1,1110,黑色及有色金属 > 其他金属材料 > 金属原材料,material,废钢,废钢铁,high,废钢与废铁常混堆销售，统称废钢铁
1110-1,1110,黑色及有色金属 > 其他金属材料 > 金属原材料,material,废钢,废铁,medium,现场对废金属统称，尤其含铁量高时口语简化
1110-1,1110,黑色及有色金属 > 其他金属材料 > 金属原材料,material,废钢,炉料,medium,作为电炉/转炉炼钢原料时的统称
1110-1,1110,黑色及有色金属 > 其他金属材料 > 金属原材料,material,硅铁,硅铁合金,high,全称
1110-1,1110,黑色及有色金属 > 其他金属材料 > 金属原材料,material,硅铁,FeSi,medium,行业标准牌号简写
1110-1,1110,黑色及有色金属 > 其他金属材料 > 金属原材料,material,碳钢,普碳钢,high,普通碳素结构钢的简称
1110-1,1110,黑色及有色金属 > 其他金属材料 > 金属原材料,material,碳钢,碳素钢,high,全称
1110-1,1110,黑色及有色金属 > 其他金属材料 > 金属原材料,material,磷铁,磷铁合金,high,全称
1110-1,1110,黑色及有色金属 > 其他金属材料 > 金属原材料,material,钢屑,钢刨花,high,机械加工车削产生的卷状废钢
1110-1,1110,黑色及有色金属 > 其他金属材料 > 金属原材料,material,钢屑,铁刨花,low,现场口语混用
1110-1,1110,黑色及有色金属 > 其他金属材料 > 金属原材料,material,钢屑,切削废料,medium,金属切削加工废料的统称
1110-1,1110,黑色及有色金属 > 其他金属材料 > 金属原材料,material,铁屑,铁刨花,high,机械加工产生的丝状/卷状废铁
1110-1,1110,黑色及有色金属 > 其他金属材料 > 金属原材料,material,铁屑,铸铁屑,medium,特指铸铁件加工产生的废屑
1110-1,1110,黑色及有色金属 > 其他金属材料 > 金属原材料,material,铸钢,铸钢件,medium,指铸钢制成的成品或坯料
1110-1,1110,黑色及有色金属 > 其他金属材料 > 金属原材料,material,铸铁,生铁,high,铸造用生铁在采购口语中常直接称生铁
1110-1,1110,黑色及有色金属 > 其他金属材料 > 金属原材料,material,铸铁,灰口铁,medium,灰口铸铁的口语叫法
1107-1,1107,黑色及有色金属 > 其他金属材料 > 钛材,material,钛合金板,TC4板,medium,TC4是最常用的钛合金牌号，施工现场常以牌号代称
1107-1,1107,黑色及有色金属 > 其他金属材料 > 钛材,material,钛合金板,钛板,medium,行业内对钛合金板的常见简称
1107-1,1107,黑色及有色金属 > 其他金属材料 > 钛材,material,钛棒,钛合金棒,medium,实际采购中多为钛合金材质，故常混称为钛合金棒
1107-1,1107,黑色及有色金属 > 其他金属材料 > 钛材,material,钛白粉,钛白,high,行业内通用简称
1107-1,1107,黑色及有色金属 > 其他金属材料 > 钛材,material,钛白粉,二氧化钛粉,medium,钛白粉的主要化学成分，部分技术文件会使用此叫法
1107-1,1107,黑色及有色金属 > 其他金属材料 > 钛材,material,钛钢复合板,钛钢双金属板,medium,强调两种金属复合的特性
1107-1,1107,黑色及有色金属 > 其他金属材料 > 钛材,material,钛钢复合板,钛复合板,high,采购中常见的口语简化叫法
1107-1,1107,黑色及有色金属 > 其他金属材料 > 钛材,material,钛锌板,钛锌合金板,medium,表明其合金属性，在幕墙采购中较常见
1111-1,1111,黑色及有色金属 > 其他金属材料 > 其他金属材料,category,其他金属材料,小金属,medium,在采购或贸易中，常将除钢铁、铜铝铅锌等大宗金属外的其他金属统称为小金属
1111-1,1111,黑色及有色金属 > 其他金属材料 > 其他金属材料,category,其他金属材料,稀贵金属,low,指代金、银等稀有贵金属的统称，在非正式场合会模糊涵盖此类材料
1111-1,1111,黑色及有色金属 > 其他金属材料 > 其他金属材料,material,1#白银,一号白银,high,施工现场或采购口语中常将1#读作一号
1111-1,1111,黑色及有色金属 > 其他金属材料 > 其他金属材料,material,1#白银,国标一号银,medium,强调符合国标的1号白银
1111-1,1111,黑色及有色金属 > 其他金属材料 > 其他金属材料,material,1#锡,一号锡,high,将1#读作一号的常见口语叫法
1111-1,1111,黑色及有色金属 > 其他金属材料 > 其他金属材料,material,1#锡,精锡,medium,在锡金属交易中，1#锡通常对应精锡规格
1111-1,1111,黑色及有色金属 > 其他金属材料 > 其他金属材料,material,1#锡,云锡,low,市场上常以知名产地/品牌（如云南锡业）代指1#锡
1111-1,1111,黑色及有色金属 > 其他金属材料 > 其他金属材料,material,1#镉锭,一号镉锭,high,将1#读作一号的口语化叫法
1111-1,1111,黑色及有色金属 > 其他金属材料 > 其他金属材料,material,2#白银,二号白银,high,将2#读作二号的口语叫法
1111-1,1111,黑色及有色金属 > 其他金属材料 > 其他金属材料,material,3#白银,三号白银,high,将3#读作三号的口语叫法
1111-1,1111,黑色及有色金属 > 其他金属材料 > 其他金属材料,material,金,黄金,high,金属金在采购和日常中最常见的全称
1111-1,1111,黑色及有色金属 > 其他金属材料 > 其他金属材料,material,金,金条,medium,在材料采购中，金常以金条形式出现，现场会直接叫金条
1111-1,1111,黑色及有色金属 > 其他金属材料 > 其他金属材料,material,金,足金,low,工业用金常要求高纯度，采购口语中有时直接叫足金
1111-1,1111,黑色及有色金属 > 其他金属材料 > 其他金属材料,material,铁锈板,锈板,high,铁锈板的简称，施工现场口语
1111-1,1111,黑色及有色金属 > 其他金属材料 > 其他金属材料,material,铁锈板,锈蚀钢板,medium,较正式的别称
1111-1,1111,黑色及有色金属 > 其他金属材料 > 其他金属材料,material,铁锈板,耐候钢板,low,铁锈板通常指预锈蚀的耐候钢板，材料和装饰领域常混称
1111-1,1111,黑色及有色金属 > 其他金属材料 > 其他金属材料,material,铝锭,铝块,medium,施工现场对锭状铝材的形象叫法
1111-1,1111,黑色及有色金属 > 其他金属材料 > 其他金属材料,material,铝锭,铝锭子,low,北方工地或部分地区的口语化叫法
1111-1,1111,黑色及有色金属 > 其他金属材料 > 其他金属材料,material,锌锭,锌块,medium,根据外形叫锌块
1111-1,1111,黑色及有色金属 > 其他金属材料 > 其他金属材料,material,锌锭,锌砖,low,部分小型锌锭外形像砖，工人偶尔称锌砖
1111-1,1111,黑色及有色金属 > 其他金属材料 > 其他金属材料,material,锑锭,锑块,medium,根据外形叫锑块
1111-1,1111,黑色及有色金属 > 其他金属材料 > 其他金属材料,material,锡锑箔,锡锑纸,medium,箔材在施工中常被叫做金属纸
1111-1,1111,黑色及有色金属 > 其他金属材料 > 其他金属材料,material,锡锑箔,合金箔,low,由锡锑合金制成的箔材简称
1111-1,1111,黑色及有色金属 > 其他金属材料 > 其他金属材料,material,锡锭,锡块,medium,根据外形叫锡块
1111-1,1111,黑色及有色金属 > 其他金属材料 > 其他金属材料,material,镁合金棒,镁棒,high,施工现场对镁合金棒的口语简称
1109-1,1109,黑色及有色金属 > 其他金属材料 > 锌材,category,锌材,锌料,high,锌制原材料的统称
1109-1,1109,黑色及有色金属 > 其他金属材料 > 锌材,material,0#锌,零号锌,high,数字0在口语中经常读作零
1109-1,1109,黑色及有色金属 > 其他金属材料 > 锌材,material,0#锌,0号锌锭,medium,明确了牌号和基础形态
1109-1,1109,黑色及有色金属 > 其他金属材料 > 锌材,material,1#锌,一号锌,high,数字1在口语中经常读作一
1109-1,1109,黑色及有色金属 > 其他金属材料 > 锌材,material,1#锌,1号锌锭,medium,明确了牌号和基础形态
1109-1,1109,黑色及有色金属 > 其他金属材料 > 锌材,material,锌丝,锌线,medium,丝与线在细长形态金属中常混用
1109-1,1109,黑色及有色金属 > 其他金属材料 > 锌材,material,锌板,锌片,medium,较薄的板状材料也称为片
1109-1,1109,黑色及有色金属 > 其他金属材料 > 锌材,material,锌箔,锌纸,medium,极薄的箔状金属外观类似纸
1109-1,1109,黑色及有色金属 > 其他金属材料 > 锌材,material,镀铝锌板,镀铝锌钢板,high,基材为钢板，全称常用
1109-1,1109,黑色及有色金属 > 其他金属材料 > 锌材,material,镀铝锌板,防锈铝锌板,low,常用于防锈场景的口语叫法
1108-1,1108,黑色及有色金属 > 其他金属材料 > 镍材,material,1#镍,一号镍,high,数字符号#在口语中常读作‘号’
1108-1,1108,黑色及有色金属 > 其他金属材料 > 镍材,material,1#镍,电解镍,medium,1#镍通常为电解法生产的纯镍板
1108-1,1108,黑色及有色金属 > 其他金属材料 > 镍材,material,1#镍,金川镍,medium,国内主要产地，在现货市场常用产地指代品种
1108-1,1108,黑色及有色金属 > 其他金属材料 > 镍材,material,镍及镍合金板,纯镍板,high,特指纯镍材质板材，与合金板区分
1108-1,1108,黑色及有色金属 > 其他金属材料 > 镍材,material,镍及镍合金板,镍基合金板,high,镍合金的工程别称
1108-1,1108,黑色及有色金属 > 其他金属材料 > 镍材,material,镍及镍合金板,蒙乃尔板,medium,常见镍铜合金板材俗称
1108-1,1108,黑色及有色金属 > 其他金属材料 > 镍材,material,镍及镍合金板,哈氏合金板,medium,常见镍铬钼合金板材俗称
1108-1,1108,黑色及有色金属 > 其他金属材料 > 镍材,material,镍及镍合金板,因科镍板,medium,Inconel系列镍铬铁合金的音译俗称
1106-1,1106,黑色及有色金属 > 其他金属材料 > 铅材,material,1#铅,一号铅,high,数字符号的口语化表达
1106-1,1106,黑色及有色金属 > 其他金属材料 > 铅材,material,1#铅,精铅,medium,1#铅通常指纯度较高的精炼铅
1106-1,1106,黑色及有色金属 > 其他金属材料 > 铅材,material,封铅,密封铅,high,功能描述的口语叫法
1106-1,1106,黑色及有色金属 > 其他金属材料 > 铅材,material,封铅,灌铅,medium,施工中常用于灌注密封
1106-1,1106,黑色及有色金属 > 其他金属材料 > 铅材,material,灰铅条,铅条,high,简化叫法
1106-1,1106,黑色及有色金属 > 其他金属材料 > 铅材,material,白铅粉,铅白,high,化工及颜料行业常用别称
1106-1,1106,黑色及有色金属 > 其他金属材料 > 铅材,material,白铅粉,碱式碳酸铅,medium,化学成分俗称
1106-1,1106,黑色及有色金属 > 其他金属材料 > 铅材,material,铅丝,铅线,high,丝与线在口语中常混用
1106-1,1106,黑色及有色金属 > 其他金属材料 > 铅材,material,铅块,铅锭,high,块状铅材的统称
1106-1,1106,黑色及有色金属 > 其他金属材料 > 铅材,material,铅块,铅砣,medium,施工现场对块状金属的口语叫法
1106-1,1106,黑色及有色金属 > 其他金属材料 > 铅材,material,铅板,铅皮,high,薄铅板在施工现场常被称为铅皮
1106-1,1106,黑色及有色金属 > 其他金属材料 > 铅材,material,铅板,铅片,medium,较薄的片状铅板
1106-1,1106,黑色及有色金属 > 其他金属材料 > 铅材,material,铅锑合金,硬铅,high,因加入锑硬度提高，业内俗称硬铅
1106-1,1106,黑色及有色金属 > 其他金属材料 > 铅材,material,铅锑合金,锑铅,medium,突出合金成分的简称
1106-1,1106,黑色及有色金属 > 其他金属材料 > 铅材,material,铅阳极板,阳极板,high,在电化学语境下的简化叫法
1106-1,1106,黑色及有色金属 > 其他金属材料 > 铅材,material,铅阳极板,铅电极,medium,功能角度的别称
1106-1,1106,黑色及有色金属 > 其他金属材料 > 铅材,material,青铅,青皮铅,medium,外观特征叫法
1106-1,1106,黑色及有色金属 > 其他金属材料 > 铅材,material,黑铅粉,石墨粉,high,黑铅粉是石墨粉在工业中的传统误称/俗称
1106-1,1106,黑色及有色金属 > 其他金属材料 > 铅材,material,黑铅粉,铅粉,low,简化叫法，但需注意与金属铅粉区分
1092-1,1092,黑色及有色金属 > 建筑钢材 > H型钢,category,H型钢,工字钢,medium,在现场口语中常将H型钢与工字钢混称，虽然严格意义上两者截面不同，但采购和施工人员常将H型钢称为工字钢或宽工字钢。
1092-1,1092,黑色及有色金属 > 建筑钢材 > H型钢,category,H型钢,H钢,high,H型钢的简称，口语中常见。
1092-1,1092,黑色及有色金属 > 建筑钢材 > H型钢,material,HM中翼缘H型钢,中翼缘H钢,high,中翼缘H型钢的简称，口语中常用。
1092-1,1092,黑色及有色金属 > 建筑钢材 > H型钢,material,HN窄翼缘H型钢,窄翼缘H钢,high,窄翼缘H型钢的简称，口语中常用。
1092-1,1092,黑色及有色金属 > 建筑钢材 > H型钢,material,HN窄翼缘H型钢,窄H钢,medium,现场工人对翼缘较窄的H型钢的俗称。
1092-1,1092,黑色及有色金属 > 建筑钢材 > H型钢,material,HP桩类H型钢,H型钢桩,high,桩类H型钢的专业用途称呼，采购和施工中常见。
1092-1,1092,黑色及有色金属 > 建筑钢材 > H型钢,material,HP桩类H型钢,桩用H钢,medium,强调其用于桩基的俗称。
1092-1,1092,黑色及有色金属 > 建筑钢材 > H型钢,material,HT薄壁H型钢,薄壁H钢,high,薄壁H型钢的简称，强调壁厚较薄。
1092-1,1092,黑色及有色金属 > 建筑钢材 > H型钢,material,HT薄壁H型钢,轻钢H钢,low,因壁薄常用于轻钢结构，现场偶有此叫法。
1092-1,1092,黑色及有色金属 > 建筑钢材 > H型钢,material,HW宽翼缘H型钢,宽翼缘H钢,high,宽翼缘H型钢的简称，口语中常用。
1092-1,1092,黑色及有色金属 > 建筑钢材 > H型钢,material,HW宽翼缘H型钢,宽H钢,medium,现场工人对翼缘较宽的H型钢的俗称。
1088-1,1088,黑色及有色金属 > 建筑钢材 > 八角钢,category,八角钢,八棱钢,high,根据外形特征叫法
1088-1,1088,黑色及有色金属 > 建筑钢材 > 八角钢,category,八角钢,八角棒,medium,棒材类的通用俗称
1088-1,1088,黑色及有色金属 > 建筑钢材 > 八角钢,material,冷拉八角钢,冷拔八角钢,high,冷拉工艺也称冷拔
1088-1,1088,黑色及有色金属 > 建筑钢材 > 八角钢,material,冷拉八角钢,冷拔八棱钢,medium,冷拉+八棱外形组合称呼
1088-1,1088,黑色及有色金属 > 建筑钢材 > 八角钢,material,热轧八角钢,热轧八棱钢,high,八棱是八角形的俗称
1088-1,1088,黑色及有色金属 > 建筑钢材 > 八角钢,material,热轧空心八角钢,空心八棱管,medium,空心的型材通常叫管
1088-1,1088,黑色及有色金属 > 建筑钢材 > 八角钢,material,热轧空心八角钢,八角空心钢,medium,外形+工艺简化叫法
1088-1,1088,黑色及有色金属 > 建筑钢材 > 八角钢,material,热轧镀锌八角钢,镀锌八棱钢,high,热镀锌+八棱外形简称
1088-1,1088,黑色及有色金属 > 建筑钢材 > 八角钢,material,热轧镀锌八角钢,白铁八角钢,medium,镀锌层俗称白铁
1093-1,1093,黑色及有色金属 > 建筑钢材 > Z型钢,category,Z型钢,Z钢,high,Z型钢的简称，在口语和清单中通用
1093-1,1093,黑色及有色金属 > 建筑钢材 > Z型钢,category,Z型钢,Z檩条,high,常用于屋面或墙面檩条，叫法极普遍
1093-1,1093,黑色及有色金属 > 建筑钢材 > Z型钢,material,冷弯Z型钢,冷弯Z,high,施工现场和采购简称为冷弯Z
1093-1,1093,黑色及有色金属 > 建筑钢材 > Z型钢,material,冷弯Z型钢,冷弯Z檩,medium,用于檩条时口语称冷弯Z檩
1093-1,1093,黑色及有色金属 > 建筑钢材 > Z型钢,material,冷弯卷边Z型钢,卷边Z,high,强调卷边的特征简称
1093-1,1093,黑色及有色金属 > 建筑钢材 > Z型钢,material,冷弯卷边Z型钢,卷边Z檩,medium,檩条用途时的口语叫法
1093-1,1093,黑色及有色金属 > 建筑钢材 > Z型钢,material,冷轧Z型钢,冷轧Z,medium,采购中常见简称
1093-1,1093,黑色及有色金属 > 建筑钢材 > Z型钢,material,热轧Z型钢,热轧Z,high,与冷弯相对，常简称为热轧Z
1093-1,1093,黑色及有色金属 > 建筑钢材 > Z型钢,material,镀锌Z型钢,镀锌Z,high,采购和施工中常见的简称
1093-1,1093,黑色及有色金属 > 建筑钢材 > Z型钢,material,镀锌Z型钢,白铁Z,low,部分地区对镀锌钢件的俗称
1087-1,1087,黑色及有色金属 > 建筑钢材 > 六角钢,category,六角钢,六角棒,high,施工现场和采购中常将六角钢称为六角棒，强调其棒状实心截面形态
1087-1,1087,黑色及有色金属 > 建筑钢材 > 六角钢,category,六角钢,六棱钢,high,因截面呈六边形，被称为六棱钢，在口语和部分采购单中出现
1087-1,1087,黑色及有色金属 > 建筑钢材 > 六角钢,material,不锈钢六角钢,不锈钢六角棒,high,六角钢俗称六角棒，加上材质后缀形成该叫法
1087-1,1087,黑色及有色金属 > 建筑钢材 > 六角钢,material,不锈钢六角钢,不锈钢六棱,medium,口语中省略钢字，用材质加截面形状称呼
1087-1,1087,黑色及有色金属 > 建筑钢材 > 六角钢,material,冷拉六角钢,冷拔六角,high,冷拉工艺也称冷拔，现场口语常简化为冷拔六角
1087-1,1087,黑色及有色金属 > 建筑钢材 > 六角钢,material,冷拉六角钢,冷拉六角棒,medium,六角钢的棒状俗称结合工艺叫法
1087-1,1087,黑色及有色金属 > 建筑钢材 > 六角钢,material,热轧六角钢,热轧六角棒,medium,热轧工艺与六角棒的俗称结合
1087-1,1087,黑色及有色金属 > 建筑钢材 > 六角钢,material,热轧空心六角钢,空心六角管,medium,空心六角钢本质上为管状，施工现场可能称之为六角管
1087-1,1087,黑色及有色金属 > 建筑钢材 > 六角钢,material,热轧空心六角钢,六角空心钢,high,语序调整后的俗称，在矿山钎杆等领域常见
1087-1,1087,黑色及有色金属 > 建筑钢材 > 六角钢,material,热轧镀锌六角钢,镀锌六角棒,medium,热镀锌处理后的六角棒俗称
1085-1,1085,黑色及有色金属 > 建筑钢材 > 方钢,category,方钢,方铁,high,施工现场口语中高频统称，不分材质
1085-1,1085,黑色及有色金属 > 建筑钢材 > 方钢,category,方钢,方钢条,medium,按外形俗称，采购时常见
1085-1,1085,黑色及有色金属 > 建筑钢材 > 方钢,material,不锈钢方钢,不锈钢方条,high,按材质+形状简称
1085-1,1085,黑色及有色金属 > 建筑钢材 > 方钢,material,不锈钢方钢,不锈方,medium,不锈钢方钢缩略语
1085-1,1085,黑色及有色金属 > 建筑钢材 > 方钢,material,冷拉方钢,冷拔方钢,high,冷拉成型常见别称
1085-1,1085,黑色及有色金属 > 建筑钢材 > 方钢,material,冷拉方钢,光方,medium,冷拉表面光亮，俗称
1085-1,1085,黑色及有色金属 > 建筑钢材 > 方钢,material,热轧方钢,热轧方,medium,口语化简称
1085-1,1085,黑色及有色金属 > 建筑钢材 > 方钢,material,镀锌方钢,白铁方钢,high,镀锌层呈银白色，俗称
1085-1,1085,黑色及有色金属 > 建筑钢材 > 方钢,material,镀锌方钢,镀锌方管,low,部分施工员偶误称，但有时实指实心方钢
1084-1,1084,黑色及有色金属 > 建筑钢材 > 圆钢,category,圆钢,圆条,medium,圆钢在口语中常因其长条状外形被称为圆条
1084-1,1084,黑色及有色金属 > 建筑钢材 > 圆钢,category,圆钢,直条,low,部分地区施工现场对直条状圆钢的习惯叫法
1084-1,1084,黑色及有色金属 > 建筑钢材 > 圆钢,material,不锈钢圆钢,白钢圆钢,medium,不锈钢在市场中常被称为白钢
1084-1,1084,黑色及有色金属 > 建筑钢材 > 圆钢,material,不锈钢圆钢,不锈铁圆,low,部分低质不锈钢圆钢的俗称
1084-1,1084,黑色及有色金属 > 建筑钢材 > 圆钢,material,冷拉圆钢,冷拔圆钢,medium,冷拉工艺常与冷拔工艺混称
1084-1,1084,黑色及有色金属 > 建筑钢材 > 圆钢,material,冷拉圆钢,光圆,medium,冷拉后表面较光滑，俗称光圆
1084-1,1084,黑色及有色金属 > 建筑钢材 > 圆钢,material,冷拉圆钢,冷拉圆,high,施工现场的口语简化叫法
1084-1,1084,黑色及有色金属 > 建筑钢材 > 圆钢,material,热轧圆钢,黑铁圆钢,high,热轧圆钢表面有黑色氧化皮，俗称黑铁
1084-1,1084,黑色及有色金属 > 建筑钢材 > 圆钢,material,镀铜圆钢,铜包钢,high,镀铜圆钢在防雷接地中常被称为铜包钢
1084-1,1084,黑色及有色金属 > 建筑钢材 > 圆钢,material,镀铜圆钢,铜覆圆钢,medium,镀铜工艺的别称
1084-1,1084,黑色及有色金属 > 建筑钢材 > 圆钢,material,镀锌圆钢,白铁圆钢,high,镀锌层呈银白色，俗称白铁
1084-1,1084,黑色及有色金属 > 建筑钢材 > 圆钢,material,镀锌圆钢,热镀圆钢,medium,热浸镀锌圆钢的口语简化叫法
1090-1,1090,黑色及有色金属 > 建筑钢材 > 槽钢（C型钢）,category,槽钢（C型钢）,C型钢,high,因截面呈C形，行业及施工现场常直接称槽钢为C型钢
1090-1,1090,黑色及有色金属 > 建筑钢材 > 槽钢（C型钢）,category,槽钢（C型钢）,C型,medium,口语中简称C型钢为C型，如80C型、100C型
1090-1,1090,黑色及有色金属 > 建筑钢材 > 槽钢（C型钢）,material,不锈钢槽钢,不锈槽钢,medium,现场口语中常简化不锈钢为不锈，如不锈板、不锈管、不锈槽钢
1090-1,1090,黑色及有色金属 > 建筑钢材 > 槽钢（C型钢）,material,槽钢,槽铁,medium,在部分老旧工程或地区口语中，仍沿用槽铁这一俗称
1090-1,1090,黑色及有色金属 > 建筑钢材 > 槽钢（C型钢）,material,槽钢,背对背槽钢,low,当两根槽钢对焊成箱型时，现场会称为背对背槽钢
1090-1,1090,黑色及有色金属 > 建筑钢材 > 槽钢（C型钢）,material,热轧槽钢,国标槽钢,medium,热轧槽钢通常为符合国标的轧制产品，采购时常称国标槽钢
1090-1,1090,黑色及有色金属 > 建筑钢材 > 槽钢（C型钢）,material,热轧槽钢,标槽,medium,标准热轧槽钢的简称，区别于非标或冷弯槽钢
1090-1,1090,黑色及有色金属 > 建筑钢材 > 槽钢（C型钢）,material,镀锌槽钢,热镀槽钢,high,施工现场对热浸镀锌槽钢的口语简称
1090-1,1090,黑色及有色金属 > 建筑钢材 > 槽钢（C型钢）,material,镀锌槽钢,白铁槽钢,low,部分老旧工程习惯称镀锌钢材为白铁，如白铁管、白铁槽钢
1086-1,1086,黑色及有色金属 > 建筑钢材 > 扁钢,category,扁钢,扁铁,high,施工现场对扁钢最通用的俗称，因外形似铁片而得名
1086-1,1086,黑色及有色金属 > 建筑钢材 > 扁钢,category,扁钢,条钢,medium,部分地区采购清单中扁钢的统称，指长条状钢材
1086-1,1086,黑色及有色金属 > 建筑钢材 > 扁钢,category,扁钢,带钢,low,宽度较窄厚度较薄的扁钢有时被混称为带钢，但易混淆需现场辨别
1086-1,1086,黑色及有色金属 > 建筑钢材 > 扁钢,material,不锈钢扁钢,不锈扁铁,high,不锈钢材质的扁铁简称
1086-1,1086,黑色及有色金属 > 建筑钢材 > 扁钢,material,不锈钢扁钢,白钢扁,medium,北方部分地区对不锈钢的俗称，白钢即不锈钢
1086-1,1086,黑色及有色金属 > 建筑钢材 > 扁钢,material,冷拉扁钢,冷拔扁钢,high,冷拉与冷拔工艺相通，采购时常混用
1086-1,1086,黑色及有色金属 > 建筑钢材 > 扁钢,material,冷拉扁钢,光扁,medium,冷拉表面光洁度高，俗称光扁或光扁钢
1086-1,1086,黑色及有色金属 > 建筑钢材 > 扁钢,material,冷拉扁钢,冷轧扁,low,现场口语中常将冷拉扁钢简称为冷轧扁
1086-1,1086,黑色及有色金属 > 建筑钢材 > 扁钢,material,热轧扁钢,黑扁,high,热轧表面有氧化铁皮呈黑色，俗称黑扁
1086-1,1086,黑色及有色金属 > 建筑钢材 > 扁钢,material,热轧扁钢,红扁,low,热轧时钢材呈红色，少量采购员沿用此叫法
1086-1,1086,黑色及有色金属 > 建筑钢材 > 扁钢,material,热轧镀锌扁钢,白铁扁,medium,镀锌层呈银白色，现场统称白铁扁
1086-1,1086,黑色及有色金属 > 建筑钢材 > 扁钢,material,热轧镀锌扁钢,热镀扁铁,high,热轧镀锌扁钢在施工口语中的缩写形式
1086-1,1086,黑色及有色金属 > 建筑钢材 > 扁钢,material,镀铜扁钢,覆铜扁铁,high,镀铜工艺也称覆铜，防雷接地工程中常用此叫法
1086-1,1086,黑色及有色金属 > 建筑钢材 > 扁钢,material,镀铜扁钢,铜包钢扁,medium,镀铜扁钢本质为钢覆铜，采购清单常写铜包钢
1086-1,1086,黑色及有色金属 > 建筑钢材 > 扁钢,material,镀铜扁钢,接地扁铜,low,大量用于接地系统中，工人常以用途代指材料名
1086-1,1086,黑色及有色金属 > 建筑钢材 > 扁钢,material,镀锌扁钢,锌扁,medium,镀锌扁钢在料单中的简写形式
1086-1,1086,黑色及有色金属 > 建筑钢材 > 扁钢,material,镀锌扁钢,白扁,high,镀锌层泛白，与黑扁对应，工地常见叫法
1086-1,1086,黑色及有色金属 > 建筑钢材 > 扁钢,material,镀锌扁钢,水煤气管扁,low,早期水煤气管也由镀锌钢带制作，部分老工人沿用此叫法称呼镀锌扁钢
1082-1,1082,黑色及有色金属 > 建筑钢材 > 钢丝绳,category,钢丝绳,钢索,high,施工现场对钢丝绳的通用口语叫法
1082-1,1082,黑色及有色金属 > 建筑钢材 > 钢丝绳,category,钢丝绳,钢丝索,medium,钢丝绳的另一种常见称呼
1082-1,1082,黑色及有色金属 > 建筑钢材 > 钢丝绳,material,不锈钢钢丝绳,不锈钢丝绳,high,口语中常省略“钢”字
1082-1,1082,黑色及有色金属 > 建筑钢材 > 钢丝绳,material,不锈钢钢丝绳,白钢绳,medium,不锈钢在民间常被称为白钢
1082-1,1082,黑色及有色金属 > 建筑钢材 > 钢丝绳,material,涂塑钢丝绳,包塑钢丝绳,high,涂塑工艺也称为包塑
1082-1,1082,黑色及有色金属 > 建筑钢材 > 钢丝绳,material,涂塑钢丝绳,塑套钢丝绳,medium,指钢丝绳外面有塑料套
1082-1,1082,黑色及有色金属 > 建筑钢材 > 钢丝绳,material,钢丝绳套,钢丝绳插套,high,钢丝绳套通常通过插编工艺制作
1082-1,1082,黑色及有色金属 > 建筑钢材 > 钢丝绳,material,钢丝绳套,索套,medium,钢丝绳绳套的简称
1082-1,1082,黑色及有色金属 > 建筑钢材 > 钢丝绳,material,钢丝绳套,吊索,low,施工现场常用作吊装索具
1082-1,1082,黑色及有色金属 > 建筑钢材 > 钢丝绳,material,镀锌钢丝绳,镀锌钢索,high,钢丝绳又称钢索
1082-1,1082,黑色及有色金属 > 建筑钢材 > 钢丝绳,material,镀锌钢丝绳,白钢丝绳,medium,镀锌层呈白色，口语中称为白钢
1094-1,1094,黑色及有色金属 > 建筑钢材 > 钢板桩,material,钢板桩用钢,板桩钢,high,钢板桩用钢的简称，口语化表达
1097-1,1097,黑色及有色金属 > 建筑钢材 > 其他钢材,category,其他钢材,型钢,high,该分类下大部分材料属于型钢大类，施工现场常统称为型钢
1097-1,1097,黑色及有色金属 > 建筑钢材 > 其他钢材,category,其他钢材,冷弯型钢,medium,C、G、L、N、T、U型钢多为冷弯成型
1097-1,1097,黑色及有色金属 > 建筑钢材 > 其他钢材,category,其他钢材,异型钢,low,区别于常规工槽角，有时被统称为异型钢
1097-1,1097,黑色及有色金属 > 建筑钢材 > 其他钢材,material,C型钢,C型槽钢,medium,截面形状像C，实际应用中常作为槽钢替代品
1097-1,1097,黑色及有色金属 > 建筑钢材 > 其他钢材,material,C型钢,冷弯C型钢,medium,通常为冷弯成型
1097-1,1097,黑色及有色金属 > 建筑钢材 > 其他钢材,material,L型钢,角钢,high,L型钢即不等边或等边角钢的统称
1097-1,1097,黑色及有色金属 > 建筑钢材 > 其他钢材,material,L型钢,角铁,high,角钢在施工现场的俗称
1097-1,1097,黑色及有色金属 > 建筑钢材 > 其他钢材,material,T型钢,T型铁,medium,现场口语简称
1097-1,1097,黑色及有色金属 > 建筑钢材 > 其他钢材,material,U型钢,槽钢,high,U型钢在建筑领域通常指槽钢
1097-1,1097,黑色及有色金属 > 建筑钢材 > 其他钢材,material,U型钢,U型槽钢,medium,强调截面形状
1097-1,1097,黑色及有色金属 > 建筑钢材 > 其他钢材,material,不锈钢方管,不锈钢方通,high,华南地区通用叫法
1097-1,1097,黑色及有色金属 > 建筑钢材 > 其他钢材,material,不锈钢方管,不锈钢矩形管,medium,广义方管包含矩形管
1097-1,1097,黑色及有色金属 > 建筑钢材 > 其他钢材,material,冷轧取向硅钢片,取向硅钢,high,行业简称
1097-1,1097,黑色及有色金属 > 建筑钢材 > 其他钢材,material,冷轧取向硅钢片,冷轧变压器钢,medium,主要用途命名
1097-1,1097,黑色及有色金属 > 建筑钢材 > 其他钢材,material,冷轧无取向硅钢片,无取向硅钢,high,行业简称
1097-1,1097,黑色及有色金属 > 建筑钢材 > 其他钢材,material,冷轧无取向硅钢片,冷轧电机钢,medium,主要用于电机制造
1097-1,1097,黑色及有色金属 > 建筑钢材 > 其他钢材,material,方管,方通,high,华南地区口语叫法
1097-1,1097,黑色及有色金属 > 建筑钢材 > 其他钢材,material,方管,矩形管,medium,方管与矩形管常混用
1097-1,1097,黑色及有色金属 > 建筑钢材 > 其他钢材,material,方管,口铁,low,老式口语叫法
1097-1,1097,黑色及有色金属 > 建筑钢材 > 其他钢材,material,热轧硅钢片,热轧电工钢,medium,热轧工艺生产，用于电机电器
1097-1,1097,黑色及有色金属 > 建筑钢材 > 其他钢材,material,热镀锌方矩管,镀锌方通,high,华南通用叫法
1097-1,1097,黑色及有色金属 > 建筑钢材 > 其他钢材,material,热镀锌方矩管,热镀锌方管,high,承建商常用简化叫法
1097-1,1097,黑色及有色金属 > 建筑钢材 > 其他钢材,material,热镀锌方矩管,白铁皮方管,low,根据表面镀锌特征俗称
1097-1,1097,黑色及有色金属 > 建筑钢材 > 其他钢材,material,热镀锌方管,镀锌方通,high,华南通用叫法
1097-1,1097,黑色及有色金属 > 建筑钢材 > 其他钢材,material,热镀锌方管,白铁方管,low,老式口语俗称
1097-1,1097,黑色及有色金属 > 建筑钢材 > 其他钢材,material,碳钢方管,黑铁方管,high,区别于镀锌白管，表面呈黑锈色
1097-1,1097,黑色及有色金属 > 建筑钢材 > 其他钢材,material,碳钢方管,铁方通,medium,碳钢在工地常简称为铁
1097-1,1097,黑色及有色金属 > 建筑钢材 > 其他钢材,material,高磁感冷轧取向硅钢片,高牌号取向硅钢,high,高磁感代表高牌号
1097-1,1097,黑色及有色金属 > 建筑钢材 > 其他钢材,material,高磁感冷轧取向硅钢片,Hi-B钢,high,行业专业术语
1096-1,1096,黑色及有色金属 > 建筑钢材 > 钢带,category,钢带,带钢,high,钢带在行业内常被称为带钢，二者经常混用
1096-1,1096,黑色及有色金属 > 建筑钢材 > 钢带,material,不锈钢钢带,不锈带钢,high,不锈钢钢带的简称
1096-1,1096,黑色及有色金属 > 建筑钢材 > 钢带,material,不锈钢钢带,白钢带,medium,在部分区域对不锈钢外观的俗称
1096-1,1096,黑色及有色金属 > 建筑钢材 > 钢带,material,冷轧钢带,冷轧带,high,冷轧钢带的简称
1096-1,1096,黑色及有色金属 > 建筑钢材 > 钢带,material,冷轧钢带,冷板带,medium,较宽的冷轧钢带有时被称为冷板带
1096-1,1096,黑色及有色金属 > 建筑钢材 > 钢带,material,热轧钢带,热轧带,high,热轧钢带的简称
1096-1,1096,黑色及有色金属 > 建筑钢材 > 钢带,material,热轧钢带,热板带,medium,较宽的热轧钢带习惯叫法
1096-1,1096,黑色及有色金属 > 建筑钢材 > 钢带,material,镀锌钢带,白铁带,high,镀锌钢带的传统俗称
1096-1,1096,黑色及有色金属 > 建筑钢材 > 钢带,material,镀锌钢带,镀锌带,high,镀锌钢带的简称
1091-1,1091,黑色及有色金属 > 建筑钢材 > 角钢,category,角钢,角铁,high,施工现场对所有角钢的最通用俗称
1091-1,1091,黑色及有色金属 > 建筑钢材 > 角钢,category,角钢,三角铁,medium,部分地区叫法，因其横截面呈L型
1091-1,1091,黑色及有色金属 > 建筑钢材 > 角钢,material,不等边角钢,不等肢角钢,medium,正式别名，强调两边宽度不等
1091-1,1091,黑色及有色金属 > 建筑钢材 > 角钢,material,不等边角钢,偏角角钢,low,个别地区现场口语叫法，形象描述
1091-1,1091,黑色及有色金属 > 建筑钢材 > 角钢,material,不锈钢不等边角钢,不锈钢不等肢角钢,medium,组合别名，采购单常见
1091-1,1091,黑色及有色金属 > 建筑钢材 > 角钢,material,不锈钢等边角钢,不锈钢等肢角钢,medium,组合别名
1091-1,1091,黑色及有色金属 > 建筑钢材 > 角钢,material,不锈钢等边角钢,304角钢,low,以常见材质304代称不锈钢角钢
1091-1,1091,黑色及有色金属 > 建筑钢材 > 角钢,material,不锈钢等边角钢,不锈角铁,medium,口语简称
1091-1,1091,黑色及有色金属 > 建筑钢材 > 角钢,material,等边角钢,等肢角钢,medium,正式别名
1091-1,1091,黑色及有色金属 > 建筑钢材 > 角钢,material,等边角钢,等边角铁,high,口语叫法
1091-1,1091,黑色及有色金属 > 建筑钢材 > 角钢,material,等边角钢,正角角钢,low,个别现场叫法
1091-1,1091,黑色及有色金属 > 建筑钢材 > 角钢,material,镀锌不等边角钢,热镀锌不等边角钢,medium,现场常直接叫热镀锌，默认热浸镀锌
1091-1,1091,黑色及有色金属 > 建筑钢材 > 角钢,material,镀锌不等边角钢,白铁不等边角钢,low,个别地区对镀锌件的俗称
1091-1,1091,黑色及有色金属 > 建筑钢材 > 角钢,material,镀锌等边角钢,热镀锌等边角钢,medium,现场常直接叫热镀锌
1091-1,1091,黑色及有色金属 > 建筑钢材 > 角钢,material,镀锌等边角钢,镀锌角铁,high,口语简称
1091-1,1091,黑色及有色金属 > 建筑钢材 > 角钢,material,镀锌等边角钢,白铁角钢,low,个别地区对镀锌件的俗称
1083-1,1083,黑色及有色金属 > 建筑钢材 > 钢绞线、钢丝束,category,钢绞线、钢丝束,预应力筋,high,施工现场对钢绞线、钢丝束等预应力材料的统称
1083-1,1083,黑色及有色金属 > 建筑钢材 > 钢绞线、钢丝束,category,钢绞线、钢丝束,钢索,medium,在悬索桥、拉索结构中对钢绞线、钢丝束的口语叫法
1083-1,1083,黑色及有色金属 > 建筑钢材 > 钢绞线、钢丝束,material,低松弛预应力钢绞线,低松弛钢绞线,high,口语简化叫法，省略'预应力'
1083-1,1083,黑色及有色金属 > 建筑钢材 > 钢绞线、钢丝束,material,低松弛预应力钢绞线,低松弛,medium,施工现场极简略称，特指低松弛预应力钢绞线
1083-1,1083,黑色及有色金属 > 建筑钢材 > 钢绞线、钢丝束,material,无粘结预应力钢绞线,无粘结钢绞线,high,口语中省略'预应力'的简化叫法
1083-1,1083,黑色及有色金属 > 建筑钢材 > 钢绞线、钢丝束,material,无粘结预应力钢绞线,无粘结筋,medium,无粘结预应力材料的统称，常用于指代无粘结钢绞线
1083-1,1083,黑色及有色金属 > 建筑钢材 > 钢绞线、钢丝束,material,环氧喷涂钢绞线,环氧钢绞线,high,现场口语简称，省略'喷涂'
1083-1,1083,黑色及有色金属 > 建筑钢材 > 钢绞线、钢丝束,material,环氧喷涂钢绞线,喷涂钢绞线,medium,口语中省略'环氧'的简化叫法
1083-1,1083,黑色及有色金属 > 建筑钢材 > 钢绞线、钢丝束,material,钢绞线,钢铰线,medium,因字形相近和输入法导致的常见笔误叫法
1083-1,1083,黑色及有色金属 > 建筑钢材 > 钢绞线、钢丝束,material,镀锌钢绞线,镀锌绞线,medium,口语中省略'钢'的简化叫法
1083-1,1083,黑色及有色金属 > 建筑钢材 > 钢绞线、钢丝束,material,预应力钢绞线,应力钢绞线,medium,施工现场口语中常省略'预'字
1102-1,1102,黑色及有色金属 > 铜材 > 铜板,category,铜板,铜片,high,厚度较薄的铜板在口语中常被称为铜片
1102-1,1102,黑色及有色金属 > 铜材 > 铜板,category,铜板,铜皮,high,施工现场对薄铜板的俗称
1102-1,1102,黑色及有色金属 > 铜材 > 铜板,material,白铜板,洋白铜板,high,白铜俗称洋白铜，板材常连称洋白铜板
1102-1,1102,黑色及有色金属 > 铜材 > 铜板,material,紫铜板,红铜板,high,紫铜因颜色偏红，在采购和施工现场也常被称为红铜板
1102-1,1102,黑色及有色金属 > 铜材 > 铜板,material,紫铜箔,红铜箔,high,紫铜对应红铜俗称，箔材延续此叫法
1102-1,1102,黑色及有色金属 > 铜材 > 铜板,material,铝青铜板,铝黄铜板,low,部分采购人员会混淆铝青铜和铝黄铜的叫法，虽不精确但口语中存在
1102-1,1102,黑色及有色金属 > 铜材 > 铜板,material,锡青铜板,锡黄铜板,low,口语中偶尔将锡青铜误称为锡黄铜板
1095-1,1095,黑色及有色金属 > 建筑钢材 > 钢板,material,不锈钢板,白钢板,high,施工现场对不锈钢板的常见俗称，因其表面呈银白色
1095-1,1095,黑色及有色金属 > 建筑钢材 > 钢板,material,不锈钢板,不锈板,medium,不锈钢板的简称
1095-1,1095,黑色及有色金属 > 建筑钢材 > 钢板,material,中厚钢板,中板,high,中厚钢板的行业简称，常见于采购和施工叫法
1095-1,1095,黑色及有色金属 > 建筑钢材 > 钢板,material,低合金板,低合金,medium,低合金板的简称，指低合金高强度结构钢板
1095-1,1095,黑色及有色金属 > 建筑钢材 > 钢板,material,冷轧卷,冷卷,high,冷轧卷的行业简称
1095-1,1095,黑色及有色金属 > 建筑钢材 > 钢板,material,冷轧卷,冷硬卷,medium,冷轧后未退火的冷轧卷俗称
1095-1,1095,黑色及有色金属 > 建筑钢材 > 钢板,material,冷轧钢板,冷板,high,冷轧钢板的行业通用简称
1095-1,1095,黑色及有色金属 > 建筑钢材 > 钢板,material,冷轧钢板,冷轧板,high,冷轧钢板的简称
1095-1,1095,黑色及有色金属 > 建筑钢材 > 钢板,material,容器板,锅炉板,low,与容器板同属压力容器用钢板，施工现场常混称
1095-1,1095,黑色及有色金属 > 建筑钢材 > 钢板,material,彩涂板,彩钢板,high,彩色涂层钢板的俗称，施工现场极为常用
1095-1,1095,黑色及有色金属 > 建筑钢材 > 钢板,material,彩涂板,彩板,high,彩涂板的简称
1095-1,1095,黑色及有色金属 > 建筑钢材 > 钢板,material,普板,Q235板,medium,普通碳素结构钢板的材质牌号代称，常作为普板的代名词
1095-1,1095,黑色及有色金属 > 建筑钢材 > 钢板,material,热轧卷,热卷,high,热轧卷的行业通用简称
1095-1,1095,黑色及有色金属 > 建筑钢材 > 钢板,material,热轧酸洗板卷,酸洗卷,medium,热轧酸洗卷的简称
1095-1,1095,黑色及有色金属 > 建筑钢材 > 钢板,material,热轧钢板,热板,high,热轧钢板的行业简称
1095-1,1095,黑色及有色金属 > 建筑钢材 > 钢板,material,热轧钢板,热轧板,high,热轧钢板的简称
1095-1,1095,黑色及有色金属 > 建筑钢材 > 钢板,material,耐候钢板,锈钢板,high,耐候钢表面形成稳定锈层，俗称锈钢板或锈板
1095-1,1095,黑色及有色金属 > 建筑钢材 > 钢板,material,耐候钢板,耐候板,medium,耐候钢板的简称
1095-1,1095,黑色及有色金属 > 建筑钢材 > 钢板,material,耐磨钢板,耐磨板,high,耐磨钢板的简称
1095-1,1095,黑色及有色金属 > 建筑钢材 > 钢板,material,花纹钢板,花纹板,high,花纹钢板的简称
1095-1,1095,黑色及有色金属 > 建筑钢材 > 钢板,material,花纹钢板,防滑板,medium,花纹钢板主要作防滑用途，施工现场常称防滑板
1095-1,1095,黑色及有色金属 > 建筑钢材 > 钢板,material,薄钢板,薄板,high,薄钢板的简称
1095-1,1095,黑色及有色金属 > 建筑钢材 > 钢板,material,镀锌钢板,镀锌板,high,镀锌钢板的简称
1095-1,1095,黑色及有色金属 > 建筑钢材 > 钢板,material,镀锌钢板,白铁皮,high,传统上对镀锌薄钢板的俗称，仍在部分工地和加工场使用
1095-1,1095,黑色及有色金属 > 建筑钢材 > 钢板,material,高强板,高强钢板,medium,高强板的全称，偶尔口语中会混用
1103-1,1103,黑色及有色金属 > 铜材 > 铜带材,category,铜带材,铜皮,high,在施工和五金领域，厚度较薄的铜带材常被统称为铜皮
1103-1,1103,黑色及有色金属 > 铜材 > 铜带材,category,铜带材,铜箔,medium,极薄规格的铜带材在口语中常被称为铜箔，尤其用于描述厚度小于0.05mm的材料
1103-1,1103,黑色及有色金属 > 铜材 > 铜带材,material,焊接管用黄铜带,焊管铜带,high,施工现场对用于焊接管生产的黄铜带简称
1103-1,1103,黑色及有色金属 > 铜材 > 铜带材,material,焊接管用黄铜带,焊管专用带,medium,采购中特指供给制管厂做焊接管的黄铜坯带
1103-1,1103,黑色及有色金属 > 铜材 > 铜带材,material,紫铜带,红铜带,high,紫铜表面呈紫红色，因俗称红铜，故称红铜带
1103-1,1103,黑色及有色金属 > 铜材 > 铜带材,material,紫铜带,纯铜带,high,强调其高纯度铜含量，工业常称纯铜带
1103-1,1103,黑色及有色金属 > 铜材 > 铜带材,material,紫铜带,电解铜带,medium,以电解铜为原料生产的带材，采购中常直接称之为电解铜带
1103-1,1103,黑色及有色金属 > 铜材 > 铜带材,material,铅黄铜带,易车铜带,high,铅黄铜切削性能优良，常被称为易切削黄铜带
1103-1,1103,黑色及有色金属 > 铜材 > 铜带材,material,铅黄铜带,59铜带,high,常见牌号HPb59-1的口语化叫法，现场直接以铜含量数字代称
1103-1,1103,黑色及有色金属 > 铜材 > 铜带材,material,铅黄铜带,快削铜带,medium,强调其易切削特性，尤其在日韩企业管理规范中常见此叫法
1103-1,1103,黑色及有色金属 > 铜材 > 铜带材,material,铜合金带材,合金铜带,medium,口语中调整词序后的常见叫法
1103-1,1103,黑色及有色金属 > 铜材 > 铜带材,material,铝白铜带,银白铜带,medium,因颜色呈银白色，外观似银，俗称银白铜
1103-1,1103,黑色及有色金属 > 铜材 > 铜带材,material,锡铜带,青铜带,high,锡青铜是青铜的一种，行业内常将含锡的铜带直接统称为青铜带
1103-1,1103,黑色及有色金属 > 铜材 > 铜带材,material,锡铜带,磷铜带,medium,若含有磷元素脱氧，常被称为磷铜带，现场与锡铜带互用
1103-1,1103,黑色及有色金属 > 铜材 > 铜带材,material,黄铜带,铜带,high,在上下文明确时，黄铜带常被简称为铜带
1103-1,1103,黑色及有色金属 > 铜材 > 铜带材,material,黄铜带,62铜带,high,以常见牌号H62中的铜含量数字代称
1103-1,1103,黑色及有色金属 > 铜材 > 铜带材,material,黄铜带,黄铜皮,medium,薄规格的黄铜带在钣金和五金加工中的俗称
1104-1,1104,黑色及有色金属 > 铜材 > 铜棒材,material,紫铜棒,红铜棒,high,因紫铜表面呈紫红色，施工现场常称为红铜棒
1104-1,1104,黑色及有色金属 > 铜材 > 铜棒材,material,纯铜棒,电解铜棒,medium,纯铜通常由电解精炼获得，采购中会以此强调纯度
1104-1,1104,黑色及有色金属 > 铜材 > 铜棒材,material,铅青铜棒,铅青铜圆棒,low,口语中常加“圆”字强调型材形状
1104-1,1104,黑色及有色金属 > 铜材 > 铜棒材,material,黄铜棒,铜锌合金棒,medium,黄铜是铜锌合金，技术文件有时以此指代
1105-1,1105,黑色及有色金属 > 铜材 > 铜线材,category,铜线材,铜丝,high,铜线材在施工现场常统称为铜丝，泛指各种规格的铜质线材
1105-1,1105,黑色及有色金属 > 铜材 > 铜线材,material,白铜线,洋白铜线,high,白铜又称洋白铜，线材产品习惯称洋白铜线
1105-1,1105,黑色及有色金属 > 铜材 > 铜线材,material,纯紫铜丝,裸铜丝,medium,紫铜即纯铜，纯紫铜丝通常称裸铜丝
1105-1,1105,黑色及有色金属 > 铜材 > 铜线材,material,纯铜线,紫铜线,high,纯铜外观紫红色，业内通用称紫铜线
1105-1,1105,黑色及有色金属 > 铜材 > 铜线材,material,纯铜线,电解铜线,medium,纯铜常由电解法制得，有称电解铜线
1105-1,1105,黑色及有色金属 > 铜材 > 铜线材,material,铅黄铜线,易切削黄铜线,high,铅黄铜因含铅切削性能好，俗称易切削黄铜线
1105-1,1105,黑色及有色金属 > 铜材 > 铜线材,material,铅黄铜线,59黄铜线,medium,常用牌号对应通俗叫法
1105-1,1105,黑色及有色金属 > 铜材 > 铜线材,material,锡黄铜线,海军黄铜线,medium,锡黄铜耐蚀性好，历史上称海军黄铜
1105-1,1105,黑色及有色金属 > 铜材 > 铜线材,material,黄铜线,铜锌合金线,medium,黄铜为铜锌合金，有时按成分称呼
1101-1,1101,黑色及有色金属 > 铝材 > 铝型材,material,丁字铝型材,T型铝材,high,形状像字母T，施工现场常用叫法
1101-1,1101,黑色及有色金属 > 铝材 > 铝型材,material,丁字铝型材,T字铝,high,简称，采购口语中常见
1101-1,1101,黑色及有色金属 > 铝材 > 铝型材,material,不等边角铝,不等边铝角,high,语序调整形成的口语叫法
1101-1,1101,黑色及有色金属 > 铝材 > 铝型材,material,不等边角铝,不等边角铝材,medium,加材字，泛指该类型材
1101-1,1101,黑色及有色金属 > 铝材 > 铝型材,material,槽型铝型材,槽铝,high,施工现场和采购中极常用简称
1101-1,1101,黑色及有色金属 > 铝材 > 铝型材,material,槽型铝型材,U型铝材,medium,截面像U形，口语形象叫法
1101-1,1101,黑色及有色金属 > 铝材 > 铝型材,material,等边等壁Z字型铝型材,Z字铝,high,形状简化叫法，采购清单中常见
1101-1,1101,黑色及有色金属 > 铝材 > 铝型材,material,等边等壁Z字型铝型材,Z型铝材,high,强调截面形状，口语常用
1101-1,1101,黑色及有色金属 > 铝材 > 铝型材,material,等边等壁工字型铝型材,工字铝,high,简称，施工现场极常用
1101-1,1101,黑色及有色金属 > 铝材 > 铝型材,material,等边等壁工字型铝型材,工型铝材,high,强调形状，采购口语中常见
1101-1,1101,黑色及有色金属 > 铝材 > 铝型材,material,等边等壁工字型铝型材,H型铝材,medium,截面形状与工字类似，有时混用
1101-1,1101,黑色及有色金属 > 铝材 > 铝型材,material,等边角铝型材,角铝,high,施工现场最常用简称
1101-1,1101,黑色及有色金属 > 铝材 > 铝型材,material,等边角铝型材,等边角铝,high,简称，省略型材二字
1101-1,1101,黑色及有色金属 > 铝材 > 铝型材,material,等边角铝型材,L型铝材,medium,截面像字母L，形象叫法
1099-1,1099,黑色及有色金属 > 铝材 > 铝棒材,material,挤压圆棒,铝圆棒,high,在采购中常直接以截面形状加材质称呼
1099-1,1099,黑色及有色金属 > 铝材 > 铝棒材,material,挤压圆棒,光身圆铝,medium,挤压铝棒未加工前的口语俗称
1099-1,1099,黑色及有色金属 > 铝材 > 铝棒材,material,挤压圆棒,挤压铝杆,medium,直径较小的铝圆棒常被称为铝杆
1099-1,1099,黑色及有色金属 > 铝材 > 铝棒材,material,挤压正六边形棒,铝六角棒,high,行业通用俗称，直接根据截面形状命名
1099-1,1099,黑色及有色金属 > 铝材 > 铝棒材,material,挤压正六边形棒,六角铝,high,材质加形状的简单口语叫法
1099-1,1099,黑色及有色金属 > 铝材 > 铝棒材,material,挤压正六边形棒,六棱铝棒,medium,施工现场根据几何形状的叫法
1099-1,1099,黑色及有色金属 > 铝材 > 铝棒材,material,挤压正方形棒,铝方棒,high,采购中截面为正方形的铝棒通用叫法
1099-1,1099,黑色及有色金属 > 铝材 > 铝棒材,material,挤压正方形棒,方铝,high,材质加形状的简洁俗称
1099-1,1099,黑色及有色金属 > 铝材 > 铝棒材,material,挤压长方形棒(扁棒),铝扁条,high,长方形截面铝棒在市场上的通用名称为铝扁条
1099-1,1099,黑色及有色金属 > 铝材 > 铝棒材,material,挤压长方形棒(扁棒),扁铝,high,行业广泛使用的材质形状合称
1099-1,1099,黑色及有色金属 > 铝材 > 铝棒材,material,挤压长方形棒(扁棒),铝排,medium,当截面较大且薄时，现场常叫铝排
1098-1,1098,黑色及有色金属 > 铝材 > 铝板（带）材,material,纯铝板,铝皮,high,施工现场对薄纯铝板的俗称，常用于防水、保温外包
1098-1,1098,黑色及有色金属 > 铝材 > 铝板（带）材,material,纯铝板,铝片,low,部分语境下可指代薄纯铝板，但易与铝片标准名混淆
1098-1,1098,黑色及有色金属 > 铝材 > 铝板（带）材,material,铝及铝合金压型板,瓦楞铝板,high,因压制成瓦楞形状，现场常称为瓦楞铝板
1098-1,1098,黑色及有色金属 > 铝材 > 铝板（带）材,material,铝及铝合金压型板,压型铝板,medium,材料名的简称
1098-1,1098,黑色及有色金属 > 铝材 > 铝板（带）材,material,铝及铝合金花纹板,花铝板,medium,花纹铝板的简称
1098-1,1098,黑色及有色金属 > 铝材 > 铝板（带）材,material,铝及铝合金花纹板,防滑铝板,high,因其主要功能是防滑，采购和现场多以此称呼
1098-1,1098,黑色及有色金属 > 铝材 > 铝板（带）材,material,铝合金条板,铝扣板,high,吊顶用的铝合金条板在施工中统称铝扣板
1098-1,1098,黑色及有色金属 > 铝材 > 铝板（带）材,material,铝合金条板,铝条扣,medium,条板类铝扣板的行业简称
1098-1,1098,黑色及有色金属 > 铝材 > 铝板（带）材,material,铝合金波纹板,波纹铝板,medium,材料名的语序调整，现场常用
1098-1,1098,黑色及有色金属 > 铝材 > 铝板（带）材,material,铝带,铝卷,high,铝带通常成卷供应，故称铝卷
1098-1,1098,黑色及有色金属 > 铝材 > 铝板（带）材,material,铝带,铝卷带,medium,强调卷状形态
1098-1,1098,黑色及有色金属 > 铝材 > 铝板（带）材,material,铝板,铝平板,medium,区别于花纹板、波纹板等，强调平板形态
1098-1,1098,黑色及有色金属 > 铝材 > 铝板（带）材,material,铝箔板,铝箔,high,行业通称，铝箔板通常直接称为铝箔
1100-1,1100,黑色及有色金属 > 铝材 > 铝线材,category,铝线材,铝丝,high,铝线材在施工现场和采购口语中常统称为铝丝
1100-1,1100,黑色及有色金属 > 铝材 > 铝线材,material,导电用铝线材,铝导线,high,强调导电用途时的行业俗称
1100-1,1100,黑色及有色金属 > 铝材 > 铝线材,material,导电用铝线材,导电铝线,medium,导电用铝线材的简称
1100-1,1100,黑色及有色金属 > 铝材 > 铝线材,material,焊条用铝及铝线材,铝焊条线,medium,制作焊条用的铝线材口语叫法
1100-1,1100,黑色及有色金属 > 铝材 > 铝线材,material,焊条用铝及铝线材,铝焊丝,high,用于焊接的铝线材常被直接称为铝焊丝，尤其在气保焊领域
1100-1,1100,黑色及有色金属 > 铝材 > 铝线材,material,铆钉用铝及铝线材,铝铆钉线,high,铆钉用铝线材的行业简称
1100-1,1100,黑色及有色金属 > 铝材 > 铝线材,material,铝绑线,铝扎线,high,用于绑扎固定的铝线，常称扎线
1100-1,1100,黑色及有色金属 > 铝材 > 铝线材,material,铝绑线,铝绑扎线,medium,全称略作的口语叫法
15-1,15,黑色及有色金属 > 建筑钢材 > 钢筋,category,钢筋,螺纹钢,high,螺纹钢是带肋钢筋的统称，在采购语境中常作为多个抗震/非抗震螺纹钢的上位替代称呼，无法精确对应到某一具体牌号
15-1,15,黑色及有色金属 > 建筑钢材 > 钢筋,category,钢筋,盘螺,high,盘螺是盘卷状热轧带肋钢筋的统称，工地常直接用于指代各类盘螺，但不特定指一级、三级等具体级别
15-1,15,黑色及有色金属 > 建筑钢材 > 钢筋,category,钢筋,线材,medium,线材通常指盘条，包括普线和高线，在某些工地口语中也可能泛称盘螺，指向模糊
15-1,15,黑色及有色金属 > 建筑钢材 > 钢筋,category,钢筋,高线,medium,高速线材的简称，虽然主要对应普线/盘螺，但现场有时混用，作为分类别名更合适
15-1,15,黑色及有色金属 > 建筑钢材 > 钢筋,material,一级抗震盘螺,抗震盘螺,medium,施工现场口语简称为抗震盘螺，不区分具体级别时常用，但严格来说也泛指其他级别
15-1,15,黑色及有色金属 > 建筑钢材 > 钢筋,material,一级抗震盘螺,HRB400E盘螺,high,一级抗震钢筋对应牌号为HRB400E，材质加形态的称呼
15-1,15,黑色及有色金属 > 建筑钢材 > 钢筋,material,一级抗震盘螺,四级抗震盘螺,low,部分地区或旧标准语境中，HRB400E被称为四级抗震
15-1,15,黑色及有色金属 > 建筑钢材 > 钢筋,material,一级抗震螺纹钢,抗震螺纹钢,medium,施工现场口语简化，省去级别
15-1,15,黑色及有色金属 > 建筑钢材 > 钢筋,material,一级抗震螺纹钢,HRB400E螺纹钢,high,一级抗震钢筋对应HRB400E，直呼牌号加形态
15-1,15,黑色及有色金属 > 建筑钢材 > 钢筋,material,一级抗震螺纹钢,四级抗震螺纹钢,low,部分市场将400E称为四级抗震
15-1,15,黑色及有色金属 > 建筑钢材 > 钢筋,material,一级盘螺,普通盘螺,medium,相对于抗震盘螺，一级盘螺通常指非抗震，口语常称普通盘螺
15-1,15,黑色及有色金属 > 建筑钢材 > 钢筋,material,一级盘螺,HRB400盘螺,high,一级非抗震盘螺通常对应牌号HRB400
15-1,15,黑色及有色金属 > 建筑钢材 > 钢筋,material,一级螺纹钢,HRB400螺纹钢,high,一级非抗震螺纹钢国标牌号HRB400
15-1,15,黑色及有色金属 > 建筑钢材 > 钢筋,material,一级螺纹钢,老三级螺纹钢,high,在新国标调整前，HRB400被称为三级螺纹钢，现作为俗称保留
15-1,15,黑色及有色金属 > 建筑钢材 > 钢筋,material,一级螺纹钢,三级螺纹钢,medium,HRB335淘汰后，HRB400常被直接称为三级钢
15-1,15,黑色及有色金属 > 建筑钢材 > 钢筋,material,三级抗震盘螺,HRB500E盘螺,high,三级抗震钢筋在现行标准中通常对应HRB500E
15-1,15,黑色及有色金属 > 建筑钢材 > 钢筋,material,三级抗震盘螺,抗震盘螺,low,口语泛指，但在特定项目采购清单中可明确指代三级抗震
15-1,15,黑色及有色金属 > 建筑钢材 > 钢筋,material,三级抗震螺纹,抗震螺纹钢,medium,口语简称，省去级别
15-1,15,黑色及有色金属 > 建筑钢材 > 钢筋,material,三级抗震螺纹,HRB500E螺纹钢,high,三级抗震钢筋对应牌号HRB500E
15-1,15,黑色及有色金属 > 建筑钢材 > 钢筋,material,三级抗震螺纹钢,HRB500E螺纹钢,high,牌号加形态
15-1,15,黑色及有色金属 > 建筑钢材 > 钢筋,material,三级抗震螺纹钢,五级抗震螺纹钢,low,部分地区或旧标准将500E称为五级抗震
15-1,15,黑色及有色金属 > 建筑钢材 > 钢筋,material,三级盘螺,HRB500盘螺,high,三级非抗震盘螺通常对应牌号HRB500
15-1,15,黑色及有色金属 > 建筑钢材 > 钢筋,material,三级螺纹钢,HRB500螺纹钢,high,三级螺纹钢国标牌号为HRB500
15-1,15,黑色及有色金属 > 建筑钢材 > 钢筋,material,三级螺纹钢,四级螺纹钢,low,部分历史或地方标准中500MPa级被称为四级钢
15-1,15,黑色及有色金属 > 建筑钢材 > 钢筋,material,二级抗震盘螺,HRBF400E盘螺,high,二级抗震盘螺通常对应细晶粒抗震钢筋HRBF400E
15-1,15,黑色及有色金属 > 建筑钢材 > 钢筋,material,二级抗震螺纹钢,HRBF400E螺纹钢,high,二级抗震螺纹钢对应HRBF400E牌号
15-1,15,黑色及有色金属 > 建筑钢材 > 钢筋,material,二级螺纹钢,HRB335螺纹钢,high,二级钢对应旧标准HRB335，虽已淘汰但在维修加固项目中仍有称呼
15-1,15,黑色及有色金属 > 建筑钢材 > 钢筋,material,二级螺纹钢,335螺纹钢,high,直接以屈服强度335称呼
15-1,15,黑色及有色金属 > 建筑钢材 > 钢筋,material,二级螺纹钢,老二级螺纹钢,medium,区别于现行标准，加老字区分
15-1,15,黑色及有色金属 > 建筑钢材 > 钢筋,material,五级抗震螺纹钢,HRB600E螺纹钢,high,五级抗震螺纹钢对应牌号HRB600E
15-1,15,黑色及有色金属 > 建筑钢材 > 钢筋,material,四级抗震盘螺,HRB600E盘螺,high,四级抗震国标为600MPa级抗震钢筋
15-1,15,黑色及有色金属 > 建筑钢材 > 钢筋,material,四级抗震盘螺,600E盘螺,medium,屈服强度加抗震代号
15-1,15,黑色及有色金属 > 建筑钢材 > 钢筋,material,四级抗震螺纹钢,HRB600E螺纹钢,high,四级抗震螺纹钢对应HRB600E
15-1,15,黑色及有色金属 > 建筑钢材 > 钢筋,material,四级盘螺,HRB600盘螺,high,四级非抗震盘螺对应HRB600
15-1,15,黑色及有色金属 > 建筑钢材 > 钢筋,material,四级螺纹钢,HRB600螺纹钢,high,四级非抗震螺纹钢国标牌号HRB600
15-1,15,黑色及有色金属 > 建筑钢材 > 钢筋,material,普线,普碳钢线材,high,普通碳素钢线材的全称
15-1,15,黑色及有色金属 > 建筑钢材 > 钢筋,material,普线,Q235线材,high,普线通常对应牌号Q235
15-1,15,黑色及有色金属 > 建筑钢材 > 钢筋,material,普线,圆盘条,high,普线多为光圆盘条形式交货
15-1,15,黑色及有色金属 > 建筑钢材 > 钢筋,material,普线,直条,medium,部分普线以直条形式交货，口头叫直条
15-1,15,黑色及有色金属 > 建筑钢材 > 钢筋,material,玻璃纤维筋,玻璃钢钢筋,high,玻璃纤维增强聚合物筋材的俗称
15-1,15,黑色及有色金属 > 建筑钢材 > 钢筋,material,玻璃纤维筋,GFRP筋,high,玻璃纤维增强复合材料的英文缩写
15-1,15,黑色及有色金属 > 建筑钢材 > 钢筋,material,玻璃纤维筋,玻璃钢锚杆,medium,在边坡支护中作为锚杆使用时叫法
15-1,15,黑色及有色金属 > 建筑钢材 > 钢筋,material,玻璃纤维筋,非金属钢筋,medium,强调其非金属特性，工地口语
15-1,15,黑色及有色金属 > 建筑钢材 > 钢筋,material,精轧螺纹钢,精轧钢,high,精轧螺纹钢的简略叫法
15-1,15,黑色及有色金属 > 建筑钢材 > 钢筋,material,精轧螺纹钢,预应力钢筋,high,精轧螺纹钢主要用于预应力混凝土，现场常直接叫预应力钢筋
15-1,15,黑色及有色金属 > 建筑钢材 > 钢筋,material,精轧螺纹钢,高强螺纹钢筋,medium,强调其高强度特性
15-1,15,黑色及有色金属 > 建筑钢材 > 钢筋,material,精轧螺纹钢,PSB钢筋,high,精轧螺纹钢国标代号PSB
15-1,15,黑色及有色金属 > 建筑钢材 > 钢筋,material,精轧螺纹钢,牙条钢,medium,因螺纹连续通长像牙条
15-1,15,黑色及有色金属 > 建筑钢材 > 钢筋,material,高延性钢筋,抗震钢筋,high,高延性钢筋通常指满足抗震要求的带E钢筋
15-1,15,黑色及有色金属 > 建筑钢材 > 钢筋,material,高延性钢筋,带E钢筋,high,牌号后缀带E的钢筋泛称
1465-1,1465,龙骨、龙骨配件 > 龙骨 > 轻钢龙骨,material,吊顶轻钢龙骨,承载龙骨,high,吊顶轻钢龙骨中承受主要荷载的主龙骨，常见口语叫法
1465-1,1465,龙骨、龙骨配件 > 龙骨 > 轻钢龙骨,material,吊顶轻钢龙骨,覆面龙骨,high,吊顶轻钢龙骨中用于固定饰面板的次龙骨，常见口语叫法
1465-1,1465,龙骨、龙骨配件 > 龙骨 > 轻钢龙骨,material,吊顶轻钢龙骨,卡式龙骨,medium,吊顶轻钢龙骨的一种常见类型，施工现场口语
1465-1,1465,龙骨、龙骨配件 > 龙骨 > 轻钢龙骨,material,隔墙轻钢龙骨,竖龙骨,high,隔墙轻钢龙骨中的竖向构件，施工现场口语
1465-1,1465,龙骨、龙骨配件 > 龙骨 > 轻钢龙骨,material,隔墙轻钢龙骨,天地龙骨,high,隔墙轻钢龙骨中顶部和底部的横向龙骨，俗称
1465-1,1465,龙骨、龙骨配件 > 龙骨 > 轻钢龙骨,material,隔墙轻钢龙骨,穿心龙骨,medium,隔墙轻钢龙骨中贯穿竖龙骨的横向支撑，俗称
75-1,75,黑色及有色金属 > 铝材 > 铝合金建筑型材,category,铝合金建筑型材,铝建型,medium,铝合金建筑型材的简称
75-1,75,黑色及有色金属 > 铝材 > 铝合金建筑型材,category,铝合金建筑型材,铝合材,low,行业口语简称
75-1,75,黑色及有色金属 > 铝材 > 铝合金建筑型材,category,铝合金建筑型材,建筑铝材,high,俗称，泛指用于建筑的铝合金型材
75-1,75,黑色及有色金属 > 铝材 > 铝合金建筑型材,category,铝合金建筑型材,幕墙门窗料,medium,施工现场按主要用途的口语统称
75-1,75,黑色及有色金属 > 铝材 > 铝合金建筑型材,material,不等角铝合金型材,非等边型材,medium,行业别称
75-1,75,黑色及有色金属 > 铝材 > 铝合金建筑型材,material,不等角铝合金型材,不等边铝条,medium,施工现场口语
75-1,75,黑色及有色金属 > 铝材 > 铝合金建筑型材,material,共挤型材,复合共挤料,medium,强调一次挤出成型的复合结构
75-1,75,黑色及有色金属 > 铝材 > 铝合金建筑型材,material,断桥式铝合金型材,断桥铝,high,应用最广泛的俗称
75-1,75,黑色及有色金属 > 铝材 > 铝合金建筑型材,material,断桥式铝合金型材,隔热断桥,high,强调隔热功能的口语叫法
75-1,75,黑色及有色金属 > 铝材 > 铝合金建筑型材,material,断桥式铝合金型材,穿条料,medium,指代穿条式断桥铝
75-1,75,黑色及有色金属 > 铝材 > 铝合金建筑型材,material,普通幕墙铝合金型材,幕墙料,high,施工现场简称
75-1,75,黑色及有色金属 > 铝材 > 铝合金建筑型材,material,普通幕墙铝合金型材,明框料,medium,常用于明框幕墙的俗称
75-1,75,黑色及有色金属 > 铝材 > 铝合金建筑型材,material,普通门窗铝合金型材,门窗料,high,施工现场简称
75-1,75,黑色及有色金属 > 铝材 > 铝合金建筑型材,material,普通门窗铝合金型材,非断桥料,medium,与断桥铝区分时的现场叫法
75-1,75,黑色及有色金属 > 铝材 > 铝合金建筑型材,material,本白型材,素材,high,指未做表面处理的挤压坯料
75-1,75,黑色及有色金属 > 铝材 > 铝合金建筑型材,material,本白型材,白坯料,high,施工现场对未着色型材的俗称
75-1,75,黑色及有色金属 > 铝材 > 铝合金建筑型材,material,槽形铝合金型材,槽铝,high,行业惯用简称
75-1,75,黑色及有色金属 > 铝材 > 铝合金建筑型材,material,槽形铝合金型材,U型铝材,medium,依据截面形状的叫法
75-1,75,黑色及有色金属 > 铝材 > 铝合金建筑型材,material,注胶式隔热型材,注胶料,high,与穿条式断桥铝区分时的简略叫法
75-1,75,黑色及有色金属 > 铝材 > 铝合金建筑型材,material,注胶式隔热型材,浇注隔热型材,medium,行业内的工艺别称
75-1,75,黑色及有色金属 > 铝材 > 铝合金建筑型材,material,炫彩型材,氟碳喷涂料,medium,常指代具有金属光泽的氟碳喷涂产品
75-1,75,黑色及有色金属 > 铝材 > 铝合金建筑型材,material,炫彩型材,金属色型材,low,采购时对特殊光泽的描述叫法
75-1,75,黑色及有色金属 > 铝材 > 铝合金建筑型材,material,穿胶式隔热型材,穿条料,high,断桥铝中穿入隔热条的工艺俗称
75-1,75,黑色及有色金属 > 铝材 > 铝合金建筑型材,material,穿胶式隔热型材,穿条隔热型材,medium,全称的简化口语
75-1,75,黑色及有色金属 > 铝材 > 铝合金建筑型材,material,等角铝合金型材,等边铝条,medium,施工现场口语
75-1,75,黑色及有色金属 > 铝材 > 铝合金建筑型材,material,等角铝合金型材,等边角铝,high,行业惯用简称
75-1,75,黑色及有色金属 > 铝材 > 铝合金建筑型材,material,纹彩型材,转印木纹料,high,常指热转印木纹型材
75-1,75,黑色及有色金属 > 铝材 > 铝合金建筑型材,material,纹彩型材,木纹型材,high,施工现场对仿木纹产品的统称
75-1,75,黑色及有色金属 > 铝材 > 铝合金建筑型材,material,通用型材,常规料,medium,指代最常用的非定制型材
75-1,75,黑色及有色金属 > 铝材 > 铝合金建筑型材,material,通用型材,角码料,low,部分场景下角码等通用辅材的代称
75-1,75,黑色及有色金属 > 铝材 > 铝合金建筑型材,material,铝型材门片,门料片,medium,施工现场对门用扁通或门框料的俗称
75-1,75,黑色及有色金属 > 铝材 > 铝合金建筑型材,material,铝型材门片,铝门片,medium,针对卷帘门或简易门扇的型材叫法
1467-1,1467,龙骨、龙骨配件 > 龙骨 > 铝合金龙骨,category,铝合金龙骨,铝龙骨,high,铝合金龙骨的常见简称
1467-1,1467,龙骨、龙骨配件 > 龙骨 > 铝合金龙骨,material,凹槽铝合金龙骨,卡槽铝龙骨,high,因带凹槽用于卡扣式安装
1467-1,1467,龙骨、龙骨配件 > 龙骨 > 铝合金龙骨,material,凹槽铝合金龙骨,槽型铝龙骨,high,突出其带槽的结构特征
1467-1,1467,龙骨、龙骨配件 > 龙骨 > 铝合金龙骨,material,平面铝合金龙骨,平板铝龙骨,high,平面结构无槽的通俗叫法
1467-1,1467,龙骨、龙骨配件 > 龙骨 > 铝合金龙骨,material,平面铝合金龙骨,平铝条,medium,平面铝合金龙骨在简易平吊中的俗称
1469-1,1469,龙骨、龙骨配件 > 龙骨 > 烤漆龙骨,category,烤漆龙骨,烤漆龙,high,在采购和施工现场简略掉最后一个字的口语称呼
1469-1,1469,龙骨、龙骨配件 > 龙骨 > 烤漆龙骨,category,烤漆龙骨,装饰龙骨,medium,烤漆龙骨常用于可见装饰面，因此有此俗称
1469-1,1469,龙骨、龙骨配件 > 龙骨 > 烤漆龙骨,category,烤漆龙骨,明架龙骨,medium,烤漆龙骨常用于明架吊顶系统，以此代称
1469-1,1469,龙骨、龙骨配件 > 龙骨 > 烤漆龙骨,material,宽边烤漆龙骨,宽边骨,medium,施工现场对宽边烤漆龙骨的简略叫法
1469-1,1469,龙骨、龙骨配件 > 龙骨 > 烤漆龙骨,material,宽边烤漆龙骨,大T,high,在明架吊顶中宽边主龙骨外形像T，常被称为大T
1469-1,1469,龙骨、龙骨配件 > 龙骨 > 烤漆龙骨,material,平面凹槽烤漆龙骨,平面凹槽骨,medium,现场叫法习惯在特征后加骨字简略称呼
1469-1,1469,龙骨、龙骨配件 > 龙骨 > 烤漆龙骨,material,平面凹槽烤漆龙骨,凹槽板龙骨,low,指代其带有凹槽的特征
1469-1,1469,龙骨、龙骨配件 > 龙骨 > 烤漆龙骨,material,平面烤漆龙骨,平面骨,medium,施工现场对平面烤漆龙骨的简略叫法
1469-1,1469,龙骨、龙骨配件 > 龙骨 > 烤漆龙骨,material,平面烤漆龙骨,小平板,low,因其平面特征被现场工人俗称为小平板
1469-1,1469,龙骨、龙骨配件 > 龙骨 > 烤漆龙骨,material,槽型烤漆龙骨,槽型骨,medium,施工现场对带槽烤漆龙骨的简称
1469-1,1469,龙骨、龙骨配件 > 龙骨 > 烤漆龙骨,material,槽型烤漆龙骨,插片龙骨,low,部分槽型烤漆龙骨用于插接板材，故有此称
1469-1,1469,龙骨、龙骨配件 > 龙骨 > 烤漆龙骨,material,窄边烤漆龙骨,窄边骨,medium,施工现场对窄边烤漆龙骨的简略叫法
1469-1,1469,龙骨、龙骨配件 > 龙骨 > 烤漆龙骨,material,窄边烤漆龙骨,小T,high,在明架吊顶中窄边龙骨外形像T，尺寸较小，常被称为小T或副T
1469-1,1469,龙骨、龙骨配件 > 龙骨 > 烤漆龙骨,material,立体凹槽烤漆龙骨,立体凹槽骨,medium,现场工人在特征后加骨字进行简略称呼
1469-1,1469,龙骨、龙骨配件 > 龙骨 > 烤漆龙骨,material,立体凹槽烤漆龙骨,黑线龙骨,high,立体凹槽烤漆龙骨安装后的凹槽缝隙形成黑色线条，故有此俗称
1469-1,1469,龙骨、龙骨配件 > 龙骨 > 烤漆龙骨,material,立体凹槽烤漆龙骨,跌级龙骨,medium,其立体效果能产生跌级感，因此采购中有此叫法
1474-2,1474,龙骨、龙骨配件 > 龙骨配件 > 其他龙骨配件,material,固定件,固定码,medium,施工现场口语叫法
1474-2,1474,龙骨、龙骨配件 > 龙骨配件 > 其他龙骨配件,material,固定件,固定夹,medium,施工现场口语叫法
1474-2,1474,龙骨、龙骨配件 > 龙骨配件 > 其他龙骨配件,material,大固定件,大固定码,medium,施工现场口语叫法
1474-2,1474,龙骨、龙骨配件 > 龙骨配件 > 其他龙骨配件,material,小固定件,小固定码,medium,施工现场口语叫法
1474-2,1474,龙骨、龙骨配件 > 龙骨配件 > 其他龙骨配件,material,嵌条,压条,medium,装饰收口常用叫法
1474-2,1474,龙骨、龙骨配件 > 龙骨配件 > 其他龙骨配件,material,嵌条,收口条,medium,施工现场口语叫法
1474-2,1474,龙骨、龙骨配件 > 龙骨配件 > 其他龙骨配件,material,弹簧卡码,弹簧卡,high,简称
1474-2,1474,龙骨、龙骨配件 > 龙骨配件 > 其他龙骨配件,material,弹簧吊件,弹簧吊码,medium,施工现场口语叫法
1474-2,1474,龙骨、龙骨配件 > 龙骨配件 > 其他龙骨配件,material,护边,护角条,medium,用于保护边缘，常被称为护角
1474-2,1474,龙骨、龙骨配件 > 龙骨配件 > 其他龙骨配件,material,护边,阳角条,low,用于阳角保护时的叫法
1474-2,1474,龙骨、龙骨配件 > 龙骨配件 > 其他龙骨配件,material,接件,连接件,high,全称叫法
1474-2,1474,龙骨、龙骨配件 > 龙骨配件 > 其他龙骨配件,material,接件,接头,medium,施工现场口语叫法
1474-2,1474,龙骨、龙骨配件 > 龙骨配件 > 其他龙骨配件,material,插片,插接片,high,全称叫法
1474-2,1474,龙骨、龙骨配件 > 龙骨配件 > 其他龙骨配件,material,插片,连接片,medium,功能相近的泛称
1474-2,1474,龙骨、龙骨配件 > 龙骨配件 > 其他龙骨配件,material,支托,托架,medium,功能类似叫法
1474-2,1474,龙骨、龙骨配件 > 龙骨配件 > 其他龙骨配件,material,支托,支撑托,medium,全称叫法
1474-2,1474,龙骨、龙骨配件 > 龙骨配件 > 其他龙骨配件,material,支撑卡,支撑码,medium,施工现场口语叫法
1474-2,1474,龙骨、龙骨配件 > 龙骨配件 > 其他龙骨配件,material,检修孔,检修口,high,施工现场口语叫法
1474-2,1474,龙骨、龙骨配件 > 龙骨配件 > 其他龙骨配件,material,检修孔,人孔,low,较小尺寸的检修口常称人孔
1474-2,1474,龙骨、龙骨配件 > 龙骨配件 > 其他龙骨配件,material,次吊,副吊,medium,与主吊相对，副骨吊件
1474-2,1474,龙骨、龙骨配件 > 龙骨配件 > 其他龙骨配件,material,水平件,水平码,medium,施工现场口语叫法
1474-2,1474,龙骨、龙骨配件 > 龙骨配件 > 其他龙骨配件,material,角托,角托码,medium,施工现场口语叫法
1474-2,1474,龙骨、龙骨配件 > 龙骨配件 > 其他龙骨配件,material,铝角,铝角码,high,施工现场口语叫法
1474-2,1474,龙骨、龙骨配件 > 龙骨配件 > 其他龙骨配件,material,铝角,角铝,high,型材形式叫法
1474-2,1474,龙骨、龙骨配件 > 龙骨配件 > 其他龙骨配件,material,铝镁锰板支座,铝合金支座,high,行业泛称
1474-2,1474,龙骨、龙骨配件 > 龙骨配件 > 其他龙骨配件,material,铝镁锰板支座,T码,medium,特定形状支座俗称
1474-1,1474,龙骨、龙骨配件 > 龙骨配件 > 其他龙骨配件,category,其他龙骨配件,吊顶配件,high,此类配件多用于吊顶系统，采购和施工中常统称
1474-1,1474,龙骨、龙骨配件 > 龙骨配件 > 其他龙骨配件,category,其他龙骨配件,龙骨小件,medium,相对于龙骨主材，配件类被称为小件
1474-1,1474,龙骨、龙骨配件 > 龙骨配件 > 其他龙骨配件,material,上人吊件,上人吊码,medium,吊件在部分地区口语称吊码
1474-1,1474,龙骨、龙骨配件 > 龙骨配件 > 其他龙骨配件,material,上人吊杆,上人丝杆,high,全牙螺杆称为丝杆
1474-1,1474,龙骨、龙骨配件 > 龙骨配件 > 其他龙骨配件,material,上人吊杆,上人通丝,medium,全牙螺杆亦称通丝
1474-1,1474,龙骨、龙骨配件 > 龙骨配件 > 其他龙骨配件,material,上人连接件,上人接长件,low,用于接长龙骨
1474-1,1474,龙骨、龙骨配件 > 龙骨配件 > 其他龙骨配件,material,主吊,大吊,high,主龙骨通常称大龙骨，其吊件称大吊
1474-1,1474,龙骨、龙骨配件 > 龙骨配件 > 其他龙骨配件,material,主吊,主龙骨吊件,low,主吊的全称
1474-1,1474,龙骨、龙骨配件 > 龙骨配件 > 其他龙骨配件,material,主接,大接,high,大龙骨的接长件
1474-1,1474,龙骨、龙骨配件 > 龙骨配件 > 其他龙骨配件,material,主接,主龙骨接长件,low,功能描述性叫法
1474-1,1474,龙骨、龙骨配件 > 龙骨配件 > 其他龙骨配件,material,主接件,大接,high,同主接，大龙骨的接长件
1474-1,1474,龙骨、龙骨配件 > 龙骨配件 > 其他龙骨配件,material,主接件,主龙骨连接件,low,全称
1474-1,1474,龙骨、龙骨配件 > 龙骨配件 > 其他龙骨配件,material,付接,副接,medium,付通副，规范写法
1474-1,1474,龙骨、龙骨配件 > 龙骨配件 > 其他龙骨配件,material,副吊,小吊,high,副龙骨又称小龙骨，吊件称小吊
1474-1,1474,龙骨、龙骨配件 > 龙骨配件 > 其他龙骨配件,material,副接件,小接,high,小龙骨的接长件
1474-1,1474,龙骨、龙骨配件 > 龙骨配件 > 其他龙骨配件,material,副接件,副龙骨连接件,low,全称
1474-1,1474,龙骨、龙骨配件 > 龙骨配件 > 其他龙骨配件,material,十字连接件,十字接,high,简称
1474-1,1474,龙骨、龙骨配件 > 龙骨配件 > 其他龙骨配件,material,十字连接件,四向接,low,连接四个方向
1474-1,1474,龙骨、龙骨配件 > 龙骨配件 > 其他龙骨配件,material,卡托,托架,low,功能类似托架
1474-1,1474,龙骨、龙骨配件 > 龙骨配件 > 其他龙骨配件,material,吊件,吊码,medium,地方性叫法
1474-1,1474,龙骨、龙骨配件 > 龙骨配件 > 其他龙骨配件,material,吊勾,吊钩,low,勾通钩
1474-1,1474,龙骨、龙骨配件 > 龙骨配件 > 其他龙骨配件,material,吊筋,丝杆,high,吊筋多为全牙螺杆
1474-1,1474,龙骨、龙骨配件 > 龙骨配件 > 其他龙骨配件,material,吊筋,吊杆,high,功能性叫法
1474-1,1474,龙骨、龙骨配件 > 龙骨配件 > 其他龙骨配件,material,吊筋,通丝吊杆,medium,全称
