末级分类ID,一级分类,二级分类,末级分类名称,分类路径,材料数量,别称数量,材料名称列表
191,五金制品,其他五金,其他五金,五金制品 > 其他五金 > 其他五金,22,0,万向吊环、丝杆、刺绳、卡头、吊钩、尖齿链条、普通窗钩、滚子链条、滚珠螺杆、灯钩、牙条、碰珠、粗型窗钩、线性滑轨、羊眼、自钻丝套头、自钻丝防水帽、钢字码、钢球、铁丁字、铁三角、销轴链
1155,五金制品,其他五金,网、纱、布,五金制品 > 其他五金 > 网、纱、布,36,2,不锈钢纱网、冲孔网、刺线、塑料窗纱、安全网、密目网、尼龙防护网、挡叶网、无纺布、浸塑隔离网、滤布、爬架网、玻纤布、玻纤网、电焊网、盖土网、石笼网、纤维布、网格布、耐碱网格布、聚氨酯网、聚氯乙烯网、自粘网、遮阳网、钢丝网、钢板网、钢笆网、钢筋网、铁丝网、铜丝布、防坠集污网、防尘网、防护网、防虫网、隔离网、雷诺护垫
165,五金制品,其他五金,轴承,五金制品 > 其他五金 > 轴承,2,0,滑动轴承、滚动轴承
1158,五金制品,其他五金,钢筋接头、锚具及钢筋保护帽,五金制品 > 其他五金 > 钢筋接头、锚具及钢筋保护帽,24,0,BM型扁形锚具、DM型镦头锚具、EL型锥形螺杆锚具、FIM型夹片式锚具、GE型钢质锥形锚具、JM型单孔夹片式锚具、LM型螺丝端杆锚具、LVM型楔片式锚具、P型锚具、XM15型楔片式锚具、冷挤压钢筋接头、半灌浆套筒、变径螺纹套筒、多孔锚具、帮条锚具、支承式锚具、正反丝螺纹套筒、滚轧直螺纹钢筋接头、灌浆套筒、直螺纹套筒、锚具、锚栓、锥螺纹钢筋接头、镦粗直螺纹接头
1156,五金制品,其他五金,铁丝,五金制品 > 其他五金 > 铁丝,3,2,火烧丝、镀锌铁丝、黑铁丝
1157,五金制品,其他五金,铁件,五金制品 > 其他五金 > 铁件,6,0,平垫铁、斜垫铁、铁片、铸铁铁件、镀锌铁件、预埋铁件
56,五金制品,家具五金,家具五金,五金制品 > 家具五金 > 家具五金,0,0,
36,五金制品,水暖及卫浴五金,水暖及卫浴五金,五金制品 > 水暖及卫浴五金 > 水暖及卫浴五金,238,0,P型存水弯、P型带检查口存水弯、S型存水弯、S型带检查口存水弯、U型存水弯、U型带检查口存水弯、V型存水弯、Y型存水弯、一体化感应大便冲洗阀、一体化感应小便冲洗阀、下水口、下水器、下水管、不锈钢厕刷架、不锈钢水槽、不锈钢电镀加密伸缩、不锈钢电镀加密管、侧出地漏、储物篮、光亮银灰管、入墙式浴缸龙头、八字阀、冲洗管、净身盆铜活、切换阀、化妆架、化验盆托架、化验龙头、升降淋浴器、单阀淋浴器、卫生纸架、卷纸器、厕刷架、厨房龙头、双层玻璃台、双层玻璃架、双阀淋浴器、台式浴缸龙头、吹风机架、喇叭地漏、喷水鸭咀(铜镀铬)、圆底存水弯、地拖盆、地漏扣盅、地漏篦子、坐便椅、坐厕接头、埋墙本体、塑料水龙头、壁式淋浴器、大便器接口、大便器连接件、大便感应器、大便连接器、天面地漏、妇洗器支架、妇洗龙头、存水弯、存水弯铜锌铬、安全扶手、小便器下水管、小便器手动式配件、小便器排水栓、小便器红外感应式配件、小便器自闭式配件、小便器连接件、小便感应器、小拉手、带扶手的肥皂盘(盒)、带检查口存水弯、带水封地漏、带烟灰缸卷纸器、带烟灰缸手纸盒、带网银灰管、座便下水管(铜)、座便器辅助器、座厕刷架、延时自闭式大便冲洗阀、延时自闭式小便冲洗阀、延时自闭龙头、弹跳去水器、恒温阀、感应式冲水器、感应式开关、感应淋浴器、户外饮水台(盆)、手柄式冲洗阀、手纸盒、拉提开关、拖把架、挂墙式浴缸龙头、挂钩、按键式冲洗阀、挡水条、排水配件、控制阀、方形地漏、方管检查口、旋转开关、旋钮式冲洗阀、普通地漏、普通式龙头、普通淋浴器、晾衣架、晾衣绳、暗装基座、暗装易用盒、木扶手双帘卷纸器、杯架、橱柜水槽架、毛巾杆单杆、毛巾杆双杆、毛巾架、毛巾环、水箱支架、水箱浮球阀、水箱配件、水箱面板、洗发盆铜活、洗涤盆托架、洗脸盆托架、洗脸盆排水配件、洗脸盆支架、洗衣机地漏、洗衣机龙头、浴室夹、浴室拉手、浴室烟灰缸、浴巾架、浴巾环、浴帘、浴帘杆、浴帘环、浴盆排水配件、浴缸头枕、浴缸扶手、浴缸拉手、浴缸排水器、浴缸排水栓、浴缸排水连接件、浴缸柱脚、浴缸龙头外饰、淋浴凳、淋浴喷头、淋浴底盆、淋浴房底座、淋浴房折叠椅、淋浴房玻璃夹、淋浴房角码、淋浴房连接件、淋浴房连杆、淋浴房门拉手、淋浴柱、淋浴椅、淋浴洗眼器、淋浴管、淋浴龙头、淋浴龙头外饰、混合开关、混水台盆阀门、混水阀、清扫口、滤水篮、烟灰缸、热式水龙头、热水器接头、牙刷口杯架、牙刷架、牙刷玻璃杯架、独立式浴缸龙头、玻璃支托、瓷低水箱配件、瓷高水箱配件、电子坐便盖、电子自动感应龙头、皂液器、盲板式立检口、直通阀、石材台面托架、立管检查口、组合牙刷架、给水口、绳钟、编制软管、编织管、网架、网框地漏、置物台、翻板去水器、肘式开关、肥皂架、肥皂盒、脚踏式冲洗阀、脚踏淋浴器、脸盆接头、脸盆配件、自混式淋浴器、花洒座、花洒托架、花洒接头、花洒接管、花洒支架、花洒滑竿、花洒臂、花洒臂组、花洒软管、花洒软管升降杆、花洒面板、落地式浴缸龙头、衣帽钩、衣挂单钩、衣挂双钩、角型阀、角码、蹲便冲洗管、蹲厕不锈钢L冲洗管、蹲厕直螺纹管、转角台、软管、进水软管、锁闭水龙头、防涸地漏、防臭地漏、防臭阀、防返溢地漏、阻尼便盖、隐蔽式水箱面板、隐藏水箱机架、隐藏水箱面板、面盆排水管、面盆龙头、马桶刷、马桶刷杯托、马桶配件、高仪管、高箱冲洗管(铜)、龙头下水管、龙头配件
1153,五金制品,涂附磨具与磨料,涂附磨具与磨料,五金制品 > 涂附磨具与磨料 > 涂附磨具与磨料,34,0,60度磨头5306、不锈钢拉丝布、切割砂轮、半球形磨头5302、单斜边砂轮、双斜边砂轮、圆头锥磨头5307、圆形磨头、圆柱磨头5301、平行砂轮、弹性磨盘、截锥磨头5304、普通磨料、木砂纸、杯形砂轮、油石、球形磨头5303、百洁布、百页砂轮、砂布、砂瓦、砂盘、砂磨气动工具、砂磨电动工具、碗型砂轮、磨片、磨砂布、磨砂纸、筒形砂轮、耐水砂纸、角磨片、金相砂纸、钹形砂轮、锥圆面磨头5305
1154,五金制品,焊材,焊材,五金制品 > 焊材 > 焊材,60,0,不锈钢气体焊丝、不锈钢焊粉、不锈钢电焊条、不锈钢药芯焊丝、低合金钢气焊焊丝、低合金钢焊条、低合金钢药芯焊丝、埋弧焊丝、堆焊电焊条、塑料焊条、干式焊剂、无机软焊剂、有机软焊剂、气体钎剂、氩弧焊丝、液态焊剂、焊条、焊锡丝、焊锡膏、硼砂焊剂、硼酸焊剂、碳钢气焊焊丝、碳钢焊条、碳钢药芯焊丝、磷铜焊条、管道焊接专用焊条、耐热钢焊粉、钛氩弧焊丝、钛用焊剂、铂K焊条、铅及铅合金焊丝、铅银钎料、铜及铜合金焊丝、铜及铜合金焊条、铜基钎料、铜焊粉、铝及铝合金焊丝、铝及铝合金焊条、铝基钎料、铝焊粉、铝用硬钎剂、铝用软钎剂、铝硅合金焊丝、铝镁合金焊丝、银基钎料、银钎熔剂、银锡合金焊丝、银锡合金焊条、铸铁焊丝、铸铁焊粉、铸铁电焊条、锌银钎料、锡条、锡铅合金焊丝、锡铅合金焊条、锡铅钎料、镁用焊剂、镉银钎料、镍及镍合金焊条、镍基钎料
164,五金制品,紧固件,紧固件,五金制品 > 紧固件 > 紧固件,93,0,L型螺栓、T型螺栓、U型螺栓、三角销、保温墙体铆钉、保温钉、六角螺母、分体钉、剪力钉、化学螺栓、半圆头铆钉、半圆键、单头穿钉、单头螺柱、卡钉、双头穿钉、双头螺柱、双头螺栓、吊环螺钉、圆形垫圈、圆柱销、圆螺母、圆钉、圆锥销、地脚螺栓、墙板钉、孔用弹性档圈、孔用钢丝挡圈、定位螺钉、对拉螺栓、射钉、山型螺母、平垫圈、平头铆钉、平键、开口销、开槽螺母、弹簧垫圈、快拆螺栓、扁头钉、扒钉、扣钉、抗震螺栓、抽芯铆钉、拉铆钉、方垫圈、方斜垫圈、普通螺栓、木螺钉、枪钉、标牌铆钉、栓钉、橡皮钉、水泥钉、汽钉、油毡钉、法兰螺栓、法兰螺母、泡钉、活节螺栓、涨钉、焊钉、爪钉、瓦楞钉、盖形螺母、直钉、码钉、空心铆钉、穿墙螺栓、粗制方螺母、紧定螺钉、膨胀螺栓、自攻螺钉、花篮螺栓、蝶形螺栓、蝶形螺母、螺母、螺钉、轴用弹性档圈、轴用钢丝挡圈、连体钉、钢排钉、钻尾丝、销轴、锁紧垫圈、锁紧挡圈、锁紧螺母、镜钉、防滑铁钉、马蹄螺栓、骑马钉(U型钉)、高强螺栓、鱼眼垫
68,五金制品,门窗及幕墙五金,幕墙五金,五金制品 > 门窗及幕墙五金 > 幕墙五金,32,0,全玻幕墙、加力撑、单元式幕墙、双板立柱、固定端、幕墙桁架支座钢板、拉杆、拉杆锁头、拉索、支撑杆、明框玻璃幕墙、构件式幕墙、点支式幕墙、玻璃吊夹、玻璃吊夹系统、玻璃幕墙、玻璃幕墙板、调节端、转接件、过索夹具、金属幕墙板、铝合金幕墙、铝塑板幕墙、铝板幕墙、锁头、锚固、陶瓷幕墙、隐框玻璃幕墙、预埋板、驳接头、驳接杆、驳接爪
76,五金制品,门窗及幕墙五金,门窗五金,五金制品 > 门窗及幕墙五金 > 门窗五金,84,0,传动器、传动杆、分体锁、剪力锁、半圆锁、半月锁、单锁、单门磁力锁、单面条锁、卷闸门锁、合页(铰链)、地吸、地轴、地锁、垫块、塑钢锁、外装门锁、密码锁、弹子锁、弹珠门锁、扣盖、执手锁、抽屉锁、拉手/执手、拉手锁、拉环/按钮、拉环锁、挂锁、指纹锁、推拉锁、推杆锁、插销、支撑块、智能锁、暗铰链、月牙锁、条锁、柜锁、橱窗锁、浴室锁、滑撑、玻璃门锁、球形锁、电子密码锁、电控锁、电磁吸力锁、碰锁、磁力锁、磁卡门锁、移门锁、窗锁、管井锁、纯铜锁、舌锁、设备锁、趟门锁、逃生锁、酒店锁、铜锁、锁体、锁块、锁座、锁扣板、锁点、锁盒、锁芯、门吸、门夹、门定位器、门锁、门阻、门顶、闭门器反装板、防尘筒、防火锁、防盗扣、防盗眼、防盗链、防盗锁、阳极锁、阴极锁、静音电机锁、顺位器、风撑
1502,人防工程设备,人防阀门及地漏,人防密闭阀,人防工程设备 > 人防阀门及地漏 > 人防密闭阀,2,5,手动密闭阀、手电动密闭阀
1504,人防工程设备,人防阀门及地漏,人防插板阀,人防工程设备 > 人防阀门及地漏 > 人防插板阀,2,0,手动插板阀、电动插板阀
1509,人防工程设备,人防阀门及地漏,其他人防阀门,人防工程设备 > 人防阀门及地漏 > 其他人防阀门,0,0,
1507,人防工程设备,人防阀门及地漏,换气堵头,人防工程设备 > 人防阀门及地漏 > 换气堵头,0,0,
1506,人防工程设备,人防阀门及地漏,排气阀门,人防工程设备 > 人防阀门及地漏 > 排气阀门,0,0,
1508,人防工程设备,人防阀门及地漏,防爆地漏,人防工程设备 > 人防阀门及地漏 > 防爆地漏,0,0,
1503,人防工程设备,人防阀门及地漏,防爆波闸阀,人防工程设备 > 人防阀门及地漏 > 防爆波闸阀,0,0,
1505,人防工程设备,人防阀门及地漏,防爆超压排气活门,人防工程设备 > 人防阀门及地漏 > 防爆超压排气活门,0,0,
1501,人防工程设备,人防防化设备,其他防化设备,人防工程设备 > 人防防化设备 > 其他防化设备,0,0,
1500,人防工程设备,人防防化设备,战时通风设备,人防工程设备 > 人防防化设备 > 战时通风设备,0,0,
1499,人防工程设备,人防防化设备,滤毒与净化设备,人防工程设备 > 人防防化设备 > 滤毒与净化设备,0,0,
1498,人防工程设备,人防防化设备,防化报警、监测与控制设备,人防工程设备 > 人防防化设备 > 防化报警、监测与控制设备,0,0,
1496,人防工程设备,人防防护设备,人防封堵板,人防工程设备 > 人防防护设备 > 人防封堵板,0,0,
78,人防工程设备,人防防护设备,人防门,人防工程设备 > 人防防护设备 > 人防门,37,0,坡道内开式防护密闭门、密闭屏蔽门、密闭门、封堵板、悬板式防爆波活门、活门槛密闭门、活门槛防护密闭门、混凝土密闭门、电控密闭门、电解板门、胶管式防爆波活门、钢筋混凝土坡道内开式防护密闭门、钢筋混凝土密闭门、钢筋混凝土平开挡板、钢筋混凝土悬板式防爆波活门、钢筋混凝土悬板活门、钢筋混凝土死门槛密闭门、钢筋混凝土活门槛密闭门、钢筋混凝土活门槛防护密闭门、钢筋混凝土防护密闭门、钢筋混凝土防护防火密闭门、钢筋混凝土降落式防护密闭门、钢筋混凝土隔断门、钢结构密闭门、钢结构悬板活门、钢结构活门槛双扇防护密闭门、钢结构活门槛密闭门、钢结构活门槛防护密闭门、钢结构防护密闭门、钢结构防火密闭门、钢质活门槛防护密闭门、防护密闭屏蔽门、防护密闭门、防护防火密闭门、防爆波活门、降落式密闭门、降落式防护密闭门
1497,人防工程设备,人防防护设备,其他防护设备,人防工程设备 > 人防防护设备 > 其他防护设备,0,0,
1495,人防工程设备,人防防护设备,密闭观察窗,人防工程设备 > 人防防护设备 > 密闭观察窗,0,0,
1718,仿古建筑材料,其他仿古材料,仿古油饰、彩绘材料,仿古建筑材料 > 其他仿古材料 > 仿古油饰、彩绘材料,10,0,仿古壁画、墨汁、画笔、砖灰、精梳麻、血料、钛金粉、银珠、面粉、颜料粉
141,仿古建筑材料,其他仿古材料,其他仿古材料,仿古建筑材料 > 其他仿古材料 > 其他仿古材料,8,0,仿古门窗、仿铜门、圭角、子牙楼、明间雀替、砖雕、窗花、金砖
1719,仿古建筑材料,其他仿古材料,裱糊材料,仿古建筑材料 > 其他仿古材料 > 裱糊材料,18,0,亚麻子油、保防纸、增感纸、幼麻筋(麻刀)、底部糊THY、油浸薄纸、油浸麻丝、油纸、油麻、滤油纸、粗麻筋、红钢纸、草纸、透明薄膜胶纸、道林纸、阳极糊THY、隔电纸、青壳纸
1717,仿古建筑材料,木制仿古材料,木制仿古材料,仿古建筑材料 > 木制仿古材料 > 木制仿古材料,3,0,木枋子、木桁条、木连机
1712,仿古建筑材料,琉璃仿古材料,其他琉璃仿古材料,仿古建筑材料 > 琉璃仿古材料 > 其他琉璃仿古材料,18,0,琉璃凤纹花窗、琉璃博缝板、琉璃博风、琉璃博风头、琉璃托山混、琉璃挂檐拐子、琉璃挂落、琉璃方圆柱、琉璃枕头木、琉璃栏杆、琉璃梁枋垫板、琉璃窗(小钱鼓窗)、琉璃竹节、琉璃群色条、琉璃花盆、琉璃花窗、琉璃霸王拳、琉璃龙纹花窗
1711,仿古建筑材料,琉璃仿古材料,琉璃人、兽材料,仿古建筑材料 > 琉璃仿古材料 > 琉璃人、兽材料,7,0,卷尾龙、宝塔、座佛、水缸宝顶、滚龙、花瓶宝顶、葫芦宝顶
1710,仿古建筑材料,琉璃仿古材料,琉璃瓦件,仿古建筑材料 > 琉璃仿古材料 > 琉璃瓦件,96,0,琉璃三通脊瓦、琉璃下角伴瓦、琉璃主瓦、琉璃二戗脊、琉璃二通脊瓦、琉璃勾头、琉璃半边光脊、琉璃半面脊、琉璃单片筒瓦、琉璃单线挡沟、琉璃博古吻、琉璃卷棚瓦、琉璃卷棚瓦筒、琉璃卷草翘、琉璃双线挡沟、琉璃右墙瓦、琉璃右平脊封头、琉璃右转角、琉璃右边釉瓦、琉璃合角吻、琉璃四通、琉璃四通脊瓦、琉璃回纹、琉璃垂头、琉璃型轻质波形瓦、琉璃大三星筒、琉璃孔雀翘角、琉璃寿头、琉璃小三通脊瓦、琉璃小尖角、琉璃尖翘角、琉璃左墙瓦、琉璃左平脊封头、琉璃左转通、琉璃左边釉瓦、琉璃平挡沟、琉璃平瓦、琉璃底瓦、琉璃弧形挡沟、琉璃弯腰筒瓦、琉璃披水瓦、琉璃挠角(卷尾)、琉璃挠角(普通形)、琉璃挡沟、琉璃斜挡沟、琉璃斜盾、琉璃斜脊堵头、琉璃斜脊封头、琉璃板瓦、琉璃檐口瓦、琉璃檐口转角、琉璃正当沟、琉璃正盾、琉璃正脊、琉璃正脊堵头、琉璃水仙翘角、琉璃沟瓦、琉璃满面片、琉璃满面瓦片、琉璃满面瓦筒、琉璃满面筒、琉璃滴水、琉璃滴珠板、琉璃瓦圈翘角、琉璃瓦滴水、琉璃瓦片、琉璃瓦筒、琉璃瓦脊(大三星)、琉璃瓦脊小三星、琉璃盖瓦、琉璃盘头、琉璃筒瓦、琉璃羊角翘、琉璃翘角、琉璃翘角(兽形)、琉璃脊瓦、琉璃脊瓦勾头、琉璃脊翘角、琉璃花栏脊瓦、琉璃花格脊云纹翘角、琉璃花格脊水仙翘、琉璃花格脊瓦、琉璃花格脊翘角、琉璃花脊、琉璃西班牙S瓦、琉璃西班牙水沟瓦、琉璃西班牙瓦、琉璃西班牙筒瓦、琉璃西班牙脊瓦、琉璃角翘瓦、琉璃连锁瓦、琉璃马蹄磉、琉璃鲤鱼翘角、琉璃龙案脊瓦、雀替、飞唇
1709,仿古建筑材料,琉璃仿古材料,琉璃砖,仿古建筑材料 > 琉璃仿古材料 > 琉璃砖,6,0,琉璃冰盘檐砖、琉璃梢子、戗檐、琉璃檐砖、琉璃直檐、琉璃花心、琉璃面砖
1716,仿古建筑材料,黏土仿古材料,其他黏土仿古材料,仿古建筑材料 > 黏土仿古材料 > 其他黏土仿古材料,12,0,印斗、平口条、戗檐、档沟、正博古、正档沟、瓦条、盘子、盘子砖、盘子花、透风、陡板
1715,仿古建筑材料,黏土仿古材料,黏土人、兽材料,仿古建筑材料 > 黏土仿古材料 > 黏土人、兽材料,110,0,七样仙人、七样兽角、七样列角撺头、七样列角趟头、七样垂兽、七样垂兽座、七样套兽、七样宝顶、七样岔兽、七样岔兽座、七样抱头狮子、七样撺头、七样背兽、七样螳螂、羊蹄、方眼勾头、七样走兽、七样趟头、九样仙人、九样兽角、九样列角撺头、九样列角趟头、九样垂兽、九样垂兽座、九样套兽、九样宝顶、九样岔兽、九样岔兽座、九样抱头狮子、九样撺头、九样背兽、九样螳螂、羊蹄、方眼勾头、九样走兽、九样趟头、二龙带珠、二龙戏珠、五样仙人、五样兽角、五样列角撺头、五样列角趟头、五样垂兽、五样垂兽座、五样套兽、五样宝顶、五样岔兽、五样岔兽座、五样抱头狮子、五样撺头、五样背兽、五样螳螂、羊蹄、方眼勾头、五样走兽、五样趟头、仙人走兽、八样仙人、八样兽角、八样列角撺头、八样列角趟头、八样垂兽、八样垂兽座、八样套兽、八样宝顶、八样岔兽、八样岔兽座、八样抱头狮子、八样撺头、八样背兽、八样螳螂、羊蹄、方眼勾头、八样走兽、八样趟头、八样闭口垂兽、六样仙人、六样兽角、六样列角撺头、六样列角趟头、六样垂兽、六样垂兽座、六样套兽、六样宝顶、六样岔兽、六样岔兽座、六样张口垂兽、六样抱头狮子、六样撺头、六样背兽、六样螳螂、羊蹄、方眼勾头、六样走兽、六样趟头、博凤头、双龙戏珠、四样兽角、四样垂兽、四样垂兽座、四样岔兽、四样岔兽座、四样抱头狮子、四样背兽、坐兽、大龙、天马、宝葫芦、宝顶底座、小五兽、小龙、岔兽、抱头狮子、海马、灯炮宝顶、独角兽、跑兽、马(小跑)、鱼吻、鱼尾兽
1714,仿古建筑材料,黏土仿古材料,黏土瓦件,仿古建筑材料 > 黏土仿古材料 > 黏土瓦件,314,21,S盾瓦、T瓦、七样三仙盘子、七样列角盘子、七样割角滴水、七样割角脊筒、七样勾头、七样博脊承奉连、七样博脊瓦、七样压当条、七样合角剑把、七样合角吻、七样吻下当沟、七样围脊筒、七样垂脊筒、七样岔脊筒、七样平口条、七样托泥当沟、七样承奉连、七样折腰、七样折腰、续折腰(板瓦)、七样披水、七样披水头、七样挂尖、七样搭头、戗尖、燕尾尖、七样斜当沟、七样板瓦、七样正(斜)方砚(房檐)、七样正当沟、七样正脊筒子、七样滴水、七样猫头、七样筒瓦、七样罗锅、续罗锅压当条、七样罗锅、续罗锅平口条、七样罗锅、续罗锅当沟、七样罗锅、续罗锅承奉连、七样罗锅、续罗锅披水、七样罗锅、续罗锅筒瓦、七样罗锅、续罗锅脊筒、七样群色条、七样蹬脚瓦、七样遮朽瓦、七样钉帽、七踩平身、七踩角科、三星脊、三踩平身<斗拱>、三踩角科、三通瓦、三通脊瓦、九样三仙盘子、九样列角盘子、九样割角滴水、九样割角脊筒、九样勾头、九样博脊承奉连、九样博脊瓦、九样压当条、九样吻下当沟、九样围脊筒、九样垂脊筒、九样岔脊筒、九样平口条、九样托泥当沟、九样承奉连、九样折腰、续折腰(板瓦)、九样披水、九样披水头、九样挂尖、九样搭头、戗尖、燕尾尖、九样斜当沟、九样板瓦、九样正(斜)方砚(房檐)、九样正当沟、九样正脊筒子、九样滴水、九样筒瓦、九样罗锅、续罗锅压当条、九样罗锅、续罗锅平口条、九样罗锅、续罗锅当沟、九样罗锅、续罗锅承奉连、九样罗锅、续罗锅披水、九样罗锅、续罗锅筒瓦、九样罗锅、续罗锅脊筒、九样群色条、九样蹬脚瓦、九样遮朽瓦、九样钉帽、五样割角滴水、五样割角脊筒、五样勾头、五样博脊承奉连、五样博脊瓦、五样压当条、五样合角剑把、五样合角吻、五样吻下当沟、五样围脊筒、五样垂脊筒、五样岔脊筒、五样平口条、五样托泥当沟、五样承奉连、五样折腰、续折腰(板瓦)、五样挂尖、五样搭头、戗尖、燕尾尖、五样斜当沟、五样板瓦、五样正(斜)方砚(房檐)、五样正当沟、五样正脊筒子、五样滴水、五样筒瓦、五样罗锅、续罗锅压当条、五样罗锅、续罗锅平口条、五样罗锅、续罗锅当沟、五样罗锅、续罗锅承奉连、五样罗锅、续罗锅筒瓦、五样罗锅、续罗锅脊筒、五样群色条、五样蹬脚瓦、五样遮朽瓦、五样钉帽、五踩平身、五踩角科、光脊瓦、八样三仙盘子、八样列角盘子、八样割角滴水、八样割角脊筒、八样勾头、八样博脊承奉连、八样博脊瓦、八样压当条、八样合角剑把、八样合角吻、八样吻下当沟、八样围脊筒、八样垂脊筒、八样岔脊筒、八样平口条、八样托泥当沟、八样承奉连、八样折腰、续折腰(板瓦)、八样披水、八样披水头、八样挂尖、八样搭头、戗尖、燕尾尖、八样斜当沟、八样板瓦、八样正(斜)方砚(房檐)、八样正当沟、八样正脊筒子、八样滴水、八样筒瓦、八样罗锅、续罗锅压当条、八样罗锅、续罗锅平口条、八样罗锅、续罗锅当沟、八样罗锅、续罗锅承奉连、八样罗锅、续罗锅披水、八样罗锅、续罗锅筒瓦、八样罗锅、续罗锅脊筒、八样群色条、八样蹬脚瓦、八样遮朽瓦、八样钉帽、六样三仙盘子、六样列角盘子、六样割角板瓦、六样割角滴水、六样割角脊筒、六样勾头、六样博脊承奉连、六样博脊瓦、六样压当条、六样合角剑把、六样合角吻、六样吻下当沟、六样围脊筒、六样垂脊筒、六样岔脊筒、六样平口条、六样托泥当沟、六样承奉连、六样折腰、续折腰(板瓦)、六样披水头、六样挂尖、六样搭头、戗尖、燕尾尖、六样斜当沟、六样板瓦、六样正(斜)方砚(房檐)、六样正当沟、六样正脊筒子、六样滴水、六样猫头、六样筒瓦、六样罗锅、续罗锅压当条、六样罗锅、续罗锅平口条、六样罗锅、续罗锅当沟、六样罗锅、续罗锅承奉连、六样罗锅、续罗锅披水、六样罗锅、续罗锅筒瓦、六样罗锅、续罗锅脊筒、六样群色条、六样蹬脚瓦、六样遮朽瓦、六样钉帽、切角鱼鳞瓦、勾头、十样板瓦、十样筒瓦、压制平瓦、右边袖瓦、合角吻、四通瓦、四通脊瓦、大S筒瓦、大尖翘角、大扁翘角、大波脊封、大波脊瓦、大波边瓦、大花翘角、小三星脊、小青瓦、屋脊瓦、弯片瓦、弯筒瓦、房脊、扭头滴水、折腰、折腰板瓦、折腰筒瓦、挑檐桁、挑角、挡沟、斜封、斜当沟、斜挡片、斜线盾形瓦、斜脊封头、斜脊收口、日式瓦、日式直角、日本瓦(丁瓦)、日本瓦瓦脊、机制压条、机制脊混、板瓦、模压琴瓦、檐瓦、正当沟、正挡片、正线盾形瓦、正罗锅、正脊收口、正负斜当沟、正身椽飞、汉代封头、汉式瓦、沟头、法式瓦、波纹瓦、滴水、猫头、瓦档、瓦片方盖、田园瓦、盾瓦、立体盘子、竹节瓦、筒头、筒瓦、筒脊、线条脊、罗锅扣脊瓦(七样)、罗锅扣脊瓦(九样)、罗锅扣脊瓦(五样)、罗锅扣脊瓦(八样)、罗锅扣脊瓦(六样)、罗锅瓦、翘角、翼角椽飞、脊封、脊瓦、花瓦、花脊、蝴蝶底瓦、蝴蝶斜沟瓦、蝴蝶滴水瓦、蝴蝶瓦底瓦(小青瓦)、蝴蝶瓦盖瓦(小青瓦)、蝴蝶瓦花边、蝴蝶盖瓦、蝴蝶花边瓦、螳螂勾头、西式S瓦、西式大波、西班牙瓦、西班牙瓦脊、角梁、辊压丽兰、辊压威尼斯、辊压琴式、辊压砚式、辊压阴阳、边封、边瓦、雌毛脊头、青瓦、青筒瓦、飞头、鱼鳞瓦
1713,仿古建筑材料,黏土仿古材料,黏土砖,仿古建筑材料 > 黏土仿古材料 > 黏土砖,62,22,七样三连砖、七样博脊连砖、七样满面砖、七样罗锅、续罗锅三连砖、万字砖、中墙砖、中条砖、九样三连砖、九样博脊连砖、九样满面砖、九样罗锅、续罗锅三连砖、二城砖、五样三连砖、五样博脊连砖、五样满面砖、五样罗锅、续罗锅三连砖、京砖、仿古地砖、免烧砖、八样三连砖、八样博脊连砖、八样满面砖、八样罗锅、续罗锅三连砖、六方砖、六样三连砖、六样博脊连砖、六样满面砖、六样罗锅、续罗锅三连砖、四方砖、四样满面砖、圆棱砖、地板砖、地趴子、城墙砖、墙砖、大亭泥砖、大停泥砖、大六角砖、大城样砖、大城砖、大开条砖、富贵砖、封火砖、小亭泥砖、小停泥砖、小六角砖、小条砖、尺七方砖、尺二方砖、尺四方砖、巴砖、手工砖、托盘砖、方砖、混砖、砍磨会、砍磨肖、花边斜坨砖、蓝四丁砖、蓝机砖、贴片砖、青砖
1724,体育休闲设施,康体健身设施,健身设施,体育休闲设施 > 康体健身设施 > 健身设施,18,0,三位单杠、三位弹振压腿器、三位扭腰器、三位漫步器、上肢牵引器、下腰训练器、健骑机、双杠、双柱四位蹬力训练器、双格肋木、天梯、太极推手器、滑梯、秋千、臂力训练器、落地漫步机、跑跳横木、跷跷板
91,体育休闲设施,康体健身设施,其他体育休闲设施,体育休闲设施 > 康体健身设施 > 其他体育休闲设施,16,23,发球器、发球盒、张拉膜、打位分隔器、拾球机、提手鱼护、洗球机、浮标、渔轮、球包架、球钉、钓鱼竿、钓鱼钩、钓鱼钩线、高尔夫球、高尔夫球打击垫
1721,体育休闲设施,康体健身设施,室内球馆设施,体育休闲设施 > 康体健身设施 > 室内球馆设施,28,29,乒乓球台、乒乓球网、乒乓球网架、仿液压篮球架、儿童篮球架、单臂拆装式篮球架、台球桌、固定篮球架、室外移动式篮球架、尼龙乒乓球网、尼龙排球网、手动升降篮球架、手动液压移动篮球架、排球柱、排球网、排球网柱、排球裁判椅、电动液压篮球架、篮球圈、篮球推车、篮球筐、篮球篮板、篮球网、羽毛球网、羽毛球网柱、羽毛球裁判椅、蜡线乒乓球网、计分器
1722,体育休闲设施,康体健身设施,室外球场设施,体育休闲设施 > 康体健身设施 > 室外球场设施,14,26,七人制足球门、五人制埋地式足球门、五人制移动式足球门、冰球球杆、室外乒乓球台、尼龙足球网、曲棍球球棍、曲棍球球门、球场围栏网、网球柱、网球网、网球裁判椅、蜡线足球网、足球门
1725,体育休闲设施,康体健身设施,攀岩设施,体育休闲设施 > 康体健身设施 > 攀岩设施,14,0,上升器、下降器、主绳、主锁、减速器、快挂、扁带、指力板、攀岩墙、攀岩架、滑车、钢丝锁紧销、钢锁、防滑粉袋
1723,体育休闲设施,康体健身设施,游泳馆设施,体育休闲设施 > 康体健身设施 > 游泳馆设施,5,9,婴儿泳池、婴儿游泳脖圈、游泳圈、游泳帽、游泳镜
1720,体育休闲设施,康体健身设施,田径设施,体育休闲设施 > 康体健身设施 > 田径设施,34,17,丙烯酸跑道、人造草坪、合金标枪、塑胶跑道、塑胶跑道起跑器、塑钢、铝合金道牙、撑杆跳插斗、撑杆跳高垫、撑杆跳高架、木制接力棒、标枪推车、橡皮泥起跳板、橡胶跑道、比赛跨栏架、比赛链球、田径场推水器、硅PU塑胶跑道、简易跳高架、聚脲跑道、训练跨栏架、起跳板、足球场铺装材料、跳高垫底座、铁饼推车、铅球、铅球回送器、铅球投掷圈、铅球抵趾板、铅球推车、铝合金接力棒、铝合金跳高架、铝饼、链球护笼、链球推车
1727,体育休闲设施,康体游乐设施,保龄球设施,体育休闲设施 > 康体游乐设施 > 保龄球设施,12,10,上油机、保龄球、保龄球球道、助跑道、保龄球球道油、保龄球瓶、保龄球计分系统、后台板、放瓶台、球架、球箱、自动化机械系统、记分台
1726,体育休闲设施,康体游乐设施,水上游乐设施,体育休闲设施 > 康体游乐设施 > 水上游乐设施,17,0,充气船、冲浪滑板车、安全浮标、救生圈、水上三轮车、水上冲浪板、水上平衡木、水上手摇船、手划船、水上步行球、水上滑梯、水上电动摩托艇、水上自行车、水上蹦床、水上陀螺、水行器、滑水绳、碰碰船
1728,体育休闲设施,康体游乐设施,滑雪溜冰设施,体育休闲设施 > 康体游乐设施 > 滑雪溜冰设施,26,4,冰球冰刀、单板、单板固定器、单板鞋(靴)、双板固定器、头盔、护腕、护膝、溜冰鞋(轮滑鞋、旱冰鞋)、滑雪帽、滑雪手套、滑雪服、滑雪杖、滑雪船、压雪机、滑雪车、雪地车、雪橇车、自曲镜、自由式板、花样冰刀、越野冬季两项板、越野镜、越野鞋(靴)、跳台板、跳台镜、跳台鞋(靴)、速滑冰刀、高山板、高山镜、高山鞋(靴)
1356,保险、绝缘及电热材料,保险材料,保险器材,保险、绝缘及电热材料 > 保险材料 > 保险器材,7,13,保险丝、保险丝盒、保险带、保险架、保险片、保险盒端子、保险盖
1367,保险、绝缘及电热材料,电热材料,电热材料,保险、绝缘及电热材料 > 电热材料 > 电热材料,0,0,
1360,保险、绝缘及电热材料,绝缘材料,低压绝缘子,保险、绝缘及电热材料 > 绝缘材料 > 低压绝缘子,9,28,ED低压碟式绝缘子、EX低压线轴式绝缘子、G鼓形绝缘子、J拉紧绝缘子、PD低压针式绝缘子、WX电车绝缘子、低压蝶式绝缘子、低压针式绝缘子、绝缘子
148,保险、绝缘及电热材料,绝缘材料,其他绝缘材料,保险、绝缘及电热材料 > 绝缘材料 > 其他绝缘材料,39,0,pvc硅胶布、丝绸绝缘布、复合丁腈、导热绝缘硅胶布、导电剂、接地棒、接地模块、无纺布带、树脂板、环氧树脂绝缘板、玻璃丝带、瓷接头、电气胶带、矽胶导热布、硅钛布、离子接地极、绝缘人字梯、绝缘伸缩梯、绝缘关节梯、绝缘升降单梯、绝缘单梯、绝缘垫、绝缘多层凳、绝缘接头、绝缘板、绝缘箔、绝缘纸、绝缘罩、绝缘胶垫、绝缘胶布带、绝缘高低凳、聚酯薄膜带、胶木板、避雷器接地棒、铝塑复合带、防静电板、高效离子回填料、黄漆布带、黄色腊绸布带
1362,保险、绝缘及电热材料,绝缘材料,瓷绝缘散材,保险、绝缘及电热材料 > 绝缘材料 > 瓷绝缘散材,0,0,
1363,保险、绝缘及电热材料,绝缘材料,绝缘布、绝缘带,保险、绝缘及电热材料 > 绝缘材料 > 绝缘布、绝缘带,0,0,
1364,保险、绝缘及电热材料,绝缘材料,绝缘板、绝缘箔,保险、绝缘及电热材料 > 绝缘材料 > 绝缘板、绝缘箔,0,0,
1366,保险、绝缘及电热材料,绝缘材料,绝缘棒,保险、绝缘及电热材料 > 绝缘材料 > 绝缘棒,0,0,
1361,保险、绝缘及电热材料,绝缘材料,绝缘穿墙套管、瓷套管,保险、绝缘及电热材料 > 绝缘材料 > 绝缘穿墙套管、瓷套管,5,15,导杆式穿墙瓷套管、母线式穿墙瓷套管、油纸电容式穿墙套管、直瓷管、绝缘穿墙套管
1365,保险、绝缘及电热材料,绝缘材料,绝缘管,保险、绝缘及电热材料 > 绝缘材料 > 绝缘管,0,0,
1359,保险、绝缘及电热材料,绝缘材料,高压绝缘子,保险、绝缘及电热材料 > 绝缘材料 > 高压绝缘子,18,0,双层伞耐污悬式绝缘子、户内外胶装结构支柱绝缘子、户内外胶装菱形支柱绝缘子、户外棒形操作绝缘子、户外棒形支柱绝缘子、普通盘式悬式瓷绝缘子、棒形悬式合成绝缘子、棒形悬式复合绝缘子、横担绝缘子、盘形悬式瓷绝缘子、盘形玻璃悬式绝缘子、盘形钢化玻璃悬式绝缘子、针式绝缘子、钟罩型耐污悬式绝缘子、防雷支柱绝缘子、防风偏跳线绝缘子、高压碟式绝缘子、高压针式绝缘子
1358,保险、绝缘及电热材料,防雷接地材料,接地装置,保险、绝缘及电热材料 > 防雷接地材料 > 接地装置,1,2,降阻剂
1357,保险、绝缘及电热材料,防雷接地材料,避雷装置,保险、绝缘及电热材料 > 防雷接地材料 > 避雷装置,39,0,485信号防雷器、SPD后备保护器、三合一(电源控制网络)SPD、三合一(电源视频控制)SPD、三合一(电源视频网络)SPD、三合一(视频控制网络)SPD、三角塔、二合一(电源视频)SPD、二合一(视频网络)SPD、信号防雷器、其他防雷配件、地电位反击器、大气电场仪器、天馈线路防雷器、扩展型避雷器、接地电阻测试仪、浪涌保护器、电信SPD、电涌保护器、电源SPD、电源分配器、电源防雷模块、电源防雷箱、端子低压防雷器、等电位连接器、网络防雷器、视频信号防雷器、退耦器、避雷器、避雷塔、避雷带、避雷模块、避雷针、避雷针卡、金属氧化物避雷器、闪电定位仪器、防雷预警设备、雷电计数器、音频信号防雷器
1837,其他类别,其他品类,其他品类,其他类别 > 其他品类 > 其他品类,7,17,办公耗材、办公设备、国槐(种子)、电机保护器、电机调速器、粘滞耗能阻尼器、联动指示灯模块
1831,其他类别,防疫、防护用品,人体防护用品,其他类别 > 防疫、防护用品 > 人体防护用品,19,0,一次性口罩、一次性手套、一次性防护服、乳胶手套、全面型呼吸防护器、医用口罩、医用灭菌手套、护目镜、防护眼镜、普通口罩、活性炭口罩、通用劳保手套、防PM2.5口罩(雾霾)、防护帽、防护服、衣、防护眼罩、防护面罩、防护靴、防护鞋套、隔离服、衣
1836,其他类别,防疫、防护用品,其他防疫、防护用品,其他类别 > 防疫、防护用品 > 其他防疫、防护用品,1,1,诊断试剂
1833,其他类别,防疫、防护用品,测温用具,其他类别 > 防疫、防护用品 > 测温用具,3,7,测温器、温度计、红外测温仪
1832,其他类别,防疫、防护用品,消毒用品及器具,其他类别 > 防疫、防护用品 > 消毒用品及器具,7,0,其他消毒器具、喷洒用具、洗手液、消毒剂、喷洒剂、消毒泡腾片、移动式紫外灯、酒精
1834,其他类别,防疫、防护用品,消纳用品,其他类别 > 防疫、防护用品 > 消纳用品,1,0,消纳桶
1835,其他类别,防疫、防护用品,防疫药物,其他类别 > 防疫、防护用品 > 防疫药物,0,0,
1859,勘察设计,工程勘察,勘探测试,勘察设计 > 工程勘察 > 勘探测试,0,0,
1857,勘察设计,工程勘察,岩土工程,勘察设计 > 工程勘察 > 岩土工程,0,0,
1858,勘察设计,工程勘察,工程测量,勘察设计 > 工程勘察 > 工程测量,0,0,
1856,勘察设计,工程勘察,综合勘察类,勘察设计 > 工程勘察 > 综合勘察类,0,0,
1863,勘察设计,工程设计,公路设计,勘察设计 > 工程设计 > 公路设计,0,0,
242,勘察设计,工程设计,其他设计,勘察设计 > 工程设计 > 其他设计,0,0,
1929,勘察设计,工程设计,化工石化医药行业设计,勘察设计 > 工程设计 > 化工石化医药行业设计,0,0,
1862,勘察设计,工程设计,市政设计,勘察设计 > 工程设计 > 市政设计,0,0,
1930,勘察设计,工程设计,建筑幕墙工程设计,勘察设计 > 工程设计 > 建筑幕墙工程设计,0,0,
1932,勘察设计,工程设计,建筑智能化系统设计,勘察设计 > 工程设计 > 建筑智能化系统设计,0,0,
1931,勘察设计,工程设计,建筑行业人防工程设计,勘察设计 > 工程设计 > 建筑行业人防工程设计,0,0,
1861,勘察设计,工程设计,建筑行业设计,勘察设计 > 工程设计 > 建筑行业设计,0,0,
1933,勘察设计,工程设计,建筑装饰工程设计,勘察设计 > 工程设计 > 建筑装饰工程设计,0,0,
1864,勘察设计,工程设计,水利设计,勘察设计 > 工程设计 > 水利设计,0,0,
1935,勘察设计,工程设计,消防设施工程设计,勘察设计 > 工程设计 > 消防设施工程设计,0,0,
1936,勘察设计,工程设计,照明工程设计,勘察设计 > 工程设计 > 照明工程设计,0,0,
1865,勘察设计,工程设计,电子通信广电设计,勘察设计 > 工程设计 > 电子通信广电设计,0,0,
1860,勘察设计,工程设计,综合设计类,勘察设计 > 工程设计 > 综合设计类,0,0,
1934,勘察设计,工程设计,轻型钢结构工程设计,勘察设计 > 工程设计 > 轻型钢结构工程设计,0,0,
1928,勘察设计,工程设计,风景园林工程设计,勘察设计 > 工程设计 > 风景园林工程设计,0,0,
170,厨房设备,存储设备,冷藏、冷冻柜（库）,厨房设备 > 存储设备 > 冷藏、冷冻柜（库）,4,9,冰柜、冷库、电冰箱、雪柜
1758,厨房设备,存储设备,展示柜、保鲜柜,厨房设备 > 存储设备 > 展示柜、保鲜柜,4,6,保温桶、保鲜展示柜、保鲜工作台、风幕柜
1760,厨房设备,存储设备,餐架,厨房设备 > 存储设备 > 餐架,10,20,厨房货架、台上明架、台面立架、炒勺架、烧腊挂架、热水器架、米面架、蒸盘架、蒸笼架、褂鸭架
1759,厨房设备,存储设备,餐柜,厨房设备 > 存储设备 > 餐柜,8,11,地柜、矮柜、碗柜、纱网贮藏柜、贮藏柜、陈列柜、食品柜、高柜
1761,厨房设备,存储设备,餐车,厨房设备 > 存储设备 > 餐车,17,0,三层餐车、两层餐车、保温餐车、周转车、客房车、拉门调料车、插盘餐车、收碗车、早茶车、暖汤车、暖瓶车、残食车、活盘餐车、简易调料车、酒水车、面粉车、馒头架子车
1773,厨房设备,排油排烟设备,其他排烟设备,厨房设备 > 排油排烟设备 > 其他排烟设备,18,0,不锈钢接油盘、带装饰板式排烟罩、排烟罩、油烟净化器、油网、洗碗机和垃圾处理设备、烟机、灶具、烟机、灶具、消毒柜、运水烟罩、配餐柜台和盘碟架、镀锌铁烟道、除冷藏室以外的食品存储设备、除异味设备、静电油烟过滤器、食品传送和上菜设备、食品制备和烹调设备、食品和饮料销售机、餐饮设备内的洗涤盆
1772,厨房设备,排油排烟设备,抽油烟机,厨房设备 > 排油排烟设备 > 抽油烟机,0,0,
1764,厨房设备,洗涤与消毒设备,洗刷台、洗涮柜,厨房设备 > 洗涤与消毒设备 > 洗刷台、洗涮柜,3,5,墩布池、洗刷台、洗涮柜
1762,厨房设备,洗涤与消毒设备,洗碗机,厨房设备 > 洗涤与消毒设备 > 洗碗机,4,6,传送带式洗碗机、台式洗碗机、柜式洗碗机、超声波洗碗机
1763,厨房设备,洗涤与消毒设备,消毒柜,厨房设备 > 洗涤与消毒设备 > 消毒柜,7,21,热毛巾柜、电热消毒柜、电热消毒柜防爆、组合型食具消毒柜、臭氧加紫外线消毒柜、臭氧消毒柜、蒸汽消毒柜
1765,厨房设备,洗涤与消毒设备,盆台,厨房设备 > 洗涤与消毒设备 > 盆台,4,13,三星盆台、单大星盆台、单星盆台、双星盆台
1769,厨房设备,烹调设备,灶具,厨房设备 > 烹调设备 > 灶具,32,21,三眼中餐灶、三眼鼓风灶、不锈钢定型蒸锅、不锈钢烤箱灶、两炒一温灶、两炒两温灶、五眼中餐灶、五眼鼓风灶、八眼砂锅灶、六眼中餐灶、六眼砂锅灶、六眼西餐灶、单头吊汤灶、单头平灶、单炒单温灶、单眼低汤灶、单眼大锅灶、单眼煤气灶、双头大锅灶、双头平灶、双眼低汤灶、双眼炒灶、双眼煤气灶、四眼中餐灶、四眼砂锅灶、四眼鼓风灶、大锅灶、嵌入式燃气灶、燃气灶、西餐不锈钢六眼灶、铸铁炉盘64灶、鼓风灶
1768,厨房设备,烹调设备,炉具,厨房设备 > 烹调设备 > 炉具,28,5,万用炉、万能蒸烤箱、不锈钢定型饼炉、八眼煲仔炉、六眼煲仔炉、咖啡炉、四眼煲仔炉、多功能燃气煮炉、平头炉、微波炉、汤炉、汤锅炉、炒炉、烤猪炉、烤鸭炉、煮炉、煲仔炉、电炸炉、电热扒炉、电磁单头单尾炒炉、电磁炉、窝炉、肠粉炉、蒸撑炉、蒸柜炉、蒸炉、面火炉、餐炉
1770,厨房设备,烹调设备,烤箱及蒸具,厨房设备 > 烹调设备 > 烤箱及蒸具,12,11,三层烤箱、单层烤箱、单门燃气蒸箱、单门电气两用蒸箱、双层烤箱、新型单门燃气蒸箱、海鲜蒸箱、独立风道、电气两用双门蒸箱、电烤箱、电饭煲、蒸饭柜
1767,厨房设备,调理设备,小型食品加工机械,厨房设备 > 调理设备 > 小型食品加工机械,35,26,万能搅拌机、元霄机、分离式磨浆机、切片机、切肉机、切菜机、制冰机、削面机、卧式和面机、压面机、发酵箱、和面机、咖啡机、商用炒冰机、土豆去皮机、揉面机、果蔬净洗机、榨汁机、沙冰机、爆米花机、电热汤煲、电磁汤桶、立式和面机、米粉机、绞肉机、菜馅机、豆奶机、豆浆机、酥皮机、醒发机、锯骨机、面条机、食品搅拌机、饺子机、馒头机
1766,厨房设备,调理设备,操作台、操作柜,厨房设备 > 调理设备 > 操作台、操作柜,15,0,传菜台、保温台、双层操作台(下条格式)、双层操作台(整板式)、双面门调理台(单面门、双面门)、四格保温售饭台、宰杀台、快餐售饭台、打荷台、抽屉调理台、残食台(污碟台)、立上操作台、立上调理台、调料平台、面案工作台
1771,厨房设备,进餐设备,餐桌、餐椅,厨房设备 > 进餐设备 > 餐桌、餐椅,0,0,
193,吸声、抗辐射及无损探伤材料,吸声材料,复合吸音板,吸声、抗辐射及无损探伤材料 > 吸声材料 > 复合吸音板,1,3,陶铝穿孔吸音板
1475,吸声、抗辐射及无损探伤材料,吸声材料,木质吸音板,吸声、抗辐射及无损探伤材料 > 吸声材料 > 木质吸音板,0,0,
1478,吸声、抗辐射及无损探伤材料,吸声材料,空间吸声体,吸声、抗辐射及无损探伤材料 > 吸声材料 > 空间吸声体,0,0,
1476,吸声、抗辐射及无损探伤材料,吸声材料,软木及其制品,吸声、抗辐射及无损探伤材料 > 吸声材料 > 软木及其制品,0,0,
1477,吸声、抗辐射及无损探伤材料,吸声材料,隔声棉,吸声、抗辐射及无损探伤材料 > 吸声材料 > 隔声棉,0,0,
1480,吸声、抗辐射及无损探伤材料,无损探伤材料,无损探伤材料,吸声、抗辐射及无损探伤材料 > 无损探伤材料 > 无损探伤材料,13,0,x射线胶片、定影药剂、导电膏、探头线、显像剂、显影药剂、电力复合脂、相色带、磁粉、磁膏、耦合剂、超声波探头、铅箔增感屏
1479,吸声、抗辐射及无损探伤材料,表面防护材料,表面防护材料,吸声、抗辐射及无损探伤材料 > 表面防护材料 > 表面防护材料,0,0,
1481,吸声、抗辐射及无损探伤材料,防辐射材料,防辐射材料,吸声、抗辐射及无损探伤材料 > 防辐射材料 > 防辐射材料,0,0,
1163,周转材料及工器具,其他周转材料,其他周转材料,周转材料及工器具 > 其他周转材料 > 其他周转材料,24,0,七件装内六角匙、三轮车外胎、三轮车车带、三轮车车座、乙炔瓶、内胎、医疗急救箱、土筛子、塌落度桶、套管搬子、工具平板车、工具箱、帐篷、手卷墨斗、日用桶、木抹子、梯子、氧气瓶、水桶、汽油桶、灰斗、破筛子、筛子底、铁锨柄
1162,周转材料及工器具,其他周转材料,胎具、模具类周转材料,周转材料及工器具 > 其他周转材料 > 胎具、模具类周转材料,8,18,开孔器模具、模具套、模壳、浮置板模台、液压钳模具、混凝土试模、管片模具、脱模器
230,周转材料及工器具,围护、运输类周转材料,围护类周转材料,周转材料及工器具 > 围护、运输类周转材料 > 围护类周转材料,0,0,
1161,周转材料及工器具,围护、运输类周转材料,运输类周转材料,周转材料及工器具 > 围护、运输类周转材料 > 运输类周转材料,33,14,三轮车、不锈钢防盗网、分配电箱防护棚、吊塔防爬、土路围挡、垃圾车、基坑护栏、小型机械防护棚、小灰斗车、彩色钢板瓦、彩钢围挡、彩钢瓦围挡、总配电箱防护棚、手推车、提升机外围护、提升机防护门、施工电梯防护棚、施工电梯防护门、木工加工棚、格栅式防护、独轮车、电梯井口防护、电梯井操作架、电梯井防护、电箱防护栏、砖车、竹挡土板、组合式木塑围挡、组装式防护栏杆、网片式防护围栏、落地围挡、钢筋加工棚、食堂防护栏杆
1174,周转材料及工器具,工器具,其他工器具,周转材料及工器具 > 工器具 > 其他工器具,11,0,人防测压装置、助焊工具、扩孔器、模头、消音扳手、液压钻机刀具、焊接辅件、电烙铁、草苫、计算器、钢丝刷
1167,周转材料及工器具,工器具,土木工具,周转材料及工器具 > 工器具 > 土木工具,53,1,三角锉、八角锤、劈柴斧、劈石斧、半圆锉、压子、圆锉、夹背锯、尖凿、平凿、弓摇钻、手用木工凿、手锯、手锯板、打夯机、打砖刀、打砖斧、抹子、撬棍、整齿器、方锉、月牙铲、木工夹、木工斧、木工电钻、木材斜断机、木锉、板锉、槽刨刀、电刨、电动圆盘穿梭锯、电动曲线锯、电动木工修边机、电动木工凿眼机、电动木工开槽机、电动雕刻机、电圆锯、电链锯、石工凿、石工斧、石工锤、砌刀、砌铲、砍刀、线锤、绕刨、缝溜子、羊角锤、采伐斧、铁柄刨刀、铁水平尺、锯锉、鸡尾锯
1173,周转材料及工器具,工器具,实验室用工器具,周转材料及工器具 > 工器具 > 实验室用工器具,14,30,土比重瓶、容量瓶、振筛机、李氏比重瓶、标准筛、比重瓶、水泥筛、灌砂筒、烧杯、量杯、烧瓶、量瓶、电热鼓风干燥箱、粉煤灰细度筛、试剂瓶、试验瓶
171,周转材料及工器具,工器具,手动工具,周转材料及工器具 > 工器具 > 手动工具,146,0,G字夹、HDPE苏维脱、HDPE雨水斗专用扳手、PPR稳态管剥管器、PPR稳态管剥管器手动连接柄、PPR稳态管剥管器连接柄、PPR稳态管手动剥管器、一体电机锂电扳手、专用熔接工具、丝锥、倒角刮刀、倒角机、充电式冲击扳手、充电式无刷冲击扳手、冲子、刀片、分体电机锂电扳手、分离式油缸钳头、切管刀、刨子、刮尺、刮板、剪刀、割刀、割管器、勾锤、单体卡压钳、压线刀、吸钉器、喷枪、四黄叉、塑料打包带、外壁刮刀、夹具、实用刀、小外壁刮刀、工具组套、平沙板、开模器、扁凿、手动RJ45单用工具、手动RJ45双用工具、手动分离式工具泵、手动剥管器、手动剥线器、手动割管器、手动卷削器、手动压线工具、手动打线工具、手动推刀、手动液压工具、手动液压泵、手动管道打压泵、手动试压泵、扩口器、扳手、批咀、抹刀、抹泥板、拉紧器、拉铆枪、指针式胎压表、排笔、数显式胎压表、斜口钳、斧、旋具、旋转切刀、曲线锯、木刷子、板手、橡胶抹刀、毛刷、气动软管、气管、油漆刷、油灰刀、洋镐、液压卡压钳、液压卡压钳卡快、清掏工具、清洗机工具餐具、滑块、滚刷、滚刷架、热熔焊机、热熔胶枪、焊枪、焊炬、熔接工具、环刀、环模、玻璃刀、电动分离式工具泵、电动卷削器、电动泵、电子剪、电工剪、直刀、硅胶轮、磨轮、穿销、管剪刀、绝缘夹钳、绝缘高压枝剪、羊毛刷、羊毛板刷、美工刀、胀管器、胶枪、腻子刀、螺丝刀、表、覆铝管剥管器、起子刮刀、转向手柄、通用手动手柄、钢凿、钢钎、钢锯、钢锹、钳压钳、钳口、钻子、钻杆、钻柄、铁打包带、铁打包扣、铁锹、铆钉枪、铰刀、铲冲组合、铲刀、铲子、锂电扳手充电式冲击扳手、锄头、锤、锥形管拆卸工具、锯弓、锯条、镐钎、镰刀、马鞍刀、鸭嘴线夹、鸭嘴线夹绳子、黄油枪
1164,周转材料及工器具,工器具,手动起重工具,周转材料及工器具 > 工器具 > 手动起重工具,12,28,千斤顶、吊滑车、手拉葫芦、手摇垮顶、手摇绞车、油压拉码、清障器、索具卸扣、索具螺旋扣、起重滑车、钢丝绳夹、钢丝绳用套环
1165,周转材料及工器具,工器具,气动工具,周转材料及工器具 > 工器具 > 气动工具,47,0,侧柄式气钻、冲击式气扳机、割炬、卷钉枪、弯柄式气铲、手持式凿岩机、拔钉枪、枪柄式气动功丝机、枪柄式气动旋具、枪柄式气钻、枪柄式气铲、枪柄气动锯、气剪刀、气动T型钉射钉枪、气动切割机、气动卷钉枪、气动压铆机、气动圆头射钉枪、气动圆盘射钉枪、气动往复锯、气动打磨机、气动扳手、气动抛光机、气动拉铆枪、气动捣固机、气动码钉射钉枪、气动研磨机、气动粗磨机、气动转盘射钉枪、气动铆钉枪、气动锤、气螺刀、气铲、气镐、环柄式气铲、直柄式气动功丝机、直柄式气动旋具、直柄式气钻、直柄式气铲、直柄气动锯、直钉枪、码钉枪、蚊钉枪、钢钉枪、风批、风炮、风镐
1169,周转材料及工器具,工器具,水暖工具,周转材料及工器具 > 工器具 > 水暖工具,12,0,剥管机、卡压钳、弯管器、扩管器、水泵钳、热熔器、管剪、管子割刀、管子台虎钳、管子夹钳、管子钳、管子铰板
1171,周转材料及工器具,工器具,测量工具,周转材料及工器具 > 工器具 > 测量工具,29,5,90度角尺、万能角尺、其他测量尺、千分尺、卡厚游标卡尺、塔尺、塞尺、带表卡尺、方形角尺、曲尺、木折尺、水平尺、派尺、深度游标卡尺、游标卡尺、电子数显卡厚卡尺、电子数显卡尺、电子数显深度卡尺、电子数显高度卡尺、皮尺、磁力表座、纤维卷尺、角尺、量块、钢卷尺、钢平尺、钢直尺、铸铁平尺、高度游标卡尺
1166,周转材料及工器具,工器具,电动工具,周转材料及工器具 > 工器具 > 电动工具,29,9,云石机、介铝机、冲击电钻、双刃电剪刀、往复锯/马刀锯、手持式电剪刀、抛光机、水钻机、沟槽机、热风枪、焊接机、电冲剪、电动刀锯、电动拉铆枪、电动攻丝机、电动旋具、电动焊缝坡口机、电动管道清理机、电动胀管机、电动自攻旋具、电动螺丝刀、电动起重工具、电动锤钻、电喷枪、电磨、电镐、砂带机、磁座钻、角磨机
1170,周转材料及工器具,工器具,电工工具,周转材料及工器具 > 工器具 > 电工工具,16,0,令克棒、其他工具、冷压接钳、冷轧线钳、剥线刀、压线钳、套丝机、普通电工钳、测电器、电子剪切钳、电工刀、电工锤、电缆刀、紧线钳、线缆钳、网络钳
1172,周转材料及工器具,工器具,衡器,周转材料及工器具 > 工器具 > 衡器,13,0,叉车秤、台秤、吊秤、天平、弹簧度盘秤、案秤、电子台秤、电子汽车衡、电子皮带秤、电子计价秤、自动秤、袖珍手秤、配料秤
1168,周转材料及工器具,工器具,钳工工具,周转材料及工器具 > 工器具 > 钳工工具,54,7,三角锯锉、专用钳、刀锉、划线盘、划规、刮刀、勒线钳、卫浴钳、压力钳、台钳、圆板牙、多用台虎钳、多用钳、弓形夹、手扳钻、手摇台钻、手摇钻、手虎钳、扎伐钳、扎线钳、打孔钳、拔销器、挫丝板、整形锉(什锦锉)、斜嘴钳、普通台虎钳、普通螺纹丝锥、桌虎钳、水口钳、液压钳、滚丝轮、滚花刀、瓷砖钳、电子钳、皮带冲、管螺纹丝锥、管螺纹板牙、胡桃钳、菱形锉、螺丝钳、迷你钳、錾子、钓鱼钳、钢锯架、钳工锉刀、铝锉、链条钳、锡锉、长划规、长嘴钳、顶切钳、顶拔器、鲤鱼钳、龙骨钳
1160,周转材料及工器具,模板及附件,模板及其附件,周转材料及工器具 > 模板及附件 > 模板及其附件,45,1,3形扣件、C-18型钢支柱、L形插销、U形卡、内卷边槽钢型钢楞、固定角、圆钢管型柱箍、圆钢管型钢楞、塑料中空模板、塑料模板、塑胶模板、复合保温免拆除模板、复合木模板、平面可调桁架、收口网、曲面可变桁架、木塑模板、木模板、标准扣件、槽钢型柱箍、清水模板、玻璃钢模板、矩形钢管型钢楞、碟形扣件、竹胶板模板、紧固螺栓、红模板、组合钢模板、聚酯合金模板、胶合板模板、菲林板、角钢型柱箍、轻型槽钢型钢楞、酚胶板、钢塑模板、钢框木(竹)胶合板模板、钢模板、钢管支架、钢背楞、钩头螺栓、铝合金模板、铝框木模板、铝模板、门式支架、黑模板
229,周转材料及工器具,活动板房,活动板房,周转材料及工器具 > 活动板房 > 活动板房,6,13,折叠式活动房屋、板式结构活动房屋、箱式房、钢结构箱式房屋、集成卫浴间、集装箱式活动房屋
228,周转材料及工器具,脚手架及其配件,脚手架及其配件,周转材料及工器具 > 脚手架及其配件 > 脚手架及其配件,24,0,内爬梯、内管接头、承插型盘扣式钢管支架、承插型盘扣式钢管支架横杆、承插型盘扣式钢管支架立杆、拖座、斜拉杆、木制脚手杆、木制脚手板、木脚手架、横杆、爬梯、移动脚手架、竹制脚手杆、竹制脚手板、竹脚手架、竹跳板、脚手板、脚手架轮、钢制脚手杆、钢制脚手板、钢管脚手架、钢跳板、铝合金管脚手架
1159,周转材料及工器具,钢支撑,钢支撑,周转材料及工器具 > 钢支撑 > 钢支撑,0,0,
1853,咨询服务,其他咨询服务,BIM咨询服务,咨询服务 > 其他咨询服务 > BIM咨询服务,0,0,
243,咨询服务,其他咨询服务,其他咨询服务,咨询服务 > 其他咨询服务 > 其他咨询服务,1,1,水土保持
1855,咨询服务,其他咨询服务,招标代理,咨询服务 > 其他咨询服务 > 招标代理,0,0,
1854,咨询服务,其他咨询服务,精益建造咨询,咨询服务 > 其他咨询服务 > 精益建造咨询,0,0,
1851,咨询服务,其他咨询服务,绿色建材咨询,咨询服务 > 其他咨询服务 > 绿色建材咨询,0,0,
1852,咨询服务,其他咨询服务,绿色建筑咨询,咨询服务 > 其他咨询服务 > 绿色建筑咨询,0,0,
241,咨询服务,工程咨询,全过程工程咨询,咨询服务 > 工程咨询 > 全过程工程咨询,0,0,
240,咨询服务,工程咨询,工程造价咨询,咨询服务 > 工程咨询 > 工程造价咨询,0,0,
1838,咨询服务,工程咨询,规划咨询,咨询服务 > 工程咨询 > 规划咨询,0,0,
1840,咨询服务,工程咨询,评估咨询,咨询服务 > 工程咨询 > 评估咨询,0,0,
1839,咨询服务,工程咨询,项目咨询,咨询服务 > 工程咨询 > 项目咨询,0,0,
238,咨询服务,工程检测,其他检测服务,咨询服务 > 工程检测 > 其他检测服务,0,0,
1847,咨询服务,工程检测,地基基础检测,咨询服务 > 工程检测 > 地基基础检测,0,0,
1850,咨询服务,工程检测,室内环境检测,咨询服务 > 工程检测 > 室内环境检测,0,0,
1849,咨询服务,工程检测,建筑材料检测,咨询服务 > 工程检测 > 建筑材料检测,0,0,
1848,咨询服务,工程检测,建筑结构检测,咨询服务 > 工程检测 > 建筑结构检测,0,0,
239,咨询服务,工程监理,其他工程监理,咨询服务 > 工程监理 > 其他工程监理,0,0,
1843,咨询服务,工程监理,市政公用工程监理,咨询服务 > 工程监理 > 市政公用工程监理,0,0,
1842,咨询服务,工程监理,建筑工程监理,咨询服务 > 工程监理 > 建筑工程监理,0,0,
1846,咨询服务,工程监理,机电工程监理,咨询服务 > 工程监理 > 机电工程监理,0,0,
1844,咨询服务,工程监理,电力工程监理,咨询服务 > 工程监理 > 电力工程监理,0,0,
1841,咨询服务,工程监理,综合监理类,咨询服务 > 工程监理 > 综合监理类,0,0,
1845,咨询服务,工程监理,通信工程监理,咨询服务 > 工程监理 > 通信工程监理,0,0,
188,园林绿化,园林植物,乔木,园林绿化 > 园林植物 > 乔木,614,18,七叶树、万峰桧、三叶树、三色千年木、三花槭、三角枫、三角枫球、丛状桂花、东南榕、东方杉、丝棉木、丝绵木、中国红樱花、中山杉、中美木棉、串钱柳、丹东桧柏、丹桂、乌桕、乐东拟单性木兰、乐昌含笑、九角枫、乳源木莲、二乔玉兰、云南早樱、云南樱花、云杉、五叶槐、五裂槭、五角枫、五针松、亮叶榕、人心果、仁面子、仪花、伊朗紫硬胶、伯乐树、侧柏、假色槭、假苹婆、元宝枫、元宝树、光叶桦、光叶榉、光皮树、光辉海棠、八月桂、八棱海棠、兰屿肉桂、冬樱花、冬红果海棠、冬红海棠、冬青、冷杉、凤凰木、刺松、刺柏、刺桐、刺槐、加拿大红枫、加杨、北京丁香、北京栾树、北京桧、北美海棠、北美红枫、北美红栎、北美落羽杉、千头椿、华山松、南川柳、南方松、南洋杉、南洋楹、南紫丁香、南酸枣、印度紫檀、厚朴、厚皮香、台湾栾树、台湾樱花、台湾牡丹樱、台湾钟樱、合欢、吊瓜树、和顺树、喜树、四季桂、四照花、国槐、圆冠榆、圆柏、地接金叶榆、垂丝海棠、垂叶榕、垂暴柳、垂枝桃花、垂枝梅、垂枝榆、垂柳、垂榆、塔柏、塔桧、塔榕、墨西哥落羽杉、复叶槭、复羽叶栾树、夏栎、大叶伞、大叶冬青、大叶女贞、大叶桉、大叶榆、大叶榕、大叶樟、大叶白蜡、大叶相思、大叶紫薇、大岛樱、大腹木棉、天女木兰、天竺桂、天鹅绒紫薇、太阳李、娜塔栎、孔雀木、宝石海棠、宫粉梅、宫粉紫荆、家榆、富贵竹、寒绯樱、对节白蜡、寿星桃、小叶朴、小叶杨、小叶榄仁、小叶榕、小叶樟、小叶白蜡、小叶紫薇、小城黑杨树、小青杨、尖叶杜英、山丁子、山杏、山杜梨、山桂、山桃、山梨、山楂、山榆、山樱花、山玉兰、山荆子、山里红、岩生酒瓶树、峨眉含笑、巨紫荆、巴西木、布朗李、帚桃、幌伞枫、平顶松、广玉兰、彩叶桢、彩叶豆梨、悬铃木、意杨、扁桃、拐枣树、拟单性木兰、拧筋槭、挪威槭、文冠果、斑叶稠李、新疆杨、无忧木、无患子、无花果、日本早樱、日本晚樱、日本樱花、日本红枫、旱柳、旱莲、晚樱、暴马丁香、朝鲜槐、木棉、木瓜、木荷、木莲、木麻黄、朱砂桂、朴树、杉木、李子树、杏树、杏梅、杜仲、杜松、杜梨、杜英、杨树、杨桃、杨梅、杭州早樱、松树、板栗、构树、枇杷、枕果榕、枣树、枫杨、枫树、枫香、柏树、柑桔、柚子树、柚木、柞树、柳叶栎、柳叶榕、柳叶金桂、柳杉、柳树、柽柳、柿树、树菠萝、核桃、核桃楸、格尔里杨树、栾树、桂花、桃树、桃花心木、桉树、桑树、桢楠、桧柏、梅花、梓树、梧桐、梨树、梨花海棠、棱角山矾、椤木石楠、椤木石楠球、椴树、楝树、楠木、楸树、榆树、榉树、榔榆、榕树、榕树球、槐树、槲树、樟子松、樱桃、樱花、橄榄、橘树、橡皮树、橡胶榕、檀木、檫树、欧洲小叶椴、母生树、毛樱桃、毛樱桃花、毛泡桐、毛白杨、毛紫薇、水曲柳、水杉、水松、水榆花楸、水石榕、水蒲桃、水黄皮、江南桤木、池杉、沙果、沙枣、沙枣树、沙柳、河北杨、油松、油桐、法国梧桐、法桐、泡桐、泰山松、洋槐、洋紫荆、洋紫薇、洋蒲桃、流苏树、海南杜英、海南红豆、海南菜豆、海南蒲桃、海棠、海滨木槿、海芒果、润楠、深山含笑、湿地松、滇朴、滇杨、滇润楠、漳河柳、澳洲杉、澳洲酒瓶星花、澳洲鸭脚木、火力楠、火炬树、火焰木、火焰海棠、灯台树、灰毛含笑、照手桃、照手碧桃、牡丹海棠、独杆紫薇、猫尾木、猴欢喜、玉蕊、王族海棠、珊瑚朴、珍珠李、珙桐、球花石楠、琉球菲寒樱、琴叶榕、琼崖海棠、甜槠、番石榴、白兰、白千层、白杨、白桦、白榆、白牛槭、白玉兰、白皮松、白花山碧桃、白蜡、皂荚树、皂角、盆架树、盐肤木、直立冬青、盾柱木、石楠、石榴、碧桃、福建山樱、秋枫、稠李、竹柏、竹柳、笔柏、第伦桃、粉芽海棠、糖槭、糖槭树、糠椴、紫叶李、紫叶桃、紫叶稠李、紫叶红栌、紫柳、紫椴、紫玉兰、紫锦木、红丽海棠、红千层、红叶李、红叶杨、红叶桃、红叶椿、红叶樱花、红叶海棠、红叶碧桃、红叶紫荆、红叶紫薇、红宝石海棠、红松、红果冬青、红果树、红枫、红柳、红榉、红榕、红橡树、红玉兰、红皮云杉、红皮榕、红碧桃、红绿梅、红翅槭、红肉海棠、红花刺桐、红花国槐、红花天料木、红花木莲、红花洋槐、红花玉兰、红花碧桃、红花紫荆、红花紫薇、红花羊蹄甲、红花荷、红花风铃木、红花鸡蛋花、红豆杉、红豆树、细叶紫薇、绒毛白蜡、绚丽海棠、绿叶碧桃、绿宝树、绿梅、缅桂、罗汉松、羊蹄甲、美丽异木棉、美人松、美人梅、美国红枫、美洲黑杨、羽扇槭、羽毛枫、翡翠海棠、肉桂、肋果茶、胡杨、胡柚、脐橙树、腊肠树、臭椿、臭檀、芒果、花曲柳、花桃、花梨木、花椒树、花楸、苏铁、苦丁茶、苦楝、苦槠、苹婆、苹果、茶条槭篱、茶油树、荔枝树、荷兰铁、莫氏榄仁、莲叶桐、莲雾、菊花桃、菜豆树、菩提榕、落叶松、落羽杉、蒙古栎、蓝冰柏、蓝杉、蓝果树、蓝色波尔瓦、蓝花楹、蜀桧、蝴蝶果、血皮槭、裂叶榆、西南桦、西府海棠、西湖海棠、象牙红、赤杨、赤枫、赤楠、辽东冷杉、辽东栎、迎春樱、迎春玉兰、连香树、速生杨、速生法桐、速生白蜡、造型松、造型油松、道格海棠、重阳木、金丝垂柳、金丝柳、金丝楠、金叶国槐、金叶垂榆、金叶复叶槭、金叶杨、金叶栾、金叶榆、金叶槐、金叶水杉、金叶白蜡、金叶皂角、金叶糖槭、金合欢、金枝国槐、金枝柳、金枝槐、金桂、金桔、金蒲桃、金钱松、金钱榕、钻石海棠、铁冬青、铁刀木、银中杨、银叶树、银杏、银桂、银桦、银白杨、银白槭、银红槭、银鹊树、长枝榆、阿珍榄仁、雨树、雪松、青冈栎、青扦云杉、青杨、青枫、青桐、青梅、青楷槭、青榨槭、青檀、青海云杉、青皮槐、青钱柳、风铃木、馒头柳、香杨、香椿、香榧、香樟、香橼、香水合欢、香油果、香泡、香花槐、马占相思、马尾松、马拉巴栗、马褂木、高山榕、高杆女贞、高杆月季、高杆海棠、高杆紫薇、高杆红叶石楠、高杆金叶榆、髭脉槭、鸡冠刺桐、鸡冠剌桐、鸡嗉子榕、鸡心果、鸡爪槭、鸡蛋花、鸭脚木、鹅掌楸、麻栎、麻楝、黄千层、黄叶榕、黄山栾树、黄果榕、黄桷兰、黄槐、黄槿、黄檀、黄玉兰、黄皮、黄腊李、黄花槐、黄花风铃木、黄菠萝、黄菠萝树、黄葛榕、黄连木、黄金宝树、黄金树、黄金槐、黄金香柳、黑壳楠、黑松、龙柏、龙柳、龙桑、龙爪榆、龙爪槐、龙眼树、龙血树、龙须柳
1702,园林绿化,园林植物,其他园林植物,园林绿化 > 园林植物 > 其他园林植物,0,0,
1693,园林绿化,园林植物,地被植物,园林绿化 > 园林植物 > 地被植物,138,34,万年青蕨、万年麻、上狮紫珠、东方狼尾草、丝兰、书带草、二月兰、五角金盘、佛甲草、兔尾草、六巨山荆芥、兰花鼠尾草、凤尾蕨、剑麻、卤蕨、叉序草、叉花草、吊兰、地被石竹、垂盆草、墨西哥羽毛草、大叶苔草、大叶青铁、大吴风草、大富贵、大布尼狼尾草、天门冬、委陵菜、孔雀草、宏钻蔓绿绒、小兔子狼尾草、小叶扶芳藤、小布尼狼尾草、小盼草、崂峪苔草、巢蕨、平安蕨、拂子茅、斑叶芒、日本星花、日本血草、春羽、晨光芒、柳枝稷、桔红苔草、棕榈叶苔草、棕红苔草、棕色苔草、沃克荆芥、沿阶草、波斯顿蕨、洒金珊瑚、熊掌木、狼尾草、狼尾蕨、玉带草、玉龙草、玲珑芒、珊瑚岭、田茅、画眉草、白穗狼尾草、白美人狼尾草、白边草、矢羽芒、短叶沿阶草、粉穗狼尾草、紫叶狼尾草、紫叶珊瑚钟、紫叶酢浆草、紫田根、紫穗狼尾草、紫花猫荆芥、紫鸭跖草、红剑亚麻、红叶甜菜、红知风草、红绿草、红花酢浆草、红苋草、红钻蔓绿绒、细叶狼尾草、细叶芒、细叶苔草、细叶针茅、细茎针茅、绵毛水苏、绿叶拂子茅、羊齿蕨、羽绒狼尾草、肾蕨、芒草、花叶大吴凤草、花叶山菅兰、花叶拂子茅、花叶珊瑚、花叶芒、花叶薄荷、花叶麦冬、苔草、荆芥、葱兰、蓝亚麻、蓝刚草、蓝滨麦、蓝羊茅、蓝蝴蝶、薄荷、虎耳草、贯众-麟毛蕨、超级鼠尾草、金叶佛甲草、金叶小蕃薯、金叶番薯、金叶苔草、金叶薯、金叶过路黄、金碗苔草、金穗苔草、金边剑麻、金边吊兰、金钻蔓绿绒、针叶芒、银穗芒、银边吊兰、银边草、青绿苔草、青铜亚麻、香茅、马蹄筋、驱蛇草、高山羊齿、鲍维斯城堡艾草、鸠尾草、鸭跖草、黑色沿阶草、鼠尾草、龟背竹
1701,园林绿化,园林植物,林木种子,园林绿化 > 园林植物 > 林木种子,0,0,
1694,园林绿化,园林植物,棕榈科植物,园林绿化 > 园林植物 > 棕榈科植物,34,7,三药槟榔、三角椰子、假槟榔、加拿利海枣、夏威夷椰子、大王椰子、富贵椰子、山棕、布迪椰子、扇子棕榈、散尾葵、林刺葵、棕榈、棕竹、槟榔树、水椰、海南椰子、海枣、狐尾椰、琼棕、老人葵、董棕、蒲葵、袖珍椰子、酒瓶椰子、金山棕、金山葵、针葵、银海枣、霸王棕、霸王榈、鱼尾葵、鱼骨葵、龙棕
1699,园林绿化,园林植物,水生植物,园林绿化 > 园林植物 > 水生植物,116,23,三白草、乌菱、伊乐藻、再力花、凤眼莲、刺苦草、原叶节节草、大王莲、大薸、大藻、大香蒲、宽叶泽苔、小茨藻、小香蒲、慈菇、改良型刺苦草、旱伞草、木贼、梭鱼草、欧洲大慈姑、水仙、水榕、水毛花、水烛、水生美人蕉、水生鸢尾、水禾、水竹芋、水罂粟、水芋、水芙蓉、水芹、水苏、水菖蒲、水葫芦、水葱、水蓼、水蕴草、水蜈蚣、水蜡烛、水鳖、泽泻、泽苔、浮萍、海寿花、溪荪、灯芯草、焌鱼草、狐尾藻、王莲、眼子菜、睡莲、矮蒲苇、石菖蒲、石龙尾菊藻、穗状狐尾藻、篦齿眼子菜、粉绿狐尾藻、粉花水生美人蕉、紫杆芋、红田乌、红荷花、红菱、红蓼、纸莎草、线草、罗贝利草、美国席草、聚草、芡实、芦竹、芦苇、芦荻、花叶水葱、花叶芦竹、花叶芦苇、花叶蒲苇、花叶香蒲、花叶鸢尾、花菖蒲、花蔺、苦草、茨藻、茭白、荇菜、荷花、荸荠、莎草、莲子草、莼菜、菊花草、菖蒲、菹草、萍蓬草、蒲苇、西洋菜、轮叶黑藻、醉鱼草、野茭白、金叶石菖蒲、金边菖蒲、金钱草、金鱼藻、铜钱草、锦绣花、雨久花、香菇草、香蒲、马来眼子菜、鱼腥草、黄花水生美人蕉、黄花水龙、黄花蔺、黄菖蒲、黑三棱、黑藻
1691,园林绿化,园林植物,灌木,园林绿化 > 园林植物 > 灌木,420,37,一品红、丁香、丁香球、七里香、三角梅球、丛生女贞、丛生海棠、丛生蓝莓、东北接骨木球、中华文木、丰花月季、丹桧球、九里香、九里香球、云南黄素馨、云南黄馨、云杉球、五彩铁、五爪木、五色梅、五色梅球、五角枫球、亮叶忍冬、仙人球、佛手柑、佛顶桂、佛顶珠、倒挂金钟、偃伏莱木、偃柏、偃柏球、假连翘、假连翘球、八仙花、六月雪、六月雪球、六道木、冬红、决明、凤尾兰、刺柏球、刺梨、北海道黄杨球、北美冬青、十大功劳、千首兰、单叶蔓荆、南天竹、南天竹球、卫矛、卫矛球、双夹槐球、双荚槐、变叶木、含笑、含笑球、品种月季、喷雪花、四季玫瑰、四季锦带、四季锦带球、四季青、四季青球、地中海荚蒾、垂榕、夏鹃、大叶丁香、大叶女贞球、大叶栀子、大叶栀子球、大叶蚊母、大叶黄杨球、大红花、大花六道木、大花六道木球、大花月季、大花水桠木、大花水桠木球、天目琼花、太平花、夹竹桃、小丑火棘、小叶丁香、小叶冬青、小叶女贞、小叶女贞球、小叶栀子、小叶桔、小叶蚊母、小叶黄杨球、小叶龙船花、小蜡、小龙柏、尖叶木樨榄、山木香、山梅花、山瑞香、山绣球、山茱萸、山茶、山茶球、山麻杆、巴西红果、巴西野牡丹、希茉莉、平枝荀子、彩叶杞柳、忍冬、扶桑、接骨木、接骨木球、无刺构骨、无刺构骨球、无刺枸骨、无刺枸骨球、日本女贞、日本女贞球、日本绣线菊、映山红、春鹃、春鹃球、月季、有刺构骨球、木槿、木瓜海棠、木绣球、木芙蓉、木茼蒿、朱槿、朱砂梅、杜鹃、杜鹃球、杞柳、杨叶肖槿、枸杞、枸橘、枸骨、枸骨球、柠条、柠条锦鸡儿、栀子、栀子球、树状月季、树葡萄、树锦鸡儿、桂花球、桃叶珊瑚、桃金娘、桧柏球、棣棠、棣棠球、榆叶梅球、榆树球、槟柃、檵木、欧李、欧洲荚蒾、毛叶丁香、毛叶丁香球、毛杜鹃、毛核木、毛鹃球、水果兰、水果蓝、水果蓝球、水腊、水腊球、水荀子、水蜡、水蜡球、江南杜鹃、沙地柏、沙棘、法国冬青球、洋紫苏、洋金凤、洒金柏、洒金榕、浓香茉莉、海桐、海桐球、溲疏、滨柃、灌木海棠、火山榕、火棘、火棘球、火焰卫矛、灰莉球、烟火树、烟花树、牡丹、牡荆、狗牙花、狭叶十大功劳、猥实、猬实、玉芙蓉、玫瑰、玫瑰木槿、珊瑚树、珍珠梅、珍珠绣线菊、琴叶珊瑚、琼花、瓜子黄杨球、白蝉、百合竹、盆架子、矮海棠、矮紫薇、矮黄假连翘、石楠球、石海椒、硬枝黄蝉、福建茶、福建茶球、福木、福禄桐、米兰、米兰球、粉叶金花、粉花绣线菊、糯米条、紫丁香、紫丁香球、紫叶小檗球、紫叶矮樱、紫叶矮樱球、紫叶风箱果、紫枝玫瑰、紫牡丹、紫穗槐、紫花醉鱼木、紫鹃、红丁香、红乌桕、红刺玫、红刺露兜、红叶小檗球、红叶李球、红叶槿、红叶石楠球、红叶金花、红果忍冬、红果金丝桃、红栌、红桑、红梗木、红王子锦带、红王子锦带球、红瑞木、红瑞木球、红端木、红绒球、红继木、红继木球、红背桂、红花桎木、红花继木、红茴香、红车、红雪果、细叶女贞、细叶萼距花、结香、结香球、绣球花、绣线菊、绣线菊球、罗汉松球、美人茶、美国紫薇、美国荚蒾、美蕊花、翠蓝柏、胡枝子、胡椒木、胡椒木球、胡颓子、胶东卫矛、胶东卫矛球、腊梅、芙蓉球、芙蓉葵、花叶女贞球、花叶木槿、花叶杞柳、花叶榕、花叶榕球、花叶蔓长春、花叶锦带、花叶锦带花、花叶香桃木、花柏球、苦水玫瑰、茉莉、茉莉球、茶条槭、茶树、茶梅、茶梅球、茶花、茶花球、草海桐、菲油果、蓝叶忍冬、蔷薇、藤本月季、虎刺梅、蚊母、蚊母球、蜀桧球、螺纹铁、蟹爪兰、西洋杜鹃、西洋鹃、贴梗海棠、赤苞花、软枝黄蝉、迎春、迎春球、连翘、连翘球、迷迭香、郁李、酒金柏、重瓣榆叶梅、野牡丹、野茉莉、野鸦椿、金丝桃、金丝梅、金叶假连翘、金叶接骨木、金叶榆球、金叶水腊、金叶疣、金叶莸、金叶锦带、金叶风箱果、金姬水腊、金姬水腊球、金山绣线菊、金星柏球、金枝梾木、金森女贞球、金焰绣线菊、金禾女贞、金禾女贞球、金老梅、金边六月雪、金边大花六道木、金边无秃子、金边无秃子球、金边海桐、金边瑞香、金边胡颓子、金边连翘、金边锦带花、金边黄杨球、金钟花、金钟连翘、金银忍冬球、金银木、金露梅、钻石月季、银边黄杨、银边黄杨球、银霜女贞、铺地柏、锦带花、阔叶十大功劳、阔苞菊、雀舌黄杨球、雪花木、青叶铁、青珊瑚、青继木、非洲茉莉、非洲茉莉球、鞑靼忍冬、风箱果球、香叶树、马尾铁、马桑树、驳骨丹、高山杜鹃、鸟尾花、鸡树条荚蒾、鸭掌木、鸳鸯茉莉、鸾枝、鹅掌柴、麦李、麻叶绣线菊、黄刺玫、黄刺玫球、黄心梅、黄心梅球、黄杨球、黄柳、黄栌、黄榕球、黄瑞木、黄瑞香、黄素梅球、黄虾花、黄蝉、黄金叶、黄金叶球、黄金枸骨、黄金榕、黄金榕球、黄金绒球、黄金花柏、龙柏球、龙船花、龟甲冬青、龟甲冬青球
1697,园林绿化,园林植物,盆景,园林绿化 > 园林植物 > 盆景,83,9,一品红盆景、万寿菊盆景、三角梅桩盆景、三角梅盆景、九里香盆景、五星花盆景、人参榕盆景、仙羽蔓球绒盆景、假山盆景、凤仙盆景、博兰盆景、发财盆景、变叶木盆景、君子兰盆景、四季海棠盆景、垂榕桩盆景、夏威夷椰子盆景、天人菊盆景、天竺葵盆景、太阳花盆景、富贵椰子盆景、富贵蕨盆景、对节白蜡盆景、小叶女贞柱盆景、小叶榕盆景、小龙须盆景、幌伞枫盆景、平安树盆景、提根榕盆景、春鹃盆景、木春菊盆景、松果菊盆景、松龙果盆景、枣树桩盆景、柳叶马鞭草盆景、树莓盆景、桂花盆景、榕树桩盆景、水葱盆景、油松盆景、法国冬青柱盆景、狐尾天门冬盆景、狼尾草盆景、瓜叶菊盆景、白掌盆景、石楠柱盆景、石榴桩盆景、石竹盆景、福建茶盆景、秋风桩盆景、紫薇桩盆景、红叶石楠柱盆景、红掌盆景、红枫盆景、红继木盆景、绿萝盆景、罗汉松盆景、芦苇盆景、荷花盆景、菜豆树盆景、薰衣草盆景、蝴蝶兰盆景、西洋鹃盆景、迎客松盆景、造型榆树盆景、造型红继木桩、造型细叶女贞桩、造型罗汉松盆景、铁树盆景、长春花盆景、雪铁芋盆景、香兰盆景、香彩雀盆景、香蒲盆景、马拉巴栗盆景、鸟巢蕨盆景、鸭脚木盆景、鸿运当头盆景、鸿运海棠盆景、鹤望兰盆景、黄杨柱盆景、黄菖蒲盆景、黄金榕盆景
1698,园林绿化,园林植物,绿篱,园林绿化 > 园林植物 > 绿篱,26,1,北海道黄杨、垂叶榕绿篱、大叶黄杨、大叶黄杨柱、小叶丁香篱、小叶黄杨、朝鲜黄杨、水蜡篱、法国冬青、海桐篱、火山榕绿篱、珊瑚篱、瓜子黄杨、紫叶小檗、红叶石楠柱、红叶黄杨、花叶女贞、金叶女贞、金叶榆篱、金姬小蜡、金森女贞、金科女贞、金边黄杨、银姬小蜡、银姬小蜡球、高山黄杨
1696,园林绿化,园林植物,花卉,园林绿化 > 园林植物 > 花卉,396,31,一串红、一叶兰、丁香美人蓍草、万寿菊、万年红、万年青、三七景天、三叶草、三色堇、丛生福禄考、东北百合、中华天胡荽、也门铁、五彩苏、五星花、五色草、亚菊、亮叶朱蕉、仙人柱、佛头花、侧金盏、假蒿、假龙头、八宝景天、兰花、冰岛虞美人、冷水花、凤仙、凤梨、凯瑟琳伍德伯里萱草、刺文竹、剪刀兰、勋章花、勿忘草、北京小菊花、北黄花菜、千头菊、千屈菜、千日红、千鸟花、半枝莲、卡塞尔荷兰菊、卷丹百合、双色粉花常绿鸢尾、各种时花、合果芋、吊竹梅、吊钟柳、向日葵、君子兰、含羞草、吸毒草、唐菖蒲、四季海棠、四季花、四季菊、国庆菊、圣诞节萱草、地涌金莲、地被菊、地雷花、墨兰、墨西哥鼠尾草、夏堇、夏日毛地黄、夏枯草、夏瑾、多肉植物、夜光灯萱草、夜来香、大丽花、大丽菊、大兰花常绿鸢尾、大叶红草、大滨菊、大紫花常绿鸢尾、大花剪秋罗、大花天人菊、大花海棠、大花滨菊、大花秋葵、大花美人蕉、大花萱草、大花葱、大花金鸡菊、大花马齿苋、大花鹤望兰、天人菊、天冬、天堂之门金鸡菊、天竺葵、天鹅竹芋、太阳花、委陵草、姜花、姜荷花、姬小菊、婆婆纳、孔雀兰、孔雀竹芋、安东尼教授荷兰菊、富贵塔、富贵子、富贵菊、富贵蕨、射干、小丽花、小兰花常绿鸢尾、小蚌兰、小黄花菜、山丹、山桃草、巧克力毛地黄、巨叶卡特琳筋骨草、巨无霸玉簪、巴西美人、帕特丽夏荷兰菊、常夏石竹、常绿萱草、彩叶朱蕉、彩叶草、彩虹美人蕉、德国景天、德国鸢尾、慈姑、扁竹根、报春花、排骨草、文殊兰、文竹、斑茅、斯特拉萱草、旅人蕉、旋覆花、早小菊、旱金莲、时令花、时钟花、星光荷兰菊、晨曲蛇鞭菊、月见草、木春菊、朱焦、朱蕉、松果菊、柠檬香草、柳叶菊、柳叶马鞭草、格拉茨芒、格桑花、桔梗、桔红毛地黄、梳黄菊、樱草、欧石竹、毛地黄、毛地黄钓钟柳、毛茛、水蝴蝶、沃尔特蓍草、油菜花、法兰西玉簪、法国海尔斯萱草、波斯菊、泽兰、洋凤仙、洋甘菊、海芋、满天星、滴水观音、火把莲、火星花、火炬、火炬花、火焰凤梨、燕子花、爱国者玉簪、牵牛、特丽莎香茶菜、玉竹、玉簪、玫红天人菊、玫红筋骨草、珍妮荷兰菊、瑰丽荷兰菊、瓜叶菊、甜心玉簪、白晶菊、白玉簪、白芨、白茅、白鹤芋、百合、百子莲、百日红、百日草、百日菊、皇冠菊、皇冠蓍草、矮牵牛、矮生百慕大、矮生美人蕉、石竹、石蒜、矾根、硫华菊、福禄考、秋海棠、移花、穗花婆婆纳、竹芋、筋骨草、粉缎婆婆纳、粉花常绿鸢尾、粉黛乱子草、精灵天人菊、紫叶千鸟花、紫叶朱蕉、紫叶筋骨草、紫叶美人蕉、紫堇、紫姑娘荷兰菊、紫娇花、紫松果菊、紫玉簪、紫罗兰、紫背竹芋、紫花地丁、紫茉莉、紫菀、紫金牛、紫露草、紫鸭趾草、繁星花、红叶朱蕉、红宝石荷兰菊、红宝石萱草、红心毛地黄、红掌、红星、红景天、红背兰、红花、红花三叶草、红花文殊兰、红花草、红花萱草、红花酢酱草、红花鼠尾草、红草、红莲子草、红辣椒蓍草、红运萱草、细叶蚌花、绿叶玉簪、绿巨人、绿霸王、美丽月见草、美人蕉、美国之梦金鸡菊、美国薄荷、美女樱、羽叶婆婆纳、羽扇豆、羽衣甘蓝、翠叶竹芋、翠芦莉、翠菊、耧斗菜、芍药、芙蓉菊、芝加哥努比萱草、芝加哥将军萱草、芦荟、芭蕉、花叶玉簪、花叶竹芋、花叶紫娇花、花叶美人蕉、花叶良姜、花叶荨麻、花菱草、花萱草、苜蓿草、茼蒿菊、草本花卉、草胡椒、荷兰菊、荷包牡丹、萱草、萼距花、落新妇、蓝叶玉簪、蓝花亚麻、蓝花鸢尾、蓝蝴蝶鸢尾、蓝雪花、薫衣草、薰衣草、藿香、虎尾兰、虞美人、蚌兰、蚌花、蛇莓、蛇鞭菊、蜀葵、蜘蛛兰、蝎尾蕉、蝴蝶兰、蟛蜞菊、血苋、血草、西伯利亚鸢尾、西罗亚阁女萱草、角堇、豆瓣绿、费菜、赛菊芋、赤胫散、达布尔萱草、过路黄、连钱草、遍地黄金、郁金香、醉蝶花、重瓣七彩常绿鸢尾、重瓣金鸡菊、野芋、野花组合、野菊花、金光菊、金叶玉簪、金娃娃萱草、金心吊兰、金心玉簪、金百合、金盏菊、金脉爵床、金边玉簪、金雀花、金鱼草、金鸡菊、铁兰、铃兰、银叶菊、银叶蒿、银边山菅兰、银边玉簪、银边芒、锦竹草、长春花、随意草、雀麦草、雏菊、雪之吻荷兰菊、雪眼睛萱草、雪茄花、雪铁芋、青苹果竹芋、非洲凤仙、非洲菊、韭兰、风信子、风车草、风铃草、风雨兰、飞燕草、香彩雀、香雪兰、马缨丹、马莲、马蔺、马蹄莲、马鞍草、马鞭草、马齿苋、驱蚊草、鸟巢蕨、鸡冠花、鸢尾、鹤望兰、麻叶莲、黄冠菊、黄嗜、黄晶菊、黄花鸢尾、黄菖莆、黄葵、黄金菊、黄鸟蕉、黑心菊、黑白配萱草、黑美人、龙爪兰、龙舌兰
1700,园林绿化,园林植物,草坪、草籽,园林绿化 > 园林植物 > 草坪、草籽,245,0,一串红草籽、一年生黑麦草草种、七叶树种子、万寿菊花种、万寿菊草籽、三叶草草籽、中华结缕草、乐东木兰种子、乐昌含笑种子、二月兰种子、二月兰花种、交让木种子、优异草籽、优美草种、优美草籽、传奇草籽、伯乐树籽、偃伏来木草籽、光叶紫花苕、公园草籽、兰引三号、兰引草籽、刀锋高羊茅草种、刺槐种子、刺槐草种、剪股颖、剪股颖草籽、包衣狗牙根草种、包衣白三叶草种、千日红草籽、华山松种子、南天竹籽、南苜蓿、厚朴籽、台湾四季青、台湾草、台湾青、合欢种子、吉祥草、唐吉诃德草种、喜树种子、四季海棠草籽、地毯草、地被菊种子、地被菊花种、坦克草种、垂吊矮牵牛草籽、墨西哥玉米草籽、夏威夷草、多年生黑麦草草种、多花木兰种子、大叶油草、大红鹰草种、大花海棠草籽、大麦种子草籽、大麦草、天人菊花种、天堂草、孔雀草草籽、宜昌楠籽、宿根鼠尾草花种、小冠花草籽、山樱桃籽、山茱萸种子、山麦冬、巨紫荆种子、常夏石竹花种、庐山柿种子、惠亚草籽、护坡高羊茅草种、披碱草、披碱草草籽、新秀高羊茅草种、无患籽、无根草籽、无芒雀麦、无芒雀麦草籽、日本结缕草、日本草、早熟禾、早熟禾草籽、普通混播草草种、朝鲜草、杜英种子、松香草草籽、果岭草、果岭草种、枸橘籽、柳叶马鞭草花种、栾树种子、桂花种子、梦幻花园花种、梦神草籽、棕榈籽、楠木籽、榉树种子、樱花籽、檫木籽、毛竹籽、毛苕子草种、沙打旺、沙打旺草籽、油茶种子、波斯菊矮杆混色花种、波斯菊草籽、波斯菊高混花种、流苏籽、海桐种子、涝峪苔草、混合草籽、混合草籽-绿洲1号、混合草籽-绿风帆(中档)、混播草坪、湿地松籽、烈日高羊茅草种、爬山虎花种、爱娃草种、牵牛草籽、狗牙根、狗牙根原种草种、狗牙根草籽、狼尾草草籽、玉龙草草籽、珊瑚树种子、甜高粱种子、田菁草种、畜牧玉米种子、白三叶、白三叶种子、白三叶草种、白三叶草籽、白喜草、白玉兰种子、白玉兰籽、百慕大草、百慕大草坪、百慕大草籽、百日草矮杆混色花种、百日草籽、百日草草籽、百日草高混花种、百花盛宴花种、矢车菊花种、硫化菊籽、硫华菊花种、硫华菊花籽、神通草籽、禾源5号四季青混播草草种、稞草草籽、竹柏籽、籽粒笕草籽、粉黛乱子草草籽、紫松果菊花种、紫穗槐种子、紫穗槐草杆草籽、紫穗槐草种、紫穗槐草籽、紫羊茅、紫羊茅草籽、紫花地丁草籽、紫花百蓓草籽、紫花苜蓿、紫花苜蓿草种、红三叶、红三叶草种、红三叶草籽、红花玉兰籽、红豆杉籽、红豆草草籽、绅士草种、绅士草籽、细叶芒草籽、细叶麦冬、结缕草草种、绿鸟草籽、罗汉松籽、美国四季青、美国牧麦草籽、老鹰草、肯塔基草种、肯塔基草籽、胡枝子种子、脱颖狼尼草草籽、臂形草、艾瑞达高羊茅草种、花千谷花种、花叶燕麦草、花海花种、苏丹草草种、苦槠种子、苦麦菜草籽、草卷、草籽组合、菊苣草籽、葡萄翦股颖、蒲公英、蓍草/千叶蓍、蓝果树种子、蓝果种子、蓝花鸢尾花种、薰衣草花种、虞美人花种、蜀葵花种、蜀葵草籽、进口种子、速生草草籽、鄂西红豆籽、野牛草、野牛草草籽、野花组合花种、金合欢种子、金斯顿草籽、金标高羊茅草种、金盏菊花种、金边麦冬、金鸡菊花种、银边沿阶草、锦葵草籽、长春花花种、青钱柳籽、非洲狗尾草、饲料甜菜种子、香樟种子、马尼拉草、马尼拉草坪、马尼拉草籽、马棘种子、马蹄金、高丹草草籽、高羊茅、高羊茅种子、高羊茅草籽、鱼草籽、鲁梅克斯草籽、麦冬、麦冬草籽、麻栎种子、黄檀种子、黄花槐种子、黑壳楠籽、黑心菊花种、黑麦草、黑麦草草籽、鼠尾草草籽、龙须草
1692,园林绿化,园林植物,藤本植物,园林绿化 > 园林植物 > 藤本植物,31,21,三角梅、五叶木通、五味子、使君子、凌霄、南蛇藤、喜林芋、大花老鸦嘴、常春藤、扶芳藤、油麻藤、活血丹、海刀豆、炮仗花、爬山虎、猕猴桃、紫藤、紫蝉、络石、绿萝、花叶常春藤、花叶活血丹、花叶络石、茑萝、葡萄、辟荔、金边扶芳藤、金银花、飘香藤、马鞍藤、鸡蛋果
1695,园林绿化,园林植物,观赏竹类,园林绿化 > 园林植物 > 观赏竹类,42,0,京竹、佛肚竹、凤尾竹、刚竹、刺竹、唐竹、四季竹、开运竹、慈孝竹、慈竹、斑竹、方竹、早园竹、椰竹、楠竹、水竹、淡竹、猴竹、琴丝竹、窝竹、箬竹、粉单竹、紫竹、红竹、翠竹、苦竹、茶杆竹、菲白竹、菲黄竹、葫芦龙头竹、观音竹、金竹、金镶玉竹、雷竹、青皮竹、青竹、鸡毛竹、黄杆乌哺鸡竹、黄金竹、黄金间碧玉竹、黄金间碧竹、黔竹
1708,园林绿化,园艺资材,其他园林绿化器材,园林绿化 > 园艺资材 > 其他园林绿化器材,8,23,1站控制器(一节9V电池保证一年用电)、ESP-4M(灌溉控制器)、单级单网过滤器、施肥机、施肥罐、流水板、滴灌管、编程器(一个可控制1000个WVC控制器)
1704,园林绿化,园艺资材,化肥、农药、杀虫剂,园林绿化 > 园艺资材 > 化肥、农药、杀虫剂,97,0,DDV(敌敌畏)、三唑酮、三氧杀螨醇、依它、保水剂、全水溶复合肥、全能杀菌剂、全能杀虫剂、刺吸式害虫杀虫剂、十八清、土传病害杀菌剂、土堆肥、土壤消毒杀菌剂、地下害虫杀虫剂、地杀、地爱、地虫净、夏季斑专用杀菌剂、多菌灵、尿素、币斑白粉病专用杀菌剂、广谱杀菌剂、广谱杀虫剂、思它灵、改良剂、敌杀死、施它活、早起草、春季坏死斑专用杀菌剂、杀根结线虫剂、杀菌剂、杀虫剂、杀螨杀虫剂、杂草清、松尔、枪手杀虫剂、树动力、树木营养液、根盼、格尔、氧化乐果、活力源、灭扫利、牛粪肥、生根剂、生根液、生根粉、生跟、甲托、白涂剂、白粉锈病杀菌剂、白蚁药、百菌清、矮壮素、石油乳剂、硝磷酸铵、硫铵、磷化铝、磷肥、磷酸一铵、禾草净、禾草威锄、秀百宫、移成、粉尘杀虫剂、粉绣宁乳剂、羊粪肥、腐熟饼肥、腐霉病专用杀菌剂、花木广谱杀菌剂、苗前土壤处理剂、苜草锄、英纳、草甘膦、菊杀乳油、蓟马白粉虱蚜虫杀虫剂、蚧壳虫杀虫剂、褐斑病专用杀菌剂、西维因、过磷酸钙、速灭杀丁、钾肥、铁灭克、锌硫磷、阔叶净、除草剂、除虫脲、雨阳、雨阳肥、颗粒杀虫剂、颜化、食叶害虫杀虫剂、高脂膜、鳞翅目害虫杀虫剂、鸡粪肥、麻渣、齐螨素
187,园林绿化,园艺资材,园艺资材,园林绿化 > 园艺资材 > 园艺资材,47,0,三维植被网、三维网、中泥炭质土、内丝取水阀、取水器、取水阀、取水阀箱、园艺珍珠岩、园艺绿沸、垂直绿化专用植被毯、垃圾箱、屋顶绿化植被毯、山泥、带种子屋顶绿化植被毯、带种子抗冲刷植被毯、带种子普通植被毯、弱泥炭质土、强泥炭质土、微喷带、快速取水阀箱、抗冲刷植被毯、支撑帽、普通植被毯、树木支撑架、树棍、树皮、植生格、植生袋、植草格、椰毯、玻璃钢花池、石制花钵、种草格、绿化植被毯、花卉陶粒、花架、花桶、花盆、花箱、花钵、草炭土、营养土、营养块、蔬菜花卉种植架、薄膜、赤玉土、输水带
1706,园林绿化,园艺资材,浇水喷头,园林绿化 > 园艺资材 > 浇水喷头,4,8,固定式喷灌喷头、地埋式喷头、摇臂喷头、旋转式喷灌喷头
1705,园林绿化,园艺资材,种植土,园林绿化 > 园艺资材 > 种植土,0,0,
1707,园林绿化,园艺资材,苗木检修、栽培器材,园林绿化 > 园艺资材 > 苗木检修、栽培器材,25,0,便捷式手摇播撒机、剪枝剪、割灌割草机、割灌机、割草机、吸草机、喷雾喷粉机、四冲程割灌割草机、微耕机、手推式机动喷雾机、打药机、担架式机动喷雾机、播种机、整篱剪、旋耕机、旋转式高枝剪、油锯、直流电动修剪机、绿篱修剪机、耙子、草坪修剪机、草坪剪草机、草坪打孔机、草坪梳草机、起草皮机
1703,园林绿化,景观材料,假山、观景石,园林绿化 > 景观材料 > 假山、观景石,29,9,假山、假山石、刻字石、千层石、吸水石、塑石假山、太湖石、太湖石假山、景石、景观石、泊岸石、泰山石、浇筑透水石、湖石、溪滩石、火山岩、灵璧石、石笋、草坪石、观景石、钟乳石、风景石、黄石、黄立石、黄腊石、黄蜡石、黄锈石、黑山石、龟纹石
96,园林绿化,景观材料,喷泉,园林绿化 > 景观材料 > 喷泉,10,0,壁泉、复合喷泉、小品喷泉、旱地泉、涌泉、石雕喷泉、跌水喷泉、跳泉、间歇泉、雾化喷泉
186,园林绿化,景观材料,园林雕塑,园林绿化 > 景观材料 > 园林雕塑,39,18,不锈钢雕塑、人物石雕、人造砂岩雕塑、仿古小石桥-石雕、冰雕、动物雕塑、单层亭子-石雕、双层亭子-石雕、园凳、地雕、抱鼓石、木雕、树脂玻璃钢雕塑、根雕、水泥雕塑、汉白玉园桌、泥塑、漆雕、玻璃钢雕塑、石凉亭、石凳、石望柱、石条凳、石栏杆、石桌、石灯、石狮、石狮子、石膏像雕塑、石走廊、石雕、石鼓、硅胶雕塑、蜡像、贝雕、铜雕、陶瓷雕塑、面塑、骨雕
1446,墙砖、地砖、地板、地毯类材料,其他地板,亚麻环保地板,墙砖、地砖、地板、地毯类材料 > 其他地板 > 亚麻环保地板,4,12,支架上托、支架下托、横梁拼长件、角铝
41,墙砖、地砖、地板、地毯类材料,其他地板,其他地板,墙砖、地砖、地板、地毯类材料 > 其他地板 > 其他地板,12,20,亚麻地板、亚麻运动地板、地暖地板、悬浮式拼装地板、户外地板、拼装地板、瓷砖地板、真皮地板、硫酸钙地板、通风地板、铝合金防水地垫、防腐木地板
42,墙砖、地砖、地板、地毯类材料,地坪,地坪,墙砖、地砖、地板、地毯类材料 > 地坪 > 地坪,72,1,EPDM塑胶颗粒球场地坪、PU彩色地坪漆、丙烯酸地坪、丙烯酸地坪漆、压模地坪、厚层水泥自流平漆、固化地坪、塑胶地坪、密封固化剂地坪、彩砂自流平、彩砂自流平漆、彩色环氧地坪漆、无溶剂环氧清漆、无溶剂高固含环氧地坪漆、普通型环氧地坪漆、普通防静电环氧地坪漆、树脂地坪漆、水性地坪、水性地坪漆、水性环氧中涂漆、水性环氧地坪漆、水性环氧底漆、水泥自流平、水泥自流平漆、水磨石地坪、环氧中涂漆、环氧地坪、环氧地坪中涂、环氧地坪封闭漆、环氧地坪底漆、环氧地坪施工、环氧地面涂料、环氧平涂面漆、环氧无溶剂型地坪、环氧无溶剂型地坪漆、环氧树脂地坪、环氧树脂地坪漆、环氧树脂平涂型地坪漆、环氧树脂彩砂地坪漆、环氧树脂砂浆型地坪、环氧树脂自流平地坪、环氧树脂自流平地坪漆、环氧溶剂型地坪、环氧溶剂型地坪漆、环氧自流坪、环氧自流平、环氧自流平地坪漆、环氧自流平地面涂料、环氧自流平漆、环氧防滑地坪漆、石膏基自流平、硅PU球场、硅PU球场地坪、硬化渗透剂地坪、磨石地坪、粘结找平层、耐磨地坪、耐重地坪、聚氨酯地坪、聚氨酯地坪漆、自流平地坪漆、透水地坪、透水地坪漆、金刚砂耐磨地坪、防冻地坪、防滑地坪、防腐地坪、防静电地坪、防静电地坪漆、防静电环氧中层漆、防静电环氧自流平地坪漆、高附着力底漆
98,墙砖、地砖、地板、地毯类材料,地毯、挂毯,地毯,墙砖、地砖、地板、地毯类材料 > 地毯、挂毯 > 地毯,25,0,丙纶地毯、化纤地毯、喷丝地毯、地毯胶垫、塑料地毯、威尔顿地毯、尼龙地毯、布艺地毯、棉绒地毯、涤纶地毯、涤纶挂毯、混纺地毯、满铺地毯、澳毛地毯、狄龙地毯、真丝地毯、竹纤维地毯、簇绒地毯、纯羊毛地毯、纯羊毛挂毯、羊毛混纺地毯、腈纶地毯、萨克森地毯、铝合金地毯、阿克明地毯
1445,墙砖、地砖、地板、地毯类材料,地毯、挂毯,挂毯、门毡,墙砖、地砖、地板、地毯类材料 > 地毯、挂毯 > 挂毯、门毡,0,0,
129,墙砖、地砖、地板、地毯类材料,塑料、橡胶地板,塑料地板,墙砖、地砖、地板、地毯类材料 > 塑料、橡胶地板 > 塑料地板,8,21,PE塑料地板、PP塑料地板、PSP塑胶地板、PVC卷材地板、PVC塑胶地板、PVC片材地板(石塑地板)、PVC运动地板、橡塑地板
1443,墙砖、地砖、地板、地毯类材料,塑料、橡胶地板,塑料地砖,墙砖、地砖、地板、地毯类材料 > 塑料、橡胶地板 > 塑料地砖,0,0,
1444,墙砖、地砖、地板、地毯类材料,塑料、橡胶地板,橡胶地板,墙砖、地砖、地板、地毯类材料 > 塑料、橡胶地板 > 橡胶地板,4,7,普通橡胶地板、橡胶卷材地板、橡胶运动地板、聚氨酯弹性橡胶地板
1442,墙砖、地砖、地板、地毯类材料,塑料、橡胶地板,石塑地砖,墙砖、地砖、地板、地毯类材料 > 塑料、橡胶地板 > 石塑地砖,0,0,
40,墙砖、地砖、地板、地毯类材料,木地板,实木地板,墙砖、地砖、地板、地毯类材料 > 木地板 > 实木地板,3,11,实木多层地板、实木运动地板、拼花实木地板
1440,墙砖、地砖、地板、地毯类材料,木地板,实木复合地板,墙砖、地砖、地板、地毯类材料 > 木地板 > 实木复合地板,2,4,实木复合板、实木复合运动地板
1439,墙砖、地砖、地板、地毯类材料,木地板,强化复合地板,墙砖、地砖、地板、地毯类材料 > 木地板 > 强化复合地板,1,4,运动木地板
1438,墙砖、地砖、地板、地毯类材料,木地板,木塑复合地板,墙砖、地砖、地板、地毯类材料 > 木地板 > 木塑复合地板,0,0,
1441,墙砖、地砖、地板、地毯类材料,木地板,竹（木）地板,墙砖、地砖、地板、地毯类材料 > 木地板 > 竹（木）地板,2,3,立竹拼花地板、竹地板
1436,墙砖、地砖、地板、地毯类材料,木地板,软木地板,墙砖、地砖、地板、地毯类材料 > 木地板 > 软木地板,1,2,多层复合软木地板
1437,墙砖、地砖、地板、地毯类材料,木地板,软木复合弹性地板,墙砖、地砖、地板、地毯类材料 > 木地板 > 软木复合弹性地板,0,0,
235,墙砖、地砖、地板、地毯类材料,防静电地板,防静电地板,墙砖、地砖、地板、地毯类材料 > 防静电地板 > 防静电地板,4,11,硫酸钙防静电地板、网络地板、陶瓷钢地板、高密度复合防静电地板
1433,墙砖、地砖、地板、地毯类材料,陶瓷砖（板）,瓷砖,墙砖、地砖、地板、地毯类材料 > 陶瓷砖（板） > 瓷砖,58,22,MCM改性无机粉复合建筑装饰材料、PC仿石砖、亚光砖、仿古面砖、仿石材地砖、仿石材面砖、劈开砖、原石、台面线、喷墨砖、地线、抛光砖、抛晶砖、抛釉砖、拼花、晶刚石、晶钻石、木化瓷、木纹砖、柔光砖、树脂腰线、树脂花片、橡胶刮板、波打线、泳池砖、炻质砖、玻化砖、瓷抛砖、瓷片、瓷砖十字卡、瓷砖压条、紫砂陶土砖、红缸砖、纸皮砖、耐酸碱地砖、背景墙、脚线、腰线、花片、角花、超市砖、超晶石、转角、软瓷砖、边带、通体砖、釉石、釉面砖、金刚釉、金属(钒钛)地面瓷砖、钛金不锈钢复合地砖、镜框线、阳角、阴角、陶土砖、陶瓷岩板、陶瓷薄板、齿形刮板
1435,墙砖、地砖、地板、地毯类材料,陶瓷砖（板）,马赛克,墙砖、地砖、地板、地毯类材料 > 陶瓷砖（板） > 马赛克,9,18,树脂马赛克、水晶马赛克、混拼马赛克、生态木马赛克、石材马赛克、船木马赛克、贝壳马赛克、金属马赛克、陶瓷马赛克
54,墙面、天棚及屋面饰面材料,其他装饰板及材料,其他装饰板及材料,墙面、天棚及屋面饰面材料 > 其他装饰板及材料 > 其他装饰板及材料,52,5,UV装饰板、UV高光饰面板、三防板、不锈钢蜂窝板、中孔轻质陶板、千思板、压延微晶板、哈比特板、夹胶玻璃挂墙、导光板、岩棉吸音板、布艺吸音板、微晶板、微晶玻璃复合板材、抗倍特板、无机预涂板、晶钻板、木质穿孔吸音板、毛面陶瓷板、水晶板、玻岩板、玻璃纤维板、玻纤吸声天花板、玻纤吸音板、珍珠岩吸音板、生态木吸音板、皮革吸音板、硅晶板、索洁板、纤瓷板、纸面稻草板、美岩板、聚酯纤维板、芙蓉板、菱镁平板、藻钙板、蜂窝纸板、软木吸音板、软木墙板、釉面陶瓷板、金属墙面复合板、钒钛装饰板、钛金板、钢钙板、铝条缝吸音板、铝箔复合隔热板材、防火吸音板、陶板、陶百叶、雕刻铝板、高晶板、高硅板
1464,墙面、天棚及屋面饰面材料,其他装饰板及材料,金、银箔制品,墙面、天棚及屋面饰面材料 > 其他装饰板及材料 > 金、银箔制品,6,12,仿金箔、仿银箔、金箔、铜箔、铝箔、银箔
1461,墙面、天棚及屋面饰面材料,壁纸、壁布,壁布,墙面、天棚及屋面饰面材料 > 壁纸、壁布 > 壁布,1,3,硅藻布
1462,墙面、天棚及屋面饰面材料,壁纸、壁布,壁画,墙面、天棚及屋面饰面材料 > 壁纸、壁布 > 壁画,0,0,
128,墙面、天棚及屋面饰面材料,壁纸、壁布,壁纸,墙面、天棚及屋面饰面材料 > 壁纸、壁布 > 壁纸,15,20,PVC壁纸、仿真丝壁纸、发泡壁纸、无纺布壁纸、无纺纸壁纸、棉麻壁纸、植绒壁纸、纤维壁纸、纸质壁纸、织物壁纸、绒布壁纸、草编壁纸、软木壁纸、金属壁纸、雪尼尔壁纸
1460,墙面、天棚及屋面饰面材料,格栅、格片、挂片,格栅、格片、挂片,墙面、天棚及屋面饰面材料 > 格栅、格片、挂片 > 格栅、格片、挂片,28,7,G型垂帘、RDBM高分子格栅、S型垂帘、不锈钢格栅、圆形管挂条状吊顶、塑料格栅、实木格栅、方格状吊顶(格仔天花)、木塑方通、波浪式垂帘、片形挂条状吊顶、生态木格栅、矩形挂条状吊顶、聚氨酯格栅、聚酯格栅、胆形挂条状吊顶、边角、钢方通、钢格栅、铁方通、铁格栅、铝合金方通、铝合金格栅、铝方通、铝格栅、陶棍、骨条、高晶板格栅
44,墙面、天棚及屋面饰面材料,装饰隔断,屏风、隔断,墙面、天棚及屋面饰面材料 > 装饰隔断 > 屏风、隔断,13,0,固定式隔断、大开间活动隔断、实木花格、平开式隔断、折叠式隔断、推拉式活动隔断、推拉式隔断、浴厕隔断、玻璃隔断、花格屏风、花格门、通透花格、金属隔断
52,墙面、天棚及屋面饰面材料,轻质复合板,轻质复合板,墙面、天棚及屋面饰面材料 > 轻质复合板 > 轻质复合板,87,23,ALC条板、ALC楼板、ALC轻质隔墙板、EPS大模内置钢丝网架保温板、GRC轻质隔墙板、OUK轻质混凝土瓦棱钢网实心条板(聚苯颗粒)、PRPS复合泡沫隔热板、PRT大理石隔热板、PRT条纹石隔热板、PRT金刚塑隔热板、PRT陶瓷隔热板、SGK屋面节能隔热板、SGK屋面防水型隔热板、SW夹芯板、TL脱硫石膏轻型隔墙板、XPS大模内置钢丝网架保温板、中空内模金属网水泥隔墙、中空钢网隔墙、发泡陶瓷保温板、复合保温屋面板、复合彩钢板、工业沪渣隔墙板、工业灰渣空心板、彩钢压型板、彩钢夹芯保温板、彩钢夹芯瓦、彩钢屋面板、新型泡沫玻璃保温板、无机外墙保温板、木塑空心墙板、水泥发泡钢丝网架板、水泥发泡钢丝网架隔离带、水泥屋面防火板、泡沫夹芯板、混凝土隔墙条板、玻璃纤维增强水泥板(GRC复合墙板)、玻镁夹芯彩钢板、玻镁彩钢板、石膏砌块轻质隔墙板、石膏空心隔墙板、石膏轻质隔墙板、硅钙实芯隔墙板、纤维水泥隔墙板、纸蜂窝手工板、聚氨酯冷库板、聚氨酯夹心板、聚氨酯夹芯板、聚苯乙烯泡沫保温外墙保温板、聚苯彩钢夹芯板、聚苯颗粒实心复合板、聚苯颗粒水泥夹心复合条板内隔墙、聚苯颗粒砼墙板、胶粉聚苯颗粒外墙内保温板、自然面陶土板、蒸压加气混凝土墙板、负离子生态硅晶板、轻石陶瓷保温板、轻质复合夹心条板、轻质复合隔墙板、轻质实心隔墙板、轻质珍珠岩隔墙板、轻质空心隔墙板、轻质菱镁夹心复合墙体板、轻质陶粒隔墙板、轻质隔墙板、酚醛泡沫保温板、金属压型墙板、金属压型屋面板、金属岩棉夹芯板、钢丝网架夹芯保温墙板(泰柏板)、钢丝网架珍珠岩加芯板墙、钢丝网珍珠岩板、钢骨架轻型屋面板、铝镁锰屋面板、镀锌铁丝网空心墙、陶瓷隔墙板、陶粒混凝土条板、陶粒玻璃纤维空心轻质墙板、陶粒砼墙板、陶粒轻质隔墙板、预制泡沫水泥聚苯颗粒板、预制硅酸钙聚苯颗粒发泡水泥板、预制轻钢龙骨内隔墙板、预制轻钢龙骨隔墙板、预制陶粒混凝土聚苯复合块、高强挤塑成型水泥板、高晶天花板
1456,墙面、天棚及屋面饰面材料,金属装饰板,不锈钢装饰板,墙面、天棚及屋面饰面材料 > 金属装饰板 > 不锈钢装饰板,11,0,仿古不锈钢板、冲孔不锈钢板、压花不锈钢板、和纹不锈钢板、喷砂不锈钢板、拉丝不锈钢板、烤漆不锈钢板、蚀刻不锈钢板、覆膜不锈钢板、钛金不锈钢板、镜面不锈钢板
131,墙面、天棚及屋面饰面材料,金属装饰板,其它金属装饰板,墙面、天棚及屋面饰面材料 > 金属装饰板 > 其它金属装饰板,33,16,冲孔蜂窝板、印花钢板、印花铝板、彩钢瓦、挂墙金属板、瓦楞铝板、电化铝装饰板、装饰板、覆膜钢板、超微孔金属吸音板、金属天花板、钛锌屋面板、钛锌蜂窝板、钛锌铝蜂窝板、钢制金属天花板、铜蜂窝板、铝合金吊顶板、铝合金吸音板、铝合金拉网板、铝合金蜂窝板、铝合金装饰板、铝蜂窝板、铝质瓦楞板、铝锰合金板、铝锰硅合金板、铝镁合金板、铝镁硅合金板、铝镁锰保温板、铝镁锰合金屋面板、铝镁锰合金板、铝雕花板、铝饰面微孔吸音板、雕花钢板
46,墙面、天棚及屋面饰面材料,金属装饰板,铝装饰板,墙面、天棚及屋面饰面材料 > 金属装饰板 > 铝装饰板,11,17,H型铝条扣、井型铝扣板、天花板、拉网铝单板、穿孔铝单板、穿孔铝扣板、铝单板、铝塑板、铝扣板、铝方板、铝条扣
45,墙面、天棚及屋面饰面材料,集成吊顶系统,集成吊顶系统,墙面、天棚及屋面饰面材料 > 集成吊顶系统 > 集成吊顶系统,1,3,集成吊顶
49,墙面、天棚及屋面饰面材料,非金属装饰板,塑料装饰板,墙面、天棚及屋面饰面材料 > 非金属装饰板 > 塑料装饰板,16,22,GRP真石抗菌板、KT板、PC中空板、PC耐力板、PVC塑料装饰板、PVC抗菌板、上扣板、下扣板、塑料贴面装饰板、聚丙烯扣板、聚碳酸脂(PC)板、聚苯乙烯扣板、聚苯乙烯泡沫吸音板、聚酯纤维吸音板、钙塑泡沫吸声板、阳光板
1457,墙面、天棚及屋面饰面材料,非金属装饰板,复合装饰板,墙面、天棚及屋面饰面材料 > 非金属装饰板 > 复合装饰板,24,0,SMC复合全孔吸音天花板、SMC复合吸音天花板、SMC复合装饰板、不锈钢复合板、塑料复合钢板、塑钢装饰板、增强纤维复合板、实木复合装饰板、木塑装饰板、水泥聚苯复合板、玻璃棉玻镁复合板、玻璃棉金属复合板、玻纤复合板、玻镁平板、石膏玻纤复合板、石膏聚苯复合板、硅酸钙玻纤复合板、金属复合板、钛锌复合板、铝塑复合板、铝复合板、铝矿棉复合板、铝锌装饰板、镁铝装饰板
1405,墙面、天棚及屋面饰面材料,非金属装饰板,木质装饰板,墙面、天棚及屋面饰面材料 > 非金属装饰板 > 木质装饰板,8,10,免漆板(生态板)、宝丽板、护墙板、木纹板、木装饰板、烤漆板、立体波浪板、软木装饰板
1459,墙面、天棚及屋面饰面材料,非金属装饰板,珍珠岩装饰板,墙面、天棚及屋面饰面材料 > 非金属装饰板 > 珍珠岩装饰板,2,9,珍珠岩水泥装饰板、珍珠岩穿孔装饰板
51,墙面、天棚及屋面饰面材料,非金属装饰板,石膏板,墙面、天棚及屋面饰面材料 > 非金属装饰板 > 石膏板,22,0,GRG玻璃纤维加强石膏板、净醛纸面石膏板、加筋石膏板、印花石膏板、改性石膏板、无筋石膏板、无醛石膏板、普通纸面石膏板、涂白石膏板、石膏装饰板、空心石膏板、穿孔吸声石膏板、素面石膏板、纤维石膏板、覆膜石膏板、防水纸面石膏板、防水防火纸面石膏板、防潮纸面石膏板、防潮防火纸面石膏板、防火纸面石膏板、隔音石膏板、高端特种石膏板
43,墙面、天棚及屋面饰面材料,非金属装饰板,矿物棉装饰板,墙面、天棚及屋面饰面材料 > 非金属装饰板 > 矿物棉装饰板,2,9,矿棉吸声板、矿棉板
1458,墙面、天棚及屋面饰面材料,非金属装饰板,硅酸钙装饰板,墙面、天棚及屋面饰面材料 > 非金属装饰板 > 硅酸钙装饰板,5,12,无石棉硅酸钙板、硅酸盐吸音板、硅酸盐防火板、硅酸钙护墙板、硅酸钙板
48,墙面、天棚及屋面饰面材料,非金属装饰板,竹木装饰板,墙面、天棚及屋面饰面材料 > 非金属装饰板 > 竹木装饰板,1,4,碳晶板
236,墙面、天棚及屋面饰面材料,非金属装饰板,纤维水泥装饰板,墙面、天棚及屋面饰面材料 > 非金属装饰板 > 纤维水泥装饰板,9,1,FC穿孔水泥板、冰火板、埃特板、无机水泥板、无石棉纤维水泥板、木丝吸音板、木丝板、水泥压力板、纤维增强水泥装饰板
1781,家具及医疗器具,办公家具,会客沙发,家具及医疗器具 > 办公家具 > 会客沙发,3,5,1+1+2组合、1+1+3组合、1+2+3组合
1785,家具及医疗器具,办公家具,办公架类,家具及医疗器具 > 办公家具 > 办公架类,2,4,报刊架、货架
1783,家具及医疗器具,办公家具,办公柜,家具及医疗器具 > 办公家具 > 办公柜,8,23,化学药品柜、带锁文件柜、文件柜、桌上文件柜、档案柜、移动矮柜、落地文件柜、资料文件柜
1782,家具及医疗器具,办公家具,办公案几,家具及医疗器具 > 办公家具 > 办公案几,0,0,
204,家具及医疗器具,办公家具,办公桌,家具及医疗器具 > 办公家具 > 办公桌,13,14,会议桌、办公桌侧桌、屏风位、屏风工作位、屏风电脑桌、开敞式办公桌、条桌、洽谈桌、演讲桌、电脑桌、老板桌、职员桌、阅读桌
1780,家具及医疗器具,办公家具,办公椅,家具及医疗器具 > 办公家具 > 办公椅,0,0,
1786,家具及医疗器具,办公家具,展柜,家具及医疗器具 > 办公家具 > 展柜,6,11,展台、服装展柜、珠宝展柜、电脑展柜、背柜、陈列品展柜
1784,家具及医疗器具,办公家具,接待台,家具及医疗器具 > 办公家具 > 接待台,4,12,前台、收银台、演讲台、迎宾台
1787,家具及医疗器具,办公家具,机房移动电脑桌,家具及医疗器具 > 办公家具 > 机房移动电脑桌,0,0,
1791,家具及医疗器具,医疗器具,厕所凳,家具及医疗器具 > 医疗器具 > 厕所凳,1,2,坐厕凳
1788,家具及医疗器具,医疗器具,手术床,家具及医疗器具 > 医疗器具 > 手术床,0,0,
1792,家具及医疗器具,医疗器具,扶手架,家具及医疗器具 > 医疗器具 > 扶手架,2,6,助步器、医用扶手
1790,家具及医疗器具,医疗器具,智能电动垫,家具及医疗器具 > 医疗器具 > 智能电动垫,4,10,智能按摩椅垫、智能柔捏按摩垫、智能电动按摩床垫、电动按摩靠垫
1789,家具及医疗器具,医疗器具,理疗床,家具及医疗器具 > 医疗器具 > 理疗床,0,0,
139,家具及医疗器具,医疗器具,病床(护理床),家具及医疗器具 > 医疗器具 > 病床(护理床),1,4,病床
1793,家具及医疗器具,医疗器具,等候椅,家具及医疗器具 > 医疗器具 > 等候椅,5,17,三人位、五人位、单人位、双人位、四人位
1794,家具及医疗器具,医疗器具,输液脚蹬椅,家具及医疗器具 > 医疗器具 > 输液脚蹬椅,4,14,三人弯背输液椅、不锈钢方管可躺输液椅、直脚高背输液椅、茶几高背输液椅
10007,家具及医疗器具,家用家具,全屋定制,家具及医疗器具 > 家用家具 > 全屋定制,0,0,
1776,家具及医疗器具,家用家具,床类,家具及医疗器具 > 家用家具 > 床类,10,11,上下床、单人床、单层床、双人床、双层床、床、床位租金、床垫、床头靠背、床板架
1778,家具及医疗器具,家用家具,架类,家具及医疗器具 > 家用家具 > 架类,11,0,主机托、主机架、密集柜/密集架、搁板/壁架、沙发架、电脑架、置物架、行李架、衣帽架、裤架、鞋架
1774,家具及医疗器具,家用家具,案几类,家具及医疗器具 > 家用家具 > 案几类,5,6,书案、方几、玄关条案、茶几、角几
1777,家具及医疗器具,家用家具,桌台类,家具及医疗器具 > 家用家具 > 桌台类,22,0,中班台、主席台桌、书桌、书桌(学习桌)、休闲桌、吧台、咖啡桌、圆台、圆桌、大班台、实验台、小方桌、折叠桌、梳妆台、棋桌、水吧台、班台、经桌、茶桌、角桌、长条桌、麻将桌
138,家具及医疗器具,家用家具,椅凳类,家具及医疗器具 > 家用家具 > 椅凳类,51,2,中式圆椅三件套、中式躺椅三件套、中班椅、书椅、交椅、休闲椅、儿童椅、公园椅、写字椅、凳子、前台椅、吧椅、咖啡椅、四脚椅、圆凳、圆椅三件套、圈椅、多功能座椅、多功能椅、大班椅、天鹅商务三件套、太师椅、官帽椅、小凳子、床尾凳、床椅、户外休闲椅三件套、扶手椅、折叠椅、按摩椅、换鞋凳、摇椅、摇椅(躺椅)、新中式休闲椅、梳妆凳、椅子、沙发椅、洽谈椅、电脑椅、皇室7件套、礼堂椅、脚凳、艺术凳、贵妃椅、躺椅、长寿椅三件套、长条凳、阅览椅、靠背椅、高吧椅、高脚凳
1775,家具及医疗器具,家用家具,橱柜类,家具及医疗器具 > 家用家具 > 橱柜类,30,10,三联厨、书柜、书桌电视柜组、保险柜、保险箱柜、储物柜、储藏柜、六人更衣柜、床头柜、抽屉、挂墙机柜、挂柜、斗柜、更衣柜、柜体、榻榻米地台、橱柜、橱柜门、玄关(门厅柜)、玩具柜、电视柜、茶水柜、衣帽间吊柜、衣柜、衣柜木格栅、角柜、边柜、酒柜、长柜、鞋柜
1779,家具及医疗器具,家用家具,沙发类,家具及医疗器具 > 家用家具 > 沙发类,2,4,多人沙发、沙发床
10004,家具及医疗器具,户外家具,其他户外休闲家具,家具及医疗器具 > 户外家具 > 其他户外休闲家具,0,0,
10002,家具及医疗器具,户外家具,户外桌台类,家具及医疗器具 > 户外家具 > 户外桌台类,0,0,
10001,家具及医疗器具,户外家具,户外椅凳类,家具及医疗器具 > 户外家具 > 户外椅凳类,0,0,
10003,家具及医疗器具,户外家具,户外遮阳类,家具及医疗器具 > 户外家具 > 户外遮阳类,0,0,
1884,工程施工,专业作业,专业作业分包,工程施工 > 专业作业 > 专业作业分包,1,3,结构加固
1922,工程施工,专业承包,体育场地设施工程专业承包,工程施工 > 专业承包 > 体育场地设施工程专业承包,0,0,
1880,工程施工,专业承包,公路工程类专业承包,工程施工 > 专业承包 > 公路工程类专业承包,0,0,
248,工程施工,专业承包,其他工程专业承包,工程施工 > 专业承包 > 其他工程专业承包,2,5,机场场道工程专业承包、铁路电务电气化工程专业承包
1915,工程施工,专业承包,化工石油设备管道安装工程专业承包,工程施工 > 专业承包 > 化工石油设备管道安装工程专业承包,0,0,
1876,工程施工,专业承包,古建筑工程专业承包,工程施工 > 专业承包 > 古建筑工程专业承包,0,0,
1927,工程施工,专业承包,园林绿化专业承包,工程施工 > 专业承包 > 园林绿化专业承包,0,0,
1924,工程施工,专业承包,土石方工程专业承包,工程施工 > 专业承包 > 土石方工程专业承包,0,0,
247,工程施工,专业承包,地基基础工程专业承包,工程施工 > 专业承包 > 地基基础工程专业承包,0,0,
2105,工程施工,专业承包,城市及道路照明工程专业承包,工程施工 > 专业承包 > 城市及道路照明工程专业承包,0,0,
2104,工程施工,专业承包,建筑幕墙工程专业承包,工程施工 > 专业承包 > 建筑幕墙工程专业承包,0,0,
1874,工程施工,专业承包,建筑机电工程专业承包,工程施工 > 专业承包 > 建筑机电工程专业承包,1,2,通风工程
246,工程施工,专业承包,建筑装修装饰工程专业承包,工程施工 > 专业承包 > 建筑装修装饰工程专业承包,0,0,
1907,工程施工,专业承包,机场场道工程专业承包,工程施工 > 专业承包 > 机场场道工程专业承包,0,0,
1909,工程施工,专业承包,机场目视助航工程专业承包,工程施工 > 专业承包 > 机场目视助航工程专业承包,0,0,
1882,工程施工,专业承包,桥梁工程专业承包,工程施工 > 专业承包 > 桥梁工程专业承包,0,0,
1878,工程施工,专业承包,模板脚手架专业承包,工程施工 > 专业承包 > 模板脚手架专业承包,0,0,
1910,工程施工,专业承包,民航空管工程及机场弱电系统工程专业承包,工程施工 > 专业承包 > 民航空管工程及机场弱电系统工程专业承包,0,0,
1881,工程施工,专业承包,水利水电工程类专业承包,工程施工 > 专业承包 > 水利水电工程类专业承包,0,0,
1919,工程施工,专业承包,水工金属结构制作与安装工程专业承包,工程施工 > 专业承包 > 水工金属结构制作与安装工程专业承包,0,0,
1920,工程施工,专业承包,水工隧洞工程专业承包,工程施工 > 专业承包 > 水工隧洞工程专业承包,0,0,
1914,工程施工,专业承包,河湖整治工程专业承包,工程施工 > 专业承包 > 河湖整治工程专业承包,0,0,
1875,工程施工,专业承包,消防设施工程专业承包,工程施工 > 专业承包 > 消防设施工程专业承包,0,0,
1916,工程施工,专业承包,火电设备安装工程专业承包,工程施工 > 专业承包 > 火电设备安装工程专业承包,0,0,
1921,工程施工,专业承包,特种工程专业承包,工程施工 > 专业承包 > 特种工程专业承包,0,0,
1917,工程施工,专业承包,环保工程专业承包,工程施工 > 专业承包 > 环保工程专业承包,0,0,
1911,工程施工,专业承包,电子与智能化工程专业承包,工程施工 > 专业承包 > 电子与智能化工程专业承包,0,0,
1879,工程施工,专业承包,起重设备安装工程专业承包,工程施工 > 专业承包 > 起重设备安装工程专业承包,0,0,
252,工程施工,专业承包,输变电工程专业承包,工程施工 > 专业承包 > 输变电工程专业承包,0,0,
1877,工程施工,专业承包,通用专业承包,工程施工 > 专业承包 > 通用专业承包,0,0,
1908,工程施工,专业承包,通航建筑物工程专业承包,工程施工 > 专业承包 > 通航建筑物工程专业承包,0,0,
1918,工程施工,专业承包,金属门窗工程专业承包,工程施工 > 专业承包 > 金属门窗工程专业承包,0,0,
1912,工程施工,专业承包,钢结构工程专业承包,工程施工 > 专业承包 > 钢结构工程专业承包,0,0,
1923,工程施工,专业承包,铁路（电务、辅轨架梁、电气）工程专业承包,工程施工 > 专业承包 > 铁路（电务、辅轨架梁、电气）工程专业承包,0,0,
1873,工程施工,专业承包,防水防腐保温工程专业承包,工程施工 > 专业承包 > 防水防腐保温工程专业承包,0,0,
1883,工程施工,专业承包,隧道工程专业承包,工程施工 > 专业承包 > 隧道工程专业承包,0,0,
1926,工程施工,专业承包,预应力工程专业承包,工程施工 > 专业承包 > 预应力工程专业承包,0,0,
1925,工程施工,专业承包,预拌混凝土专业承包,工程施工 > 专业承包 > 预拌混凝土专业承包,0,0,
1913,工程施工,专业承包,高耸构筑物工程专业承包,工程施工 > 专业承包 > 高耸构筑物工程专业承包,0,0,
1867,工程施工,施工总承包,公路工程施工总承包,工程施工 > 施工总承包 > 公路工程施工总承包,0,0,
1872,工程施工,施工总承包,其他工程施工总承包,工程施工 > 施工总承包 > 其他工程施工总承包,0,0,
1906,工程施工,施工总承包,冶金工程施工总承包,工程施工 > 施工总承包 > 冶金工程施工总承包,0,0,
1868,工程施工,施工总承包,市政公用工程施工总承包,工程施工 > 施工总承包 > 市政公用工程施工总承包,0,0,
244,工程施工,施工总承包,建筑工程施工总承包,工程施工 > 施工总承包 > 建筑工程施工总承包,0,0,
245,工程施工,施工总承包,机电工程施工总承包,工程施工 > 施工总承包 > 机电工程施工总承包,0,0,
1869,工程施工,施工总承包,水利水电工程施工总承包,工程施工 > 施工总承包 > 水利水电工程施工总承包,0,0,
1902,工程施工,施工总承包,港口与航道工程施工总承包,工程施工 > 施工总承包 > 港口与航道工程施工总承包,0,0,
1870,工程施工,施工总承包,电力工程施工总承包,工程施工 > 施工总承包 > 电力工程施工总承包,0,0,
1905,工程施工,施工总承包,石油化工工程施工总承包,工程施工 > 施工总承包 > 石油化工工程施工总承包,0,0,
1903,工程施工,施工总承包,矿山工程施工总承包,工程施工 > 施工总承包 > 矿山工程施工总承包,0,0,
1871,工程施工,施工总承包,通信工程施工总承包,工程施工 > 施工总承包 > 通信工程施工总承包,0,0,
1904,工程施工,施工总承包,铁路工程施工总承包,工程施工 > 施工总承包 > 铁路工程施工总承包,0,0,
1866,工程施工,施工综合,综合施工类,工程施工 > 施工综合 > 综合施工类,0,0,
177,工程机械设备,其他机械设备,其他工程机械,工程机械设备 > 其他机械设备 > 其他工程机械,9,16,中频感应炉、医疗闸设备、提升架及水过滤器、洗车机、液压破碎锤、真空吸盘、空调机、联合修补车、防雨定时控制器
1621,工程机械设备,其他机械设备,减震器,工程机械设备 > 其他机械设备 > 减震器,13,34,减振砖、可调式弹簧减振器、吊架减震器、地面减震垫、弹簧减震器、橡胶减振垫、橡胶减震器、橡胶减震垫、浮筑结构隔振隔声垫、管道弹性托架减振器、粘滞阻尼器、钢丝绳减震器、阻尼减震器
1829,工程机械设备,其他机械设备,动力机械,工程机械设备 > 其他机械设备 > 动力机械,14,20,内燃空气压缩机、压鼓机、手泵喷油机、无油空气压缩机、柴油发电机(台班))、气动灌浆机、汽油发电机(台班)、液压机、液压柜(动力系统)、液压注浆机、液压锻钎机、电动灌浆机、电动空气压缩机、硅整流充电机
1826,工程机械设备,其他机械设备,园林和高空作业机械,工程机械设备 > 其他机械设备 > 园林和高空作业机械,9,0,剪草机(推式)、喷砂机、松土机、架空索道纹盘机、疏草机、除根机、高压喷药系统、高架车、高空修剪车
1822,工程机械设备,其他机械设备,无损探伤机械设备,工程机械设备 > 其他机械设备 > 无损探伤机械设备,5,17,X射线探伤机、γ射线探伤机、周向X射线探伤机、磁粉探伤机、超声波探伤机
1824,工程机械设备,其他机械设备,机动工业车辆,工程机械设备 > 其他机械设备 > 机动工业车辆,23,0,三向堆垛叉车、伸缩臂叉车、侧向堆垛叉车、光电导向自动搬运车、内燃侧面叉车、内燃固定平台搬运车、内燃平衡重式叉车、内燃牵引车、前移式叉车、平台堆垛车、手动托盘堆垛车、手动插腿式叉车、拣选车、电动侧面叉车、电动固定平台搬运车、电动平衡重式叉车、电动托盘堆垛车、电动插腿式叉车、电动牵引车、电磁导向自动搬运车、越野叉车、跨车、集装箱叉车
1830,工程机械设备,其他机械设备,泵类机械,工程机械设备 > 其他机械设备 > 泵类机械,19,0,内燃单级离心清水泵、单级自吸水泵、双液压注浆泵、双液压浆泵、射流井点泵、柱塞压浆泵、比例泵、油泵(台班)、泥浆泵(台班)、液压泵、潜水泵(台班)、电动刮板式真空泵、电动多级离心清水泵、盾构同步压浆泵、砂泵(台班)、耐腐蚀泵、衬胶泵、超高压水泵、高压油泵
1825,工程机械设备,其他机械设备,清洗筛选及装修机械,工程机械设备 > 其他机械设备 > 清洗筛选及装修机械,26,3,刨平机、吸尘吸水机(台班)、喷塑机、喷浆泵、喷涂机、地面抹光机、屋面涂沥青机、屋面轨道式擦窗机、屋面铺毡机、悬挂轨道式擦窗机、手动式高处作业吊篮、打蜡机、拌和机、插杆式擦窗机、搅拌机、油漆喷涂机、油漆搅拌机、淋灰机、清除机、电动卷扬式高处作业吊蓝、电动爬绳式高处作业吊篮、电动筛砂机、磨光机、磨石机、管道疏通机、轮载式变幅擦窗机
1828,工程机械设备,其他机械设备,潜水及水面作用机械,工程机械设备 > 其他机械设备 > 潜水及水面作用机械,4,3,水钻、潜水减压仓、潜水设备、通井机
1823,工程机械设备,其他机械设备,环卫机械,工程机械设备 > 其他机械设备 > 环卫机械,9,11,X光脱水烘干机、压浇机、工程修理车、工程车、引路车、杀虫车、树枝粉碎机、洒水车、真空吸湿机
1827,工程机械设备,其他机械设备,电气线路机械,工程机械设备 > 其他机械设备 > 电气线路机械,6,10,光纤熔接机、双绞线压接工具、导线卷车、张力机、钢缆卷车、除线机
1820,工程机械设备,加工机械,冷却及热处理机械设备,工程机械设备 > 加工机械 > 冷却及热处理机械设备,15,16,中频加热处理机、加热炉、反射炉、塑料加热箱、恒温箱、手推式热溶划线车、沥青锅、混捏加热炉、热熔釜溶解车、电炉、电焊条烘干箱、箱式加热炉、组合烘箱、自控热处理机、自行式热熔划线车
1818,工程机械设备,加工机械,切割及打磨机械设备,工程机械设备 > 加工机械 > 切割及打磨机械设备,8,18,切管机、剪板机、卷板机、型钢剪断机、手动切割机、磨床、管子切断机、马路切割机
174,工程机械设备,加工机械,加工机械,工程机械设备 > 加工机械 > 加工机械,24,0,卧式铣床、可倾压力机、台式砂轮机、台式钻床、咬口机、坡口机、弓锯床、手提圆锯机、摇臂钻床、摩擦压力机、攻丝机、普通车床、板料较平机、法兰卷圆机、液压弯管机、牛头刨床、空气锤、立式钻床、立式铣床、管子切断套丝机、管车床、螺栓套丝机、钢材电动煨弯材、龙门刨床
1817,工程机械设备,加工机械,木工机械,工程机械设备 > 加工机械 > 木工机械,8,13,木工压刨床、木工圆剧机、木工带锯机、木工平刨床、木工开榫机、木工打眼机、木工榫槽机、木工裁口机
1819,工程机械设备,加工机械,焊接机械设备,工程机械设备 > 加工机械 > 焊接机械设备,19,30,二氧化碳气体保护焊机、交流电焊机、半自动切割机、多头点焊机、对焊机、拖拉机驱动弧焊机、柴油电焊机、氩弧焊机、汽油电焊机、电渣焊机、直流电焊机、短臂点焊机、硅整流焊机、磁放大弧焊整流器、等离子切割机、缝焊机、自动仿形切割机、自动埋弧焊机、长臂点焊机
1816,工程机械设备,加工机械,钢筋和预应力机械,工程机械设备 > 加工机械 > 钢筋和预应力机械,25,0,冷轧带肋钢筋成型机、孔道成型机、灌浆泵、穿束机、钢筋冷拉机、钢筋冷拔机、钢筋切断机、钢筋套筒挤压机、钢筋对焊机、钢筋平焊机、钢筋弯曲机、钢筋弯箍机、钢筋气压焊机、钢筋点焊机、钢筋网成型机、钢筋螺纹成型机、钢筋调直切断机、钢筋轧扭机、钢筋镦头机、钢筋除锈机、钢筋骨架滚焊机、预应力千斤顶、预应力液压泵、预应力钢丝钢筋镦头器、预应力钢筋张拉机
1813,工程机械设备,土石方机械,压实及路面机械,工程机械设备 > 土石方机械 > 压实及路面机械,68,40,三光轮静碾压路机、两光轮静碾压路机、两轮串联振动压路机、两轮并联振动压路机、两轮铰接振动压路机、乳化沥青稀浆封层机、内燃平板振动夯实机、内燃振动冲击夯、冲击式压路机、刷式扫雪机、四轮振动压路机、平地机、悬挂式道路翻松机、手扶式振动压路机、拖式光轮压路机、拖式凸块压路机、拖式振动压路机、拖式格栅压路机、拖式稳定土拌和机、拖式羊角压路机、拖式轮胎压路机、拖式道路翻松机、振动梁、撒砂机、改性沥青搅拌设备、水泥摊铺机、沥青乳化设备、沥青泵、沥青洒布机、沥青混凝土搅拌设备、沥青混凝土摊铺设备、沥青混合料再生设备、沥青熔化加热设备、沥青路面再生设备、沥青路面加热设备、液态沥青运输车、混凝土拉毛机、混凝土摊铺机、混凝土激光找平机、混凝土路缘成型机、混凝土路面凿毛机、混凝土路面切缝机、混凝土路面填缝机、混凝土路面抹光机、混凝土路面振动梁、混凝土路面脱水装置、混凝土边沟成型机、爆炸式夯实机、犁板扫雪机、电动平板振动夯实机、电动振动冲击夯、石屑撒布机、破冰机、稳定土厂拌设备、稳定土摊铺机、联合扫雪机、联合碎石设备、自行式稳定土拌和机、自行式轮胎压路机、自行式道路翻松机、蛙式夯实机、路面养护车、路面划线机、路面铣刨机、转子扫雪机、轮胎驱动光轮振动压路机、轮胎驱动凸块振动压路机、钢轮轮胎组合振动压路机
173,工程机械设备,土石方机械,挖掘机械,工程机械设备 > 土石方机械 > 挖掘机械,16,0,多斗挖沟机、履带式单斗挖掘机、履带式多斗挖掘机、步履式单斗挖掘机、步行式单斗挖掘机、步行式多斗挖掘机、水陆两用挖掘机、汽车式单斗挖掘机、湿地挖掘机、滚切挖掘机、轮胎式单斗挖掘机、轮胎式多斗挖掘机、轮胎式挖掘装载机、铣切挖掘机、链斗挖掘机、隧道挖掘机
1814,工程机械设备,土石方机械,破碎及凿岩机械,工程机械设备 > 土石方机械 > 破碎及凿岩机械,11,28,三臂凿岩车、内燃凿岩机、凿岩钻车、履带单头岩石破碎机、液压破碎机、狼牙破碎机、箱式破碎机、装岩机气动、颚式破碎机、颚式移动破碎机、风动凿岩机
1815,工程机械设备,土石方机械,钻探及地下工程机械,工程机械设备 > 土石方机械 > 钻探及地下工程机械,29,9,人工挖土法顶管设备、冲击钻孔机、刀盘式土压平衡顶管掘进机、刀盘式干出土压平衡盾构掘进机、刀盘式水力出土泥水平衡盾构掘进机、反循环钻机、履带式钻孔机、干式出土盾构掘进机、挤压法顶管设备、梭式矿车、气压平衡式盾构掘进机、水力出土盾构掘进机、汽车式钻孔机、沉井钻吸机组、沉井钻吸机组配、液压钻机、涵洞掘进机、潜水钻机、短螺旋钻孔机、磁力电钻、螺旋钻机、轻便钻机、钻运立三用机、锚干钻孔机、长螺旋钻孔机、隧道掘进机、顶管掘进机、顶管设备切削机械、顶管设备水力机械
1812,工程机械设备,土石方机械,铲土及水平运输机械,工程机械设备 > 土石方机械 > 铲土及水平运输机械,22,0,三马车、壁板运输车、履带式推土机、履带式装载机、平板拖车组、拖式铲运机、搬运坦克车、机动翻斗车、油罐车、湿地推土机、皮带运输机、管子拖车、自卸汽车、自行式单引擎铲运机、自行式双引擎铲运机、自装自卸汽车、轨道平车、轨道拖车组、轮胎式推土机、轮胎式装载机、载重汽车、长材运输车
176,工程机械设备,桩基机械,桩工、钻孔机械,工程机械设备 > 桩基机械 > 桩工、钻孔机械,13,19,导杆式柴油打桩机、履带式振动沉拔桩机、履带式柴油打桩机、步履式振动沉拔桩机、步履式柴油打桩机、走管式振动沉拔桩机、走管式柴油打桩机、轨道式振动沉拔桩机、轨道式柴油打桩机、轮胎式振动沉拔桩机、轮胎式柴油打桩机、静力机械式压桩机、静力液压式桩机
1821,工程机械设备,混凝土机械,混凝土及灰浆用机械,工程机械设备 > 混凝土机械 > 混凝土及灰浆用机械,17,0,单卧轴式混凝土搅拌机、双卧轴式混凝土搅拌机、双锥反转出料混凝土搅拌机、散装水泥车、泡沫混凝土搅拌机、涡浆式混凝土搅拌机、混凝土喷射机、混凝土搅拌运输车、混凝土输送泵、混凝土输送泵车、混凝土配料机、混凝土震动台、滚筒式内燃混凝土搅拌机、滚筒式电动混凝土搅拌机、灰气联合泵、灰浆搅拌机、灰浆输送泵
175,工程机械设备,起重机械,起重及垂直运输机械,工程机械设备 > 起重机械 > 起重及垂直运输机械,27,5,单筒快速电动卷扬机、单筒慢速电动卷扬机、卷扬机带塔、叉式起重机、双笼施工电梯、双筒快速电动卷扬机、双筒慢速电动卷扬机、吊运机、塔式起重机、履带式电动起重机、履带式起重机、平台吊、施工电梯、柱式升降机、桅杆式起重机、汽车式起重机、物料提升机、电动单梁起重机、电动双梁起重机、电动葫芦、电动葫芦下钩、自升式塔式起重机、自平衡滑臂式吊车、轮胎式起重机、门座吊、门式升降机、龙门式起重机
1811,工程检测仪器仪表,专用仪器仪表,专用仪器仪表,工程检测仪器仪表 > 专用仪器仪表 > 专用仪器仪表,68,0,GPS测量仪、催裂化程控自保系统、光照度传感器、全站仪、全站测绘仪、原油含水速测器、双声道测探仪、回弹仪、在线冰点分析仪、在线反应自动分析仪、在线油品调合系统、垂准仪、尾气测量仪表、岩心渗透率测试仪、平板仪、废水测量仪表、微倾水准仪、投线仪、抽油机井综合测试仪、抽油机井诊断仪、摄影经纬仪、数字水准仪、数字涂层测厚仪F头、数字涂层测厚仪N头、数字通井测力仪、数字风速测量仪、旋转激光扫平仪、日照测量仪表、智能示功仪、楼板测厚仪、正射投影仪、毛细管吸入时间仪、气体传感器、水准仪、水平仪、油井注气双向计量器、油绝缘分析仪、油罐自动切水器、测距仪、液体静力水准仪、激光投线仪、激光水准仪、激光测距仪、激光测量仪器、烟气燃烧效率测试仪、热球风速测量仪、电子速测仪、电模拟位势分析仪、电磁波测距仪、石油化工炉管超声波、砂浆贯入仪、空气质量传感器、空气质量检测仪表、窥视仪、立体坐标量测仪、立体测图仪、经纬仪、绝缘分析仪、绿光水平仪、绿激光投线仪、自动安平水准仪、超声波测距仪、钢筋保护层检测仪、陀螺经纬仪、雨量测量仪表、风向、风速测量仪表、风速传感器、飘尘测量仪表
122,工程检测仪器仪表,其他仪器仪表及附件,仪器仪表元器件及器材,工程检测仪器仪表 > 其他仪器仪表及附件 > 仪器仪表元器件及器材,165,32,IC卡、IC卡预付费水表软件、IC卡预付费电表软件、LCR数字自动测试仪、LCR测试仪、LCR电表、LC陶瓷套管、M-BUS抄表集中器、PLC可编程逻辑控制器、U型人防测压装置、一氧化碳传感器、三极管开关测试仪、三通阀、三阀组、二氧化碳传感器、井下电视统配置、仪表专用阀、仪表丝堵、仪表支吊架、仪表管帽、仪表软管、伸宿器、便携式直流电桥、信号报警装置、信号集中器、全站仪配件、凯尔文电桥、切断球阀、加长表杆、半导体器件测试单元、半导体管特性图示仪、半导体管自动测试仪、半导体综合测试仪、单、双倍两用电桥、卡套式管接头、压力表弯、压力表接头、压力表缓冲管、双卡套式管接头、取样阀、变送单元仪表、可控硅最佳参数测试仪、园型均压环、在线测试仪、场效应管跨导测试仪、垂准仪配件、塑料垫片、多功能电表智能网络采集终端、大功率管热阻测试仪、安全栅、安全监测装置、射频卡阶梯计费电表软件、工业电视、工业计算机外部设备、工业计算机柜、台设备、工控机、快接式表接头、快插式表接头、惠斯顿电桥、扩口式管接头、探针、接地环、接头、数字式微电阻测量仪、数字电感测量仪、数字电桥、数字集成电路测试仪、数据采集及巡回报警装置、数据集中器、整体钻孔式温度计套管、方型均压环、无线云全自动血压计、无线数据集中器、显示单元仪表、晶体管图示仪、晶体管图示仪校准器、晶体管特性图示仪、晶体频率分选器、智能网络采集终端、暖通阀、标准电阻电容箱、标线仪、气动管路卡套式管接头、气源分配器、气源处理器、气源球阀、水/土压计、水准仪配件、水表专用过滤器、水表接头、水表校验仪、水表母、水表法兰、水表连接器、水表集中器、测斜管、测温仪、测温球阀、海拔仪、液位变送器、液位显示器、液压缓冲器、液面计、混凝土应变计、温度计套管、湿度计、漏电流测试仪、激光板、烟气分析仪、焊接式管接头、用户卡、电容测量仪、电感测量仪、电桥、电桥(导纳)、电桥(超高频导纳)、电桥(高频阻抗)、皮托管、直接数字控制器、直流电桥、管式温度计套管、管理计算机双机切换装置、精密万用表、精密元件分析仪、精密电感分析仪、经纬仪配件、绘图仪器、给定单元仪表、考克阀、自动LCR测试仪、自应力调节阀、螺纹式管接头、表前阀、表短节、表计插座、计算单元仪表、计算机网络管理设备、读写器、读卡器、调节单元仪表、转换单元仪表、辅助单元仪表、辅助存储装置、输入输出组件、过程控制计算机、远传附属设备、远动装置、远程控制软件、逻辑在线测试仪、逻辑电路测试仪、金属接头、针型阀、钢筋应力计、钢管式温度计套管、防爆操作柱、防爆管接头、集中器、集成电路动态测试仪、集成电路在线测试仪、集成电路测试仪、集成电路测试仪系统、集成电路测试单元、集成电路自动测试仪、集成稳压电路测试仪、顺序控制装置
34,工程检测仪器仪表,其他仪器仪表及附件,其他仪器仪表,工程检测仪器仪表 > 其他仪器仪表及附件 > 其他仪器仪表,11,17,PH计、RTK测量系统、密度和比重测定仪、比重计、水分计、水质分析仪、测厚仪、湿度分析仪、溶解氧(DO)仪、硬度计、黏度测定仪
1804,工程检测仪器仪表,水电燃气用仪表,水表,工程检测仪器仪表 > 水电燃气用仪表 > 水表,23,0,IC卡水表、N-BUS网路水表、光电直读水表、发讯水表、可拆式水表、复式水表、大口径水表、容积式水表、射频卡水表、干式水表、指针水表、旋翼式水表、智能水表、活塞式水表、液封水表、湿式水表、电磁水表、螺旋式水表、螺翼式水表、超声波水表、载波网络水表、远传水表、预付费水表
1806,工程检测仪器仪表,水电燃气用仪表,热量表,工程检测仪器仪表 > 水电燃气用仪表 > 热量表,14,22,FS系列非接触IC卡智能热量表、IC卡热量表、接触式IC卡热量表、整体机械式热量表、普通型冷热兼用表、普通机械式热量表、智能卡式热计量表、电磁热量表、计时型IC卡热量表、超声波冷热量表、超声波冷量表、超声波热量表、远传型冷热量表、远传型热量表
1805,工程检测仪器仪表,水电燃气用仪表,燃气表,工程检测仪器仪表 > 水电燃气用仪表 > 燃气表,6,21,IC卡抄表式燃气表、IC卡智能预付费燃气表、直读无线远传燃气表、直读有线远传燃气表、膜式燃气表、非接触式IC智能燃气表
1803,工程检测仪器仪表,水电燃气用仪表,电工仪器仪表,工程检测仪器仪表 > 水电燃气用仪表 > 电工仪器仪表,185,18,AC毫欧测量仪、万用表、三相三线多功能电度表、三相三线机械式电度表、三相三线电子式复费率电度表、三相三线电子式无功电度表、三相三线电子式有功无功组合电能表、三相三线电子式有功电度表、三相三线电子式预付费电度表、三相交流电压电流组合表、三相功率因数表、三相四线多功能电度表、三相四线射频卡电表、三相四线有功无功组合电能表、三相四线有功无功组合电表、三相四线机械式电度表、三相四线电子式复费率电度表、三相四线电子式无功电度表、三相四线电子式有功电度表、三相四线电子式预付费电度表、三相四线电子式预付费电表、三相多功能仪表、三相多费率电度表、三相导轨电能表、三相电力分析仪、三相电力测试仪、三相电力谐波分析仪、三相电压闪变检测仪、三相电子式多功能电表、三相电子式有功无功组合表、三相电子式电能表、三相电子远传表、三相精密测试电源、三相载波电度表、三相远程费控智能电能表、三相钩式电力计、三相钳形功率测试仪、三相预付费电能表、中频电机、交流无功功率表、交流有功功率表、交流电压表、交流电流电压标准源、交流电流表、交流耐压设备、交流试验变压器、交流频率表、交直流电力测试仪、交直流钳形表、便携式升流器、便携电网监测分析仪、充电器测试仪、兆欧表、全功能电力测试仪、八道电力分析仪、八道电力谐波分析仪、单相功率因素表、单相功率测试仪、单相功率表、单相多功能表、单相多费率电度表、单相导轨电能表、单相机械式电度表、单相电力测试仪、单相电力谐波分析仪、单相电子式复费率电度表、单相电子式无功电度表、单相电子式有功电度表、单相电子式电能表、单相电子式预付费电度表、单相电子式预付费电表、单相电子远传表、单相谷峰表、单相载波电度表、单相远程费控智能电能表、单相预付费电能表、双针毫伏表、变压器电阻测试仪、变比测试仪、变比电桥、可编程微欧测试仪、回路电阻仪、在线检测仪、多功能毫秒计、多功能电力仪表、多功能电能表、大电流源系列、实验变压器、导电表、局部放电仪、工频稳压电源、微小电流漏电测试表、微欧计、手持万用表、手持电力谐波测量仪、拉力机、接地电阻测量仪、接触电阻测试仪、数字万用表、数字三用表、数字交/直流钳形表、数字交流功率钳形表、数字交流泄漏钳形表、数字交流钳形表、数字兆欧表、数字多功能功率测试仪、数字多用表、数字微欧表、数字微量水分析仪、数字接地电阻计、数字毫秒计、数字电机转速表、数字转速表、数显高压表、晶体管接地电阻表、晶体管毫安表、智能电力仪表、智能网络电力仪表、最佳阻容调节器、标准毫安表、标准电容分压器、标准电阻箱、标准直流分压器、模拟负载电阻装置、毫伏表、毫欧测量仪、气体捡漏仪、油微水分析仪、漏电断路器测试仪、现场测试包、电位差计、电力监测仪表、电力综合分析仪、电压兆欧表、电压电流互感升流器、电压电流组合表、电容耦合测试仪、电池型绝缘电阻表、电流信号分析仪、电流源、电磁示振器、电网阻抗频谱分析仪、电能校验仪、电阻表(欧姆表)、直流电位差计、直流电压表、直流电流表、直流耐压设备、直流高压实验器、相序检测仪、相移器、相角表、真空断路测试仪、积分仪、精密电阻箱、红外三相预付费电度表、红外单相预付费电度表、组合电度表、绝缘测试仪、绝缘液气体测试仪、绝缘电阻测试仪、继电器保护测试仪、继电器校验仪、综合高压测试装置、网络电能表、耐压测试仪、耐压绝缘测试仪、调速系统动态测试仪、谐波分析仪、谷峰平表、超高频毫伏表、远传远控三相预付费电能表、远传远控单相预付费电能表、钳形功率因数表、钳形直流功率测试仪、静电测试仪、静电高压表、高压合相仪、高压实验变压器装置、高压开关试验仪、高压整流硅堆滤波器、高压电桥、高压绝缘电阻测试仪、高压绝缘电阻表、高精度相角表
1802,工程检测仪器仪表,自动化仪表及系统,自动化仪表及系统,工程检测仪器仪表 > 自动化仪表及系统 > 自动化仪表及系统,217,0,24h温度记录仪、A/D三通道记录仪、KMR显示记录仪、YXC型磁助式电接点压力表、YXN型耐振电接点压力表、YX型一般电接点压力表、YZ型真空压力表、Y型一般压力表、Z型真空表、一体化温度变送器、一氧化碳检测仪、万用RTD校验器、万能写入器、三用表校验仪、中型长图数显记录仪、位移测量仪表、低压损流量计、低照度计、侧装式磁翻板液位计、便携式综合校验仪、便携数字压力校验器、倾斜式微压计、像质指示器、光导电子物位计、光导红外辐射温度计、光电比色辐射感温式温度计、光电流速测量仪、光电编码压力表、八笔记录仪、八踪显示器、内藏孔板流量计、冲量式圆盘流量计、列表式温湿度计、加长型法兰式膜盒微压表、动圈式显示仪表、匀速管流量计、单通道在线记录仪、压力发生器、压力变送器、压力回路校验器、压力式温度变送器、压力式温度计、压力显示器、压力校验仪、压力校验台、压力校验器、压力核验仪、压力表、厚度测量仪表、双显多功能测试仪、双显示多用表、双通道在线记录仪、双金属温度计、可编程函数频合成器、可编程电量测控仪、可编程雷达物位计/脉冲雷达物位计、台式自动平衡记录仪、四踪显示器、回路电流校验仪、固体流量计、图表式显示仪表、声光式显示仪表、多功能信号检验仪、多探头数字式照度计、多点温湿度测量仪、多用热电偶校验器、大型长图自动平衡记录仪、大屏幕多功能显示器、存储分析记录仪、宽度检测仪、导波雷达物位计、小长图记录仪、就地指示式弹性式膜盒微压表、工程检测尺、差压表、带电接点双金属温度计、平板式射频导纳物位计、平面法兰式隔膜、隔片压力表、应变式压力传感器、应变计式远传双波纹筒差压计、弹簧管压力表、微机巡回检测仪、微电脑温湿度迅测仪、恒温油浴、手提式数字压力表、手操压力泵、扰度检测仪、投入式液位传感器、投入式液位变送器、投入式液位计、指针式压力表、指针式温湿度计、振动检测仪表、放射性物位计、数字压力校验仪、数字压力计、数字式显示仪表、数字式电缆校对仪、数字测控仪表、数字温度计、数字称重显示仪、旋进漩涡流量计、无油润滑压缩机、无纸记录仪、普通质量流量计、智能压力变送器、智能涡街流量计、智能涡轮式流量计、智能电磁流量计、智能称重显示仪、智能质量流量计、智能雷达物位仪表、有毒气体检测仪、标准差压发生器、标准气动压力发生器、标准热电偶、标准电阻温度计、椭圆齿轮流量计就地指示式、椭圆齿轮流量计电远传式、模拟显示仪表、毕托管流量变送器、毕托管流量计、气动压力校验台、气动压力源、氧气检测仪、水下照度计、法兰隔膜压力表、活塞式静重U形多管压力计、流量传感器、测力仪表、浮子式水位传感器、浮子流量计、浮球式液位控制器、浮球标准压力计、涡街流量计、涡轮式流量计、液柱式U形单管压力计、温度分析测试仪、温度变送器、温度检定炉(综合)、温度自动控制装置、温湿度变送器、热式质量流量计、热电偶式温度计、热电偶指示校验器、热电偶管状检定炉、热电式温度计、热膨胀检测、玻璃板平面水位计、玻璃管液体温度计、玻璃转子流量计、电动深井测温仪、电器温升测量仪、电子液晶记录仪、电子皮带秤标定、电容式压力变送器、电容式差压变送器、电容式法兰液位变送器、电容式流量计、电接点压力式温度计、电接点压力表、电接点水银温度计、电接触式液位计、电阻式温度计、电阻式物位计、电阻远传、电阻远传压力表、留点棒式温度计、皮带打滑检测、皮带跑偏检测、直读玻璃管液位计、磁浮子液位仪、称重传感器、稳湿度迅测记录仪、空气式计器调整台、笔录仪、管形电阻炉、精密标准压力计、精密铂热电阻、精密铂铑-铂热电偶、系统校验器、红外双色测温仪、红外成像仪、红外非接触式测温仪、综合校验仪、耐震压力表、腰轮流量计、膜盒压力表、自动液位控制器、蒸汽流量计、补偿式微压计、记录仪、超声波流量计、超声波液位仪、超声波物位计、转矩测量仪表、转速检测仪表、过程信号个人校验器、远传压力表、远传流量计、重锤探测物位计、金属转子流量计指针式、金属转子流量计气远传式、金属转子流量计液晶显示、金属转子流量计玻璃式、金属转子流量计电远传式、铂铑-铂热电偶、阻旋式料面讯号器、阻移式物位计、附压力组件、隔爆铂热电阻、震荡球流量计、音叉物位计、顶装式磁翻板液位计、风速仪、高压气动校验仪、高频雷达物位计
1807,工程检测仪器仪表,计量测量及分析仪器仪表,光学仪器,工程检测仪器仪表 > 计量测量及分析仪器仪表 > 光学仪器,23,0,LD光源、光信号源、光功率计、光导介损测量仪、光时域反射机、光时域反射计、光栅分光光度计、光电测试仪、光纤切割器、光纤测试仪、光谱分析仪、分光光度计、宽带光波接收机、宽带光波源、手持光损耗测试仪、手持式光信号源、手持式光纤多用表、扫描电子显微镜、数字激光功率计、智能光功率计、智能光时域反射计、稳定光源、紫外可见分光光度计
1809,工程检测仪器仪表,计量测量及分析仪器仪表,分析仪表,工程检测仪器仪表 > 计量测量及分析仪器仪表 > 分析仪表,52,2,1～3次群相位抖动仪、64KB/s数据误码仪、PCM三次群传输分析仪、PCM二次相位抖动仪、PCM二次群误码仪、PCM综合测试仪、PCM话路测试仪、PCM话路特性测试仪、一、二、三、四次群误码仪、一、二、三次群误码仪、串音衰减测试器、传输测试仪、信令监测仪、光电比色分析仪、动态信号分析仪、去级化式分析仪、双通道逻辑分析仪、射线式分析仪、工业气象色谱仪、市话线路故障测量仪、微波网络仪同轴附件、微波网络分析仪、微波网络分析仪分机、微波网络分析仪波导、数字传输测试仪、数据传输分析仪、智能射频分析仪、水质分析COD、水质分析TOD、溶解氧浓度仪、点频串音衰减测试器、热学式分析仪、电化学式分析仪、电子光学分析仪、电平传输测试仪、电话分析仪、磁导式分析仪、线路信号测试仪、网络分析仪、话路传输测试仪、话路信令测试仪、话路测试仪、话路特性测试仪、话路综合测试仪、话路选择器、误码分析仪、误码抖动测试仪、误码率测试仪、逻辑分析仪、逻辑电路分析仪、音频分析仪、频响分析仪
1808,工程检测仪器仪表,计量测量及分析仪器仪表,电子和通信测量仪器,工程检测仪器仪表 > 计量测量及分析仪器仪表 > 电子和通信测量仪器,332,14,1.35cm微波辐射计、1cm精密衰减器、2cm精密衰减器、3cm精密衰减器、6mm微波辐射计、8cm波长表、8mm固态源、8mm微波辐射计、8mm极化旋转衰减器、C波段固体锁相源、LCD电缆故障测试仪、VHF/IF扫频发生器、三合一示波器、专用频率计、中功率计、中频三信号发生器、云图接收设备、交通噪声显示器、任意波形发生器、伴音中频扫频发生器、低失真仪检定装置、低载频调制度测量仪、低频信号发生器、低频数字相位计、低频测振仪放大器、便携式计时器、便携式调制度测量仪、便携慢扫描示波器、信号发生器、光线示波器、全功能信号发生器、全景频谱分析仪、全自动失真仪、六线测振仪、冲击测量仪、函数/任意波发生器、函数信号发生器、函数波形发生器、功率计、加速度计、动态故障测试仪、协议分析仪、单片机开发器、单边带综合测试仪、卫星电视信号发生器、厘米波信号发生器、双定向功率计、双线存储示波器、双线示波器、双绞线测试仪、双脉冲信号发生器、双踪双扫延时示波器、双踪多功能示波器、双踪延时扫描示波器、双踪慢扫描示波器、双踪记忆示波器、取样示波器、可变式衰减器、可变衰减器、可程控通用计数器、合成信号发生器、合成电平震荡器、同步失真度测量仪、同轴功率座、同轴噪声发生器、同轴大功率计、同轴带宽检波器、同轴步进衰减器、同轴波长表、同轴直读式频率计、噪声信号发生器、噪声发生器、噪声振动统计分析仪、噪声数据采集器、噪声测试仪、噪声测量仪表、噪声测量放大器、噪声源、噪声系数测试仪、噪声频谱分析仪、四踪存储示波器、回流消解仪、固态全景频谱分析仪、固态噪声发生器、图象中频扫频发生器、图象信号发生器、场强仪、场强测试仪、外差式频率计、多功能信号发生器、多功能函数发生器、多功能彩色发生器、多功能计数器、多用信号发生器、多路频稳测试装置、大功率计、天线波瓣测试仪、失真仪、失真仪检定装置、失真度仪、失真度测量仪、存储器测试仪、存储器测试系统、存储示波器、宽带同轴波长表、宽带扫频仪、宽带示波器、宽带频谱分析仪、对讲机、射频信号发生器、射频测试仪、小功率计、干扰场强仪、平衡阻抗测试仪、延时脉冲信号发生器、彩色信号发生器、彩色同步编码发生器、彩色图象信号发生器、彩色图象发生器、彩色增益延时测试仪、彩色测试卡发生器、彩色测试图发生器、彩色监视器、微处理器功能测试仪、微机光盘测试仪、微机故障诊断系统、微机硬盘测试仪、微机软盘测试仪、微波中继测试仪、微波串杂音测量仪、微波信号发生器、微波信号源、微波功率计、微波大功率计、微波小功率计、微波测试接收机、微波稳幅信号发生器、微波系统分析仪、微波辐射计、微波频率测量扩展器、微波频率综合器、微波频率置换装置、微波频率计、微波频率计数器、微波频谱分析仪、快转移记忆示波器、总氮测定仪、总磷测定仪、总铬离子仪、恒温控制式控制晶体振荡器、悬浮测定仪、慢扫描示波器、截止式衰减器、扫频仪、扫频信号发生器、扫频及伴音发生器、扫频发生器、扫频图示仪、扫频幅度分析仪、抖动调制振荡器、抖晃仪、振动测量、数字信号发生器、数字化仪、数字噪生发生器、数字存储示波器、数字式工频频率计、数字式高频扫频仪、数字彩色信号发生器、数字时实频谱分析仪、数字杂音计、数字测振仪、数字脉冲信号发生器、数字频率计、数显声级计、数显抖晃仪、数显频率发生器、数码存储示波器、方波信号发生器、无线电台综合测试仪、时标信号发生器、时间计数器、时间间隔测量定仪、智能信号发生器、智能化通用计数器、智能频率计、杂音测试仪、杂音计、标准信号发生器、标准信号源、标准噪声发生器、标准时钟、标准组合频谱分析仪、标准衰减器、标量网络分析仪、梳状波信号发生器、模拟示波器、正弦振动测试仪、步进衰减器、比较信号发生器、毫微瓦功率计、毫赫计数器、水质检测仪、波导功率座、波导噪声发生器、波导噪声发生器(头)、波导型功率座、波导直读式频率计、波形监视器、波形监视示波器、浊度测定仪、测振仪、测角仪、测试接收机、温度补偿晶体振荡器、激光功率计、炮兵罗盘、环境噪声分析仪、瓦特表、电力载波自动测试仪、电台综合测试仪、电平表、电平记录仪、电平震荡器、电缆对地绝缘探测仪、电缆故障仪、电缆故障探测装置、电缆故障测试仪、电缆测试仪、电缆闪络测距仪、电视中频调制器、电视信号发生器、电视功率放大器、电视图象信号发生器、电视扫频仪、电视测试信号发生器、电视维修仪器、电视综合测试仪、电视通道发生器、电视频道场强电平表、白噪声测试仪、直流电压电流发生器、直流高压发生器、相位频率计、矢量示波器、石英晶体谐振器、磁力搅拌器、磁带记录仪、示波器、离子测定仪、积分声级计、移动电台综合测试仪、稀释仪、程控脉冲信号发生器、立体声信号发生器、立体声示波器、等精度计数器、精密声级计、精密声级计系统、精密测时器、精密直读极化衰减器、精密脉冲声级计、精密衰减器、红外测油仪、编程器、群脉冲信号发生器、脉冲信号发生器、脉冲信号源、脉冲函数信号发生器、脉冲发生器、脉冲声级计、脉冲计数器、自动分析仪、自动噪声系数测试仪、自动失真度测量仪、自动微波频率计数器、自动视频测试仪、色度测定仪、衰减校准装置、衰耗器(不平衡)、袖珍手持测振仪、视音频分配放大器、视频扫频信号发生器、视频数字电平表、计算机测试系统、记忆示波器、读出数字存储示波器、调制度测量仪、豪状信号发生器、超低频示波器、超高频大功率计、载波机综合测试仪、载波综合测试仪、载频震荡器、选行/矢量示波器、选频电平表、通信电缆测试仪、通用式功率计、通用智能计数器、通用示波器、通用计数器、通用计时/计数器、通路测试仪、酸度计、重金属多参数测定仪、铅离子测定仪、铬离子仪、镍离子测定仪、集群测试仪、雷达综合测试仪、音频功率源、频标对比器、频率发生计数器、频率合成信号发生器、频率合成器、频率校验器、频率综合器、频率计、频率计数器、频率频稳测试仪、频谱仪、频谱分析/扫频仪、频谱分析仪、高压直流发生器、高灵敏度示波器、高解析度频率计、高频信号发生器、高频功率计、高频扫频仪、高频数字相位计、高频频谱分析仪、黑白监视器
1810,工程检测仪器仪表,计量测量及分析仪器仪表,试验机,工程检测仪器仪表 > 计量测量及分析仪器仪表 > 试验机,0,0,
1331,开关、插座,其他开关插座,其他开关插座,开关、插座 > 其他开关插座 > 其他开关插座,46,0,LED灯具专用防雨开关电源、万能转换开关、三键单火线开关、三键绑定开关、两键单火线开关、两键绑定开关、两键零火线开关、中途开关、单键单火线开关、单键绑定开关、单键零火线开关、双极开关、可逆转换开关、定时开关、弱电型窗帘开关、按钮式(指甲式)开关+按钮式门铃开关、换向开关、普通面板开关+电源插座+电话插座+电脑插座、普通面板开关+调光开关、智能温控开关、机械式风机盘管控制开关、机械窗帘开关、机械连锁、水银开关、点火开关、电子式风机盘管控制开关、电源+电脑地面插座、电源+电视地面插座、电源插座+电脑插座、电源插座+电视插座、电源插座+电视插座+电脑插座、电源插座+电视插座+电话插座、电源插座+电话插座、电源插座+电话插座+电脑插座、窗帘开关、紧急停止开关、紧急呼叫按钮开关、自定义场景开关、衣柜开关、调温开关、选台开关、遥控式窗帘控制开关、门禁开关、防冻开关、防爆开关、防爆控制开关
1329,开关、插座,其他开关插座,扳把开关,开关、插座 > 其他开关插座 > 扳把开关,8,23,三联单控扳把开关、三联双控开关、单联单控扳把开关、单联双控开关、双联单控扳把开关、双联双控开关、四联单控扳把开关、四联双控开关
1328,开关、插座,其他开关插座,拉线开关,开关、插座 > 其他开关插座 > 拉线开关,4,17,两位单极拉线开关、两位双极拉线开关、单位单极拉线开关、单位双极拉线开关
1330,开关、插座,其他开关插座,按钮开关,开关、插座 > 其他开关插座 > 按钮开关,1,2,按钮指示灯
1327,开关、插座,其他开关插座,自复位开关,开关、插座 > 其他开关插座 > 自复位开关,2,10,自复位按板开关、自复位按钮开关
1322,开关、插座,开关插座,信息插座,开关、插座 > 开关插座 > 信息插座,40,0,AV插座、HDMI+电视插座、HDMI带USB插座、HDMI插座、LDMI+UTB插座、LDMI+VGA/耳机插座、USB带VGA插座、USB插座、VGA/AUDIO插座、VGA/耳机插座、VGA插座、光纤信息插座、光纤地面插座、地线插座、宽频电视插座、无线AP插座、电脑/电视地面插座、电脑/电视插座、电脑地面插座、电脑插座、电脑插座带HDMI、电视/广播插座、电视/电脑、电视/电脑插座、电视/音频插座、电视串接插座、电视地面插座、电视插座、电话/电脑/电脑地面插座、电话/电脑/电视插座、电话/电脑地面插座、电话/电脑插座、电话/电视地面插座、电话/电视插座、电话/电话/电脑地面插座、电话出线座、电话地面插座、电话插座、话筒插座、音频插座
1321,开关、插座,开关插座,刮须插座,开关、插座 > 开关插座 > 刮须插座,0,0,
1317,开关、插座,开关插座,插卡取电开关,开关、插座 > 开关插座 > 插卡取电开关,5,14,光控式插卡节能开关、光电式(不带延时)、光电式(带延时)、匙牌式(不带延时)、匙牌式(带延时)
62,开关、插座,开关插座,普通面板开关,开关、插座 > 开关插座 > 普通面板开关,5,14,一位单开开关、按钮式(指甲)开关、琴键式开关、翘板式开关、触摸开关
1315,开关、插座,开关插座,电子感应开关,开关、插座 > 开关插座 > 电子感应开关,12,0,人体感应开关、光控开关、光电感应开关、声光控开关、声控开关、按压式开关、温度感应开关、电磁感应开关、红外感应开关、触摸延时开关、远红外线感应开关、雷达感应开关
1320,开关、插座,开关插座,电源插座,开关、插座 > 开关插座 > 电源插座,7,20,地面插座、工业防水插座、智能插座、电源插座+USB插座、防水插座、防爆插座、面板插座
1314,开关、插座,开关插座,调光面板开关,开关、插座 > 开关插座 > 调光面板开关,4,10,旋钮式调光开关、琴键式调光开关、触摸式调光开关、远红外线遥控调光开关
1316,开关、插座,开关插座,调速面板开关,开关、插座 > 开关插座 > 调速面板开关,4,19,机械式风量调节开关、液晶显示开关、电子式风量调节开关、风扇调速开关
1318,开关、插座,开关插座,门铃，电铃开关,开关、插座 > 开关插座 > 门铃，电铃开关,6,9,单音门铃、双音门铃、大跷板式门铃开关、按钮式门铃开关、触摸式门铃开关、音乐门铃
1319,开关、插座,开关插座,音量调节开关,开关、插座 > 开关插座 > 音量调节开关,0,0,
1326,开关、插座,开关插座附件,开关、插座功能件,开关、插座 > 开关插座附件 > 开关、插座功能件,30,9,USB接口插座功能件、三相插座功能件、中途开关功能件、二、三极插座功能件、单/双控开关功能件、单相插座功能件、卡农插座功能件、地插填空件、地插接口支架、地插支架、填空件、声光控延时开关功能件、多功能插座功能件、多路开关执行器、定时器、电脑插座功能件、电视分支插座功能件、电话插座功能件、空白面板功能件、视频插座功能件、触摸延时开关功能件、话筒插座功能件、请即清理指示功能件、调光开关功能件、调光执行器、调速开关功能件、踢脚线电力导轨、门铃开关功能件、音频插座功能件、风扇开关功能件
1325,开关、插座,开关插座附件,面板、边框、盖板,开关、插座 > 开关插座附件 > 面板、边框、盖板,12,0,分线盒盖、圆盖板、底盒、开关防水膜、开关防溅盒、开关防溅面板、插座防溅盒、插座防溅面板、插座面板、灯头盒盖、空白面板、面板框
1323,开关、插座,排插/插头,电源插头,开关、插座 > 排插/插头 > 电源插头,5,18,三头单相插头、三相三极插头、三相五极插头、三相四极插头、两头单相插头
1324,开关、插座,排插/插头,电源插座转换器,开关、插座 > 排插/插头 > 电源插座转换器,32,14,一位三孔插座转换器、一位二孔、一位三孔插座转换器、一位二孔、三位三孔插座转换器、一位二孔、二位三孔插座转换器、一位二孔插座转换器、七位三孔插座转换器、三位三孔插座转换器、三位二孔、一位三孔插座转换器、三位二孔、三位三孔插座转换器、三位二孔、二位三孔插座转换器、三位二孔插座转换器、二位三孔插座转换器、二位二孔、一位三孔插座转换器、二位二孔、三位三孔插座转换器、二位二孔、二位三孔插座转换器、二位二孔插座转换器、五位三孔插座转换器、五位二孔、二位三孔插座转换器、五位二孔、五位三孔插座转换器、八位三孔插座转换器、八位二孔、八位三孔插座转换器、八位二孔、四位三孔插座转换器、六位三孔插座转换器、六位二孔、三位三孔插座转换器、六位二孔、六位三孔插座转换器、十二位三孔插座转换器、十位三孔插座转换器、四位三孔插座转换器、四位二孔、二位三孔插座转换器、四位二孔、四位三孔插座转换器、四位二孔插座转换器、地拖插座
225,弱电智能化系统及设备,信息设施系统,LED显示及大屏拼接系统器材,弱电智能化系统及设备 > 信息设施系统 > LED显示及大屏拼接系统器材,1,3,LED屏
1677,弱电智能化系统及设备,信息设施系统,信息导引及发布系统,弱电智能化系统及设备 > 信息设施系统 > 信息导引及发布系统,0,0,
86,弱电智能化系统及设备,信息设施系统,信息网络系统,弱电智能化系统及设备 > 信息设施系统 > 信息网络系统,112,24,16路网络交换机、24口交换机、24路网络交换机、4G路由器、5路网络交换机、AP天馈系统、CPU、DLS型管理系统授权软件、IO控制器、KVM切换器、PC客户端软件、POE交换机、POE供电器、POE分离器、SFP光模块、X86立式信息发布系统、一体式电脑、一体机机箱、中控主机、主控器、互联网报警盒子、五端口路由模块、交换机、交换机接口板、企业路由器、传输器、供电模块、光纤卡、光驱、全高清输入节点、八路POE网络交换机、分光器、分控器、协议转换模块、变电站专用计算机、台式电脑、吸顶AP、四端口数据分配模块、基站、墙面式无线接入点、天线AP、安全准入控制网关、室外AP、室外无线接入点、嵌入式计算机、工业控制计算机、打印服务器、扩展柜、拓展器、接入交换机、控制主机、无线AC、无线AP、无线AP(数据)信息点、无线AP管理软件、无线信号扩展器、无线吸顶AP、无线客户端、无线扩展器、无线接入点、无线控制器、无线红外转发器、无线网卡、无线路由器、无线集中控制器、无线面板AP、智能控制终端、核心交换机、核心交换机控制软件、梯控工作站、模块化数据系统、模块机、模拟视频信号输入节点、海事电脑、液晶评价器、物理呼叫器、电配管理软件、窗口显示屏、管理主机、管理平台、系统授权、红外编程器、红外遥控器、综合显示屏、网关、网桥、网络中控主机、网络主机、网络交换机、网络控制器、网络操作系统、网络终端、联动模块、视频保护系统、视频盒子、解码主机、触控查询一体机、触摸一体机、触摸屏发号机、计算机成套项目、计算机网络局域网系统、计算机网络广域网系统、调制解调器、路由器、路由器管理软件、达观报警管理系统单机版软件V3.6、铁路专用计算机、键鼠套装、防火墙、静态滑轨套件、面板AP、风光雨模块
161,弱电智能化系统及设备,信息设施系统,公共广播系统,弱电智能化系统及设备 > 信息设施系统 > 公共广播系统,2,8,吸顶式音箱、壁挂式音箱
1679,弱电智能化系统及设备,信息设施系统,同声传译设备及器材,弱电智能化系统及设备 > 信息设施系统 > 同声传译设备及器材,3,8,无线同声传译、有线同声传译、直接感应式同声传译
1676,弱电智能化系统及设备,信息设施系统,微波无线接入设备,弱电智能化系统及设备 > 信息设施系统 > 微波无线接入设备,4,10,微波宽带无线接入系统基站设备、微波宽带无线接入系统用户站设备、微波窄带无线接入系统基站设备、微波窄带无线接入系统用户站设备
160,弱电智能化系统及设备,信息设施系统,有线电视、卫星电视系统,弱电智能化系统及设备 > 信息设施系统 > 有线电视、卫星电视系统,4,7,卫星电视系统、有线电视光接收机、有线电视分支器、有线电视系统
162,弱电智能化系统及设备,信息设施系统,电话会议设备,弱电智能化系统及设备 > 信息设施系统 > 电话会议设备,10,0,交互式电话会议、会议电话汇接系统、投影幕、投影设备、来电显示器、电话中途箱、电话交换机、电话分线箱、程控电话机、视频会议设备
1675,弱电智能化系统及设备,信息设施系统,移动通信室内信号系统,弱电智能化系统及设备 > 信息设施系统 > 移动通信室内信号系统,0,0,
1678,弱电智能化系统及设备,信息设施系统,终端显示设备,弱电智能化系统及设备 > 信息设施系统 > 终端显示设备,4,8,图像显示终端、图形显示终端、字符显示终端、汉字显示终端
106,弱电智能化系统及设备,信息设施系统,综合布线系统,弱电智能化系统及设备 > 信息设施系统 > 综合布线系统,63,0,HDMI模块、MCU模块、VGA模块、七类屏蔽模块、七类水晶头、三类模块、三类水晶头、信号、监视模块、信号采集模块、光分路器、光接口转换器、光纤收发器、光纤模块、八类屏蔽模块、八类水晶头、六类屏蔽模块、六类模块、六类水晶头、分光分纤箱、分纤箱、商业级光纤收发器、地插模块、填充模块、安装面板、家庭信息箱、宽温工业级光纤收发器、开关电源模块、弱电信号模块、托盘式光交、扩展模块、接头盒、数据/语音模块、数据交换机模块、数据转接模块、无跳接光交、有线电视放大器、有线电视模块、标准工业级光纤收发器、模块条、民用级光纤收发器、消防联动网络模块、电源模块、电话模块、电话水晶头、科隆模块、端子排模块、终端盒、网络模块、耳机模块、色差AV模块、语音、数据模块、语音模块、走线模块、超五类屏蔽模块、超五类模块、超五类水晶头、超六类屏蔽模块、超六类模块、超六类水晶头、路由器模块、转换模块、集线器(HUB)模块、音视频模块
88,弱电智能化系统及设备,公共安全系统,停车库(场)管理系统,弱电智能化系统及设备 > 公共安全系统 > 停车库(场)管理系统,31,19,停车场管理软件、入口车位显示屏、出口收费工作站、图像对比摄像机、图象对比系统、地下车库快速卷帘、地感控制器、对讲装置、折臂道闸、支臂道闸、数字力矩道闸、普通出票机、条形码出票机、栅栏道闸、模拟地图屏、灯光控制器、直杆道闸、磁条出票机、系统调试卡、蓝牙卡、视频捕捉卡、语音报价器、车位引导显示屏、车位指示灯、车位控制器、车位查询器、车位计数器、软件狗、通过信号灯、闪光灯、闸杆
89,弱电智能化系统及设备,公共安全系统,入侵报警设备,弱电智能化系统及设备 > 公共安全系统 > 入侵报警设备,22,0,入侵报警控制器、单防区脉冲探测器、双线振动电缆式主机、双防区脉冲探测器、多防区报警主机、张力式控制主机、感应脉冲主机、报警对射、报警按钮、报警显示大板、报警显示设备、报警模块、泄漏电缆式报警主机、电子围栏、电子脉冲主机、紧急录音报警器、红外光墙、红外对射探测器、红外栅栏、防区扩展器、静电感应主机、高压脉冲主机
1685,弱电智能化系统及设备,公共安全系统,其他安防设备,弱电智能化系统及设备 > 公共安全系统 > 其他安防设备,4,10,地面监控系统、塔吊防碰撞系统、程控调度通讯设备、访客系统
1684,弱电智能化系统及设备,公共安全系统,出入口控制设备,弱电智能化系统及设备 > 公共安全系统 > 出入口控制设备,1,4,出入口刷卡控制器
189,弱电智能化系统及设备,公共安全系统,安全检查设备,弱电智能化系统及设备 > 公共安全系统 > 安全检查设备,0,0,
1683,弱电智能化系统及设备,公共安全系统,电子巡更系统,弱电智能化系统及设备 > 公共安全系统 > 电子巡更系统,18,0,POE配线架、七类配线架、五类网络配线架、五类配线架、光纤熔配盘、光纤配线架、八类配线架、六类配线架、屏蔽配线架空架、电子配线架、空配线架、网络配线架、语音配线架、超五类配线架、超六类配线架、跳线架、通讯座、非屏蔽配线架空架
85,弱电智能化系统及设备,公共安全系统,电视监控设备,弱电智能化系统及设备 > 公共安全系统 > 电视监控设备,41,0,USB摄像机、中速球摄像机、云台、云台支架、光端接收器、光端机、光纤发射器、卡片型摄像机、多画面分割器、拼接屏、挂架、控制键盘、摄像机支架、数字矩阵、星光级摄像机、显示屏、枪式摄像机、模拟显示屏、模拟矩阵、混合矩阵、烟感型摄像机、熔纤盒、球形摄像机、电源、电视前端箱、电视墙、电视模块、监控器立杆支架、监视器、码转换器、硬盘录像机、筒式摄像机、视频分配器、视频放大器、视频服务器、针孔形摄像机、镜头、防爆红外一体机、飞碟型摄像机、高速球摄像机、鱼眼摄像机
1689,弱电智能化系统及设备,其他智能化设备,一体化集成机房,弱电智能化系统及设备 > 其他智能化设备 > 一体化集成机房,0,0,
84,弱电智能化系统及设备,其他智能化设备,充电桩,弱电智能化系统及设备 > 其他智能化设备 > 充电桩,0,0,
1690,弱电智能化系统及设备,其他智能化设备,其他智能化设备,弱电智能化系统及设备 > 其他智能化设备 > 其他智能化设备,54,8,CD播放器、SLX无线系统(92米工作范围))、事务型办公系统、入墙式扬声器、入墙式音箱、其他音箱、决策性办公系统、前置放大器、卡拉OK、歌舞厅的音响系统、卫生间紧急呼叫求助系统、双向强指向扬声器、取号机、号角扬声器、吊球扬声器、吊装扬声器、吸顶天花扬声器、均衡器、壁挂扬声器、多功能厅的扩声系统、多媒体讲台、天线分配系统、天花扬声器、存储型、广告机、广播、音响系统、广播控制台、强指向扬声器、微处理卡、拾音器、收费机、收费机管理软件、数字反馈抑制主机、数字效果器、数字调谐器、无人机、无线系统、测试系统、电子公告系统、条码、图像处理及智能卡等、电子分频器、电子支付系统、电子数据交换、电子订货系统、电子邮件、监听音箱、管理型办公系统、网络通讯、背景音乐系统、草地扬声器、行车记录仪、逻辑加密型、音响系统、音柱扬声器、音箱、麦克风
1688,弱电智能化系统及设备,其他智能化设备,能源计量、远程抄表系统器材,弱电智能化系统及设备 > 其他智能化设备 > 能源计量、远程抄表系统器材,0,0,
1687,弱电智能化系统及设备,建筑设备管理系统,建筑能效监管系统,弱电智能化系统及设备 > 建筑设备管理系统 > 建筑能效监管系统,0,0,
1686,弱电智能化系统及设备,建筑设备管理系统,建筑设备监控系统,弱电智能化系统及设备 > 建筑设备管理系统 > 建筑设备监控系统,0,0,
1682,弱电智能化系统及设备,楼宇智能化系统,楼宇多表远传系统,弱电智能化系统及设备 > 楼宇智能化系统 > 楼宇多表远传系统,2,11,电力载波集中抄表系统、集中式远程总线抄表系统
1680,弱电智能化系统及设备,楼宇智能化系统,楼宇对讲系统,弱电智能化系统及设备 > 楼宇智能化系统 > 楼宇对讲系统,19,0,主机分机一体化套装、分配器、单用户门口机、围墙机、围墙机电源、多用户门口机、室内分机、小门口机、无线有线转接器、管理机、管理软件、紧急按钮、网络转接器、视频电源、解码器、解码器分配器、转角门口机、门口主机、防雨罩
1681,弱电智能化系统及设备,楼宇智能化系统,楼宇自控系统,弱电智能化系统及设备 > 楼宇智能化系统 > 楼宇自控系统,15,44,保安巡更签到系统、停车场自动化管理系统、公共机电设备集中控制系统、出入口管理控制系统、周边防盗报警系统、家庭防盗报警系统、小区保安监控中心系统、小区物业管理中心系统、数据信息网络系统、楼宇可视对讲系统、水电煤气远程抄表计费系统、老幼病患远程看护系统、语音传真服务系统、远程医疗保健服务系统、闭路电视监控系统
159,弱电智能化系统及设备,楼宇智能化系统,门禁系统,弱电智能化系统及设备 > 楼宇智能化系统 > 门禁系统,79,11,CPU卡、CPU钥匙扣、IC卡片、IC钥匙扣、ID卡片、ID钥匙扣、M1扣卡、一字闸、三辊闸、主机控制器、主板套件、人行道闸、八门控制器、刷卡卡片、十六门控制器、十字回转门、单元板、单门一体式门磁开关、单门控制器、单门机、卡片回收装置、双门一体式门磁开关、双门控制器、发行器、可见光人脸柱、四门控制器、射频卡、工作站PC机、平移闸、开门器、开门按钮、微波传感器、扩展板、扩展板铁箱、指纹录入仪、摆闸、无障碍道闸、智能猫眼、汇总器、独立门禁、电磁释放器、磁力锁电源、管理服务器、网络扩展器、网络门禁控制板、翼闸、考勤机、考勤门禁消费一卡通、联网中继器、脱机指纹门禁读头一体机、自动闭门器、识别仪、读卡模块、调光器、调试卡、身份证阅读器、车用消防安全应急器材、转闸、遮阳罩、采集仪、金属开关、锁具支架、锁夹、门互锁控制器、门控安全模块、门磁开关、门禁一体机、门禁一体考勤机、门禁分控器、门禁发卡器、门禁展箱、门禁暂存控制器、门禁模块、门禁电源、门禁电源箱、门禁读卡器、防火门门磁开关、集线器、非接触卡
1515,成型构件及加工件,成型加工件,变形缝装置,成型构件及加工件 > 成型加工件 > 变形缝装置,10,0,伸缩缝、单列嵌平型变形缝、双列嵌平型变形缝、变形缝、变形缝盖板、接缝板、沉降缝、金属卡锁型变形缝、金属盖板型变形缝、防震缝
1517,成型构件及加工件,成型加工件,木质加工件,成型构件及加工件 > 成型加工件 > 木质加工件,16,0,亭子、圆木木屋架、圆木柱、圆木梁、圆木檩木、方木木屋架、方木柱、方木梁、方木檩木、木屋、木廊架、木方管、木栈道、木楼梯、碳纤维板、课桌椅
1518,成型构件及加工件,成型加工件,机械设备安装用加工件,成型构件及加工件 > 成型加工件 > 机械设备安装用加工件,8,9,压板、固定、连接板、垫圈、垫板(片)、弯板、挡板、支承环、钢垫板
1514,成型构件及加工件,成型加工件,漏斗,成型构件及加工件 > 成型加工件 > 漏斗,4,6,87型雨水斗、挑檐漏斗、雨水斗、雨水漏斗
1516,成型构件及加工件,成型加工件,翻边短管,成型构件及加工件 > 成型加工件 > 翻边短管,4,7,不锈钢翻边短管、铜翻边短管、铝翻边短管、铸铁翻边短管
1519,成型构件及加工件,成型加工件,装置设备附件,成型构件及加工件 > 成型加工件 > 装置设备附件,11,0,人孔、加药罐、填料密封装置、排污管放水管、料位控制器、油罐专用附件、测量孔测量管、清扫孔通气孔、进出料口、透光孔排泄孔/管、通气孔
195,成型构件及加工件,成型构件,其他成型制品,成型构件及加工件 > 成型构件 > 其他成型制品,42,0,不锈钢烟帽、中柱旋转楼梯、仿木圆柱构件、仿木护栏构件、仿木栏杆、仿木栏杆(组件)、仿木椅、仿木美人靠、仿木花架构件、信报箱、候车亭、内焊楼梯、凉亭、单梁玻璃梯、双梁楼梯、吊顶检修口、塑钢爬梯、平板检修口、成品基坑通道、成品天沟、成品安全通道、挡鼠板、料仓、斜梁楼梯、无塔供水器、无塔储水器、检修口、楼梯踏步、玻璃钢消防水池、玻璃钢生化池、玻璃钢罐体、玻璃钢除臭箱、玻璃钢隔油池、玻璃钢雨水收集池、球墨铸铁爬梯、百叶检修口、箱式房楼梯、组装楼梯、缩颈楼梯、钢板式道路、阳光房、雕字楼梯
1511,成型构件及加工件,成型构件,压力容器构件,成型构件及加工件 > 成型构件 > 压力容器构件,9,0,储罐、分汽缸、干粉砂浆罐、汽水分离器、空气分汽筒、蒸汽分汽缸、负压分汽缸、贮油罐、贮运容器
1512,成型构件及加工件,成型构件,木质构件,成型构件及加工件 > 成型构件 > 木质构件,0,0,
32,成型构件及加工件,成型构件,水箱,成型构件及加工件 > 成型构件 > 水箱,8,15,不锈钢水箱、塑料水箱、复合水箱、搪瓷水箱、搪瓷钢板水箱、玻璃钢水箱、钢板水箱、镀锌钢板水箱
1513,成型构件及加工件,成型构件,钢楼梯,成型构件及加工件 > 成型构件 > 钢楼梯,0,0,
24,成型构件及加工件,成型构件,钢结构制作件（非装配式）,成型构件及加工件 > 成型构件 > 钢结构制作件（非装配式）,42,0,C型檩条、三角连接件、吊车梁、檀托、檩条连接件、玻璃雨棚、球型网架、空腹钢柱、系杆、自行车停车架、角钢吊架、角钢支架、贝雷片、轻钢屋架、轻钢雨棚、采光顶、钢制动梁、钢围檩、钢墙架、钢天窗架、钢屋架、钢屋架抗风架、钢平台、钢托架、钢护筒、钢拱架、钢挡风架、钢斜梁、钢格板、钢梁、钢梯、钢梯子、钢檩条、钢烟囱、钢筋桁架楼承板、钢管杆、钢管柱、钢管桩、钢箱梁、钢结构制作件、钢网架、雨棚
1510,成型构件及加工件,成型构件,铸铁及铁构件,成型构件及加工件 > 成型构件 > 铸铁及铁构件,7,0,垃圾箱(斗)、出门灰、铁制信报箱、铁床、铁柜、铁箱、铸铁椅、铸铁盖板、垫板
93,成型构件及加工件,成型构件,预制烟囱、烟道,成型构件及加工件 > 成型构件 > 预制烟囱、烟道,4,5,烟道、预制排气道、预制排烟道、预制烟囱
1413,木、竹材料及其制品,木材及其制品,其他人造木板,木、竹材料及其制品 > 木材及其制品 > 其他人造木板,4,4,指接板、甘蔗板、电木板、竹制板
132,木、竹材料及其制品,木材及其制品,其他木制品,木、竹材料及其制品 > 木材及其制品 > 其他木制品,37,12,公告牌、圆木桩、地横木、扬声器木盒、挂瓦条、方垫木、方木垫、木凳子、木塑凳、木塑型材、木塑椅、木塑花箱、木墩、木托、木拉槽、木搁栅、木支撑、木板标尺、木榫、木模具、木脚手杆、木衬垫、木质烟灰缸、木质花架、木质茶托、杂木杆、杉木户外摆琴、松木暖气罩、沥青杉木板、硬垫木、硬木弯头、硬木插片、硬木暖气罩、花箱帽、衣柜门、邵尔兰特板、防腐木坐凳
1411,木、竹材料及其制品,木材及其制品,刨花板,木、竹材料及其制品 > 木材及其制品 > 刨花板,1,5,欧松板
143,木、竹材料及其制品,木材及其制品,原木,木、竹材料及其制品 > 木材及其制品 > 原木,4,15,圆木、方木、木方、松厚板
1408,木、竹材料及其制品,木材及其制品,多层实木板,木、竹材料及其制品 > 木材及其制品 > 多层实木板,0,0,
1415,木、竹材料及其制品,木材及其制品,木制台类及货架,木、竹材料及其制品 > 木材及其制品 > 木制台类及货架,2,3,圆木台、木台
1414,木、竹材料及其制品,木材及其制品,木制容器类,木、竹材料及其制品 > 木材及其制品 > 木制容器类,9,17,实木花箱、普通木箱、木制信报箱、木制喇叭箱、木制布告箱、木制灯箱、木制钥匙箱、木制镜箱、木制集装箱
1406,木、竹材料及其制品,木材及其制品,板材,木、竹材料及其制品 > 木材及其制品 > 板材,1,2,空心木板
226,木、竹材料及其制品,木材及其制品,枋材,木、竹材料及其制品 > 木材及其制品 > 枋材,0,0,
1409,木、竹材料及其制品,木材及其制品,纤维板,木、竹材料及其制品 > 木材及其制品 > 纤维板,4,10,中密度纤维板、低密度纤维板、奥松板、高密度纤维板
1410,木、竹材料及其制品,木材及其制品,细木工板,木、竹材料及其制品 > 木材及其制品 > 细木工板,0,0,
1407,木、竹材料及其制品,木材及其制品,胶合板,木、竹材料及其制品 > 木材及其制品 > 胶合板,4,7,普通胶合板、覆膜木质胶合板、阻燃胶合板、饰面胶合板
142,木、竹材料及其制品,木材及其制品,防腐木,木、竹材料及其制品 > 木材及其制品 > 防腐木,2,5,碳化木、花旗松
1412,木、竹材料及其制品,木材及其制品,集成板,木、竹材料及其制品 > 木材及其制品 > 集成板,0,0,
1417,木、竹材料及其制品,竹材及其制品,竹制品,木、竹材料及其制品 > 竹材及其制品 > 竹制品,11,18,竹家具、竹格栅、竹桩、竹皮、竹笆、竹笪、竹签、竹箩、竹篾、竹钉、荆笆
144,木、竹材料及其制品,竹材及其制品,竹材,木、竹材料及其制品 > 竹材及其制品 > 竹材,1,4,竹竿
1416,木、竹材料及其制品,竹材及其制品,竹板,木、竹材料及其制品 > 竹材及其制品 > 竹板,4,6,竹层合板、竹架板、竹片、竹胶板
1402,橡胶、塑料及非金属材料,其他非金属材料,丝麻及其制品,橡胶、塑料及非金属材料 > 其他非金属材料 > 丝麻及其制品,7,12,线麻、绢帛、麻丝、麻包布、麻布、麻绳、麻袋
198,橡胶、塑料及非金属材料,其他非金属材料,其他非金属材料,橡胶、塑料及非金属材料 > 其他非金属材料 > 其他非金属材料,12,32,人造革、地板革、帆布、滴水线、珍珠棉、皮草革、皮革、皮革制品、真皮、真皮制品、硅胶板、脱脂棉
1403,橡胶、塑料及非金属材料,其他非金属材料,化纤及其制品,橡胶、塑料及非金属材料 > 其他非金属材料 > 化纤及其制品,21,24,三防布、丙纶布、化纤壁毡、化纤布、化纤毛条、吸油棉、吸音毡、无机布、涤纶布、碳纤维布、纳米防火布、聚丙烯睛纤维、聚丙烯纤维、聚丙烯纤维绳、聚丙烯腈纤维、聚酯毡、聚酯浸胶线绳、聚酯纤维、防水布、隔音毡、高分子纤维布
181,橡胶、塑料及非金属材料,其他非金属材料,土工材料,橡胶、塑料及非金属材料 > 其他非金属材料 > 土工材料,15,0,三维土工网垫、单向塑料土工格栅、单向拉伸土工格栅、双向塑料土工格栅、双向拉伸土工格栅、土工布、土工格室、土工膜、复合土工格栅、涤纶土工格栅、玻璃纤维土工格栅、玻璃钢土工格栅、玻璃钢格栅、钢塑土工格栅、防水土工布
1401,橡胶、塑料及非金属材料,其他非金属材料,棉毛及其制品,橡胶、塑料及非金属材料 > 其他非金属材料 > 棉毛及其制品,10,0,带、条、棉丝、棉布、棉毡、毛毡、棉纱、棉纱头、棉纱绳、棉绳、棉袋、麻袋、白棕绳
1400,橡胶、塑料及非金属材料,其他非金属材料,石墨碳素制品,橡胶、塑料及非金属材料 > 其他非金属材料 > 石墨碳素制品,11,20,柔性石墨(条)、柔性石墨复合板、石墨布、石墨板、石墨片、石墨粉、石墨线、石墨绳、碳布、碳棒(条)、碳石墨块
1404,橡胶、塑料及非金属材料,其他非金属材料,草及其制品,橡胶、塑料及非金属材料 > 其他非金属材料 > 草及其制品,6,16,草垫、草帘、草席、草砖、草绳、草袋
1399,橡胶、塑料及非金属材料,塑料材料及制品,其他塑料制品,橡胶、塑料及非金属材料 > 塑料材料及制品 > 其他塑料制品,40,0,PVC-U螺旋缠绕专用带状型材、PVC帆布、保温扎带、塑料井井筒、塑料井配件、塑料圈、塑料垫、塑料桶、塑料盲沟、塑料绳、塑料罩、塑料膨胀塞、塑料膨胀管、塑料袋、塑钢型材、尼龙卡带、尼龙帽、尼龙扎带、尼龙绳、尼龙编织袋、尼龙网、尼龙袋、帆布尼龙带、托辊、海绵条、环氧树脂板型材、玻璃钢板、玻璃钢检查井井筒、瓷砖卡子、生态袋、空调扎带、绑扎带、编织带、编织袋、聚氨酯型材、聚苯乙烯颗粒、软式透水管、输送带、门窗型材、隔热条
1395,橡胶、塑料及非金属材料,塑料材料及制品,塑料带,橡胶、塑料及非金属材料 > 塑料材料及制品 > 塑料带,3,9,PP打包带、PVC塑料带、聚丙烯RR塑料带
1394,橡胶、塑料及非金属材料,塑料材料及制品,塑料板,橡胶、塑料及非金属材料 > 塑料材料及制品 > 塑料板,16,0,ABS板、HDPE塑料板、HDPE排水板、HDPE蓄排水板、PBS塑料排水板、PE塑料板、PE蓄排水板、PP板、PP注塑蓄排水板、PS塑料排水板、PVC塑料板、PVC蓄排水板、PVDF板、尼龙板、排水板、聚四氟乙烯板
1396,橡胶、塑料及非金属材料,塑料材料及制品,塑料棒,橡胶、塑料及非金属材料 > 塑料材料及制品 > 塑料棒,6,12,PE棒、PP棒、PTFE聚四氟乙烯棒、PU棒、尼龙棒、硬聚氯乙烯棒
130,橡胶、塑料及非金属材料,塑料材料及制品,塑料薄膜、布,橡胶、塑料及非金属材料 > 塑料材料及制品 > 塑料薄膜、布,23,1,ETFE膜、HDPE塑料布、PTFE膜、UV彩天花、光幕天花、养护膜、压延膜、反射膜、发光膜、喷塑天花、四色布、塑料薄膜、彩条布、抗裂贴、涂塑布、珠光天花、聚酯薄膜、蓝银布、软膜天花、道路抗裂贴、遮蔽膜、釉面天花、防水天花
205,橡胶、塑料及非金属材料,塑料材料及制品,有机玻璃,橡胶、塑料及非金属材料 > 塑料材料及制品 > 有机玻璃,4,6,有机玻璃板、有机玻璃棒、有机玻璃片、有机玻璃管
1397,橡胶、塑料及非金属材料,塑料材料及制品,橡塑复合材料,橡胶、塑料及非金属材料 > 塑料材料及制品 > 橡塑复合材料,9,8,橡塑复合板、橡胶铝铂复合材料、沥青橡胶复合材料、短纤维橡胶复合材料、石墨橡胶复合材料、硅橡胶复合材料、纳米橡塑复合材料、金属橡胶复合材料、防静电橡塑板
1398,橡胶、塑料及非金属材料,塑料材料及制品,玻璃钢及其制品,橡胶、塑料及非金属材料 > 塑料材料及制品 > 玻璃钢及其制品,0,0,
126,橡胶、塑料及非金属材料,橡胶材料及制品,其他橡胶材料,橡胶、塑料及非金属材料 > 橡胶材料及制品 > 其他橡胶材料,15,30,减震垫、医用橡胶管、塞子胶垫、机柜脚、橡胶垫、橡胶塞、橡胶护舷、橡胶棒、橡胶缓冲块、橡胶轮胎、橡胶颗粒、氟丁腈橡胶垫、混合塑胶、石棉橡胶垫、零星橡胶件
1393,橡胶、塑料及非金属材料,橡胶材料及制品,橡胶圈,橡胶、塑料及非金属材料 > 橡胶材料及制品 > 橡胶圈,6,18,丁腈耐油密封圈、弹性圈、橡皮垫圈、氟胶密封圈、玻璃钢胶圈、硅胶密封圈
1392,橡胶、塑料及非金属材料,橡胶材料及制品,橡胶条、带,橡胶、塑料及非金属材料 > 橡胶材料及制品 > 橡胶条、带,19,0,丁腈海绵胶条、三元乙丙橡胶条、三角带、乙丙烯橡胶带、圆胶条、方胶条、普通V带、橡胶输送带、氟橡胶条、氯丁橡胶条、皮带、硅橡胶海绵条、窄V带、纤维防腐胶带、耐火胶条、耐火膨胀胶条、联组带、聚氯乙烯胶条、遇水膨胀橡胶条
1391,橡胶、塑料及非金属材料,橡胶材料及制品,橡胶板,橡胶、塑料及非金属材料 > 橡胶材料及制品 > 橡胶板,16,0,丁基橡胶板、丁腈橡胶板、丁苯橡胶板、三元乙丙橡胶板、复合橡胶垫板、夹布橡胶板、帆布橡胶板、普通橡胶板、橡胶垫板、氟橡胶板、氯丁橡胶板、氯磺化聚乙烯橡胶板、海绵橡胶板、石棉橡胶板、硅氟橡胶板、聚硫橡胶板
1658,水处理及环保设备,原水处理设备,毛发聚集器,水处理及环保设备 > 原水处理设备 > 毛发聚集器,0,0,
1655,水处理及环保设备,原水处理设备,水垢处理设备,水处理及环保设备 > 原水处理设备 > 水垢处理设备,13,0,低压电场电子式水处理器、内磁水处理器、反冲过滤电子水处理器、手动反冲洗水处理器、旁流水处理器、普通电子式水处理器、棒式电子式水处理器、物化水处理器、综合水处理器、超声波水垢处理器、隔爆型电子式水处理器、高压静电场电子式水处理器、高频电磁场电子式水处理器
163,水处理及环保设备,原水处理设备,水处理成套设备,水处理及环保设备 > 原水处理设备 > 水处理成套设备,10,22,pcc水质处理站、中水净化器、中水处理设备、动态水处理机组、反渗透净水设备、旁流水处理系统、水处理设备、电化学水处理器、电子水处理器、离子群处理机组
1654,水处理及环保设备,原水处理设备,水软化设备,水处理及环保设备 > 原水处理设备 > 水软化设备,5,19,自动软水器、钠离子交换软水器、阳离子交换器、阴离子交换器、阴阳离子交换器
1656,水处理及环保设备,原水处理设备,膜与膜设备,水处理及环保设备 > 原水处理设备 > 膜与膜设备,7,18,MBR膜及装置、反渗透膜、反渗透膜及装置、微滤膜及装置、电渗析(离子交换膜)器、纳滤膜及装置、超滤膜及装置
1657,水处理及环保设备,原水处理设备,过滤设备,水处理及环保设备 > 原水处理设备 > 过滤设备,16,1,介质过滤器、全自动反冲洗叠片过滤器、全自动反冲洗网过滤器、全自动砂石叠片过滤器组、半自动砂石叠片过滤器组、国产砂石过滤器、手动砂石叠片过滤器组、滤芯式过滤器、直饮水(纯净水)系统、离心过滤器(手动叠片)、离心过滤器(手动网式)、离心过滤器(自动叠片)、网式过滤器、自动反冲洗叠片过滤器组、过滤罐、进口叠片过滤器
1673,水处理及环保设备,水处理及环保设备耗材,水处理及环保用填料,水处理及环保设备 > 水处理及环保设备耗材 > 水处理及环保用填料,8,0,内置式悬浮填料(网格球形填料)、半软性填料、复合型填料、环形多面体填料、球形多面体填料、蜂窝管(斜管)、蜂窝管(直管)、软性纤维填料
1674,水处理及环保设备,水处理及环保设备耗材,过滤材料,水处理及环保设备 > 水处理及环保设备耗材 > 过滤材料,18,0,卵石垫层滤料、无烟煤滤料、果壳滤料、树脂滤料、椰壳黄金碳滤料、沸石滤料、泡沫滤珠滤料、活性碳滤料、滤壳滤料、滤芯、石灰石滤料、石英砂滤料、磁铁矿滤料、纤维滤料、纤维球滤料、软水盐滤料、锰砂、陶瓷滤料
1659,水处理及环保设备,污水处理设备,曝气设备,水处理及环保设备 > 污水处理设备 > 曝气设备,11,0,伞形叶轮表面曝气机、导管式表面曝气机、射流式水下曝气机、旋流式曝气器、旋混式曝气器、机械鼓风曝气器、橡胶微孔曝气器、泵式叶轮表面曝气机、离心式水下曝气机、聚合物曝气器、陶瓷微孔曝气器
1661,水处理及环保设备,污水处理设备,格栅类栏污设备,水处理及环保设备 > 污水处理设备 > 格栅类栏污设备,3,10,人工格栅、机械格栅、水利清除格栅
1660,水处理及环保设备,污水处理设备,气浮设备,水处理及环保设备 > 污水处理设备 > 气浮设备,8,0,加压溶气气浮设备、叶轮气浮设备、射流溶气气浮设备、扩散气浮设备、水泵吸水管吸气气浮设备、溶气真空气浮设备、电解气浮设备、组合式气浮设备
1664,水处理及环保设备,污水处理设备,污泥脱水设备,水处理及环保设备 > 污水处理设备 > 污泥脱水设备,0,0,
1662,水处理及环保设备,污水处理设备,油水分离装置,水处理及环保设备 > 污水处理设备 > 油水分离装置,0,0,
1665,水处理及环保设备,污水处理设备,生化反应器,水处理及环保设备 > 污水处理设备 > 生化反应器,0,0,
1663,水处理及环保设备,污水处理设备,除污除砂排泥设备,水处理及环保设备 > 污水处理设备 > 除污除砂排泥设备,14,0,中心传动式刮泥机、吸泥机、单臂回转式抓斗除砂、周边传动式刮泥机、吸泥机、旋流式水砂分离器、桁车泵吸式除砂机、滗水器、离心除砂器、螺旋式水砂分离器、螺旋输送式刮泥机、吸泥机、行车式刮泥机、吸泥机、链斗式除砂机、链板式刮泥机、吸泥机、门形抓斗式除砂机、除污阀
1666,水处理及环保设备,消毒设备,灭菌消毒/加药装置,水处理及环保设备 > 消毒设备 > 灭菌消毒/加药装置,10,0,二氧化氯发生器、二氧化氯消毒器、加药装置、干粉式自动加药装置、微电解自洁消毒器、次氯酸钠发生器、水箱自洁消毒器、溶液式加药装置、臭氧发生器、臭氧自洁消毒器/发生器
107,水处理及环保设备,环保设备,其他环保设备,水处理及环保设备 > 环保设备 > 其他环保设备,320,0,50加仑6级RO机、AOO反应器、AO池、BAF曝气生物滤池、NF处理装置、PP模块、SBR罐、UF处理装置、UV光氧废气净化器、UV光解氧化装置、UV光解除臭设备、ss传感系统、一体化喷淋消毒集成装置、一体化处理器、一体化水质监测、一体化水量监测系统、一体化污水处理设备、一体化污水提升装置、一体式平板格栅井、一体式检修井、一体式深度水处理装置、三合一地毯机、三维纳米改性密目填料网废气消毒器、三集一体除湿机、中央管道超滤机、中心管、五级反渗透RO机、介质罐、传递窗、低温等离子体有机废气净化装置、低速推流器、余氟分析仪、余氯ph测试盒、催化净化装置、免安装台面超滤机、全封闭驾驶式扫地机、全程综合水处理、全自动在线水质监控仪、全自动套标机机、全自动拔盖机、全自动管刷自动清洗装置、全自动精密一体化过滤系统、农村智能一体化小型水厂、冷却循环水处理设备、冷雾基座、净化塔、净水剂、净水器、净水系统、出水计量槽、分离器、切削液再生过滤装置、初级复合系统、制水净化器、制水器、刷通机、前置雨水处理装置、加药桶、助燃剂、助燃除渣清灰剂、化水系统设备、医疗超纯水机、半自动刷通拔盖机、单擦机、单级反渗透净水设备、压力式净水器、压力除铁锰设备、压滤机、厌氧发酵系统、反冲洗系统、反渗透RO机、反渗透剂、可移动净水站、吸尘吸水机、吸尘器、吸污口、喷射器、嗅味变色防垢剂、回水口、围挡喷淋、固液分离机、地毯织物除渍机、地表水水质、水量监测系统、地面清洗设备、垃圾渗滤液处理设备、埋地设备间、增氧机、复合软化系统、复合过滤装置、多功能除雪设备、多面空心球、大面积吸尘机、安全分流井、定压脱气综合水处理机组、定压补水真空脱气机组、实验室超纯水机、封闭驾驶式扫地机、巴氏计量槽、市政补水系统、布水器、带棚驾驶式扫地机、干风机、废气净化机组、废气除臭处理系统设备、废水回用设备、弃流装置、弃流过滤装置、弃流过滤装置/电闸门、截污挂篮装置、手推式扫地机、手机、电脑同步控制系统、扫地机、扫地机滚刷、扫地机边刷、抛兴机、拦污筐、挂桶式全封闭扫地机、排水混合器、收油隔油器、政府平台数字对接系统、数据采集分析系统、斜板沉淀池、旁流水处理、无菌水箱、景观水处理装置、智能APP双出水光谱仪RO机、智能化雨水处理、智能灌溉控制系统、智能芽苗菜机、杀菌灭藻剂、柴油全天候多功能扫地机、树脂罐负压保护器、桑拿设备、桶装水生产线、模块侧板、模块化户内中水集成系统、模块定位销、模块拉钩、模块盖板、模块连接件、止回溢流器、毛发过滤器、水力颗粒分级阻拦器、水厂、污水厂智能自控系统、水处理系统、水处理药剂、水池防护板、水管转换口、水箱自动清洗设备、水质稳定剂、水锤消除器、污水提升装置、污水提升设备、污水电絮凝装置、污泥、沼渣脱水系统、污泥罐、沉沙池、油烟净化设备、油脂分解除臭型隔油提升设备、油雾收集器、泳池恒温设备、泳池水处理设备、泳池消毒设备、洗地机、洗地机刷盘、活性氧化铝干燥剂、活性氧化铝除氟剂、活性炭、活性炭吸附装置、活性炭废气净化器、流变器、浓水电絮凝装置、浮油浮渣收集器、浮球取水器、海水淡化装置、海绵铁除氧剂、消毒氯粉、消毒片、消毒颗粒、液位控制系统、深度活化系统、混合流移动填料床消毒器、清水箱、清洁保养工具、清洗系统、清灰剂、溢流滤渗井、滚刷驾驶式洗扫一体机、滤布滤池、滤袋、潜水搅拌机、灌装机、灌装线、热伸缩膜机、燃油清灰剂、物化脱氨设备、物联网通讯系统、玻璃罐厌氧调节池、玻璃钢发酵池、玻璃钢调节池、生态修复系统、生态快滤池、生态浮床、生态透水模块、电动尘推车、电动弃流装置、电子打泡箱、电子杀菌器、电瓶式洗地机、盐箱、盘刷手推式洗地机、盘刷自行式洗地机、盘刷驾驶式洗地机、盘滤控制器、直饮水工程、直饮水设备、真空饮水站、石材翻新机、砂缸水处理设备、硅磷晶罐、碱粉、磁浮选配水罐、移动净水车、空调清洗剂、管线机、精密吸附系统、絮宁剂、纯水机耗材、纯水设备、绿化种植盒、绿化种植系统、绿化系统、缓蚀阻垢剂、缓释剂、网格式涡流群脱氯器、胶球清洗装置、脱硫除尘剂、脱碳器、膜阻垢剂、自动上瓶机、自动拌浆系统、自清洗过滤器、臭氧一体机、臭氧混合装置、蓄水桶、蓄水池设备井、蓄热式焚烧炉、虹吸式自清洁调蓄池、虹吸系统、调节罐、超宁静吸尘器、超滤设备、超级吸附系统、软水机、输送机、过滤单元、过滤砂缸、过滤罐体、迷宫型环流自混消毒器、选配扫雪滚刷、透气观察管、透气防尘罩、配水器、酸粉、酸雾净化装置、采暖清洗剂、重力式一体化净水设备、量子管通环、锅炉管道停炉保护剂、锅炉软水除氧防垢剂、防垢剂、阳离子交换树脂、阻垢分散剂、除垢剂、除尘器布袋、除尘器骨架、除尘塔、除氧剂、除渣机、除渣清焦剂、除臭设备、除锰装置、除雾器、隔油提升一体化设备、隔油沉沙装置、集装箱污水处理成套设备、雨水供水排泥装置、雨水地埋一体机、雨水弃流控制器、雨水截污挂篮装置、雨水截污装置、雨水控制系统、雨水收集专用支架、雨水收集和利用系统、雨水收集系统、雨水收集运营管理智能化信息化平台、雨水模块、雨水模块体、雨水模块侧板、雨水模块加固框架、雨水模块盖板、雨水模块连接件、雨水模块附件、雨水设备井、雨水过滤器、雨水集成控制系统、雨污水末端生态处理设备、雨量传感变送器、雨量传感器、雨量站、雾炮机、顶式过滤砂缸、预处理装置、预膜缓蚀剂、预警系统、驾驶式扫地机、高压清洗机、高压管、高效磁浮选、高效节能再生机
1671,水处理及环保设备,环保设备,化粪池,水处理及环保设备 > 环保设备 > 化粪池,0,0,
1672,水处理及环保设备,环保设备,噪音防护设施,水处理及环保设备 > 环保设备 > 噪音防护设施,1,5,防噪声屏
1669,水处理及环保设备,环保设备,垃圾处理设施,水处理及环保设备 > 环保设备 > 垃圾处理设施,3,7,垃圾处理器、垃圾破碎机、破袋机
1670,水处理及环保设备,环保设备,环保厕所,水处理及环保设备 > 环保设备 > 环保厕所,3,9,免水冲打包式卫生间、循环水环保生态卫生间、泡沫封闭式卫生间
1668,水处理及环保设备,环保设备,除尘设备,水处理及环保设备 > 环保设备 > 除尘设备,10,19,惯性除尘器、旋风除尘器、洗涤式除尘设备、磁力除尘设备、离心除尘设备、袋式除尘器、重力除尘设备、除尘系统、静电除尘设备、颗粒除尘设备
1667,水处理及环保设备,环保设备,除气设备,水处理及环保设备 > 环保设备 > 除气设备,7,8,低位热力除氧器、全自动真空脱气机、手动海绵铁除氧器、真空除氧器、自动海绵铁除氧器、解析除氧器、除碳器(鼓风填料式)
1572,水暖器材及热水、采暖锅炉设备,散热器,其他散热器,水暖器材及热水、采暖锅炉设备 > 散热器 > 其他散热器,0,0,
1570,水暖器材及热水、采暖锅炉设备,散热器,散热器专用配件,水暖器材及热水、采暖锅炉设备 > 散热器 > 散热器专用配件,16,27,丝堵、加水斗、固定卡、圆管片头、小圆门扣盖、尾件、托勾、放气阀堵、散热器专用管接头、普通扣盖、混水器、直眼扣盖、翻边扣盖、胶垫、膨胀螺丝、边勾
1571,水暖器材及热水、采暖锅炉设备,散热器,散热器温控阀,水暖器材及热水、采暖锅炉设备 > 散热器 > 散热器温控阀,4,15,暖气H型阀、暖气三通温控阀、暖气直通式温控阀、暖气角式温控阀
1567,水暖器材及热水、采暖锅炉设备,散热器,钢制散热器,水暖器材及热水、采暖锅炉设备 > 散热器 > 钢制散热器,0,0,
1569,水暖器材及热水、采暖锅炉设备,散热器,铜及复合散热器,水暖器材及热水、采暖锅炉设备 > 散热器 > 铜及复合散热器,0,0,
1568,水暖器材及热水、采暖锅炉设备,散热器,铝及铝合金散热器,水暖器材及热水、采暖锅炉设备 > 散热器 > 铝及铝合金散热器,0,0,
1566,水暖器材及热水、采暖锅炉设备,散热器,铸铁散热器,水暖器材及热水、采暖锅炉设备 > 散热器 > 铸铁散热器,0,0,
66,水暖器材及热水、采暖锅炉设备,水暖器材及设备,其他水暖器材及设备,水暖器材及热水、采暖锅炉设备 > 水暖器材及设备 > 其他水暖器材及设备,21,0,冷风门、地暖网、恒温水箱、手动混水中心、换热水箱、放风、汽泡回水盒、注水器、炉勾、电暖器、电暖气、电热管、电热膜、直汽门、自动混水中心、表旋塞、调压板、跑风门、软化水嘴、钥匙八字汽门、验水门
1573,水暖器材及热水、采暖锅炉设备,水暖器材及设备,地暖分、集水器,水暖器材及热水、采暖锅炉设备 > 水暖器材及设备 > 地暖分、集水器,10,15,七分水器、三分水器、二分水器、五分水器、八分水器、六分水器、分水器、四分水器、滤水器、集水器
1578,水暖器材及热水、采暖锅炉设备,水暖器材及设备,水锤吸纳器,水暖器材及热水、采暖锅炉设备 > 水暖器材及设备 > 水锤吸纳器,2,7,活塞气囊式水锤吸纳器、隔膜气囊式水锤吸纳器
1579,水暖器材及热水、采暖锅炉设备,水暖器材及设备,汽水集配器,水暖器材及热水、采暖锅炉设备 > 水暖器材及设备 > 汽水集配器,0,0,
1577,水暖器材及热水、采暖锅炉设备,水暖器材及设备,膨胀水箱,水暖器材及热水、采暖锅炉设备 > 水暖器材及设备 > 膨胀水箱,2,4,定压补水脱气机组、落地式膨胀水箱
1576,水暖器材及热水、采暖锅炉设备,水暖器材及设备,除污器,水暖器材及热水、采暖锅炉设备 > 水暖器材及设备 > 除污器,7,18,卧式直通除污器、卧式角通除污器、反冲洗型卧式除污器、旋流式除污器、立式直通除污器、管道除污器、除污器卧式直通
1574,水暖器材及热水、采暖锅炉设备,水暖器材及设备,集气罐,水暖器材及热水、采暖锅炉设备 > 水暖器材及设备 > 集气罐,2,5,卧式集气罐、立式集气罐
1575,水暖器材及热水、采暖锅炉设备,水暖器材及设备,集热器,水暖器材及热水、采暖锅炉设备 > 水暖器材及设备 > 集热器,2,7,全玻璃真空管太阳能集热器、平板型太阳能集热器
1585,水暖器材及热水、采暖锅炉设备,热水、采暖设备,其他热水、采暖设备,水暖器材及热水、采暖锅炉设备 > 热水、采暖设备 > 其他热水、采暖设备,0,0,
1581,水暖器材及热水、采暖锅炉设备,热水、采暖设备,沸水器,水暖器材及热水、采暖锅炉设备 > 热水、采暖设备 > 沸水器,0,0,
1584,水暖器材及热水、采暖锅炉设备,热水、采暖设备,浴霸,水暖器材及热水、采暖锅炉设备 > 热水、采暖设备 > 浴霸,0,0,
1582,水暖器材及热水、采暖锅炉设备,热水、采暖设备,热交换器,水暖器材及热水、采暖锅炉设备 > 热水、采暖设备 > 热交换器,15,0,单套管换热器、喷淋式蛇管换热器、填料函式换热器、多套管换热器、夹套式换热器、容积式换热器、弯管式换热器、换热器、板式换热器、板翅式换热器、沉浸式蛇管换热器、波纹板换热器、直管式换热器、翅片管换热器、螺旋板式换热器
1580,水暖器材及热水、采暖锅炉设备,热水、采暖设备,热水器、开水炉,水暖器材及热水、采暖锅炉设备 > 热水、采暖设备 > 热水器、开水炉,15,0,即热式电热水器、太阳能热水器、室外式燃气快速热水器、小厨宝、开水器、强制排气式燃气快速热水器、燃气容积式热水器、燃气开水炉、燃气热水器、燃油热水器、电开水炉、电热水器、空气能热水器、蒸汽开水炉、贮水式电热水器
1583,水暖器材及热水、采暖锅炉设备,热水、采暖设备,采暖炉,水暖器材及热水、采暖锅炉设备 > 热水、采暖设备 > 采暖炉,5,17,壁挂炉、燃气采暖炉、燃油采暖炉、燃煤采暖炉、电采暖炉
1587,水暖器材及热水、采暖锅炉设备,锅炉设备,其他锅炉设备,水暖器材及热水、采暖锅炉设备 > 锅炉设备 > 其他锅炉设备,2,6,冷凝水回收设备、补水箱
1586,水暖器材及热水、采暖锅炉设备,锅炉设备,锅炉,水暖器材及热水、采暖锅炉设备 > 锅炉设备 > 锅炉,10,14,燃气热水锅炉、燃气蒸汽锅炉、燃油热水锅炉、燃油燃气热水锅炉、燃油燃气蒸汽锅炉、燃油蒸汽锅炉、燃煤热水锅炉、燃煤蒸汽锅炉、电热水锅炉、电蒸汽锅炉
20,水泥、砖瓦灰砂石及混凝土制品,水泥,水泥,水泥、砖瓦灰砂石及混凝土制品 > 水泥 > 水泥,43,0,中抗抗硫酸盐硅酸盐水泥P.MSR、中热硅酸盐水泥P.MH、乳胶水泥、低热微膨胀水泥LHEC、低热矿渣硅酸盐水泥P.SLH、低热硅酸盐水泥P.LH、低热粉煤灰硅酸盐水泥、低碱度硫铝酸盐水泥L.SAC、低碱硅酸盐水泥、双快水泥、地质勘探水泥、复合硅酸盐水泥P.C、快凝快硬硅酸盐水泥、快硬硅酸盐水泥、快硬硫铝酸盐水泥R.SAC、早强水泥、普通硅酸盐水泥P.O、水玻璃型耐酸水泥、油井水泥、海工水泥、火山灰质硅酸盐水泥P.P、白色硅酸盐水泥P.W、瞬凝水泥、石灰石硅酸盐水泥P.L、石膏矿渣水泥、矿渣硅酸盐水泥P.S.A、矿渣硅酸盐水泥P.S.B、砌筑水泥M、硅酸盐水泥P.I、硅酸盐水泥P.Ⅱ、粉煤灰硅酸盐水泥P.F、自应力硫铝酸盐水泥S.SAC、自应力膨胀水泥、超细水泥、道路硅酸盐水泥P.R、钒土水泥、钢渣砌筑水泥S.M、钢渣硅酸盐水泥P.SS、钢渣道路水泥S.R、铝酸盐水泥、防水硅酸盐水泥、高强水泥、高抗抗硫酸盐硅酸盐水泥P.HSR
1130,水泥、砖瓦灰砂石及混凝土制品,混凝土制品,水泥及混凝土预制品,水泥、砖瓦灰砂石及混凝土制品 > 混凝土制品 > 水泥及混凝土预制品,0,0,
22,水泥、砖瓦灰砂石及混凝土制品,混凝土制品,钢筋混凝土预制构件（非装配式）,水泥、砖瓦灰砂石及混凝土制品 > 混凝土制品 > 钢筋混凝土预制构件（非装配式）,63,0,墙板单边垫块、水簸箕、混凝土墙板、混凝土检查井构件、混凝土过梁、装配式独立基础、路灯预制基础、钢筋混凝土井筒、钢筋混凝土构件、钢筋混凝土消防水池、铝膜、预制天沟、预制条石、预制混凝土T形吊车梁、预制混凝土三角形组合屋架、预制混凝土内墙板、预制混凝土凸窗、预制混凝土单梁、预制混凝土压顶、预制混凝土双叶叠合墙板、预制混凝土叠合墙板、预制混凝土叠合板、预制混凝土叠合梁、预制混凝土外墙板、预制混凝土外墙面板、预制混凝土外挂墙板、预制混凝土天沟板、预制混凝土天窗上下档、预制混凝土天窗侧板、预制混凝土天窗架及端壁板、预制混凝土夹心保温外墙板、预制混凝土屋面板、预制混凝土平板、预制混凝土托架梁、预制混凝土折线形屋架、预制混凝土护栏、预制混凝土挑檐屋面板、预制混凝土散水、预制混凝土整体板、预制混凝土楼梯、预制混凝土槽形板、预制混凝土檩条、预制混凝土看台台阶、预制混凝土空心板、预制混凝土空调板、预制混凝土薄腹梁、预制混凝土连系梁、预制混凝土锯齿形屋架、预制混凝土门式刚架、预制混凝土阳台板、预制混凝土鱼腹式吊车梁、预制管廊、预制管桩、预制箱涵、预制钢筋混凝土女儿墙、预制钢筋混凝土板、预制钢筋混凝土柱、预制钢筋混凝土桩、预制钢筋混凝土梁、预制钢筋混凝土窗、预应力方桩、预应力管桩、预支混凝土排水沟
21,水泥、砖瓦灰砂石及混凝土制品,瓦,瓦,水泥、砖瓦灰砂石及混凝土制品 > 瓦 > 瓦,25,0,PVC彩色瓦、PVC波浪瓦、仿真茅草瓦、小波石棉瓦、屋面瓦、彩图瓦、彩石金属瓦、排水沟瓦、树脂瓦、檐口瓦、水泥瓦、波形瓦、波浪瓦、混凝土瓦、玻璃亮瓦、玻璃钢瓦、玻纤胎沥青瓦、石棉瓦、纤维水泥瓦、透明瓦、釉面瓦、金属瓦、钢板瓦、陶土(粘土)瓦、陶瓷亮瓦
1128,水泥、砖瓦灰砂石及混凝土制品,砂石、粉、灰、土,灰、粉、土等掺合填充料,水泥、砖瓦灰砂石及混凝土制品 > 砂石、粉、灰、土 > 灰、粉、土等掺合填充料,28,5,快粘粉、抹灰石膏、沸石粉、油灰、消解灰、滑石粉、灰钙粉、熟石灰、生石灰、白灰粉、石灰浆、石灰膏、石粉、石膏粉、石英粉、矿粉、硅灰、碎石土、粉刷石膏、粉刷石膏底层、粉煤灰、粘土、轻质石膏、重质石膏、重钙粉、铸石粉、高强石膏、黏土
1125,水泥、砖瓦灰砂石及混凝土制品,砂石、粉、灰、土,石子,水泥、砖瓦灰砂石及混凝土制品 > 砂石、粉、灰、土 > 石子,24,0,再生石子、卵石、块石、广泰石、水洗石、河石、海峡石、混石、煤矸石、片毛石、片石、玄武岩碎石、瓜米石、白石子、石灰石、石英石、砾石、碎石、米石、豆石、连砂石、重晶石、金刚石、雨花石
1126,水泥、砖瓦灰砂石及混凝土制品,砂石、粉、灰、土,石料,水泥、砖瓦灰砂石及混凝土制品 > 砂石、粉、灰、土 > 石料,14,17,块状料石、大理石荒料、方状料石、条状料石、板石荒料、毛平石、毛石(角石)、石灰岩荒料、砂岩荒料、砾石荒料、粗料石、细料石、花岗岩荒料、青石荒料
19,水泥、砖瓦灰砂石及混凝土制品,砂石、粉、灰、土,砂,水泥、砖瓦灰砂石及混凝土制品 > 砂石、粉、灰、土 > 砂,16,0,中砂、中粗砂、彩砂、机制砂、标准沙、混砂、特细砂、石英砂、硅砂、粗砂、细砂、重晶砂、金刚砂、铜矿砂、黄砂、黑砂
1127,水泥、砖瓦灰砂石及混凝土制品,砂石、粉、灰、土,轻骨料,水泥、砖瓦灰砂石及混凝土制品 > 砂石、粉、灰、土 > 轻骨料,25,0,再生混合骨料、合金耐磨骨料、塘渣、宕渣、普通陶粒、混合轻骨料、煤渣、玻化微珠、石屑、石渣、矿渣、砂浆骨料、碎砖、粗骨料、粘土陶粒、细骨料、耐磨骨料、轻质土、金刚砂耐磨骨料、金属骨料、钢渣、陶砂、陶粒、非金属耐磨骨料、页岩陶粒
17,水泥、砖瓦灰砂石及混凝土制品,砌砖、砌块,砌块,水泥、砖瓦灰砂石及混凝土制品 > 砌砖、砌块 > 砌块,49,0,BM轻集料的自保温砌块、劈裂砌块、加气块、普通混凝土多孔砌块、普通混凝土实心砌块、普通混凝土小型实心砌块、普通混凝土小型空心砌块、普通混凝土空心砌块、泡沫混凝土砌块、混凝土复合自保温砌块、混凝土小型空心砌块、混凝土预制块、灰加气混凝土实心砌块、炉渣混凝土小型空心砌块、炉渣混凝土空心砌块、烧结煤矸石实心砌块、烧结页岩空心砌块、煤渣屋面隔热砌块、煤渣混凝土实心砌块、煤渣混凝土空心砌块、煤矸石烧结自保温砌块、石膏充气砌块、石膏夹心砌块、石膏泡沫砌块、石膏砌块、石膏空心砌块、石膏膨胀珍珠岩砌块、砂加气混凝土实心砌块、砂加气自保温混凝土砌块、砖渣混凝土空心砌块、膨胀珍珠岩屋面隔热砌块、膨胀珍珠岩混凝土实心砌块、膨胀珍珠岩混凝土空心砌块、自保温混凝土砌块、蒸压加气混凝土实心砌块、蒸压加气混凝土砌块、蒸压加气混凝土空心砌块、蒸压砂加气混凝土砌块、蒸压粉煤灰加气混凝土砌块、蒸压粉煤灰空心砌块、轻质瓷粉保温砌块、轻集料混凝土小型空心砌块、轻集料混凝土小型空心砌块辅块、轻集料混凝土砌块、轻集料混凝土空心砌块、陶粒屋面隔热砌块、陶粒混凝土实心砌块、陶粒混凝土砌块、陶粒混凝土空心砌块
1129,水泥、砖瓦灰砂石及混凝土制品,砌砖、砌块,砌砖,水泥、砖瓦灰砂石及混凝土制品 > 砌砖、砌块 > 砌砖,40,26,保温砖、水泥多孔砖、水泥实心砖、水泥空心砖、混凝土单立砖、混凝土多孔砖、混凝土实心砖、混凝土异形砖、混凝土标准砖、混凝土空心砖、清水砖、烧结煤矸石多孔砖、烧结煤矸石实心砖、烧结煤矸石标准砖、烧结煤矸石空心砖、烧结粉煤灰多孔砖、烧结粉煤灰实心砖、烧结粉煤灰标准砖、烧结粉煤灰空心砖、烧结粘土多孔砖、烧结粘土标准砖、烧结粘土空心砖、烧结页岩多孔砖、烧结页岩实心砖、烧结页岩标准砖、烧结页岩空心砖、红砖、蒸压加气混凝土砌砖、蒸压泡沫混凝土砖、蒸压灰砂多孔砖、蒸压灰砂实心砖、蒸压灰砂标准砖、蒸压灰砂空心砖、蒸压粉煤灰多孔砖、蒸压粉煤灰实心砖、蒸压粉煤灰标准砖、蒸压粉煤灰砖、蒸压粉煤灰空心砖、轻集料混凝土砖、陶粒砖
120,水泥、砖瓦灰砂石及混凝土制品,砼、砂浆外加剂,混凝土、砂浆外加剂,水泥、砖瓦灰砂石及混凝土制品 > 砼、砂浆外加剂 > 混凝土、砂浆外加剂,45,0,光亮剂、再浇剂、减水剂、减胶剂、加气剂、塑化剂、增强凝固剂、增效剂、增韧剂、密实剂、引气剂、抑制剂、抗油剂、抗渗剂、抗碱剂、抗离析剂、抗老化剂、抗裂纤维、抗裂防水剂、改性剂、改色剂、早强剂、水泥伴侣、水泥基渗透结晶、泵送剂、活性剂、浸渍剂、混凝混凝土添加剂、灌浆剂、砂浆王、破碎剂、稳定剂、粘合剂、缓凝剂、聚合有机盐助磨剂、聚苯颗粒、膨胀剂、膨胀纤维抗裂防水剂、补缩剂、透水剂、速凝剂、钢纤维、防腐剂、阻渗剂、阻锈剂
1541,油品、化工原料及胶粘材料,化工原料,化工剂类,油品、化工原料及胶粘材料 > 化工原料 > 化工剂类,32,10,TO固化剂、乳化剂、催化剂、冷却液、制冷剂、双氧水、发气剂、发泡剂、土壤固化剂、密封固化剂、慷捷莱消毒剂、抗剥落剂、抗车辙剂、松动剂、洗涤剂、清洁剂、渗透剂、着色剂、稀释剂、絮凝剂、脱模剂、脱硫剂、脱脂剂、还原剂、钝化剂、铝件清洁剂、防冻液、阻垢剂、除味剂、除油剂、除锈剂、高粘改性剂
1542,油品、化工原料及胶粘材料,化工原料,化工填料,油品、化工原料及胶粘材料 > 化工原料 > 化工填料,15,0,塑料鲍尔环、膨润土、金属八四内弧环、金属拉西环、金属波纹填料、金属矩鞍环、金属那特环、金属阶梯环、金属鲍尔环、陶瓷异鞍环、陶瓷拉西环、陶瓷波纹规整填料、陶瓷矩鞍环、陶瓷阶梯环、陶瓷鲍尔环
1539,油品、化工原料及胶粘材料,化工原料,工业气体,油品、化工原料及胶粘材料 > 化工原料 > 工业气体,16,0,一氧化碳、丁烷、丙烷、乙炔、二氧化碳、六氟化硫、氢气、氧气、氨气、氩气、氮气、氯气、液氧、液氩、液氮、硅烷
1540,油品、化工原料及胶粘材料,化工原料,无机化工原料,油品、化工原料及胶粘材料 > 化工原料 > 无机化工原料,133,27,一氧化铅、三氯化铁、三溴化物、三聚磷酸钠、二硫化钼、亚氯酸钠、亚硝酸钠、亚硫酸氢钠、亚硫酸钠、元明粉、六偏磷酸钠、冰碱、十二烷基硫酸钠、可溶性碱金属硅酸盐(水玻璃、泡花碱)、喷塑粉、四氧化三铅、四氯化锡、多聚磷酸、工业盐、无水亚硫酸钠、无水碳酸钠、明矾、柠檬酸、柠檬酸钠、次氯酸钙、次氯酸钠、氟化钠、氟硅酸钠、氢氟酸、氢氧化钠、氢氧化钠(片碱)、氢氧化钾、氧化亚铜、氧化钙、氧化铕、氧化铜、氧化铝、氧化银、氧化锌、氧化镁、氧氧化钾、氯化汞、氯化钙、氯化钠、氯化钴、氯化钾、氯化铁、氯化铵、氯化锌、氯化镁、氯酸钙、氯酸钠、氰酸酯、水火肼(联胺)、活性氧化铝(干燥剂)、溴化钠、溴化钾、溴化锂、溴酸钠、漂白水、漂白粉、焦亚硫酸钠、焦磷酸钠、甲酸钠、甲醛、盐酸、硅酸钠、硅酸钾、硒酸钠、硝酸、硝酸盐、硝酸钠、硝酸银、硫代硫酸钠、硫化钠、硫磺、硫酸、硫酸亚铁、硫酸亚铁铵、硫酸氢钠、硫酸汞、硫酸钠、硫酸钡、硫酸钾、硫酸铜、硫酸铝、硫酸铝钾、硫酸铵、硫酸锌、硫酸锰、硫酸镁、硬脂酸、硼砂、硼酸、硼酸钠、碘酸钠、碘酸钾、碱式氯化铝、碳酸氢钠(小苏打)、碳酸氢钾、碳酸氢铵、碳酸钠、碳酸钠(纯碱)、碳酸钡、碳酸钾、碳酸钾钠、磷酸二氢钠、磷酸二氢钾、磷酸氢二钠、磷酸氢二钾、磷酸钠、磷钼酸钠、纯碱、聚丙烯酰胺、聚合氯化铝、聚合氯化铝铁、苯磺酰氯、软水盐、过氧化氢、过氧化钙、过氧化钠、过氧化镁、过硫酸钠、过硫酸钾、过硼酸钠、酚类、醋酸钠、重铬酸钾、钨酸钠、钼酸钠、钼酸铵、钾碱、铬酸钠
168,油品、化工原料及胶粘材料,化工原料,有机化工原料,油品、化工原料及胶粘材料 > 化工原料 > 有机化工原料,34,10,丙酮、乙二胺、乙酸、乙酸乙酯、乙酸锌、乙醇(酒精)、乙醇(醇类)、二乙胺、二异氰酸酯、二氯丙烷、二氯乙烷、二甲苯、二羟基丙酮、单体聚醚等、单异氰酸酯、多异氰酸酯、对苯二酚、异丙醇、氟利昂、甘醇、甲苯、甲酸、甲醇、磺酸、聚丙烯、聚乙烯、聚乙烯醇、草酸、邻羟基苯甲酸、酒石酸锑钾、醋酸乙烯、醋酸乙酯、醋酸酊酯、铬天青
1537,油品、化工原料及胶粘材料,化工原料,树脂,油品、化工原料及胶粘材料 > 化工原料 > 树脂,51,0,ABC树脂、不饱和树脂、乙烯树脂、二丁酯、亚麻油、光油、呋喃树脂、弱碱性阴离子交换树脂、弱酸性阳离子交换树脂、强碱性阴离子交换树脂、强酸性阳离子交换树脂、抛光树脂、有机硅树脂、松节油、松香、树脂涂膜、桐油、梓油、棉籽油、椰子油、氨/胺基树脂、熟桐油、环氧树脂、环氧酚醛树脂、生桐油、甲醛、糠醛树脂、白铅油、真石漆专用面油、石油树脂、硅油、糠醇、糠酮树脂、紫胶、罩光面油、聚氯乙烯树脂、聚脂树脂、聚酰胺树脂、脲醛树脂、花生油、苏子油、葵花油、蓖麻油、虫胶、豆油、过氯乙烯树脂、酚醛树脂、醇酸树脂、醋酸丁脂、铝银粉、防腐木油、骨胶、鱼油
1538,油品、化工原料及胶粘材料,化工原料,颜料,油品、化工原料及胶粘材料 > 化工原料 > 颜料,60,27,中铬黄、云母粉、双飞粉、地坪绿、填缝料、复合铁黑、大白粉、大红粉、天蓝、氢氧化铝、氧化铁棕、氧化铁橙、氧化铁红、氧化铁绿、氧化铁黄、氧化铁黑、氧化铬绿、涂抹料、瓷蓝、甲苯胺红、电石(碳化钙)、石英粉、硅粉、砷粉、硫酸铅、碱性硫酸铅、碱性碳酸铅、碳酸镁、磷酸锌、红丹、红土、棕土、美术绿、群青、耐晒黄(汉沙黄)、联苯胺黄、色浆、色粉、色精、软木、酞青蓝、孔雀蓝、重晶石粉、重质碳酸钙、重质碳酸钙粉、钛白、钴蓝、铁红、铁蓝(华蓝)、铁钛绿、铅铬黄(铬黄)、铜粉、铝粉、银未、银粉、锌粉、锌钡白(立德粉)、锑白、锑红、锑黄、锶黄、镉红、高岭土、瓷土、黄土、煅棕土
167,油品、化工原料及胶粘材料,化工油品,其他油品,油品、化工原料及胶粘材料 > 化工油品 > 其他油品,7,11,冷油、刹车油、多用途助力油、抗磨液压油、液力传动油、清油、自动排挡液
1532,油品、化工原料及胶粘材料,化工油品,油料,油品、化工原料及胶粘材料 > 化工油品 > 油料,0,0,
1535,油品、化工原料及胶粘材料,化工油品,润滑油,油品、化工原料及胶粘材料 > 化工油品 > 润滑油,22,0,主轴油、传动油、冷冻机油、切削液、压缩机油、发动机油、导热油、导轨油、工业白油、柴油机油、涡轮蜗杆油、液压油、电火花机油、白矿油、矿物型导热油、磨削液、空压机油、线切割液、长寿命乳化油、防锈乳化油、防锈油、齿轮油
1536,油品、化工原料及胶粘材料,化工油品,润滑脂、蜡,油品、化工原料及胶粘材料 > 化工油品 > 润滑脂、蜡,27,3,二硫化钼锂基润滑脂、二硫化铝脂、地板蜡、复合钙基润滑脂、复合钡基润滑脂、复合铝基润滑脂、工程机械专用脂、抛光蜡、润滑蜡、液体石蜡、混凝土泵送车脂、烃基润滑脂、白石蜡、皂基润滑脂、石蜡、硅胶润滑脂、聚脲润滑脂、膨润土润滑脂、钙基润滑脂、钙钠基润滑脂、钙铝基润滑脂、钠基润滑脂、铅钡基润滑脂、铝基润滑脂、铝钡基润滑脂、锂基润滑脂、黄石蜡
1534,油品、化工原料及胶粘材料,化工油品,溶剂油、绝缘油,油品、化工原料及胶粘材料 > 化工油品 > 溶剂油、绝缘油,13,0,120#橡胶溶剂油、190#洗涤剂油、200#油漆溶剂油、260#特种煤油型、310#彩色油墨溶剂油、6#抽提溶剂油、70#香花溶剂油、90#石油醚、变压器绝缘油、断路器绝缘油、油漆溶剂油、电容器绝缘油、电缆绝缘油
1533,油品、化工原料及胶粘材料,化工油品,燃料油,油品、化工原料及胶粘材料 > 化工油品 > 燃料油,4,4,柴油、汽油、煤油、重油
169,油品、化工原料及胶粘材料,胶粘材料,胶粘制品,油品、化工原料及胶粘材料 > 胶粘材料 > 胶粘制品,25,0,不干胶纸、单面胶纸、压敏胶黏带、双面胶条、双面胶纸、地毯烫带、护角纸带、接缝纤维带、接缝纸带、橡塑胶带、止裂带、热熔胶条、热硫化胶、磨砂贴、绝缘胶带、网格带、聚乙烯冷缠带、胶布、胶带、芯胶、苯板胶、贴缝胶带、铝箔胶带、铝箔胶条、防腐胶带
134,油品、化工原料及胶粘材料,胶粘材料,胶粘剂,油品、化工原料及胶粘材料 > 胶粘材料 > 胶粘剂,39,1,107胶、NALC专用粘合剂、PVC胶、UPVC胶、万能胶、云石胶、其他胶粘剂、双组分硅酮结构密封胶、发泡胶、封固胶、幕墙胶、建筑阻燃密封胶、无机胶粘剂、无污染硅酮石材密封胶、板材粘接剂、树脂胶粘剂、植筋胶、橡塑胶水、橡胶类胶粘剂、瓷砖粘接剂、瓷砖粘结剂、瓷砖胶、石材粘接剂、石膏粘接剂、砂浆胶、硅酮密封胶、硅酮玻璃胶、硅酮胶、碳纤维粘接胶、粘接剂、粘结剂、粘结胶、耐候密封胶、耐候胶、聚氨酯发泡密封胶、胶凝剂、胶水、装配式建筑用胶、防火胶
1279,法兰及其垫片,法兰,不锈钢法兰,法兰及其垫片 > 法兰 > 不锈钢法兰,0,0,
1285,法兰及其垫片,法兰,其他法兰,法兰及其垫片 > 法兰 > 其他法兰,0,0,
1283,法兰及其垫片,法兰,塑料法兰,法兰及其垫片 > 法兰 > 塑料法兰,0,0,
1284,法兰及其垫片,法兰,盲板,法兰及其垫片 > 法兰 > 盲板,2,7,8字盲板、盲板+垫环
1282,法兰及其垫片,法兰,钛法兰,法兰及其垫片 > 法兰 > 钛法兰,0,0,
123,法兰及其垫片,法兰,钢制法兰,法兰及其垫片 > 法兰 > 钢制法兰,0,0,
1281,法兰及其垫片,法兰,铜法兰,法兰及其垫片 > 法兰 > 铜法兰,0,0,
1280,法兰及其垫片,法兰,铸铁法兰,法兰及其垫片 > 法兰 > 铸铁法兰,0,0,
1288,法兰及其垫片,法兰垫片,其他垫片,法兰及其垫片 > 法兰垫片 > 其他垫片,13,0,复合垫片、注塑垫环、透镜式金属垫片、金属包覆垫片、金属平垫片、金属波齿垫片、金属环形垫片、金属齿形组合垫片、非金属包覆垫片、非金属平垫片、非金属组合垫片、非金属透镜垫、非金属齿形组合垫片
1286,法兰及其垫片,法兰垫片,金属垫片,法兰及其垫片 > 法兰垫片 > 金属垫片,0,0,
1287,法兰及其垫片,法兰垫片,非金属垫片,法兰及其垫片 > 法兰垫片 > 非金属垫片,0,0,
1653,泵、供水设备,供水设备,供水控制柜,泵、供水设备 > 供水设备 > 供水控制柜,9,27,ABB变频控制柜、变频供水控制柜、变频恒压供水控制柜、变频控制柜、带双电源切换变频恒压生活水泵控制柜、带双电源切换消防水泵控制柜、排污水泵控制箱、潜污泵控制箱、集成控制柜
90,泵、供水设备,供水设备,供水设备,泵、供水设备 > 供水设备 > 供水设备,10,0,加压供水设备、变频供水设备、恒压供水设备、恒压变频供水设备、无塔供水设备、无负压供水设备、消防兼生活变频调速供水设备、消防增压稳压设备、生活变频调速供水设备、管网叠压供水设备
31,泵、供水设备,泵类设备,其他泵,泵、供水设备 > 泵类设备 > 其他泵,68,34,一体化泵站、一体化预制泵站、三集一体热泵、不锈钢碱泵、中开双吸泵、中水泵、主泵、传输泵、农业泵、冷冻泵、冷却泵、净水泵、副泵、加压泵站、加药泵、加酸泵、化学泵、厌氧循环泵、双吸泵、反洗泵、变频泵、喷射泵、喷泉泵、回流泵、太阳能集热循环泵、循环泵、恒压泵、恒压电泵、手摇泵、投药泵、抗沙泵、抽粪泵、搅拌机水泵、柱塞泵、柴油机消防泵组、柴油水泵、气动隔膜泵、气泵、污水提升器、污泥回流泵、汽油水泵、油浸式小老鼠泵、浓浆泵、海水泵、消防系统加压泵、深井泵、混合泵、清水压榨泵、滤布清洗泵、潜水电泵、灌溉泵、电动隔膜泵、疏水泵、矿用泵、磁力泵、粉碎泵、自动增压泵、自吸增压泵、自吸泵、螺杆泵、过滤泵、进水泵、隔膜泵、非自吸泵、饮料泵、高压井泵、高压泵、齿轮泵
1647,泵、供水设备,泵类设备,射流泵,泵、供水设备 > 泵类设备 > 射流泵,2,6,气体射流泵、液体射流泵
1643,泵、供水设备,泵类设备,往复泵,泵、供水设备 > 泵类设备 > 往复泵,5,4,柱塞泵往复泵、活塞泵往复泵、真空往复泵、计量往复泵、隔膜泵往复泵
1642,泵、供水设备,泵类设备,旋涡泵,泵、供水设备 > 泵类设备 > 旋涡泵,3,5,W型旋涡泵、离心旋涡泵、自吸旋涡泵
1648,泵、供水设备,泵类设备,气体扬水泵,泵、供水设备 > 泵类设备 > 气体扬水泵,0,0,
1651,泵、供水设备,泵类设备,水轮泵,泵、供水设备 > 泵类设备 > 水轮泵,0,0,
1649,泵、供水设备,泵类设备,水锤泵,泵、供水设备 > 泵类设备 > 水锤泵,2,3,交流水锤泵站、直流水锤泵站
1652,泵、供水设备,泵类设备,泵专用配件,泵、供水设备 > 泵类设备 > 泵专用配件,89,0,丁晴球、不锈钢全密闭波浪形调峰罐、不锈钢外套、中段、公用底座、内转子总成、出水口、压力罐、口环、叶轮、叶轮螺母、四氟球、四氟球座、填料压盖、填料套、填料座、填料环、外磁钢总成、套轴、安装盘、密封、导叶、导叶套、导杆、导链、尾盖、平衡套、平衡环、平衡盘、引水罐、恒压罐、悬架、成套附件、护板、支撑筒、方向接、旋流防止器、机封、机械压盖、标准油箱、橡胶铁桶、止推环、气压隔膜罐、氯丁球、水泵出水法兰、水泵外加套筒、水泵电机、油封、泵体、泵动环、泵壳、泵头、泵盖、泵配套弯头、泵静环、浮球、浮球开关、浮箱拍门、液下搅拌器、电子式计量油枪、电机架、稳压罐、稳流罐、管路组件、管阀、网罩、耦合装置、联轴器、膜片、螺翼式计量油枪、轴、轴套、轴套螺母、轴承压盖、轴承座、轴承档套、轴承盖、轴承端盖、轴承衬套、进出水段、连接架、配套底座、销帽、锁紧圆螺母、锥管、防爆箱、隔离套、隔震垫、驱动器
1641,泵、供水设备,泵类设备,混流泵,泵、供水设备 > 泵类设备 > 混流泵,2,1,立式混流泵、蜗壳式混流泵
1650,泵、供水设备,泵类设备,电磁泵,泵、供水设备 > 泵类设备 > 电磁泵,0,0,
1646,泵、供水设备,泵类设备,真空泵,泵、供水设备 > 泵类设备 > 真空泵,9,16,回转式真空泵、射流式真空泵、往复式真空泵、旋片式真空泵、水环悬臂式真空泵、涡旋真空泵、直联式真空泵、罗茨真空泵、螺杆式真空泵
1639,泵、供水设备,泵类设备,离心式杂质泵,泵、供水设备 > 泵类设备 > 离心式杂质泵,11,11,排沙泵、排泥泵、污水泵、泥浆泵、渣浆泵、灰渣泵、煤水泵、砂泵、砂浆泵、糖汁泵、胶粒泵
1636,泵、供水设备,泵类设备,离心式水泵,泵、供水设备 > 泵类设备 > 离心式水泵,19,0,冲压泵、凝结水泵、单级离心泵、双吸离心泵、多级离心泵、屏蔽泵、排水泵、排污泵、消防泵、液下泵、清水泵、潜水排污泵、潜水泵、热水循环泵、空调泵、端吸离心泵、管道循环泵、管道泵、锅炉给水泵
1637,泵、供水设备,泵类设备,离心式油泵,泵、供水设备 > 泵类设备 > 离心式油泵,6,12,冷油泵(≤200℃)、变压器油泵、油浆泵、液态烃泵、热油泵(>200℃)、通用油泵
1638,泵、供水设备,泵类设备,离心式耐腐蚀泵,泵、供水设备 > 泵类设备 > 离心式耐腐蚀泵,2,11,耐腐蚀金属泵、耐腐蚀非金属泵
1645,泵、供水设备,泵类设备,计量泵,泵、供水设备 > 泵类设备 > 计量泵,7,17,机械隔膜式计量泵、柱塞式计量泵、气动计量泵、液压隔膜式计量泵、电磁隔膜式计量泵、高温计量泵、高粘度计量泵
1644,泵、供水设备,泵类设备,转子泵,泵、供水设备 > 泵类设备 > 转子泵,9,11,三螺杆转子泵、凸轮式转子泵、单螺杆转子泵、双螺杆转子泵、径向柱塞式转子泵、滑片式转子泵、环流活塞式转子泵、轴向柱塞式转子泵、齿轮转子泵
1640,泵、供水设备,泵类设备,轴流泵,泵、供水设备 > 泵类设备 > 轴流泵,2,7,循环轴流泵、潜水轴流泵
35,洁具及燃气器具,其他洁具及器具,其他卫生洁具,洁具及燃气器具 > 其他洁具及器具 > 其他卫生洁具,10,10,半整体盒子卫生间、多功能护理台、小便挡板、小便隔板、干发器、感应器、洗脚盆、浴室干燥机、组装式半整体盒子卫生间、组装式整体盒子卫生间
1563,洁具及燃气器具,其他洁具及器具,厨用隔油器,洁具及燃气器具 > 其他洁具及器具 > 厨用隔油器,4,10,地埋式隔油器、嵌挂式隔油器、悬挂式隔油器、隔油器
1565,洁具及燃气器具,其他洁具及器具,抽水缸（凝水器）,洁具及燃气器具 > 其他洁具及器具 > 抽水缸（凝水器）,1,2,抽水缸
1564,洁具及燃气器具,其他洁具及器具,饮水器,洁具及燃气器具 > 其他洁具及器具 > 饮水器,10,0,乳头式饮水器、净饮一体机、台式冷热饮水机、台式单热饮水机、碗式饮水器、立式冷热饮水机、立式单热饮水机、管线式饮水机、自动售水机、鸭嘴式饮水器
1554,洁具及燃气器具,卫浴家具、电器,化妆台、化妆镜,洁具及燃气器具 > 卫浴家具、电器 > 化妆台、化妆镜,4,9,化妆镜、洗面化妆台、浴镜、镜柜
1557,洁具及燃气器具,卫浴家具、电器,卫浴小电器,洁具及燃气器具 > 卫浴家具、电器 > 卫浴小电器,3,9,全自动烘手器、干肤、干发两用机、手消毒器
1556,洁具及燃气器具,卫浴家具、电器,卫生洁具用水箱,洁具及燃气器具 > 卫浴家具、电器 > 卫生洁具用水箱,6,16,冲洗水箱、坐装式低位水箱、壁挂式低位水箱、自动冲洗水箱、隐藏式水箱、高位水箱
1558,洁具及燃气器具,卫浴家具、电器,喷香机、给皂器,洁具及燃气器具 > 卫浴家具、电器 > 喷香机、给皂器,7,23,厨房给皂器、定时自动喷香机、感应喷香机、手按式给皂器、气压式给皂器、红外线自动感应给皂器、自动控制台式给皂器
1555,洁具及燃气器具,卫浴家具、电器,浴室家具,洁具及燃气器具 > 卫浴家具、电器 > 浴室家具,6,16,侧柜、平柜、成套橱柜、浴室柜、盆柜、立柜
1559,洁具及燃气器具,卫浴家具、电器,消毒器、消毒锅,洁具及燃气器具 > 卫浴家具、电器 > 消毒器、消毒锅,5,6,感应式手消毒器、消毒锅、空气消毒器、臭氧式水箱自洁消毒器、臭氧消毒器
1544,洁具及燃气器具,卫浴洁具,净身盆、器（妇洗盆）,洁具及燃气器具 > 卫浴洁具 > 净身盆、器（妇洗盆）,0,0,
1545,洁具及燃气器具,卫浴洁具,台盆（洗脸盆、洗手盆）,洁具及燃气器具 > 卫浴洁具 > 台盆（洗脸盆、洗手盆）,5,8,台盆、柱盆、洗手盆、洗脸盆、艺术盆
1549,洁具及燃气器具,卫浴洁具,小便器,洁具及燃气器具 > 卫浴洁具 > 小便器,9,18,冲洗阀、大便器、小便槽、感应挂式小便器、感应立式小便器、挂式小便器、立式小便器、落地小便器、角阀
1548,洁具及燃气器具,卫浴洁具,座便器,洁具及燃气器具 > 卫浴洁具 > 座便器,5,9,冲洗阀式坐便器、分体坐便器、壁挂式坐便器、智能坐便器、连体坐便器
1546,洁具及燃气器具,卫浴洁具,洗发盆（洗头槽）,洁具及燃气器具 > 卫浴洁具 > 洗发盆（洗头槽）,3,5,不锈钢洗发盆、塑料洗发盆、陶瓷洗发盆
1543,洁具及燃气器具,卫浴洁具,浴缸、浴盘,洁具及燃气器具 > 卫浴洁具 > 浴缸、浴盘,13,0,1672×762×550、亚克力浴缸、人造大理石浴缸、人造玛瑙浴缸、仿瓷浴盆、搪瓷浴缸、浴缸、玻璃钢浴缸、轻质玻璃浴缸、钢板搪瓷浴缸、铝质石浴缸、铸铁搪瓷浴缸、陶瓷浴缸
1550,洁具及燃气器具,卫浴洁具,淋浴间（房）、淋浴屏,洁具及燃气器具 > 卫浴洁具 > 淋浴间（房）、淋浴屏,8,16,不锈钢淋浴屏、亚克力淋浴屏、亚克力淋浴间、塑钢淋浴间、玻璃淋浴屏、玻璃淋浴间、钢化玻璃淋浴屏、钢化玻璃淋浴间
1551,洁具及燃气器具,卫浴洁具,蒸汽房、桑拿房,洁具及燃气器具 > 卫浴洁具 > 蒸汽房、桑拿房,8,11,MPC湿蒸汽房、单人泡浴蒸汽房、单人淋浴蒸汽房、单人蒸汽房、双人泡浴蒸汽房、双人淋浴蒸汽房、双人蒸汽房、汗蒸房
1547,洁具及燃气器具,卫浴洁具,蹲便器,洁具及燃气器具 > 卫浴洁具 > 蹲便器,2,9,冲洗阀式蹲便器、水箱式蹲便器
1552,洁具及燃气器具,洗涤类洁具,水槽,洁具及燃气器具 > 洗涤类洁具 > 水槽,0,0,
1553,洁具及燃气器具,洗涤类洁具,洗涤盆、化验盆,洁具及燃气器具 > 洗涤类洁具 > 洗涤盆、化验盆,3,4,化验盆、拖布盆、洗涤盆
1562,洁具及燃气器具,燃气器具,其他燃气器具,洁具及燃气器具 > 燃气器具 > 其他燃气器具,2,4,燃气凝水缸、玻璃灶盖
1561,洁具及燃气器具,燃气器具,燃气管道专用附件,洁具及燃气器具 > 燃气器具 > 燃气管道专用附件,9,26,全胶软管、拖钩、支撑圈、点火棒、燃气嘴、燃气接头、表托盘、锁帽卡环、集气罩
1560,洁具及燃气器具,燃气器具,调压装置,洁具及燃气器具 > 燃气器具 > 调压装置,2,9,燃气调压器、燃气调压装置
231,涂料及防腐、防水材料,止水材料,止水材料,涂料及防腐、防水材料 > 止水材料 > 止水材料,28,8,PVC橡塑止水带、可注浆式止水带、可注浆式止水条、柔性止水带、橡塑止水带、橡胶止水带、橡胶止水条、止水件、止水圈、止水带、止水条、止水环、止水节、止水螺杆、止水针头、止水钢板、止水铜板、氯丁橡胶止水带、灌浆嘴(止水针头)、紫铜板止水带、背贴式止水带、膨胀止水带、自粘复合型止水带、遇水膨胀橡胶止水条、遇水膨胀止水条、钢板止水带、钢板腻子止水带、钢边橡胶复合止水带
1181,涂料及防腐、防水材料,油漆,木器漆,涂料及防腐、防水材料 > 油漆 > 木器漆,11,11,大漆、木器中层漆、木器底漆、木器面漆、木蜡油、白漆、磁漆、调和漆、酚醛清漆、酚醛磁漆、醇酸清漆
1180,涂料及防腐、防水材料,油漆,通用油漆,涂料及防腐、防水材料 > 油漆 > 通用油漆,8,12,内墙氟碳漆、外墙氟碳漆、外墙氟碳漆专用底漆、氟碳专用底漆、氟碳漆、水性氟碳漆、金属氟碳漆、金属氟碳漆专用底漆
1182,涂料及防腐、防水材料,油漆,金属漆,涂料及防腐、防水材料 > 油漆 > 金属漆,0,0,
1179,涂料及防腐、防水材料,涂料,其他专用涂料,涂料及防腐、防水材料 > 涂料 > 其他专用涂料,202,3,ABS塑料清漆、ABS塑料漆、ABS耐醇机壳银漆、FVC稀释剂、H87涂料稀释剂、PH值调节剂、专业内墙腻子、丙烯酸底漆、丙烯酸氨基烘干磁漆、丙烯酸涂料、丙烯酸清漆、丙烯酸烘干清漆、丙烯酸球场漆、丙烯酸电镀银上光油、丙烯酸电镀银漆、丙烯酸磁漆、丙烯酸聚氨酯哑光磁漆、丙烯酸聚氨酯底漆、丙烯酸聚氨酯清漆、丙烯酸聚氨酯磁漆、丙烯酸聚氨酯银粉漆、丙烯酸聚氨酯闪光漆、丙烯酸聚氨酯面漆、丙烯酸聚硅氧烷面漆、丙烯酸钢卷尺烘干磁漆、丙烯酸银粉漆、丙烯酸闪光漆、丙烯酸闪光烘漆、丙烯酸面漆、乳胶粉、亚克力板专用色料、保护漆、保湿润滑剂、催干剂、光稳定剂、分割漆、化白水、卷材涂料、卷材涂料(Z390聚酯型)、卷材涂料(自交联丙烯酰胺型)、厚漆、双组份聚氨酯汽车修补底漆、双组份聚氨酯汽车修补闪光漆、双组份聚氨酯汽车修补面漆、可焊车间底漆、含氟聚氨酯涂料、哑光浆、喷漆、地坪养护剂、地坪处理剂、塑料漆、墙面底胶、增塑剂、增稠剂、复层涂料、外墙柔性腻子、大白浆、天拿水、封闭剂、工业漆、干粉墙漆、干粉消泡剂、底漆、底面漆、弹性中层漆、弹性封闭液、弹性抗裂腻子、彩瓦漆、慢干剂、慢干水、户外油漆、抗碱斯拿水、抗裂腻子、擦色宝、无机硅涂料、星光漆、有机硅涂料、有机硅耐热漆、松节水、松香水、橡胶玻璃鳞片面漆、止滑坡道液、止滑坡道粉、氨基烘干漆、氨水、水性丙烯酸涂料、水性中涂底漆、水性卷材涂料(烘干型)、水性铬酸盐卷材底漆、水泥基腻子、永久性荧光涂料、汽车漆、沥青清漆、沥青铸管漆、油性底漆、油种、泛碱阻止剂、流平剂、消光剂、消黄粉、润湿分散剂、润滑剂、清漆、游泳池环保水性涂料、溶剂、溶剂型单组份外用漆、溶剂型单组份底漆、溶剂型双组份外用漆、溶剂油、漆酚树脂漆、烘干漆、烘烤漆、特种助液、环氧地坪底漆稀料、环氧底涂料、环氧漆、环氧稀料、环氧粉末涂料、环氧防腐面漆、玻璃专用漆(双组)、玻璃漆、玻璃钢专用漆(双组)、瓷砖翻新腻子、电镀油漆、电镀银专用漆(双组)、画板漆、界面处理剂、白厚漆、皮革漆、石油管道内壁专用漆(双组)底、中、面、砂面漆、研磨材料、硅橡胶涂料、硅酸锌、硅酸锌涂料、硝基稀料、磷化底漆、稀释漆、管道处理剂、纤维、绝缘漆、缝漆、耐水腻子、耐热漆、耐高温隔热保温涂料、聚乙烯醇粉末、聚氨酯底漆、聚氨酯涂料、聚氨酯清漆、聚氨酯环氧面漆、聚氨酯磁漆、聚氨酯面漆、聚苯乙烯(PS)塑料漆、聚酯面漆、胶粉、脂肪族聚氨酯磁漆、脂胶、脱漆剂、腻子、腻子专用伴侣、腻子膏、自喷漆、自干漆、臭油水、航空标志漆、苯乙烯地面漆、苯乙烯墙面漆、苯乙烯屋面漆、苯乙烯清漆、荧光漆、补强灌浆剂、调和剂、透明浆、通用稀释剂I型、通用稀释剂Ⅱ型、速干银粉磁漆、邻苯二甲酸二丁酯、醇酸漆、醇酸调和漆、铝卷材闪光型涂料、铝合金专用漆(双组)、铝壳专用漆(双组)底、面、铝粉耐水聚乙烯漆、银浆、锂水多元锌涂料、锌铬底漆、防咬漆、防水腻子、防沉淀剂、防潮剂、防潮粘结剂、防潮防霉剂、防结皮剂、防腐防霉剂、除霉剂、陶瓷专用漆(双组)、集装箱专用涂料(双组)、饮用水管道内壁专用漆(栓组)底、中、面、驱水剂、高强耐磨料、黑板漆、黑线漆
1177,涂料及防腐、防水材料,涂料,功能性建筑涂料,涂料及防腐、防水材料 > 涂料 > 功能性建筑涂料,125,0,FVC底漆、TO树脂面漆、UC抗紫外线防护涂料、专用底漆、丙烯酸防腐漆、保温涂料、保温隔热涂料、反光涂料、反辐射保温涂料、发光涂料、合成漆、吸音涂料、导电涂料、导静电涂料、封底漆、弹性王漆、抗碱封闭底漆、抗碱底漆、抗碱涂料、无机富锌底漆、无机涂料、无机硅酸锌车间底漆、无机防腐漆、无毒涂料、旭硝子底漆、氯化橡胶云铁中间漆、氯化橡胶铁红漆、氯化橡胶铝铁中间漆、氯化橡胶防腐漆、氯化橡胶面漆、氯磺化聚乙烯防腐漆、氯磺化聚乙烯防腐面漆、水性无机富锌底漆、水性防锈漆、沥青合成漆、沥青漆、油性防锈漆、混凝土保护剂涂料、混凝土防火涂料、烘漆、特种漆、环氧中间漆、环氧云铁中间漆、环氧云铁漆、环氧富锌底漆、环氧富锌漆、环氧封闭底漆、环氧带锈漆、环氧抗静电底漆、环氧抗静电面漆、环氧氨基烤漆、环氧沥青漆、环氧沥青面漆、环氧煤沥青底漆、环氧煤沥青漆、环氧煤沥青防腐涂料、环氧煤沥青面漆、环氧煤防腐漆、环氧玻璃鳞片涂料、环氧玻璃鳞片漆、环氧磷酸锌漆、环氧红丹漆、环氧酯底漆、环氧酯铁红漆、环氧酯面漆、环氧铁红漆、环氧面漆、硝基钢钉漆、硝基铁锨漆、磁性涂料、红丹环氧防锈漆、红丹防锈漆、绝缘涂料、罩光漆、罩面漆、耐热涂料、耐老化涂料、耐酯涂料、耐酸性涂料、耐酸漆、耐高温油漆蓝、耐高温涂料、过氯乙烯底漆、过氯乙烯防腐漆、酚醛底漆、酚醛调和漆、酚醛防锈漆、酯胶磁漆、醇酸带锈底漆、醇酸快干油漆、醇酸自干锤纹漆、醇酸铁红底漆、醇酸铝粉漆、醇酸银粉漆、醇酸防锈漆、钢结构厚型防火涂料、钢结构快干底漆、钢结构快干面漆、钢结构薄型防火涂料、钢结构超薄型防火涂料、铁红醇酸漆、铁红防锈漆、银粉漆、锈转移除锈漆、镀锌铁专用底漆、镀锌防锈漆、防尘面漆、防污涂料、防涂鸦涂料、防潮防虫涂料、防潮防霉涂料、防火涂料、防腐导电涂料、防腐涂料、防腐漆、防腐面漆、防锈底漆、防锈涂料、防锈液、防锈漆、防霉涂料、防静电涂料、隔热涂料、饰面型防火涂料、高氯化聚乙烯防腐漆
53,涂料及防腐、防水材料,涂料,建筑涂料,涂料及防腐、防水材料 > 涂料 > 建筑涂料,107,15,3D漆、专业弹性拉毛外墙漆、丙烯酸浮雕中层料、中层造型漆、云丝漆、仿古涂料、仿石漆、仿砂岩标准质感涂料、仿砖有色底漆、仿砖漆中涂、仿砖漆面漆、仿面砖砂胶漆、保障房专供弹性拉毛涂料、内墙乳胶漆、内墙底漆、内墙涂料、内墙艺术涂料、内墙艺术涂料(骨浆)、内墙面漆、刚性拉毛漆、刮砂漆、印花漆、古铜钻漆、壁纸漆、外墙专用底漆、外墙中层漆、外墙乳胶漆、多彩涂料、多彩漆、夜光漆、天鹅绒涂料、威尼斯灰泥、宝蓝钻漆、岩彩漆、岩片真石漆、布彩漆、幻彩漆、幻彩金属漆、幻影漆、弹性拉毛、弹性骨浆、彩粒漆、彩纹漆、彩绘漆、手腊漆、抗污清漆、拉毛弹性外墙涂料、拉毛漆、拉花漆、拉花骨浆、板岩漆、桔纹漆、水包水多彩涂料、水包砂涂料、水性夜光漆、水晶漆、水花石艺术水漆、浮雕漆、浮雕骨浆、液态花岗岩漆、混凝土底涂、混凝土面漆、特种外墙涂料、瓷砖漆、瓷釉涂料、真石漆、真石漆乳液、真石漆岩片、真石漆底漆、砂壁漆、砂岩漆、硅藻泥、稻草漆、粉彩涂料、紫钻漆、线条漆、美彩石有色底漆、美彩石漆、美彩石面漆、耐污涂料、肌理漆、腻子粉、艺术多彩漆(骨浆)、艺术涂料、花纹涂料、裂纹漆、贝壳漆、质感型装饰涂料、质感基料、质感涂料、质感漆、造型漆、酒红钻漆、金属裂纹漆、金箔漆、金钻漆、钻石漆、银箔漆、银钻漆、锤纹漆、防紫外线面油、面漆、马来漆、骨浆、高级弹性拉毛外墙漆、高耐候质感型装饰涂料、黑色线条漆
1178,涂料及防腐、防水材料,涂料,道路、路面涂料,涂料及防腐、防水材料 > 涂料 > 道路、路面涂料,8,16,划线漆、反光玻璃珠、护栏漆、标线涂料、桥梁轨道漆、止滑坡道漆、热熔涂料、路桥专用涂料
1176,涂料及防腐、防水材料,防水材料,其他防水材料,涂料及防腐、防水材料 > 防水材料 > 其他防水材料,105,9,DPS永凝液、PET附膜、SBS专用底胶、SBS弹性沥青防水胶、SD渗透性桥面防水剂、万可涂、丙纶专用胶粉、保温胶粉、修复剂、卷材专用胶粉、压降剂、地固、地面加固剂、堵水剂、塑料防水油膏、墙体基膜、墙固、墙纸基膜、墙纸粉、墙纸胶浆、墙纸胶粉、墙面加固剂、复合防水材料、外防水氯丁酚醛胶、密封防水剂、岩砂晶、嵌缝剂、干粉盖面专用漆、建筑密封膏、建筑油膏、建筑胶粉、憎水剂、护墙宝、拒水剂、接缝剂、无收缩灌浆料、无机铝盐防水剂、无机防水材料、无纺布附膜、有机硅防水剂、棚固、橡胶防水油膏、水柏油、水泥基渗透结晶材料、沥青改性剂、沥青橡胶改性防水油膏、沥青油膏、沥青防水油膏、油膏、浮雕干粉、渗透密封防水材料、渗透结晶性水泥基防水材料、渗透结晶母料、渗透结晶防水剂、溶剂稀料、满批粉、灰油、环保镜子专用胶、环氧灌缝胶、环氧防腐蚀涂料、瓷固、瓷砖美缝剂、益胶泥、盲沟管、直投式抗车辙改性剂、石材专用胶、石棉粉、石灰王、粘接膏、美缝剂、美缝胶、聚丙稀微纤维、聚乙烯油膏、聚氨酯发泡堵漏剂、聚氨酯密封膏、聚氨酯胶黏剂、聚氨酯道桥密封膏、聚氯乙烯塑料防水油膏、聚硫密封膏、聚苯颗粒胶粉料、聚酯玻纤布、胶晶、脂肪酸防水剂、膨润土防水毯、路面还原密封剂、铝箔附膜、锚固剂、锚固料、防水乳液、防水堵漏宝、防水干粉、防水板、防水毯、防水油膏、防水涂膜、防水液、防水添加材料、防水渗透剂、防水粉、防水胶、防水膏、防水防潮修复剂、防渗液、防重流添加剂、隔热砂浆粉
1175,涂料及防腐、防水材料,防水材料,堵漏灌浆材料,涂料及防腐、防水材料 > 防水材料 > 堵漏灌浆材料,58,0,PRT屋面系统堪缝专用弹性油膏、PVC嵌缝胶、丁基及聚异丁烯嵌缝膏、丙烯酸盐灌浆液、修补料、冷补料、勾缝剂、压浆料、堵水王、堵水粉、堵漏剂、堵漏栓、堵漏灵、堵漏王、填缝剂、填缝胶、孔道压浆料、嵌缝料、嵌缝油膏、嵌缝膏、干粉锚固料、座浆料、弹性缝补剂、彩色勾缝剂、快速堵漏剂、抗渗王、支座灌浆料、无甲醛嵌缝膏、早强掺合料、柔性填补料、柔性防水建筑填缝胶、沥青嵌缝油膏、油性嵌缝膏、注浆料、灌封胶、灌注粘钢胶、灌浆堵漏剂、灌浆料、灌浆料母料、灌浆液、灌缝剂、灰勾缝剂、环氧灌浆液、瓷砖勾缝剂、砼体补强液、硬质填补料、纸皮石填补料、结构修补料、聚氨酯堵漏剂、聚氨酯灌浆料、聚氯乙烯建筑防水接缝材料、胶浆、自流平灌浆料、防水堵漏胶、防水填缝料、隔热板专用填缝料、高强灌浆料、黑勾缝剂
223,涂料及防腐、防水材料,防水材料,防水卷材,涂料及防腐、防水材料 > 防水材料 > 防水卷材,62,0,APP改性沥青防水卷材、CPS-CL反应粘结型高分子膜基湿铺防水卷材、CPS-CL反应粘结型高分子膜基湿铺防水卷材(耐根穿刺型)、CPS反应粘结型高分子膜基湿铺防水卷材、EVA防水卷材、HDPE防水卷材、JSJ聚合物防水卷材、LDPE防水卷材、PET防水卷材、PE防水卷材、PVC耐根穿刺防水卷材、SBS弹性体改性沥青防水卷材、SBS改性沥青防水卷材、TPZ红芯分子粘防水卷材、丁苯橡胶改性氧化沥青防水卷材、三元丁橡胶防水卷材、三元乙丙橡胶防水卷材、反应性交叉膜自粘卷材、屋面种植防水卷材、强力交叉膜自粘防水卷材、改性氧化沥青防水卷材、柔性体沥青防水卷材、橡胶复合防水卷材、橡胶沥青防水卷材、橡胶自粘防水卷材、氯化聚乙烯-橡胶共混型防水卷材、氯化聚乙烯防水卷材、沥青复合胎柔性防水卷材、沥青布、液体卷材、湿铺防水卷材、热塑性聚烯烃(TPO)防水卷材、玻纤网格布增强型防水卷材、石油沥青纸胎油毡、耐根穿刺高分子复合自粘防水卷材、耐盐碱型聚合物改性沥青防水卷材、耐盐碱型防水卷材、聚乙烯丙纶复合防水卷材、聚乙烯涤纶复合防水卷材、聚乙烯涤纶防水卷材、聚乙烯防水卷材、聚合物改性沥青防水卷材、聚氯乙烯(PVC)防水卷材、聚酯纤维复合卷材、胶粉改性沥青聚酯毡、胶粉改性沥青防水卷材、自粘型防水卷材、自粘改性沥青防水卷材、自粘沥青防水卷材、道桥用改性沥青防水卷材、铝合金防水卷材、铝箔隔热卷材、阻燃型聚合物改性沥青防水卷材、难燃型改性聚乙烯复合卷材、非沥青基自粘胶膜防水卷材、预铺防水卷材、高分子增强复合防水卷材、高分子复合丙纶防水卷材、高分子涤纶防水卷材、高分子自粘防水卷材、高分子防水卷材、高聚物改性沥青防水卷材
47,涂料及防腐、防水材料,防水材料,防水密封材料,涂料及防腐、防水材料 > 防水材料 > 防水密封材料,53,6,三元乙丙橡胶密封条、三元乙丙胶条、三圈带、不锈钢丝石墨盘根、不锈钢丝网石墨盘根、亚克力盘根、四氟石墨盘根、夹紧条、密封剂、密封圈、密封垫片、密封带、密封条、密封磁条、密封膏、封口片、封口环、建筑用密封泡沫条、建筑用泡沫密封条、机械密封件、棉纱盘根、橡胶密封条、橡胶盘根、橡胶石棉盘根、氟胶密封条、氯丁橡胶密封条、汽车密封条、沥青油麻盘根、油浸石棉盘根、油麻盘根、热塑弹性密封条、石墨四氟盘根、石墨玻璃纤维盘根、石墨盘根、石棉盘根、硅胶密封条、碳化纤维增强石墨盘根、碳素盘根、聚四氟乙烯垫片、聚四氟乙烯盘根、背胶密封毛条、芳纶四氟盘根、芳纶盘根、苎麻盘根、酚醛纤维盘根、钢丝增强陶瓷纤维盘根、铜丝盘根、镍丝石墨盘根、镍丝网石墨盘根、镍基网石墨盘根、陶瓷纤维盘根、高压金属盘根、高水基盘根
232,涂料及防腐、防水材料,防水材料,防水涂料,涂料及防腐、防水材料 > 防水材料 > 防水涂料,38,13,EPI防水涂料、FYT防水涂料、HUT防水涂料、K11防水涂料、NM超弹防水涂料、NM防水涂料、PB-Ⅱ型防水涂料、SQS防水涂料、三元乙丙橡胶防水涂料、丙烯酸酯防水涂料、丙烯酸防水涂料、二阶反应型防水涂料、弹性防水涂料、改性聚氨酯防水涂料、有机硅防水涂料、橡胶沥青非固化防水涂料、橡胶防水涂料、氨丁胶乳沥青防水涂料、氯丁胶乳防水涂料、氰凝防水涂料、水基渗透结晶防水材料、水性底涂料、水性防水涂料、水泥基渗透结晶防水涂料、沥青防水涂料、混凝土屋面防水涂料、玉液防水涂料、聚合物乳液建筑防水涂料、聚合物复合改性沥青防水涂料、聚合物水泥基(JS)防水涂料、聚合物水泥防水涂料、聚氨酯防水涂料、聚脲防水涂料、自修复防水涂料、金属屋面防水涂料、防水灰浆、防水防碳化涂料、高分子防水涂料
1183,涂料及防腐、防水材料,防腐材料,沥青,涂料及防腐、防水材料 > 防腐材料 > 沥青,20,14,乳化橡胶沥青、乳化沥青、再生胶沥青、冷底子油、天然沥青、彩色沥青(明色沥青)、改性乳化沥青、改性沥青、普通沥青、橡胶沥青防水粘结层、氯丁胶乳沥青、氯丁胶沥青胶液、水性石棉质沥青、沥青冷油、热拌冷铺料、煤沥青、煤焦油、熬烤沥青、石油沥青、防水沥青
1184,涂料及防腐、防水材料,防腐材料,耐酸砖、板,涂料及防腐、防水材料 > 防腐材料 > 耐酸砖、板,8,16,单釉面耐酸砖、双槽耐酸砖、双釉面耐酸砖、无釉面耐酸砖、素面耐酸砖、耐酸板、耐酸砖、釉面耐酸砖
1229,消防器材,其他消防器材,其他消防器材及专用配件,消防器材 > 其他消防器材 > 其他消防器材及专用配件,54,7,CAN总线中继器、CRT功能软件、传输设备、区域分机软件、压力开关、喷头装饰盘、城市消防远程监控服务器系统、室内消火栓底座、探火管灭火装置、智能疏散监控系统软件、柜式七氟丙烷软件、水带卷盘机、消火栓底座、消防119火警接收终端应用软件、消防GIS监控系统应用软件、消防WEB服务系统应用软件、消防专用三通、消防信息管理系统应用软件、消防应急预案系统应用软件、消防栓试验装置、消防火警监控系统应用软件、消防电源中继器、消防电话中继器、消防监控系统第三方集成接口软件、消防系统OPC接口软件、消防系统远程监控软件、消防系统通讯接口软件、火灾图形显示系统软件、火灾报警中继器、火灾报警控制器软件、灭火系统控制软件、电压/电流信号传感器软件、电气火灾监控系统软件、监视中继器、短信监控查询系统应用软件、离线编程软件、空气采样管、编码中继器、联动中继器、自动泄压装置、自动跟踪定位射流灭火装置、自动跟踪定位消防炮灭火装置、装饰盘、警铃中继器、试验容器、调试设备、转换软件、通信服务器应用软件、通讯模块软件、闷盖、集中监控系统远程监控软件、集流管、集热板、集热罩
1228,消防器材,其他消防器材,消防箱、柜,消防器材 > 其他消防器材 > 消防箱、柜,15,0,冲洗水栓箱、单栓消火栓箱、单栓消火栓箱(带卷盘)、单门单栓简易箱、双栓消火栓箱、呼吸器箱、水带箱、泡沫消火栓箱、消火栓箱、消防柜、消防沙箱、消防箱、灭火器箱、疏散引导箱、防暴器材柜
1217,消防器材,喷水灭火产品,喷嘴,消防器材 > 喷水灭火产品 > 喷嘴,0,0,
1221,消防器材,喷水灭火产品,末端试水装置,消防器材 > 喷水灭火产品 > 末端试水装置,4,11,手动加电动型末端试水装置、手动型末端试水装置、智能型末端试水装置、电动型末端试水装置
1223,消防器材,喷水灭火产品,水带接扣,消防器材 > 喷水灭火产品 > 水带接扣,18,0,KD型水带接口、KJ型异径水带接口、KM型闷盖水带接口、KN型固定水带接口、KT/KG型吸水管接口、KY型管牙水带接口、卡环、吸水管接口、喉箍、异径接口、扪盖、水带接口、消防快速接头、消防接口、消防水带卡环、消防水带卡箍、消防水带接头、管牙接口
1214,消防器材,喷水灭火产品,水流指示器,消防器材 > 喷水灭火产品 > 水流指示器,8,11,卡箍式水流指示器、对夹式水流指示器、沟槽式水流指示器、法兰式水流指示器、消防用流量开关、焊接式水流指示器、螺纹式水流指示器、马鞍式水流指示器
103,消防器材,喷水灭火产品,消火栓,消防器材 > 喷水灭火产品 > 消火栓,8,19,室内消火栓、室外地上消火栓、室外地下消火栓、栓炮一体式消火栓、泡沫消火栓、洒水栓、消防水鹤、试验消火栓
1216,消防器材,喷水灭火产品,消防喷头,消防器材 > 喷水灭火产品 > 消防喷头,17,0,喷头组件、大空间旋转大水滴灭火喷头、干式喷头、开式喷头、快速反应喷头、早期抑制喷头、易熔合金喷头、气体喷头、气体灭火喷嘴、水幕喷头、水雾喷头、泡沫喷头、玻璃球下垂型干式喷头、玻璃球洒水喷头、细水雾喷头、隐蔽式喷头、高速喷雾器
1215,消防器材,喷水灭火产品,消防水枪,消防器材 > 喷水灭火产品 > 消防水枪,9,16,卷盘水枪、喷雾水枪、多用水枪、带架水枪、开关水枪、泡沫枪、直流喷雾水枪、直流开关水枪、直流水枪
1213,消防器材,喷水灭火产品,消防水泵接合器,消防器材 > 喷水灭火产品 > 消防水泵接合器,0,0,
1222,消防器材,喷水灭火产品,消防水炮,消防器材 > 喷水灭火产品 > 消防水炮,13,0,固定式手动消防泡沫/水两用炮、固定式消防水炮、固定式电控消防泡沫/水两用炮、手动消防水炮、泡沫/水两用消防炮、消防干粉炮、消防泡沫炮、液动消防水炮、电动消防水炮、电控泡沫炮、移动式消防水炮、移动式电控泡沫/水两用消防炮、自动消防水炮
1218,消防器材,喷水灭火产品,软管卷盘、水龙带及接口,消防器材 > 喷水灭火产品 > 软管卷盘、水龙带及接口,8,27,PE消防水带、PVC消防水带、无衬里消防水带、橡塑消防水带、消防卷盘、消防自救卷盘、聚氨酯消防水带、衬胶消防水带
1220,消防器材,喷水灭火产品,隔膜式气压水罐,消防器材 > 喷水灭火产品 > 隔膜式气压水罐,2,11,卧式隔膜气压水罐、立式隔膜气压水罐
1227,消防器材,消防工具,消防工具,消防器材 > 消防工具 > 消防工具,3,3,救生器材类、消防员装备、消防架
105,消防器材,消防应急广播、电话系统,消防通讯广播器材,消防器材 > 消防应急广播、电话系统 > 消防通讯广播器材,33,39,CD录放盘、CD播放盘、MP3录放盘、MP3播放盘、功率放大器、区域扩展盘、区域控制盘、多线消防广播柜、多线消防电话分机、多线消防电话总机、多线电话插孔、广播切换盒、应急广播控制器、总线消防广播柜、总线消防电话分机、总线消防电话总机、总线电话插孔、手提式电话分机、消防广播主机、消防广播分配盘、消防广播功放/录放盘、消防广播功放盘、消防广播录放盘、消防广播扬声器、消防广播配件、消防应急广播设备、消防电话分机、消防电话总机、消防电话系统、消防电话配件、火警电话盘、编码型紧急启停按钮、非编码型紧急启停按钮
1226,消防器材,火灾报警产品,其他报警器材,消防器材 > 火灾报警产品 > 其他报警器材,40,19,区域启动/停止盒、回路板、声光报警器、声光警报器、总线接口板、总线驱动器、手动/自动转换器、手动火灾报警按钮、手动火灾报警按钮上盖、手动火灾报警按钮底座、手动火灾报警按钮立柱、手动火灾报警按钮防雨罩、报警器上盖、报警器下盖、报警器底座、接线端子箱、控制器机箱、控制箱、数据采集卡、智能应急照明控制主机、智能紧急报警按钮、消火栓按钮、消火栓按钮上盖、消火栓按钮底座、消防水灾报警击碎按钮、消防泵、双电源控制设备、消防泵自动巡检、消防泵控制设备、消防端子箱、火灾信息发送器、火灾报警按钮后备盒、网卡、通讯转换卡、防火门监控分机、防爆声光警报器、防爆手动报警按钮防雨箱、防爆手动火灾报警按钮、防爆消火栓按钮、防爆编码接口箱、隔离安全栅、齐纳安全栅
1224,消防器材,火灾报警产品,探测器,消防器材 > 火灾报警产品 > 探测器,25,0,一氧化碳探测器、三鉴探测器、主动红外线探测器、人体监测系统、人体移动监测探测器、双元红外探测器、双鉴探测器、幕帘红外探测器、感烟探测器、振动感应探测器、探测器底座、探测器配件、气体探测器、温度烟雾一体式探测器、漏水探测器、漏水监测器、漏电探测器、火灾探测器、玻璃破碎探测器、磁感应空间位移探测器、窗磁控探测器、红外微波双鉴探测器、被动红外存在探测、被动红外探测器、门窗磁控探测器
157,消防器材,火灾报警产品,火灾报警、警报及消防联动控制装置,消防器材 > 火灾报警产品 > 火灾报警、警报及消防联动控制装置,72,0,UPS电源装置、UPS装置、专线控制盘、分体式剩余电流探头、剩余电流发生器、剩余电流式探测器、可燃气体报警控制器、可视图像火灾早期报警系统、图形显示装置、备用电池、备用电源、多线手动控制盘、多线联动控制盘、总线手动控制盘、总线控制盘、总线联动控制盘、手动控制盘、手动转换开关、报警器、报警指示灯、控制器电源、气体报警设备控制联动箱、气体指示灯、气体灭火控制器、气体灭火控制盘、测温式探测器、消防专用电源、消防应急灯具专用电源、消防电源、消防警铃、消防设备电源状态监控器、消防闪灯、温度传感器、温度探头、温控探头、漏电传感器、火灾报警控制器、火灾报警控制器单回路板、火灾报警控制器双回路板、火灾报警控制器回路主板、火灾报警控制器回路子站板、火灾显示盘、灭火装置集中控制盘、电压/电流信号传感器、电压信号传感器、电弧探测器、电气火灾传感器、电气火灾监控主机、电气火灾监控探测器、电气火灾监控计算机管理系统、电气火灾监控设备、电流传感器、电流探头、电流探测器、电源传感器、电源总线板、电源接口箱、电源盘、直流消防电源、组合式剩余电流探头、联动供电单元(主备电一体式)、联动型火灾报警控制器、联动电源、警笛、讯响器、通信式剩余电流探头、防火门监控器、防火门监控接口、防火门监控系统、防爆火灾报警警铃、雨淋阀现场控制器、风管式温度传感器
1225,消防器材,火灾报警产品,现场模块,消防器材 > 火灾报警产品 > 现场模块,35,20,中继模块、信号放大器、光电隔离器、切换模块、单继电模块、双继电模块、地址码编程器、多线模块、多线转换负载、常开门接口模块、总线广播模块、总线隔离器、手/自动转换模块、控制模块、无线传输模块、模块底座、模块箱、模块配件、气体终端模块、温度转换模块、电流转换模块、监视模块、直控模块、短路隔离器、终端模块、输入/输出模块、输入模块、输出模块、通讯模块、防消模块、防雷模块、隔离器、隔离器底座、隔离模块、驱动模块
1212,消防器材,灭火器,成套气体灭火设备,消防器材 > 灭火器 > 成套气体灭火设备,12,0,七氟丙烷灭火装置、二氧化碳灭火装置、储气瓶组、六氟丙烷灭火装置、厨房灭火系统、启动瓶组、排油注氮灭火装置、混合气体灭火装置、火探管式自动探火灭火装置、灭火剂瓶组、热气溶胶灭火装置、超细干粉灭火装置
1209,消防器材,灭火器,成套泡沫灭火设备,消防器材 > 灭火器 > 成套泡沫灭火设备,3,7,成套水雾灭火装置、成套泡沫灭火装置、泡沫水灭火装置
1207,消防器材,灭火器,泡沫发生器、比例混合器,消防器材 > 灭火器 > 泡沫发生器、比例混合器,7,0,压力式比例混合器、平衡式比例混合器、泡沫发生器、泡沫比例混合器、环泵式比例混合器、空气泡沫产生器、管线式比例混合器
1210,消防器材,灭火器,灭火剂,消防器材 > 灭火器 > 灭火剂,14,28,七氟丙烷药剂、二氧化碳灭火剂、卤代烷灭火剂、合成泡沫灭火剂、干粉灭火剂、抗溶性泡沫灭火剂(AR)、气体灭火药剂、气溶胶灭火药剂、氟蛋白泡沫灭火剂(FP)、水成膜泡沫灭火剂(AFFF)、泡沫灭火剂、清水灭火剂、蛋白泡沫灭火剂(P)、高倍数泡沫灭火剂
220,消防器材,灭火器,灭火器,消防器材 > 灭火器 > 灭火器,14,14,ABC干粉灭火器、BC干粉灭火器、D类灭火器、七氟丙烷灭火器、二氧化碳灭火器、六氟丙烷灭火器、卤代烷灭火器、干粉灭火器、水基型灭火器、泡沫灭火器、洁净气体灭火器、清水灭火器、溶胶灭火器、超细干粉灭火器
1206,消防器材,灭火器,灭火器专用阀门,消防器材 > 灭火器 > 灭火器专用阀门,11,0,分配阀、干式报警阀、杠杆式雨淋阀、温感雨淋阀、湿式报警阀、选择阀、选择阀组件、隔膜式雨淋阀、隔膜式预作用报警阀、雨淋报警阀、预作用报警阀
1211,消防器材,灭火器,灭火散材,消防器材 > 灭火器 > 灭火散材,16,0,打火鞭、灭火器压力表、灭火器喷管、灭火器架子、灭火器阀体、灭火弹、灭火毯、石棉被、空调管、防火包(阻火包)、防火圈、防火堵料、防火帽、防火枕(阻火密封包)、防爆毯、阻火带
1208,消防器材,灭火器,空气泡沫枪,消防器材 > 灭火器 > 空气泡沫枪,0,0,
237,消防器材,避难逃生产品,标志、应急灯,消防器材 > 避难逃生产品 > 标志、应急灯,14,0,发光屏指示灯、安全出口灯、应急标志灯、应急照明灯、楼层指示灯、消防应急灯、疏散指示灯、自发光标志灯、行灯(带变压器)、警示灯、集中电源集中控制型消防应急标志灯、集中电源集中控制型消防应急照明灯、集中电源集中控制型消防应急照明灯具、霓虹标志灯
1289,灯具、光源,光源,光源,灯具、光源 > 光源 > 光源,16,0,LED灯、卤素灯、卤钨灯、多彩LED灯、无极灯、汞灯、白炽灯、石英金属卤化物灯、碘钨灯、红外线灯、自镇流高压汞灯、节能灯、荧光灯、钠灯、镝灯、高压钠灯
1290,灯具、光源,光源,灯带,灯具、光源 > 光源 > 灯带,0,0,
1310,灯具、光源,其他灯具及附件,专用灯具电源,灯具、光源 > 其他灯具及附件 > 专用灯具电源,5,10,LED灯饰灯具电源、LED筒射灯模组、模块、模块电源、消防应急灯具专用应急电源
211,灯具、光源,其他灯具及附件,其他灯具及附件,灯具、光源 > 其他灯具及附件 > 其他灯具及附件,50,0,LED面板灯、五孔灯座、低压防水灯头、充电式手电筒、厨卫灯、吊灯U型环、吊灯夹板、吊盒、吊链、地道涵洞灯、塑料台、墙上座灯、声光控灯头、声控灯、声控灯座、大杠抱箍、头灯、广照型灯、座灯头、抱箍连接板、探照灯、支架灯保护罩、支臂拉杆、桥栏杆灯、灭蚊灯、灯具(照明系统安装与拆除)、灯口、灯头、灯座、灯托、灯片、灯罩、灯膜、灯角、照明装饰灯具、瓷灯头、生鲜灯、电子灯角、花托杯、装饰灯具滑轨、裸灯座、触发器、镇流器挂板、镇流器支架、镇流器横板、防潮灯、防爆防腐灯、防眩光灯具、面板灯、平板灯、高挂灯
1309,灯具、光源,其他灯具及附件,启辉器、镇流器,灯具、光源 > 其他灯具及附件 > 启辉器、镇流器,11,0,氙气灯安定器、电子变压器、电子镇流器、电感镇流器、荧光灯启辉器、荧光灯镇流器、金属卤化灯镇流器、镝灯镇流器、防爆镇流器、高压汞灯镇流器、高压钠灯镇流器
1308,灯具、光源,其他灯具及附件,灯戗、灯伞、灯臂,灯具、光源 > 其他灯具及附件 > 灯戗、灯伞、灯臂,5,8,半弧灯具、双弧灯臂、灯伞、灯具挑臂、灯戗
1313,灯具、光源,其他灯具及附件,灯线及其附件,灯具、光源 > 其他灯具及附件 > 灯线及其附件,2,4,Hid灯线、LED灯线
1311,灯具、光源,其他灯具及附件,航空障碍灯,灯具、光源 > 其他灯具及附件 > 航空障碍灯,0,0,
1307,灯具、光源,其他灯具及附件,荧光灯支架,灯具、光源 > 其他灯具及附件 > 荧光灯支架,12,0,LED三防灯支架、LED普通支架、LED消防应急支架、三防荧光灯支架、单臂悬挑灯架、双臂悬挑灯架、弧形荧光灯支架、普通带罩荧光灯支架、普通荧光灯支架、格栅荧光灯支架、碘钨灯架、黑板灯支架
209,灯具、光源,室内照明,其他室内灯具,灯具、光源 > 室内照明 > 其他室内灯具,5,5,唤醒灯、室内灯具、镜前灯、防水灯、防水防尘灯
1297,灯具、光源,室内照明,台灯、落地灯,灯具、光源 > 室内照明 > 台灯、落地灯,8,13,LED台灯、LED落地灯、太阳能台灯、太阳能落地灯、荧光灯管台灯、荧光灯管落地灯、螺旋灯头光源台灯、螺旋灯头光源落地灯
1291,灯具、光源,室内照明,吊灯(装饰花灯）,灯具、光源 > 室内照明 > 吊灯(装饰花灯）,0,0,
1292,灯具、光源,室内照明,吸顶灯,灯具、光源 > 室内照明 > 吸顶灯,7,15,LED吸顶灯、T5防潮吸顶荧光灯、吸顶荧光灯、声光控吸顶灯、应急防潮吸顶荧光灯、防水节能吸顶灯、高效节能吸顶灯
1293,灯具、光源,室内照明,壁灯,灯具、光源 > 室内照明 > 壁灯,0,0,
1296,灯具、光源,室内照明,射灯,灯具、光源 > 室内照明 > 射灯,6,11,吊杆式射灯、吊装式格栅射灯、吸顶式射灯、天花式射灯、导轨式射灯、嵌入式射灯
1295,灯具、光源,室内照明,格栅灯（荧光灯盘）,灯具、光源 > 室内照明 > 格栅灯（荧光灯盘）,11,0,LED灯盘、吊装式格栅灯盘、吊装式灯盘、吊装式胶片灯盘、吸顶式格栅灯盘、吸顶式胶片灯盘、嵌入式格栅灯盘、嵌入式胶片灯盘、格栅灯、格栅灯盘、空调灯盘
1294,灯具、光源,室内照明,筒灯,灯具、光源 > 室内照明 > 筒灯,11,0,LED筒灯、应急筒灯、横式嵌入筒灯、横式嵌入防雾筒灯、横式明装筒灯、横式明装防雾筒灯、立式嵌入筒灯、立式嵌入防雾筒灯、立式明装筒灯、立式明装防雾筒灯、金卤筒灯
1299,灯具、光源,室外照明,地埋灯,灯具、光源 > 室外照明 > 地埋灯,0,0,
210,灯具、光源,室外照明,庭院、广场、道路、景观灯,灯具、光源 > 室外照明 > 庭院、广场、道路、景观灯,10,16,中杆灯、太阳能路灯、广场灯、庭院灯、景观灯、球场灯、网球场灯、路灯灯头、道路灯、高杆灯
1302,灯具、光源,室外照明,水下灯,灯具、光源 > 室外照明 > 水下灯,3,13,壁挂式水下灯、嵌入式水下灯、支架式水下灯
1298,灯具、光源,室外照明,泛光灯、投光灯,灯具、光源 > 室外照明 > 泛光灯、投光灯,3,9,泛光灯、洗墙灯、聚光灯
1300,灯具、光源,室外照明,草坪灯,灯具、光源 > 室外照明 > 草坪灯,6,8,LED草坪灯、古典草坪灯、景观草坪灯、欧式草坪灯、现代草坪灯、防盗草坪灯
1301,灯具、光源,室外照明,轮廓装饰灯,灯具、光源 > 室外照明 > 轮廓装饰灯,10,24,LED线槽灯、台阶灯、地砖灯、地脚灯、小夜灯、嵌墙灯、护栏板灯、护栏管灯、瓦楞灯、线条灯
1306,灯具、光源,特种灯具,医院专用灯,灯具、光源 > 特种灯具 > 医院专用灯,10,24,手术室专用气密灯带、手术室无影灯、牙科光固化灯、生化分析仪器灯、病房叫号灯、病房指示灯、病房暗脚灯、看片灯、紫外线杀菌灯、红外线理疗保健灯
1303,灯具、光源,特种灯具,厂矿、场馆用灯,灯具、光源 > 特种灯具 > 厂矿、场馆用灯,0,0,
1304,灯具、光源,特种灯具,歌舞厅灯,灯具、光源 > 特种灯具 > 歌舞厅灯,0,0,
1305,灯具、光源,特种灯具,隧道灯,灯具、光源 > 特种灯具 > 隧道灯,0,0,
9999,特殊类别,定制服务,年度招募,特殊类别 > 定制服务 > 年度招募,0,0,
67,玻璃及玻璃制品,其他玻璃,其他玻璃,玻璃及玻璃制品 > 其他玻璃 > 其他玻璃,14,0,冰花玻璃、压铸玻璃、平面热弯玻璃、弧形热弯玻璃、热弯玻璃、热熔冰山玻璃、热熔玻璃、热熔钢化玻璃、磨边玻璃、自洁玻璃、车边玻璃、铅玻璃(重火石玻璃)、镶嵌铜条玻璃、防滑玻璃
1423,玻璃及玻璃制品,普通玻璃,中空玻璃,玻璃及玻璃制品 > 普通玻璃 > 中空玻璃,13,0,LOW-E中空玻璃、LOW-E钢化中空玻璃、半钢化中空玻璃、彩釉中空玻璃、彩釉钢化中空玻璃、悬膜中空玻璃、普通中空玻璃、浮法中空玻璃、白玻中空玻璃、钢化中空玻璃、镀膜中空玻璃、镀膜钢化中空玻璃、防火中空玻璃
1421,玻璃及玻璃制品,普通玻璃,夹丝（夹网）玻璃,玻璃及玻璃制品 > 普通玻璃 > 夹丝（夹网）玻璃,6,9,夹丝压花玻璃、夹丝磨光玻璃、夹画玻璃、夹绢丝玻璃、夹金属丝玻璃、夹钢丝玻璃
1422,玻璃及玻璃制品,普通玻璃,夹层玻璃,玻璃及玻璃制品 > 普通玻璃 > 夹层玻璃,12,14,LOW-E夹层玻璃、PVB夹层玻璃、SGP夹层玻璃、SOLAR-E夹层玻璃、夹丝夹层玻璃、干法夹胶玻璃、彩釉夹层玻璃、普通夹层玻璃、湿法夹胶玻璃、钢化夹层玻璃、钢化夹胶玻璃、镀膜夹层玻璃
1418,玻璃及玻璃制品,普通玻璃,浮法玻璃,玻璃及玻璃制品 > 普通玻璃 > 浮法玻璃,3,0,普通平板玻璃、浮法平板玻璃、磨光玻璃
1419,玻璃及玻璃制品,普通玻璃,超白玻璃,玻璃及玻璃制品 > 普通玻璃 > 超白玻璃,0,0,
1420,玻璃及玻璃制品,普通玻璃,钢化玻璃,玻璃及玻璃制品 > 普通玻璃 > 钢化玻璃,5,14,平面钢化玻璃、彩釉钢化玻璃、曲面钢化玻璃、烤漆钢化玻璃、超白钢化玻璃
1424,玻璃及玻璃制品,普通玻璃,镀膜玻璃,玻璃及玻璃制品 > 普通玻璃 > 镀膜玻璃,3,3,普通镀膜玻璃、钢化镀膜玻璃、镜面镀膜玻璃
1427,玻璃及玻璃制品,特种玻璃,特种玻璃,玻璃及玻璃制品 > 特种玻璃 > 特种玻璃,11,19,AG防眩玻璃、低辐射镀膜防火玻璃、单向透视玻璃、复合防火玻璃、调光玻璃、防弹玻璃、防火玻璃、防火顺位器、防爆玻璃、防辐射玻璃、雾化玻璃
140,玻璃及玻璃制品,玻璃制品,玻璃制品,玻璃及玻璃制品 > 玻璃制品 > 玻璃制品,12,0,水位玻璃板、玻璃反光罩、玻璃夹、玻璃微珠、玻璃挂件、玻璃柱、玻璃管、玻璃花盆、玻璃贴膜、玻璃造型、玻璃黑板、造型玻璃球
1428,玻璃及玻璃制品,玻璃制品,玻璃砖,玻璃及玻璃制品 > 玻璃制品 > 玻璃砖,6,5,普通玻璃砖、泡沫玻璃砖、热熔玻璃砖、玻璃装饰砖、空心玻璃砖、镭射玻璃地砖
1430,玻璃及玻璃制品,玻璃制品,玻璃镜,玻璃及玻璃制品 > 玻璃制品 > 玻璃镜,3,9,原片玻璃镜、工艺镜、除雾镜
1429,玻璃及玻璃制品,玻璃制品,玻璃马赛克,玻璃及玻璃制品 > 玻璃制品 > 玻璃马赛克,0,0,
1431,玻璃及玻璃制品,玻璃制品,防爆膜,玻璃及玻璃制品 > 玻璃制品 > 防爆膜,0,0,
1432,玻璃及玻璃制品,玻璃制品,防雾镜,玻璃及玻璃制品 > 玻璃制品 > 防雾镜,0,0,
1425,玻璃及玻璃制品,艺术玻璃,艺术装饰玻璃,玻璃及玻璃制品 > 艺术玻璃 > 艺术装饰玻璃,17,0,不透明彩色玻璃、凹蒙玻璃、压花玻璃、喷砂玻璃(磨砂玻璃)、幻影玻璃、彩绘玻璃、彩釉玻璃、拼花玻璃、树纹玻璃、烤漆玻璃、焗漆玻璃、石纹玻璃、聚晶玻璃、蚀刻玻璃、透明彩色玻璃、镶嵌玻璃、雕刻玻璃
1426,玻璃及玻璃制品,艺术玻璃,镭射玻璃,玻璃及玻璃制品 > 艺术玻璃 > 镭射玻璃,2,8,单层镭射玻璃、夹层镭射玻璃
1800,电极及劳保用品等其他材料,其他材料,低值易耗品,电极及劳保用品等其他材料 > 其他材料 > 低值易耗品,2,7,钻头、锯条、锯片
1801,电极及劳保用品等其他材料,其他材料,其他材料,电极及劳保用品等其他材料 > 其他材料 > 其他材料,0,0,
190,电极及劳保用品等其他材料,办公用品,其他办公用品,电极及劳保用品等其他材料 > 办公用品 > 其他办公用品,0,0,
1795,电极及劳保用品等其他材料,办公用品,纸、笔,电极及劳保用品等其他材料 > 办公用品 > 纸、笔,13,13,复印纸、打印纸、木工用笔、标签纸、牛皮纸、瓦楞纸、生木浆纸、画纸、白膜纸、石笔、美纹纸、记号笔、铝箔纸
179,电极及劳保用品等其他材料,劳保用品,劳保用品,电极及劳保用品等其他材料 > 劳保用品 > 劳保用品,58,6,LED服装、军面大衣、劳保包、卫生纸、口罩、听力护具、呼吸护具、头套、头盔、安全帽、安全帽配件、安全挂锁、尘推、工作服、手套、手表、打砂帽、打砂衣、护目镜、护腰、护膝、护臂、抹布、担架、拖布、枕头、棉被、毛巾、气源、水工杯、水鞋、洗衣粉、滤棉、滤盒、电焊帽、电筒、眼防护具、纯棉床单、纱布、肥皂、胶片、脸盆、防坠器、防坠落具、防护手套、防护服、防护眼镜、防护鞋、防毒面具、防毒面具滤芯、防毒面具过滤盒、防水、防尘面罩、雨伞、雨衣、面部护具、鞋套、香皂、马甲
1799,电极及劳保用品等其他材料,火工、电极材料,火工材料,电极及劳保用品等其他材料 > 火工、电极材料 > 火工材料,5,10,引爆线(索)、炸药箱、电雷管、硝酸铵类炸药、雷管箱
1798,电极及劳保用品等其他材料,火工、电极材料,电极材料,电极及劳保用品等其他材料 > 火工、电极材料 > 电极材料,11,0,深井阳极、硫酸铜参比电极、碳电极、钨极棒、铈钨棒、铝阳极、锌参比电极、锌阳极、镁阳极、长效参比电极、高硅铸铁阳极
196,电极及劳保用品等其他材料,零星施工用料,水、电、煤炭、木柴,电极及劳保用品等其他材料 > 零星施工用料 > 水、电、煤炭、木柴,7,6,工业酒精、木柴、水、汽、炭、煤、电
1796,电极及劳保用品等其他材料,零星施工用料,零星施工用料,电极及劳保用品等其他材料 > 零星施工用料 > 零星施工用料,14,21,反光驱鸟器、大竹扫把、安全网扎绳、小扫把、扫帚、扫把、棉布袋、绑扎绳、豆包布、超声波驱鸟器、铁夹子、风力驱鸟器、驱鸟刺、驱鸟器
1635,电梯,其他电梯及配件,其他电梯,电梯 > 其他电梯及配件 > 其他电梯,0,0,
1634,电梯,其他电梯及配件,电梯配件,电梯 > 其他电梯及配件 > 电梯配件,12,11,安全钳、导向轮、导轨架、导靴、曳引机、曳引绳锥套、曳引钢丝绳、电梯无线对讲系统、绳头卡板、绳轮、缓冲器、限速器
1629,电梯,医用电梯,医用电梯,电梯 > 医用电梯 > 医用电梯,0,0,
79,电梯,普通电梯,乘客电梯,电梯 > 普通电梯 > 乘客电梯,0,0,
1625,电梯,普通电梯,客货电梯,电梯 > 普通电梯 > 客货电梯,0,0,
1628,电梯,普通电梯,家用电梯,电梯 > 普通电梯 > 家用电梯,2,0,曳引别墅电梯、液压式别墅电梯
1627,电梯,普通电梯,杂物电梯,电梯 > 普通电梯 > 杂物电梯,2,9,窗口式杂物电梯、落地式杂物电梯
1626,电梯,普通电梯,载货电梯,电梯 > 普通电梯 > 载货电梯,0,0,
1631,电梯,汽车电梯,非商用汽车电梯,电梯 > 汽车电梯 > 非商用汽车电梯,0,0,
1633,电梯,自动扶梯和自动人行道,自动人行道,电梯 > 自动扶梯和自动人行道 > 自动人行道,4,14,人行通道、双线式自动人行道、带式自动人行道、踏步式自动人行道
1632,电梯,自动扶梯和自动人行道,自动扶梯,电梯 > 自动扶梯和自动人行道 > 自动扶梯,0,0,
1630,电梯,观光电梯,观光电梯,电梯 > 观光电梯 > 观光电梯,0,0,
60,电气线路敷设材料,其他线路敷设材料,其他线路敷设材料,电气线路敷设材料 > 其他线路敷设材料 > 其他线路敷设材料,190,0,BWFRP电缆保护套管、CFRP碳素纤维电力管、CPVC电工套管、DFPB双金属防护管、FH防火型线管、GHFB方形单壁波纹管、GHFB方形双壁波纹管、GMP复合增强电力护套管、HDPE七孔梅花管、HDPE实壁通信管、HDPE硅芯管、HDPE通信管、HDPE非开挖电力管、HFCM实壁管、HFPP开挖电力管、HMPP高抗冲压改性聚丙烯菱形复合套管、HMPVC电缆保护管、HPPM方型电力双壁波纹管、HPVC双壁波纹管、HPVC实壁管、HRWPC增强电力电缆保护管、HSPA塑合金电力护套管、IFB双壁波纹管、IFB波纹电力管、JDG紧定式镀锌穿线管、KBG扣压式镀锌穿线管、KJG快接式镀锌穿线管、MCMP方型电力双壁波纹管、MFPT塑钢复合电缆保护管、MMT双壁波纹管、MMT实壁电力保护管、MPP单壁波纹管、MPP双壁波纹管、MPP开挖型电力管、MPP电缆管、MPP非开挖型电力管、PC穿线管、PE七孔梅花管、PE栅格管、PE波纹管、PE电力护套管、PE电力电缆保护管、PE穿线管、PP电力护套管、PVC-C电力套管、PVC-C穿线管、PVC-M电力套管、PVC-O电力套管、PVC-U七孔格栅管、PVC-U七孔蜂窝管、PVC-U三孔蜂窝管、PVC-U九孔格栅管、PVC-U五孔格栅管、PVC-U五孔蜂窝管、PVC-U六孔格栅管、PVC-U四孔格栅管、PVC-U四孔蜂窝管、PVC-U格栅管、PVC-U电力套管、PVC-U穿线管、PVC-U穿线管(中型)、PVC-U穿线管(超重型)、PVC-U穿线管(轻型)、PVC-U穿线管(重型)、PVC七孔梅花管、PVC九孔格栅管、PVC单孔格栅管、PVC四孔格栅管、PVC四孔梅花管、PVC电工套管、PVC穿线管、PVC穿线管(中型)、PVC穿线管(超重型)、PVC穿线管(轻型)、PVC穿线管(重型)、PVC蜂窝管、PVC阻燃穿线管、PVC难燃穿线管、RMDP电缆保护管、RPE穿线管、T接箱、V形环、交叉互联箱、低压密集母线槽、光纤接头、光纤接续密封盒、全封闭树脂浇注防水母线槽、刚体滑触线、十字接、卡豆、压线帽、可挠电气导管、可挠金属电线保护套管、吊卡、吊钩、固定夹、地线头、地线钎子、塑合金电力电缆保护管、塑料压线帽、塑料穿线软管、塑钢复合导管、复合高强度GDCM实壁管、多孔梅花管、安全滑触线、密集绝缘插接母线槽、尼龙线管、局部等电位端子箱LEB、弯管弹簧、总等电位端子箱MEB、托架定位梢、护口、护套管接头、拉线箱、排卡、接地夹、接地极、接地母线、接地测试箱、接地线卡、接头、螺圈、接线盒盖、接线箱连接器、普利卡管、栅格管、橡塑穿线管、母线始端箱、母线插接箱、母线槽安装件、母线槽连接器、母线终端箱、母线连接件、气门标石、活接、海泡石管、混合连接器、滑触线、滑触线伸缩器、滑触线拉紧装置、滑触线支持器、热浸塑穿线管、热浸锌穿线管、热熔热缩套管、热缩管、热镀锌穿线管、焊接钢管穿线管、照明母线、玻璃钢电力管、玻璃钢电缆保护管、电线管卡、电缆盘、电解离子接地极、盒接(杯梳)、直接(梳节)、直接头连接器、碳素波纹管、空气型轨道式母线、空气式插接母线槽、竹筒、等电位端子箱、管枕、管码、管索、线号套管、线缆牵引机、线路故障指示器、线路牵拉机、维纶水泥电缆保护管、维纶管、耐火型母线槽、聚氯乙烯半硬塑料管、衬套、转接箱、避雷网、金属线管、铁绑线、铅套管、铜套管、铜接地极、铜绑线、锡套管、预分支电缆吊头、预分支电缆固定夹、预分支电缆托架、预埋式高压电力电缆用改性聚丙烯增强波纹套管(HFB))、高压电缆加热套、高强度插接母线槽、高强度纤维电缆保护管、高强度聚氯乙烯GHFB电缆保护双壁波纹管、高强度聚氯乙烯电缆保护管、黄蜡管
1355,电气线路敷设材料,其他线路敷设材料,接线盒（箱）,电气线路敷设材料 > 其他线路敷设材料 > 接线盒（箱）,10,0,塑料接线盒、塑料接线箱、塑料灯头盒、木制接线盒、钢(铁)制接线盒、钢(铁)制接线箱、钢(铁)制灯头盒、钢制灯头盒、铁制灯头盒、铝制接线盒
1354,电气线路敷设材料,其他线路敷设材料,线路连接附件,电气线路敷设材料 > 其他线路敷设材料 > 线路连接附件,34,0,人字木、伸缩头、保护盒、保护罩、信号器、卡钩、卡子、告警器、地排、外护套、夹板、引入盒、拖沟、接头保护盒、接线柱、方盒盖、木垫、标识管、桥型、槽板、汇流排、瓷撑板、电缆压盖、电缆头套、电缆夹、电缆导向接头、电缆挂钩、电缆支架、电缆防雷装置、直管接头、终端电缆盒、软管接头、连接线、连板、零排
1341,电气线路敷设材料,母线槽,母线槽,电气线路敷设材料 > 母线槽 > 母线槽,0,0,
1342,电气线路敷设材料,母线槽,母线槽连接件及附件,电气线路敷设材料 > 母线槽 > 母线槽连接件及附件,0,0,
1350,电气线路敷设材料,电力金具,变电金具,电气线路敷设材料 > 电力金具 > 变电金具,2,8,SLG螺栓型铜铝过渡设备线夹、压缩型设备线夹
1349,电气线路敷设材料,电力金具,母线金具,电气线路敷设材料 > 电力金具 > 母线金具,18,0,MCD槽行吊挂/MCG槽型间隔垫硬母线固定金具、MCN户内槽型/MCW户外槽型硬母线固定金具、MDG单母线固定金具、MGF管形母线封头、MGG管形母线固定金具、MGJ管形母线支架、MGT管形母线T接金具、MGZ终端金具、MNL户内立放型硬母线固定金具、MNP户内平放型硬母线固定金具、MRJ软母线间隔棒、MSG双母线固定金具、MSS母线伸缩节(母线与设备连接)、MS母线伸缩节(母线与母线连接)、MWL户外立放型硬母线固定金具、NWP户外平放型硬母线固定金具、母线拉线金具、矩形母线金具
1351,电气线路敷设材料,电力金具,线路金具,电气线路敷设材料 > 电力金具 > 线路金具,16,0,中压型穿刺线夹、保护金具、出线金具、分步型穿刺线夹、基本型T接端子、密封型T接端子、悬垂线夹、拉线金具、接续金具、经济型T接端子、耐张线夹、连接金具、通用型穿刺线夹、避雷线悬垂线夹、防护型T接端子、阻燃型穿刺线夹
1352,电气线路敷设材料,电杆、塔及附件,杆塔固定件,电气线路敷设材料 > 电杆、塔及附件 > 杆塔固定件,23,0,U型环、保护板、卡盘、帮桩、底盘、心形环、托箍、抱箍卡管、拉扣、拉板、拉棒、拉环、拉盘、拉线、拉线地锚、拉线棍、拉线盘、挂板、接杆、槽钢台架、端子板、背板、连扳
1353,电气线路敷设材料,电杆、塔及附件,杆塔支撑横担及附件,电气线路敷设材料 > 电杆、塔及附件 > 杆塔支撑横担及附件,34,9,低压担、保险器担、保险器架、元宅戗、刀闸架、刀闸背板、地网、开关架、弯铁、扁钢横担、托戗、护铁、拉爆、撑铁、木横担、槽钢横担、槽铁、横铁、母线担、玻璃钢横担、瓷横担、立铁、紧线垫、角戗、角钢保险器担、角钢刀闸担、角钢支撑、角钢桥担、角钢横担、角钢母线担、角钢立担、角铁横担、镀锌横担、顶担
212,电气线路敷设材料,电杆、塔及附件,电杆、塔,电气线路敷设材料 > 电杆、塔及附件 > 电杆、塔,4,12,单悬杆、灯杆、电杆、铁塔
1348,电气线路敷设材料,电缆头及接线端子,接地端子箱,电气线路敷设材料 > 电缆头及接线端子 > 接地端子箱,0,0,
1347,电气线路敷设材料,电缆头及接线端子,接线端子,电气线路敷设材料 > 电缆头及接线端子 > 接线端子,16,0,保险端子、双层二极管接线端子、可插拔式端子、可插拔端子插头、开关接线端子、弹簧连接接线端子、接地型接线端子、接线端子模块、直插式弹簧接线端子、螺钉卡箍接线端子、铜接线端子、铜铝接线端子、铝接线端子、锡接线端子、陶瓷接线端子、零线型接线端子
1346,电气线路敷设材料,电缆头及接线端子,电缆头,电气线路敷设材料 > 电缆头及接线端子 > 电缆头,14,0,冷缩中间头、冷缩终端头、欧式可触摸前接头、欧式可触摸后接头、油浸电缆中间连接头、油浸电缆终端头、热缩中间头、热缩终端头、矿物绝缘电缆连接头、矿物质绝缘电缆中间连接器、矿物质绝缘电缆终端头、美式肘型电缆接头、预制中间头、预制终端头
147,电气线路敷设材料,电缆桥架,电缆桥架,电气线路敷设材料 > 电缆桥架 > 电缆桥架,10,0,托盘式电缆桥架、梯式桥架、梯式电缆桥架、槽式电缆桥架、模压增强底有孔托盘式桥架、模压增强底桥架、模压桥架、模压瓦楞桥架、组合式电缆桥架、网格式电缆桥架
1343,电气线路敷设材料,电缆桥架,电缆桥架连接件及附件,电气线路敷设材料 > 电缆桥架 > 电缆桥架连接件及附件,13,31,伸缩节、凸通、凹通、加劲装置、压板、隔板、导板、吊框、引下装置、弯通、支吊架专用槽钢、终端封口、连接片、隔板、马镫
1344,电气线路敷设材料,线槽,线槽,电气线路敷设材料 > 线槽 > 线槽,6,20,塑料地板线槽、塑料线槽、玻璃钢线槽、钢制线槽、铝合金地板线槽、铝合金线槽
1345,电气线路敷设材料,线槽,线槽连接件及附件,电气线路敷设材料 > 线槽 > 线槽连接件及附件,13,0,变形接头、吸墙支架、圆管接头、套装、弹簧支架、槽内角、槽外角、槽角弯、线槽盖板、线槽连接器、终端、转换框、连接头
59,电气设备及附件,其他电气设备,其他电气设备,电气设备及附件 > 其他电气设备 > 其他电气设备,34,23,C45轨道插座、C45轨道插座多用、三相整流器、功率分配器、功率补偿器、变压器固定压板、固定器、太阳能电池板、开关箱固定板、微电脑时控开关、扩音通话柱、接触器附件、整流管模块、断路器附件、晶闸管整流管混合模块、晶闸管模块、桥式整流器、测试插头、电力参数变送器、电动机保护器、电动机综合保护器、电机壳加热器、电磁调速电机控制装置、电缆分支箱、硅整流晶闸管、累时器、计数器、路灯自动控制开关、轴承加热器、辅助触头、道轨、防雨箱专用插头、齿圈加热器、齿轮加热器
1390,电气设备及附件,其他电气设备,电笛、电铃,电气设备及附件 > 其他电气设备 > 电笛、电铃,4,6,普通型电笛、普通型电铃、防爆型电笛、防爆型电铃
1381,电气设备及附件,电气元器件,中继器,电气设备及附件 > 电气元器件 > 中继器,0,0,
1374,电气设备及附件,电气元器件,互感器,电气设备及附件 > 电气元器件 > 互感器,14,0,剩余电流互感器、干式电流互感器、母线型电流互感器、气体式电压互感器、气体式电流互感器、油浸式电压互感器、油浸式电流互感器、环氧树脂浇注电压互感器、环氧树脂浇注电流互感器、电压电流组合式互感器、电容式电压互感器、电流互感器、直流电压互感器、直流电流互感器
1378,电气设备及附件,电气元器件,启动器,电气设备及附件 > 电气元器件 > 启动器,13,0,延边三角形起动器、手动星三角起动器、手动自耦减压起动器、手动起动器、数字式电机软启动器、液晶显示电机软启动器、电抗减压起动器、电磁起动器、电阻减压起动器、自动星三角起动器、自动自耦减压起动器、防爆自耦减压起动器、频敏变阻起动器
1377,电气设备及附件,电气元器件,接触器,电气设备及附件 > 电气元器件 > 接触器,5,13,交流接触器、交流真空接触器、接触器联锁模块、电磁式交流接触器、直流接触器
1384,电气设备及附件,电气元器件,整流器,电气设备及附件 > 电气元器件 > 整流器,0,0,
99,电气设备及附件,电气元器件,断路器,电气设备及附件 > 电气元器件 > 断路器,16,0,光伏专用交流断路器、光伏专用直流断路器、六氟化硫断路器、塑料外壳式断路器、小型断路器、微型断路器、框架式断路器、框架式漏电断路器、框架式直流断路器、漏电断路器、漏电断路器(剩余电流动作断路器)、直流小型断路器、直流微型断路器、真空断路器、银光式断路器、防爆断路器
1386,电气设备及附件,电气元器件,漏电保护器材,电气设备及附件 > 电气元器件 > 漏电保护器材,5,14,漏电保护器、漏电保护开关、漏电保护插座、漏电继电器、脱扣器
1385,电气设备及附件,电气元器件,熔断器,电气设备及附件 > 电气元器件 > 熔断器,4,12,有填料封闭管式快速熔断器、有填料管式熔断器、熔断器底座、高压熔断器
1376,电气设备及附件,电气元器件,电抗器、电容器,电气设备及附件 > 电气元器件 > 电抗器、电容器,16,0,云母电容器、启动电抗器、干式串联电抗器、油浸式串联电抗器、干式并联电抗器、干式限流电抗器、平波电抗器、消弧电抗器、滤波电抗器(直流、交流)、瓷介电容器、电容器、纸质电容器、薄膜电容器、试验电抗器、钽电解电容器、铝电解电容器、陶瓷电容器
1379,电气设备及附件,电气元器件,电气控制器,电气设备及附件 > 电气元器件 > 电气控制器,3,5,主令控制器、交流凸轮控制器、应急电源控制器
1383,电气设备及附件,电气元器件,电磁器件,电气设备及附件 > 电气元器件 > 电磁器件,7,18,制动电磁铁、牵引电磁铁(拉动式、推动式)、电磁摩擦式制动器、电磁涡流制动器、电磁粉末制动器、电磁锁、起重电磁铁
1382,电气设备及附件,电气元器件,电阻器、分流器,电气设备及附件 > 电气元器件 > 电阻器、分流器,11,0,合成膜电阻、固定抽头电阻器、导线分流器、敏感电阻(热敏、压敏、湿敏、光敏、气敏)、水泥电阻器、滑线电阻器、碳膜电阻器、绕组电阻器、金属氧化膜电阻器、金属玻璃铀电阻器、金属膜电阻器
1380,电气设备及附件,电气元器件,继电器,电气设备及附件 > 电气元器件 > 继电器,16,0,中间继电器、交流电磁继电器、加速度继电器、固态继电器、控制继电器、时间继电器、极化继电器、温度继电器、热继电器、电压继电器、直流电磁继电器、磁保持继电器、脉冲继电器、舌簧继电器、节能功率继电器、风速继电器
1375,电气设备及附件,电气元器件,调压器、稳压器,电气设备及附件 > 电气元器件 > 调压器、稳压器,6,0,感应自动稳压器、感应调压器、接触自动稳压器、接触调压器(环式、柱式)、磁性调压器、移圈调压器
100,电气设备及附件,电气元器件,配电开关,电气设备及附件 > 电气元器件 > 配电开关,24,0,主令开关、倒顺开关、光敏开关、凸轮开关、刀型开关、双电源切换开关、双电源自动切换开关、微动开关、投切开关、接地开关、控制与保护开关、时控开关、空气开关、组合开关、自动气压开关、负荷开关、负荷隔离开关、跌落开关、转向开关、转换开关、转换隔离开关、限位开关(行程开关)、隔离开关、隔离开关熔断器组
101,电气设备及附件,电气机械设备,发电机,电气设备及附件 > 电气机械设备 > 发电机,16,0,冲击式水轮发电机、发电机组、太阳能发电机、异步发电机、柴油发电机、柴油发电机组、水利发电机、汽油发电机、汽轮发电机、涡轮发电机、混流式水轮发电机、燃煤发电机、直流发电机、贯流式水轮发电机、轴流式水轮发电机、风力发电机
1387,电气设备及附件,电气机械设备,电动机,电气设备及附件 > 电气机械设备 > 电动机,12,0,三相异步电动机、三相永磁同步电动机、三相磁滞同步电动机、三相磁阻同步电动机、单相串励电动机、单相异步电动机、感应电动机、振动电机、无刷直流电动机、永磁式直流电动机、电磁式直流电动机、罩极式电动机
1389,电气设备及附件,电池与蓄能设备,电能储能式系列,电气设备及附件 > 电池与蓄能设备 > 电能储能式系列,0,0,
1388,电气设备及附件,电池与蓄能设备,蓄电池及附件,电气设备及附件 > 电池与蓄能设备 > 蓄电池及附件,30,2,DC/DC变换稳压电源、EPS消防应急电源、UPS不间断电源、UPS电源、三相交流稳压电源、三路直流电源、交流稳压电源、双输出直流电源、变频变压实验电源、变频变流电源、工频变频电源、晶体管直流稳压电源、电池柜、直流稳压电源、直流稳压稳流电源、碱性蓄电池、稳压电源、精密交流稳压电源、精密交直流稳压电源、胶体蓄电池、能量分配式净化电源、蓄电池、蓄电池夹、酸碱蓄电池、锌银蓄电池、锌镍蓄电池、镉银蓄电池、镉镍蓄电池、高稳直流高压电源、高精度可编程电源
1372,电气设备及附件,配电设备,变压器,电气设备及附件 > 配电设备 > 变压器,15,0,三相干式变压器、中继变压器、分裂式变压器、变压器箱、安全变压器、干式变压器、控制变压器、氟化物(蒸发冷却)变压器、油浸式变压器、照明变压器、电力变压器、组合式变压器、自耦变压器、轨道变压器、配电变压器
1371,电气设备及附件,配电设备,变频器,电气设备及附件 > 配电设备 > 变频器,0,0,
1368,电气设备及附件,配电设备,成套配电设备,电气设备及附件 > 配电设备 > 成套配电设备,3,0,低压成套配电柜、集装箱式配电室、高压成套配电柜
1370,电气设备及附件,配电设备,电气屏类,电气设备及附件 > 配电设备 > 电气屏类,5,0,交流配电屏、低压开启式配电屏(户内)、信号屏、直流电源成套装置(直流屏)、直流配电屏
1369,电气设备及附件,配电设备,电气柜类,电气设备及附件 > 配电设备 > 电气柜类,19,0,低压出线柜、低压开关柜、低压进线柜、其他电器柜、固定封闭式开关柜、固定式开关拒、手车式开关柜、抽屉式开关柜(低压抽出式开关柜)、断路器柜、消防电气控制装置柜、环网开关设备(环网柜)、组合式低压开关柜、金属铠装移开式开关柜(中置柜)、铠装固定式开关设备(固定柜)、风机控制柜、高压出线柜、高压电容器柜、高压计量柜、高压进线柜
1373,电气设备及附件,配电设备,箱式变电站,电气设备及附件 > 配电设备 > 箱式变电站,0,0,
63,电气设备及附件,配电设备,配电箱,电气设备及附件 > 配电设备 > 配电箱,16,0,三相电表箱、低压配电箱、动力配电箱、单相电表箱、双电源切换箱、回路配电箱、多媒体箱、带电表配电箱、成套配电箱、控制配电箱、插座开关箱、照明配电箱、配电柜、配电箱体、防雨箱、集中电源集中控制应急照明配电箱
1339,电线电缆及光纤光缆,光纤光缆,光纤光缆,电线电缆及光纤光缆 > 光纤光缆 > 光纤光缆,19,0,ADSS全介质自承式光缆、FM多模束状光缆、FS松套电缆、GH通信用海底光缆、GJYX通信用室内外蝶形引入光缆、GJ通信用室(局)内光缆、GJ通信用室(局)外光缆、GM通信用移动式光缆、GS通信用设备内光缆、GT通信用特殊光缆、GY通信用室(野)外光缆、MPC紧套光缆、MPO主干光缆、MPO分支光缆、OPGW光缆、主干光缆、低烟无卤阻燃光缆LSZH、同轴射频电缆、连接器用光缆
213,电线电缆及光纤光缆,其他电线电缆,其他电线电缆,电线电缆及光纤光缆 > 其他电线电缆 > 其他电线电缆,43,0,LC熔接尾纤、SC熔接尾纤、UL电线、仪表电缆、光伏电缆、升降机电缆、单导发热电缆、双导发热电缆、发热电缆、地热电缆、复合导线、复合线缆、尾纤、弹性体软电缆、扁电缆、拖链电缆、接地软线、湿热电缆、潜水泵电缆、电机引接线、电梯电缆、电焊机电缆、电除尘电缆、石墨电缆、示踪线、组合电缆、综合线、腊克线、船用电缆、行车电缆、补偿导线、话筒线、跳线、金银线、防冻电缆、防水电缆、防爆电缆、阻燃电源线、音箱线、音频线、风电动力电缆、高压绝缘线、高寿命电缆
1340,电线电缆及光纤光缆,特种电缆,特种电缆,电线电缆及光纤光缆 > 特种电缆 > 特种电缆,10,0,感温电缆、机场专用电缆、热电偶补偿电缆、耐油双绞屏蔽线、耐油线、耐高温电线电缆、防火电缆、防爆、防腐、隔离型柔性矿物绝缘防火电缆
1336,电线电缆及光纤光缆,电线电缆,充油及油浸纸绝缘电力电缆,电线电缆及光纤光缆 > 电线电缆 > 充油及油浸纸绝缘电力电缆,1,0,油浸纸绝缘电力电缆
1333,电线电缆及光纤光缆,电线电缆,控制电缆,电线电缆及光纤光缆 > 电线电缆 > 控制电缆,2,0,塑料绝缘控制电缆、橡皮绝缘控制电缆
61,电线电缆及光纤光缆,电线电缆,电力电缆,电线电缆及光纤光缆 > 电线电缆 > 电力电缆,10,0,WDZCN-YJY23、YJLHV(TC90)、YJLHV22、YJV电缆线、ZCN-YJYV22、塑料绝缘电力电缆、橡皮绝缘电力电缆、重型通用橡套电缆YC、预分支电缆、预制分支电缆连接头
1332,电线电缆及光纤光缆,电线电缆,电气装备用电线电缆,电线电缆及光纤光缆 > 电线电缆 > 电气装备用电线电缆,16,0,WDZBN-BYJY、WDZBN-RYJ(F)S、WDZC-BYJY、WDZC-RYJ(F)S、WDZCN-BYJY、信号电线电缆、公路车辆用低压电线、双绞线、地铁车辆用电缆、塑料绝缘电线、塑料绝缘软电线、塑铜线、塑铝线、安装用软电缆、橡皮绝缘电线、航空导线
1335,电线电缆及光纤光缆,电线电缆,电磁线,电线电缆及光纤光缆 > 电线电缆 > 电磁线,4,0,无机绝缘电磁线、漆包电磁线、纤维绕包电磁线、薄膜绕包电磁线
1334,电线电缆及光纤光缆,电线电缆,裸电线,电线电缆及光纤光缆 > 电线电缆 > 裸电线,39,0,CT钢母线、GJ钢绞线、JL/G1A钢芯铝绞线、JLB20A铝包钢绞线、LGJF防腐钢芯铝绞线、LGJJ加强型钢芯铝绞线、LGJK扩径钢芯铝绞、LGJQ轻型钢芯铝绞线、LGJ钢芯铝绞线、LGKK扩径钢芯铝绞线、LHAJ铝合金绞线、LHBJ钢芯铝合金绞线、LJ铝绞线、LM铝母线、LT圆铜线、LY圆铝线、TB铜扁线、TD铜带、TJ铜绞线、TM铜母线、TS铜电刷线、TY硬圆铜线、碳纤维复合芯铝绞线、稀土铝绞线、绝缘滑触线、钢铝及铝合金复合接触线、钢铝复合接触线、铜包钢圆线、铜包钢绞线、铜接触线(电车线)、铜编织带、铝包钢圆线、铝合金圆线、铝合金接触线、镀铜钢绞线、镀银软圆铜线、镀锡软圆铜线、镀锡铜绞线、镀镍软圆铜线
214,电线电缆及光纤光缆,电线电缆,计算机用电缆,电线电缆及光纤光缆 > 电线电缆 > 计算机用电缆,1,0,计算机电缆
1337,电线电缆及光纤光缆,通信电缆,信号电缆,电线电缆及光纤光缆 > 通信电缆 > 信号电缆,3,0,水质检测信号电缆、铁路信号电缆、铁路综合纽低电容信号电缆
1338,电线电缆及光纤光缆,通信电缆,同轴通信电缆,电线电缆及光纤光缆 > 通信电缆 > 同轴通信电缆,0,0,
64,电线电缆及光纤光缆,通信电缆,通信电缆,电线电缆及光纤光缆 > 通信电缆 > 通信电缆,0,0,
1124,砼、砂浆及其他配合比材料,其他配合比材料,其他配合比材料,砼、砂浆及其他配合比材料 > 其他配合比材料 > 其他配合比材料,15,0,掺灰泥、水刷石子浆、水泥浆、水泥珍珠岩浆、水泥碎石子浆、水磨石子浆、白水泥浆、白水泥石子浆、石棉水泥、石膏纸筋浆、素水泥浆、素石膏浆、纸筋灰、纸筋砂浆、麻刀灰
1123,砼、砂浆及其他配合比材料,其他配合比材料,胶泥、脂、油,砼、砂浆及其他配合比材料 > 其他配合比材料 > 胶泥、脂、油,28,0,不饱和聚酯胶泥、封缝胶、树脂结构胶、树脂胶泥、植筋胶泥、植筋锚固胶、水玻璃胶泥、沥青玛蹄脂、沥青胶泥、灌注胶、灌浆树脂、灌缝胶、灌钢胶、煤沥青冷底子油、环氧树脂胶泥、环氧玻璃鳞片胶泥、环氧胶泥、玻璃鳞片胶泥、硫磺胶泥、碳纤维、粘胶泥、粘钢胶、耐酸胶泥、聚氨酯胶泥、聚氯乙烯胶泥、轨道胶泥、防爆胶泥、防腐胶泥
1122,砼、砂浆及其他配合比材料,垫层材料,其他垫层材料,砼、砂浆及其他配合比材料 > 垫层材料 > 其他垫层材料,7,0,回填土、土夹石、水泥焦渣、水泥石灰焦渣、焦渣、石灰焦渣、粘土垫层
1121,砼、砂浆及其他配合比材料,垫层材料,多合土垫层,砼、砂浆及其他配合比材料 > 垫层材料 > 多合土垫层,12,0,水泥碎石四合土、水泥碎砖四合土、水泥稳定土混合料、水泥蛭石、炉渣四合土、石灰水泥炉渣、石灰矿渣、石灰砂碎石三合土、石灰砂碎石四合土、石灰碎砖三合土、石灰碎砖四合土、砾石三合土
1120,砼、砂浆及其他配合比材料,垫层材料,灰土垫层,砼、砂浆及其他配合比材料 > 垫层材料 > 灰土垫层,0,0,
1114,砼、砂浆及其他配合比材料,预拌混凝土,再生骨料混凝土,砼、砂浆及其他配合比材料 > 预拌混凝土 > 再生骨料混凝土,0,0,
16,砼、砂浆及其他配合比材料,预拌混凝土,普通混凝土,砼、砂浆及其他配合比材料 > 预拌混凝土 > 普通混凝土,8,3,低流动性混凝土、半干硬性混凝土、塑性混凝土、干硬性混凝土、无砂混凝土、砾石混凝土、碎石混凝土、豆石混凝土
184,砼、砂浆及其他配合比材料,预拌混凝土,沥青混凝土,砼、砂浆及其他配合比材料 > 预拌混凝土 > 沥青混凝土,13,0,乳化沥青混凝土、再生沥青混凝土、多碎石沥青混凝土、彩色沥青混凝土、改性沥青彩色混凝土、改性沥青混凝土、普通沥青彩色混凝土、普通沥青混凝土、橡胶沥青混凝土、沥青碎石混合料、温拌沥青混凝土、环氧沥青混凝土、透水沥青混凝土
1116,砼、砂浆及其他配合比材料,预拌混凝土,特种混凝土,砼、砂浆及其他配合比材料 > 预拌混凝土 > 特种混凝土,44,0,不发火混凝土、保温混凝土、发光混凝土、微膨胀混凝土、抗冻混凝土、抗折混凝土、抗渗混凝土、抗硫混凝土、抗裂混凝土、抗裂纤维混凝土、抗震泡沫混凝土、抗震混凝土、水下混凝土、水玻璃混凝土、清水混凝土、砂浆混凝土、硫磺混凝土、碾压混凝土、纤维抗渗混凝土、缓凝混凝土、耐久混凝土、耐油混凝土、耐火混凝土、耐碱混凝土、耐磨混凝土、聚合物混凝土、膨胀混凝土、超流态混凝土、透水混凝土、速凝混凝土、重晶石混凝土、钢渣混凝土、钢纤维混凝土、铁屑混凝土、防冻混凝土、防水混凝土、防腐混凝土、防腐阻锈混凝土、防辐射混凝土、阻锈混凝土、预应力混凝土、高延性混凝土、高延性防水抗裂复合材料、高性能混凝土
1113,砼、砂浆及其他配合比材料,预拌混凝土,纤维混凝土,砼、砂浆及其他配合比材料 > 预拌混凝土 > 纤维混凝土,0,0,
1115,砼、砂浆及其他配合比材料,预拌混凝土,自密实混凝土,砼、砂浆及其他配合比材料 > 预拌混凝土 > 自密实混凝土,0,0,
1112,砼、砂浆及其他配合比材料,预拌混凝土,轻骨料混凝土,砼、砂浆及其他配合比材料 > 预拌混凝土 > 轻骨料混凝土,16,0,加气混凝土、泡沫混凝土、浮石混凝土、火山渣混凝土、炉(煤)渣混凝土、煤矸石混凝土、珊瑚岩混凝土、石灰质贝壳岩混凝土、石膏混凝土、粉煤灰陶粒混凝土、粘土陶粒混凝土、膨胀珍珠岩混凝土、轻质水泥混凝土、轻集料混凝土、陶粒混凝土、页岩陶粒混凝土
1119,砼、砂浆及其他配合比材料,预拌砂浆,其他砂浆,砼、砂浆及其他配合比材料 > 预拌砂浆 > 其他砂浆,39,0,中等保水性地面砂浆、中等保水性抹灰砂浆、中等保水性砌筑砂浆、低保水性地面砂浆、低保水性抹灰砂浆、低保水性砌筑砂浆、内墙光面腻子、内墙增强型耐水腻子、内墙找平腻子、内墙耐水腻子、外墙光面腻子灰色、外墙找平腻子灰色、安墙宝内墙光面腻子、安墙宝内墙耐水光面腻子、安墙宝外墙平涂专用腻子灰色、安墙宝外墙柔性平涂专用腻子灰色、安墙宝外墙柔性质感专用腻子灰色、安墙宝外墙质感专用腻子灰色、干拌地面水泥砂浆、干拌抹灰水泥砂浆、无机防霉墙宝、柔性耐水光面腻子灰色、柔性耐水找平腻子灰色、水泥石灰砂浆、水泥石膏砂浆、水泥石英砂砂浆、水泥砂浆、润泵砂浆、润管砂浆、混合砂浆、湿拌抹灰水泥砂浆、湿拌砌筑水泥砂浆、盾构砂浆、石灰石配套聚合物砂浆、粘土砂浆、质感配套专业找平砂浆、高保水性地面砂浆、高保水性抹灰砂浆、高保水性砌筑砂浆
18,砼、砂浆及其他配合比材料,预拌砂浆,干混砂浆,砼、砂浆及其他配合比材料 > 预拌砂浆 > 干混砂浆,0,0,
1117,砼、砂浆及其他配合比材料,预拌砂浆,湿拌砂浆,砼、砂浆及其他配合比材料 > 预拌砂浆 > 湿拌砂浆,0,0,
1118,砼、砂浆及其他配合比材料,预拌砂浆,特种砂浆,砼、砂浆及其他配合比材料 > 预拌砂浆 > 特种砂浆,47,0,不发火水泥砂浆、不发火沥青砂浆、不饱和聚酯砂浆、保温砂浆、修补砂浆、加固砂浆、勾缝砂浆、填充砂浆、彩色砂浆、微膨胀砂浆、抗裂砂浆、抹面砂浆、抹面胶浆、支座砂浆、新型砂浆、早强砂浆、水玻璃砂浆、沥青砂浆、环氧树脂砂浆、环氧煤焦油砂浆、环氧砂浆、界面砂浆、硫酸钡砂浆、粘结砂浆、纤维砂浆、耐油砂浆、耐火砂浆、耐热砂浆、耐碱砂浆、耐磨地坪砂浆、耐腐蚀砂浆、耐酸砂浆、聚合物砂浆、胶粉聚苯颗粒砂浆、自流平砂浆、补偿收缩砂浆、装饰砂浆、超早强砂浆、重力砂浆、重晶石砂浆、钢屑砂浆、钢纤维砂浆、防冻砂浆、防水砂浆、防辐射砂浆、防静电水泥砂浆、隔音砂浆
1256,管件及管道用器材,其他管件,其他管件,管件及管道用器材 > 其他管件 > 其他管件,104,0,100°弯头、101°弯头、102.7°弯头、106°弯头、109.7°弯头、111°弯头、112.7°弯头、138°弯头、173.7°弯头、174°弯头、175°弯头、176°弯头、177°弯头、178°弯头、43°弯头、45°带直管弯头、90.7°弯头、90°带直管弯头、93.3°弯头、94.7°弯头、98.7°弯头、Y形三通、丝接异径三通、丝接异径四通、丝接异径管、丝接机械三通、丝接机械四通、丝接转换法兰、其它连接方式转换接头、内外螺母(补芯)、内接头(外螺纹直通)、内螺纹三通、内螺纹弯头、内螺纹直通、内螺纹转换接头、刚性管接头、反边接头、变径、可调直通、固定节、外接头(直通)、外螺纹三通、外螺纹弯头、外螺纹转换接头、带直管弯头、带直管直通、开片器、异径45°弯头、异径90°弯头、异径中大三通、异径中小三通、异径内接头(外螺纹直通)、异径外接头(直通)、弯管簧、快速管堵节、抢修器、机械三通下片、柔性管接头、检查口螺帽、沟槽11.25°弯头、沟槽11.5°弯头、沟槽15°弯头、沟槽22.5°弯头、沟槽30°弯头、沟槽45°弯头、沟槽5°弯头、沟槽7°弯头、沟槽8°弯头、沟槽90°弯头、沟槽H管、沟槽M管、沟槽偏心异径管、沟槽分体法兰、沟槽同心异径管、沟槽堵头、沟槽异径三通、沟槽异径四通、沟槽式法兰短管、沟槽斜三通、沟槽斜四通、沟槽机械三通、沟槽机械四通、沟槽正三通、沟槽正四通、沟槽法兰、沟槽盲板、沟槽转换法兰、沟槽顺水三通、油任垫、注浆波纹管磁性吸盘、热收缩套、热收缩带、电热熔带、等径弯头、等径直通、管堵(塞头)、管子夹(管码)、管道封堵器、胀塞、螺旋降噪器、螺母移动转换接头、螺纹偏心异径管、螺纹同心异径管、阀兰转换接头
1242,管件及管道用器材,塑料管件,塑料管件,管件及管道用器材 > 塑料管件 > 塑料管件,18,0,47°弯头、88º三通、PVC-C消防专用管道、偏心异径套、卡子直通、双联三通、双联弯头、双联直接、平面四通、异径七通、异径九通、异径十通、异径套、正七通、正五通、滤帽、管托、防漏环
1247,管件及管道用器材,复合管件,钢塑复合管件,管件及管道用器材 > 复合管件 > 钢塑复合管件,18,0,11.5°弯头、内丝三通、内丝弯头、内丝接头、内丝活接、内接头、内胀管套、外丝三通、外丝弯头、外丝接头、外丝活接、外接头、抢修接头、热熔接头、直通、管套、绕曲管、连接短管
1255,管件及管道用器材,管道用器材,其他管道用器材,管件及管道用器材 > 管道用器材 > 其他管道用器材,5,0,减压孔板、消火栓减压孔板、管道减压孔板、节流孔板、限流孔板
1254,管件及管道用器材,管道用器材,套管,管件及管道用器材 > 管道用器材 > 套管,2,0,刚性防水套管、柔性防水套管
1253,管件及管道用器材,管道用器材,抗震支架,管件及管道用器材 > 管道用器材 > 抗震支架,0,0,
1252,管件及管道用器材,管道用器材,管卡、管箍,管件及管道用器材 > 管道用器材 > 管卡、管箍,28,0,U型管卡、不锈钢皮码、中脚管卡、低脚管卡、单立管卡、卡箍、双立管卡、吊卡、吊装管卡、四孔管卡、地埋卡、堵漏卡子、塑料管卡、带杆管卡、带钉管卡、托卡、扣座、排式管卡、方管管卡、无钉管卡、柔口卡子、法兰管卡、爆炸管卡、膨胀管卡、软管卡子、金属管卡、鞍型管卡、高脚管卡
1248,管件及管道用器材,管道用器材,管接头,管件及管道用器材 > 管道用器材 > 管接头,0,0,
221,管件及管道用器材,管道用器材,管道支架、吊架,管件及管道用器材 > 管道用器材 > 管道支架、吊架,13,0,刚性支吊架、可变弹簧支吊架、可调刚性支吊架、吸水喇叭口支架、固定支架、导向支架、弹簧减振吊架、恒力弹簧支吊架、承重支吊架、组合型碟簧支吊架、防振支架、限位支架、限制性支吊架
1251,管件及管道用器材,管道用器材,补偿器及软接头,管件及管道用器材 > 管道用器材 > 补偿器及软接头,52,0,万向铰链波纹补偿器、不锈钢波纹管补偿器、不锈钢波纹补偿器、不锈钢软接头、伸缩器、伸缩接头、免维护旋转补偿器、内外压力平衡波纹补偿器、内外压平衡补偿器、单法兰传力伸缩节、压盖式套筒补偿器、双法兰传力伸缩节、填料式补偿器、大拉杆横向波纹补偿器、大拉杆横向补偿器、天然气波纹补偿器、套筒式补偿器、小拉杆横向波纹补偿器、带检查口伸缩节、平面铰链波纹补偿器、快速伸缩接、方形(矩形)补偿器、无推力套筒补偿器、无约束波纹补偿器、无约束补偿器、板盒补偿器、横管伸缩节、橡胶软接头、法兰套筒伸缩器、法兰波纹补偿器、法兰限位伸缩器、波纹管膨胀节、波纹管补偿器、波纹补偿器、注填式套筒补偿器、球型补偿接头、直埋内压型补偿器、直埋内压式波纹补偿器、直埋单向内压式、直埋双向内压式、直埋外压型补偿器、直埋外压式波纹补偿器、直埋波纹补偿器、直管压力平衡式波纹补偿器、碳钢软接头、简易伸缩节、螺口伸缩节、螺纹伸缩节、轴向复式补偿器、轴向外压波纹补偿器、通用型补偿器、金属补偿器
1250,管件及管道用器材,管道用器材,过滤器,管件及管道用器材 > 管道用器材 > 过滤器,33,0,T型过滤器、Y型丝扣过滤器、Y型过滤器、三通过滤器、不锈钢丝口过滤器、不锈钢过滤器、伸缩拉杆过滤器、伸缩过滤器、低压过滤器、反冲洗过滤器、塑料过滤器、微孔过滤器、手摇刷式过滤器、扩散过滤器、拉杆过滤器、沟槽过滤器、法兰过滤器、烘冲过滤器、管道过滤器、篮式过滤器、自动冲洗排污过滤器、自动刷式过滤器、自动反冲洗排污过滤器、自动排污过滤器、袋式过滤器、角型整流过滤器、角式反冲洗过滤器、铜丝口过滤器、铜丝扣过滤器、铜过滤器、铸钢过滤器、锥形过滤器、高压过滤器
1249,管件及管道用器材,管道用器材,阻火器,管件及管道用器材 > 管道用器材 > 阻火器,4,0,氧气阻火器、波纹阻火器、管道阻火器、网型(园片型)阻火器
1244,管件及管道用器材,金属管件,不锈钢管件,管件及管道用器材 > 金属管件 > 不锈钢管件,5,0,U型管、三通弯头、其它管件、无缝弯头、翻边接头
1243,管件及管道用器材,金属管件,钢管管件,管件及管道用器材 > 金属管件 > 钢管管件,2,0,吸水喇叭口、法兰短节
1246,管件及管道用器材,金属管件,铜、铜合金管件,管件及管道用器材 > 金属管件 > 铜、铜合金管件,4,0,F管、内外丝、分歧管、格林接头
1245,管件及管道用器材,金属管件,铸铁管件,管件及管道用器材 > 金属管件 > 铸铁管件,63,0,88°门弯、90°四通、TY三通、TY四通、T三通、T四通、Y三通、Y四通、Y型透气管、三承三通、三盘三通、三通哈夫节、两合三通、乙字弯、全承45°斜三通、全盘45°斜三通、内外丝弯头、压盖、双承乙字管、双承单支盘底三通、双承双盘四通、双承套筒、双承弯头、双承渐缩、双插压盘、双插双承四通、双盘弯头、双盘渐缩、双盘短管、变径接头、四承四通、四盘四通、外丝、夹管三通、套袖、尾接管、异径管、承套、承插全承三通、承插单支承三通、承插单支盘三通、承插双承四通、承插弯头、承插渐缩、承插短管、承盘四通、承盘渐缩、承重管、机械四通、根母、消能弯、瓶颈三通、盘承弯管、盘承短管(管甲)、盘插弯头、盘插短管(管乙)、竖管支架、等径五通、等径六通、羊角弯头、过桥弯头、速连管箍、鸭脚弯头
30,管材,其他管材,其他管材,管材 > 其他管材 > 其他管材,47,0,PE排污用牵引管、PVC编织管、不锈钢编织软管、井点管、井筒管、伸缩管、塑套钢保温管、声测管、尼龙丝编织管、岩心管、岩棉保温管、总管、普通陶瓷管、法兰墙管、测压管、涤纶编制管、滤管、灌浆管、煤气管、玻璃棉保温管、盾构用钢管、石油套管、石英玻璃管、硅橡胶玻纤编织管、硅胶玻璃纤维管、紫外光固化玻璃纤维软管、纯铅管、纯镍管、罐壁接合管、罐顶接合管、耐磨陶瓷管、耐酸陶瓷管、聚乙烯直埋保温管、聚氨酯直埋保温管、聚酯纤维编织管、钛合金无缝管、钛焊接管、钢套钢保温管、铅锑合金管、铜编织网管、铝合金丝编织网管、镍制无缝管、镍合金管、陶土管、陶瓷管、高硼硅玻璃管、黄腊管
28,管材,塑料管材,塑料管,管材 > 塑料管材 > 塑料管,120,0,(SPCP-PE)实壁管骨架塑料复合管、ABS丙稀睛-丁二烯-笨乙烯共聚物管、AGR丙烯酸共聚聚氯乙烯管、ASA管、BE-HT管、CFPP碳纤维复合增强波纹管、CFRP碳素波纹管、CPVC氯化聚氯乙烯管、EVAL管、EVAL阻氧采暖管、FPPE增强改性聚丙烯排水管、FRPE(玻纤增强聚乙烯)静音排水管、FRPP双壁波纹管、FRPP钢带増强缠绕管、FRPP静音管、HBMPP加筋增强双壁波纹管、HDMP高密度增强双壁波纹管、HDMP高密度承插式增强复合管、HDPE中空壁塑钢缠绕管、HDPE中空壁渗透管、HDPE中空壁缠绕管、HDPE双壁波纹管、HDPE双平壁中空螺旋管、HDPE双平壁缠绕管、HDPE增强型网状结构壁管、HDPE复合实壁顶管、HDPE实壁管、HDPE开挖复合实壁管、HDPE改性六棱结构壁管、HDPE波纹管、HDPE纤维增强双壁缠绕管、HDPE缠绕实壁管、HDPE缠绕结构管、HDPE轴向中空结构壁管、HDPE钢塑复合缠绕管、HDPE钢带增强波纹管、HDPE钢带增强螺旋波纹管、HDPE钢带波纹管、HDPE静音管、HDPE非开挖管、HDPE高密度聚乙烯双壁波纹管、HDPE高韧性同层排水管、HRPT中空壁塑钢缠绕管、HRS高层排水管、HRS高层雨水管、HTPP静音排水管、MPVE环保双壁波纹管、MUHDPE合金应力支架结构壁缠绕管、MUHDPE合金管、MUMPP双壁波纹管、PA尼龙管、PE-RTII型管、PE-RT阻氧采暖管、PE-Xa管、PE-Xb管、PE-Xc管、PE-X管、PEX-b交联聚乙烯管、PE中空壁缠绕管、PE单壁螺旋波纹管、PE双壁波纹管、PE缠绕结构管、PE钢塑复合缠绕管、PE钢带増强螺旋波纹管、PP-B管、PP-HM双壁波纹管、PP双高筋增强聚乙烯(HDPE)缠绕管、PP实壁螺旋管、PP聚丙烯管、PP静音管、PP骨架增强螺旋波纹管、PVAS合金高强度双壁波纹管、PVC-JF节能环保抗冲击排水管、PVC-M双壁波纹管、PVC-M管、PVC-O管、PVC-P管、PVC-S高强度聚氯乙烯管、PVC-UH排污排水管、PVC-UH给水管、PVC-U管、PVC-U聚氯乙烯增强缠绕管、PVC中空螺旋管、PVC加筋管、PVC双壁波纹管、PVC增强管、PVC实壁螺旋管、PVC芯层发泡管、PVR管、RCS屋面雨水排放管、SDCR-PE无缝双腔增强塑料排水管、UHMW超高分子量聚乙烯塑钢缠绕排水管、UPE高分子聚乙烯管、UPVC中空消音管、UPVC中空螺旋消音管、UPVC加强型螺旋管、UPVC加筋管、UPVC单壁波纹管、UPVC双壁波纹管、UPVC塑料管、UPVC实壁消音管、UPVC排水管、UPVC排污管、UPVC给水管、UPVC芯层发泡管、UPVC螺旋消音管、UPVC钢塑复合缠绕管、UPVC雨水管、不锈钢波纹管、内肋增强聚乙烯(PE)螺旋波纹管、双层轴向中空壁管、双高筋增强聚乙烯(HDPE)缠绕管、复合聚乙烃DRPO钢塑增强缠绕管、排水管、水平管、特钢地暖管、纳米改性高密度聚乙烯(MUHDPE)合金管、预应力HDPE塑料波纹管、高强度聚氯乙烯双壁波纹管、高筋(PP)增强聚乙烯缠绕管
1230,管材,塑料管材,玻璃钢管,管材 > 塑料管材 > 玻璃钢管,5,0,普通玻璃钢管、玻璃钢保温管、玻璃钢夹砂管、玻璃钢工艺管、玻璃钢电缆导管
29,管材,复合管材,复合管,管材 > 复合管材 > 复合管,61,1,2PE防腐钢管、3PE防腐钢管、8710防腐钢管、ABS塑钢复合管、CGR连续玻纤增强聚乙烯复合管、DF-SRTP钢丝网骨架塑料复合管、DREC双层加肋双色增强复合管、FPP-R纤维增强管、FRPE管、FRPP异形肋模压排水管、FRPP管、HDMP高密度增强复合管、HDPE双层钢带热熔复合管、HDPE钢丝网骨架复合管、HDPP双层钢带复合管、HI-PPR复合管、HI-PPR抗菌管、PAP铝塑复合管、PE-RT保温复合管、PE-RT铝塑复合稳态管、PE-RT铝塑复合管、PE钢丝网骨架复合管、PE钢塑复合稳态管、PE铝塑复合管、PPR塑铝稳态复合管、PPR玻纤增强复合管、PPR玻纤稳态复合管、PPR瓷心复合管、PPR钢塑复合管、PPR铅塑复合管、PPR铝塑复合管、PP三层壁增强复合管、PSP钢塑复合管、PVC合芯层结构壁纤维复合管、PVC钢丝骨架复合管、RAP铝塑复合管、RESP钢塑复合管、RPAP5铝塑复合管、RPM管、SNP不锈钢塑料复合管、SRCP钢丝网增强聚乙烯复合管、SRTP钢丝网骨架塑料复合管、TPEP防腐钢管、不锈钢树脂复合管、不锈钢碳素复合管、塑料混凝土复合管、增强玻璃钢复合管、外环氧煤沥青防腐钢管、孔网钢带聚乙烯复合管、无机纤维增强复合双壁波纹管、水泥砂浆防腐钢管、玻璃钢不锈钢复合管、玻璃钢混凝土复合管、胶粘式复合钢板螺旋焊管、衬塑复合管、钢丝网骨架复合管、钢塑复合管、钢骨架聚乙烯塑料复合管、钢骨架聚乙烯复合管、铜塑复合管、铝合金衬塑PETR复合管
1241,管材,复合管材,衬里管,管材 > 复合管材 > 衬里管,30,0,KCG(C型)纤维增强衬塑复合管、MPVC/FRP聚强衬塑复合管、内外涂塑复合钢管、内外涂塑无缝钢管、内外涂塑钢管、内外涂塑镀锌无缝钢管、内外涂塑镀锌钢管、内外涂覆复合钢管、内涂塑无缝钢管、内涂塑钢管、内涂塑镀锌无缝钢管、内涂塑镀锌钢管、内衬外覆防腐钢塑管、内衬球墨铸铁管、外涂塑钢管、涂塑钢塑复合管、热塑成型(FIPP)衬管、玻璃钢内衬不锈钢管、衬不锈钢镀锌钢管、衬塑不锈钢管、衬塑复合钢管、衬塑无缝钢管、衬塑焊接钢管、衬塑铝合金管、衬塑镀锌无缝钢管、衬塑镀锌钢管、衬橡胶镀锌钢管、衬陶瓷镀锌钢管、覆塑不锈钢管、覆塑铜管
1240,管材,橡胶管材,橡胶管,管材 > 橡胶管材 > 橡胶管,13,0,夹布喷砂胶管、夹布空气胶管、夹布输水胶管、夹布输油胶管、夹布输稀酸、碱胶管、棉线缠绕胶管、橡胶软管、纤维增强氟硅胶管、纤维编织高压橡胶管、蒸汽胶管、钢丝缠绕胶管、高压油管、高压钢丝编制胶管
26,管材,混凝土管,混凝土管,管材 > 混凝土管 > 混凝土管,19,0,无砂混凝土管、水泥管、混凝土排水管、混凝土电力管、石棉水泥管、自应力钢筋混凝土管(SPCP)、钢筋混凝土企口管、钢筋混凝土企口顶管、钢筋混凝土内衬式排水管、钢筋混凝土平口管、钢筋混凝土承插口管、钢筋混凝土排水管、钢筋混凝土柔性企口开槽管、钢筋混凝土柔性钢承口顶管、钢筋混凝土管、钢筋混凝土给水管、预应力钢筋混凝土管(PCP)、预应力钢筒混凝土内衬式管(PCCPL)、预应力钢筒混凝土管(PCCP)
1232,管材,金属管材,不锈钢管,管材 > 金属管材 > 不锈钢管,4,0,不锈钢无缝钢管、不锈钢焊接钢管、不锈钢钢板卷管、薄壁不锈钢管
1237,管材,金属管材,冷波纹管,管材 > 金属管材 > 冷波纹管,0,0,
1234,管材,金属管材,异型钢管,管材 > 金属管材 > 异型钢管,8,0,三角形管、冷拔六角形钢管、冷拔椭圆形钢管、冷拔直角梯形钢管、正五边形管、菱形管、螺旋缝焊接钢管、螺旋钢管
1233,管材,金属管材,无缝钢管,管材 > 金属管材 > 无缝钢管,8,0,冷拔无缝钢管、冷轧合金钢无缝钢管、冷轧无缝钢管、冷轧碳钢无缝钢管、热扩无缝钢管、热轧合金钢无缝钢管、热轧无缝钢管、热轧碳钢无缝钢管
27,管材,金属管材,焊接钢管,管材 > 金属管材 > 焊接钢管,4,0,合金钢焊接钢管、合金钢钢板卷管、普碳焊接钢管、普碳钢板卷管
1236,管材,金属管材,金属波纹管,管材 > 金属管材 > 金属波纹管,10,0,不锈钢金属波纹管、不锈钢预应力波纹管、碳钢法兰波纹管、碳钢预应力波纹管、紫铜波纹管、钢波纹管、铍青铜波纹管、锡青铜波纹管、镀锌预应力波纹管、黄铜波纹管
1235,管材,金属管材,金属软管,管材 > 金属管材 > 金属软管,6,0,不锈钢金属软管、碳钢金属软管、紫铜金属波纹软管、钢丝软管、铝镁合金金属软管、黄铜金属波纹软管
1239,管材,金属管材,铜管、铜合金管,管材 > 金属管材 > 铜管、铜合金管,12,0,DT铜管、保温胶铜管、包塑紫铜管、无缝紫铜管、紫铜管、铜扁管、铜板卷管、铜毛细管、青铜焊接管、黄铜焊接管、黄铜管、黄铜花纹管
1238,管材,金属管材,铝管,管材 > 金属管材 > 铝管,6,0,铝合金圆管、铝合金滴形管、铝圆管、铝方管、铝滴形管、铝矩形管
121,管材,金属管材,铸铁管,管材 > 金属管材 > 铸铁管,2,0,铸铁排水管、铸铁给水管
1231,管材,金属管材,镀锌钢管,管材 > 金属管材 > 镀锌钢管,5,0,不锈钢矩形管、热镀锌矩形管、碳钢矩形管、镀锌无缝钢管、镀锌焊接钢管
10016,绝热（保温）、耐火材料,保温绝热材料,保温结构一体板,绝热（保温）、耐火材料 > 保温绝热材料 > 保温结构一体板,0,0,
10005,绝热（保温）、耐火材料,保温绝热材料,保温装饰一体板,绝热（保温）、耐火材料 > 保温绝热材料 > 保温装饰一体板,0,0,
222,绝热（保温）、耐火材料,保温绝热材料,其他绝热材料,绝热（保温）、耐火材料 > 保温绝热材料 > 其他绝热材料,52,0,ASG新型无机复合保温板、BS防火保温板、EPS保温模块、GPES保温板、GPIR高性能保温板、JD-STP真空绝热保温板、PE保温管、QXD复合保温外模板、QX复合保温外模板、QX高性能阻隔式保温板、STT防火保温板、中空玻化微珠、二氧化硅真空绝热板、交联PE保温套管、保温装饰一体化板、微孔硅酸钙、改性酚醛板、无机发泡板、无机复合保温板、无机活性墙体隔热保温材料、无机硅钙保温板、无机纤维喷涂、无机纤维喷涂保温板、气凝胶毡、水泥发泡保温板、混凝土无极发泡板、玻化微珠复合保温板、玻化微珠颗粒、玻璃丝棉真空绝热板、玻璃钢、玻镁防火保温板、珠光砂、真空绝热板、真金板、真铝保温套管、硅岩防火保温板、硫氧镁防火保温板、碳纤维模块保温板、纤维增强镁质板材、耐高温(隔热)板、聚合物保温板、自控相变保温材料、酚醛复合保温板、酚醛复合保温管壳、酚醛板、酚醛板大模内置、酚醛泡沫板、酚醛隔离带、铝箔塑料贴面板、铝镁质保温板、铝镁质保温管、防水保温一体化板
1188,绝热（保温）、耐火材料,保温绝热材料,发泡陶瓷制品,绝热（保温）、耐火材料 > 保温绝热材料 > 发泡陶瓷制品,1,0,发泡陶瓷墙板
1195,绝热（保温）、耐火材料,保温绝热材料,复合硅酸盐绝热材料,绝热（保温）、耐火材料 > 保温绝热材料 > 复合硅酸盐绝热材料,11,0,复合硅酸盐毡、复合硅酸盐管壳、复合硅酸盐软质板、复合硅酸镁涂料、硅酸钙管壳、硅酸钙绝热材料、硅酸铝保温材料、硅酸铝棉板、硅酸铝毯、硅酸铝管、硅酸铝针刺毡
37,绝热（保温）、耐火材料,保温绝热材料,岩棉及其制品,绝热（保温）、耐火材料 > 保温绝热材料 > 岩棉及其制品,15,0,岩棉卷毡、岩棉复合板、岩棉带、岩棉条、岩棉板、岩棉毡、岩棉管、岩棉管壳、岩棉隔离带、憎水岩棉板、玄武岩棉板、网织增强岩棉板、铝箔岩棉板、防水岩棉板、防火岩棉板
1191,绝热（保温）、耐火材料,保温绝热材料,挤塑聚苯乙烯泡沫塑料（XPS）制品,绝热（保温）、耐火材料 > 保温绝热材料 > 挤塑聚苯乙烯泡沫塑料（XPS）制品,4,0,挤塑复合保温板、挤塑板、石墨挤塑板、阻燃挤塑板
1193,绝热（保温）、耐火材料,保温绝热材料,柔性泡沫橡塑制品,绝热（保温）、耐火材料 > 保温绝热材料 > 柔性泡沫橡塑制品,24,0,EPE聚乙烯泡沫塑料、PEF高压聚乙烯板、三聚氰胺泡沫塑料、乙烯泡沫塑料、彩色橡塑板、彩色橡塑管壳、橡塑保温板、橡塑保温棉、橡塑保温管壳、橡塑发泡保温板、橡塑发泡保温管壳、橡塑复合保温板、橡塑复合保温管壳、泡沫塑料瓦块、泡沫防潮纸、聚乙烯闭孔板、聚乙烯闭孔泡沫板、聚异氰脲酸脂泡沫塑料、聚氯乙烯泡沫塑料板、聚氯乙烯泡沫塑料管壳、聚酯乙烯泡沫塑料、脲醛泡沫塑料、铝箔橡塑板、铝箔橡塑管壳
1190,绝热（保温）、耐火材料,保温绝热材料,模塑聚苯乙烯泡沫塑料（EPS）制品,绝热（保温）、耐火材料 > 保温绝热材料 > 模塑聚苯乙烯泡沫塑料（EPS）制品,12,0,复合聚苯板、改性聚苯板、热固型改性聚苯板、热固性聚苯板、石墨聚苯板、石膏聚苯板、硅质改性聚苯板、聚合聚苯板、聚苯板、膨胀聚苯板、钢丝网架聚苯板、阻燃聚苯板
1194,绝热（保温）、耐火材料,保温绝热材料,泡沫玻璃制品,绝热（保温）、耐火材料 > 保温绝热材料 > 泡沫玻璃制品,4,0,泡沫玻璃板、泡沫玻璃瓦块、泡沫玻璃管、环氧玻璃板
1186,绝热（保温）、耐火材料,保温绝热材料,玻璃棉及其制品,绝热（保温）、耐火材料 > 保温绝热材料 > 玻璃棉及其制品,22,0,普通玻璃棉、沥青玻璃棉板、沥青玻璃棉管壳、环氧玻璃纤维板、玻璃丝、玻璃布、玻璃棉复合板、玻璃棉板、玻璃棉毡、玻璃棉管壳、玻璃纤维保温板、离心玻璃棉板、离心玻璃棉毡、离心玻璃棉管壳、超细玻璃棉板、超细玻璃棉管壳、铝箔玻璃棉卷毡、铝箔玻璃棉板、铝箔玻璃棉管壳、铝箔离心玻璃棉板、铝箔离心玻璃管壳、高硅氧玻璃棉
1197,绝热（保温）、耐火材料,保温绝热材料,石棉及其制品,绝热（保温）、耐火材料 > 保温绝热材料 > 石棉及其制品,15,0,石棉、石棉垫、石棉布、石棉带、石棉板、石棉毡、石棉泥、石棉灰、粉、石棉管壳、石棉纸、石棉线、石棉绒、石棉绳、石棉网、石棉衬板
1185,绝热（保温）、耐火材料,保温绝热材料,矿渣棉及其制品,绝热（保温）、耐火材料 > 保温绝热材料 > 矿渣棉及其制品,5,0,沥青矿渣棉毡、矿渣棉、矿渣棉板、矿渣棉毡、矿渣棉管壳
1196,绝热（保温）、耐火材料,保温绝热材料,硅藻土及其制品,绝热（保温）、耐火材料 > 保温绝热材料 > 硅藻土及其制品,7,0,硅藻土保温板块、硅藻土保温管壳、硅藻土孰料粉、硅藻土灰、硅藻土生料粉、硅藻土石棉灰、硅藻土隔热砖
1189,绝热（保温）、耐火材料,保温绝热材料,硬质聚氨酯板泡沫塑料,绝热（保温）、耐火材料 > 保温绝热材料 > 硬质聚氨酯板泡沫塑料,11,0,硬泡聚氨酯复合板、硬泡聚氨酯板、硬泡聚氨酯管壳、聚氨酯发泡板、聚氨酯发泡管壳、聚氨酯喷涂、聚氨酯复合板、聚氨酯板、聚氨酯泡沫塑料板、聚氨酯泡沫塑料管壳、聚氨酯瓦
1187,绝热（保温）、耐火材料,保温绝热材料,膨胀珍珠岩及其制品,绝热（保温）、耐火材料 > 保温绝热材料 > 膨胀珍珠岩及其制品,10,0,无机珍珠岩板、水泥珍珠岩板、沥青珍珠岩块、珍珠岩、珍珠岩保温板、珍珠岩水泥板、珍珠岩砂、膨胀珍珠岩、膨胀珍珠岩块、膨胀珍珠岩防火板
1192,绝热（保温）、耐火材料,保温绝热材料,膨胀蛭石散材及其制品,绝热（保温）、耐火材料 > 保温绝热材料 > 膨胀蛭石散材及其制品,8,0,水泥膨胀蛭石、水泥膨胀蛭石板、水玻璃膨胀蛭石、石棉硅藻土蛭石制品、石棉蛭石制品、耐火粘土蛭石制品、膨胀蛭石、蛭石
202,绝热（保温）、耐火材料,电伴热带、缆,电伴热带、缆,绝热（保温）、耐火材料 > 电伴热带、缆 > 电伴热带、缆,11,0,中温宽型电伴热带、中温通用性电伴热带、伴热带、低温宽型电伴热带、低温通用型电伴热带、水管电伴热保温、温控伴热电缆、自限温电热带、采暖自控温电伴热带、高温款型电伴热带、高温通用型电伴热带
1203,绝热（保温）、耐火材料,耐火材料,不定形耐火材料,绝热（保温）、耐火材料 > 耐火材料 > 不定形耐火材料,15,0,保温抹面料、保温毡、保温浇注料、刚玉质耐火浇注料、硅玻钛布、硅酸铝纤维卷材、硅酸铝针刺管、粘土质耐火浇注料、耐火捣打料、耐火浇注料、耐磨耐火可塑料、莫来石质耐火浇注料、轻质浇注料、隔热耐火浇注料、高铝质耐火浇注料
125,绝热（保温）、耐火材料,耐火材料,其他耐火材料,绝热（保温）、耐火材料 > 耐火材料 > 其他耐火材料,11,0,无机防火堵料、有机防火堵料、玻镁防火板、蛭石防火板、钢复合防爆防火板、防火板、阻火包、阻火圈、阻燃液、高硅布、高硅氧棉
1201,绝热（保温）、耐火材料,耐火材料,其他耐火砖,绝热（保温）、耐火材料 > 耐火材料 > 其他耐火砖,7,0,漂珠砖、烧结刚玉砖、电熔刚玉砖、白云石砖、白刚玉砖、石墨砖、碳砖
1198,绝热（保温）、耐火材料,耐火材料,硅质耐火砖,绝热（保温）、耐火材料 > 耐火材料 > 硅质耐火砖,5,0,半硅砖、焦炉用硅砖、玻璃窑用硅砖、硅砖、硅质隔热耐火砖
127,绝热（保温）、耐火材料,耐火材料,粘土质耐火砖,绝热（保温）、耐火材料 > 耐火材料 > 粘土质耐火砖,4,0,玻璃窑用粘土质耐碱砖、粘土质隔热耐火砖、轻质粘土质耐火砖、高炉用粘土质耐火砖
1202,绝热（保温）、耐火材料,耐火材料,耐火泥、砂、石,绝热（保温）、耐火材料 > 耐火材料 > 耐火泥、砂、石,17,0,刚玉砂、堇青质火泥、焦宝石、电熔氧化锆砂、白云石、硅线石火泥、硅质火泥、粘土质耐火泥、耐火泥、耐火石、耐火砂、莫来石砂、菱镁石、锆英石、镁砂、镁质耐火泥、高铝质耐火泥
1205,绝热（保温）、耐火材料,耐火材料,耐火粉、骨料,绝热（保温）、耐火材料 > 耐火材料 > 耐火粉、骨料,12,0,刚玉粉、微硅粉、硅微粉、硅石粉、硅酸钙、碳化硅粉、粘土熟粉料、菱苦土、辉绿岩粉、高岭土、高铝熟料粉、高铝生料粉
1204,绝热（保温）、耐火材料,耐火材料,耐火纤维及其制品,绝热（保温）、耐火材料 > 耐火材料 > 耐火纤维及其制品,18,0,不锈钢纤维、含铬纤维棉、普碳钢纤维、玄武岩纤维、玻璃纤维棉、硅酸铝纤维、硅酸铝纤维板、纤维毯、纤维玻璃棉、耐火布、耐火纤维板、耐火纤维毡、耐火纤维管壳、耐火纤维纸、耐火纤维绳、耐火纤维预制块、耐火陶瓷纤维、防火棉
1199,绝热（保温）、耐火材料,耐火材料,铝质耐火砖,绝热（保温）、耐火材料 > 耐火材料 > 铝质耐火砖,6,0,热风炉高铝砖、电炉炉顶高铝砖、磷酸盐结合高铝砖、高炉用高铝砖、高铝砖、高铝质隔热耐火砖
1200,绝热（保温）、耐火材料,耐火材料,镁质耐火砖,绝热（保温）、耐火材料 > 耐火材料 > 镁质耐火砖,7,0,树脂结合镁炭砖、电熔镁炭砖、镁炭砖、镁砖、镁硅砖、镁铝砖、镁铬砖
1152,装配式建筑预制构件,装配式木结构构件,其他预制木结构构件,装配式建筑预制构件 > 装配式木结构构件 > 其他预制木结构构件,0,0,
1151,装配式建筑预制构件,装配式木结构构件,装配式木结构凉亭,装配式建筑预制构件 > 装配式木结构构件 > 装配式木结构凉亭,0,0,
1148,装配式建筑预制构件,装配式木结构构件,预制木桁架,装配式建筑预制构件 > 装配式木结构构件 > 预制木桁架,0,0,
1149,装配式建筑预制构件,装配式木结构构件,预制板式组件,装配式建筑预制构件 > 装配式木结构构件 > 预制板式组件,0,0,
1147,装配式建筑预制构件,装配式木结构构件,预制梁柱式构件,装配式建筑预制构件 > 装配式木结构构件 > 预制梁柱式构件,0,0,
1150,装配式建筑预制构件,装配式木结构构件,预制空间模块式组件,装配式建筑预制构件 > 装配式木结构构件 > 预制空间模块式组件,0,0,
1136,装配式建筑预制构件,装配式混凝土结构构件,其他异形构件,装配式建筑预制构件 > 装配式混凝土结构构件 > 其他异形构件,0,0,
1133,装配式建筑预制构件,装配式混凝土结构构件,预制墙,装配式建筑预制构件 > 装配式混凝土结构构件 > 预制墙,0,0,
1134,装配式建筑预制构件,装配式混凝土结构构件,预制柱,装配式建筑预制构件 > 装配式混凝土结构构件 > 预制柱,0,0,
1132,装配式建筑预制构件,装配式混凝土结构构件,预制梁,装配式建筑预制构件 > 装配式混凝土结构构件 > 预制梁,0,0,
1131,装配式建筑预制构件,装配式混凝土结构构件,预制楼板,装配式建筑预制构件 > 装配式混凝土结构构件 > 预制楼板,0,0,
1135,装配式建筑预制构件,装配式混凝土结构构件,预制楼梯,装配式建筑预制构件 > 装配式混凝土结构构件 > 预制楼梯,0,0,
1146,装配式建筑预制构件,装配式钢结构构件,其他钢结构构件,装配式建筑预制构件 > 装配式钢结构构件 > 其他钢结构构件,0,0,
1138,装配式建筑预制构件,装配式钢结构构件,预制钢墙面板,装配式建筑预制构件 > 装配式钢结构构件 > 预制钢墙面板,0,0,
1140,装配式建筑预制构件,装配式钢结构构件,预制钢屋架,装配式建筑预制构件 > 装配式钢结构构件 > 预制钢屋架,0,0,
1139,装配式建筑预制构件,装配式钢结构构件,预制钢屋面板,装配式建筑预制构件 > 装配式钢结构构件 > 预制钢屋面板,0,0,
1144,装配式建筑预制构件,装配式钢结构构件,预制钢支撑,装配式建筑预制构件 > 装配式钢结构构件 > 预制钢支撑,0,0,
1142,装配式建筑预制构件,装配式钢结构构件,预制钢柱,装配式建筑预制构件 > 装配式钢结构构件 > 预制钢柱,0,0,
1141,装配式建筑预制构件,装配式钢结构构件,预制钢桁架,装配式建筑预制构件 > 装配式钢结构构件 > 预制钢桁架,0,0,
1143,装配式建筑预制构件,装配式钢结构构件,预制钢梁,装配式建筑预制构件 > 装配式钢结构构件 > 预制钢梁,0,0,
1137,装配式建筑预制构件,装配式钢结构构件,预制钢楼层板,装配式建筑预制构件 > 装配式钢结构构件 > 预制钢楼层板,0,0,
1145,装配式建筑预制构件,装配式钢结构构件,预制钢楼梯,装配式建筑预制构件 > 装配式钢结构构件 > 预制钢楼梯,0,0,
136,装饰石材及石材制品,人造石材,人造石板材,装饰石材及石材制品 > 人造石材 > 人造石板材,8,0,RDBM高分子人造石、人造大理石、人造石、人造石英石、人造砂岩、人造花岗岩、人造透光石、铸石板
1451,装饰石材及石材制品,人造石材,微晶石,装饰石材及石材制品 > 人造石材 > 微晶石,0,0,
1452,装饰石材及石材制品,人造石材,水磨石板,装饰石材及石材制品 > 人造石材 > 水磨石板,5,0,台面水磨石板材、楼地面用水磨石板材、窗台板水磨石板材、绿板磨板石、黑板磨板石
135,装饰石材及石材制品,天然石材,大理石板,装饰石材及石材制品 > 天然石材 > 大理石板,1481,0,M天然大理石、一品白衫大理石、丁香米黄大理石、七彩啡大理石、七彩玉大理石、七彩石大理石、万寿红大理石、万年青大理石、三彩玉大理石、世纪冰玉大理石、世纪玫瑰大理石、世纪米黄大理石、世纪莎安娜大理石、世纪西米大理石、世纪金线大理石、世纪铂金大理石、世纪黄玉大理石、世纪黑冰花大理石、丘陵洞石大理石、东方玫瑰大理石、东方白大理石、东方神韵大理石、丝绸之路大理石、丝绸米黄大理石、中东米黄大理石、中国红大理石、中国黑大理石、中欧米黄大理石、中米玉大理石、中花白大理石、丰镇黑大理石、丹东绿大理石、丹青墨云大理石、丹青墨灰大理石、丹青墨玉大理石、丹青碧云大理石、乡村绿大理石、乱世英雄米黄大理石、云中玉大理石、云南砂岩大理石、云啡网大理石、云多拉灰大理石、云彩金花大理石、云影灰大理石、云朵拉灰大理石、云朵拉金大理石、云海白大理石、云灰大理石、云灰色大理石、云白龙大理石、云石大理石、云都拉灰大理石、云雾灰大理石、云雾白大理石、云黑石大理石、五彩玉大理石、五彩紫大理石、五月棕大理石、五莲红大理石、五莲花大理石、亚洲米黄大理石、亚美尼亚米黄大理石、亚诺金麻大理石、亚迪灰大理石、亚马逊绿大理石、代代红大理石、以色列金大理石、伊丽莎白大理石、伊利诺灰大理石、伊朗斑马红大理石、伊朗灰大理石、伊朗白玉大理石、伊朗粉红大理石、伊朗粉红玉大理石、伊朗雪花绿大理石、伊迪灰大理石、伊雅灰大理石、优雅绿大理石、伯利黄大理石、伯爵灰大理石、伯爵米黄大理石、似水流年大理石、佛罗伦萨大理石、佛罗伦萨灰大理石、佰利黄大理石、侏罗纪大理石、俄罗斯灰大理石、俄罗斯金大理石、保利加亚灰大理石、保加利亚灰大理石、倾城之恋大理石、光泽红大理石、克什米尔白大理石、克什米尔金大理石、克罗地亚大理石、克罗地亚木纹大理石、克罗地亚灰大理石、克罗地亚米黄大理石、克罗帝亚大理石、克里米亚灰大理石、公爵米黄大理石、兰多哥大理石、兰晶钻大理石、兰曼灰大理石、兰石大理石、兰花玉大理石、冰岛灰大理石、冰岛白玉大理石、冰川灰大理石、冰川玉大理石、冰川白玉大理石、冰棱大理石、冰玉大理石、冰花玉大理石、冰花米黄大理石、冰花红玉大理石、冰花绿大理石、冰钻灰大理石、决特灰大理石、凌红大理石、凡尔赛金大理石、凡高金大理石、凯悦红大理石、凯撒灰大理石、凯撒石大理石、凯撒红大理石、凯美特金大理石、凯萨米黄大理石、加州米黄大理石、加州金麻大理石、加菲特浅米大理石、劳伦特黑金大理石、劳伦黑大理石、劳伦黑金大理石、劳斯米黄大理石、北岳黑大理石、北极光大理石、北极灰大理石、千千结大理石、千层浪大理石、半山烟雨大理石、华山白麻大理石、华星秋月大理石、南斯拉夫白大理石、南斯拉夫米黄大理石、南非钻大理石、博洛尼灰大理石、博雅灰大理石、卡不落大理石、卡佐啡大理石、卡其灰大理石、卡其红大理石、卡卡灰大理石、卡地亚棕大理石、卡地亚灰大理石、卡士其灰大理石、卡尼亚大理石、卡布其帝大理石、卡布其诺大理石、卡布奇诺大理石、卡布拉菲大理石、卡布米黄大理石、卡帝米黄大理石、卡慕斯大理石、卡拉拉灰大理石、卡拉拉白大理石、卡拉拉米白大理石、卡拉白大理石、卡拉麦里金大理石、卡斯夫白大理石、卡斯特灰大理石、卡曼大理石、卡曼米黄大理石、卡特灰大理石、卡特白大理石、卡瑟灰大理石、卡瓦拉白大理石、卡索灰大理石、卡蓝灰大理石、卡西诺灰大理石、卡里亚灰大理石、卡里冰玉大理石、卡里灰玉大理石、卡门灰大理石、卢卡灰大理石、印尼米黄大理石、印度北哥大理石、印度大花绿大理石、印度洋灰大理石、印度红大理石、印度红砂石大理石、印度绿大理石、印象拉菲大理石、厚虎皮石大理石、古典灰大理石、古典米黄大理石、古典金大理石、古堡灰大理石、古奇洞石大理石、古木纹(黑木纹)大理石、古木纹大理石、古琦米黄大理石、古青玉大理石、古青玉石大理石、古龙(雅)灰大理石、台湾红大理石、台湾青大理石、吉尼斯红玉大理石、吉祥白玉大理石、君子兰大理石、君子绿大理石、咖啡大理石、咖啡木纹大理石、咖啡洞石大理石、咖啡网大理石、咖啡金大理石、咖网纹大理石、哥特金大理石、啡冰花大理石、啡慕斯大理石、啡摩斯大理石、啡木纹大理石、啡洞石大理石、啡玉大理石、啡玉石大理石、啡玫瑰大理石、啡网大理石、啡网纹大理石、啡金沙大理石、啡金花大理石、啡钻大理石、国产深啡大理石、国粹大理石、土耳其咖网大理石、土耳其啡网大理石、土耳其灰大理石、土耳其玫瑰大理石、土耳其白砂石大理石、土耳其米黄大理石、土耳其银冰花大理石、圣丽雅大理石、圣娜米黄大理石、圣安娜大理石、圣尔米黄大理石、圣百伦大理石、圣米尔石大理石、圣罗兰大理石、圣罗兰灰大理石、圣雅米黄大理石、地中海彩红大理石、地中海彩绿大理石、地中海灰大理石、地中海米黄大理石、埃及米黄大理石、城堡米黄大理石、塔雅米黄大理石、塞浦路斯大理石、塞浦路斯灰大理石、墨染枫林大理石、墨玉大理石、墨绿情缘大理石、墨绿色大理石、墨绿麻大理石、多伦多大理石、多彩大理石、夜玫瑰大理石、大卫米黄大理石、大漠西阳大理石、大理石、大理蝴蝶大理石、大白花大理石、大花白大理石、大花绿大理石、大花缘大理石、大花阿曼大理石、大西洋灰大理石、大阿曼大理石、天啡大理石、天堂鸟大理石、天山红大理石、天星灰大理石、天蓝大理石、太古石画大理石、太白青大理石、太空灰大理石、太空虹大理石、太阳冰花大理石、太阳米黄大理石、奈高斯木纹大理石、奈高斯灰大理石、奥亚啡麻大理石、奥亚绿钻大理石、奥巴马大理石、奥文镀金大理石、奥斯卡大理石、奥斯卡灰大理石、奥斯卡米黄大理石、奥斯曼米黄大理石、奥斯灰大理石、奥特曼大理石、奥特曼米黄大理石、奥金米黄大理石、奶油玫瑰大理石、奶油砂岩大理石、奶油砂石大理石、奶油米黄大理石、姹紫嫣红大理石、威尼斯棕大理石、威尼斯灰大理石、威尼斯金大理石、娱乐金麻大理石、嫦娥米黄大理石、孔雀玉大理石、孔雀石大理石、宇宙灰大理石、安哥拉棕大理石、安哥拉灰大理石、安哥拉米黄大理石、安哥拉绿大理石、安娜米黄大理石、安娜红大理石、安德里灰大理石、安徽黑金花大理石、安溪红大理石、安特拉米黄大理石、安琪娜米黄大理石、安琪米黄大理石、安踏金大理石、宙斯灰大理石、宝丽雅米黄大理石、宝兴白大理石、宝格丽棕大理石、宝格丽灰大理石、宝格丽蓝大理石、宝石棕大理石、宝石蓝大理石、宝金米黄大理石、宫廷灰大理石、宫廷米黄大理石、富丽玫瑰大理石、富贵米黄大理石、富贵金花大理石、富贵金龙大理石、封开花大理石、小白花大理石、小金花大理石、尼泊尔灰大理石、山东锈石大理石、山东黑金花大理石、山水大花白大理石、山水玉大理石、山水画大理石、山水白大理石、山水绿大理石、山河绿大理石、山茶花大理石、山西黑大理石、岑溪红大理石、巴勒莫灰大理石、巴塞罗那灰大理石、巴拉白大理石、巴拉花大理石、巴斯灰大理石、巴洛克金大理石、巴玉大理石、巴西米黄大理石、巴西翠兰大理石、巴西蓝钻大理石、巴西钻大理石、巴西黑金花大理石、巴黎金花大理石、布兰纳大理石、布拉格灰大理石、布拉格米黄大理石、布朗啡大理石、布朗灰大理石、布朗金大理石、布萨米黄大理石、布达拉大理石、布郎啡大理石、布鲁斯灰大理石、希吉尔大理石、希望之星大理石、希腊灰大理石、希腊米黄大理石、希诺普灰大理石、帕兰卡灰大理石、帕尼灰大理石、帕斯高灰大理石、帕金米黄大理石、帝后金大理石、帝王玉石大理石、帝王石大理石、帝王米黄大理石、帝王花大理石、帝王金大理石、帝皇洞大理石、帝皇玉大理石、帝皇绿大理石、帝皇金大理石、帝诺米黄大理石、帝诺金大理石、帝黄金大理石、幕云灰大理石、平花大理石、幻彩红大理石、幻彩麻大理石、幻影灰大理石、幻影白大理石、幻影黑大理石、广红大理石、广西灰大理石、广西白大理石、广西红大理石、庐山绿大理石、库伦金大理石、廉江中花大理石、开斯米玉石大理石、彩云玉大理石、彩云飞大理石、彩玉大理石、彩红宝大理石、彩莹玉大理石、彩虹玉大理石、彼拉红大理石、微晶石大理石、德国灰大理石、德国米黄大理石、德国金大理石、德玛灰大理石、德米大理石、德黑兰米黄大理石、意大利云灰大理石、意大利云雾灰大理石、意大利冰玉大理石、意大利冰花大理石、意大利大花白大理石、意大利旧米黄大理石、意大利木纹大理石、意大利木纹大花大理石、意大利木纹细花大理石、意大利梦幻灰大理石、意大利水云沙大理石、意大利灰大理石、意大利白大理石、意大利白金沙大理石、意大利米黄大理石、意大利金丝大理石、意大利金玉大理石、意大利银棕大理石、意大利银灰大理石、意大利黄木纹大理石、意大利黑金花大理石、戴安娜大理石、所罗门白大理石、批纪米黄大理石、拉菲红云玉大理石、拉菲红大理石、拼花大理石、拿铁大理石、拿铁棕大理石、拿铁深啡大理石、拿铁灰大理石、拿铁米大理石、拿铁米黄大理石、挪威彩玉大理石、挪威玉大理石、挪威米黄大理石、挪威红(小花)大理石、挪威红大理石、摩卡啡大理石、摩卡灰大理石、摩卡石大理石、摩卡米黄大理石、摩德纳灰大理石、摩根世家大理石、摩洛哥灰大理石、撒哈拉大理石、撒哈拉米黄大理石、撒哈拉金大理石、撒哈玛大理石、新丁香大理石、新丁香米黄大理石、新世纪大理石、新世纪米黄大理石、新亚米黄大理石、新凯悦红大理石、新卡拉大理石、新卡拉拉白大理石、新卡曼大理石、新古堡灰大理石、新啡米黄大理石、新奥特曼大理石、新安曼米黄大理石、新帝王大理石、新帝王米黄大理石、新意大利灰大理石、新格利大理石、新橘皮红大理石、新欧亚大理石、新水草玛瑙大理石、新沙浪大理石、新法国米黄大理石、新派米黄大理石、新疆红大理石、新矿橙皮红大理石、新矿西米大理石、新紫罗红大理石、新罗马洞石大理石、新莎安娜大理石、新莎安娜米黄大理石、新蓝纹宝石大理石、新西班牙米黄大理石、新西米大理石、新西米黄大理石、新金蜘蛛大理石、新雅士白大理石、新雅米黄大理石、新鹅毛金大理石、旧米黄大理石、星云大理石、星典米黄大理石、星斑白大理石、星河传说大理石、星河彩虹大理石、星白大理石、星耀灰大理石、星脉灰大理石、星花白大理石、映山红大理石、春华秋实大理石、春天玫瑰大理石、春花红大理石、晚霞红大理石、普佩斯大理石、普利斯大理石、普罗旺斯大理石、晶啡网大理石、晶白石大理石、晶钻黄大理石、晶雅石大理石、暖黄色大理石、月下蔷薇大理石、月亮古大理石、月亮玉大理石、月亮谷大理石、月光米黄大理石、月桂珍珠大理石、月荷白大理石、木化石大理石、木棉米黄大理石、木纹大理石、木纹洞石大理石、木纹玉大理石、木纹王大理石、木纹石大理石、木纹米黄大理石、木纹黄大理石、杜鹃红大理石、条形米黄大理石、条纹冰玉大理石、条纹白玉大理石、杭啡大理石、杭灰大理石、松香玉大理石、松香黄大理石、松香黄玉大理石、林肯白大理石、枫叶红大理石、柏丽金大理石、柏斯灰网大理石、柏斯高灰大理石、柏斯高金大理石、柠檬金大理石、树化石大理石、树挂冰花大理石、树皮红大理石、格丽斯灰大理石、格兰仕灰大理石、格利皇大理石、格斯灰大理石、格斯米黄大理石、格陵兰灰大理石、桃叶珊瑚大理石、桃花红大理石、桔红大理石、梦娜丽莎大理石、梦幻天空大理石、梦幻莎安娜大理石、梦幻金大理石、梨花白大理石、梵金花大理石、梵音大理石、梵高印象大理石、梵高玉大理石、梵高皇大理石、梵高金大理石、棕钻大理石、森林绿大理石、楷叶红大理石、樱花红大理石、橄榄灰大理石、橘子玉大理石、橘皮红大理石、橙玉石大理石、橙皮红大理石、橙皮黄大理石、檀香飞雪大理石、欧亚木纹大理石、欧亚米黄大理石、欧典木纹大理石、欧典米黄大理石、欧曼大理石、欧曼米黄大理石、欧洲木纹大理石、欧洲米黄大理石、欧玛尼大理石、欧玛尼米黄大理石、欧网大理石、殴网大理石、比兹卡米黄大理石、比尔森金大理石、比萨灰大理石、毕加索大理石、毕卡索大理石、水云沙大理石、水云间大理石、水墨晶石大理石、水墨玉大理石、水墨白大理石、水晶兰大理石、水晶木纹大理石、水晶浅啡大理石、水晶浅灰大理石、水晶深啡大理石、水晶玉大理石、水晶白大理石、水晶米黄大理石、水晶莎安娜大理石、水晶黑大理石、水木年华大理石、水草玛瑙大理石、水银灰大理石、永定红大理石、永建红大理石、汉玛米黄大理石、汉白玉大理石、江崖海水大理石、江涯海水大理石、沉香米黄大理石、沙安娜大理石、沙安娜米黄大理石、沙浪大理石、沙浪米黄大理石、沙漠金大理石、沙漠风暴大理石、沙特米黄大理石、沧海遗珠大理石、河南绿大理石、法国小金花大理石、法国木纹大理石、法国梦幻兰大理石、法国棕大理石、法国流金大理石、法国灰大理石、法国灰木纹大理石、法国玫瑰大理石、法国硫金大理石、法国稻香米黄大理石、法国米黄大理石、法国紫彩大理石、法国红玉大理石、法国红龙大理石、法国西米大理石、法国金沙大理石、法国金洞大理石、法国金玫瑰大理石、法国金花大理石、法国鎏金大理石、法国黑大理石、波尔多灰大理石、波尔多酒红大理石、波斯灰大理石、波斯灰玉大理石、波斯米黄大理石、波斯银灰大理石、波特金大理石、波西灰大理石、泰山日出大理石、泰雅米黄大理石、洞石、流星雨大理石、流沙金大理石、流金岁月大理石、流金溢彩大理石、浅咖大理石、浅咖网大理石、浅咖网纹大理石、浅咖色大理石、浅啡大理石、浅啡网大理石、浅啡网纹大理石、浅木纹大理石、浅灰网大理石、浅灰色大理石、浅米玉大理石、浅芙蓉大理石、浪漫木纹大理石、浪漫樱花大理石、浪漫米黄大理石、浪琴灰大理石、浮光跃金大理石、浮龙惊云大理石、海伦米黄大理石、海伦金大理石、海宝兰大理石、海岸灰大理石、海底灰大理石、海沧白大理石、海洋之星大理石、海洋灰大理石、海洋米黄大理石、海洋蓝纹大理石、海浪灰大理石、海浪花大理石、海蓝玉大理石、海诺斯灰大理石、海贝花大理石、深咖大理石、深咖网大理石、深咖网纹大理石、深啡大理石、深啡网大理石、深啡网纹大理石、深木纹大理石、深灰色大理石、深金世纪大理石、清水玉大理石、温哥华海大理石、温德姆灰大理石、温莎米黄大理石、湛江黑大理石、溪沙米黄大理石、满堂黄金大理石、漳州红大理石、潜龙红大理石、澳洲砂岩大理石、灌县黑大理石、火山焰大理石、火山红大理石、火风凰大理石、灰冰玉大理石、灰冰花大理石、灰姑娘大理石、灰木纹大理石、灰水晶大理石、灰玉大理石、灰白色大理石、灰米玉大理石、灰网纹大理石、灰色木纹大理石、灰色玛瑙大理石、烟玉大理石、烟色水晶大理石、热带雨林(仿古)大理石、热带雨林啡大理石、热带雨林大理石、热带雨林绿大理石、熊猫白大理石、爱丽丝大理石、爱丽丝米黄大理石、爱丽斯大理石、爱尔兰大理石、爱情海灰大理石、爱玛仕灰大理石、爱玛士灰大理石、爱琴海灰大理石、爱马仕灰大理石、爵士灰大理石、爵士白(新矿)大理石、爵士白(老矿)大理石、爵士白大理石、爵士绿大理石、爵士黄大理石、牧羊白大理石、特优雪花白大理石、特尔尼灰大理石、特菲力灰大理石、犀牛白大理石、玉兔米黄大理石、玉兰花大理石、玉曼米黄大理石、玉洞石大理石、玉玲珑大理石、玉石大理石、玉芙蓉大理石、玉麒麟大理石、玛利奥(白底)大理石、玛利奥(黄底)大理石、玛沙红大理石、玛瑙凤凰大理石、玛瑙玉大理石、玛瑙白大理石、玛瑙红大理石、玛瑙黑大理石、玛雅棕大理石、玛雅灰大理石、玛雅米黄大理石、玫瑰凤凰大理石、玫瑰玉大理石、玫瑰米黄大理石、玫瑰红大理石、玫瑰金大理石、玫瑰阿曼大理石、现代木纹大理石、现代灰大理石、玻利维亚兰大理石、珊瑚灰大理石、珊瑚红大理石、珍妮灰大理石、珍珠米黄大理石、珍珠花大理石、珍珠贝大理石、珠落玉盘大理石、琥珀冰晶大理石、琥珀冰花大理石、琥珀玉大理石、瑞典米黄大理石、瑞士冰河大理石、瑞士白大理石、瑞士米黄大理石、瓦伦西亚红大理石、瓦伦西亚黄大理石、瓦尔塞金大理石、生命起源大理石、田园风光大理石、白云兰大理石、白云玉大理石、白兰玉米黄大理石、白冰玉大理石、白宫米黄大理石、白晶钻大理石、白木纹大理石、白水晶大理石、白沙米黄大理石、白洞石大理石、白海棠大理石、白牡丹大理石、白玉兰大理石、白玉兰米黄大理石、白玉大理石、白玉洞大理石、白玟瑰大理石、白玫瑰大理石、白玫瑰米黄大理石、白石大理石、白砂大理石、白砂米大理石、白砂米黄大理石、白纹莎安娜大理石、白色大理石、白色诱惑大理石、白蔷薇大理石、白蘑菇大理石、白贝利大理石、白金世纪大理石、白金汉宫大理石、白金沙大理石、白金砂大理石、白雪公主大理石、白雪晶大理石、白露石大理石、白香槟大理石、白麻大理石、百慕大大理石、皇室咖大理石、皇室啡大理石、皇室米黄大理石、皇室西米大理石、皇室金钻大理石、皇家木纹大理石、皇家水钻大理石、皇家灰大理石、皇家玫瑰大理石、皇家琥珀大理石、皇家碧玉大理石、皇家米黄大理石、皇家红纹大理石、皇家蜜蜡大理石、皇家金叶大理石、皇家金大理石、皇家金檀大理石、皇家风暴大理石、皇家黑檀大理石、直纹洞石大理石、直纹白大理石、石岛红大理石、砂岩大理石、碧桂园大理石、碧波荡漾大理石、碧海玉大理石、碧海蓝天大理石、碧石大理石、祖母绿大理石、神州绿大理石、祥云大理石、福建大理石、福鼎黑大理石、秋天石大理石、科比灰大理石、科特米大理石、竹叶玛瑙大理石、竹叶青大理石、竹玉大理石、竹结玉大理石、竹节玉大理石、第黄金大理石、米兰洞石大理石、米兰灰大理石、米尼斯金大理石、米洛西米黄大理石、米白洞大理石、米白洞石大理石、米白直纹玉大理石、米色大理石、米诺西白大理石、米诺西豹纹白大理石、米诺西雅士白大理石、米黄大理石、米黄洞大理石、米黄洞石大理石、米黄玉大理石、米黄色大理石、粉紫玉大理石、粉红佳人大理石、粉红玉大理石、粉红玫瑰大理石、粉红罗莎大理石、粉红麻大理石、粉色水晶大理石、索玛菲大理石、索菲亚大理石、索菲亚金大理石、索菲特大理石、索菲特金大理石、索非特金大理石、紫丁香大理石、紫山水大理石、紫彩麻大理石、紫星玉大理石、紫星绿大理石、紫晶大理石、紫檀红大理石、紫气东来山水画大理石、紫流晶大理石、紫流金大理石、紫玉兰大理石、紫玉纹大理石、紫玛瑙大理石、紫玫瑰大理石、紫网大理石、紫罗兰大理石、紫罗红大理石、紫罗绿大理石、紫荆花大理石、紫莹玉大理石、紫蝴蝶大理石、紫衫木纹大理石、紫金沙云纹大理石、红丝灰玉大理石、红太狼大理石、红奶油大理石、红宝石大理石、红木大理石、红木纹大理石、红桃木大理石、红棕大理石、红欧大理石、红洞石大理石、红玉大理石、红玉龙大理石、红玫瑰大理石、红皮青玉大理石、红窿石大理石、红粉传奇大理石、红纹玉大理石、红纹莎安娜大理石、红线啡大理石、红线木大理石、红线沙安娜大理石、红线玉大理石、红线白玉大理石、红线米黄大理石、红线莎安娜大理石、红花冰玉大理石、红花紫玉大理石、红蜘蛛大理石、红袍玉大理石、红金龙大理石、红钻大理石、红龙玉大理石、红龙玉拼花大理石、约旦灰大理石、纯白大理石、细啡珠大理石、细花白大理石、细花白玉大理石、经典黄钻大理石、绣石大理石、维也纳大理石、维亚灰大理石、维加斯米黄大理石、维多利亚灰大理石、维尔纽斯大理石、维纳丝白大理石、维纳多大理石、维纳斯灰大理石、维纳斯白大理石、维纳斯米黄大理石、维纳米黄大理石、维纳金大理石、绿星大理石、绿松蓝拼板大理石、绿玉大理石、绿玉石大理石、绿碧玉大理石、绿莹玉大理石、绿蜘蛛大理石、绿野仙踪大理石、缅甸米黄大理石、网纹大花白大理石、罗曼蒂克灰大理石、罗沙金大理石、罗源红大理石、罗纳尔大理石、罗莎林大理石、罗莎琳大理石、罗马冰白大理石、罗马天使大理石、罗马尼亚灰大理石、罗马洞石大理石、罗马灰大理石、罗马白洞石大理石、罗马米黄大理石、罗马里金大理石、罗马黄洞石大理石、美国白麻大理石、美国米黄大理石、美国红豹大理石、美姬塔大理石、美尼斯金大理石、美特斯金大理石、美里斯金大理石、羽绒石大理石、翠绿宝石大理石、翡翠玉大理石、翡翠绿大理石、老矿橙皮红大理石、老矿爵士白大理石、老矿西班牙米黄大理石、老矿西米大理石、老米黄大理石、老虎玉大理石、老虎米黄大理石、腾云大理石、至尊米黄大理石、舒格米黄大理石、艾玛大理石、艾菲尔大理石、艾菲灰木纹大理石、芙蓉白大理石、芙蓉石大理石、芙蓉绿大理石、芝麻灰大理石、芝麻白大理石、芝麻黑大理石、芬兰玫瑰大理石、芬兰白大理石、芬兰金啡大理石、芬兰金花大理石、花好月圆大理石、花岗岩大理石、苏格兰灰大理石、英伦玉大理石、英国棕大理石、英格兰灰大理石、英格兰白大理石、范特西大理石、茶啡网大理石、茶色水晶大理石、草木灰大理石、草白玉大理石、荔枝红大理石、荷花玉大理石、荷花绿大理石、莎利士红大理石、莎士比亚大理石、莎士比亚灰大理石、莎安娜大理石、莎安娜米黄大理石、莫尼红玉大理石、莱尔塔大理石、莱曼米黄大理石、莱柯米大理石、莲花白大理石、莲花米黄大理石、菊花黄大理石、菲格拉慕大理石、萨日拉大理石、葡萄园大理石、葡萄牙米黄大理石、蒂娜米黄大理石、蒂诺米黄(斜纹)大理石、蒂诺米黄(直纹)大理石、蒂诺米黄大理石、蒙古黑大理石、蒙娜丽莎大理石、蒙罗丽莎大理石、蓝东凌大理石、蓝天玉大理石、蓝天白云大理石、蓝木纹大理石、蓝梦大理石、蓝梦石英石、蓝江水月大理石、蓝海大理石、蓝珍珠大理石、蓝翡翠大理石、蓝色多瑙河大理石、蓝色妖姬大理石、蓝豹大理石、蓝金大理石、蓝金沙大理石、蓝金砂大理石、蓝钻大理石、蓝麻大理石、虎纹米黄玉大理石、虾红大理石、虾黄玉大理石、蛋黄金大理石、蜘蛛玉大理石、蜘蛛黑大理石、蝴蛛玉大理石、蝴蝶啡大理石、蝴蝶灰大理石、裂纹玉大理石、西亚米黄大理石、西奈珍珠大理石、西施红大理石、西泊尔灰大理石、西班牙大理石、西班牙暮色大理石、西班牙灰大理石、西班牙白砂石大理石、西班牙米黄大理石、西班牙老矿大理石、西班牙黑金花大理石、西米大理石、西米白大理石、西米石大理石、西西里灰大理石、西西里金大理石、西雅图灰大理石、诺亚米黄大理石、诺娃米黄大理石、诺汉堡大理石、豆腐花大理石、象牙米典大理石、象牙米白大理石、象牙米黄大理石、象牙金大理石、豹皮钻大理石、豹花玉大理石、贝娜米黄大理石、贝拉米黄大理石、贝沙金大理石、贝砂金大理石、贝金沙大理石、贝金米黄大理石、贝雅红大理石、贝鲁特米黄大理石、贵妃米黄大理石、贵妃红玉大理石、贵州木纹大理石、贵州木纹米黄大理石、贵州灰木纹大理石、贵州白木纹大理石、贵州米黄大理石、贵族木纹大理石、贵族米黄大理石、资江白大理石、资江黑大理石、赛尔维亚灰大理石、赛维亚大理石、超白洞大理石、超白洞石大理石、超级米黄大理石、路彼米黄大理石、路易十三大理石、路易斯金大理石、路易米黄大理石、路透社大理石、达丽米黄大理石、返璞归真大理石、进口深啡大理石、迪拜金大理石、迷你金线大理石、郁金香大理石、都善灰麻大理石、都市米黄大理石、鄯善红大理石、金世纪大理石、金世纪米黄大理石、金丝墨玉大理石、金丝洞大理石、金丝玉大理石、金丝白玉大理石、金丝碧大理石、金丝米黄大理石、金丝蓝大理石、金丝锻大理石、金丝阿曼大理石、金丝黄玉大理石、金典大理石、金凤凰大理石、金刚大理石、金叶大理石、金叶米黄大理石、金咖大理石、金咖深啡大理石、金啡大理石、金啡米黄大理石、金啡网大理石、金宝黄大理石、金山麻大理石、金年华大理石、金彩蝶大理石、金悦米黄大理石、金摩卡大理石、金晶米黄大理石、金曲蛛大理石、金橘吐露大理石、金檀木纹大理石、金欧大理石、金殿米黄大理石、金水晶大理石、金浅啡大理石、金点白大理石、金玉兰大理石、金玉满堂大理石、金玛瑙大理石、金玫瑰大理石、金白金大理石、金碧大理石、金碧玉大理石、金碧米黄大理石、金碧辉煌大理石、金碧辉黄大理石、金线大理石、金线玉大理石、金线米黄大理石、金网花大理石、金色年华大理石、金花大理石、金花米黄大理石、金蓝玉大理石、金蜘蛛大理石、金蜘蛛白底大理石、金蝴蝶大理石、金蝴蝶米黄大理石、金誉米黄大理石、金贝大理石、金贝米黄大理石、金钻麻大理石、金银岛大理石、金镀玉大理石、金镶玉大理石、金陇灰玉大理石、金香玉大理石、金香米黄大理石、金马蹄大理石、金骏眉大理石、金鳞玉大理石、金黄天龙大理石、金黄洞石大理石、金黄玉大理石、金龙灰大理石、金龙玉大理石、金龙米黄大理石、钻石米黄大理石、铁花大理石、铁虎眼石大理石、铂金米黄大理石、银丝米黄大理石、银叶石大理石、银晶灰大理石、银杏木纹大理石、银河星钻大理石、银河棕大理石、银河洞大理石、银河灰大理石、银河白大理石、银洞石大理石、银灰洞大理石、银灰洞石大理石、银灰网大理石、银灰龙大理石、银白龙大理石、银线大理石、银线米黄大理石、银网灰大理石、银貂大理石、银貂灰大理石、银金沙大理石、银鼎灰大理石、银龙玉大理石、锈石大理石、锡安娜金大理石、锡金丝大理石、锦玉大理石、闪光石大理石、闪电大理石、闪电木纹大理石、闪电灰大理石、闪电米黄大理石、闪电纹西米大理石、闪电黄金大理石、阳江红大理石、阴山红大理石、阿富汗金花大理石、阿富汗黑金花大理石、阿拉丁米黄大理石、阿曼大理石、阿曼玫瑰大理石、阿曼米黄大理石、阿波罗大理石、阿波罗灰大理石、阿道丝灰大理石、陇黑檀大理石、陈皮红大理石、雀巢金大理石、雅丽米黄大理石、雅伦西亚红大理石、雅伯灰大理石、雅典娜灰大理石、雅典木纹大理石、雅典灰大理石、雅典白大理石、雅典米黄大理石、雅典金啡花大理石、雅典金花大理石、雅典黑金花大理石、雅博灰大理石、雅博白大理石、雅士兰灰大理石、雅士灰大理石、雅士白大理石、雅士黑大理石、雅尔斯灰大理石、雅思兰黛大理石、雅柏灰大理石、雅柏玉大理石、雅玛尼诺棕大理石、雅玛尼诺灰大理石、雅白玉大理石、雅诗大理石、雅高灰大理石、雕刻白大理石、雨林啡大理石、雨林棕大理石、雨林绿大理石、雨林黄大理石、雪山银狐大理石、雪花冰玉大理石、雪花白大理石、雪花米黄大理石、雪莉大理石、霓裳大理石、霸王花大理石、青奶油大理石、青灰大理石、青玉大理石、青玉玉石大理石、青玉石大理石、青白石大理石、青石大理石、青花玉大理石、青花瓷大理石、青金石拼板大理石、青龙玉大理石、静雅棕大理石、静雅灰大理石、非洲银龙大理石、香奈金大理石、香妃大理石、香妃米黄大理石、香山红大理石、香格里拉大理石、香榭米黄大理石、香槟玉大理石、香槟红大理石、香槟金大理石、香波米黄大理石、香草米黄大理石、香雪梅大理石、马蹄红大理石、马蹄莲白大理石、驼绒大理石、高尔灰大理石、高级灰大理石、高迪灰大理石、魅惑大理石、魔力点子大理石、鱼肚灰大理石、鱼肚白大理石、鸡血玛瑙大理石、鹅毛金大理石、麒麟玉大理石、麦咔灰大理石、麦城金丝大理石、黄晶钻大理石、黄木纹大理石、黄水晶大理石、黄洞石大理石、黄玉大理石、黄玫瑰大理石、黄砂岩大理石、黄窿石大理石、黄纹玉大理石、黄线米黄大理石、黄色交响曲大理石、黄蓝虎眼大理石、黄虎眼大理石、黄袍大理石、黄金叶大理石、黄金天龙大理石、黄金木纹大理石、黄金沙大理石、黄金洞石大理石、黄金海岸大理石、黄金玉大理石、黄金米黄大理石、黄金网大理石、黄金花大理石、黄金蜘蛛大理石、黄金贵大理石、黄金钻大理石、黄金阿曼大理石、黄金麻大理石、黄金龙大理石、黄钻白大理石、黄锈石大理石、黄锦玉大理石、黄龙玉大理石、黑伦金大理石、黑啡宝大理石、黑客帝国大理石、黑木纹大理石、黑根白大理石、黑棕大理石、黑檀大理石、黑檀木纹大理石、黑洞石大理石、黑海玉大理石、黑玫瑰大理石、黑白根大理石、黑白花大理石、黑白银大理石、黑砂岩大理石、黑色大理石、黑轮金大理石、黑金沙大理石、黑金砂大理石、黑金纹大理石、黑金花大理石、黑金龙大理石、龙凤呈祥大理石、龙红大理石、龙纹玉大理石、龙舌兰大理石、龙袍玉大理石
1449,装饰石材及石材制品,天然石材,文化石,装饰石材及石材制品 > 天然石材 > 文化石,2,0,RDBM高分子文化石、蘑菇石
1448,装饰石材及石材制品,天然石材,砂岩,装饰石材及石材制品 > 天然石材 > 砂岩,1,0,凝灰岩
1447,装饰石材及石材制品,天然石材,花岗石板,装饰石材及石材制品 > 天然石材 > 花岗石板,624,0,丁香米黄花岗岩、丁香紫花岗岩、七彩啡花岗岩、七星红花岗岩、万年青花岗岩、三五五花岗岩、三合红花岗岩、三堡红花岗岩、三峡红花岗岩、世纪米黄花岗岩、世贸金花岗岩、世贸金麻花岗岩、东石白花岗岩、中华红花岗岩、中华绿花岗岩、中国兰大花花岗岩、中国兰小花花岗岩、中国棕花岗岩、中国灰网花岗岩、中国红一号花岗岩、中国红二号花岗岩、中国红花岗岩、中国绿花岗岩、中国黑花岗岩、中山花花岗岩、中灰色花岗岩、中磊红花岗岩、中莲花花岗岩、丰包石花岗岩、丰镇黑花岗岩、丹井红毛板花岗岩、丹井红花岗岩、丹顶红花岗岩、乌克兰钻花岗岩、乔治亚灰花岗岩、云丝麻花岗岩、云朵拉灰花岗岩、五莲灰花岗岩、五莲红花岗岩、五莲花花岗岩、佛冈青花岗岩、克什米尔白花岗岩、克什米尔金花岗岩、兰晶钻花岗岩、兰眼睛花岗岩、兰眼麻花岗岩、兰钻花岗岩、兰麻花岗岩、内厝白花岗岩、内城青花岗岩、冰川白麻花岗岩、冰花绿花岗岩、冰裂纹花岗岩、冰钻花岗岩、凌影白花岗岩、凤尾红花岗岩、凯撒红花岗岩、加多利花岗岩、加州米黄花岗岩、加州金麻花岗岩、加州金麻花岗石、加洲金麻花岗岩、北大青花岗岩、华山白麻花岗岩、华纳白花岗岩、南山白花岗岩、南非浅黑花岗岩、南非红花岗岩、南非黑花岗岩、博乐金花岗岩、卡基诺金花岗岩、卡奇诺金花岗岩、卡布奇诺花岗岩、卡布拉多花岗岩、卡布里黑花岗岩、卡拉麦里花岗岩、卡拉麦里金花岗岩、卡拉麦里银花岗岩、卡里曼金花岗岩、卡门红花岗岩、卡麦烧毛花岗岩、卡麦花岗岩、卡麦金钻花岗岩、印度大花绿花岗岩、印度棕花岗岩、印度白金花岗岩、印度白麻花岗岩、印度紫晶花岗岩、印度红(大花)花岗岩、印度红(小花)花岗岩、印度红中花花岗岩、印度红花岗岩、印度蓝花岗岩、印花红花岗岩、双井红花岗岩、双井花花岗岩、古典棕花岗岩、古典深灰花岗岩、古典灰麻花岗岩、古典金麻花岗岩、古木纹花岗岩、台山红花岗岩、台山黄花岗岩、台湾红花岗岩、吉林白花岗岩、咖啡棕花岗岩、咖啡钻花岗岩、哥伦布花岗岩、啡珍珠花岗岩、啡网纹花岗岩、啡金沙花岗岩、啡钻花岗岩、啡钻麻花岗岩、四季红花岗岩、四川红花岗岩、国产深啡花岗岩、土耳其灰花岗岩、墨绿麻花岗岩、墨绿黑花岗岩、多瑙蓝花岗岩、夜玫瑰花岗岩、夜里雪花岗岩、大三花花岗岩、大咖啡花岗岩、大啡珠花岗岩、大白花花岗岩、大花白花岗岩、大花绿花岗岩、天山兰花岗岩、天山灰麻花岗岩、天山红花岗岩、天山翠花岗岩、天山蓝花岗岩、天山黑花岗岩、天岗白花岗岩、天然桃红花岗岩、天鹅白花岗岩、太白青花岗岩、太行红花岗岩、奇台黄花岗岩、奥亚啡麻花岗岩、奥巴马灰花岗岩、奥文度金花岗岩、奥文镀金花岗岩、奥特曼花岗岩、奶油金麻花岗岩、娱乐金麻花岗岩、孔雀绿花岗岩、安哥拉棕花岗岩、安大略白花岗岩、安溪红花岗岩、宝利康花岗岩、宝山花花岗岩、宝金石花岗岩、宝金蓝花岗岩、富贵红花岗岩、寿宁红花岗岩、封开花花岗岩、将军红花岗岩、小冰花花岗岩、小啡珠花岗岩、小白点花岗岩、小白麻花岗岩、小翠红花岗岩、小金沙花岗岩、小金花花岗岩、山东灰麻花岗岩、山东白麻(中花)花岗岩、山东白麻(大花)花岗岩、山东白麻(小花)花岗岩、山东白麻花岗岩、山东米黄花岗岩、山东绣石花岗岩、山东绣花岗岩、山东锈石花岗岩、山东雪茄白花岗岩、山东青花岗岩、山东黄麻花岗岩、山东黑花岗岩、山纹灰花岗岩、山西黑花岗岩、岑溪红花岗岩、崂山灰花岗岩、崂山红花岗岩、川山红花岗岩、川红花岗岩、巨星红花岗岩、巴厝白花岗岩、巴拉花花岗岩、巴拿马黑花岗岩、巴西奥文度金麻花岗岩、巴西幻彩绿花岗岩、巴西白麻花岗岩、巴西蓝花岗岩、巴西金花岗岩、巴西金麻花岗岩、巴西黑花岗岩、帕拉迪奥花岗岩、帝王花花岗岩、帝王金麻花岗岩、帝皇金花岗岩、平度灰花岗岩、幻彩白钻花岗岩、幻彩紫花岗岩、幻彩红花岗岩、幻彩绿花岗岩、幻彩花岗岩、幻彩虹花岗岩、幻彩金麻花岗岩、库兹穆斯花岗岩、店子灰花岗岩、康保红花岗岩、廉江中花花岗岩、徂莱灰花岗岩、惠东红花岗岩、意大利灰花岗岩、戈壁蓝宝花岗岩、戈碧绿花岗岩、承德兰花岗岩、承德绿花岗岩、抛光面芝麻灰花岗岩、抛光面芝麻白花岗岩、抛光面黄金麻花岗岩、抛光面黄锈石花岗岩、揭阳红花岗岩、摩卡棕花岗岩、摩卡灰花岗岩、撒哈拉金花岗岩、敦煌红花岗岩、文登白花岗岩、新卡麦花岗岩、新印度红花岗岩、新珍珠花花岗岩、新疆红花岗岩、新疆雪莲花花岗岩、新疆黄花岗岩、新虾红花岗岩、新西米花岗岩、新雅米黄花岗岩、星钻麻花岗岩、映山红花岗岩、普白花岗岩、晶白玉花岗岩、暖灰色花岗岩、木兰红花岗岩、木玛丽花岗岩、木纹花岗岩、木纹麻花岗岩、松香玉花岗岩、枫叶红花岗岩、柏坡黄花岗岩、染色红花岗岩、染色黑花岗岩、柳园红花岗岩、柳石花岗岩、树挂冰花花岗岩、桂林红花岗岩、桃花红花岗岩、桔红花岗岩、梦幻白花岗岩、梦幻蓝花岗岩、梨花白花岗岩、梨花红花岗岩、棕钻花岗岩、棕麻花岗岩、森林绿花岗岩、楼兰金花岗岩、楼桃红花岗岩、樱花白花岗岩、樱花红花岗岩、橄榄绿花岗岩、橙色玫瑰花岗岩、欧亚金麻花岗岩、比萨金麻花岗岩、水晶啡花岗岩、水晶白麻花岗岩、水晶黑花岗岩、永定红花岗岩、江西红花岗岩、沁阳红花岗岩、沙利士红花岗岩、沙力士红花岗岩、沙漠绿洲花岗岩、沙漠金花花岗岩、沙漠金麻花岗岩、泉州白花岗岩、泌阳红花岗岩、法国木纹石花岗岩、法国金花花岗岩、波斯灰花岗岩、浅啡网花岗岩、浅灰网花岗岩、浅灰色花岗岩、浅灰麻花岗岩、浅紫点花岗岩、浅银灰花岗岩、浅黄锈石花岗岩、济南青花岗岩、浪花白花岗岩、海南黑花岗岩、海地金钻花岗岩、海底兰花岗岩、海沧白花岗岩、海浪花花岗岩、深啡网花岗岩、深灰网花岗岩、深灰色花岗岩、深灰麻花岗岩、深褐色花岗岩、清远红花岗岩、湖北白麻花岗岩、湖北虾红花岗岩、湖北黄金麻花岗岩、湖南芝麻白花岗岩、湘白玉花岗岩、湛江黑花岗岩、溪石花花岗岩、漳州红花岗岩、漳浦红花岗岩、漳浦锈花岗岩、漳浦青花岗岩、火山石花岗岩、火烧板花岗岩、火烧面芝麻灰花岗岩、火烧面芝麻白花岗岩、火烧面黄金麻花岗岩、火烧面黄锈石花岗岩、灰木纹花岗岩、灰珍珠花岗岩、灰钻花岗岩、灰麻线条花岗岩、灰麻花岗岩、热带雨林花岗岩、爱马仕灰花岗岩、爵士白花岗岩、牟平白花岗岩、牡丹红花岗岩、特巴斯花岗岩、玉洞石花岗岩、玫瑰白麻花岗岩、玫瑰红花岗岩、珊瑚红花岗岩、珊瑚绿花岗岩、珍珠白花岗岩、珍珠白麻花岗岩、珍珠红花岗岩、珍珠花花岗岩、珍珠蓝花岗岩、珍珠黑花岗岩、白玉兰花岗岩、白玉蓝花岗岩、白玫瑰花岗岩、白珍珠花岗岩、白金世纪花岗岩、白金钻花岗岩、白钻石花岗岩、白钻花岗岩、白锈石花岗岩、白面光面花岗岩、白麻花岗岩、皇室啡花岗岩、皇室棕麻花岗岩、皇室珍珠花岗岩、皇室金麻花岗岩、皇家兰花岗岩、石岛红花岗岩、石棉红花岗岩、石榴红花岗岩、神州绿花岗岩、福寿红花岗岩、福州白花岗岩、福建白花岗岩、福建白麻花岗岩、福建芝麻白花岗岩、福建芝麻黑花岗岩、福建青花岗岩、福贵红花岗岩、福鼎黑花岗岩、禾山红花岗岩、童子黑花岗岩、米黄色花岗岩、米黄花岗岩、粉红花花岗岩、粉红麻花岗岩、索勒金麻花岗岩、索菲特金花岗岩、紫彩麻花岗岩、紫星云花岗岩、紫晶灰麻花岗岩、紫水晶花岗岩、紫点玫瑰花岗岩、紫点白麻花岗岩、紫点金麻花岗岩、紫点黄麻花岗岩、紫红花花岗岩、紫红麻花岗岩、紫罗红花岗岩、紫金沙云花岗岩、紫金黄钻花岗岩、红宝星花岗岩、红棕花岗岩、红线米黄花岗岩、红色玫瑰花岗岩、红钻花岗岩、红锈石花岗岩、红麻花岗岩、线啡花岗岩、细啡珠花岗岩、维纳金麻花岗岩、绿星石花岗岩、绿星花岗岩、绿松蓝花岗岩、绿蔷薇花岗岩、绿蘑菇花岗岩、绿蜘蛛花岗岩、绿蝴碟花岗岩、绿蝴蝶花岗岩、罗原红花岗岩、罗岗红花岗岩、罗源红花岗岩、罗马白麻花岗岩、罗马金钻花岗岩、美利坚灰麻花岗岩、美利坚白麻花岗岩、美利坚红花岗岩、美国灰花岗岩、美国灰麻花岗岩、美国白麻花岗岩、美国紫晶花岗岩、美国红紫晶花岗岩、美玉石花岗岩、翡翠绿花岗岩、翡翠绿麻花岗岩、自然面花岗岩、芝麻浅灰花岗岩、芝麻深灰花岗岩、芝麻灰压顶花岗岩、芝麻灰花岗岩、芝麻白花岗岩、芝麻红花岗岩、芝麻青花岗岩、芝麻黄花岗岩、芝麻黑花岗岩、芭拉白花岗岩、花都红花岗岩、英国棕(黑底)花岗岩、英国棕花岗岩、英国粽花岗岩、英国红棕花岗岩、英国黑棕花岗岩、茉莉金麻花岗岩、草原绿花岗岩、荔枝红花岗岩、荔枝面芝麻灰花岗岩、荔枝面芝麻白花岗岩、荔枝面黄金麻花岗岩、荔枝面黄锈石花岗岩、荥经红花岗岩、莆田锈花岗岩、莎利士红花岗岩、莎安娜米黄花岗岩、莎莉士红花岗岩、莒红花岗岩、莱州灰花岗岩、莱州白麻花岗岩、莱州青花岗岩、菊花黄花岗岩、葡萄牙米黄花岗岩、蒙古黑花岗岩、蒙山花花岗岩、蓝冰花花岗岩、蓝宝星花岗岩、蓝宝石光面花岗岩、蓝宝石花岗岩、蓝山红花岗岩、蓝星花岗岩、蓝珍珠花岗岩、蓝豹花岗岩、蓝金刚花岗岩、蓝钻花岗岩、蓝麻花岗岩、薰衣草花岗岩、虎皮纹花岗岩、虎皮黄花岗岩、虎贝花岗岩、虾红花岗岩、蜂窝石花岗岩、蝴蝶兰花岗岩、蝴蝶绿花岗岩、蝴蝶蓝花岗岩、蝴蝶青花岗岩、西丽红花岗岩、西乡黑花岗岩、西奈珍珠花岗岩、西班牙米黄花岗岩、诏安锈花岗岩、诸广花花岗岩、诺尔红花岗岩、象牙黄花岗岩、豹皮花花岗岩、豹皮钻花岗岩、贝沙金花岗岩、贵妃红花岗岩、资江白花岗岩、资江黑花岗岩、超级白钻花岗岩、路易斯金花岗岩、路易米黄花岗岩、辉绿岩花岗岩、辽白花岗岩、迪拜灰花岗岩、邮政绿花岗岩、鄯善红花岗岩、鄯善黄花岗岩、金世纪花岗岩、金丝缎花岗岩、金叶米黄花岗岩、金塔白麻花岗岩、金山石花岗岩、金山麻花岗岩、金彩麻花岗岩、金彩麻花岗石、金松绿花岗岩、金沙绿花岗岩、金沙黄花岗岩、金点绿花岗岩、金点黄花岗岩、金点黑花岗岩、金玛丽花岗岩、金碧辉煌花岗岩、金秋黄花岗岩、金线米黄花岗岩、金色玫瑰花岗岩、金蝴蝶花岗岩、金豹皮花岗岩、金钻麻花岗岩、金钻黄花岗岩、金镶玉花岗岩、金麻花岗岩、金麻黄花岗岩、金黄锈石花岗岩、铁炉红花岗岩、铂金黑花岗岩、银晶橙花岗岩、银晶灰花岗岩、银河绿花岗岩、银灰花岗岩、银珠花岗岩、银白龙花岗岩、银金沙花岗岩、银钻花岗岩、银麻花岗岩、锈石花岗岩、锈石黄花岗岩、锡安娜金花岗岩、阳江红花岗岩、阴山红花岗岩、阿拉伯白麻花岗岩、阿拉善红花岗岩、阿拉善黄花岗岩、阿拉斯加白花岗岩、阿曼米黄花岗岩、隋白花岗岩、随州白麻花岗岩、随州黄麻花岗岩、雅典娜灰花岗岩、雅典黑金花花岗岩、雅士白花岗岩、雅蒙黑花岗岩、雪丹红花岗岩、雪山飞狐花岗岩、雪浪石花岗岩、雪花白花岗岩、雪花青花岗岩、霞红花岗岩、霸王花花岗岩、青原红花岗岩、青山白花岗岩、青灰色花岗岩、青白粒花岗岩、青石花岗岩、青砂石花岗岩、非洲绿花岗岩、香格里拉花岗岩、香格里拉黑花岗岩、香槟翠花岗岩、香槟金麻花岗岩、香草米黄花岗岩、骆驼棕花岗岩、高明黑花岗岩、高粱红花岗岩、高蛟红花岗岩、鲁灰花岗岩、麻灰小料石花岗岩、黄室啡花岗岩、黄木纹花岗岩、黄玫瑰花岗岩、黄绣石花岗岩、黄色冰裂纹花岗岩、黄蝴蝶花岗岩、黄金沙花岗岩、黄金钻花岗岩、黄金锈荔枝花岗岩、黄金麻花岗岩、黄钻花岗岩、黄锈石花岗岩、黄麻花岗岩、黑冰花花岗岩、黑木纹花岗岩、黑水晶花岗岩、黑珍珠花岗岩、黑白根花岗岩、黑白点花岗岩、黑白花花岗岩、黑石花岗岩、黑金刚花岗岩、黑金沙花岗岩、黑金砂花岗岩、黑金花花岗岩、黑金龙花岗岩、黑钻花岗岩、黑麻花岗岩、黒金沙花岗岩、齐鲁红花岗岩
137,装饰石材及石材制品,天然石材,青石板,装饰石材及石材制品 > 天然石材 > 青石板,0,0,
1450,装饰石材及石材制品,天然石材,麻石,装饰石材及石材制品 > 天然石材 > 麻石,0,0,
1455,装饰石材及石材制品,石材制品及其他,石材养护用品,装饰石材及石材制品 > 石材制品及其他 > 石材养护用品,4,0,加光蜡、去锈剂、增色剂、晶面处理剂
1453,装饰石材及石材制品,石材制品及其他,石材加工制品,装饰石材及石材制品 > 石材制品及其他 > 石材加工制品,52,0,九宫条石、乱石片、人头石、人造浮石、仰天石、保温石(生态石)、凸包石、压顶、台阶、城堡石、弹石、德国米黄莱姆石、挡车石、木化石、条石踏步、板岩、柱墩、水钵、汀步石、河卵石、玄武岩板、玉石、石块、石墩、石挑檐、石材字、石材干挂件、石材磨边、石材背景墙、石条桩、石柱、石柱帽、石门框、石门臼、石马头、礁岩石、窗台板、笋石、线石、腰线石、自然石、虎皮石、起步柱、过门石、透光石、锈石板、长石凳、阶条石、青色马蹄石、风化石、餐盘、马蹄石
50,装饰线条、装饰件、栏杆、扶手及其他,其他装饰材料,其他装饰材料,装饰线条、装饰件、栏杆、扶手及其他 > 其他装饰材料 > 其他装饰材料,16,0,GRC制品、不锈钢旗杆、不锈钢锥型无绳旗杆、不锈钢锥形旗杆、仿真植物、墙衣、无缝钢管旗杆、木质旗杆、橱柜门板新材料、灯箱布、碳钢旗杆、空气能软墙、衬纸、铝合金旗杆、阻尼隔声毡、阻尼隔音板
1797,装饰线条、装饰件、栏杆、扶手及其他,其他装饰材料,号牌、铭牌,装饰线条、装饰件、栏杆、扶手及其他 > 其他装饰材料 > 号牌、铭牌,0,0,
145,装饰线条、装饰件、栏杆、扶手及其他,其他装饰材料,广告图文,装饰线条、装饰件、栏杆、扶手及其他 > 其他装饰材料 > 广告图文,43,0,PVC发光字、不锈钢亚克力发光字、不锈钢发光字、不锈钢字、不锈钢树脂发光字、不锈钢灯箱、不锈钢烤漆字、不锈钢装饰字、不锈钢铭牌、不锈钢镀钛发光字、不锈钢镀钛字、亚克力发光字、发光字、喷字、塑料装饰字、墙面灯箱、弗龙板装饰字、挂式灯箱、有机玻璃装饰字、有机玻璃铭牌、木装饰字、柱形灯箱、树脂发光字、树脂装饰字、泡沫塑料装饰字、烤漆装饰字、电子发光字、白钢标牌、立式灯箱、胶合板装饰字、钛金字、钛金标牌、钛金装饰字、铁皮发光字、铁装饰字(包涂料)、铁铭牌、铜装饰字、铜铭牌、铝合金装饰字、铝合金铭牌、铝牌、镀锌板发光字、镀锌板装饰字
1531,装饰线条、装饰件、栏杆、扶手及其他,其他装饰材料,艺术装饰制品,装饰线条、装饰件、栏杆、扶手及其他 > 其他装饰材料 > 艺术装饰制品,6,0,GRC成品造型山花、中国结、椅套沙发套、浮雕造型、砂岩造型、花瓶座
1530,装饰线条、装饰件、栏杆、扶手及其他,其他装饰材料,装饰件,装饰线条、装饰件、栏杆、扶手及其他 > 其他装饰材料 > 装饰件,29,0,分隔条、壁柱、壁炉、壁饰、天花造型角、弯角花、拱心石、方形柱、方柱头、板条、板画、柱头、帽、柱脚、梁头柱、梁托、檐托、浮雕壁饰、灯圈、灯盘、石膏壁画、石膏造型角、罗马柱、罗马柱头、艺术顶盆、花瓶柱、花角、镜框、防滑条、饰花
1529,装饰线条、装饰件、栏杆、扶手及其他,装饰栏杆及扶手,扶手,装饰线条、装饰件、栏杆、扶手及其他 > 装饰栏杆及扶手 > 扶手,34,0,PVC塑料扶手、PVC塑料扶手弯头、PVC铝合金扶手、WPC扶手、WPC方管立柱、Ⅲ型扶手罗汉版、不锈钢尼龙扶手、不锈钢扶手、不锈钢立柱、塑木扶手、塑木立柱、大理石扶手、大理石扶手弯头、大理石扶手立柱、抛铝合金扶手、木扶手、松木扶手、松木扶手弯头、松木扶手立柱、柏木扶手、树脂扶手、橡胶扶手、玻璃扶手、白钢扶手、硬木扶手、硬木扶手弯头、硬木扶手立柱、花岗石扶手、花岗石扶手弯头、花岗石扶手立柱、钛金扶手、铁艺扶手、铜扶手、铝合金扶手
74,装饰线条、装饰件、栏杆、扶手及其他,装饰栏杆及扶手,栏杆、栏板,装饰线条、装饰件、栏杆、扶手及其他 > 装饰栏杆及扶手 > 栏杆、栏板,38,0,EPS栏杆、GRC栏杆、GRC栏板、RDBM高分子栏杆、不锈钢栏杆、不锈钢栏板、不锈钢玻璃栏杆、不锈钢玻璃栏板、不锈钢管栏杆、不锈钢防盗护栏、型钢护栏、型钢玻璃护栏、塑料栏杆、塑料栏板、塑木栏杆、塑钢栏杆、木栏杆、木质栏板、水泥仿木栏杆、混凝土护栏、玻璃栏板、石材栏杆、石材栏板、聚氨酯栏杆、钛金栏杆、钢栏杆、钢管栏杆、铁艺栏杆、铜管栏杆、铝合金全玻栏板、铝合金半玻栏板、铝合金护栏、铝合金栏杆、铝合金玻璃栏板、铝塑栏杆、铸铁栏杆、锌合金栏杆、锌钢栏杆
207,装饰线条、装饰件、栏杆、扶手及其他,装饰线条,其他装饰线条,装饰线条、装饰件、栏杆、扶手及其他 > 装饰线条 > 其他装饰线条,23,0,EPS装饰线条、GRC檐线、GRC装饰线条、RDBM高分子装饰线条、UVZ线条、grc弧线、不锈钢装饰线条、护角线、木塑装饰线条、玻璃装饰线条、白钢装饰线条、石塑烤漆线条、石塑装饰线条、碳纤维线条、竹木纤维装饰线条、竹质装饰线条、聚合聚苯板线条、聚苯板线条、钛金装饰线条、铜质装饰线条、铝合金装饰线条、铝木装饰线条、陶瓷装饰线条
1524,装饰线条、装饰件、栏杆、扶手及其他,装饰线条,塑料装饰线条,装饰线条、装饰件、栏杆、扶手及其他 > 装饰线条 > 塑料装饰线条,0,0,
1525,装饰线条、装饰件、栏杆、扶手及其他,装饰线条,复合材料装饰线条,装饰线条、装饰件、栏杆、扶手及其他 > 装饰线条 > 复合材料装饰线条,0,0,
1520,装饰线条、装饰件、栏杆、扶手及其他,装饰线条,木质装饰线条,装饰线条、装饰件、栏杆、扶手及其他 > 装饰线条 > 木质装饰线条,0,0,
1526,装饰线条、装饰件、栏杆、扶手及其他,装饰线条,玻璃钢装饰线条,装饰线条、装饰件、栏杆、扶手及其他 > 装饰线条 > 玻璃钢装饰线条,0,0,
1522,装饰线条、装饰件、栏杆、扶手及其他,装饰线条,石材装饰线条,装饰线条、装饰件、栏杆、扶手及其他 > 装饰线条 > 石材装饰线条,0,0,
1523,装饰线条、装饰件、栏杆、扶手及其他,装饰线条,石膏装饰线条,装饰线条、装饰件、栏杆、扶手及其他 > 装饰线条 > 石膏装饰线条,0,0,
1528,装饰线条、装饰件、栏杆、扶手及其他,装饰线条,踢脚线,装饰线条、装饰件、栏杆、扶手及其他 > 装饰线条 > 踢脚线,12,0,地脚线、块料踢脚线、塑料踢脚线、大理石踢脚线、木塑踢脚线、木质踢脚线、石塑踢脚线、竹木纤维踢脚线、竹质踢脚线、花岗岩踢脚线、踢脚线收口条、金属踢脚线
1527,装饰线条、装饰件、栏杆、扶手及其他,装饰线条,轻质水泥纤维装饰线条,装饰线条、装饰件、栏杆、扶手及其他 > 装饰线条 > 轻质水泥纤维装饰线条,0,0,
1521,装饰线条、装饰件、栏杆、扶手及其他,装饰线条,金属装饰线条,装饰线条、装饰件、栏杆、扶手及其他 > 装饰线条 > 金属装饰线条,0,0,
1742,轨道交通专用材料及设备,信号器材,信号线路连接附件,轨道交通专用材料及设备 > 信号器材 > 信号线路连接附件,14,0,中间扣板、固定底座、托板托架、接地膨胀连接板、接头扣板、接头挂环、接触线固定夹板、电缆固定夹、电缆固定夹板、电缆固定架、电缆托板、跳线肩架、避雷器连接板、铜连接板
1746,轨道交通专用材料及设备,信号器材,信号设备装置,轨道交通专用材料及设备 > 信号器材 > 信号设备装置,0,0,
1744,轨道交通专用材料及设备,信号器材,其他轨道信号器材,轨道交通专用材料及设备 > 信号器材 > 其他轨道信号器材,4,0,匹配单元、卡接式接线模块、接线模块、模拟盘
1743,轨道交通专用材料及设备,信号器材,车载定位装置,轨道交通专用材料及设备 > 信号器材 > 车载定位装置,8,0,定位环、定位管、定位线夹、定位钩、支柱装配配件、正定位、正定位悬挂、腕臂
1745,轨道交通专用材料及设备,信号器材,车载设备配线装置,轨道交通专用材料及设备 > 信号器材 > 车载设备配线装置,4,0,ATP/ATO车载设备配线及连接电缆、司机操作显示单元设备配线及连接电缆、车载天线设备配线及连接电缆、车载测速校准设备配线及连接电缆
1741,轨道交通专用材料及设备,信号器材,道口信号器材,轨道交通专用材料及设备 > 信号器材 > 道口信号器材,9,0,电动栏木、设备支架、语言报警器、道口信号机、道口器材箱、道口控制盘、道口控制箱、道口收发器、道口闪光器
1757,轨道交通专用材料及设备,其他轨道交通材料,接触网零配件,轨道交通专用材料及设备 > 其他轨道交通材料 > 接触网零配件,7,0,吊弦、悬式绝缘子串、承力索、棒式绝缘子、水平拉杆、水泥支柱、钢筋混凝土支柱
1756,轨道交通专用材料及设备,其他轨道交通材料,线路养护设备,轨道交通专用材料及设备 > 其他轨道交通材料 > 线路养护设备,0,0,
1754,轨道交通专用材料及设备,其他轨道交通材料,轨道用工器具,轨道交通专用材料及设备 > 其他轨道交通材料 > 轨道用工器具,6,0,单轨阻车器、双轨阻车器、手板钻、液压弯轨机、立式扳道器、齿条式起道机
178,轨道交通专用材料及设备,其他轨道交通材料,轨道用辅助材料,轨道交通专用材料及设备 > 其他轨道交通材料 > 轨道用辅助材料,10,0,拖链板、耐磨条、调节器、轨枕包套、连接板、道闸拉杆、钢轨扣件、钢轨距杆、锚固底座、防爬器托架
1755,轨道交通专用材料及设备,其他轨道交通材料,轨道线路检测设备,轨道交通专用材料及设备 > 其他轨道交通材料 > 轨道线路检测设备,0,0,
1753,轨道交通专用材料及设备,其他轨道交通材料,鱼尾板,轨道交通专用材料及设备 > 其他轨道交通材料 > 鱼尾板,0,0,
1751,轨道交通专用材料及设备,轨道智能化系统,客运信息系统,轨道交通专用材料及设备 > 轨道智能化系统 > 客运信息系统,0,0,
1750,轨道交通专用材料及设备,轨道智能化系统,环境监控系统,轨道交通专用材料及设备 > 轨道智能化系统 > 环境监控系统,0,0,
1748,轨道交通专用材料及设备,轨道智能化系统,自动售检票系统AFC,轨道交通专用材料及设备 > 轨道智能化系统 > 自动售检票系统AFC,0,0,
1749,轨道交通专用材料及设备,轨道智能化系统,行车智能化与控制系统,轨道交通专用材料及设备 > 轨道智能化系统 > 行车智能化与控制系统,0,0,
1747,轨道交通专用材料及设备,轨道智能化系统,轨道综合监控系统SCADSA,轨道交通专用材料及设备 > 轨道智能化系统 > 轨道综合监控系统SCADSA,0,0,
1739,轨道交通专用材料及设备,钢轨、轨枕,轨枕（岔枕）,轨道交通专用材料及设备 > 钢轨、轨枕 > 轨枕（岔枕）,4,0,岔枕、普通轨枕、木质轨枕、桥枕
1740,轨道交通专用材料及设备,钢轨、轨枕,道岔,轨道交通专用材料及设备 > 钢轨、轨枕 > 道岔,5,0,交叉渡线、单开道岔、双开道岔(对称道岔)、复式交分道岔、浮放道岔
1738,轨道交通专用材料及设备,钢轨、轨枕,钢轨及钢轨配件,轨道交通专用材料及设备 > 钢轨、轨枕 > 钢轨及钢轨配件,5,0,起重机轨、轨距档板、重轨、钢轨(重轨)、鱼尾板(连接板)
1752,轨道交通专用材料及设备,防雷设备装置,防雷设备装置,轨道交通专用材料及设备 > 防雷设备装置 > 防雷设备装置,0,0,
218,通风空调设备,其他通风空调设备及配件,其他通风器材,通风空调设备 > 其他通风空调设备及配件 > 其他通风器材,37,0,中央吸尘、五防拔气阀、人字闸、减震吊钩、回风箱、导流片、帆布软接、干盘管、执行器、扩散孔板、排烟口装饰板、排烟口装饰面板、排烟阀远控装置、旁通阀、暖风机、木托卡子、板式、板翅式、液晶温控板、热管式、硅箔复合布软接、自动排气活门、超压排气活门、转轮热回收机组、防火止回阀、防火阀执行机构、风口专用人字闸、风机盘管集风箱、风管专用三通、风管专用内接、风管专用四通、风管专用大小头、风管专用天方地圆、风管专用弯头、风管专用法兰、风管专用马鞍接口、风管预埋件
1623,通风空调设备,其他通风空调设备及配件,其他通风空调设备,通风空调设备 > 其他通风空调设备及配件 > 其他通风空调设备,0,0,
1624,通风空调设备,其他通风空调设备及配件,其他配件,通风空调设备 > 其他通风空调设备及配件 > 其他配件,2,0,干燥机、辅助电加热器
1620,通风空调设备,其他通风空调设备及配件,空调配件,通风空调设备 > 其他通风空调设备及配件 > 空调配件,19,0,动态压差平衡阀、动态平衡二通阀、可升级平衡阀、多功能恒温阀、手动预设阀、比例积分电动三通调节阀、比例积分电动二通调节阀、水流开关、法兰比例积分调节阀、液体压差开关、电动三通调节阀、电动三通阀、电动二通调节阀、电动二通阀、电动截止二通阀、电动温控阀、空气压差开关、透气帽、阻火透气帽
1622,通风空调设备,其他通风空调设备及配件,除湿机,通风空调设备 > 其他通风空调设备及配件 > 除湿机,6,0,人防用除湿机、吊顶除湿机、商用除湿机、家用除湿机、工业用除湿机、防爆除湿机
1602,通风空调设备,冷却塔,横流式冷却塔,通风空调设备 > 冷却塔 > 横流式冷却塔,0,0,
1603,通风空调设备,冷却塔,混流式冷却塔,通风空调设备 > 冷却塔 > 混流式冷却塔,0,0,
1601,通风空调设备,冷却塔,逆流式冷却塔,通风空调设备 > 冷却塔 > 逆流式冷却塔,3,0,侧进风冷却塔、无风机冷却塔、横流式冷却
1596,通风空调设备,冷热水机组,压缩式冷水机组,通风空调设备 > 冷热水机组 > 压缩式冷水机组,0,0,
1597,通风空调设备,冷热水机组,吸收式冷水机组,通风空调设备 > 冷热水机组 > 吸收式冷水机组,0,0,
1599,通风空调设备,冷热水机组,地源热泵机组,通风空调设备 > 冷热水机组 > 地源热泵机组,0,0,
1594,通风空调设备,冷热水机组,水冷冷水机组,通风空调设备 > 冷热水机组 > 水冷冷水机组,11,0,循环型热水机组、模块化冷水机组、水冷热泵机组、活塞式制冷机组、涡旋式冷水机组、燃气热水机组、离心式冷水机组、螺杆式冷水机组、风冷冷热水机组、风冷模块机组、风冷热泵机组
1598,通风空调设备,冷热水机组,水源热泵机组,通风空调设备 > 冷热水机组 > 水源热泵机组,0,0,
1600,通风空调设备,冷热水机组,空气源热泵机组,通风空调设备 > 冷热水机组 > 空气源热泵机组,0,0,
1595,通风空调设备,冷热水机组,风冷冷水机组,通风空调设备 > 冷热水机组 > 风冷冷水机组,0,0,
1593,通风空调设备,空调末端设备,散流器,通风空调设备 > 空调末端设备 > 散流器,10,0,圆形散流器、圆环型散流器、圆盘散流器、方形散流器、条型斜叶片散流器、条型直叶片散流器、条缝散流器、流线型散流器、矩形散流器、线槽散流器
1589,通风空调设备,空调末端设备,新风机组,通风空调设备 > 空调末端设备 > 新风机组,6,0,卧式新风机组、吊顶式新风机组、壁挂式新风机组、新风风管机、热交换新风机组、立式新风机组
1592,通风空调设备,空调末端设备,空气幕,通风空调设备 > 空调末端设备 > 空气幕,5,0,其他类型空气幕、电热风幕机、离心式空气幕、贯流式空气幕、轴流式空气幕
1591,通风空调设备,空调末端设备,诱导器,通风空调设备 > 空调末端设备 > 诱导器,2,0,盘管喷流诱导器、送风诱导器
80,通风空调设备,空调末端设备,风口,通风空调设备 > 空调末端设备 > 风口,37,0,侧壁格栅式风口、全自动排烟口、单层百叶风口、双层百叶风口、可开式(铰链)百叶风口、四向出风口、圆形固定扩散出风口、圆形自垂百叶风口、圆盘形送风口、地板送风口、多叶送风口、孔板风口、射流消声风口、常闭电动百叶风口、排烟口、方形盘式扩散风口、旋流风口、条形风口、板式排烟口、格栅式风口、正压送风口、活动式百叶风口、活动篦式风口、球形喷流风口、线形风口、网式风口、自垂百叶风口、花式风口、蛋格式风口、调整侧吹格栅风口、远控多叶排烟口、远控多页排烟口、门铰式百叶风口、防水百叶风口、防火风口、防雨百叶风口、鼓形风口
1590,通风空调设备,空调末端设备,风机盘管,通风空调设备 > 空调末端设备 > 风机盘管,11,0,卡式风机盘管、卧式明装风机盘管、卧式暗装风机盘、卧式暗装风机盘管、卧柜式风机盘管、吊顶式风机盘管、壁挂式风机盘管、立式明装风机盘管、立式暗装风机盘、立式暗装风机盘管、立柜式风机盘管
1609,通风空调设备,空调系统部件,净化过滤设备,通风空调设备 > 空调系统部件 > 净化过滤设备,7,0,人防过滤吸收器、净化工作台、生物安全柜、空气净化消毒器、空气过滤器、货淋室、风淋室
1604,通风空调设备,空调系统部件,压缩机,通风空调设备 > 空调系统部件 > 压缩机,8,0,其他压缩机、活塞式空气压缩机、涡旋式空气压缩机、滑片式空气压缩机、离心式压缩机、膜式空气压缩机、螺杆式空气压缩机、轴流式压缩机
1610,通风空调设备,空调系统部件,变速器,通风空调设备 > 空调系统部件 > 变速器,0,0,
1611,通风空调设备,空调系统部件,喷雾器,通风空调设备 > 空调系统部件 > 喷雾器,1,0,离心喷雾干燥设备
1605,通风空调设备,空调系统部件,换热器（蒸发器、冷凝器）,通风空调设备 > 空调系统部件 > 换热器（蒸发器、冷凝器）,6,0,水冷冷凝器、淋水式冷凝器、蒸发器、蒸发式冷凝器、表冷器、风冷冷凝器
1607,通风空调设备,空调系统部件,空气加热、冷却器,通风空调设备 > 空调系统部件 > 空气加热、冷却器,6,0,吊顶式空气冷却器、拼装式空气冷却器、电加热器、落地式空气冷却器、表面式空气加热器、顶平侧吹式空气冷却器
1606,通风空调设备,空调系统部件,节流元件,通风空调设备 > 空调系统部件 > 节流元件,3,0,热力膨胀阀、电动保温阀、电子膨胀阀
1608,通风空调设备,空调系统部件,风口过滤器、过滤网,通风空调设备 > 空调系统部件 > 风口过滤器、过滤网,4,0,不锈钢过滤网、尼龙过滤网、铝合金过滤网、风口过滤器
1588,通风空调设备,空调设备,分散式空调系统（空调器）,通风空调设备 > 空调设备 > 分散式空调系统（空调器）,30,0,冷藏车空调、分体台式空调器、分体吸顶式空调器、分体壁挂式空调器、分体嵌入式空调器、分体柜式空调器、分体空调室内机、分体空调室外机、分体落地式空调器、卧式空调机组、卧柜式空调机组、变频式空调、吊顶式空调机组、多联机空调室内机、多联机空调室外机、天井式室内机、客车空调机组、家用中央空调、房车空调、机房专用空调、电梯空调、空调室内机、空调室外机、窗式空调器、精密空调、组合式空调机组、船用空调、落地卧式空调机组、落地立式空调机组、风管式空调机
219,通风空调设备,空调设备,集中式空调系统（中央空调）,通风空调设备 > 空调设备 > 集中式空调系统（中央空调）,14,0,中央空调、冰蓄冷中央空调、冷冻除湿机、变频智能多联中央空调、多联式全新风处理机、恒温恒湿机、新风空调净化一体机、水冷柜机、溴冷机中央空调、空气源热泵家用中央空调、风冷柜机、风冷模块机商用冷暖一体水机组、风冷热泵中央空调、风冷空调机组
1614,通风空调设备,通风设备,台扇、落地扇,通风空调设备 > 通风设备 > 台扇、落地扇,3,0,台扇、工业电风扇、落地扇
1613,通风空调设备,通风设备,吊风扇、壁扇,通风空调设备 > 通风设备 > 吊风扇、壁扇,3,0,吊风扇、吸顶扇、壁扇
217,通风空调设备,通风设备,排气扇、换气扇,通风空调设备 > 通风设备 > 排气扇、换气扇,2,0,换气扇、排气扇
216,通风空调设备,通风设备,通风机,通风空调设备 > 通风设备 > 通风机,18,0,两用风机、其他类型风机、射流风机、屋顶风机、排风机、斜流式通风机、柜式风机、消防排烟风机、混流式通风机、离心式通风机、管道式风机、罗茨风机、诱导风机、贯流式通风机、轴流式通风机、通风柜、静音风机、风机箱
1612,通风空调设备,通风设备,鼓风机,通风空调设备 > 通风设备 > 鼓风机,5,0,回转式鼓风机、离心式鼓风机、罗茨式鼓风机、螺杆式鼓风机、轴流式鼓风机
1618,通风空调设备,风管及风管部件,消声器,通风空调设备 > 风管及风管部件 > 消声器,12,0,微子复合消声器、微穿孔板消声器、抗性消声器、排气喷流消声器、板式消声器、消声弯头、片式消声器、电子消声器、百叶式消声器、管式消声器、阻性消声器、阻抗复合消声器
1619,通风空调设备,风管及风管部件,静压箱,通风空调设备 > 风管及风管部件 > 静压箱,1,0,消声静压箱
1616,通风空调设备,风管及风管部件,风帽,通风空调设备 > 风管及风管部件 > 风帽,7,0,不锈钢风帽、伞形风帽、方形风帽、球形风帽、筒形风帽、蘑菇形风帽、锥形风帽
1615,通风空调设备,风管及风管部件,风管、风道,通风空调设备 > 风管及风管部件 > 风管、风道,19,0,PVC软管、共板金属风管、双面铝箔玻纤软管、变压式排气道、引射导流式通风道、法兰金属风管、玻纤布波纹管、硅玻钛金保温软管、硅纤钛金不燃保温软管、硅酸钛金不燃软管、硅钛合金防火软管、钢丝网水泥排气道、铝箔波纹管、铝箔玻璃棉软管、铝箔软管、风筒、风管、风管板、风道
1617,通风空调设备,风管及风管部件,风管罩,通风空调设备 > 风管及风管部件 > 风管罩,14,0,ABS吸烟罩、上下吸式圆形回转罩、上吸式侧吸罩、下吸式侧吸罩、升降式回转排气罩、升降式排气罩、手锻炉排气罩、暖气罩、电动机防雨罩、皮带防护罩、空调罩、通风罩、采光罩、防火罩
82,通风空调设备,风管及风管部件,风管调节阀,通风空调设备 > 风管及风管部件 > 风管调节阀,17,0,定风量阀、对开多叶调节阀、手柄式蝶阀、拉链式蝶阀、排烟阀、排烟防火阀、电动阀门、简易熔断式防火阀、自垂式余压阀、远控排烟防火阀、重锤式余压阀、防火调节阀、防火阀、防烟防火阀、风管三通调节阀、风管止回阀、风量调节阀
1312,道路桥梁专用材料,其他交通设施,信号灯,道路桥梁专用材料 > 其他交通设施 > 信号灯,0,0,
94,道路桥梁专用材料,其他交通设施,其他交通设施,道路桥梁专用材料 > 其他交通设施 > 其他交通设施,216,0,43珠道钉、EVA圆锥、EVA方锥、EVA防压路椎、PE车轮定位器、PVC线槽板、PVC车轮定位器、丁腈橡胶车轮定位器、三线槽减速带、三角架、不锈钢盲道、中心分割线、临时车位标线、二线槽减速带、五线槽减速带、交通信号灯、人行道线、仿真警车、企口彩钢、伸缩杆、伸缩装置、保通机器人、信号按钮、信号控制机、信号灯倒计时器、假警察、停字牌、全铝道钉、公路界、公里标、减速带、减速带端头、减速路拱、减速震荡线、出入口龙门架、分区漆、分岔箭头、分道体、半公里标、单立柱、双色人字形减速带、反光柱、反光背心、反光衣、反光道钉、反恐路障、含标线减速带、吸盘式车轮锁、告示锥、四线槽减速带、围杆、围网、固定标牌吊架、固定车位标线、固定铝槽夹马、圆弧形护角、地桩锁、地界、地面标识、坡度标、坡道墙裙、塑料减速带、塑料圆锥、塑料定位器、塑料方锥、塑料路钉、塑料路锥、塑料道钉、墙裙、墙角保护器、太阳能导向灯、太阳能爆闪灯、太阳能诱导灯、太阳能闪灯、安全保护区、宣传栏、室内凸面镜、室外凸面镜、室外立体灯箱、对中三角架、平衡压袋、应急设施套装、悬牌吊架、成型标带、托板、托架、抗压O型车轮锁、抗污标线、护栏板立柱、拉力环、拉筋带、拦水石、指挥棒、振荡标线、提环塑料方锥、改性塑料减速带、斑马线、斜条纹减速带、斜条纹圆点减速带、新型麻点减速带、方锥带耳、施工机器人、施工架、智能交通信号控制机、曲线标、机压上坡角、机压下坡角、柔性警示柱、柱帽、柱面标识、标志预埋件、标桩、标牌挂杆、标线、桥梁标、桥面泄水孔、梅花灯、楼栋文字标识、横隔梁、橡塑减速带、橡塑定位器、橡塑车轮定位器、橡胶减噪板、橡胶减速带、橡胶减速板、橡胶减速标线带、橡胶减速档、橡胶定位器、橡胶护墙角、橡胶盲道、橡胶路沿坡、橡胶路锥、橡胶车档、橡胶车轮定位器、止退器、水泥定位器、泊车牌、泡沫护角、浅层路障、涵渠标、热熔标线、焊角铁挡抢杆、燕尾减速带、牛角锁、玻璃道钉、玻璃钢防眩板、球面镜、电子警察、电子车速反馈器、界桩、界碑、白虚线、白钢宣传栏、百米桩、盒装安全带、盘式车轮锁、直行箭头、礼宾柱、积水罐、穿钉、立柱分区字体、系统信号机、红网格反光衣、线槽减速带、老虎钳车轮锁、自行车架、菱形减速带、行车道钉、警冲标、警戒带、警示告示类、警示执勤台、诱导标志、路基箱、路沿坡、路锥、踢脚线标线、车位号标线、车位导向、车位挡车杆、车位箭头标线、车号牌、车轮定位器、车轮挡轮座、车轮止滑器、轮胎锁、边黄线、连接棒、道路护栏底座、道钉、里程碑、钢座、钢管定位器、钢管警示柱、铁管车轮定位器、铁路刺笼支架、铝板护角、铝道钉、铸钢减速带、铸铁减速带、铸铁底座、铸铁座、铸铝路钉、铸铝道钉、链条、门架式可变信息标志、防滑坡道、防盗刺、附着式交通标志、隔声屏障、隔音墙、非文字标识、高亮标线、麻点减速带、黄闪灯、龙门架
1736,道路桥梁专用材料,岗亭,交通岗亭,道路桥梁专用材料 > 岗亭 > 交通岗亭,17,0,不锈钢岗亭、不锈钢收费岗亭、不锈钢椭圆岗亭、值警亭、其他、彩钢板岗亭、木岗亭、玻璃钢保安房、警银亭、金属雕花板岗亭、钢结构岗亭、铝合金警亭、铝塑板岗亭、镀锌板警亭、镀锌钢收费岗亭、镀锌钢结构豪华岗亭、防腐木岗亭
1737,道路桥梁专用材料,岗亭,其他岗亭,道路桥梁专用材料 > 岗亭 > 其他岗亭,0,0,
1731,道路桥梁专用材料,路基材料,路用基层材料,道路桥梁专用材料 > 路基材料 > 路用基层材料,9,0,三灰稳定碎石、二灰稳定碎石、发泡轻质土、水泥稳定砂砾、水泥稳定碎石、水泥综合稳定石灰土、沥青砂、石灰工业废渣稳定土、石灰粉煤灰稳定碎石
1729,道路桥梁专用材料,路面材料,路面天然石构件,道路桥梁专用材料 > 路面材料 > 路面天然石构件,10,0,平缘石、曲面缘石、树穴石、界石、立缘石、路侧石、路平石、路沿石、路缘石、路边石
1730,道路桥梁专用材料,路面材料,路面砖、广场砖,道路桥梁专用材料 > 路面材料 > 路面砖、广场砖,73,0,8字草坪砖、PC砖、井砖、人行道砖、仿古青砖、便道砖、八卦砖、六角砖、劈裂砌砖、压六角砖、压顶砖、古建青砖、吸水砖、工字砖、平石、平面大方砖、平面曲波砖、平面砖、建菱砖、抗冻透水砖、护坡砖、拉丝砖、方形砖、普通型面砖、曲波带格砖、机刨砖、树围砖、梯形砖、植草砖、楼顶砖、止步砖、步道石、步道砖、水工砖、汀步板、波浪渗水砖、波浪砖、波纹彩砖、波纹机刨砖、波纹砖、烧结砖、生态砖、盲道砖、盲道透水砖、矩形砖、砂基透水砖、箭头砖、组合广场砖、组合砖、缺角大方砖、缺角砖、联锁型面砖、花池砖、花盆砖、草坪砖、荷兰砖、菱形砖、西班牙彩砖、赛克砖、车型互锁砖、连锁砖、透气渗水砖、透水波浪砖、透水盲道砖、透水砖、透水缺角砖、透水连锁砖、道路砖、重载砖、长方砖、防滑渗水砖、面包砖、预制砼彩色步砖
146,道路桥梁专用材料,道路用构件及加工件,路桥接口材料,道路桥梁专用材料 > 道路用构件及加工件 > 路桥接口材料,9,0,切线式钢支座、四氟板式橡胶组合支座、板式橡胶支座、球形支座、球形钢支座、盆式支座、盆式橡胶支座、辊轴钢支座、高阻尼隔震橡胶支座
180,道路桥梁专用材料,道路用构件及加工件,道路管井、沟槽等构件,道路桥梁专用材料 > 道路用构件及加工件 > 道路管井、沟槽等构件,155,0,135℃井、15°弯头井、45°弯头井、45°弯头井座、90°井、90°弯头井、90°弯头井座、一通井、万能井座、三通井、三通井(沉泥)、三通井(流槽)、三通井座、不锈钢井盖、不锈钢格栅盖板、不锈钢盖板、不锈钢隐形井盖、两通井、二通井、五防井盖、井盖、井筒、任意角度式井、六通井、加重型井盖、化粪池盖板、单篦子、单通井、可折叠隐形防火盖板、右三通井、四通井、四通井(沉泥)、四通井(流槽)、四通井座、圆井盖、圆孔防滑板、圆形井盖、塑料井盖、塑料内盖、复合井盖、复合井盖井座、复合护树板、复合盖板、外方内圆井盖、多管接入井、左三通井、异形铸铁沟盖板、弯头井、弯头井(沉泥)、弯头井90°(沉泥)、弯头井90°(流槽)、弯头井座、手孔井、收集井、方井盖、方型井盖、方形井盖、方沟盖板、普通型井盖、树脂井盖、树脂模压盖板、树脂盖板、检查井、检查井盖、检查井盖板、正三角形井、正四通井、水封井座、水泥井盖、水篦子、汇合三通井、污水池盖板、油污隔离井、液压井盖、混凝土井盖、混凝土井筒、渗透井、热镀锌钢格栅盖板、焊接井、环保型复合树脂井盖、玻璃纤维复合井盖、玻璃钢井盖、玻璃钢格栅板、玻璃钢盖板、球墨井盖、球墨铸铁井盖、球墨铸铁单篦子、球墨铸铁盖板、球墨铸铁雨水篦子、电信井、电力沟盖板、电力电信井盖、电力盖板、电缆检查井、电缆沟盖板、直通井、直通井(沉泥)、直通井(流槽)、直通井座、砼雨水井、硅塑井盖、种植井盖、篦子单片、自动液压井盖、花盆井盖、草坪井、草坪井盖、草盆井、草盆井盖、菜场板、装饰井盖、调节井、起始井、起始井(沉泥)、起始井(流槽)、起始井座、路灯方井盖、轻型五防井盖、轻型井盖、轻型沟盖、轻型篦子、过渡井、道路井圈、重型五防井盖、重型井盖、重型篦子、钢格栅盖板、钢盖板、钢筋沟盖板、钢筋砼内检井环、钢纤维混凝土井盖、钢纤维砼井盖、铁方井盖、铜挂套篦子、铸铁井盖、铸铁沟井盖、铸铁溢流口、铸铁窨井圈、镀锌钢格栅板、镀锌钢格栅盖板、镀锌钢盖板、阀门井、防盗防水电缆井盖、隐形井盖、隐形方井盖、隐形窨井盖、隔塞井、隔离井、集水坑盖板、集污井座、雨水口座、雨水收集井、雨水篦子、高分子水篦子、高跟鞋防卡雨水篦子
1734,道路桥梁专用材料,防护与标志材料,交通（安全）标志,道路桥梁专用材料 > 防护与标志材料 > 交通（安全）标志,99,0,EVA警示柱、PE警示柱、三角标志桩、三角警示架、严禁烟火标牌、临时停车牌、交通标志、指示牌、交通标志杆、交通标志牌、信号杆、停车场示意图、光缆标志牌、公告栏、分向箭头标线、分道标、区域号牌、单元牌、单悬臂交通标志、单支单面标、单柱式交通标志、单面矩形轮廓标、双支单面标、双支双面标、双面矩形轮廓标、反光带、反光片、反光环、反光镜、反光镜立杆、右转弯箭头标线、向左向右转弯箭头标线、告示牌、商铺牌、地下停车场指示牌、坡道导流牌、塑料百米牌、多向指示牌、太阳能施工标志、安全告示牌、安全警示带、导向指示牌、导向箭头、导流牌、小心台阶牌、左右转箭头标线、左转弯箭头标线、广告牌、广角镜、弹性导标杆、房号牌、指南针、掉头箭头标线、推拉牌、收费牌、施工牌、标志板、标志桩、标杆、标识牌、栋号牌、树名牌、楼层牌、橡胶诱导标、测试桩、消防通道牌、燕尾柱、电缆标志桩、电缆标志牌、百米牌、直行右转箭头标线、直行向左向右转箭头标线、直行左转箭头标线、直行护角定位器、直行箭头标线、矩形轮廓标、禁停线、禁止停车牌、禁止高空抛物牌、禁鸣限速牌、突起路标、花草牌、警示带、警示柱、警示标、警示牌、设备间门牌、车位号、车位放大号、车位框、车位线、车身反光贴、车身贴、轮廓标、通道线、道口标、道路标线、门牌、限高器、龙门牌
182,道路桥梁专用材料,防护与标志材料,护栏、防护栏、隔离栅,道路桥梁专用材料 > 防护与标志材料 > 护栏、防护栏、隔离栅,4,0,围墙、护栏、护网、铁艺围墙
1735,道路桥梁专用材料,防护与标志材料,车位锁,道路桥梁专用材料 > 防护与标志材料 > 车位锁,26,0,A-新型车位锁、A型车位锁、C型车位锁、D型遥控车位锁、D型遥控锁、H型车位锁、K型车位锁、M型车位锁、O型车位锁、T型车位锁、U型手动车位锁、X型遥控车位锁、Y型车位锁、三角形型内挂锁、三角形型外挂锁、三角形车位锁、八角车位锁、八角锁、大钳式车位锁、方型遥控车位锁、槽钢A型锁、物联无线车位感知传感器、菱型车位锁、遥控车位锁、龙门车位锁、龙门锁
1732,道路桥梁专用材料,防护与标志材料,防撞装置,道路桥梁专用材料 > 防护与标志材料 > 防撞装置,24,0,U型防撞栏、塑料护墙角、弹力柱、橡胶护角、橡胶防撞块、橡胶防撞条、水马、波形防护板、铁路桩、防撞安全栏、防撞开关、防撞扶手、防撞护墙板、防撞护角、防撞杠、防撞柱、防撞桶、防撞立柱、防撞胶块、防撞锥筒、防撞镀锌波形梁板、防撞镀锌立柱、防撞雷达、防阻块
1733,道路桥梁专用材料,防护与标志材料,隔离装置,道路桥梁专用材料 > 防护与标志材料 > 隔离装置,30,0,便道桩、单管式挡车器、围栏、塑料水马、塑料链、弹立器、悬臂式挡车器、护板栏、护栏带、挡车器、挡车柱、栅栏、石球、花岗岩车止石、警戒线、车止石、道闸杆、铁护栏、铁马、银行柱、链杆标志柱、防抛网、防护栏、防眩板、防眩网、隔离墩、隔离柱、隔离栅、隔离栏、隔离桩
102,门窗及楼梯制品,其他门窗及配件,其他门窗,门窗及楼梯制品 > 其他门窗及配件 > 其他门窗,16,0,变电室门、对讲门、平开大门、拉闸门、推拉大门、提升门、木塑门、机库大门、竹门窗、纯铜门、艺术门窗、草门窗、遥控车库门、钛合金门、铝木复合平开窗、铝艺大门
1493,门窗及楼梯制品,其他门窗及配件,纱门、纱窗,门窗及楼梯制品 > 其他门窗及配件 > 纱门、纱窗,13,0,不锈钢纱窗、固定纱窗、普通上开纱窗、普通平开纱窗、普通平开纱门、普通折叠纱窗、普通推拉纱窗、普通推拉纱门、金刚纱窗、隐型平开纱窗、隐型平开纱门、隐型推拉纱窗、隐型推拉纱门
155,门窗及楼梯制品,其他门窗及配件,铁艺门窗,门窗及楼梯制品 > 其他门窗及配件 > 铁艺门窗,9,0,扁铁花造型户内门、扁铁花造型户外大门、扁铁花造型防盗窗、铁栅栏防盗门、铁艺大门、铸铁工艺门、铸铁花造型户内门、铸铁花造型户外大门、铸铁花造型防盗窗
133,门窗及楼梯制品,其他门窗及配件,门、窗帘及其配件,门窗及楼梯制品 > 其他门窗及配件 > 门、窗帘及其配件,33,0,不锈钢吊轮、卷帘配件、双层玻璃夹百叶帘、启闭机、垭口、塑料帘、塑料帘盒、布艺帘、布艺装饰物、成品木门框、木帘、松木窗帘盒、电动机头、电控装置、百叶窗帘、窗、门帘不锈钢导轨、窗、门帘塑料导轨、窗、门帘实木导轨、窗、门帘钢导轨、窗、门帘铝合金导轨、窗口、窗套、门套、窗帘、窗帘操纵杆、窗帘盒、窗帘轨、罗马杆、胶合板帘盒、钢吊轮、铝合金吊轮、铝合金帘、铝合金帘盒、锌合金吊轮
1492,门窗及楼梯制品,卷帘,挡烟垂壁,门窗及楼梯制品 > 卷帘 > 挡烟垂壁,0,0,
73,门窗及楼梯制品,卷帘,普通卷帘,门窗及楼梯制品 > 卷帘 > 普通卷帘,14,0,PLC卷帘门、PVC基布卷帘门、不锈钢卷帘、保温卷帘门、彩钢卷帘、挡烟垂幕、无机布卷帘、无机布防火卷帘、有机玻璃卷帘门、水晶卷帘、钢质卷帘、钢质防火卷帘、铁皮卷帘门、铝合金卷帘
1491,门窗及楼梯制品,卷帘,防火卷帘,门窗及楼梯制品 > 卷帘 > 防火卷帘,0,0,
1483,门窗及楼梯制品,普通门窗,不锈钢门窗,门窗及楼梯制品 > 普通门窗 > 不锈钢门窗,16,0,一框两扇通透式不锈钢/木质门、一框两扇通透式不锈钢/钢质门、不锈钢板整体成型复合门、不锈钢板整体成型窗、不锈钢格栅窗、不锈钢格栅门、不锈钢楼宇门、不锈钢玻璃窗、不锈钢窗、不锈钢门、不锈钢防护窗、不锈钢防火玻璃窗、不锈钢防火窗、不锈钢隔音门、通透式不锈钢门、非隔热防火窗
154,门窗及楼梯制品,普通门窗,全玻门、自动门,门窗及楼梯制品 > 普通门窗 > 全玻门、自动门,37,0,不锈钢玻璃地弹门、不锈钢玻璃门、全玻地弹簧平开门、全玻自动感应对开门、塑钢玻璃门、实木玻璃门、悬浮门、手动三翼旋转门、手动三翼水晶门、手动四翼旋转门、手动四翼水晶门、手动平移门、手动折叠门、手动旋转门、无框玻璃门、无轨平移悬浮门、玻璃门、电动伸缩榄闸、电动伸缩门、电动门、白钢玻璃门、自动三翼旋转门、自动两翼旋转门、自动伸缩门、自动四翼旋转门、自动圆弧门、自动平移门、自动感应门、自动折叠门、自动水晶门、自动环柱门、钛镁合金玻璃门、钢制玻璃门、铜玻璃门、铝合金地弹门、铝合金玻璃门、铝镁合金玻璃门
1486,门窗及楼梯制品,普通门窗,塑料门窗,门窗及楼梯制品 > 普通门窗 > 塑料门窗,0,0,
151,门窗及楼梯制品,普通门窗,塑钢、塑铝门窗,门窗及楼梯制品 > 普通门窗 > 塑钢、塑铝门窗,44,0,UPVC维卡塑料三轨推拉窗、UPVC维卡塑料两轨推拉窗、UPVC维卡塑料内平开窗、UPVC维卡塑料内平开门、UPVC维卡塑料外平开窗、UPVC维卡塑料外平开门、UPVC维卡塑料大型提升推拉门、UPVC维卡塑料手摇式外开窗、UPVC维卡塑料推拉窗、UPVC维卡塑料百叶窗、塑料中悬窗、塑料固定窗、塑钢中悬窗、塑钢内平开下悬窗、塑钢半圆弧窗、塑钢固定窗、塑钢圆弧窗、塑钢地弹门、塑钢外开上悬窗、塑钢外开下悬窗、塑钢对开窗、塑钢对开门、塑钢平开窗、塑钢平开门、塑钢折叠门、塑钢推拉窗、塑钢推拉门、塑钢提拉窗、塑钢横式百叶窗、塑钢立转窗、塑钢竖式百叶窗、塑钢节能窗、塑钢门窗、氟碳窗、聚氨酯内平开门、聚氨酯内开内倒开窗、聚氨酯内开内倒窗、聚氨酯外平开窗、聚氨酯外平开门、聚氨酯推拉窗、聚氨酯推拉门、聚氨酯提升推拉门、聚氨酯木复合内开内倒开窗、聚氨酯木复合内开内倒窗
1482,门窗及楼梯制品,普通门窗,彩钢门窗,门窗及楼梯制品 > 普通门窗 > 彩钢门窗,4,0,彩色镀锌钢弹簧门、彩色镀锌钢窗、彩色镀锌钢门、彩钢防护窗
1485,门窗及楼梯制品,普通门窗,木塑门窗,门窗及楼梯制品 > 普通门窗 > 木塑门窗,0,0,
152,门窗及楼梯制品,普通门窗,木门窗,门窗及楼梯制品 > 普通门窗 > 木门窗,11,0,复合门、实木复合窗、实木复合门、实木窗、实木门、拼板门、模压木门、生态木门、竹木窗、纤维板门、胶合板门
1487,门窗及楼梯制品,普通门窗,玻璃钢门窗,门窗及楼梯制品 > 普通门窗 > 玻璃钢门窗,12,0,玻璃固定窗、玻璃钢内平开窗、玻璃钢外平开窗、玻璃钢平开上下提拉窗、玻璃钢平开上悬窗、玻璃钢平开下悬门、玻璃钢平开门、玻璃钢平行推拉门、玻璃钢推拉窗、玻璃钢摇把式外开窗、玻璃钢窗、玻璃钢门
149,门窗及楼梯制品,普通门窗,钢门窗,门窗及楼梯制品 > 普通门窗 > 钢门窗,14,0,实腹钢质门、空腹钢质门、简易钢窗、简易钢门、钢制窗、钢板整体成型复合门、钢板整体成型窗、钢框门、钢质保温门、钢质电动推拉门、钢质电动防火窗、钢质门、钢质防火玻璃窗、钢质防火窗
150,门窗及楼梯制品,普通门窗,铝合金门窗,门窗及楼梯制品 > 普通门窗 > 铝合金门窗,12,0,断桥铝合金百叶窗、断桥铝合金窗、断桥铝合金门、断桥铝合金门窗、普通铝合金百叶窗、普通铝合金窗、普通铝合金门、木包铝窗、木铝复合窗、铝包木窗、铝包木门、铝型材氟碳门
1484,门窗及楼梯制品,普通门窗,铝木门窗,门窗及楼梯制品 > 普通门窗 > 铝木门窗,0,0,
1494,门窗及楼梯制品,楼梯及附件,旋转楼梯,门窗及楼梯制品 > 楼梯及附件 > 旋转楼梯,0,0,
199,门窗及楼梯制品,楼梯及附件,普通楼梯,门窗及楼梯制品 > 楼梯及附件 > 普通楼梯,0,0,
1489,门窗及楼梯制品,特种门窗,保温门,门窗及楼梯制品 > 特种门窗 > 保温门,0,0,
156,门窗及楼梯制品,特种门窗,其他特种门窗,门窗及楼梯制品 > 特种门窗 > 其他特种门窗,15,0,不锈钢传递窗、冷库保温门、冷库门、密闭窗、抗爆门、排烟窗、泄压窗、泄爆窗、泄爆门、电动排烟窗、联动门、钢筋混凝土挡窗板、钢质活门槛防护单元隔断门、防爆门、隔音窗
70,门窗及楼梯制品,特种门窗,防火门,门窗及楼梯制品 > 特种门窗 > 防火门,4,0,不锈钢防火门、木质防火门、钢木防火门、铁质防火门
1488,门窗及楼梯制品,特种门窗,防盗门,门窗及楼梯制品 > 特种门窗 > 防盗门,13,0,三防门、不锈钢三防门、不锈钢防盗门、四防门、木质三防门、钢制防盗门、钢木防盗门、钢质防盗门、铁质防盗门、铜质防盗门、铝合金防盗门、锌合金防盗门、防火防盗门
1490,门窗及楼梯制品,特种门窗,防辐射门,门窗及楼梯制品 > 特种门窗 > 防辐射门,0,0,
1277,阀门,其他阀门及附件,其他阀门,阀门 > 其他阀门及附件 > 其他阀门,42,0,倒流防止器、卸压阀、启闭阀、塑料减压阀、塑料吸气阀、塑料安全阀、塑料截止阀、塑料排气阀、塑料旁通阀、塑料暗阀、塑料止回阀、塑料温控阀、塑料球阀、塑料蝶阀、塑料调节阀、塑料闸阀、塑料隔膜阀、微阻力倒流防止器、排水阀、放空阀、方闸门、暗阀、正齿轮排渣闸阀、水泵扩散器、泄水阀、热熔铜截止阀、热熔铜球阀、燃气阀、玻璃阀、真空破坏器、空气隔断阀、管力阀、耐磨型排渣闸阀、蜗轮排渣闸阀、锁闭阀、防冻阀、防护阀、防污隔断阀、陶瓷排渣阀、陶瓷球阀、陶瓷蝶阀、陶瓷调节阀
1278,阀门,其他阀门及附件,阀门专用附件,阀门 > 其他阀门及附件 > 阀门专用附件,8,0,气动控制元件、气动装置、流体驱动单回转式执行机构、电动单回转式执行机构、电动多回转式执行机构、直线输出式执行机构、阀门定位器、阀门箱
1271,阀门,分流阀类,疏水阀,阀门 > 分流阀类 > 疏水阀,9,0,双金属片式疏水阀、圆盘式热动力疏水阀、孔板式疏水阀、波纹管式疏水阀、浮桶式疏水阀、浮球式疏水阀、热动力型疏水阀、热静力型疏水阀、脉冲式疏水阀
1270,阀门,分流阀类,给水分配阀,阀门 > 分流阀类 > 给水分配阀,2,0,法兰给水分配阀、焊接给水分配阀
1272,阀门,安全阀类,安全阀,阀门 > 安全阀类 > 安全阀,13,0,卡箍泄压阀、多功能泄压阀、安全回流阀、安全泄压持压阀、安全泄压阀、弹簧式安全阀、持压泄压阀、杠杆式安全阀、过滤泄压阀、过滤活塞式安全泄压阀、过滤活塞式持压泄压阀、防爆波安全阀、集流管安全阀
25,阀门,截断阀类,截止阀,阀门 > 截断阀类 > 截止阀,9,0,氧气截止阀、氨用截止阀、水封截止阀、法兰截止阀、焊接截止阀、电动截止阀、精铸截止阀、螺纹截止阀、角式截止阀
1260,阀门,截断阀类,旋塞阀,阀门 > 截断阀类 > 旋塞阀,2,0,法兰旋塞阀、螺纹旋塞阀
1261,阀门,截断阀类,柱塞阀,阀门 > 截断阀类 > 柱塞阀,2,0,法兰柱塞阀、螺纹柱塞阀
1263,阀门,截断阀类,浮球阀,阀门 > 截断阀类 > 浮球阀,14,0,不锈钢遥控浮球阀、多功能遥控浮球阀、活塞式遥控浮球阀、消防遥控浮球阀、液控浮球阀、电动遥控浮球阀、电磁遥控浮球阀、过滤式电动遥控浮球阀、过滤式遥控浮球阀、过滤活塞式浮球阀、过滤活塞式遥控浮球阀、过滤活寒式浮球阀、遥控浮球阀、隔膜式遥控浮球阀
1258,阀门,截断阀类,球阀,阀门 > 截断阀类 > 球阀,8,0,不锈钢球阀、偏心半球阀、法兰球阀、电动球阀、螺纹球阀、铸钢法兰球阀、铸钢球阀、铸铁法兰球阀
1259,阀门,截断阀类,蝶阀,阀门 > 截断阀类 > 蝶阀,28,0,304板蜗轮蝶阀、D4法兰蝶阀、D7对夹蝶阀、三偏心球铁法兰蝶阀、伸缩蝶阀、信号蝶阀、卡箍蝶阀、卷板焊接阀门、多回转电动蝶阀、对夹手柄蝶阀、对夹硬密封蝶阀、对夹蝶阀、手柄蝶阀、方休重型手柄蝶阀、气动对夹蝶阀、气动蝶阀、沟槽蝶阀、法兰硬密封蝶阀、法兰蜗轮蝶阀、法兰蝶阀、涡轮蝶阀、电动对夹蝶阀、电动法兰蝶阀、电动软密封蝶阀、硬密封法兰蝶阀、蜗轮对夹蝶阀、软密封法兰蝶阀、金属密封蝶阀
1257,阀门,截断阀类,闸阀,阀门 > 截断阀类 > 闸阀,14,0,不锈钢闸阀、信号闸阀、卡箍信号闸阀、卡箍软密闸阀、卡箍闸阀、对夹闸阀、沟槽信号弹性座封闸阀、沟槽式弹性座封闸阀、沟槽闸阀、法兰闸阀、焊接闸阀、螺纹闸阀、铸钢闸阀、防盗加密闸阀
1262,阀门,截断阀类,隔膜阀,阀门 > 截断阀类 > 隔膜阀,2,0,法兰隔膜阀、螺纹隔膜阀
1269,阀门,止回阀类,止回阀,阀门 > 止回阀类 > 止回阀,43,0,不锈钢丝口止回阀、不锈钢升降式止回阀、不锈钢旋启式止回阀、不锈钢止回阀、不锈钢法兰止回阀、不锈钢螺纹止回阀、丝口铜止回阀、全铜法兰止回阀、升降式止回阀、升降式法兰止回阀、对夹式双瓣止回阀、对夹式消声止回阀、对夹式蝶式止回阀、对夹止回阀、微阻球型止回阀、旋启式止回阀、橡胶瓣止回阀、法兰式消声止回阀、法兰旋启式止回阀、法兰橡胶瓣止回阀、法兰止回阀、法兰消声止回阀、法兰铜止回阀、法兰铸钢止回阀、消声止回阀、滑道滚球式止回阀、球型止回阀、球型污水止回阀、电站型止回阀、碳钢升降法兰止回阀、碳钢旋启法兰止回阀、立式止回阀(铜芯)、蝶式止回阀、过滤活塞式止回阀、铁止回阀、铜丝扣止回阀、铜止回阀、铸钢升降式止回阀、铸钢旋启式止回阀、铸钢止回阀、铸钢法兰止回阀、长系列旋启式止回阀、静音式止回阀
1275,阀门,特殊阀门,平衡阀,阀门 > 特殊阀门 > 平衡阀,12,0,动态平衡两通阀、动态平衡阀、压差控制阀、压差旁通阀、数字锁定平衡阀、流量平衡阀、自力式压差控制阀、自力式流量平衡阀、调节式流量平衡阀、铸钢平衡阀、静态平衡阀、静态水力平衡阀
1274,阀门,特殊阀门,排气阀,阀门 > 特殊阀门 > 排气阀,10,0,全铜丝口排气阀、单口排气阀、复合式排气阀、微量式自动排气阀、水暖自动排气阀、法兰单口快速排气阀、消防自动排气阀、清水式排气阀、自动排气阀、通排气阀
1273,阀门,特殊阀门,排污阀,阀门 > 特殊阀门 > 排污阀,3,0,双腔隔膜式排泥阀、法兰排污阀、焊接排污阀
1276,阀门,特殊阀门,电磁阀,阀门 > 特殊阀门 > 电磁阀,6,0,水用电磁阀、消防电磁阀、煤气电磁阀、真空电磁阀、蒸汽液用电磁阀、高压电磁阀
1265,阀门,调节阀类,减压阀,阀门 > 调节阀类 > 减压阀,25,0,丝扣可调式减压阀、中硅板、先导活塞式气体减压阀、全铜丝扣可调减压阀、减压稳压阀、卡箍减压阀、可调式减压稳压阀、可调式减压阀、多功能可调式减压阀、支气管减压阀、支管减压阀、杠杆式减压阀、比例式减压阀、法兰可调式减压阀、波纹管减压阀、活塞式可调减压稳压阀、直动式减压阀、蒸气减压阀、蒸汽减压阀、过滤式减压稳压阀、过滤活塞减压阀、过滤活塞式减压阀、过滤活塞式可调减压阀、过滤活塞式可调式减压阀、隔膜式可调减压稳压阀
1267,阀门,调节阀类,减温减压阀,阀门 > 调节阀类 > 减温减压阀,2,0,法兰减温减压阀、焊接减温减压阀
1268,阀门,调节阀类,水位控制阀,阀门 > 调节阀类 > 水位控制阀,25,0,不锈钢多功能水泵控制阀、不锈钢缓闭式止回阀、多功能控制阀、多功能水泵控制阀、水力电动控制阀、水泵控制阀、活塞式多功能控制阀、活塞式多功能水泵控制阀、活塞式水力电动控制阀、流量控制阀、液压水位控制阀、电动水力控制阀、电动流量控制阀、电动遥控阀、紧急关闭阀、缓闭式止回阀、过滤活塞式多功能水泵控制阀、过滤活塞式水位控制阀、过滤活塞式水力电动控制阀、过滤活塞式流量控制阀、过滤活塞式电动控制阀、过滤活塞式缓闭式止回阀、限流止回阀、隔膜式多功能水泵控制阀、隔膜式缓闭止回阀
1266,阀门,调节阀类,节流阀,阀门 > 调节阀类 > 节流阀,5,0,卡套节流阀、法兰节流阀、焊接节流阀、螺纹节流阀、角式节流阀
1264,阀门,调节阀类,调节阀,阀门 > 调节阀类 > 调节阀,3,0,手动调节阀、气动调节阀、电动调节阀
1111,黑色及有色金属,其他金属材料,其他金属材料,黑色及有色金属 > 其他金属材料 > 其他金属材料,15,0,0#镉锭、1#白银、1#锡、1#镉锭、2#白银、3#白银、金、铁锈板、铝锭、锌锭、锑锭、锡板、锡锑箔、锡锭、镁合金棒
1110,黑色及有色金属,其他金属材料,金属原材料,黑色及有色金属 > 其他金属材料 > 金属原材料,8,0,废钢、硅铁、碳钢、磷铁、钢屑、铁屑、铸钢、铸铁
1107,黑色及有色金属,其他金属材料,钛材,黑色及有色金属 > 其他金属材料 > 钛材,6,0,钛合板、钛合金板、钛棒、钛白粉、钛钢复合板、钛锌板
1106,黑色及有色金属,其他金属材料,铅材,黑色及有色金属 > 其他金属材料 > 铅材,12,0,1#铅、封铅、灰铅条、白铅粉、铅丝、铅及铅锑合金板、铅块、铅板、铅锑合金、铅阳极板、青铅、黑铅粉
1109,黑色及有色金属,其他金属材料,锌材,黑色及有色金属 > 其他金属材料 > 锌材,6,0,0#锌、1#锌、锌丝、锌板、锌箔、镀铝锌板
1108,黑色及有色金属,其他金属材料,镍材,黑色及有色金属 > 其他金属材料 > 镍材,2,0,1#镍、镍及镍合金板
1092,黑色及有色金属,建筑钢材,H型钢,黑色及有色金属 > 建筑钢材 > H型钢,5,0,HM中翼缘H型钢、HN窄翼缘H型钢、HP桩类H型钢、HT薄壁H型钢、HW宽翼缘H型钢
1093,黑色及有色金属,建筑钢材,Z型钢,黑色及有色金属 > 建筑钢材 > Z型钢,5,0,冷弯Z型钢、冷弯卷边Z型钢、冷轧Z型钢、热轧Z型钢、镀锌Z型钢
1088,黑色及有色金属,建筑钢材,八角钢,黑色及有色金属 > 建筑钢材 > 八角钢,4,0,冷拉八角钢、热轧八角钢、热轧空心八角钢、热轧镀锌八角钢
1087,黑色及有色金属,建筑钢材,六角钢,黑色及有色金属 > 建筑钢材 > 六角钢,5,0,不锈钢六角钢、冷拉六角钢、热轧六角钢、热轧空心六角钢、热轧镀锌六角钢
1097,黑色及有色金属,建筑钢材,其他钢材,黑色及有色金属 > 建筑钢材 > 其他钢材,16,0,C型钢、G型钢、L型钢、N型钢、T型钢、U型钢、不锈钢方管、其它型钢、冷轧取向硅钢片、冷轧无取向硅钢片、方管、热轧硅钢片、热镀锌方矩管、热镀锌方管、碳钢方管、高磁感冷轧取向硅钢片
1084,黑色及有色金属,建筑钢材,圆钢,黑色及有色金属 > 建筑钢材 > 圆钢,5,0,不锈钢圆钢、冷拉圆钢、热轧圆钢、镀铜圆钢、镀锌圆钢
1089,黑色及有色金属,建筑钢材,工字钢,黑色及有色金属 > 建筑钢材 > 工字钢,0,0,
1086,黑色及有色金属,建筑钢材,扁钢,黑色及有色金属 > 建筑钢材 > 扁钢,6,0,不锈钢扁钢、冷拉扁钢、热轧扁钢、热轧镀锌扁钢、镀铜扁钢、镀锌扁钢
10006,黑色及有色金属,建筑钢材,方矩管,黑色及有色金属 > 建筑钢材 > 方矩管,0,0,
1085,黑色及有色金属,建筑钢材,方钢,黑色及有色金属 > 建筑钢材 > 方钢,4,0,不锈钢方钢、冷拉方钢、热轧方钢、镀锌方钢
1090,黑色及有色金属,建筑钢材,槽钢（C型钢）,黑色及有色金属 > 建筑钢材 > 槽钢（C型钢）,4,0,不锈钢槽钢、槽钢、热轧槽钢、镀锌槽钢
1091,黑色及有色金属,建筑钢材,角钢,黑色及有色金属 > 建筑钢材 > 角钢,10,0,不等边角钢、不锈钢不等边角钢、不锈钢等边角钢、冷弯镀锌不等边角钢、冷弯镀锌等边角钢、冷拉不等边角钢、冷拉等边角钢、等边角钢、镀锌不等边角钢、镀锌等边角钢
1081,黑色及有色金属,建筑钢材,钢丝,黑色及有色金属 > 建筑钢材 > 钢丝,0,0,
1082,黑色及有色金属,建筑钢材,钢丝绳,黑色及有色金属 > 建筑钢材 > 钢丝绳,4,0,不锈钢钢丝绳、涂塑钢丝绳、钢丝绳套、镀锌钢丝绳
1096,黑色及有色金属,建筑钢材,钢带,黑色及有色金属 > 建筑钢材 > 钢带,4,0,不锈钢钢带、冷轧钢带、热轧钢带、镀锌钢带
1095,黑色及有色金属,建筑钢材,钢板,黑色及有色金属 > 建筑钢材 > 钢板,25,0,不锈钢板、中厚钢板、低合金板、冷碳板、冷轧卷、冷轧钢板、容器板、彩涂板、搪瓷钢板、普板、热轧卷、热轧酸洗板卷、热轧钢板、玫瑰金钢、电解钢板、耐候钢板、耐磨钢板、耐酸钢板、花纹钢板、薄钢板、酸洗卷、镀铝板、镀锌钢板、高强板、黑金钢
1094,黑色及有色金属,建筑钢材,钢板桩,黑色及有色金属 > 建筑钢材 > 钢板桩,1,0,钢板桩用钢
15,黑色及有色金属,建筑钢材,钢筋,黑色及有色金属 > 建筑钢材 > 钢筋,21,0,一级抗震盘螺、一级抗震螺纹钢、一级盘螺、一级螺纹钢、三级抗震盘螺、三级抗震螺纹、三级抗震螺纹钢、三级盘螺、三级螺纹钢、二级抗震盘螺、二级抗震螺纹钢、二级螺纹钢、五级抗震螺纹钢、四级抗震盘螺、四级抗震螺纹钢、四级盘螺、四级螺纹钢、普线、玻璃纤维筋、精轧螺纹钢、高延性钢筋
1083,黑色及有色金属,建筑钢材,钢绞线、钢丝束,黑色及有色金属 > 建筑钢材 > 钢绞线、钢丝束,10,0,低松弛预应力钢绞线、无粘结预应力钢丝束、无粘结预应力钢绞线、环氧喷涂钢绞线、碳素钢丝束、钢丝束、钢绞线、铝包钢绞线、镀锌钢绞线、预应力钢绞线
1103,黑色及有色金属,铜材,铜带材,黑色及有色金属 > 铜材 > 铜带材,7,0,焊接管用黄铜带、紫铜带、铅黄铜带、铜合金带材、铝白铜带、锡铜带、黄铜带
1102,黑色及有色金属,铜材,铜板,黑色及有色金属 > 铜材 > 铜板,10,0,拉丝黄铜板、白铜板、紫铜板、紫铜箔、铜板材、铝青铜板、锡青铜板、青铜箔、黄铜板、黄铜箔
1104,黑色及有色金属,铜材,铜棒材,黑色及有色金属 > 铜材 > 铜棒材,5,0,紫铜棒、纯铜棒、铅青铜棒、铅黄铜棒、黄铜棒
1105,黑色及有色金属,铜材,铜线材,黑色及有色金属 > 铜材 > 铜线材,6,0,白铜线、纯紫铜丝、纯铜线、铅黄铜线、锡黄铜线、黄铜线
75,黑色及有色金属,铝材,铝合金建筑型材,黑色及有色金属 > 铝材 > 铝合金建筑型材,14,0,不等角铝合金型材、共挤型材、断桥式铝合金型材、普通幕墙铝合金型材、普通门窗铝合金型材、本白型材、槽形铝合金型材、注胶式隔热型材、炫彩型材、穿胶式隔热型材、等角铝合金型材、纹彩型材、通用型材、铝型材门片
1101,黑色及有色金属,铝材,铝型材,黑色及有色金属 > 铝材 > 铝型材,6,0,丁字铝型材、不等边角铝、槽型铝型材、等边等壁Z字型铝型材、等边等壁工字型铝型材、等边角铝型材
1098,黑色及有色金属,铝材,铝板（带）材,黑色及有色金属 > 铝材 > 铝板（带）材,14,0,冷轧铝合金板、冷轧铝板、热轧铝合金板、热轧铝板、纯铝板、铝及铝合金压型板、铝及铝合金花纹板、铝合金条板、铝合金波纹板、铝带、铝板、铝板带材、铝片、铝箔板
1099,黑色及有色金属,铝材,铝棒材,黑色及有色金属 > 铝材 > 铝棒材,4,0,挤压圆棒、挤压正六边形棒、挤压正方形棒、挤压长方形棒(扁棒)
1100,黑色及有色金属,铝材,铝线材,黑色及有色金属 > 铝材 > 铝线材,4,0,导电用铝线材、焊条用铝及铝线材、铆钉用铝及铝线材、铝绑线
1471,龙骨、龙骨配件,龙骨,不锈钢龙骨,龙骨、龙骨配件 > 龙骨 > 不锈钢龙骨,0,0,
1466,龙骨、龙骨配件,龙骨,型钢龙骨,龙骨、龙骨配件 > 龙骨 > 型钢龙骨,4,0,木塑龙骨、石膏工字型龙骨、石膏工字龙型龙骨、石膏矩形龙骨
1468,龙骨、龙骨配件,龙骨,木龙骨,龙骨、龙骨配件 > 龙骨 > 木龙骨,0,0,
1469,龙骨、龙骨配件,龙骨,烤漆龙骨,龙骨、龙骨配件 > 龙骨 > 烤漆龙骨,6,0,宽边烤漆龙骨、平面凹槽烤漆龙骨、平面烤漆龙骨、槽型烤漆龙骨、窄边烤漆龙骨、立体凹槽烤漆龙骨
1470,龙骨、龙骨配件,龙骨,石膏龙骨,龙骨、龙骨配件 > 龙骨 > 石膏龙骨,0,0,
1465,龙骨、龙骨配件,龙骨,轻钢龙骨,龙骨、龙骨配件 > 龙骨 > 轻钢龙骨,3,0,井道墙轻钢龙骨、吊顶轻钢龙骨、隔墙轻钢龙骨
1467,龙骨、龙骨配件,龙骨,铝合金龙骨,龙骨、龙骨配件 > 龙骨 > 铝合金龙骨,2,0,凹槽铝合金龙骨、平面铝合金龙骨
1474,龙骨、龙骨配件,龙骨配件,其他龙骨配件,龙骨、龙骨配件 > 龙骨配件 > 其他龙骨配件,48,0,上人吊件、上人吊勾、上人吊杆、上人挂件、上人插挂件、上人连接件、不上人吊件、不上人挂件、不上人插挂件、不上人水平件、不上人连接件、丝杆调接卡、主吊、主接、主接件、付接、其它、副吊、副接件、十字连接件、卡托、吊件、吊勾、吊挂、吊筋、固定件、大固定件、小固定件、嵌条、弹簧卡码、弹簧吊件、护边、挂件卡钩、挂件挂钩、接件、插片、支托、支撑卡、检修孔、次吊、水平件、直T吊、短挂件、角托、铝角、铝镁锰板支座、长挂件、长接件
1472,龙骨、龙骨配件,龙骨配件,轻钢龙骨配件,龙骨、龙骨配件 > 龙骨配件 > 轻钢龙骨配件,0,0,
1473,龙骨、龙骨配件,龙骨配件,铝合金龙骨配件,龙骨、龙骨配件 > 龙骨配件 > 铝合金龙骨配件,0,0,
