leaf_id,level1_name,level2_name,level3_name,display_path,depth,loss_rate,loss_rate_pct,rule_code,loss_category,loss_basis_type,loss_basis_note,loss_config_mode,search_keywords,has_loss_rate
15,黑色及有色金属,建筑钢材,钢筋,黑色及有色金属 > 建筑钢材 > 钢筋,3,0.025,2.5%,STEEL_REBAR,钢筋,公开资料/本地定额,螺纹钢/热轧带肋钢筋按 2.5% 控制；圆钢小规格可低至 2.0%，这里取通用采购侧 2.5%。,本节点适用,高线|螺纹钢|钢材,Y
1081,黑色及有色金属,建筑钢材,钢丝,黑色及有色金属 > 建筑钢材 > 钢丝,3,0.03,3%,STEEL_PRESTRESS,钢绞线/钢丝绳,公开资料/本地定额,预应力钢丝、钢绞线、钢丝绳受切断、锚固、端部处理影响，按 3.0% 估算。,本节点适用,,Y
1082,黑色及有色金属,建筑钢材,钢丝绳,黑色及有色金属 > 建筑钢材 > 钢丝绳,3,0.03,3%,STEEL_PRESTRESS,钢绞线/钢丝绳,公开资料/本地定额,预应力钢丝、钢绞线、钢丝绳受切断、锚固、端部处理影响，按 3.0% 估算。,本节点适用,钢绳,Y
1083,黑色及有色金属,建筑钢材,钢绞线、钢丝束,黑色及有色金属 > 建筑钢材 > 钢绞线、钢丝束,3,0.03,3%,STEEL_PRESTRESS,钢绞线/钢丝绳,公开资料/本地定额,预应力钢丝、钢绞线、钢丝绳受切断、锚固、端部处理影响，按 3.0% 估算。,本节点适用,,Y
1084,黑色及有色金属,建筑钢材,圆钢,黑色及有色金属 > 建筑钢材 > 圆钢,3,0.03,3%,METAL_GENERAL,金属材料,公开资料/本地定额,一般金属材料存在切割、加工、搬运损耗，取 3.0%。,本节点适用,,Y
1085,黑色及有色金属,建筑钢材,方钢,黑色及有色金属 > 建筑钢材 > 方钢,3,0.05,5%,STEEL_STRUCTURAL,型钢/钢构件,公开资料/本地定额,安装工程校准表中型钢常见为 4%~5%，构件加工下料损耗更高，取 5.0%。,本节点适用,,Y
1086,黑色及有色金属,建筑钢材,扁钢,黑色及有色金属 > 建筑钢材 > 扁钢,3,0.05,5%,STEEL_STRUCTURAL,型钢/钢构件,公开资料/本地定额,安装工程校准表中型钢常见为 4%~5%，构件加工下料损耗更高，取 5.0%。,本节点适用,,Y
1087,黑色及有色金属,建筑钢材,六角钢,黑色及有色金属 > 建筑钢材 > 六角钢,3,0.05,5%,STEEL_STRUCTURAL,型钢/钢构件,公开资料/本地定额,安装工程校准表中型钢常见为 4%~5%，构件加工下料损耗更高，取 5.0%。,本节点适用,六角棒,Y
1088,黑色及有色金属,建筑钢材,八角钢,黑色及有色金属 > 建筑钢材 > 八角钢,3,0.05,5%,STEEL_STRUCTURAL,型钢/钢构件,公开资料/本地定额,安装工程校准表中型钢常见为 4%~5%，构件加工下料损耗更高，取 5.0%。,本节点适用,,Y
1089,黑色及有色金属,建筑钢材,工字钢,黑色及有色金属 > 建筑钢材 > 工字钢,3,0.05,5%,STEEL_STRUCTURAL,型钢/钢构件,公开资料/本地定额,安装工程校准表中型钢常见为 4%~5%，构件加工下料损耗更高，取 5.0%。,本节点适用,,Y
1090,黑色及有色金属,建筑钢材,槽钢（C型钢）,黑色及有色金属 > 建筑钢材 > 槽钢（C型钢）,3,0.05,5%,STEEL_STRUCTURAL,型钢/钢构件,公开资料/本地定额,安装工程校准表中型钢常见为 4%~5%，构件加工下料损耗更高，取 5.0%。,本节点适用,,Y
1091,黑色及有色金属,建筑钢材,角钢,黑色及有色金属 > 建筑钢材 > 角钢,3,0.05,5%,STEEL_STRUCTURAL,型钢/钢构件,公开资料/本地定额,安装工程校准表中型钢常见为 4%~5%，构件加工下料损耗更高，取 5.0%。,本节点适用,钢材,Y
1092,黑色及有色金属,建筑钢材,H型钢,黑色及有色金属 > 建筑钢材 > H型钢,3,0.05,5%,STEEL_STRUCTURAL,型钢/钢构件,公开资料/本地定额,安装工程校准表中型钢常见为 4%~5%，构件加工下料损耗更高，取 5.0%。,本节点适用,钢材,Y
1093,黑色及有色金属,建筑钢材,Z型钢,黑色及有色金属 > 建筑钢材 > Z型钢,3,0.05,5%,STEEL_STRUCTURAL,型钢/钢构件,公开资料/本地定额,安装工程校准表中型钢常见为 4%~5%，构件加工下料损耗更高，取 5.0%。,本节点适用,钢材,Y
1094,黑色及有色金属,建筑钢材,钢板桩,黑色及有色金属 > 建筑钢材 > 钢板桩,3,0.05,5%,STEEL_STRUCTURAL,型钢/钢构件,公开资料/本地定额,安装工程校准表中型钢常见为 4%~5%，构件加工下料损耗更高，取 5.0%。,本节点适用,,Y
1095,黑色及有色金属,建筑钢材,钢板,黑色及有色金属 > 建筑钢材 > 钢板,3,0.05,5%,STEEL_STRUCTURAL,型钢/钢构件,公开资料/本地定额,安装工程校准表中型钢常见为 4%~5%，构件加工下料损耗更高，取 5.0%。,本节点适用,酸洗板|压型钢板|合金板|彩涂钢板,Y
1096,黑色及有色金属,建筑钢材,钢带,黑色及有色金属 > 建筑钢材 > 钢带,3,0.03,3%,METAL_GENERAL,金属材料,公开资料/本地定额,一般金属材料存在切割、加工、搬运损耗，取 3.0%。,本节点适用,,Y
1097,黑色及有色金属,建筑钢材,其他钢材,黑色及有色金属 > 建筑钢材 > 其他钢材,3,0.03,3%,METAL_GENERAL,金属材料,公开资料/本地定额,一般金属材料存在切割、加工、搬运损耗，取 3.0%。,本节点适用,钢材|镀锌方管,Y
10006,黑色及有色金属,建筑钢材,方矩管,黑色及有色金属 > 建筑钢材 > 方矩管,3,0.03,3%,METAL_GENERAL,金属材料,公开资料/本地定额,一般金属材料存在切割、加工、搬运损耗，取 3.0%。,本节点适用,,Y
1098,黑色及有色金属,铝材,铝板（带）材,黑色及有色金属 > 铝材 > 铝板（带）材,3,0.03,3%,METAL_GENERAL,金属材料,公开资料/本地定额,一般金属材料存在切割、加工、搬运损耗，取 3.0%。,本节点适用,,Y
1099,黑色及有色金属,铝材,铝棒材,黑色及有色金属 > 铝材 > 铝棒材,3,0.03,3%,METAL_GENERAL,金属材料,公开资料/本地定额,一般金属材料存在切割、加工、搬运损耗，取 3.0%。,本节点适用,,Y
1100,黑色及有色金属,铝材,铝线材,黑色及有色金属 > 铝材 > 铝线材,3,0.03,3%,METAL_GENERAL,金属材料,公开资料/本地定额,一般金属材料存在切割、加工、搬运损耗，取 3.0%。,本节点适用,,Y
1101,黑色及有色金属,铝材,铝型材,黑色及有色金属 > 铝材 > 铝型材,3,0.03,3%,METAL_GENERAL,金属材料,公开资料/本地定额,一般金属材料存在切割、加工、搬运损耗，取 3.0%。,本节点适用,工业型材,Y
75,黑色及有色金属,铝材,铝合金建筑型材,黑色及有色金属 > 铝材 > 铝合金建筑型材,3,0.03,3%,METAL_GENERAL,金属材料,公开资料/本地定额,一般金属材料存在切割、加工、搬运损耗，取 3.0%。,本节点适用,铝材|铝型材|型材|铝合金料,Y
1102,黑色及有色金属,铜材,铜板,黑色及有色金属 > 铜材 > 铜板,3,0.03,3%,METAL_GENERAL,金属材料,公开资料/本地定额,一般金属材料存在切割、加工、搬运损耗，取 3.0%。,本节点适用,,Y
1103,黑色及有色金属,铜材,铜带材,黑色及有色金属 > 铜材 > 铜带材,3,0.03,3%,METAL_GENERAL,金属材料,公开资料/本地定额,一般金属材料存在切割、加工、搬运损耗，取 3.0%。,本节点适用,铜带,Y
1104,黑色及有色金属,铜材,铜棒材,黑色及有色金属 > 铜材 > 铜棒材,3,0.03,3%,METAL_GENERAL,金属材料,公开资料/本地定额,一般金属材料存在切割、加工、搬运损耗，取 3.0%。,本节点适用,铜条,Y
1105,黑色及有色金属,铜材,铜线材,黑色及有色金属 > 铜材 > 铜线材,3,0.03,3%,METAL_GENERAL,金属材料,公开资料/本地定额,一般金属材料存在切割、加工、搬运损耗，取 3.0%。,本节点适用,,Y
1106,黑色及有色金属,其他金属材料,铅材,黑色及有色金属 > 其他金属材料 > 铅材,3,0.03,3%,METAL_GENERAL,金属材料,公开资料/本地定额,一般金属材料存在切割、加工、搬运损耗，取 3.0%。,本节点适用,,Y
1107,黑色及有色金属,其他金属材料,钛材,黑色及有色金属 > 其他金属材料 > 钛材,3,0.03,3%,METAL_GENERAL,金属材料,公开资料/本地定额,一般金属材料存在切割、加工、搬运损耗，取 3.0%。,本节点适用,,Y
1108,黑色及有色金属,其他金属材料,镍材,黑色及有色金属 > 其他金属材料 > 镍材,3,0.03,3%,METAL_GENERAL,金属材料,公开资料/本地定额,一般金属材料存在切割、加工、搬运损耗，取 3.0%。,本节点适用,,Y
1109,黑色及有色金属,其他金属材料,锌材,黑色及有色金属 > 其他金属材料 > 锌材,3,0.03,3%,METAL_GENERAL,金属材料,公开资料/本地定额,一般金属材料存在切割、加工、搬运损耗，取 3.0%。,本节点适用,,Y
1110,黑色及有色金属,其他金属材料,金属原材料,黑色及有色金属 > 其他金属材料 > 金属原材料,3,0.03,3%,METAL_GENERAL,金属材料,公开资料/本地定额,一般金属材料存在切割、加工、搬运损耗，取 3.0%。,本节点适用,,Y
1111,黑色及有色金属,其他金属材料,其他金属材料,黑色及有色金属 > 其他金属材料 > 其他金属材料,3,0.03,3%,METAL_GENERAL,金属材料,公开资料/本地定额,一般金属材料存在切割、加工、搬运损耗，取 3.0%。,本节点适用,,Y
16,砼、砂浆及其他配合比材料,预拌混凝土,普通混凝土,砼、砂浆及其他配合比材料 > 预拌混凝土 > 普通混凝土,3,0.01,1%,CONCRETE_READY_MIXED,预拌混凝土,公开资料/本地定额,本地校准中广东房建普通构件混凝土损耗率为 1.0%；采购侧采用 1.0%，避免与消耗量系数重复。,本节点适用,道路砼|泵送砼|普通砼|细石砼|混凝土,Y
1112,砼、砂浆及其他配合比材料,预拌混凝土,轻骨料混凝土,砼、砂浆及其他配合比材料 > 预拌混凝土 > 轻骨料混凝土,3,0.01,1%,CONCRETE_READY_MIXED,预拌混凝土,公开资料/本地定额,本地校准中广东房建普通构件混凝土损耗率为 1.0%；采购侧采用 1.0%，避免与消耗量系数重复。,本节点适用,陶粒砼|泡沫砼|轻集料砼|混凝土,Y
184,砼、砂浆及其他配合比材料,预拌混凝土,沥青混凝土,砼、砂浆及其他配合比材料 > 预拌混凝土 > 沥青混凝土,3,0.01,1%,CONCRETE_READY_MIXED,预拌混凝土,公开资料/本地定额,本地校准中广东房建普通构件混凝土损耗率为 1.0%；采购侧采用 1.0%，避免与消耗量系数重复。,本节点适用,沥青砼|混凝土,Y
1113,砼、砂浆及其他配合比材料,预拌混凝土,纤维混凝土,砼、砂浆及其他配合比材料 > 预拌混凝土 > 纤维混凝土,3,0.01,1%,CONCRETE_READY_MIXED,预拌混凝土,公开资料/本地定额,本地校准中广东房建普通构件混凝土损耗率为 1.0%；采购侧采用 1.0%，避免与消耗量系数重复。,本节点适用,,Y
1114,砼、砂浆及其他配合比材料,预拌混凝土,再生骨料混凝土,砼、砂浆及其他配合比材料 > 预拌混凝土 > 再生骨料混凝土,3,0.01,1%,CONCRETE_READY_MIXED,预拌混凝土,公开资料/本地定额,本地校准中广东房建普通构件混凝土损耗率为 1.0%；采购侧采用 1.0%，避免与消耗量系数重复。,本节点适用,,Y
1115,砼、砂浆及其他配合比材料,预拌混凝土,自密实混凝土,砼、砂浆及其他配合比材料 > 预拌混凝土 > 自密实混凝土,3,0.01,1%,CONCRETE_READY_MIXED,预拌混凝土,公开资料/本地定额,本地校准中广东房建普通构件混凝土损耗率为 1.0%；采购侧采用 1.0%，避免与消耗量系数重复。,本节点适用,,Y
1116,砼、砂浆及其他配合比材料,预拌混凝土,特种混凝土,砼、砂浆及其他配合比材料 > 预拌混凝土 > 特种混凝土,3,0.01,1%,CONCRETE_READY_MIXED,预拌混凝土,公开资料/本地定额,本地校准中广东房建普通构件混凝土损耗率为 1.0%；采购侧采用 1.0%，避免与消耗量系数重复。,本节点适用,抗渗砼|混凝土,Y
1117,砼、砂浆及其他配合比材料,预拌砂浆,湿拌砂浆,砼、砂浆及其他配合比材料 > 预拌砂浆 > 湿拌砂浆,3,0.03,3%,MORTAR_READY_MIXED,预拌/砌筑砂浆,公开资料/本地定额,砌筑砂浆按 3.0% 控制，抹灰、找平类砂浆易受落地灰和厚度偏差影响可单独提高。,本节点适用,,Y
18,砼、砂浆及其他配合比材料,预拌砂浆,干混砂浆,砼、砂浆及其他配合比材料 > 预拌砂浆 > 干混砂浆,3,0.03,3%,MORTAR_READY_MIXED,预拌/砌筑砂浆,公开资料/本地定额,砌筑砂浆按 3.0% 控制，抹灰、找平类砂浆易受落地灰和厚度偏差影响可单独提高。,本节点适用,,Y
1118,砼、砂浆及其他配合比材料,预拌砂浆,特种砂浆,砼、砂浆及其他配合比材料 > 预拌砂浆 > 特种砂浆,3,0.03,3%,MORTAR_READY_MIXED,预拌/砌筑砂浆,公开资料/本地定额,砌筑砂浆按 3.0% 控制，抹灰、找平类砂浆易受落地灰和厚度偏差影响可单独提高。,本节点适用,砂浆料|保温砂,Y
1119,砼、砂浆及其他配合比材料,预拌砂浆,其他砂浆,砼、砂浆及其他配合比材料 > 预拌砂浆 > 其他砂浆,3,0.03,3%,MORTAR_READY_MIXED,预拌/砌筑砂浆,公开资料/本地定额,砌筑砂浆按 3.0% 控制，抹灰、找平类砂浆易受落地灰和厚度偏差影响可单独提高。,本节点适用,,Y
1120,砼、砂浆及其他配合比材料,垫层材料,灰土垫层,砼、砂浆及其他配合比材料 > 垫层材料 > 灰土垫层,3,0.03,3%,SAND_STONE,砂石粉灰土,公开资料/本地定额,砂、石、粉、灰、土等散料按 3.0% 估算。,本节点适用,,Y
1121,砼、砂浆及其他配合比材料,垫层材料,多合土垫层,砼、砂浆及其他配合比材料 > 垫层材料 > 多合土垫层,3,0.03,3%,SAND_STONE,砂石粉灰土,公开资料/本地定额,砂、石、粉、灰、土等散料按 3.0% 估算。,本节点适用,,Y
1122,砼、砂浆及其他配合比材料,垫层材料,其他垫层材料,砼、砂浆及其他配合比材料 > 垫层材料 > 其他垫层材料,3,0.03,3%,SAND_STONE,砂石粉灰土,公开资料/本地定额,砂、石、粉、灰、土等散料按 3.0% 估算。,本节点适用,,Y
1123,砼、砂浆及其他配合比材料,其他配合比材料,胶泥、脂、油,砼、砂浆及其他配合比材料 > 其他配合比材料 > 胶泥、脂、油,3,0.03,3%,OTHER_MATERIAL_LOW_CONF,其他材料,经验估算,未命中细分规则的材料按通用采购损耗 3.0%，需要后续用企业历史采购数据校准。,本节点适用,稀胶泥|胶泥|瓷砖胶泥|玛蹄脂,Y
1124,砼、砂浆及其他配合比材料,其他配合比材料,其他配合比材料,砼、砂浆及其他配合比材料 > 其他配合比材料 > 其他配合比材料,3,0.03,3%,OTHER_MATERIAL_LOW_CONF,其他材料,经验估算,未命中细分规则的材料按通用采购损耗 3.0%，需要后续用企业历史采购数据校准。,本节点适用,,Y
20,水泥、砖瓦灰砂石及混凝土制品,水泥,水泥,水泥、砖瓦灰砂石及混凝土制品 > 水泥 > 水泥,3,0.02,2%,CEMENT,水泥,公开资料/本地定额,袋装/散装水泥现场转运、计量和散落损耗，取 2.0%。,本节点适用,,Y
19,水泥、砖瓦灰砂石及混凝土制品,砂石、粉、灰、土,砂,水泥、砖瓦灰砂石及混凝土制品 > 砂石、粉、灰、土 > 砂,3,0.03,3%,SAND_STONE,砂石粉灰土,公开资料/本地定额,砂、石、粉、灰、土等散料按 3.0% 估算。,本节点适用,广汉砂|天然黄砂|机砂|海砂|河砂|建筑黄砂|豆罗沙|细沙|海沙|防火砂|级配砂石|河沙|砂夹石|砂子|净砂|水洗砂|白砂,Y
1125,水泥、砖瓦灰砂石及混凝土制品,砂石、粉、灰、土,石子,水泥、砖瓦灰砂石及混凝土制品 > 砂石、粉、灰、土 > 石子,3,0.03,3%,SAND_STONE,砂石粉灰土,公开资料/本地定额,砂、石、粉、灰、土等散料按 3.0% 估算。,本节点适用,公分石|洗米石|道砟|鹅卵石|灰石子|绿石米|山皮石|青石子|红石米|五彩石|高钙石|石米|瓜子石|小石子|砂石|砂砾石|白石米|玛瑙石,Y
1126,水泥、砖瓦灰砂石及混凝土制品,砂石、粉、灰、土,石料,水泥、砖瓦灰砂石及混凝土制品 > 砂石、粉、灰、土 > 石料,3,0.03,3%,SAND_STONE,砂石粉灰土,公开资料/本地定额,砂、石、粉、灰、土等散料按 3.0% 估算。,本节点适用,荒料|毛石,Y
1127,水泥、砖瓦灰砂石及混凝土制品,砂石、粉、灰、土,轻骨料,水泥、砖瓦灰砂石及混凝土制品 > 砂石、粉、灰、土 > 轻骨料,3,0.03,3%,SAND_STONE,砂石粉灰土,公开资料/本地定额,砂、石、粉、灰、土等散料按 3.0% 估算。,本节点适用,陶沙,Y
1128,水泥、砖瓦灰砂石及混凝土制品,砂石、粉、灰、土,灰、粉、土等掺合填充料,水泥、砖瓦灰砂石及混凝土制品 > 砂石、粉、灰、土 > 灰、粉、土等掺合填充料,3,0.03,3%,SAND_STONE,砂石粉灰土,公开资料/本地定额,砂、石、粉、灰、土等散料按 3.0% 估算。,本节点适用,石灰|灰钙|晶石粉|碳酸钙粉|白灰|刮墙粉|石灰粉|找平粉|重钙|微粉|粘粉|耐水粉,Y
120,水泥、砖瓦灰砂石及混凝土制品,砼、砂浆外加剂,混凝土、砂浆外加剂,水泥、砖瓦灰砂石及混凝土制品 > 砼、砂浆外加剂 > 混凝土、砂浆外加剂,3,0.02,2%,ADMIXTURE,外加剂,公开资料/本地定额,液体/粉体外加剂按计量、包装残留和现场储运损耗 2.0%。,本节点适用,抗裂剂|耐蚀剂|掺合料|底涂剂|添加剂|阻裂手|增强剂|早强减水泵送剂|防冻剂|膨胀熟料|素纤维|外加剂|灌注材料|防水剂|压浆剂,Y
1129,水泥、砖瓦灰砂石及混凝土制品,砌砖、砌块,砌砖,水泥、砖瓦灰砂石及混凝土制品 > 砌砖、砌块 > 砌砖,3,0.03,3%,BRICK,砖,公开资料/本地定额,普通砖、烧结砖砌体本地校准为 3.0%。,本节点适用,小标砖|实心砖|万能砖|封顶砖|水泥砖|标砖|粉煤灰砖|U形砖|异形砖|门头砖|标准砖|灰砂砖|页岩砖|非标砖|多孔砖|配砖|普通砖|混凝土砖|配件砖|承重砖|空心砖|隔热砖|六孔砖,Y
17,水泥、砖瓦灰砂石及混凝土制品,砌砖、砌块,砌块,水泥、砖瓦灰砂石及混凝土制品 > 砌砖、砌块 > 砌块,3,0.04,4%,BLOCK,砌块,公开资料/本地定额,砌块损耗各地区差异较大，本地基准 4.0%，轻质砌块可低至 2.0%。,本节点适用,标准块|保温块|轻质砖,Y
1130,水泥、砖瓦灰砂石及混凝土制品,混凝土制品,水泥及混凝土预制品,水泥、砖瓦灰砂石及混凝土制品 > 混凝土制品 > 水泥及混凝土预制品,3,0.02,2%,CONCRETE_PRODUCTS,混凝土制品/瓦,公开资料/本地定额,成品混凝土制品、瓦类以破损和切割损耗为主，取 2.0%。,本节点适用,,Y
22,水泥、砖瓦灰砂石及混凝土制品,混凝土制品,钢筋混凝土预制构件（非装配式）,水泥、砖瓦灰砂石及混凝土制品 > 混凝土制品 > 钢筋混凝土预制构件（非装配式）,3,0.02,2%,CONCRETE_PRODUCTS,混凝土制品/瓦,公开资料/本地定额,成品混凝土制品、瓦类以破损和切割损耗为主，取 2.0%。,本节点适用,空心板|毛板|竹节桩|预制方桩|井室底板|屋面板|管桩|方桩|双t板|砼井圈|调节块|U型槽,Y
21,水泥、砖瓦灰砂石及混凝土制品,瓦,瓦,水泥、砖瓦灰砂石及混凝土制品 > 瓦 > 瓦,3,0.02,2%,CONCRETE_PRODUCTS,混凝土制品/瓦,公开资料/本地定额,成品混凝土制品、瓦类以破损和切割损耗为主，取 2.0%。,本节点适用,,Y
1131,装配式建筑预制构件,装配式混凝土结构构件,预制楼板,装配式建筑预制构件 > 装配式混凝土结构构件 > 预制楼板,3,0.01,1%,PREFAB_COMPONENT,装配式预制构件,经验估算,该大类更接近预制成品构件采购，现场施工损耗主要为堆放、吊装和安装破损备损，暂取 1.0%。,本节点适用,,Y
1132,装配式建筑预制构件,装配式混凝土结构构件,预制梁,装配式建筑预制构件 > 装配式混凝土结构构件 > 预制梁,3,0.01,1%,PREFAB_COMPONENT,装配式预制构件,经验估算,该大类更接近预制成品构件采购，现场施工损耗主要为堆放、吊装和安装破损备损，暂取 1.0%。,本节点适用,,Y
1133,装配式建筑预制构件,装配式混凝土结构构件,预制墙,装配式建筑预制构件 > 装配式混凝土结构构件 > 预制墙,3,0.01,1%,PREFAB_COMPONENT,装配式预制构件,经验估算,该大类更接近预制成品构件采购，现场施工损耗主要为堆放、吊装和安装破损备损，暂取 1.0%。,本节点适用,,Y
1134,装配式建筑预制构件,装配式混凝土结构构件,预制柱,装配式建筑预制构件 > 装配式混凝土结构构件 > 预制柱,3,0.01,1%,PREFAB_COMPONENT,装配式预制构件,经验估算,该大类更接近预制成品构件采购，现场施工损耗主要为堆放、吊装和安装破损备损，暂取 1.0%。,本节点适用,,Y
1135,装配式建筑预制构件,装配式混凝土结构构件,预制楼梯,装配式建筑预制构件 > 装配式混凝土结构构件 > 预制楼梯,3,0.01,1%,PREFAB_COMPONENT,装配式预制构件,经验估算,该大类更接近预制成品构件采购，现场施工损耗主要为堆放、吊装和安装破损备损，暂取 1.0%。,本节点适用,,Y
1136,装配式建筑预制构件,装配式混凝土结构构件,其他异形构件,装配式建筑预制构件 > 装配式混凝土结构构件 > 其他异形构件,3,0.01,1%,PREFAB_COMPONENT,装配式预制构件,经验估算,该大类更接近预制成品构件采购，现场施工损耗主要为堆放、吊装和安装破损备损，暂取 1.0%。,本节点适用,,Y
1137,装配式建筑预制构件,装配式钢结构构件,预制钢楼层板,装配式建筑预制构件 > 装配式钢结构构件 > 预制钢楼层板,3,0.01,1%,PREFAB_COMPONENT,装配式预制构件,经验估算,该大类更接近预制成品构件采购，现场施工损耗主要为堆放、吊装和安装破损备损，暂取 1.0%。,本节点适用,,Y
1138,装配式建筑预制构件,装配式钢结构构件,预制钢墙面板,装配式建筑预制构件 > 装配式钢结构构件 > 预制钢墙面板,3,0.01,1%,PREFAB_COMPONENT,装配式预制构件,经验估算,该大类更接近预制成品构件采购，现场施工损耗主要为堆放、吊装和安装破损备损，暂取 1.0%。,本节点适用,,Y
1139,装配式建筑预制构件,装配式钢结构构件,预制钢屋面板,装配式建筑预制构件 > 装配式钢结构构件 > 预制钢屋面板,3,0.01,1%,PREFAB_COMPONENT,装配式预制构件,经验估算,该大类更接近预制成品构件采购，现场施工损耗主要为堆放、吊装和安装破损备损，暂取 1.0%。,本节点适用,,Y
1140,装配式建筑预制构件,装配式钢结构构件,预制钢屋架,装配式建筑预制构件 > 装配式钢结构构件 > 预制钢屋架,3,0.01,1%,PREFAB_COMPONENT,装配式预制构件,经验估算,该大类更接近预制成品构件采购，现场施工损耗主要为堆放、吊装和安装破损备损，暂取 1.0%。,本节点适用,,Y
1141,装配式建筑预制构件,装配式钢结构构件,预制钢桁架,装配式建筑预制构件 > 装配式钢结构构件 > 预制钢桁架,3,0.01,1%,PREFAB_COMPONENT,装配式预制构件,经验估算,该大类更接近预制成品构件采购，现场施工损耗主要为堆放、吊装和安装破损备损，暂取 1.0%。,本节点适用,,Y
1142,装配式建筑预制构件,装配式钢结构构件,预制钢柱,装配式建筑预制构件 > 装配式钢结构构件 > 预制钢柱,3,0.01,1%,PREFAB_COMPONENT,装配式预制构件,经验估算,该大类更接近预制成品构件采购，现场施工损耗主要为堆放、吊装和安装破损备损，暂取 1.0%。,本节点适用,,Y
1143,装配式建筑预制构件,装配式钢结构构件,预制钢梁,装配式建筑预制构件 > 装配式钢结构构件 > 预制钢梁,3,0.01,1%,PREFAB_COMPONENT,装配式预制构件,经验估算,该大类更接近预制成品构件采购，现场施工损耗主要为堆放、吊装和安装破损备损，暂取 1.0%。,本节点适用,,Y
1144,装配式建筑预制构件,装配式钢结构构件,预制钢支撑,装配式建筑预制构件 > 装配式钢结构构件 > 预制钢支撑,3,0.01,1%,PREFAB_COMPONENT,装配式预制构件,经验估算,该大类更接近预制成品构件采购，现场施工损耗主要为堆放、吊装和安装破损备损，暂取 1.0%。,本节点适用,,Y
1145,装配式建筑预制构件,装配式钢结构构件,预制钢楼梯,装配式建筑预制构件 > 装配式钢结构构件 > 预制钢楼梯,3,0.01,1%,PREFAB_COMPONENT,装配式预制构件,经验估算,该大类更接近预制成品构件采购，现场施工损耗主要为堆放、吊装和安装破损备损，暂取 1.0%。,本节点适用,,Y
1146,装配式建筑预制构件,装配式钢结构构件,其他钢结构构件,装配式建筑预制构件 > 装配式钢结构构件 > 其他钢结构构件,3,0.01,1%,PREFAB_COMPONENT,装配式预制构件,经验估算,该大类更接近预制成品构件采购，现场施工损耗主要为堆放、吊装和安装破损备损，暂取 1.0%。,本节点适用,,Y
1147,装配式建筑预制构件,装配式木结构构件,预制梁柱式构件,装配式建筑预制构件 > 装配式木结构构件 > 预制梁柱式构件,3,0.01,1%,PREFAB_COMPONENT,装配式预制构件,经验估算,该大类更接近预制成品构件采购，现场施工损耗主要为堆放、吊装和安装破损备损，暂取 1.0%。,本节点适用,,Y
1148,装配式建筑预制构件,装配式木结构构件,预制木桁架,装配式建筑预制构件 > 装配式木结构构件 > 预制木桁架,3,0.01,1%,PREFAB_COMPONENT,装配式预制构件,经验估算,该大类更接近预制成品构件采购，现场施工损耗主要为堆放、吊装和安装破损备损，暂取 1.0%。,本节点适用,,Y
1149,装配式建筑预制构件,装配式木结构构件,预制板式组件,装配式建筑预制构件 > 装配式木结构构件 > 预制板式组件,3,0.01,1%,PREFAB_COMPONENT,装配式预制构件,经验估算,该大类更接近预制成品构件采购，现场施工损耗主要为堆放、吊装和安装破损备损，暂取 1.0%。,本节点适用,,Y
1150,装配式建筑预制构件,装配式木结构构件,预制空间模块式组件,装配式建筑预制构件 > 装配式木结构构件 > 预制空间模块式组件,3,0.01,1%,PREFAB_COMPONENT,装配式预制构件,经验估算,该大类更接近预制成品构件采购，现场施工损耗主要为堆放、吊装和安装破损备损，暂取 1.0%。,本节点适用,,Y
1151,装配式建筑预制构件,装配式木结构构件,装配式木结构凉亭,装配式建筑预制构件 > 装配式木结构构件 > 装配式木结构凉亭,3,0.01,1%,PREFAB_COMPONENT,装配式预制构件,经验估算,该大类更接近预制成品构件采购，现场施工损耗主要为堆放、吊装和安装破损备损，暂取 1.0%。,本节点适用,,Y
1152,装配式建筑预制构件,装配式木结构构件,其他预制木结构构件,装配式建筑预制构件 > 装配式木结构构件 > 其他预制木结构构件,3,0.01,1%,PREFAB_COMPONENT,装配式预制构件,经验估算,该大类更接近预制成品构件采购，现场施工损耗主要为堆放、吊装和安装破损备损，暂取 1.0%。,本节点适用,,Y
164,五金制品,紧固件,紧固件,五金制品 > 紧固件 > 紧固件,3,0.02,2%,HARDWARE,五金/紧固件,公开资料/本地定额,五金、紧固件、连接件按安装遗失和备损 2.0%。,本节点适用,紧固件,Y
68,五金制品,门窗及幕墙五金,幕墙五金,五金制品 > 门窗及幕墙五金 > 幕墙五金,3,0.01,1%,DOOR_WINDOW,门窗成品,公开资料/本地定额,门窗、卷帘、楼梯栏杆等成品或半成品按破损备损 1.0%。,本节点适用,,Y
76,五金制品,门窗及幕墙五金,门窗五金,五金制品 > 门窗及幕墙五金 > 门窗五金,3,0.01,1%,DOOR_WINDOW,门窗成品,公开资料/本地定额,门窗、卷帘、楼梯栏杆等成品或半成品按破损备损 1.0%。,本节点适用,拉手|卡锁|卫浴锁|房门锁|锁紧器|龟顶|爬升块|曲夹|氧化铝锁|把手|3点锁|防误器|闭门器|铰链|滑轮|顺门器|地弹簧|合页|顶夹|防沉块|门把手|假锁|执手|上夹|日式锁|防尘条|把手锁|防尘块|门碰|门叉锁|下夹|不锈钢锁|传动装置|2点锁|锁扣|电插锁,Y
56,五金制品,家具五金,家具五金,五金制品 > 家具五金 > 家具五金,3,0.02,2%,HARDWARE,五金/紧固件,公开资料/本地定额,五金、紧固件、连接件按安装遗失和备损 2.0%。,本节点适用,,Y
36,五金制品,水暖及卫浴五金,水暖及卫浴五金,五金制品 > 水暖及卫浴五金 > 水暖及卫浴五金,3,0.02,2%,HARDWARE,五金/紧固件,公开资料/本地定额,五金、紧固件、连接件按安装遗失和备损 2.0%。,本节点适用,马桶刷架|铜篮|更衣台|铝篮|玻璃搁架|座凳|单碟|置物篮|挂衣钩|衣钩|厕纸架|毛巾杆|衣挂钩|肥皂盘|纸盅|皂网|厠刷架|刷架|手纸筒|毛巾挂|皂盅|纸巾盒|皂篮|单皂碟|纸架|肥皂碟|婴儿椅|玻璃架|卷纸架|层架|浴巾挂|纸巾架|垃圾桶|弹盖桶|环卫桶|皂碟|卷纸盒|卷纸杆|双杯|果壳箱,Y
1153,五金制品,涂附磨具与磨料,涂附磨具与磨料,五金制品 > 涂附磨具与磨料 > 涂附磨具与磨料,3,0.03,3%,ABRASIVE_CONSUMABLE,磨具磨料,经验估算,涂附磨具、磨料属于施工消耗品，按一般消耗辅材 3.0% 备损。,本节点适用,磨头,Y
1154,五金制品,焊材,焊材,五金制品 > 焊材 > 焊材,3,0.05,5%,WELDING,焊材,公开资料/本地定额,焊条、焊丝、焊剂按消耗残头、飞溅和烘干损耗 5.0%。,本节点适用,,Y
165,五金制品,其他五金,轴承,五金制品 > 其他五金 > 轴承,3,0.02,2%,HARDWARE,五金/紧固件,公开资料/本地定额,五金、紧固件、连接件按安装遗失和备损 2.0%。,本节点适用,,Y
1155,五金制品,其他五金,网、纱、布,五金制品 > 其他五金 > 网、纱、布,3,0.02,2%,HARDWARE,五金/紧固件,公开资料/本地定额,五金、紧固件、连接件按安装遗失和备损 2.0%。,本节点适用,矿筛|输送带网|金属丝网|窗纱网|石笼网箱|保温网|矿筛板|排水网|矿筛网|轧花网|纤维网|网格板|焊接网|网片|土工网|防晒网|纱窗网|护栏网|荷兰网|圆孔板|玻璃丝布,Y
1156,五金制品,其他五金,铁丝,五金制品 > 其他五金 > 铁丝,3,0.02,2%,HARDWARE,五金/紧固件,公开资料/本地定额,五金、紧固件、连接件按安装遗失和备损 2.0%。,本节点适用,,Y
1157,五金制品,其他五金,铁件,五金制品 > 其他五金 > 铁件,3,0.03,3%,METAL_GENERAL,金属材料,公开资料/本地定额,一般金属材料存在切割、加工、搬运损耗，取 3.0%。,本节点适用,预埋件|连接铁件,Y
1158,五金制品,其他五金,钢筋接头、锚具及钢筋保护帽,五金制品 > 其他五金 > 钢筋接头、锚具及钢筋保护帽,3,0.025,2.5%,STEEL_REBAR,钢筋,公开资料/本地定额,螺纹钢/热轧带肋钢筋按 2.5% 控制；圆钢小规格可低至 2.0%，这里取通用采购侧 2.5%。,本节点适用,锚固件|保护帽|锚固钉|长套筒|套筒,Y
191,五金制品,其他五金,其他五金,五金制品 > 其他五金 > 其他五金,3,0.02,2%,HARDWARE,五金/紧固件,公开资料/本地定额,五金、紧固件、连接件按安装遗失和备损 2.0%。,本节点适用,衣管座|衣管|卸扣,Y
1159,周转材料及工器具,钢支撑,钢支撑,周转材料及工器具 > 钢支撑 > 钢支撑,3,,,NA_TURNOVER_TOOL,周转/工器具不适用,口径判断,模板、脚手架、工器具更适合按周转次数、租赁或摊销量计算，不宜使用一次性施工损耗率。,不适用,,N
1160,周转材料及工器具,模板及附件,模板及其附件,周转材料及工器具 > 模板及附件 > 模板及其附件,3,,,NA_TURNOVER_TOOL,周转/工器具不适用,口径判断,模板、脚手架、工器具更适合按周转次数、租赁或摊销量计算，不宜使用一次性施工损耗率。,不适用,覆膜板|模板系统分包|模板系统租凭|桥梁专用板|芯模|角模|清水板|锁销|山型卡|丝杠|扣件|木架板|钢模卡|步步紧（和模板一起出现的需求，与模板同分类；单独或者和五金一起出现的需求，放在五金）,N
228,周转材料及工器具,脚手架及其配件,脚手架及其配件,周转材料及工器具 > 脚手架及其配件 > 脚手架及其配件,3,,,NA_TURNOVER_TOOL,周转/工器具不适用,口径判断,模板、脚手架、工器具更适合按周转次数、租赁或摊销量计算，不宜使用一次性施工损耗率。,不适用,,N
229,周转材料及工器具,活动板房,活动板房,周转材料及工器具 > 活动板房 > 活动板房,3,,,NA_TURNOVER_TOOL,周转/工器具不适用,口径判断,模板、脚手架、工器具更适合按周转次数、租赁或摊销量计算，不宜使用一次性施工损耗率。,不适用,,N
230,周转材料及工器具,围护、运输类周转材料,围护类周转材料,周转材料及工器具 > 围护、运输类周转材料 > 围护类周转材料,3,,,NA_TURNOVER_TOOL,周转/工器具不适用,口径判断,模板、脚手架、工器具更适合按周转次数、租赁或摊销量计算，不宜使用一次性施工损耗率。,不适用,围挡,N
1161,周转材料及工器具,围护、运输类周转材料,运输类周转材料,周转材料及工器具 > 围护、运输类周转材料 > 运输类周转材料,3,,,NA_TURNOVER_TOOL,周转/工器具不适用,口径判断,模板、脚手架、工器具更适合按周转次数、租赁或摊销量计算，不宜使用一次性施工损耗率。,不适用,,N
1162,周转材料及工器具,其他周转材料,胎具、模具类周转材料,周转材料及工器具 > 其他周转材料 > 胎具、模具类周转材料,3,,,NA_TURNOVER_TOOL,周转/工器具不适用,口径判断,模板、脚手架、工器具更适合按周转次数、租赁或摊销量计算，不宜使用一次性施工损耗率。,不适用,试模,N
1163,周转材料及工器具,其他周转材料,其他周转材料,周转材料及工器具 > 其他周转材料 > 其他周转材料,3,,,NA_TURNOVER_TOOL,周转/工器具不适用,口径判断,模板、脚手架、工器具更适合按周转次数、租赁或摊销量计算，不宜使用一次性施工损耗率。,不适用,,N
171,周转材料及工器具,工器具,手动工具,周转材料及工器具 > 工器具 > 手动工具,3,,,NA_TURNOVER_TOOL,周转/工器具不适用,口径判断,模板、脚手架、工器具更适合按周转次数、租赁或摊销量计算，不宜使用一次性施工损耗率。,不适用,钳头|钻孔器|弯咀钳|斜咀钳|圆头锤|快扳|检票钳|呆扳手|钳工锤|扳杆|棘轮|尖嘴钳|铜顶斧|螺纹攻丝|尖咀钳|改锥|大力钳|旋具头|钢丝钳|敲击锤|板牙|开孔器|斧头|铁柄胶锤|壁纸刀|橡胶锤|安装锤|钳子|扁咀钳|针咀钳|橡皮锤|勾扳手|卡簧钳|羊毛扫|夹持钳|铜钎|省力钳|斩口锤|除锈锤|转接头|滚筒|扁嘴钳|平锉|圆嘴钳|顶嘴钳|链子钳|针嘴钳|挡圈钳|锉刀|弯嘴钳|扁锉|什锦锉|鹰嘴钳|平口钳,N
1164,周转材料及工器具,工器具,手动起重工具,周转材料及工器具 > 工器具 > 手动起重工具,3,,,NA_TURNOVER_TOOL,周转/工器具不适用,口径判断,模板、脚手架、工器具更适合按周转次数、租赁或摊销量计算，不宜使用一次性施工损耗率。,不适用,,N
1165,周转材料及工器具,工器具,气动工具,周转材料及工器具 > 工器具 > 气动工具,3,,,NA_TURNOVER_TOOL,周转/工器具不适用,口径判断,模板、脚手架、工器具更适合按周转次数、租赁或摊销量计算，不宜使用一次性施工损耗率。,不适用,,N
1166,周转材料及工器具,工器具,电动工具,周转材料及工器具 > 工器具 > 电动工具,3,,,NA_TURNOVER_TOOL,周转/工器具不适用,口径判断,模板、脚手架、工器具更适合按周转次数、租赁或摊销量计算，不宜使用一次性施工损耗率。,不适用,吹风机|砂光机|直磨机|切砖机|电钻|云石|电锤|电锤钻|两用机|切割器|砂磨机|连接机|手电钻|钻机|切割机|手钻|马刀锯|锤钻,N
1167,周转材料及工器具,工器具,土木工具,周转材料及工器具 > 工器具 > 土木工具,3,,,NA_TURNOVER_TOOL,周转/工器具不适用,口径判断,模板、脚手架、工器具更适合按周转次数、租赁或摊销量计算，不宜使用一次性施工损耗率。,不适用,甲板铲|修边机|防爆锹|刮丝刀|除锈刀|扁铲|雕刻机|瓦刀|撬杠|开槽器|检验锤|除锈锄|除锈铲|手板锯,N
1168,周转材料及工器具,工器具,钳工工具,周转材料及工器具 > 工器具 > 钳工工具,3,,,NA_TURNOVER_TOOL,周转/工器具不适用,口径判断,模板、脚手架、工器具更适合按周转次数、租赁或摊销量计算，不宜使用一次性施工损耗率。,不适用,螺丝批|台虎钳,N
1169,周转材料及工器具,工器具,水暖工具,周转材料及工器具 > 工器具 > 水暖工具,3,,,NA_TURNOVER_TOOL,周转/工器具不适用,口径判断,模板、脚手架、工器具更适合按周转次数、租赁或摊销量计算，不宜使用一次性施工损耗率。,不适用,管钳|弯剪|剥管器|热熔机|熔接器|弹簧器|电剪刀,N
1170,周转材料及工器具,工器具,电工工具,周转材料及工器具 > 工器具 > 电工工具,3,,,NA_TURNOVER_TOOL,周转/工器具不适用,口径判断,模板、脚手架、工器具更适合按周转次数、租赁或摊销量计算，不宜使用一次性施工损耗率。,不适用,铁皮剪|钢丝绳剪|航空剪|电缆剪|剥线钳|断线钳|民用剪|直剪,N
1171,周转材料及工器具,工器具,测量工具,周转材料及工器具 > 工器具 > 测量工具,3,,,NA_TURNOVER_TOOL,周转/工器具不适用,口径判断,模板、脚手架、工器具更适合按周转次数、租赁或摊销量计算，不宜使用一次性施工损耗率。,不适用,高度尺|卡尺|三角尺|钢角尺|纤维尺|测距轮,N
1172,周转材料及工器具,工器具,衡器,周转材料及工器具 > 工器具 > 衡器,3,,,NA_TURNOVER_TOOL,周转/工器具不适用,口径判断,模板、脚手架、工器具更适合按周转次数、租赁或摊销量计算，不宜使用一次性施工损耗率。,不适用,,N
1173,周转材料及工器具,工器具,实验室用工器具,周转材料及工器具 > 工器具 > 实验室用工器具,3,,,NA_TURNOVER_TOOL,周转/工器具不适用,口径判断,模板、脚手架、工器具更适合按周转次数、租赁或摊销量计算，不宜使用一次性施工损耗率。,不适用,烧杯|烧瓶|度筒,N
1174,周转材料及工器具,工器具,其他工器具,周转材料及工器具 > 工器具 > 其他工器具,3,,,NA_TURNOVER_TOOL,周转/工器具不适用,口径判断,模板、脚手架、工器具更适合按周转次数、租赁或摊销量计算，不宜使用一次性施工损耗率。,不适用,刀具|工具|金属笔|弯管,N
223,涂料及防腐、防水材料,防水材料,防水卷材,涂料及防腐、防水材料 > 防水材料 > 防水卷材,3,0.12,12%,WATERPROOF_ROLL,防水卷材,公开资料/本地定额,SBS/高分子防水卷材按净铺贴面积口径采购时，卷材长边搭接80~100mm、短边搭接100mm，搭接占比约10%，加施工裁切2%，合计取12%。若采购量已含搭接展开面积，则损耗取5%~8%。,本节点适用,强力交叉膜|防水系统|玻纤胎卷材|自粘胶膜|分子粘|卷材|防水材料,Y
232,涂料及防腐、防水材料,防水材料,防水涂料,涂料及防腐、防水材料 > 防水材料 > 防水涂料,3,0.05,5%,WATERPROOF_COATING,防水涂料,公开资料/本地定额,聚氨酯/JS等涂膜防水，精细管理下甲方审计基准为3%~5%，通用采购侧取5%；8%仅适用于喷涂工艺等粗放场景。,本节点适用,水性聚氨酯|JS液料|防水浆料|浆料|防水系统|涂膜|玛克水|水泥砂浆乳胶|JS粉料|聚脲|防水材料|沥青涂料|防水宝|防水乳浆|防水胶乳,Y
47,涂料及防腐、防水材料,防水材料,防水密封材料,涂料及防腐、防水材料 > 防水材料 > 防水密封材料,3,0.05,5%,SEALING_STOP_WATER,止水/密封材料,公开资料/本地定额,止水带、密封胶、嵌缝材料按切断、搭接和胶料残留 5.0%。,本节点适用,活接垫|水表垫|○形圈|U型圈|热缩带|缠绕垫|人孔垫|手孔垫|O型圈|泡沫条|复合垫,Y
1175,涂料及防腐、防水材料,防水材料,堵漏灌浆材料,涂料及防腐、防水材料 > 防水材料 > 堵漏灌浆材料,3,0.05,5%,SEALING_STOP_WATER,止水/密封材料,公开资料/本地定额,止水带、密封胶、嵌缝材料按切断、搭接和胶料残留 5.0%。,本节点适用,堵漏料|冷底油|注浆液|防漏胶|止漏胶|勾缝料|抢修料|裂缝贴|填缝王|水不漏|接缝王|堵漏快|接缝宝|堵漏宝|填缝宝|填补料|嵌缝胶,Y
1176,涂料及防腐、防水材料,防水材料,其他防水材料,涂料及防腐、防水材料 > 防水材料 > 其他防水材料,3,0.03,3%,OTHER_MATERIAL_LOW_CONF,其他材料,经验估算,未命中细分规则的材料按通用采购损耗 3.0%，需要后续用企业历史采购数据校准。,本节点适用,油毡|稀料|永凝液|防渗宝|止水胶|引气剂粉|密封材料|干粉料|碳纤维胶|强化膏|中涂粉|背涂胶|防水胶膜|防水条|镇水粉|防水漆|平色剂|水胶粉|防潮液|杜渗膏|护木剂|道碴胶|增光剂|强化剂|引气剂膏|沥青乳胶|防渗膜|交叉膜|防火光幕|防霉卫士胶|透光膜|防腐乳液|搭接胶,Y
231,涂料及防腐、防水材料,止水材料,止水材料,涂料及防腐、防水材料 > 止水材料 > 止水材料,3,0.05,5%,SEALING_STOP_WATER,止水/密封材料,公开资料/本地定额,止水带、密封胶、嵌缝材料按切断、搭接和胶料残留 5.0%。,本节点适用,,Y
53,涂料及防腐、防水材料,涂料,建筑涂料,涂料及防腐、防水材料 > 涂料 > 建筑涂料,3,0.05,5%,PAINT_COATING,涂料/油漆,公开资料/本地定额,建筑涂料（内墙/外墙/功能性/道路涂料/油漆）刷涂或滚涂工艺损耗3%~5%，通用采购侧取5%；喷涂工艺损耗可达8%~10%，如采用喷涂工艺应另行调整。,本节点适用,硬质漆|生态漆|彩石漆|耐候漆|金福漆|养生漆|着色底漆|柔光漆|瓦面漆|玉石漆|纳米漆|中间漆|刮痧漆|晴雨漆|中涂漆|丝光面漆|弹性涂料|丝光漆|纹理漆|中层骨浆|彩点漆|底油|内墙面涂|梦幻漆|写字漆|仿瓷漆|外墙涂料|砂雕漆|防晒漆|黑漆|车库漆|水漆|墙漆|水泥漆|弹涂管料|调色基漆|面涂|墙面漆|中涂|主漆|庞亚漆|弹涂漆|外墙面涂|砂壁|自洁漆|环保漆|涂漆|仿砖漆|亮光漆|防护漆|厚质漆|仿瓷涂料|石漆|石头漆|龙山彩|平光面漆|全效漆|甲醛漆|涂料|树脂漆|花岗岩漆|功能漆|低弹漆|盐片漆|底色漆|艺术漆|印花料|仿石涂料|底涂料|中色漆|外墙漆|垂纹漆|粉末涂料|喷砂漆|防裂漆|外弹漆|工程漆|基础漆|砂胶漆|內墙漆|金砂漆|罩光油|浅色漆|瓷晶漆|凹凸漆|儿童漆|彩漆|乳胶漆|岩片漆|外墙胶|龙城漆|外墻漆|细料|大理石漆|磁力漆|底层漆|生态胶|弹性漆|防霉液|丝绸漆|弹面涂料|浮雕粉|艺术料|理石漆|柔光面漆|半光面漆|金装漆|面油|围城漆|刮沙漆|仿花岗岩石漆|瓷面漆|竹炭漆|哑光漆|铬漆|内墙漆|健康漆|墙体漆|面罩漆|勾缝漆|渗透底漆|弹性面涂|水包沙|高光漆|荷叶漆|硅藻土,Y
1177,涂料及防腐、防水材料,涂料,功能性建筑涂料,涂料及防腐、防水材料 > 涂料 > 功能性建筑涂料,3,0.05,5%,PAINT_COATING,涂料/油漆,公开资料/本地定额,建筑涂料（内墙/外墙/功能性/道路涂料/油漆）刷涂或滚涂工艺损耗3%~5%，通用采购侧取5%；喷涂工艺损耗可达8%~10%，如采用喷涂工艺应另行调整。,本节点适用,罩面剂|三防涂料|防霉漆|维护漆|高温漆|橡胶面漆|耐温漆|调合漆|内壁漆|水线漆|醇酸底漆|涂料|铁锨漆|铁红漆|带锈底漆|氨基烘漆|船壳漆|水舱底漆|防污漆|水池漆|云铁漆|醇酸灰底漆|屋顶漆|环氧稀释漆|中层漆|快干漆|锌黄底漆|防滑漆|屏蔽漆|铁粉漆|超琐特漆|鳞片漆|富锌漆|导静电漆|耐油漆|烘干磁漆|钢钉漆|聚氨酯漆|饮用水设备专用漆|环氧煤|耐高温漆|防腐底漆|防腐油|防火漆,Y
1178,涂料及防腐、防水材料,涂料,道路、路面涂料,涂料及防腐、防水材料 > 涂料 > 道路、路面涂料,3,0.05,5%,PAINT_COATING,涂料/油漆,公开资料/本地定额,建筑涂料（内墙/外墙/功能性/道路涂料/油漆）刷涂或滚涂工艺损耗3%~5%，通用采购侧取5%；喷涂工艺损耗可达8%~10%，如采用喷涂工艺应另行调整。,本节点适用,桥梁漆|发光漆|标志漆|路标漆|反光漆|标线漆,Y
1179,涂料及防腐、防水材料,涂料,其他专用涂料,涂料及防腐、防水材料 > 涂料 > 其他专用涂料,3,0.05,5%,PAINT_COATING,涂料/油漆,公开资料/本地定额,建筑涂料（内墙/外墙/功能性/道路涂料/油漆）刷涂或滚涂工艺损耗3%~5%，通用采购侧取5%；喷涂工艺损耗可达8%~10%，如采用喷涂工艺应另行调整。,本节点适用,甲板漆|烟卤漆|烟囱漆|压载舱漆|天那水|专用漆|熟胶粉|调节剂|原子灰|固化剂|脱漆液|垫层|罩光剂|银漆|催硬剂|801胶|坡道粉|加固剂|色料|找平膏|罩光面漆|闪光漆|有机硅|环保涂料|调薄水|坡道液|聚乙烯漆|封墙底漆|多功能漆|香蕉水|镀银漆,Y
1180,涂料及防腐、防水材料,油漆,通用油漆,涂料及防腐、防水材料 > 油漆 > 通用油漆,3,0.05,5%,PAINT_COATING,涂料/油漆,公开资料/本地定额,建筑涂料（内墙/外墙/功能性/道路涂料/油漆）刷涂或滚涂工艺损耗3%~5%，通用采购侧取5%；喷涂工艺损耗可达8%~10%，如采用喷涂工艺应另行调整。,本节点适用,高光面漆|哑光面漆|煤焦漆|酚醛漆|丙烯酸漆|富锌底漆|封闭漆|醇酸磁漆|灰底漆|固化漆|无光面漆|闪银漆|珠光漆|烤漆|氟漆|碳专用灰底漆|金色漆|珠光面漆|氟碳涂料|装饰漆|照光漆|聚酯漆,Y
1181,涂料及防腐、防水材料,油漆,木器漆,涂料及防腐、防水材料 > 油漆 > 木器漆,3,0.05,5%,PAINT_COATING,涂料/油漆,公开资料/本地定额,建筑涂料（内墙/外墙/功能性/道路涂料/油漆）刷涂或滚涂工艺损耗3%~5%，通用采购侧取5%；喷涂工艺损耗可达8%~10%，如采用喷涂工艺应另行调整。,本节点适用,手扫漆|地板漆|硝基清漆|调色漆|硝基底漆|氨基漆|反光面漆|清面漆|清底漆|透明漆|金粉漆|清油漆|硝基漆|古铜漆|金漆|白磁漆|白面漆|聚酯底漆|红金漆|白底漆,Y
1182,涂料及防腐、防水材料,油漆,金属漆,涂料及防腐、防水材料 > 油漆 > 金属漆,3,0.03,3%,METAL_GENERAL,金属材料,公开资料/本地定额,一般金属材料存在切割、加工、搬运损耗，取 3.0%。,本节点适用,,Y
1183,涂料及防腐、防水材料,防腐材料,沥青,涂料及防腐、防水材料 > 防腐材料 > 沥青,3,0.03,3%,ROAD_BRIDGE,道路桥梁材料,经验估算,路面、路基、防护标志材料按铺筑、切割、破损综合 3.0%。,本节点适用,冷铺料|透层油|干性油|粘层油,Y
1184,涂料及防腐、防水材料,防腐材料,耐酸砖、板,涂料及防腐、防水材料 > 防腐材料 > 耐酸砖、板,3,0.03,3%,BRICK,砖,公开资料/本地定额,普通砖、烧结砖砌体本地校准为 3.0%。,本节点适用,耐酸瓷板,Y
37,绝热（保温）、耐火材料,保温绝热材料,岩棉及其制品,绝热（保温）、耐火材料 > 保温绝热材料 > 岩棉及其制品,3,0.05,5%,INSULATION_BOARD,保温绝热材料,公开资料/本地定额,保温板、岩棉、玻璃棉、橡塑等按裁切、拼缝和破损 5.0%。,本节点适用,切条板|岩棉光毡|憎水棉|岩棉|黑棉板,Y
1185,绝热（保温）、耐火材料,保温绝热材料,矿渣棉及其制品,绝热（保温）、耐火材料 > 保温绝热材料 > 矿渣棉及其制品,3,0.05,5%,INSULATION_BOARD,保温绝热材料,公开资料/本地定额,保温板、岩棉、玻璃棉、橡塑等按裁切、拼缝和破损 5.0%。,本节点适用,矿岩棉板,Y
1186,绝热（保温）、耐火材料,保温绝热材料,玻璃棉及其制品,绝热（保温）、耐火材料 > 保温绝热材料 > 玻璃棉及其制品,3,0.05,5%,INSULATION_BOARD,保温绝热材料,公开资料/本地定额,保温板、岩棉、玻璃棉、橡塑等按裁切、拼缝和破损 5.0%。,本节点适用,保温系统|玻璃棉|玻璃棉管|高温棉|外包棉|管壳|玻璃棉贴面,Y
1187,绝热（保温）、耐火材料,保温绝热材料,膨胀珍珠岩及其制品,绝热（保温）、耐火材料 > 保温绝热材料 > 膨胀珍珠岩及其制品,3,0.05,5%,INSULATION_BOARD,保温绝热材料,公开资料/本地定额,保温板、岩棉、玻璃棉、橡塑等按裁切、拼缝和破损 5.0%。,本节点适用,珍珠岩板,Y
1188,绝热（保温）、耐火材料,保温绝热材料,发泡陶瓷制品,绝热（保温）、耐火材料 > 保温绝热材料 > 发泡陶瓷制品,3,0.05,5%,INSULATION_BOARD,保温绝热材料,公开资料/本地定额,保温板、岩棉、玻璃棉、橡塑等按裁切、拼缝和破损 5.0%。,本节点适用,,Y
1189,绝热（保温）、耐火材料,保温绝热材料,硬质聚氨酯板泡沫塑料,绝热（保温）、耐火材料 > 保温绝热材料 > 硬质聚氨酯板泡沫塑料,3,0.05,5%,INSULATION_BOARD,保温板材,公开资料/本地定额,硬质聚氨酯板属于保温板类，按裁切、拼缝和破损5.0%计取。,本节点适用,,Y
1190,绝热（保温）、耐火材料,保温绝热材料,模塑聚苯乙烯泡沫塑料（EPS）制品,绝热（保温）、耐火材料 > 保温绝热材料 > 模塑聚苯乙烯泡沫塑料（EPS）制品,3,0.05,5%,INSULATION_BOARD,保温绝热材料,公开资料/本地定额,保温板、岩棉、玻璃棉、橡塑等按裁切、拼缝和破损 5.0%。,本节点适用,保温系统|苯板|eps板,Y
1191,绝热（保温）、耐火材料,保温绝热材料,挤塑聚苯乙烯泡沫塑料（XPS）制品,绝热（保温）、耐火材料 > 保温绝热材料 > 挤塑聚苯乙烯泡沫塑料（XPS）制品,3,0.05,5%,INSULATION_BOARD,保温绝热材料,公开资料/本地定额,保温板、岩棉、玻璃棉、橡塑等按裁切、拼缝和破损 5.0%。,本节点适用,保温系统|保温板|xps板,Y
1192,绝热（保温）、耐火材料,保温绝热材料,膨胀蛭石散材及其制品,绝热（保温）、耐火材料 > 保温绝热材料 > 膨胀蛭石散材及其制品,3,0.03,3%,SAND_STONE,砂石粉灰土,公开资料/本地定额,砂、石、粉、灰、土等散料按 3.0% 估算。,本节点适用,,Y
1193,绝热（保温）、耐火材料,保温绝热材料,柔性泡沫橡塑制品,绝热（保温）、耐火材料 > 保温绝热材料 > 柔性泡沫橡塑制品,3,0.05,5%,INSULATION_BOARD,保温绝热材料,公开资料/本地定额,保温板、岩棉、玻璃棉、橡塑等按裁切、拼缝和破损 5.0%。,本节点适用,pef板|泡沫塑料板|橡塑板|海绵板|保温棉板|泡沫板|橡塑管|管壳|海绵管,Y
1194,绝热（保温）、耐火材料,保温绝热材料,泡沫玻璃制品,绝热（保温）、耐火材料 > 保温绝热材料 > 泡沫玻璃制品,3,0.05,5%,INSULATION_BOARD,保温绝热材料,公开资料/本地定额,保温板、岩棉、玻璃棉、橡塑等按裁切、拼缝和破损 5.0%。,本节点适用,保温系统,Y
1195,绝热（保温）、耐火材料,保温绝热材料,复合硅酸盐绝热材料,绝热（保温）、耐火材料 > 保温绝热材料 > 复合硅酸盐绝热材料,3,0.05,5%,INSULATION_BOARD,保温绝热材料,公开资料/本地定额,保温板、岩棉、玻璃棉、橡塑等按裁切、拼缝和破损 5.0%。,本节点适用,甩丝毯|高铝毯|管壳|硅酸盐管|针刺毡|硅酸铝绳|硅酸铝板|保温一体板,Y
1196,绝热（保温）、耐火材料,保温绝热材料,硅藻土及其制品,绝热（保温）、耐火材料 > 保温绝热材料 > 硅藻土及其制品,3,0.03,3%,SAND_STONE,砂石粉灰土,公开资料/本地定额,砂、石、粉、灰、土等散料按 3.0% 估算。,本节点适用,,Y
1197,绝热（保温）、耐火材料,保温绝热材料,石棉及其制品,绝热（保温）、耐火材料 > 保温绝热材料 > 石棉及其制品,3,0.05,5%,INSULATION_BOARD,保温绝热材料,公开资料/本地定额,保温板、岩棉、玻璃棉、橡塑等按裁切、拼缝和破损 5.0%。,本节点适用,机纺绳|石棉管|盘根|编绳,Y
222,绝热（保温）、耐火材料,保温绝热材料,其他绝热材料,绝热（保温）、耐火材料 > 保温绝热材料 > 其他绝热材料,3,0.05,5%,INSULATION_BOARD,保温绝热材料,公开资料/本地定额,保温板、岩棉、玻璃棉、橡塑等按裁切、拼缝和破损 5.0%。,本节点适用,隔热乳浆|发泡水泥板|绝热板|发泡板,Y
10005,绝热（保温）、耐火材料,保温绝热材料,保温装饰一体板,绝热（保温）、耐火材料 > 保温绝热材料 > 保温装饰一体板,3,0.05,5%,INSULATION_BOARD,保温绝热材料,公开资料/本地定额,保温板、岩棉、玻璃棉、橡塑等按裁切、拼缝和破损 5.0%。,本节点适用,,Y
10016,绝热（保温）、耐火材料,保温绝热材料,保温结构一体板,绝热（保温）、耐火材料 > 保温绝热材料 > 保温结构一体板,3,0.05,5%,INSULATION_BOARD,保温绝热材料,公开资料/本地定额,保温板、岩棉、玻璃棉、橡塑等按裁切、拼缝和破损 5.0%。,本节点适用,,Y
202,绝热（保温）、耐火材料,电伴热带、缆,电伴热带、缆,绝热（保温）、耐火材料 > 电伴热带、缆 > 电伴热带、缆,3,0.02,2%,ELECTRICAL_ACCESSORY,电气附件,公开资料/本地定额,开关、插座、接线端子、绝缘、防雷接地等附件按 2.0%。,本节点适用,,Y
127,绝热（保温）、耐火材料,耐火材料,粘土质耐火砖,绝热（保温）、耐火材料 > 耐火材料 > 粘土质耐火砖,3,0.03,3%,SAND_STONE,砂石粉灰土,公开资料/本地定额,砂、石、粉、灰、土等散料按 3.0% 估算。,本节点适用,耐火砖|烟道砖|防火砖,Y
1198,绝热（保温）、耐火材料,耐火材料,硅质耐火砖,绝热（保温）、耐火材料 > 耐火材料 > 硅质耐火砖,3,0.03,3%,BRICK,砖,公开资料/本地定额,普通砖、烧结砖砌体本地校准为 3.0%。,本节点适用,,Y
1199,绝热（保温）、耐火材料,耐火材料,铝质耐火砖,绝热（保温）、耐火材料 > 耐火材料 > 铝质耐火砖,3,0.03,3%,BRICK,砖,公开资料/本地定额,普通砖、烧结砖砌体本地校准为 3.0%。,本节点适用,,Y
1200,绝热（保温）、耐火材料,耐火材料,镁质耐火砖,绝热（保温）、耐火材料 > 耐火材料 > 镁质耐火砖,3,0.03,3%,BRICK,砖,公开资料/本地定额,普通砖、烧结砖砌体本地校准为 3.0%。,本节点适用,,Y
1201,绝热（保温）、耐火材料,耐火材料,其他耐火砖,绝热（保温）、耐火材料 > 耐火材料 > 其他耐火砖,3,0.03,3%,BRICK,砖,公开资料/本地定额,普通砖、烧结砖砌体本地校准为 3.0%。,本节点适用,,Y
1202,绝热（保温）、耐火材料,耐火材料,耐火泥、砂、石,绝热（保温）、耐火材料 > 耐火材料 > 耐火泥、砂、石,3,0.03,3%,SAND_STONE,砂石粉灰土,公开资料/本地定额,砂、石、粉、灰、土等散料按 3.0% 估算。,本节点适用,,Y
1203,绝热（保温）、耐火材料,耐火材料,不定形耐火材料,绝热（保温）、耐火材料 > 耐火材料 > 不定形耐火材料,3,0.04,4%,FIRE_RESISTANT,耐火材料,公开资料/本地定额,耐火砖、耐火浇注料、陶瓷板类取 4.0%。,本节点适用,可塑料,Y
1204,绝热（保温）、耐火材料,耐火材料,耐火纤维及其制品,绝热（保温）、耐火材料 > 耐火材料 > 耐火纤维及其制品,3,0.04,4%,FIRE_RESISTANT,耐火材料,公开资料/本地定额,耐火砖、耐火浇注料、陶瓷板类取 4.0%。,本节点适用,纺织棉|甩丝棉|纤维绳|防火布|纤维纸|半硬板|梳形板|喷吹棉,Y
1205,绝热（保温）、耐火材料,耐火材料,耐火粉、骨料,绝热（保温）、耐火材料 > 耐火材料 > 耐火粉、骨料,3,0.03,3%,SAND_STONE,砂石粉灰土,公开资料/本地定额,砂、石、粉、灰、土等散料按 3.0% 估算。,本节点适用,,Y
125,绝热（保温）、耐火材料,耐火材料,其他耐火材料,绝热（保温）、耐火材料 > 耐火材料 > 其他耐火材料,3,0.04,4%,FIRE_RESISTANT,耐火材料,公开资料/本地定额,耐火砖、耐火浇注料、陶瓷板类取 4.0%。,本节点适用,防火包带|防火泥|无机堵料|有机堵料,Y
220,消防器材,灭火器,灭火器,消防器材 > 灭火器 > 灭火器,3,0.01,1%,FIRE_EQUIPMENT,消防器材,公开资料/本地定额,灭火器、喷头、报警设备等成品按运输安装破损/备件 1.0%。,本节点适用,,Y
1206,消防器材,灭火器,灭火器专用阀门,消防器材 > 灭火器 > 灭火器专用阀门,3,0.01,1%,FIRE_EQUIPMENT,消防器材,公开资料/本地定额,灭火器、喷头、报警设备等成品按运输安装破损/备件 1.0%。,本节点适用,雨淋阀|预作用装置|预作用阀组|报警阀组|报警阀|预作用阀|单向阀,Y
1207,消防器材,灭火器,泡沫发生器、比例混合器,消防器材 > 灭火器 > 泡沫发生器、比例混合器,3,0.01,1%,FIRE_EQUIPMENT,消防器材,公开资料/本地定额,灭火器、喷头、报警设备等成品按运输安装破损/备件 1.0%。,本节点适用,产生器|比例混合,Y
1208,消防器材,灭火器,空气泡沫枪,消防器材 > 灭火器 > 空气泡沫枪,3,0.01,1%,FIRE_EQUIPMENT,消防器材,公开资料/本地定额,灭火器、喷头、报警设备等成品按运输安装破损/备件 1.0%。,本节点适用,,Y
1209,消防器材,灭火器,成套泡沫灭火设备,消防器材 > 灭火器 > 成套泡沫灭火设备,3,0.01,1%,FIRE_EQUIPMENT,消防器材,公开资料/本地定额,灭火器、喷头、报警设备等成品按运输安装破损/备件 1.0%。,本节点适用,,Y
1210,消防器材,灭火器,灭火剂,消防器材 > 灭火器 > 灭火剂,3,0.01,1%,FIRE_EQUIPMENT,消防器材,公开资料/本地定额,灭火器、喷头、报警设备等成品按运输安装破损/备件 1.0%。,本节点适用,气溶胶|泡沫液,Y
1211,消防器材,灭火器,灭火散材,消防器材 > 灭火器 > 灭火散材,3,0.01,1%,FIRE_EQUIPMENT,消防器材,公开资料/本地定额,灭火器、喷头、报警设备等成品按运输安装破损/备件 1.0%。,本节点适用,防火毯|防火包,Y
1212,消防器材,灭火器,成套气体灭火设备,消防器材 > 灭火器 > 成套气体灭火设备,3,0.01,1%,FIRE_EQUIPMENT,消防器材,公开资料/本地定额,灭火器、喷头、报警设备等成品按运输安装破损/备件 1.0%。,本节点适用,启动瓶|启动钢瓶|灭火系统|驱动装置|贮存装置|灭火装置|驱动瓶|储存装置|贮存瓶|储存瓶,Y
103,消防器材,喷水灭火产品,消火栓,消防器材 > 喷水灭火产品 > 消火栓,3,0.01,1%,FIRE_EQUIPMENT,消防器材,公开资料/本地定额,灭火器、喷头、报警设备等成品按运输安装破损/备件 1.0%。,本节点适用,普栓|稳压栓|双口栓|减压栓|旋转栓|地下栓|消防栓|室内栓|地上栓,Y
1213,消防器材,喷水灭火产品,消防水泵接合器,消防器材 > 喷水灭火产品 > 消防水泵接合器,3,0.01,1%,FIRE_EQUIPMENT,消防器材,公开资料/本地定额,灭火器、喷头、报警设备等成品按运输安装破损/备件 1.0%。,本节点适用,水泵结合器|接合器,Y
1214,消防器材,喷水灭火产品,水流指示器,消防器材 > 喷水灭火产品 > 水流指示器,3,0.01,1%,FIRE_EQUIPMENT,消防器材,公开资料/本地定额,灭火器、喷头、报警设备等成品按运输安装破损/备件 1.0%。,本节点适用,指示器,Y
1215,消防器材,喷水灭火产品,消防水枪,消防器材 > 喷水灭火产品 > 消防水枪,3,0.01,1%,FIRE_EQUIPMENT,消防器材,公开资料/本地定额,灭火器、喷头、报警设备等成品按运输安装破损/备件 1.0%。,本节点适用,水枪,Y
1216,消防器材,喷水灭火产品,消防喷头,消防器材 > 喷水灭火产品 > 消防喷头,3,0.01,1%,FIRE_EQUIPMENT,消防器材,公开资料/本地定额,灭火器、喷头、报警设备等成品按运输安装破损/备件 1.0%。,本节点适用,喷淋系统|下喷|上喷|喷头|喷淋头|侧喷,Y
1217,消防器材,喷水灭火产品,喷嘴,消防器材 > 喷水灭火产品 > 喷嘴,3,0.01,1%,FIRE_EQUIPMENT,消防器材,公开资料/本地定额,灭火器、喷头、报警设备等成品按运输安装破损/备件 1.0%。,本节点适用,,Y
1218,消防器材,喷水灭火产品,软管卷盘、水龙带及接口,消防器材 > 喷水灭火产品 > 软管卷盘、水龙带及接口,3,0.01,1%,FIRE_EQUIPMENT,消防器材,公开资料/本地定额,灭火器、喷头、报警设备等成品按运输安装破损/备件 1.0%。,本节点适用,消防水带|卷盘|自救盘|自救卷盘|水带卷盘|软管卷盘|水带,Y
1220,消防器材,喷水灭火产品,隔膜式气压水罐,消防器材 > 喷水灭火产品 > 隔膜式气压水罐,3,0.01,1%,FIRE_EQUIPMENT,消防器材,公开资料/本地定额,灭火器、喷头、报警设备等成品按运输安装破损/备件 1.0%。,本节点适用,,Y
1221,消防器材,喷水灭火产品,末端试水装置,消防器材 > 喷水灭火产品 > 末端试水装置,3,0.01,1%,FIRE_EQUIPMENT,消防器材,公开资料/本地定额,灭火器、喷头、报警设备等成品按运输安装破损/备件 1.0%。,本节点适用,试水装置|末端试水,Y
1222,消防器材,喷水灭火产品,消防水炮,消防器材 > 喷水灭火产品 > 消防水炮,3,0.01,1%,FIRE_EQUIPMENT,消防器材,公开资料/本地定额,灭火器、喷头、报警设备等成品按运输安装破损/备件 1.0%。,本节点适用,泡沫炮|水炮|消防炮|两用炮|自摆炮,Y
1223,消防器材,喷水灭火产品,水带接扣,消防器材 > 喷水灭火产品 > 水带接扣,3,0.01,1%,FIRE_EQUIPMENT,消防器材,公开资料/本地定额,灭火器、喷头、报警设备等成品按运输安装破损/备件 1.0%。,本节点适用,牙扣|接扣|枪牙|固定接口|快速接口|管压接口,Y
1224,消防器材,火灾报警产品,探测器,消防器材 > 火灾报警产品 > 探测器,3,0.01,1%,FIRE_EQUIPMENT,消防器材,公开资料/本地定额,灭火器、喷头、报警设备等成品按运输安装破损/备件 1.0%。,本节点适用,发送器|可燃气体探测器|红外探测|反光板|烟感|火焰探测器|火灾监控探测器|探测器接口|烟雾探测报警器|烟感系统|感温探测器,Y
157,消防器材,火灾报警产品,火灾报警、警报及消防联动控制装置,消防器材 > 火灾报警产品 > 火灾报警、警报及消防联动控制装置,3,0.01,1%,FIRE_EQUIPMENT,消防器材,公开资料/本地定额,灭火器、喷头、报警设备等成品按运输安装破损/备件 1.0%。,本节点适用,监控器|巡检柜|控制单元|控制柜|联动盘|监控主机|控制盒|联动柜|控制器|监控柜|火灾监控设备|报警控制器|监控箱|接口箱|显示装置|报警盘|通讯卡|反射器|操作盘|控制装置|CRT图形显示|消防备电|处理系统|控制卡|显示盘|灭火盘|释放灯,Y
1225,消防器材,火灾报警产品,现场模块,消防器材 > 火灾报警产品 > 现场模块,3,0.01,1%,FIRE_EQUIPMENT,消防器材,公开资料/本地定额,灭火器、喷头、报警设备等成品按运输安装破损/备件 1.0%。,本节点适用,安装箱|切换接口|电话接口|复位器|后备盒|总线接口|手动接口|终端器|停止盒,Y
1226,消防器材,火灾报警产品,其他报警器材,消防器材 > 火灾报警产品 > 其他报警器材,3,0.01,1%,FIRE_EQUIPMENT,消防器材,公开资料/本地定额,灭火器、喷头、报警设备等成品按运输安装破损/备件 1.0%。,本节点适用,按钮|通讯板|电控箱|琴台式柜|接口卡|聚热罩|转换卡|安全栅箱|显示灯|维护装置|探火管|联动箱|接口板|警报器|控制台|接口盒|琴台柜|输出卡,Y
1227,消防器材,消防工具,消防工具,消防器材 > 消防工具 > 消防工具,3,0.01,1%,FIRE_EQUIPMENT,消防器材,公开资料/本地定额,灭火器、喷头、报警设备等成品按运输安装破损/备件 1.0%。,本节点适用,,Y
105,消防器材,消防应急广播、电话系统,消防通讯广播器材,消防器材 > 消防应急广播、电话系统 > 消防通讯广播器材,3,0.01,1%,FIRE_EQUIPMENT,消防器材,公开资料/本地定额,灭火器、喷头、报警设备等成品按运输安装破损/备件 1.0%。,本节点适用,急停按钮|电话墙孔|放大器|分配盘|播放机|电话手柄|电话总机|播放器|录放盘|电话主机|消防电话主机|电话插孔|广播音箱|切换盒|消防广播|总机|扬声器|消防电话|播放盘|分区器|通讯盘|电话盘|电话分机|电话板|扩展盘,Y
237,消防器材,避难逃生产品,标志、应急灯,消防器材 > 避难逃生产品 > 标志、应急灯,3,0.01,1%,FIRE_EQUIPMENT,消防器材,公开资料/本地定额,灭火器、喷头、报警设备等成品按运输安装破损/备件 1.0%。,本节点适用,指示灯|双头灯|安全出口|标志灯|应急灯|障碍灯,Y
1228,消防器材,其他消防器材,消防箱、柜,消防器材 > 其他消防器材 > 消防箱、柜,3,0.01,1%,FIRE_EQUIPMENT,消防器材,公开资料/本地定额,灭火器、喷头、报警设备等成品按运输安装破损/备件 1.0%。,本节点适用,灭火柜|国标箱|栓箱|组合柜|组合箱|落地箱|泡沫栓箱|消防栓箱|灭火栓箱,Y
1229,消防器材,其他消防器材,其他消防器材及专用配件,消防器材 > 其他消防器材 > 其他消防器材及专用配件,3,0.01,1%,FIRE_EQUIPMENT,消防器材,公开资料/本地定额,灭火器、喷头、报警设备等成品按运输安装破损/备件 1.0%。,本节点适用,灭火枪|干粉枪|喷咀|烟雾弹|焦热罩|枪头|集热盘|泄压装置|喷管|喷嘴|出粉管|泄压口|灭火装罝|接口线|减压装置|瓶组架|装饰圈|消防铝标牌|聚热盘|消防监控软件|消防炮塔|测压装置,Y
28,管材,塑料管材,塑料管,管材 > 塑料管材 > 塑料管,3,0.03,3%,PIPE_PLASTIC,塑料管材,公开资料/本地定额,本地安装校准中塑料管/管材管件常用 3.0%。,本节点适用,AGR管|地暖管|阻氧管|HDPE管|冷水管|克拉管|PPR管|波纹管|超静音管|玻纤管|半渗透管|扩直口管|PEX管|承口管|空心管|聚丙烯管|盘管|螺旋管|双色管|HEPE管|mpe管|发泡管|pe管|钢带管|M管|给水管|加筋管|PERT管|扩凸口管|增强管|实壁管|地热管|雨落水管|供水管|单管|pb管|B型管|冷热水管|聚乙烯管|雨水管|单层管|灌溉管|螺旋波纹管|缠绕管|尼龙管|抗菌管|牵引管|双壁波纹管|Pe100管|采暖管|热水管|管材|C管|upvc管|消音管,Y
1230,管材,塑料管材,玻璃钢管,管材 > 塑料管材 > 玻璃钢管,3,0.03,3%,PIPE_PLASTIC,塑料管材,公开资料/本地定额,本地安装校准中塑料管/管材管件常用 3.0%。,本节点适用,夹砂管|管材,Y
27,管材,金属管材,焊接钢管,管材 > 金属管材 > 焊接钢管,3,0.02,2%,PIPE_METAL,金属管材,公开资料/本地定额,本地安装校准中低压碳钢管、铸铁管等常用 2.0%；不锈钢/高压可提高到 3.6%。,本节点适用,焊接管|焊管,Y
1231,管材,金属管材,镀锌钢管,管材 > 金属管材 > 镀锌钢管,3,0.02,2%,PIPE_METAL,金属管材,公开资料/本地定额,本地安装校准中低压碳钢管、铸铁管等常用 2.0%；不锈钢/高压可提高到 3.6%。,本节点适用,热镀锌管,Y
1232,管材,金属管材,不锈钢管,管材 > 金属管材 > 不锈钢管,3,0.02,2%,PIPE_METAL,金属管材,公开资料/本地定额,本地安装校准中低压碳钢管、铸铁管等常用 2.0%；不锈钢/高压可提高到 3.6%。,本节点适用,压花管|管材,Y
1233,管材,金属管材,无缝钢管,管材 > 金属管材 > 无缝钢管,3,0.02,2%,PIPE_METAL,金属管材,公开资料/本地定额,本地安装校准中低压碳钢管、铸铁管等常用 2.0%；不锈钢/高压可提高到 3.6%。,本节点适用,管材|无缝管,Y
1234,管材,金属管材,异型钢管,管材 > 金属管材 > 异型钢管,3,0.02,2%,PIPE_METAL,金属管材,公开资料/本地定额,本地安装校准中低压碳钢管、铸铁管等常用 2.0%；不锈钢/高压可提高到 3.6%。,本节点适用,,Y
121,管材,金属管材,铸铁管,管材 > 金属管材 > 铸铁管,3,0.02,2%,PIPE_METAL,金属管材,公开资料/本地定额,本地安装校准中低压碳钢管、铸铁管等常用 2.0%；不锈钢/高压可提高到 3.6%。,本节点适用,管材|铸铁直管|上水管|球墨铸铁管|铸铁管,Y
1235,管材,金属管材,金属软管,管材 > 金属管材 > 金属软管,3,0.02,2%,PIPE_METAL,金属管材,公开资料/本地定额,本地安装校准中低压碳钢管、铸铁管等常用 2.0%；不锈钢/高压可提高到 3.6%。,本节点适用,拉拉管|包塑软管|管材,Y
1236,管材,金属管材,金属波纹管,管材 > 金属管材 > 金属波纹管,3,0.02,2%,PIPE_METAL,金属管材,公开资料/本地定额,本地安装校准中低压碳钢管、铸铁管等常用 2.0%；不锈钢/高压可提高到 3.6%。,本节点适用,管材,Y
1237,管材,金属管材,冷波纹管,管材 > 金属管材 > 冷波纹管,3,0.02,2%,PIPE_METAL,金属管材,公开资料/本地定额,本地安装校准中低压碳钢管、铸铁管等常用 2.0%；不锈钢/高压可提高到 3.6%。,本节点适用,,Y
1238,管材,金属管材,铝管,管材 > 金属管材 > 铝管,3,0.02,2%,PIPE_METAL,金属管材,公开资料/本地定额,本地安装校准中低压碳钢管、铸铁管等常用 2.0%；不锈钢/高压可提高到 3.6%。,本节点适用,,Y
1239,管材,金属管材,铜管、铜合金管,管材 > 金属管材 > 铜管、铜合金管,3,0.02,2%,PIPE_METAL,金属管材,公开资料/本地定额,本地安装校准中低压碳钢管、铸铁管等常用 2.0%；不锈钢/高压可提高到 3.6%。,本节点适用,,Y
1240,管材,橡胶管材,橡胶管,管材 > 橡胶管材 > 橡胶管,3,0.03,3%,PIPE_GENERAL,一般管材,公开资料/本地定额,未细分材质的管材按通用管材管件 3.0%。,本节点适用,钢丝管|喷砂管|氧气管|耐油管|输水管|耐酸碱管|乙炔管|耐温管|胶管|管材,Y
1241,管材,复合管材,衬里管,管材 > 复合管材 > 衬里管,3,0.03,3%,PIPE_GENERAL,一般管材,公开资料/本地定额,未细分材质的管材按通用管材管件 3.0%。,本节点适用,衬塑管|涂塑钢管|衬塑钢管|镀锌钢管|塑钢管|钢衬管|复合钢管|管材,Y
29,管材,复合管材,复合管,管材 > 复合管材 > 复合管,3,0.03,3%,PIPE_GENERAL,一般管材,公开资料/本地定额,未细分材质的管材按通用管材管件 3.0%。,本节点适用,覆铝管|铝塑管|高温管|稳定管|稳态管|复合管材|净水管|管材,Y
26,管材,混凝土管,混凝土管,管材 > 混凝土管 > 混凝土管,3,0.02,2%,CONCRETE_PRODUCTS,混凝土制品/瓦,公开资料/本地定额,成品混凝土制品、瓦类以破损和切割损耗为主，取 2.0%。,本节点适用,,Y
30,管材,其他管材,其他管材,管材 > 其他管材 > 其他管材,3,0.03,3%,PIPE_GENERAL,一般管材,公开资料/本地定额,未细分材质的管材按通用管材管件 3.0%。,本节点适用,沟槽管|热力保温管,Y
1242,管件及管道用器材,塑料管件,塑料管件,管件及管道用器材 > 塑料管件 > 塑料管件,3,0.03,3%,FITTING,管件及管道用器材,公开资料/本地定额,弯头、三通、接头等按安装管材管件通用 3.0%。,本节点适用,,Y
1243,管件及管道用器材,金属管件,钢管管件,管件及管道用器材 > 金属管件 > 钢管管件,3,0.02,2%,PIPE_METAL,金属管材,公开资料/本地定额,本地安装校准中低压碳钢管、铸铁管等常用 2.0%；不锈钢/高压可提高到 3.6%。,本节点适用,补心|内丝,Y
1244,管件及管道用器材,金属管件,不锈钢管件,管件及管道用器材 > 金属管件 > 不锈钢管件,3,0.02,2%,PIPE_METAL,金属管材,公开资料/本地定额,本地安装校准中低压碳钢管、铸铁管等常用 2.0%；不锈钢/高压可提高到 3.6%。,本节点适用,等径对接|内丝接|管桥|转换接头|对接头|异径对接|可调对接|法兰接口|等径四通|长丝|单丝头,Y
1245,管件及管道用器材,金属管件,铸铁管件,管件及管道用器材 > 金属管件 > 铸铁管件,3,0.02,2%,PIPE_METAL,金属管材,公开资料/本地定额,本地安装校准中低压碳钢管、铸铁管等常用 2.0%；不锈钢/高压可提高到 3.6%。,本节点适用,长速接头|内接|过墙弯|月弯|短速接头|Y型三通|节套|盲堵|对丝|渐缩管|玛钢过弯|45°弯|瓶三通|玛钢补芯|钢三通|快接|通气管|乙字管|补心|六角丝|管固|Y型管|H型管|Y型四通|管件|快速节|正四通|内外弯|盘承|变径管|大三通|六角|过弯管|角四通|过桥|弯曲管|TY型四通|管套袖|过管弯|直角四通|直弯|异径四通|插堵|油任|长丝|直管|外接|型三通|Y管|型四通|管塞|短快接|管古|短管,Y
1246,管件及管道用器材,金属管件,铜、铜合金管件,管件及管道用器材 > 金属管件 > 铜、铜合金管件,3,0.03,3%,FITTING,管件及管道用器材,公开资料/本地定额,弯头、三通、接头等按安装管材管件通用 3.0%。,本节点适用,外丝直接|表接头|补芯|插口接头|铜活接|承口接头|铜对丝|内丝|承口三通,Y
1247,管件及管道用器材,复合管件,钢塑复合管件,管件及管道用器材 > 复合管件 > 钢塑复合管件,3,0.03,3%,PIPE_GENERAL,一般管材,公开资料/本地定额,未细分材质的管材按通用管材管件 3.0%。,本节点适用,表接头|外牙|熔接头|法兰头|异三通|短接|外丝接|卜申|活节|塞头|H型三通|内丝接|法兰接头|直接|丝扣|熔带丝三通|过渡节,Y
1248,管件及管道用器材,管道用器材,管接头,管件及管道用器材 > 管道用器材 > 管接头,3,0.03,3%,PIPE_GENERAL,一般管材,公开资料/本地定额,未细分材质的管材按通用管材管件 3.0%。,本节点适用,,Y
1249,管件及管道用器材,管道用器材,阻火器,管件及管道用器材 > 管道用器材 > 阻火器,3,0.03,3%,PIPE_GENERAL,一般管材,公开资料/本地定额,未细分材质的管材按通用管材管件 3.0%。,本节点适用,,Y
1250,管件及管道用器材,管道用器材,过滤器,管件及管道用器材 > 管道用器材 > 过滤器,3,0.03,3%,PIPE_GENERAL,一般管材,公开资料/本地定额,未细分材质的管材按通用管材管件 3.0%。,本节点适用,水过滤器,Y
1251,管件及管道用器材,管道用器材,补偿器及软接头,管件及管道用器材 > 管道用器材 > 补偿器及软接头,3,0.03,3%,PIPE_GENERAL,一般管材,公开资料/本地定额,未细分材质的管材按通用管材管件 3.0%。,本节点适用,软接头|可曲绕接头|金属软接|补偿器|橡胶接头|接管|避震喉,Y
1252,管件及管道用器材,管道用器材,管卡、管箍,管件及管道用器材 > 管道用器材 > 管卡、管箍,3,0.03,3%,PIPE_GENERAL,一般管材,公开资料/本地定额,未细分材质的管材按通用管材管件 3.0%。,本节点适用,玛钢管箍|钉卡|管夹|丁字卡|排码|B型卡|长立卡|管卡|卡子|横卡|安装片|立管卡|圆管卡|方座卡|U型卡|吊管卡|不锈钢箍|安全卡|马鞍卡|抱箍|壁卡|立卡|管箍|吊卡座|鞍卡|刚卡|钢卡,Y
221,管件及管道用器材,管道用器材,管道支架、吊架,管件及管道用器材 > 管道用器材 > 管道支架、吊架,3,0.03,3%,PIPE_GENERAL,一般管材,公开资料/本地定额,未细分材质的管材按通用管材管件 3.0%。,本节点适用,,Y
1253,管件及管道用器材,管道用器材,抗震支架,管件及管道用器材 > 管道用器材 > 抗震支架,3,0.03,3%,PIPE_GENERAL,一般管材,公开资料/本地定额,未细分材质的管材按通用管材管件 3.0%。,本节点适用,,Y
1254,管件及管道用器材,管道用器材,套管,管件及管道用器材 > 管道用器材 > 套管,3,0.03,3%,PIPE_GENERAL,一般管材,公开资料/本地定额,未细分材质的管材按通用管材管件 3.0%。,本节点适用,防水管,Y
1255,管件及管道用器材,管道用器材,其他管道用器材,管件及管道用器材 > 管道用器材 > 其他管道用器材,3,0.03,3%,PIPE_GENERAL,一般管材,公开资料/本地定额,未细分材质的管材按通用管材管件 3.0%。,本节点适用,视镜,Y
1256,管件及管道用器材,其他管件,其他管件,管件及管道用器材 > 其他管件 > 其他管件,3,0.03,3%,FITTING,管件及管道用器材,公开资料/本地定额,弯头、三通、接头等按安装管材管件通用 3.0%。,本节点适用,沟槽管件,Y
25,阀门,截断阀类,截止阀,阀门 > 截断阀类 > 截止阀,3,0.01,1%,VALVE,阀门,公开资料/本地定额,阀门为成品件，通常按台/个采购，施工损耗取 1.0% 的备损控制值。,本节点适用,锁断阀|活塞阀|阀门,Y
1257,阀门,截断阀类,闸阀,阀门 > 截断阀类 > 闸阀,3,0.01,1%,VALVE,阀门,公开资料/本地定额,阀门为成品件，通常按台/个采购，施工损耗取 1.0% 的备损控制值。,本节点适用,浆阀|浆液阀|闸板阀|法兰阀|地下阀|浆料阀|桨液阀,Y
1258,阀门,截断阀类,球阀,阀门 > 截断阀类 > 球阀,3,0.01,1%,VALVE,阀门,公开资料/本地定额,阀门为成品件，通常按台/个采购，施工损耗取 1.0% 的备损控制值。,本节点适用,旋球阀|半球阀|铜球阀,Y
1259,阀门,截断阀类,蝶阀,阀门 > 截断阀类 > 蝶阀,3,0.01,1%,VALVE,阀门,公开资料/本地定额,阀门为成品件，通常按台/个采购，施工损耗取 1.0% 的备损控制值。,本节点适用,碟阀|电动双位阀,Y
1260,阀门,截断阀类,旋塞阀,阀门 > 截断阀类 > 旋塞阀,3,0.01,1%,VALVE,阀门,公开资料/本地定额,阀门为成品件，通常按台/个采购，施工损耗取 1.0% 的备损控制值。,本节点适用,,Y
1261,阀门,截断阀类,柱塞阀,阀门 > 截断阀类 > 柱塞阀,3,0.01,1%,VALVE,阀门,公开资料/本地定额,阀门为成品件，通常按台/个采购，施工损耗取 1.0% 的备损控制值。,本节点适用,栓塞阀,Y
1262,阀门,截断阀类,隔膜阀,阀门 > 截断阀类 > 隔膜阀,3,0.01,1%,VALVE,阀门,公开资料/本地定额,阀门为成品件，通常按台/个采购，施工损耗取 1.0% 的备损控制值。,本节点适用,,Y
1263,阀门,截断阀类,浮球阀,阀门 > 截断阀类 > 浮球阀,3,0.01,1%,VALVE,阀门,公开资料/本地定额,阀门为成品件，通常按台/个采购，施工损耗取 1.0% 的备损控制值。,本节点适用,,Y
1264,阀门,调节阀类,调节阀,阀门 > 调节阀类 > 调节阀,3,0.01,1%,VALVE,阀门,公开资料/本地定额,阀门为成品件，通常按台/个采购，施工损耗取 1.0% 的备损控制值。,本节点适用,调控阀,Y
1265,阀门,调节阀类,减压阀,阀门 > 调节阀类 > 减压阀,3,0.01,1%,VALVE,阀门,公开资料/本地定额,阀门为成品件，通常按台/个采购，施工损耗取 1.0% 的备损控制值。,本节点适用,稳压阀,Y
1266,阀门,调节阀类,节流阀,阀门 > 调节阀类 > 节流阀,3,0.01,1%,VALVE,阀门,公开资料/本地定额,阀门为成品件，通常按台/个采购，施工损耗取 1.0% 的备损控制值。,本节点适用,,Y
1267,阀门,调节阀类,减温减压阀,阀门 > 调节阀类 > 减温减压阀,3,0.01,1%,VALVE,阀门,公开资料/本地定额,阀门为成品件，通常按台/个采购，施工损耗取 1.0% 的备损控制值。,本节点适用,,Y
1268,阀门,调节阀类,水位控制阀,阀门 > 调节阀类 > 水位控制阀,3,0.01,1%,VALVE,阀门,公开资料/本地定额,阀门为成品件，通常按台/个采购，施工损耗取 1.0% 的备损控制值。,本节点适用,遥控阀|流量阀|关闭阀|开门阀,Y
1269,阀门,止回阀类,止回阀,阀门 > 止回阀类 > 止回阀,3,0.01,1%,VALVE,阀门,公开资料/本地定额,阀门为成品件，通常按台/个采购，施工损耗取 1.0% 的备损控制值。,本节点适用,止水阀|关断阀|旋启阀|消声阀|逆止阀,Y
1270,阀门,分流阀类,给水分配阀,阀门 > 分流阀类 > 给水分配阀,3,0.01,1%,VALVE,阀门,公开资料/本地定额,阀门为成品件，通常按台/个采购，施工损耗取 1.0% 的备损控制值。,本节点适用,,Y
1271,阀门,分流阀类,疏水阀,阀门 > 分流阀类 > 疏水阀,3,0.01,1%,VALVE,阀门,公开资料/本地定额,阀门为成品件，通常按台/个采购，施工损耗取 1.0% 的备损控制值。,本节点适用,疏水器,Y
1272,阀门,安全阀类,安全阀,阀门 > 安全阀类 > 安全阀,3,0.01,1%,VALVE,阀门,公开资料/本地定额,阀门为成品件，通常按台/个采购，施工损耗取 1.0% 的备损控制值。,本节点适用,泄压阀|持压阀,Y
1273,阀门,特殊阀门,排污阀,阀门 > 特殊阀门 > 排污阀,3,0.01,1%,VALVE,阀门,公开资料/本地定额,阀门为成品件，通常按台/个采购，施工损耗取 1.0% 的备损控制值。,本节点适用,排泥阀|隔渣阀,Y
1274,阀门,特殊阀门,排气阀,阀门 > 特殊阀门 > 排气阀,3,0.01,1%,VALVE,阀门,公开资料/本地定额,阀门为成品件，通常按台/个采购，施工损耗取 1.0% 的备损控制值。,本节点适用,进气阀,Y
1275,阀门,特殊阀门,平衡阀,阀门 > 特殊阀门 > 平衡阀,3,0.01,1%,VALVE,阀门,公开资料/本地定额,阀门为成品件，通常按台/个采购，施工损耗取 1.0% 的备损控制值。,本节点适用,溫控阀|压差阀,Y
1276,阀门,特殊阀门,电磁阀,阀门 > 特殊阀门 > 电磁阀,3,0.01,1%,VALVE,阀门,公开资料/本地定额,阀门为成品件，通常按台/个采购，施工损耗取 1.0% 的备损控制值。,本节点适用,换向阀|水阀,Y
1277,阀门,其他阀门及附件,其他阀门,阀门 > 其他阀门及附件 > 其他阀门,3,0.01,1%,VALVE,阀门,公开资料/本地定额,阀门为成品件，通常按台/个采购，施工损耗取 1.0% 的备损控制值。,本节点适用,液化气专用阀门|直流阀|电站阀|呼吸阀|胶管阀|上回阀|净水阀|煤气阀|管夹阀|涡轮|水封阀|法兰套阀|刀型阀|进水阀|冷水阀|过滤阀|直阀|直角阀|定水位阀|异止阀|胶板阀|两用阀|止逆阀|导流器|防止器阀|座板阀|盲板阀|吊阀|羊角阀|三合一阀|氧气阀|暖气阀|锁开阀|角座阀|测温阀|隔断阀|锁阀|电站闸|放料阀|吸气阀|防盗阀|直流阀,Y
1278,阀门,其他阀门及附件,阀门专用附件,阀门 > 其他阀门及附件 > 阀门专用附件,3,0.01,1%,VALVE,阀门,公开资料/本地定额,阀门为成品件，通常按台/个采购，施工损耗取 1.0% 的备损控制值。,本节点适用,限位开关|阀杆帽|手轮,Y
123,法兰及其垫片,法兰,钢制法兰,法兰及其垫片 > 法兰 > 钢制法兰,3,0.02,2%,FLANGE_GASKET,法兰及垫片,公开资料/本地定额,法兰、垫片按成品连接件损耗 2.0%。,本节点适用,法兰盘|法兰片|蝶法兰|活盘,Y
1279,法兰及其垫片,法兰,不锈钢法兰,法兰及其垫片 > 法兰 > 不锈钢法兰,3,0.02,2%,FLANGE_GASKET,法兰及垫片,公开资料/本地定额,法兰、垫片按成品连接件损耗 2.0%。,本节点适用,法兰盘|法兰,Y
1280,法兰及其垫片,法兰,铸铁法兰,法兰及其垫片 > 法兰 > 铸铁法兰,3,0.02,2%,FLANGE_GASKET,法兰及垫片,公开资料/本地定额,法兰、垫片按成品连接件损耗 2.0%。,本节点适用,,Y
1281,法兰及其垫片,法兰,铜法兰,法兰及其垫片 > 法兰 > 铜法兰,3,0.02,2%,FLANGE_GASKET,法兰及垫片,公开资料/本地定额,法兰、垫片按成品连接件损耗 2.0%。,本节点适用,,Y
1282,法兰及其垫片,法兰,钛法兰,法兰及其垫片 > 法兰 > 钛法兰,3,0.02,2%,FLANGE_GASKET,法兰及垫片,公开资料/本地定额,法兰、垫片按成品连接件损耗 2.0%。,本节点适用,,Y
1283,法兰及其垫片,法兰,塑料法兰,法兰及其垫片 > 法兰 > 塑料法兰,3,0.05,5%,RUBBER_PLASTIC_GENERAL,橡胶塑料材料,公开资料/本地定额,塑料/橡胶板、膜、带、制品按裁切和安装损耗 5.0%。,本节点适用,法兰片|法兰套|活套法兰|法兰盘片,Y
1284,法兰及其垫片,法兰,盲板,法兰及其垫片 > 法兰 > 盲板,3,0.02,2%,FLANGE_GASKET,法兰及垫片,公开资料/本地定额,法兰、垫片按成品连接件损耗 2.0%。,本节点适用,堵板|盲板钢板|法兰盖,Y
1285,法兰及其垫片,法兰,其他法兰,法兰及其垫片 > 法兰 > 其他法兰,3,0.02,2%,FLANGE_GASKET,法兰及垫片,公开资料/本地定额,法兰、垫片按成品连接件损耗 2.0%。,本节点适用,,Y
1286,法兰及其垫片,法兰垫片,金属垫片,法兰及其垫片 > 法兰垫片 > 金属垫片,3,0.02,2%,FLANGE_GASKET,法兰及垫片,公开资料/本地定额,法兰、垫片按成品连接件损耗 2.0%。,本节点适用,,Y
1287,法兰及其垫片,法兰垫片,非金属垫片,法兰及其垫片 > 法兰垫片 > 非金属垫片,3,0.05,5%,RUBBER_PLASTIC_GENERAL,橡胶塑料材料,公开资料/本地定额,塑料/橡胶板、膜、带、制品按裁切和安装损耗 5.0%。,本节点适用,,Y
1288,法兰及其垫片,法兰垫片,其他垫片,法兰及其垫片 > 法兰垫片 > 其他垫片,3,0.02,2%,FLANGE_GASKET,法兰及垫片,公开资料/本地定额,法兰、垫片按成品连接件损耗 2.0%。,本节点适用,石棉板垫|垫片|金属垫|四氟垫|透镜垫|法兰垫,Y
1289,灯具、光源,光源,光源,灯具、光源 > 光源 > 光源,3,0.01,1%,LAMP,灯具/光源,公开资料/本地定额,灯具、光源为成品采购，按运输和安装破损 1.0%。,本节点适用,,Y
1290,灯具、光源,光源,灯带,灯具、光源 > 光源 > 灯带,3,0.01,1%,LAMP,灯具/光源,公开资料/本地定额,灯具、光源为成品采购，按运输和安装破损 1.0%。,本节点适用,软灯条|灯条|软条|软灯带,Y
1291,灯具、光源,室内照明,吊灯(装饰花灯）,灯具、光源 > 室内照明 > 吊灯(装饰花灯）,3,0.01,1%,LAMP,灯具/光源,公开资料/本地定额,灯具、光源为成品采购，按运输和安装破损 1.0%。,本节点适用,吊灯,Y
1292,灯具、光源,室内照明,吸顶灯,灯具、光源 > 室内照明 > 吸顶灯,3,0.01,1%,LAMP,灯具/光源,公开资料/本地定额,灯具、光源为成品采购，按运输和安装破损 1.0%。,本节点适用,家居灯|客厅灯|感应灯|卧室灯|客厅大灯|吊顶灯|客卧灯,Y
1293,灯具、光源,室内照明,壁灯,灯具、光源 > 室内照明 > 壁灯,3,0.01,1%,LAMP,灯具/光源,公开资料/本地定额,灯具、光源为成品采购，按运输和安装破损 1.0%。,本节点适用,围墙灯|墙头灯|星光灯|中六角|地球灯,Y
1294,灯具、光源,室内照明,筒灯,灯具、光源 > 室内照明 > 筒灯,3,0.01,1%,LAMP,灯具/光源,公开资料/本地定额,灯具、光源为成品采购，按运输和安装破损 1.0%。,本节点适用,筒嵌灯,Y
1295,灯具、光源,室内照明,格栅灯（荧光灯盘）,灯具、光源 > 室内照明 > 格栅灯（荧光灯盘）,3,0.01,1%,LAMP,灯具/光源,公开资料/本地定额,灯具、光源为成品采购，按运输和安装破损 1.0%。,本节点适用,,Y
1296,灯具、光源,室内照明,射灯,灯具、光源 > 室内照明 > 射灯,3,0.01,1%,LAMP,灯具/光源,公开资料/本地定额,灯具、光源为成品采购，按运输和安装破损 1.0%。,本节点适用,轨道灯|斗胆灯|豆胆灯|投射灯|导轨灯|象鼻灯|天花灯,Y
1297,灯具、光源,室内照明,台灯、落地灯,灯具、光源 > 室内照明 > 台灯、落地灯,3,0.01,1%,LAMP,灯具/光源,公开资料/本地定额,灯具、光源为成品采购，按运输和安装破损 1.0%。,本节点适用,落地灯|桌灯|立灯|台灯,Y
209,灯具、光源,室内照明,其他室内灯具,灯具、光源 > 室内照明 > 其他室内灯具,3,0.01,1%,LAMP,灯具/光源,公开资料/本地定额,灯具、光源为成品采购，按运输和安装破损 1.0%。,本节点适用,三防灯,Y
1298,灯具、光源,室外照明,泛光灯、投光灯,灯具、光源 > 室外照明 > 泛光灯、投光灯,3,0.01,1%,LAMP,灯具/光源,公开资料/本地定额,灯具、光源为成品采购，按运输和安装破损 1.0%。,本节点适用,插地灯|投光灯|补光灯,Y
1299,灯具、光源,室外照明,地埋灯,灯具、光源 > 室外照明 > 地埋灯,3,0.01,1%,LAMP,灯具/光源,公开资料/本地定额,灯具、光源为成品采购，按运输和安装破损 1.0%。,本节点适用,埋地灯,Y
1300,灯具、光源,室外照明,草坪灯,灯具、光源 > 室外照明 > 草坪灯,3,0.01,1%,LAMP,灯具/光源,公开资料/本地定额,灯具、光源为成品采购，按运输和安装破损 1.0%。,本节点适用,,Y
1301,灯具、光源,室外照明,轮廓装饰灯,灯具、光源 > 室外照明 > 轮廓装饰灯,3,0.01,1%,LAMP,灯具/光源,公开资料/本地定额,灯具、光源为成品采购，按运输和安装破损 1.0%。,本节点适用,软条灯|暗槽灯|数码管|氛围灯|硬灯条|诱导灯|展柜灯|轮廓灯|管灯|条形灯|护栏管|硬条灯|视频灯,Y
210,灯具、光源,室外照明,庭院、广场、道路、景观灯,灯具、光源 > 室外照明 > 庭院、广场、道路、景观灯,3,0.01,1%,LAMP,灯具/光源,公开资料/本地定额,灯具、光源为成品采购，按运输和安装破损 1.0%。,本节点适用,路灯头|灯柱|路灯|桃子灯|柱灯|停车场灯|中华灯|苹果灯,Y
1302,灯具、光源,室外照明,水下灯,灯具、光源 > 室外照明 > 水下灯,3,0.01,1%,LAMP,灯具/光源,公开资料/本地定额,灯具、光源为成品采购，按运输和安装破损 1.0%。,本节点适用,喷泉灯|水底灯,Y
1303,灯具、光源,特种灯具,厂矿、场馆用灯,灯具、光源 > 特种灯具 > 厂矿、场馆用灯,3,0.01,1%,LAMP,灯具/光源,公开资料/本地定额,灯具、光源为成品采购，按运输和安装破损 1.0%。,本节点适用,工矿灯|机车灯|卤化物灯|变焦灯|棚顶灯|厂房灯|巷道灯|防爆悬挂灯|强光灯|顶灯|低顶灯|悬挂灯|玉米灯|工厂灯|聚鱼灯|方位灯|平台灯|矿灯|高棚灯|防爆灯|高顶灯|通路灯,Y
1304,灯具、光源,特种灯具,歌舞厅灯,灯具、光源 > 特种灯具 > 歌舞厅灯,3,0.01,1%,LAMP,灯具/光源,公开资料/本地定额,灯具、光源为成品采购，按运输和安装破损 1.0%。,本节点适用,频闪灯,Y
1305,灯具、光源,特种灯具,隧道灯,灯具、光源 > 特种灯具 > 隧道灯,3,0.01,1%,LAMP,灯具/光源,公开资料/本地定额,灯具、光源为成品采购，按运输和安装破损 1.0%。,本节点适用,,Y
1306,灯具、光源,特种灯具,医院专用灯,灯具、光源 > 特种灯具 > 医院专用灯,3,0.01,1%,LAMP,灯具/光源,公开资料/本地定额,灯具、光源为成品采购，按运输和安装破损 1.0%。,本节点适用,,Y
1307,灯具、光源,其他灯具及附件,荧光灯支架,灯具、光源 > 其他灯具及附件 > 荧光灯支架,3,0.01,1%,LAMP,灯具/光源,公开资料/本地定额,灯具、光源为成品采购，按运输和安装破损 1.0%。,本节点适用,光带支架,Y
1308,灯具、光源,其他灯具及附件,灯戗、灯伞、灯臂,灯具、光源 > 其他灯具及附件 > 灯戗、灯伞、灯臂,3,0.01,1%,LAMP,灯具/光源,公开资料/本地定额,灯具、光源为成品采购，按运输和安装破损 1.0%。,本节点适用,,Y
1309,灯具、光源,其他灯具及附件,启辉器、镇流器,灯具、光源 > 其他灯具及附件 > 启辉器、镇流器,3,0.01,1%,LAMP,灯具/光源,公开资料/本地定额,灯具、光源为成品采购，按运输和安装破损 1.0%。,本节点适用,匹配器|镇流器|启动器,Y
1310,灯具、光源,其他灯具及附件,专用灯具电源,灯具、光源 > 其他灯具及附件 > 专用灯具电源,3,0.01,1%,LAMP,灯具/光源,公开资料/本地定额,灯具、光源为成品采购，按运输和安装破损 1.0%。,本节点适用,开关电源|驱动电源,Y
1311,灯具、光源,其他灯具及附件,航空障碍灯,灯具、光源 > 其他灯具及附件 > 航空障碍灯,3,0.01,1%,LAMP,灯具/光源,公开资料/本地定额,灯具、光源为成品采购，按运输和安装破损 1.0%。,本节点适用,,Y
1313,灯具、光源,其他灯具及附件,灯线及其附件,灯具、光源 > 其他灯具及附件 > 灯线及其附件,3,0.01,1%,LAMP,灯具/光源,公开资料/本地定额,灯具、光源为成品采购，按运输和安装破损 1.0%。,本节点适用,,Y
211,灯具、光源,其他灯具及附件,其他灯具及附件,灯具、光源 > 其他灯具及附件 > 其他灯具及附件,3,0.01,1%,LAMP,灯具/光源,公开资料/本地定额,灯具、光源为成品采购，按运输和安装破损 1.0%。,本节点适用,,Y
62,开关、插座,开关插座,普通面板开关,开关、插座 > 开关插座 > 普通面板开关,3,0.02,2%,ELECTRICAL_ACCESSORY,电气附件,公开资料/本地定额,开关、插座、接线端子、绝缘、防雷接地等附件按 2.0%。,本节点适用,单控开关|一位开关|三联开关|跷板开关|双联开关|单极开关|单开关|开关双控|双路开关|双控开关|单联开关,Y
1314,开关、插座,开关插座,调光面板开关,开关、插座 > 开关插座 > 调光面板开关,3,0.02,2%,ELECTRICAL_ACCESSORY,电气附件,公开资料/本地定额,开关、插座、接线端子、绝缘、防雷接地等附件按 2.0%。,本节点适用,开关|调光开关,Y
1315,开关、插座,开关插座,电子感应开关,开关、插座 > 开关插座 > 电子感应开关,3,0.02,2%,ELECTRICAL_ACCESSORY,电气附件,公开资料/本地定额,开关、插座、接线端子、绝缘、防雷接地等附件按 2.0%。,本节点适用,延时开关|声光控制开关|感应开关,Y
1316,开关、插座,开关插座,调速面板开关,开关、插座 > 开关插座 > 调速面板开关,3,0.02,2%,ELECTRICAL_ACCESSORY,电气附件,公开资料/本地定额,开关、插座、接线端子、绝缘、防雷接地等附件按 2.0%。,本节点适用,调速开关|调速器,Y
1317,开关、插座,开关插座,插卡取电开关,开关、插座 > 开关插座 > 插卡取电开关,3,0.02,2%,ELECTRICAL_ACCESSORY,电气附件,公开资料/本地定额,开关、插座、接线端子、绝缘、防雷接地等附件按 2.0%。,本节点适用,节能开关|插卡取电,Y
1318,开关、插座,开关插座,门铃，电铃开关,开关、插座 > 开关插座 > 门铃，电铃开关,3,0.02,2%,ELECTRICAL_ACCESSORY,电气附件,公开资料/本地定额,开关、插座、接线端子、绝缘、防雷接地等附件按 2.0%。,本节点适用,门铃开关|电铃开关|控制开关,Y
1319,开关、插座,开关插座,音量调节开关,开关、插座 > 开关插座 > 音量调节开关,3,0.02,2%,ELECTRICAL_ACCESSORY,电气附件,公开资料/本地定额,开关、插座、接线端子、绝缘、防雷接地等附件按 2.0%。,本节点适用,,Y
1320,开关、插座,开关插座,电源插座,开关、插座 > 开关插座 > 电源插座,3,0.02,2%,ELECTRICAL_ACCESSORY,电气附件,公开资料/本地定额,开关、插座、接线端子、绝缘、防雷接地等附件按 2.0%。,本节点适用,接地插座|三极插座|扁脚座|地插,Y
1321,开关、插座,开关插座,刮须插座,开关、插座 > 开关插座 > 刮须插座,3,0.02,2%,ELECTRICAL_ACCESSORY,电气附件,公开资料/本地定额,开关、插座、接线端子、绝缘、防雷接地等附件按 2.0%。,本节点适用,,Y
1322,开关、插座,开关插座,信息插座,开关、插座 > 开关插座 > 信息插座,3,0.02,2%,ELECTRICAL_ACCESSORY,电气附件,公开资料/本地定额,开关、插座、接线端子、绝缘、防雷接地等附件按 2.0%。,本节点适用,音箱插|接线座|地板插|天线插座|电脑插|分线器|电话插|电视插|出线座|连接座|插座,Y
1323,开关、插座,排插/插头,电源插头,开关、插座 > 排插/插头 > 电源插头,3,0.02,2%,ELECTRICAL_ACCESSORY,电气附件,公开资料/本地定额,开关、插座、接线端子、绝缘、防雷接地等附件按 2.0%。,本节点适用,,Y
1324,开关、插座,排插/插头,电源插座转换器,开关、插座 > 排插/插头 > 电源插座转换器,3,0.02,2%,ELECTRICAL_ACCESSORY,电气附件,公开资料/本地定额,开关、插座、接线端子、绝缘、防雷接地等附件按 2.0%。,本节点适用,,Y
1325,开关、插座,开关插座附件,面板、边框、盖板,开关、插座 > 开关插座附件 > 面板、边框、盖板,3,0.02,2%,CONCRETE_PRODUCTS,混凝土制品/瓦,公开资料/本地定额,成品混凝土制品、瓦类以破损和切割损耗为主，取 2.0%。,本节点适用,盒盖|边框|暗板|盖片|空白板|防溅盒|线盒盖板,Y
1326,开关、插座,开关插座附件,开关、插座功能件,开关、插座 > 开关插座附件 > 开关、插座功能件,3,0.02,2%,ELECTRICAL_ACCESSORY,电气附件,公开资料/本地定额,开关、插座、接线端子、绝缘、防雷接地等附件按 2.0%。,本节点适用,防水盒|防溅底盒|胶盒|功能件,Y
1327,开关、插座,其他开关插座,自复位开关,开关、插座 > 其他开关插座 > 自复位开关,3,0.02,2%,ELECTRICAL_ACCESSORY,电气附件,公开资料/本地定额,开关、插座、接线端子、绝缘、防雷接地等附件按 2.0%。,本节点适用,复位开关,Y
1328,开关、插座,其他开关插座,拉线开关,开关、插座 > 其他开关插座 > 拉线开关,3,0.02,2%,ELECTRICAL_ACCESSORY,电气附件,公开资料/本地定额,开关、插座、接线端子、绝缘、防雷接地等附件按 2.0%。,本节点适用,,Y
1329,开关、插座,其他开关插座,扳把开关,开关、插座 > 其他开关插座 > 扳把开关,3,0.02,2%,ELECTRICAL_ACCESSORY,电气附件,公开资料/本地定额,开关、插座、接线端子、绝缘、防雷接地等附件按 2.0%。,本节点适用,,Y
1330,开关、插座,其他开关插座,按钮开关,开关、插座 > 其他开关插座 > 按钮开关,3,0.02,2%,ELECTRICAL_ACCESSORY,电气附件,公开资料/本地定额,开关、插座、接线端子、绝缘、防雷接地等附件按 2.0%。,本节点适用,按钮开关,Y
1331,开关、插座,其他开关插座,其他开关插座,开关、插座 > 其他开关插座 > 其他开关插座,3,0.02,2%,ELECTRICAL_ACCESSORY,电气附件,公开资料/本地定额,开关、插座、接线端子、绝缘、防雷接地等附件按 2.0%。,本节点适用,,Y
1332,电线电缆及光纤光缆,电线电缆,电气装备用电线电缆,电线电缆及光纤光缆 > 电线电缆 > 电气装备用电线电缆,3,0.02,2%,CABLE_GENERAL,一般电线电缆,公开资料/本地定额,未细分电力/控制/弱电的线缆按 2.0% 采购损耗估算。,本节点适用,电梯线缆|耐火线|软线缆|电源线|塑料线|软电线|软线|电线|双塑线|引接线|胶质线|双咪线|多股线|防冻线|硬线|低烟无卤线|铜芯线|绝缘线|防老化线|橡胶线|黑皮线|橡铜线|棉纱线|绝缘线缆|扁平线|软铜线|阻燃线|护套线|音响线|铜单线|消防线|对绞线|橡皮线|铝芯线|橡铝线|布花线|铜塑线|线缆|橡塑线|地埋线|铜护套|平行线,Y
61,电线电缆及光纤光缆,电线电缆,电力电缆,电线电缆及光纤光缆 > 电线电缆 > 电力电缆,3,0.01,1%,POWER_CABLE,电力电缆,公开资料/本地定额,本地校准：广东2018 第四册电力电缆损耗 1.0%。,本节点适用,架空线|联接体|导线|橡套线缆|橡套线|电缆|防水线|牛筋黄线,Y
1333,电线电缆及光纤光缆,电线电缆,控制电缆,电线电缆及光纤光缆 > 电线电缆 > 控制电缆,3,0.015,1.5%,CONTROL_CABLE,控制电缆,公开资料/本地定额,本地校准：控制电缆常用 1.5%。,本节点适用,控制线|行车线,Y
1334,电线电缆及光纤光缆,电线电缆,裸电线,电线电缆及光纤光缆 > 电线电缆 > 裸电线,3,0.018,1.8%,WIRE,绝缘电线/导线,公开资料/本地定额,本地校准：绝缘导线 1.8%。,本节点适用,铜绞线|铝绞线,Y
214,电线电缆及光纤光缆,电线电缆,计算机用电缆,电线电缆及光纤光缆 > 电线电缆 > 计算机用电缆,3,0.02,2%,COMM_OPTIC_CABLE,通信线缆/光缆,公开资料/本地定额,弱电、通信、光纤光缆按本地校准 2.0%。,本节点适用,,Y
1335,电线电缆及光纤光缆,电线电缆,电磁线,电线电缆及光纤光缆 > 电线电缆 > 电磁线,3,0.02,2%,CABLE_GENERAL,一般电线电缆,公开资料/本地定额,未细分电力/控制/弱电的线缆按 2.0% 采购损耗估算。,本节点适用,,Y
1336,电线电缆及光纤光缆,电线电缆,充油及油浸纸绝缘电力电缆,电线电缆及光纤光缆 > 电线电缆 > 充油及油浸纸绝缘电力电缆,3,0.01,1%,POWER_CABLE,电力电缆,公开资料/本地定额,本地校准：广东2018 第四册电力电缆损耗 1.0%。,本节点适用,,Y
64,电线电缆及光纤光缆,通信电缆,通信电缆,电线电缆及光纤光缆 > 通信电缆 > 通信电缆,3,0.02,2%,COMM_OPTIC_CABLE,通信线缆/光缆,公开资料/本地定额,弱电、通信、光纤光缆按本地校准 2.0%。,本节点适用,,Y
1337,电线电缆及光纤光缆,通信电缆,信号电缆,电线电缆及光纤光缆 > 通信电缆 > 信号电缆,3,0.02,2%,COMM_OPTIC_CABLE,通信线缆/光缆,公开资料/本地定额,弱电、通信、光纤光缆按本地校准 2.0%。,本节点适用,,Y
1338,电线电缆及光纤光缆,通信电缆,同轴通信电缆,电线电缆及光纤光缆 > 通信电缆 > 同轴通信电缆,3,0.02,2%,COMM_OPTIC_CABLE,通信线缆/光缆,公开资料/本地定额,弱电、通信、光纤光缆按本地校准 2.0%。,本节点适用,广播线|射频线|RG线|电梯线|电视线|输送线|监控线|视频线|同轴线|同轴电缆|闭路线|投影线|信号线|网络线|射频电缆|VGA线,Y
1339,电线电缆及光纤光缆,光纤光缆,光纤光缆,电线电缆及光纤光缆 > 光纤光缆 > 光纤光缆,3,0.02,2%,COMM_OPTIC_CABLE,通信线缆/光缆,公开资料/本地定额,弱电、通信、光纤光缆按本地校准 2.0%。,本节点适用,,Y
1340,电线电缆及光纤光缆,特种电缆,特种电缆,电线电缆及光纤光缆 > 特种电缆 > 特种电缆,3,0.02,2%,COMM_OPTIC_CABLE,通信线缆/光缆,公开资料/本地定额,弱电、通信、光纤光缆按本地校准 2.0%。,本节点适用,,Y
213,电线电缆及光纤光缆,其他电线电缆,其他电线电缆,电线电缆及光纤光缆 > 其他电线电缆 > 其他电线电缆,3,0.02,2%,CABLE_GENERAL,一般电线电缆,公开资料/本地定额,未细分电力/控制/弱电的线缆按 2.0% 采购损耗估算。,本节点适用,,Y
1341,电气线路敷设材料,母线槽,母线槽,电气线路敷设材料 > 母线槽 > 母线槽,3,0.005,0.5%,BRIDGE_TRAY,桥架/线槽/母线槽,公开资料/本地定额,桥架、线槽、母线槽为成品段安装，切割损耗小，取 0.5%。,本节点适用,,Y
1342,电气线路敷设材料,母线槽,母线槽连接件及附件,电气线路敷设材料 > 母线槽 > 母线槽连接件及附件,3,0.005,0.5%,BRIDGE_TRAY,桥架/线槽/母线槽,公开资料/本地定额,桥架、线槽、母线槽为成品段安装，切割损耗小，取 0.5%。,本节点适用,,Y
147,电气线路敷设材料,电缆桥架,电缆桥架,电气线路敷设材料 > 电缆桥架 > 电缆桥架,3,0.01,1%,POWER_CABLE,电力电缆,公开资料/本地定额,本地校准：广东2018 第四册电力电缆损耗 1.0%。,本节点适用,,Y
1343,电气线路敷设材料,电缆桥架,电缆桥架连接件及附件,电气线路敷设材料 > 电缆桥架 > 电缆桥架连接件及附件,3,0.01,1%,POWER_CABLE,电力电缆,公开资料/本地定额,本地校准：广东2018 第四册电力电缆损耗 1.0%。,本节点适用,调宽片|槽式二通|爬坡弯|调节片|弯接片|下弯|铜片|调高片|镀锌二通|支架|上弯|吊码|托臂|水平弯|双吊,Y
1344,电气线路敷设材料,线槽,线槽,电气线路敷设材料 > 线槽 > 线槽,3,0.005,0.5%,BRIDGE_TRAY,桥架/线槽/母线槽,公开资料/本地定额,桥架、线槽、母线槽为成品段安装，切割损耗小，取 0.5%。,本节点适用,PVC线槽,Y
1345,电气线路敷设材料,线槽,线槽连接件及附件,电气线路敷设材料 > 线槽 > 线槽连接件及附件,3,0.005,0.5%,BRIDGE_TRAY,桥架/线槽/母线槽,公开资料/本地定额,桥架、线槽、母线槽为成品段安装，切割损耗小，取 0.5%。,本节点适用,,Y
1346,电气线路敷设材料,电缆头及接线端子,电缆头,电气线路敷设材料 > 电缆头及接线端子 > 电缆头,3,0.01,1%,POWER_CABLE,电力电缆,公开资料/本地定额,本地校准：广东2018 第四册电力电缆损耗 1.0%。,本节点适用,终端头|户内终端|电缆接头|户外终端|联接头|中间头,Y
1347,电气线路敷设材料,电缆头及接线端子,接线端子,电气线路敷设材料 > 电缆头及接线端子 > 接线端子,3,0.01,1%,POWER_CABLE,电力电缆,公开资料/本地定额,本地校准：广东2018 第四册电力电缆损耗 1.0%。,本节点适用,铝连管|铜连管|端子|铝鼻|铜铝鼻|专用鼻|开口夹|铜铝管|接线鼻|接线端子线|铜端子,Y
1348,电气线路敷设材料,电缆头及接线端子,接地端子箱,电气线路敷设材料 > 电缆头及接线端子 > 接地端子箱,3,0.01,1%,POWER_CABLE,电力电缆,公开资料/本地定额,本地校准：广东2018 第四册电力电缆损耗 1.0%。,本节点适用,端子箱,Y
1349,电气线路敷设材料,电力金具,母线金具,电气线路敷设材料 > 电力金具 > 母线金具,3,0.005,0.5%,BRIDGE_TRAY,桥架/线槽/母线槽,公开资料/本地定额,桥架、线槽、母线槽为成品段安装，切割损耗小，取 0.5%。,本节点适用,,Y
1350,电气线路敷设材料,电力金具,变电金具,电气线路敷设材料 > 电力金具 > 变电金具,3,0.02,2%,ELECTRICAL_ACCESSORY,电气附件,公开资料/本地定额,开关、插座、接线端子、绝缘、防雷接地等附件按 2.0%。,本节点适用,,Y
1351,电气线路敷设材料,电力金具,线路金具,电气线路敷设材料 > 电力金具 > 线路金具,3,0.02,2%,ELECTRICAL_ACCESSORY,电气附件,公开资料/本地定额,开关、插座、接线端子、绝缘、防雷接地等附件按 2.0%。,本节点适用,穿刺线夹|挂碗头板|ub板|延长环|母排管|调整板|直角环|联板|直插簧|直角挂板|接续管|挂环|球头环|母线框|线夹|接线管|防振锤|钢线卡子,Y
212,电气线路敷设材料,电杆、塔及附件,电杆、塔,电气线路敷设材料 > 电杆、塔及附件 > 电杆、塔,3,0.01,1%,GENERAL_FINISHED_PRODUCT,一般成品件,经验估算,未细分成品件按运输、安装破损和备件 1.0%。,本节点适用,路灯杆|水泥电杆|水泥杆,Y
1352,电气线路敷设材料,电杆、塔及附件,杆塔固定件,电气线路敷设材料 > 电杆、塔及附件 > 杆塔固定件,3,0.01,1%,GENERAL_FINISHED_PRODUCT,一般成品件,经验估算,未细分成品件按运输、安装破损和备件 1.0%。,本节点适用,地锚块,Y
1353,电气线路敷设材料,电杆、塔及附件,杆塔支撑横担及附件,电气线路敷设材料 > 电杆、塔及附件 > 杆塔支撑横担及附件,3,0.01,1%,GENERAL_FINISHED_PRODUCT,一般成品件,经验估算,未细分成品件按运输、安装破损和备件 1.0%。,本节点适用,横担,Y
1354,电气线路敷设材料,其他线路敷设材料,线路连接附件,电气线路敷设材料 > 其他线路敷设材料 > 线路连接附件,3,0.01,1%,GENERAL_FINISHED_PRODUCT,一般成品件,经验估算,未细分成品件按运输、安装破损和备件 1.0%。,本节点适用,单孔夹|四指套|指套|五指套|5孔夹,Y
1355,电气线路敷设材料,其他线路敷设材料,接线盒（箱）,电气线路敷设材料 > 其他线路敷设材料 > 接线盒（箱）,3,0.03,3%,OTHER_MATERIAL_LOW_CONF,其他材料,经验估算,未命中细分规则的材料按通用采购损耗 3.0%，需要后续用企业历史采购数据校准。,本节点适用,孖盒|铁线盒|线盒盖|ck盒|双线盒|接线箱|线盒|密封盒|长线盒|预埋盒|单联盒|铅水盒|铝盒|电气盒|过路箱|开关盒|出线盒|拉伸盒|双直通|穿线盒|八角盒|接线盒|铁底盒|吊灯盒|方盒|司令箱|146盒|直双通|暗装盒|明装盒|灯头盒|冲压盒|盒单通|三孖盒|密封箱|双曲通|方线盒,Y
60,电气线路敷设材料,其他线路敷设材料,其他线路敷设材料,电气线路敷设材料 > 其他线路敷设材料 > 其他线路敷设材料,3,0.03,3%,OTHER_MATERIAL_LOW_CONF,其他材料,经验估算,未命中细分规则的材料按通用采购损耗 3.0%，需要后续用企业历史采购数据校准。,本节点适用,穿线套管|线管,Y
1356,保险、绝缘及电热材料,保险材料,保险器材,保险、绝缘及电热材料 > 保险材料 > 保险器材,3,0.02,2%,ELECTRICAL_ACCESSORY,电气附件,公开资料/本地定额,开关、插座、接线端子、绝缘、防雷接地等附件按 2.0%。,本节点适用,,Y
1357,保险、绝缘及电热材料,防雷接地材料,避雷装置,保险、绝缘及电热材料 > 防雷接地材料 > 避雷装置,3,0.02,2%,ELECTRICAL_ACCESSORY,电气附件,公开资料/本地定额,开关、插座、接线端子、绝缘、防雷接地等附件按 2.0%。,本节点适用,防雷器,Y
1358,保险、绝缘及电热材料,防雷接地材料,接地装置,保险、绝缘及电热材料 > 防雷接地材料 > 接地装置,3,0.02,2%,ELECTRICAL_ACCESSORY,电气附件,公开资料/本地定额,开关、插座、接线端子、绝缘、防雷接地等附件按 2.0%。,本节点适用,,Y
1359,保险、绝缘及电热材料,绝缘材料,高压绝缘子,保险、绝缘及电热材料 > 绝缘材料 > 高压绝缘子,3,0.02,2%,ELECTRICAL_ACCESSORY,电气附件,公开资料/本地定额,开关、插座、接线端子、绝缘、防雷接地等附件按 2.0%。,本节点适用,,Y
1360,保险、绝缘及电热材料,绝缘材料,低压绝缘子,保险、绝缘及电热材料 > 绝缘材料 > 低压绝缘子,3,0.02,2%,ELECTRICAL_ACCESSORY,电气附件,公开资料/本地定额,开关、插座、接线端子、绝缘、防雷接地等附件按 2.0%。,本节点适用,,Y
1361,保险、绝缘及电热材料,绝缘材料,绝缘穿墙套管、瓷套管,保险、绝缘及电热材料 > 绝缘材料 > 绝缘穿墙套管、瓷套管,3,0.03,3%,FITTING,管件及管道用器材,公开资料/本地定额,弯头、三通、接头等按安装管材管件通用 3.0%。,本节点适用,,Y
1362,保险、绝缘及电热材料,绝缘材料,瓷绝缘散材,保险、绝缘及电热材料 > 绝缘材料 > 瓷绝缘散材,3,0.02,2%,ELECTRICAL_ACCESSORY,电气附件,公开资料/本地定额,开关、插座、接线端子、绝缘、防雷接地等附件按 2.0%。,本节点适用,,Y
1363,保险、绝缘及电热材料,绝缘材料,绝缘布、绝缘带,保险、绝缘及电热材料 > 绝缘材料 > 绝缘布、绝缘带,3,0.02,2%,ELECTRICAL_ACCESSORY,电气附件,公开资料/本地定额,开关、插座、接线端子、绝缘、防雷接地等附件按 2.0%。,本节点适用,,Y
1364,保险、绝缘及电热材料,绝缘材料,绝缘板、绝缘箔,保险、绝缘及电热材料 > 绝缘材料 > 绝缘板、绝缘箔,3,0.02,2%,ELECTRICAL_ACCESSORY,电气附件,公开资料/本地定额,开关、插座、接线端子、绝缘、防雷接地等附件按 2.0%。,本节点适用,,Y
1365,保险、绝缘及电热材料,绝缘材料,绝缘管,保险、绝缘及电热材料 > 绝缘材料 > 绝缘管,3,0.02,2%,ELECTRICAL_ACCESSORY,电气附件,公开资料/本地定额,开关、插座、接线端子、绝缘、防雷接地等附件按 2.0%。,本节点适用,,Y
1366,保险、绝缘及电热材料,绝缘材料,绝缘棒,保险、绝缘及电热材料 > 绝缘材料 > 绝缘棒,3,0.02,2%,ELECTRICAL_ACCESSORY,电气附件,公开资料/本地定额,开关、插座、接线端子、绝缘、防雷接地等附件按 2.0%。,本节点适用,,Y
148,保险、绝缘及电热材料,绝缘材料,其他绝缘材料,保险、绝缘及电热材料 > 绝缘材料 > 其他绝缘材料,3,0.02,2%,ELECTRICAL_ACCESSORY,电气附件,公开资料/本地定额,开关、插座、接线端子、绝缘、防雷接地等附件按 2.0%。,本节点适用,云母管|复给纸|玻璃布管|复合纸|云母垫|漆管|纸管|玻璃带|漆绸带|白钢纸|云母板,Y
1367,保险、绝缘及电热材料,电热材料,电热材料,保险、绝缘及电热材料 > 电热材料 > 电热材料,3,0.02,2%,ELECTRICAL_ACCESSORY,电气附件,公开资料/本地定额,开关、插座、接线端子、绝缘、防雷接地等附件按 2.0%。,本节点适用,,Y
1368,电气设备及附件,配电设备,成套配电设备,电气设备及附件 > 配电设备 > 成套配电设备,3,0.0,0%,EQUIPMENT_COMPLETE,成套设备/仪器/家具,口径判断,按台套、件、系统成品采购，施工材料净用量损耗率不适用；采购计算中按 0% 处理。,本节点适用,,Y
1369,电气设备及附件,配电设备,电气柜类,电气设备及附件 > 配电设备 > 电气柜类,3,0.0,0%,EQUIPMENT_COMPLETE,成套设备/仪器/家具,口径判断,按台套、件、系统成品采购，施工材料净用量损耗率不适用；采购计算中按 0% 处理。,本节点适用,开关柜|封闭开关设备,Y
63,电气设备及附件,配电设备,配电箱,电气设备及附件 > 配电设备 > 配电箱,3,0.0,0%,EQUIPMENT_COMPLETE,成套设备/仪器/家具,口径判断,按台套、件、系统成品采购，施工材料净用量损耗率不适用；采购计算中按 0% 处理。,本节点适用,电表箱|终端箱,Y
1370,电气设备及附件,配电设备,电气屏类,电气设备及附件 > 配电设备 > 电气屏类,3,0.0,0%,EQUIPMENT_COMPLETE,成套设备/仪器/家具,口径判断,按台套、件、系统成品采购，施工材料净用量损耗率不适用；采购计算中按 0% 处理。,本节点适用,,Y
1371,电气设备及附件,配电设备,变频器,电气设备及附件 > 配电设备 > 变频器,3,0.0,0%,EQUIPMENT_COMPLETE,成套设备/仪器/家具,口径判断,按台套、件、系统成品采购，施工材料净用量损耗率不适用；采购计算中按 0% 处理。,本节点适用,,Y
1372,电气设备及附件,配电设备,变压器,电气设备及附件 > 配电设备 > 变压器,3,0.0,0%,EQUIPMENT_COMPLETE,成套设备/仪器/家具,口径判断,按台套、件、系统成品采购，施工材料净用量损耗率不适用；采购计算中按 0% 处理。,本节点适用,,Y
1373,电气设备及附件,配电设备,箱式变电站,电气设备及附件 > 配电设备 > 箱式变电站,3,0.0,0%,EQUIPMENT_COMPLETE,成套设备/仪器/家具,口径判断,按台套、件、系统成品采购，施工材料净用量损耗率不适用；采购计算中按 0% 处理。,本节点适用,变电站,Y
99,电气设备及附件,电气元器件,断路器,电气设备及附件 > 电气元器件 > 断路器,3,0.02,2%,ELECTRICAL_ACCESSORY,电气附件,公开资料/本地定额,开关、插座、接线端子、绝缘、防雷接地等附件按 2.0%。,本节点适用,,Y
1374,电气设备及附件,电气元器件,互感器,电气设备及附件 > 电气元器件 > 互感器,3,0.02,2%,ELECTRICAL_ACCESSORY,电气附件,公开资料/本地定额,开关、插座、接线端子、绝缘、防雷接地等附件按 2.0%。,本节点适用,,Y
1375,电气设备及附件,电气元器件,调压器、稳压器,电气设备及附件 > 电气元器件 > 调压器、稳压器,3,0.02,2%,ELECTRICAL_ACCESSORY,电气附件,公开资料/本地定额,开关、插座、接线端子、绝缘、防雷接地等附件按 2.0%。,本节点适用,,Y
1376,电气设备及附件,电气元器件,电抗器、电容器,电气设备及附件 > 电气元器件 > 电抗器、电容器,3,0.02,2%,ELECTRICAL_ACCESSORY,电气附件,公开资料/本地定额,开关、插座、接线端子、绝缘、防雷接地等附件按 2.0%。,本节点适用,补偿装置|电抗器,Y
1377,电气设备及附件,电气元器件,接触器,电气设备及附件 > 电气元器件 > 接触器,3,0.02,2%,ELECTRICAL_ACCESSORY,电气附件,公开资料/本地定额,开关、插座、接线端子、绝缘、防雷接地等附件按 2.0%。,本节点适用,,Y
1378,电气设备及附件,电气元器件,启动器,电气设备及附件 > 电气元器件 > 启动器,3,0.02,2%,ELECTRICAL_ACCESSORY,电气附件,公开资料/本地定额,开关、插座、接线端子、绝缘、防雷接地等附件按 2.0%。,本节点适用,起动器|软起动器|软启动器,Y
1379,电气设备及附件,电气元器件,电气控制器,电气设备及附件 > 电气元器件 > 电气控制器,3,0.02,2%,ELECTRICAL_ACCESSORY,电气附件,公开资料/本地定额,开关、插座、接线端子、绝缘、防雷接地等附件按 2.0%。,本节点适用,,Y
1380,电气设备及附件,电气元器件,继电器,电气设备及附件 > 电气元器件 > 继电器,3,0.02,2%,ELECTRICAL_ACCESSORY,电气附件,公开资料/本地定额,开关、插座、接线端子、绝缘、防雷接地等附件按 2.0%。,本节点适用,,Y
1381,电气设备及附件,电气元器件,中继器,电气设备及附件 > 电气元器件 > 中继器,3,0.02,2%,ELECTRICAL_ACCESSORY,电气附件,公开资料/本地定额,开关、插座、接线端子、绝缘、防雷接地等附件按 2.0%。,本节点适用,,Y
1382,电气设备及附件,电气元器件,电阻器、分流器,电气设备及附件 > 电气元器件 > 电阻器、分流器,3,0.02,2%,ELECTRICAL_ACCESSORY,电气附件,公开资料/本地定额,开关、插座、接线端子、绝缘、防雷接地等附件按 2.0%。,本节点适用,,Y
1383,电气设备及附件,电气元器件,电磁器件,电气设备及附件 > 电气元器件 > 电磁器件,3,0.02,2%,ELECTRICAL_ACCESSORY,电气附件,公开资料/本地定额,开关、插座、接线端子、绝缘、防雷接地等附件按 2.0%。,本节点适用,,Y
1384,电气设备及附件,电气元器件,整流器,电气设备及附件 > 电气元器件 > 整流器,3,0.02,2%,ELECTRICAL_ACCESSORY,电气附件,公开资料/本地定额,开关、插座、接线端子、绝缘、防雷接地等附件按 2.0%。,本节点适用,,Y
1385,电气设备及附件,电气元器件,熔断器,电气设备及附件 > 电气元器件 > 熔断器,3,0.02,2%,ELECTRICAL_ACCESSORY,电气附件,公开资料/本地定额,开关、插座、接线端子、绝缘、防雷接地等附件按 2.0%。,本节点适用,,Y
100,电气设备及附件,电气元器件,配电开关,电气设备及附件 > 电气元器件 > 配电开关,3,0.02,2%,ELECTRICAL_ACCESSORY,电气附件,公开资料/本地定额,开关、插座、接线端子、绝缘、防雷接地等附件按 2.0%。,本节点适用,切换装置|行程开关|刀开关,Y
1386,电气设备及附件,电气元器件,漏电保护器材,电气设备及附件 > 电气元器件 > 漏电保护器材,3,0.02,2%,ELECTRICAL_ACCESSORY,电气附件,公开资料/本地定额,开关、插座、接线端子、绝缘、防雷接地等附件按 2.0%。,本节点适用,,Y
1387,电气设备及附件,电气机械设备,电动机,电气设备及附件 > 电气机械设备 > 电动机,3,0.0,0%,EQUIPMENT_COMPLETE,成套设备/仪器/家具,口径判断,按台套、件、系统成品采购，施工材料净用量损耗率不适用；采购计算中按 0% 处理。,本节点适用,电机|异步电机|防爆电机|电动机,Y
101,电气设备及附件,电气机械设备,发电机,电气设备及附件 > 电气机械设备 > 发电机,3,0.0,0%,EQUIPMENT_COMPLETE,成套设备/仪器/家具,口径判断,按台套、件、系统成品采购，施工材料净用量损耗率不适用；采购计算中按 0% 处理。,本节点适用,,Y
1388,电气设备及附件,电池与蓄能设备,蓄电池及附件,电气设备及附件 > 电池与蓄能设备 > 蓄电池及附件,3,0.0,0%,EQUIPMENT_COMPLETE,成套设备/仪器/家具,口径判断,按台套、件、系统成品采购，施工材料净用量损耗率不适用；采购计算中按 0% 处理。,本节点适用,供电电源|直流电源|主机电源|电源箱|电瓶夹|电池包|不间断电源|电池|电源主机,Y
1389,电气设备及附件,电池与蓄能设备,电能储能式系列,电气设备及附件 > 电池与蓄能设备 > 电能储能式系列,3,0.0,0%,EQUIPMENT_COMPLETE,成套设备/仪器/家具,口径判断,按台套、件、系统成品采购，施工材料净用量损耗率不适用；采购计算中按 0% 处理。,本节点适用,,Y
1390,电气设备及附件,其他电气设备,电笛、电铃,电气设备及附件 > 其他电气设备 > 电笛、电铃,3,0.0,0%,EQUIPMENT_COMPLETE,成套设备/仪器/家具,口径判断,按台套、件、系统成品采购，施工材料净用量损耗率不适用；采购计算中按 0% 处理。,本节点适用,,Y
59,电气设备及附件,其他电气设备,其他电气设备,电气设备及附件 > 其他电气设备 > 其他电气设备,3,0.0,0%,EQUIPMENT_COMPLETE,成套设备/仪器/家具,口径判断,按台套、件、系统成品采购，施工材料净用量损耗率不适用；采购计算中按 0% 处理。,本节点适用,,Y
1391,橡胶、塑料及非金属材料,橡胶材料及制品,橡胶板,橡胶、塑料及非金属材料 > 橡胶材料及制品 > 橡胶板,3,0.05,5%,RUBBER_PLASTIC_GENERAL,橡胶塑料材料,公开资料/本地定额,塑料/橡胶板、膜、带、制品按裁切和安装损耗 5.0%。,本节点适用,绿平板|胶板,Y
1392,橡胶、塑料及非金属材料,橡胶材料及制品,橡胶条、带,橡胶、塑料及非金属材料 > 橡胶材料及制品 > 橡胶条、带,3,0.05,5%,RUBBER_PLASTIC_GENERAL,橡胶塑料材料,公开资料/本地定额,塑料/橡胶板、膜、带、制品按裁切和安装损耗 5.0%。,本节点适用,修补条|V带|平皮带,Y
1393,橡胶、塑料及非金属材料,橡胶材料及制品,橡胶圈,橡胶、塑料及非金属材料 > 橡胶材料及制品 > 橡胶圈,3,0.05,5%,RUBBER_PLASTIC_GENERAL,橡胶塑料材料,公开资料/本地定额,塑料/橡胶板、膜、带、制品按裁切和安装损耗 5.0%。,本节点适用,T型胶圈|硅胶圈|胶圈|橡胶圈|皮圈,Y
126,橡胶、塑料及非金属材料,橡胶材料及制品,其他橡胶材料,橡胶、塑料及非金属材料 > 橡胶材料及制品 > 其他橡胶材料,3,0.05,5%,RUBBER_PLASTIC_GENERAL,橡胶塑料材料,公开资料/本地定额,塑料/橡胶板、膜、带、制品按裁切和安装损耗 5.0%。,本节点适用,胶粉料,Y
130,橡胶、塑料及非金属材料,塑料材料及制品,塑料薄膜、布,橡胶、塑料及非金属材料 > 塑料材料及制品 > 塑料薄膜、布,3,0.05,5%,RUBBER_PLASTIC_GENERAL,橡胶塑料材料,公开资料/本地定额,塑料/橡胶板、膜、带、制品按裁切和安装损耗 5.0%。,本节点适用,压缝带|防火膜|照明膜|写真膜|防裂贴|喷绘膜|充气膜|塑料布|异型膜|彩绘膜|打印膜|彩印膜|精印膜|地膜|平面膜|喷绘软膜,Y
1394,橡胶、塑料及非金属材料,塑料材料及制品,塑料板,橡胶、塑料及非金属材料 > 塑料材料及制品 > 塑料板,3,0.05,5%,RUBBER_PLASTIC_GENERAL,橡胶塑料材料,公开资料/本地定额,塑料/橡胶板、膜、带、制品按裁切和安装损耗 5.0%。,本节点适用,聚砜板|四氟板|透明板|pu板|防撞板|pom板|聚丙板|pvc板|聚乙烯板|pe板|PMMA板|地台板|pa6板|硬板,Y
1395,橡胶、塑料及非金属材料,塑料材料及制品,塑料带,橡胶、塑料及非金属材料 > 塑料材料及制品 > 塑料带,3,0.05,5%,RUBBER_PLASTIC_GENERAL,橡胶塑料材料,公开资料/本地定额,塑料/橡胶板、膜、带、制品按裁切和安装损耗 5.0%。,本节点适用,生料带,Y
1396,橡胶、塑料及非金属材料,塑料材料及制品,塑料棒,橡胶、塑料及非金属材料 > 塑料材料及制品 > 塑料棒,3,0.05,5%,RUBBER_PLASTIC_GENERAL,橡胶塑料材料,公开资料/本地定额,塑料/橡胶板、膜、带、制品按裁切和安装损耗 5.0%。,本节点适用,pmma棒|pc棒|pvc棒|聚氨酯棒材|四氟棒|聚乙烯棒|韧棒|pa6棒,Y
205,橡胶、塑料及非金属材料,塑料材料及制品,有机玻璃,橡胶、塑料及非金属材料 > 塑料材料及制品 > 有机玻璃,3,0.05,5%,RUBBER_PLASTIC_GENERAL,橡胶塑料材料,公开资料/本地定额,塑料/橡胶板、膜、带、制品按裁切和安装损耗 5.0%。,本节点适用,亚克力板,Y
1397,橡胶、塑料及非金属材料,塑料材料及制品,橡塑复合材料,橡胶、塑料及非金属材料 > 塑料材料及制品 > 橡塑复合材料,3,0.05,5%,INSULATION_BOARD,保温绝热材料,公开资料/本地定额,保温板、岩棉、玻璃棉、橡塑等按裁切、拼缝和破损 5.0%。,本节点适用,塑胶板,Y
1398,橡胶、塑料及非金属材料,塑料材料及制品,玻璃钢及其制品,橡胶、塑料及非金属材料 > 塑料材料及制品 > 玻璃钢及其制品,3,0.05,5%,RUBBER_PLASTIC_GENERAL,橡胶塑料材料,公开资料/本地定额,塑料/橡胶板、膜、带、制品按裁切和安装损耗 5.0%。,本节点适用,,Y
1399,橡胶、塑料及非金属材料,塑料材料及制品,其他塑料制品,橡胶、塑料及非金属材料 > 塑料材料及制品 > 其他塑料制品,3,0.05,5%,RUBBER_PLASTIC_GENERAL,橡胶塑料材料,公开资料/本地定额,塑料/橡胶板、膜、带、制品按裁切和安装损耗 5.0%。,本节点适用,热缩套|海绵|薄壁箱|喷火枪|筒管|变径圈|扎带|过渡接头|透水管|支管|转换圈|盲沟|防滑板|井套,Y
1400,橡胶、塑料及非金属材料,其他非金属材料,石墨碳素制品,橡胶、塑料及非金属材料 > 其他非金属材料 > 石墨碳素制品,3,0.03,3%,METAL_GENERAL,金属材料,公开资料/本地定额,一般金属材料存在切割、加工、搬运损耗，取 3.0%。,本节点适用,,Y
1401,橡胶、塑料及非金属材料,其他非金属材料,棉毛及其制品,橡胶、塑料及非金属材料 > 其他非金属材料 > 棉毛及其制品,3,0.03,3%,METAL_GENERAL,金属材料,公开资料/本地定额,一般金属材料存在切割、加工、搬运损耗，取 3.0%。,本节点适用,油毛毡,Y
1402,橡胶、塑料及非金属材料,其他非金属材料,丝麻及其制品,橡胶、塑料及非金属材料 > 其他非金属材料 > 丝麻及其制品,3,0.03,3%,METAL_GENERAL,金属材料,公开资料/本地定额,一般金属材料存在切割、加工、搬运损耗，取 3.0%。,本节点适用,,Y
1403,橡胶、塑料及非金属材料,其他非金属材料,化纤及其制品,橡胶、塑料及非金属材料 > 其他非金属材料 > 化纤及其制品,3,0.03,3%,METAL_GENERAL,金属材料,公开资料/本地定额,一般金属材料存在切割、加工、搬运损耗，取 3.0%。,本节点适用,玻钎布,Y
1404,橡胶、塑料及非金属材料,其他非金属材料,草及其制品,橡胶、塑料及非金属材料 > 其他非金属材料 > 草及其制品,3,0.03,3%,METAL_GENERAL,金属材料,公开资料/本地定额,一般金属材料存在切割、加工、搬运损耗，取 3.0%。,本节点适用,,Y
198,橡胶、塑料及非金属材料,其他非金属材料,其他非金属材料,橡胶、塑料及非金属材料 > 其他非金属材料 > 其他非金属材料,3,0.03,3%,METAL_GENERAL,金属材料,公开资料/本地定额,一般金属材料存在切割、加工、搬运损耗，取 3.0%。,本节点适用,,Y
181,橡胶、塑料及非金属材料,其他非金属材料,土工材料,橡胶、塑料及非金属材料 > 其他非金属材料 > 土工材料,3,0.03,3%,METAL_GENERAL,金属材料,公开资料/本地定额,一般金属材料存在切割、加工、搬运损耗，取 3.0%。,本节点适用,格室|土工格网|格栅,Y
143,木、竹材料及其制品,木材及其制品,原木,木、竹材料及其制品 > 木材及其制品 > 原木,3,0.18,18%,WOOD_RAW,原木/枋材,公开资料/本地定额,原木及枋材锯割加工出材率约80%~85%，含锯口损耗、边角废料，综合损耗取18%。,本节点适用,成材|山樟木|巴花|定尺材|橡胶木|烘干材|松木|樟木|榉木|鸡翅木|锯材|地板料|桐木|樱桃木|柳桉木|木大方|松原木|红橡木|方材|红雪松|枋材|方料|白蜡木|铁杉|规格材|沙比利木,Y
1406,木、竹材料及其制品,木材及其制品,板材,木、竹材料及其制品 > 木材及其制品 > 板材,3,0.06,6%,WOOD_BOARD,人造板/防腐木,公开资料/本地定额,胶合板、纤维板、细木工板、刨花板、防腐木等人造板材裁切损耗，取6%。,本节点适用,桐木片,Y
226,木、竹材料及其制品,木材及其制品,枋材,木、竹材料及其制品 > 木材及其制品 > 枋材,3,0.18,18%,WOOD_RAW,原木/枋材,公开资料/本地定额,原木及枋材锯割加工出材率约80%~85%，含锯口损耗、边角废料，综合损耗取18%。,本节点适用,,Y
1407,木、竹材料及其制品,木材及其制品,胶合板,木、竹材料及其制品 > 木材及其制品 > 胶合板,3,0.06,6%,WOOD_BOARD,人造板/防腐木,公开资料/本地定额,胶合板、纤维板、细木工板、刨花板、防腐木等人造板材裁切损耗，取6%。,本节点适用,三厘板|十二厘板|阻燃板|九厘板|五厘板|多层板|饰面板,Y
1408,木、竹材料及其制品,木材及其制品,多层实木板,木、竹材料及其制品 > 木材及其制品 > 多层实木板,3,0.06,6%,WOOD_BOARD,人造板/防腐木,公开资料/本地定额,胶合板、纤维板、细木工板、刨花板、防腐木等人造板材裁切损耗，取6%。,本节点适用,,Y
1409,木、竹材料及其制品,木材及其制品,纤维板,木、竹材料及其制品 > 木材及其制品 > 纤维板,3,0.06,6%,WOOD_BOARD,人造板/防腐木,公开资料/本地定额,胶合板、纤维板、细木工板、刨花板、防腐木等人造板材裁切损耗，取6%。,本节点适用,密度板|防潮板|中纤板,Y
1410,木、竹材料及其制品,木材及其制品,细木工板,木、竹材料及其制品 > 木材及其制品 > 细木工板,3,0.06,6%,WOOD_BOARD,人造板/防腐木,公开资料/本地定额,胶合板、纤维板、细木工板、刨花板、防腐木等人造板材裁切损耗，取6%。,本节点适用,夹芯板|木芯板|木工板|大芯板|板芯,Y
142,木、竹材料及其制品,木材及其制品,防腐木,木、竹材料及其制品 > 木材及其制品 > 防腐木,3,0.06,6%,WOOD_BOARD,人造板/防腐木,公开资料/本地定额,胶合板、纤维板、细木工板、刨花板、防腐木等人造板材裁切损耗，取6%。,本节点适用,菠萝格|红柳安|无节材|炭化木|抗裂柱,Y
1411,木、竹材料及其制品,木材及其制品,刨花板,木、竹材料及其制品 > 木材及其制品 > 刨花板,3,0.06,6%,WOOD_BOARD,人造板/防腐木,公开资料/本地定额,胶合板、纤维板、细木工板、刨花板、防腐木等人造板材裁切损耗，取6%。,本节点适用,顺芯板,Y
1412,木、竹材料及其制品,木材及其制品,集成板,木、竹材料及其制品 > 木材及其制品 > 集成板,3,0.06,6%,WOOD_BOARD,人造板/防腐木,公开资料/本地定额,胶合板、纤维板、细木工板、刨花板、防腐木等人造板材裁切损耗，取6%。,本节点适用,,Y
1413,木、竹材料及其制品,木材及其制品,其他人造木板,木、竹材料及其制品 > 木材及其制品 > 其他人造木板,3,0.06,6%,WOOD_BOARD,人造板/防腐木,公开资料/本地定额,胶合板、纤维板、细木工板、刨花板、防腐木等人造板材裁切损耗，取6%。,本节点适用,指接材|集成板|阻燃层积材|集成材,Y
1414,木、竹材料及其制品,木材及其制品,木制容器类,木、竹材料及其制品 > 木材及其制品 > 木制容器类,3,0.03,3%,WOOD_FINISHED,成品木制品/木地板/竹制品,公开资料/本地定额,成品木制品、木地板、竹制品安装损耗，裁切量少，取3%。,本节点适用,,Y
1415,木、竹材料及其制品,木材及其制品,木制台类及货架,木、竹材料及其制品 > 木材及其制品 > 木制台类及货架,3,0.03,3%,WOOD_FINISHED,成品木制品/木地板/竹制品,公开资料/本地定额,成品木制品、木地板、竹制品安装损耗，裁切量少，取3%。,本节点适用,,Y
132,木、竹材料及其制品,木材及其制品,其他木制品,木、竹材料及其制品 > 木材及其制品 > 其他木制品,3,0.03,3%,WOOD_FINISHED,成品木制品/木地板/竹制品,公开资料/本地定额,成品木制品、木地板、竹制品安装损耗，裁切量少，取3%。,本节点适用,半圆条|茶托|菠萝格园柱,Y
144,木、竹材料及其制品,竹材及其制品,竹材,木、竹材料及其制品 > 竹材及其制品 > 竹材,3,0.1,10%,BAMBOO_RAW,原竹,公开资料/本地定额,原竹锯割分割及加工损耗，取10%。,本节点适用,,Y
1416,木、竹材料及其制品,竹材及其制品,竹板,木、竹材料及其制品 > 竹材及其制品 > 竹板,3,0.03,3%,WOOD_FINISHED,成品木制品/木地板/竹制品,公开资料/本地定额,成品木制品、木地板、竹制品安装损耗，裁切量少，取3%。,本节点适用,,Y
1417,木、竹材料及其制品,竹材及其制品,竹制品,木、竹材料及其制品 > 竹材及其制品 > 竹制品,3,0.03,3%,WOOD_FINISHED,成品木制品/木地板/竹制品,公开资料/本地定额,成品木制品、木地板、竹制品安装损耗，裁切量少，取3%。,本节点适用,,Y
1418,玻璃及玻璃制品,普通玻璃,浮法玻璃,玻璃及玻璃制品 > 普通玻璃 > 浮法玻璃,3,0.03,3%,GLASS,玻璃及玻璃制品,公开资料/本地定额,玻璃按加工、运输、安装破损 3.0%。,本节点适用,白玻|清玻璃|平板玻璃|玻璃|白玻璃|镜面玻璃,Y
1419,玻璃及玻璃制品,普通玻璃,超白玻璃,玻璃及玻璃制品 > 普通玻璃 > 超白玻璃,3,0.03,3%,GLASS,玻璃及玻璃制品,公开资料/本地定额,玻璃按加工、运输、安装破损 3.0%。,本节点适用,,Y
1420,玻璃及玻璃制品,普通玻璃,钢化玻璃,玻璃及玻璃制品 > 普通玻璃 > 钢化玻璃,3,0.03,3%,GLASS,玻璃及玻璃制品,公开资料/本地定额,玻璃按加工、运输、安装破损 3.0%。,本节点适用,弯钢玻璃|平钢玻璃|钢化蓝玻|钢化色玻|玻璃|单钢玻璃,Y
1421,玻璃及玻璃制品,普通玻璃,夹丝（夹网）玻璃,玻璃及玻璃制品 > 普通玻璃 > 夹丝（夹网）玻璃,3,0.03,3%,GLASS,玻璃及玻璃制品,公开资料/本地定额,玻璃按加工、运输、安装破损 3.0%。,本节点适用,夹丝玻璃,Y
1422,玻璃及玻璃制品,普通玻璃,夹层玻璃,玻璃及玻璃制品 > 普通玻璃 > 夹层玻璃,3,0.03,3%,GLASS,玻璃及玻璃制品,公开资料/本地定额,玻璃按加工、运输、安装破损 3.0%。,本节点适用,夹胶玻璃|安全玻璃,Y
1423,玻璃及玻璃制品,普通玻璃,中空玻璃,玻璃及玻璃制品 > 普通玻璃 > 中空玻璃,3,0.03,3%,GLASS,玻璃及玻璃制品,公开资料/本地定额,玻璃按加工、运输、安装破损 3.0%。,本节点适用,双钢玻璃|玻璃,Y
1424,玻璃及玻璃制品,普通玻璃,镀膜玻璃,玻璃及玻璃制品 > 普通玻璃 > 镀膜玻璃,3,0.03,3%,GLASS,玻璃及玻璃制品,公开资料/本地定额,玻璃按加工、运输、安装破损 3.0%。,本节点适用,镀膜,Y
1425,玻璃及玻璃制品,艺术玻璃,艺术装饰玻璃,玻璃及玻璃制品 > 艺术玻璃 > 艺术装饰玻璃,3,0.03,3%,GLASS,玻璃及玻璃制品,公开资料/本地定额,玻璃按加工、运输、安装破损 3.0%。,本节点适用,彩色玻璃|车刻镜|艺术玻璃|仿玉雕|拼镜|冰晶画,Y
1426,玻璃及玻璃制品,艺术玻璃,镭射玻璃,玻璃及玻璃制品 > 艺术玻璃 > 镭射玻璃,3,0.03,3%,GLASS,玻璃及玻璃制品,公开资料/本地定额,玻璃按加工、运输、安装破损 3.0%。,本节点适用,,Y
1427,玻璃及玻璃制品,特种玻璃,特种玻璃,玻璃及玻璃制品 > 特种玻璃 > 特种玻璃,3,0.03,3%,GLASS,玻璃及玻璃制品,公开资料/本地定额,玻璃按加工、运输、安装破损 3.0%。,本节点适用,,Y
67,玻璃及玻璃制品,其他玻璃,其他玻璃,玻璃及玻璃制品 > 其他玻璃 > 其他玻璃,3,0.03,3%,GLASS,玻璃及玻璃制品,公开资料/本地定额,玻璃按加工、运输、安装破损 3.0%。,本节点适用,,Y
1428,玻璃及玻璃制品,玻璃制品,玻璃砖,玻璃及玻璃制品 > 玻璃制品 > 玻璃砖,3,0.03,3%,BRICK,砖,公开资料/本地定额,普通砖、烧结砖砌体本地校准为 3.0%。,本节点适用,,Y
1429,玻璃及玻璃制品,玻璃制品,玻璃马赛克,玻璃及玻璃制品 > 玻璃制品 > 玻璃马赛克,3,0.04,4%,TILE,墙地砖/块料,公开资料/本地定额,本地校准：瓷片/墙地砖约 3.5%~4.0%，采购侧取 4.0%。,本节点适用,,Y
1430,玻璃及玻璃制品,玻璃制品,玻璃镜,玻璃及玻璃制品 > 玻璃制品 > 玻璃镜,3,0.03,3%,GLASS,玻璃及玻璃制品,公开资料/本地定额,玻璃按加工、运输、安装破损 3.0%。,本节点适用,紫镜|黑镜|银镜|浅茶镜|蓝镜|工艺拼镜|茶镜|彩镜|金茶镜|仿古镜|紫罗兰镜|灰镜|金镜|镜子|红镜,Y
140,玻璃及玻璃制品,玻璃制品,玻璃制品,玻璃及玻璃制品 > 玻璃制品 > 玻璃制品,3,0.03,3%,GLASS,玻璃及玻璃制品,公开资料/本地定额,玻璃按加工、运输、安装破损 3.0%。,本节点适用,,Y
1431,玻璃及玻璃制品,玻璃制品,防爆膜,玻璃及玻璃制品 > 玻璃制品 > 防爆膜,3,0.03,3%,GLASS,玻璃及玻璃制品,公开资料/本地定额,玻璃按加工、运输、安装破损 3.0%。,本节点适用,,Y
1432,玻璃及玻璃制品,玻璃制品,防雾镜,玻璃及玻璃制品 > 玻璃制品 > 防雾镜,3,0.03,3%,GLASS,玻璃及玻璃制品,公开资料/本地定额,玻璃按加工、运输、安装破损 3.0%。,本节点适用,,Y
1433,墙砖、地砖、地板、地毯类材料,陶瓷砖（板）,瓷砖,墙砖、地砖、地板、地毯类材料 > 陶瓷砖（板） > 瓷砖,3,0.04,4%,TILE,墙地砖/块料,公开资料/本地定额,本地校准：瓷片/墙地砖约 3.5%~4.0%，采购侧取 4.0%。,本节点适用,瓷砖|瓷砖|瓷砖|地拼|花砖|瓷木|欧式砖|地拼花|内墙砖|地砖|墙地砖|全抛釉|仿古砖|陶瓷|瓷艺画|瓷质砖|微晶釉|工业砖|施釉砖|压条|地爬墙|雅光砖|釉面转|釉瓷砖|微晶砖|超微晶|陶质砖|微晶石,Y
1435,墙砖、地砖、地板、地毯类材料,陶瓷砖（板）,马赛克,墙砖、地砖、地板、地毯类材料 > 陶瓷砖（板） > 马赛克,3,0.04,4%,TILE,墙地砖/块料,公开资料/本地定额,本地校准：瓷片/墙地砖约 3.5%~4.0%，采购侧取 4.0%。,本节点适用,,Y
40,墙砖、地砖、地板、地毯类材料,木地板,实木地板,墙砖、地砖、地板、地毯类材料 > 木地板 > 实木地板,3,0.03,3%,WOOD_FINISHED,成品木制品/木地板/竹制品,公开资料/本地定额,成品木制品、木地板、竹制品安装损耗，裁切量少，取3%。,本节点适用,拼花地板|地板,Y
1436,墙砖、地砖、地板、地毯类材料,木地板,软木地板,墙砖、地砖、地板、地毯类材料 > 木地板 > 软木地板,3,0.03,3%,WOOD_FINISHED,成品木制品/木地板/竹制品,公开资料/本地定额,成品木制品、木地板、竹制品安装损耗，裁切量少，取3%。,本节点适用,地板,Y
1437,墙砖、地砖、地板、地毯类材料,木地板,软木复合弹性地板,墙砖、地砖、地板、地毯类材料 > 木地板 > 软木复合弹性地板,3,0.03,3%,WOOD_FINISHED,成品木制品/木地板/竹制品,公开资料/本地定额,成品木制品、木地板、竹制品安装损耗，裁切量少，取3%。,本节点适用,,Y
1438,墙砖、地砖、地板、地毯类材料,木地板,木塑复合地板,墙砖、地砖、地板、地毯类材料 > 木地板 > 木塑复合地板,3,0.03,3%,WOOD_FINISHED,成品木制品/木地板/竹制品,公开资料/本地定额,成品木制品、木地板、竹制品安装损耗，裁切量少，取3%。,本节点适用,空心地板|塑木地板,Y
1439,墙砖、地砖、地板、地毯类材料,木地板,强化复合地板,墙砖、地砖、地板、地毯类材料 > 木地板 > 强化复合地板,3,0.03,3%,WOOD_FINISHED,成品木制品/木地板/竹制品,公开资料/本地定额,成品木制品、木地板、竹制品安装损耗，裁切量少，取3%。,本节点适用,,Y
1440,墙砖、地砖、地板、地毯类材料,木地板,实木复合地板,墙砖、地砖、地板、地毯类材料 > 木地板 > 实木复合地板,3,0.03,3%,WOOD_FINISHED,成品木制品/木地板/竹制品,公开资料/本地定额,成品木制品、木地板、竹制品安装损耗，裁切量少，取3%。,本节点适用,复合地板|地板,Y
1441,墙砖、地砖、地板、地毯类材料,木地板,竹（木）地板,墙砖、地砖、地板、地毯类材料 > 木地板 > 竹（木）地板,3,0.03,3%,WOOD_FINISHED,成品木制品/木地板/竹制品,公开资料/本地定额,成品木制品、木地板、竹制品安装损耗，裁切量少，取3%。,本节点适用,地板,Y
1442,墙砖、地砖、地板、地毯类材料,塑料、橡胶地板,石塑地砖,墙砖、地砖、地板、地毯类材料 > 塑料、橡胶地板 > 石塑地砖,3,0.03,3%,SAND_STONE,砂石粉灰土,公开资料/本地定额,砂、石、粉、灰、土等散料按 3.0% 估算。,本节点适用,,Y
129,墙砖、地砖、地板、地毯类材料,塑料、橡胶地板,塑料地板,墙砖、地砖、地板、地毯类材料 > 塑料、橡胶地板 > 塑料地板,3,0.03,3%,CARPET_FLOOR,地板/地毯,公开资料/本地定额,成品地板、地毯按排版裁切和边角料 3.0%。,本节点适用,地垫|石塑地板|片材|塑料地板|塑胶地板|pvc地板|地胶|地板,Y
1443,墙砖、地砖、地板、地毯类材料,塑料、橡胶地板,塑料地砖,墙砖、地砖、地板、地毯类材料 > 塑料、橡胶地板 > 塑料地砖,3,0.04,4%,TILE,墙地砖/块料,公开资料/本地定额,本地校准：瓷片/墙地砖约 3.5%~4.0%，采购侧取 4.0%。,本节点适用,,Y
1444,墙砖、地砖、地板、地毯类材料,塑料、橡胶地板,橡胶地板,墙砖、地砖、地板、地毯类材料 > 塑料、橡胶地板 > 橡胶地板,3,0.03,3%,CARPET_FLOOR,地板/地毯,公开资料/本地定额,成品地板、地毯按排版裁切和边角料 3.0%。,本节点适用,地垫|橡胶地垫|地板,Y
235,墙砖、地砖、地板、地毯类材料,防静电地板,防静电地板,墙砖、地砖、地板、地毯类材料 > 防静电地板 > 防静电地板,3,0.03,3%,CARPET_FLOOR,地板/地毯,公开资料/本地定额,成品地板、地毯按排版裁切和边角料 3.0%。,本节点适用,静电板,Y
98,墙砖、地砖、地板、地毯类材料,地毯、挂毯,地毯,墙砖、地砖、地板、地毯类材料 > 地毯、挂毯 > 地毯,3,0.03,3%,CARPET_FLOOR,地板/地毯,公开资料/本地定额,成品地板、地毯按排版裁切和边角料 3.0%。,本节点适用,满铺毯|排水垫|脚垫|羊毛毯|除尘垫|方块毯|防滑垫|挂毯|块毯|防滑地垫|迎宾垫|尼龙毯|剑麻毯,Y
1445,墙砖、地砖、地板、地毯类材料,地毯、挂毯,挂毯、门毡,墙砖、地砖、地板、地毯类材料 > 地毯、挂毯 > 挂毯、门毡,3,0.03,3%,CARPET_FLOOR,地板/地毯,公开资料/本地定额,成品地板、地毯按排版裁切和边角料 3.0%。,本节点适用,,Y
42,墙砖、地砖、地板、地毯类材料,地坪,地坪,墙砖、地砖、地板、地毯类材料 > 地坪 > 地坪,3,0.03,3%,CARPET_FLOOR,地板/地毯,公开资料/本地定额,成品地板、地毯按排版裁切和边角料 3.0%。,本节点适用,环氧地坪漆,Y
1446,墙砖、地砖、地板、地毯类材料,其他地板,亚麻环保地板,墙砖、地砖、地板、地毯类材料 > 其他地板 > 亚麻环保地板,3,0.03,3%,CARPET_FLOOR,地板/地毯,公开资料/本地定额,成品地板、地毯按排版裁切和边角料 3.0%。,本节点适用,,Y
41,墙砖、地砖、地板、地毯类材料,其他地板,其他地板,墙砖、地砖、地板、地毯类材料 > 其他地板 > 其他地板,3,0.03,3%,CARPET_FLOOR,地板/地毯,公开资料/本地定额,成品地板、地毯按排版裁切和边角料 3.0%。,本节点适用,,Y
135,装饰石材及石材制品,天然石材,大理石板,装饰石材及石材制品 > 天然石材 > 大理石板,3,0.02,2%,STONE_FINISH,装饰石材,公开资料/本地定额,本地校准：石料块料地面墙面损耗 2.0%。,本节点适用,,Y
1447,装饰石材及石材制品,天然石材,花岗石板,装饰石材及石材制品 > 天然石材 > 花岗石板,3,0.02,2%,STONE_FINISH,装饰石材,公开资料/本地定额,本地校准：石料块料地面墙面损耗 2.0%。,本节点适用,花岗岩|花岗石,Y
137,装饰石材及石材制品,天然石材,青石板,装饰石材及石材制品 > 天然石材 > 青石板,3,0.02,2%,STONE_FINISH,装饰石材,公开资料/本地定额,本地校准：石料块料地面墙面损耗 2.0%。,本节点适用,青石,Y
1448,装饰石材及石材制品,天然石材,砂岩,装饰石材及石材制品 > 天然石材 > 砂岩,3,0.02,2%,STONE_FINISH,装饰石材,公开资料/本地定额,本地校准：石料块料地面墙面损耗 2.0%。,本节点适用,緑砂岩|红砂岩,Y
1449,装饰石材及石材制品,天然石材,文化石,装饰石材及石材制品 > 天然石材 > 文化石,3,0.02,2%,STONE_FINISH,装饰石材,公开资料/本地定额,本地校准：石料块料地面墙面损耗 2.0%。,本节点适用,海岸石|滴水石|拐角石|混拼石|南山石|故乡石|文化砖|砂岩板|水纹石|城墙石|生态石|乱石|散石|漂流石|条形石|木纹石|海岛石|树皮石|阴影石|面包石,Y
1450,装饰石材及石材制品,天然石材,麻石,装饰石材及石材制品 > 天然石材 > 麻石,3,0.02,2%,STONE_FINISH,装饰石材,公开资料/本地定额,本地校准：石料块料地面墙面损耗 2.0%。,本节点适用,,Y
136,装饰石材及石材制品,人造石材,人造石板材,装饰石材及石材制品 > 人造石材 > 人造石板材,3,0.02,2%,STONE_FINISH,装饰石材,公开资料/本地定额,本地校准：石料块料地面墙面损耗 2.0%。,本节点适用,,Y
1451,装饰石材及石材制品,人造石材,微晶石,装饰石材及石材制品 > 人造石材 > 微晶石,3,0.02,2%,STONE_FINISH,装饰石材,公开资料/本地定额,本地校准：石料块料地面墙面损耗 2.0%。,本节点适用,,Y
1452,装饰石材及石材制品,人造石材,水磨石板,装饰石材及石材制品 > 人造石材 > 水磨石板,3,0.02,2%,STONE_FINISH,装饰石材,公开资料/本地定额,本地校准：石料块料地面墙面损耗 2.0%。,本节点适用,磨板石|水磨石板,Y
1453,装饰石材及石材制品,石材制品及其他,石材加工制品,装饰石材及石材制品 > 石材制品及其他 > 石材加工制品,3,0.02,2%,STONE_FINISH,装饰石材,公开资料/本地定额,本地校准：石料块料地面墙面损耗 2.0%。,本节点适用,彩虹玉|麻石|门槛石|条石|黑石板|琥珀玉|金丝玉|干挂件,Y
1455,装饰石材及石材制品,石材制品及其他,石材养护用品,装饰石材及石材制品 > 石材制品及其他 > 石材养护用品,3,0.02,2%,STONE_FINISH,装饰石材,公开资料/本地定额,本地校准：石料块料地面墙面损耗 2.0%。,本节点适用,防护剂|浓缩液|养护液|保护剂,Y
46,墙面、天棚及屋面饰面材料,金属装饰板,铝装饰板,墙面、天棚及屋面饰面材料 > 金属装饰板 > 铝装饰板,3,0.03,3%,METAL_GENERAL,金属材料,公开资料/本地定额,一般金属材料存在切割、加工、搬运损耗，取 3.0%。,本节点适用,方板|条型板|勾搭板|铝鎂板|铝条板|条扣|穿孔板|蜂窝板,Y
1456,墙面、天棚及屋面饰面材料,金属装饰板,不锈钢装饰板,墙面、天棚及屋面饰面材料 > 金属装饰板 > 不锈钢装饰板,3,0.03,3%,METAL_GENERAL,金属材料,公开资料/本地定额,一般金属材料存在切割、加工、搬运损耗，取 3.0%。,本节点适用,,Y
131,墙面、天棚及屋面饰面材料,金属装饰板,其它金属装饰板,墙面、天棚及屋面饰面材料 > 金属装饰板 > 其它金属装饰板,3,0.03,3%,METAL_GENERAL,金属材料,公开资料/本地定额,一般金属材料存在切割、加工、搬运损耗，取 3.0%。,本节点适用,彩钢板|金属板|彩钢板,Y
1405,墙面、天棚及屋面饰面材料,非金属装饰板,木质装饰板,墙面、天棚及屋面饰面材料 > 非金属装饰板 > 木质装饰板,3,0.03,3%,METAL_GENERAL,金属材料,公开资料/本地定额,一般金属材料存在切割、加工、搬运损耗，取 3.0%。,本节点适用,,Y
51,墙面、天棚及屋面饰面材料,非金属装饰板,石膏板,墙面、天棚及屋面饰面材料 > 非金属装饰板 > 石膏板,3,0.03,3%,METAL_GENERAL,金属材料,公开资料/本地定额,一般金属材料存在切割、加工、搬运损耗，取 3.0%。,本节点适用,孔型板|纸面板,Y
43,墙面、天棚及屋面饰面材料,非金属装饰板,矿物棉装饰板,墙面、天棚及屋面饰面材料 > 非金属装饰板 > 矿物棉装饰板,3,0.03,3%,METAL_GENERAL,金属材料,公开资料/本地定额,一般金属材料存在切割、加工、搬运损耗，取 3.0%。,本节点适用,吊顶板,Y
49,墙面、天棚及屋面饰面材料,非金属装饰板,塑料装饰板,墙面、天棚及屋面饰面材料 > 非金属装饰板 > 塑料装饰板,3,0.03,3%,METAL_GENERAL,金属材料,公开资料/本地定额,一般金属材料存在切割、加工、搬运损耗，取 3.0%。,本节点适用,高分子板|压痕板,Y
1457,墙面、天棚及屋面饰面材料,非金属装饰板,复合装饰板,墙面、天棚及屋面饰面材料 > 非金属装饰板 > 复合装饰板,3,0.03,3%,METAL_GENERAL,金属材料,公开资料/本地定额,一般金属材料存在切割、加工、搬运损耗，取 3.0%。,本节点适用,复铝板|四孔板|长城板|家居板|五孔板|小圆板|圆弧板|波浪板|冲浪板|采光板|百叶板|洁净板|三孔板|栅栏板|峰巢板|玻镁板,Y
236,墙面、天棚及屋面饰面材料,非金属装饰板,纤维水泥装饰板,墙面、天棚及屋面饰面材料 > 非金属装饰板 > 纤维水泥装饰板,3,0.03,3%,METAL_GENERAL,金属材料,公开资料/本地定额,一般金属材料存在切割、加工、搬运损耗，取 3.0%。,本节点适用,加压板|佳美板|水泥板|赛迪板|佳莱板|压力板,Y
1458,墙面、天棚及屋面饰面材料,非金属装饰板,硅酸钙装饰板,墙面、天棚及屋面饰面材料 > 非金属装饰板 > 硅酸钙装饰板,3,0.03,3%,METAL_GENERAL,金属材料,公开资料/本地定额,一般金属材料存在切割、加工、搬运损耗，取 3.0%。,本节点适用,硅酸盐板|硅酸钙静印板|硅钙板,Y
1459,墙面、天棚及屋面饰面材料,非金属装饰板,珍珠岩装饰板,墙面、天棚及屋面饰面材料 > 非金属装饰板 > 珍珠岩装饰板,3,0.03,3%,METAL_GENERAL,金属材料,公开资料/本地定额,一般金属材料存在切割、加工、搬运损耗，取 3.0%。,本节点适用,,Y
48,墙面、天棚及屋面饰面材料,非金属装饰板,竹木装饰板,墙面、天棚及屋面饰面材料 > 非金属装饰板 > 竹木装饰板,3,0.03,3%,METAL_GENERAL,金属材料,公开资料/本地定额,一般金属材料存在切割、加工、搬运损耗，取 3.0%。,本节点适用,生态木板|木板|波浪板|免漆板|多层背板|生态板,Y
1460,墙面、天棚及屋面饰面材料,格栅、格片、挂片,格栅、格片、挂片,墙面、天棚及屋面饰面材料 > 格栅、格片、挂片 > 格栅、格片、挂片,3,0.05,5%,BOARD_CEILING,饰面板/吊顶板,公开资料/本地定额,石膏板、装饰板、吊顶板、格栅等按裁切排版 5.0%。,本节点适用,,Y
45,墙面、天棚及屋面饰面材料,集成吊顶系统,集成吊顶系统,墙面、天棚及屋面饰面材料 > 集成吊顶系统 > 集成吊顶系统,3,0.05,5%,BOARD_CEILING,饰面板/吊顶板,公开资料/本地定额,石膏板、装饰板、吊顶板、格栅等按裁切排版 5.0%。,本节点适用,,Y
52,墙面、天棚及屋面饰面材料,轻质复合板,轻质复合板,墙面、天棚及屋面饰面材料 > 轻质复合板 > 轻质复合板,3,0.05,5%,BOARD_CEILING,饰面板/吊顶板,公开资料/本地定额,石膏板、装饰板、吊顶板、格栅等按裁切排版 5.0%。,本节点适用,隔墙,Y
44,墙面、天棚及屋面饰面材料,装饰隔断,屏风、隔断,墙面、天棚及屋面饰面材料 > 装饰隔断 > 屏风、隔断,3,0.05,5%,BOARD_CEILING,饰面板/吊顶板,公开资料/本地定额,石膏板、装饰板、吊顶板、格栅等按裁切排版 5.0%。,本节点适用,花格|屏风|隔间,Y
128,墙面、天棚及屋面饰面材料,壁纸、壁布,壁纸,墙面、天棚及屋面饰面材料 > 壁纸、壁布 > 壁纸,3,0.05,5%,BOARD_CEILING,饰面板/吊顶板,公开资料/本地定额,石膏板、装饰板、吊顶板、格栅等按裁切排版 5.0%。,本节点适用,墙纸,Y
1461,墙面、天棚及屋面饰面材料,壁纸、壁布,壁布,墙面、天棚及屋面饰面材料 > 壁纸、壁布 > 壁布,3,0.05,5%,BOARD_CEILING,饰面板/吊顶板,公开资料/本地定额,石膏板、装饰板、吊顶板、格栅等按裁切排版 5.0%。,本节点适用,墙布,Y
1462,墙面、天棚及屋面饰面材料,壁纸、壁布,壁画,墙面、天棚及屋面饰面材料 > 壁纸、壁布 > 壁画,3,0.05,5%,BOARD_CEILING,饰面板/吊顶板,公开资料/本地定额,石膏板、装饰板、吊顶板、格栅等按裁切排版 5.0%。,本节点适用,壁画,Y
1464,墙面、天棚及屋面饰面材料,其他装饰板及材料,金、银箔制品,墙面、天棚及屋面饰面材料 > 其他装饰板及材料 > 金、银箔制品,3,0.05,5%,BOARD_CEILING,饰面板/吊顶板,公开资料/本地定额,石膏板、装饰板、吊顶板、格栅等按裁切排版 5.0%。,本节点适用,,Y
54,墙面、天棚及屋面饰面材料,其他装饰板及材料,其他装饰板及材料,墙面、天棚及屋面饰面材料 > 其他装饰板及材料 > 其他装饰板及材料,3,0.05,5%,BOARD_CEILING,饰面板/吊顶板,公开资料/本地定额,石膏板、装饰板、吊顶板、格栅等按裁切排版 5.0%。,本节点适用,,Y
1465,龙骨、龙骨配件,龙骨,轻钢龙骨,龙骨、龙骨配件 > 龙骨 > 轻钢龙骨,3,0.03,3%,KEEL,龙骨及配件,公开资料/本地定额,轻钢/铝合金/木龙骨按下料、搭接和配件损耗 3.0%。,本节点适用,地骨|竖龙|副龙骨|副骨|天地骨|主龙|竖骨|主骨|付骨|l型边角|付龙|穿心骨|边骨,Y
1466,龙骨、龙骨配件,龙骨,型钢龙骨,龙骨、龙骨配件 > 龙骨 > 型钢龙骨,3,0.05,5%,STEEL_STRUCTURAL,型钢/钢构件,公开资料/本地定额,安装工程校准表中型钢常见为 4%~5%，构件加工下料损耗更高，取 5.0%。,本节点适用,主骨|付骨|边骨,Y
1467,龙骨、龙骨配件,龙骨,铝合金龙骨,龙骨、龙骨配件 > 龙骨 > 铝合金龙骨,3,0.03,3%,KEEL,龙骨及配件,公开资料/本地定额,轻钢/铝合金/木龙骨按下料、搭接和配件损耗 3.0%。,本节点适用,,Y
1468,龙骨、龙骨配件,龙骨,木龙骨,龙骨、龙骨配件 > 龙骨 > 木龙骨,3,0.03,3%,KEEL,龙骨及配件,公开资料/本地定额,轻钢/铝合金/木龙骨按下料、搭接和配件损耗 3.0%。,本节点适用,木枋,Y
1469,龙骨、龙骨配件,龙骨,烤漆龙骨,龙骨、龙骨配件 > 龙骨 > 烤漆龙骨,3,0.03,3%,KEEL,龙骨及配件,公开资料/本地定额,轻钢/铝合金/木龙骨按下料、搭接和配件损耗 3.0%。,本节点适用,,Y
1470,龙骨、龙骨配件,龙骨,石膏龙骨,龙骨、龙骨配件 > 龙骨 > 石膏龙骨,3,0.03,3%,SAND_STONE,砂石粉灰土,公开资料/本地定额,砂、石、粉、灰、土等散料按 3.0% 估算。,本节点适用,,Y
1471,龙骨、龙骨配件,龙骨,不锈钢龙骨,龙骨、龙骨配件 > 龙骨 > 不锈钢龙骨,3,0.03,3%,METAL_GENERAL,金属材料,公开资料/本地定额,一般金属材料存在切割、加工、搬运损耗，取 3.0%。,本节点适用,,Y
1472,龙骨、龙骨配件,龙骨配件,轻钢龙骨配件,龙骨、龙骨配件 > 龙骨配件 > 轻钢龙骨配件,3,0.03,3%,KEEL,龙骨及配件,公开资料/本地定额,轻钢/铝合金/木龙骨按下料、搭接和配件损耗 3.0%。,本节点适用,,Y
1473,龙骨、龙骨配件,龙骨配件,铝合金龙骨配件,龙骨、龙骨配件 > 龙骨配件 > 铝合金龙骨配件,3,0.03,3%,KEEL,龙骨及配件,公开资料/本地定额,轻钢/铝合金/木龙骨按下料、搭接和配件损耗 3.0%。,本节点适用,,Y
1474,龙骨、龙骨配件,龙骨配件,其他龙骨配件,龙骨、龙骨配件 > 龙骨配件 > 其他龙骨配件,3,0.03,3%,KEEL,龙骨及配件,公开资料/本地定额,轻钢/铝合金/木龙骨按下料、搭接和配件损耗 3.0%。,本节点适用,中接|护角条|小挂|中吊|中挂|小吊|大接|挂件|调接卡|卡件|接长件|大吊|小接,Y
1475,吸声、抗辐射及无损探伤材料,吸声材料,木质吸音板,吸声、抗辐射及无损探伤材料 > 吸声材料 > 木质吸音板,3,0.05,5%,ACOUSTIC_MATERIAL,吸声/隔声材料,经验估算,吸音板、隔声棉、空间吸声体按裁切、排版、边角料和安装破损 5.0%。,本节点适用,吸音板|扩散体|槽孔板,Y
1476,吸声、抗辐射及无损探伤材料,吸声材料,软木及其制品,吸声、抗辐射及无损探伤材料 > 吸声材料 > 软木及其制品,3,0.05,5%,ACOUSTIC_MATERIAL,吸声/隔声材料,经验估算,吸音板、隔声棉、空间吸声体按裁切、排版、边角料和安装破损 5.0%。,本节点适用,,Y
193,吸声、抗辐射及无损探伤材料,吸声材料,复合吸音板,吸声、抗辐射及无损探伤材料 > 吸声材料 > 复合吸音板,3,0.05,5%,ACOUSTIC_MATERIAL,吸声/隔声材料,经验估算,吸音板、隔声棉、空间吸声体按裁切、排版、边角料和安装破损 5.0%。,本节点适用,吸声板,Y
1477,吸声、抗辐射及无损探伤材料,吸声材料,隔声棉,吸声、抗辐射及无损探伤材料 > 吸声材料 > 隔声棉,3,0.05,5%,ACOUSTIC_MATERIAL,吸声/隔声材料,经验估算,吸音板、隔声棉、空间吸声体按裁切、排版、边角料和安装破损 5.0%。,本节点适用,隔音棉,Y
1478,吸声、抗辐射及无损探伤材料,吸声材料,空间吸声体,吸声、抗辐射及无损探伤材料 > 吸声材料 > 空间吸声体,3,0.05,5%,ACOUSTIC_MATERIAL,吸声/隔声材料,经验估算,吸音板、隔声棉、空间吸声体按裁切、排版、边角料和安装破损 5.0%。,本节点适用,,Y
1479,吸声、抗辐射及无损探伤材料,表面防护材料,表面防护材料,吸声、抗辐射及无损探伤材料 > 表面防护材料 > 表面防护材料,3,0.03,3%,SURFACE_RADIATION_PROTECTION,表面防护/防辐射材料,经验估算,表面防护、防辐射材料缺少公开可比损耗表，暂按板材/片材类综合损耗 3.0%。,本节点适用,,Y
1480,吸声、抗辐射及无损探伤材料,无损探伤材料,无损探伤材料,吸声、抗辐射及无损探伤材料 > 无损探伤材料 > 无损探伤材料,3,0.01,1%,GENERAL_FINISHED_PRODUCT,一般成品件,经验估算,未细分成品件按运输、安装破损和备件 1.0%。,本节点适用,,Y
1481,吸声、抗辐射及无损探伤材料,防辐射材料,防辐射材料,吸声、抗辐射及无损探伤材料 > 防辐射材料 > 防辐射材料,3,0.03,3%,SURFACE_RADIATION_PROTECTION,表面防护/防辐射材料,经验估算,表面防护、防辐射材料缺少公开可比损耗表，暂按板材/片材类综合损耗 3.0%。,本节点适用,,Y
150,门窗及楼梯制品,普通门窗,铝合金门窗,门窗及楼梯制品 > 普通门窗 > 铝合金门窗,3,0.01,1%,DOOR_WINDOW,门窗成品,公开资料/本地定额,门窗、卷帘、楼梯栏杆等成品或半成品按破损备损 1.0%。,本节点适用,断桥铝窗|铝合金窗|铝门|节能窗|百叶窗|双滑门|单滑门|推拉门|玻璃窗|铝型材门|外开窗|复合窗|铝合金门|断桥窗|百页窗|内开门|断桥门|弧形窗|阳台门|内倒窗|隔热窗|外开门|平开门|固定窗|上悬窗|一体窗,Y
149,门窗及楼梯制品,普通门窗,钢门窗,门窗及楼梯制品 > 普通门窗 > 钢门窗,3,0.01,1%,DOOR_WINDOW,门窗成品,公开资料/本地定额,门窗、卷帘、楼梯栏杆等成品或半成品按破损备损 1.0%。,本节点适用,钢门|单板门|压型门|通道门|防火窗,Y
1482,门窗及楼梯制品,普通门窗,彩钢门窗,门窗及楼梯制品 > 普通门窗 > 彩钢门窗,3,0.01,1%,DOOR_WINDOW,门窗成品,公开资料/本地定额,门窗、卷帘、楼梯栏杆等成品或半成品按破损备损 1.0%。,本节点适用,,Y
1483,门窗及楼梯制品,普通门窗,不锈钢门窗,门窗及楼梯制品 > 普通门窗 > 不锈钢门窗,3,0.03,3%,METAL_GENERAL,金属材料,公开资料/本地定额,一般金属材料存在切割、加工、搬运损耗，取 3.0%。,本节点适用,不锈钢花门|玻璃窗|单元门|楼宇门,Y
152,门窗及楼梯制品,普通门窗,木门窗,门窗及楼梯制品 > 普通门窗 > 木门窗,3,0.01,1%,DOOR_WINDOW,门窗成品,公开资料/本地定额,门窗、卷帘、楼梯栏杆等成品或半成品按破损备损 1.0%。,本节点适用,木窗|套装门|木门|贴皮门|面包门|拼接门|拉伸门|浮雕门|免漆门|生态门|烤漆门|木质门|造型门|复合木门|装甲门|平板门|室内门,Y
151,门窗及楼梯制品,普通门窗,塑钢、塑铝门窗,门窗及楼梯制品 > 普通门窗 > 塑钢、塑铝门窗,3,0.01,1%,DOOR_WINDOW,门窗成品,公开资料/本地定额,门窗、卷帘、楼梯栏杆等成品或半成品按破损备损 1.0%。,本节点适用,推拉窗|推拉门|隔断门|塑钢窗|平开门|平开窗,Y
1484,门窗及楼梯制品,普通门窗,铝木门窗,门窗及楼梯制品 > 普通门窗 > 铝木门窗,3,0.01,1%,DOOR_WINDOW,门窗成品,公开资料/本地定额,门窗、卷帘、楼梯栏杆等成品或半成品按破损备损 1.0%。,本节点适用,,Y
1485,门窗及楼梯制品,普通门窗,木塑门窗,门窗及楼梯制品 > 普通门窗 > 木塑门窗,3,0.01,1%,DOOR_WINDOW,门窗成品,公开资料/本地定额,门窗、卷帘、楼梯栏杆等成品或半成品按破损备损 1.0%。,本节点适用,,Y
1486,门窗及楼梯制品,普通门窗,塑料门窗,门窗及楼梯制品 > 普通门窗 > 塑料门窗,3,0.05,5%,RUBBER_PLASTIC_GENERAL,橡胶塑料材料,公开资料/本地定额,塑料/橡胶板、膜、带、制品按裁切和安装损耗 5.0%。,本节点适用,,Y
1487,门窗及楼梯制品,普通门窗,玻璃钢门窗,门窗及楼梯制品 > 普通门窗 > 玻璃钢门窗,3,0.03,3%,GLASS,玻璃及玻璃制品,公开资料/本地定额,玻璃按加工、运输、安装破损 3.0%。,本节点适用,,Y
154,门窗及楼梯制品,普通门窗,全玻门、自动门,门窗及楼梯制品 > 普通门窗 > 全玻门、自动门,3,0.01,1%,DOOR_WINDOW,门窗成品,公开资料/本地定额,门窗、卷帘、楼梯栏杆等成品或半成品按破损备损 1.0%。,本节点适用,自动门|感应门|伸缩门|地弹门,Y
70,门窗及楼梯制品,特种门窗,防火门,门窗及楼梯制品 > 特种门窗 > 防火门,3,0.01,1%,DOOR_WINDOW,门窗成品,公开资料/本地定额,门窗、卷帘、楼梯栏杆等成品或半成品按破损备损 1.0%。,本节点适用,隔热门|管井门,Y
1488,门窗及楼梯制品,特种门窗,防盗门,门窗及楼梯制品 > 特种门窗 > 防盗门,3,0.01,1%,DOOR_WINDOW,门窗成品,公开资料/本地定额,门窗、卷帘、楼梯栏杆等成品或半成品按破损备损 1.0%。,本节点适用,入户门|进户门|安全门,Y
1489,门窗及楼梯制品,特种门窗,保温门,门窗及楼梯制品 > 特种门窗 > 保温门,3,0.05,5%,INSULATION_BOARD,保温绝热材料,公开资料/本地定额,保温板、岩棉、玻璃棉、橡塑等按裁切、拼缝和破损 5.0%。,本节点适用,,Y
1490,门窗及楼梯制品,特种门窗,防辐射门,门窗及楼梯制品 > 特种门窗 > 防辐射门,3,0.03,3%,SURFACE_RADIATION_PROTECTION,表面防护/防辐射材料,经验估算,表面防护、防辐射材料缺少公开可比损耗表，暂按板材/片材类综合损耗 3.0%。,本节点适用,,Y
156,门窗及楼梯制品,特种门窗,其他特种门窗,门窗及楼梯制品 > 特种门窗 > 其他特种门窗,3,0.01,1%,DOOR_WINDOW,门窗成品,公开资料/本地定额,门窗、卷帘、楼梯栏杆等成品或半成品按破损备损 1.0%。,本节点适用,保温门|观察窗|屏蔽门,Y
1491,门窗及楼梯制品,卷帘,防火卷帘,门窗及楼梯制品 > 卷帘 > 防火卷帘,3,0.01,1%,DOOR_WINDOW,门窗成品,公开资料/本地定额,门窗、卷帘、楼梯栏杆等成品或半成品按破损备损 1.0%。,本节点适用,防火卷帘|帘中门,Y
73,门窗及楼梯制品,卷帘,普通卷帘,门窗及楼梯制品 > 卷帘 > 普通卷帘,3,0.01,1%,DOOR_WINDOW,门窗成品,公开资料/本地定额,门窗、卷帘、楼梯栏杆等成品或半成品按破损备损 1.0%。,本节点适用,车库门|卷闸门|快卷门|防盗卷帘|镀锌卷帘|快速门|卷帘|防火帘|防火隔断|卷帘门,Y
1492,门窗及楼梯制品,卷帘,挡烟垂壁,门窗及楼梯制品 > 卷帘 > 挡烟垂壁,3,0.01,1%,DOOR_WINDOW,门窗成品,公开资料/本地定额,门窗、卷帘、楼梯栏杆等成品或半成品按破损备损 1.0%。,本节点适用,,Y
155,门窗及楼梯制品,其他门窗及配件,铁艺门窗,门窗及楼梯制品 > 其他门窗及配件 > 铁艺门窗,3,0.01,1%,DOOR_WINDOW,门窗成品,公开资料/本地定额,门窗、卷帘、楼梯栏杆等成品或半成品按破损备损 1.0%。,本节点适用,,Y
1493,门窗及楼梯制品,其他门窗及配件,纱门、纱窗,门窗及楼梯制品 > 其他门窗及配件 > 纱门、纱窗,3,0.01,1%,DOOR_WINDOW,门窗成品,公开资料/本地定额,门窗、卷帘、楼梯栏杆等成品或半成品按破损备损 1.0%。,本节点适用,纱门|推拉纱窗|纱窗,Y
133,门窗及楼梯制品,其他门窗及配件,门、窗帘及其配件,门窗及楼梯制品 > 其他门窗及配件 > 门、窗帘及其配件,3,0.01,1%,DOOR_WINDOW,门窗成品,公开资料/本地定额,门窗、卷帘、楼梯栏杆等成品或半成品按破损备损 1.0%。,本节点适用,推杆|助推装置|帘面|启闭机组|包厢|按钮盒|导轨|窗轨|释放器|防火包厢|保护装置|温感系统|帘布|吊轮|启动机|卷帘电机|帘片|箱架|探头,Y
102,门窗及楼梯制品,其他门窗及配件,其他门窗,门窗及楼梯制品 > 其他门窗及配件 > 其他门窗,3,0.01,1%,DOOR_WINDOW,门窗成品,公开资料/本地定额,门窗、卷帘、楼梯栏杆等成品或半成品按破损备损 1.0%。,本节点适用,铜门|彩钢板门|滑升门|堆积门,Y
199,门窗及楼梯制品,楼梯及附件,普通楼梯,门窗及楼梯制品 > 楼梯及附件 > 普通楼梯,3,0.01,1%,DOOR_WINDOW,门窗成品,公开资料/本地定额,门窗、卷帘、楼梯栏杆等成品或半成品按破损备损 1.0%。,本节点适用,,Y
1494,门窗及楼梯制品,楼梯及附件,旋转楼梯,门窗及楼梯制品 > 楼梯及附件 > 旋转楼梯,3,0.01,1%,DOOR_WINDOW,门窗成品,公开资料/本地定额,门窗、卷帘、楼梯栏杆等成品或半成品按破损备损 1.0%。,本节点适用,,Y
78,人防工程设备,人防防护设备,人防门,人防工程设备 > 人防防护设备 > 人防门,3,0.01,1%,DOOR_WINDOW,门窗成品,公开资料/本地定额,门窗、卷帘、楼梯栏杆等成品或半成品按破损备损 1.0%。,本节点适用,悬板活门|防护门|活门,Y
1495,人防工程设备,人防防护设备,密闭观察窗,人防工程设备 > 人防防护设备 > 密闭观察窗,3,0.01,1%,DOOR_WINDOW,门窗成品,公开资料/本地定额,门窗、卷帘、楼梯栏杆等成品或半成品按破损备损 1.0%。,本节点适用,,Y
1496,人防工程设备,人防防护设备,人防封堵板,人防工程设备 > 人防防护设备 > 人防封堵板,3,0.0,0%,EQUIPMENT_COMPLETE,成套设备/仪器/家具,口径判断,按台套、件、系统成品采购，施工材料净用量损耗率不适用；采购计算中按 0% 处理。,本节点适用,,Y
1497,人防工程设备,人防防护设备,其他防护设备,人防工程设备 > 人防防护设备 > 其他防护设备,3,0.0,0%,EQUIPMENT_COMPLETE,成套设备/仪器/家具,口径判断,按台套、件、系统成品采购，施工材料净用量损耗率不适用；采购计算中按 0% 处理。,本节点适用,,Y
1498,人防工程设备,人防防化设备,防化报警、监测与控制设备,人防工程设备 > 人防防化设备 > 防化报警、监测与控制设备,3,0.01,1%,FIRE_EQUIPMENT,消防器材,公开资料/本地定额,灭火器、喷头、报警设备等成品按运输安装破损/备件 1.0%。,本节点适用,,Y
1499,人防工程设备,人防防化设备,滤毒与净化设备,人防工程设备 > 人防防化设备 > 滤毒与净化设备,3,0.0,0%,EQUIPMENT_COMPLETE,成套设备/仪器/家具,口径判断,按台套、件、系统成品采购，施工材料净用量损耗率不适用；采购计算中按 0% 处理。,本节点适用,,Y
1500,人防工程设备,人防防化设备,战时通风设备,人防工程设备 > 人防防化设备 > 战时通风设备,3,0.0,0%,EQUIPMENT_COMPLETE,成套设备/仪器/家具,口径判断,按台套、件、系统成品采购，施工材料净用量损耗率不适用；采购计算中按 0% 处理。,本节点适用,,Y
1501,人防工程设备,人防防化设备,其他防化设备,人防工程设备 > 人防防化设备 > 其他防化设备,3,0.0,0%,EQUIPMENT_COMPLETE,成套设备/仪器/家具,口径判断,按台套、件、系统成品采购，施工材料净用量损耗率不适用；采购计算中按 0% 处理。,本节点适用,,Y
1502,人防工程设备,人防阀门及地漏,人防密闭阀,人防工程设备 > 人防阀门及地漏 > 人防密闭阀,3,0.01,1%,VALVE,阀门,公开资料/本地定额,阀门为成品件，通常按台/个采购，施工损耗取 1.0% 的备损控制值。,本节点适用,密闭阀,Y
1503,人防工程设备,人防阀门及地漏,防爆波闸阀,人防工程设备 > 人防阀门及地漏 > 防爆波闸阀,3,0.01,1%,VALVE,阀门,公开资料/本地定额,阀门为成品件，通常按台/个采购，施工损耗取 1.0% 的备损控制值。,本节点适用,防爆波阀|防瀑波阀门|防爆波阀门,Y
1504,人防工程设备,人防阀门及地漏,人防插板阀,人防工程设备 > 人防阀门及地漏 > 人防插板阀,3,0.01,1%,VALVE,阀门,公开资料/本地定额,阀门为成品件，通常按台/个采购，施工损耗取 1.0% 的备损控制值。,本节点适用,插板阀,Y
1505,人防工程设备,人防阀门及地漏,防爆超压排气活门,人防工程设备 > 人防阀门及地漏 > 防爆超压排气活门,3,0.01,1%,VALVE,阀门,公开资料/本地定额,阀门为成品件，通常按台/个采购，施工损耗取 1.0% 的备损控制值。,本节点适用,,Y
1506,人防工程设备,人防阀门及地漏,排气阀门,人防工程设备 > 人防阀门及地漏 > 排气阀门,3,0.01,1%,VALVE,阀门,公开资料/本地定额,阀门为成品件，通常按台/个采购，施工损耗取 1.0% 的备损控制值。,本节点适用,,Y
1507,人防工程设备,人防阀门及地漏,换气堵头,人防工程设备 > 人防阀门及地漏 > 换气堵头,3,0.01,1%,VALVE,阀门,公开资料/本地定额,阀门为成品件，通常按台/个采购，施工损耗取 1.0% 的备损控制值。,本节点适用,,Y
1508,人防工程设备,人防阀门及地漏,防爆地漏,人防工程设备 > 人防阀门及地漏 > 防爆地漏,3,0.01,1%,VALVE,阀门,公开资料/本地定额,阀门为成品件，通常按台/个采购，施工损耗取 1.0% 的备损控制值。,本节点适用,,Y
1509,人防工程设备,人防阀门及地漏,其他人防阀门,人防工程设备 > 人防阀门及地漏 > 其他人防阀门,3,0.01,1%,VALVE,阀门,公开资料/本地定额,阀门为成品件，通常按台/个采购，施工损耗取 1.0% 的备损控制值。,本节点适用,,Y
24,成型构件及加工件,成型构件,钢结构制作件（非装配式）,成型构件及加工件 > 成型构件 > 钢结构制作件（非装配式）,3,0.05,5%,STEEL_STRUCTURAL,型钢/钢构件,公开资料/本地定额,安装工程校准表中型钢常见为 4%~5%，构件加工下料损耗更高，取 5.0%。,本节点适用,对拉杆|抗风架|桥梁板,Y
1510,成型构件及加工件,成型构件,铸铁及铁构件,成型构件及加工件 > 成型构件 > 铸铁及铁构件,3,0.01,1%,GENERAL_FINISHED_PRODUCT,一般成品件,经验估算,未细分成品件按运输、安装破损和备件 1.0%。,本节点适用,,Y
1511,成型构件及加工件,成型构件,压力容器构件,成型构件及加工件 > 成型构件 > 压力容器构件,3,0.01,1%,GENERAL_FINISHED_PRODUCT,一般成品件,经验估算,未细分成品件按运输、安装破损和备件 1.0%。,本节点适用,膨胀罐|气压罐,Y
32,成型构件及加工件,成型构件,水箱,成型构件及加工件 > 成型构件 > 水箱,3,0.01,1%,GENERAL_FINISHED_PRODUCT,一般成品件,经验估算,未细分成品件按运输、安装破损和备件 1.0%。,本节点适用,,Y
1512,成型构件及加工件,成型构件,木质构件,成型构件及加工件 > 成型构件 > 木质构件,3,0.01,1%,GENERAL_FINISHED_PRODUCT,一般成品件,经验估算,未细分成品件按运输、安装破损和备件 1.0%。,本节点适用,,Y
93,成型构件及加工件,成型构件,预制烟囱、烟道,成型构件及加工件 > 成型构件 > 预制烟囱、烟道,3,0.02,2%,CONCRETE_PRODUCTS,混凝土制品/瓦,公开资料/本地定额,成品混凝土制品、瓦类以破损和切割损耗为主，取 2.0%。,本节点适用,排烟气道|气道|排烟道|排气烟道|烟囱|排气道,Y
1513,成型构件及加工件,成型构件,钢楼梯,成型构件及加工件 > 成型构件 > 钢楼梯,3,0.01,1%,DOOR_WINDOW,门窗成品,公开资料/本地定额,门窗、卷帘、楼梯栏杆等成品或半成品按破损备损 1.0%。,本节点适用,,Y
195,成型构件及加工件,成型构件,其他成型制品,成型构件及加工件 > 成型构件 > 其他成型制品,3,0.01,1%,GENERAL_FINISHED_PRODUCT,一般成品件,经验估算,未细分成品件按运输、安装破损和备件 1.0%。,本节点适用,关节梯|地表箱|天平台|消防池|吹塑椅|椅条|折叠梯|铁铝梯|水表箱|字模|升降梯|收集池|山墙板|气瓶柜|除油池|箱模|隔油池|单降梯|四折梯|隔离池|黑板|端盖|铁梯|贮水池|电工梯|伸缩梯|座椅|木梯|试剂架|蜂巢芯|折降梯|板梯|平钢板|表箱|檐板|软绳梯|标本架|人字梯|培养架|廊架|多功能梯|样品车|器皿柜|泛水板,Y
1514,成型构件及加工件,成型加工件,漏斗,成型构件及加工件 > 成型加工件 > 漏斗,3,0.01,1%,GENERAL_FINISHED_PRODUCT,一般成品件,经验估算,未细分成品件按运输、安装破损和备件 1.0%。,本节点适用,,Y
1515,成型构件及加工件,成型加工件,变形缝装置,成型构件及加工件 > 成型加工件 > 变形缝装置,3,0.01,1%,GENERAL_FINISHED_PRODUCT,一般成品件,经验估算,未细分成品件按运输、安装破损和备件 1.0%。,本节点适用,,Y
1516,成型构件及加工件,成型加工件,翻边短管,成型构件及加工件 > 成型加工件 > 翻边短管,3,0.01,1%,GENERAL_FINISHED_PRODUCT,一般成品件,经验估算,未细分成品件按运输、安装破损和备件 1.0%。,本节点适用,,Y
1517,成型构件及加工件,成型加工件,木质加工件,成型构件及加工件 > 成型加工件 > 木质加工件,3,0.01,1%,GENERAL_FINISHED_PRODUCT,一般成品件,经验估算,未细分成品件按运输、安装破损和备件 1.0%。,本节点适用,,Y
1518,成型构件及加工件,成型加工件,机械设备安装用加工件,成型构件及加工件 > 成型加工件 > 机械设备安装用加工件,3,0.0,0%,EQUIPMENT_COMPLETE,成套设备/仪器/家具,口径判断,按台套、件、系统成品采购，施工材料净用量损耗率不适用；采购计算中按 0% 处理。,本节点适用,,Y
1519,成型构件及加工件,成型加工件,装置设备附件,成型构件及加工件 > 成型加工件 > 装置设备附件,3,0.0,0%,EQUIPMENT_COMPLETE,成套设备/仪器/家具,口径判断,按台套、件、系统成品采购，施工材料净用量损耗率不适用；采购计算中按 0% 处理。,本节点适用,,Y
1520,装饰线条、装饰件、栏杆、扶手及其他,装饰线条,木质装饰线条,装饰线条、装饰件、栏杆、扶手及其他 > 装饰线条 > 木质装饰线条,3,0.03,3%,DECOR_LINE,装饰线条/装饰件,公开资料/本地定额,装饰线条、收口件、装饰件按裁切损耗 3.0%。,本节点适用,,Y
1521,装饰线条、装饰件、栏杆、扶手及其他,装饰线条,金属装饰线条,装饰线条、装饰件、栏杆、扶手及其他 > 装饰线条 > 金属装饰线条,3,0.03,3%,METAL_GENERAL,金属材料,公开资料/本地定额,一般金属材料存在切割、加工、搬运损耗，取 3.0%。,本节点适用,,Y
1522,装饰线条、装饰件、栏杆、扶手及其他,装饰线条,石材装饰线条,装饰线条、装饰件、栏杆、扶手及其他 > 装饰线条 > 石材装饰线条,3,0.02,2%,STONE_FINISH,装饰石材,公开资料/本地定额,本地校准：石料块料地面墙面损耗 2.0%。,本节点适用,石材口线|大理石线条,Y
1523,装饰线条、装饰件、栏杆、扶手及其他,装饰线条,石膏装饰线条,装饰线条、装饰件、栏杆、扶手及其他 > 装饰线条 > 石膏装饰线条,3,0.03,3%,SAND_STONE,砂石粉灰土,公开资料/本地定额,砂、石、粉、灰、土等散料按 3.0% 估算。,本节点适用,,Y
1524,装饰线条、装饰件、栏杆、扶手及其他,装饰线条,塑料装饰线条,装饰线条、装饰件、栏杆、扶手及其他 > 装饰线条 > 塑料装饰线条,3,0.05,5%,RUBBER_PLASTIC_GENERAL,橡胶塑料材料,公开资料/本地定额,塑料/橡胶板、膜、带、制品按裁切和安装损耗 5.0%。,本节点适用,苯板条,Y
1525,装饰线条、装饰件、栏杆、扶手及其他,装饰线条,复合材料装饰线条,装饰线条、装饰件、栏杆、扶手及其他 > 装饰线条 > 复合材料装饰线条,3,0.03,3%,DECOR_LINE,装饰线条/装饰件,公开资料/本地定额,装饰线条、收口件、装饰件按裁切损耗 3.0%。,本节点适用,,Y
1526,装饰线条、装饰件、栏杆、扶手及其他,装饰线条,玻璃钢装饰线条,装饰线条、装饰件、栏杆、扶手及其他 > 装饰线条 > 玻璃钢装饰线条,3,0.03,3%,GLASS,玻璃及玻璃制品,公开资料/本地定额,玻璃按加工、运输、安装破损 3.0%。,本节点适用,,Y
1527,装饰线条、装饰件、栏杆、扶手及其他,装饰线条,轻质水泥纤维装饰线条,装饰线条、装饰件、栏杆、扶手及其他 > 装饰线条 > 轻质水泥纤维装饰线条,3,0.02,2%,CEMENT,水泥,公开资料/本地定额,袋装/散装水泥现场转运、计量和散落损耗，取 2.0%。,本节点适用,,Y
207,装饰线条、装饰件、栏杆、扶手及其他,装饰线条,其他装饰线条,装饰线条、装饰件、栏杆、扶手及其他 > 装饰线条 > 其他装饰线条,3,0.03,3%,DECOR_LINE,装饰线条/装饰件,公开资料/本地定额,装饰线条、收口件、装饰件按裁切损耗 3.0%。,本节点适用,线条|边条|阳角线|装饰线条|阴角线|檐线|过门条|石膏线|角线|线脚|收边条|门档线,Y
1528,装饰线条、装饰件、栏杆、扶手及其他,装饰线条,踢脚线,装饰线条、装饰件、栏杆、扶手及其他 > 装饰线条 > 踢脚线,3,0.03,3%,DECOR_LINE,装饰线条/装饰件,公开资料/本地定额,装饰线条、收口件、装饰件按裁切损耗 3.0%。,本节点适用,踢脚线|踢脚|踢脚板,Y
74,装饰线条、装饰件、栏杆、扶手及其他,装饰栏杆及扶手,栏杆、栏板,装饰线条、装饰件、栏杆、扶手及其他 > 装饰栏杆及扶手 > 栏杆、栏板,3,0.01,1%,DOOR_WINDOW,门窗成品,公开资料/本地定额,门窗、卷帘、楼梯栏杆等成品或半成品按破损备损 1.0%。,本节点适用,栏杆|花瓶栏杆|栏板|竖栏|栅栏杆,Y
1529,装饰线条、装饰件、栏杆、扶手及其他,装饰栏杆及扶手,扶手,装饰线条、装饰件、栏杆、扶手及其他 > 装饰栏杆及扶手 > 扶手,3,0.01,1%,DOOR_WINDOW,门窗成品,公开资料/本地定额,门窗、卷帘、楼梯栏杆等成品或半成品按破损备损 1.0%。,本节点适用,立柱,Y
145,装饰线条、装饰件、栏杆、扶手及其他,其他装饰材料,广告图文,装饰线条、装饰件、栏杆、扶手及其他 > 其他装饰材料 > 广告图文,3,0.03,3%,OTHER_MATERIAL_LOW_CONF,其他材料,经验估算,未命中细分规则的材料按通用采购损耗 3.0%，需要后续用企业历史采购数据校准。,本节点适用,镀钛字|大字|精品字|字壳|不锈钢牌|铜牌|铁皮字|钛金牌|发光壳|玫瑰金字|红光造字|黄铜牌,Y
1530,装饰线条、装饰件、栏杆、扶手及其他,其他装饰材料,装饰件,装饰线条、装饰件、栏杆、扶手及其他 > 其他装饰材料 > 装饰件,3,0.03,3%,DECOR_LINE,装饰线条/装饰件,公开资料/本地定额,装饰线条、收口件、装饰件按裁切损耗 3.0%。,本节点适用,柱头|假梁|墙画|装饰柱,Y
1531,装饰线条、装饰件、栏杆、扶手及其他,其他装饰材料,艺术装饰制品,装饰线条、装饰件、栏杆、扶手及其他 > 其他装饰材料 > 艺术装饰制品,3,0.01,1%,GENERAL_FINISHED_PRODUCT,一般成品件,经验估算,未细分成品件按运输、安装破损和备件 1.0%。,本节点适用,浮雕|通款|山花,Y
50,装饰线条、装饰件、栏杆、扶手及其他,其他装饰材料,其他装饰材料,装饰线条、装饰件、栏杆、扶手及其他 > 其他装饰材料 > 其他装饰材料,3,0.03,3%,OTHER_MATERIAL_LOW_CONF,其他材料,经验估算,未命中细分规则的材料按通用采购损耗 3.0%，需要后续用企业历史采购数据校准。,本节点适用,暖气罩,Y
1797,装饰线条、装饰件、栏杆、扶手及其他,其他装饰材料,号牌、铭牌,装饰线条、装饰件、栏杆、扶手及其他 > 其他装饰材料 > 号牌、铭牌,3,0.03,3%,OTHER_MATERIAL_LOW_CONF,其他材料,经验估算,未命中细分规则的材料按通用采购损耗 3.0%，需要后续用企业历史采购数据校准。,本节点适用,电梯牌|楼梯牌,Y
1532,油品、化工原料及胶粘材料,化工油品,油料,油品、化工原料及胶粘材料 > 化工油品 > 油料,3,0.03,3%,CHEMICAL_OIL,油品/化工原料,公开资料/本地定额,油品、化工原料按容器残留、配制和现场损耗 3.0%。,本节点适用,,Y
1533,油品、化工原料及胶粘材料,化工油品,燃料油,油品、化工原料及胶粘材料 > 化工油品 > 燃料油,3,0.03,3%,CHEMICAL_OIL,油品/化工原料,公开资料/本地定额,油品、化工原料按容器残留、配制和现场损耗 3.0%。,本节点适用,,Y
1534,油品、化工原料及胶粘材料,化工油品,溶剂油、绝缘油,油品、化工原料及胶粘材料 > 化工油品 > 溶剂油、绝缘油,3,0.02,2%,ELECTRICAL_ACCESSORY,电气附件,公开资料/本地定额,开关、插座、接线端子、绝缘、防雷接地等附件按 2.0%。,本节点适用,,Y
1535,油品、化工原料及胶粘材料,化工油品,润滑油,油品、化工原料及胶粘材料 > 化工油品 > 润滑油,3,0.03,3%,CHEMICAL_OIL,油品/化工原料,公开资料/本地定额,油品、化工原料按容器残留、配制和现场损耗 3.0%。,本节点适用,切割液|柴机油|锂基脂|汽轮机油|排挡液|蜗杆油|汽机油|齿轮脂|白油|高温脂|乳化油|真空泵油|两用油|制动液|不冻液|机油,Y
1536,油品、化工原料及胶粘材料,化工油品,润滑脂、蜡,油品、化工原料及胶粘材料 > 化工油品 > 润滑脂、蜡,3,0.03,3%,CHEMICAL_OIL,油品/化工原料,公开资料/本地定额,油品、化工原料按容器残留、配制和现场损耗 3.0%。,本节点适用,润滑脂|密封脂|滑脂,Y
167,油品、化工原料及胶粘材料,化工油品,其他油品,油品、化工原料及胶粘材料 > 化工油品 > 其他油品,3,0.03,3%,CHEMICAL_OIL,油品/化工原料,公开资料/本地定额,油品、化工原料按容器残留、配制和现场损耗 3.0%。,本节点适用,助力油,Y
1537,油品、化工原料及胶粘材料,化工原料,树脂,油品、化工原料及胶粘材料 > 化工原料 > 树脂,3,0.03,3%,CHEMICAL_OIL,油品/化工原料,公开资料/本地定额,油品、化工原料按容器残留、配制和现场损耗 3.0%。,本节点适用,,Y
1538,油品、化工原料及胶粘材料,化工原料,颜料,油品、化工原料及胶粘材料 > 化工原料 > 颜料,3,0.03,3%,CHEMICAL_OIL,油品/化工原料,公开资料/本地定额,油品、化工原料按容器残留、配制和现场损耗 3.0%。,本节点适用,醇酸铝粉|铁红粉,Y
1539,油品、化工原料及胶粘材料,化工原料,工业气体,油品、化工原料及胶粘材料 > 化工原料 > 工业气体,3,0.03,3%,CHEMICAL_OIL,油品/化工原料,公开资料/本地定额,油品、化工原料按容器残留、配制和现场损耗 3.0%。,本节点适用,,Y
1540,油品、化工原料及胶粘材料,化工原料,无机化工原料,油品、化工原料及胶粘材料 > 化工原料 > 无机化工原料,3,0.03,3%,CHEMICAL_OIL,油品/化工原料,公开资料/本地定额,油品、化工原料按容器残留、配制和现场损耗 3.0%。,本节点适用,次亚硫酸钠|偏重亚硫酸钠|过碘酸钠|高硫酸钠|无水硼酸钠|多聚磷酸钠|偏磷酸钠|磷酸三钠|无水磷酸氢二钠|碳酸氢钠|高氯酸钠|无水碳酸钾钠|重亚硫酸钠|片碱|四硼酸钠|无水磷酸二氢钠|稀盐酸|无水焦磷酸钠|氯化铝|偏硼酸钠|无水硫代硫酸钠|四苯硼酸钠|亚硒酸钠,Y
168,油品、化工原料及胶粘材料,化工原料,有机化工原料,油品、化工原料及胶粘材料 > 化工原料 > 有机化工原料,3,0.03,3%,CHEMICAL_OIL,油品/化工原料,公开资料/本地定额,油品、化工原料按容器残留、配制和现场损耗 3.0%。,本节点适用,,Y
1541,油品、化工原料及胶粘材料,化工原料,化工剂类,油品、化工原料及胶粘材料 > 化工原料 > 化工剂类,3,0.03,3%,CHEMICAL_OIL,油品/化工原料,公开资料/本地定额,油品、化工原料按容器残留、配制和现场损耗 3.0%。,本节点适用,防霉剂|硅化剂|消泡剂|养护剂|硬化剂|阻燃剂|透明剂|染色剂|清洗剂|清新剂|促进剂|灭藻剂|空气清新剂|擦色剂|洗板水,Y
1542,油品、化工原料及胶粘材料,化工原料,化工填料,油品、化工原料及胶粘材料 > 化工原料 > 化工填料,3,0.03,3%,CHEMICAL_OIL,油品/化工原料,公开资料/本地定额,油品、化工原料按容器残留、配制和现场损耗 3.0%。,本节点适用,,Y
134,油品、化工原料及胶粘材料,胶粘材料,胶粘剂,油品、化工原料及胶粘材料 > 胶粘材料 > 胶粘剂,3,0.05,5%,SEALING_STOP_WATER,止水/密封材料,公开资料/本地定额,止水带、密封胶、嵌缝材料按切断、搭接和胶料残留 5.0%。,本节点适用,界面剂|杂色胶|墙锢|基膜|壁纸胶|地板胶|粘贴剂|免钉胶|红胶|陶瓷砖|粘得牢胶|净味宝|墙基胶|大理石胶|丁基胶|工程袋|修补剂|密封胶|面胶|免垫胶|粘碳胶|补缝胶|浸渍胶|505胶|结构胶|白乳胶|聚氨酯胶|3m胶|专用胶|热熔胶|玻璃胶|玻化砖粘剂|龙林胶|黏着剂|打底胶|502胶|粘粘剂|JS纯胶|粘胶|抹面胶|锚固胶|环保胶|胶合剂|底胶|真瓷胶|粘砖王|浇注料|石材胶|ab胶|拼缝胶|背胶|中性胶|瓷砖粘接剂胶|干挂胶|防霉胶|银沙|中空胶|修补胶|胶黏剂|调色胶|瓷化剂|抛光砖胶|粉胶|粘贴胶|封口胶|增强胶|粘接胶|华千胶|108胶|补缝王|胶粘粉,Y
169,油品、化工原料及胶粘材料,胶粘材料,胶粘制品,油品、化工原料及胶粘材料 > 胶粘材料 > 胶粘制品,3,0.05,5%,SEALING_STOP_WATER,止水/密封材料,公开资料/本地定额,止水带、密封胶、嵌缝材料按切断、搭接和胶料残留 5.0%。,本节点适用,粘接胶水|封口腔带|粘胶带|双面贴|纸带|缠绕带|透明胶带|传送带胶|自粘带|自粘胶带|加强胶|胶粘带|橡色带|捆扎带|黄蜡带|排水胶|双面胶,Y
1543,洁具及燃气器具,卫浴洁具,浴缸、浴盘,洁具及燃气器具 > 卫浴洁具 > 浴缸、浴盘,3,0.01,1%,SANITARY_FIXTURE,洁具/燃气器具,经验估算,洁具、燃气器具为成品采购，取 1.0% 备损。,本节点适用,独立式缸|按摩缸|龙头缸|铸铁缸|裙缸|钢板缸,Y
1544,洁具及燃气器具,卫浴洁具,净身盆、器（妇洗盆）,洁具及燃气器具 > 卫浴洁具 > 净身盆、器（妇洗盆）,3,0.01,1%,SANITARY_FIXTURE,洁具/燃气器具,经验估算,洁具、燃气器具为成品采购，取 1.0% 备损。,本节点适用,妇洗器|净身器|净身盆,Y
1545,洁具及燃气器具,卫浴洁具,台盆（洗脸盆、洗手盆）,洁具及燃气器具 > 卫浴洁具 > 台盆（洗脸盆、洗手盆）,3,0.01,1%,SANITARY_FIXTURE,洁具/燃气器具,经验估算,洁具、燃气器具为成品采购，取 1.0% 备损。,本节点适用,洗面盆|角盆|挂盆|台上盆|立盆|台面盆|底盆|台下盆|立柱盆|面盆|陶瓷盆|半柱盆|柜盆,Y
1546,洁具及燃气器具,卫浴洁具,洗发盆（洗头槽）,洁具及燃气器具 > 卫浴洁具 > 洗发盆（洗头槽）,3,0.01,1%,SANITARY_FIXTURE,洁具/燃气器具,经验估算,洁具、燃气器具为成品采购，取 1.0% 备损。,本节点适用,洗发盆,Y
1547,洁具及燃气器具,卫浴洁具,蹲便器,洁具及燃气器具 > 卫浴洁具 > 蹲便器,3,0.01,1%,SANITARY_FIXTURE,洁具/燃气器具,经验估算,洁具、燃气器具为成品采购，取 1.0% 备损。,本节点适用,蹲厕,Y
1548,洁具及燃气器具,卫浴洁具,座便器,洁具及燃气器具 > 卫浴洁具 > 座便器,3,0.01,1%,SANITARY_FIXTURE,洁具/燃气器具,经验估算,洁具、燃气器具为成品采购，取 1.0% 备损。,本节点适用,坐便器|座厕|马桶,Y
1549,洁具及燃气器具,卫浴洁具,小便器,洁具及燃气器具 > 卫浴洁具 > 小便器,3,0.01,1%,SANITARY_FIXTURE,洁具/燃气器具,经验估算,洁具、燃气器具为成品采购，取 1.0% 备损。,本节点适用,小便斗,Y
1550,洁具及燃气器具,卫浴洁具,淋浴间（房）、淋浴屏,洁具及燃气器具 > 卫浴洁具 > 淋浴间（房）、淋浴屏,3,0.01,1%,SANITARY_FIXTURE,洁具/燃气器具,经验估算,洁具、燃气器具为成品采购，取 1.0% 备损。,本节点适用,淋浴屏|淋浴房|淋浴屏风,Y
1551,洁具及燃气器具,卫浴洁具,蒸汽房、桑拿房,洁具及燃气器具 > 卫浴洁具 > 蒸汽房、桑拿房,3,0.01,1%,SANITARY_FIXTURE,洁具/燃气器具,经验估算,洁具、燃气器具为成品采购，取 1.0% 备损。,本节点适用,蒸汽房,Y
1552,洁具及燃气器具,洗涤类洁具,水槽,洁具及燃气器具 > 洗涤类洁具 > 水槽,3,0.01,1%,SANITARY_FIXTURE,洁具/燃气器具,经验估算,洁具、燃气器具为成品采购，取 1.0% 备损。,本节点适用,,Y
1553,洁具及燃气器具,洗涤类洁具,洗涤盆、化验盆,洁具及燃气器具 > 洗涤类洁具 > 洗涤盆、化验盆,3,0.01,1%,SANITARY_FIXTURE,洁具/燃气器具,经验估算,洁具、燃气器具为成品采购，取 1.0% 备损。,本节点适用,碗盆|厨盆|槽盆|洗菜盆|水槽|单槽|手工槽|洗碗盆|双槽|拖把盆|拖布池,Y
1554,洁具及燃气器具,卫浴家具、电器,化妆台、化妆镜,洁具及燃气器具 > 卫浴家具、电器 > 化妆台、化妆镜,3,0.01,1%,SANITARY_FIXTURE,洁具/燃气器具,经验估算,洁具、燃气器具为成品采购，取 1.0% 备损。,本节点适用,化妆台|化妆柜|浴室镜|梳洗柜|防雾镜|妆镜|重叠镜|化装镜|妆台,Y
1555,洁具及燃气器具,卫浴家具、电器,浴室家具,洁具及燃气器具 > 卫浴家具、电器 > 浴室家具,3,0.01,1%,SANITARY_FIXTURE,洁具/燃气器具,经验估算,洁具、燃气器具为成品采购，取 1.0% 备损。,本节点适用,脸盆柜|高边柜|收纳柜|转柜|奥拓桑托室柜,Y
1556,洁具及燃气器具,卫浴家具、电器,卫生洁具用水箱,洁具及燃气器具 > 卫浴家具、电器 > 卫生洁具用水箱,3,0.01,1%,SANITARY_FIXTURE,洁具/燃气器具,经验估算,洁具、燃气器具为成品采购，取 1.0% 备损。,本节点适用,,Y
1557,洁具及燃气器具,卫浴家具、电器,卫浴小电器,洁具及燃气器具 > 卫浴家具、电器 > 卫浴小电器,3,0.01,1%,SANITARY_FIXTURE,洁具/燃气器具,经验估算,洁具、燃气器具为成品采购，取 1.0% 备损。,本节点适用,干手机|干手器|烘手器|烘手机|喷雾器,Y
1558,洁具及燃气器具,卫浴家具、电器,喷香机、给皂器,洁具及燃气器具 > 卫浴家具、电器 > 喷香机、给皂器,3,0.01,1%,SANITARY_FIXTURE,洁具/燃气器具,经验估算,洁具、燃气器具为成品采购，取 1.0% 备损。,本节点适用,给皂器|给皂机,Y
1559,洁具及燃气器具,卫浴家具、电器,消毒器、消毒锅,洁具及燃气器具 > 卫浴家具、电器 > 消毒器、消毒锅,3,0.01,1%,SANITARY_FIXTURE,洁具/燃气器具,经验估算,洁具、燃气器具为成品采购，取 1.0% 备损。,本节点适用,,Y
1560,洁具及燃气器具,燃气器具,调压装置,洁具及燃气器具 > 燃气器具 > 调压装置,3,0.01,1%,SANITARY_FIXTURE,洁具/燃气器具,经验估算,洁具、燃气器具为成品采购，取 1.0% 备损。,本节点适用,,Y
1561,洁具及燃气器具,燃气器具,燃气管道专用附件,洁具及燃气器具 > 燃气器具 > 燃气管道专用附件,3,0.03,3%,PIPE_GENERAL,一般管材,公开资料/本地定额,未细分材质的管材按通用管材管件 3.0%。,本节点适用,,Y
1562,洁具及燃气器具,燃气器具,其他燃气器具,洁具及燃气器具 > 燃气器具 > 其他燃气器具,3,0.01,1%,SANITARY_FIXTURE,洁具/燃气器具,经验估算,洁具、燃气器具为成品采购，取 1.0% 备损。,本节点适用,凝水缸,Y
1563,洁具及燃气器具,其他洁具及器具,厨用隔油器,洁具及燃气器具 > 其他洁具及器具 > 厨用隔油器,3,0.01,1%,SANITARY_FIXTURE,洁具/燃气器具,经验估算,洁具、燃气器具为成品采购，取 1.0% 备损。,本节点适用,,Y
1564,洁具及燃气器具,其他洁具及器具,饮水器,洁具及燃气器具 > 其他洁具及器具 > 饮水器,3,0.01,1%,SANITARY_FIXTURE,洁具/燃气器具,经验估算,洁具、燃气器具为成品采购，取 1.0% 备损。,本节点适用,饮水机|饮水设备|纯水机,Y
1565,洁具及燃气器具,其他洁具及器具,抽水缸（凝水器）,洁具及燃气器具 > 其他洁具及器具 > 抽水缸（凝水器）,3,0.01,1%,SANITARY_FIXTURE,洁具/燃气器具,经验估算,洁具、燃气器具为成品采购，取 1.0% 备损。,本节点适用,,Y
35,洁具及燃气器具,其他洁具及器具,其他卫生洁具,洁具及燃气器具 > 其他洁具及器具 > 其他卫生洁具,3,0.01,1%,SANITARY_FIXTURE,洁具/燃气器具,经验估算,洁具、燃气器具为成品采购，取 1.0% 备损。,本节点适用,辅助器|护理台,Y
1566,水暖器材及热水、采暖锅炉设备,散热器,铸铁散热器,水暖器材及热水、采暖锅炉设备 > 散热器 > 铸铁散热器,3,0.0,0%,EQUIPMENT_COMPLETE,成套设备/仪器/家具,口径判断,按台套、件、系统成品采购，施工材料净用量损耗率不适用；采购计算中按 0% 处理。,本节点适用,,Y
1567,水暖器材及热水、采暖锅炉设备,散热器,钢制散热器,水暖器材及热水、采暖锅炉设备 > 散热器 > 钢制散热器,3,0.0,0%,EQUIPMENT_COMPLETE,成套设备/仪器/家具,口径判断,按台套、件、系统成品采购，施工材料净用量损耗率不适用；采购计算中按 0% 处理。,本节点适用,,Y
1568,水暖器材及热水、采暖锅炉设备,散热器,铝及铝合金散热器,水暖器材及热水、采暖锅炉设备 > 散热器 > 铝及铝合金散热器,3,0.0,0%,EQUIPMENT_COMPLETE,成套设备/仪器/家具,口径判断,按台套、件、系统成品采购，施工材料净用量损耗率不适用；采购计算中按 0% 处理。,本节点适用,,Y
1569,水暖器材及热水、采暖锅炉设备,散热器,铜及复合散热器,水暖器材及热水、采暖锅炉设备 > 散热器 > 铜及复合散热器,3,0.0,0%,EQUIPMENT_COMPLETE,成套设备/仪器/家具,口径判断,按台套、件、系统成品采购，施工材料净用量损耗率不适用；采购计算中按 0% 处理。,本节点适用,,Y
1570,水暖器材及热水、采暖锅炉设备,散热器,散热器专用配件,水暖器材及热水、采暖锅炉设备 > 散热器 > 散热器专用配件,3,0.0,0%,EQUIPMENT_COMPLETE,成套设备/仪器/家具,口径判断,按台套、件、系统成品采购，施工材料净用量损耗率不适用；采购计算中按 0% 处理。,本节点适用,,Y
1571,水暖器材及热水、采暖锅炉设备,散热器,散热器温控阀,水暖器材及热水、采暖锅炉设备 > 散热器 > 散热器温控阀,3,0.01,1%,VALVE,阀门,公开资料/本地定额,阀门为成品件，通常按台/个采购，施工损耗取 1.0% 的备损控制值。,本节点适用,混合阀|泄流阀|温控阀|补水阀|回水阀,Y
1572,水暖器材及热水、采暖锅炉设备,散热器,其他散热器,水暖器材及热水、采暖锅炉设备 > 散热器 > 其他散热器,3,0.0,0%,EQUIPMENT_COMPLETE,成套设备/仪器/家具,口径判断,按台套、件、系统成品采购，施工材料净用量损耗率不适用；采购计算中按 0% 处理。,本节点适用,柱翼|暖气片|散热片|散热器|采暖片|钢二柱|背篓,Y
1573,水暖器材及热水、采暖锅炉设备,水暖器材及设备,地暖分、集水器,水暖器材及热水、采暖锅炉设备 > 水暖器材及设备 > 地暖分、集水器,3,0.0,0%,EQUIPMENT_COMPLETE,成套设备/仪器/家具,口径判断,按台套、件、系统成品采购，施工材料净用量损耗率不适用；采购计算中按 0% 处理。,本节点适用,分集水器|集分水器,Y
1574,水暖器材及热水、采暖锅炉设备,水暖器材及设备,集气罐,水暖器材及热水、采暖锅炉设备 > 水暖器材及设备 > 集气罐,3,0.0,0%,EQUIPMENT_COMPLETE,成套设备/仪器/家具,口径判断,按台套、件、系统成品采购，施工材料净用量损耗率不适用；采购计算中按 0% 处理。,本节点适用,储气罐,Y
1575,水暖器材及热水、采暖锅炉设备,水暖器材及设备,集热器,水暖器材及热水、采暖锅炉设备 > 水暖器材及设备 > 集热器,3,0.0,0%,EQUIPMENT_COMPLETE,成套设备/仪器/家具,口径判断,按台套、件、系统成品采购，施工材料净用量损耗率不适用；采购计算中按 0% 处理。,本节点适用,联集管,Y
1576,水暖器材及热水、采暖锅炉设备,水暖器材及设备,除污器,水暖器材及热水、采暖锅炉设备 > 水暖器材及设备 > 除污器,3,0.0,0%,EQUIPMENT_COMPLETE,成套设备/仪器/家具,口径判断,按台套、件、系统成品采购，施工材料净用量损耗率不适用；采购计算中按 0% 处理。,本节点适用,,Y
1577,水暖器材及热水、采暖锅炉设备,水暖器材及设备,膨胀水箱,水暖器材及热水、采暖锅炉设备 > 水暖器材及设备 > 膨胀水箱,3,0.0,0%,EQUIPMENT_COMPLETE,成套设备/仪器/家具,口径判断,按台套、件、系统成品采购，施工材料净用量损耗率不适用；采购计算中按 0% 处理。,本节点适用,,Y
1578,水暖器材及热水、采暖锅炉设备,水暖器材及设备,水锤吸纳器,水暖器材及热水、采暖锅炉设备 > 水暖器材及设备 > 水锤吸纳器,3,0.0,0%,EQUIPMENT_COMPLETE,成套设备/仪器/家具,口径判断,按台套、件、系统成品采购，施工材料净用量损耗率不适用；采购计算中按 0% 处理。,本节点适用,吸纳器,Y
1579,水暖器材及热水、采暖锅炉设备,水暖器材及设备,汽水集配器,水暖器材及热水、采暖锅炉设备 > 水暖器材及设备 > 汽水集配器,3,0.0,0%,EQUIPMENT_COMPLETE,成套设备/仪器/家具,口径判断,按台套、件、系统成品采购，施工材料净用量损耗率不适用；采购计算中按 0% 处理。,本节点适用,,Y
66,水暖器材及热水、采暖锅炉设备,水暖器材及设备,其他水暖器材及设备,水暖器材及热水、采暖锅炉设备 > 水暖器材及设备 > 其他水暖器材及设备,3,0.0,0%,EQUIPMENT_COMPLETE,成套设备/仪器/家具,口径判断,按台套、件、系统成品采购，施工材料净用量损耗率不适用；采购计算中按 0% 处理。,本节点适用,防火软接|加热器|回收装置|采暖器|浴霸|水罐,Y
1580,水暖器材及热水、采暖锅炉设备,热水、采暖设备,热水器、开水炉,水暖器材及热水、采暖锅炉设备 > 热水、采暖设备 > 热水器、开水炉,3,0.0,0%,EQUIPMENT_COMPLETE,成套设备/仪器/家具,口径判断,按台套、件、系统成品采购，施工材料净用量损耗率不适用；采购计算中按 0% 处理。,本节点适用,开水炉|热水器|热水机,Y
1581,水暖器材及热水、采暖锅炉设备,热水、采暖设备,沸水器,水暖器材及热水、采暖锅炉设备 > 热水、采暖设备 > 沸水器,3,0.0,0%,EQUIPMENT_COMPLETE,成套设备/仪器/家具,口径判断,按台套、件、系统成品采购，施工材料净用量损耗率不适用；采购计算中按 0% 处理。,本节点适用,,Y
1582,水暖器材及热水、采暖锅炉设备,热水、采暖设备,热交换器,水暖器材及热水、采暖锅炉设备 > 热水、采暖设备 > 热交换器,3,0.0,0%,EQUIPMENT_COMPLETE,成套设备/仪器/家具,口径判断,按台套、件、系统成品采购，施工材料净用量损耗率不适用；采购计算中按 0% 处理。,本节点适用,冷却器|换热站|换热机组|全热交换器|交换器|空气交换器,Y
1583,水暖器材及热水、采暖锅炉设备,热水、采暖设备,采暖炉,水暖器材及热水、采暖锅炉设备 > 热水、采暖设备 > 采暖炉,3,0.0,0%,EQUIPMENT_COMPLETE,成套设备/仪器/家具,口径判断,按台套、件、系统成品采购，施工材料净用量损耗率不适用；采购计算中按 0% 处理。,本节点适用,两用炉,Y
1584,水暖器材及热水、采暖锅炉设备,热水、采暖设备,浴霸,水暖器材及热水、采暖锅炉设备 > 热水、采暖设备 > 浴霸,3,0.0,0%,EQUIPMENT_COMPLETE,成套设备/仪器/家具,口径判断,按台套、件、系统成品采购，施工材料净用量损耗率不适用；采购计算中按 0% 处理。,本节点适用,,Y
1585,水暖器材及热水、采暖锅炉设备,热水、采暖设备,其他热水、采暖设备,水暖器材及热水、采暖锅炉设备 > 热水、采暖设备 > 其他热水、采暖设备,3,0.0,0%,EQUIPMENT_COMPLETE,成套设备/仪器/家具,口径判断,按台套、件、系统成品采购，施工材料净用量损耗率不适用；采购计算中按 0% 处理。,本节点适用,,Y
1586,水暖器材及热水、采暖锅炉设备,锅炉设备,锅炉,水暖器材及热水、采暖锅炉设备 > 锅炉设备 > 锅炉,3,0.0,0%,EQUIPMENT_COMPLETE,成套设备/仪器/家具,口径判断,按台套、件、系统成品采购，施工材料净用量损耗率不适用；采购计算中按 0% 处理。,本节点适用,煤造气炉|热水炉|蒸汽锅炉|燃气锅炉|煤炉|蒸汽炉|热水锅炉,Y
1587,水暖器材及热水、采暖锅炉设备,锅炉设备,其他锅炉设备,水暖器材及热水、采暖锅炉设备 > 锅炉设备 > 其他锅炉设备,3,0.0,0%,EQUIPMENT_COMPLETE,成套设备/仪器/家具,口径判断,按台套、件、系统成品采购，施工材料净用量损耗率不适用；采购计算中按 0% 处理。,本节点适用,热风炉|导热油炉|电锅炉,Y
1588,通风空调设备,空调设备,分散式空调系统（空调器）,通风空调设备 > 空调设备 > 分散式空调系统（空调器）,3,0.0,0%,EQUIPMENT_COMPLETE,成套设备/仪器/家具,口径判断,按台套、件、系统成品采购，施工材料净用量损耗率不适用；采购计算中按 0% 处理。,本节点适用,风管机|嵌入机|多联组合机|多联机组|多联主机|嵌入式内机|组合机|多联机|内机|空调|空调机组,Y
219,通风空调设备,空调设备,集中式空调系统（中央空调）,通风空调设备 > 空调设备 > 集中式空调系统（中央空调）,3,0.0,0%,EQUIPMENT_COMPLETE,成套设备/仪器/家具,口径判断,按台套、件、系统成品采购，施工材料净用量损耗率不适用；采购计算中按 0% 处理。,本节点适用,恒湿机,Y
1589,通风空调设备,空调末端设备,新风机组,通风空调设备 > 空调末端设备 > 新风机组,3,0.0,0%,EQUIPMENT_COMPLETE,成套设备/仪器/家具,口径判断,按台套、件、系统成品采购，施工材料净用量损耗率不适用；采购计算中按 0% 处理。,本节点适用,新风交换机组|换气机|处理机组|新风系统|空气处理机组|新风机,Y
1590,通风空调设备,空调末端设备,风机盘管,通风空调设备 > 空调末端设备 > 风机盘管,3,0.0,0%,EQUIPMENT_COMPLETE,成套设备/仪器/家具,口径判断,按台套、件、系统成品采购，施工材料净用量损耗率不适用；采购计算中按 0% 处理。,本节点适用,斜盘管|风机盘管机组,Y
1591,通风空调设备,空调末端设备,诱导器,通风空调设备 > 空调末端设备 > 诱导器,3,0.0,0%,EQUIPMENT_COMPLETE,成套设备/仪器/家具,口径判断,按台套、件、系统成品采购，施工材料净用量损耗率不适用；采购计算中按 0% 处理。,本节点适用,,Y
1592,通风空调设备,空调末端设备,空气幕,通风空调设备 > 空调末端设备 > 空气幕,3,0.0,0%,EQUIPMENT_COMPLETE,成套设备/仪器/家具,口径判断,按台套、件、系统成品采购，施工材料净用量损耗率不适用；采购计算中按 0% 处理。,本节点适用,热幕机|风幕扇|风幕机|热风幕,Y
80,通风空调设备,空调末端设备,风口,通风空调设备 > 空调末端设备 > 风口,3,0.0,0%,EQUIPMENT_COMPLETE,成套设备/仪器/家具,口径判断,按台套、件、系统成品采购，施工材料净用量损耗率不适用；采购计算中按 0% 处理。,本节点适用,球型喷口|送风口|百叶风口|出风口|球形喷口|回风口,Y
1593,通风空调设备,空调末端设备,散流器,通风空调设备 > 空调末端设备 > 散流器,3,0.0,0%,EQUIPMENT_COMPLETE,成套设备/仪器/家具,口径判断,按台套、件、系统成品采购，施工材料净用量损耗率不适用；采购计算中按 0% 处理。,本节点适用,,Y
1594,通风空调设备,冷热水机组,水冷冷水机组,通风空调设备 > 冷热水机组 > 水冷冷水机组,3,0.0,0%,EQUIPMENT_COMPLETE,成套设备/仪器/家具,口径判断,按台套、件、系统成品采购，施工材料净用量损耗率不适用；采购计算中按 0% 处理。,本节点适用,冷水机|冷水机组|热回收机组|单冷机组|风冷机组|模块机组|热泵机组|泳池机组|冷热水机组|热水机组|三联供机组,Y
1595,通风空调设备,冷热水机组,风冷冷水机组,通风空调设备 > 冷热水机组 > 风冷冷水机组,3,0.0,0%,EQUIPMENT_COMPLETE,成套设备/仪器/家具,口径判断,按台套、件、系统成品采购，施工材料净用量损耗率不适用；采购计算中按 0% 处理。,本节点适用,,Y
1596,通风空调设备,冷热水机组,压缩式冷水机组,通风空调设备 > 冷热水机组 > 压缩式冷水机组,3,0.0,0%,EQUIPMENT_COMPLETE,成套设备/仪器/家具,口径判断,按台套、件、系统成品采购，施工材料净用量损耗率不适用；采购计算中按 0% 处理。,本节点适用,,Y
1597,通风空调设备,冷热水机组,吸收式冷水机组,通风空调设备 > 冷热水机组 > 吸收式冷水机组,3,0.0,0%,EQUIPMENT_COMPLETE,成套设备/仪器/家具,口径判断,按台套、件、系统成品采购，施工材料净用量损耗率不适用；采购计算中按 0% 处理。,本节点适用,,Y
1598,通风空调设备,冷热水机组,水源热泵机组,通风空调设备 > 冷热水机组 > 水源热泵机组,3,0.0,0%,EQUIPMENT_COMPLETE,成套设备/仪器/家具,口径判断,按台套、件、系统成品采购，施工材料净用量损耗率不适用；采购计算中按 0% 处理。,本节点适用,,Y
1599,通风空调设备,冷热水机组,地源热泵机组,通风空调设备 > 冷热水机组 > 地源热泵机组,3,0.0,0%,EQUIPMENT_COMPLETE,成套设备/仪器/家具,口径判断,按台套、件、系统成品采购，施工材料净用量损耗率不适用；采购计算中按 0% 处理。,本节点适用,,Y
1600,通风空调设备,冷热水机组,空气源热泵机组,通风空调设备 > 冷热水机组 > 空气源热泵机组,3,0.0,0%,EQUIPMENT_COMPLETE,成套设备/仪器/家具,口径判断,按台套、件、系统成品采购，施工材料净用量损耗率不适用；采购计算中按 0% 处理。,本节点适用,,Y
1601,通风空调设备,冷却塔,逆流式冷却塔,通风空调设备 > 冷却塔 > 逆流式冷却塔,3,0.0,0%,EQUIPMENT_COMPLETE,成套设备/仪器/家具,口径判断,按台套、件、系统成品采购，施工材料净用量损耗率不适用；采购计算中按 0% 处理。,本节点适用,冷却塔,Y
1602,通风空调设备,冷却塔,横流式冷却塔,通风空调设备 > 冷却塔 > 横流式冷却塔,3,0.0,0%,EQUIPMENT_COMPLETE,成套设备/仪器/家具,口径判断,按台套、件、系统成品采购，施工材料净用量损耗率不适用；采购计算中按 0% 处理。,本节点适用,,Y
1603,通风空调设备,冷却塔,混流式冷却塔,通风空调设备 > 冷却塔 > 混流式冷却塔,3,0.0,0%,EQUIPMENT_COMPLETE,成套设备/仪器/家具,口径判断,按台套、件、系统成品采购，施工材料净用量损耗率不适用；采购计算中按 0% 处理。,本节点适用,,Y
1604,通风空调设备,空调系统部件,压缩机,通风空调设备 > 空调系统部件 > 压缩机,3,0.0,0%,EQUIPMENT_COMPLETE,成套设备/仪器/家具,口径判断,按台套、件、系统成品采购，施工材料净用量损耗率不适用；采购计算中按 0% 处理。,本节点适用,高压机|空压机,Y
1605,通风空调设备,空调系统部件,换热器（蒸发器、冷凝器）,通风空调设备 > 空调系统部件 > 换热器（蒸发器、冷凝器）,3,0.0,0%,EQUIPMENT_COMPLETE,成套设备/仪器/家具,口径判断,按台套、件、系统成品采购，施工材料净用量损耗率不适用；采购计算中按 0% 处理。,本节点适用,,Y
1606,通风空调设备,空调系统部件,节流元件,通风空调设备 > 空调系统部件 > 节流元件,3,0.0,0%,EQUIPMENT_COMPLETE,成套设备/仪器/家具,口径判断,按台套、件、系统成品采购，施工材料净用量损耗率不适用；采购计算中按 0% 处理。,本节点适用,,Y
1607,通风空调设备,空调系统部件,空气加热、冷却器,通风空调设备 > 空调系统部件 > 空气加热、冷却器,3,0.0,0%,EQUIPMENT_COMPLETE,成套设备/仪器/家具,口径判断,按台套、件、系统成品采购，施工材料净用量损耗率不适用；采购计算中按 0% 处理。,本节点适用,,Y
1608,通风空调设备,空调系统部件,风口过滤器、过滤网,通风空调设备 > 空调系统部件 > 风口过滤器、过滤网,3,0.0,0%,EQUIPMENT_COMPLETE,成套设备/仪器/家具,口径判断,按台套、件、系统成品采购，施工材料净用量损耗率不适用；采购计算中按 0% 处理。,本节点适用,,Y
1609,通风空调设备,空调系统部件,净化过滤设备,通风空调设备 > 空调系统部件 > 净化过滤设备,3,0.0,0%,EQUIPMENT_COMPLETE,成套设备/仪器/家具,口径判断,按台套、件、系统成品采购，施工材料净用量损耗率不适用；采购计算中按 0% 处理。,本节点适用,吸收器|过滤箱|除水器|净化器,Y
1610,通风空调设备,空调系统部件,变速器,通风空调设备 > 空调系统部件 > 变速器,3,0.0,0%,EQUIPMENT_COMPLETE,成套设备/仪器/家具,口径判断,按台套、件、系统成品采购，施工材料净用量损耗率不适用；采购计算中按 0% 处理。,本节点适用,,Y
1611,通风空调设备,空调系统部件,喷雾器,通风空调设备 > 空调系统部件 > 喷雾器,3,0.0,0%,EQUIPMENT_COMPLETE,成套设备/仪器/家具,口径判断,按台套、件、系统成品采购，施工材料净用量损耗率不适用；采购计算中按 0% 处理。,本节点适用,,Y
216,通风空调设备,通风设备,通风机,通风空调设备 > 通风设备 > 通风机,3,0.0,0%,EQUIPMENT_COMPLETE,成套设备/仪器/家具,口径判断,按台套、件、系统成品采购，施工材料净用量损耗率不适用；采购计算中按 0% 处理。,本节点适用,引风机|加压风机|补风机|轴流风机|送风机|排烟风机|风机|双速风机|斜流风机|风机组|排风柜机组|离心风机,Y
1612,通风空调设备,通风设备,鼓风机,通风空调设备 > 通风设备 > 鼓风机,3,0.0,0%,EQUIPMENT_COMPLETE,成套设备/仪器/家具,口径判断,按台套、件、系统成品采购，施工材料净用量损耗率不适用；采购计算中按 0% 处理。,本节点适用,抽风机,Y
1613,通风空调设备,通风设备,吊风扇、壁扇,通风空调设备 > 通风设备 > 吊风扇、壁扇,3,0.0,0%,EQUIPMENT_COMPLETE,成套设备/仪器/家具,口径判断,按台套、件、系统成品采购，施工材料净用量损耗率不适用；采购计算中按 0% 处理。,本节点适用,工程扇|璧扇|楼顶扇|吊扇|强力扇|摇头扇|电风扇,Y
217,通风空调设备,通风设备,排气扇、换气扇,通风空调设备 > 通风设备 > 排气扇、换气扇,3,0.0,0%,EQUIPMENT_COMPLETE,成套设备/仪器/家具,口径判断,按台套、件、系统成品采购，施工材料净用量损耗率不适用；采购计算中按 0% 处理。,本节点适用,抽风扇|散热扇|管道扇|风扇|天埋扇|散热风扇|百叶扇|排油烟扇|排风扇,Y
1614,通风空调设备,通风设备,台扇、落地扇,通风空调设备 > 通风设备 > 台扇、落地扇,3,0.0,0%,EQUIPMENT_COMPLETE,成套设备/仪器/家具,口径判断,按台套、件、系统成品采购，施工材料净用量损耗率不适用；采购计算中按 0% 处理。,本节点适用,工程扇|台地扇|摇头扇|电风扇,Y
1615,通风空调设备,风管及风管部件,风管、风道,通风空调设备 > 风管及风管部件 > 风管、风道,3,0.138,13.8%,DUCT,风管,公开资料/本地定额,本地校准：广东通风镀锌钢板咬口风管消耗 11.38m²/10m²，折算 13.8%。,本节点适用,矩形风管|通风管道|通风道,Y
1616,通风空调设备,风管及风管部件,风帽,通风空调设备 > 风管及风管部件 > 风帽,3,0.138,13.8%,DUCT,风管,公开资料/本地定额,本地校准：广东通风镀锌钢板咬口风管消耗 11.38m²/10m²，折算 13.8%。,本节点适用,风球,Y
1617,通风空调设备,风管及风管部件,风管罩,通风空调设备 > 风管及风管部件 > 风管罩,3,0.138,13.8%,DUCT,风管,公开资料/本地定额,本地校准：广东通风镀锌钢板咬口风管消耗 11.38m²/10m²，折算 13.8%。,本节点适用,,Y
1618,通风空调设备,风管及风管部件,消声器,通风空调设备 > 风管及风管部件 > 消声器,3,0.138,13.8%,DUCT,风管,公开资料/本地定额,本地校准：广东通风镀锌钢板咬口风管消耗 11.38m²/10m²，折算 13.8%。,本节点适用,消音器,Y
1619,通风空调设备,风管及风管部件,静压箱,通风空调设备 > 风管及风管部件 > 静压箱,3,0.138,13.8%,DUCT,风管,公开资料/本地定额,本地校准：广东通风镀锌钢板咬口风管消耗 11.38m²/10m²，折算 13.8%。,本节点适用,,Y
82,通风空调设备,风管及风管部件,风管调节阀,通风空调设备 > 风管及风管部件 > 风管调节阀,3,0.01,1%,VALVE,阀门,公开资料/本地定额,阀门为成品件，通常按台/个采购，施工损耗取 1.0% 的备损控制值。,本节点适用,通风阀|余压阀,Y
1620,通风空调设备,其他通风空调设备及配件,空调配件,通风空调设备 > 其他通风空调设备及配件 > 空调配件,3,0.0,0%,EQUIPMENT_COMPLETE,成套设备/仪器/家具,口径判断,按台套、件、系统成品采购，施工材料净用量损耗率不适用；采购计算中按 0% 处理。,本节点适用,两通阀,Y
1622,通风空调设备,其他通风空调设备及配件,除湿机,通风空调设备 > 其他通风空调设备及配件 > 除湿机,3,0.0,0%,EQUIPMENT_COMPLETE,成套设备/仪器/家具,口径判断,按台套、件、系统成品采购，施工材料净用量损耗率不适用；采购计算中按 0% 处理。,本节点适用,,Y
1623,通风空调设备,其他通风空调设备及配件,其他通风空调设备,通风空调设备 > 其他通风空调设备及配件 > 其他通风空调设备,3,0.0,0%,EQUIPMENT_COMPLETE,成套设备/仪器/家具,口径判断,按台套、件、系统成品采购，施工材料净用量损耗率不适用；采购计算中按 0% 处理。,本节点适用,,Y
218,通风空调设备,其他通风空调设备及配件,其他通风器材,通风空调设备 > 其他通风空调设备及配件 > 其他通风器材,3,0.0,0%,EQUIPMENT_COMPLETE,成套设备/仪器/家具,口径判断,按台套、件、系统成品采购，施工材料净用量损耗率不适用；采购计算中按 0% 处理。,本节点适用,气楼|调风门|风叶|通风器,Y
1624,通风空调设备,其他通风空调设备及配件,其他配件,通风空调设备 > 其他通风空调设备及配件 > 其他配件,3,0.0,0%,EQUIPMENT_COMPLETE,成套设备/仪器/家具,口径判断,按台套、件、系统成品采购，施工材料净用量损耗率不适用；采购计算中按 0% 处理。,本节点适用,线控器,Y
79,电梯,普通电梯,乘客电梯,电梯 > 普通电梯 > 乘客电梯,3,0.0,0%,EQUIPMENT_COMPLETE,成套设备/仪器/家具,口径判断,按台套、件、系统成品采购，施工材料净用量损耗率不适用；采购计算中按 0% 处理。,本节点适用,电梯,Y
1625,电梯,普通电梯,客货电梯,电梯 > 普通电梯 > 客货电梯,3,0.0,0%,EQUIPMENT_COMPLETE,成套设备/仪器/家具,口径判断,按台套、件、系统成品采购，施工材料净用量损耗率不适用；采购计算中按 0% 处理。,本节点适用,,Y
1626,电梯,普通电梯,载货电梯,电梯 > 普通电梯 > 载货电梯,3,0.0,0%,EQUIPMENT_COMPLETE,成套设备/仪器/家具,口径判断,按台套、件、系统成品采购，施工材料净用量损耗率不适用；采购计算中按 0% 处理。,本节点适用,,Y
1627,电梯,普通电梯,杂物电梯,电梯 > 普通电梯 > 杂物电梯,3,0.0,0%,EQUIPMENT_COMPLETE,成套设备/仪器/家具,口径判断,按台套、件、系统成品采购，施工材料净用量损耗率不适用；采购计算中按 0% 处理。,本节点适用,,Y
1628,电梯,普通电梯,家用电梯,电梯 > 普通电梯 > 家用电梯,3,0.0,0%,EQUIPMENT_COMPLETE,成套设备/仪器/家具,口径判断,按台套、件、系统成品采购，施工材料净用量损耗率不适用；采购计算中按 0% 处理。,本节点适用,别墅电梯|住宅电梯,Y
1629,电梯,医用电梯,医用电梯,电梯 > 医用电梯 > 医用电梯,3,0.0,0%,EQUIPMENT_COMPLETE,成套设备/仪器/家具,口径判断,按台套、件、系统成品采购，施工材料净用量损耗率不适用；采购计算中按 0% 处理。,本节点适用,,Y
1630,电梯,观光电梯,观光电梯,电梯 > 观光电梯 > 观光电梯,3,0.0,0%,EQUIPMENT_COMPLETE,成套设备/仪器/家具,口径判断,按台套、件、系统成品采购，施工材料净用量损耗率不适用；采购计算中按 0% 处理。,本节点适用,,Y
1631,电梯,汽车电梯,非商用汽车电梯,电梯 > 汽车电梯 > 非商用汽车电梯,3,0.0,0%,EQUIPMENT_COMPLETE,成套设备/仪器/家具,口径判断,按台套、件、系统成品采购，施工材料净用量损耗率不适用；采购计算中按 0% 处理。,本节点适用,,Y
1632,电梯,自动扶梯和自动人行道,自动扶梯,电梯 > 自动扶梯和自动人行道 > 自动扶梯,3,0.0,0%,EQUIPMENT_COMPLETE,成套设备/仪器/家具,口径判断,按台套、件、系统成品采购，施工材料净用量损耗率不适用；采购计算中按 0% 处理。,本节点适用,扶梯,Y
1633,电梯,自动扶梯和自动人行道,自动人行道,电梯 > 自动扶梯和自动人行道 > 自动人行道,3,0.0,0%,EQUIPMENT_COMPLETE,成套设备/仪器/家具,口径判断,按台套、件、系统成品采购，施工材料净用量损耗率不适用；采购计算中按 0% 处理。,本节点适用,,Y
1634,电梯,其他电梯及配件,电梯配件,电梯 > 其他电梯及配件 > 电梯配件,3,0.0,0%,EQUIPMENT_COMPLETE,成套设备/仪器/家具,口径判断,按台套、件、系统成品采购，施工材料净用量损耗率不适用；采购计算中按 0% 处理。,本节点适用,,Y
1635,电梯,其他电梯及配件,其他电梯,电梯 > 其他电梯及配件 > 其他电梯,3,0.0,0%,EQUIPMENT_COMPLETE,成套设备/仪器/家具,口径判断,按台套、件、系统成品采购，施工材料净用量损耗率不适用；采购计算中按 0% 处理。,本节点适用,,Y
1636,泵、供水设备,泵类设备,离心式水泵,泵、供水设备 > 泵类设备 > 离心式水泵,3,0.0,0%,EQUIPMENT_COMPLETE,成套设备/仪器/家具,口径判断,按台套、件、系统成品采购，施工材料净用量损耗率不适用；采购计算中按 0% 处理。,本节点适用,标准泵|泳池泵|热水泵|电泵|中开泵|潜污泵|卫浴泵|单相泵|下吸泵|单级泵|加压泵|直联泵|上吸泵|切线泵|切割泵|消防泵组|生活泵|喷淋泵|多级泵|水泵|提升泵|端吸泵|给水泵|雨水泵|工程泵|离心泵,Y
1637,泵、供水设备,泵类设备,离心式油泵,泵、供水设备 > 泵类设备 > 离心式油泵,3,0.0,0%,EQUIPMENT_COMPLETE,成套设备/仪器/家具,口径判断,按台套、件、系统成品采购，施工材料净用量损耗率不适用；采购计算中按 0% 处理。,本节点适用,油泵,Y
1638,泵、供水设备,泵类设备,离心式耐腐蚀泵,泵、供水设备 > 泵类设备 > 离心式耐腐蚀泵,3,0.0,0%,EQUIPMENT_COMPLETE,成套设备/仪器/家具,口径判断,按台套、件、系统成品采购，施工材料净用量损耗率不适用；采购计算中按 0% 处理。,本节点适用,耐腐泵,Y
1639,泵、供水设备,泵类设备,离心式杂质泵,泵、供水设备 > 泵类设备 > 离心式杂质泵,3,0.0,0%,EQUIPMENT_COMPLETE,成套设备/仪器/家具,口径判断,按台套、件、系统成品采购，施工材料净用量损耗率不适用；采购计算中按 0% 处理。,本节点适用,泥沙泵|杂质泵|泥浆机,Y
1640,泵、供水设备,泵类设备,轴流泵,泵、供水设备 > 泵类设备 > 轴流泵,3,0.0,0%,EQUIPMENT_COMPLETE,成套设备/仪器/家具,口径判断,按台套、件、系统成品采购，施工材料净用量损耗率不适用；采购计算中按 0% 处理。,本节点适用,,Y
1641,泵、供水设备,泵类设备,混流泵,泵、供水设备 > 泵类设备 > 混流泵,3,0.0,0%,EQUIPMENT_COMPLETE,成套设备/仪器/家具,口径判断,按台套、件、系统成品采购，施工材料净用量损耗率不适用；采购计算中按 0% 处理。,本节点适用,,Y
1642,泵、供水设备,泵类设备,旋涡泵,泵、供水设备 > 泵类设备 > 旋涡泵,3,0.0,0%,EQUIPMENT_COMPLETE,成套设备/仪器/家具,口径判断,按台套、件、系统成品采购，施工材料净用量损耗率不适用；采购计算中按 0% 处理。,本节点适用,,Y
1643,泵、供水设备,泵类设备,往复泵,泵、供水设备 > 泵类设备 > 往复泵,3,0.0,0%,EQUIPMENT_COMPLETE,成套设备/仪器/家具,口径判断,按台套、件、系统成品采购，施工材料净用量损耗率不适用；采购计算中按 0% 处理。,本节点适用,,Y
1644,泵、供水设备,泵类设备,转子泵,泵、供水设备 > 泵类设备 > 转子泵,3,0.0,0%,EQUIPMENT_COMPLETE,成套设备/仪器/家具,口径判断,按台套、件、系统成品采购，施工材料净用量损耗率不适用；采购计算中按 0% 处理。,本节点适用,,Y
1645,泵、供水设备,泵类设备,计量泵,泵、供水设备 > 泵类设备 > 计量泵,3,0.0,0%,EQUIPMENT_COMPLETE,成套设备/仪器/家具,口径判断,按台套、件、系统成品采购，施工材料净用量损耗率不适用；采购计算中按 0% 处理。,本节点适用,,Y
1646,泵、供水设备,泵类设备,真空泵,泵、供水设备 > 泵类设备 > 真空泵,3,0.0,0%,EQUIPMENT_COMPLETE,成套设备/仪器/家具,口径判断,按台套、件、系统成品采购，施工材料净用量损耗率不适用；采购计算中按 0% 处理。,本节点适用,,Y
1647,泵、供水设备,泵类设备,射流泵,泵、供水设备 > 泵类设备 > 射流泵,3,0.0,0%,EQUIPMENT_COMPLETE,成套设备/仪器/家具,口径判断,按台套、件、系统成品采购，施工材料净用量损耗率不适用；采购计算中按 0% 处理。,本节点适用,,Y
1648,泵、供水设备,泵类设备,气体扬水泵,泵、供水设备 > 泵类设备 > 气体扬水泵,3,0.0,0%,EQUIPMENT_COMPLETE,成套设备/仪器/家具,口径判断,按台套、件、系统成品采购，施工材料净用量损耗率不适用；采购计算中按 0% 处理。,本节点适用,,Y
1649,泵、供水设备,泵类设备,水锤泵,泵、供水设备 > 泵类设备 > 水锤泵,3,0.0,0%,EQUIPMENT_COMPLETE,成套设备/仪器/家具,口径判断,按台套、件、系统成品采购，施工材料净用量损耗率不适用；采购计算中按 0% 处理。,本节点适用,,Y
1650,泵、供水设备,泵类设备,电磁泵,泵、供水设备 > 泵类设备 > 电磁泵,3,0.0,0%,EQUIPMENT_COMPLETE,成套设备/仪器/家具,口径判断,按台套、件、系统成品采购，施工材料净用量损耗率不适用；采购计算中按 0% 处理。,本节点适用,,Y
1651,泵、供水设备,泵类设备,水轮泵,泵、供水设备 > 泵类设备 > 水轮泵,3,0.0,0%,EQUIPMENT_COMPLETE,成套设备/仪器/家具,口径判断,按台套、件、系统成品采购，施工材料净用量损耗率不适用；采购计算中按 0% 处理。,本节点适用,,Y
31,泵、供水设备,泵类设备,其他泵,泵、供水设备 > 泵类设备 > 其他泵,3,0.0,0%,EQUIPMENT_COMPLETE,成套设备/仪器/家具,口径判断,按台套、件、系统成品采购，施工材料净用量损耗率不适用；采购计算中按 0% 处理。,本节点适用,加强泵|喷泉专用泵|增压泵|工业泵|双控泵,Y
1652,泵、供水设备,泵类设备,泵专用配件,泵、供水设备 > 泵类设备 > 泵专用配件,3,0.0,0%,EQUIPMENT_COMPLETE,成套设备/仪器/家具,口径判断,按台套、件、系统成品采购，施工材料净用量损耗率不适用；采购计算中按 0% 处理。,本节点适用,主轴|自耦装置|底阀|球座|末级导叶|聚胶膜片,Y
90,泵、供水设备,供水设备,供水设备,泵、供水设备 > 供水设备 > 供水设备,3,0.0,0%,EQUIPMENT_COMPLETE,成套设备/仪器/家具,口径判断,按台套、件、系统成品采购，施工材料净用量损耗率不适用；采购计算中按 0% 处理。,本节点适用,给水设备,Y
1653,泵、供水设备,供水设备,供水控制柜,泵、供水设备 > 供水设备 > 供水控制柜,3,0.0,0%,EQUIPMENT_COMPLETE,成套设备/仪器/家具,口径判断,按台套、件、系统成品采购，施工材料净用量损耗率不适用；采购计算中按 0% 处理。,本节点适用,控制柜,Y
1654,水处理及环保设备,原水处理设备,水软化设备,水处理及环保设备 > 原水处理设备 > 水软化设备,3,0.0,0%,EQUIPMENT_COMPLETE,成套设备/仪器/家具,口径判断,按台套、件、系统成品采购，施工材料净用量损耗率不适用；采购计算中按 0% 处理。,本节点适用,软化水设备|软水器|软化水裝置,Y
1655,水处理及环保设备,原水处理设备,水垢处理设备,水处理及环保设备 > 原水处理设备 > 水垢处理设备,3,0.0,0%,EQUIPMENT_COMPLETE,成套设备/仪器/家具,口径判断,按台套、件、系统成品采购，施工材料净用量损耗率不适用；采购计算中按 0% 处理。,本节点适用,除垢仪|活水器,Y
1656,水处理及环保设备,原水处理设备,膜与膜设备,水处理及环保设备 > 原水处理设备 > 膜与膜设备,3,0.0,0%,EQUIPMENT_COMPLETE,成套设备/仪器/家具,口径判断,按台套、件、系统成品采购，施工材料净用量损耗率不适用；采购计算中按 0% 处理。,本节点适用,反渗透裝置|反渗透设备,Y
1657,水处理及环保设备,原水处理设备,过滤设备,水处理及环保设备 > 原水处理设备 > 过滤设备,3,0.0,0%,EQUIPMENT_COMPLETE,成套设备/仪器/家具,口径判断,按台套、件、系统成品采购，施工材料净用量损耗率不适用；采购计算中按 0% 处理。,本节点适用,过滤装置|过滤裝置,Y
163,水处理及环保设备,原水处理设备,水处理成套设备,水处理及环保设备 > 原水处理设备 > 水处理成套设备,3,0.0,0%,EQUIPMENT_COMPLETE,成套设备/仪器/家具,口径判断,按台套、件、系统成品采购，施工材料净用量损耗率不适用；采购计算中按 0% 处理。,本节点适用,水处理器|矿泉水设备|生活饮用水设备|纯净水设备|水处理仪,Y
1658,水处理及环保设备,原水处理设备,毛发聚集器,水处理及环保设备 > 原水处理设备 > 毛发聚集器,3,0.0,0%,EQUIPMENT_COMPLETE,成套设备/仪器/家具,口径判断,按台套、件、系统成品采购，施工材料净用量损耗率不适用；采购计算中按 0% 处理。,本节点适用,聚集器,Y
1659,水处理及环保设备,污水处理设备,曝气设备,水处理及环保设备 > 污水处理设备 > 曝气设备,3,0.0,0%,EQUIPMENT_COMPLETE,成套设备/仪器/家具,口径判断,按台套、件、系统成品采购，施工材料净用量损耗率不适用；采购计算中按 0% 处理。,本节点适用,曝气机,Y
1660,水处理及环保设备,污水处理设备,气浮设备,水处理及环保设备 > 污水处理设备 > 气浮设备,3,0.0,0%,EQUIPMENT_COMPLETE,成套设备/仪器/家具,口径判断,按台套、件、系统成品采购，施工材料净用量损耗率不适用；采购计算中按 0% 处理。,本节点适用,气浮机,Y
1661,水处理及环保设备,污水处理设备,格栅类栏污设备,水处理及环保设备 > 污水处理设备 > 格栅类栏污设备,3,0.05,5%,BOARD_CEILING,饰面板/吊顶板,公开资料/本地定额,石膏板、装饰板、吊顶板、格栅等按裁切排版 5.0%。,本节点适用,,Y
1662,水处理及环保设备,污水处理设备,油水分离装置,水处理及环保设备 > 污水处理设备 > 油水分离装置,3,0.0,0%,EQUIPMENT_COMPLETE,成套设备/仪器/家具,口径判断,按台套、件、系统成品采购，施工材料净用量损耗率不适用；采购计算中按 0% 处理。,本节点适用,隔油设备|分离设备|分离装置,Y
1663,水处理及环保设备,污水处理设备,除污除砂排泥设备,水处理及环保设备 > 污水处理设备 > 除污除砂排泥设备,3,0.03,3%,SAND_STONE,砂石粉灰土,公开资料/本地定额,砂、石、粉、灰、土等散料按 3.0% 估算。,本节点适用,除砂器,Y
1664,水处理及环保设备,污水处理设备,污泥脱水设备,水处理及环保设备 > 污水处理设备 > 污泥脱水设备,3,0.0,0%,EQUIPMENT_COMPLETE,成套设备/仪器/家具,口径判断,按台套、件、系统成品采购，施工材料净用量损耗率不适用；采购计算中按 0% 处理。,本节点适用,,Y
1665,水处理及环保设备,污水处理设备,生化反应器,水处理及环保设备 > 污水处理设备 > 生化反应器,3,0.0,0%,EQUIPMENT_COMPLETE,成套设备/仪器/家具,口径判断,按台套、件、系统成品采购，施工材料净用量损耗率不适用；采购计算中按 0% 处理。,本节点适用,,Y
1666,水处理及环保设备,消毒设备,灭菌消毒/加药装置,水处理及环保设备 > 消毒设备 > 灭菌消毒/加药装置,3,0.0,0%,EQUIPMENT_COMPLETE,成套设备/仪器/家具,口径判断,按台套、件、系统成品采购，施工材料净用量损耗率不适用；采购计算中按 0% 处理。,本节点适用,加药设备|杀菌器|发生器|消毒器,Y
1667,水处理及环保设备,环保设备,除气设备,水处理及环保设备 > 环保设备 > 除气设备,3,0.0,0%,EQUIPMENT_COMPLETE,成套设备/仪器/家具,口径判断,按台套、件、系统成品采购，施工材料净用量损耗率不适用；采购计算中按 0% 处理。,本节点适用,除氧器,Y
1668,水处理及环保设备,环保设备,除尘设备,水处理及环保设备 > 环保设备 > 除尘设备,3,0.0,0%,EQUIPMENT_COMPLETE,成套设备/仪器/家具,口径判断,按台套、件、系统成品采购，施工材料净用量损耗率不适用；采购计算中按 0% 处理。,本节点适用,,Y
1669,水处理及环保设备,环保设备,垃圾处理设施,水处理及环保设备 > 环保设备 > 垃圾处理设施,3,0.0,0%,EQUIPMENT_COMPLETE,成套设备/仪器/家具,口径判断,按台套、件、系统成品采购，施工材料净用量损耗率不适用；采购计算中按 0% 处理。,本节点适用,,Y
1670,水处理及环保设备,环保设备,环保厕所,水处理及环保设备 > 环保设备 > 环保厕所,3,0.0,0%,EQUIPMENT_COMPLETE,成套设备/仪器/家具,口径判断,按台套、件、系统成品采购，施工材料净用量损耗率不适用；采购计算中按 0% 处理。,本节点适用,厕所,Y
1671,水处理及环保设备,环保设备,化粪池,水处理及环保设备 > 环保设备 > 化粪池,3,0.0,0%,EQUIPMENT_COMPLETE,成套设备/仪器/家具,口径判断,按台套、件、系统成品采购，施工材料净用量损耗率不适用；采购计算中按 0% 处理。,本节点适用,,Y
1672,水处理及环保设备,环保设备,噪音防护设施,水处理及环保设备 > 环保设备 > 噪音防护设施,3,0.0,0%,EQUIPMENT_COMPLETE,成套设备/仪器/家具,口径判断,按台套、件、系统成品采购，施工材料净用量损耗率不适用；采购计算中按 0% 处理。,本节点适用,,Y
107,水处理及环保设备,环保设备,其他环保设备,水处理及环保设备 > 环保设备 > 其他环保设备,3,0.0,0%,EQUIPMENT_COMPLETE,成套设备/仪器/家具,口径判断,按台套、件、系统成品采购，施工材料净用量损耗率不适用；采购计算中按 0% 处理。,本节点适用,回收器|凝结水回收裝置|净水机|混合塔|超滤机|厨下机|消除器|直饮机|雨水处理系统|雨水回收系统,Y
1673,水处理及环保设备,水处理及环保设备耗材,水处理及环保用填料,水处理及环保设备 > 水处理及环保设备耗材 > 水处理及环保用填料,3,0.0,0%,EQUIPMENT_COMPLETE,成套设备/仪器/家具,口径判断,按台套、件、系统成品采购，施工材料净用量损耗率不适用；采购计算中按 0% 处理。,本节点适用,空心球|蜂窝管|填料|鲍尔环,Y
1674,水处理及环保设备,水处理及环保设备耗材,过滤材料,水处理及环保设备 > 水处理及环保设备耗材 > 过滤材料,3,0.0,0%,EQUIPMENT_COMPLETE,成套设备/仪器/家具,口径判断,按台套、件、系统成品采购，施工材料净用量损耗率不适用；采购计算中按 0% 处理。,本节点适用,滤料,Y
160,弱电智能化系统及设备,信息设施系统,有线电视、卫星电视系统,弱电智能化系统及设备 > 信息设施系统 > 有线电视、卫星电视系统,3,0.0,0%,EQUIPMENT_COMPLETE,成套设备/仪器/家具,口径判断,按台套、件、系统成品采购，施工材料净用量损耗率不适用；采购计算中按 0% 处理。,本节点适用,,Y
1675,弱电智能化系统及设备,信息设施系统,移动通信室内信号系统,弱电智能化系统及设备 > 信息设施系统 > 移动通信室内信号系统,3,0.0,0%,EQUIPMENT_COMPLETE,成套设备/仪器/家具,口径判断,按台套、件、系统成品采购，施工材料净用量损耗率不适用；采购计算中按 0% 处理。,本节点适用,,Y
86,弱电智能化系统及设备,信息设施系统,信息网络系统,弱电智能化系统及设备 > 信息设施系统 > 信息网络系统,3,0.0,0%,EQUIPMENT_COMPLETE,成套设备/仪器/家具,口径判断,按台套、件、系统成品采购，施工材料净用量损耗率不适用；采购计算中按 0% 处理。,本节点适用,服务器|解调器,Y
1676,弱电智能化系统及设备,信息设施系统,微波无线接入设备,弱电智能化系统及设备 > 信息设施系统 > 微波无线接入设备,3,0.0,0%,EQUIPMENT_COMPLETE,成套设备/仪器/家具,口径判断,按台套、件、系统成品采购，施工材料净用量损耗率不适用；采购计算中按 0% 处理。,本节点适用,,Y
161,弱电智能化系统及设备,信息设施系统,公共广播系统,弱电智能化系统及设备 > 信息设施系统 > 公共广播系统,3,0.0,0%,EQUIPMENT_COMPLETE,成套设备/仪器/家具,口径判断,按台套、件、系统成品采购，施工材料净用量损耗率不适用；采购计算中按 0% 处理。,本节点适用,,Y
162,弱电智能化系统及设备,信息设施系统,电话会议设备,弱电智能化系统及设备 > 信息设施系统 > 电话会议设备,3,0.0,0%,EQUIPMENT_COMPLETE,成套设备/仪器/家具,口径判断,按台套、件、系统成品采购，施工材料净用量损耗率不适用；采购计算中按 0% 处理。,本节点适用,投影机,Y
106,弱电智能化系统及设备,信息设施系统,综合布线系统,弱电智能化系统及设备 > 信息设施系统 > 综合布线系统,3,0.0,0%,EQUIPMENT_COMPLETE,成套设备/仪器/家具,口径判断,按台套、件、系统成品采购，施工材料净用量损耗率不适用；采购计算中按 0% 处理。,本节点适用,挂墙柜|配线箱|耦合器|接续盒|收发器|配线架|信息箱,Y
1677,弱电智能化系统及设备,信息设施系统,信息导引及发布系统,弱电智能化系统及设备 > 信息设施系统 > 信息导引及发布系统,3,0.0,0%,EQUIPMENT_COMPLETE,成套设备/仪器/家具,口径判断,按台套、件、系统成品采购，施工材料净用量损耗率不适用；采购计算中按 0% 处理。,本节点适用,,Y
225,弱电智能化系统及设备,信息设施系统,LED显示及大屏拼接系统器材,弱电智能化系统及设备 > 信息设施系统 > LED显示及大屏拼接系统器材,3,0.0,0%,EQUIPMENT_COMPLETE,成套设备/仪器/家具,口径判断,按台套、件、系统成品采购，施工材料净用量损耗率不适用；采购计算中按 0% 处理。,本节点适用,大屏幕,Y
1678,弱电智能化系统及设备,信息设施系统,终端显示设备,弱电智能化系统及设备 > 信息设施系统 > 终端显示设备,3,0.0,0%,EQUIPMENT_COMPLETE,成套设备/仪器/家具,口径判断,按台套、件、系统成品采购，施工材料净用量损耗率不适用；采购计算中按 0% 处理。,本节点适用,图形显示软件|液晶电视|终端机,Y
1679,弱电智能化系统及设备,信息设施系统,同声传译设备及器材,弱电智能化系统及设备 > 信息设施系统 > 同声传译设备及器材,3,0.0,0%,EQUIPMENT_COMPLETE,成套设备/仪器/家具,口径判断,按台套、件、系统成品采购，施工材料净用量损耗率不适用；采购计算中按 0% 处理。,本节点适用,,Y
159,弱电智能化系统及设备,楼宇智能化系统,门禁系统,弱电智能化系统及设备 > 楼宇智能化系统 > 门禁系统,3,0.01,1%,DOOR_WINDOW,门窗成品,公开资料/本地定额,门窗、卷帘、楼梯栏杆等成品或半成品按破损备损 1.0%。,本节点适用,门禁读卡模块|电锁口|斜面闸|转门|一子闸|速通门|旋转闸|控制板|适配器|对讲系统|指纹机|全高闸|闸机|白卡|出门按钮|印刷卡|门禁机|三辊闸机|一体机|锁支架|采集板|三棍闸|发卡器|旋转门|网控器|门禁|感应卡|写卡器|挡闸|读头|刷卡器|门禁控制器|密码门|通道闸|窗磁|出门按钮|门磁,Y
1680,弱电智能化系统及设备,楼宇智能化系统,楼宇对讲系统,弱电智能化系统及设备 > 楼宇智能化系统 > 楼宇对讲系统,3,0.0,0%,EQUIPMENT_COMPLETE,成套设备/仪器/家具,口径判断,按台套、件、系统成品采购，施工材料净用量损耗率不适用；采购计算中按 0% 处理。,本节点适用,延长器|光线汇总器|切换器|确认机|门口机|接收端|光模块|接口模块|分机|楼宇对讲|室内机|中心机,Y
1681,弱电智能化系统及设备,楼宇智能化系统,楼宇自控系统,弱电智能化系统及设备 > 楼宇智能化系统 > 楼宇自控系统,3,0.0,0%,EQUIPMENT_COMPLETE,成套设备/仪器/家具,口径判断,按台套、件、系统成品采购，施工材料净用量损耗率不适用；采购计算中按 0% 处理。,本节点适用,,Y
1682,弱电智能化系统及设备,楼宇智能化系统,楼宇多表远传系统,弱电智能化系统及设备 > 楼宇智能化系统 > 楼宇多表远传系统,3,0.0,0%,EQUIPMENT_COMPLETE,成套设备/仪器/家具,口径判断,按台套、件、系统成品采购，施工材料净用量损耗率不适用；采购计算中按 0% 处理。,本节点适用,,Y
85,弱电智能化系统及设备,公共安全系统,电视监控设备,弱电智能化系统及设备 > 公共安全系统 > 电视监控设备,3,0.0,0%,EQUIPMENT_COMPLETE,成套设备/仪器/家具,口径判断,按台套、件、系统成品采购，施工材料净用量损耗率不适用；采购计算中按 0% 处理。,本节点适用,解码卡|快球|网络机|枪机|显示器|球机|智能球|拓展柜|半球机|中速球|高速球|录像机|高清球|分离线|室外球|跟踪球|迷你球|半球|恒速球|摄像机|转接盒|变速球|红外球|矩阵|NVR|室内球,Y
89,弱电智能化系统及设备,公共安全系统,入侵报警设备,弱电智能化系统及设备 > 公共安全系统 > 入侵报警设备,3,0.01,1%,FIRE_EQUIPMENT,消防器材,公开资料/本地定额,灭火器、喷头、报警设备等成品按运输安装破损/备件 1.0%。,本节点适用,机械手|万向支架|中间杆|电话线|报警主机|闪灯|报警软件|转发器|警号|接警中心机|小警号|接收机|报警控制器|红外光栅|警铃|共享器|联动器|万向环|接警机,Y
1683,弱电智能化系统及设备,公共安全系统,电子巡更系统,弱电智能化系统及设备 > 公共安全系统 > 电子巡更系统,3,0.0,0%,EQUIPMENT_COMPLETE,成套设备/仪器/家具,口径判断,按台套、件、系统成品采购，施工材料净用量损耗率不适用；采购计算中按 0% 处理。,本节点适用,,Y
1684,弱电智能化系统及设备,公共安全系统,出入口控制设备,弱电智能化系统及设备 > 公共安全系统 > 出入口控制设备,3,0.0,0%,EQUIPMENT_COMPLETE,成套设备/仪器/家具,口径判断,按台套、件、系统成品采购，施工材料净用量损耗率不适用；采购计算中按 0% 处理。,本节点适用,虹膜仪,Y
88,弱电智能化系统及设备,公共安全系统,停车库(场)管理系统,弱电智能化系统及设备 > 公共安全系统 > 停车库(场)管理系统,3,0.0,0%,EQUIPMENT_COMPLETE,成套设备/仪器/家具,口径判断,按台套、件、系统成品采购，施工材料净用量损耗率不适用；采购计算中按 0% 处理。,本节点适用,收费系统|回收机|双向屏|线圈|三向屏|机箱|发卡机|中心线|语音系统|检测器|采集卡|单向屏,Y
189,弱电智能化系统及设备,公共安全系统,安全检查设备,弱电智能化系统及设备 > 公共安全系统 > 安全检查设备,3,0.0,0%,EQUIPMENT_COMPLETE,成套设备/仪器/家具,口径判断,按台套、件、系统成品采购，施工材料净用量损耗率不适用；采购计算中按 0% 处理。,本节点适用,,Y
1685,弱电智能化系统及设备,公共安全系统,其他安防设备,弱电智能化系统及设备 > 公共安全系统 > 其他安防设备,3,0.0,0%,EQUIPMENT_COMPLETE,成套设备/仪器/家具,口径判断,按台套、件、系统成品采购，施工材料净用量损耗率不适用；采购计算中按 0% 处理。,本节点适用,,Y
1686,弱电智能化系统及设备,建筑设备管理系统,建筑设备监控系统,弱电智能化系统及设备 > 建筑设备管理系统 > 建筑设备监控系统,3,0.0,0%,EQUIPMENT_COMPLETE,成套设备/仪器/家具,口径判断,按台套、件、系统成品采购，施工材料净用量损耗率不适用；采购计算中按 0% 处理。,本节点适用,,Y
1687,弱电智能化系统及设备,建筑设备管理系统,建筑能效监管系统,弱电智能化系统及设备 > 建筑设备管理系统 > 建筑能效监管系统,3,0.0,0%,EQUIPMENT_COMPLETE,成套设备/仪器/家具,口径判断,按台套、件、系统成品采购，施工材料净用量损耗率不适用；采购计算中按 0% 处理。,本节点适用,,Y
1688,弱电智能化系统及设备,其他智能化设备,能源计量、远程抄表系统器材,弱电智能化系统及设备 > 其他智能化设备 > 能源计量、远程抄表系统器材,3,0.0,0%,EQUIPMENT_COMPLETE,成套设备/仪器/家具,口径判断,按台套、件、系统成品采购，施工材料净用量损耗率不适用；采购计算中按 0% 处理。,本节点适用,,Y
1689,弱电智能化系统及设备,其他智能化设备,一体化集成机房,弱电智能化系统及设备 > 其他智能化设备 > 一体化集成机房,3,0.0,0%,EQUIPMENT_COMPLETE,成套设备/仪器/家具,口径判断,按台套、件、系统成品采购，施工材料净用量损耗率不适用；采购计算中按 0% 处理。,本节点适用,,Y
84,弱电智能化系统及设备,其他智能化设备,充电桩,弱电智能化系统及设备 > 其他智能化设备 > 充电桩,3,0.0,0%,EQUIPMENT_COMPLETE,成套设备/仪器/家具,口径判断,按台套、件、系统成品采购，施工材料净用量损耗率不适用；采购计算中按 0% 处理。,本节点适用,,Y
1690,弱电智能化系统及设备,其他智能化设备,其他智能化设备,弱电智能化系统及设备 > 其他智能化设备 > 其他智能化设备,3,0.0,0%,EQUIPMENT_COMPLETE,成套设备/仪器/家具,口径判断,按台套、件、系统成品采购，施工材料净用量损耗率不适用；采购计算中按 0% 处理。,本节点适用,,Y
188,园林绿化,园林植物,乔木,园林绿化 > 园林植物 > 乔木,3,0.05,5%,LANDSCAPE_PLANT,园林植物,经验估算,苗木、草皮考虑运输、栽植和成活率风险，按 5.0% 采购备损。,本节点适用,酸枣|清香木|清香木袋苗|樱桃树|菩提|梧树|铁树|玉兰|河南桧|芒果树|红河榕|细叶榕|圣诞树|光核桃|哈斯榆|油茶|柱形桃|仁面|刺冬青|紫荆花|香樟树|金丝楠木|摇钱树|北栾|垂榕柱|构骨|花石榴|女贞|香泡树|曼头柳|乌柏|花叶榕柱|垂槐|杨梅树|榄仁|紫薇|千层金|速生柳|樟树|云南樟|红梅|黄葛树|黄桷树|皂荚|地石榴|柑橘|黄连|早樱|山楂树|黄花梨|枇杷树|欧美杨|清香|富贵树|白杨树|琵琶|法桐树|皂角树|桂花树|秋风|雪松袋苗|苹果树|石榴树|木兰|四季桂花|银杏树|柿子树|山杨|苗木,Y
1691,园林绿化,园林植物,灌木,园林绿化 > 园林植物 > 灌木,3,0.05,5%,LANDSCAPE_PLANT,园林植物,经验估算,苗木、草皮考虑运输、栽植和成活率风险，按 5.0% 采购备损。,本节点适用,双夹槐|白丁香|海桐树|冬青球|女贞球|花叶连翘|朱瑾|夏娟|火把果|荚迷|紫荆花|平枝栒子|平枝栒子|勒海棠|扶桑球|鹅掌木|红叶朱焦|美国红栌|花石榴|女贞|红绒|黄馨|黄馨|继木球|荚蒾|珊瑚|千层金|栀子花|葡葵仔|迎春柳|茉莉花|文母|高大含笑|千层金球|花叶假连翘|构骨球|毛娟|山茶花|希美丽|清香树|榆叶梅|毛鹃|迎春柳球|黄金叶柱|桅子|红花檵木|马樱丹|紫荆|散本海桐|石楠柱,Y
1692,园林绿化,园林植物,藤本植物,园林绿化 > 园林植物 > 藤本植物,3,0.05,5%,LANDSCAPE_PLANT,园林植物,经验估算,苗木、草皮考虑运输、栽植和成活率风险，按 5.0% 采购备损。,本节点适用,紫藤花|紫云藤|九重葛|地锦|长春藤|血藤|花叶蔓|三角梅桩|花球|常青藤|蔓长春|勒杜鹃|叶子花,Y
1693,园林绿化,园林植物,地被植物,园林绿化 > 园林植物 > 地被植物,3,0.05,5%,LANDSCAPE_PLANT,园林植物,经验估算,苗木、草皮考虑运输、栽植和成活率风险，按 5.0% 采购备损。,本节点适用,景天|灯心草|珊瑚|羊齿|金盘|千蕨菜|斑叶草|叶子花,Y
1694,园林绿化,园林植物,棕榈科植物,园林绿化 > 园林植物 > 棕榈科植物,3,0.05,5%,LANDSCAPE_PLANT,园林植物,经验估算,苗木、草皮考虑运输、栽植和成活率风险，按 5.0% 采购备损。,本节点适用,矮棕榈|海藻|棕树|棕皮树,Y
1695,园林绿化,园林植物,观赏竹类,园林绿化 > 园林植物 > 观赏竹类,3,0.05,5%,LANDSCAPE_PLANT,园林植物,经验估算,苗木、草皮考虑运输、栽植和成活率风险，按 5.0% 采购备损。,本节点适用,水棕竹|碧竹|小琴丝,Y
1696,园林绿化,园林植物,花卉,园林绿化 > 园林植物 > 花卉,3,0.05,5%,LANDSCAPE_PLANT,园林植物,经验估算,苗木、草皮考虑运输、栽植和成活率风险，按 5.0% 采购备损。,本节点适用,小菊|菊花|酢浆草|醡浆草|千屈草|麻莲|凤仙花|矮萱草|金莲|五爪金龙,Y
1697,园林绿化,园林植物,盆景,园林绿化 > 园林植物 > 盆景,3,0.05,5%,LANDSCAPE_PLANT,园林植物,经验估算,苗木、草皮考虑运输、栽植和成活率风险，按 5.0% 采购备损。,本节点适用,根榕|树桩|垂榕柱|叶子花桩,Y
1698,园林绿化,园林植物,绿篱,园林绿化 > 园林植物 > 绿篱,3,0.05,5%,LANDSCAPE_PLANT,园林植物,经验估算,苗木、草皮考虑运输、栽植和成活率风险，按 5.0% 采购备损。,本节点适用,黄杨|珊瑚,Y
1699,园林绿化,园林植物,水生植物,园林绿化 > 园林植物 > 水生植物,3,0.05,5%,LANDSCAPE_PLANT,园林植物,经验估算,苗木、草皮考虑运输、栽植和成活率风险，按 5.0% 采购备损。,本节点适用,昌蒲,Y
1700,园林绿化,园林植物,草坪、草籽,园林绿化 > 园林植物 > 草坪、草籽,3,0.05,5%,LANDSCAPE_PLANT,园林植物,经验估算,苗木、草皮考虑运输、栽植和成活率风险，按 5.0% 采购备损。,本节点适用,酢酱草|种子|草坪|草籽|草皮,Y
1701,园林绿化,园林植物,林木种子,园林绿化 > 园林植物 > 林木种子,3,0.05,5%,LANDSCAPE_PLANT,园林植物,经验估算,苗木、草皮考虑运输、栽植和成活率风险，按 5.0% 采购备损。,本节点适用,,Y
1702,园林绿化,园林植物,其他园林植物,园林绿化 > 园林植物 > 其他园林植物,3,0.05,5%,LANDSCAPE_PLANT,园林植物,经验估算,苗木、草皮考虑运输、栽植和成活率风险，按 5.0% 采购备损。,本节点适用,,Y
186,园林绿化,景观材料,园林雕塑,园林绿化 > 景观材料 > 园林雕塑,3,0.01,1%,GENERAL_FINISHED_PRODUCT,一般成品件,经验估算,未细分成品件按运输、安装破损和备件 1.0%。,本节点适用,雕塑|圆雕,Y
1703,园林绿化,景观材料,假山、观景石,园林绿化 > 景观材料 > 假山、观景石,3,0.03,3%,SAND_STONE,砂石粉灰土,公开资料/本地定额,砂、石、粉、灰、土等散料按 3.0% 估算。,本节点适用,罗汉石,Y
96,园林绿化,景观材料,喷泉,园林绿化 > 景观材料 > 喷泉,3,0.01,1%,GENERAL_FINISHED_PRODUCT,一般成品件,经验估算,未细分成品件按运输、安装破损和备件 1.0%。,本节点适用,喷水盆,Y
1704,园林绿化,园艺资材,化肥、农药、杀虫剂,园林绿化 > 园艺资材 > 化肥、农药、杀虫剂,3,0.03,3%,CHEMICAL_OIL,油品/化工原料,公开资料/本地定额,油品、化工原料按容器残留、配制和现场损耗 3.0%。,本节点适用,,Y
1705,园林绿化,园艺资材,种植土,园林绿化 > 园艺资材 > 种植土,3,0.03,3%,SAND_STONE,砂石粉灰土,公开资料/本地定额,砂、石、粉、灰、土等散料按 3.0% 估算。,本节点适用,种植土|腐殖土,Y
187,园林绿化,园艺资材,园艺资材,园林绿化 > 园艺资材 > 园艺资材,3,0.03,3%,CHEMICAL_OIL,油品/化工原料,公开资料/本地定额,油品、化工原料按容器残留、配制和现场损耗 3.0%。,本节点适用,,Y
1706,园林绿化,园艺资材,浇水喷头,园林绿化 > 园艺资材 > 浇水喷头,3,0.03,3%,CHEMICAL_OIL,油品/化工原料,公开资料/本地定额,油品、化工原料按容器残留、配制和现场损耗 3.0%。,本节点适用,,Y
1707,园林绿化,园艺资材,苗木检修、栽培器材,园林绿化 > 园艺资材 > 苗木检修、栽培器材,3,0.03,3%,CHEMICAL_OIL,油品/化工原料,公开资料/本地定额,油品、化工原料按容器残留、配制和现场损耗 3.0%。,本节点适用,高枝剪|绿篱机|草坪机|大草剪|树枝剪,Y
1708,园林绿化,园艺资材,其他园林绿化器材,园林绿化 > 园艺资材 > 其他园林绿化器材,3,0.03,3%,CHEMICAL_OIL,油品/化工原料,公开资料/本地定额,油品、化工原料按容器残留、配制和现场损耗 3.0%。,本节点适用,,Y
1709,仿古建筑材料,琉璃仿古材料,琉璃砖,仿古建筑材料 > 琉璃仿古材料 > 琉璃砖,3,0.03,3%,BRICK,砖,公开资料/本地定额,普通砖、烧结砖砌体本地校准为 3.0%。,本节点适用,,Y
1710,仿古建筑材料,琉璃仿古材料,琉璃瓦件,仿古建筑材料 > 琉璃仿古材料 > 琉璃瓦件,3,0.02,2%,CONCRETE_PRODUCTS,混凝土制品/瓦,公开资料/本地定额,成品混凝土制品、瓦类以破损和切割损耗为主，取 2.0%。,本节点适用,西瓦|琉璃瓦,Y
1711,仿古建筑材料,琉璃仿古材料,琉璃人、兽材料,仿古建筑材料 > 琉璃仿古材料 > 琉璃人、兽材料,3,0.04,4%,ANCIENT_BUILDING,仿古建筑材料,经验估算,琉璃、黏土、木制仿古材料按破损与裁切 4.0%。,本节点适用,,Y
1712,仿古建筑材料,琉璃仿古材料,其他琉璃仿古材料,仿古建筑材料 > 琉璃仿古材料 > 其他琉璃仿古材料,3,0.04,4%,ANCIENT_BUILDING,仿古建筑材料,经验估算,琉璃、黏土、木制仿古材料按破损与裁切 4.0%。,本节点适用,,Y
1713,仿古建筑材料,黏土仿古材料,黏土砖,仿古建筑材料 > 黏土仿古材料 > 黏土砖,3,0.03,3%,SAND_STONE,砂石粉灰土,公开资料/本地定额,砂、石、粉、灰、土等散料按 3.0% 估算。,本节点适用,条砖|青条砖|坨砖,Y
1714,仿古建筑材料,黏土仿古材料,黏土瓦件,仿古建筑材料 > 黏土仿古材料 > 黏土瓦件,3,0.03,3%,SAND_STONE,砂石粉灰土,公开资料/本地定额,砂、石、粉、灰、土等散料按 3.0% 估算。,本节点适用,花脊瓦|日式和瓦|龙脊|沟瓦|水沟瓦|平板瓦|连锁瓦|尖翘角|挡钩|平脊瓦|模压阴阳|花沟头|猫头瓦|线脊瓦|屋脊板|四叶花空,Y
1715,仿古建筑材料,黏土仿古材料,黏土人、兽材料,仿古建筑材料 > 黏土仿古材料 > 黏土人、兽材料,3,0.03,3%,SAND_STONE,砂石粉灰土,公开资料/本地定额,砂、石、粉、灰、土等散料按 3.0% 估算。,本节点适用,宝顶|兽正吻|宝珠|垂兽|兽头,Y
1716,仿古建筑材料,黏土仿古材料,其他黏土仿古材料,仿古建筑材料 > 黏土仿古材料 > 其他黏土仿古材料,3,0.03,3%,SAND_STONE,砂石粉灰土,公开资料/本地定额,砂、石、粉、灰、土等散料按 3.0% 估算。,本节点适用,封头,Y
1717,仿古建筑材料,木制仿古材料,木制仿古材料,仿古建筑材料 > 木制仿古材料 > 木制仿古材料,3,0.03,3%,WOOD_FINISHED,成品木制品/木地板/竹制品,公开资料/本地定额,成品木制品、木地板、竹制品安装损耗，裁切量少，取3%。,本节点适用,,Y
1718,仿古建筑材料,其他仿古材料,仿古油饰、彩绘材料,仿古建筑材料 > 其他仿古材料 > 仿古油饰、彩绘材料,3,0.04,4%,ANCIENT_BUILDING,仿古建筑材料,经验估算,琉璃、黏土、木制仿古材料按破损与裁切 4.0%。,本节点适用,,Y
1719,仿古建筑材料,其他仿古材料,裱糊材料,仿古建筑材料 > 其他仿古材料 > 裱糊材料,3,0.04,4%,ANCIENT_BUILDING,仿古建筑材料,经验估算,琉璃、黏土、木制仿古材料按破损与裁切 4.0%。,本节点适用,,Y
141,仿古建筑材料,其他仿古材料,其他仿古材料,仿古建筑材料 > 其他仿古材料 > 其他仿古材料,3,0.04,4%,ANCIENT_BUILDING,仿古建筑材料,经验估算,琉璃、黏土、木制仿古材料按破损与裁切 4.0%。,本节点适用,,Y
1720,体育休闲设施,康体健身设施,田径设施,体育休闲设施 > 康体健身设施 > 田径设施,3,0.01,1%,GENERAL_FINISHED_PRODUCT,一般成品件,经验估算,未细分成品件按运输、安装破损和备件 1.0%。,本节点适用,跳箱|投掷圈|排球场|接力棒|实心球|球场|跳高垫|体操棒|抵趾板|跨栏架|标枪|起跑器|运动场地|运动场|垒球|拔河绳|道次墩|球场地面|跑道|草坪|记圈牌|网球场|塑胶地面|铁饼|发令弹|跳高架|硅PU|足球场|发令枪,Y
1721,体育休闲设施,康体健身设施,室内球馆设施,体育休闲设施 > 康体健身设施 > 室内球馆设施,3,0.01,1%,GENERAL_FINISHED_PRODUCT,一般成品件,经验估算,未细分成品件按运输、安装破损和备件 1.0%。,本节点适用,篮球架|翻分架|篮架|羽毛球柱|篮球|板羽球|桌球台|篮板|板羽球拍|篮网|羽毛球拍|乒乓台|两用架|乒乓桌|羽毛球|篮圈|羽毛球架|排球,Y
1722,体育休闲设施,康体健身设施,室外球场设施,体育休闲设施 > 康体健身设施 > 室外球场设施,3,0.01,1%,GENERAL_FINISHED_PRODUCT,一般成品件,经验估算,未细分成品件按运输、安装破损和备件 1.0%。,本节点适用,足球网|防护棚|足球,Y
1723,体育休闲设施,康体健身设施,游泳馆设施,体育休闲设施 > 康体健身设施 > 游泳馆设施,3,0.01,1%,GENERAL_FINISHED_PRODUCT,一般成品件,经验估算,未细分成品件按运输、安装破损和备件 1.0%。,本节点适用,,Y
1724,体育休闲设施,康体健身设施,健身设施,体育休闲设施 > 康体健身设施 > 健身设施,3,0.01,1%,GENERAL_FINISHED_PRODUCT,一般成品件,经验估算,未细分成品件按运输、安装破损和备件 1.0%。,本节点适用,倒立机|举重架|翘板|倒立架|扭腰|臂力器|滚轮|滑船器|锻炼器|晃椅|云梯|骑马机|按摩器|大飞鸟|呼拉桥|健腰器|漫步器|连环跳|跑步机垫|遥遥马|仰卧起坐|压脚器|压腿器|滑雪器|史密斯机|角力器|扭腰器|训练器|爬绳|滑行器|旋转盘|单杠|太极推揉器|椭圆机|侧摆器|平板凳|龙舟|呼啦圈|哑铃|梅花桩|踏步机|坐推器|坐蹬器|双人双杠|靠背凳|晃板|平步机|引体向上|罗马椅|俯卧撑架|大转盘|单杆|划船器|小飞鸟|训练机|举重杆|健身车|吊环|肋木梁|太极推盘|伸蹲架|环圆机|伸腰器|悬空转轮|吊梯|攀梯|踏步器|肋木|伸背器|伸展器|大山羊|平凳|牵引器|太极揉推轮|太极推手|直型杆|训练架|荡椅|娃娃跳|软梯|坐蹬腿|吊桩|压腿|跳马|按摩棒|健身机|斜托凳|跑步器|组合滑梯|康复器|漫步机|伸腰架|旋转轮|康复机|活动器|坐推|爬杆|转腰器|旋风轮|蹬腿器|太空球|仰卧版|按摩枕|双位双杠|摸高架|高低杠|拉力器|蹬力器|引体器|水车|组合器|助跳板|浪板|高低单杠|腹肌架|撞球台|肋木架|立撑器|仰卧板|太极轮|扭腰桥|棋盘桌|摸高器|体操垫|腹肌板|平衡木|棋牌桌|旋转器|压腿架|摩背器|健跑机|荡桥|揉推器|健腹板|攀爬架|腰背按摩|赛艇|荡板|骑马器|大转轮|跑步机|说明牌|小山羊|攀登架|养生椅|太极揉推|踏桩|太极云手|弹振压腿|美腰机|推手器|坐蹬|触摸屏|扭腰步道|伸背架|转轮|压脚|展背架|动感单车|呼啦桥,Y
1725,体育休闲设施,康体健身设施,攀岩设施,体育休闲设施 > 康体健身设施 > 攀岩设施,3,0.01,1%,GENERAL_FINISHED_PRODUCT,一般成品件,经验估算,未细分成品件按运输、安装破损和备件 1.0%。,本节点适用,,Y
91,体育休闲设施,康体健身设施,其他体育休闲设施,体育休闲设施 > 康体健身设施 > 其他体育休闲设施,3,0.0,0%,EQUIPMENT_COMPLETE,成套设备/仪器/家具,口径判断,按台套、件、系统成品采购，施工材料净用量损耗率不适用；采购计算中按 0% 处理。,本节点适用,飞盘|角旗|跳远垫|哑铃架|儿童乐园|把杆|算盘|包胶片|沙袋|号码牌|小孔杆|跆拳道垫|战术板|秒表|换人牌|武术棍|海绵垫|文件夹|武术剑|记分牌|皮球|沙包|计时器|手旗|不倒翁|跳绳|拉力带|鸡毛毽|红黄牌,Y
1726,体育休闲设施,康体游乐设施,水上游乐设施,体育休闲设施 > 康体游乐设施 > 水上游乐设施,3,0.01,1%,GENERAL_FINISHED_PRODUCT,一般成品件,经验估算,未细分成品件按运输、安装破损和备件 1.0%。,本节点适用,,Y
1727,体育休闲设施,康体游乐设施,保龄球设施,体育休闲设施 > 康体游乐设施 > 保龄球设施,3,0.01,1%,GENERAL_FINISHED_PRODUCT,一般成品件,经验估算,未细分成品件按运输、安装破损和备件 1.0%。,本节点适用,,Y
1728,体育休闲设施,康体游乐设施,滑雪溜冰设施,体育休闲设施 > 康体游乐设施 > 滑雪溜冰设施,3,0.01,1%,GENERAL_FINISHED_PRODUCT,一般成品件,经验估算,未细分成品件按运输、安装破损和备件 1.0%。,本节点适用,,Y
180,道路桥梁专用材料,道路用构件及加工件,道路管井、沟槽等构件,道路桥梁专用材料 > 道路用构件及加工件 > 道路管井、沟槽等构件,3,0.03,3%,ROAD_BRIDGE,道路桥梁材料,经验估算,路面、路基、防护标志材料按铺筑、切割、破损综合 3.0%。,本节点适用,收口井|树坑蓖|平板井|沟盖|漏缝板|雨水箅子|井环盖|箅子|单篦|套篦|雨水井|隐形井|弱电井|90度井座|井圈盖|井篦子|雨水盖|井圈|水篦|阴井|圆井|井盖板|90度井|井篦|篦子|水篦盖|45°井|雨水口|井座|防盗套算|环盖|静音井盖|45度井|井上盖|护树板|污水井|内检井环|套蓖|调节井座|双篦|进水井|井箅|伽利井|集水井|水箅|方井,Y
146,道路桥梁专用材料,道路用构件及加工件,路桥接口材料,道路桥梁专用材料 > 道路用构件及加工件 > 路桥接口材料,3,0.03,3%,ROAD_BRIDGE,道路桥梁材料,经验估算,路面、路基、防护标志材料按铺筑、切割、破损综合 3.0%。,本节点适用,橡胶支座|球型支座,Y
1729,道路桥梁专用材料,路面材料,路面天然石构件,道路桥梁专用材料 > 路面材料 > 路面天然石构件,3,0.03,3%,SAND_STONE,砂石粉灰土,公开资料/本地定额,砂、石、粉、灰、土等散料按 3.0% 估算。,本节点适用,路肩石|路缘砖|流水石|围边砖|道牙|树池框|道岩石|缘石|镶边石|路牙|侧石|平侧石|路条石|嵌边石|树池口|树坑石|收边石|树围|围花砖|道沿石|平沿石|树洞石,Y
1730,道路桥梁专用材料,路面材料,路面砖、广场砖,道路桥梁专用材料 > 路面材料 > 路面砖、广场砖,3,0.03,3%,BRICK,砖,公开资料/本地定额,普通砖、烧结砖砌体本地校准为 3.0%。,本节点适用,肓道砖|码头砖|石砖|土工砖|红路砖|互锁砖|石英砂砖|条形砖|压制砖|水磨砖|植草转|花格砖|特长砖|景观砖|渗水砖|方块砖|仿石砖|转向砖|光亮砖|缸砖|角砖|条型砖|特盲砖|树穴砖|广场砖|韩版砖|韩国砖|装饰砖|环保砖|防滑砖|树围石|枫叶砖|路沿砖|路砖|道板砖|科达砖|九孔砖|方格砖|80型砖|九孔草砖|薄砖|机压砖|花型砖|前行砖|曲波砖|诱水砖|导盲砖|砼砖|草池砖|仿石板|十字砖|彩砖|挡土墙|旗格砖|六棱砖|联锁砖|棋格砖|滚磨装饰薄片|生态砂砖|嵌草砖|防尘转|条纹转|条纹砖|西班牙砖|曲波转,Y
1731,道路桥梁专用材料,路基材料,路用基层材料,道路桥梁专用材料 > 路基材料 > 路用基层材料,3,0.03,3%,ROAD_BRIDGE,道路桥梁材料,经验估算,路面、路基、防护标志材料按铺筑、切割、破损综合 3.0%。,本节点适用,混合土|混合料,Y
1732,道路桥梁专用材料,防护与标志材料,防撞装置,道路桥梁专用材料 > 防护与标志材料 > 防撞装置,3,0.03,3%,ROAD_BRIDGE,道路桥梁材料,经验估算,路面、路基、防护标志材料按铺筑、切割、破损综合 3.0%。,本节点适用,防撞栏|揉性柱|防护桩|防撞条|防护柱|防撞筒|防撞墩|安全岛,Y
1733,道路桥梁专用材料,防护与标志材料,隔离装置,道路桥梁专用材料 > 防护与标志材料 > 隔离装置,3,0.03,3%,ROAD_BRIDGE,道路桥梁材料,经验估算,路面、路基、防护标志材料按铺筑、切割、破损综合 3.0%。,本节点适用,路桩|挡轮杆|塑胶支座|警示桩|防护桩|限位器|档车器|护栏板|限高标杆,Y
1734,道路桥梁专用材料,防护与标志材料,交通（安全）标志,道路桥梁专用材料 > 防护与标志材料 > 交通（安全）标志,3,0.03,3%,ROAD_BRIDGE,道路桥梁材料,经验估算,路面、路基、防护标志材料按铺筑、切割、破损综合 3.0%。,本节点适用,禁止烟火牌|圆牌|三角牌|限高牌|标志杆|车贴|导向标|禁止牌|色条|警示标志|标志|禁令标志|板面|禁行牌|转角镜|限速牌|凸面镜|道路指示|标示牌|门头标|活动标志|标志牌|反光贴|诱导牌|放大号|禁停区|出入口牌|标语牌|指示标志|导向标志|导向牌|双行牌|指示牌|管理牌|标牌|P牌|反光膜|附牌|指路牌|A字牌,Y
1735,道路桥梁专用材料,防护与标志材料,车位锁,道路桥梁专用材料 > 防护与标志材料 > 车位锁,3,0.03,3%,ROAD_BRIDGE,道路桥梁材料,经验估算,路面、路基、防护标志材料按铺筑、切割、破损综合 3.0%。,本节点适用,车轮锁,Y
182,道路桥梁专用材料,防护与标志材料,护栏、防护栏、隔离栅,道路桥梁专用材料 > 防护与标志材料 > 护栏、防护栏、隔离栅,3,0.03,3%,ROAD_BRIDGE,道路桥梁材料,经验估算,路面、路基、防护标志材料按铺筑、切割、破损综合 3.0%。,本节点适用,波形护栏|围栏网,Y
1736,道路桥梁专用材料,岗亭,交通岗亭,道路桥梁专用材料 > 岗亭 > 交通岗亭,3,0.01,1%,GENERAL_FINISHED_PRODUCT,一般成品件,经验估算,未细分成品件按运输、安装破损和备件 1.0%。,本节点适用,保安房|门卫亭|岗亭|保安亭,Y
1737,道路桥梁专用材料,岗亭,其他岗亭,道路桥梁专用材料 > 岗亭 > 其他岗亭,3,0.01,1%,GENERAL_FINISHED_PRODUCT,一般成品件,经验估算,未细分成品件按运输、安装破损和备件 1.0%。,本节点适用,,Y
1312,道路桥梁专用材料,其他交通设施,信号灯,道路桥梁专用材料 > 其他交通设施 > 信号灯,3,0.01,1%,GENERAL_FINISHED_PRODUCT,一般成品件,经验估算,未细分成品件按运输、安装破损和备件 1.0%。,本节点适用,,Y
94,道路桥梁专用材料,其他交通设施,其他交通设施,道路桥梁专用材料 > 其他交通设施 > 其他交通设施,3,0.01,1%,GENERAL_FINISHED_PRODUCT,一般成品件,经验估算,未细分成品件按运输、安装破损和备件 1.0%。,本节点适用,,Y
1738,轨道交通专用材料及设备,钢轨、轨枕,钢轨及钢轨配件,轨道交通专用材料及设备 > 钢轨、轨枕 > 钢轨及钢轨配件,3,0.03,3%,ROAD_BRIDGE,道路桥梁材料,经验估算,路面、路基、防护标志材料按铺筑、切割、破损综合 3.0%。,本节点适用,轻轨,Y
1739,轨道交通专用材料及设备,钢轨、轨枕,轨枕（岔枕）,轨道交通专用材料及设备 > 钢轨、轨枕 > 轨枕（岔枕）,3,0.03,3%,ROAD_BRIDGE,道路桥梁材料,经验估算,路面、路基、防护标志材料按铺筑、切割、破损综合 3.0%。,本节点适用,,Y
1740,轨道交通专用材料及设备,钢轨、轨枕,道岔,轨道交通专用材料及设备 > 钢轨、轨枕 > 道岔,3,0.03,3%,ROAD_BRIDGE,道路桥梁材料,经验估算,路面、路基、防护标志材料按铺筑、切割、破损综合 3.0%。,本节点适用,,Y
1741,轨道交通专用材料及设备,信号器材,道口信号器材,轨道交通专用材料及设备 > 信号器材 > 道口信号器材,3,0.0,0%,EQUIPMENT_COMPLETE,成套设备/仪器/家具,口径判断,按台套、件、系统成品采购，施工材料净用量损耗率不适用；采购计算中按 0% 处理。,本节点适用,,Y
1742,轨道交通专用材料及设备,信号器材,信号线路连接附件,轨道交通专用材料及设备 > 信号器材 > 信号线路连接附件,3,0.0,0%,EQUIPMENT_COMPLETE,成套设备/仪器/家具,口径判断,按台套、件、系统成品采购，施工材料净用量损耗率不适用；采购计算中按 0% 处理。,本节点适用,,Y
1743,轨道交通专用材料及设备,信号器材,车载定位装置,轨道交通专用材料及设备 > 信号器材 > 车载定位装置,3,0.0,0%,EQUIPMENT_COMPLETE,成套设备/仪器/家具,口径判断,按台套、件、系统成品采购，施工材料净用量损耗率不适用；采购计算中按 0% 处理。,本节点适用,,Y
1744,轨道交通专用材料及设备,信号器材,其他轨道信号器材,轨道交通专用材料及设备 > 信号器材 > 其他轨道信号器材,3,0.0,0%,EQUIPMENT_COMPLETE,成套设备/仪器/家具,口径判断,按台套、件、系统成品采购，施工材料净用量损耗率不适用；采购计算中按 0% 处理。,本节点适用,,Y
1745,轨道交通专用材料及设备,信号器材,车载设备配线装置,轨道交通专用材料及设备 > 信号器材 > 车载设备配线装置,3,0.0,0%,EQUIPMENT_COMPLETE,成套设备/仪器/家具,口径判断,按台套、件、系统成品采购，施工材料净用量损耗率不适用；采购计算中按 0% 处理。,本节点适用,,Y
1746,轨道交通专用材料及设备,信号器材,信号设备装置,轨道交通专用材料及设备 > 信号器材 > 信号设备装置,3,0.0,0%,EQUIPMENT_COMPLETE,成套设备/仪器/家具,口径判断,按台套、件、系统成品采购，施工材料净用量损耗率不适用；采购计算中按 0% 处理。,本节点适用,,Y
1747,轨道交通专用材料及设备,轨道智能化系统,轨道综合监控系统SCADSA,轨道交通专用材料及设备 > 轨道智能化系统 > 轨道综合监控系统SCADSA,3,0.0,0%,EQUIPMENT_COMPLETE,成套设备/仪器/家具,口径判断,按台套、件、系统成品采购，施工材料净用量损耗率不适用；采购计算中按 0% 处理。,本节点适用,,Y
1748,轨道交通专用材料及设备,轨道智能化系统,自动售检票系统AFC,轨道交通专用材料及设备 > 轨道智能化系统 > 自动售检票系统AFC,3,0.0,0%,EQUIPMENT_COMPLETE,成套设备/仪器/家具,口径判断,按台套、件、系统成品采购，施工材料净用量损耗率不适用；采购计算中按 0% 处理。,本节点适用,,Y
1749,轨道交通专用材料及设备,轨道智能化系统,行车智能化与控制系统,轨道交通专用材料及设备 > 轨道智能化系统 > 行车智能化与控制系统,3,0.0,0%,EQUIPMENT_COMPLETE,成套设备/仪器/家具,口径判断,按台套、件、系统成品采购，施工材料净用量损耗率不适用；采购计算中按 0% 处理。,本节点适用,,Y
1750,轨道交通专用材料及设备,轨道智能化系统,环境监控系统,轨道交通专用材料及设备 > 轨道智能化系统 > 环境监控系统,3,0.0,0%,EQUIPMENT_COMPLETE,成套设备/仪器/家具,口径判断,按台套、件、系统成品采购，施工材料净用量损耗率不适用；采购计算中按 0% 处理。,本节点适用,,Y
1751,轨道交通专用材料及设备,轨道智能化系统,客运信息系统,轨道交通专用材料及设备 > 轨道智能化系统 > 客运信息系统,3,0.0,0%,EQUIPMENT_COMPLETE,成套设备/仪器/家具,口径判断,按台套、件、系统成品采购，施工材料净用量损耗率不适用；采购计算中按 0% 处理。,本节点适用,,Y
1752,轨道交通专用材料及设备,防雷设备装置,防雷设备装置,轨道交通专用材料及设备 > 防雷设备装置 > 防雷设备装置,3,0.02,2%,ELECTRICAL_ACCESSORY,电气附件,公开资料/本地定额,开关、插座、接线端子、绝缘、防雷接地等附件按 2.0%。,本节点适用,,Y
1753,轨道交通专用材料及设备,其他轨道交通材料,鱼尾板,轨道交通专用材料及设备 > 其他轨道交通材料 > 鱼尾板,3,0.03,3%,OTHER_MATERIAL_LOW_CONF,其他材料,经验估算,未命中细分规则的材料按通用采购损耗 3.0%，需要后续用企业历史采购数据校准。,本节点适用,,Y
178,轨道交通专用材料及设备,其他轨道交通材料,轨道用辅助材料,轨道交通专用材料及设备 > 其他轨道交通材料 > 轨道用辅助材料,3,0.03,3%,OTHER_MATERIAL_LOW_CONF,其他材料,经验估算,未命中细分规则的材料按通用采购损耗 3.0%，需要后续用企业历史采购数据校准。,本节点适用,,Y
1754,轨道交通专用材料及设备,其他轨道交通材料,轨道用工器具,轨道交通专用材料及设备 > 其他轨道交通材料 > 轨道用工器具,3,,,NA_TURNOVER_TOOL,周转/工器具不适用,口径判断,模板、脚手架、工器具更适合按周转次数、租赁或摊销量计算，不宜使用一次性施工损耗率。,不适用,,N
1755,轨道交通专用材料及设备,其他轨道交通材料,轨道线路检测设备,轨道交通专用材料及设备 > 其他轨道交通材料 > 轨道线路检测设备,3,0.0,0%,EQUIPMENT_COMPLETE,成套设备/仪器/家具,口径判断,按台套、件、系统成品采购，施工材料净用量损耗率不适用；采购计算中按 0% 处理。,本节点适用,,Y
1756,轨道交通专用材料及设备,其他轨道交通材料,线路养护设备,轨道交通专用材料及设备 > 其他轨道交通材料 > 线路养护设备,3,0.0,0%,EQUIPMENT_COMPLETE,成套设备/仪器/家具,口径判断,按台套、件、系统成品采购，施工材料净用量损耗率不适用；采购计算中按 0% 处理。,本节点适用,,Y
1757,轨道交通专用材料及设备,其他轨道交通材料,接触网零配件,轨道交通专用材料及设备 > 其他轨道交通材料 > 接触网零配件,3,0.01,1%,GENERAL_FINISHED_PRODUCT,一般成品件,经验估算,未细分成品件按运输、安装破损和备件 1.0%。,本节点适用,,Y
170,厨房设备,存储设备,冷藏、冷冻柜（库）,厨房设备 > 存储设备 > 冷藏、冷冻柜（库）,3,0.0,0%,EQUIPMENT_COMPLETE,成套设备/仪器/家具,口径判断,按台套、件、系统成品采购，施工材料净用量损耗率不适用；采购计算中按 0% 处理。,本节点适用,沙拉柜|冷柜,Y
1758,厨房设备,存储设备,展示柜、保鲜柜,厨房设备 > 存储设备 > 展示柜、保鲜柜,3,0.0,0%,EQUIPMENT_COMPLETE,成套设备/仪器/家具,口径判断,按台套、件、系统成品采购，施工材料净用量损耗率不适用；采购计算中按 0% 处理。,本节点适用,,Y
1759,厨房设备,存储设备,餐柜,厨房设备 > 存储设备 > 餐柜,3,0.0,0%,EQUIPMENT_COMPLETE,成套设备/仪器/家具,口径判断,按台套、件、系统成品采购，施工材料净用量损耗率不适用；采购计算中按 0% 处理。,本节点适用,吊柜|网柜|纱门饼柜|汤池柜|存放柜,Y
1760,厨房设备,存储设备,餐架,厨房设备 > 存储设备 > 餐架,3,0.0,0%,EQUIPMENT_COMPLETE,成套设备/仪器/家具,口径判断,按台套、件、系统成品采购，施工材料净用量损耗率不适用；采购计算中按 0% 处理。,本节点适用,菜架|盆架|双层上架|存放架,Y
1761,厨房设备,存储设备,餐车,厨房设备 > 存储设备 > 餐车,3,0.0,0%,EQUIPMENT_COMPLETE,成套设备/仪器/家具,口径判断,按台套、件、系统成品采购，施工材料净用量损耗率不适用；采购计算中按 0% 处理。,本节点适用,饭桶|售卖台,Y
1762,厨房设备,洗涤与消毒设备,洗碗机,厨房设备 > 洗涤与消毒设备 > 洗碗机,3,0.01,1%,SANITARY_FIXTURE,洁具/燃气器具,经验估算,洁具、燃气器具为成品采购，取 1.0% 备损。,本节点适用,,Y
1763,厨房设备,洗涤与消毒设备,消毒柜,厨房设备 > 洗涤与消毒设备 > 消毒柜,3,0.01,1%,SANITARY_FIXTURE,洁具/燃气器具,经验估算,洁具、燃气器具为成品采购，取 1.0% 备损。,本节点适用,毛巾柜,Y
1764,厨房设备,洗涤与消毒设备,洗刷台、洗涮柜,厨房设备 > 洗涤与消毒设备 > 洗刷台、洗涮柜,3,0.01,1%,SANITARY_FIXTURE,洁具/燃气器具,经验估算,洁具、燃气器具为成品采购，取 1.0% 备损。,本节点适用,洁碟台|洗刷池,Y
1765,厨房设备,洗涤与消毒设备,盆台,厨房设备 > 洗涤与消毒设备 > 盆台,3,0.01,1%,SANITARY_FIXTURE,洁具/燃气器具,经验估算,洁具、燃气器具为成品采购，取 1.0% 备损。,本节点适用,,Y
1766,厨房设备,调理设备,操作台、操作柜,厨房设备 > 调理设备 > 操作台、操作柜,3,0.0,0%,EQUIPMENT_COMPLETE,成套设备/仪器/家具,口径判断,按台套、件、系统成品采购，施工材料净用量损耗率不适用；采购计算中按 0% 处理。,本节点适用,残食台|砧板台|台面|调料台|污碟台|工作柜|操作台|工作台|售饭台|残渣台|防潮台|操作柜,Y
1767,厨房设备,调理设备,小型食品加工机械,厨房设备 > 调理设备 > 小型食品加工机械,3,0.0,0%,EQUIPMENT_COMPLETE,成套设备/仪器/家具,口径判断,按台套、件、系统成品采购，施工材料净用量损耗率不适用；采购计算中按 0% 处理。,本节点适用,,Y
1768,厨房设备,烹调设备,炉具,厨房设备 > 烹调设备 > 炉具,3,0.0,0%,EQUIPMENT_COMPLETE,成套设备/仪器/家具,口径判断,按台套、件、系统成品采购，施工材料净用量损耗率不适用；采购计算中按 0% 处理。,本节点适用,坑扒炉|圆饼炉|锅炉|炸炉|煮面炉|汤桶|汤面炉|平扒炉,Y
1769,厨房设备,烹调设备,灶具,厨房设备 > 烹调设备 > 灶具,3,0.0,0%,EQUIPMENT_COMPLETE,成套设备/仪器/家具,口径判断,按台套、件、系统成品采购，施工材料净用量损耗率不适用；采购计算中按 0% 处理。,本节点适用,一温灶|单灶|双灶|柴油灶|环保灶|炒灶|双头炉|小炒炉|中餐灶|煤气灶,Y
1770,厨房设备,烹调设备,烤箱及蒸具,厨房设备 > 烹调设备 > 烤箱及蒸具,3,0.0,0%,EQUIPMENT_COMPLETE,成套设备/仪器/家具,口径判断,按台套、件、系统成品采购，施工材料净用量损耗率不适用；采购计算中按 0% 处理。,本节点适用,蒸饭车|蒸箱,Y
1771,厨房设备,进餐设备,餐桌、餐椅,厨房设备 > 进餐设备 > 餐桌、餐椅,3,0.0,0%,EQUIPMENT_COMPLETE,成套设备/仪器/家具,口径判断,按台套、件、系统成品采购，施工材料净用量损耗率不适用；采购计算中按 0% 处理。,本节点适用,餐椅|餐桌|钢椅,Y
1772,厨房设备,排油排烟设备,抽油烟机,厨房设备 > 排油排烟设备 > 抽油烟机,3,0.0,0%,EQUIPMENT_COMPLETE,成套设备/仪器/家具,口径判断,按台套、件、系统成品采购，施工材料净用量损耗率不适用；采购计算中按 0% 处理。,本节点适用,吸油烟机,Y
1773,厨房设备,排油排烟设备,其他排烟设备,厨房设备 > 排油排烟设备 > 其他排烟设备,3,0.0,0%,EQUIPMENT_COMPLETE,成套设备/仪器/家具,口径判断,按台套、件、系统成品采购，施工材料净用量损耗率不适用；采购计算中按 0% 处理。,本节点适用,除味器|厨房油烟净化设备|储油器|集烟箱|油网烟罩|收集器|烟罩|油烟净化机组,Y
138,家具及医疗器具,家用家具,椅凳类,家具及医疗器具 > 家用家具 > 椅凳类,3,0.0,0%,EQUIPMENT_COMPLETE,成套设备/仪器/家具,口径判断,按台套、件、系统成品采购，施工材料净用量损耗率不适用；采购计算中按 0% 处理。,本节点适用,桌椅,Y
1774,家具及医疗器具,家用家具,案几类,家具及医疗器具 > 家用家具 > 案几类,3,0.0,0%,EQUIPMENT_COMPLETE,成套设备/仪器/家具,口径判断,按台套、件、系统成品采购，施工材料净用量损耗率不适用；采购计算中按 0% 处理。,本节点适用,,Y
1775,家具及医疗器具,家用家具,橱柜类,家具及医疗器具 > 家用家具 > 橱柜类,3,0.0,0%,EQUIPMENT_COMPLETE,成套设备/仪器/家具,口径判断,按台套、件、系统成品采购，施工材料净用量损耗率不适用；采购计算中按 0% 处理。,本节点适用,,Y
1776,家具及医疗器具,家用家具,床类,家具及医疗器具 > 家用家具 > 床类,3,0.0,0%,EQUIPMENT_COMPLETE,成套设备/仪器/家具,口径判断,按台套、件、系统成品采购，施工材料净用量损耗率不适用；采购计算中按 0% 处理。,本节点适用,婴儿床,Y
1777,家具及医疗器具,家用家具,桌台类,家具及医疗器具 > 家用家具 > 桌台类,3,0.0,0%,EQUIPMENT_COMPLETE,成套设备/仪器/家具,口径判断,按台套、件、系统成品采购，施工材料净用量损耗率不适用；采购计算中按 0% 处理。,本节点适用,,Y
1778,家具及医疗器具,家用家具,架类,家具及医疗器具 > 家用家具 > 架类,3,0.0,0%,EQUIPMENT_COMPLETE,成套设备/仪器/家具,口径判断,按台套、件、系统成品采购，施工材料净用量损耗率不适用；采购计算中按 0% 处理。,本节点适用,,Y
1779,家具及医疗器具,家用家具,沙发类,家具及医疗器具 > 家用家具 > 沙发类,3,0.0,0%,EQUIPMENT_COMPLETE,成套设备/仪器/家具,口径判断,按台套、件、系统成品采购，施工材料净用量损耗率不适用；采购计算中按 0% 处理。,本节点适用,,Y
10007,家具及医疗器具,家用家具,全屋定制,家具及医疗器具 > 家用家具 > 全屋定制,3,0.0,0%,EQUIPMENT_COMPLETE,成套设备/仪器/家具,口径判断,按台套、件、系统成品采购，施工材料净用量损耗率不适用；采购计算中按 0% 处理。,本节点适用,,Y
204,家具及医疗器具,办公家具,办公桌,家具及医疗器具 > 办公家具 > 办公桌,3,0.0,0%,EQUIPMENT_COMPLETE,成套设备/仪器/家具,口径判断,按台套、件、系统成品采购，施工材料净用量损耗率不适用；采购计算中按 0% 处理。,本节点适用,,Y
1780,家具及医疗器具,办公家具,办公椅,家具及医疗器具 > 办公家具 > 办公椅,3,0.0,0%,EQUIPMENT_COMPLETE,成套设备/仪器/家具,口径判断,按台套、件、系统成品采购，施工材料净用量损耗率不适用；采购计算中按 0% 处理。,本节点适用,,Y
1781,家具及医疗器具,办公家具,会客沙发,家具及医疗器具 > 办公家具 > 会客沙发,3,0.0,0%,EQUIPMENT_COMPLETE,成套设备/仪器/家具,口径判断,按台套、件、系统成品采购，施工材料净用量损耗率不适用；采购计算中按 0% 处理。,本节点适用,,Y
1782,家具及医疗器具,办公家具,办公案几,家具及医疗器具 > 办公家具 > 办公案几,3,0.0,0%,EQUIPMENT_COMPLETE,成套设备/仪器/家具,口径判断,按台套、件、系统成品采购，施工材料净用量损耗率不适用；采购计算中按 0% 处理。,本节点适用,,Y
1783,家具及医疗器具,办公家具,办公柜,家具及医疗器具 > 办公家具 > 办公柜,3,0.0,0%,EQUIPMENT_COMPLETE,成套设备/仪器/家具,口径判断,按台套、件、系统成品采购，施工材料净用量损耗率不适用；采购计算中按 0% 处理。,本节点适用,,Y
1784,家具及医疗器具,办公家具,接待台,家具及医疗器具 > 办公家具 > 接待台,3,0.0,0%,EQUIPMENT_COMPLETE,成套设备/仪器/家具,口径判断,按台套、件、系统成品采购，施工材料净用量损耗率不适用；采购计算中按 0% 处理。,本节点适用,,Y
1785,家具及医疗器具,办公家具,办公架类,家具及医疗器具 > 办公家具 > 办公架类,3,0.0,0%,EQUIPMENT_COMPLETE,成套设备/仪器/家具,口径判断,按台套、件、系统成品采购，施工材料净用量损耗率不适用；采购计算中按 0% 处理。,本节点适用,,Y
1786,家具及医疗器具,办公家具,展柜,家具及医疗器具 > 办公家具 > 展柜,3,0.0,0%,EQUIPMENT_COMPLETE,成套设备/仪器/家具,口径判断,按台套、件、系统成品采购，施工材料净用量损耗率不适用；采购计算中按 0% 处理。,本节点适用,,Y
1787,家具及医疗器具,办公家具,机房移动电脑桌,家具及医疗器具 > 办公家具 > 机房移动电脑桌,3,0.0,0%,EQUIPMENT_COMPLETE,成套设备/仪器/家具,口径判断,按台套、件、系统成品采购，施工材料净用量损耗率不适用；采购计算中按 0% 处理。,本节点适用,,Y
139,家具及医疗器具,医疗器具,病床(护理床),家具及医疗器具 > 医疗器具 > 病床(护理床),3,0.0,0%,EQUIPMENT_COMPLETE,成套设备/仪器/家具,口径判断,按台套、件、系统成品采购，施工材料净用量损耗率不适用；采购计算中按 0% 处理。,本节点适用,,Y
1788,家具及医疗器具,医疗器具,手术床,家具及医疗器具 > 医疗器具 > 手术床,3,0.0,0%,EQUIPMENT_COMPLETE,成套设备/仪器/家具,口径判断,按台套、件、系统成品采购，施工材料净用量损耗率不适用；采购计算中按 0% 处理。,本节点适用,,Y
1789,家具及医疗器具,医疗器具,理疗床,家具及医疗器具 > 医疗器具 > 理疗床,3,0.0,0%,EQUIPMENT_COMPLETE,成套设备/仪器/家具,口径判断,按台套、件、系统成品采购，施工材料净用量损耗率不适用；采购计算中按 0% 处理。,本节点适用,,Y
1790,家具及医疗器具,医疗器具,智能电动垫,家具及医疗器具 > 医疗器具 > 智能电动垫,3,0.0,0%,EQUIPMENT_COMPLETE,成套设备/仪器/家具,口径判断,按台套、件、系统成品采购，施工材料净用量损耗率不适用；采购计算中按 0% 处理。,本节点适用,,Y
1791,家具及医疗器具,医疗器具,厕所凳,家具及医疗器具 > 医疗器具 > 厕所凳,3,0.0,0%,EQUIPMENT_COMPLETE,成套设备/仪器/家具,口径判断,按台套、件、系统成品采购，施工材料净用量损耗率不适用；采购计算中按 0% 处理。,本节点适用,,Y
1792,家具及医疗器具,医疗器具,扶手架,家具及医疗器具 > 医疗器具 > 扶手架,3,0.01,1%,DOOR_WINDOW,门窗成品,公开资料/本地定额,门窗、卷帘、楼梯栏杆等成品或半成品按破损备损 1.0%。,本节点适用,,Y
1793,家具及医疗器具,医疗器具,等候椅,家具及医疗器具 > 医疗器具 > 等候椅,3,0.0,0%,EQUIPMENT_COMPLETE,成套设备/仪器/家具,口径判断,按台套、件、系统成品采购，施工材料净用量损耗率不适用；采购计算中按 0% 处理。,本节点适用,,Y
1794,家具及医疗器具,医疗器具,输液脚蹬椅,家具及医疗器具 > 医疗器具 > 输液脚蹬椅,3,0.0,0%,EQUIPMENT_COMPLETE,成套设备/仪器/家具,口径判断,按台套、件、系统成品采购，施工材料净用量损耗率不适用；采购计算中按 0% 处理。,本节点适用,,Y
10001,家具及医疗器具,户外家具,户外椅凳类,家具及医疗器具 > 户外家具 > 户外椅凳类,3,0.0,0%,EQUIPMENT_COMPLETE,成套设备/仪器/家具,口径判断,按台套、件、系统成品采购，施工材料净用量损耗率不适用；采购计算中按 0% 处理。,本节点适用,,Y
10002,家具及医疗器具,户外家具,户外桌台类,家具及医疗器具 > 户外家具 > 户外桌台类,3,0.0,0%,EQUIPMENT_COMPLETE,成套设备/仪器/家具,口径判断,按台套、件、系统成品采购，施工材料净用量损耗率不适用；采购计算中按 0% 处理。,本节点适用,,Y
10003,家具及医疗器具,户外家具,户外遮阳类,家具及医疗器具 > 户外家具 > 户外遮阳类,3,0.0,0%,EQUIPMENT_COMPLETE,成套设备/仪器/家具,口径判断,按台套、件、系统成品采购，施工材料净用量损耗率不适用；采购计算中按 0% 处理。,本节点适用,,Y
10004,家具及医疗器具,户外家具,其他户外休闲家具,家具及医疗器具 > 户外家具 > 其他户外休闲家具,3,0.0,0%,EQUIPMENT_COMPLETE,成套设备/仪器/家具,口径判断,按台套、件、系统成品采购，施工材料净用量损耗率不适用；采购计算中按 0% 处理。,本节点适用,,Y
179,电极及劳保用品等其他材料,劳保用品,劳保用品,电极及劳保用品等其他材料 > 劳保用品 > 劳保用品,3,0.01,1%,LABOR_OFFICE_MISC,劳保办公及零星材料,经验估算,劳保、办公、零星施工用料按一般备损 1.0%。,本节点适用,,Y
1795,电极及劳保用品等其他材料,办公用品,纸、笔,电极及劳保用品等其他材料 > 办公用品 > 纸、笔,3,0.01,1%,LABOR_OFFICE_MISC,劳保办公及零星材料,经验估算,劳保、办公、零星施工用料按一般备损 1.0%。,本节点适用,,Y
190,电极及劳保用品等其他材料,办公用品,其他办公用品,电极及劳保用品等其他材料 > 办公用品 > 其他办公用品,3,0.01,1%,LABOR_OFFICE_MISC,劳保办公及零星材料,经验估算,劳保、办公、零星施工用料按一般备损 1.0%。,本节点适用,,Y
1796,电极及劳保用品等其他材料,零星施工用料,零星施工用料,电极及劳保用品等其他材料 > 零星施工用料 > 零星施工用料,3,0.01,1%,LABOR_OFFICE_MISC,劳保办公及零星材料,经验估算,劳保、办公、零星施工用料按一般备损 1.0%。,本节点适用,,Y
196,电极及劳保用品等其他材料,零星施工用料,水、电、煤炭、木柴,电极及劳保用品等其他材料 > 零星施工用料 > 水、电、煤炭、木柴,3,0.01,1%,LABOR_OFFICE_MISC,劳保办公及零星材料,经验估算,劳保、办公、零星施工用料按一般备损 1.0%。,本节点适用,,Y
1798,电极及劳保用品等其他材料,火工、电极材料,电极材料,电极及劳保用品等其他材料 > 火工、电极材料 > 电极材料,3,0.01,1%,LABOR_OFFICE_MISC,劳保办公及零星材料,经验估算,劳保、办公、零星施工用料按一般备损 1.0%。,本节点适用,,Y
1799,电极及劳保用品等其他材料,火工、电极材料,火工材料,电极及劳保用品等其他材料 > 火工、电极材料 > 火工材料,3,0.01,1%,LABOR_OFFICE_MISC,劳保办公及零星材料,经验估算,劳保、办公、零星施工用料按一般备损 1.0%。,本节点适用,,Y
1800,电极及劳保用品等其他材料,其他材料,低值易耗品,电极及劳保用品等其他材料 > 其他材料 > 低值易耗品,3,0.03,3%,OTHER_MATERIAL_LOW_CONF,其他材料,经验估算,未命中细分规则的材料按通用采购损耗 3.0%，需要后续用企业历史采购数据校准。,本节点适用,砂轮刀|洗削刀具|锯片|批头|干挂片|四槽钻|立铣刀|切片|雕刻片|砌割片|双头钻|切割片|磨针|麻花钻|剥肋刀|打磨碟|锡膏|开口器|石材片,Y
1801,电极及劳保用品等其他材料,其他材料,其他材料,电极及劳保用品等其他材料 > 其他材料 > 其他材料,3,0.03,3%,OTHER_MATERIAL_LOW_CONF,其他材料,经验估算,未命中细分规则的材料按通用采购损耗 3.0%，需要后续用企业历史采购数据校准。,本节点适用,,Y
1802,工程检测仪器仪表,自动化仪表及系统,自动化仪表及系统,工程检测仪器仪表 > 自动化仪表及系统 > 自动化仪表及系统,3,0.0,0%,EQUIPMENT_COMPLETE,成套设备/仪器/家具,口径判断,按台套、件、系统成品采购，施工材料净用量损耗率不适用；采购计算中按 0% 处理。,本节点适用,,Y
1803,工程检测仪器仪表,水电燃气用仪表,电工仪器仪表,工程检测仪器仪表 > 水电燃气用仪表 > 电工仪器仪表,3,0.0,0%,EQUIPMENT_COMPLETE,成套设备/仪器/家具,口径判断,按台套、件、系统成品采购，施工材料净用量损耗率不适用；采购计算中按 0% 处理。,本节点适用,功率因数表|三相表|电表|电流表|高压表|智能电表|电度表|电压表|电能表|多功能表|测试仪|单相表|测量表|远传表|组合表,Y
1804,工程检测仪器仪表,水电燃气用仪表,水表,工程检测仪器仪表 > 水电燃气用仪表 > 水表,3,0.0,0%,EQUIPMENT_COMPLETE,成套设备/仪器/家具,口径判断,按台套、件、系统成品采购，施工材料净用量损耗率不适用；采购计算中按 0% 处理。,本节点适用,智能卡表|卡水表|冷水表|节水表|冷热水表|立式表|热水表,Y
1805,工程检测仪器仪表,水电燃气用仪表,燃气表,工程检测仪器仪表 > 水电燃气用仪表 > 燃气表,3,0.0,0%,EQUIPMENT_COMPLETE,成套设备/仪器/家具,口径判断,按台套、件、系统成品采购，施工材料净用量损耗率不适用；采购计算中按 0% 处理。,本节点适用,,Y
1806,工程检测仪器仪表,水电燃气用仪表,热量表,工程检测仪器仪表 > 水电燃气用仪表 > 热量表,3,0.0,0%,EQUIPMENT_COMPLETE,成套设备/仪器/家具,口径判断,按台套、件、系统成品采购，施工材料净用量损耗率不适用；采购计算中按 0% 处理。,本节点适用,冷热表|热计量仪|机械表|热能表,Y
1807,工程检测仪器仪表,计量测量及分析仪器仪表,光学仪器,工程检测仪器仪表 > 计量测量及分析仪器仪表 > 光学仪器,3,0.0,0%,EQUIPMENT_COMPLETE,成套设备/仪器/家具,口径判断,按台套、件、系统成品采购，施工材料净用量损耗率不适用；采购计算中按 0% 处理。,本节点适用,,Y
1808,工程检测仪器仪表,计量测量及分析仪器仪表,电子和通信测量仪器,工程检测仪器仪表 > 计量测量及分析仪器仪表 > 电子和通信测量仪器,3,0.0,0%,EQUIPMENT_COMPLETE,成套设备/仪器/家具,口径判断,按台套、件、系统成品采购，施工材料净用量损耗率不适用；采购计算中按 0% 处理。,本节点适用,频率表|噪音计|测高仪|校验仪,Y
1809,工程检测仪器仪表,计量测量及分析仪器仪表,分析仪表,工程检测仪器仪表 > 计量测量及分析仪器仪表 > 分析仪表,3,0.0,0%,EQUIPMENT_COMPLETE,成套设备/仪器/家具,口径判断,按台套、件、系统成品采购，施工材料净用量损耗率不适用；采购计算中按 0% 处理。,本节点适用,分析仪|分析仪,Y
1810,工程检测仪器仪表,计量测量及分析仪器仪表,试验机,工程检测仪器仪表 > 计量测量及分析仪器仪表 > 试验机,3,0.0,0%,EQUIPMENT_COMPLETE,成套设备/仪器/家具,口径判断,按台套、件、系统成品采购，施工材料净用量损耗率不适用；采购计算中按 0% 处理。,本节点适用,,Y
1811,工程检测仪器仪表,专用仪器仪表,专用仪器仪表,工程检测仪器仪表 > 专用仪器仪表 > 专用仪器仪表,3,0.0,0%,EQUIPMENT_COMPLETE,成套设备/仪器/家具,口径判断,按台套、件、系统成品采购，施工材料净用量损耗率不适用；采购计算中按 0% 处理。,本节点适用,,Y
122,工程检测仪器仪表,其他仪器仪表及附件,仪器仪表元器件及器材,工程检测仪器仪表 > 其他仪器仪表及附件 > 仪器仪表元器件及器材,3,0.0,0%,EQUIPMENT_COMPLETE,成套设备/仪器/家具,口径判断,按台套、件、系统成品采购，施工材料净用量损耗率不适用；采购计算中按 0% 处理。,本节点适用,仪表阀|表阀|干燥器|脚架|积算仪|专用阀|试验机|针形阀|拷克|压力表阀|数据传输设备|控制仪|液位开关,Y
34,工程检测仪器仪表,其他仪器仪表及附件,其他仪器仪表,工程检测仪器仪表 > 其他仪器仪表及附件 > 其他仪器仪表,3,0.0,0%,EQUIPMENT_COMPLETE,成套设备/仪器/家具,口径判断,按台套、件、系统成品采购，施工材料净用量损耗率不适用；采购计算中按 0% 处理。,本节点适用,测量仪|探测仪|转速表|百分表|千分表,Y
175,工程机械设备,起重机械,起重及垂直运输机械,工程机械设备 > 起重机械 > 起重及垂直运输机械,3,0.0,0%,EQUIPMENT_COMPLETE,成套设备/仪器/家具,口径判断,按台套、件、系统成品采购，施工材料净用量损耗率不适用；采购计算中按 0% 处理。,本节点适用,卷扬机|龙门吊|塔机|吊篮|手扳葫芦|架桥机|塔吊|起重机|吊车|提升机|升降机,Y
173,工程机械设备,土石方机械,挖掘机械,工程机械设备 > 土石方机械 > 挖掘机械,3,0.03,3%,SAND_STONE,砂石粉灰土,公开资料/本地定额,砂、石、粉、灰、土等散料按 3.0% 估算。,本节点适用,装载机|挖掘机|扒渣机,Y
1812,工程机械设备,土石方机械,铲土及水平运输机械,工程机械设备 > 土石方机械 > 铲土及水平运输机械,3,0.03,3%,SAND_STONE,砂石粉灰土,公开资料/本地定额,砂、石、粉、灰、土等散料按 3.0% 估算。,本节点适用,运输车|铲车|推土机|翻斗车|搅拌车,Y
1813,工程机械设备,土石方机械,压实及路面机械,工程机械设备 > 土石方机械 > 压实及路面机械,3,0.03,3%,SAND_STONE,砂石粉灰土,公开资料/本地定额,砂、石、粉、灰、土等散料按 3.0% 估算。,本节点适用,缝纫机|整平机|压路机,Y
1814,工程机械设备,土石方机械,破碎及凿岩机械,工程机械设备 > 土石方机械 > 破碎及凿岩机械,3,0.03,3%,SAND_STONE,砂石粉灰土,公开资料/本地定额,砂、石、粉、灰、土等散料按 3.0% 估算。,本节点适用,钻架|凿岩机|破碎锤,Y
1815,工程机械设备,土石方机械,钻探及地下工程机械,工程机械设备 > 土石方机械 > 钻探及地下工程机械,3,0.03,3%,SAND_STONE,砂石粉灰土,公开资料/本地定额,砂、石、粉、灰、土等散料按 3.0% 估算。,本节点适用,钻车|钻孔机,Y
1816,工程机械设备,加工机械,钢筋和预应力机械,工程机械设备 > 加工机械 > 钢筋和预应力机械,3,0.025,2.5%,STEEL_REBAR,钢筋,公开资料/本地定额,螺纹钢/热轧带肋钢筋按 2.5% 控制；圆钢小规格可低至 2.0%，这里取通用采购侧 2.5%。,本节点适用,滚丝机|拉丝机|弯弧机|切断机|弯曲机|弯箍机,Y
174,工程机械设备,加工机械,加工机械,工程机械设备 > 加工机械 > 加工机械,3,0.0,0%,EQUIPMENT_COMPLETE,成套设备/仪器/家具,口径判断,按台套、件、系统成品采购，施工材料净用量损耗率不适用；采购计算中按 0% 处理。,本节点适用,,Y
1817,工程机械设备,加工机械,木工机械,工程机械设备 > 加工机械 > 木工机械,3,0.0,0%,EQUIPMENT_COMPLETE,成套设备/仪器/家具,口径判断,按台套、件、系统成品采购，施工材料净用量损耗率不适用；采购计算中按 0% 处理。,本节点适用,介木机,Y
1818,工程机械设备,加工机械,切割及打磨机械设备,工程机械设备 > 加工机械 > 切割及打磨机械设备,3,0.0,0%,EQUIPMENT_COMPLETE,成套设备/仪器/家具,口径判断,按台套、件、系统成品采购，施工材料净用量损耗率不适用；采购计算中按 0% 处理。,本节点适用,钻床|冲床|铁边机|冲剪机|折弯机,Y
1819,工程机械设备,加工机械,焊接机械设备,工程机械设备 > 加工机械 > 焊接机械设备,3,0.0,0%,EQUIPMENT_COMPLETE,成套设备/仪器/家具,口径判断,按台套、件、系统成品采购，施工材料净用量损耗率不适用；采购计算中按 0% 处理。,本节点适用,焊机|电焊机|埋弧焊机|弧焊机|电阻焊机|焊机|电焊机|点焊机,Y
1820,工程机械设备,加工机械,冷却及热处理机械设备,工程机械设备 > 加工机械 > 冷却及热处理机械设备,3,0.0,0%,EQUIPMENT_COMPLETE,成套设备/仪器/家具,口径判断,按台套、件、系统成品采购，施工材料净用量损耗率不适用；采购计算中按 0% 处理。,本节点适用,,Y
176,工程机械设备,桩基机械,桩工、钻孔机械,工程机械设备 > 桩基机械 > 桩工、钻孔机械,3,0.0,0%,EQUIPMENT_COMPLETE,成套设备/仪器/家具,口径判断,按台套、件、系统成品采购，施工材料净用量损耗率不适用；采购计算中按 0% 处理。,本节点适用,,Y
1821,工程机械设备,混凝土机械,混凝土及灰浆用机械,工程机械设备 > 混凝土机械 > 混凝土及灰浆用机械,3,0.01,1%,CONCRETE_READY_MIXED,预拌混凝土,公开资料/本地定额,本地校准中广东房建普通构件混凝土损耗率为 1.0%；采购侧采用 1.0%，避免与消耗量系数重复。,本节点适用,,Y
1621,工程机械设备,其他机械设备,减震器,工程机械设备 > 其他机械设备 > 减震器,3,0.0,0%,EQUIPMENT_COMPLETE,成套设备/仪器/家具,口径判断,按台套、件、系统成品采购，施工材料净用量损耗率不适用；采购计算中按 0% 处理。,本节点适用,减振器|隔震器|隔振垫|隔振器|隔音垫|阻尼垫|减振垫|隔声垫,Y
1822,工程机械设备,其他机械设备,无损探伤机械设备,工程机械设备 > 其他机械设备 > 无损探伤机械设备,3,0.0,0%,EQUIPMENT_COMPLETE,成套设备/仪器/家具,口径判断,按台套、件、系统成品采购，施工材料净用量损耗率不适用；采购计算中按 0% 处理。,本节点适用,,Y
1823,工程机械设备,其他机械设备,环卫机械,工程机械设备 > 其他机械设备 > 环卫机械,3,0.0,0%,EQUIPMENT_COMPLETE,成套设备/仪器/家具,口径判断,按台套、件、系统成品采购，施工材料净用量损耗率不适用；采购计算中按 0% 处理。,本节点适用,,Y
1824,工程机械设备,其他机械设备,机动工业车辆,工程机械设备 > 其他机械设备 > 机动工业车辆,3,0.0,0%,EQUIPMENT_COMPLETE,成套设备/仪器/家具,口径判断,按台套、件、系统成品采购，施工材料净用量损耗率不适用；采购计算中按 0% 处理。,本节点适用,堆高车|液压平台车|运梁车|搬运车|推高车|叉车|油桶车,Y
1825,工程机械设备,其他机械设备,清洗筛选及装修机械,工程机械设备 > 其他机械设备 > 清洗筛选及装修机械,3,0.0,0%,EQUIPMENT_COMPLETE,成套设备/仪器/家具,口径判断,按台套、件、系统成品采购，施工材料净用量损耗率不适用；采购计算中按 0% 处理。,本节点适用,切纹机|抹光机|水磨机|清灰机,Y
1826,工程机械设备,其他机械设备,园林和高空作业机械,工程机械设备 > 其他机械设备 > 园林和高空作业机械,3,0.0,0%,EQUIPMENT_COMPLETE,成套设备/仪器/家具,口径判断,按台套、件、系统成品采购，施工材料净用量损耗率不适用；采购计算中按 0% 处理。,本节点适用,,Y
1827,工程机械设备,其他机械设备,电气线路机械,工程机械设备 > 其他机械设备 > 电气线路机械,3,0.0,0%,EQUIPMENT_COMPLETE,成套设备/仪器/家具,口径判断,按台套、件、系统成品采购，施工材料净用量损耗率不适用；采购计算中按 0% 处理。,本节点适用,,Y
1828,工程机械设备,其他机械设备,潜水及水面作用机械,工程机械设备 > 其他机械设备 > 潜水及水面作用机械,3,0.0,0%,EQUIPMENT_COMPLETE,成套设备/仪器/家具,口径判断,按台套、件、系统成品采购，施工材料净用量损耗率不适用；采购计算中按 0% 处理。,本节点适用,,Y
1829,工程机械设备,其他机械设备,动力机械,工程机械设备 > 其他机械设备 > 动力机械,3,0.0,0%,EQUIPMENT_COMPLETE,成套设备/仪器/家具,口径判断,按台套、件、系统成品采购，施工材料净用量损耗率不适用；采购计算中按 0% 处理。,本节点适用,灌浆机|注浆机|减速机,Y
1830,工程机械设备,其他机械设备,泵类机械,工程机械设备 > 其他机械设备 > 泵类机械,3,0.0,0%,EQUIPMENT_COMPLETE,成套设备/仪器/家具,口径判断,按台套、件、系统成品采购，施工材料净用量损耗率不适用；采购计算中按 0% 处理。,本节点适用,,Y
177,工程机械设备,其他机械设备,其他工程机械,工程机械设备 > 其他机械设备 > 其他工程机械,3,0.0,0%,EQUIPMENT_COMPLETE,成套设备/仪器/家具,口径判断,按台套、件、系统成品采购，施工材料净用量损耗率不适用；采购计算中按 0% 处理。,本节点适用,吸吹风机|刮平机|打标机,Y
1831,其他类别,防疫、防护用品,人体防护用品,其他类别 > 防疫、防护用品 > 人体防护用品,3,0.01,1%,LABOR_OFFICE_MISC,劳保办公及零星材料,经验估算,劳保、办公、零星施工用料按一般备损 1.0%。,本节点适用,,Y
1832,其他类别,防疫、防护用品,消毒用品及器具,其他类别 > 防疫、防护用品 > 消毒用品及器具,3,0.01,1%,LABOR_OFFICE_MISC,劳保办公及零星材料,经验估算,劳保、办公、零星施工用料按一般备损 1.0%。,本节点适用,,Y
1833,其他类别,防疫、防护用品,测温用具,其他类别 > 防疫、防护用品 > 测温用具,3,0.01,1%,LABOR_OFFICE_MISC,劳保办公及零星材料,经验估算,劳保、办公、零星施工用料按一般备损 1.0%。,本节点适用,,Y
1834,其他类别,防疫、防护用品,消纳用品,其他类别 > 防疫、防护用品 > 消纳用品,3,0.01,1%,LABOR_OFFICE_MISC,劳保办公及零星材料,经验估算,劳保、办公、零星施工用料按一般备损 1.0%。,本节点适用,,Y
1835,其他类别,防疫、防护用品,防疫药物,其他类别 > 防疫、防护用品 > 防疫药物,3,0.01,1%,LABOR_OFFICE_MISC,劳保办公及零星材料,经验估算,劳保、办公、零星施工用料按一般备损 1.0%。,本节点适用,,Y
1836,其他类别,防疫、防护用品,其他防疫、防护用品,其他类别 > 防疫、防护用品 > 其他防疫、防护用品,3,0.01,1%,LABOR_OFFICE_MISC,劳保办公及零星材料,经验估算,劳保、办公、零星施工用料按一般备损 1.0%。,本节点适用,,Y
1837,其他类别,其他品类,其他品类,其他类别 > 其他品类 > 其他品类,3,0.03,3%,OTHER_MATERIAL_LOW_CONF,其他材料,经验估算,未命中细分规则的材料按通用采购损耗 3.0%，需要后续用企业历史采购数据校准。,本节点适用,,Y
1838,咨询服务,工程咨询,规划咨询,咨询服务 > 工程咨询 > 规划咨询,3,,,NA_SERVICE,服务类不适用,不适用,咨询、勘察设计、工程施工、定制服务不是可按材料净用量展开的采购材料。,不适用,,N
1839,咨询服务,工程咨询,项目咨询,咨询服务 > 工程咨询 > 项目咨询,3,,,NA_SERVICE,服务类不适用,不适用,咨询、勘察设计、工程施工、定制服务不是可按材料净用量展开的采购材料。,不适用,,N
1840,咨询服务,工程咨询,评估咨询,咨询服务 > 工程咨询 > 评估咨询,3,,,NA_SERVICE,服务类不适用,不适用,咨询、勘察设计、工程施工、定制服务不是可按材料净用量展开的采购材料。,不适用,,N
241,咨询服务,工程咨询,全过程工程咨询,咨询服务 > 工程咨询 > 全过程工程咨询,3,,,NA_SERVICE,服务类不适用,不适用,咨询、勘察设计、工程施工、定制服务不是可按材料净用量展开的采购材料。,不适用,,N
240,咨询服务,工程咨询,工程造价咨询,咨询服务 > 工程咨询 > 工程造价咨询,3,,,NA_SERVICE,服务类不适用,不适用,咨询、勘察设计、工程施工、定制服务不是可按材料净用量展开的采购材料。,不适用,,N
1841,咨询服务,工程监理,综合监理类,咨询服务 > 工程监理 > 综合监理类,3,,,NA_SERVICE,服务类不适用,不适用,咨询、勘察设计、工程施工、定制服务不是可按材料净用量展开的采购材料。,不适用,,N
1842,咨询服务,工程监理,建筑工程监理,咨询服务 > 工程监理 > 建筑工程监理,3,,,NA_SERVICE,服务类不适用,不适用,咨询、勘察设计、工程施工、定制服务不是可按材料净用量展开的采购材料。,不适用,,N
1843,咨询服务,工程监理,市政公用工程监理,咨询服务 > 工程监理 > 市政公用工程监理,3,,,NA_SERVICE,服务类不适用,不适用,咨询、勘察设计、工程施工、定制服务不是可按材料净用量展开的采购材料。,不适用,,N
1844,咨询服务,工程监理,电力工程监理,咨询服务 > 工程监理 > 电力工程监理,3,,,NA_SERVICE,服务类不适用,不适用,咨询、勘察设计、工程施工、定制服务不是可按材料净用量展开的采购材料。,不适用,,N
1845,咨询服务,工程监理,通信工程监理,咨询服务 > 工程监理 > 通信工程监理,3,,,NA_SERVICE,服务类不适用,不适用,咨询、勘察设计、工程施工、定制服务不是可按材料净用量展开的采购材料。,不适用,,N
1846,咨询服务,工程监理,机电工程监理,咨询服务 > 工程监理 > 机电工程监理,3,,,NA_SERVICE,服务类不适用,不适用,咨询、勘察设计、工程施工、定制服务不是可按材料净用量展开的采购材料。,不适用,,N
239,咨询服务,工程监理,其他工程监理,咨询服务 > 工程监理 > 其他工程监理,3,,,NA_SERVICE,服务类不适用,不适用,咨询、勘察设计、工程施工、定制服务不是可按材料净用量展开的采购材料。,不适用,,N
1847,咨询服务,工程检测,地基基础检测,咨询服务 > 工程检测 > 地基基础检测,3,,,NA_SERVICE,服务类不适用,不适用,咨询、勘察设计、工程施工、定制服务不是可按材料净用量展开的采购材料。,不适用,,N
1848,咨询服务,工程检测,建筑结构检测,咨询服务 > 工程检测 > 建筑结构检测,3,,,NA_SERVICE,服务类不适用,不适用,咨询、勘察设计、工程施工、定制服务不是可按材料净用量展开的采购材料。,不适用,,N
1849,咨询服务,工程检测,建筑材料检测,咨询服务 > 工程检测 > 建筑材料检测,3,,,NA_SERVICE,服务类不适用,不适用,咨询、勘察设计、工程施工、定制服务不是可按材料净用量展开的采购材料。,不适用,,N
1850,咨询服务,工程检测,室内环境检测,咨询服务 > 工程检测 > 室内环境检测,3,,,NA_SERVICE,服务类不适用,不适用,咨询、勘察设计、工程施工、定制服务不是可按材料净用量展开的采购材料。,不适用,,N
238,咨询服务,工程检测,其他检测服务,咨询服务 > 工程检测 > 其他检测服务,3,,,NA_SERVICE,服务类不适用,不适用,咨询、勘察设计、工程施工、定制服务不是可按材料净用量展开的采购材料。,不适用,,N
1851,咨询服务,其他咨询服务,绿色建材咨询,咨询服务 > 其他咨询服务 > 绿色建材咨询,3,,,NA_SERVICE,服务类不适用,不适用,咨询、勘察设计、工程施工、定制服务不是可按材料净用量展开的采购材料。,不适用,,N
1852,咨询服务,其他咨询服务,绿色建筑咨询,咨询服务 > 其他咨询服务 > 绿色建筑咨询,3,,,NA_SERVICE,服务类不适用,不适用,咨询、勘察设计、工程施工、定制服务不是可按材料净用量展开的采购材料。,不适用,,N
1853,咨询服务,其他咨询服务,BIM咨询服务,咨询服务 > 其他咨询服务 > BIM咨询服务,3,,,NA_SERVICE,服务类不适用,不适用,咨询、勘察设计、工程施工、定制服务不是可按材料净用量展开的采购材料。,不适用,,N
1854,咨询服务,其他咨询服务,精益建造咨询,咨询服务 > 其他咨询服务 > 精益建造咨询,3,,,NA_SERVICE,服务类不适用,不适用,咨询、勘察设计、工程施工、定制服务不是可按材料净用量展开的采购材料。,不适用,,N
1855,咨询服务,其他咨询服务,招标代理,咨询服务 > 其他咨询服务 > 招标代理,3,,,NA_SERVICE,服务类不适用,不适用,咨询、勘察设计、工程施工、定制服务不是可按材料净用量展开的采购材料。,不适用,,N
243,咨询服务,其他咨询服务,其他咨询服务,咨询服务 > 其他咨询服务 > 其他咨询服务,3,,,NA_SERVICE,服务类不适用,不适用,咨询、勘察设计、工程施工、定制服务不是可按材料净用量展开的采购材料。,不适用,,N
1856,勘察设计,工程勘察,综合勘察类,勘察设计 > 工程勘察 > 综合勘察类,3,,,NA_SERVICE,服务类不适用,不适用,咨询、勘察设计、工程施工、定制服务不是可按材料净用量展开的采购材料。,不适用,,N
1857,勘察设计,工程勘察,岩土工程,勘察设计 > 工程勘察 > 岩土工程,3,,,NA_SERVICE,服务类不适用,不适用,咨询、勘察设计、工程施工、定制服务不是可按材料净用量展开的采购材料。,不适用,,N
1858,勘察设计,工程勘察,工程测量,勘察设计 > 工程勘察 > 工程测量,3,,,NA_SERVICE,服务类不适用,不适用,咨询、勘察设计、工程施工、定制服务不是可按材料净用量展开的采购材料。,不适用,,N
1859,勘察设计,工程勘察,勘探测试,勘察设计 > 工程勘察 > 勘探测试,3,,,NA_SERVICE,服务类不适用,不适用,咨询、勘察设计、工程施工、定制服务不是可按材料净用量展开的采购材料。,不适用,,N
1860,勘察设计,工程设计,综合设计类,勘察设计 > 工程设计 > 综合设计类,3,,,NA_SERVICE,服务类不适用,不适用,咨询、勘察设计、工程施工、定制服务不是可按材料净用量展开的采购材料。,不适用,,N
1861,勘察设计,工程设计,建筑行业设计,勘察设计 > 工程设计 > 建筑行业设计,3,,,NA_SERVICE,服务类不适用,不适用,咨询、勘察设计、工程施工、定制服务不是可按材料净用量展开的采购材料。,不适用,,N
1862,勘察设计,工程设计,市政设计,勘察设计 > 工程设计 > 市政设计,3,,,NA_SERVICE,服务类不适用,不适用,咨询、勘察设计、工程施工、定制服务不是可按材料净用量展开的采购材料。,不适用,,N
1863,勘察设计,工程设计,公路设计,勘察设计 > 工程设计 > 公路设计,3,,,NA_SERVICE,服务类不适用,不适用,咨询、勘察设计、工程施工、定制服务不是可按材料净用量展开的采购材料。,不适用,,N
1864,勘察设计,工程设计,水利设计,勘察设计 > 工程设计 > 水利设计,3,,,NA_SERVICE,服务类不适用,不适用,咨询、勘察设计、工程施工、定制服务不是可按材料净用量展开的采购材料。,不适用,,N
1865,勘察设计,工程设计,电子通信广电设计,勘察设计 > 工程设计 > 电子通信广电设计,3,,,NA_SERVICE,服务类不适用,不适用,咨询、勘察设计、工程施工、定制服务不是可按材料净用量展开的采购材料。,不适用,,N
242,勘察设计,工程设计,其他设计,勘察设计 > 工程设计 > 其他设计,3,,,NA_SERVICE,服务类不适用,不适用,咨询、勘察设计、工程施工、定制服务不是可按材料净用量展开的采购材料。,不适用,,N
1866,工程施工,施工综合,综合施工类,工程施工 > 施工综合 > 综合施工类,3,,,NA_SERVICE,服务类不适用,不适用,咨询、勘察设计、工程施工、定制服务不是可按材料净用量展开的采购材料。,不适用,,N
244,工程施工,施工总承包,建筑工程施工总承包,工程施工 > 施工总承包 > 建筑工程施工总承包,3,,,NA_SERVICE,服务类不适用,不适用,咨询、勘察设计、工程施工、定制服务不是可按材料净用量展开的采购材料。,不适用,,N
1867,工程施工,施工总承包,公路工程施工总承包,工程施工 > 施工总承包 > 公路工程施工总承包,3,,,NA_SERVICE,服务类不适用,不适用,咨询、勘察设计、工程施工、定制服务不是可按材料净用量展开的采购材料。,不适用,,N
1868,工程施工,施工总承包,市政公用工程施工总承包,工程施工 > 施工总承包 > 市政公用工程施工总承包,3,,,NA_SERVICE,服务类不适用,不适用,咨询、勘察设计、工程施工、定制服务不是可按材料净用量展开的采购材料。,不适用,,N
1869,工程施工,施工总承包,水利水电工程施工总承包,工程施工 > 施工总承包 > 水利水电工程施工总承包,3,,,NA_SERVICE,服务类不适用,不适用,咨询、勘察设计、工程施工、定制服务不是可按材料净用量展开的采购材料。,不适用,,N
1870,工程施工,施工总承包,电力工程施工总承包,工程施工 > 施工总承包 > 电力工程施工总承包,3,,,NA_SERVICE,服务类不适用,不适用,咨询、勘察设计、工程施工、定制服务不是可按材料净用量展开的采购材料。,不适用,,N
1871,工程施工,施工总承包,通信工程施工总承包,工程施工 > 施工总承包 > 通信工程施工总承包,3,,,NA_SERVICE,服务类不适用,不适用,咨询、勘察设计、工程施工、定制服务不是可按材料净用量展开的采购材料。,不适用,,N
245,工程施工,施工总承包,机电工程施工总承包,工程施工 > 施工总承包 > 机电工程施工总承包,3,,,NA_SERVICE,服务类不适用,不适用,咨询、勘察设计、工程施工、定制服务不是可按材料净用量展开的采购材料。,不适用,,N
1872,工程施工,施工总承包,其他工程施工总承包,工程施工 > 施工总承包 > 其他工程施工总承包,3,,,NA_SERVICE,服务类不适用,不适用,咨询、勘察设计、工程施工、定制服务不是可按材料净用量展开的采购材料。,不适用,,N
247,工程施工,专业承包,地基基础工程专业承包,工程施工 > 专业承包 > 地基基础工程专业承包,3,,,NA_SERVICE,服务类不适用,不适用,咨询、勘察设计、工程施工、定制服务不是可按材料净用量展开的采购材料。,不适用,,N
1873,工程施工,专业承包,防水防腐保温工程专业承包,工程施工 > 专业承包 > 防水防腐保温工程专业承包,3,,,NA_SERVICE,服务类不适用,不适用,咨询、勘察设计、工程施工、定制服务不是可按材料净用量展开的采购材料。,不适用,,N
246,工程施工,专业承包,建筑装修装饰工程专业承包,工程施工 > 专业承包 > 建筑装修装饰工程专业承包,3,,,NA_SERVICE,服务类不适用,不适用,咨询、勘察设计、工程施工、定制服务不是可按材料净用量展开的采购材料。,不适用,,N
1874,工程施工,专业承包,建筑机电工程专业承包,工程施工 > 专业承包 > 建筑机电工程专业承包,3,,,NA_SERVICE,服务类不适用,不适用,咨询、勘察设计、工程施工、定制服务不是可按材料净用量展开的采购材料。,不适用,,N
1875,工程施工,专业承包,消防设施工程专业承包,工程施工 > 专业承包 > 消防设施工程专业承包,3,,,NA_SERVICE,服务类不适用,不适用,咨询、勘察设计、工程施工、定制服务不是可按材料净用量展开的采购材料。,不适用,,N
1876,工程施工,专业承包,古建筑工程专业承包,工程施工 > 专业承包 > 古建筑工程专业承包,3,,,NA_SERVICE,服务类不适用,不适用,咨询、勘察设计、工程施工、定制服务不是可按材料净用量展开的采购材料。,不适用,,N
252,工程施工,专业承包,输变电工程专业承包,工程施工 > 专业承包 > 输变电工程专业承包,3,,,NA_SERVICE,服务类不适用,不适用,咨询、勘察设计、工程施工、定制服务不是可按材料净用量展开的采购材料。,不适用,,N
1877,工程施工,专业承包,通用专业承包,工程施工 > 专业承包 > 通用专业承包,3,,,NA_SERVICE,服务类不适用,不适用,咨询、勘察设计、工程施工、定制服务不是可按材料净用量展开的采购材料。,不适用,,N
1878,工程施工,专业承包,模板脚手架专业承包,工程施工 > 专业承包 > 模板脚手架专业承包,3,,,NA_SERVICE,服务类不适用,不适用,咨询、勘察设计、工程施工、定制服务不是可按材料净用量展开的采购材料。,不适用,,N
1879,工程施工,专业承包,起重设备安装工程专业承包,工程施工 > 专业承包 > 起重设备安装工程专业承包,3,,,NA_SERVICE,服务类不适用,不适用,咨询、勘察设计、工程施工、定制服务不是可按材料净用量展开的采购材料。,不适用,,N
1880,工程施工,专业承包,公路工程类专业承包,工程施工 > 专业承包 > 公路工程类专业承包,3,,,NA_SERVICE,服务类不适用,不适用,咨询、勘察设计、工程施工、定制服务不是可按材料净用量展开的采购材料。,不适用,,N
1881,工程施工,专业承包,水利水电工程类专业承包,工程施工 > 专业承包 > 水利水电工程类专业承包,3,,,NA_SERVICE,服务类不适用,不适用,咨询、勘察设计、工程施工、定制服务不是可按材料净用量展开的采购材料。,不适用,,N
1882,工程施工,专业承包,桥梁工程专业承包,工程施工 > 专业承包 > 桥梁工程专业承包,3,,,NA_SERVICE,服务类不适用,不适用,咨询、勘察设计、工程施工、定制服务不是可按材料净用量展开的采购材料。,不适用,,N
1883,工程施工,专业承包,隧道工程专业承包,工程施工 > 专业承包 > 隧道工程专业承包,3,,,NA_SERVICE,服务类不适用,不适用,咨询、勘察设计、工程施工、定制服务不是可按材料净用量展开的采购材料。,不适用,,N
248,工程施工,专业承包,其他工程专业承包,工程施工 > 专业承包 > 其他工程专业承包,3,,,NA_SERVICE,服务类不适用,不适用,咨询、勘察设计、工程施工、定制服务不是可按材料净用量展开的采购材料。,不适用,,N
2105,工程施工,专业承包,城市及道路照明工程专业承包,工程施工 > 专业承包 > 城市及道路照明工程专业承包,3,,,NA_SERVICE,服务类不适用,不适用,咨询、勘察设计、工程施工、定制服务不是可按材料净用量展开的采购材料。,不适用,,N
2104,工程施工,专业承包,建筑幕墙工程专业承包,工程施工 > 专业承包 > 建筑幕墙工程专业承包,3,,,NA_SERVICE,服务类不适用,不适用,咨询、勘察设计、工程施工、定制服务不是可按材料净用量展开的采购材料。,不适用,,N
1884,工程施工,专业作业,专业作业分包,工程施工 > 专业作业 > 专业作业分包,3,,,NA_SERVICE,服务类不适用,不适用,咨询、勘察设计、工程施工、定制服务不是可按材料净用量展开的采购材料。,不适用,,N
9999,特殊类别,定制服务,年度招募,特殊类别 > 定制服务 > 年度招募,3,,,NA_SERVICE,服务类不适用,不适用,咨询、勘察设计、工程施工、定制服务不是可按材料净用量展开的采购材料。,不适用,,N
