末级分类ID,分类路径,材料名称,别称,来源,备注
1502,人防工程设备 > 人防阀门及地漏 > 人防密闭阀,人防密闭阀,人防密闭阀,ai_candidate,high: 类别简称，在采购和施工语境下可泛指该分类下所有型式的密闭阀
1502,人防工程设备 > 人防阀门及地漏 > 人防密闭阀,人防密闭阀,密闭阀,ai_candidate,high: 行业通用简称，在通风人防专业清单中常作为该类阀门的统称
1502,人防工程设备 > 人防阀门及地漏 > 人防密闭阀,手动密闭阀,手密阀,ai_candidate,medium: 施工现场及采购清单中对手动密闭阀的口语简称
1502,人防工程设备 > 人防阀门及地漏 > 人防密闭阀,手电动密闭阀,手电两用密闭阀,ai_candidate,high: 图集和技术文件中对手电动密闭阀的习惯性称呼，强调兼具手动与电动两种操作方式
1502,人防工程设备 > 人防阀门及地漏 > 人防密闭阀,手电动密闭阀,手电密闭阀,ai_candidate,high: 采购及报料时对'手电动密闭阀'的省略叫法
1502,人防工程设备 > 人防阀门及地漏 > 人防密闭阀,手电动密闭阀,电动密闭阀,ai_candidate,medium: 在通风人防专业采购语境中，常将手电动密闭阀简称为电动密闭阀
1714,仿古建筑材料 > 黏土仿古材料 > 黏土瓦件,黏土瓦件,泥瓦件,ai_candidate,medium: 黏土瓦以泥为原料，工地常称泥瓦
1714,仿古建筑材料 > 黏土仿古材料 > 黏土瓦件,黏土瓦件,土瓦件,ai_candidate_low,low: 黏土即土，泛称土瓦件
1714,仿古建筑材料 > 黏土仿古材料 > 黏土瓦件,西班牙瓦脊,S瓦脊,ai_candidate,high: 西班牙瓦常被称为S瓦，脊对应的脊瓦
1714,仿古建筑材料 > 黏土仿古材料 > 黏土瓦件,西班牙瓦脊,西班牙脊瓦,ai_candidate,high: 完整表达
1714,仿古建筑材料 > 黏土仿古材料 > 黏土瓦件,辊压丽兰,丽兰瓦,ai_candidate,medium: 施工中常省略辊压工艺，直接称丽兰瓦
1714,仿古建筑材料 > 黏土仿古材料 > 黏土瓦件,辊压威尼斯,威尼斯瓦,ai_candidate,medium: 口语简化
1714,仿古建筑材料 > 黏土仿古材料 > 黏土瓦件,辊压琴式,琴式瓦,ai_candidate,medium: 琴式指瓦型，口语加瓦
1714,仿古建筑材料 > 黏土仿古材料 > 黏土瓦件,辊压砚式,砚式瓦,ai_candidate,medium: 砚式指瓦型，口语加瓦
1714,仿古建筑材料 > 黏土仿古材料 > 黏土瓦件,辊压阴阳,阴阳瓦,ai_candidate,high: 辊压工艺生产的阴阳瓦，俗称阴阳瓦
1714,仿古建筑材料 > 黏土仿古材料 > 黏土瓦件,辊压阴阳,合瓦,ai_candidate,medium: 阴阳瓦也称合瓦
1714,仿古建筑材料 > 黏土仿古材料 > 黏土瓦件,边封,封边瓦,ai_candidate,medium: 用于封边的瓦
1714,仿古建筑材料 > 黏土仿古材料 > 黏土瓦件,边封,檐口封,ai_candidate_low,low: 檐口封边构件
1714,仿古建筑材料 > 黏土仿古材料 > 黏土瓦件,边瓦,走边瓦,ai_candidate_low,low: 沿边铺设的瓦
1714,仿古建筑材料 > 黏土仿古材料 > 黏土瓦件,雌毛脊头,毛脊头,ai_candidate_low,low: 省略性别描述
1714,仿古建筑材料 > 黏土仿古材料 > 黏土瓦件,青瓦,小青瓦,ai_candidate,high: 最常见的俗称
1714,仿古建筑材料 > 黏土仿古材料 > 黏土瓦件,青瓦,土瓦,ai_candidate,medium: 当地黏土烧制的瓦
1714,仿古建筑材料 > 黏土仿古材料 > 黏土瓦件,青瓦,片瓦,ai_candidate,medium: 外形扁薄
1714,仿古建筑材料 > 黏土仿古材料 > 黏土瓦件,青筒瓦,筒瓦,ai_candidate,high: 筒状瓦，青是颜色，常省略
1714,仿古建筑材料 > 黏土仿古材料 > 黏土瓦件,青筒瓦,青筒,ai_candidate,medium: 口语简略
1714,仿古建筑材料 > 黏土仿古材料 > 黏土瓦件,飞头,飞子头,ai_candidate_low,low: 飞头也称飞子头
1714,仿古建筑材料 > 黏土仿古材料 > 黏土瓦件,鱼鳞瓦,鱼鳞片,ai_candidate_low,low: 口语形象说法
1713,仿古建筑材料 > 黏土仿古材料 > 黏土砖,黏土砖,古建砖,ai_candidate,high: 仿古建筑中黏土砖的统称
1713,仿古建筑材料 > 黏土仿古材料 > 黏土砖,黏土砖,烧结砖,ai_candidate,medium: 黏土砖是烧结而成，采购时可能这样叫
1713,仿古建筑材料 > 黏土仿古材料 > 黏土砖,黏土砖,仿古青砖,ai_candidate,medium: 常见指代仿古黏土砖
1713,仿古建筑材料 > 黏土仿古材料 > 黏土砖,手工砖,手模砖,ai_candidate,high: 强调手工制坯工艺
1713,仿古建筑材料 > 黏土仿古材料 > 黏土砖,手工砖,柴窑砖,ai_candidate,medium: 传统柴窑烧制的手工砖
1713,仿古建筑材料 > 黏土仿古材料 > 黏土砖,手工砖,手工青砖,ai_candidate,high: 强调手工制作与青砖颜色
1713,仿古建筑材料 > 黏土仿古材料 > 黏土砖,方砖,四方砖,ai_candidate,medium: 强调四方形制
1713,仿古建筑材料 > 黏土仿古材料 > 黏土砖,方砖,斗底砖,ai_candidate_low,low: 部分地区对铺地方砖的称呼
1713,仿古建筑材料 > 黏土仿古材料 > 黏土砖,砍磨会,砍磨砖,ai_candidate,medium: 指经过砍磨加工的砖，常见古建术语
1713,仿古建筑材料 > 黏土仿古材料 > 黏土砖,砍磨会,磨砖,ai_candidate,medium: 砍磨工艺的俗称
1713,仿古建筑材料 > 黏土仿古材料 > 黏土砖,花边斜坨砖,花边砖,ai_candidate,medium: 常见带花边装饰的异形砖
1713,仿古建筑材料 > 黏土仿古材料 > 黏土砖,花边斜坨砖,斜磋砖,ai_candidate_low,low: 可能指斜向铺砌或磋活的斜形砖
1713,仿古建筑材料 > 黏土仿古材料 > 黏土砖,蓝四丁砖,四丁砖,ai_candidate,medium: 省略颜色前缀
1713,仿古建筑材料 > 黏土仿古材料 > 黏土砖,蓝四丁砖,蓝砖,ai_candidate,medium: 颜色叫法
1713,仿古建筑材料 > 黏土仿古材料 > 黏土砖,蓝机砖,机制蓝砖,ai_candidate,high: 全称
1713,仿古建筑材料 > 黏土仿古材料 > 黏土砖,蓝机砖,蓝砖,ai_candidate,medium: 颜色叫法
1713,仿古建筑材料 > 黏土仿古材料 > 黏土砖,贴片砖,薄片砖,ai_candidate,high: 强调片状形态
1713,仿古建筑材料 > 黏土仿古材料 > 黏土砖,贴片砖,贴面砖,ai_candidate,high: 用于粘贴饰面
1713,仿古建筑材料 > 黏土仿古材料 > 黏土砖,贴片砖,片砖,ai_candidate,medium: 简短俗称
1713,仿古建筑材料 > 黏土仿古材料 > 黏土砖,青砖,灰砖,ai_candidate,high: 颜色描述，口语常用
1713,仿古建筑材料 > 黏土仿古材料 > 黏土砖,青砖,小青砖,ai_candidate,medium: 区分于大型砖
1713,仿古建筑材料 > 黏土仿古材料 > 黏土砖,青砖,仿古青砖,ai_candidate,high: 市场常用名
91,体育休闲设施 > 康体健身设施 > 其他体育休闲设施,发球器,发球机,ai_candidate,medium: 自动发球器常被简称为发球机
91,体育休闲设施 > 康体健身设施 > 其他体育休闲设施,张拉膜,膜结构,ai_candidate,high: 张拉膜是膜结构的一种，施工现场常简称为膜结构
91,体育休闲设施 > 康体健身设施 > 其他体育休闲设施,张拉膜,拉膜,ai_candidate,medium: 口语中常省略‘张’字，直接叫拉膜
91,体育休闲设施 > 康体健身设施 > 其他体育休闲设施,打位分隔器,打位隔断,ai_candidate,medium: 在练习场采购中常称为打位隔断或隔断
91,体育休闲设施 > 康体健身设施 > 其他体育休闲设施,打位分隔器,打位挡板,ai_candidate_low,low: 一些施工现场习惯称挡板
91,体育休闲设施 > 康体健身设施 > 其他体育休闲设施,拾球机,捡球机,ai_candidate,high: 拾球机通常口语化为捡球机
91,体育休闲设施 > 康体健身设施 > 其他体育休闲设施,拾球机,拾球车,ai_candidate,medium: 设备外形像车，可称为拾球车
91,体育休闲设施 > 康体健身设施 > 其他体育休闲设施,提手鱼护,手提鱼护,ai_candidate,medium: 提手鱼护即为带提手的鱼护，常直接叫手提鱼护
91,体育休闲设施 > 康体健身设施 > 其他体育休闲设施,洗球机,球清洗机,ai_candidate,high: 用于清洗高尔夫球的机器，常称为球清洗机
91,体育休闲设施 > 康体健身设施 > 其他体育休闲设施,浮标,浮漂,ai_candidate,high: 钓鱼领域内浮标更常用的叫法是浮漂
91,体育休闲设施 > 康体健身设施 > 其他体育休闲设施,浮标,鱼漂,ai_candidate,high: 俗称鱼漂
91,体育休闲设施 > 康体健身设施 > 其他体育休闲设施,渔轮,鱼线轮,ai_candidate,high: 渔轮即绕线轮，也叫鱼线轮
91,体育休闲设施 > 康体健身设施 > 其他体育休闲设施,渔轮,卷线器,ai_candidate,medium: 部分钓友习惯称卷线器
91,体育休闲设施 > 康体健身设施 > 其他体育休闲设施,球包架,球包支架,ai_candidate,medium: 球包架常被称为球包支架
91,体育休闲设施 > 康体健身设施 > 其他体育休闲设施,球钉,Tee,ai_candidate,high: 高尔夫球钉在英文中称为Tee，口语中直接使用
91,体育休闲设施 > 康体健身设施 > 其他体育休闲设施,球钉,球座,ai_candidate,medium: 部分场合称球座
91,体育休闲设施 > 康体健身设施 > 其他体育休闲设施,钓鱼竿,鱼竿,ai_candidate,high: 钓鱼竿的简称
91,体育休闲设施 > 康体健身设施 > 其他体育休闲设施,钓鱼竿,钓竿,ai_candidate,high: 简称为钓竿
91,体育休闲设施 > 康体健身设施 > 其他体育休闲设施,钓鱼钩,鱼钩,ai_candidate,high: 钓鱼钩的简称
91,体育休闲设施 > 康体健身设施 > 其他体育休闲设施,钓鱼钩线,钩线,ai_candidate,medium: 钓鱼钩线常简称为钩线
91,体育休闲设施 > 康体健身设施 > 其他体育休闲设施,钓鱼钩线,子线,ai_candidate,medium: 在台钓线组中，连接鱼钩的线段叫子线
91,体育休闲设施 > 康体健身设施 > 其他体育休闲设施,高尔夫球打击垫,打击垫,ai_candidate,high: 简称为打击垫
91,体育休闲设施 > 康体健身设施 > 其他体育休闲设施,高尔夫球打击垫,挥杆垫,ai_candidate,medium: 练习挥杆用的垫子，俗称挥杆垫
1721,体育休闲设施 > 康体健身设施 > 室内球馆设施,室内球馆设施,球馆设备,ai_candidate,medium: 室内球馆设施的统称
1721,体育休闲设施 > 康体健身设施 > 室内球馆设施,室内球馆设施,球类运动器材,ai_candidate,medium: 行业常用叫法
1721,体育休闲设施 > 康体健身设施 > 室内球馆设施,乒乓球台,乒乓球桌,ai_candidate,high: 日常及行业通用俗称
1721,体育休闲设施 > 康体健身设施 > 室内球馆设施,仿液压篮球架,仿液压架,ai_candidate,medium: 简称
1721,体育休闲设施 > 康体健身设施 > 室内球馆设施,儿童篮球架,小篮球架,ai_candidate,medium: 尺寸较小，口语叫法
1721,体育休闲设施 > 康体健身设施 > 室内球馆设施,单臂拆装式篮球架,单臂篮球架,ai_candidate,medium: 省略拆装特征
1721,体育休闲设施 > 康体健身设施 > 室内球馆设施,单臂拆装式篮球架,拆装篮球架,ai_candidate,medium: 突出拆装功能
1721,体育休闲设施 > 康体健身设施 > 室内球馆设施,台球桌,台球台,ai_candidate,high: 行业常用称呼
1721,体育休闲设施 > 康体健身设施 > 室内球馆设施,台球桌,桌球台,ai_candidate,medium: 南方地区俗称
1721,体育休闲设施 > 康体健身设施 > 室内球馆设施,室外移动式篮球架,移动篮球架,ai_candidate,medium: 省略室外特征
1721,体育休闲设施 > 康体健身设施 > 室内球馆设施,手动升降篮球架,手动升降架,ai_candidate,medium: 口语简称
1721,体育休闲设施 > 康体健身设施 > 室内球馆设施,手动升降篮球架,手升篮球架,ai_candidate_low,low: 采购简写
1721,体育休闲设施 > 康体健身设施 > 室内球馆设施,手动液压移动篮球架,手动液压篮球架,ai_candidate,medium: 省略移动特征
1721,体育休闲设施 > 康体健身设施 > 室内球馆设施,手动液压移动篮球架,手液移动架,ai_candidate_low,low: 现场简拼叫法
1721,体育休闲设施 > 康体健身设施 > 室内球馆设施,排球裁判椅,裁判椅,ai_candidate,medium: 运动场地通用叫法
1721,体育休闲设施 > 康体健身设施 > 室内球馆设施,电动液压篮球架,电动液压架,ai_candidate,medium: 简称
1721,体育休闲设施 > 康体健身设施 > 室内球馆设施,电动液压篮球架,电液篮球架,ai_candidate_low,low: 采购简写
1721,体育休闲设施 > 康体健身设施 > 室内球馆设施,篮球圈,篮圈,ai_candidate,high: 口语及采购常用
1721,体育休闲设施 > 康体健身设施 > 室内球馆设施,篮球推车,篮球车,ai_candidate,medium: 简称
1721,体育休闲设施 > 康体健身设施 > 室内球馆设施,篮球筐,篮筐,ai_candidate,high: 日常及行业通用
1721,体育休闲设施 > 康体健身设施 > 室内球馆设施,篮球篮板,篮板,ai_candidate,high: 日常及行业通用
1721,体育休闲设施 > 康体健身设施 > 室内球馆设施,篮球网,篮网,ai_candidate,high: 口语及采购常用
1721,体育休闲设施 > 康体健身设施 > 室内球馆设施,羽毛球网柱,羽毛球柱,ai_candidate,medium: 简称
1721,体育休闲设施 > 康体健身设施 > 室内球馆设施,羽毛球裁判椅,裁判椅,ai_candidate,medium: 口语简称，在球馆语境下省略“羽毛球”
1721,体育休闲设施 > 康体健身设施 > 室内球馆设施,蜡线乒乓球网,蜡线球网,ai_candidate,medium: 乒乓球网简称球网，蜡线球网即蜡线乒乓球网
1721,体育休闲设施 > 康体健身设施 > 室内球馆设施,蜡线乒乓球网,乒乓球蜡线网,ai_candidate,medium: 将材质“蜡线”前置的常见叫法
1721,体育休闲设施 > 康体健身设施 > 室内球馆设施,计分器,记分器,ai_candidate,high: 同音别字，采购单中常写为记分器
1721,体育休闲设施 > 康体健身设施 > 室内球馆设施,计分器,翻分牌,ai_candidate,high: 手动翻转数字的计分器俗称
1721,体育休闲设施 > 康体健身设施 > 室内球馆设施,计分器,计分牌,ai_candidate,high: 板式计分器的口语叫法
1722,体育休闲设施 > 康体健身设施 > 室外球场设施,七人制足球门,七人门,ai_candidate,high: 施工现场口语简称
1722,体育休闲设施 > 康体健身设施 > 室外球场设施,七人制足球门,7人制球门,ai_candidate,high: 数字简称
1722,体育休闲设施 > 康体健身设施 > 室外球场设施,五人制埋地式足球门,地埋五人门,ai_candidate,high: 埋地式俗称
1722,体育休闲设施 > 康体健身设施 > 室外球场设施,五人制埋地式足球门,固定五人门,ai_candidate,medium: 不可移动特征
1722,体育休闲设施 > 康体健身设施 > 室外球场设施,五人制移动式足球门,移动五人门,ai_candidate,high: 带轮可移动特征
1722,体育休闲设施 > 康体健身设施 > 室外球场设施,五人制移动式足球门,带轮小球门,ai_candidate,medium: 采购时口语描述
1722,体育休闲设施 > 康体健身设施 > 室外球场设施,冰球球杆,冰球杆,ai_candidate,high: 省略球字
1722,体育休闲设施 > 康体健身设施 > 室外球场设施,冰球球杆,冰球棍,ai_candidate,high: 习惯叫法
1722,体育休闲设施 > 康体健身设施 > 室外球场设施,室外乒乓球台,户外乒乓球桌,ai_candidate,high: 室外同义
1722,体育休闲设施 > 康体健身设施 > 室外球场设施,室外乒乓球台,SMC球台,ai_candidate,medium: 常见室外材质简称
1722,体育休闲设施 > 康体健身设施 > 室外球场设施,尼龙足球网,尼龙网,ai_candidate,high: 材质简称
1722,体育休闲设施 > 康体健身设施 > 室外球场设施,尼龙足球网,尼龙网兜,ai_candidate,high: 形状俗称
1722,体育休闲设施 > 康体健身设施 > 室外球场设施,曲棍球球棍,曲棍球杆,ai_candidate,high: 棍与杆通用
1722,体育休闲设施 > 康体健身设施 > 室外球场设施,曲棍球球棍,草地曲棍球棍,ai_candidate,medium: 场地明确
1722,体育休闲设施 > 康体健身设施 > 室外球场设施,曲棍球球门,曲棍球门,ai_candidate,high: 省略词
1722,体育休闲设施 > 康体健身设施 > 室外球场设施,球场围栏网,球场围网,ai_candidate,high: 施工现场简称
1722,体育休闲设施 > 康体健身设施 > 室外球场设施,球场围栏网,体育围网,ai_candidate,high: 通用叫法
1722,体育休闲设施 > 康体健身设施 > 室外球场设施,球场围栏网,包塑围网,ai_candidate,medium: 常见材质认定
1722,体育休闲设施 > 康体健身设施 > 室外球场设施,网球柱,网球网柱,ai_candidate,high: 全称口语化
1722,体育休闲设施 > 康体健身设施 > 室外球场设施,网球柱,网球架,ai_candidate,high: 功能命名
1722,体育休闲设施 > 康体健身设施 > 室外球场设施,网球裁判椅,网球椅,ai_candidate,high: 现场简称
1722,体育休闲设施 > 康体健身设施 > 室外球场设施,网球裁判椅,裁判高椅,ai_candidate,medium: 特征描述
1722,体育休闲设施 > 康体健身设施 > 室外球场设施,蜡线足球网,蜡线网,ai_candidate,high: 材质简称
1722,体育休闲设施 > 康体健身设施 > 室外球场设施,蜡线足球网,蜡线网兜,ai_candidate,medium: 形状俗称
1722,体育休闲设施 > 康体健身设施 > 室外球场设施,足球门,大球门,ai_candidate,high: 区别于小门
1722,体育休闲设施 > 康体健身设施 > 室外球场设施,足球门,11人制球门,ai_candidate,high: 标准场地对应
1723,体育休闲设施 > 康体健身设施 > 游泳馆设施,游泳馆设施,游泳池设备,ai_candidate_low,low: 采购清单中常统称游泳馆设施为游泳池设备
1723,体育休闲设施 > 康体健身设施 > 游泳馆设施,婴儿泳池,婴儿游泳池,ai_candidate,high: 完整口语叫法
1723,体育休闲设施 > 康体健身设施 > 游泳馆设施,婴儿泳池,宝宝游泳池,ai_candidate,medium: 面向儿童的亲切叫法
1723,体育休闲设施 > 康体健身设施 > 游泳馆设施,婴儿游泳脖圈,婴儿脖圈,ai_candidate,high: 简称，突出颈部支撑
1723,体育休闲设施 > 康体健身设施 > 游泳馆设施,婴儿游泳脖圈,游泳颈圈,ai_candidate,high: 同义别称
1723,体育休闲设施 > 康体健身设施 > 游泳馆设施,婴儿游泳脖圈,婴儿游泳圈,ai_candidate,medium: 易与通用游泳圈混淆，但仍在使用
1723,体育休闲设施 > 康体健身设施 > 游泳馆设施,游泳圈,泳圈,ai_candidate,high: 日常口语简称
1723,体育休闲设施 > 康体健身设施 > 游泳馆设施,游泳帽,泳帽,ai_candidate,high: 标准简称
1723,体育休闲设施 > 康体健身设施 > 游泳馆设施,游泳镜,泳镜,ai_candidate,high: 最通用简称
1720,体育休闲设施 > 康体健身设施 > 田径设施,铅球回送器,回球器,ai_candidate_low,low: 现场口语简化叫法
1720,体育休闲设施 > 康体健身设施 > 田径设施,铅球回送器,铅球回送机,ai_candidate,medium: 俗称
1720,体育休闲设施 > 康体健身设施 > 田径设施,铅球投掷圈,投掷圈,ai_candidate,high: 简略材质前缀的通用叫法
1720,体育休闲设施 > 康体健身设施 > 田径设施,铅球抵趾板,抵趾板,ai_candidate,high: 最常用简称
1720,体育休闲设施 > 康体健身设施 > 田径设施,铅球抵趾板,趾板,ai_candidate,medium: 口语中偶尔省略
1720,体育休闲设施 > 康体健身设施 > 田径设施,铅球推车,铅球车,ai_candidate,high: 施工现场口语简化
1720,体育休闲设施 > 康体健身设施 > 田径设施,铅球推车,铅球运输车,ai_candidate,medium: 功能性别称
1720,体育休闲设施 > 康体健身设施 > 田径设施,铝合金接力棒,接力棒,ai_candidate,high: 省略材质的标准简称
1720,体育休闲设施 > 康体健身设施 > 田径设施,铝合金跳高架,跳高架,ai_candidate,high: 省略材质的常见叫法
1720,体育休闲设施 > 康体健身设施 > 田径设施,铝饼,铝合金铁饼,ai_candidate_low,low: 指明材质为铝合金的铁饼
1720,体育休闲设施 > 康体健身设施 > 田径设施,铝饼,训练饼,ai_candidate_low,low: 常用作训练器材的别称
1720,体育休闲设施 > 康体健身设施 > 田径设施,链球护笼,护笼,ai_candidate,high: 最常用简称
1720,体育休闲设施 > 康体健身设施 > 田径设施,链球护笼,链球笼,ai_candidate,high: 口语紧凑叫法
1720,体育休闲设施 > 康体健身设施 > 田径设施,链球护笼,防护笼,ai_candidate,medium: 功能性别称
1720,体育休闲设施 > 康体健身设施 > 田径设施,链球推车,链球车,ai_candidate,high: 口语简化
1720,体育休闲设施 > 康体健身设施 > 田径设施,链球推车,链球运输车,ai_candidate,medium: 功能性别称
1727,体育休闲设施 > 康体游乐设施 > 保龄球设施,上油机,球道上油机,ai_candidate,high: 施工现场俗称，强调球道上油功能
1727,体育休闲设施 > 康体游乐设施 > 保龄球设施,上油机,落油机,ai_candidate,medium: 行业俗称，英文lane oiler的直译
1727,体育休闲设施 > 康体游乐设施 > 保龄球设施,保龄球球道油,球道油,ai_candidate,high: 采购与施工中直接简称为球道油
1727,体育休闲设施 > 康体游乐设施 > 保龄球设施,保龄球瓶,球瓶,ai_candidate,high: 行业内普遍简称为球瓶
1727,体育休闲设施 > 康体游乐设施 > 保龄球设施,保龄球计分系统,计分器,ai_candidate,high: 口语叫法，指代计分设备
1727,体育休闲设施 > 康体游乐设施 > 保龄球设施,保龄球计分系统,计分显示屏,ai_candidate,medium: 包含显示屏的计分系统俗称
1727,体育休闲设施 > 康体游乐设施 > 保龄球设施,放瓶台,置瓶台,ai_candidate,high: 标准术语置瓶台的口语化简称
1727,体育休闲设施 > 康体游乐设施 > 保龄球设施,自动化机械系统,自动摆瓶系统,ai_candidate,medium: 指机械系统的主要功能是自动摆放球瓶
1727,体育休闲设施 > 康体游乐设施 > 保龄球设施,自动化机械系统,排瓶机,ai_candidate,medium: 口语呼排瓶机，指代该系统
1727,体育休闲设施 > 康体游乐设施 > 保龄球设施,记分台,操作台,ai_candidate,medium: 记分员操作位置，常统称为操作台
1728,体育休闲设施 > 康体游乐设施 > 滑雪溜冰设施,高山鞋(靴),双板雪鞋,ai_candidate,high: 高山滑雪用鞋，区别于单板，行业内俗称双板鞋
1728,体育休闲设施 > 康体游乐设施 > 滑雪溜冰设施,高山鞋(靴),卡式雪鞋,ai_candidate,medium: 此类鞋常配合卡式固定器使用，施工采购中口语化叫法
1728,体育休闲设施 > 康体游乐设施 > 滑雪溜冰设施,高山鞋(靴),硬鞋,ai_candidate,medium: 与单板软鞋相对，指外靴较硬的滑雪鞋
1728,体育休闲设施 > 康体游乐设施 > 滑雪溜冰设施,高山鞋(靴),高山滑雪靴,ai_candidate,high: 高山鞋即高山滑雪靴的简称，常用于标书或清单
1356,保险、绝缘及电热材料 > 保险材料 > 保险器材,保险器材,熔断器材,ai_candidate,high: 行业统称
1356,保险、绝缘及电热材料 > 保险材料 > 保险器材,保险器材,保险器件,ai_candidate,high: 同类统称
1356,保险、绝缘及电热材料 > 保险材料 > 保险器材,保险丝,熔断丝,ai_candidate,high: 电气行业俗称
1356,保险、绝缘及电热材料 > 保险材料 > 保险器材,保险丝,熔丝,ai_candidate,high: 简称
1356,保险、绝缘及电热材料 > 保险材料 > 保险器材,保险丝盒,保险盒,ai_candidate,high: 口语简称
1356,保险、绝缘及电热材料 > 保险材料 > 保险器材,保险丝盒,熔断器盒,ai_candidate,medium: 按功能称呼
1356,保险、绝缘及电热材料 > 保险材料 > 保险器材,保险架,保险座,ai_candidate,medium: 俗称
1356,保险、绝缘及电热材料 > 保险材料 > 保险器材,保险架,熔丝架,ai_candidate,medium: 功能称呼
1356,保险、绝缘及电热材料 > 保险材料 > 保险器材,保险片,熔断片,ai_candidate,high: 按材料称呼
1356,保险、绝缘及电热材料 > 保险材料 > 保险器材,保险片,插片保险,ai_candidate,high: 形状称呼
1356,保险、绝缘及电热材料 > 保险材料 > 保险器材,保险盒端子,保险端子,ai_candidate,medium: 简称
1356,保险、绝缘及电热材料 > 保险材料 > 保险器材,保险盒端子,熔断器端子,ai_candidate,medium: 按器件称呼
1356,保险、绝缘及电热材料 > 保险材料 > 保险器材,保险盖,保险盒盖,ai_candidate,high: 俗称
1360,保险、绝缘及电热材料 > 绝缘材料 > 低压绝缘子,低压绝缘子,低压瓷瓶,ai_candidate,high: 行业内将绝缘子通称为瓷瓶，低压绝缘子即低压瓷瓶
1360,保险、绝缘及电热材料 > 绝缘材料 > 低压绝缘子,低压绝缘子,低压电瓷,ai_candidate,medium: 绝缘子材质为电瓷，低压类统称低压电瓷
1360,保险、绝缘及电热材料 > 绝缘材料 > 低压绝缘子,ED低压碟式绝缘子,ED蝴蝶瓷瓶,ai_candidate,high: 碟式绝缘子形似蝴蝶，俗称蝴蝶瓷瓶，ED为型号
1360,保险、绝缘及电热材料 > 绝缘材料 > 低压绝缘子,ED低压碟式绝缘子,低压蝶式瓷瓶,ai_candidate,high: 碟式与蝶式混用，采购中常称蝶式瓷瓶
1360,保险、绝缘及电热材料 > 绝缘材料 > 低压绝缘子,ED低压碟式绝缘子,ED瓷瓶,ai_candidate,medium: 直接以型号加瓷瓶称呼
1360,保险、绝缘及电热材料 > 绝缘材料 > 低压绝缘子,EX低压线轴式绝缘子,线轴瓷瓶,ai_candidate,high: 线轴式绝缘子的俗称，形状像绕线轴
1360,保险、绝缘及电热材料 > 绝缘材料 > 低压绝缘子,EX低压线轴式绝缘子,EX线轴瓶,ai_candidate,medium: 型号加线轴瓶的简略叫法
1360,保险、绝缘及电热材料 > 绝缘材料 > 低压绝缘子,G鼓形绝缘子,鼓形瓷瓶,ai_candidate,high: 形状如鼓，俗称鼓形瓷瓶
1360,保险、绝缘及电热材料 > 绝缘材料 > 低压绝缘子,G鼓形绝缘子,瓷鼓,ai_candidate,high: 安装电工常简称为瓷鼓
1360,保险、绝缘及电热材料 > 绝缘材料 > 低压绝缘子,G鼓形绝缘子,G型瓷瓶,ai_candidate,medium: 型号加瓷瓶
1360,保险、绝缘及电热材料 > 绝缘材料 > 低压绝缘子,J拉紧绝缘子,蛋形绝缘子,ai_candidate,high: 外形椭圆似蛋，业界标准别名
1360,保险、绝缘及电热材料 > 绝缘材料 > 低压绝缘子,J拉紧绝缘子,拉紧瓷瓶,ai_candidate,high: 用于拉线拉紧功能，材质为瓷
1360,保险、绝缘及电热材料 > 绝缘材料 > 低压绝缘子,J拉紧绝缘子,花篮瓷瓶,ai_candidate,medium: 部分形状类似花篮，现场口语叫法
1360,保险、绝缘及电热材料 > 绝缘材料 > 低压绝缘子,PD低压针式绝缘子,针式瓷瓶,ai_candidate,high: 针式绝缘子的通用俗称
1360,保险、绝缘及电热材料 > 绝缘材料 > 低压绝缘子,PD低压针式绝缘子,直瓶,ai_candidate,high: 因直立安装，施工现场称直瓶
1360,保险、绝缘及电热材料 > 绝缘材料 > 低压绝缘子,PD低压针式绝缘子,立瓶,ai_candidate,medium: 施工现场口语，与直瓶同义
1360,保险、绝缘及电热材料 > 绝缘材料 > 低压绝缘子,PD低压针式绝缘子,PD针瓶,ai_candidate,medium: 型号加针瓶简称
1360,保险、绝缘及电热材料 > 绝缘材料 > 低压绝缘子,WX电车绝缘子,电车瓷瓶,ai_candidate,high: 用于电车线路，俗称电车瓷瓶
1360,保险、绝缘及电热材料 > 绝缘材料 > 低压绝缘子,WX电车绝缘子,WX瓷瓶,ai_candidate,medium: 型号加瓷瓶
1360,保险、绝缘及电热材料 > 绝缘材料 > 低压绝缘子,低压蝶式绝缘子,蝴蝶瓷瓶,ai_candidate,high: 蝶式绝缘子外形如蝴蝶，常用别名
1360,保险、绝缘及电热材料 > 绝缘材料 > 低压绝缘子,低压蝶式绝缘子,低压蝴蝶瓶,ai_candidate,high: 加低压前缀的俗称
1360,保险、绝缘及电热材料 > 绝缘材料 > 低压绝缘子,低压蝶式绝缘子,蝶式瓷瓶,ai_candidate,high: 蝶式与瓷瓶组合
1360,保险、绝缘及电热材料 > 绝缘材料 > 低压绝缘子,低压针式绝缘子,针式瓷瓶,ai_candidate,high: 低压针式绝缘子的通用俗称
1360,保险、绝缘及电热材料 > 绝缘材料 > 低压绝缘子,低压针式绝缘子,直瓶,ai_candidate,high: 因其直立安装的特性
1360,保险、绝缘及电热材料 > 绝缘材料 > 低压绝缘子,低压针式绝缘子,低压针瓶,ai_candidate,medium: 低压针式绝缘子的简略称呼
1360,保险、绝缘及电热材料 > 绝缘材料 > 低压绝缘子,绝缘子,瓷瓶,ai_candidate,high: 所有绝缘子的通用俗称
1360,保险、绝缘及电热材料 > 绝缘材料 > 低压绝缘子,绝缘子,电瓷,ai_candidate,high: 行业统称绝缘子为电瓷
1360,保险、绝缘及电热材料 > 绝缘材料 > 低压绝缘子,绝缘子,绝缘瓶,ai_candidate,medium: 绝缘子的别称
1361,保险、绝缘及电热材料 > 绝缘材料 > 绝缘穿墙套管、瓷套管,绝缘穿墙套管、瓷套管,穿墙套管,ai_candidate,high: 施工现场统一简称，涵盖各类穿墙绝缘套管
1361,保险、绝缘及电热材料 > 绝缘材料 > 绝缘穿墙套管、瓷套管,绝缘穿墙套管、瓷套管,瓷套管,ai_candidate,high: 按主体材质统称瓷绝缘穿墙套管
1361,保险、绝缘及电热材料 > 绝缘材料 > 绝缘穿墙套管、瓷套管,绝缘穿墙套管、瓷套管,穿墙瓷瓶,ai_candidate,medium: 一些地区对瓷穿墙套管的习惯叫法
1361,保险、绝缘及电热材料 > 绝缘材料 > 绝缘穿墙套管、瓷套管,导杆式穿墙瓷套管,导杆套管,ai_candidate,high: 施工现场简称
1361,保险、绝缘及电热材料 > 绝缘材料 > 绝缘穿墙套管、瓷套管,导杆式穿墙瓷套管,导杆瓷套管,ai_candidate,medium: 突出瓷材质与导杆结构
1361,保险、绝缘及电热材料 > 绝缘材料 > 绝缘穿墙套管、瓷套管,母线式穿墙瓷套管,母线套管,ai_candidate,high: 施工现场简称，用于母线穿墙
1361,保险、绝缘及电热材料 > 绝缘材料 > 绝缘穿墙套管、瓷套管,母线式穿墙瓷套管,母线瓷套管,ai_candidate,medium: 强调瓷套管和母线用的结合
1361,保险、绝缘及电热材料 > 绝缘材料 > 绝缘穿墙套管、瓷套管,油纸电容式穿墙套管,电容套管,ai_candidate,high: 现场简称，突出电容式绝缘结构
1361,保险、绝缘及电热材料 > 绝缘材料 > 绝缘穿墙套管、瓷套管,油纸电容式穿墙套管,油纸电容套管,ai_candidate,medium: 直接采用油纸电容特征命名
1361,保险、绝缘及电热材料 > 绝缘材料 > 绝缘穿墙套管、瓷套管,油纸电容式穿墙套管,电容式穿墙套管,ai_candidate,medium: 全称简化
1361,保险、绝缘及电热材料 > 绝缘材料 > 绝缘穿墙套管、瓷套管,直瓷管,直瓷套管,ai_candidate,high: 现场俗称，明确是直的瓷套管
1361,保险、绝缘及电热材料 > 绝缘材料 > 绝缘穿墙套管、瓷套管,直瓷管,瓷直管,ai_candidate_low,low: 颠倒语序的叫法
1361,保险、绝缘及电热材料 > 绝缘材料 > 绝缘穿墙套管、瓷套管,绝缘穿墙套管,绝缘套管,ai_candidate,high: 省略穿墙的简称，采购中常见
1361,保险、绝缘及电热材料 > 绝缘材料 > 绝缘穿墙套管、瓷套管,绝缘穿墙套管,穿墙绝缘套,ai_candidate,medium: 口语省略尾部
1361,保险、绝缘及电热材料 > 绝缘材料 > 绝缘穿墙套管、瓷套管,绝缘穿墙套管,绝缘瓷套,ai_candidate_low,low: 突出瓷绝缘特征
1358,保险、绝缘及电热材料 > 防雷接地材料 > 接地装置,接地装置,接地体,ai_candidate,medium: 施工现场常将接地装置统称为接地体
1358,保险、绝缘及电热材料 > 防雷接地材料 > 接地装置,接地装置,接地极,ai_candidate,medium: 接地装置的核心部分，口语中有时混用
1837,其他类别 > 其他品类 > 其他品类,办公耗材,办公消耗品,ai_candidate,medium: 采购时常用替代词
1837,其他类别 > 其他品类 > 其他品类,办公耗材,耗材,ai_candidate,medium: 口语简化叫法
1837,其他类别 > 其他品类 > 其他品类,办公设备,OA设备,ai_candidate,high: 办公自动化设备简称，采购场景通用
1837,其他类别 > 其他品类 > 其他品类,办公设备,办公器材,ai_candidate,medium: 设备类统称
1837,其他类别 > 其他品类 > 其他品类,国槐(种子),国槐籽,ai_candidate,high: 苗木采购常用称呼
1837,其他类别 > 其他品类 > 其他品类,国槐(种子),槐树种子,ai_candidate,high: 通用说法
1837,其他类别 > 其他品类 > 其他品类,电机保护器,电动机保护器,ai_candidate,high: 全称口语化替换
1837,其他类别 > 其他品类 > 其他品类,电机保护器,马达保护器,ai_candidate,high: 工地俗称
1837,其他类别 > 其他品类 > 其他品类,电机保护器,电机保护开关,ai_candidate,medium: 集成开关型保护器叫法
1837,其他类别 > 其他品类 > 其他品类,电机调速器,电动机调速器,ai_candidate,high: 全称替换
1837,其他类别 > 其他品类 > 其他品类,电机调速器,马达调速器,ai_candidate,high: 工地口语
1837,其他类别 > 其他品类 > 其他品类,电机调速器,调速器,ai_candidate,medium: 简要简称
1837,其他类别 > 其他品类 > 其他品类,粘滞耗能阻尼器,粘滞阻尼器,ai_candidate,high: 工程减震领域通用简称
1837,其他类别 > 其他品类 > 其他品类,粘滞耗能阻尼器,油阻尼器,ai_candidate,high: 以内部介质俗称
1837,其他类别 > 其他品类 > 其他品类,粘滞耗能阻尼器,液体阻尼器,ai_candidate,medium: 介质类型俗称
1837,其他类别 > 其他品类 > 其他品类,联动指示灯模块,联动指示模块,ai_candidate,medium: 省略“灯”的现场叫法
1837,其他类别 > 其他品类 > 其他品类,联动指示灯模块,指示灯联动模块,ai_candidate,medium: 词序调整口头称呼
1836,其他类别 > 防疫、防护用品 > 其他防疫、防护用品,诊断试剂,检测试剂,ai_candidate,high: 在防疫物资采购和施工现场口语中，常将诊断试剂统称为检测试剂
1833,其他类别 > 防疫、防护用品 > 测温用具,测温器,测温仪,ai_candidate,medium: 施工现场常将测温器统称为测温仪
1833,其他类别 > 防疫、防护用品 > 测温用具,温度计,体温计,ai_candidate,high: 防疫场景下温度计通常指体温计
1833,其他类别 > 防疫、防护用品 > 测温用具,温度计,温度表,ai_candidate_low,low: 部分施工记录中称温度表
1833,其他类别 > 防疫、防护用品 > 测温用具,红外测温仪,红外测温枪,ai_candidate,high: 外形类似枪形，采购及施工现场常用叫法
1833,其他类别 > 防疫、防护用品 > 测温用具,红外测温仪,额温枪,ai_candidate,high: 因常用于测量额头温度而得名
1833,其他类别 > 防疫、防护用品 > 测温用具,红外测温仪,测温枪,ai_candidate,high: 简称，施工现场口语化叫法
1833,其他类别 > 防疫、防护用品 > 测温用具,红外测温仪,红外线测温仪,ai_candidate,high: 全称的常见变体
170,厨房设备 > 存储设备 > 冷藏、冷冻柜（库）,冷藏、冷冻柜（库）,冷柜,ai_candidate,medium: 可能指冰柜、冷藏柜或冷冻柜，指向不唯一
170,厨房设备 > 存储设备 > 冷藏、冷冻柜（库）,冷藏、冷冻柜（库）,冻柜,ai_candidate_low,low: 可能指冰柜或冷冻库，指向不唯一
170,厨房设备 > 存储设备 > 冷藏、冷冻柜（库）,冷藏、冷冻柜（库）,冷藏柜,ai_candidate,medium: 可泛指冷藏设备，不特指某一具体品类
170,厨房设备 > 存储设备 > 冷藏、冷冻柜（库）,冷藏、冷冻柜（库）,冷冻柜,ai_candidate,medium: 可泛指冷冻设备，不特指某一具体品类
170,厨房设备 > 存储设备 > 冷藏、冷冻柜（库）,冰柜,卧式冰柜,ai_candidate,high: 强调形态的俗称
170,厨房设备 > 存储设备 > 冷藏、冷冻柜（库）,冷库,冻库,ai_candidate,high: 施工现场及采购中对冷冻库的简称
170,厨房设备 > 存储设备 > 冷藏、冷冻柜（库）,冷库,冷藏库,ai_candidate,high: 特指低温冷藏用途的库房
170,厨房设备 > 存储设备 > 冷藏、冷冻柜（库）,冷库,冷冻库,ai_candidate,high: 特指低温冷冻用途的库房
170,厨房设备 > 存储设备 > 冷藏、冷冻柜（库）,电冰箱,冰箱,ai_candidate,high: 最通用的简称
1758,厨房设备 > 存储设备 > 展示柜、保鲜柜,展示柜、保鲜柜,展示冷柜,ai_candidate,high: 行业内将具有保鲜冷藏功能的展示柜统称为展示冷柜
1758,厨房设备 > 存储设备 > 展示柜、保鲜柜,保鲜展示柜,冷藏展示柜,ai_candidate,high: 保鲜展示柜的常见别称，强调冷藏功能
1758,厨房设备 > 存储设备 > 展示柜、保鲜柜,保鲜展示柜,保鲜陈列柜,ai_candidate,medium: 替代叫法，强调陈列属性
1758,厨房设备 > 存储设备 > 展示柜、保鲜柜,保鲜工作台,冷藏工作台,ai_candidate,high: 厨房常用叫法，明确其冷藏保鲜功能
1758,厨房设备 > 存储设备 > 展示柜、保鲜柜,风幕柜,风幕展示柜,ai_candidate,high: 全称形式，常用于采购清单
1758,厨房设备 > 存储设备 > 展示柜、保鲜柜,风幕柜,立式风幕柜,ai_candidate,medium: 强调立式结构的叫法
1760,厨房设备 > 存储设备 > 餐架,餐架,餐厅架子,ai_candidate,medium: 餐饮行业对餐架的俗称
1760,厨房设备 > 存储设备 > 餐架,餐架,厨房置物架,ai_candidate_low,low: 厨房存储用架子统称
1760,厨房设备 > 存储设备 > 餐架,厨房货架,厨房层架,ai_candidate,medium: 口语常称层架
1760,厨房设备 > 存储设备 > 餐架,厨房货架,厨架,ai_candidate_low,low: 现场简称
1760,厨房设备 > 存储设备 > 餐架,台上明架,台上架,ai_candidate,medium: 指放在台面上的开放式架子
1760,厨房设备 > 存储设备 > 餐架,台上明架,台面明架,ai_candidate_low,low: 强调台面使用的明架
1760,厨房设备 > 存储设备 > 餐架,台面立架,台面架,ai_candidate,medium: 台面使用的立式架子简称
1760,厨房设备 > 存储设备 > 餐架,炒勺架,勺架,ai_candidate,high: 炒勺架简称
1760,厨房设备 > 存储设备 > 餐架,炒勺架,炒勺挂架,ai_candidate,medium: 挂式炒勺架叫法
1760,厨房设备 > 存储设备 > 餐架,烧腊挂架,腊味挂架,ai_candidate,medium: 烧腊也称腊味
1760,厨房设备 > 存储设备 > 餐架,烧腊挂架,挂腊架,ai_candidate_low,low: 口语简化叫法
1760,厨房设备 > 存储设备 > 餐架,热水器架,热水器支架,ai_candidate,high: 施工现场常称支架
1760,厨房设备 > 存储设备 > 餐架,热水器架,热水器托架,ai_candidate,medium: 托举式架子叫法
1760,厨房设备 > 存储设备 > 餐架,米面架,粮食架,ai_candidate,medium: 存放粮食用架子
1760,厨房设备 > 存储设备 > 餐架,米面架,米面层架,ai_candidate_low,low: 层架式米面架叫法
1760,厨房设备 > 存储设备 > 餐架,蒸盘架,蒸盘托架,ai_candidate,medium: 承托蒸盘的架子
1760,厨房设备 > 存储设备 > 餐架,蒸笼架,蒸笼层架,ai_candidate,medium: 层叠放置蒸笼的架子
1760,厨房设备 > 存储设备 > 餐架,蒸笼架,蒸笼托架,ai_candidate_low,low: 托住蒸笼的架子
1760,厨房设备 > 存储设备 > 餐架,褂鸭架,挂鸭架,ai_candidate,high: 实际应为挂鸭架，褂为同音别字
1760,厨房设备 > 存储设备 > 餐架,褂鸭架,烧鸭挂架,ai_candidate,medium: 烧腊用的挂鸭架
1759,厨房设备 > 存储设备 > 餐柜,餐柜,餐橱,ai_candidate,medium: 餐柜的俗称，常用于餐厅或厨房中存放餐具的柜子
1759,厨房设备 > 存储设备 > 餐柜,地柜,落地柜,ai_candidate,high: 地柜指直接放置于地面的柜子，俗称落地柜
1759,厨房设备 > 存储设备 > 餐柜,矮柜,低柜,ai_candidate,high: 矮柜即高度较低的柜子，口语中常称为低柜
1759,厨房设备 > 存储设备 > 餐柜,碗柜,碗橱,ai_candidate,high: 专门存放碗碟的柜子，民间常称为碗橱
1759,厨房设备 > 存储设备 > 餐柜,纱网贮藏柜,纱网柜,ai_candidate,high: 带有纱网的贮藏柜，现场口语简化为纱网柜
1759,厨房设备 > 存储设备 > 餐柜,贮藏柜,储物柜,ai_candidate,high: 用于贮藏物品的柜子，采购中常统称为储物柜
1759,厨房设备 > 存储设备 > 餐柜,陈列柜,展示柜,ai_candidate,high: 用于陈列物品的柜子，俗称展示柜
1759,厨房设备 > 存储设备 > 餐柜,陈列柜,展柜,ai_candidate,high: 展示柜的简称，现场常用叫法
1759,厨房设备 > 存储设备 > 餐柜,食品柜,食物柜,ai_candidate,medium: 存放食品的柜子，口语中常称为食物柜
1759,厨房设备 > 存储设备 > 餐柜,高柜,高身柜,ai_candidate,medium: 厨房设备中较高的柜子常称高身柜，供参考
1759,厨房设备 > 存储设备 > 餐柜,高柜,立柜,ai_candidate,medium: 较高的竖立柜子俗称为立柜
1764,厨房设备 > 洗涤与消毒设备 > 洗刷台、洗涮柜,墩布池,拖把池,ai_candidate,high: 墩布即拖把，施工现场和采购中常称拖把池
1764,厨房设备 > 洗涤与消毒设备 > 洗刷台、洗涮柜,墩布池,拖布池,ai_candidate,high: 部分地区口语称拖把为拖布
1764,厨房设备 > 洗涤与消毒设备 > 洗刷台、洗涮柜,墩布池,涮墩布池,ai_candidate,medium: 强调涮洗墩布的功能，俗称涮墩布池
1764,厨房设备 > 洗涤与消毒设备 > 洗刷台、洗涮柜,洗刷台,洗涤台,ai_candidate,medium: 洗刷与洗涤功能相近，采购中常混称为洗涤台
1764,厨房设备 > 洗涤与消毒设备 > 洗刷台、洗涮柜,洗涮柜,水槽柜,ai_candidate,medium: 洗涮柜通常结合水槽与柜体，现场口语称水槽柜
1762,厨房设备 > 洗涤与消毒设备 > 洗碗机,传送带式洗碗机,通道式洗碗机,ai_candidate,high: 因传送带形成清洗通道而得名
1762,厨房设备 > 洗涤与消毒设备 > 洗碗机,传送带式洗碗机,长龙式洗碗机,ai_candidate,medium: 大型传送带洗碗机外形似长龙
1762,厨房设备 > 洗涤与消毒设备 > 洗碗机,台式洗碗机,台上型洗碗机,ai_candidate,medium: 放在台面上使用
1762,厨房设备 > 洗涤与消毒设备 > 洗碗机,柜式洗碗机,落地式洗碗机,ai_candidate,medium: 立式柜体，落地放置
1762,厨房设备 > 洗涤与消毒设备 > 洗碗机,柜式洗碗机,立式洗碗机,ai_candidate,medium: 相对于台式而言
1762,厨房设备 > 洗涤与消毒设备 > 洗碗机,超声波洗碗机,超声洗碗机,ai_candidate,high: 简称
1763,厨房设备 > 洗涤与消毒设备 > 消毒柜,消毒柜,消毒碗柜,ai_candidate,high: 市场上消毒柜常被泛称为消毒碗柜，尤其指食具消毒柜
1763,厨房设备 > 洗涤与消毒设备 > 消毒柜,消毒柜,碗柜消毒机,ai_candidate,medium: 部分采购人员对消毒柜的口语叫法
1763,厨房设备 > 洗涤与消毒设备 > 消毒柜,消毒柜,杀菌柜,ai_candidate,medium: 消毒柜的通用别称
1763,厨房设备 > 洗涤与消毒设备 > 消毒柜,热毛巾柜,毛巾消毒柜,ai_candidate,high: 热毛巾柜通常具备加热消毒功能，现场常称毛巾消毒柜
1763,厨房设备 > 洗涤与消毒设备 > 消毒柜,热毛巾柜,毛巾保温消毒柜,ai_candidate,medium: 部分产品兼具保温与消毒，采购中常用此叫法
1763,厨房设备 > 洗涤与消毒设备 > 消毒柜,电热消毒柜,高温消毒柜,ai_candidate,high: 电热消毒柜主要依靠远红外等发热元件产生高温进行消毒，俗称高温消毒柜
1763,厨房设备 > 洗涤与消毒设备 > 消毒柜,电热消毒柜,远红外消毒柜,ai_candidate,medium: 电热消毒柜常用远红外加热方式，很多采购直接称远红外消毒柜
1763,厨房设备 > 洗涤与消毒设备 > 消毒柜,电热消毒柜,红外线消毒柜,ai_candidate_low,low: 远红外线的简称，施工和采购中偶尔混用
1763,厨房设备 > 洗涤与消毒设备 > 消毒柜,电热消毒柜防爆,防爆电热消毒柜,ai_candidate,high: 产品标准命名常把防爆前置，采购口语中也会倒置
1763,厨房设备 > 洗涤与消毒设备 > 消毒柜,电热消毒柜防爆,防爆型高温消毒柜,ai_candidate,medium: 强调防爆性能的高温消毒柜
1763,厨房设备 > 洗涤与消毒设备 > 消毒柜,组合型食具消毒柜,组合消毒柜,ai_candidate,high: 简称，省略‘型食具’
1763,厨房设备 > 洗涤与消毒设备 > 消毒柜,组合型食具消毒柜,多功能食具消毒柜,ai_candidate,medium: 因为组合多种消毒方式，有时被称作多功能
1763,厨房设备 > 洗涤与消毒设备 > 消毒柜,组合型食具消毒柜,混合消毒柜,ai_candidate_low,low: 一些采购人员对组合型消毒模式的通俗描述
1763,厨房设备 > 洗涤与消毒设备 > 消毒柜,臭氧加紫外线消毒柜,臭氧紫外线消毒柜,ai_candidate,high: 省略‘加’字，最常见的叫法
1763,厨房设备 > 洗涤与消毒设备 > 消毒柜,臭氧加紫外线消毒柜,紫外线臭氧消毒柜,ai_candidate,medium: 口语中顺序颠倒但指向同一品种
1763,厨房设备 > 洗涤与消毒设备 > 消毒柜,臭氧加紫外线消毒柜,双模消毒柜,ai_candidate_low,low: 一些厂家将臭氧+紫外线称为双模消毒，偶尔在采购中提及
1763,厨房设备 > 洗涤与消毒设备 > 消毒柜,臭氧消毒柜,臭氧杀菌柜,ai_candidate,medium: 消毒与杀菌在口语中常互换，臭氧类多叫杀菌柜
1763,厨房设备 > 洗涤与消毒设备 > 消毒柜,臭氧消毒柜,低温消毒柜,ai_candidate,medium: 臭氧消毒不依赖高温，常被泛称为低温消毒柜
1763,厨房设备 > 洗涤与消毒设备 > 消毒柜,蒸汽消毒柜,蒸汽杀菌柜,ai_candidate,high: 消毒与杀菌混用，蒸汽类多称杀菌柜
1763,厨房设备 > 洗涤与消毒设备 > 消毒柜,蒸汽消毒柜,高温蒸汽消毒柜,ai_candidate,medium: 强调蒸汽的温度特性，采购时常用全称
1763,厨房设备 > 洗涤与消毒设备 > 消毒柜,蒸汽消毒柜,蒸汽消毒箱,ai_candidate_low,low: 小型蒸汽消毒设备有时被称为箱
1765,厨房设备 > 洗涤与消毒设备 > 盆台,盆台,水池台,ai_candidate,high: 施工现场常将盆台称为水池台，因主要功能为洗涤
1765,厨房设备 > 洗涤与消毒设备 > 盆台,盆台,洗涮台,ai_candidate,medium: 口语中常统称洗涮台
1765,厨房设备 > 洗涤与消毒设备 > 盆台,盆台,水槽工作台,ai_candidate,medium: 部分采购清单中称水槽工作台
1765,厨房设备 > 洗涤与消毒设备 > 盆台,三星盆台,三星水池,ai_candidate,high: 星盆含义为沥水星形槽，口语常直接称三星水池
1765,厨房设备 > 洗涤与消毒设备 > 盆台,三星盆台,三槽水池台,ai_candidate,medium: 因有三个洗涤槽，部分地区叫三槽水池台
1765,厨房设备 > 洗涤与消毒设备 > 盆台,三星盆台,三连池台,ai_candidate_low,low: 现场可能简称为三连池台
1765,厨房设备 > 洗涤与消毒设备 > 盆台,单大星盆台,大单星,ai_candidate,high: 单大星盆的简称，采购中常写大单星
1765,厨房设备 > 洗涤与消毒设备 > 盆台,单大星盆台,大单槽台,ai_candidate,high: 强调单槽且尺寸大
1765,厨房设备 > 洗涤与消毒设备 > 盆台,单大星盆台,大单星水池,ai_candidate,medium: 带星盆的水池叫法
1765,厨房设备 > 洗涤与消毒设备 > 盆台,单星盆台,单星水池,ai_candidate,high: 一个星盆的水池台
1765,厨房设备 > 洗涤与消毒设备 > 盆台,单星盆台,单槽台,ai_candidate,high: 现场单槽洗涤台的简称
1765,厨房设备 > 洗涤与消毒设备 > 盆台,双星盆台,双星水池,ai_candidate,high: 两个星盆的水池台
1765,厨房设备 > 洗涤与消毒设备 > 盆台,双星盆台,双槽台,ai_candidate,high: 双槽洗涤工作台的简称
1769,厨房设备 > 烹调设备 > 灶具,灶具,炉灶,ai_candidate,high: 行业广泛使用，灶具常被称为炉灶
1769,厨房设备 > 烹调设备 > 灶具,灶具,火灶,ai_candidate,medium: 口语中有时简称火灶
1769,厨房设备 > 烹调设备 > 灶具,灶具,灶台,ai_candidate,high: 施工现场习惯称灶台
1769,厨房设备 > 烹调设备 > 灶具,四眼鼓风灶,四头鼓风灶,ai_candidate,high: 眼即灶头，口语常说四头
1769,厨房设备 > 烹调设备 > 灶具,四眼鼓风灶,四眼猛火灶,ai_candidate,medium: 鼓风灶火力猛，也称猛火灶
1769,厨房设备 > 烹调设备 > 灶具,大锅灶,大灶,ai_candidate,high: 口语简称，采购时常说大灶
1769,厨房设备 > 烹调设备 > 灶具,大锅灶,食堂大锅灶,ai_candidate,high: 常用于食堂场合的俗称
1769,厨房设备 > 烹调设备 > 灶具,大锅灶,大铁锅灶,ai_candidate,medium: 大锅通常为铁锅，现场称呼
1769,厨房设备 > 烹调设备 > 灶具,嵌入式燃气灶,嵌入灶,ai_candidate,high: 口语缩略语
1769,厨房设备 > 烹调设备 > 灶具,嵌入式燃气灶,嵌入式灶,ai_candidate,high: 略去燃气二字，常用
1769,厨房设备 > 烹调设备 > 灶具,嵌入式燃气灶,内嵌式燃气灶,ai_candidate,medium: 部分地区习惯叫法
1769,厨房设备 > 烹调设备 > 灶具,燃气灶,煤气灶,ai_candidate,high: 民间仍广泛使用煤气灶称呼，不论气源
1769,厨房设备 > 烹调设备 > 灶具,燃气灶,液化气灶,ai_candidate,medium: 使用液化气时口语叫法
1769,厨房设备 > 烹调设备 > 灶具,西餐不锈钢六眼灶,六眼西餐灶,ai_candidate,high: 语序调整，同样含义
1769,厨房设备 > 烹调设备 > 灶具,西餐不锈钢六眼灶,西式六眼灶,ai_candidate,medium: 西餐灶也称西式灶
1769,厨房设备 > 烹调设备 > 灶具,西餐不锈钢六眼灶,六头西餐炉,ai_candidate,medium: 行业习惯称六头
1769,厨房设备 > 烹调设备 > 灶具,铸铁炉盘64灶,铸铁64灶,ai_candidate_low,low: 简化表达，64指型号或灶眼数
1769,厨房设备 > 烹调设备 > 灶具,铸铁炉盘64灶,铁盘灶,ai_candidate_low,low: 铸铁炉盘简称为铁盘，口语中可能出现
1769,厨房设备 > 烹调设备 > 灶具,鼓风灶,鼓风机灶,ai_candidate,high: 带鼓风机的灶，全称俗称
1769,厨房设备 > 烹调设备 > 灶具,鼓风灶,猛火灶,ai_candidate,high: 鼓风增强火力，市场常称猛火灶
1769,厨房设备 > 烹调设备 > 灶具,鼓风灶,强力灶,ai_candidate_low,low: 强调火力强，部分商家推广语
1768,厨房设备 > 烹调设备 > 炉具,蒸炉,蒸灶,ai_candidate,medium: 厨房设备采购中常将燃气蒸炉简称为蒸灶
1768,厨房设备 > 烹调设备 > 炉具,面火炉,上火炉,ai_candidate,medium: 因加热源在顶部，业内常称为上火炉
1768,厨房设备 > 烹调设备 > 炉具,餐炉,布菲炉,ai_candidate,high: 自助餐保温炉的常见音译叫法
1768,厨房设备 > 烹调设备 > 炉具,餐炉,自助餐炉,ai_candidate,high: 根据使用场景的通俗叫法
1768,厨房设备 > 烹调设备 > 炉具,餐炉,保温餐炉,ai_candidate,medium: 强调保温功能的别称
1770,厨房设备 > 烹调设备 > 烤箱及蒸具,烤箱及蒸具,烤蒸设备,ai_candidate,medium: 在采购清单或施工现场，常将烤箱与蒸具类统称为烤蒸设备
1770,厨房设备 > 烹调设备 > 烤箱及蒸具,三层烤箱,三层烤炉,ai_candidate,medium: 口语中常将烤箱称作烤炉，特别是大型商用设备
1770,厨房设备 > 烹调设备 > 烤箱及蒸具,单层烤箱,单层烤炉,ai_candidate,medium: 同理，单层烤箱常被叫成单层烤炉
1770,厨房设备 > 烹调设备 > 烤箱及蒸具,单门燃气蒸箱,单门燃气蒸柜,ai_candidate,medium: 蒸箱与蒸柜在现场称呼中经常互换
1770,厨房设备 > 烹调设备 > 烤箱及蒸具,单门电气两用蒸箱,电气两用蒸柜,ai_candidate,medium: 电气两用的蒸箱习惯上也叫蒸柜
1770,厨房设备 > 烹调设备 > 烤箱及蒸具,双层烤箱,双层烤炉,ai_candidate,medium: 双层烤箱在工地或厨房设备采购中俗称双层烤炉
1770,厨房设备 > 烹调设备 > 烤箱及蒸具,海鲜蒸箱,海鲜蒸柜,ai_candidate,medium: 海鲜蒸箱专门用于蒸制海鲜，也常被叫做海鲜蒸柜
1770,厨房设备 > 烹调设备 > 烤箱及蒸具,电烤箱,电烤炉,ai_candidate,high: 电烤箱在日常生活中也常被称为电烤炉
1770,厨房设备 > 烹调设备 > 烤箱及蒸具,电饭煲,电饭锅,ai_candidate,high: 电饭煲与电饭锅在口语中常常通用
1770,厨房设备 > 烹调设备 > 烤箱及蒸具,蒸饭柜,蒸饭箱,ai_candidate,high: 厨房设备中蒸饭柜也常被叫作蒸饭箱
1770,厨房设备 > 烹调设备 > 烤箱及蒸具,蒸饭柜,蒸饭车,ai_candidate,high: 尤其是带轮子可移动的蒸饭柜，俗称蒸饭车
1767,厨房设备 > 调理设备 > 小型食品加工机械,元霄机,汤圆机,ai_candidate,high: 元宵与汤圆常混称，市场上制作元宵的机器也常被称为汤圆机
1767,厨房设备 > 调理设备 > 小型食品加工机械,分离式磨浆机,浆渣分离机,ai_candidate,high: 该类机器核心功能为磨浆并自动分离豆渣，行业内常称浆渣分离机
1767,厨房设备 > 调理设备 > 小型食品加工机械,发酵箱,醒发箱,ai_candidate,high: 发酵箱在面包、面点行业普遍称为醒发箱，功能一致
1767,厨房设备 > 调理设备 > 小型食品加工机械,发酵箱,发酵柜,ai_candidate,medium: 立式大型发酵箱也常被叫作发酵柜
1767,厨房设备 > 调理设备 > 小型食品加工机械,商用炒冰机,冰卷机,ai_candidate,medium: 炒冰机常用于制作炒冰卷，业内亦有称之为冰卷机
1767,厨房设备 > 调理设备 > 小型食品加工机械,果蔬净洗机,洗菜机,ai_candidate,high: 用于清洗蔬菜水果，口语中直接称为洗菜机
1767,厨房设备 > 调理设备 > 小型食品加工机械,果蔬净洗机,果蔬清洗机,ai_candidate,high: 全称简化，也是常见叫法
1767,厨房设备 > 调理设备 > 小型食品加工机械,沙冰机,冰沙机,ai_candidate,high: 沙冰与冰沙同义，另一种常用叫法
1767,厨房设备 > 调理设备 > 小型食品加工机械,电热汤煲,电汤煲,ai_candidate,high: 电热汤煲的简称，采购时常用
1767,厨房设备 > 调理设备 > 小型食品加工机械,电热汤煲,电热汤锅,ai_candidate,medium: 外形类锅，也有人称之为电热汤锅
1767,厨房设备 > 调理设备 > 小型食品加工机械,电磁汤桶,电磁煲汤桶,ai_candidate,high: 采用电磁加热的汤桶，常被叫为电磁煲汤桶
1767,厨房设备 > 调理设备 > 小型食品加工机械,电磁汤桶,电磁汤锅,ai_candidate,medium: 部分商用场合也称之为电磁汤锅
1767,厨房设备 > 调理设备 > 小型食品加工机械,立式和面机,打面机,ai_candidate,high: 烘焙行业内，常将立式和面机直接叫作打面机
1767,厨房设备 > 调理设备 > 小型食品加工机械,米粉机,米线机,ai_candidate,high: 米粉与米线在很多地区混称，机器常通称为米线机
1767,厨房设备 > 调理设备 > 小型食品加工机械,小型食品加工机械,小食品机械,ai_candidate,medium: 在采购和施工现场的口语简称
1767,厨房设备 > 调理设备 > 小型食品加工机械,菜馅机,切菜机,ai_candidate,high: 行业内常将切菜馅的设备称为切菜机
1767,厨房设备 > 调理设备 > 小型食品加工机械,菜馅机,蔬菜切碎机,ai_candidate,medium: 功能描述性叫法
1767,厨房设备 > 调理设备 > 小型食品加工机械,豆奶机,豆乳机,ai_candidate,medium: 豆奶即豆乳，行业称呼
1767,厨房设备 > 调理设备 > 小型食品加工机械,酥皮机,开酥机,ai_candidate,high: 烘焙行业的俗称
1767,厨房设备 > 调理设备 > 小型食品加工机械,酥皮机,起酥机,ai_candidate,medium: 功能叫法
1767,厨房设备 > 调理设备 > 小型食品加工机械,醒发机,醒发箱,ai_candidate,high: 常用称呼
1767,厨房设备 > 调理设备 > 小型食品加工机械,醒发机,发酵箱,ai_candidate,high: 根据功能命名
1767,厨房设备 > 调理设备 > 小型食品加工机械,锯骨机,切骨机,ai_candidate,high: 切割骨头，通俗叫法
1767,厨房设备 > 调理设备 > 小型食品加工机械,锯骨机,骨锯机,ai_candidate,medium: 直接描述
1767,厨房设备 > 调理设备 > 小型食品加工机械,面条机,压面机,ai_candidate,high: 制作面条的主要机制，口语常用
1767,厨房设备 > 调理设备 > 小型食品加工机械,面条机,轧面机,ai_candidate,medium: 同压面机
193,吸声、抗辐射及无损探伤材料 > 吸声材料 > 复合吸音板,陶铝穿孔吸音板,陶铝穿孔板,ai_candidate,medium: 施工现场常省略“吸音”直称板材类型
193,吸声、抗辐射及无损探伤材料 > 吸声材料 > 复合吸音板,陶铝穿孔吸音板,陶铝吸音板,ai_candidate,medium: 省略“穿孔”的简称
193,吸声、抗辐射及无损探伤材料 > 吸声材料 > 复合吸音板,陶铝穿孔吸音板,陶瓷铝吸音板,ai_candidate_low,low: 全称扩展叫法
1162,周转材料及工器具 > 其他周转材料 > 胎具、模具类周转材料,胎具、模具类周转材料,工装模具,ai_candidate,medium: 施工现场对用于约束混凝土或构件形状的周转模具的统称，含胎具、模具
1162,周转材料及工器具 > 其他周转材料 > 胎具、模具类周转材料,胎具、模具类周转材料,模具类周转料,ai_candidate,medium: 直接指明该类材料属于模具类别的周转材料
1162,周转材料及工器具 > 其他周转材料 > 胎具、模具类周转材料,开孔器模具,开孔模具,ai_candidate,medium: 现场常简化称呼，省略“器”字，直接用于制作预留孔的模具
1162,周转材料及工器具 > 其他周转材料 > 胎具、模具类周转材料,开孔器模具,留孔模,ai_candidate_low,low: 在混凝土浇筑中为形成孔洞而预埋的模具，亦有人俗称留孔模
1162,周转材料及工器具 > 其他周转材料 > 胎具、模具类周转材料,模具套,成套模具,ai_candidate,medium: 强调多件组合、成套供应的模具，采购时常用于描述模具套
1162,周转材料及工器具 > 其他周转材料 > 胎具、模具类周转材料,模具套,模具组合,ai_candidate,medium: 指多部分组合而成的模具系统，与模具套含义相近
1162,周转材料及工器具 > 其他周转材料 > 胎具、模具类周转材料,模壳,壳模,ai_candidate,medium: 行业简称，尤其用于塑料或玻璃钢模壳
1162,周转材料及工器具 > 其他周转材料 > 胎具、模具类周转材料,模壳,模板模壳,ai_candidate_low,low: 有时为了与普通模板区分，强调其成壳形状
1162,周转材料及工器具 > 其他周转材料 > 胎具、模具类周转材料,浮置板模台,浮置板模具台,ai_candidate,medium: 浮置板预制时使用的整体模具平台，现场常合并为模具台
1162,周转材料及工器具 > 其他周转材料 > 胎具、模具类周转材料,浮置板模台,浮置板成型模,ai_candidate_low,low: 强调用于成型浮置板的模具，部分技术人员口语使用
1162,周转材料及工器具 > 其他周转材料 > 胎具、模具类周转材料,液压钳模具,压模,ai_candidate,high: 液压钳配件，用于压接作业，采购和施工中常直接称压模
1162,周转材料及工器具 > 其他周转材料 > 胎具、模具类周转材料,液压钳模具,钳口模具,ai_candidate,medium: 因安装于液压钳钳口位置，部分工人称钳口模具
1162,周转材料及工器具 > 其他周转材料 > 胎具、模具类周转材料,混凝土试模,试块模,ai_candidate,high: 制作混凝土试块的标准模具，口语中普遍叫试块模
1162,周转材料及工器具 > 其他周转材料 > 胎具、模具类周转材料,混凝土试模,三联试模,ai_candidate,medium: 当为三联一组时，采购和试验人员常称三联试模
1162,周转材料及工器具 > 其他周转材料 > 胎具、模具类周转材料,管片模具,管片钢模,ai_candidate,medium: 隧道管片多采用高精度钢模具，因此常称管片钢模
1162,周转材料及工器具 > 其他周转材料 > 胎具、模具类周转材料,管片模具,盾构管片模具,ai_candidate,medium: 强调用于盾构隧道管片，完整名称的简称
1162,周转材料及工器具 > 其他周转材料 > 胎具、模具类周转材料,脱模器,脱模机,ai_candidate,medium: 施工现场对于脱模设备的口语化称呼，较常见
1162,周转材料及工器具 > 其他周转材料 > 胎具、模具类周转材料,脱模器,脱模装置,ai_candidate,medium: 较为正式或概括的名称，也用于采购清单
1161,周转材料及工器具 > 围护、运输类周转材料 > 运输类周转材料,运输类周转材料,运输周转材,ai_candidate,high: 运输类周转材料的简称
1161,周转材料及工器具 > 围护、运输类周转材料 > 运输类周转材料,砖车,运砖车,ai_candidate,medium: 工地上对运输砖块用车的口头称呼
1161,周转材料及工器具 > 围护、运输类周转材料 > 运输类周转材料,砖车,砖斗车,ai_candidate,medium: 翻斗式砖车常见叫法
1161,周转材料及工器具 > 围护、运输类周转材料 > 运输类周转材料,竹挡土板,竹挡板,ai_candidate,high: 施工人员口语简称
1161,周转材料及工器具 > 围护、运输类周转材料 > 运输类周转材料,组合式木塑围挡,塑木围挡,ai_candidate,high: 木塑材料俗称塑木，此叫法常见
1161,周转材料及工器具 > 围护、运输类周转材料 > 运输类周转材料,组合式木塑围挡,木塑组合围挡,ai_candidate,medium: 突出组合式特点的称谓
1161,周转材料及工器具 > 围护、运输类周转材料 > 运输类周转材料,组装式防护栏杆,拼装防护栏杆,ai_candidate,medium: 组装式即拼装式，现场口语
1161,周转材料及工器具 > 围护、运输类周转材料 > 运输类周转材料,组装式防护栏杆,可拆装护栏,ai_candidate,medium: 强调可拆卸特征
1161,周转材料及工器具 > 围护、运输类周转材料 > 运输类周转材料,网片式防护围栏,临边网片,ai_candidate,high: 用于临边防护的网片式围栏简称
1161,周转材料及工器具 > 围护、运输类周转材料 > 运输类周转材料,网片式防护围栏,安全围网,ai_candidate,medium: 网片式围栏也称安全网片围挡
1161,周转材料及工器具 > 围护、运输类周转材料 > 运输类周转材料,落地围挡,施工围挡,ai_candidate,high: 落地式围挡在施工中通用叫法
1161,周转材料及工器具 > 围护、运输类周转材料 > 运输类周转材料,落地围挡,临时围挡,ai_candidate,medium: 常用于临时封闭的落地围挡
1161,周转材料及工器具 > 围护、运输类周转材料 > 运输类周转材料,钢筋加工棚,钢筋棚,ai_candidate,high: 工地口语简称
1161,周转材料及工器具 > 围护、运输类周转材料 > 运输类周转材料,钢筋加工棚,钢筋防护棚,ai_candidate,high: 带防护功能的钢筋加工棚称呼
1167,周转材料及工器具 > 工器具 > 土木工具,铁水平尺,铁水平,ai_candidate,medium: 在施工现场口语中常简称铁水平
1173,周转材料及工器具 > 工器具 > 实验室用工器具,实验室用工器具,试验室工器具,ai_candidate,high: 实验室在工程中常称试验室
1173,周转材料及工器具 > 工器具 > 实验室用工器具,实验室用工器具,实验室工具,ai_candidate,medium: 口语简化
1173,周转材料及工器具 > 工器具 > 实验室用工器具,土比重瓶,土壤比重瓶,ai_candidate,high: 土工试验专用称谓
1173,周转材料及工器具 > 工器具 > 实验室用工器具,土比重瓶,土粒比重瓶,ai_candidate,medium: 用于测土粒比重
1173,周转材料及工器具 > 工器具 > 实验室用工器具,容量瓶,量瓶,ai_candidate,high: 容量瓶的简称，采购中常用
1173,周转材料及工器具 > 工器具 > 实验室用工器具,容量瓶,定容瓶,ai_candidate,medium: 用于定容操作，口语叫法
1173,周转材料及工器具 > 工器具 > 实验室用工器具,振筛机,筛分机,ai_candidate,high: 振筛机的主要功能，俗称筛分机
1173,周转材料及工器具 > 工器具 > 实验室用工器具,振筛机,振动筛,ai_candidate,medium: 利用振动筛分，现场简称
1173,周转材料及工器具 > 工器具 > 实验室用工器具,李氏比重瓶,李氏瓶,ai_candidate,high: 李氏比重瓶的约定俗成简称
1173,周转材料及工器具 > 工器具 > 实验室用工器具,李氏比重瓶,水泥比重瓶（李氏）,ai_candidate,medium: 用于测水泥密度时叫法
1173,周转材料及工器具 > 工器具 > 实验室用工器具,标准筛,试验筛,ai_candidate,high: 标准筛在试验中称为试验筛
1173,周转材料及工器具 > 工器具 > 实验室用工器具,标准筛,套筛,ai_candidate,high: 多孔径一套，现场叫套筛
1173,周转材料及工器具 > 工器具 > 实验室用工器具,比重瓶,密度瓶,ai_candidate,high: 比重瓶又称密度瓶
1173,周转材料及工器具 > 工器具 > 实验室用工器具,比重瓶,磨口比重瓶,ai_candidate,medium: 常见带磨口的比重瓶的叫法
1173,周转材料及工器具 > 工器具 > 实验室用工器具,水泥筛,水泥负压筛,ai_candidate,high: 常指负压筛析仪用的筛子
1173,周转材料及工器具 > 工器具 > 实验室用工器具,水泥筛,水泥细度筛,ai_candidate,high: 用于水泥细度检测
1173,周转材料及工器具 > 工器具 > 实验室用工器具,灌砂筒,灌砂仪,ai_candidate,high: 灌砂法检测设备统称
1173,周转材料及工器具 > 工器具 > 实验室用工器具,灌砂筒,压实度灌砂筒,ai_candidate,medium: 突出用途，现场口语
1173,周转材料及工器具 > 工器具 > 实验室用工器具,烧瓶、量瓶,三角瓶,ai_candidate,high: 烧瓶多指锥形瓶，俗称三角瓶
1173,周转材料及工器具 > 工器具 > 实验室用工器具,烧瓶、量瓶,锥形瓶,ai_candidate,high: 另一种学名兼俗称
1173,周转材料及工器具 > 工器具 > 实验室用工器具,烧瓶、量瓶,定容瓶,ai_candidate,medium: 量瓶即容量瓶，定容瓶
1173,周转材料及工器具 > 工器具 > 实验室用工器具,电热鼓风干燥箱,干燥箱,ai_candidate,high: 省略电热鼓风
1173,周转材料及工器具 > 工器具 > 实验室用工器具,电热鼓风干燥箱,烘箱,ai_candidate,high: 实验室普遍叫法
1173,周转材料及工器具 > 工器具 > 实验室用工器具,电热鼓风干燥箱,鼓风烘箱,ai_candidate,medium: 带鼓风功能的简称
1173,周转材料及工器具 > 工器具 > 实验室用工器具,粉煤灰细度筛,粉煤灰筛,ai_candidate,high: 简称
1173,周转材料及工器具 > 工器具 > 实验室用工器具,粉煤灰细度筛,粉煤灰负压筛,ai_candidate,medium: 常为负压筛析仪配件
1173,周转材料及工器具 > 工器具 > 实验室用工器具,试剂瓶,化学瓶,ai_candidate,medium: 装化学试剂的口语叫法
1173,周转材料及工器具 > 工器具 > 实验室用工器具,试剂瓶,试药瓶,ai_candidate_low,low: 试剂又称试药
1173,周转材料及工器具 > 工器具 > 实验室用工器具,试验瓶,试样瓶,ai_candidate,medium: 装试验样品的瓶子
1173,周转材料及工器具 > 工器具 > 实验室用工器具,试验瓶,样品瓶,ai_candidate,medium: 通用叫法
1164,周转材料及工器具 > 工器具 > 手动起重工具,千斤顶,千斤,ai_candidate,high: 施工现场口语简称
1164,周转材料及工器具 > 工器具 > 手动起重工具,吊滑车,滑车,ai_candidate,medium: 吊装用滑轮的通用叫法
1164,周转材料及工器具 > 工器具 > 手动起重工具,手拉葫芦,倒链,ai_candidate,high: 非常普遍的俗称
1164,周转材料及工器具 > 工器具 > 手动起重工具,手拉葫芦,葫芦,ai_candidate,high: 施工现场简称
1164,周转材料及工器具 > 工器具 > 手动起重工具,手拉葫芦,神仙葫芦,ai_candidate,medium: 旧式俗称
1164,周转材料及工器具 > 工器具 > 手动起重工具,手摇垮顶,挎顶,ai_candidate,medium: 同音简称，指手摇挎顶
1164,周转材料及工器具 > 工器具 > 手动起重工具,手摇垮顶,手摇挎顶,ai_candidate,medium: 常见异名
1164,周转材料及工器具 > 工器具 > 手动起重工具,手摇绞车,手摇绞盘,ai_candidate,high: 功能相同，常见叫法
1164,周转材料及工器具 > 工器具 > 手动起重工具,手摇绞车,绞车,ai_candidate,high: 通用简称
1164,周转材料及工器具 > 工器具 > 手动起重工具,油压拉码,液压拉马,ai_candidate,high: 同物不同字，油压即液压
1164,周转材料及工器具 > 工器具 > 手动起重工具,油压拉码,拉马,ai_candidate,high: 简称
1164,周转材料及工器具 > 工器具 > 手动起重工具,油压拉码,拔轮器,ai_candidate,medium: 用途俗称
1164,周转材料及工器具 > 工器具 > 手动起重工具,索具卸扣,卸扣,ai_candidate,high: 标准简称
1164,周转材料及工器具 > 工器具 > 手动起重工具,索具卸扣,U型环,ai_candidate,high: 形状俗称
1164,周转材料及工器具 > 工器具 > 手动起重工具,索具卸扣,卡环,ai_candidate,medium: 连接作用叫法
1164,周转材料及工器具 > 工器具 > 手动起重工具,索具螺旋扣,花兰螺丝,ai_candidate,high: 最常见俗称
1164,周转材料及工器具 > 工器具 > 手动起重工具,索具螺旋扣,花篮螺丝,ai_candidate,high: 同音异字
1164,周转材料及工器具 > 工器具 > 手动起重工具,索具螺旋扣,螺旋扣,ai_candidate,medium: 简称
1164,周转材料及工器具 > 工器具 > 手动起重工具,起重滑车,滑车,ai_candidate,high: 通用名称
1164,周转材料及工器具 > 工器具 > 手动起重工具,起重滑车,滑轮,ai_candidate,medium: 核心部件代指整体
1164,周转材料及工器具 > 工器具 > 手动起重工具,钢丝绳夹,绳夹,ai_candidate,high: 简称
1164,周转材料及工器具 > 工器具 > 手动起重工具,钢丝绳夹,钢丝绳卡子,ai_candidate,high: 通用俗称
1164,周转材料及工器具 > 工器具 > 手动起重工具,钢丝绳夹,U型夹,ai_candidate,medium: 形状叫法
1164,周转材料及工器具 > 工器具 > 手动起重工具,钢丝绳夹,卡头,ai_candidate,medium: 固定端头俗称
1164,周转材料及工器具 > 工器具 > 手动起重工具,钢丝绳用套环,鸡心环,ai_candidate,high: 形状像鸡心，非常普遍的俗称
1164,周转材料及工器具 > 工器具 > 手动起重工具,钢丝绳用套环,套环,ai_candidate,high: 简称
1164,周转材料及工器具 > 工器具 > 手动起重工具,钢丝绳用套环,绳套,ai_candidate,medium: 保护绳子的环套
1164,周转材料及工器具 > 工器具 > 手动起重工具,钢丝绳用套环,嵌环,ai_candidate,medium: 嵌在绳圈内使用
1171,周转材料及工器具 > 工器具 > 测量工具,测量工具,平尺,ai_candidate,medium: 现场常将钢平尺、铸铁平尺等统称为平尺，不区分材质
1171,周转材料及工器具 > 工器具 > 测量工具,钢直尺,钢板尺,ai_candidate,high: 施工现场通用俗称
1171,周转材料及工器具 > 工器具 > 测量工具,钢直尺,钢尺,ai_candidate,high: 口语简称
1171,周转材料及工器具 > 工器具 > 测量工具,高度游标卡尺,高度尺,ai_candidate,high: 行业通用简称
1171,周转材料及工器具 > 工器具 > 测量工具,高度游标卡尺,高度卡尺,ai_candidate,high: 常见叫法
1166,周转材料及工器具 > 工器具 > 电动工具,电镐,破碎镐,ai_candidate,medium: 施工现场常将电镐称为破碎镐，强调其破碎功能
1166,周转材料及工器具 > 工器具 > 电动工具,电镐,电凿,ai_candidate_low,low: 因工作方式类似凿子而得名
1166,周转材料及工器具 > 工器具 > 电动工具,砂带机,砂带打磨机,ai_candidate,high: 全称，采购时常用
1166,周转材料及工器具 > 工器具 > 电动工具,砂带机,手砂带机,ai_candidate,medium: 强调手持式
1166,周转材料及工器具 > 工器具 > 电动工具,磁座钻,磁力钻,ai_candidate,high: 最常见的简称
1166,周转材料及工器具 > 工器具 > 电动工具,磁座钻,吸附钻,ai_candidate,medium: 利用磁座吸附，口语中可能这样叫
1166,周转材料及工器具 > 工器具 > 电动工具,角磨机,角向磨光机,ai_candidate,high: 全称
1166,周转材料及工器具 > 工器具 > 电动工具,角磨机,手砂轮,ai_candidate,high: 施工现场口语化叫法
1166,周转材料及工器具 > 工器具 > 电动工具,角磨机,砂轮机,ai_candidate,medium: 泛指角磨机这类手持砂轮工具
1168,周转材料及工器具 > 工器具 > 钳工工具,顶切钳,偏口钳,ai_candidate,medium: 施工现场常将前端剪切功能的钳子统称为偏口钳
1168,周转材料及工器具 > 工器具 > 钳工工具,顶切钳,斜口钳,ai_candidate_low,low: 因其钳口斜向剪切，部分工人称为斜口钳
1168,周转材料及工器具 > 工器具 > 钳工工具,顶拔器,拉马,ai_candidate,high: 机械维修中常称为拉马
1168,周转材料及工器具 > 工器具 > 钳工工具,顶拔器,拔轮器,ai_candidate,high: 用于拔出轮盘类零件，俗称拔轮器
1168,周转材料及工器具 > 工器具 > 钳工工具,顶拔器,拉拔器,ai_candidate,medium: 功能描述性俗称
1168,周转材料及工器具 > 工器具 > 钳工工具,鲤鱼钳,鱼口钳,ai_candidate,medium: 钳口形状似鱼嘴，常用叫法
1168,周转材料及工器具 > 工器具 > 钳工工具,鲤鱼钳,鱼嘴钳,ai_candidate,medium: 形象化俗称
229,周转材料及工器具 > 活动板房 > 活动板房,活动板房,彩钢板房,ai_candidate,medium: 施工现场常将多种活动板房统称为彩钢板房，可能同时指向板式结构、折叠式等多种类型
229,周转材料及工器具 > 活动板房 > 活动板房,折叠式活动房屋,折叠房,ai_candidate,high: 具备折叠功能的临时房屋，采购和施工中常简化称为折叠房
229,周转材料及工器具 > 活动板房 > 活动板房,折叠式活动房屋,折叠板房,ai_candidate,medium: 板房形式的折叠房，口语中常用
229,周转材料及工器具 > 活动板房 > 活动板房,板式结构活动房屋,拼装板房,ai_candidate,medium: 由板材拼装而成，现场多称拼装板房
229,周转材料及工器具 > 活动板房 > 活动板房,板式结构活动房屋,快拼房,ai_candidate,medium: 强调拼装速度，采购中常用快拼房指代
229,周转材料及工器具 > 活动板房 > 活动板房,箱式房,打包箱,ai_candidate,high: 箱式房在工地最常见的叫法，模块化包装运输，现场称打包箱
229,周转材料及工器具 > 活动板房 > 活动板房,箱式房,模块箱房,ai_candidate,medium: 强调模块化拼装的箱式房
229,周转材料及工器具 > 活动板房 > 活动板房,钢结构箱式房屋,钢构箱房,ai_candidate,medium: 钢结构框架的箱式房屋，简称为钢构箱房
229,周转材料及工器具 > 活动板房 > 活动板房,集成卫浴间,整体卫浴,ai_candidate,high: 工厂预制的集成卫浴间，市场上通常称为整体卫浴
229,周转材料及工器具 > 活动板房 > 活动板房,集成卫浴间,一体式卫浴,ai_candidate,medium: 强调一体成型，采购中也常见
229,周转材料及工器具 > 活动板房 > 活动板房,集装箱式活动房屋,集装箱房,ai_candidate,high: 外形与海运集装箱一致的活动房屋，行业内统称集装箱房
229,周转材料及工器具 > 活动板房 > 活动板房,集装箱式活动房屋,住人集装箱,ai_candidate,high: 用于人员临时居住的集装箱房，俗称住人集装箱
229,周转材料及工器具 > 活动板房 > 活动板房,集装箱式活动房屋,货柜房,ai_candidate,medium: 以货柜（集装箱）改装的活动房，口语叫货柜房
243,咨询服务 > 其他咨询服务 > 其他咨询服务,水土保持,水保,ai_candidate,high: 施工现场及采购口语中常将水土保持简称为水保，如水保方案、水保监测等
188,园林绿化 > 园林植物 > 乔木,红碧桃,红花碧桃,ai_candidate,high: 开红花，同义表述
188,园林绿化 > 园林植物 > 乔木,红肉海棠,红海棠,ai_candidate,medium: 果肉红色，简化称呼
188,园林绿化 > 园林植物 > 乔木,红花刺桐,红刺桐,ai_candidate,high: 开红花，口语简化
188,园林绿化 > 园林植物 > 乔木,红花木莲,红木莲,ai_candidate,medium: 花色红，省略'花'字
188,园林绿化 > 园林植物 > 乔木,红花洋槐,红花刺槐,ai_candidate,high: 同物异名，刺槐开红花
188,园林绿化 > 园林植物 > 乔木,红花洋槐,香花槐,ai_candidate,high: 红花刺槐的园艺品种常用名
188,园林绿化 > 园林植物 > 乔木,红花玉兰,红玉兰,ai_candidate,high: 开红花，简化称呼
188,园林绿化 > 园林植物 > 乔木,红花碧桃,红碧桃,ai_candidate,high: 同义，常互换叫法
188,园林绿化 > 园林植物 > 乔木,红花紫薇,红紫薇,ai_candidate,high: 花色红，简化称呼
188,园林绿化 > 园林植物 > 乔木,红花羊蹄甲,洋紫荆,ai_candidate,high: 香港区花，常见别称
188,园林绿化 > 园林植物 > 乔木,红花羊蹄甲,红花紫荆,ai_candidate,medium: 形态相似，口语混用
188,园林绿化 > 园林植物 > 乔木,红花风铃木,红花风铃,ai_candidate,medium: 省略'木'字，口语常用
188,园林绿化 > 园林植物 > 乔木,红花鸡蛋花,红鸡蛋花,ai_candidate,high: 花色红，简化称呼
188,园林绿化 > 园林植物 > 乔木,红豆杉,紫杉,ai_candidate,high: 常见别称
188,园林绿化 > 园林植物 > 乔木,红豆杉,赤柏松,ai_candidate,medium: 民间叫法
188,园林绿化 > 园林植物 > 乔木,细叶紫薇,小叶紫薇,ai_candidate,high: 叶子细小，口语同义
188,园林绿化 > 园林植物 > 乔木,绒毛白蜡,毛白蜡,ai_candidate,high: 小枝有绒毛，简化叫法
188,园林绿化 > 园林植物 > 乔木,绚丽海棠,绚丽,ai_candidate,medium: 品种名单独使用，现场简称
1693,园林绿化 > 园林植物 > 地被植物,地被植物,地被,ai_candidate,high: 园林行业常用简称
1693,园林绿化 > 园林植物 > 地被植物,地被植物,地栽植物,ai_candidate,medium: 强调地栽形式
1693,园林绿化 > 园林植物 > 地被植物,天门冬,武竹,ai_candidate,high: 常见别名
1693,园林绿化 > 园林植物 > 地被植物,天门冬,天冬草,ai_candidate,high: 园艺俗称
1693,园林绿化 > 园林植物 > 地被植物,孔雀草,小万寿菊,ai_candidate,high: 常见俗称
1693,园林绿化 > 园林植物 > 地被植物,孔雀草,法国万寿菊,ai_candidate,medium: 常见别称
1693,园林绿化 > 园林植物 > 地被植物,孔雀草,红黄草,ai_candidate,medium: 口语叫法
1693,园林绿化 > 园林植物 > 地被植物,小叶扶芳藤,爬行卫矛,ai_candidate,medium: 常用同物异名
1693,园林绿化 > 园林植物 > 地被植物,巢蕨,鸟巢蕨,ai_candidate,high: 通用俗称
1693,园林绿化 > 园林植物 > 地被植物,巢蕨,山苏花,ai_candidate,high: 常用别称
1693,园林绿化 > 园林植物 > 地被植物,巢蕨,王冠蕨,ai_candidate,medium: 偶用俗称
1693,园林绿化 > 园林植物 > 地被植物,斑叶芒,花叶芒,ai_candidate,high: 常见称呼
1693,园林绿化 > 园林植物 > 地被植物,日本血草,血草,ai_candidate,high: 常用简称
1693,园林绿化 > 园林植物 > 地被植物,日本血草,红茅,ai_candidate,medium: 根据叶色叫法
1693,园林绿化 > 园林植物 > 地被植物,春羽,羽裂喜林芋,ai_candidate,high: 学名别称
1693,园林绿化 > 园林植物 > 地被植物,春羽,小天使蔓绿绒,ai_candidate,high: 商品名
1693,园林绿化 > 园林植物 > 地被植物,沿阶草,麦冬,ai_candidate,high: 俗称常混用
1693,园林绿化 > 园林植物 > 地被植物,沿阶草,绣墩草,ai_candidate,medium: 传统叫法
1693,园林绿化 > 园林植物 > 地被植物,沿阶草,书带草,ai_candidate,medium: 古典园林称呼
1693,园林绿化 > 园林植物 > 地被植物,银边草,花叶燕麦草,ai_candidate,medium: 银边草是花叶球茎燕麦草的俗称，园艺上常直称花叶燕麦草
1693,园林绿化 > 园林植物 > 地被植物,香茅,柠檬草,ai_candidate,high: 香茅具有浓烈柠檬香气，园林采购与餐饮俗称常称柠檬草
1693,园林绿化 > 园林植物 > 地被植物,马蹄筋,马蹄金,ai_candidate,high: 马蹄筋实为马蹄金，因叶片似马蹄，又名马蹄金
1693,园林绿化 > 园林植物 > 地被植物,马蹄筋,金钱草,ai_candidate,medium: 马蹄金在一些地区也被叫做金钱草，因叶小而圆似铜钱
1693,园林绿化 > 园林植物 > 地被植物,驱蛇草,蛇灭门,ai_candidate_low,low: 驱蛇草是民间对蛇灭门（望江南）的俗称，有驱蛇传说
1693,园林绿化 > 园林植物 > 地被植物,鲍维斯城堡艾草,银艾,ai_candidate,medium: 鲍维斯城堡艾草为银叶品种，园艺及施工常简称为银艾
1693,园林绿化 > 园林植物 > 地被植物,鲍维斯城堡艾草,银叶艾,ai_candidate,medium: 因其银灰色叶片，市场也称银叶艾
1693,园林绿化 > 园林植物 > 地被植物,鸠尾草,鸢尾,ai_candidate_low,low: 鸠尾草可能是鸢尾的笔误，施工中常直接称鸢尾
1693,园林绿化 > 园林植物 > 地被植物,鸭跖草,翠蝴蝶,ai_candidate,high: 鸭跖草花如蓝色蝴蝶，俗称翠蝴蝶
1693,园林绿化 > 园林植物 > 地被植物,鸭跖草,竹节菜,ai_candidate,medium: 茎有节似竹，民间称竹节菜
1693,园林绿化 > 园林植物 > 地被植物,黑色沿阶草,黑龙沿阶草,ai_candidate,medium: 黑色品种常被称为黑龙，施工用名黑龙沿阶草
1693,园林绿化 > 园林植物 > 地被植物,黑色沿阶草,黑龙,ai_candidate,medium: 简短口语叫法，特指黑色叶沿阶草
1693,园林绿化 > 园林植物 > 地被植物,鼠尾草,洋苏草,ai_candidate,high: 常见鼠尾草在园艺市场称洋苏草
1693,园林绿化 > 园林植物 > 地被植物,龟背竹,蓬莱蕉,ai_candidate,high: 龟背竹在本草和园艺界别名蓬莱蕉
1693,园林绿化 > 园林植物 > 地被植物,龟背竹,电线兰,ai_candidate,medium: 因其叶形和节状茎，民间叫电线兰
1694,园林绿化 > 园林植物 > 棕榈科植物,金山葵,皇后葵,ai_candidate,high: 金山葵俗称皇后葵
1694,园林绿化 > 园林植物 > 棕榈科植物,针葵,刺葵,ai_candidate,high: 针葵常被称作刺葵
1694,园林绿化 > 园林植物 > 棕榈科植物,银海枣,野海枣,ai_candidate,high: 银海枣又称野海枣
1694,园林绿化 > 园林植物 > 棕榈科植物,银海枣,林刺葵,ai_candidate,medium: 银海枣的别称
1694,园林绿化 > 园林植物 > 棕榈科植物,霸王棕,俾斯麦棕,ai_candidate,high: 霸王棕即俾斯麦棕
1694,园林绿化 > 园林植物 > 棕榈科植物,鱼尾葵,青棕,ai_candidate,high: 鱼尾葵别称青棕
1694,园林绿化 > 园林植物 > 棕榈科植物,鱼尾葵,假桄榔,ai_candidate,medium: 鱼尾葵形似桄榔而别称假桄榔
1699,园林绿化 > 园林植物 > 水生植物,水生植物,水草,ai_candidate_low,low: 口语中常统称水生植物为水草
1699,园林绿化 > 园林植物 > 水生植物,水生鸢尾,水鸢尾,ai_candidate_low,low: 简化称呼
1699,园林绿化 > 园林植物 > 水生植物,水竹芋,再力花,ai_candidate,high: 同物异名，常见叫法
1699,园林绿化 > 园林植物 > 水生植物,水罂粟,水金英,ai_candidate,high: 同种植物常见别名
1699,园林绿化 > 园林植物 > 水生植物,水芙蓉,大薸,ai_candidate,high: 正式中文异名，采购中常用
1699,园林绿化 > 园林植物 > 水生植物,水芙蓉,水浮莲,ai_candidate,medium: 通俗叫法
1699,园林绿化 > 园林植物 > 水生植物,水芹,水芹菜,ai_candidate,high: 日常口语和菜场通用名
1699,园林绿化 > 园林植物 > 水生植物,水菖蒲,白菖蒲,ai_candidate,high: 常见别名
1699,园林绿化 > 园林植物 > 水生植物,水菖蒲,泥菖蒲,ai_candidate,medium: 水产及园林行业俗称
1699,园林绿化 > 园林植物 > 水生植物,水葫芦,凤眼莲,ai_candidate,high: 标准中文别名，广泛使用
1699,园林绿化 > 园林植物 > 水生植物,水葫芦,水浮莲,ai_candidate_low,low: 部分地区混用，但注意与水芙蓉区分，此处低置信度
1699,园林绿化 > 园林植物 > 水生植物,水蓼,辣蓼,ai_candidate,high: 常见俗称，指同属水生种类
1699,园林绿化 > 园林植物 > 水生植物,水蜡烛,水烛,ai_candidate,medium: 同为香蒲属，形态相近，口语常混称
1699,园林绿化 > 园林植物 > 水生植物,泽泻,水泽,ai_candidate,high: 药材及园艺界别称
1699,园林绿化 > 园林植物 > 水生植物,浮萍,青萍,ai_candidate,high: 常见浮萍商品名
1699,园林绿化 > 园林植物 > 水生植物,浮萍,绿萍,ai_candidate,medium: 农家口语叫法
1699,园林绿化 > 园林植物 > 水生植物,海寿花,梭鱼草,ai_candidate,high: 同物异名，工程采购常用梭鱼草
1699,园林绿化 > 园林植物 > 水生植物,灯芯草,灯心草,ai_candidate,high: 字形异写，口语无别
1699,园林绿化 > 园林植物 > 水生植物,灯芯草,水灯心,ai_candidate,medium: 生于水边的俗称
1699,园林绿化 > 园林植物 > 水生植物,狐尾藻,聚藻,ai_candidate,high: 传统分类称呼，部分资料沿用
1699,园林绿化 > 园林植物 > 水生植物,狐尾藻,羽毛草,ai_candidate,medium: 水族市场常见叫法
1699,园林绿化 > 园林植物 > 水生植物,王莲,大王莲,ai_candidate,high: 口语习惯加‘大’字强调叶片巨大
1699,园林绿化 > 园林植物 > 水生植物,王莲,维多利亚莲,ai_candidate,medium: 指称维多利亚王莲品种
1691,园林绿化 > 园林植物 > 灌木,灌木,花灌木,ai_candidate,high: 园林工程中常用以指代观赏类灌木
1691,园林绿化 > 园林植物 > 灌木,灌木,绿化苗,ai_candidate,medium: 施工现场对苗木的通称
1691,园林绿化 > 园林植物 > 灌木,佛顶桂,佛顶珠桂花,ai_candidate_low,low: 佛顶桂是桂花品种，常被误称为佛顶珠
1691,园林绿化 > 园林植物 > 灌木,佛顶珠,冲天香,ai_candidate_low,low: 某些地区对佛顶珠桂花的俗称
1691,园林绿化 > 园林植物 > 灌木,倒挂金钟,灯笼花,ai_candidate,high: 花形似灯笼，各地普遍叫法
1691,园林绿化 > 园林植物 > 灌木,倒挂金钟,吊钟海棠,ai_candidate,high: 传统园艺名
1691,园林绿化 > 园林植物 > 灌木,偃伏莱木,偃伏梾木,ai_candidate,medium: 正确学名为梾木，莱木为笔误或俗称
1691,园林绿化 > 园林植物 > 灌木,偃伏莱木,铺地梾木,ai_candidate,medium: 株形匍匐而得名
1691,园林绿化 > 园林植物 > 灌木,偃柏,铺地柏,ai_candidate,high: 偃即卧倒，铺地柏为其常用名
1691,园林绿化 > 园林植物 > 灌木,偃柏,爬地柏,ai_candidate,high: 施工口语音译
1691,园林绿化 > 园林植物 > 灌木,偃柏球,铺地柏球,ai_candidate,high: 偃柏球的别称
1691,园林绿化 > 园林植物 > 灌木,偃柏球,爬地柏球,ai_candidate,high: 口语叫法
1691,园林绿化 > 园林植物 > 灌木,假连翘,金露花,ai_candidate,high: 假连翘常用别名
1691,园林绿化 > 园林植物 > 灌木,假连翘,篱笆树,ai_candidate,medium: 常作绿篱，现场叫法
1691,园林绿化 > 园林植物 > 灌木,假连翘球,金露花球,ai_candidate,high: 假连翘球的别名
1691,园林绿化 > 园林植物 > 灌木,八仙花,绣球花,ai_candidate,high: 最常见的俗称
1691,园林绿化 > 园林植物 > 灌木,八仙花,紫阳花,ai_candidate,medium: 华东地区和日语影响下的叫法
1691,园林绿化 > 园林植物 > 灌木,六月雪,满天星,ai_candidate,high: 花小密集，远观如星
1691,园林绿化 > 园林植物 > 灌木,六月雪,白马骨,ai_candidate,medium: 中药名，也作植物俗名
1691,园林绿化 > 园林植物 > 灌木,六月雪球,满天星球,ai_candidate,high: 六月雪球的对应
1691,园林绿化 > 园林植物 > 灌木,六道木,降龙木,ai_candidate,high: 民间传说和木材用途得名
1691,园林绿化 > 园林植物 > 灌木,决明,黄槐决明,ai_candidate_low,low: 常指伞房决明或黄槐，采购时简称
1691,园林绿化 > 园林植物 > 灌木,凤尾兰,菠萝花,ai_candidate,medium: 花朵形状像菠萝
1691,园林绿化 > 园林植物 > 灌木,凤尾兰,剑麻,ai_candidate_low,low: 园林中常混称剑麻，实际不同属
1691,园林绿化 > 园林植物 > 灌木,刺梨,缫丝花,ai_candidate,high: 植物学中文别名
1691,园林绿化 > 园林植物 > 灌木,刺梨,刺石榴,ai_candidate,medium: 果实带刺似石榴，民间叫法
1691,园林绿化 > 园林植物 > 灌木,北海道黄杨球,冬青卫矛球,ai_candidate,high: 北海道黄杨是冬青卫矛品种，学名俗称
1691,园林绿化 > 园林植物 > 灌木,北海道黄杨球,日本冬青球,ai_candidate,medium: 部分地区叫法
1691,园林绿化 > 园林植物 > 灌木,北美冬青,红果冬青,ai_candidate,high: 以红果为特征的俗称
1691,园林绿化 > 园林植物 > 灌木,北美冬青,轮生冬青,ai_candidate,high: 果枝轮生，切枝市场常用名
1691,园林绿化 > 园林植物 > 灌木,十大功劳,功劳木,ai_candidate,medium: 简称
1691,园林绿化 > 园林植物 > 灌木,十大功劳,土黄柏,ai_candidate_low,low: 药材名，根形似黄柏
1691,园林绿化 > 园林植物 > 灌木,单叶蔓荆,蔓荆子,ai_candidate,medium: 种子入药俗称蔓荆子
1691,园林绿化 > 园林植物 > 灌木,南天竹,南天竺,ai_candidate,high: 常见异体写法
1691,园林绿化 > 园林植物 > 灌木,南天竹,天竺子,ai_candidate,medium: 华东地区口语
1691,园林绿化 > 园林植物 > 灌木,卫矛,鬼箭羽,ai_candidate,high: 枝具木栓翅，传统中药名
1691,园林绿化 > 园林植物 > 灌木,卫矛,四棱树,ai_candidate,medium: 枝四棱形，北方工地叫法
1697,园林绿化 > 园林植物 > 盆景,鸟巢蕨盆景,山苏花盆景,ai_candidate,high: 鸟巢蕨的俗称，在台湾等地广泛使用
1697,园林绿化 > 园林植物 > 盆景,鸟巢蕨盆景,巢蕨盆景,ai_candidate,medium: 植物学常用名，部分地区口语使用
1697,园林绿化 > 园林植物 > 盆景,鸭脚木盆景,鹅掌柴盆景,ai_candidate,high: 鸭脚木的正式中文名，采购常互用
1697,园林绿化 > 园林植物 > 盆景,鸿运当头盆景,红星凤梨盆景,ai_candidate,high: 鸿运当头即红星凤梨的商品名，市场常用
1697,园林绿化 > 园林植物 > 盆景,鹤望兰盆景,天堂鸟盆景,ai_candidate,high: 鹤望兰的通用俗称，施工与花卉市场均常用
1697,园林绿化 > 园林植物 > 盆景,鹤望兰盆景,极乐鸟盆景,ai_candidate,medium: 别名极乐鸟花，偶尔用于造型盆景叫法
1697,园林绿化 > 园林植物 > 盆景,黄菖蒲盆景,黄花鸢尾盆景,ai_candidate,high: 黄菖蒲的别称，广泛应用于园林水生植物
1697,园林绿化 > 园林植物 > 盆景,黄金榕盆景,金叶榕盆景,ai_candidate,high: 黄金榕又称金叶榕，口语简化叫法
1697,园林绿化 > 园林植物 > 盆景,黄金榕盆景,黄金叶榕盆景,ai_candidate,medium: 根据叶色特征命名的常用别名
1698,园林绿化 > 园林植物 > 绿篱,高山黄杨,山黄杨,ai_candidate,medium: 高山黄杨为黄杨的变种，在山区绿化中常简称为山黄杨
1696,园林绿化 > 园林植物 > 花卉,花卉,草花,ai_candidate,high: 园林采购中常将一二年生花卉统称草花
1696,园林绿化 > 园林植物 > 花卉,花卉,花苗,ai_candidate,medium: 花卉幼苗的统称
1696,园林绿化 > 园林植物 > 花卉,花卉,盆花,ai_candidate,medium: 盆栽花卉的统称
1696,园林绿化 > 园林植物 > 花卉,醉蝶花,蜘蛛花,ai_candidate,high: 花型似蜘蛛，常见俗称
1696,园林绿化 > 园林植物 > 花卉,醉蝶花,西洋凤蝶草,ai_candidate,high: 别称，较正式俗称
1696,园林绿化 > 园林植物 > 花卉,野芋,山芋,ai_candidate,medium: 野生芋类，常见口语叫法
1696,园林绿化 > 园林植物 > 花卉,野菊花,山菊花,ai_candidate,high: 常见俗称
1696,园林绿化 > 园林植物 > 花卉,野菊花,路边菊,ai_candidate,medium: 常见俗称
1696,园林绿化 > 园林植物 > 花卉,金光菊,黑心菊,ai_candidate,high: 最常用俗称
1696,园林绿化 > 园林植物 > 花卉,金光菊,黑眼菊,ai_candidate,high: 别称
1696,园林绿化 > 园林植物 > 花卉,金光菊,太阳花,ai_candidate,medium: 部分地区俗名
1696,园林绿化 > 园林植物 > 花卉,金娃娃萱草,金娃娃,ai_candidate,medium: 简称
1696,园林绿化 > 园林植物 > 花卉,金心吊兰,金心兰,ai_candidate,high: 口语简称
1696,园林绿化 > 园林植物 > 花卉,金盏菊,金盏花,ai_candidate,high: 常用俗称
1696,园林绿化 > 园林植物 > 花卉,金盏菊,长生菊,ai_candidate,medium: 别称
1696,园林绿化 > 园林植物 > 花卉,金脉爵床,金脉单药花,ai_candidate,high: 别称
1696,园林绿化 > 园林植物 > 花卉,金脉爵床,金脉叶,ai_candidate,medium: 基于叶色特征的口语叫法
1696,园林绿化 > 园林植物 > 花卉,金雀花,锦鸡儿,ai_candidate,high: 植物学别称，采购中常用
1696,园林绿化 > 园林植物 > 花卉,金鱼草,龙头花,ai_candidate,high: 常见俗称
1696,园林绿化 > 园林植物 > 花卉,金鱼草,狮子花,ai_candidate,medium: 常见俗称
1696,园林绿化 > 园林植物 > 花卉,金鱼草,洋彩雀,ai_candidate,medium: 别称
1696,园林绿化 > 园林植物 > 花卉,金鸡菊,小波斯菊,ai_candidate,high: 常见俗称
1696,园林绿化 > 园林植物 > 花卉,金鸡菊,金钱菊,ai_candidate,medium: 别称
1696,园林绿化 > 园林植物 > 花卉,铁兰,紫花凤梨,ai_candidate,high: 最常见俗称
1696,园林绿化 > 园林植物 > 花卉,铁兰,紫凤梨,ai_candidate,high: 简称
1696,园林绿化 > 园林植物 > 花卉,铃兰,山谷百合,ai_candidate,high: 常见美称
1696,园林绿化 > 园林植物 > 花卉,铃兰,君影草,ai_candidate,medium: 别称
1696,园林绿化 > 园林植物 > 花卉,银叶菊,雪叶菊,ai_candidate,high: 常见俗称
1696,园林绿化 > 园林植物 > 花卉,银叶菊,白妙菊,ai_candidate,medium: 别称
1696,园林绿化 > 园林植物 > 花卉,银叶蒿,银蒿,ai_candidate,medium: 口语简称
1696,园林绿化 > 园林植物 > 花卉,银边芒,花叶芒,ai_candidate,medium: 常见俗称
1692,园林绿化 > 园林植物 > 藤本植物,藤本植物,爬藤植物,ai_candidate,high: 藤本植物的通俗叫法
1692,园林绿化 > 园林植物 > 藤本植物,辟荔,薜荔,ai_candidate,high: 常见同音别字，植物学正名
1692,园林绿化 > 园林植物 > 藤本植物,辟荔,木莲,ai_candidate,medium: 薜荔的一个俗称，因果实形似莲蓬
1692,园林绿化 > 园林植物 > 藤本植物,辟荔,凉粉果,ai_candidate,medium: 其果实可制凉粉
1692,园林绿化 > 园林植物 > 藤本植物,辟荔,鬼馒头,ai_candidate,medium: 薜荔隐花果的民间俗称
1692,园林绿化 > 园林植物 > 藤本植物,金边扶芳藤,金边卫矛,ai_candidate,medium: 扶芳藤为卫矛科，金边品种的园艺简称
1692,园林绿化 > 园林植物 > 藤本植物,金银花,忍冬,ai_candidate,high: 金银花的植物学正名
1692,园林绿化 > 园林植物 > 藤本植物,金银花,金银藤,ai_candidate,high: 形容其藤本特性与花色
1692,园林绿化 > 园林植物 > 藤本植物,金银花,二花,ai_candidate,medium: 开花时黄白二色而得名
1692,园林绿化 > 园林植物 > 藤本植物,金银花,双花,ai_candidate,medium: 花成对而生
1692,园林绿化 > 园林植物 > 藤本植物,金银花,鸳鸯藤,ai_candidate,medium: 花成双对，鸳鸯为喻
1692,园林绿化 > 园林植物 > 藤本植物,飘香藤,双喜藤,ai_candidate,high: 花形似喜字，市场常用名
1692,园林绿化 > 园林植物 > 藤本植物,飘香藤,双腺藤,ai_candidate,high: 学名属内称呼，指花有两腺体
1692,园林绿化 > 园林植物 > 藤本植物,飘香藤,红蝉花,ai_candidate,medium: 部分品种花色鲜红似蝉翅
1692,园林绿化 > 园林植物 > 藤本植物,马鞍藤,厚藤,ai_candidate,high: 植物学正式中文名
1692,园林绿化 > 园林植物 > 藤本植物,马鞍藤,海薯,ai_candidate,medium: 因其耐盐碱生于海边，地下茎似薯
1692,园林绿化 > 园林植物 > 藤本植物,马鞍藤,鲎藤,ai_candidate,medium: 叶形似鲎，沿海俗称
1692,园林绿化 > 园林植物 > 藤本植物,马鞍藤,沙藤,ai_candidate,medium: 常见于沿海沙地
1692,园林绿化 > 园林植物 > 藤本植物,鸡蛋果,百香果,ai_candidate,high: 最普遍的商品名
1692,园林绿化 > 园林植物 > 藤本植物,鸡蛋果,洋石榴,ai_candidate,high: 因果实内部结构如石榴而称
1692,园林绿化 > 园林植物 > 藤本植物,鸡蛋果,紫果西番莲,ai_candidate,medium: 某些品种的果实为紫色
1708,园林绿化 > 园艺资材 > 其他园林绿化器材,1站控制器(一节9V电池保证一年用电),单站控制器,ai_candidate,high: 口语简称，指控制一个灌溉站点的控制器
1708,园林绿化 > 园艺资材 > 其他园林绿化器材,1站控制器(一节9V电池保证一年用电),单区灌溉控制器,ai_candidate,medium: 按站点数称呼
1708,园林绿化 > 园艺资材 > 其他园林绿化器材,1站控制器(一节9V电池保证一年用电),9V电池控制器,ai_candidate,medium: 突出其电源特点
1708,园林绿化 > 园艺资材 > 其他园林绿化器材,ESP-4M(灌溉控制器),雨鸟ESP-4M,ai_candidate,high: 品牌型号连用
1708,园林绿化 > 园艺资材 > 其他园林绿化器材,ESP-4M(灌溉控制器),ESP模块控制器,ai_candidate,high: 简称模块化控制器
1708,园林绿化 > 园艺资材 > 其他园林绿化器材,ESP-4M(灌溉控制器),四站控制器,ai_candidate,high: 通常控制4个站点
1708,园林绿化 > 园艺资材 > 其他园林绿化器材,单级单网过滤器,单网过滤器,ai_candidate,high: 简称
1708,园林绿化 > 园艺资材 > 其他园林绿化器材,单级单网过滤器,单级网式过滤器,ai_candidate,high: 全称
1708,园林绿化 > 园艺资材 > 其他园林绿化器材,单级单网过滤器,单网式过滤,ai_candidate,medium: 口语说法
1708,园林绿化 > 园艺资材 > 其他园林绿化器材,施肥机,施肥器,ai_candidate,high: 常见别称
1708,园林绿化 > 园艺资材 > 其他园林绿化器材,施肥机,注肥机,ai_candidate,high: 描述其注入功能
1708,园林绿化 > 园艺资材 > 其他园林绿化器材,施肥机,打肥机,ai_candidate,medium: 施工现场口语
1708,园林绿化 > 园艺资材 > 其他园林绿化器材,施肥罐,施肥桶,ai_candidate,high: 罐体称桶
1708,园林绿化 > 园艺资材 > 其他园林绿化器材,施肥罐,肥料罐,ai_candidate,high: 盛装肥料的容器
1708,园林绿化 > 园艺资材 > 其他园林绿化器材,施肥罐,压差施肥罐,ai_candidate,medium: 按工作原理称呼
1708,园林绿化 > 园艺资材 > 其他园林绿化器材,流水板,排水板,ai_candidate,medium: 功能相近，常用于绿化和景观排水
1708,园林绿化 > 园艺资材 > 其他园林绿化器材,流水板,导水板,ai_candidate,medium: 引导水流方向
1708,园林绿化 > 园艺资材 > 其他园林绿化器材,滴灌管,滴灌带,ai_candidate,high: 施工中常混用，尽管结构不同
1708,园林绿化 > 园艺资材 > 其他园林绿化器材,滴灌管,滴管,ai_candidate,high: 口头简化
1708,园林绿化 > 园艺资材 > 其他园林绿化器材,滴灌管,内镶滴灌管,ai_candidate,medium: 按滴头形式称呼
1708,园林绿化 > 园艺资材 > 其他园林绿化器材,编程器(一个可控制1000个WVC控制器),WVC编程器,ai_candidate,high: 专用编程器简称
1708,园林绿化 > 园艺资材 > 其他园林绿化器材,编程器(一个可控制1000个WVC控制器),灌溉遥控编程器,ai_candidate,medium: 突出遥控编程功能
1708,园林绿化 > 园艺资材 > 其他园林绿化器材,编程器(一个可控制1000个WVC控制器),手持编程器,ai_candidate,medium: 现场口语
1706,园林绿化 > 园艺资材 > 浇水喷头,浇水喷头,喷头,ai_candidate,high: 最简洁的统称，施工现场口语常用
1706,园林绿化 > 园艺资材 > 浇水喷头,浇水喷头,喷灌头,ai_candidate,medium: 强调喷灌功能的口语叫法
1706,园林绿化 > 园艺资材 > 浇水喷头,浇水喷头,洒水喷头,ai_candidate,medium: 常见俗称
1706,园林绿化 > 园艺资材 > 浇水喷头,固定式喷灌喷头,固定喷头,ai_candidate,medium: 简化工地叫法
1706,园林绿化 > 园艺资材 > 浇水喷头,地埋式喷头,地埋喷头,ai_candidate,high: 省略‘式’的常用口语
1706,园林绿化 > 园艺资材 > 浇水喷头,地埋式喷头,埋地喷头,ai_candidate,medium: 另一种常见语序
1706,园林绿化 > 园艺资材 > 浇水喷头,旋转式喷灌喷头,旋转喷头,ai_candidate,high: 最常用简称
1706,园林绿化 > 园艺资材 > 浇水喷头,旋转式喷灌喷头,旋转式喷头,ai_candidate,high: 省略‘喷灌’，常见叫法
1703,园林绿化 > 景观材料 > 假山、观景石,假山、观景石,景石,ai_candidate,high: 假山观景石类材料在采购施工中常统称为景石
1703,园林绿化 > 景观材料 > 假山、观景石,假山、观景石,园林石,ai_candidate,medium: 园林工程中对用于置石、假山的石料泛称
1703,园林绿化 > 景观材料 > 假山、观景石,假山、观景石,置石,ai_candidate,medium: 园林景观中单独或组合摆放的观赏石称谓
1703,园林绿化 > 景观材料 > 假山、观景石,黄蜡石,蜡石,ai_candidate,high: 行业内对黄蜡石的简称
1703,园林绿化 > 景观材料 > 假山、观景石,黄蜡石,黄龙玉,ai_candidate,medium: 部分产地或品质较高的黄蜡石在市场上被称为黄龙玉
1703,园林绿化 > 景观材料 > 假山、观景石,黄锈石,锈石,ai_candidate,medium: 日常沟通中常省略色系直称锈石
1703,园林绿化 > 景观材料 > 假山、观景石,黑山石,黑石,ai_candidate,medium: 施工现场对黑色景观石的口语简称
1703,园林绿化 > 景观材料 > 假山、观景石,龟纹石,龟背石,ai_candidate,medium: 因其纹理似龟背图案，常被俗称为龟背石
1703,园林绿化 > 景观材料 > 假山、观景石,龟纹石,龟裂石,ai_candidate_low,low: 强调其裂纹特征时的叫法
186,园林绿化 > 景观材料 > 园林雕塑,园林雕塑,石雕狮子,ai_candidate,high: 可同时指“石狮”或“石狮子”，口语常用
186,园林绿化 > 景观材料 > 园林雕塑,石灯,石灯笼,ai_candidate,high: 园林中常用别称
186,园林绿化 > 景观材料 > 园林雕塑,石膏像雕塑,石膏像,ai_candidate,high: 口语简称
186,园林绿化 > 景观材料 > 园林雕塑,石膏像雕塑,石膏雕塑,ai_candidate,high: 材料与工艺组合叫法
186,园林绿化 > 景观材料 > 园林雕塑,石走廊,石廊,ai_candidate,medium: 口语简略称呼
186,园林绿化 > 景观材料 > 园林雕塑,石雕,石刻,ai_candidate,high: 常见石材雕刻工艺代称
186,园林绿化 > 景观材料 > 园林雕塑,石鼓,抱鼓石,ai_candidate,high: 门口常见构件，采购常用名
186,园林绿化 > 景观材料 > 园林雕塑,石鼓,门鼓石,ai_candidate,high: 强调其位置，工地叫法
186,园林绿化 > 景观材料 > 园林雕塑,硅胶雕塑,硅胶像,ai_candidate,high: 仿真雕塑常用简称
186,园林绿化 > 景观材料 > 园林雕塑,蜡像,蜡人像,ai_candidate,medium: 人像类蜡像的俗称
186,园林绿化 > 景观材料 > 园林雕塑,贝雕,贝壳雕,ai_candidate,high: 材料名称全称
186,园林绿化 > 景观材料 > 园林雕塑,铜雕,铜像,ai_candidate,high: 人物类铜雕常用叫法
186,园林绿化 > 景观材料 > 园林雕塑,铜雕,铜雕塑,ai_candidate,high: 全称形式
186,园林绿化 > 景观材料 > 园林雕塑,陶瓷雕塑,陶塑,ai_candidate,high: 陶质雕塑简称
186,园林绿化 > 景观材料 > 园林雕塑,陶瓷雕塑,瓷雕,ai_candidate,medium: 瓷质雕塑简称
186,园林绿化 > 景观材料 > 园林雕塑,面塑,面人,ai_candidate,high: 民间传统称谓
186,园林绿化 > 景观材料 > 园林雕塑,面塑,捏面人,ai_candidate,high: 工艺加材料俗称
186,园林绿化 > 景观材料 > 园林雕塑,骨雕,骨刻,ai_candidate,medium: 骨材雕刻的简略说法
1446,墙砖、地砖、地板、地毯类材料 > 其他地板 > 亚麻环保地板,支架上托,上托板,ai_candidate,high: 施工现场常将支架顶部托盘简称为上托板
1446,墙砖、地砖、地板、地毯类材料 > 其他地板 > 亚麻环保地板,支架上托,顶托,ai_candidate,medium: 与脚手架顶托叫法类似，指最上部的可调托座
1446,墙砖、地砖、地板、地毯类材料 > 其他地板 > 亚麻环保地板,支架上托,调节上托,ai_candidate,medium: 强调其高度可调节功能的口语叫法
1446,墙砖、地砖、地板、地毯类材料 > 其他地板 > 亚麻环保地板,支架下托,下托板,ai_candidate,high: 对应上托板，指支架底部的基座板
1446,墙砖、地砖、地板、地毯类材料 > 其他地板 > 亚麻环保地板,支架下托,底托,ai_candidate,high: 俗称，指底部托座
1446,墙砖、地砖、地板、地毯类材料 > 其他地板 > 亚麻环保地板,支架下托,底座,ai_candidate,medium: 口语中有时直接叫底座
1446,墙砖、地砖、地板、地毯类材料 > 其他地板 > 亚麻环保地板,横梁拼长件,横梁连接件,ai_candidate,high: 标准称呼，拼长即连接功能
1446,墙砖、地砖、地板、地毯类材料 > 其他地板 > 亚麻环保地板,横梁拼长件,拼接头,ai_candidate,high: 现场常将两段横梁对接的部件叫拼接头
1446,墙砖、地砖、地板、地毯类材料 > 其他地板 > 亚麻环保地板,横梁拼长件,连接片,ai_candidate,medium: 形状像片状连接件时的叫法
1446,墙砖、地砖、地板、地毯类材料 > 其他地板 > 亚麻环保地板,角铝,铝角码,ai_candidate,high: 用作连接固定的L型铝件，常叫角码
1446,墙砖、地砖、地板、地毯类材料 > 其他地板 > 亚麻环保地板,角铝,L型铝,ai_candidate,high: 按截面形状俗称
1446,墙砖、地砖、地板、地毯类材料 > 其他地板 > 亚麻环保地板,角铝,角铝型材,ai_candidate,medium: 强调其为型材
41,墙砖、地砖、地板、地毯类材料 > 其他地板 > 其他地板,其他地板,地材,ai_candidate,medium: 地板装饰材料的泛称
41,墙砖、地砖、地板、地毯类材料 > 其他地板 > 其他地板,亚麻地板,亚麻地,ai_candidate,medium: 施工现场简称
41,墙砖、地砖、地板、地毯类材料 > 其他地板 > 其他地板,亚麻地板,亚麻油地板,ai_candidate,medium: 材质俗称
41,墙砖、地砖、地板、地毯类材料 > 其他地板 > 其他地板,亚麻运动地板,运动亚麻板,ai_candidate_low,low: 简称
41,墙砖、地砖、地板、地毯类材料 > 其他地板 > 其他地板,地暖地板,地热地板,ai_candidate,high: 同义常用叫法
41,墙砖、地砖、地板、地毯类材料 > 其他地板 > 其他地板,悬浮式拼装地板,悬浮地板,ai_candidate,high: 行业简称
41,墙砖、地砖、地板、地毯类材料 > 其他地板 > 其他地板,悬浮式拼装地板,悬拼地板,ai_candidate,medium: 缩写口语叫法
41,墙砖、地砖、地板、地毯类材料 > 其他地板 > 其他地板,户外地板,室外地板,ai_candidate,medium: 同义别称
41,墙砖、地砖、地板、地毯类材料 > 其他地板 > 其他地板,拼装地板,拼接地板,ai_candidate_low,low: 通用俗称
41,墙砖、地砖、地板、地毯类材料 > 其他地板 > 其他地板,瓷砖地板,地砖,ai_candidate,high: 日常口语叫法
41,墙砖、地砖、地板、地毯类材料 > 其他地板 > 其他地板,瓷砖地板,瓷地砖,ai_candidate,medium: 材料简称
41,墙砖、地砖、地板、地毯类材料 > 其他地板 > 其他地板,真皮地板,皮革地板,ai_candidate,medium: 材质别称
41,墙砖、地砖、地板、地毯类材料 > 其他地板 > 其他地板,硫酸钙地板,硫酸钙架空地板,ai_candidate,medium: 全称口语化
41,墙砖、地砖、地板、地毯类材料 > 其他地板 > 其他地板,硫酸钙地板,钙板,ai_candidate_low,low: 施工现场简略叫法
41,墙砖、地砖、地板、地毯类材料 > 其他地板 > 其他地板,通风地板,通风板,ai_candidate,high: 简称
41,墙砖、地砖、地板、地毯类材料 > 其他地板 > 其他地板,通风地板,送风地板,ai_candidate,medium: 功能别称
41,墙砖、地砖、地板、地毯类材料 > 其他地板 > 其他地板,铝合金防水地垫,铝合金地垫,ai_candidate,high: 行业通用简称
41,墙砖、地砖、地板、地毯类材料 > 其他地板 > 其他地板,铝合金防水地垫,门厅地垫,ai_candidate,medium: 应用场景叫法
41,墙砖、地砖、地板、地毯类材料 > 其他地板 > 其他地板,防腐木地板,防腐木板,ai_candidate,high: 材质直呼
41,墙砖、地砖、地板、地毯类材料 > 其他地板 > 其他地板,防腐木地板,防腐木地铺,ai_candidate,medium: 户外安装俗称
129,墙砖、地砖、地板、地毯类材料 > 塑料、橡胶地板 > 塑料地板,塑料地板,塑胶地板,ai_candidate,high: 行业统称，涵盖PVC、橡塑等多种塑料地板
129,墙砖、地砖、地板、地毯类材料 > 塑料、橡胶地板 > 塑料地板,塑料地板,塑料地胶,ai_candidate,medium: 施工现场口语叫法
129,墙砖、地砖、地板、地毯类材料 > 塑料、橡胶地板 > 塑料地板,塑料地板,胶地板,ai_candidate,medium: 口语简称，指以胶为主的地板
129,墙砖、地砖、地板、地毯类材料 > 塑料、橡胶地板 > 塑料地板,PE塑料地板,PE地板,ai_candidate,high: 材料简称
129,墙砖、地砖、地板、地毯类材料 > 塑料、橡胶地板 > 塑料地板,PE塑料地板,聚乙烯地板,ai_candidate,medium: 材料全称
129,墙砖、地砖、地板、地毯类材料 > 塑料、橡胶地板 > 塑料地板,PP塑料地板,PP地板,ai_candidate,high: 材料简称
129,墙砖、地砖、地板、地毯类材料 > 塑料、橡胶地板 > 塑料地板,PP塑料地板,聚丙烯地板,ai_candidate,medium: 材料全称
129,墙砖、地砖、地板、地毯类材料 > 塑料、橡胶地板 > 塑料地板,PSP塑胶地板,PSP地板,ai_candidate,high: 材料简称
129,墙砖、地砖、地板、地毯类材料 > 塑料、橡胶地板 > 塑料地板,PVC卷材地板,PVC卷材,ai_candidate,high: 采购与施工常用简称
129,墙砖、地砖、地板、地毯类材料 > 塑料、橡胶地板 > 塑料地板,PVC卷材地板,卷材地板,ai_candidate,high: 通用叫法
129,墙砖、地砖、地板、地毯类材料 > 塑料、橡胶地板 > 塑料地板,PVC卷材地板,塑胶卷材,ai_candidate,medium: 以材质称呼
129,墙砖、地砖、地板、地毯类材料 > 塑料、橡胶地板 > 塑料地板,PVC塑胶地板,PVC地板,ai_candidate,high: 行业通用简称
129,墙砖、地砖、地板、地毯类材料 > 塑料、橡胶地板 > 塑料地板,PVC片材地板(石塑地板),石塑地板,ai_candidate,high: 产品俗称
129,墙砖、地砖、地板、地毯类材料 > 塑料、橡胶地板 > 塑料地板,PVC片材地板(石塑地板),PVC片材,ai_candidate,high: 片材类PVC地板简称
129,墙砖、地砖、地板、地毯类材料 > 塑料、橡胶地板 > 塑料地板,PVC片材地板(石塑地板),片材地板,ai_candidate,medium: 按形态称呼
129,墙砖、地砖、地板、地毯类材料 > 塑料、橡胶地板 > 塑料地板,PVC运动地板,运动地板,ai_candidate,high: 功能简称
129,墙砖、地砖、地板、地毯类材料 > 塑料、橡胶地板 > 塑料地板,PVC运动地板,运动地胶,ai_candidate,high: 施工现场口语叫法
129,墙砖、地砖、地板、地毯类材料 > 塑料、橡胶地板 > 塑料地板,PVC运动地板,PVC运动地胶,ai_candidate,high: 全称缩短
129,墙砖、地砖、地板、地毯类材料 > 塑料、橡胶地板 > 塑料地板,PVC运动地板,体育地板,ai_candidate,medium: 运动场馆常用泛称
129,墙砖、地砖、地板、地毯类材料 > 塑料、橡胶地板 > 塑料地板,橡塑地板,橡塑地胶,ai_candidate,medium: 口语别称
129,墙砖、地砖、地板、地毯类材料 > 塑料、橡胶地板 > 塑料地板,橡塑地板,橡胶塑料地板,ai_candidate_low,low: 材料成分全称
1444,墙砖、地砖、地板、地毯类材料 > 塑料、橡胶地板 > 橡胶地板,普通橡胶地板,橡胶地砖,ai_candidate,high: 块状普通橡胶地板常被叫作橡胶地砖
1444,墙砖、地砖、地板、地毯类材料 > 塑料、橡胶地板 > 橡胶地板,普通橡胶地板,橡胶地板块,ai_candidate,high: 施工口语中多称橡胶地板块
1444,墙砖、地砖、地板、地毯类材料 > 塑料、橡胶地板 > 橡胶地板,橡胶卷材地板,橡胶卷材,ai_candidate,high: 现场采购常简称为橡胶卷材
1444,墙砖、地砖、地板、地毯类材料 > 塑料、橡胶地板 > 橡胶地板,橡胶卷材地板,橡胶地板卷材,ai_candidate,high: 全称的倒置说法
1444,墙砖、地砖、地板、地毯类材料 > 塑料、橡胶地板 > 橡胶地板,橡胶运动地板,橡胶运动地垫,ai_candidate,medium: 运动场馆铺设的橡胶地板块常被称为运动地垫
1444,墙砖、地砖、地板、地毯类材料 > 塑料、橡胶地板 > 橡胶地板,聚氨酯弹性橡胶地板,PU橡胶地板,ai_candidate,"high: 聚氨酯简写PU,行业里常叫PU橡胶地板"
1444,墙砖、地砖、地板、地毯类材料 > 塑料、橡胶地板 > 橡胶地板,聚氨酯弹性橡胶地板,聚氨酯地板,ai_candidate,"medium: 省略弹性橡胶,直接称聚氨酯地板"
40,墙砖、地砖、地板、地毯类材料 > 木地板 > 实木地板,实木地板,实木木地板,ai_candidate,high: 完整口语叫法
40,墙砖、地砖、地板、地毯类材料 > 木地板 > 实木地板,实木地板,原木地板,ai_candidate,medium: 强调天然未加工木材
40,墙砖、地砖、地板、地毯类材料 > 木地板 > 实木地板,实木地板,纯实木地板,ai_candidate,medium: 区别于实木复合的强调叫法
40,墙砖、地砖、地板、地毯类材料 > 木地板 > 实木地板,实木多层地板,多层实木地板,ai_candidate,high: 最常见俗称
40,墙砖、地砖、地板、地毯类材料 > 木地板 > 实木地板,实木多层地板,实木多层,ai_candidate,medium: 采购口语简称
40,墙砖、地砖、地板、地毯类材料 > 木地板 > 实木地板,实木运动地板,运动木地板,ai_candidate,high: 行业通用叫法
40,墙砖、地砖、地板、地毯类材料 > 木地板 > 实木地板,实木运动地板,体育木地板,ai_candidate,high: 体育场馆常用名
40,墙砖、地砖、地板、地毯类材料 > 木地板 > 实木地板,实木运动地板,体育馆地板,ai_candidate,medium: 场景化叫法
40,墙砖、地砖、地板、地毯类材料 > 木地板 > 实木地板,拼花实木地板,实木拼花地板,ai_candidate,high: 语序变体但同样常见
40,墙砖、地砖、地板、地毯类材料 > 木地板 > 实木地板,拼花实木地板,拼花地板,ai_candidate,high: 简化俗称
40,墙砖、地砖、地板、地毯类材料 > 木地板 > 实木地板,拼花实木地板,艺术拼花地板,ai_candidate_low,low: 装饰性强调
1440,墙砖、地砖、地板、地毯类材料 > 木地板 > 实木复合地板,实木复合板,实木多层板,ai_candidate,high: 实木复合地板多由多层实木薄片纵横交错压贴，施工现场及采购中常称多层板
1440,墙砖、地砖、地板、地毯类材料 > 木地板 > 实木复合地板,实木复合板,多层实木,ai_candidate,medium: 口语简称，强调其多层结构
1440,墙砖、地砖、地板、地毯类材料 > 木地板 > 实木复合地板,实木复合运动地板,运动地板,ai_candidate,medium: 体育场馆常用简称，忽略结构描述
1440,墙砖、地砖、地板、地毯类材料 > 木地板 > 实木复合地板,实木复合运动地板,体育木地板,ai_candidate,medium: 专用于体育场馆的木地板统称，采购中可能混用
1439,墙砖、地砖、地板、地毯类材料 > 木地板 > 强化复合地板,运动木地板,体育木地板,ai_candidate,high: 运动场馆常用叫法
1439,墙砖、地砖、地板、地毯类材料 > 木地板 > 强化复合地板,运动木地板,体育馆地板,ai_candidate,high: 场馆内铺设时简称
1439,墙砖、地砖、地板、地毯类材料 > 木地板 > 强化复合地板,运动木地板,篮球木地板,ai_candidate,medium: 常见运动地板类型之一
1439,墙砖、地砖、地板、地毯类材料 > 木地板 > 强化复合地板,运动木地板,运动地板,ai_candidate,medium: 口语中常省略木字
1441,墙砖、地砖、地板、地毯类材料 > 木地板 > 竹（木）地板,竹（木）地板,竹地板类,ai_candidate,medium: 施工及采购中常以'竹地板'泛指该分类下所有竹制地板产品
1441,墙砖、地砖、地板、地毯类材料 > 木地板 > 竹（木）地板,立竹拼花地板,立竹拼花,ai_candidate_low,low: 现场口语中可能简称为'立竹拼花'
1441,墙砖、地砖、地板、地毯类材料 > 木地板 > 竹（木）地板,立竹拼花地板,拼花竹地板,ai_candidate_low,low: 强调拼花工艺时可能使用此叫法
1436,墙砖、地砖、地板、地毯类材料 > 木地板 > 软木地板,多层复合软木地板,复合软木地板,ai_candidate,high: 施工现场简化称呼
1436,墙砖、地砖、地板、地毯类材料 > 木地板 > 软木地板,多层复合软木地板,多层软木地板,ai_candidate,medium: 省略'复合'的口语简称
235,墙砖、地砖、地板、地毯类材料 > 防静电地板 > 防静电地板,防静电地板,静电地板,ai_candidate,high: 防静电地板通用俗称
235,墙砖、地砖、地板、地毯类材料 > 防静电地板 > 防静电地板,防静电地板,抗静电地板,ai_candidate,high: 通用别称
235,墙砖、地砖、地板、地毯类材料 > 防静电地板 > 防静电地板,防静电地板,架空地板,ai_candidate,medium: 所有防静电地板均需架空安装，现场常统称架空地板
235,墙砖、地砖、地板、地毯类材料 > 防静电地板 > 防静电地板,防静电地板,活动地板,ai_candidate,medium: 可活动安装的地板通称
235,墙砖、地砖、地板、地毯类材料 > 防静电地板 > 防静电地板,硫酸钙防静电地板,硫酸钙地板,ai_candidate,high: 省略防静电，现场简称为硫酸钙地板
235,墙砖、地砖、地板、地毯类材料 > 防静电地板 > 防静电地板,网络地板,OA地板,ai_candidate,high: 网络地板全称为OA网络地板，施工中多称OA地板
235,墙砖、地砖、地板、地毯类材料 > 防静电地板 > 防静电地板,网络地板,网络架空地板,ai_candidate,medium: 强调架空走线功能
235,墙砖、地砖、地板、地毯类材料 > 防静电地板 > 防静电地板,陶瓷钢地板,陶瓷防静电地板,ai_candidate,high: 全称常有防静电字样，简称为陶瓷防静电地板
235,墙砖、地砖、地板、地毯类材料 > 防静电地板 > 防静电地板,陶瓷钢地板,瓷面地板,ai_candidate,medium: 现场对陶瓷贴面的简称
235,墙砖、地砖、地板、地毯类材料 > 防静电地板 > 防静电地板,高密度复合防静电地板,高密度抗静电地板,ai_candidate,medium: 防静电与抗静电常混用
235,墙砖、地砖、地板、地毯类材料 > 防静电地板 > 防静电地板,高密度复合防静电地板,复合抗静电地板,ai_candidate_low,low: 简化后突出复合基材属性
1433,墙砖、地砖、地板、地毯类材料 > 陶瓷砖（板） > 瓷砖,钛金不锈钢复合地砖,钛金砖,ai_candidate,medium: 施工现场口语简称
1433,墙砖、地砖、地板、地毯类材料 > 陶瓷砖（板） > 瓷砖,钛金不锈钢复合地砖,钛金不锈钢砖,ai_candidate,medium: 扩展俗称
1433,墙砖、地砖、地板、地毯类材料 > 陶瓷砖（板） > 瓷砖,镜框线,镜框线条,ai_candidate,medium: 常见叫法
1433,墙砖、地砖、地板、地毯类材料 > 陶瓷砖（板） > 瓷砖,镜框线,镜框边条,ai_candidate_low,low: 收边线条俗称
1433,墙砖、地砖、地板、地毯类材料 > 陶瓷砖（板） > 瓷砖,阳角,阳角条,ai_candidate,high: 瓷砖收边配件常见叫法
1433,墙砖、地砖、地板、地毯类材料 > 陶瓷砖（板） > 瓷砖,阳角,阳角线,ai_candidate,high: 贴砖收口线条叫法
1433,墙砖、地砖、地板、地毯类材料 > 陶瓷砖（板） > 瓷砖,阳角,外角条,ai_candidate_low,low: 口语表达
1433,墙砖、地砖、地板、地毯类材料 > 陶瓷砖（板） > 瓷砖,阴角,阴角条,ai_candidate,high: 瓷砖收边配件常见叫法
1433,墙砖、地砖、地板、地毯类材料 > 陶瓷砖（板） > 瓷砖,阴角,阴角线,ai_candidate,high: 内角收口线条叫法
1433,墙砖、地砖、地板、地毯类材料 > 陶瓷砖（板） > 瓷砖,阴角,内角条,ai_candidate_low,low: 口语替代
1433,墙砖、地砖、地板、地毯类材料 > 陶瓷砖（板） > 瓷砖,陶土砖,陶土烧结砖,ai_candidate,medium: 强调烧结工艺
1433,墙砖、地砖、地板、地毯类材料 > 陶瓷砖（板） > 瓷砖,陶土砖,红陶砖,ai_candidate_low,low: 按颜色俗称
1433,墙砖、地砖、地板、地毯类材料 > 陶瓷砖（板） > 瓷砖,陶土砖,陶土地砖,ai_candidate,medium: 应用场景叫法
1433,墙砖、地砖、地板、地毯类材料 > 陶瓷砖（板） > 瓷砖,陶瓷岩板,岩板,ai_candidate,high: 行业通用简称
1433,墙砖、地砖、地板、地毯类材料 > 陶瓷砖（板） > 瓷砖,陶瓷岩板,大岩板,ai_candidate,medium: 强调规格
1433,墙砖、地砖、地板、地毯类材料 > 陶瓷砖（板） > 瓷砖,陶瓷薄板,薄板,ai_candidate,high: 广泛简称
1433,墙砖、地砖、地板、地毯类材料 > 陶瓷砖（板） > 瓷砖,陶瓷薄板,纤薄瓷板,ai_candidate,medium: 强调纤薄特性
1433,墙砖、地砖、地板、地毯类材料 > 陶瓷砖（板） > 瓷砖,陶瓷薄板,薄型瓷砖,ai_candidate,medium: 口语描述
1433,墙砖、地砖、地板、地毯类材料 > 陶瓷砖（板） > 瓷砖,齿形刮板,齿刮,ai_candidate,high: 施工现场简称
1433,墙砖、地砖、地板、地毯类材料 > 陶瓷砖（板） > 瓷砖,齿形刮板,锯齿刮板,ai_candidate,high: 形状描述
1433,墙砖、地砖、地板、地毯类材料 > 陶瓷砖（板） > 瓷砖,齿形刮板,齿形抹刀,ai_candidate,medium: 功能别名
1433,墙砖、地砖、地板、地毯类材料 > 陶瓷砖（板） > 瓷砖,齿形刮板,齿刀,ai_candidate_low,low: 简短叫法
1435,墙砖、地砖、地板、地毯类材料 > 陶瓷砖（板） > 马赛克,马赛克,纸皮石,ai_candidate,high: 马赛克传统俗称，因背面常贴纸成联供应
1435,墙砖、地砖、地板、地毯类材料 > 陶瓷砖（板） > 马赛克,马赛克,马塞克,ai_candidate,medium: 常见错别字口语叫法
1435,墙砖、地砖、地板、地毯类材料 > 陶瓷砖（板） > 马赛克,马赛克,锦砖,ai_candidate,medium: 陶瓷马赛克的传统名称，有时泛指所有马赛克
1435,墙砖、地砖、地板、地毯类材料 > 陶瓷砖（板） > 马赛克,水晶马赛克,水晶玻璃马赛克,ai_candidate,medium: 突出其玻璃透明质感
1435,墙砖、地砖、地板、地毯类材料 > 陶瓷砖（板） > 马赛克,混拼马赛克,混拼砖,ai_candidate,medium: 现场对混拼马赛克的简化叫法
1435,墙砖、地砖、地板、地毯类材料 > 陶瓷砖（板） > 马赛克,混拼马赛克,混搭马赛克,ai_candidate,medium: 采购时用于描述混合搭配的通俗说法
1435,墙砖、地砖、地板、地毯类材料 > 陶瓷砖（板） > 马赛克,生态木马赛克,木塑马赛克,ai_candidate,high: 生态木常为木塑复合材料，采购中以此代称
1435,墙砖、地砖、地板、地毯类材料 > 陶瓷砖（板） > 马赛克,生态木马赛克,生态木塑马赛克,ai_candidate,medium: 全称的简短说法
1435,墙砖、地砖、地板、地毯类材料 > 陶瓷砖（板） > 马赛克,石材马赛克,石头马赛克,ai_candidate,high: 口语化称呼
1435,墙砖、地砖、地板、地毯类材料 > 陶瓷砖（板） > 马赛克,石材马赛克,天然石马赛克,ai_candidate,medium: 强调天然石材属性
1435,墙砖、地砖、地板、地毯类材料 > 陶瓷砖（板） > 马赛克,船木马赛克,老船木马赛克,ai_candidate,high: 强调旧船木材料
1435,墙砖、地砖、地板、地毯类材料 > 陶瓷砖（板） > 马赛克,船木马赛克,船木砖,ai_candidate,medium: 施工现场简称
1435,墙砖、地砖、地板、地毯类材料 > 陶瓷砖（板） > 马赛克,贝壳马赛克,贝壳砖,ai_candidate,high: 常见简约叫法
1435,墙砖、地砖、地板、地毯类材料 > 陶瓷砖（板） > 马赛克,贝壳马赛克,贝母马赛克,ai_candidate,medium: 突出贝壳内层光泽
1435,墙砖、地砖、地板、地毯类材料 > 陶瓷砖（板） > 马赛克,金属马赛克,金属砖,ai_candidate,high: 采购和施工中常用简称
1435,墙砖、地砖、地板、地毯类材料 > 陶瓷砖（板） > 马赛克,陶瓷马赛克,瓷片马赛克,ai_candidate,medium: 用瓷片指代陶瓷马赛克
1435,墙砖、地砖、地板、地毯类材料 > 陶瓷砖（板） > 马赛克,陶瓷马赛克,瓷砖马赛克,ai_candidate,medium: 泛称
1435,墙砖、地砖、地板、地毯类材料 > 陶瓷砖（板） > 马赛克,陶瓷马赛克,陶质马赛克,ai_candidate_low,low: 按材质区分时的称呼
54,墙面、天棚及屋面饰面材料 > 其他装饰板及材料 > 其他装饰板及材料,高晶板,高晶石膏板,ai_candidate,high: 高晶板通常指高晶石膏板，是石膏板的一种改进型
54,墙面、天棚及屋面饰面材料 > 其他装饰板及材料 > 其他装饰板及材料,高晶板,高晶天花板,ai_candidate,high: 高晶板常用于天花板，故称
54,墙面、天棚及屋面饰面材料 > 其他装饰板及材料 > 其他装饰板及材料,高晶板,高强度石膏板,ai_candidate,medium: 高晶即高强度晶体，有时称为高强度石膏板
54,墙面、天棚及屋面饰面材料 > 其他装饰板及材料 > 其他装饰板及材料,高硅板,高硅钙板,ai_candidate,medium: 高硅板常指高硅钙质装饰板
54,墙面、天棚及屋面饰面材料 > 其他装饰板及材料 > 其他装饰板及材料,高硅板,高硅氧板,ai_candidate_low,low: 可能指高硅氧纤维增强板，用于防火
1464,墙面、天棚及屋面饰面材料 > 其他装饰板及材料 > 金、银箔制品,金、银箔制品,金银箔,ai_candidate,high: 金箔、银箔及仿制品的统称
1464,墙面、天棚及屋面饰面材料 > 其他装饰板及材料 > 金、银箔制品,金、银箔制品,箔类装饰材料,ai_candidate,medium: 装修中常用统称
1464,墙面、天棚及屋面饰面材料 > 其他装饰板及材料 > 金、银箔制品,仿金箔,仿金箔纸,ai_candidate,high: 采购中常称仿金箔纸
1464,墙面、天棚及屋面饰面材料 > 其他装饰板及材料 > 金、银箔制品,仿金箔,人造金箔,ai_candidate,medium: 强调为人造材质
1464,墙面、天棚及屋面饰面材料 > 其他装饰板及材料 > 金、银箔制品,仿银箔,仿银箔纸,ai_candidate,high: 采购中常称仿银箔纸
1464,墙面、天棚及屋面饰面材料 > 其他装饰板及材料 > 金、银箔制品,金箔,真金箔,ai_candidate,high: 强调材质为真金
1464,墙面、天棚及屋面饰面材料 > 其他装饰板及材料 > 金、银箔制品,金箔,黄金箔,ai_candidate,high: 材料为黄金打制
1464,墙面、天棚及屋面饰面材料 > 其他装饰板及材料 > 金、银箔制品,金箔,金箔纸,ai_candidate,medium: 薄如纸，常称金箔纸
1464,墙面、天棚及屋面饰面材料 > 其他装饰板及材料 > 金、银箔制品,铜箔,紫铜箔,ai_candidate,high: 铜箔呈紫红色，俗称紫铜箔
1464,墙面、天棚及屋面饰面材料 > 其他装饰板及材料 > 金、银箔制品,铜箔,红铜箔,ai_candidate,medium: 因颜色得名
1464,墙面、天棚及屋面饰面材料 > 其他装饰板及材料 > 金、银箔制品,银箔,真银箔,ai_candidate,high: 强调真银材质
1464,墙面、天棚及屋面饰面材料 > 其他装饰板及材料 > 金、银箔制品,银箔,白银箔,ai_candidate,medium: 俗称，材质为白银
1461,墙面、天棚及屋面饰面材料 > 壁纸、壁布 > 壁布,壁布,墙布,ai_candidate,high: 施工现场及采购中常将壁布统称为墙布
1461,墙面、天棚及屋面饰面材料 > 壁纸、壁布 > 壁布,硅藻布,硅藻泥壁布,ai_candidate,high: 市面上常以硅藻泥壁布名称销售，强调其净化功能
1461,墙面、天棚及屋面饰面材料 > 壁纸、壁布 > 壁布,硅藻布,硅藻土墙布,ai_candidate,medium: 以主要原料硅藻土直接命名，采购单中偶有使用
128,墙面、天棚及屋面饰面材料 > 壁纸、壁布 > 壁纸,壁纸,墙纸,ai_candidate,high: 壁纸在采购和施工中最通用的俗称
128,墙面、天棚及屋面饰面材料 > 壁纸、壁布 > 壁纸,PVC壁纸,塑料壁纸,ai_candidate,high: PVC即聚氯乙烯塑料，俗称塑料壁纸
128,墙面、天棚及屋面饰面材料 > 壁纸、壁布 > 壁纸,PVC壁纸,塑胶壁纸,ai_candidate,medium: 部分南方地区或工地对PVC壁纸的叫法
128,墙面、天棚及屋面饰面材料 > 壁纸、壁布 > 壁纸,仿真丝壁纸,仿丝绸壁纸,ai_candidate,high: 仿真丝即模仿丝绸质感，常称作仿丝绸壁纸
128,墙面、天棚及屋面饰面材料 > 壁纸、壁布 > 壁纸,发泡壁纸,浮雕壁纸,ai_candidate,high: 发泡工艺形成凹凸纹理，业内常称为浮雕壁纸
128,墙面、天棚及屋面饰面材料 > 壁纸、壁布 > 壁纸,无纺布壁纸,无纺布墙纸,ai_candidate,high: 无纺布壁纸的完整口语叫法
128,墙面、天棚及屋面饰面材料 > 壁纸、壁布 > 壁纸,无纺纸壁纸,无纺纸墙纸,ai_candidate,medium: 与无纺布类似，但强调纸基，口语中直接加墙字
128,墙面、天棚及屋面饰面材料 > 壁纸、壁布 > 壁纸,棉麻壁纸,棉麻墙纸,ai_candidate,high: 棉麻材质的壁纸，口语中自然叫法
128,墙面、天棚及屋面饰面材料 > 壁纸、壁布 > 壁纸,植绒壁纸,绒面壁纸,ai_candidate,high: 植绒表面形成绒毛效果，常称为绒面壁纸
128,墙面、天棚及屋面饰面材料 > 壁纸、壁布 > 壁纸,纤维壁纸,纤维墙纸,ai_candidate,medium: 纤维类壁纸的口语统称
128,墙面、天棚及屋面饰面材料 > 壁纸、壁布 > 壁纸,纸质壁纸,纯纸壁纸,ai_candidate,high: 强调基材为纸，区别于其他基材，采购时常说纯纸壁纸
128,墙面、天棚及屋面饰面材料 > 壁纸、壁布 > 壁纸,织物壁纸,布面壁纸,ai_candidate,high: 织物面层的外观特征叫法
128,墙面、天棚及屋面饰面材料 > 壁纸、壁布 > 壁纸,织物壁纸,纺织壁纸,ai_candidate,medium: 织物壁纸的另一常见称呼
128,墙面、天棚及屋面饰面材料 > 壁纸、壁布 > 壁纸,绒布壁纸,绒布墙纸,ai_candidate,high: 绒布表面的壁纸口语叫法
128,墙面、天棚及屋面饰面材料 > 壁纸、壁布 > 壁纸,草编壁纸,草编墙纸,ai_candidate,high: 草编材质壁纸的自然口语叫法
128,墙面、天棚及屋面饰面材料 > 壁纸、壁布 > 壁纸,草编壁纸,草席壁纸,ai_candidate,medium: 形似草席，部分施工人员叫法
128,墙面、天棚及屋面饰面材料 > 壁纸、壁布 > 壁纸,软木壁纸,软木墙纸,ai_candidate,high: 软木面层的壁纸口语叫法
128,墙面、天棚及屋面饰面材料 > 壁纸、壁布 > 壁纸,金属壁纸,金属墙纸,ai_candidate,high: 金属质感壁纸的口语叫法
128,墙面、天棚及屋面饰面材料 > 壁纸、壁布 > 壁纸,金属壁纸,金箔壁纸,ai_candidate,medium: 部分高档金属壁纸表面似金箔，采购中偶用此称
128,墙面、天棚及屋面饰面材料 > 壁纸、壁布 > 壁纸,雪尼尔壁纸,雪尼尔墙纸,ai_candidate,medium: 雪尼尔纱材质的壁纸，口语中加墙字
1460,墙面、天棚及屋面饰面材料 > 格栅、格片、挂片 > 格栅、格片、挂片,格栅、格片、挂片,装饰格栅,ai_candidate,medium: 采购与施工中常将此类饰面材料统称为装饰格栅
1460,墙面、天棚及屋面饰面材料 > 格栅、格片、挂片 > 格栅、格片、挂片,格栅、格片、挂片,花格,ai_candidate_low,low: 部分项目口语将格栅挂片称作花格
1460,墙面、天棚及屋面饰面材料 > 格栅、格片、挂片 > 格栅、格片、挂片,陶棍,陶土棍,ai_candidate,high: 陶棍是由陶土烧制，施工中常直接称为陶土棍
1460,墙面、天棚及屋面饰面材料 > 格栅、格片、挂片 > 格栅、格片、挂片,陶棍,陶棒,ai_candidate,medium: 因外形为棒状，有时简称为陶棒
1460,墙面、天棚及屋面饰面材料 > 格栅、格片、挂片 > 格栅、格片、挂片,陶棍,陶管,ai_candidate_low,low: 部分空心陶棍被称为陶管
1460,墙面、天棚及屋面饰面材料 > 格栅、格片、挂片 > 格栅、格片、挂片,高晶板格栅,高晶格栅,ai_candidate,high: 施工现场及采购中常简化为高晶格栅
1460,墙面、天棚及屋面饰面材料 > 格栅、格片、挂片 > 格栅、格片、挂片,高晶板格栅,高晶板挂片,ai_candidate,medium: 当高晶板以挂片形式使用时，会被如此称呼
52,墙面、天棚及屋面饰面材料 > 轻质复合板 > 轻质复合板,轻质复合板,轻质复合墙板,ai_candidate,high: 施工现场通常将“轻质复合板”称为“轻质复合墙板”
52,墙面、天棚及屋面饰面材料 > 轻质复合板 > 轻质复合板,轻质复合板,复合隔墙板,ai_candidate,medium: 行业内也常称其为复合隔墙板
52,墙面、天棚及屋面饰面材料 > 轻质复合板 > 轻质复合板,陶粒混凝土条板,陶粒条板,ai_candidate,medium: 简称，去掉了‘混凝土’
52,墙面、天棚及屋面饰面材料 > 轻质复合板 > 轻质复合板,陶粒混凝土条板,陶粒轻质条板,ai_candidate,medium: 强调轻质特性
52,墙面、天棚及屋面饰面材料 > 轻质复合板 > 轻质复合板,陶粒玻璃纤维空心轻质墙板,陶粒玻纤空心墙板,ai_candidate,medium: 取主要组分简称
52,墙面、天棚及屋面饰面材料 > 轻质复合板 > 轻质复合板,陶粒玻璃纤维空心轻质墙板,玻纤增强陶粒墙板,ai_candidate_low,low: 突出玻璃纤维增强
52,墙面、天棚及屋面饰面材料 > 轻质复合板 > 轻质复合板,陶粒砼墙板,陶粒混凝土墙板,ai_candidate,high: “砼”即混凝土，是行业通用简称的还原
52,墙面、天棚及屋面饰面材料 > 轻质复合板 > 轻质复合板,陶粒轻质隔墙板,陶粒轻质墙板,ai_candidate,medium: 省略‘隔墙’，口语常用
52,墙面、天棚及屋面饰面材料 > 轻质复合板 > 轻质复合板,陶粒轻质隔墙板,轻质陶粒墙板,ai_candidate_low,low: 顺序调换，一样指代
52,墙面、天棚及屋面饰面材料 > 轻质复合板 > 轻质复合板,预制泡沫水泥聚苯颗粒板,水泥聚苯颗粒板,ai_candidate_low,low: 省略‘预制泡沫’
52,墙面、天棚及屋面饰面材料 > 轻质复合板 > 轻质复合板,预制泡沫水泥聚苯颗粒板,泡沫水泥聚苯板,ai_candidate_low,low: 简化组份名称
52,墙面、天棚及屋面饰面材料 > 轻质复合板 > 轻质复合板,预制硅酸钙聚苯颗粒发泡水泥板,聚苯颗粒硅酸钙板,ai_candidate_low,low: 简称，突出聚苯颗粒和硅酸钙板复合
52,墙面、天棚及屋面饰面材料 > 轻质复合板 > 轻质复合板,预制硅酸钙聚苯颗粒发泡水泥板,硅酸钙聚苯复合板,ai_candidate_low,low: 复合板简称
52,墙面、天棚及屋面饰面材料 > 轻质复合板 > 轻质复合板,预制轻钢龙骨内隔墙板,轻钢龙骨内墙板,ai_candidate,medium: 口语省略‘预制’和‘隔’
52,墙面、天棚及屋面饰面材料 > 轻质复合板 > 轻质复合板,预制轻钢龙骨内隔墙板,预制龙骨内隔墙板,ai_candidate_low,low: 省略‘轻钢’
52,墙面、天棚及屋面饰面材料 > 轻质复合板 > 轻质复合板,预制轻钢龙骨隔墙板,轻钢龙骨隔墙板,ai_candidate,high: 直接省略‘预制’，施工现场常用
52,墙面、天棚及屋面饰面材料 > 轻质复合板 > 轻质复合板,预制轻钢龙骨隔墙板,钢龙骨隔墙板,ai_candidate,medium: 进一步简化‘轻钢’
52,墙面、天棚及屋面饰面材料 > 轻质复合板 > 轻质复合板,预制陶粒混凝土聚苯复合块,陶粒聚苯复合块,ai_candidate_low,low: 简化掉‘预制’和‘混凝土’
52,墙面、天棚及屋面饰面材料 > 轻质复合板 > 轻质复合板,高强挤塑成型水泥板,ECP板,ai_candidate,high: Extruded Cement Panel 英文缩写，行业通用
52,墙面、天棚及屋面饰面材料 > 轻质复合板 > 轻质复合板,高强挤塑成型水泥板,挤塑水泥板,ai_candidate,high: 施工口语简称
52,墙面、天棚及屋面饰面材料 > 轻质复合板 > 轻质复合板,高强挤塑成型水泥板,高强挤出板,ai_candidate,medium: 简称，突出高强度与挤出工艺
52,墙面、天棚及屋面饰面材料 > 轻质复合板 > 轻质复合板,高晶天花板,高晶板,ai_candidate,medium: 行业常用简称，指代高晶天花板
52,墙面、天棚及屋面饰面材料 > 轻质复合板 > 轻质复合板,高晶天花板,高晶复合天花板,ai_candidate_low,low: 全称还原
131,墙面、天棚及屋面饰面材料 > 金属装饰板 > 其它金属装饰板,其它金属装饰板,其它金属饰面板,ai_candidate,medium: 将装饰板泛称为饰面板，施工现场常用
131,墙面、天棚及屋面饰面材料 > 金属装饰板 > 其它金属装饰板,其它金属装饰板,杂项金属板,ai_candidate_low,low: 口语中根据分类目录简化的叫法
131,墙面、天棚及屋面饰面材料 > 金属装饰板 > 其它金属装饰板,铝镁合金板,铝镁板,ai_candidate,high: 施工和采购中常见的简称
131,墙面、天棚及屋面饰面材料 > 金属装饰板 > 其它金属装饰板,铝镁锰保温板,铝镁锰保温一体板,ai_candidate,medium: 带保温层的复合板常被称为一体板
131,墙面、天棚及屋面饰面材料 > 金属装饰板 > 其它金属装饰板,铝镁锰保温板,保温铝镁锰板,ai_candidate,medium: 强调保温功能的前置叫法
131,墙面、天棚及屋面饰面材料 > 金属装饰板 > 其它金属装饰板,铝镁锰合金屋面板,铝镁锰屋面板,ai_candidate,high: 省略'合金'的日常叫法
131,墙面、天棚及屋面饰面材料 > 金属装饰板 > 其它金属装饰板,铝镁锰合金屋面板,铝镁锰金属屋面,ai_candidate,medium: 从安装后系统角度称呼材料
131,墙面、天棚及屋面饰面材料 > 金属装饰板 > 其它金属装饰板,铝镁锰合金板,铝镁锰板,ai_candidate,high: 最常用的简称
131,墙面、天棚及屋面饰面材料 > 金属装饰板 > 其它金属装饰板,铝镁锰合金板,铝锰镁板,ai_candidate,medium: 元素顺序口语中偶尔误称，但仍指同种板
131,墙面、天棚及屋面饰面材料 > 金属装饰板 > 其它金属装饰板,铝雕花板,雕花铝板,ai_candidate,high: 更符合中文习惯的前置叫法，采购沟通中常见
131,墙面、天棚及屋面饰面材料 > 金属装饰板 > 其它金属装饰板,铝雕花板,铝板雕花,ai_candidate,medium: 强调工艺的叫法
131,墙面、天棚及屋面饰面材料 > 金属装饰板 > 其它金属装饰板,铝饰面微孔吸音板,微孔铝吸音板,ai_candidate,medium: 突出微孔和材质的简称
131,墙面、天棚及屋面饰面材料 > 金属装饰板 > 其它金属装饰板,铝饰面微孔吸音板,铝穿孔吸音板,ai_candidate,medium: 穿孔与微孔工艺类似，现场常混用
131,墙面、天棚及屋面饰面材料 > 金属装饰板 > 其它金属装饰板,铝饰面微孔吸音板,吸音铝板,ai_candidate_low,low: 功能简称，但可能泛指所有吸音铝板
131,墙面、天棚及屋面饰面材料 > 金属装饰板 > 其它金属装饰板,雕花钢板,钢板雕花,ai_candidate,medium: 工艺后置的叫法
131,墙面、天棚及屋面饰面材料 > 金属装饰板 > 其它金属装饰板,雕花钢板,镂空钢板,ai_candidate,medium: 雕花常表现为镂空效果，现场以此代称
46,墙面、天棚及屋面饰面材料 > 金属装饰板 > 铝装饰板,铝装饰板,铝天花,ai_candidate,high: 铝装饰板常用于天花吊顶，现场常统称为铝天花
46,墙面、天棚及屋面饰面材料 > 金属装饰板 > 铝装饰板,铝装饰板,铝吊顶,ai_candidate,medium: 铝装饰板多用于吊顶，口语中常称铝吊顶
46,墙面、天棚及屋面饰面材料 > 金属装饰板 > 铝装饰板,H型铝条扣,H型扣板,ai_candidate,high: 省略铝条，直接称H型扣板
46,墙面、天棚及屋面饰面材料 > 金属装饰板 > 铝装饰板,H型铝条扣,H条扣,ai_candidate,medium: 口语中简称H条扣
46,墙面、天棚及屋面饰面材料 > 金属装饰板 > 铝装饰板,井型铝扣板,井字扣板,ai_candidate,high: 井型又称井字形，口语叫井字扣板
46,墙面、天棚及屋面饰面材料 > 金属装饰板 > 铝装饰板,井型铝扣板,井格铝扣板,ai_candidate,medium: 井格强调网格状造型
46,墙面、天棚及屋面饰面材料 > 金属装饰板 > 铝装饰板,拉网铝单板,拉伸网铝板,ai_candidate,high: 拉网即拉伸网工艺，常称拉伸网铝板
46,墙面、天棚及屋面饰面材料 > 金属装饰板 > 铝装饰板,拉网铝单板,铝拉网板,ai_candidate,medium: 简化叫法
46,墙面、天棚及屋面饰面材料 > 金属装饰板 > 铝装饰板,穿孔铝单板,冲孔铝单板,ai_candidate,high: 穿孔工艺即冲孔，采购中更常说冲孔铝单板
46,墙面、天棚及屋面饰面材料 > 金属装饰板 > 铝装饰板,穿孔铝单板,打孔铝单板,ai_candidate,medium: 口语中也叫打孔铝单板
46,墙面、天棚及屋面饰面材料 > 金属装饰板 > 铝装饰板,穿孔铝扣板,冲孔铝扣板,ai_candidate,high: 同穿孔铝单板原理，扣板类叫冲孔铝扣板
46,墙面、天棚及屋面饰面材料 > 金属装饰板 > 铝装饰板,穿孔铝扣板,打孔铝扣板,ai_candidate,medium: 口语叫法
46,墙面、天棚及屋面饰面材料 > 金属装饰板 > 铝装饰板,铝塑板,铝塑复合板,ai_candidate,high: 全称，采购时常混用
46,墙面、天棚及屋面饰面材料 > 金属装饰板 > 铝装饰板,铝方板,铝方扣板,ai_candidate,high: 方板常指方型扣板，口语中也叫铝方扣板
46,墙面、天棚及屋面饰面材料 > 金属装饰板 > 铝装饰板,铝方板,方形铝板,ai_candidate,medium: 直接描述为方形铝板
46,墙面、天棚及屋面饰面材料 > 金属装饰板 > 铝装饰板,铝条扣,条扣板,ai_candidate,high: 简称条扣板
46,墙面、天棚及屋面饰面材料 > 金属装饰板 > 铝装饰板,铝条扣,铝条扣板,ai_candidate,medium: 全称叫法
45,墙面、天棚及屋面饰面材料 > 集成吊顶系统 > 集成吊顶系统,集成吊顶,集成顶,ai_candidate,high: 施工现场口语简称
45,墙面、天棚及屋面饰面材料 > 集成吊顶系统 > 集成吊顶系统,集成吊顶,集成天花,ai_candidate,medium: 行业内另一种叫法
45,墙面、天棚及屋面饰面材料 > 集成吊顶系统 > 集成吊顶系统,集成吊顶,整体吊顶,ai_candidate,medium: 强调集成一体化特点
49,墙面、天棚及屋面饰面材料 > 非金属装饰板 > 塑料装饰板,塑料装饰板,塑料扣板,ai_candidate,medium: 该品类中扣板类材料使用广泛，采购及施工现场常统称为塑料扣板
49,墙面、天棚及屋面饰面材料 > 非金属装饰板 > 塑料装饰板,KT板,KT泡沫板,ai_candidate,high: KT板本质为泡沫芯材，加KT前缀称为KT泡沫板
49,墙面、天棚及屋面饰面材料 > 非金属装饰板 > 塑料装饰板,PC中空板,中空阳光板,ai_candidate,high: PC中空板因中空结构与采光特性，常被称为中空阳光板
49,墙面、天棚及屋面饰面材料 > 非金属装饰板 > 塑料装饰板,PC中空板,PC阳光中空板,ai_candidate,medium: 全称描述，PC材质、阳光板功能、中空结构的结合
49,墙面、天棚及屋面饰面材料 > 非金属装饰板 > 塑料装饰板,PC耐力板,实心耐力板,ai_candidate,high: 区别于中空板，强调实心结构
49,墙面、天棚及屋面饰面材料 > 非金属装饰板 > 塑料装饰板,PC耐力板,PC实心板,ai_candidate,high: 施工现场简称，指聚碳酸酯实心板材
49,墙面、天棚及屋面饰面材料 > 非金属装饰板 > 塑料装饰板,PC耐力板,耐力板,ai_candidate,high: PC耐力板常用简称
49,墙面、天棚及屋面饰面材料 > 非金属装饰板 > 塑料装饰板,PVC塑料装饰板,PVC装饰板,ai_candidate,high: 省去塑料一词的简称
49,墙面、天棚及屋面饰面材料 > 非金属装饰板 > 塑料装饰板,PVC塑料装饰板,PVC饰面板,ai_candidate,medium: 强调饰面功能的叫法
49,墙面、天棚及屋面饰面材料 > 非金属装饰板 > 塑料装饰板,塑料贴面装饰板,塑料贴面板,ai_candidate,high: 装饰板与贴面板在口语中常混用
49,墙面、天棚及屋面饰面材料 > 非金属装饰板 > 塑料装饰板,聚丙烯扣板,PP扣板,ai_candidate,high: 聚丙烯的英文缩写PP，行业惯用简称
49,墙面、天棚及屋面饰面材料 > 非金属装饰板 > 塑料装饰板,聚碳酸脂(PC)板,PC板,ai_candidate,high: 聚碳酸酯板的通用英文缩写简称
49,墙面、天棚及屋面饰面材料 > 非金属装饰板 > 塑料装饰板,聚碳酸脂(PC)板,聚碳酸酯板,ai_candidate,medium: 口语中常将“脂”读作“酯”，形成别称
49,墙面、天棚及屋面饰面材料 > 非金属装饰板 > 塑料装饰板,聚苯乙烯扣板,PS扣板,ai_candidate,high: 聚苯乙烯英文缩写PS，行业惯用简称
49,墙面、天棚及屋面饰面材料 > 非金属装饰板 > 塑料装饰板,聚苯乙烯泡沫吸音板,PS泡沫吸音板,ai_candidate,high: 以材质缩写替代全称
49,墙面、天棚及屋面饰面材料 > 非金属装饰板 > 塑料装饰板,聚苯乙烯泡沫吸音板,泡沫吸音板,ai_candidate,medium: 施工现场常用材质和功能简化称呼
49,墙面、天棚及屋面饰面材料 > 非金属装饰板 > 塑料装饰板,聚酯纤维吸音板,聚酯吸音板,ai_candidate,high: 省去纤维二字的简称
49,墙面、天棚及屋面饰面材料 > 非金属装饰板 > 塑料装饰板,聚酯纤维吸音板,聚酯纤维板,ai_candidate,medium: 口语中有时省略吸音一词
49,墙面、天棚及屋面饰面材料 > 非金属装饰板 > 塑料装饰板,钙塑泡沫吸声板,钙塑板,ai_candidate,high: 施工现场最常用的简称
49,墙面、天棚及屋面饰面材料 > 非金属装饰板 > 塑料装饰板,钙塑泡沫吸声板,钙塑吸音板,ai_candidate,medium: 将吸声口语音变为吸音
49,墙面、天棚及屋面饰面材料 > 非金属装饰板 > 塑料装饰板,阳光板,PC阳光板,ai_candidate,high: 阳光板主要由PC制成，全称常用
49,墙面、天棚及屋面饰面材料 > 非金属装饰板 > 塑料装饰板,阳光板,中空板,ai_candidate,medium: 早期阳光板多指中空结构，中空板成为俗称
1405,墙面、天棚及屋面饰面材料 > 非金属装饰板 > 木质装饰板,木质装饰板,木饰面板,ai_candidate,medium: 施工现场常将各类木质装饰板统称为木饰面板
1405,墙面、天棚及屋面饰面材料 > 非金属装饰板 > 木质装饰板,木质装饰板,木质饰面板,ai_candidate,medium: 采购清单中常见的类目名称
1405,墙面、天棚及屋面饰面材料 > 非金属装饰板 > 木质装饰板,免漆板(生态板),三聚氰胺板,ai_candidate,high: 免漆板主要饰面材料为三聚氰胺浸渍纸，行业通用名
1405,墙面、天棚及屋面饰面材料 > 非金属装饰板 > 木质装饰板,免漆板(生态板),三胺板,ai_candidate,high: 三聚氰胺板的简称，施工现场口语化叫法
1405,墙面、天棚及屋面饰面材料 > 非金属装饰板 > 木质装饰板,护墙板,墙裙板,ai_candidate,high: 护墙板常作为墙裙使用，尤其是半高安装时
1405,墙面、天棚及屋面饰面材料 > 非金属装饰板 > 木质装饰板,护墙板,护壁板,ai_candidate,medium: 行业内对墙面保护装饰板的雅称
1405,墙面、天棚及屋面饰面材料 > 非金属装饰板 > 木质装饰板,烤漆板,钢琴烤漆板,ai_candidate,medium: 高光烤漆板通常被叫做钢琴烤漆板，用于强调表面光亮如钢琴漆
1405,墙面、天棚及屋面饰面材料 > 非金属装饰板 > 木质装饰板,立体波浪板,波浪板,ai_candidate,high: 施工中直接简称为波浪板
1405,墙面、天棚及屋面饰面材料 > 非金属装饰板 > 木质装饰板,软木装饰板,软木板,ai_candidate,high: 软木装饰板的日常简称
1405,墙面、天棚及屋面饰面材料 > 非金属装饰板 > 木质装饰板,软木装饰板,水松板,ai_candidate,medium: 软木俗称水松，部分地区采用此叫法
1459,墙面、天棚及屋面饰面材料 > 非金属装饰板 > 珍珠岩装饰板,珍珠岩装饰板,珍珠岩板,ai_candidate,high: 珍珠岩装饰板的简称，施工现场常用
1459,墙面、天棚及屋面饰面材料 > 非金属装饰板 > 珍珠岩装饰板,珍珠岩装饰板,珍珠岩饰面板,ai_candidate,medium: 强调饰面功能的口语叫法
1459,墙面、天棚及屋面饰面材料 > 非金属装饰板 > 珍珠岩装饰板,珍珠岩水泥装饰板,水泥珍珠岩板,ai_candidate,high: 词序调整，常见口语叫法
1459,墙面、天棚及屋面饰面材料 > 非金属装饰板 > 珍珠岩装饰板,珍珠岩水泥装饰板,珍珠岩水泥板,ai_candidate,high: 省略“装饰”的简称
1459,墙面、天棚及屋面饰面材料 > 非金属装饰板 > 珍珠岩装饰板,珍珠岩水泥装饰板,水泥珍珠岩装饰板,ai_candidate,medium: 全称词序变化的叫法
1459,墙面、天棚及屋面饰面材料 > 非金属装饰板 > 珍珠岩装饰板,珍珠岩穿孔装饰板,穿孔珍珠岩板,ai_candidate,high: 常见简称
1459,墙面、天棚及屋面饰面材料 > 非金属装饰板 > 珍珠岩装饰板,珍珠岩穿孔装饰板,珍珠岩穿孔板,ai_candidate,high: 省略“装饰”的简称
1459,墙面、天棚及屋面饰面材料 > 非金属装饰板 > 珍珠岩装饰板,珍珠岩穿孔装饰板,穿孔珍珠岩装饰板,ai_candidate,medium: 词序调整的叫法
1459,墙面、天棚及屋面饰面材料 > 非金属装饰板 > 珍珠岩装饰板,珍珠岩穿孔装饰板,珍珠岩吸音板,ai_candidate,medium: 穿孔板常用于吸音，故有此俗称
43,墙面、天棚及屋面饰面材料 > 非金属装饰板 > 矿物棉装饰板,矿物棉装饰板,矿棉装饰板,ai_candidate,high: 矿物棉装饰板的通用简称
43,墙面、天棚及屋面饰面材料 > 非金属装饰板 > 矿物棉装饰板,矿物棉装饰板,矿棉天花板,ai_candidate,high: 常用于天棚，俗称天花板
43,墙面、天棚及屋面饰面材料 > 非金属装饰板 > 矿物棉装饰板,矿物棉装饰板,矿棉吊顶板,ai_candidate,medium: 施工中吊顶板材的叫法
43,墙面、天棚及屋面饰面材料 > 非金属装饰板 > 矿物棉装饰板,矿棉吸声板,矿棉吸音板,ai_candidate,high: 吸声与吸音同义，工程中混用
43,墙面、天棚及屋面饰面材料 > 非金属装饰板 > 矿物棉装饰板,矿棉吸声板,矿棉天花板,ai_candidate,high: 吸声板最常用于天花板，直接叫天花板
43,墙面、天棚及屋面饰面材料 > 非金属装饰板 > 矿物棉装饰板,矿棉吸声板,吸音天花板,ai_candidate,medium: 强调功能的天花板叫法
43,墙面、天棚及屋面饰面材料 > 非金属装饰板 > 矿物棉装饰板,矿棉吸声板,矿棉吊顶板,ai_candidate,medium: 施工现场对吊顶用矿棉吸声板的称呼
43,墙面、天棚及屋面饰面材料 > 非金属装饰板 > 矿物棉装饰板,矿棉板,矿棉装饰板,ai_candidate,high: 强调装饰功能，采购时常用
43,墙面、天棚及屋面饰面材料 > 非金属装饰板 > 矿物棉装饰板,矿棉板,矿棉平板,ai_candidate,medium: 相对于花型板，素面矿棉板的叫法
1458,墙面、天棚及屋面饰面材料 > 非金属装饰板 > 硅酸钙装饰板,硅酸钙装饰板,硅钙装饰板,ai_candidate,high: 硅酸钙装饰板的简称，工地上常省略酸字
1458,墙面、天棚及屋面饰面材料 > 非金属装饰板 > 硅酸钙装饰板,硅酸钙装饰板,纤维增强硅钙板,ai_candidate,medium: 强调纤维增强特性，部分技术标书中使用
1458,墙面、天棚及屋面饰面材料 > 非金属装饰板 > 硅酸钙装饰板,无石棉硅酸钙板,无石棉硅钙板,ai_candidate,high: 省略酸字的现场叫法
1458,墙面、天棚及屋面饰面材料 > 非金属装饰板 > 硅酸钙装饰板,无石棉硅酸钙板,环保硅钙板,ai_candidate,medium: 突出无石棉环保特性的市场俗称
1458,墙面、天棚及屋面饰面材料 > 非金属装饰板 > 硅酸钙装饰板,硅酸盐吸音板,吸音硅钙板,ai_candidate,high: 施工现场常见简称
1458,墙面、天棚及屋面饰面材料 > 非金属装饰板 > 硅酸钙装饰板,硅酸盐吸音板,硅酸盐吸声板,ai_candidate,high: 吸音与吸声常混用
1458,墙面、天棚及屋面饰面材料 > 非金属装饰板 > 硅酸钙装饰板,硅酸盐防火板,防火硅钙板,ai_candidate,high: 材料简称
1458,墙面、天棚及屋面饰面材料 > 非金属装饰板 > 硅酸钙装饰板,硅酸盐防火板,阻燃硅钙板,ai_candidate,medium: 突出阻燃功能的市场叫法
1458,墙面、天棚及屋面饰面材料 > 非金属装饰板 > 硅酸钙装饰板,硅酸钙护墙板,护墙硅钙板,ai_candidate,high: 现场口语简称
1458,墙面、天棚及屋面饰面材料 > 非金属装饰板 > 硅酸钙装饰板,硅酸钙护墙板,硅酸钙墙裙板,ai_candidate,medium: 用于墙裙时的小范围叫法
1458,墙面、天棚及屋面饰面材料 > 非金属装饰板 > 硅酸钙装饰板,硅酸钙板,硅钙板,ai_candidate,high: 最通用的行业别称
1458,墙面、天棚及屋面饰面材料 > 非金属装饰板 > 硅酸钙装饰板,硅酸钙板,纤维增强硅酸钙板,ai_candidate,medium: 国标或规范中的全称
48,墙面、天棚及屋面饰面材料 > 非金属装饰板 > 竹木装饰板,竹木装饰板,竹木饰面板,ai_candidate,high: 竹木装饰板的常见简称，采购与施工中通用
48,墙面、天棚及屋面饰面材料 > 非金属装饰板 > 竹木装饰板,竹木装饰板,竹木墙板,ai_candidate,medium: 安装于墙面的竹木装饰板，现场口语常称墙板
1781,家具及医疗器具 > 办公家具 > 会客沙发,会客沙发,接待沙发,ai_candidate,high: 办公场景中常称为接待沙发
1781,家具及医疗器具 > 办公家具 > 会客沙发,会客沙发,洽谈沙发,ai_candidate,medium: 用于会客洽谈区
1781,家具及医疗器具 > 办公家具 > 会客沙发,1+1+2组合,112组合沙发,ai_candidate,medium: 数字简称，采购单常见写法
1781,家具及医疗器具 > 办公家具 > 会客沙发,1+1+3组合,113组合沙发,ai_candidate,medium: 数字简称，采购单常见写法
1781,家具及医疗器具 > 办公家具 > 会客沙发,1+2+3组合,321组合沙发,ai_candidate,high: 常见口语叫法，按座位数简称
1785,家具及医疗器具 > 办公家具 > 办公架类,报刊架,杂志架,ai_candidate,high: 办公和商业场所常混用，放置报纸杂志
1785,家具及医疗器具 > 办公家具 > 办公架类,报刊架,报架,ai_candidate,high: 简称，施工现场常见口语
1785,家具及医疗器具 > 办公家具 > 办公架类,货架,置物架,ai_candidate,medium: 办公场景用于放置物品的架子，采购中有时以此称呼
1785,家具及医疗器具 > 办公家具 > 办公架类,货架,储物架,ai_candidate,medium: 强调储物功能，口语中可互换
1783,家具及医疗器具 > 办公家具 > 办公柜,办公柜,办公用柜,ai_candidate,high: 口语中泛称办公场景使用的柜类
1783,家具及医疗器具 > 办公家具 > 办公柜,办公柜,办公室柜子,ai_candidate,medium: 施工现场或采购清单中的通俗叫法
1783,家具及医疗器具 > 办公家具 > 办公柜,化学药品柜,药品柜,ai_candidate,high: 化学实验场景常用简称
1783,家具及医疗器具 > 办公家具 > 办公柜,化学药品柜,试剂柜,ai_candidate,high: 专门存放化学试剂的柜子
1783,家具及医疗器具 > 办公家具 > 办公柜,化学药品柜,危化品柜,ai_candidate,medium: 存放危险化学品的专用柜简称
1783,家具及医疗器具 > 办公家具 > 办公柜,带锁文件柜,保密文件柜,ai_candidate,medium: 带锁功能强调保密性
1783,家具及医疗器具 > 办公家具 > 办公柜,带锁文件柜,锁式文件柜,ai_candidate_low,low: 以锁为特征的描述，采购中偶尔出现
1783,家具及医疗器具 > 办公家具 > 办公柜,文件柜,铁皮柜,ai_candidate,high: 钢制文件柜的口语通称
1783,家具及医疗器具 > 办公家具 > 办公柜,文件柜,铁柜,ai_candidate,high: 施工现场对钢制柜的简称
1783,家具及医疗器具 > 办公家具 > 办公柜,文件柜,资料柜,ai_candidate,medium: 放置文件资料，与文件柜常混用
1783,家具及医疗器具 > 办公家具 > 办公柜,桌上文件柜,桌面文件柜,ai_candidate,high: 置于桌面的小文件柜
1783,家具及医疗器具 > 办公家具 > 办公柜,桌上文件柜,桌上柜,ai_candidate,medium: 采购单中常见简称
1783,家具及医疗器具 > 办公家具 > 办公柜,桌上文件柜,小型文件柜,ai_candidate,medium: 描述其体积小，可置于桌面
1783,家具及医疗器具 > 办公家具 > 办公柜,档案柜,资料柜,ai_candidate,medium: 档案与资料常混称
1783,家具及医疗器具 > 办公家具 > 办公柜,档案柜,档案文件柜,ai_candidate_low,low: 强调存放档案的全称式叫法
1783,家具及医疗器具 > 办公家具 > 办公柜,移动矮柜,活动柜,ai_candidate,high: 带脚轮可移动的矮柜统称
1783,家具及医疗器具 > 办公家具 > 办公柜,移动矮柜,推柜,ai_candidate,high: 可推动的矮柜，口语常用
1783,家具及医疗器具 > 办公家具 > 办公柜,移动矮柜,带轮矮柜,ai_candidate,medium: 直接描述其移动特性
1783,家具及医疗器具 > 办公家具 > 办公柜,落地文件柜,高文件柜,ai_candidate,medium: 落地式通常高度较高
1783,家具及医疗器具 > 办公家具 > 办公柜,落地文件柜,立式文件柜,ai_candidate,medium: 直立放置于地面的文件柜
1783,家具及医疗器具 > 办公家具 > 办公柜,落地文件柜,大文件柜,ai_candidate_low,low: 口语对大型落地文件柜的俗称
1783,家具及医疗器具 > 办公家具 > 办公柜,资料文件柜,资料柜,ai_candidate,high: 更通用的简称
1783,家具及医疗器具 > 办公家具 > 办公柜,资料文件柜,文件资料柜,ai_candidate,medium: 词语顺序互换，口语中常见
204,家具及医疗器具 > 办公家具 > 办公桌,会议桌,会议台,ai_candidate,high: 采购/施工现场常用叫法
204,家具及医疗器具 > 办公家具 > 办公桌,办公桌侧桌,侧台,ai_candidate,medium: 办公桌配套侧桌的俗称
204,家具及医疗器具 > 办公家具 > 办公桌,屏风位,屏风卡位,ai_candidate,high: 带屏风的独立工位俗称
204,家具及医疗器具 > 办公家具 > 办公桌,屏风工作位,屏风卡位,ai_candidate,high: 屏风工作位的口语叫法
204,家具及医疗器具 > 办公家具 > 办公桌,条桌,长条桌,ai_candidate,high: 条桌的常见俗称
204,家具及医疗器具 > 办公家具 > 办公桌,条桌,条形桌,ai_candidate,high: 条桌的同义叫法
204,家具及医疗器具 > 办公家具 > 办公桌,洽谈桌,会客桌,ai_candidate,medium: 用于洽谈接待的桌子
204,家具及医疗器具 > 办公家具 > 办公桌,洽谈桌,谈判桌,ai_candidate_low,low: 较正式叫法
204,家具及医疗器具 > 办公家具 > 办公桌,演讲桌,讲台,ai_candidate,high: 演讲桌的通用俗称
204,家具及医疗器具 > 办公家具 > 办公桌,电脑桌,电脑台,ai_candidate,high: 电脑桌的日常叫法
204,家具及医疗器具 > 办公家具 > 办公桌,老板桌,大班台,ai_candidate,high: 老板桌的行业俗称
204,家具及医疗器具 > 办公家具 > 办公桌,老板桌,老板台,ai_candidate,high: 老板桌的口语叫法
204,家具及医疗器具 > 办公家具 > 办公桌,职员桌,员工桌,ai_candidate,medium: 职员桌的常用别称
204,家具及医疗器具 > 办公家具 > 办公桌,阅读桌,阅览桌,ai_candidate,high: 阅读桌的习惯叫法
1786,家具及医疗器具 > 办公家具 > 展柜,展柜,展示柜,ai_candidate,high: 行业内对所有展示用柜体的统称
1786,家具及医疗器具 > 办公家具 > 展柜,展台,展示台,ai_candidate,high: 展台的常见别称
1786,家具及医疗器具 > 办公家具 > 展柜,展台,陈列台,ai_candidate,medium: 用于陈列展品，采购口语中通用
1786,家具及医疗器具 > 办公家具 > 展柜,服装展柜,服装展示柜,ai_candidate,high: 完整称呼，合同中常见
1786,家具及医疗器具 > 办公家具 > 展柜,服装展柜,衣物展柜,ai_candidate,medium: 偏向日常穿着的衣物展示
1786,家具及医疗器具 > 办公家具 > 展柜,珠宝展柜,首饰展示柜,ai_candidate,high: 珠宝首饰类展柜的通称
1786,家具及医疗器具 > 办公家具 > 展柜,珠宝展柜,首饰柜,ai_candidate,medium: 俗称，偏重收纳功能
1786,家具及医疗器具 > 办公家具 > 展柜,电脑展柜,电子产品展柜,ai_candidate,medium: 电脑属于电子产品，店铺采购时混用
1786,家具及医疗器具 > 办公家具 > 展柜,电脑展柜,数码展柜,ai_candidate_low,low: 小型数码设备展示柜常统称
1786,家具及医疗器具 > 办公家具 > 展柜,陈列品展柜,陈列柜,ai_candidate,high: 专门的陈列物品用柜，口语极简叫法
1786,家具及医疗器具 > 办公家具 > 展柜,陈列品展柜,展品柜,ai_candidate,medium: 展示具体展品的柜子
1784,家具及医疗器具 > 办公家具 > 接待台,接待台,前台接待台,ai_candidate,high: 采购与施工现场常以此整体称呼接待区域台面
1784,家具及医疗器具 > 办公家具 > 接待台,接待台,接待柜台,ai_candidate,medium: 强调柜台式接待家具
1784,家具及医疗器具 > 办公家具 > 接待台,前台,服务台,ai_candidate,high: 前台常被直接称为服务台，尤其在办公采购中
1784,家具及医疗器具 > 办公家具 > 接待台,前台,客服台,ai_candidate,medium: 部分企业将其作为客户服务中心的台面称呼
1784,家具及医疗器具 > 办公家具 > 接待台,前台,行政前台,ai_candidate_low,low: 专指行政办公区域的前台接待台
1784,家具及医疗器具 > 办公家具 > 接待台,收银台,收款台,ai_candidate,high: 直接强调收款功能的口语叫法
1784,家具及医疗器具 > 办公家具 > 接待台,收银台,结账台,ai_candidate,medium: 商业场所常见叫法
1784,家具及医疗器具 > 办公家具 > 接待台,演讲台,讲台,ai_candidate,high: 教育、会议场景最通用的简称
1784,家具及医疗器具 > 办公家具 > 接待台,演讲台,发言台,ai_candidate,high: 会议、发布会等场合的常见叫法
1784,家具及医疗器具 > 办公家具 > 接待台,演讲台,报告台,ai_candidate,medium: 学术或正式报告时常用
1784,家具及医疗器具 > 办公家具 > 接待台,迎宾台,签到台,ai_candidate,high: 活动、酒店等场所迎宾台主要用作签到，故得名
1784,家具及医疗器具 > 办公家具 > 接待台,迎宾台,接待桌,ai_candidate,medium: 突出桌式结构的迎宾家具
1791,家具及医疗器具 > 医疗器具 > 厕所凳,坐厕凳,坐便凳,ai_candidate,high: 常见同义俗称，采购清单中可能替代使用
1791,家具及医疗器具 > 医疗器具 > 厕所凳,坐厕凳,马桶凳,ai_candidate,medium: 施工现场及非专业场景下口语化叫法
1792,家具及医疗器具 > 医疗器具 > 扶手架,助步器,助行器,ai_candidate,high: 医疗行业和家庭采购中常用叫法
1792,家具及医疗器具 > 医疗器具 > 扶手架,助步器,步行辅助器,ai_candidate,medium: 功能描述性俗称，康复器械领域使用
1792,家具及医疗器具 > 医疗器具 > 扶手架,医用扶手,安全扶手,ai_candidate,high: 强调防跌倒功能，医院和养老机构采购常用
1792,家具及医疗器具 > 医疗器具 > 扶手架,医用扶手,无障碍扶手,ai_candidate,high: 广泛用于无障碍设施场合
1792,家具及医疗器具 > 医疗器具 > 扶手架,医用扶手,医用防撞扶手,ai_candidate,medium: 带防撞功能的医用扶手，现场口语常用
1792,家具及医疗器具 > 医疗器具 > 扶手架,医用扶手,防滑扶手,ai_candidate,medium: 表面防滑处理款的常见叫法
1790,家具及医疗器具 > 医疗器具 > 智能电动垫,智能电动垫,按摩垫,ai_candidate,high: 现场口语中对智能电动按摩垫类产品的泛称
1790,家具及医疗器具 > 医疗器具 > 智能电动垫,智能电动垫,电动按摩垫,ai_candidate,high: 强调电动特性的泛称
1790,家具及医疗器具 > 医疗器具 > 智能电动垫,智能按摩椅垫,按摩椅垫,ai_candidate,high: 常见简称
1790,家具及医疗器具 > 医疗器具 > 智能电动垫,智能按摩椅垫,电动按摩椅垫,ai_candidate,medium: 强调电动驱动
1790,家具及医疗器具 > 医疗器具 > 智能电动垫,智能柔捏按摩垫,揉捏按摩垫,ai_candidate,high: 纠正柔捏笔误后的常用名
1790,家具及医疗器具 > 医疗器具 > 智能电动垫,智能柔捏按摩垫,揉捏垫,ai_candidate,medium: 口语简略称呼
1790,家具及医疗器具 > 医疗器具 > 智能电动垫,智能电动按摩床垫,按摩床垫,ai_candidate,high: 日常简称
1790,家具及医疗器具 > 医疗器具 > 智能电动垫,智能电动按摩床垫,电动按摩床垫,ai_candidate,high: 直减智能前缀
1790,家具及医疗器具 > 医疗器具 > 智能电动垫,电动按摩靠垫,按摩靠垫,ai_candidate,high: 省略电动后的通用叫法
1790,家具及医疗器具 > 医疗器具 > 智能电动垫,电动按摩靠垫,靠垫按摩器,ai_candidate,medium: 部分电商平台对按摩靠垫的别称
139,家具及医疗器具 > 医疗器具 > 病床(护理床),病床,护理床,ai_candidate,high: 医疗护理中常用，与病床通用
139,家具及医疗器具 > 医疗器具 > 病床(护理床),病床,医用床,ai_candidate,high: 医疗用床的简称
139,家具及医疗器具 > 医疗器具 > 病床(护理床),病床,病房床,ai_candidate,medium: 安装于医院病房的床
139,家具及医疗器具 > 医疗器具 > 病床(护理床),病床,病人床,ai_candidate,medium: 口语中称病人使用的床
1793,家具及医疗器具 > 医疗器具 > 等候椅,等候椅,候诊椅,ai_candidate,high: 医院等医疗场所常用叫法
1793,家具及医疗器具 > 医疗器具 > 等候椅,等候椅,排椅,ai_candidate,medium: 公共场所联排座椅统称
1793,家具及医疗器具 > 医疗器具 > 等候椅,等候椅,公共座椅,ai_candidate_low,low: 公共场所等候区座椅泛称
1793,家具及医疗器具 > 医疗器具 > 等候椅,三人位,三人座,ai_candidate,high: 口语或书面简称
1793,家具及医疗器具 > 医疗器具 > 等候椅,三人位,三联座,ai_candidate,high: 强调连排结构
1793,家具及医疗器具 > 医疗器具 > 等候椅,三人位,三连椅,ai_candidate,medium: 施工现场或采购俗称
1793,家具及医疗器具 > 医疗器具 > 等候椅,五人位,五人座,ai_candidate,high: 口语或书面简称
1793,家具及医疗器具 > 医疗器具 > 等候椅,五人位,五联座,ai_candidate,high: 强调连排结构
1793,家具及医疗器具 > 医疗器具 > 等候椅,五人位,五连椅,ai_candidate,medium: 施工现场或采购俗称
1793,家具及医疗器具 > 医疗器具 > 等候椅,单人位,单人座,ai_candidate,high: 口语或书面简称
1793,家具及医疗器具 > 医疗器具 > 等候椅,单人位,单座,ai_candidate,medium: 省略叫法
1793,家具及医疗器具 > 医疗器具 > 等候椅,双人位,双人座,ai_candidate,high: 口语或书面简称
1793,家具及医疗器具 > 医疗器具 > 等候椅,双人位,两联座,ai_candidate,medium: 强调连排结构
1793,家具及医疗器具 > 医疗器具 > 等候椅,双人位,双座,ai_candidate_low,low: 口语简化
1793,家具及医疗器具 > 医疗器具 > 等候椅,四人位,四人座,ai_candidate,high: 口语或书面简称
1793,家具及医疗器具 > 医疗器具 > 等候椅,四人位,四联座,ai_candidate,high: 强调连排结构
1793,家具及医疗器具 > 医疗器具 > 等候椅,四人位,四连椅,ai_candidate,medium: 施工现场或采购俗称
1794,家具及医疗器具 > 医疗器具 > 输液脚蹬椅,输液脚蹬椅,输液椅,ai_candidate,high: 医疗场所对带脚蹬的输液用椅的口语统称
1794,家具及医疗器具 > 医疗器具 > 输液脚蹬椅,输液脚蹬椅,挂水椅,ai_candidate,medium: 多地医护人员及供应商口语叫法
1794,家具及医疗器具 > 医疗器具 > 输液脚蹬椅,输液脚蹬椅,打点滴椅,ai_candidate_low,low: 部分方言区域施工现场口语叫法
1794,家具及医疗器具 > 医疗器具 > 输液脚蹬椅,三人弯背输液椅,三人位输液椅,ai_candidate,high: 强调三人位配置的采购口语
1794,家具及医疗器具 > 医疗器具 > 输液脚蹬椅,三人弯背输液椅,弯背输液椅,ai_candidate,high: 突出靠背造型的简称
1794,家具及医疗器具 > 医疗器具 > 输液脚蹬椅,三人弯背输液椅,三人挂水椅,ai_candidate,medium: 挂水是输液的俗称，直接替代
1794,家具及医疗器具 > 医疗器具 > 输液脚蹬椅,不锈钢方管可躺输液椅,不锈钢输液躺椅,ai_candidate,high: 突出不锈钢材质与可躺功能
1794,家具及医疗器具 > 医疗器具 > 输液脚蹬椅,不锈钢方管可躺输液椅,方管输液椅,ai_candidate,high: 以管型特征简称
1794,家具及医疗器具 > 医疗器具 > 输液脚蹬椅,不锈钢方管可躺输液椅,可躺输液椅,ai_candidate,high: 施工现场口述功能
1794,家具及医疗器具 > 医疗器具 > 输液脚蹬椅,直脚高背输液椅,高背输液椅,ai_candidate,high: 强调高靠背特征
1794,家具及医疗器具 > 医疗器具 > 输液脚蹬椅,直脚高背输液椅,直脚输液椅,ai_candidate,medium: 腿型特征口语
1794,家具及医疗器具 > 医疗器具 > 输液脚蹬椅,茶几高背输液椅,带茶几输液椅,ai_candidate,high: 功能描述简洁口语
1794,家具及医疗器具 > 医疗器具 > 输液脚蹬椅,茶几高背输液椅,茶几输液椅,ai_candidate,high: 直接组合特征词
1794,家具及医疗器具 > 医疗器具 > 输液脚蹬椅,茶几高背输液椅,高背茶几椅,ai_candidate,medium: 特征词汇重组
1776,家具及医疗器具 > 家用家具 > 床类,上下床,高低床,ai_candidate,high: 施工现场及采购中常用叫法
1776,家具及医疗器具 > 家用家具 > 床类,上下床,子母床,ai_candidate,medium: 一种上下床形式，但有时混用
1776,家具及医疗器具 > 家用家具 > 床类,单人床,单床,ai_candidate,medium: 口语简化叫法
1776,家具及医疗器具 > 家用家具 > 床类,双人床,大床,ai_candidate,medium: 常见口语叫法
1776,家具及医疗器具 > 家用家具 > 床类,双层床,高低床,ai_candidate,high: 同上下床，常用叫法
1776,家具及医疗器具 > 家用家具 > 床类,双层床,上下铺,ai_candidate,high: 学生宿舍常见叫法
1776,家具及医疗器具 > 家用家具 > 床类,床位租金,床位费,ai_candidate,high: 医院、宿舍采购中常用名
1776,家具及医疗器具 > 家用家具 > 床类,床头靠背,床头,ai_candidate,medium: 常见简称
1776,家具及医疗器具 > 家用家具 > 床类,床头靠背,床靠背,ai_candidate_low,low: 口语叫法
1776,家具及医疗器具 > 家用家具 > 床类,床板架,床架,ai_candidate,medium: 口语简称
1776,家具及医疗器具 > 家用家具 > 床类,床板架,排骨架,ai_candidate_low,low: 一种常见的床板架形式，现场常混用
1774,家具及医疗器具 > 家用家具 > 案几类,书案,书桌,ai_candidate,medium: 现代口语和采购中常将书案称为书桌
1774,家具及医疗器具 > 家用家具 > 案几类,玄关条案,玄关桌,ai_candidate,high: 现代装修采购中最常见的称呼
1774,家具及医疗器具 > 家用家具 > 案几类,玄关条案,玄关条桌,ai_candidate,high: 同义别称，强调其长条形态
1774,家具及医疗器具 > 家用家具 > 案几类,茶几,咖啡桌,ai_candidate,medium: 受西方家具文化影响，常被混称为咖啡桌
1774,家具及医疗器具 > 家用家具 > 案几类,角几,边几,ai_candidate,high: 放置在沙发或墙角边，采购中常称边几
1774,家具及医疗器具 > 家用家具 > 案几类,角几,墙角几,ai_candidate,medium: 施工现场口语可能直称墙角几
138,家具及医疗器具 > 家用家具 > 椅凳类,高脚凳,吧凳,ai_candidate,high: 餐饮、酒吧等场合常用高脚凳，口语中常简称为吧凳
138,家具及医疗器具 > 家用家具 > 椅凳类,高脚凳,吧台凳,ai_candidate,medium: 放置在吧台前的高脚凳，在装饰与采购中常被称为吧台凳
1775,家具及医疗器具 > 家用家具 > 橱柜类,角柜,转角柜,ai_candidate,high: 因置于墙角转弯处得名，采购设计图中常用
1775,家具及医疗器具 > 家用家具 > 橱柜类,角柜,拐角柜,ai_candidate,medium: 口语中描述拐角位置使用的柜子
1775,家具及医疗器具 > 家用家具 > 橱柜类,角柜,角橱,ai_candidate,medium: 北方部分地区方言叫法
1775,家具及医疗器具 > 家用家具 > 橱柜类,边柜,边橱,ai_candidate,high: 橱柜类口语化称呼
1775,家具及医疗器具 > 家用家具 > 橱柜类,边柜,靠墙柜,ai_candidate,medium: 根据摆放方式描述，工地交底时使用
1775,家具及医疗器具 > 家用家具 > 橱柜类,边柜,侧柜,ai_candidate,medium: 强调在靠墙一侧摆放的柜体
1775,家具及医疗器具 > 家用家具 > 橱柜类,酒柜,酒橱,ai_candidate,high: 传统家具店铺常用称谓
1775,家具及医疗器具 > 家用家具 > 橱柜类,酒柜,藏酒柜,ai_candidate_low,low: 强调储藏功能，采购清单中偶尔出现
1775,家具及医疗器具 > 家用家具 > 橱柜类,鞋柜,鞋橱,ai_candidate,high: 家具市场及图纸中常用别称
1775,家具及医疗器具 > 家用家具 > 橱柜类,鞋柜,鞋箱,ai_candidate,medium: 带门鞋柜的俗称，多见于日式或定制采购
1779,家具及医疗器具 > 家用家具 > 沙发类,多人沙发,长沙发,ai_candidate,high: 因多人沙发通常长度较长，在采购和施工现场常直接称为长沙发
1779,家具及医疗器具 > 家用家具 > 沙发类,多人沙发,多人位沙发,ai_candidate,medium: 强调座位数量，是口语中常见的描述方式
1779,家具及医疗器具 > 家用家具 > 沙发类,沙发床,两用沙发,ai_candidate,high: 沙发床具备坐卧两用功能，这是行业内最常用的俗称
1779,家具及医疗器具 > 家用家具 > 沙发类,沙发床,折叠沙发床,ai_candidate,high: 通过折叠实现床功能，采购时经常使用此具体叫法
1884,工程施工 > 专业作业 > 专业作业分包,结构加固,加固,ai_candidate,high: 施工现场口语中常简称为“加固”，如“加固队伍”“加固分包”
1884,工程施工 > 专业作业 > 专业作业分包,结构加固,结构补强,ai_candidate,medium: 行业术语中“结构补强”与“结构加固”常混用，采购招标文件时有出现
248,工程施工 > 专业承包 > 其他工程专业承包,机场场道工程专业承包,机场场道承包,ai_candidate,medium: 口语简称
248,工程施工 > 专业承包 > 其他工程专业承包,机场场道工程专业承包,机场跑道工程,ai_candidate,medium: 俗称，指代跑道施工承包
248,工程施工 > 专业承包 > 其他工程专业承包,铁路电务电气化工程专业承包,铁路电气化承包,ai_candidate,high: 常用简称
248,工程施工 > 专业承包 > 其他工程专业承包,铁路电务电气化工程专业承包,电务工程承包,ai_candidate,medium: 铁路行业内部叫法
248,工程施工 > 专业承包 > 其他工程专业承包,铁路电务电气化工程专业承包,牵引供电工程,ai_candidate_low,low: 电气化铁路核心内容，有时混称
1874,工程施工 > 专业承包 > 建筑机电工程专业承包,通风工程,通风系统,ai_candidate,medium: 施工现场及采购中对通风工程的常用简称
177,工程机械设备 > 其他机械设备 > 其他工程机械,其他工程机械,杂项工程机械,ai_candidate,medium: 施工采购习惯将不常用或小型机械归类为杂项
177,工程机械设备 > 其他机械设备 > 其他工程机械,中频感应炉,中频炉,ai_candidate,high: 行业常见简称
177,工程机械设备 > 其他机械设备 > 其他工程机械,中频感应炉,感应加热炉,ai_candidate,medium: 按工作原理的通称
177,工程机械设备 > 其他机械设备 > 其他工程机械,洗车机,自动洗车机,ai_candidate,high: 施工现场习惯称呼，强调自动功能
177,工程机械设备 > 其他机械设备 > 其他工程机械,洗车机,洗车房,ai_candidate,medium: 指整套洗车设备及其围护结构
177,工程机械设备 > 其他机械设备 > 其他工程机械,液压破碎锤,炮机,ai_candidate,high: 施工现场最通用的口语叫法
177,工程机械设备 > 其他机械设备 > 其他工程机械,液压破碎锤,破碎锤,ai_candidate,high: 省略驱动方式的简称
177,工程机械设备 > 其他机械设备 > 其他工程机械,液压破碎锤,液压锤,ai_candidate,high: 突出动力源的习惯叫法
177,工程机械设备 > 其他机械设备 > 其他工程机械,真空吸盘,玻璃吸盘,ai_candidate,high: 因广泛用于玻璃幕墙安装而得名
177,工程机械设备 > 其他机械设备 > 其他工程机械,真空吸盘,真空吸吊机,ai_candidate,medium: 强调吊运功能的行业称呼
177,工程机械设备 > 其他机械设备 > 其他工程机械,空调机,空调,ai_candidate,high: 最通用简称
177,工程机械设备 > 其他机械设备 > 其他工程机械,空调机,制冷机,ai_candidate,medium: 工业领域有时按功能称为制冷机
177,工程机械设备 > 其他机械设备 > 其他工程机械,联合修补车,综合养护车,ai_candidate,high: 公路养护行业常见叫法
177,工程机械设备 > 其他机械设备 > 其他工程机械,联合修补车,路面修补车,ai_candidate,medium: 按主要用途的叫法
177,工程机械设备 > 其他机械设备 > 其他工程机械,防雨定时控制器,防水定时器,ai_candidate,high: 突出防雨特性的简称
177,工程机械设备 > 其他机械设备 > 其他工程机械,防雨定时控制器,户外定时开关,ai_candidate,medium: 强调使用环境的叫法
1621,工程机械设备 > 其他机械设备 > 减震器,减震器,减震器,ai_candidate,high: 现场口语中常用‘减震’代替‘减振’
1621,工程机械设备 > 其他机械设备 > 减震器,减震器,减振器,ai_candidate,high: 标准术语
1621,工程机械设备 > 其他机械设备 > 减震器,减震器,避震器,ai_candidate,medium: 部分施工口误或港台用法
1621,工程机械设备 > 其他机械设备 > 减震器,减震器,隔振器,ai_candidate,medium: 功能描述性统称
1621,工程机械设备 > 其他机械设备 > 减震器,减振砖,减震砖,ai_candidate,medium: 现场常‘振’‘震’混用
1621,工程机械设备 > 其他机械设备 > 减震器,减振砖,隔振砖,ai_candidate_low,low: 功能叫法
1621,工程机械设备 > 其他机械设备 > 减震器,可调式弹簧减振器,可调弹簧减震器,ai_candidate,high: 同义口语变体
1621,工程机械设备 > 其他机械设备 > 减震器,可调式弹簧减振器,可调节弹簧减振器,ai_candidate,medium: 全称口语
1621,工程机械设备 > 其他机械设备 > 减震器,吊架减震器,吊式减震器,ai_candidate,high: 安装形式俗称
1621,工程机械设备 > 其他机械设备 > 减震器,吊架减震器,弹簧吊架减振器,ai_candidate,medium: 含核心结构描述
1621,工程机械设备 > 其他机械设备 > 减震器,吊架减震器,吊挂减震器,ai_candidate,medium: 功能俗称
1621,工程机械设备 > 其他机械设备 > 减震器,地面减震垫,减振地垫,ai_candidate,medium: 倒置俗称
1621,工程机械设备 > 其他机械设备 > 减震器,地面减震垫,地面隔振垫,ai_candidate_low,low: 功能描述
1621,工程机械设备 > 其他机械设备 > 减震器,弹簧减震器,弹簧减振器,ai_candidate,high: 同义字互换
1621,工程机械设备 > 其他机械设备 > 减震器,弹簧减震器,弹簧避震器,ai_candidate_low,low: 港台/旧称
1621,工程机械设备 > 其他机械设备 > 减震器,橡胶减振垫,橡胶减震垫,ai_candidate,high: 现场常混用
1621,工程机械设备 > 其他机械设备 > 减震器,橡胶减振垫,橡胶隔振垫,ai_candidate,medium: 功能描述
1621,工程机械设备 > 其他机械设备 > 减震器,橡胶减震器,橡胶减振器,ai_candidate,high: 同义互换
1621,工程机械设备 > 其他机械设备 > 减震器,橡胶减震器,橡胶避震喉,ai_candidate_low,low: 管道连接场合俗称
1621,工程机械设备 > 其他机械设备 > 减震器,橡胶减震垫,减震胶垫,ai_candidate,medium: 简洁俗称
1621,工程机械设备 > 其他机械设备 > 减震器,橡胶减震垫,橡胶隔振垫,ai_candidate,medium: 功能描述
1621,工程机械设备 > 其他机械设备 > 减震器,浮筑结构隔振隔声垫,浮筑楼板隔振垫,ai_candidate,high: 应用部位通称
1621,工程机械设备 > 其他机械设备 > 减震器,浮筑结构隔振隔声垫,浮筑地垫,ai_candidate,medium: 简称
1621,工程机械设备 > 其他机械设备 > 减震器,浮筑结构隔振隔声垫,隔声隔振垫,ai_candidate,medium: 核心功能缩写
1621,工程机械设备 > 其他机械设备 > 减震器,管道弹性托架减振器,管道弹性支架减震器,ai_candidate,high: ‘托架’也说‘支架’
1621,工程机械设备 > 其他机械设备 > 减震器,管道弹性托架减振器,弹性托架减振器,ai_candidate,medium: 省略‘管道’
1621,工程机械设备 > 其他机械设备 > 减震器,管道弹性托架减振器,管道减振托架,ai_candidate,medium: 简洁叫法
1621,工程机械设备 > 其他机械设备 > 减震器,粘滞阻尼器,粘滞阻尼器,ai_candidate,high: 异体字同物
1621,工程机械设备 > 其他机械设备 > 减震器,粘滞阻尼器,油阻尼器,ai_candidate,medium: 介质俗称
1621,工程机械设备 > 其他机械设备 > 减震器,粘滞阻尼器,黏滞阻尼器,ai_candidate,high: 书写差异
1621,工程机械设备 > 其他机械设备 > 减震器,钢丝绳减震器,钢丝绳减振器,ai_candidate,high: 振震混用
1621,工程机械设备 > 其他机械设备 > 减震器,钢丝绳减震器,钢丝绳隔振器,ai_candidate,medium: 功能描述
1621,工程机械设备 > 其他机械设备 > 减震器,钢丝绳减震器,绳式减震器,ai_candidate_low,low: 简称
1621,工程机械设备 > 其他机械设备 > 减震器,阻尼减震器,阻尼减振器,ai_candidate,high: 同义互换
1621,工程机械设备 > 其他机械设备 > 减震器,阻尼减震器,弹簧阻尼减震器,ai_candidate,medium: 常见组合式叫法
1621,工程机械设备 > 其他机械设备 > 减震器,阻尼减震器,阻尼器,ai_candidate_low,low: 省略用途词
1829,工程机械设备 > 其他机械设备 > 动力机械,内燃空气压缩机,内燃空压机,ai_candidate,high: 内燃驱动空气压缩机的简称
1829,工程机械设备 > 其他机械设备 > 动力机械,内燃空气压缩机,柴动空压机,ai_candidate,medium: 工地常用柴油内燃机驱动，称柴动空压机
1829,工程机械设备 > 其他机械设备 > 动力机械,手泵喷油机,手摇喷油机,ai_candidate,medium: 手动摇泵喷油，常见叫法
1829,工程机械设备 > 其他机械设备 > 动力机械,手泵喷油机,手动喷油泵,ai_candidate,medium: 强调手动和泵功能
1829,工程机械设备 > 其他机械设备 > 动力机械,无油空气压缩机,无油空压机,ai_candidate,high: 工地常用简称
1829,工程机械设备 > 其他机械设备 > 动力机械,柴油发电机(台班)),柴发,ai_candidate,high: 柴油发电机极常用简称
1829,工程机械设备 > 其他机械设备 > 动力机械,柴油发电机(台班)),柴油发电机组,ai_candidate,high: 成套设备的正式别称
1829,工程机械设备 > 其他机械设备 > 动力机械,气动灌浆机,气动注浆机,ai_candidate,high: 灌浆与注浆在工地常混用
1829,工程机械设备 > 其他机械设备 > 动力机械,气动灌浆机,风动灌浆机,ai_candidate,medium: 压缩空气俗称风，故称风动灌浆机
1829,工程机械设备 > 其他机械设备 > 动力机械,汽油发电机(台班),汽油发电机组,ai_candidate,high: 成套设备别称
1829,工程机械设备 > 其他机械设备 > 动力机械,汽油发电机(台班),小发,ai_candidate,medium: 现场对小型汽油发电机的口语叫法
1829,工程机械设备 > 其他机械设备 > 动力机械,液压柜(动力系统),液压泵站,ai_candidate,medium: 提供液压动力的泵站，习惯称泵站
1829,工程机械设备 > 其他机械设备 > 动力机械,液压柜(动力系统),液压动力柜,ai_candidate,medium: 完整描述，口语化又称动力柜
1829,工程机械设备 > 其他机械设备 > 动力机械,液压注浆机,液压灌浆机,ai_candidate,high: 注浆、灌浆在施工现场通用
1829,工程机械设备 > 其他机械设备 > 动力机械,液压锻钎机,锻钎机,ai_candidate,medium: 现场常省略液压二字
1829,工程机械设备 > 其他机械设备 > 动力机械,电动灌浆机,电动注浆机,ai_candidate,high: 灌浆与注浆互用
1829,工程机械设备 > 其他机械设备 > 动力机械,电动空气压缩机,电动空压机,ai_candidate,high: 常用简称
1829,工程机械设备 > 其他机械设备 > 动力机械,电动空气压缩机,电空压机,ai_candidate,medium: 进一步缩略
1829,工程机械设备 > 其他机械设备 > 动力机械,硅整流充电机,整流充电机,ai_candidate,medium: 省略硅字，施工现场常见叫法
1829,工程机械设备 > 其他机械设备 > 动力机械,硅整流充电机,充电机,ai_candidate_low,low: 泛指充电设备，但常特指此类
1822,工程机械设备 > 其他机械设备 > 无损探伤机械设备,无损探伤机械设备,无损检测设备,ai_candidate,high: 无损探伤行业通用称谓
1822,工程机械设备 > 其他机械设备 > 无损探伤机械设备,无损探伤机械设备,NDT设备,ai_candidate,high: 无损检测英文Non-Destructive Testing缩写
1822,工程机械设备 > 其他机械设备 > 无损探伤机械设备,X射线探伤机,X光探伤机,ai_candidate,high: X射线俗称X光，工业常用叫法
1822,工程机械设备 > 其他机械设备 > 无损探伤机械设备,X射线探伤机,工业X光机,ai_candidate,medium: 区别于医疗设备，工业检测领域常用
1822,工程机械设备 > 其他机械设备 > 无损探伤机械设备,X射线探伤机,X-Ray探伤机,ai_candidate,medium: 英文直译，部分采购文件使用
1822,工程机械设备 > 其他机械设备 > 无损探伤机械设备,γ射线探伤机,伽马射线探伤机,ai_candidate,high: γ的中文音译
1822,工程机械设备 > 其他机械设备 > 无损探伤机械设备,γ射线探伤机,γ源探伤机,ai_candidate,high: 强调使用放射源，现场常用
1822,工程机械设备 > 其他机械设备 > 无损探伤机械设备,γ射线探伤机,同位素探伤机,ai_candidate,medium: 放射源多为同位素，行业内有此称呼
1822,工程机械设备 > 其他机械设备 > 无损探伤机械设备,周向X射线探伤机,周向X光机,ai_candidate,high: 周向X射线探伤机的简称，口语常用
1822,工程机械设备 > 其他机械设备 > 无损探伤机械设备,周向X射线探伤机,周向探伤机,ai_candidate,medium: 无损检测行业内的简称
1822,工程机械设备 > 其他机械设备 > 无损探伤机械设备,周向X射线探伤机,管道爬行器,ai_candidate_low,low: 一种可管道内行走的周向X射线探伤设备，有时混称
1822,工程机械设备 > 其他机械设备 > 无损探伤机械设备,磁粉探伤机,磁探机,ai_candidate,high: 磁粉探伤的行业简称
1822,工程机械设备 > 其他机械设备 > 无损探伤机械设备,磁粉探伤机,磁粉探伤仪,ai_candidate,high: 同义，仪器形态的叫法
1822,工程机械设备 > 其他机械设备 > 无损探伤机械设备,磁粉探伤机,磁粉检测仪,ai_candidate,medium: 正式名称，也作俗称使用
1822,工程机械设备 > 其他机械设备 > 无损探伤机械设备,超声波探伤机,超声波探伤仪,ai_candidate,high: 同义，仪器形态的叫法
1822,工程机械设备 > 其他机械设备 > 无损探伤机械设备,超声波探伤机,UT探伤机,ai_candidate,high: UT为Ultrasonic Testing缩写，行业通用
1822,工程机械设备 > 其他机械设备 > 无损探伤机械设备,超声波探伤机,数字超声波探伤仪,ai_candidate_low,low: 数字化后的通用叫法，有时统称
1825,工程机械设备 > 其他机械设备 > 清洗筛选及装修机械,轮载式变幅擦窗机,轮式擦窗机,ai_candidate,high: 轮载式直接简化俗称
1825,工程机械设备 > 其他机械设备 > 清洗筛选及装修机械,轮载式变幅擦窗机,移动式擦窗机,ai_candidate,medium: 因轮式底盘可移动，采购/施工现场常用此名区分固定式
1825,工程机械设备 > 其他机械设备 > 清洗筛选及装修机械,轮载式变幅擦窗机,自行走擦窗机,ai_candidate,medium: 强调自带行走能力
1828,工程机械设备 > 其他机械设备 > 潜水及水面作用机械,水钻,水钻机,ai_candidate,high: 施工现场常将水钻设备称为水钻机
1828,工程机械设备 > 其他机械设备 > 潜水及水面作用机械,潜水减压仓,减压舱,ai_candidate,medium: 潜水作业领域常简称为减压舱
1828,工程机械设备 > 其他机械设备 > 潜水及水面作用机械,通井机,通井车,ai_candidate,medium: 油田现场常以通井车称呼装载在卡车上的通井机
1823,工程机械设备 > 其他机械设备 > 环卫机械,环卫机械,环卫设备,ai_candidate,high: 采购及施工现场口语中常统称为环卫设备
1823,工程机械设备 > 其他机械设备 > 环卫机械,压浇机,压滤机,ai_candidate,medium: 施工现场常将污泥压滤设备俗称为压浇机，实为压滤机
1823,工程机械设备 > 其他机械设备 > 环卫机械,工程修理车,维修车,ai_candidate,high: 现场口语直接简称为维修车
1823,工程机械设备 > 其他机械设备 > 环卫机械,工程修理车,抢修车,ai_candidate,medium: 用于紧急抢修时常用此叫法
1823,工程机械设备 > 其他机械设备 > 环卫机械,杀虫车,打药车,ai_candidate,high: 现场口语中喷洒杀虫药剂常被称为打药
1823,工程机械设备 > 其他机械设备 > 环卫机械,杀虫车,喷雾车,ai_candidate,medium: 因采用喷雾作业方式而得名
1823,工程机械设备 > 其他机械设备 > 环卫机械,树枝粉碎机,碎枝机,ai_candidate,high: 行业简称
1823,工程机械设备 > 其他机械设备 > 环卫机械,树枝粉碎机,树枝切片机,ai_candidate,medium: 突出切片功能的口语叫法
1823,工程机械设备 > 其他机械设备 > 环卫机械,洒水车,水车,ai_candidate,high: 施工现场最简略的称呼
1823,工程机械设备 > 其他机械设备 > 环卫机械,洒水车,喷水车,ai_candidate,medium: 因具备高压喷水功能而常见
1823,工程机械设备 > 其他机械设备 > 环卫机械,真空吸湿机,吸水机,ai_candidate_low,low: 用于吸水作业时的口语俗称
1827,工程机械设备 > 其他机械设备 > 电气线路机械,光纤熔接机,熔纤机,ai_candidate,high: 通信施工中常见的简称
1827,工程机械设备 > 其他机械设备 > 电气线路机械,光纤熔接机,光纤熔接器,ai_candidate,high: 另一种常见叫法
1827,工程机械设备 > 其他机械设备 > 电气线路机械,双绞线压接工具,网线钳,ai_candidate,high: 施工现场最常用的叫法
1827,工程机械设备 > 其他机械设备 > 电气线路机械,双绞线压接工具,水晶头压接钳,ai_candidate,medium: 功能描述的名词
1827,工程机械设备 > 其他机械设备 > 电气线路机械,导线卷车,导线放线车,ai_candidate,medium: 明确用途的叫法
1827,工程机械设备 > 其他机械设备 > 电气线路机械,导线卷车,线盘车,ai_candidate,medium: 俗称
1827,工程机械设备 > 其他机械设备 > 电气线路机械,钢缆卷车,钢缆放线车,ai_candidate,medium: 功能描述
1827,工程机械设备 > 其他机械设备 > 电气线路机械,钢缆卷车,钢丝绳卷车,ai_candidate,medium: 材质替代名
1827,工程机械设备 > 其他机械设备 > 电气线路机械,除线机,标线清除机,ai_candidate,high: 全称
1827,工程机械设备 > 其他机械设备 > 电气线路机械,除线机,旧线清除机,ai_candidate,medium: 清理旧标线的俗称
1820,工程机械设备 > 加工机械 > 冷却及热处理机械设备,中频加热处理机,中频加热机,ai_candidate,high: 施工现场常用简称，省略处理
1820,工程机械设备 > 加工机械 > 冷却及热处理机械设备,塑料加热箱,塑料加温箱,ai_candidate,medium: 采购交流中常称为加温箱
1820,工程机械设备 > 加工机械 > 冷却及热处理机械设备,手推式热溶划线车,手推热熔划线车,ai_candidate,high: 热溶常被写作热熔，口语中多见
1820,工程机械设备 > 加工机械 > 冷却及热处理机械设备,手推式热溶划线车,热熔划线小车,ai_candidate,high: 小型手推式设备俗称
1820,工程机械设备 > 加工机械 > 冷却及热处理机械设备,沥青锅,熬沥青锅,ai_candidate,high: 施工现场口语化表述
1820,工程机械设备 > 加工机械 > 冷却及热处理机械设备,沥青锅,沥青加热锅,ai_candidate,high: 强调加热功能
1820,工程机械设备 > 加工机械 > 冷却及热处理机械设备,混捏加热炉,混捏炉,ai_candidate,medium: 行业常见简称
1820,工程机械设备 > 加工机械 > 冷却及热处理机械设备,热熔釜溶解车,热熔釜车,ai_candidate,medium: 省略溶解，口语简称
1820,工程机械设备 > 加工机械 > 冷却及热处理机械设备,电焊条烘干箱,焊条烘干箱,ai_candidate,high: 施工中常省略电字
1820,工程机械设备 > 加工机械 > 冷却及热处理机械设备,电焊条烘干箱,焊条烘箱,ai_candidate,high: 更简化的口语叫法
1820,工程机械设备 > 加工机械 > 冷却及热处理机械设备,箱式加热炉,箱式炉,ai_candidate,high: 现场常见简称
1820,工程机械设备 > 加工机械 > 冷却及热处理机械设备,箱式加热炉,箱式电阻炉,ai_candidate,medium: 当加热元件为电阻时常用名
1820,工程机械设备 > 加工机械 > 冷却及热处理机械设备,组合烘箱,组合式烘箱,ai_candidate,medium: 突出装配特点
1820,工程机械设备 > 加工机械 > 冷却及热处理机械设备,自控热处理机,自动温控热处理机,ai_candidate,medium: 强调自控实现方式
1820,工程机械设备 > 加工机械 > 冷却及热处理机械设备,自行式热熔划线车,自走式热熔划线车,ai_candidate,high: 自行与自走义同，口语中常用
1820,工程机械设备 > 加工机械 > 冷却及热处理机械设备,自行式热熔划线车,热熔划线自行机,ai_candidate,medium: 部分采购清单使用
1818,工程机械设备 > 加工机械 > 切割及打磨机械设备,切割及打磨机械设备,切割打磨设备,ai_candidate,medium: 切割及打磨机械设备的简称
1818,工程机械设备 > 加工机械 > 切割及打磨机械设备,切割及打磨机械设备,切磨设备,ai_candidate,medium: 行业内对切割及打磨类机械的简称
1818,工程机械设备 > 加工机械 > 切割及打磨机械设备,切管机,割管机,ai_candidate,high: 现场常用叫法，切割管材的机械
1818,工程机械设备 > 加工机械 > 切割及打磨机械设备,切管机,管道切割机,ai_candidate,medium: 强调切割管道
1818,工程机械设备 > 加工机械 > 切割及打磨机械设备,剪板机,剪床,ai_candidate,high: 传统俗称，因其床式结构
1818,工程机械设备 > 加工机械 > 切割及打磨机械设备,剪板机,钢板剪,ai_candidate,medium: 强调剪切钢板的设备
1818,工程机械设备 > 加工机械 > 切割及打磨机械设备,卷板机,滚板机,ai_candidate,high: 通过滚轴卷曲板材，工地常叫滚板机
1818,工程机械设备 > 加工机械 > 切割及打磨机械设备,卷板机,卷圆机,ai_candidate,medium: 当用于卷制圆筒时常用此名
1818,工程机械设备 > 加工机械 > 切割及打磨机械设备,型钢剪断机,型钢剪切机,ai_candidate,high: 功能描述，剪切型钢的机械
1818,工程机械设备 > 加工机械 > 切割及打磨机械设备,型钢剪断机,型钢切断机,ai_candidate,high: 口语化叫法
1818,工程机械设备 > 加工机械 > 切割及打磨机械设备,型钢剪断机,角钢剪,ai_candidate,medium: 常用于剪切角钢的专指叫法
1818,工程机械设备 > 加工机械 > 切割及打磨机械设备,手动切割机,手提切割机,ai_candidate,medium: 手持操作，现场口语
1818,工程机械设备 > 加工机械 > 切割及打磨机械设备,管子切断机,割管机,ai_candidate,high: 与切管机类似，切断管子的机械
1818,工程机械设备 > 加工机械 > 切割及打磨机械设备,管子切断机,管切断机,ai_candidate,medium: 直称简称
1818,工程机械设备 > 加工机械 > 切割及打磨机械设备,马路切割机,路面切割机,ai_candidate,high: 用于切割马路、路面
1818,工程机械设备 > 加工机械 > 切割及打磨机械设备,马路切割机,切缝机,ai_candidate,high: 切割伸缩缝或诱导缝的俗称
1818,工程机械设备 > 加工机械 > 切割及打磨机械设备,马路切割机,马路锯,ai_candidate,medium: 施工现场形象叫法
1818,工程机械设备 > 加工机械 > 切割及打磨机械设备,马路切割机,伸缩缝切割机,ai_candidate,medium: 专指切割混凝土路面接缝
1817,工程机械设备 > 加工机械 > 木工机械,木工机械,刨床,ai_candidate,medium: 木工常把平刨床、压刨床统称为刨床，不特指某一型号
1817,工程机械设备 > 加工机械 > 木工机械,木工压刨床,压刨,ai_candidate,high: 口语简化的常见叫法
1817,工程机械设备 > 加工机械 > 木工机械,木工压刨床,压刨机,ai_candidate,"high: 现场常用加""机""的称呼"
1817,工程机械设备 > 加工机械 > 木工机械,木工圆剧机,圆锯机,ai_candidate,high: 圆剧机为圆锯机的笔误形态，现场常直呼圆锯机
1817,工程机械设备 > 加工机械 > 木工机械,木工圆剧机,圆盘锯,ai_candidate,high: 根据锯片外形叫法
1817,工程机械设备 > 加工机械 > 木工机械,木工带锯机,带锯,ai_candidate,"high: 省略""机""的口语简称"
1817,工程机械设备 > 加工机械 > 木工机械,木工带锯机,带锯机,ai_candidate,high: 直接简称
1817,工程机械设备 > 加工机械 > 木工机械,木工平刨床,平刨,ai_candidate,high: 口语简化的常见叫法
1817,工程机械设备 > 加工机械 > 木工机械,木工开榫机,榫头机,ai_candidate,medium: 以加工对象命名，常见于采购口语
1817,工程机械设备 > 加工机械 > 木工机械,木工打眼机,打孔机,ai_candidate,medium: 打眼即打孔，现场混用
1817,工程机械设备 > 加工机械 > 木工机械,木工打眼机,凿眼机,ai_candidate,medium: 打方孔时常称凿眼机
1817,工程机械设备 > 加工机械 > 木工机械,木工榫槽机,开槽机,ai_candidate,medium: 以加工动作命名，常用于口头交流
1817,工程机械设备 > 加工机械 > 木工机械,木工裁口机,裁口刨,ai_candidate,medium: 兼具刨的功能，老木工常称裁口刨
1819,工程机械设备 > 加工机械 > 焊接机械设备,焊接机械设备,焊接设备,ai_candidate,high: 采购目录和施工现场对各类焊机的统称，包含多种焊接机械
1819,工程机械设备 > 加工机械 > 焊接机械设备,焊接机械设备,焊割机械,ai_candidate,medium: 包含焊接与切割设备的口语统称
1819,工程机械设备 > 加工机械 > 焊接机械设备,二氧化碳气体保护焊机,二保焊机,ai_candidate,high: 行业内对二氧化碳气体保护焊机的通用简称
1819,工程机械设备 > 加工机械 > 焊接机械设备,二氧化碳气体保护焊机,CO2焊机,ai_candidate,high: 因其使用CO2气体作为保护，施工现场常用英文缩写叫法
1819,工程机械设备 > 加工机械 > 焊接机械设备,交流电焊机,交流焊机,ai_candidate,high: 交流电焊机的日常口语简称
1819,工程机械设备 > 加工机械 > 焊接机械设备,交流电焊机,工频焊机,ai_candidate,medium: 早期交流焊机多为工频变压器式，在老旧工地仍沿用此叫法
1819,工程机械设备 > 加工机械 > 焊接机械设备,半自动切割机,半自动割机,ai_candidate,medium: 现场对半自动切割机的简称，省略‘切’字
1819,工程机械设备 > 加工机械 > 焊接机械设备,半自动切割机,半自动气割机,ai_candidate,medium: 特指采用火焰切割的半自动机型，口语中常用
1819,工程机械设备 > 加工机械 > 焊接机械设备,对焊机,碰焊机,ai_candidate,high: 电阻对焊时工件先碰在一起再通电，南方地区广泛使用的俗称
1819,工程机械设备 > 加工机械 > 焊接机械设备,拖拉机驱动弧焊机,拖拉机焊机,ai_candidate,medium: 施工现场对拖拉机驱动弧焊机的简化叫法
1819,工程机械设备 > 加工机械 > 焊接机械设备,拖拉机驱动弧焊机,拖车式弧焊机,ai_candidate,medium: 强调其被拖拉机拖动、可移动的特点
1819,工程机械设备 > 加工机械 > 焊接机械设备,柴油电焊机,柴油焊机,ai_candidate,high: 省略‘电’字的通用简称
1819,工程机械设备 > 加工机械 > 焊接机械设备,柴油电焊机,柴油发电焊机,ai_candidate,high: 突出其自带柴油发电机功能的全称性俗称
1819,工程机械设备 > 加工机械 > 焊接机械设备,氩弧焊机,氩焊机,ai_candidate,high: 现场对氩弧焊机的通用简略叫法
1819,工程机械设备 > 加工机械 > 焊接机械设备,氩弧焊机,TIG焊机,ai_candidate,high: 钨极惰性气体保护焊的英文缩写，在技术交流和采购清单中常见
1819,工程机械设备 > 加工机械 > 焊接机械设备,汽油电焊机,汽油焊机,ai_candidate,high: 省略‘电’字的通用简称
1819,工程机械设备 > 加工机械 > 焊接机械设备,汽油电焊机,汽油发电焊机,ai_candidate,high: 强调其自带汽油发电机功能的全称性俗称
1819,工程机械设备 > 加工机械 > 焊接机械设备,电渣焊机,电渣压力焊机,ai_candidate,medium: 在钢筋焊接施工中，常特指用于电渣压力焊的设备
1819,工程机械设备 > 加工机械 > 焊接机械设备,直流电焊机,直流焊机,ai_candidate,high: 直流电焊机的口语简称
1819,工程机械设备 > 加工机械 > 焊接机械设备,直流电焊机,直流弧焊机,ai_candidate,high: 强调其用于电弧焊接的直流特性
1819,工程机械设备 > 加工机械 > 焊接机械设备,硅整流焊机,整流焊机,ai_candidate,high: 省略‘硅’字的日常叫法
1819,工程机械设备 > 加工机械 > 焊接机械设备,硅整流焊机,硅整流弧焊机,ai_candidate,medium: 加上‘弧焊’强调其用途的全称性俗称
1819,工程机械设备 > 加工机械 > 焊接机械设备,磁放大弧焊整流器,磁放大器焊机,ai_candidate,medium: 对磁放大弧焊整流器的简化口语称呼
1819,工程机械设备 > 加工机械 > 焊接机械设备,等离子切割机,等离子割机,ai_candidate,high: 现场常见的省略式叫法
1819,工程机械设备 > 加工机械 > 焊接机械设备,等离子切割机,等离子,ai_candidate,medium: 在上下文明确时，口语中直接简称‘等离子’
1819,工程机械设备 > 加工机械 > 焊接机械设备,缝焊机,滚焊机,ai_candidate,high: 因其电极呈滚轮状连续焊接而得名，行业内通用别名
1819,工程机械设备 > 加工机械 > 焊接机械设备,自动仿形切割机,仿形切割机,ai_candidate,medium: 口语中常省略‘自动’二字
1819,工程机械设备 > 加工机械 > 焊接机械设备,自动仿形切割机,仿形割机,ai_candidate_low,low: 进一步简化的工地叫法
1819,工程机械设备 > 加工机械 > 焊接机械设备,自动埋弧焊机,埋弧焊机,ai_candidate,high: 省略‘自动’的通用简称
1819,工程机械设备 > 加工机械 > 焊接机械设备,自动埋弧焊机,自动埋弧焊,ai_candidate,medium: 口语中常把‘机’字省略
1813,工程机械设备 > 土石方机械 > 压实及路面机械,电动振动冲击夯,电动冲击夯,ai_candidate,high: 施工现场常用简称
1813,工程机械设备 > 土石方机械 > 压实及路面机械,电动振动冲击夯,电动振动夯,ai_candidate,medium: 省略‘冲击’二字的口语叫法
1813,工程机械设备 > 土石方机械 > 压实及路面机械,石屑撒布机,石屑撒布车,ai_candidate,high: 按行走方式俗称
1813,工程机械设备 > 土石方机械 > 压实及路面机械,石屑撒布机,石屑洒布车,ai_candidate,medium: 口语中‘撒’与‘洒’混用
1813,工程机械设备 > 土石方机械 > 压实及路面机械,破冰机,路面破冰机,ai_candidate,high: 加前缀明确应用场景
1813,工程机械设备 > 土石方机械 > 压实及路面机械,破冰机,除冰机,ai_candidate,medium: 功能描述简称
1813,工程机械设备 > 土石方机械 > 压实及路面机械,稳定土厂拌设备,稳定土厂拌,ai_candidate,high: 省略‘设备’的简称
1813,工程机械设备 > 土石方机械 > 压实及路面机械,稳定土厂拌设备,厂拌设备,ai_candidate,medium: 通用简称
1813,工程机械设备 > 土石方机械 > 压实及路面机械,稳定土厂拌设备,稳定土拌合站,ai_candidate,high: 现场常称拌合站
1813,工程机械设备 > 土石方机械 > 压实及路面机械,联合扫雪机,联合除雪车,ai_candidate,medium: 北方地区常称除雪车
1813,工程机械设备 > 土石方机械 > 压实及路面机械,联合扫雪机,综合扫雪车,ai_candidate_low,low: 强调多功能
1813,工程机械设备 > 土石方机械 > 压实及路面机械,联合碎石设备,联合破碎设备,ai_candidate,high: ‘碎石’与‘破碎’可互换
1813,工程机械设备 > 土石方机械 > 压实及路面机械,联合碎石设备,联合碎石机,ai_candidate,medium: 口语化简称
1813,工程机械设备 > 土石方机械 > 压实及路面机械,自行式稳定土拌和机,稳定土路拌机,ai_candidate,high: 省略自行式，强调路拌功能
1813,工程机械设备 > 土石方机械 > 压实及路面机械,自行式稳定土拌和机,路拌机,ai_candidate,high: 采购中常见简称
1813,工程机械设备 > 土石方机械 > 压实及路面机械,自行式稳定土拌和机,自行式路拌机,ai_candidate,medium: 组合简称
1813,工程机械设备 > 土石方机械 > 压实及路面机械,自行式轮胎压路机,轮胎压路机,ai_candidate,high: 省略‘自行式’的简称
1813,工程机械设备 > 土石方机械 > 压实及路面机械,自行式轮胎压路机,胶轮压路机,ai_candidate,high: 轮胎亦称胶轮
1813,工程机械设备 > 土石方机械 > 压实及路面机械,自行式轮胎压路机,自行式胶轮压路机,ai_candidate,medium: 完整俗称
1813,工程机械设备 > 土石方机械 > 压实及路面机械,自行式道路翻松机,道路翻松机,ai_candidate,high: 略去自行式
1813,工程机械设备 > 土石方机械 > 压实及路面机械,自行式道路翻松机,路基翻松机,ai_candidate,medium: 侧重路基翻松
1813,工程机械设备 > 土石方机械 > 压实及路面机械,蛙式夯实机,蛙式打夯机,ai_candidate,high: 行业标准化俗称
1813,工程机械设备 > 土石方机械 > 压实及路面机械,蛙式夯实机,蛤蟆夯,ai_candidate,high: 北方工地口语形象叫法
1813,工程机械设备 > 土石方机械 > 压实及路面机械,蛙式夯实机,蛙夯,ai_candidate,medium: 简称为蛙夯
1813,工程机械设备 > 土石方机械 > 压实及路面机械,路面养护车,养护车,ai_candidate,high: 日常简称
1813,工程机械设备 > 土石方机械 > 压实及路面机械,路面养护车,路面修补车,ai_candidate,medium: 突出修补功能
1813,工程机械设备 > 土石方机械 > 压实及路面机械,路面划线机,划线车,ai_candidate,high: 施工现场直接叫划线车
1813,工程机械设备 > 土石方机械 > 压实及路面机械,路面划线机,标线机,ai_candidate,high: 标线是专业术语
1813,工程机械设备 > 土石方机械 > 压实及路面机械,路面划线机,路面标线机,ai_candidate,medium: 完整称谓
1813,工程机械设备 > 土石方机械 > 压实及路面机械,路面铣刨机,铣刨机,ai_candidate,high: 通用简称
1813,工程机械设备 > 土石方机械 > 压实及路面机械,路面铣刨机,冷铣刨机,ai_candidate,medium: 若为冷铣工艺时的叫法
1813,工程机械设备 > 土石方机械 > 压实及路面机械,转子扫雪机,旋转扫雪机,ai_candidate,medium: 转子即旋转部件
1813,工程机械设备 > 土石方机械 > 压实及路面机械,转子扫雪机,转子式扫雪车,ai_candidate,medium: 加‘式’和‘车’的口语
1813,工程机械设备 > 土石方机械 > 压实及路面机械,轮胎驱动光轮振动压路机,光轮振动压路机,ai_candidate,high: 省略驱动方式
1813,工程机械设备 > 土石方机械 > 压实及路面机械,轮胎驱动光轮振动压路机,单钢轮振动压路机,ai_candidate,medium: 若光轮为单钢轮时的常见叫法
1813,工程机械设备 > 土石方机械 > 压实及路面机械,轮胎驱动凸块振动压路机,凸块振动压路机,ai_candidate,high: 省略轮胎驱动
1813,工程机械设备 > 土石方机械 > 压实及路面机械,轮胎驱动凸块振动压路机,凸块振动碾,ai_candidate,medium: 碾是压路机的俗语
1813,工程机械设备 > 土石方机械 > 压实及路面机械,钢轮轮胎组合振动压路机,组合振动压路机,ai_candidate,high: 标准简称
1813,工程机械设备 > 土石方机械 > 压实及路面机械,钢轮轮胎组合振动压路机,钢轮胶轮组合压路机,ai_candidate,medium: 用材质描述
1813,工程机械设备 > 土石方机械 > 压实及路面机械,钢轮轮胎组合振动压路机,双钢轮组合压路机,ai_candidate_low,low: 若组合为双钢轮加轮胎时的叫法
1814,工程机械设备 > 土石方机械 > 破碎及凿岩机械,三臂凿岩车,三臂凿岩台车,ai_candidate,high: 凿岩车在施工中常称为凿岩台车
1814,工程机械设备 > 土石方机械 > 破碎及凿岩机械,三臂凿岩车,三臂台车,ai_candidate,high: 简称
1814,工程机械设备 > 土石方机械 > 破碎及凿岩机械,三臂凿岩车,三臂钻车,ai_candidate,medium: 凿岩即钻孔，也称钻车
1814,工程机械设备 > 土石方机械 > 破碎及凿岩机械,内燃凿岩机,汽油凿岩机,ai_candidate,high: 内燃凿岩机多使用汽油机
1814,工程机械设备 > 土石方机械 > 破碎及凿岩机械,内燃凿岩机,内燃钻,ai_candidate,medium: 现场简称
1814,工程机械设备 > 土石方机械 > 破碎及凿岩机械,凿岩钻车,凿岩台车,ai_candidate,high: 与凿岩钻车同义，更常见
1814,工程机械设备 > 土石方机械 > 破碎及凿岩机械,凿岩钻车,钻车,ai_candidate,medium: 简称
1814,工程机械设备 > 土石方机械 > 破碎及凿岩机械,履带单头岩石破碎机,单头破,ai_candidate,medium: 单头岩石破碎机的简称
1814,工程机械设备 > 土石方机械 > 破碎及凿岩机械,履带单头岩石破碎机,履带单头破碎锤,ai_candidate,medium: 具备破碎锤功能，现场称破碎锤
1814,工程机械设备 > 土石方机械 > 破碎及凿岩机械,液压破碎机,液压破碎锤,ai_candidate,high: 常见称呼，指挖掘机用破碎锤
1814,工程机械设备 > 土石方机械 > 破碎及凿岩机械,液压破碎机,液压锤,ai_candidate,high: 简称
1814,工程机械设备 > 土石方机械 > 破碎及凿岩机械,液压破碎机,炮机,ai_candidate,medium: 施工现场俗称
1814,工程机械设备 > 土石方机械 > 破碎及凿岩机械,狼牙破碎机,狼牙破,ai_candidate,medium: 现场简称
1814,工程机械设备 > 土石方机械 > 破碎及凿岩机械,箱式破碎机,箱破,ai_candidate,high: 行业简称
1814,工程机械设备 > 土石方机械 > 破碎及凿岩机械,箱式破碎机,箱式破,ai_candidate,high: 口语叫法
1814,工程机械设备 > 土石方机械 > 破碎及凿岩机械,箱式破碎机,方箱破碎机,ai_candidate,medium: 常见称呼，因机体呈方箱状
1814,工程机械设备 > 土石方机械 > 破碎及凿岩机械,装岩机气动,气动装岩机,ai_candidate,high: 标准称呼，装岩机气动的正确语序
1814,工程机械设备 > 土石方机械 > 破碎及凿岩机械,装岩机气动,风动装岩机,ai_candidate,high: 风动与气动同义，现场常用
1814,工程机械设备 > 土石方机械 > 破碎及凿岩机械,颚式破碎机,颚破,ai_candidate,high: 行业标准简称
1814,工程机械设备 > 土石方机械 > 破碎及凿岩机械,颚式破碎机,鄂破,ai_candidate,high: 颚的异体字，常见俗称
1814,工程机械设备 > 土石方机械 > 破碎及凿岩机械,颚式破碎机,鄂式破碎机,ai_candidate,high: 通称
1814,工程机械设备 > 土石方机械 > 破碎及凿岩机械,颚式破碎机,老虎口,ai_candidate,high: 砂石场传统俗称
1814,工程机械设备 > 土石方机械 > 破碎及凿岩机械,颚式移动破碎机,移动颚破,ai_candidate,high: 简称
1814,工程机械设备 > 土石方机械 > 破碎及凿岩机械,颚式移动破碎机,移动鄂破,ai_candidate,high: 变体简称
1814,工程机械设备 > 土石方机械 > 破碎及凿岩机械,颚式移动破碎机,车载颚破,ai_candidate,medium: 装在车上，现场称车载
1814,工程机械设备 > 土石方机械 > 破碎及凿岩机械,风动凿岩机,风钻,ai_candidate,high: 经典俗称，利用压缩空气钻孔
1814,工程机械设备 > 土石方机械 > 破碎及凿岩机械,风动凿岩机,气动凿岩机,ai_candidate,high: 风动即气动，同义
1814,工程机械设备 > 土石方机械 > 破碎及凿岩机械,风动凿岩机,风枪,ai_candidate,medium: 手持式风动钻机的口语叫法
1815,工程机械设备 > 土石方机械 > 钻探及地下工程机械,钻探及地下工程机械,地下工程机械,ai_candidate,high: 钻探及地下工程机械的通俗统称
1815,工程机械设备 > 土石方机械 > 钻探及地下工程机械,钻探及地下工程机械,隧道施工机械,ai_candidate,medium: 地下工程主要涉及隧道施工，行业常用说法
1815,工程机械设备 > 土石方机械 > 钻探及地下工程机械,隧道掘进机,TBM,ai_candidate,high: 隧道掘进机的英文缩写，施工现场与采购文件极常用
1815,工程机械设备 > 土石方机械 > 钻探及地下工程机械,隧道掘进机,盾构机,ai_candidate,medium: 在国内施工口语中常笼统地将隧道掘进机称为盾构机
1815,工程机械设备 > 土石方机械 > 钻探及地下工程机械,顶管掘进机,顶管机,ai_candidate,high: 顶管掘进机的简称，行业内通用
1815,工程机械设备 > 土石方机械 > 钻探及地下工程机械,顶管设备切削机械,切削机头,ai_candidate,medium: 顶管设备中负责切削的部分，现场口语叫法
1815,工程机械设备 > 土石方机械 > 钻探及地下工程机械,顶管设备切削机械,切削刀盘,ai_candidate,medium: 指切削机械的核心部件，有时代指整个切削设备
1815,工程机械设备 > 土石方机械 > 钻探及地下工程机械,顶管设备水力机械,水力排泥机,ai_candidate,medium: 水力机械主要功能是排泥，施工现场常用叫法
1815,工程机械设备 > 土石方机械 > 钻探及地下工程机械,顶管设备水力机械,泥水机械,ai_candidate,medium: 泥水平衡顶管施工中对水力设备的简称
176,工程机械设备 > 桩基机械 > 桩工、钻孔机械,桩工、钻孔机械,桩工机械,ai_candidate,high: 该三级类目在行业内常统称为桩工机械
176,工程机械设备 > 桩基机械 > 桩工、钻孔机械,导杆式柴油打桩机,导杆柴油锤,ai_candidate,high: 导杆式柴油打桩机即导杆式柴油锤，口头简称导杆柴油锤
176,工程机械设备 > 桩基机械 > 桩工、钻孔机械,导杆式柴油打桩机,导杆打桩机,ai_candidate,medium: 省略柴油及式字的口头叫法
176,工程机械设备 > 桩基机械 > 桩工、钻孔机械,履带式振动沉拔桩机,履带振动锤,ai_candidate,high: 振动沉拔桩机俗称振动锤，履带式即为履带振动锤
176,工程机械设备 > 桩基机械 > 桩工、钻孔机械,履带式振动沉拔桩机,履带沉拔桩机,ai_candidate,medium: 在明确振动工艺时可省去振动
176,工程机械设备 > 桩基机械 > 桩工、钻孔机械,履带式柴油打桩机,履带柴油锤,ai_candidate,high: 柴油打桩机常称柴油锤，履带式即履带柴油锤
176,工程机械设备 > 桩基机械 > 桩工、钻孔机械,履带式柴油打桩机,履带打桩机,ai_candidate,medium: 省略动力类型柴油，常见口语
176,工程机械设备 > 桩基机械 > 桩工、钻孔机械,步履式振动沉拔桩机,步履振动锤,ai_candidate,high: 步履式配振动锤，简称步履振动锤
176,工程机械设备 > 桩基机械 > 桩工、钻孔机械,步履式柴油打桩机,步履柴油锤,ai_candidate,high: 步履式底盘的柴油打桩机即步履柴油锤
176,工程机械设备 > 桩基机械 > 桩工、钻孔机械,走管式振动沉拔桩机,走管振动锤,ai_candidate,medium: 走管式底盘配套振动锤，简称走管振动锤
176,工程机械设备 > 桩基机械 > 桩工、钻孔机械,走管式柴油打桩机,走管柴油锤,ai_candidate,medium: 走管式配柴油锤，简称走管柴油锤
176,工程机械设备 > 桩基机械 > 桩工、钻孔机械,轨道式振动沉拔桩机,轨道振动锤,ai_candidate,medium: 轨道式行走的振动沉拔桩机
176,工程机械设备 > 桩基机械 > 桩工、钻孔机械,轨道式柴油打桩机,轨道柴油锤,ai_candidate,medium: 轨道式配柴油锤
176,工程机械设备 > 桩基机械 > 桩工、钻孔机械,轮胎式振动沉拔桩机,轮胎振动锤,ai_candidate,medium: 轮胎底盘振动锤
176,工程机械设备 > 桩基机械 > 桩工、钻孔机械,轮胎式柴油打桩机,轮胎柴油锤,ai_candidate,medium: 轮胎底盘柴油锤
176,工程机械设备 > 桩基机械 > 桩工、钻孔机械,静力机械式压桩机,机械静压桩机,ai_candidate,high: 静力压桩机分为机械式和液压式，此为机械式俗称
176,工程机械设备 > 桩基机械 > 桩工、钻孔机械,静力机械式压桩机,机械式压桩机,ai_candidate,medium: 口语中常省略静力
176,工程机械设备 > 桩基机械 > 桩工、钻孔机械,静力液压式桩机,液压静压桩机,ai_candidate,high: 静力液压式桩机标准叫法液压静压桩机
176,工程机械设备 > 桩基机械 > 桩工、钻孔机械,静力液压式桩机,液压压桩机,ai_candidate,medium: 口语中可能简化为液压压桩机
175,工程机械设备 > 起重机械 > 起重及垂直运输机械,起重及垂直运输机械,龙门架,ai_candidate,medium: 工地口语中常将门式升降机的门型支架称为龙门架，也可能指轻小型龙门起重机，存在歧义
175,工程机械设备 > 起重机械 > 起重及垂直运输机械,门式升降机,门式提升机,ai_candidate,medium: 施工现场口语叫法
175,工程机械设备 > 起重机械 > 起重及垂直运输机械,门式升降机,门架提升机,ai_candidate_low,low: 因采用门型钢架结构得名，少数工地使用
175,工程机械设备 > 起重机械 > 起重及垂直运输机械,龙门式起重机,龙门吊,ai_candidate,high: 最常用的施工现场口语简称
175,工程机械设备 > 起重机械 > 起重及垂直运输机械,龙门式起重机,门吊,ai_candidate,high: 龙门式起重机的简称
122,工程检测仪器仪表 > 其他仪器仪表及附件 > 仪器仪表元器件及器材,针型阀,针阀,ai_candidate,high: 施工现场及采购中常用简称
122,工程检测仪器仪表 > 其他仪器仪表及附件 > 仪器仪表元器件及器材,针型阀,针形阀,ai_candidate,high: 同义别称
122,工程检测仪器仪表 > 其他仪器仪表及附件 > 仪器仪表元器件及器材,针型阀,仪表针阀,ai_candidate,medium: 在仪表管路中常见叫法
122,工程检测仪器仪表 > 其他仪器仪表及附件 > 仪器仪表元器件及器材,钢筋应力计,钢筋计,ai_candidate,high: 施工现场口语简称
122,工程检测仪器仪表 > 其他仪器仪表及附件 > 仪器仪表元器件及器材,钢筋应力计,钢筋应力传感器,ai_candidate,high: 功能描述性别称
122,工程检测仪器仪表 > 其他仪器仪表及附件 > 仪器仪表元器件及器材,钢筋应力计,钢筋应变计,ai_candidate,medium: 原理相近常用叫法
122,工程检测仪器仪表 > 其他仪器仪表及附件 > 仪器仪表元器件及器材,钢管式温度计套管,温度计套管,ai_candidate,medium: 省略材质规格的简称
122,工程检测仪器仪表 > 其他仪器仪表及附件 > 仪器仪表元器件及器材,钢管式温度计套管,钢管保护套管,ai_candidate,medium: 强调钢管保护作用
122,工程检测仪器仪表 > 其他仪器仪表及附件 > 仪器仪表元器件及器材,钢管式温度计套管,测温套管,ai_candidate_low,low: 现场口语化叫法
122,工程检测仪器仪表 > 其他仪器仪表及附件 > 仪器仪表元器件及器材,防爆操作柱,防爆操作箱,ai_candidate,high: 外形接近操作箱，俗称
122,工程检测仪器仪表 > 其他仪器仪表及附件 > 仪器仪表元器件及器材,防爆操作柱,操作柱,ai_candidate,medium: 防爆语境下省略前缀
122,工程检测仪器仪表 > 其他仪器仪表及附件 > 仪器仪表元器件及器材,防爆操作柱,防爆按钮柱,ai_candidate_low,low: 突出按钮元件
122,工程检测仪器仪表 > 其他仪器仪表及附件 > 仪器仪表元器件及器材,防爆管接头,防爆管接,ai_candidate,high: 常用简称
122,工程检测仪器仪表 > 其他仪器仪表及附件 > 仪器仪表元器件及器材,防爆管接头,防爆接头,ai_candidate,medium: 广义上指防爆管道接头
122,工程检测仪器仪表 > 其他仪器仪表及附件 > 仪器仪表元器件及器材,防爆管接头,防爆软管接头,ai_candidate_low,low: 常用于防爆软管连接
122,工程检测仪器仪表 > 其他仪器仪表及附件 > 仪器仪表元器件及器材,集中器,数据集中器,ai_candidate,medium: 指明功能类型
122,工程检测仪器仪表 > 其他仪器仪表及附件 > 仪器仪表元器件及器材,集中器,采集集中器,ai_candidate_low,low: 在采集系统中常用
122,工程检测仪器仪表 > 其他仪器仪表及附件 > 仪器仪表元器件及器材,集成电路动态测试仪,动态IC测试仪,ai_candidate,medium: 简称
122,工程检测仪器仪表 > 其他仪器仪表及附件 > 仪器仪表元器件及器材,集成电路在线测试仪,在线IC测试仪,ai_candidate,medium: 简称
122,工程检测仪器仪表 > 其他仪器仪表及附件 > 仪器仪表元器件及器材,集成电路在线测试仪,ICT测试仪,ai_candidate_low,low: 行业通用缩写 ICT，但常指在线测试
122,工程检测仪器仪表 > 其他仪器仪表及附件 > 仪器仪表元器件及器材,集成电路测试仪,IC测试仪,ai_candidate,high: 通用简称
122,工程检测仪器仪表 > 其他仪器仪表及附件 > 仪器仪表元器件及器材,集成电路测试仪,芯片测试仪,ai_candidate,medium: 俗称
122,工程检测仪器仪表 > 其他仪器仪表及附件 > 仪器仪表元器件及器材,集成电路测试仪系统,IC测试系统,ai_candidate,high: 行业常用叫法
122,工程检测仪器仪表 > 其他仪器仪表及附件 > 仪器仪表元器件及器材,集成电路测试仪系统,集成电路测试系统,ai_candidate,medium: 省略“仪”字
122,工程检测仪器仪表 > 其他仪器仪表及附件 > 仪器仪表元器件及器材,集成电路测试单元,IC测试单元,ai_candidate,medium: 简称
122,工程检测仪器仪表 > 其他仪器仪表及附件 > 仪器仪表元器件及器材,集成电路自动测试仪,自动IC测试仪,ai_candidate,medium: 简称
122,工程检测仪器仪表 > 其他仪器仪表及附件 > 仪器仪表元器件及器材,集成电路自动测试仪,IC自动测试仪,ai_candidate,medium: 词语顺序调整
122,工程检测仪器仪表 > 其他仪器仪表及附件 > 仪器仪表元器件及器材,集成稳压电路测试仪,稳压IC测试仪,ai_candidate,medium: 简洁叫法
122,工程检测仪器仪表 > 其他仪器仪表及附件 > 仪器仪表元器件及器材,集成稳压电路测试仪,集成稳压测试仪,ai_candidate_low,low: 省略“电路”
122,工程检测仪器仪表 > 其他仪器仪表及附件 > 仪器仪表元器件及器材,顺序控制装置,顺控装置,ai_candidate,high: 行业标准简称
122,工程检测仪器仪表 > 其他仪器仪表及附件 > 仪器仪表元器件及器材,顺序控制装置,顺控器,ai_candidate,high: 施工现场口语叫法
122,工程检测仪器仪表 > 其他仪器仪表及附件 > 仪器仪表元器件及器材,顺序控制装置,顺序控制器,ai_candidate,medium: 部件式叫法
34,工程检测仪器仪表 > 其他仪器仪表及附件 > 其他仪器仪表,其他仪器仪表,检测仪表,ai_candidate,medium: 泛指各类检测用仪器仪表
34,工程检测仪器仪表 > 其他仪器仪表及附件 > 其他仪器仪表,其他仪器仪表,测量仪器,ai_candidate,medium: 现场口语中常统称此类设备
34,工程检测仪器仪表 > 其他仪器仪表及附件 > 其他仪器仪表,PH计,酸度计,ai_candidate,high: 因测量酸碱度，行业内常用此称
34,工程检测仪器仪表 > 其他仪器仪表及附件 > 其他仪器仪表,RTK测量系统,GPS流动站,ai_candidate,medium: 利用GPS实时动态定位的流动测量设备
34,工程检测仪器仪表 > 其他仪器仪表及附件 > 其他仪器仪表,RTK测量系统,GNSS RTK,ai_candidate,medium: 卫星导航系统下的实时动态测量简称
34,工程检测仪器仪表 > 其他仪器仪表及附件 > 其他仪器仪表,密度和比重测定仪,密度仪,ai_candidate,medium: 施工现场对该类仪器的简化叫法
34,工程检测仪器仪表 > 其他仪器仪表及附件 > 其他仪器仪表,比重计,液体比重计,ai_candidate,medium: 当测量液体比重时的具体叫法
34,工程检测仪器仪表 > 其他仪器仪表及附件 > 其他仪器仪表,水分计,水分测定仪,ai_candidate,high: 含水率检测设备的通用别称
34,工程检测仪器仪表 > 其他仪器仪表及附件 > 其他仪器仪表,水分计,水分仪,ai_candidate,high: 简化的口语叫法
34,工程检测仪器仪表 > 其他仪器仪表及附件 > 其他仪器仪表,水质分析仪,水质检测仪,ai_candidate,high: 水质检测功能等同，常互换使用
34,工程检测仪器仪表 > 其他仪器仪表及附件 > 其他仪器仪表,测厚仪,厚度计,ai_candidate,high: 早期指针式或简单厚度测量工具的俗称沿用
34,工程检测仪器仪表 > 其他仪器仪表及附件 > 其他仪器仪表,湿度分析仪,湿度计,ai_candidate,high: 测量空气或环境湿度的仪器，常用此简称
34,工程检测仪器仪表 > 其他仪器仪表及附件 > 其他仪器仪表,溶解氧(DO)仪,溶氧仪,ai_candidate,high: 水处理行业中溶解氧测定仪的通用简称
34,工程检测仪器仪表 > 其他仪器仪表及附件 > 其他仪器仪表,溶解氧(DO)仪,溶解氧测定仪,ai_candidate,high: 中文全称形式
34,工程检测仪器仪表 > 其他仪器仪表及附件 > 其他仪器仪表,硬度计,硬度仪,ai_candidate,medium: 部分场合较随意的口语说法
34,工程检测仪器仪表 > 其他仪器仪表及附件 > 其他仪器仪表,黏度测定仪,粘度计,ai_candidate,high: 粘度测量的标准简称
34,工程检测仪器仪表 > 其他仪器仪表及附件 > 其他仪器仪表,黏度测定仪,粘度仪,ai_candidate,medium: 工厂与实验室的常见叫法
1806,工程检测仪器仪表 > 水电燃气用仪表 > 热量表,热量表,热计量表,ai_candidate,high: 热量表在施工现场和采购清单中的通用俗称
1806,工程检测仪器仪表 > 水电燃气用仪表 > 热量表,热量表,热能表,ai_candidate,high: 强调计量热能的叫法，行业内常用
1806,工程检测仪器仪表 > 水电燃气用仪表 > 热量表,热量表,热力表,ai_candidate,medium: 北方供暖地区口语化叫法
1806,工程检测仪器仪表 > 水电燃气用仪表 > 热量表,FS系列非接触IC卡智能热量表,射频卡热量表,ai_candidate,high: 非接触IC卡通常采用射频技术，口语称射频卡
1806,工程检测仪器仪表 > 水电燃气用仪表 > 热量表,FS系列非接触IC卡智能热量表,非接触卡热量表,ai_candidate,high: 省略IC，直接称非接触卡
1806,工程检测仪器仪表 > 水电燃气用仪表 > 热量表,IC卡热量表,卡式热量表,ai_candidate,high: IC卡热量表的简称
1806,工程检测仪器仪表 > 水电燃气用仪表 > 热量表,IC卡热量表,预付费热量表,ai_candidate,high: IC卡主要功能是预付费，施工方常用此功能代称
1806,工程检测仪器仪表 > 水电燃气用仪表 > 热量表,接触式IC卡热量表,插卡式热量表,ai_candidate,high: 接触式需要插卡操作，口语化叫法
1806,工程检测仪器仪表 > 水电燃气用仪表 > 热量表,整体机械式热量表,一体式机械热量表,ai_candidate,medium: 整体式即一体式结构，常用此称
1806,工程检测仪器仪表 > 水电燃气用仪表 > 热量表,普通型冷热兼用表,冷热两用表,ai_candidate,high: 施工现场简称
1806,工程检测仪器仪表 > 水电燃气用仪表 > 热量表,普通型冷热兼用表,冷暖两用热量表,ai_candidate,high: 明确冷暖兼用的叫法
1806,工程检测仪器仪表 > 水电燃气用仪表 > 热量表,普通机械式热量表,机械热量表,ai_candidate,high: 普通的机械式热量表直接简称为机械热量表
1806,工程检测仪器仪表 > 水电燃气用仪表 > 热量表,智能卡式热计量表,智能卡热量表,ai_candidate,high: 去除计量二字，更常用
1806,工程检测仪器仪表 > 水电燃气用仪表 > 热量表,电磁热量表,电磁式热能表,ai_candidate,high: 原理为电磁，常与热能表组合称呼
1806,工程检测仪器仪表 > 水电燃气用仪表 > 热量表,计时型IC卡热量表,时间型IC卡热量表,ai_candidate,medium: 计时型又称时间型
1806,工程检测仪器仪表 > 水电燃气用仪表 > 热量表,超声波冷热量表,超声冷热两用表,ai_candidate,high: 超声波简称超声，冷热兼用口语化
1806,工程检测仪器仪表 > 水电燃气用仪表 > 热量表,超声波冷量表,超声冷量计,ai_candidate,medium: 超声波冷量表的简称
1806,工程检测仪器仪表 > 水电燃气用仪表 > 热量表,超声波热量表,超声热能表,ai_candidate,high: 超声波热量表的口语简称
1806,工程检测仪器仪表 > 水电燃气用仪表 > 热量表,超声波热量表,超声波热计量表,ai_candidate,high: 加入计量二字，采购清单常用
1806,工程检测仪器仪表 > 水电燃气用仪表 > 热量表,远传型冷热量表,远传冷热两用表,ai_candidate,medium: 突出冷热两用且有远传功能
1806,工程检测仪器仪表 > 水电燃气用仪表 > 热量表,远传型热量表,远传热量表,ai_candidate,high: 简称
1806,工程检测仪器仪表 > 水电燃气用仪表 > 热量表,远传型热量表,远程热量表,ai_candidate,high: 远传即远程传输，常见叫法
1805,工程检测仪器仪表 > 水电燃气用仪表 > 燃气表,燃气表,煤气表,ai_candidate,high: 燃气表在实际施工和口语中常被叫做煤气表
1805,工程检测仪器仪表 > 水电燃气用仪表 > 燃气表,燃气表,气表,ai_candidate,high: 简洁口语叫法
1805,工程检测仪器仪表 > 水电燃气用仪表 > 燃气表,IC卡抄表式燃气表,IC卡燃气表,ai_candidate,medium: 插入IC卡进行数据采集，现场简称为IC卡燃气表
1805,工程检测仪器仪表 > 水电燃气用仪表 > 燃气表,IC卡抄表式燃气表,IC卡气表,ai_candidate,medium: IC卡燃气表的进一步口语简缩
1805,工程检测仪器仪表 > 水电燃气用仪表 > 燃气表,IC卡智能预付费燃气表,IC卡预付费燃气表,ai_candidate,high: 直接描述功能和卡介质的常用名称
1805,工程检测仪器仪表 > 水电燃气用仪表 > 燃气表,IC卡智能预付费燃气表,预付费燃气表,ai_candidate,high: 省略了卡类型，常用于采购语境
1805,工程检测仪器仪表 > 水电燃气用仪表 > 燃气表,IC卡智能预付费燃气表,插卡式预付费燃气表,ai_candidate,high: 强调插入IC卡的动作
1805,工程检测仪器仪表 > 水电燃气用仪表 > 燃气表,IC卡智能预付费燃气表,智能IC卡燃气表,ai_candidate,medium: 突出智能和IC卡属性
1805,工程检测仪器仪表 > 水电燃气用仪表 > 燃气表,直读无线远传燃气表,无线远传燃气表,ai_candidate,high: 最为常用的简称，直读特征常被省略
1805,工程检测仪器仪表 > 水电燃气用仪表 > 燃气表,直读无线远传燃气表,无线远传表,ai_candidate,high: 现场对无线远传燃气表的简称
1805,工程检测仪器仪表 > 水电燃气用仪表 > 燃气表,直读无线远传燃气表,直读无线表,ai_candidate,medium: 直读式无线远传的缩略说法
1805,工程检测仪器仪表 > 水电燃气用仪表 > 燃气表,直读有线远传燃气表,有线远传燃气表,ai_candidate,high: 常用简称，突出有线传输方式
1805,工程检测仪器仪表 > 水电燃气用仪表 > 燃气表,直读有线远传燃气表,有线远传表,ai_candidate,high: 进一步缩略的现场叫法
1805,工程检测仪器仪表 > 水电燃气用仪表 > 燃气表,直读有线远传燃气表,直读有线表,ai_candidate,medium: 直读式有线远传的简略说法
1805,工程检测仪器仪表 > 水电燃气用仪表 > 燃气表,膜式燃气表,皮膜表,ai_candidate,high: 膜式燃气表的核心部件是皮膜，行业俗称皮膜表
1805,工程检测仪器仪表 > 水电燃气用仪表 > 燃气表,膜式燃气表,膜式表,ai_candidate,high: 直接缩略的叫法
1805,工程检测仪器仪表 > 水电燃气用仪表 > 燃气表,膜式燃气表,机械燃气表,ai_candidate,high: 膜式表为纯机械结构，常被称作机械燃气表
1805,工程检测仪器仪表 > 水电燃气用仪表 > 燃气表,膜式燃气表,家用燃气表,ai_candidate,medium: 膜式表多用于家庭用户，采购中常称家用燃气表
1805,工程检测仪器仪表 > 水电燃气用仪表 > 燃气表,非接触式IC智能燃气表,射频卡燃气表,ai_candidate,high: 采用射频技术实现非接触，俗称射频卡燃气表
1805,工程检测仪器仪表 > 水电燃气用仪表 > 燃气表,非接触式IC智能燃气表,非接触IC卡燃气表,ai_candidate,high: 直接简称
1805,工程检测仪器仪表 > 水电燃气用仪表 > 燃气表,非接触式IC智能燃气表,RFID燃气表,ai_candidate,medium: 射频识别技术英文简称，技术文档和采购中常用
1803,工程检测仪器仪表 > 水电燃气用仪表 > 电工仪器仪表,静电测试仪,静电检测仪,ai_candidate,medium: 施工现场常用叫法
1803,工程检测仪器仪表 > 水电燃气用仪表 > 电工仪器仪表,静电高压表,静电电压表,ai_candidate,high: 直接描述功能，常见简称
1803,工程检测仪器仪表 > 水电燃气用仪表 > 电工仪器仪表,高压合相仪,高压核相仪,ai_candidate,high: 行业通用别称，同义
1803,工程检测仪器仪表 > 水电燃气用仪表 > 电工仪器仪表,高压合相仪,高压核相器,ai_candidate,high: 同样功能的另一种叫法
1803,工程检测仪器仪表 > 水电燃气用仪表 > 电工仪器仪表,高压实验变压器装置,试验变压器,ai_candidate,high: 现场简称
1803,工程检测仪器仪表 > 水电燃气用仪表 > 电工仪器仪表,高压实验变压器装置,高压试验变压器,ai_candidate,high: 常用完整称呼
1803,工程检测仪器仪表 > 水电燃气用仪表 > 电工仪器仪表,高压开关试验仪,高压开关测试仪,ai_candidate,high: 口语与书面常用替换
1803,工程检测仪器仪表 > 水电燃气用仪表 > 电工仪器仪表,高压整流硅堆滤波器,高压硅堆,ai_candidate,high: 现场简略叫法
1803,工程检测仪器仪表 > 水电燃气用仪表 > 电工仪器仪表,高压整流硅堆滤波器,整流硅堆,ai_candidate,medium: 省略滤波功能时的俗称
1803,工程检测仪器仪表 > 水电燃气用仪表 > 电工仪器仪表,高压电桥,西林电桥,ai_candidate,medium: 经典高压电桥类型，常直接代指
1803,工程检测仪器仪表 > 水电燃气用仪表 > 电工仪器仪表,高压电桥,高压电容电桥,ai_candidate,medium: 说明用途的完整别称
1803,工程检测仪器仪表 > 水电燃气用仪表 > 电工仪器仪表,高压绝缘电阻测试仪,高压兆欧表,ai_candidate,high: 输出高电压的兆欧表
1803,工程检测仪器仪表 > 水电燃气用仪表 > 电工仪器仪表,高压绝缘电阻测试仪,高压绝缘摇表,ai_candidate,medium: 早期手摇式叫法延续
1803,工程检测仪器仪表 > 水电燃气用仪表 > 电工仪器仪表,高压绝缘电阻测试仪,高压电动摇表,ai_candidate,medium: 区分手摇式的电动型号
1803,工程检测仪器仪表 > 水电燃气用仪表 > 电工仪器仪表,高压绝缘电阻表,高压摇表,ai_candidate,high: 施工现场口语叫法
1803,工程检测仪器仪表 > 水电燃气用仪表 > 电工仪器仪表,高压绝缘电阻表,高压梅格表,ai_candidate,medium: Megger音译，老电工常用
1803,工程检测仪器仪表 > 水电燃气用仪表 > 电工仪器仪表,高精度相角表,高精度相位表,ai_candidate,high: 功能相同，常见互换名称
1803,工程检测仪器仪表 > 水电燃气用仪表 > 电工仪器仪表,高精度相角表,精密相位表,ai_candidate,medium: 强调精度时的叫法
1809,工程检测仪器仪表 > 计量测量及分析仪器仪表 > 分析仪表,频响分析仪,频响测试仪,ai_candidate,high: 行业内常用简称，直接对应频率响应测试功能
1809,工程检测仪器仪表 > 计量测量及分析仪器仪表 > 分析仪表,频响分析仪,频响分析器,ai_candidate,medium: 近义描述，将‘仪’替换为‘器’，口语中偶有混用
1808,工程检测仪器仪表 > 计量测量及分析仪器仪表 > 电子和通信测量仪器,高解析度频率计,频率计数器,ai_candidate,high: 频率计常用俗称
1808,工程检测仪器仪表 > 计量测量及分析仪器仪表 > 电子和通信测量仪器,高解析度频率计,高精度频率计,ai_candidate,medium: 高解析度常等同高精度
1808,工程检测仪器仪表 > 计量测量及分析仪器仪表 > 电子和通信测量仪器,高频信号发生器,信号源,ai_candidate,high: 口语中直接称呼
1808,工程检测仪器仪表 > 计量测量及分析仪器仪表 > 电子和通信测量仪器,高频信号发生器,射频信号发生器,ai_candidate,medium: 高频通常指射频段
1808,工程检测仪器仪表 > 计量测量及分析仪器仪表 > 电子和通信测量仪器,高频功率计,功率计,ai_candidate,high: 省略高频的口语叫法
1808,工程检测仪器仪表 > 计量测量及分析仪器仪表 > 电子和通信测量仪器,高频功率计,射频功率计,ai_candidate,medium: 高频段常称射频
1808,工程检测仪器仪表 > 计量测量及分析仪器仪表 > 电子和通信测量仪器,高频扫频仪,扫频仪,ai_candidate,high: 极常见简称
1808,工程检测仪器仪表 > 计量测量及分析仪器仪表 > 电子和通信测量仪器,高频扫频仪,频率特性测试仪,ai_candidate,high: 扫频仪的正式名称
1808,工程检测仪器仪表 > 计量测量及分析仪器仪表 > 电子和通信测量仪器,高频数字相位计,数字相位计,ai_candidate,high: 省略高频的日常叫法
1808,工程检测仪器仪表 > 计量测量及分析仪器仪表 > 电子和通信测量仪器,高频数字相位计,相位测量仪,ai_candidate,medium: 按功能称呼
1808,工程检测仪器仪表 > 计量测量及分析仪器仪表 > 电子和通信测量仪器,高频频谱分析仪,频谱仪,ai_candidate,high: 业内普遍简称
1808,工程检测仪器仪表 > 计量测量及分析仪器仪表 > 电子和通信测量仪器,高频频谱分析仪,谱分析仪,ai_candidate,medium: 另一种口头叫法
1808,工程检测仪器仪表 > 计量测量及分析仪器仪表 > 电子和通信测量仪器,黑白监视器,黑白显示器,ai_candidate,high: 监视器即显示器
1808,工程检测仪器仪表 > 计量测量及分析仪器仪表 > 电子和通信测量仪器,黑白监视器,单色监视器,ai_candidate,medium: 黑白为单色
1329,开关、插座 > 其他开关插座 > 扳把开关,扳把开关,扳把开关,ai_candidate,high: 类别名称的完整叫法
1329,开关、插座 > 其他开关插座 > 扳把开关,扳把开关,扳手开关,ai_candidate,medium: 施工现场对扳把操作的俗称
1329,开关、插座 > 其他开关插座 > 扳把开关,扳把开关,明装扳把,ai_candidate,medium: 该开关常见为明装式，口语简称
1329,开关、插座 > 其他开关插座 > 扳把开关,三联单控扳把开关,三开单控,ai_candidate,high: 施工现场常用简称，三联简化成三开
1329,开关、插座 > 其他开关插座 > 扳把开关,三联单控扳把开关,三联单控扳把,ai_candidate,high: 省略“开关”的口语叫法
1329,开关、插座 > 其他开关插座 > 扳把开关,三联单控扳把开关,三开扳把,ai_candidate,medium: 极简口语叫法
1329,开关、插座 > 其他开关插座 > 扳把开关,三联双控开关,三开双控,ai_candidate,high: 三联简化为三开，双控不变
1329,开关、插座 > 其他开关插座 > 扳把开关,三联双控开关,三联双控扳把,ai_candidate,medium: 加入类别属性，明确为扳把型
1329,开关、插座 > 其他开关插座 > 扳把开关,单联单控扳把开关,一开单控,ai_candidate,high: 单联口语常称一开
1329,开关、插座 > 其他开关插座 > 扳把开关,单联单控扳把开关,单开单控,ai_candidate,high: 单开即单联
1329,开关、插座 > 其他开关插座 > 扳把开关,单联单控扳把开关,单联单控扳把,ai_candidate,high: 省略开关二字
1329,开关、插座 > 其他开关插座 > 扳把开关,单联双控开关,一开双控,ai_candidate,high: 常用简称
1329,开关、插座 > 其他开关插座 > 扳把开关,单联双控开关,单开双控,ai_candidate,high: 单开即单联
1329,开关、插座 > 其他开关插座 > 扳把开关,单联双控开关,单联双控扳把,ai_candidate,medium: 明确扳把类型
1329,开关、插座 > 其他开关插座 > 扳把开关,双联单控扳把开关,二开单控,ai_candidate,high: 双联口语称二开
1329,开关、插座 > 其他开关插座 > 扳把开关,双联单控扳把开关,双开单控,ai_candidate,high: 双开即双联
1329,开关、插座 > 其他开关插座 > 扳把开关,双联单控扳把开关,双联单控扳把,ai_candidate,high: 省略开关
1329,开关、插座 > 其他开关插座 > 扳把开关,双联双控开关,二开双控,ai_candidate,high: 双联双控简称二开双控
1329,开关、插座 > 其他开关插座 > 扳把开关,双联双控开关,双开双控,ai_candidate,high: 双开即双联
1329,开关、插座 > 其他开关插座 > 扳把开关,双联双控开关,双联双控扳把,ai_candidate,medium: 加入扳把以明确类型
1329,开关、插座 > 其他开关插座 > 扳把开关,四联单控扳把开关,四开单控,ai_candidate,high: 四联简称四开
1329,开关、插座 > 其他开关插座 > 扳把开关,四联单控扳把开关,四联单控扳把,ai_candidate,high: 省略开关
1329,开关、插座 > 其他开关插座 > 扳把开关,四联双控开关,四开双控,ai_candidate,high: 常用简称
1329,开关、插座 > 其他开关插座 > 扳把开关,四联双控开关,四联双控扳把,ai_candidate,medium: 加入扳把标识
1328,开关、插座 > 其他开关插座 > 拉线开关,拉线开关,拉盒,ai_candidate,high: 拉线开关的俗称，外形为方形或圆形小盒，用拉线操作
1328,开关、插座 > 其他开关插座 > 拉线开关,拉线开关,拉绳开关,ai_candidate,high: 通过拉绳控制通断，口语常称拉绳开关
1328,开关、插座 > 其他开关插座 > 拉线开关,拉线开关,拉线盒,ai_candidate,medium: 安装于墙面或顶棚，带有拉线的开关盒
1328,开关、插座 > 其他开关插座 > 拉线开关,两位单极拉线开关,双联单控拉线开关,ai_candidate,high: 两位指双联，单极即单控，双联单控是常见叫法
1328,开关、插座 > 其他开关插座 > 拉线开关,两位单极拉线开关,双开拉线开关,ai_candidate,high: 施工现场口语，两位即两个开关位置，叫双开拉线开关
1328,开关、插座 > 其他开关插座 > 拉线开关,两位单极拉线开关,双联拉盒,ai_candidate,medium: 双联指两位，拉盒是拉线开关俗称
1328,开关、插座 > 其他开关插座 > 拉线开关,两位单极拉线开关,二联拉线开关,ai_candidate,medium: 两位也叫二联，采购中常有此称
1328,开关、插座 > 其他开关插座 > 拉线开关,两位双极拉线开关,双联双刀拉线开关,ai_candidate,medium: 双极即双刀，能同时切断两个电路，双联双刀是技术别称
1328,开关、插座 > 其他开关插座 > 拉线开关,两位双极拉线开关,双开双路拉线开关,ai_candidate,medium: 口语中双极叫双路，两位叫双开
1328,开关、插座 > 其他开关插座 > 拉线开关,两位双极拉线开关,双联双断拉线开关,ai_candidate_low,low: 双极实现两条线同时通断，称双断
1328,开关、插座 > 其他开关插座 > 拉线开关,单位单极拉线开关,单联单控拉线开关,ai_candidate,high: 单位即单联，单极即单控
1328,开关、插座 > 其他开关插座 > 拉线开关,单位单极拉线开关,单开拉线开关,ai_candidate,high: 施工现场常用单开指代单联
1328,开关、插座 > 其他开关插座 > 拉线开关,单位单极拉线开关,单联拉盒,ai_candidate,medium: 单联的拉线开关俗称单联拉盒
1328,开关、插座 > 其他开关插座 > 拉线开关,单位单极拉线开关,一位单极拉线开关,ai_candidate,medium: 单位也称一位
1328,开关、插座 > 其他开关插座 > 拉线开关,单位双极拉线开关,单联双刀拉线开关,ai_candidate,medium: 单位单联，双极双刀
1328,开关、插座 > 其他开关插座 > 拉线开关,单位双极拉线开关,单开双路拉线开关,ai_candidate,medium: 口语化称法
1328,开关、插座 > 其他开关插座 > 拉线开关,单位双极拉线开关,单联双断拉线开关,ai_candidate_low,low: 双极意味着双断
1330,开关、插座 > 其他开关插座 > 按钮开关,按钮指示灯,带灯按钮,ai_candidate,high: 施工现场和采购清单中常用，指集成指示灯的按钮部件
1330,开关、插座 > 其他开关插座 > 按钮开关,按钮指示灯,信号灯按钮,ai_candidate,medium: 部分工程提料单沿用，强调按钮上的信号指示功能
1327,开关、插座 > 其他开关插座 > 自复位开关,自复位开关,自弹开关,ai_candidate,medium: 施工现场口语，形容其自复位特性
1327,开关、插座 > 其他开关插座 > 自复位开关,自复位开关,复位开关,ai_candidate,high: 对自复位开关的简称
1327,开关、插座 > 其他开关插座 > 自复位开关,自复位开关,点动开关,ai_candidate,medium: 电气专业俗称，按下接通松手断开
1327,开关、插座 > 其他开关插座 > 自复位开关,自复位按板开关,自复位翘板开关,ai_candidate,high: 按板开关即翘板开关
1327,开关、插座 > 其他开关插座 > 自复位开关,自复位按板开关,复位翘板开关,ai_candidate,high: 行业简称
1327,开关、插座 > 其他开关插座 > 自复位开关,自复位按板开关,自弹翘板开关,ai_candidate,medium: 口语形象叫法
1327,开关、插座 > 其他开关插座 > 自复位开关,自复位按钮开关,复位按钮开关,ai_candidate,high: 去掉“自”，口语简称
1327,开关、插座 > 其他开关插座 > 自复位开关,自复位按钮开关,点动按钮开关,ai_candidate,medium: 电气控制系统常用叫法
1327,开关、插座 > 其他开关插座 > 自复位开关,自复位按钮开关,门铃按钮,ai_candidate_low,low: 传统门铃多采用自复位按钮，现场代称
1327,开关、插座 > 其他开关插座 > 自复位开关,自复位按钮开关,自复位按钮,ai_candidate,high: 省略“开关”二字
1317,开关、插座 > 开关插座 > 插卡取电开关,插卡取电开关,取电开关,ai_candidate,high: 插卡取电开关的简称，施工现场常用
1317,开关、插座 > 开关插座 > 插卡取电开关,插卡取电开关,插卡开关,ai_candidate,medium: 省略“取电”，口语简称
1317,开关、插座 > 开关插座 > 插卡取电开关,插卡取电开关,房卡开关,ai_candidate,medium: 酒店客房常用，强调房卡取电
1317,开关、插座 > 开关插座 > 插卡取电开关,插卡取电开关,节能开关,ai_candidate,medium: 因其节能功能而得的别称
1317,开关、插座 > 开关插座 > 插卡取电开关,光控式插卡节能开关,光控取电开关,ai_candidate,medium: 利用光控原理，口语简化叫法
1317,开关、插座 > 开关插座 > 插卡取电开关,光控式插卡节能开关,光感取电开关,ai_candidate_low,low: 光控也称光感
1317,开关、插座 > 开关插座 > 插卡取电开关,光电式(不带延时),不带延时光电开关,ai_candidate,high: 直接反映规格特征的口语叫法
1317,开关、插座 > 开关插座 > 插卡取电开关,光电式(不带延时),普通光电取电开关,ai_candidate,medium: 以“普通”区分带延时功能
1317,开关、插座 > 开关插座 > 插卡取电开关,光电式(带延时),延时光电开关,ai_candidate,high: 施工现场简称为延时光电
1317,开关、插座 > 开关插座 > 插卡取电开关,光电式(带延时),带延时光电取电开关,ai_candidate,medium: 完整特征描述，口语中可能使用
1317,开关、插座 > 开关插座 > 插卡取电开关,匙牌式(不带延时),不带延时匙牌开关,ai_candidate,high: 对应规格的口语叫法
1317,开关、插座 > 开关插座 > 插卡取电开关,匙牌式(不带延时),钥匙牌取电开关,ai_candidate,medium: 匙牌即钥匙牌，通俗叫法
1317,开关、插座 > 开关插座 > 插卡取电开关,匙牌式(带延时),延时匙牌开关,ai_candidate,high: 施工现场常见简称
1317,开关、插座 > 开关插座 > 插卡取电开关,匙牌式(带延时),带延时匙牌取电开关,ai_candidate,medium: 完整特征描述，采购时可能使用
62,开关、插座 > 开关插座 > 普通面板开关,普通面板开关,墙壁开关,ai_candidate,high: 施工现场统称普通面板开关为墙壁开关
62,开关、插座 > 开关插座 > 普通面板开关,普通面板开关,开关面板,ai_candidate,high: 行业通用俗称
62,开关、插座 > 开关插座 > 普通面板开关,普通面板开关,面板开关,ai_candidate,medium: 采购口语常用
62,开关、插座 > 开关插座 > 普通面板开关,一位单开开关,单开开关,ai_candidate,high: 口语简称
62,开关、插座 > 开关插座 > 普通面板开关,一位单开开关,单联开关,ai_candidate,high: 行业称法
62,开关、插座 > 开关插座 > 普通面板开关,一位单开开关,一位开关,ai_candidate,high: 以位数称呼
62,开关、插座 > 开关插座 > 普通面板开关,一位单开开关,单控开关,ai_candidate,medium: 单控功能别称
62,开关、插座 > 开关插座 > 普通面板开关,按钮式(指甲)开关,指甲开关,ai_candidate,high: 施工现场口语，因按钮小需用指甲按压
62,开关、插座 > 开关插座 > 普通面板开关,按钮式(指甲)开关,按钮开关,ai_candidate,high: 通俗叫法
62,开关、插座 > 开关插座 > 普通面板开关,琴键式开关,琴键开关,ai_candidate,high: 简称
62,开关、插座 > 开关插座 > 普通面板开关,琴键式开关,钢琴键开关,ai_candidate,medium: 外形类似钢琴键
62,开关、插座 > 开关插座 > 普通面板开关,翘板式开关,大板开关,ai_candidate,medium: 常见大尺寸翘板，现场多称大板
62,开关、插座 > 开关插座 > 普通面板开关,触摸开关,触控开关,ai_candidate,high: 通用技术叫法
62,开关、插座 > 开关插座 > 普通面板开关,触摸开关,触摸面板,ai_candidate,medium: 面板式触摸开关简称
1320,开关、插座 > 开关插座 > 电源插座,电源插座,插座,ai_candidate,high: 电源插座的最通用俗称
1320,开关、插座 > 开关插座 > 电源插座,电源插座,强电插座,ai_candidate,medium: 区别于弱电信息插座的工程叫法
1320,开关、插座 > 开关插座 > 电源插座,地面插座,地插,ai_candidate,high: 施工现场最常用简称
1320,开关、插座 > 开关插座 > 电源插座,地面插座,地面插,ai_candidate,medium: 地插的全称简化
1320,开关、插座 > 开关插座 > 电源插座,地面插座,地板插座,ai_candidate,medium: 安装在地板上的通俗叫法
1320,开关、插座 > 开关插座 > 电源插座,工业防水插座,工业防水插,ai_candidate,medium: 省略名字的工地简称
1320,开关、插座 > 开关插座 > 电源插座,工业防水插座,防水工业插座,ai_candidate_low,low: 强调防水性能的叫法
1320,开关、插座 > 开关插座 > 电源插座,智能插座,WiFi插座,ai_candidate,high: 以连接方式代称的常见叫法
1320,开关、插座 > 开关插座 > 电源插座,智能插座,远程插座,ai_candidate,medium: 强调远程控制功能
1320,开关、插座 > 开关插座 > 电源插座,电源插座+USB插座,USB插座,ai_candidate,high: 以USB接口为主要特征的简称
1320,开关、插座 > 开关插座 > 电源插座,电源插座+USB插座,带USB插座,ai_candidate,high: 强调附加功能的口语叫法
1320,开关、插座 > 开关插座 > 电源插座,电源插座+USB插座,充电插座,ai_candidate,medium: 突出USB充电功能
1320,开关、插座 > 开关插座 > 电源插座,防水插座,防溅插座,ai_candidate,high: 防水等级低时的常用叫法
1320,开关、插座 > 开关插座 > 电源插座,防水插座,防水插,ai_candidate,high: 省略字的行业简称
1320,开关、插座 > 开关插座 > 电源插座,防水插座,户外防水插座,ai_candidate,medium: 强调室外使用场景
1320,开关、插座 > 开关插座 > 电源插座,防爆插座,防爆插,ai_candidate,high: 最简单的工地简称
1320,开关、插座 > 开关插座 > 电源插座,防爆插座,防爆电源插座,ai_candidate,medium: 全称与简称之间的叫法
1320,开关、插座 > 开关插座 > 电源插座,面板插座,墙壁插座,ai_candidate,high: 固定在墙体上的插座统称
1320,开关、插座 > 开关插座 > 电源插座,面板插座,墙插,ai_candidate,high: 墙壁插座的双字简称
1320,开关、插座 > 开关插座 > 电源插座,面板插座,86插座,ai_candidate,medium: 以86型底盒尺寸代称的行业叫法
1314,开关、插座 > 开关插座 > 调光面板开关,调光面板开关,调光开关,ai_candidate,high: 调光面板开关的通用简称，适合泛指该类产品
1314,开关、插座 > 开关插座 > 调光面板开关,调光面板开关,调光器面板,ai_candidate,medium: 将调光器和面板概念结合，口语中偶尔使用
1314,开关、插座 > 开关插座 > 调光面板开关,旋钮式调光开关,旋钮调光器,ai_candidate,high: 强调旋钮操作方式，施工现场常用
1314,开关、插座 > 开关插座 > 调光面板开关,旋钮式调光开关,旋转调光开关,ai_candidate,high: 描述通过旋转来调光，常见叫法
1314,开关、插座 > 开关插座 > 调光面板开关,琴键式调光开关,按键调光开关,ai_candidate,high: 琴键式即按压式按键，现场多称按键调光
1314,开关、插座 > 开关插座 > 调光面板开关,琴键式调光开关,琴键调光器,ai_candidate,medium: 保留琴键特征的口语化简称
1314,开关、插座 > 开关插座 > 调光面板开关,触摸式调光开关,触摸调光器,ai_candidate,high: 去掉‘式’字的常用简称
1314,开关、插座 > 开关插座 > 调光面板开关,触摸式调光开关,触控调光开关,ai_candidate,high: 触控与触摸语义接近，采购中常见
1314,开关、插座 > 开关插座 > 调光面板开关,远红外线遥控调光开关,红外遥控调光开关,ai_candidate,high: 远红外线即红外，省略‘远’和‘线’的口语说法
1314,开关、插座 > 开关插座 > 调光面板开关,远红外线遥控调光开关,遥控调光开关,ai_candidate,medium: 在红外是主流遥控方式时，直接简称为遥控调光
1316,开关、插座 > 开关插座 > 调速面板开关,调速面板开关,调速面板,ai_candidate,high: 省略'开关'的简称
1316,开关、插座 > 开关插座 > 调速面板开关,调速面板开关,风速面板,ai_candidate,high: 用于调节风量速度，现场叫法
1316,开关、插座 > 开关插座 > 调速面板开关,调速面板开关,风机调速面板,ai_candidate,high: 直接关联风机调速功能
1316,开关、插座 > 开关插座 > 调速面板开关,调速面板开关,风扇调速面板,ai_candidate,high: 民用风扇调速常用叫法
1316,开关、插座 > 开关插座 > 调速面板开关,机械式风量调节开关,机械调速开关,ai_candidate,high: 明确机械结构调速
1316,开关、插座 > 开关插座 > 调速面板开关,机械式风量调节开关,旋钮调速开关,ai_candidate,medium: 常见通过旋钮调节
1316,开关、插座 > 开关插座 > 调速面板开关,机械式风量调节开关,分档调速器,ai_candidate,medium: 机械分档调节风速
1316,开关、插座 > 开关插座 > 调速面板开关,机械式风量调节开关,机械风速开关,ai_candidate,high: 施工口语直接描述
1316,开关、插座 > 开关插座 > 调速面板开关,液晶显示开关,液晶调速面板,ai_candidate,medium: 带液晶显示的调速面板
1316,开关、插座 > 开关插座 > 调速面板开关,液晶显示开关,LCD 开关,ai_candidate,medium: 液晶显示英文缩写
1316,开关、插座 > 开关插座 > 调速面板开关,液晶显示开关,数显调速开关,ai_candidate_low,low: 数字显示状态
1316,开关、插座 > 开关插座 > 调速面板开关,电子式风量调节开关,电子调速开关,ai_candidate,high: 电子方式调节
1316,开关、插座 > 开关插座 > 调速面板开关,电子式风量调节开关,无极调速开关,ai_candidate,high: 可无级连续调节
1316,开关、插座 > 开关插座 > 调速面板开关,电子式风量调节开关,可控硅调速器,ai_candidate,medium: 常用电子调速技术
1316,开关、插座 > 开关插座 > 调速面板开关,电子式风量调节开关,电子风速开关,ai_candidate,high: 施工简称
1316,开关、插座 > 开关插座 > 调速面板开关,风扇调速开关,风扇调速器,ai_candidate,high: 最通用叫法
1316,开关、插座 > 开关插座 > 调速面板开关,风扇调速开关,电扇调速开关,ai_candidate,high: 电扇调速的口语
1316,开关、插座 > 开关插座 > 调速面板开关,风扇调速开关,风扇速度控制器,ai_candidate,medium: 完整功能描述简称
1316,开关、插座 > 开关插座 > 调速面板开关,风扇调速开关,变速开关,ai_candidate,medium: 简单口语，多见于吊扇
1318,开关、插座 > 开关插座 > 门铃，电铃开关,门铃，电铃开关,门铃开关,ai_candidate,high: 施工现场常用统称
1318,开关、插座 > 开关插座 > 门铃，电铃开关,门铃，电铃开关,电铃开关,ai_candidate,high: 与类别名一致，用于电铃控制
1318,开关、插座 > 开关插座 > 门铃，电铃开关,门铃，电铃开关,门铃按钮,ai_candidate,medium: 泛指门铃触发开关
1318,开关、插座 > 开关插座 > 门铃，电铃开关,双音门铃,叮咚门铃,ai_candidate,high: 双音常见为叮咚声，采购俗称
1318,开关、插座 > 开关插座 > 门铃，电铃开关,大跷板式门铃开关,大板门铃开关,ai_candidate,medium: 简称，强调大面板
1318,开关、插座 > 开关插座 > 门铃，电铃开关,按钮式门铃开关,门铃按钮,ai_candidate,high: 最通用的现场叫法
1318,开关、插座 > 开关插座 > 门铃，电铃开关,按钮式门铃开关,按钮开关,ai_candidate,medium: 省略门铃时的简称
1318,开关、插座 > 开关插座 > 门铃，电铃开关,触摸式门铃开关,触摸门铃,ai_candidate,high: 省略开关二字
1318,开关、插座 > 开关插座 > 门铃，电铃开关,触摸式门铃开关,触摸开关,ai_candidate,medium: 现场简化的说法
1326,开关、插座 > 开关插座附件 > 开关、插座功能件,开关、插座功能件,内芯模块,ai_candidate,medium: 施工现场常将开关插座的可更换核心功能部件称为内芯或功能件模块
1326,开关、插座 > 开关插座附件 > 开关、插座功能件,调速开关功能件,调速开关模块,ai_candidate,high: 采购或维修时直接以功能件模块称呼
1326,开关、插座 > 开关插座附件 > 开关、插座功能件,调速开关功能件,风扇调速器模块,ai_candidate,medium: 明确用于风扇调速场景的俗称
1326,开关、插座 > 开关插座附件 > 开关、插座功能件,踢脚线电力导轨,踢脚线电力轨道,ai_candidate,high: 行业内多将导轨称为轨道，尤其用于踢脚线安装的电力传输系统
1326,开关、插座 > 开关插座附件 > 开关、插座功能件,踢脚线电力导轨,踢脚式轨道插座,ai_candidate,medium: 从功能形态上口语化描述的别称
1326,开关、插座 > 开关插座附件 > 开关、插座功能件,门铃开关功能件,门铃按钮模块,ai_candidate,high: 施工现场多简化为模块或按钮
1326,开关、插座 > 开关插座附件 > 开关、插座功能件,门铃开关功能件,门铃开关模块,ai_candidate,medium: 直接以功能模块命名的采购叫法
1326,开关、插座 > 开关插座附件 > 开关、插座功能件,音频插座功能件,音频模块,ai_candidate,medium: 弱电施工中常将音频插座功能件简称为音频模块
1326,开关、插座 > 开关插座附件 > 开关、插座功能件,风扇开关功能件,风扇开关模块,ai_candidate,medium: 指代控制风扇启停的功能件模块
1323,开关、插座 > 排插/插头 > 电源插头,电源插头,插头,ai_candidate,high: 电源插头的通用简称
1323,开关、插座 > 排插/插头 > 电源插头,电源插头,电源连接器插头,ai_candidate,medium: 较正式的行业叫法
1323,开关、插座 > 排插/插头 > 电源插头,两头单相插头,两脚插头,ai_candidate,high: 施工现场口语，因有两个插脚
1323,开关、插座 > 排插/插头 > 电源插头,两头单相插头,两爪插头,ai_candidate,high: 俗称，两个金属爪
1323,开关、插座 > 排插/插头 > 电源插头,两头单相插头,二极插头,ai_candidate,medium: 电气行业简称，指L/N两极无接地
1323,开关、插座 > 排插/插头 > 电源插头,三头单相插头,三脚插头,ai_candidate,high: 最常见的俗称，三个插脚
1323,开关、插座 > 排插/插头 > 电源插头,三头单相插头,三爪插头,ai_candidate,high: 机械/安装师傅口语
1323,开关、插座 > 排插/插头 > 电源插头,三头单相插头,单相三极插头,ai_candidate,high: 电气专业俗称，L/N/PE三极
1323,开关、插座 > 排插/插头 > 电源插头,三头单相插头,带接地插头,ai_candidate,medium: 强调有接地脚的单相插头
1323,开关、插座 > 排插/插头 > 电源插头,三相三极插头,三相三线插头,ai_candidate,high: 工业场合常用，三根相线
1323,开关、插座 > 排插/插头 > 电源插头,三相三极插头,三芯工业插头,ai_candidate,medium: 电缆芯数对应的叫法
1323,开关、插座 > 排插/插头 > 电源插头,三相三极插头,三相三爪插头,ai_candidate,medium: 根据插脚数的口语
1323,开关、插座 > 排插/插头 > 电源插头,三相四极插头,三相四线插头,ai_candidate,high: 三根相线加一根零线
1323,开关、插座 > 排插/插头 > 电源插头,三相四极插头,四爪插头,ai_candidate,high: 施工现场俗称
1323,开关、插座 > 排插/插头 > 电源插头,三相四极插头,四芯工业插头,ai_candidate,medium: 强调芯数，常用于采购清单
1323,开关、插座 > 排插/插头 > 电源插头,三相五极插头,三相五线插头,ai_candidate,high: 三根相线、零线、地线
1323,开关、插座 > 排插/插头 > 电源插头,三相五极插头,五爪插头,ai_candidate,high: 常见口语叫法
1323,开关、插座 > 排插/插头 > 电源插头,三相五极插头,五芯工业插头,ai_candidate,medium: 电缆对应五芯的插头
1324,开关、插座 > 排插/插头 > 电源插座转换器,电源插座转换器,转换插头,ai_candidate,high: 电源插座转换器常被简称为转换插头
1324,开关、插座 > 排插/插头 > 电源插座转换器,电源插座转换器,一拖多插座,ai_candidate,medium: 将一个插座扩展成多个的俗称
1324,开关、插座 > 排插/插头 > 电源插座转换器,十二位三孔插座转换器,十二位转换器,ai_candidate,high: 省略“三孔插座”的简称
1324,开关、插座 > 排插/插头 > 电源插座转换器,十二位三孔插座转换器,十二位三极转换器,ai_candidate,medium: 三孔也称三极
1324,开关、插座 > 排插/插头 > 电源插座转换器,十位三孔插座转换器,十位转换器,ai_candidate,high: 施工现场常省略孔型和插座叫法
1324,开关、插座 > 排插/插头 > 电源插座转换器,十位三孔插座转换器,十位三极转换器,ai_candidate,medium: 三极是三孔的别称
1324,开关、插座 > 排插/插头 > 电源插座转换器,四位三孔插座转换器,四位转换器,ai_candidate,high: 当孔型明确时的口语简称
1324,开关、插座 > 排插/插头 > 电源插座转换器,四位三孔插座转换器,4位三极转换器,ai_candidate,medium: 用数字和“三极”表述
1324,开关、插座 > 排插/插头 > 电源插座转换器,四位二孔、二位三孔插座转换器,四二二三转换器,ai_candidate,medium: 四位二孔加二位三孔的数字简称
1324,开关、插座 > 排插/插头 > 电源插座转换器,四位二孔、四位三孔插座转换器,四二四三转换器,ai_candidate,medium: 四位二孔加四位三孔的口语缩略
1324,开关、插座 > 排插/插头 > 电源插座转换器,四位二孔插座转换器,四位二孔转换器,ai_candidate,high: 省略“插座”
1324,开关、插座 > 排插/插头 > 电源插座转换器,四位二孔插座转换器,4孔二极转换器,ai_candidate,medium: 用数字和“二极”表述
1324,开关、插座 > 排插/插头 > 电源插座转换器,地拖插座,地插,ai_candidate,high: 地面插座的简称，也称地拖插
1324,开关、插座 > 排插/插头 > 电源插座转换器,地拖插座,地面插座,ai_candidate,high: 地拖插座的正式简称
225,弱电智能化系统及设备 > 信息设施系统 > LED显示及大屏拼接系统器材,LED屏,LED显示屏,ai_candidate,high: 行业内通用的正式全称
225,弱电智能化系统及设备 > 信息设施系统 > LED显示及大屏拼接系统器材,LED屏,LED大屏,ai_candidate,high: 强调大面积展示的常见叫法
225,弱电智能化系统及设备 > 信息设施系统 > LED显示及大屏拼接系统器材,LED屏,电子显示屏,ai_candidate,medium: 施工现场对LED显示设备的泛称
86,弱电智能化系统及设备 > 信息设施系统 > 信息网络系统,信息网络系统,网络系统,ai_candidate,medium: 信息网络系统的简称，现场常直接称网络系统
86,弱电智能化系统及设备 > 信息设施系统 > 信息网络系统,信息网络系统,IT网络系统,ai_candidate,medium: 信息化网络系统的简称，在弱电集成项目中常见
86,弱电智能化系统及设备 > 信息设施系统 > 信息网络系统,计算机网络局域网系统,局域网系统,ai_candidate,high: 计算机网络局域网系统的直接简称
86,弱电智能化系统及设备 > 信息设施系统 > 信息网络系统,计算机网络局域网系统,LAN系统,ai_candidate,high: 英文Local Area Network的缩写，技术文档和口语常用
86,弱电智能化系统及设备 > 信息设施系统 > 信息网络系统,计算机网络局域网系统,内网系统,ai_candidate,medium: 对局域网的口语化称呼
86,弱电智能化系统及设备 > 信息设施系统 > 信息网络系统,计算机网络广域网系统,广域网系统,ai_candidate,high: 直接简称
86,弱电智能化系统及设备 > 信息设施系统 > 信息网络系统,计算机网络广域网系统,WAN系统,ai_candidate,high: 英文Wide Area Network的缩写
86,弱电智能化系统及设备 > 信息设施系统 > 信息网络系统,调制解调器,猫,ai_candidate,high: 英文Modem的音译俗称，现场最常用
86,弱电智能化系统及设备 > 信息设施系统 > 信息网络系统,调制解调器,Modem,ai_candidate,high: 英文原词，技术员和采购单常见
86,弱电智能化系统及设备 > 信息设施系统 > 信息网络系统,路由器,路由,ai_candidate,high: 口语中常省略‘器’字
86,弱电智能化系统及设备 > 信息设施系统 > 信息网络系统,路由器,路由设备,ai_candidate,medium: 分类统称，尤其在清单中
86,弱电智能化系统及设备 > 信息设施系统 > 信息网络系统,铁路专用计算机,铁路工控机,ai_candidate,medium: 铁路行业常将专用计算机称为工控机
86,弱电智能化系统及设备 > 信息设施系统 > 信息网络系统,铁路专用计算机,轨旁计算机,ai_candidate,medium: 指铁路轨道旁的专用计算设备
86,弱电智能化系统及设备 > 信息设施系统 > 信息网络系统,键鼠套装,键鼠,ai_candidate,high: 键盘鼠标的简称，采购中极常用
86,弱电智能化系统及设备 > 信息设施系统 > 信息网络系统,键鼠套装,键盘鼠标套装,ai_candidate,high: 全称，有时用于书面语
86,弱电智能化系统及设备 > 信息设施系统 > 信息网络系统,防火墙,FW,ai_candidate,high: Firewall的英文缩写，在网络拓扑图和配置中常用
86,弱电智能化系统及设备 > 信息设施系统 > 信息网络系统,防火墙,安全网关,ai_candidate,medium: 突出安全防护功能的别称，尤其在高端产品中
86,弱电智能化系统及设备 > 信息设施系统 > 信息网络系统,静态滑轨套件,机柜滑轨,ai_candidate,medium: 明确安装场景的简称
86,弱电智能化系统及设备 > 信息设施系统 > 信息网络系统,静态滑轨套件,固定滑轨,ai_candidate,high: 静态滑轨即固定式滑轨，口语中直接叫固定滑轨
86,弱电智能化系统及设备 > 信息设施系统 > 信息网络系统,静态滑轨套件,导轨,ai_candidate,medium: 行业内对滑轨类配件的泛称
86,弱电智能化系统及设备 > 信息设施系统 > 信息网络系统,面板AP,墙面AP,ai_candidate,high: 基于安装方式的别称
86,弱电智能化系统及设备 > 信息设施系统 > 信息网络系统,面板AP,入墙式AP,ai_candidate,high: 强调嵌入墙体的安装形式
86,弱电智能化系统及设备 > 信息设施系统 > 信息网络系统,面板AP,面板式无线AP,ai_candidate,medium: 全称，技术文档常见
86,弱电智能化系统及设备 > 信息设施系统 > 信息网络系统,风光雨模块,风光雨传感器,ai_candidate_low,low: 模块本质是传感器，部分采购单中混用
161,弱电智能化系统及设备 > 信息设施系统 > 公共广播系统,公共广播系统,PA系统,ai_candidate,high: 公共广播的英文缩写，采购中常用
161,弱电智能化系统及设备 > 信息设施系统 > 公共广播系统,公共广播系统,背景音乐系统,ai_candidate,medium: 公共广播常集成背景音乐功能，口语混用
161,弱电智能化系统及设备 > 信息设施系统 > 公共广播系统,吸顶式音箱,吸顶喇叭,ai_candidate,high: 施工和采购中最通用叫法
161,弱电智能化系统及设备 > 信息设施系统 > 公共广播系统,吸顶式音箱,天花喇叭,ai_candidate,medium: 常用于装修行业的口语
161,弱电智能化系统及设备 > 信息设施系统 > 公共广播系统,吸顶式音箱,天花音箱,ai_candidate,medium: 口语化简称
161,弱电智能化系统及设备 > 信息设施系统 > 公共广播系统,壁挂式音箱,壁挂喇叭,ai_candidate,high: 现场常用叫法
161,弱电智能化系统及设备 > 信息设施系统 > 公共广播系统,壁挂式音箱,挂墙音箱,ai_candidate,medium: 口语简称
161,弱电智能化系统及设备 > 信息设施系统 > 公共广播系统,壁挂式音箱,挂壁音箱,ai_candidate,medium: 采购清单中常见称呼
1679,弱电智能化系统及设备 > 信息设施系统 > 同声传译设备及器材,同声传译设备及器材,同传设备,ai_candidate,high: 同声传译设备简称
1679,弱电智能化系统及设备 > 信息设施系统 > 同声传译设备及器材,同声传译设备及器材,同声翻译设备,ai_candidate,medium: 口语中常称同声翻译
1679,弱电智能化系统及设备 > 信息设施系统 > 同声传译设备及器材,无线同声传译,无线同传,ai_candidate,high: 无线同声传译的简称
1679,弱电智能化系统及设备 > 信息设施系统 > 同声传译设备及器材,无线同声传译,无线同声翻译,ai_candidate,medium: 同声传译也叫同声翻译
1679,弱电智能化系统及设备 > 信息设施系统 > 同声传译设备及器材,有线同声传译,有线同传,ai_candidate,high: 有线同声传译的简称
1679,弱电智能化系统及设备 > 信息设施系统 > 同声传译设备及器材,有线同声传译,有线同声翻译,ai_candidate,medium: 同声传译也叫同声翻译
1679,弱电智能化系统及设备 > 信息设施系统 > 同声传译设备及器材,直接感应式同声传译,感应同传,ai_candidate_low,low: 直接感应式简称感应式
1679,弱电智能化系统及设备 > 信息设施系统 > 同声传译设备及器材,直接感应式同声传译,磁感应同传,ai_candidate_low,low: 可能基于电磁感应技术
1676,弱电智能化系统及设备 > 信息设施系统 > 微波无线接入设备,微波无线接入设备,微波接入设备,ai_candidate,high: 行业内对微波无线接入设备的简称
1676,弱电智能化系统及设备 > 信息设施系统 > 微波无线接入设备,微波无线接入设备,无线微波设备,ai_candidate,medium: 口语中常将微波无线设备称为无线微波
1676,弱电智能化系统及设备 > 信息设施系统 > 微波无线接入设备,微波宽带无线接入系统基站设备,宽带微波基站,ai_candidate,high: 工程口语中对宽带微波基站的简称
1676,弱电智能化系统及设备 > 信息设施系统 > 微波无线接入设备,微波宽带无线接入系统基站设备,微波宽带基站,ai_candidate,high: 采购清单中常见叫法
1676,弱电智能化系统及设备 > 信息设施系统 > 微波无线接入设备,微波宽带无线接入系统用户站设备,宽带微波用户站,ai_candidate,high: 施工现场常称用户站为用户站
1676,弱电智能化系统及设备 > 信息设施系统 > 微波无线接入设备,微波宽带无线接入系统用户站设备,微波宽带CPE,ai_candidate,medium: CPE是用户端设备的通用称呼
1676,弱电智能化系统及设备 > 信息设施系统 > 微波无线接入设备,微波窄带无线接入系统基站设备,窄带微波基站,ai_candidate,high: 用以区分宽带，口语简化
1676,弱电智能化系统及设备 > 信息设施系统 > 微波无线接入设备,微波窄带无线接入系统基站设备,微波窄带基站,ai_candidate,high: 技术文档中常见
1676,弱电智能化系统及设备 > 信息设施系统 > 微波无线接入设备,微波窄带无线接入系统用户站设备,窄带微波用户站,ai_candidate,high: 对应窄带系统的用户端
1676,弱电智能化系统及设备 > 信息设施系统 > 微波无线接入设备,微波窄带无线接入系统用户站设备,微波窄带远端,ai_candidate,medium: 远端站是常见说法
160,弱电智能化系统及设备 > 信息设施系统 > 有线电视、卫星电视系统,有线电视、卫星电视系统,有线电视与卫星电视,ai_candidate,medium: 该细类的全称变体
160,弱电智能化系统及设备 > 信息设施系统 > 有线电视、卫星电视系统,卫星电视系统,卫星电视,ai_candidate,high: 简称
160,弱电智能化系统及设备 > 信息设施系统 > 有线电视、卫星电视系统,卫星电视系统,卫视系统,ai_candidate,medium: 常用口语叫法
160,弱电智能化系统及设备 > 信息设施系统 > 有线电视、卫星电视系统,有线电视光接收机,光机,ai_candidate,high: 施工现场口语简称
160,弱电智能化系统及设备 > 信息设施系统 > 有线电视、卫星电视系统,有线电视光接收机,光接收机,ai_candidate,high: 省略'有线电视'的简称
160,弱电智能化系统及设备 > 信息设施系统 > 有线电视、卫星电视系统,有线电视系统,CATV系统,ai_candidate,high: 行业英文简称通用叫法
160,弱电智能化系统及设备 > 信息设施系统 > 有线电视、卫星电视系统,有线电视系统,有线电视,ai_candidate,high: 口语简称
1678,弱电智能化系统及设备 > 信息设施系统 > 终端显示设备,终端显示设备,显示终端,ai_candidate,medium: 行业统称各类显示终端
1678,弱电智能化系统及设备 > 信息设施系统 > 终端显示设备,终端显示设备,显示器,ai_candidate,medium: 施工现场口语泛称终端显示设备
1678,弱电智能化系统及设备 > 信息设施系统 > 终端显示设备,终端显示设备,显示屏,ai_candidate,medium: 施工现场口语泛称
1678,弱电智能化系统及设备 > 信息设施系统 > 终端显示设备,图像显示终端,图像显示器,ai_candidate,medium: 行业简称
1678,弱电智能化系统及设备 > 信息设施系统 > 终端显示设备,图形显示终端,图形显示器,ai_candidate,medium: 行业简称
1678,弱电智能化系统及设备 > 信息设施系统 > 终端显示设备,字符显示终端,字符终端,ai_candidate,high: 常见叫法
1678,弱电智能化系统及设备 > 信息设施系统 > 终端显示设备,汉字显示终端,汉字终端,ai_candidate,high: 常见叫法
1678,弱电智能化系统及设备 > 信息设施系统 > 终端显示设备,汉字显示终端,中文终端,ai_candidate,medium: 支持汉字显示的终端
88,弱电智能化系统及设备 > 公共安全系统 > 停车库(场)管理系统,停车库(场)管理系统,停车场管理系统,ai_candidate,high: 行业内常简称为停车场管理系统或停车管理系统
88,弱电智能化系统及设备 > 公共安全系统 > 停车库(场)管理系统,停车库(场)管理系统,停车库系统,ai_candidate,medium: 对于室内停车库管理系统，常简称为停车库系统
88,弱电智能化系统及设备 > 公共安全系统 > 停车库(场)管理系统,车位查询器,寻车查询机,ai_candidate,high: 在反向寻车系统中，常用于查询车辆位置的终端
88,弱电智能化系统及设备 > 公共安全系统 > 停车库(场)管理系统,车位查询器,车位引导查询终端,ai_candidate,medium: 集成车位引导与查询功能的设备口语叫法
88,弱电智能化系统及设备 > 公共安全系统 > 停车库(场)管理系统,车位计数器,车辆计数器,ai_candidate,high: 计数进出车辆或车位占用数量
88,弱电智能化系统及设备 > 公共安全系统 > 停车库(场)管理系统,车位计数器,车位计数仪,ai_candidate,medium: 专用计数设备的口语称呼
88,弱电智能化系统及设备 > 公共安全系统 > 停车库(场)管理系统,软件狗,加密狗,ai_candidate,high: 最通用的加密硬件俗称
88,弱电智能化系统及设备 > 公共安全系统 > 停车库(场)管理系统,软件狗,软件加密狗,ai_candidate,high: 全称口语叫法
88,弱电智能化系统及设备 > 公共安全系统 > 停车库(场)管理系统,软件狗,USB Key,ai_candidate,medium: 当接口为USB时常称USB Key
88,弱电智能化系统及设备 > 公共安全系统 > 停车库(场)管理系统,通过信号灯,通行灯,ai_candidate,high: 指示车辆能否通过的灯具
88,弱电智能化系统及设备 > 公共安全系统 > 停车库(场)管理系统,通过信号灯,红绿灯,ai_candidate,high: 通常显示红绿两色，约定俗成叫法
88,弱电智能化系统及设备 > 公共安全系统 > 停车库(场)管理系统,通过信号灯,道闸指示灯,ai_candidate,medium: 安装在道闸周边，常伴随叫法
88,弱电智能化系统及设备 > 公共安全系统 > 停车库(场)管理系统,闪光灯,补光灯,ai_candidate,high: 夜间或光线不足时补光，口语叫补光灯
88,弱电智能化系统及设备 > 公共安全系统 > 停车库(场)管理系统,闪光灯,抓拍闪光灯,ai_candidate,high: 配合车牌识别抓拍瞬间闪光
88,弱电智能化系统及设备 > 公共安全系统 > 停车库(场)管理系统,闪光灯,LED频闪灯,ai_candidate,medium: 采用LED光源，常称为频闪灯
88,弱电智能化系统及设备 > 公共安全系统 > 停车库(场)管理系统,闸杆,道闸杆,ai_candidate,high: 道闸的杆状部件，现场口语常用
88,弱电智能化系统及设备 > 公共安全系统 > 停车库(场)管理系统,闸杆,栏杆,ai_candidate,high: 简洁的叫法
88,弱电智能化系统及设备 > 公共安全系统 > 停车库(场)管理系统,闸杆,挡车杆,ai_candidate,high: 阻挡车辆通行的杆子
88,弱电智能化系统及设备 > 公共安全系统 > 停车库(场)管理系统,闸杆,横杆,ai_candidate,medium: 形状描述叫法
1685,弱电智能化系统及设备 > 公共安全系统 > 其他安防设备,地面监控系统,工地地面监控,ai_candidate,medium: 施工现场强调工地场景
1685,弱电智能化系统及设备 > 公共安全系统 > 其他安防设备,塔吊防碰撞系统,塔吊防撞系统,ai_candidate,high: 省略碰撞，口语与书面常用
1685,弱电智能化系统及设备 > 公共安全系统 > 其他安防设备,塔吊防碰撞系统,塔吊碰撞预警,ai_candidate,medium: 突出预警功能
1685,弱电智能化系统及设备 > 公共安全系统 > 其他安防设备,塔吊防碰撞系统,塔吊群防碰撞,ai_candidate,medium: 多塔吊协同防撞叫法
1685,弱电智能化系统及设备 > 公共安全系统 > 其他安防设备,程控调度通讯设备,调度电话系统,ai_candidate,high: 从功能角度称呼
1685,弱电智能化系统及设备 > 公共安全系统 > 其他安防设备,程控调度通讯设备,程控调度机,ai_candidate,high: 硬件设备的简称
1685,弱电智能化系统及设备 > 公共安全系统 > 其他安防设备,程控调度通讯设备,调度总机,ai_candidate,medium: 现场口语化叫法
1685,弱电智能化系统及设备 > 公共安全系统 > 其他安防设备,访客系统,访客机,ai_candidate,high: 硬件终端通俗叫法
1685,弱电智能化系统及设备 > 公共安全系统 > 其他安防设备,访客系统,访客登记系统,ai_candidate,high: 功能性描述别名
1685,弱电智能化系统及设备 > 公共安全系统 > 其他安防设备,访客系统,智能访客系统,ai_candidate,medium: 市场常见营销名称
1684,弱电智能化系统及设备 > 公共安全系统 > 出入口控制设备,出入口刷卡控制器,门禁控制器,ai_candidate,high: 行业通称，指通过刷卡信号控制门禁的控制器
1684,弱电智能化系统及设备 > 公共安全系统 > 出入口控制设备,出入口刷卡控制器,刷卡门禁控制器,ai_candidate,medium: 强调刷卡方式的完整叫法
1684,弱电智能化系统及设备 > 公共安全系统 > 出入口控制设备,出入口刷卡控制器,门禁主机,ai_candidate,high: 在工程采购和施工中常将核心控制器称为主机
1684,弱电智能化系统及设备 > 公共安全系统 > 出入口控制设备,出入口刷卡控制器,门禁控制板,ai_candidate,medium: 指控制电路板，现场口语常见
1690,弱电智能化系统及设备 > 其他智能化设备 > 其他智能化设备,其他智能化设备,喇叭,ai_candidate,medium: 施工现场常将音箱、音柱等发声设备统称为喇叭，易混淆
1690,弱电智能化系统及设备 > 其他智能化设备 > 其他智能化设备,音响系统,音响设备,ai_candidate,high: 同义泛称，采购及施工中常用
1690,弱电智能化系统及设备 > 其他智能化设备 > 其他智能化设备,音响系统,扩声系统,ai_candidate,medium: 强调声音放大功能，技术场合使用较多
1690,弱电智能化系统及设备 > 其他智能化设备 > 其他智能化设备,音柱扬声器,音柱,ai_candidate,high: 最常见的简称，施工及清单中大量使用
1690,弱电智能化系统及设备 > 其他智能化设备 > 其他智能化设备,音柱扬声器,声柱,ai_candidate,medium: 行业内传统叫法，部分项目清单仍沿用
1690,弱电智能化系统及设备 > 其他智能化设备 > 其他智能化设备,麦克风,话筒,ai_candidate,high: 中文标准名称，施工现场普遍使用
1690,弱电智能化系统及设备 > 其他智能化设备 > 其他智能化设备,麦克风,麦克,ai_candidate,high: 麦克风的简称，口语极常见
1690,弱电智能化系统及设备 > 其他智能化设备 > 其他智能化设备,麦克风,咪头,ai_candidate,medium: 部分方言区或工程队对拾音头的俗称
1682,弱电智能化系统及设备 > 楼宇智能化系统 > 楼宇多表远传系统,楼宇多表远传系统,远传抄表系统,ai_candidate,high: 楼宇多表远传系统的通用简称
1682,弱电智能化系统及设备 > 楼宇智能化系统 > 楼宇多表远传系统,楼宇多表远传系统,多表远传系统,ai_candidate,high: 口语中常省略楼宇二字
1682,弱电智能化系统及设备 > 楼宇智能化系统 > 楼宇多表远传系统,楼宇多表远传系统,集抄系统,ai_candidate,high: 集中抄表系统的简称，常用于该大类
1682,弱电智能化系统及设备 > 楼宇智能化系统 > 楼宇多表远传系统,电力载波集中抄表系统,载波抄表系统,ai_candidate,high: 电力载波集中抄表系统的简称
1682,弱电智能化系统及设备 > 楼宇智能化系统 > 楼宇多表远传系统,电力载波集中抄表系统,电力线载波集抄,ai_candidate,high: 施工现场常简称为电力线载波集抄
1682,弱电智能化系统及设备 > 楼宇智能化系统 > 楼宇多表远传系统,电力载波集中抄表系统,载波集抄,ai_candidate,high: 口语中进一步简化
1682,弱电智能化系统及设备 > 楼宇智能化系统 > 楼宇多表远传系统,电力载波集中抄表系统,PLC集抄系统,ai_candidate,medium: 使用电力线载波(PLC)的集中抄表系统
1682,弱电智能化系统及设备 > 楼宇智能化系统 > 楼宇多表远传系统,集中式远程总线抄表系统,总线式抄表系统,ai_candidate,high: 基于总线的抄表系统简称
1682,弱电智能化系统及设备 > 楼宇智能化系统 > 楼宇多表远传系统,集中式远程总线抄表系统,远程总线集抄,ai_candidate,medium: 远程总线集中抄表的简称
1682,弱电智能化系统及设备 > 楼宇智能化系统 > 楼宇多表远传系统,集中式远程总线抄表系统,RS485抄表系统,ai_candidate,medium: 常用RS485总线实现，常被口语化称呼
1682,弱电智能化系统及设备 > 楼宇智能化系统 > 楼宇多表远传系统,集中式远程总线抄表系统,现场总线抄表,ai_candidate,medium: 采用现场总线方式的抄表系统
1681,弱电智能化系统及设备 > 楼宇智能化系统 > 楼宇自控系统,楼宇自控系统,楼控系统,ai_candidate,high: 楼宇自控系统的简称
1681,弱电智能化系统及设备 > 楼宇智能化系统 > 楼宇自控系统,楼宇自控系统,BAS,ai_candidate,high: Building Automation System缩写
1681,弱电智能化系统及设备 > 楼宇智能化系统 > 楼宇自控系统,楼宇自控系统,楼宇自动化系统,ai_candidate,high: 全称替代叫法
1681,弱电智能化系统及设备 > 楼宇智能化系统 > 楼宇自控系统,保安巡更签到系统,电子巡更系统,ai_candidate,high: 强调电子化签到
1681,弱电智能化系统及设备 > 楼宇智能化系统 > 楼宇自控系统,保安巡更签到系统,巡更系统,ai_candidate,high: 日常口语简称
1681,弱电智能化系统及设备 > 楼宇智能化系统 > 楼宇自控系统,保安巡更签到系统,保安巡更系统,ai_candidate,medium: 省略签到
1681,弱电智能化系统及设备 > 楼宇智能化系统 > 楼宇自控系统,停车场自动化管理系统,停车场管理系统,ai_candidate,high: 行业通用简称
1681,弱电智能化系统及设备 > 楼宇智能化系统 > 楼宇自控系统,停车场自动化管理系统,道闸系统,ai_candidate,medium: 以核心设备指代整个系统
1681,弱电智能化系统及设备 > 楼宇智能化系统 > 楼宇自控系统,停车场自动化管理系统,停车场收费系统,ai_candidate,medium: 侧重于收费功能
1681,弱电智能化系统及设备 > 楼宇智能化系统 > 楼宇自控系统,公共机电设备集中控制系统,设备集控系统,ai_candidate,medium: 施工现场简称
1681,弱电智能化系统及设备 > 楼宇智能化系统 > 楼宇自控系统,公共机电设备集中控制系统,机电集控系统,ai_candidate,medium: 强调机电设备集中控制
1681,弱电智能化系统及设备 > 楼宇智能化系统 > 楼宇自控系统,出入口管理控制系统,门禁系统,ai_candidate,high: 最广泛使用的俗称
1681,弱电智能化系统及设备 > 楼宇智能化系统 > 楼宇自控系统,出入口管理控制系统,出入口控制系统,ai_candidate,high: 行业标准简称
1681,弱电智能化系统及设备 > 楼宇智能化系统 > 楼宇自控系统,周边防盗报警系统,周界报警系统,ai_candidate,high: 安防行业标准叫法
1681,弱电智能化系统及设备 > 楼宇智能化系统 > 楼宇自控系统,周边防盗报警系统,周界防盗系统,ai_candidate,high: 通俗叫法
1681,弱电智能化系统及设备 > 楼宇智能化系统 > 楼宇自控系统,周边防盗报警系统,红外对射报警,ai_candidate,medium: 以主要设备指代，施工现场常用
1681,弱电智能化系统及设备 > 楼宇智能化系统 > 楼宇自控系统,家庭防盗报警系统,家居报警系统,ai_candidate,high: 家庭安防简称
1681,弱电智能化系统及设备 > 楼宇智能化系统 > 楼宇自控系统,家庭防盗报警系统,住宅防盗报警,ai_candidate,medium: 地产行业常用
1681,弱电智能化系统及设备 > 楼宇智能化系统 > 楼宇自控系统,家庭防盗报警系统,家庭安防系统,ai_candidate,medium: 包含防盗在内的综合叫法
1681,弱电智能化系统及设备 > 楼宇智能化系统 > 楼宇自控系统,小区保安监控中心系统,监控中心,ai_candidate,high: 日常简称
1681,弱电智能化系统及设备 > 楼宇智能化系统 > 楼宇自控系统,小区保安监控中心系统,安防中心,ai_candidate,medium: 保安监控的统称
1681,弱电智能化系统及设备 > 楼宇智能化系统 > 楼宇自控系统,小区保安监控中心系统,安保监控室,ai_candidate,medium: 口语化叫法
1681,弱电智能化系统及设备 > 楼宇智能化系统 > 楼宇自控系统,小区物业管理中心系统,物业管理系统,ai_candidate,high: 通用简称
1681,弱电智能化系统及设备 > 楼宇智能化系统 > 楼宇自控系统,小区物业管理中心系统,物业管理平台,ai_candidate,medium: 信息化叫法
1681,弱电智能化系统及设备 > 楼宇智能化系统 > 楼宇自控系统,小区物业管理中心系统,智慧物业系统,ai_candidate,medium: 近年流行称谓
1681,弱电智能化系统及设备 > 楼宇智能化系统 > 楼宇自控系统,数据信息网络系统,网络系统,ai_candidate,high: 施工现场口语简称
1681,弱电智能化系统及设备 > 楼宇智能化系统 > 楼宇自控系统,数据信息网络系统,局域网系统,ai_candidate,medium: 常见组网叫法
1681,弱电智能化系统及设备 > 楼宇智能化系统 > 楼宇自控系统,数据信息网络系统,数据网络,ai_candidate,medium: 省略信息
1681,弱电智能化系统及设备 > 楼宇智能化系统 > 楼宇自控系统,楼宇可视对讲系统,可视对讲,ai_candidate,high: 最常用简称
1681,弱电智能化系统及设备 > 楼宇智能化系统 > 楼宇自控系统,楼宇可视对讲系统,楼宇对讲,ai_candidate,high: 省略可视
1681,弱电智能化系统及设备 > 楼宇智能化系统 > 楼宇自控系统,楼宇可视对讲系统,门铃对讲,ai_candidate,medium: 通俗叫法
1681,弱电智能化系统及设备 > 楼宇智能化系统 > 楼宇自控系统,水电煤气远程抄表计费系统,远程抄表系统,ai_candidate,high: 通用简称
1681,弱电智能化系统及设备 > 楼宇智能化系统 > 楼宇自控系统,水电煤气远程抄表计费系统,三表远传系统,ai_candidate,high: 传统叫法，指水电气三表
1681,弱电智能化系统及设备 > 楼宇智能化系统 > 楼宇自控系统,水电煤气远程抄表计费系统,自动抄表系统,ai_candidate,medium: 强调自动化
1681,弱电智能化系统及设备 > 楼宇智能化系统 > 楼宇自控系统,水电煤气远程抄表计费系统,智能抄表系统,ai_candidate,medium: 智能化叫法
1681,弱电智能化系统及设备 > 楼宇智能化系统 > 楼宇自控系统,老幼病患远程看护系统,远程看护系统,ai_candidate,high: 省略人群描述
1681,弱电智能化系统及设备 > 楼宇智能化系统 > 楼宇自控系统,老幼病患远程看护系统,特殊人群看护,ai_candidate,medium: 行业常用概括
1681,弱电智能化系统及设备 > 楼宇智能化系统 > 楼宇自控系统,语音传真服务系统,语音传真系统,ai_candidate,high: 省略服务
1681,弱电智能化系统及设备 > 楼宇智能化系统 > 楼宇自控系统,语音传真服务系统,传真语音系统,ai_candidate,medium: 语序变化
1681,弱电智能化系统及设备 > 楼宇智能化系统 > 楼宇自控系统,远程医疗保健服务系统,远程医疗系统,ai_candidate,high: 核心功能简称
1681,弱电智能化系统及设备 > 楼宇智能化系统 > 楼宇自控系统,远程医疗保健服务系统,远程保健系统,ai_candidate,medium: 侧重保健
1681,弱电智能化系统及设备 > 楼宇智能化系统 > 楼宇自控系统,闭路电视监控系统,闭路监控系统,ai_candidate,high: 行业标准简称
1681,弱电智能化系统及设备 > 楼宇智能化系统 > 楼宇自控系统,闭路电视监控系统,CCTV系统,ai_candidate,"high: 英文缩写, 工程常用"
1681,弱电智能化系统及设备 > 楼宇智能化系统 > 楼宇自控系统,闭路电视监控系统,视频监控系统,ai_candidate,high: 当前更通用叫法
159,弱电智能化系统及设备 > 楼宇智能化系统 > 门禁系统,门禁读卡器,读卡头,ai_candidate,high: 施工现场常称读卡头
159,弱电智能化系统及设备 > 楼宇智能化系统 > 门禁系统,门禁读卡器,读卡器,ai_candidate,high: 简称读卡器
159,弱电智能化系统及设备 > 楼宇智能化系统 > 门禁系统,门禁读卡器,感应读卡器,ai_candidate,medium: 根据感应方式叫法
159,弱电智能化系统及设备 > 楼宇智能化系统 > 门禁系统,防火门门磁开关,门磁开关,ai_candidate,high: 省略防火门，通用叫法
159,弱电智能化系统及设备 > 楼宇智能化系统 > 门禁系统,防火门门磁开关,防火门门磁,ai_candidate,medium: 简称
159,弱电智能化系统及设备 > 楼宇智能化系统 > 门禁系统,防火门门磁开关,常闭门磁,ai_candidate,medium: 状态描述，常用于现场
159,弱电智能化系统及设备 > 楼宇智能化系统 > 门禁系统,集线器,HUB,ai_candidate,high: 英文俗称
159,弱电智能化系统及设备 > 楼宇智能化系统 > 门禁系统,集线器,多端口集线器,ai_candidate_low,low: 功能描述性俗称
159,弱电智能化系统及设备 > 楼宇智能化系统 > 门禁系统,非接触卡,感应卡,ai_candidate,high: 最常用俗称
159,弱电智能化系统及设备 > 楼宇智能化系统 > 门禁系统,非接触卡,射频卡,ai_candidate,high: 基于射频技术
159,弱电智能化系统及设备 > 楼宇智能化系统 > 门禁系统,非接触卡,非接触IC卡,ai_candidate,medium: 完整口语表达
1518,成型构件及加工件 > 成型加工件 > 机械设备安装用加工件,机械设备安装用加工件,垫片,ai_candidate,high: 可同时指垫圈和垫板，安装现场常混用
1518,成型构件及加工件 > 成型加工件 > 机械设备安装用加工件,垫圈,华司,ai_candidate,high: 英文washer的音译，五金和机械采购中常用
1518,成型构件及加工件 > 成型加工件 > 机械设备安装用加工件,垫板(片),垫铁,ai_candidate,high: 设备安装中用于支撑和调整水平的垫板常叫垫铁
1518,成型构件及加工件 > 成型加工件 > 机械设备安装用加工件,垫板(片),垫块,ai_candidate,medium: 方形垫板的口语叫法
1518,成型构件及加工件 > 成型加工件 > 机械设备安装用加工件,挡板,挡块,ai_candidate,medium: 用于阻挡的小型挡板常叫挡块
1518,成型构件及加工件 > 成型加工件 > 机械设备安装用加工件,挡板,限位板,ai_candidate,medium: 用于限制位置的挡板
1518,成型构件及加工件 > 成型加工件 > 机械设备安装用加工件,支承环,支撑环,ai_candidate,high: 支承与支撑常混用，指同一类环状支撑件
1518,成型构件及加工件 > 成型加工件 > 机械设备安装用加工件,钢垫板,钢垫片,ai_candidate,high: 钢制垫板的别称
1518,成型构件及加工件 > 成型加工件 > 机械设备安装用加工件,钢垫板,铁垫板,ai_candidate,medium: 口语常将钢质垫板称为铁垫板
1514,成型构件及加工件 > 成型加工件 > 漏斗,87型雨水斗,87斗,ai_candidate,high: 施工现场常用简称
1514,成型构件及加工件 > 成型加工件 > 漏斗,87型雨水斗,87型斗,ai_candidate,high: 省略雨水二字的口语叫法
1514,成型构件及加工件 > 成型加工件 > 漏斗,挑檐漏斗,檐口漏斗,ai_candidate,medium: 挑檐部位俗称檐口，用于檐口的漏斗
1514,成型构件及加工件 > 成型加工件 > 漏斗,雨水斗,落水斗,ai_candidate,medium: 雨水斗的俗称，落水即雨水
1514,成型构件及加工件 > 成型加工件 > 漏斗,雨水斗,屋顶雨水斗,ai_candidate,medium: 强调屋顶安装场景的叫法
1514,成型构件及加工件 > 成型加工件 > 漏斗,雨水漏斗,集水漏斗,ai_candidate_low,low: 漏斗状集水功能的口语描述
1516,成型构件及加工件 > 成型加工件 > 翻边短管,翻边短管,翻边短节,ai_candidate,high: 翻边短管在采购与施工中常被简称为翻边短节
1516,成型构件及加工件 > 成型加工件 > 翻边短管,翻边短管,翻边管,ai_candidate,high: 口语或单据中常省略‘短’字直接称为翻边管
1516,成型构件及加工件 > 成型加工件 > 翻边短管,不锈钢翻边短管,不锈钢翻边短节,ai_candidate,high: 加材质前缀的简称
1516,成型构件及加工件 > 成型加工件 > 翻边短管,不锈钢翻边短管,不锈钢翻边管,ai_candidate,medium: 省略‘短’字的通用叫法
1516,成型构件及加工件 > 成型加工件 > 翻边短管,铜翻边短管,铜翻边短节,ai_candidate,high: 加材质前缀的简称
1516,成型构件及加工件 > 成型加工件 > 翻边短管,铝翻边短管,铝翻边短节,ai_candidate,high: 加材质前缀的简称
1516,成型构件及加工件 > 成型加工件 > 翻边短管,铸铁翻边短管,铸铁翻边短节,ai_candidate,high: 加材质前缀的简称
32,成型构件及加工件 > 成型构件 > 水箱,水箱,储水箱,ai_candidate,high: 通用口语叫法
32,成型构件及加工件 > 成型构件 > 水箱,水箱,水罐,ai_candidate,medium: 小型水箱常称水罐
32,成型构件及加工件 > 成型构件 > 水箱,不锈钢水箱,不锈钢水罐,ai_candidate,high: 施工现场俗称
32,成型构件及加工件 > 成型构件 > 水箱,不锈钢水箱,304水箱,ai_candidate,medium: 常用不锈钢牌号
32,成型构件及加工件 > 成型构件 > 水箱,塑料水箱,PE水箱,ai_candidate,high: 材质为聚乙烯，常见叫法
32,成型构件及加工件 > 成型构件 > 水箱,塑料水箱,塑料水罐,ai_candidate,medium: 口语
32,成型构件及加工件 > 成型构件 > 水箱,搪瓷水箱,瓷釉水箱,ai_candidate,medium: 类似表述
32,成型构件及加工件 > 成型构件 > 水箱,搪瓷钢板水箱,搪瓷板水箱,ai_candidate,high: 现场缩略语
32,成型构件及加工件 > 成型构件 > 水箱,搪瓷钢板水箱,组装式搪瓷水箱,ai_candidate,medium: 常见组装形式
32,成型构件及加工件 > 成型构件 > 水箱,玻璃钢水箱,FRP水箱,ai_candidate,high: 英文简称
32,成型构件及加工件 > 成型构件 > 水箱,玻璃钢水箱,SMC水箱,ai_candidate,medium: 常见SMC模压玻璃钢水箱
32,成型构件及加工件 > 成型构件 > 水箱,钢板水箱,碳钢水箱,ai_candidate,high: 钢材材质通称
32,成型构件及加工件 > 成型构件 > 水箱,钢板水箱,焊接水箱,ai_candidate,medium: 多为焊接成型
32,成型构件及加工件 > 成型构件 > 水箱,镀锌钢板水箱,镀锌水箱,ai_candidate,high: 简略叫法
32,成型构件及加工件 > 成型构件 > 水箱,镀锌钢板水箱,热镀锌水箱,ai_candidate,medium: 强调镀锌工艺
93,成型构件及加工件 > 成型构件 > 预制烟囱、烟道,预制排气道,排气道,ai_candidate,high: 省略“预制”的常用简称
93,成型构件及加工件 > 成型构件 > 预制烟囱、烟道,预制排气道,通风道,ai_candidate,medium: 在排气场景下常混称为通风道
93,成型构件及加工件 > 成型构件 > 预制烟囱、烟道,预制排烟道,排烟道,ai_candidate,high: 省略“预制”的常用简称
93,成型构件及加工件 > 成型构件 > 预制烟囱、烟道,预制排烟道,烟道,ai_candidate,medium: 施工现场常简称为烟道
93,成型构件及加工件 > 成型构件 > 预制烟囱、烟道,预制烟囱,预制烟囱管,ai_candidate,medium: 强调管状形态的叫法
1413,木、竹材料及其制品 > 木材及其制品 > 其他人造木板,指接板,齿接板,ai_candidate,high: 指接板又称指榫板，因接合处呈锯齿形，现场常称齿接板
1413,木、竹材料及其制品 > 木材及其制品 > 其他人造木板,甘蔗板,蔗渣板,ai_candidate,high: 以甘蔗渣为原料制成，行业内直接称蔗渣板
1413,木、竹材料及其制品 > 木材及其制品 > 其他人造木板,电木板,胶木板,ai_candidate,high: 电木板是酚醛树脂板，电气工程中常称胶木板
1413,木、竹材料及其制品 > 木材及其制品 > 其他人造木板,竹制板,竹胶板,ai_candidate,medium: 竹制板多指竹材胶合板，施工采购中俗称竹胶板
132,木、竹材料及其制品 > 木材及其制品 > 其他木制品,杂木杆,杂木棒,ai_candidate_low,low: 杂木杆常用于支撑，现场有时称杂木棒
132,木、竹材料及其制品 > 木材及其制品 > 其他木制品,松木暖气罩,暖气片罩,ai_candidate,medium: 暖气罩是暖气片外罩，俗称暖气片罩
132,木、竹材料及其制品 > 木材及其制品 > 其他木制品,松木暖气罩,散热器罩,ai_candidate,medium: 正式名称散热器罩
132,木、竹材料及其制品 > 木材及其制品 > 其他木制品,沥青杉木板,沥青木板,ai_candidate,medium: 沥青浸泡的木板简称
132,木、竹材料及其制品 > 木材及其制品 > 其他木制品,沥青杉木板,油板,ai_candidate_low,low: 施工现场口语叫法
132,木、竹材料及其制品 > 木材及其制品 > 其他木制品,硬垫木,垫木,ai_candidate,high: 通用简称
132,木、竹材料及其制品 > 木材及其制品 > 其他木制品,硬垫木,木垫块,ai_candidate,high: 描述性叫法
132,木、竹材料及其制品 > 木材及其制品 > 其他木制品,硬木弯头,木弯头,ai_candidate,medium: 省略硬字
132,木、竹材料及其制品 > 木材及其制品 > 其他木制品,硬木暖气罩,硬木暖气片罩,ai_candidate,medium: 同松木暖气罩叫法
132,木、竹材料及其制品 > 木材及其制品 > 其他木制品,花箱帽,花箱顶帽,ai_candidate_low,low: 花箱顶部装饰帽的叫法
132,木、竹材料及其制品 > 木材及其制品 > 其他木制品,防腐木坐凳,防腐凳,ai_candidate,medium: 防腐木坐凳的口语简称
132,木、竹材料及其制品 > 木材及其制品 > 其他木制品,防腐木坐凳,防腐木凳,ai_candidate,medium: 常用别称
1411,木、竹材料及其制品 > 木材及其制品 > 刨花板,刨花板,碎料板,ai_candidate,medium: 刨花板的俗称，施工现场偶用
1411,木、竹材料及其制品 > 木材及其制品 > 刨花板,刨花板,粒子板,ai_candidate_low,low: 部分南方地区对刨花板的叫法
1411,木、竹材料及其制品 > 木材及其制品 > 刨花板,欧松板,OSB板,ai_candidate,high: 英文Oriented Strand Board缩写，采购和施工中常用
1411,木、竹材料及其制品 > 木材及其制品 > 刨花板,欧松板,定向刨花板,ai_candidate,high: 中文全称，与欧松板同义
1411,木、竹材料及其制品 > 木材及其制品 > 刨花板,欧松板,定向结构板,ai_candidate,medium: 对OSB的扩展描述，偶尔作为别称
143,木、竹材料及其制品 > 木材及其制品 > 原木,原木,原木段,ai_candidate,high: 施工现场对原始砍伐后未经深加工的木材段的通用叫法
143,木、竹材料及其制品 > 木材及其制品 > 原木,原木,圆材,ai_candidate,medium: 贸易中常用，指圆形截面的原木
143,木、竹材料及其制品 > 木材及其制品 > 原木,原木,圆木头,ai_candidate,high: 工人口语俗称
143,木、竹材料及其制品 > 木材及其制品 > 原木,圆木,原木,ai_candidate,high: 圆木即为未经锯解的原木，同义互称
143,木、竹材料及其制品 > 木材及其制品 > 原木,圆木,圆材,ai_candidate,medium: 圆形截面木材的通用叫法
143,木、竹材料及其制品 > 木材及其制品 > 原木,圆木,圆条,ai_candidate_low,low: 细长圆木的俗称
143,木、竹材料及其制品 > 木材及其制品 > 原木,方木,方材,ai_candidate,high: 截面为方形或矩形的锯材统称
143,木、竹材料及其制品 > 木材及其制品 > 原木,方木,方子,ai_candidate,high: 施工现场口语，如“用方子撑一下”
143,木、竹材料及其制品 > 木材及其制品 > 原木,方木,方木料,ai_candidate,medium: 采购清单中常见叫法
143,木、竹材料及其制品 > 木材及其制品 > 原木,木方,方子木,ai_candidate,high: 小截面方木，木工常用口语
143,木、竹材料及其制品 > 木材及其制品 > 原木,木方,木条,ai_candidate,medium: 较细的木方常被叫做木条
143,木、竹材料及其制品 > 木材及其制品 > 原木,木方,小方,ai_candidate_low,low: 区别于大方木，指截面尺寸较小的木方
143,木、竹材料及其制品 > 木材及其制品 > 原木,松厚板,松木板,ai_candidate,high: 松木锯成的板材，厚板简称
143,木、竹材料及其制品 > 木材及其制品 > 原木,松厚板,厚松板,ai_candidate,medium: 强调厚度和材质的口语表达
143,木、竹材料及其制品 > 木材及其制品 > 原木,松厚板,松木厚板,ai_candidate,high: 完整名称，采购时常用
1415,木、竹材料及其制品 > 木材及其制品 > 木制台类及货架,圆木台,圆木墩,ai_candidate,medium: 外形为短圆柱木段，常用作展台底座或垫高部件，现场多称圆木墩
1415,木、竹材料及其制品 > 木材及其制品 > 木制台类及货架,圆木台,圆木垫,ai_candidate_low,low: 在一些安装场景中作为圆形垫板使用，称为圆木垫
1415,木、竹材料及其制品 > 木材及其制品 > 木制台类及货架,木台,木平台,ai_candidate,medium: 施工现场常将一般木制台面结构称为木平台
1414,木、竹材料及其制品 > 木材及其制品 > 木制容器类,实木花箱,木花箱,ai_candidate,medium: 施工现场口语简称，省略实木一词
1414,木、竹材料及其制品 > 木材及其制品 > 木制容器类,普通木箱,木箱,ai_candidate,high: 最常见口语叫法，泛指普通木箱
1414,木、竹材料及其制品 > 木材及其制品 > 木制容器类,普通木箱,木头箱,ai_candidate,medium: 口语通俗叫法
1414,木、竹材料及其制品 > 木材及其制品 > 木制容器类,木制信报箱,信报箱,ai_candidate,high: 省略材质，日常口语简称
1414,木、竹材料及其制品 > 木材及其制品 > 木制容器类,木制信报箱,木信报箱,ai_candidate,medium: 材质与功能简并的叫法
1414,木、竹材料及其制品 > 木材及其制品 > 木制容器类,木制喇叭箱,喇叭箱,ai_candidate,medium: 省略材质，行业内常用简称
1414,木、竹材料及其制品 > 木材及其制品 > 木制容器类,木制喇叭箱,木喇叭箱,ai_candidate,medium: 材质加功能简称
1414,木、竹材料及其制品 > 木材及其制品 > 木制容器类,木制布告箱,布告箱,ai_candidate,medium: 省略材质简称
1414,木、竹材料及其制品 > 木材及其制品 > 木制容器类,木制布告箱,木布告箱,ai_candidate,medium: 材质加功能简称
1414,木、竹材料及其制品 > 木材及其制品 > 木制容器类,木制灯箱,木灯箱,ai_candidate,high: 材质加功能简称，现场常用
1414,木、竹材料及其制品 > 木材及其制品 > 木制容器类,木制灯箱,灯箱,ai_candidate,medium: 省略材质，在木制语境下可通用
1414,木、竹材料及其制品 > 木材及其制品 > 木制容器类,木制钥匙箱,钥匙箱,ai_candidate,high: 省略材质，常见口语叫法
1414,木、竹材料及其制品 > 木材及其制品 > 木制容器类,木制钥匙箱,木钥匙箱,ai_candidate,medium: 材质与功能简称
1414,木、竹材料及其制品 > 木材及其制品 > 木制容器类,木制钥匙箱,钥匙盒,ai_candidate_low,low: 小型木制钥匙箱可称为钥匙盒
1414,木、竹材料及其制品 > 木材及其制品 > 木制容器类,木制镜箱,镜箱,ai_candidate_low,low: 省略材质，实际采购中偶用
1414,木、竹材料及其制品 > 木材及其制品 > 木制容器类,木制集装箱,木集装箱,ai_candidate,medium: 材质简称加功能，运输行业常用
1414,木、竹材料及其制品 > 木材及其制品 > 木制容器类,木制集装箱,木质集装箱,ai_candidate,medium: 更完整的别称
1406,木、竹材料及其制品 > 木材及其制品 > 板材,板材,板子,ai_candidate,medium: 施工现场口语统称板材为板子
1406,木、竹材料及其制品 > 木材及其制品 > 板材,板材,木板,ai_candidate,medium: 泛指木制板材
1409,木、竹材料及其制品 > 木材及其制品 > 纤维板,纤维板,密度板,ai_candidate,high: 纤维板因密度分类，行业中常统称为密度板
1409,木、竹材料及其制品 > 木材及其制品 > 纤维板,中密度纤维板,中纤板,ai_candidate,high: 中密度纤维板的通用简称
1409,木、竹材料及其制品 > 木材及其制品 > 纤维板,中密度纤维板,MDF,ai_candidate,high: Medium Density Fiberboard 英文缩写，采购中直接使用
1409,木、竹材料及其制品 > 木材及其制品 > 纤维板,中密度纤维板,中密度板,ai_candidate,high: 口语中直接省略纤维二字
1409,木、竹材料及其制品 > 木材及其制品 > 纤维板,低密度纤维板,低密度板,ai_candidate,high: 低密度纤维板的口语化叫法
1409,木、竹材料及其制品 > 木材及其制品 > 纤维板,低密度纤维板,软质纤维板,ai_candidate,medium: 因其密度低、材质相对柔软而得名
1409,木、竹材料及其制品 > 木材及其制品 > 纤维板,奥松板,澳松板,ai_candidate,medium: 奥松板通常指澳大利亚松木制成的纤维板，澳松板为常见同音别称
1409,木、竹材料及其制品 > 木材及其制品 > 纤维板,高密度纤维板,高密度板,ai_candidate,high: 高密度纤维板的口语化叫法
1409,木、竹材料及其制品 > 木材及其制品 > 纤维板,高密度纤维板,HDF,ai_candidate,high: High Density Fiberboard 英文缩写，行业通用
1409,木、竹材料及其制品 > 木材及其制品 > 纤维板,高密度纤维板,硬质纤维板,ai_candidate,high: 高密度纤维板硬度高，传统称呼为硬质纤维板
1407,木、竹材料及其制品 > 木材及其制品 > 胶合板,普通胶合板,夹板,ai_candidate,high: 南方常用俗称，泛指普通胶合板
1407,木、竹材料及其制品 > 木材及其制品 > 胶合板,普通胶合板,多层板,ai_candidate,high: 北方常用俗称，强调多层单板胶合
1407,木、竹材料及其制品 > 木材及其制品 > 胶合板,覆膜木质胶合板,覆膜板,ai_candidate,high: 施工现场简称，表面覆有防水膜
1407,木、竹材料及其制品 > 木材及其制品 > 胶合板,覆膜木质胶合板,清水模板,ai_candidate,high: 建筑模板用语，指浇筑后混凝土表面平整的覆膜模板
1407,木、竹材料及其制品 > 木材及其制品 > 胶合板,阻燃胶合板,阻燃板,ai_candidate,high: 采购与施工中最常见的简称
1407,木、竹材料及其制品 > 木材及其制品 > 胶合板,饰面胶合板,饰面板,ai_candidate,medium: 行业内对贴了装饰面胶合板的统称
1407,木、竹材料及其制品 > 木材及其制品 > 胶合板,饰面胶合板,贴面板,ai_candidate,medium: 施工口语，指表面贴装饰纸或木皮的胶合板
142,木、竹材料及其制品 > 木材及其制品 > 防腐木,碳化木,炭化木,ai_candidate,high: 同义词，采购和施工中常混用
142,木、竹材料及其制品 > 木材及其制品 > 防腐木,碳化木,热改性木,ai_candidate,medium: 炭化工艺的本质叫法，部分技术文件使用
142,木、竹材料及其制品 > 木材及其制品 > 防腐木,花旗松,北美黄杉,ai_candidate,high: 学名对应的中文正名，林业和进口木材贸易常用
142,木、竹材料及其制品 > 木材及其制品 > 防腐木,花旗松,道格拉斯松,ai_candidate,medium: 英文名 Douglas Fir 的音译，进口材采购单常见
142,木、竹材料及其制品 > 木材及其制品 > 防腐木,花旗松,俄勒冈松,ai_candidate,medium: 原产地叫法，部分北美材供应商使用
1417,木、竹材料及其制品 > 竹材及其制品 > 竹制品,竹制品,竹件,ai_candidate_low,low: 施工现场有时泛称竹制品为竹件
1417,木、竹材料及其制品 > 竹材及其制品 > 竹制品,竹格栅,竹栅栏,ai_candidate,medium: 竹格栅常被叫成竹栅栏或竹篱笆，但略有差异，采购中可通用
1417,木、竹材料及其制品 > 竹材及其制品 > 竹制品,竹桩,毛竹桩,ai_candidate,high: 现场常用毛竹制作，故直接称呼毛竹桩
1417,木、竹材料及其制品 > 竹材及其制品 > 竹制品,竹桩,竹桩子,ai_candidate,medium: 口语化叫法
1417,木、竹材料及其制品 > 竹材及其制品 > 竹制品,竹皮,竹木皮,ai_candidate,medium: 采购单中常见写法，强调薄片木皮感
1417,木、竹材料及其制品 > 竹材及其制品 > 竹制品,竹皮,竹刨切皮,ai_candidate,medium: 加工工艺决定的别称
1417,木、竹材料及其制品 > 竹材及其制品 > 竹制品,竹笆,竹笆片,ai_candidate,high: 施工现场多称竹笆片或竹芭片
1417,木、竹材料及其制品 > 竹材及其制品 > 竹制品,竹笆,竹排,ai_candidate,medium: 外观类似竹排，偶有混用
1417,木、竹材料及其制品 > 竹材及其制品 > 竹制品,竹笪,竹笪片,ai_candidate,medium: 南方工地常用‘竹笪片’指粗竹席片
1417,木、竹材料及其制品 > 竹材及其制品 > 竹制品,竹笪,竹席,ai_candidate_low,low: 粗竹席一种，有时泛称竹席
1417,木、竹材料及其制品 > 竹材及其制品 > 竹制品,竹签,竹棒,ai_candidate,medium: 粗竹签在施工中直接被叫作竹棒或竹棍
1417,木、竹材料及其制品 > 竹材及其制品 > 竹制品,竹签,竹扦,ai_candidate,medium: 用于标记或固定的细竹，常叫竹扦
1417,木、竹材料及其制品 > 竹材及其制品 > 竹制品,竹箩,竹筐,ai_candidate,high: 采购时常竹箩竹筐混用
1417,木、竹材料及其制品 > 竹材及其制品 > 竹制品,竹箩,竹篓,ai_candidate,medium: 形态接近篓的竹箩别称
1417,木、竹材料及其制品 > 竹材及其制品 > 竹制品,竹篾,篾片,ai_candidate,high: 工匠多称篾片或篾条
1417,木、竹材料及其制品 > 竹材及其制品 > 竹制品,竹篾,篾条,ai_candidate,high: 编织时叫篾条
1417,木、竹材料及其制品 > 竹材及其制品 > 竹制品,荆笆,荆条笆,ai_candidate,medium: 指明材料为荆条，北方工地普遍称呼
1417,木、竹材料及其制品 > 竹材及其制品 > 竹制品,荆笆,荆笆片,ai_candidate,medium: 强调成片形态
144,木、竹材料及其制品 > 竹材及其制品 > 竹材,竹材,竹子,ai_candidate,high: 采购中常用泛称，指代未加工的竹材
144,木、竹材料及其制品 > 竹材及其制品 > 竹材,竹材,竹料,ai_candidate,medium: 施工现场对竹材原材料的通用俗称
144,木、竹材料及其制品 > 竹材及其制品 > 竹材,竹竿,竹杆,ai_candidate,high: 因读音相同，口语和手写单中常见混用
144,木、竹材料及其制品 > 竹材及其制品 > 竹材,竹竿,毛竹竿,ai_candidate,medium: 以毛竹为原料的竹竿在采购时直接叫毛竹竿
1416,木、竹材料及其制品 > 竹材及其制品 > 竹板,竹板,竹板材,ai_candidate,high: 竹板类材料的统称
1416,木、竹材料及其制品 > 竹材及其制品 > 竹板,竹层合板,竹层压板,ai_candidate,medium: 由竹片层压胶合而成
1416,木、竹材料及其制品 > 竹材及其制品 > 竹板,竹架板,竹脚手板,ai_candidate,high: 施工现场常用于脚手架的竹板
1416,木、竹材料及其制品 > 竹材及其制品 > 竹板,竹架板,竹跳板,ai_candidate,high: 脚手架铺设用竹板的口语叫法
1416,木、竹材料及其制品 > 竹材及其制品 > 竹板,竹胶板,竹模板,ai_candidate,high: 竹胶板常用作建筑模板
1416,木、竹材料及其制品 > 竹材及其制品 > 竹板,竹胶板,竹胶合板,ai_candidate,high: 全称简称关系
1402,橡胶、塑料及非金属材料 > 其他非金属材料 > 丝麻及其制品,丝麻及其制品,麻丝料,ai_candidate_low,low: 施工现场常将丝麻及其制品统称为麻丝料
1402,橡胶、塑料及非金属材料 > 其他非金属材料 > 丝麻及其制品,线麻,大麻,ai_candidate,high: 线麻是大麻的别称，北方常称大麻
1402,橡胶、塑料及非金属材料 > 其他非金属材料 > 丝麻及其制品,线麻,火麻,ai_candidate,medium: 西南地区常称火麻
1402,橡胶、塑料及非金属材料 > 其他非金属材料 > 丝麻及其制品,麻丝,麻刀,ai_candidate,high: 建筑填料中乱麻丝俗称麻刀
1402,橡胶、塑料及非金属材料 > 其他非金属材料 > 丝麻及其制品,麻丝,麻筋,ai_candidate,high: 拌入灰泥的麻丝常叫麻筋
1402,橡胶、塑料及非金属材料 > 其他非金属材料 > 丝麻及其制品,麻包布,打包布,ai_candidate,medium: 用于包装打捆的粗麻布
1402,橡胶、塑料及非金属材料 > 其他非金属材料 > 丝麻及其制品,麻包布,麻袋布,ai_candidate_low,low: 质地接近麻袋的布料
1402,橡胶、塑料及非金属材料 > 其他非金属材料 > 丝麻及其制品,麻布,亚麻布,ai_candidate,medium: 当明确为亚麻材质时常用
1402,橡胶、塑料及非金属材料 > 其他非金属材料 > 丝麻及其制品,麻绳,白棕绳,ai_candidate,high: 剑麻绳的通用叫法，使用广泛
1402,橡胶、塑料及非金属材料 > 其他非金属材料 > 丝麻及其制品,麻绳,剑麻绳,ai_candidate,medium: 以剑麻为原料的麻绳
1402,橡胶、塑料及非金属材料 > 其他非金属材料 > 丝麻及其制品,麻袋,麻包,ai_candidate,high: 施工现场对麻袋的惯称
1402,橡胶、塑料及非金属材料 > 其他非金属材料 > 丝麻及其制品,麻袋,黄麻袋,ai_candidate,medium: 强调黄麻材质时使用
198,橡胶、塑料及非金属材料 > 其他非金属材料 > 其他非金属材料,人造革,仿皮,ai_candidate,high: 施工现场口语叫法，指模仿真皮的人造材料
198,橡胶、塑料及非金属材料 > 其他非金属材料 > 其他非金属材料,人造革,合成革,ai_candidate,high: 行业商业别称，指用合成材料制成的类皮材料
198,橡胶、塑料及非金属材料 > 其他非金属材料 > 其他非金属材料,人造革,人造皮,ai_candidate,medium: 俗称，突出与真皮的区别
198,橡胶、塑料及非金属材料 > 其他非金属材料 > 其他非金属材料,人造革,PU革,ai_candidate,medium: 聚氨酯人造革的简称，在采购中常直接指代
198,橡胶、塑料及非金属材料 > 其他非金属材料 > 其他非金属材料,地板革,地胶,ai_candidate,high: 施工现场口语叫法，指铺地用的胶面卷材
198,橡胶、塑料及非金属材料 > 其他非金属材料 > 其他非金属材料,地板革,地板胶,ai_candidate,high: 采购口语中常与地胶混用
198,橡胶、塑料及非金属材料 > 其他非金属材料 > 其他非金属材料,地板革,铺地革,ai_candidate,medium: 强调其用途的俗称
198,橡胶、塑料及非金属材料 > 其他非金属材料 > 其他非金属材料,地板革,PVC地板革,ai_candidate,medium: 材料成分简称，采购参数中常用
198,橡胶、塑料及非金属材料 > 其他非金属材料 > 其他非金属材料,帆布,篷布,ai_candidate,high: 工地上常称用于遮盖的布为篷布
198,橡胶、塑料及非金属材料 > 其他非金属材料 > 其他非金属材料,帆布,棉帆布,ai_candidate,medium: 按材质区分的别称
198,橡胶、塑料及非金属材料 > 其他非金属材料 > 其他非金属材料,帆布,粗硬布,ai_candidate_low,low: 早期民间对厚重棉织物的叫法
198,橡胶、塑料及非金属材料 > 其他非金属材料 > 其他非金属材料,滴水线,鹰嘴线,ai_candidate,high: 施工现场主流俗称，因断面形似鹰嘴
198,橡胶、塑料及非金属材料 > 其他非金属材料 > 其他非金属材料,滴水线,滴水槽线,ai_candidate,high: 对滴水线功能与形态的称呼
198,橡胶、塑料及非金属材料 > 其他非金属材料 > 其他非金属材料,滴水线,鹰嘴滴水线,ai_candidate,medium: 鹰嘴线的全称
198,橡胶、塑料及非金属材料 > 其他非金属材料 > 其他非金属材料,滴水线,挡水线条,ai_candidate,medium: 部分地区工人口语叫法
198,橡胶、塑料及非金属材料 > 其他非金属材料 > 其他非金属材料,珍珠棉,EPE,ai_candidate,high: 聚乙烯发泡棉的英文简称，采购中极常用
198,橡胶、塑料及非金属材料 > 其他非金属材料 > 其他非金属材料,珍珠棉,珍珠棉发泡,ai_candidate,medium: 突出其发泡工艺的别称
198,橡胶、塑料及非金属材料 > 其他非金属材料 > 其他非金属材料,珍珠棉,发泡棉,ai_candidate,medium: 简化的俗称，有时泛指发泡材料
198,橡胶、塑料及非金属材料 > 其他非金属材料 > 其他非金属材料,皮草革,仿皮草,ai_candidate,medium: 仿制动物皮草的合成材料俗称
198,橡胶、塑料及非金属材料 > 其他非金属材料 > 其他非金属材料,皮草革,人造毛皮,ai_candidate,medium: 行业标准名称之一
198,橡胶、塑料及非金属材料 > 其他非金属材料 > 其他非金属材料,皮草革,假皮草,ai_candidate,medium: 口语中与真皮草区分的叫法
198,橡胶、塑料及非金属材料 > 其他非金属材料 > 其他非金属材料,皮革,皮料,ai_candidate,medium: 生产采购中常统称各类皮材为皮料
198,橡胶、塑料及非金属材料 > 其他非金属材料 > 其他非金属材料,皮革,熟皮,ai_candidate_low,low: 经过鞣制处理的动物皮俗称
198,橡胶、塑料及非金属材料 > 其他非金属材料 > 其他非金属材料,真皮,天然皮,ai_candidate,medium: 强调天然来源的俗称
198,橡胶、塑料及非金属材料 > 其他非金属材料 > 其他非金属材料,真皮,真皮材质,ai_candidate_low,low: 口语中区分人造革的叫法
198,橡胶、塑料及非金属材料 > 其他非金属材料 > 其他非金属材料,硅胶板,硅橡胶板,ai_candidate,high: 全称，采购合同中常用
198,橡胶、塑料及非金属材料 > 其他非金属材料 > 其他非金属材料,硅胶板,矽胶板,ai_candidate,high: 广东、香港地区惯用叫法
198,橡胶、塑料及非金属材料 > 其他非金属材料 > 其他非金属材料,硅胶板,耐高温硅胶板,ai_candidate,medium: 突出性能的别称，常用于需求描述
198,橡胶、塑料及非金属材料 > 其他非金属材料 > 其他非金属材料,硅胶板,硅胶垫板,ai_candidate,medium: 用作垫片时的叫法
198,橡胶、塑料及非金属材料 > 其他非金属材料 > 其他非金属材料,脱脂棉,药棉,ai_candidate,high: 民间和医疗领域常见俗称
198,橡胶、塑料及非金属材料 > 其他非金属材料 > 其他非金属材料,脱脂棉,卫生棉,ai_candidate,medium: 强调其洁净特性的叫法
198,橡胶、塑料及非金属材料 > 其他非金属材料 > 其他非金属材料,脱脂棉,医用棉,ai_candidate,medium: 在医疗和清洁耗材采购中的别称
1403,橡胶、塑料及非金属材料 > 其他非金属材料 > 化纤及其制品,丙纶布,聚丙烯布,ai_candidate,high: 由聚丙烯（丙纶）纤维制成
1403,橡胶、塑料及非金属材料 > 其他非金属材料 > 化纤及其制品,丙纶布,PP布,ai_candidate,high: 聚丙烯简称为PP
1403,橡胶、塑料及非金属材料 > 其他非金属材料 > 化纤及其制品,吸油棉,吸油毡,ai_candidate,high: 俗称，常用于工业吸油
1403,橡胶、塑料及非金属材料 > 其他非金属材料 > 化纤及其制品,吸油棉,吸油垫,ai_candidate,medium: 现场口语叫法
1403,橡胶、塑料及非金属材料 > 其他非金属材料 > 化纤及其制品,吸音毡,吸音棉,ai_candidate,high: 毡状吸音材料俗称吸音棉
1403,橡胶、塑料及非金属材料 > 其他非金属材料 > 化纤及其制品,无机布,无机纤维布,ai_candidate,medium: 全称，强调纤维材质
1403,橡胶、塑料及非金属材料 > 其他非金属材料 > 化纤及其制品,涤纶布,聚酯布,ai_candidate,high: 涤纶即聚酯纤维
1403,橡胶、塑料及非金属材料 > 其他非金属材料 > 化纤及其制品,涤纶布,的确良布,ai_candidate,medium: 民用领域俗称
1403,橡胶、塑料及非金属材料 > 其他非金属材料 > 化纤及其制品,碳纤维布,碳布,ai_candidate,high: 施工中简化叫法
1403,橡胶、塑料及非金属材料 > 其他非金属材料 > 化纤及其制品,聚丙烯睛纤维,腈纶,ai_candidate,high: 聚丙烯腈纤维的俗称，注意错别字聚丙烯睛常见指聚丙烯腈
1403,橡胶、塑料及非金属材料 > 其他非金属材料 > 化纤及其制品,聚丙烯纤维,丙纶,ai_candidate,high: 聚丙烯纤维商业名
1403,橡胶、塑料及非金属材料 > 其他非金属材料 > 化纤及其制品,聚丙烯纤维,PP纤维,ai_candidate,high: 英文缩写
1403,橡胶、塑料及非金属材料 > 其他非金属材料 > 化纤及其制品,聚丙烯纤维绳,丙纶绳,ai_candidate,high: 聚丙烯绳的常见叫法
1403,橡胶、塑料及非金属材料 > 其他非金属材料 > 化纤及其制品,聚丙烯纤维绳,PP绳,ai_candidate,high: 缩写口语叫法
1403,橡胶、塑料及非金属材料 > 其他非金属材料 > 化纤及其制品,聚丙烯腈纤维,腈纶,ai_candidate,high: 国内通用俗名
1403,橡胶、塑料及非金属材料 > 其他非金属材料 > 化纤及其制品,聚丙烯腈纤维,亚克力纤维,ai_candidate,medium: 音译丙烯酸纤维，有时混用
1403,橡胶、塑料及非金属材料 > 其他非金属材料 > 化纤及其制品,聚酯毡,涤纶毡,ai_candidate,high: 涤纶毡为聚酯毡常见别称
1403,橡胶、塑料及非金属材料 > 其他非金属材料 > 化纤及其制品,聚酯毡,PET毡,ai_candidate,medium: 材料缩写，采购中常用
1403,橡胶、塑料及非金属材料 > 其他非金属材料 > 化纤及其制品,聚酯浸胶线绳,涤纶浸胶绳,ai_candidate,medium: 涤纶即聚酯
1403,橡胶、塑料及非金属材料 > 其他非金属材料 > 化纤及其制品,聚酯纤维,涤纶,ai_candidate,high: 聚酯纤维商品名
1403,橡胶、塑料及非金属材料 > 其他非金属材料 > 化纤及其制品,聚酯纤维,PET纤维,ai_candidate,high: 英文缩写
1403,橡胶、塑料及非金属材料 > 其他非金属材料 > 化纤及其制品,防水布,防雨布,ai_candidate,medium: 主要用于防雨，俗称
1403,橡胶、塑料及非金属材料 > 其他非金属材料 > 化纤及其制品,防水布,防水篷布,ai_candidate,medium: 加篷字强调遮盖用途
1403,橡胶、塑料及非金属材料 > 其他非金属材料 > 化纤及其制品,隔音毡,隔音垫,ai_candidate,medium: 铺设型隔音材料的俗称
1400,橡胶、塑料及非金属材料 > 其他非金属材料 > 石墨碳素制品,石墨碳素制品,碳素制品,ai_candidate,high: 行业通称
1400,橡胶、塑料及非金属材料 > 其他非金属材料 > 石墨碳素制品,石墨碳素制品,石墨制品,ai_candidate,high: 俗称
1400,橡胶、塑料及非金属材料 > 其他非金属材料 > 石墨碳素制品,石墨碳素制品,碳素材料,ai_candidate,medium: 总称别名
1400,橡胶、塑料及非金属材料 > 其他非金属材料 > 石墨碳素制品,柔性石墨(条),膨胀石墨条,ai_candidate,medium: 柔性石墨由膨胀石墨制成
1400,橡胶、塑料及非金属材料 > 其他非金属材料 > 石墨碳素制品,柔性石墨(条),石墨带,ai_candidate,medium: 条状常称石墨带
1400,橡胶、塑料及非金属材料 > 其他非金属材料 > 石墨碳素制品,柔性石墨复合板,石墨复合板,ai_candidate,high: 简称
1400,橡胶、塑料及非金属材料 > 其他非金属材料 > 石墨碳素制品,柔性石墨复合板,石墨增强板,ai_candidate,medium: 复合增强特性俗称
1400,橡胶、塑料及非金属材料 > 其他非金属材料 > 石墨碳素制品,石墨板,纯石墨板,ai_candidate,medium: 区别于复合板
1400,橡胶、塑料及非金属材料 > 其他非金属材料 > 石墨碳素制品,石墨片,石墨纸,ai_candidate,high: 薄片状俗称
1400,橡胶、塑料及非金属材料 > 其他非金属材料 > 石墨碳素制品,石墨片,石墨散热片,ai_candidate,medium: 电子行业常用叫法
1400,橡胶、塑料及非金属材料 > 其他非金属材料 > 石墨碳素制品,石墨粉,黑铅粉,ai_candidate,medium: 石墨别称黑铅
1400,橡胶、塑料及非金属材料 > 其他非金属材料 > 石墨碳素制品,石墨粉,石墨润滑粉,ai_candidate_low,low: 润滑用途叫法
1400,橡胶、塑料及非金属材料 > 其他非金属材料 > 石墨碳素制品,石墨线,石墨纤维线,ai_candidate,high: 材质表述
1400,橡胶、塑料及非金属材料 > 其他非金属材料 > 石墨碳素制品,石墨绳,石墨盘根绳,ai_candidate,medium: 密封用软绳俗称
1400,橡胶、塑料及非金属材料 > 其他非金属材料 > 石墨碳素制品,碳布,碳纤维布,ai_candidate,high: 全称
1400,橡胶、塑料及非金属材料 > 其他非金属材料 > 石墨碳素制品,碳布,碳纤布,ai_candidate,high: 简称
1400,橡胶、塑料及非金属材料 > 其他非金属材料 > 石墨碳素制品,碳棒(条),碳精棒,ai_candidate,high: 电弧碳棒俗称
1400,橡胶、塑料及非金属材料 > 其他非金属材料 > 石墨碳素制品,碳棒(条),碳电极棒,ai_candidate_low,low: 用于电极时叫法
1400,橡胶、塑料及非金属材料 > 其他非金属材料 > 石墨碳素制品,碳石墨块,石墨块,ai_candidate,high: 简化叫法
1400,橡胶、塑料及非金属材料 > 其他非金属材料 > 石墨碳素制品,碳石墨块,碳块,ai_candidate,medium: 含碳材质俗称
1404,橡胶、塑料及非金属材料 > 其他非金属材料 > 草及其制品,草垫,草垫子,ai_candidate,high: 施工现场口语化叫法，加“子”尾
1404,橡胶、塑料及非金属材料 > 其他非金属材料 > 草及其制品,草垫,草褥垫,ai_candidate,medium: 用于保温铺垫时类似褥垫
1404,橡胶、塑料及非金属材料 > 其他非金属材料 > 草及其制品,草垫,蒲垫,ai_candidate,medium: 蒲草编制的垫子，采购中有时按原料称
1404,橡胶、塑料及非金属材料 > 其他非金属材料 > 草及其制品,草帘,草帘子,ai_candidate,high: 最常用口语叫法
1404,橡胶、塑料及非金属材料 > 其他非金属材料 > 草及其制品,草帘,草苫,ai_candidate,high: 建筑工程中用于养护覆盖的草帘常称草苫
1404,橡胶、塑料及非金属材料 > 其他非金属材料 > 草及其制品,草帘,稻草帘,ai_candidate,medium: 以原料区分，稻草编制的帘子
1404,橡胶、塑料及非金属材料 > 其他非金属材料 > 草及其制品,草席,草席子,ai_candidate,high: 口语加“子”
1404,橡胶、塑料及非金属材料 > 其他非金属材料 > 草及其制品,草席,草编席,ai_candidate_low,low: 强调编织工艺
1404,橡胶、塑料及非金属材料 > 其他非金属材料 > 草及其制品,草砖,草砖块,ai_candidate,medium: 现场更具体的称呼
1404,橡胶、塑料及非金属材料 > 其他非金属材料 > 草及其制品,草砖,草坯,ai_candidate_low,low: 类似土坯的造法，压实成坯
1404,橡胶、塑料及非金属材料 > 其他非金属材料 > 草及其制品,草绳,稻草绳,ai_candidate,high: 根据原料明确称呼
1404,橡胶、塑料及非金属材料 > 其他非金属材料 > 草及其制品,草绳,草绳子,ai_candidate,high: 口语加“子”
1404,橡胶、塑料及非金属材料 > 其他非金属材料 > 草及其制品,草袋,草包,ai_candidate,high: 最常见俗称，常用于装砂土
1404,橡胶、塑料及非金属材料 > 其他非金属材料 > 草及其制品,草袋,草袋子,ai_candidate,high: 口语化叫法
1404,橡胶、塑料及非金属材料 > 其他非金属材料 > 草及其制品,草袋,稻草袋,ai_candidate,medium: 按原料叫法
1404,橡胶、塑料及非金属材料 > 其他非金属材料 > 草及其制品,草袋,蒲包,ai_candidate,medium: 蒲草编织的袋子，采购中常混称
1395,橡胶、塑料及非金属材料 > 塑料材料及制品 > 塑料带,塑料带,塑料打包带,ai_candidate,medium: 在施工和采购中，塑料带常特指打包捆扎用的塑料带，统称塑料打包带
1395,橡胶、塑料及非金属材料 > 塑料材料及制品 > 塑料带,塑料带,塑料捆扎带,ai_candidate,medium: 用于捆扎物品的塑料带子，是施工现场通用的叫法
1395,橡胶、塑料及非金属材料 > 塑料材料及制品 > 塑料带,PP打包带,PP带,ai_candidate,high: PP打包带的简称，口语中常用
1395,橡胶、塑料及非金属材料 > 塑料材料及制品 > 塑料带,PP打包带,聚丙烯打包带,ai_candidate,high: 材料全称，发票清单常见
1395,橡胶、塑料及非金属材料 > 塑料材料及制品 > 塑料带,PP打包带,打包带,ai_candidate,medium: 语境明确时简称为打包带
1395,橡胶、塑料及非金属材料 > 塑料材料及制品 > 塑料带,PVC塑料带,PVC带,ai_candidate,high: 直接简化为PVC带，施工现场极常见
1395,橡胶、塑料及非金属材料 > 塑料材料及制品 > 塑料带,PVC塑料带,聚氯乙烯带,ai_candidate,medium: 材料学名，技术文件中使用
1395,橡胶、塑料及非金属材料 > 塑料材料及制品 > 塑料带,聚丙烯RR塑料带,RR带,ai_candidate,high: 型号简称，采购时直接称RR带
1395,橡胶、塑料及非金属材料 > 塑料材料及制品 > 塑料带,聚丙烯RR塑料带,聚丙烯RR带,ai_candidate,medium: 省略塑料二字，日常叫法
1396,橡胶、塑料及非金属材料 > 塑料材料及制品 > 塑料棒,塑料棒,塑料圆棒,ai_candidate,medium: 通常为挤出成型的圆形截面棒材，施工现场常用称谓
1396,橡胶、塑料及非金属材料 > 塑料材料及制品 > 塑料棒,塑料棒,塑料棒材,ai_candidate,medium: 泛指各类塑料制成的棒状材料，采购目录中常见
1396,橡胶、塑料及非金属材料 > 塑料材料及制品 > 塑料棒,PE棒,聚乙烯棒,ai_candidate,high: PE是聚乙烯英文缩写，聚乙烯棒是其通用中文全称
1396,橡胶、塑料及非金属材料 > 塑料材料及制品 > 塑料棒,PP棒,聚丙烯棒,ai_candidate,high: PP是聚丙烯英文缩写，聚丙烯棒是中文正式名称
1396,橡胶、塑料及非金属材料 > 塑料材料及制品 > 塑料棒,PTFE聚四氟乙烯棒,四氟棒,ai_candidate,high: 聚四氟乙烯行业内常简称为四氟，四氟棒为通用叫法
1396,橡胶、塑料及非金属材料 > 塑料材料及制品 > 塑料棒,PTFE聚四氟乙烯棒,铁氟龙棒,ai_candidate,medium: 源自Teflon音译，市场采购中广泛使用铁氟龙指代PTFE
1396,橡胶、塑料及非金属材料 > 塑料材料及制品 > 塑料棒,PU棒,聚氨酯棒,ai_candidate,high: PU是聚氨酯的缩写，聚氨酯棒为材料全称
1396,橡胶、塑料及非金属材料 > 塑料材料及制品 > 塑料棒,PU棒,优力胶棒,ai_candidate,medium: PU弹性体常称为优力胶，棒材亦沿用此俗称
1396,橡胶、塑料及非金属材料 > 塑料材料及制品 > 塑料棒,尼龙棒,PA棒,ai_candidate,high: 尼龙化学名为聚酰胺，英文缩写PA，PA棒在采购中与尼龙棒混用
1396,橡胶、塑料及非金属材料 > 塑料材料及制品 > 塑料棒,尼龙棒,聚酰胺棒,ai_candidate,high: 尼龙即聚酰胺的俗称，聚酰胺棒是正式材料名
1396,橡胶、塑料及非金属材料 > 塑料材料及制品 > 塑料棒,硬聚氯乙烯棒,UPVC棒,ai_candidate,high: 硬聚氯乙烯的通用缩写为UPVC，UPVC棒是常见工程名称
1396,橡胶、塑料及非金属材料 > 塑料材料及制品 > 塑料棒,硬聚氯乙烯棒,硬PVC棒,ai_candidate,high: 硬质PVC棒材的直称，多在非标场合使用
205,橡胶、塑料及非金属材料 > 塑料材料及制品 > 有机玻璃,有机玻璃,亚克力,ai_candidate,high: 有机玻璃的通用俗称
205,橡胶、塑料及非金属材料 > 塑料材料及制品 > 有机玻璃,有机玻璃,PMMA,ai_candidate,high: 聚甲基丙烯酸甲酯英文缩写
205,橡胶、塑料及非金属材料 > 塑料材料及制品 > 有机玻璃,有机玻璃板,亚克力板,ai_candidate,high: 有机玻璃板材的通用俗称
205,橡胶、塑料及非金属材料 > 塑料材料及制品 > 有机玻璃,有机玻璃棒,亚克力棒,ai_candidate,high: 有机玻璃棒材的通用俗称
205,橡胶、塑料及非金属材料 > 塑料材料及制品 > 有机玻璃,有机玻璃片,亚克力片,ai_candidate,high: 有机玻璃片材的通用俗称
205,橡胶、塑料及非金属材料 > 塑料材料及制品 > 有机玻璃,有机玻璃管,亚克力管,ai_candidate,high: 有机玻璃管材的通用俗称
1397,橡胶、塑料及非金属材料 > 塑料材料及制品 > 橡塑复合材料,橡塑复合材料,橡塑复合材,ai_candidate,medium: 橡塑复合材料的简称
1397,橡胶、塑料及非金属材料 > 塑料材料及制品 > 橡塑复合材料,橡塑复合板,橡塑板,ai_candidate,medium: 施工现场口语简称为橡塑板
1397,橡胶、塑料及非金属材料 > 塑料材料及制品 > 橡塑复合材料,橡胶铝铂复合材料,铝箔橡胶板,ai_candidate,high: 铝铂即铝箔，常被称为铝箔橡胶板
1397,橡胶、塑料及非金属材料 > 塑料材料及制品 > 橡塑复合材料,沥青橡胶复合材料,橡胶沥青板,ai_candidate,medium: 沥青与橡胶复合的板材常称为橡胶沥青板
1397,橡胶、塑料及非金属材料 > 塑料材料及制品 > 橡塑复合材料,石墨橡胶复合材料,石墨橡胶板,ai_candidate,high: 石墨橡胶复合材料常简称为石墨橡胶板
1397,橡胶、塑料及非金属材料 > 塑料材料及制品 > 橡塑复合材料,金属橡胶复合材料,金属橡胶板,ai_candidate,medium: 金属橡胶复合材料常被称为金属橡胶板
1397,橡胶、塑料及非金属材料 > 塑料材料及制品 > 橡塑复合材料,防静电橡塑板,抗静电橡塑板,ai_candidate,high: 防静电亦称抗静电，常称抗静电橡塑板
1397,橡胶、塑料及非金属材料 > 塑料材料及制品 > 橡塑复合材料,防静电橡塑板,ESD橡塑板,ai_candidate,medium: 防静电在电工领域常被称为ESD
126,橡胶、塑料及非金属材料 > 橡胶材料及制品 > 其他橡胶材料,其他橡胶材料,橡胶杂件,ai_candidate,medium: 其他橡胶材料通常指非标或零星橡胶件，行业内常统称橡胶杂件
126,橡胶、塑料及非金属材料 > 橡胶材料及制品 > 其他橡胶材料,减震垫,橡胶减震垫,ai_candidate,high: 常用全称，强调材质
126,橡胶、塑料及非金属材料 > 橡胶材料及制品 > 其他橡胶材料,减震垫,缓冲胶垫,ai_candidate,high: 功能相似，现场混用
126,橡胶、塑料及非金属材料 > 橡胶材料及制品 > 其他橡胶材料,减震垫,防震胶垫,ai_candidate,medium: 突出防震功能
126,橡胶、塑料及非金属材料 > 橡胶材料及制品 > 其他橡胶材料,医用橡胶管,医用胶管,ai_candidate,high: 省略'橡胶'的简称
126,橡胶、塑料及非金属材料 > 橡胶材料及制品 > 其他橡胶材料,医用橡胶管,医疗胶管,ai_candidate,medium: 行业通称
126,橡胶、塑料及非金属材料 > 橡胶材料及制品 > 其他橡胶材料,塞子胶垫,堵头胶垫,ai_candidate,medium: 用于塞子封堵，现场叫法
126,橡胶、塑料及非金属材料 > 橡胶材料及制品 > 其他橡胶材料,塞子胶垫,密封胶塞垫,ai_candidate_low,low: 强调密封功能
126,橡胶、塑料及非金属材料 > 橡胶材料及制品 > 其他橡胶材料,机柜脚,设备脚垫,ai_candidate,high: 泛指设备底部支撑垫
126,橡胶、塑料及非金属材料 > 橡胶材料及制品 > 其他橡胶材料,机柜脚,橡胶机脚,ai_candidate,medium: 明确材质和用途
126,橡胶、塑料及非金属材料 > 橡胶材料及制品 > 其他橡胶材料,机柜脚,机柜垫脚,ai_candidate,medium: 同义口语表达
126,橡胶、塑料及非金属材料 > 橡胶材料及制品 > 其他橡胶材料,橡胶垫,胶垫,ai_candidate,high: 最通用简称
126,橡胶、塑料及非金属材料 > 橡胶材料及制品 > 其他橡胶材料,橡胶垫,橡皮垫,ai_candidate,medium: 早期口语说法
126,橡胶、塑料及非金属材料 > 橡胶材料及制品 > 其他橡胶材料,橡胶塞,胶塞,ai_candidate,high: 通用简称
126,橡胶、塑料及非金属材料 > 橡胶材料及制品 > 其他橡胶材料,橡胶塞,橡皮塞,ai_candidate,high: 习惯叫法
126,橡胶、塑料及非金属材料 > 橡胶材料及制品 > 其他橡胶材料,橡胶塞,橡胶堵头,ai_candidate,medium: 用于堵塞时叫法
126,橡胶、塑料及非金属材料 > 橡胶材料及制品 > 其他橡胶材料,橡胶护舷,码头防撞条,ai_candidate,medium: 施工现场按功能描述
126,橡胶、塑料及非金属材料 > 橡胶材料及制品 > 其他橡胶材料,橡胶护舷,橡胶防撞护舷,ai_candidate,medium: 完整叫法
126,橡胶、塑料及非金属材料 > 橡胶材料及制品 > 其他橡胶材料,橡胶棒,橡胶棍,ai_candidate,high: 棒与棍同义
126,橡胶、塑料及非金属材料 > 橡胶材料及制品 > 其他橡胶材料,橡胶棒,胶棒,ai_candidate,high: 简称
126,橡胶、塑料及非金属材料 > 橡胶材料及制品 > 其他橡胶材料,橡胶缓冲块,缓冲胶块,ai_candidate,high: 材料与功能组合简称
126,橡胶、塑料及非金属材料 > 橡胶材料及制品 > 其他橡胶材料,橡胶缓冲块,橡胶减震块,ai_candidate,medium: 功能类似减震
126,橡胶、塑料及非金属材料 > 橡胶材料及制品 > 其他橡胶材料,橡胶颗粒,胶粒,ai_candidate,high: 现场简称
126,橡胶、塑料及非金属材料 > 橡胶材料及制品 > 其他橡胶材料,橡胶颗粒,橡胶粒,ai_candidate,high: 全称简略
126,橡胶、塑料及非金属材料 > 橡胶材料及制品 > 其他橡胶材料,氟丁腈橡胶垫,氟丁胶垫,ai_candidate,medium: 氟丁腈橡胶的简称
126,橡胶、塑料及非金属材料 > 橡胶材料及制品 > 其他橡胶材料,石棉橡胶垫,石棉胶垫,ai_candidate,high: 简称
126,橡胶、塑料及非金属材料 > 橡胶材料及制品 > 其他橡胶材料,石棉橡胶垫,石棉垫,ai_candidate,high: 更简略的叫法
126,橡胶、塑料及非金属材料 > 橡胶材料及制品 > 其他橡胶材料,石棉橡胶垫,耐热石棉垫,ai_candidate,medium: 突出耐热特性
126,橡胶、塑料及非金属材料 > 橡胶材料及制品 > 其他橡胶材料,零星橡胶件,橡胶杂件,ai_candidate,high: 行业内泛称
126,橡胶、塑料及非金属材料 > 橡胶材料及制品 > 其他橡胶材料,零星橡胶件,非标橡胶件,ai_candidate,medium: 强调无标准规格
1393,橡胶、塑料及非金属材料 > 橡胶材料及制品 > 橡胶圈,橡胶圈,胶圈,ai_candidate,high: 橡胶圈的简称，现场口语常用
1393,橡胶、塑料及非金属材料 > 橡胶材料及制品 > 橡胶圈,橡胶圈,橡胶密封圈,ai_candidate,high: 强调密封功能的通行叫法
1393,橡胶、塑料及非金属材料 > 橡胶材料及制品 > 橡胶圈,橡胶圈,胶垫圈,ai_candidate,medium: 橡胶垫圈类产品的口语统称
1393,橡胶、塑料及非金属材料 > 橡胶材料及制品 > 橡胶圈,丁腈耐油密封圈,丁腈圈,ai_candidate,high: 以材质简称代替全称
1393,橡胶、塑料及非金属材料 > 橡胶材料及制品 > 橡胶圈,丁腈耐油密封圈,NBR密封圈,ai_candidate,high: 使用材质英文缩写NBR
1393,橡胶、塑料及非金属材料 > 橡胶材料及制品 > 橡胶圈,丁腈耐油密封圈,耐油圈,ai_candidate,high: 突出耐油功能的口语叫法
1393,橡胶、塑料及非金属材料 > 橡胶材料及制品 > 橡胶圈,弹性圈,弹力圈,ai_candidate_low,low: 口语中对弹性体的模糊描述
1393,橡胶、塑料及非金属材料 > 橡胶材料及制品 > 橡胶圈,橡皮垫圈,橡皮垫,ai_candidate,high: 扁平形状的橡胶垫片俗称
1393,橡胶、塑料及非金属材料 > 橡胶材料及制品 > 橡胶圈,橡皮垫圈,胶皮垫圈,ai_candidate,high: 突出胶皮材质的叫法
1393,橡胶、塑料及非金属材料 > 橡胶材料及制品 > 橡胶圈,橡皮垫圈,胶垫,ai_candidate,high: 橡胶垫的简称
1393,橡胶、塑料及非金属材料 > 橡胶材料及制品 > 橡胶圈,氟胶密封圈,氟胶圈,ai_candidate,high: 氟橡胶材质的简称
1393,橡胶、塑料及非金属材料 > 橡胶材料及制品 > 橡胶圈,氟胶密封圈,FKM圈,ai_candidate,high: 氟橡胶的英文缩写
1393,橡胶、塑料及非金属材料 > 橡胶材料及制品 > 橡胶圈,氟胶密封圈,氟橡胶密封圈,ai_candidate,high: 材料全称替代
1393,橡胶、塑料及非金属材料 > 橡胶材料及制品 > 橡胶圈,玻璃钢胶圈,玻璃钢垫圈,ai_candidate,medium: 常见对玻璃钢制垫圈的叫法
1393,橡胶、塑料及非金属材料 > 橡胶材料及制品 > 橡胶圈,玻璃钢胶圈,FRP胶圈,ai_candidate,medium: 玻璃钢英文缩写名称
1393,橡胶、塑料及非金属材料 > 橡胶材料及制品 > 橡胶圈,硅胶密封圈,硅胶圈,ai_candidate,high: 硅橡胶的简称
1393,橡胶、塑料及非金属材料 > 橡胶材料及制品 > 橡胶圈,硅胶密封圈,硅橡胶圈,ai_candidate,high: 材质全称
1393,橡胶、塑料及非金属材料 > 橡胶材料及制品 > 橡胶圈,硅胶密封圈,硅胶O型圈,ai_candidate,medium: 常见截面形状的口语补充
163,水处理及环保设备 > 原水处理设备 > 水处理成套设备,水处理成套设备,成套水处理装置,ai_candidate,medium: 行业统称
163,水处理及环保设备 > 原水处理设备 > 水处理成套设备,水处理成套设备,一体化水处理设备,ai_candidate,medium: 成套设备常称为一体化设备
163,水处理及环保设备 > 原水处理设备 > 水处理成套设备,pcc水质处理站,PCC水处理站,ai_candidate,medium: PCC为常见缩写口语保留
163,水处理及环保设备 > 原水处理设备 > 水处理成套设备,pcc水质处理站,物化处理站,ai_candidate,medium: PCC常指物理化学处理，口语简称
163,水处理及环保设备 > 原水处理设备 > 水处理成套设备,中水净化器,中水过滤器,ai_candidate,high: 功能相似，口语常混用
163,水处理及环保设备 > 原水处理设备 > 水处理成套设备,中水净化器,中水净化机,ai_candidate,high: 小型一体化设备常见叫法
163,水处理及环保设备 > 原水处理设备 > 水处理成套设备,中水处理设备,中水回用装置,ai_candidate,medium: 强调回用功能时的叫法
163,水处理及环保设备 > 原水处理设备 > 水处理成套设备,中水处理设备,中水系统,ai_candidate,medium: 成套系统简称
163,水处理及环保设备 > 原水处理设备 > 水处理成套设备,动态水处理机组,动态水处理器,ai_candidate_low,low: 省略机组，常见于产品名
163,水处理及环保设备 > 原水处理设备 > 水处理成套设备,反渗透净水设备,RO净水设备,ai_candidate,high: 反渗透英文缩写RO通用
163,水处理及环保设备 > 原水处理设备 > 水处理成套设备,反渗透净水设备,反渗透装置,ai_candidate,high: 设备与装置常混用
163,水处理及环保设备 > 原水处理设备 > 水处理成套设备,反渗透净水设备,反渗透系统,ai_candidate,high: 成套称系统
163,水处理及环保设备 > 原水处理设备 > 水处理成套设备,旁流水处理系统,旁流过滤系统,ai_candidate,high: 强调过滤的旁流处理
163,水处理及环保设备 > 原水处理设备 > 水处理成套设备,旁流水处理系统,旁路水处理设备,ai_candidate,medium: 旁路与旁流同义
163,水处理及环保设备 > 原水处理设备 > 水处理成套设备,旁流水处理系统,旁滤系统,ai_candidate,high: 施工现场简称
163,水处理及环保设备 > 原水处理设备 > 水处理成套设备,电化学水处理器,电化学除垢器,ai_candidate,medium: 主要用于除垢，口语直呼
163,水处理及环保设备 > 原水处理设备 > 水处理成套设备,电化学水处理器,电化水处理器,ai_candidate_low,low: 缩略叫法
163,水处理及环保设备 > 原水处理设备 > 水处理成套设备,电子水处理器,电子除垢仪,ai_candidate,high: 最常见俗称
163,水处理及环保设备 > 原水处理设备 > 水处理成套设备,电子水处理器,电子水处理仪,ai_candidate,high: 产品名常用尾缀
163,水处理及环保设备 > 原水处理设备 > 水处理成套设备,电子水处理器,电子防垢器,ai_candidate,medium: 强调防垢功能
163,水处理及环保设备 > 原水处理设备 > 水处理成套设备,离子群处理机组,离子群水处理器,ai_candidate,medium: 机组也常称处理器
163,水处理及环保设备 > 原水处理设备 > 水处理成套设备,离子群处理机组,离子群处理设备,ai_candidate_low,low: 统称处理设备
1654,水处理及环保设备 > 原水处理设备 > 水软化设备,水软化设备,软化水设备,ai_candidate,high: 水软化设备的全称常见叫法
1654,水处理及环保设备 > 原水处理设备 > 水软化设备,水软化设备,软水设备,ai_candidate,high: 简称
1654,水处理及环保设备 > 原水处理设备 > 水软化设备,水软化设备,软化系统,ai_candidate,medium: 工程中常说软化系统
1654,水处理及环保设备 > 原水处理设备 > 水软化设备,自动软水器,全自动软水器,ai_candidate,high: 全自动是常见修饰
1654,水处理及环保设备 > 原水处理设备 > 水软化设备,自动软水器,自动软水装置,ai_candidate,medium: 施工现场称装置
1654,水处理及环保设备 > 原水处理设备 > 水软化设备,自动软水器,软水机,ai_candidate,high: 俗称，尤其小型设备
1654,水处理及环保设备 > 原水处理设备 > 水软化设备,钠离子交换软水器,钠床,ai_candidate,high: 钠离子交换器的简称
1654,水处理及环保设备 > 原水处理设备 > 水软化设备,钠离子交换软水器,钠离子交换器,ai_candidate,high: 去除软水二字，实际同义
1654,水处理及环保设备 > 原水处理设备 > 水软化设备,钠离子交换软水器,钠型软化器,ai_candidate,medium: 以钠型树脂再生
1654,水处理及环保设备 > 原水处理设备 > 水软化设备,钠离子交换软水器,钠离子交换罐,ai_candidate,medium: 罐体形式
1654,水处理及环保设备 > 原水处理设备 > 水软化设备,阳离子交换器,阳床,ai_candidate,high: 阳离子交换器的简称
1654,水处理及环保设备 > 原水处理设备 > 水软化设备,阳离子交换器,阳离子交换柱,ai_candidate,medium: 柱形设备
1654,水处理及环保设备 > 原水处理设备 > 水软化设备,阳离子交换器,阳树脂罐,ai_candidate,medium: 内部装填阳树脂
1654,水处理及环保设备 > 原水处理设备 > 水软化设备,阴离子交换器,阴床,ai_candidate,high: 阴离子交换器的简称
1654,水处理及环保设备 > 原水处理设备 > 水软化设备,阴离子交换器,阴离子交换柱,ai_candidate,medium: 柱形设备
1654,水处理及环保设备 > 原水处理设备 > 水软化设备,阴离子交换器,阴树脂罐,ai_candidate,medium: 内部装填阴树脂
1654,水处理及环保设备 > 原水处理设备 > 水软化设备,阴阳离子交换器,混床,ai_candidate,high: 混合离子交换器的俗称
1654,水处理及环保设备 > 原水处理设备 > 水软化设备,阴阳离子交换器,混合离子交换器,ai_candidate,high: 全称
1654,水处理及环保设备 > 原水处理设备 > 水软化设备,阴阳离子交换器,混合床离子交换器,ai_candidate,medium: 另一种全称
1656,水处理及环保设备 > 原水处理设备 > 膜与膜设备,膜与膜设备,膜设备,ai_candidate,medium: 泛指各类膜过滤设备，在施工现场统称膜设备
1656,水处理及环保设备 > 原水处理设备 > 膜与膜设备,膜与膜设备,膜系统,ai_candidate,medium: 泛指膜过滤系统，采购中常统称膜系统
1656,水处理及环保设备 > 原水处理设备 > 膜与膜设备,MBR膜及装置,MBR膜系统,ai_candidate,high: 习惯简称，指代整套MBR膜生物反应器装置
1656,水处理及环保设备 > 原水处理设备 > 膜与膜设备,MBR膜及装置,MBR膜组件,ai_candidate,medium: 现场常用叫法，指MBR膜单元及配套组件
1656,水处理及环保设备 > 原水处理设备 > 膜与膜设备,MBR膜及装置,MBR膜,ai_candidate,high: 采购口语中直接以膜代指整套装置
1656,水处理及环保设备 > 原水处理设备 > 膜与膜设备,反渗透膜,RO膜,ai_candidate,high: 反渗透膜的标准行业简称
1656,水处理及环保设备 > 原水处理设备 > 膜与膜设备,反渗透膜及装置,RO系统,ai_candidate,high: 反渗透装置的系统级叫法
1656,水处理及环保设备 > 原水处理设备 > 膜与膜设备,反渗透膜及装置,RO装置,ai_candidate,high: 反渗透装置的通用简称
1656,水处理及环保设备 > 原水处理设备 > 膜与膜设备,反渗透膜及装置,反渗透系统,ai_candidate,medium: 指代含膜组件在内的成套反渗透设备
1656,水处理及环保设备 > 原水处理设备 > 膜与膜设备,微滤膜及装置,MF膜装置,ai_candidate,medium: 微滤膜装置的简称
1656,水处理及环保设备 > 原水处理设备 > 膜与膜设备,微滤膜及装置,微滤系统,ai_candidate,high: 施工现场常称微滤系统
1656,水处理及环保设备 > 原水处理设备 > 膜与膜设备,电渗析(离子交换膜)器,电渗析器,ai_candidate,high: 电渗析设备的通用口语叫法
1656,水处理及环保设备 > 原水处理设备 > 膜与膜设备,电渗析(离子交换膜)器,ED电渗析器,ai_candidate,medium: 电渗析(Electrodialysis)缩写加中文的混合叫法
1656,水处理及环保设备 > 原水处理设备 > 膜与膜设备,电渗析(离子交换膜)器,ED系统,ai_candidate,medium: 电渗析系统的简称
1656,水处理及环保设备 > 原水处理设备 > 膜与膜设备,纳滤膜及装置,NF膜装置,ai_candidate,medium: 纳滤膜装置的简称
1656,水处理及环保设备 > 原水处理设备 > 膜与膜设备,纳滤膜及装置,纳滤系统,ai_candidate,high: 纳滤膜及成套设备的统称
1656,水处理及环保设备 > 原水处理设备 > 膜与膜设备,超滤膜及装置,UF膜装置,ai_candidate,medium: 超滤膜装置的简称
1656,水处理及环保设备 > 原水处理设备 > 膜与膜设备,超滤膜及装置,超滤系统,ai_candidate,high: 含超滤膜组件在内的成套设备统称
1661,水处理及环保设备 > 污水处理设备 > 格栅类栏污设备,格栅类栏污设备,拦污格栅,ai_candidate,high: 水处理现场常将格栅类设备统称为拦污格栅
1661,水处理及环保设备 > 污水处理设备 > 格栅类栏污设备,格栅类栏污设备,格栅除污机,ai_candidate,high: 该类设备主要功能为除污，采购与施工中常称格栅除污机
1661,水处理及环保设备 > 污水处理设备 > 格栅类栏污设备,格栅类栏污设备,格栅清污机,ai_candidate,high: 同格栅除污机，清污机为常见别称
1661,水处理及环保设备 > 污水处理设备 > 格栅类栏污设备,人工格栅,手动格栅,ai_candidate,high: 人工格栅依靠手动清理，施工现场常用手动格栅称呼
1661,水处理及环保设备 > 污水处理设备 > 格栅类栏污设备,人工格栅,人工清污格栅,ai_candidate,medium: 明确采用人工清污的方式，采购清单中偶尔使用
1661,水处理及环保设备 > 污水处理设备 > 格栅类栏污设备,机械格栅,自动格栅,ai_candidate,high: 机械驱动自动清污，常被叫做自动格栅
1661,水处理及环保设备 > 污水处理设备 > 格栅类栏污设备,机械格栅,电动格栅,ai_candidate,medium: 常见机械格栅由电机驱动，口语可称电动格栅
1661,水处理及环保设备 > 污水处理设备 > 格栅类栏污设备,机械格栅,机械清污格栅,ai_candidate,medium: 强调机械清污方式，技术交流中可能使用
1661,水处理及环保设备 > 污水处理设备 > 格栅类栏污设备,水利清除格栅,水力清污格栅,ai_candidate,medium: 利用水力自动清除污物，行业常称水力清污格栅
1661,水处理及环保设备 > 污水处理设备 > 格栅类栏污设备,水利清除格栅,水力自清格栅,ai_candidate,medium: 强调水力自清洁功能，部分厂商称呼
1672,水处理及环保设备 > 环保设备 > 噪音防护设施,噪音防护设施,降噪设施,ai_candidate,medium: 口头或采购中常将噪音防护统称降噪
1672,水处理及环保设备 > 环保设备 > 噪音防护设施,噪音防护设施,噪声治理设施,ai_candidate,medium: 环保领域常用说法
1672,水处理及环保设备 > 环保设备 > 噪音防护设施,防噪声屏,声屏障,ai_candidate,high: 交通、市政工程中标准叫法
1672,水处理及环保设备 > 环保设备 > 噪音防护设施,防噪声屏,隔音屏,ai_candidate,high: 施工现场口语化叫法
1672,水处理及环保设备 > 环保设备 > 噪音防护设施,防噪声屏,隔音屏障,ai_candidate,medium: 采购中常见俗称
1669,水处理及环保设备 > 环保设备 > 垃圾处理设施,垃圾处理器,厨余垃圾处理器,ai_candidate,high: 家庭用垃圾处理器常见用于处理厨余
1669,水处理及环保设备 > 环保设备 > 垃圾处理设施,垃圾处理器,食物垃圾处理器,ai_candidate,high: 强调处理食物残渣的功能
1669,水处理及环保设备 > 环保设备 > 垃圾处理设施,垃圾处理器,垃圾粉碎机,ai_candidate,medium: 通过粉碎实现处理，俗称垃圾粉碎机
1669,水处理及环保设备 > 环保设备 > 垃圾处理设施,垃圾破碎机,垃圾撕碎机,ai_candidate,high: 破碎常用撕碎方式实现，现场也这样叫
1669,水处理及环保设备 > 环保设备 > 垃圾处理设施,垃圾破碎机,固废破碎机,ai_candidate,medium: 在固废处理领域常称固废破碎机
1669,水处理及环保设备 > 环保设备 > 垃圾处理设施,破袋机,破袋器,ai_candidate,high: 口语化简称
1669,水处理及环保设备 > 环保设备 > 垃圾处理设施,破袋机,自动破袋机,ai_candidate,high: 强调自动化运行
1670,水处理及环保设备 > 环保设备 > 环保厕所,免水冲打包式卫生间,打包厕所,ai_candidate,high: 施工现场及采购中常用简称
1670,水处理及环保设备 > 环保设备 > 环保厕所,免水冲打包式卫生间,打包式卫生间,ai_candidate,high: 省略‘免水冲’的常见叫法
1670,水处理及环保设备 > 环保设备 > 环保厕所,免水冲打包式卫生间,无水打包厕所,ai_candidate,medium: 突出免水特征并保留打包属性
1670,水处理及环保设备 > 环保设备 > 环保厕所,循环水环保生态卫生间,循环水厕所,ai_candidate,high: 采购与施工中口语化简称
1670,水处理及环保设备 > 环保设备 > 环保厕所,循环水环保生态卫生间,水循环卫生间,ai_candidate,medium: 调换词序的常见俗称
1670,水处理及环保设备 > 环保设备 > 环保厕所,循环水环保生态卫生间,循环冲洗厕所,ai_candidate,medium: 强调水循环主要功能
1670,水处理及环保设备 > 环保设备 > 环保厕所,泡沫封闭式卫生间,泡沫厕所,ai_candidate,high: 最通用简称
1670,水处理及环保设备 > 环保设备 > 环保厕所,泡沫封闭式卫生间,泡沫封堵厕所,ai_candidate,high: 基于核心技术特征的行业名称
1670,水处理及环保设备 > 环保设备 > 环保厕所,泡沫封闭式卫生间,发泡厕所,ai_candidate,medium: 突出泡沫生成方式
1668,水处理及环保设备 > 环保设备 > 除尘设备,除尘设备,除尘器,ai_candidate,high: 行业内统称除尘设备为除尘器
1668,水处理及环保设备 > 环保设备 > 除尘设备,除尘设备,收尘设备,ai_candidate,medium: 水泥、冶金等行业常称收尘设备
1668,水处理及环保设备 > 环保设备 > 除尘设备,惯性除尘器,惯性力除尘器,ai_candidate,medium: 利用惯性力原理，工程中常用全称
1668,水处理及环保设备 > 环保设备 > 除尘设备,惯性除尘器,挡板除尘器,ai_candidate,medium: 内部设有挡板改变气流方向，俗名
1668,水处理及环保设备 > 环保设备 > 除尘设备,旋风除尘器,旋风分离器,ai_candidate,high: 化工、电力行业常用叫法
1668,水处理及环保设备 > 环保设备 > 除尘设备,旋风除尘器,旋风收尘器,ai_candidate,high: 水泥行业收尘系统常用名
1668,水处理及环保设备 > 环保设备 > 除尘设备,洗涤式除尘设备,湿式除尘器,ai_candidate,high: 行业通用称谓
1668,水处理及环保设备 > 环保设备 > 除尘设备,洗涤式除尘设备,水浴除尘器,ai_candidate,medium: 一种洗涤形式，现场有时混称
1668,水处理及环保设备 > 环保设备 > 除尘设备,磁力除尘设备,磁除尘器,ai_candidate,medium: 简化的口语叫法
1668,水处理及环保设备 > 环保设备 > 除尘设备,离心除尘设备,离心式除尘器,ai_candidate,high: 标准名称的全称形式
1668,水处理及环保设备 > 环保设备 > 除尘设备,袋式除尘器,布袋除尘器,ai_candidate,high: 施工现场及采购极常用叫法
1668,水处理及环保设备 > 环保设备 > 除尘设备,袋式除尘器,袋式收尘器,ai_candidate,high: 水泥、冶金行业常用
1668,水处理及环保设备 > 环保设备 > 除尘设备,重力除尘设备,重力沉降室,ai_candidate,high: 利用重力沉降原理的通俗名称
1668,水处理及环保设备 > 环保设备 > 除尘设备,重力除尘设备,沉降除尘器,ai_candidate,medium: 现场口语简称
1668,水处理及环保设备 > 环保设备 > 除尘设备,除尘系统,收尘系统,ai_candidate,medium: 建材、冶金行业对除尘系统的统称
1668,水处理及环保设备 > 环保设备 > 除尘设备,除尘系统,除尘装置,ai_candidate,medium: 通用别称
1668,水处理及环保设备 > 环保设备 > 除尘设备,静电除尘设备,电除尘器,ai_candidate,high: 业内标准简称
1668,水处理及环保设备 > 环保设备 > 除尘设备,静电除尘设备,静电收尘器,ai_candidate,high: 电力、水泥行业常见叫法
1668,水处理及环保设备 > 环保设备 > 除尘设备,颗粒除尘设备,颗粒层除尘器,ai_candidate,medium: 该类设备的标准全称
1667,水处理及环保设备 > 环保设备 > 除气设备,除气设备,脱气设备,ai_candidate,medium: 脱气与除气同义，常用于水处理工程
1667,水处理及环保设备 > 环保设备 > 除气设备,除气设备,除氧器,ai_candidate,medium: 口语中常以除氧器泛指各类除氧除气设备
1667,水处理及环保设备 > 环保设备 > 除气设备,除气设备,除气机,ai_candidate,medium: 口语简称
1667,水处理及环保设备 > 环保设备 > 除气设备,低位热力除氧器,低位除氧器,ai_candidate,medium: 省略热力，强调低位安装形式
1667,水处理及环保设备 > 环保设备 > 除气设备,全自动真空脱气机,真空脱气机,ai_candidate,high: 省略全自动，最常见简称
1667,水处理及环保设备 > 环保设备 > 除气设备,真空除氧器,真空脱氧器,ai_candidate,medium: 脱氧与除氧同义
1667,水处理及环保设备 > 环保设备 > 除气设备,除碳器(鼓风填料式),除二氧化碳器,ai_candidate,high: 该设备主要去除水中二氧化碳，现场常以此称呼
1667,水处理及环保设备 > 环保设备 > 除气设备,除碳器(鼓风填料式),脱碳器,ai_candidate,medium: 脱碳是除碳的另一种说法
1570,水暖器材及热水、采暖锅炉设备 > 散热器 > 散热器专用配件,散热器专用配件,暖气片配件,ai_candidate,medium: 采购和安装中常将散热器称为暖气片，其配件统称暖气片配件
1570,水暖器材及热水、采暖锅炉设备 > 散热器 > 散热器专用配件,散热器专用配件,散热器配件,ai_candidate,high: 该类目的通用简称
1570,水暖器材及热水、采暖锅炉设备 > 散热器 > 散热器专用配件,丝堵,堵头,ai_candidate,high: 施工现场最通用的叫法，指封闭管口的零件
1570,水暖器材及热水、采暖锅炉设备 > 散热器 > 散热器专用配件,丝堵,管堵,ai_candidate,medium: 泛指管道上的丝扣堵头
1570,水暖器材及热水、采暖锅炉设备 > 散热器 > 散热器专用配件,加水斗,补水斗,ai_candidate,medium: 用于散热器系统补水，俗称补水斗
1570,水暖器材及热水、采暖锅炉设备 > 散热器 > 散热器专用配件,加水斗,灌水斗,ai_candidate_low,low: 安装或调试时灌水用的小型漏斗状配件
1570,水暖器材及热水、采暖锅炉设备 > 散热器 > 散热器专用配件,固定卡,卡子,ai_candidate,high: 工人对各类卡扣式固定件的统称
1570,水暖器材及热水、采暖锅炉设备 > 散热器 > 散热器专用配件,固定卡,固定卡子,ai_candidate,high: 固定卡的完整口语叫法
1570,水暖器材及热水、采暖锅炉设备 > 散热器 > 散热器专用配件,圆管片头,圆片头,ai_candidate,medium: 散热器圆管端部的装饰封头，简称圆片头
1570,水暖器材及热水、采暖锅炉设备 > 散热器 > 散热器专用配件,小圆门扣盖,检修口盖,ai_candidate,medium: 小圆门常用于遮盖检修口，现场常称检修口盖
1570,水暖器材及热水、采暖锅炉设备 > 散热器 > 散热器专用配件,小圆门扣盖,圆门盖,ai_candidate_low,low: 外形如小门，圆形，直接简称
1570,水暖器材及热水、采暖锅炉设备 > 散热器 > 散热器专用配件,尾件,尾堵,ai_candidate,medium: 散热器末端的堵头配件
1570,水暖器材及热水、采暖锅炉设备 > 散热器 > 散热器专用配件,托勾,托钩,ai_candidate,high: 现场普遍写作‘托钩’，同物异写
1570,水暖器材及热水、采暖锅炉设备 > 散热器 > 散热器专用配件,托勾,挂钩,ai_candidate,medium: 散热器挂装用的钩子
1570,水暖器材及热水、采暖锅炉设备 > 散热器 > 散热器专用配件,放气阀堵,气堵,ai_candidate,high: 放气阀上专用的堵头，口语简化
1570,水暖器材及热水、采暖锅炉设备 > 散热器 > 散热器专用配件,放气阀堵,放气堵头,ai_candidate,high: 明确功能的叫法
1570,水暖器材及热水、采暖锅炉设备 > 散热器 > 散热器专用配件,散热器专用管接头,对丝,ai_candidate,high: 散热器连接中最常用的内外丝接头俗称
1570,水暖器材及热水、采暖锅炉设备 > 散热器 > 散热器专用配件,散热器专用管接头,暖气片接头,ai_candidate,high: 直接指明用于暖气片的接头
1570,水暖器材及热水、采暖锅炉设备 > 散热器 > 散热器专用配件,散热器专用管接头,散热器接头,ai_candidate,medium: 通俗简称
1570,水暖器材及热水、采暖锅炉设备 > 散热器 > 散热器专用配件,普通扣盖,装饰盖,ai_candidate,high: 覆盖外露管端或螺钉的装饰性盖子
1570,水暖器材及热水、采暖锅炉设备 > 散热器 > 散热器专用配件,混水器,混水阀,ai_candidate,high: 集成混水功能的阀门组件
1570,水暖器材及热水、采暖锅炉设备 > 散热器 > 散热器专用配件,混水器,混水中心,ai_candidate,medium: 地暖或散热器系统中对混水装置的俗称
1570,水暖器材及热水、采暖锅炉设备 > 散热器 > 散热器专用配件,胶垫,胶皮垫,ai_candidate,high: 橡胶材质的平垫片，现场普遍叫法
1570,水暖器材及热水、采暖锅炉设备 > 散热器 > 散热器专用配件,胶垫,密封垫,ai_candidate,medium: 强调密封功能的通用叫法
1570,水暖器材及热水、采暖锅炉设备 > 散热器 > 散热器专用配件,膨胀螺丝,膨胀螺栓,ai_candidate,high: 正式名称和俗名通用
1570,水暖器材及热水、采暖锅炉设备 > 散热器 > 散热器专用配件,膨胀螺丝,胀管螺丝,ai_candidate,medium: 突出塑料胀管的叫法
1570,水暖器材及热水、采暖锅炉设备 > 散热器 > 散热器专用配件,膨胀螺丝,拉爆螺丝,ai_candidate_low,low: 南方部分地区习惯叫法
1571,水暖器材及热水、采暖锅炉设备 > 散热器 > 散热器温控阀,散热器温控阀,温控阀,ai_candidate,high: 散热器温控阀的通用简称
1571,水暖器材及热水、采暖锅炉设备 > 散热器 > 散热器温控阀,散热器温控阀,恒温阀,ai_candidate,high: 温控阀的常见俗称，强调恒温功能
1571,水暖器材及热水、采暖锅炉设备 > 散热器 > 散热器温控阀,散热器温控阀,暖气调节阀,ai_candidate,medium: 施工现场对散热器温控阀的口语叫法
1571,水暖器材及热水、采暖锅炉设备 > 散热器 > 散热器温控阀,暖气H型阀,H阀,ai_candidate,high: 根据外形特征简化的现场叫法
1571,水暖器材及热水、采暖锅炉设备 > 散热器 > 散热器温控阀,暖气H型阀,H型温控阀,ai_candidate,high: 完整名称的口语简化
1571,水暖器材及热水、采暖锅炉设备 > 散热器 > 散热器温控阀,暖气H型阀,暖气H阀,ai_candidate,medium: 暖通采购中常见的简称
1571,水暖器材及热水、采暖锅炉设备 > 散热器 > 散热器温控阀,暖气三通温控阀,三通温控阀,ai_candidate,high: 省略暖气二字的常用叫法
1571,水暖器材及热水、采暖锅炉设备 > 散热器 > 散热器温控阀,暖气三通温控阀,三通阀,ai_candidate,high: 施工现场的简洁称呼
1571,水暖器材及热水、采暖锅炉设备 > 散热器 > 散热器温控阀,暖气三通温控阀,暖气三通阀,ai_candidate,medium: 采购清单中的习惯简称
1571,水暖器材及热水、采暖锅炉设备 > 散热器 > 散热器温控阀,暖气直通式温控阀,直通温控阀,ai_candidate,high: 标准命名的口语缩减
1571,水暖器材及热水、采暖锅炉设备 > 散热器 > 散热器温控阀,暖气直通式温控阀,直通阀,ai_candidate,high: 根据连接方式简称
1571,水暖器材及热水、采暖锅炉设备 > 散热器 > 散热器温控阀,暖气直通式温控阀,暖气直通阀,ai_candidate,medium: 现场施工中的常用叫法
1571,水暖器材及热水、采暖锅炉设备 > 散热器 > 散热器温控阀,暖气角式温控阀,角式温控阀,ai_candidate,high: 省略暖气的标准简化
1571,水暖器材及热水、采暖锅炉设备 > 散热器 > 散热器温控阀,暖气角式温控阀,暖气角阀,ai_candidate,high: 强调暖气用角式阀门
1571,水暖器材及热水、采暖锅炉设备 > 散热器 > 散热器温控阀,暖气角式温控阀,角阀,ai_candidate,medium: 施工口语中可能直接称呼，但易与卫浴角阀混淆
1573,水暖器材及热水、采暖锅炉设备 > 水暖器材及设备 > 地暖分、集水器,七分水器,七路分水器,ai_candidate,high: 口语中按路数称代替几分水器
1573,水暖器材及热水、采暖锅炉设备 > 水暖器材及设备 > 地暖分、集水器,三分水器,三路分水器,ai_candidate,high: 口语中按路数称代替几分水器
1573,水暖器材及热水、采暖锅炉设备 > 水暖器材及设备 > 地暖分、集水器,二分水器,二路分水器,ai_candidate,high: 口语中按路数称代替几分水器
1573,水暖器材及热水、采暖锅炉设备 > 水暖器材及设备 > 地暖分、集水器,二分水器,两路分水器,ai_candidate,medium: 口语中按路数称代替几分水器
1573,水暖器材及热水、采暖锅炉设备 > 水暖器材及设备 > 地暖分、集水器,五分水器,五路分水器,ai_candidate,high: 口语中按路数称代替几分水器
1573,水暖器材及热水、采暖锅炉设备 > 水暖器材及设备 > 地暖分、集水器,八分水器,八路分水器,ai_candidate,high: 口语中按路数称代替几分水器
1573,水暖器材及热水、采暖锅炉设备 > 水暖器材及设备 > 地暖分、集水器,六分水器,六路分水器,ai_candidate,high: 口语中按路数称代替几分水器
1573,水暖器材及热水、采暖锅炉设备 > 水暖器材及设备 > 地暖分、集水器,分水器,分集水器,ai_candidate,high: 分水器和集水器通常组合称呼
1573,水暖器材及热水、采暖锅炉设备 > 水暖器材及设备 > 地暖分、集水器,分水器,上杠,ai_candidate,medium: 施工现场对分水器的口语叫法
1573,水暖器材及热水、采暖锅炉设备 > 水暖器材及设备 > 地暖分、集水器,四分水器,四路分水器,ai_candidate,high: 口语中按路数称代替几分水器
1573,水暖器材及热水、采暖锅炉设备 > 水暖器材及设备 > 地暖分、集水器,滤水器,过滤器,ai_candidate,high: 滤水器即过滤器，通用简称
1573,水暖器材及热水、采暖锅炉设备 > 水暖器材及设备 > 地暖分、集水器,滤水器,Y型过滤器,ai_candidate,medium: 常见的Y型过滤器也被称为滤水器
1573,水暖器材及热水、采暖锅炉设备 > 水暖器材及设备 > 地暖分、集水器,集水器,回水器,ai_candidate,high: 集水器收集回水，俗称回水器
1573,水暖器材及热水、采暖锅炉设备 > 水暖器材及设备 > 地暖分、集水器,集水器,集水杠,ai_candidate,medium: 现场口语称集水杠
1573,水暖器材及热水、采暖锅炉设备 > 水暖器材及设备 > 地暖分、集水器,集水器,下杠,ai_candidate,medium: 施工现场与分水器对称的下杠
1578,水暖器材及热水、采暖锅炉设备 > 水暖器材及设备 > 水锤吸纳器,水锤吸纳器,水锤消除器,ai_candidate,high: 水锤吸纳器的通用俗称
1578,水暖器材及热水、采暖锅炉设备 > 水暖器材及设备 > 水锤吸纳器,水锤吸纳器,水锤吸收器,ai_candidate,high: 功能相近的叫法
1578,水暖器材及热水、采暖锅炉设备 > 水暖器材及设备 > 水锤吸纳器,水锤吸纳器,水击防止器,ai_candidate,medium: 水锤也称水击，防止水击装置
1578,水暖器材及热水、采暖锅炉设备 > 水暖器材及设备 > 水锤吸纳器,活塞气囊式水锤吸纳器,活塞式水锤消除器,ai_candidate,high: 突出活塞结构的口语叫法
1578,水暖器材及热水、采暖锅炉设备 > 水暖器材及设备 > 水锤吸纳器,活塞气囊式水锤吸纳器,活塞气囊式水锤吸收器,ai_candidate,high: 将吸纳器替换为吸收器
1578,水暖器材及热水、采暖锅炉设备 > 水暖器材及设备 > 水锤吸纳器,隔膜气囊式水锤吸纳器,隔膜式水锤消除器,ai_candidate,high: 突出隔膜结构的口语叫法
1578,水暖器材及热水、采暖锅炉设备 > 水暖器材及设备 > 水锤吸纳器,隔膜气囊式水锤吸纳器,隔膜气囊式水锤吸收器,ai_candidate,high: 将吸纳器替换为吸收器
1577,水暖器材及热水、采暖锅炉设备 > 水暖器材及设备 > 膨胀水箱,膨胀水箱,膨胀罐,ai_candidate,high: 膨胀水箱在暖通施工中常被简称为膨胀罐
1577,水暖器材及热水、采暖锅炉设备 > 水暖器材及设备 > 膨胀水箱,定压补水脱气机组,定压补水装置,ai_candidate,medium: 该机组通常集成了定压和补水功能，采购和施工中常简称为定压补水装置
1577,水暖器材及热水、采暖锅炉设备 > 水暖器材及设备 > 膨胀水箱,定压补水脱气机组,定压脱气补水机,ai_candidate,medium: 强调脱气功能的别称，在技术交流中偶有使用
1577,水暖器材及热水、采暖锅炉设备 > 水暖器材及设备 > 膨胀水箱,落地式膨胀水箱,落地膨胀罐,ai_candidate,medium: 落地式膨胀水箱本质上是一种膨胀罐，施工现场常直接称为落地膨胀罐
1576,水暖器材及热水、采暖锅炉设备 > 水暖器材及设备 > 除污器,除污器,过滤器,ai_candidate,medium: 水暖施工中常将管路除污器统称为过滤器
1576,水暖器材及热水、采暖锅炉设备 > 水暖器材及设备 > 除污器,除污器,除砂器,ai_candidate_low,low: 有时用于除去大颗粒杂质，被称为除砂器
1576,水暖器材及热水、采暖锅炉设备 > 水暖器材及设备 > 除污器,除污器,排污器,ai_candidate_low,low: 功能为排除污物，口头上常叫排污器
1576,水暖器材及热水、采暖锅炉设备 > 水暖器材及设备 > 除污器,卧式直通除污器,直通式除污器,ai_candidate,high: 进出管在同一轴线
1576,水暖器材及热水、采暖锅炉设备 > 水暖器材及设备 > 除污器,卧式直通除污器,卧式直通,ai_candidate,medium: 施工现场口语简化称呼
1576,水暖器材及热水、采暖锅炉设备 > 水暖器材及设备 > 除污器,卧式角通除污器,角通除污器,ai_candidate,high: 进出管成角度，称角通
1576,水暖器材及热水、采暖锅炉设备 > 水暖器材及设备 > 除污器,卧式角通除污器,卧式角通,ai_candidate,medium: 施工现场口语简化
1576,水暖器材及热水、采暖锅炉设备 > 水暖器材及设备 > 除污器,反冲洗型卧式除污器,反冲洗除污器,ai_candidate,high: 强调可反冲洗功能
1576,水暖器材及热水、采暖锅炉设备 > 水暖器材及设备 > 除污器,反冲洗型卧式除污器,反冲洗排污器,ai_candidate_low,low: 少数称法
1576,水暖器材及热水、采暖锅炉设备 > 水暖器材及设备 > 除污器,旋流式除污器,旋流除污器,ai_candidate,high: 省略式
1576,水暖器材及热水、采暖锅炉设备 > 水暖器材及设备 > 除污器,旋流式除污器,离心除污器,ai_candidate,medium: 利用离心原理
1576,水暖器材及热水、采暖锅炉设备 > 水暖器材及设备 > 除污器,旋流式除污器,旋流除砂器,ai_candidate,medium: 侧重除砂功能
1576,水暖器材及热水、采暖锅炉设备 > 水暖器材及设备 > 除污器,立式直通除污器,立式除污器,ai_candidate,high: 立式安装，口语简化
1576,水暖器材及热水、采暖锅炉设备 > 水暖器材及设备 > 除污器,立式直通除污器,直通立式除污器,ai_candidate,medium: 语序变化
1576,水暖器材及热水、采暖锅炉设备 > 水暖器材及设备 > 除污器,管道除污器,管线除污器,ai_candidate,medium: 安装在管线上
1576,水暖器材及热水、采暖锅炉设备 > 水暖器材及设备 > 除污器,管道除污器,在线除污器,ai_candidate_low,low: 不停机在线排污
1576,水暖器材及热水、采暖锅炉设备 > 水暖器材及设备 > 除污器,除污器卧式直通,卧式直通,ai_candidate,medium: 简称
1576,水暖器材及热水、采暖锅炉设备 > 水暖器材及设备 > 除污器,除污器卧式直通,直通除污器,ai_candidate,high: 功能描述
1574,水暖器材及热水、采暖锅炉设备 > 水暖器材及设备 > 集气罐,集气罐,集气包,ai_candidate,high: 施工现场常将集气罐俗称为集气包
1574,水暖器材及热水、采暖锅炉设备 > 水暖器材及设备 > 集气罐,卧式集气罐,横式集气罐,ai_candidate,high: 卧式即横向，口语中常称横式
1574,水暖器材及热水、采暖锅炉设备 > 水暖器材及设备 > 集气罐,卧式集气罐,卧式集气包,ai_candidate,high: 集气罐的口语别称
1574,水暖器材及热水、采暖锅炉设备 > 水暖器材及设备 > 集气罐,立式集气罐,竖式集气罐,ai_candidate,high: 立式即竖向，口语中常称竖式
1574,水暖器材及热水、采暖锅炉设备 > 水暖器材及设备 > 集气罐,立式集气罐,立式集气包,ai_candidate,high: 集气罐的口语别称
1575,水暖器材及热水、采暖锅炉设备 > 水暖器材及设备 > 集热器,集热器,太阳能集热器,ai_candidate,high: 集热器的通用俗称
1575,水暖器材及热水、采暖锅炉设备 > 水暖器材及设备 > 集热器,全玻璃真空管太阳能集热器,真空管集热器,ai_candidate,high: 施工现场最常用简称
1575,水暖器材及热水、采暖锅炉设备 > 水暖器材及设备 > 集热器,全玻璃真空管太阳能集热器,真空管太阳能,ai_candidate,high: 口语简化叫法
1575,水暖器材及热水、采暖锅炉设备 > 水暖器材及设备 > 集热器,全玻璃真空管太阳能集热器,玻璃真空管集热器,ai_candidate,medium: 强调玻璃材质的行业别称
1575,水暖器材及热水、采暖锅炉设备 > 水暖器材及设备 > 集热器,平板型太阳能集热器,平板集热器,ai_candidate,high: 最常见简称
1575,水暖器材及热水、采暖锅炉设备 > 水暖器材及设备 > 集热器,平板型太阳能集热器,平板太阳能,ai_candidate,high: 市场及口语常用
1575,水暖器材及热水、采暖锅炉设备 > 水暖器材及设备 > 集热器,平板型太阳能集热器,平板式集热器,ai_candidate,medium: 带式字的别称
1583,水暖器材及热水、采暖锅炉设备 > 热水、采暖设备 > 采暖炉,采暖炉,采暖锅炉,ai_candidate,high: 水暖施工中常将采暖炉统称为采暖锅炉
1583,水暖器材及热水、采暖锅炉设备 > 热水、采暖设备 > 采暖炉,采暖炉,取暖炉,ai_candidate,high: 日常口语中取暖炉与采暖炉混用
1583,水暖器材及热水、采暖锅炉设备 > 热水、采暖设备 > 采暖炉,采暖炉,暖气炉,ai_candidate,medium: 北方地区家庭采暖的俗称
1583,水暖器材及热水、采暖锅炉设备 > 热水、采暖设备 > 采暖炉,采暖炉,供暖炉,ai_candidate,medium: 同义叫法
1583,水暖器材及热水、采暖锅炉设备 > 热水、采暖设备 > 采暖炉,燃气采暖炉,燃气炉,ai_candidate,high: 燃气采暖炉的通用简称
1583,水暖器材及热水、采暖锅炉设备 > 热水、采暖设备 > 采暖炉,燃气采暖炉,天然气采暖炉,ai_candidate,medium: 气源为天然气时的具体叫法
1583,水暖器材及热水、采暖锅炉设备 > 热水、采暖设备 > 采暖炉,燃气采暖炉,燃气锅炉,ai_candidate,medium: 小型燃气热水锅炉在采购中的叫法
1583,水暖器材及热水、采暖锅炉设备 > 热水、采暖设备 > 采暖炉,燃油采暖炉,燃油炉,ai_candidate,high: 省略采暖的简称
1583,水暖器材及热水、采暖锅炉设备 > 热水、采暖设备 > 采暖炉,燃油采暖炉,柴油采暖炉,ai_candidate,high: 以柴油为主要燃料的常见叫法
1583,水暖器材及热水、采暖锅炉设备 > 热水、采暖设备 > 采暖炉,燃油采暖炉,油炉,ai_candidate,medium: 施工现场最简化的口语
1583,水暖器材及热水、采暖锅炉设备 > 热水、采暖设备 > 采暖炉,燃煤采暖炉,煤炉,ai_candidate,high: 燃煤采暖炉的高度简略叫法
1583,水暖器材及热水、采暖锅炉设备 > 热水、采暖设备 > 采暖炉,燃煤采暖炉,燃煤炉,ai_candidate,high: 省略采暖
1583,水暖器材及热水、采暖锅炉设备 > 热水、采暖设备 > 采暖炉,燃煤采暖炉,煤炭采暖炉,ai_candidate,medium: 明确燃料的称谓
1583,水暖器材及热水、采暖锅炉设备 > 热水、采暖设备 > 采暖炉,燃煤采暖炉,土暖气,ai_candidate,medium: 北方乡镇自建房常用的小型燃煤采暖系统代称
1583,水暖器材及热水、采暖锅炉设备 > 热水、采暖设备 > 采暖炉,电采暖炉,电锅炉,ai_candidate,high: 电加热水暖锅炉的通用简称
1583,水暖器材及热水、采暖锅炉设备 > 热水、采暖设备 > 采暖炉,电采暖炉,电取暖炉,ai_candidate,medium: 口语中取暖与采暖混用
1583,水暖器材及热水、采暖锅炉设备 > 热水、采暖设备 > 采暖炉,电采暖炉,电采暖锅炉,ai_candidate,medium: 行业内的全称混用
1587,水暖器材及热水、采暖锅炉设备 > 锅炉设备 > 其他锅炉设备,冷凝水回收设备,冷凝水回收装置,ai_candidate,high: 施工现场及采购清单中常将此类设备统称为冷凝水回收装置
1587,水暖器材及热水、采暖锅炉设备 > 锅炉设备 > 其他锅炉设备,冷凝水回收设备,凝结水回收器,ai_candidate,high: 基于其回收凝结水（即冷凝水）的功能，在技术和商务交流中常用
1587,水暖器材及热水、采暖锅炉设备 > 锅炉设备 > 其他锅炉设备,冷凝水回收设备,冷凝水回收机,ai_candidate,medium: 口语化俗称，强调设备属性
1587,水暖器材及热水、采暖锅炉设备 > 锅炉设备 > 其他锅炉设备,补水箱,补水罐,ai_candidate,high: 施工人员常根据箱体或罐体形状称呼
1587,水暖器材及热水、采暖锅炉设备 > 锅炉设备 > 其他锅炉设备,补水箱,膨胀水箱,ai_candidate,medium: 在采暖/热水系统中，补水箱常具备膨胀功能，现场常混称膨胀水箱，但严格意义上膨胀水箱范围更广，此处作为常见别称
1587,水暖器材及热水、采暖锅炉设备 > 锅炉设备 > 其他锅炉设备,补水箱,补水槽,ai_candidate,medium: 开口式或方形补水箱的口语叫法
1586,水暖器材及热水、采暖锅炉设备 > 锅炉设备 > 锅炉,锅炉,蒸汽炉,ai_candidate,medium: 泛指各类蒸汽锅炉，不区分燃料
1586,水暖器材及热水、采暖锅炉设备 > 锅炉设备 > 锅炉,锅炉,热水炉,ai_candidate,medium: 泛指各类热水锅炉，不区分燃料
1586,水暖器材及热水、采暖锅炉设备 > 锅炉设备 > 锅炉,燃气热水锅炉,燃气热水炉,ai_candidate,medium: 口语简称
1586,水暖器材及热水、采暖锅炉设备 > 锅炉设备 > 锅炉,燃气蒸汽锅炉,燃气蒸汽炉,ai_candidate,medium: 口语简称
1586,水暖器材及热水、采暖锅炉设备 > 锅炉设备 > 锅炉,燃油热水锅炉,燃油热水炉,ai_candidate,medium: 口语简称
1586,水暖器材及热水、采暖锅炉设备 > 锅炉设备 > 锅炉,燃油燃气热水锅炉,油气两用热水锅炉,ai_candidate,high: 双燃料口语叫法
1586,水暖器材及热水、采暖锅炉设备 > 锅炉设备 > 锅炉,燃油燃气蒸汽锅炉,油气两用蒸汽锅炉,ai_candidate,high: 双燃料口语叫法
1586,水暖器材及热水、采暖锅炉设备 > 锅炉设备 > 锅炉,燃油蒸汽锅炉,燃油蒸汽炉,ai_candidate,medium: 口语简称
1586,水暖器材及热水、采暖锅炉设备 > 锅炉设备 > 锅炉,燃煤热水锅炉,燃煤热水炉,ai_candidate,medium: 口语简称
1586,水暖器材及热水、采暖锅炉设备 > 锅炉设备 > 锅炉,燃煤蒸汽锅炉,燃煤蒸汽炉,ai_candidate,medium: 口语简称
1586,水暖器材及热水、采暖锅炉设备 > 锅炉设备 > 锅炉,电热水锅炉,电热水炉,ai_candidate,medium: 口语简称
1586,水暖器材及热水、采暖锅炉设备 > 锅炉设备 > 锅炉,电热水锅炉,电加热热水锅炉,ai_candidate,medium: 常见称法
1586,水暖器材及热水、采暖锅炉设备 > 锅炉设备 > 锅炉,电蒸汽锅炉,电蒸汽炉,ai_candidate,medium: 口语简称
1586,水暖器材及热水、采暖锅炉设备 > 锅炉设备 > 锅炉,电蒸汽锅炉,电加热蒸汽锅炉,ai_candidate,medium: 常见称法
1128,水泥、砖瓦灰砂石及混凝土制品 > 砂石、粉、灰、土 > 灰、粉、土等掺合填充料,灰、粉、土等掺合填充料,掺合料,ai_candidate,medium: 施工现场常将灰、粉、土等掺合填充料简称为掺合料
1128,水泥、砖瓦灰砂石及混凝土制品 > 砂石、粉、灰、土 > 灰、粉、土等掺合填充料,灰、粉、土等掺合填充料,填充粉料,ai_candidate,medium: 口语中对粉状填充料的统称
1128,水泥、砖瓦灰砂石及混凝土制品 > 砂石、粉、灰、土 > 灰、粉、土等掺合填充料,高强石膏,α高强石膏,ai_candidate,high: 高强石膏的常见专业简称，特指α型半水石膏
1128,水泥、砖瓦灰砂石及混凝土制品 > 砂石、粉、灰、土 > 灰、粉、土等掺合填充料,高强石膏,高强度石膏粉,ai_candidate,medium: 突出其强度和粉状的俗称
1128,水泥、砖瓦灰砂石及混凝土制品 > 砂石、粉、灰、土 > 灰、粉、土等掺合填充料,黏土,粘土,ai_candidate,high: 黏土的通用俗写形式，采购文件中经常出现
1126,水泥、砖瓦灰砂石及混凝土制品 > 砂石、粉、灰、土 > 石料,块状料石,块石,ai_candidate,high: 施工现场常将块状料石简称为块石
1126,水泥、砖瓦灰砂石及混凝土制品 > 砂石、粉、灰、土 > 石料,大理石荒料,大理荒料,ai_candidate,high: 行业简称，省略‘石’字
1126,水泥、砖瓦灰砂石及混凝土制品 > 砂石、粉、灰、土 > 石料,大理石荒料,大理石毛料,ai_candidate,high: 荒料即未经加工的毛料
1126,水泥、砖瓦灰砂石及混凝土制品 > 砂石、粉、灰、土 > 石料,方状料石,方料石,ai_candidate,medium: 强调方形，俗称为方料石
1126,水泥、砖瓦灰砂石及混凝土制品 > 砂石、粉、灰、土 > 石料,条状料石,条石,ai_candidate,high: 现场口语简称条石
1126,水泥、砖瓦灰砂石及混凝土制品 > 砂石、粉、灰、土 > 石料,板石荒料,板石毛料,ai_candidate,medium: 荒料对应毛料
1126,水泥、砖瓦灰砂石及混凝土制品 > 砂石、粉、灰、土 > 石料,毛平石,平毛石,ai_candidate,medium: 施工现场常倒置称呼
1126,水泥、砖瓦灰砂石及混凝土制品 > 砂石、粉、灰、土 > 石料,毛石(角石),角石,ai_candidate,high: 括号内即为俗称，表示棱角分明的不规则石块
1126,水泥、砖瓦灰砂石及混凝土制品 > 砂石、粉、灰、土 > 石料,毛石(角石),乱毛石,ai_candidate,high: 形状不规则的毛石又称乱毛石
1126,水泥、砖瓦灰砂石及混凝土制品 > 砂石、粉、灰、土 > 石料,石灰岩荒料,石灰石荒料,ai_candidate,high: 石灰岩俗称石灰石
1126,水泥、砖瓦灰砂石及混凝土制品 > 砂石、粉、灰、土 > 石料,粗料石,毛料石,ai_candidate,high: 粗加工料石常被称为毛料石
1126,水泥、砖瓦灰砂石及混凝土制品 > 砂石、粉、灰、土 > 石料,粗料石,半细料石,ai_candidate,medium: 介于毛石与细料石之间，有时称半细料石
1126,水泥、砖瓦灰砂石及混凝土制品 > 砂石、粉、灰、土 > 石料,细料石,清料石,ai_candidate,medium: 细凿加工的料石称为清料石
1126,水泥、砖瓦灰砂石及混凝土制品 > 砂石、粉、灰、土 > 石料,细料石,精料石,ai_candidate,medium: 精加工料石的别称
1126,水泥、砖瓦灰砂石及混凝土制品 > 砂石、粉、灰、土 > 石料,花岗岩荒料,麻石荒料,ai_candidate,high: 花岗岩在多地口语中称麻石
1126,水泥、砖瓦灰砂石及混凝土制品 > 砂石、粉、灰、土 > 石料,花岗岩荒料,花岗石毛料,ai_candidate,high: 花岗岩亦称花岗石，荒料即毛料
1126,水泥、砖瓦灰砂石及混凝土制品 > 砂石、粉、灰、土 > 石料,青石荒料,青石毛料,ai_candidate,high: 荒料对应毛料
1129,水泥、砖瓦灰砂石及混凝土制品 > 砌砖、砌块 > 砌砖,砌砖,轻质砖,ai_candidate,medium: 施工现场常将蒸压加气混凝土砖和蒸压泡沫混凝土砖统称为轻质砖
1129,水泥、砖瓦灰砂石及混凝土制品 > 砌砖、砌块 > 砌砖,烧结页岩空心砖,页岩空心砖,ai_candidate,high: 材料简称
1129,水泥、砖瓦灰砂石及混凝土制品 > 砌砖、砌块 > 砌砖,烧结页岩空心砖,烧结空心砖,ai_candidate,medium: 材质隐含
1129,水泥、砖瓦灰砂石及混凝土制品 > 砌砖、砌块 > 砌砖,红砖,红机砖,ai_candidate,high: 施工现场口语叫法
1129,水泥、砖瓦灰砂石及混凝土制品 > 砌砖、砌块 > 砌砖,红砖,九五砖,ai_candidate,medium: 标准尺寸俗称，常指红砖
1129,水泥、砖瓦灰砂石及混凝土制品 > 砌砖、砌块 > 砌砖,蒸压加气混凝土砌砖,加气块,ai_candidate,high: 施工现场最常用简称
1129,水泥、砖瓦灰砂石及混凝土制品 > 砌砖、砌块 > 砌砖,蒸压加气混凝土砌砖,加气砖,ai_candidate,high: 口语简称
1129,水泥、砖瓦灰砂石及混凝土制品 > 砌砖、砌块 > 砌砖,蒸压加气混凝土砌砖,加气混凝土砌块,ai_candidate,high: 通用简称
1129,水泥、砖瓦灰砂石及混凝土制品 > 砌砖、砌块 > 砌砖,蒸压加气混凝土砌砖,蒸压加气块,ai_candidate,medium: 带工艺简称
1129,水泥、砖瓦灰砂石及混凝土制品 > 砌砖、砌块 > 砌砖,蒸压泡沫混凝土砖,泡沫砖,ai_candidate,medium: 施工现场常用简称
1129,水泥、砖瓦灰砂石及混凝土制品 > 砌砖、砌块 > 砌砖,蒸压泡沫混凝土砖,发泡砖,ai_candidate,medium: 工艺特征代称
1129,水泥、砖瓦灰砂石及混凝土制品 > 砌砖、砌块 > 砌砖,蒸压泡沫混凝土砖,蒸压泡沫砖,ai_candidate,medium: 简化叫法
1129,水泥、砖瓦灰砂石及混凝土制品 > 砌砖、砌块 > 砌砖,蒸压灰砂多孔砖,灰砂多孔砖,ai_candidate,high: 材料简称
1129,水泥、砖瓦灰砂石及混凝土制品 > 砌砖、砌块 > 砌砖,蒸压灰砂实心砖,灰砂实心砖,ai_candidate,high: 材料简称
1129,水泥、砖瓦灰砂石及混凝土制品 > 砌砖、砌块 > 砌砖,蒸压灰砂实心砖,灰砂砖,ai_candidate,medium: 常特指实心灰砂砖
1129,水泥、砖瓦灰砂石及混凝土制品 > 砌砖、砌块 > 砌砖,蒸压灰砂标准砖,灰砂标准砖,ai_candidate,high: 材料简称
1129,水泥、砖瓦灰砂石及混凝土制品 > 砌砖、砌块 > 砌砖,蒸压灰砂空心砖,灰砂空心砖,ai_candidate,high: 材料简称
1129,水泥、砖瓦灰砂石及混凝土制品 > 砌砖、砌块 > 砌砖,蒸压粉煤灰多孔砖,粉煤灰多孔砖,ai_candidate,high: 材料简称
1129,水泥、砖瓦灰砂石及混凝土制品 > 砌砖、砌块 > 砌砖,蒸压粉煤灰实心砖,粉煤灰实心砖,ai_candidate,high: 材料简称
1129,水泥、砖瓦灰砂石及混凝土制品 > 砌砖、砌块 > 砌砖,蒸压粉煤灰标准砖,粉煤灰标准砖,ai_candidate,high: 材料简称
1129,水泥、砖瓦灰砂石及混凝土制品 > 砌砖、砌块 > 砌砖,蒸压粉煤灰砖,粉煤灰砖,ai_candidate,high: 粉煤灰砖的通用俗称
1129,水泥、砖瓦灰砂石及混凝土制品 > 砌砖、砌块 > 砌砖,蒸压粉煤灰空心砖,粉煤灰空心砖,ai_candidate,high: 材料简称
1129,水泥、砖瓦灰砂石及混凝土制品 > 砌砖、砌块 > 砌砖,轻集料混凝土砖,轻集料砖,ai_candidate,high: 现场口语简化
1129,水泥、砖瓦灰砂石及混凝土制品 > 砌砖、砌块 > 砌砖,轻集料混凝土砖,轻骨料混凝土砖,ai_candidate,medium: 轻集料又称轻骨料
1129,水泥、砖瓦灰砂石及混凝土制品 > 砌砖、砌块 > 砌砖,陶粒砖,陶粒砌块,ai_candidate,high: 同义俗称
1129,水泥、砖瓦灰砂石及混凝土制品 > 砌砖、砌块 > 砌砖,陶粒砖,陶粒混凝土砖,ai_candidate,medium: 完整名称简称
1541,油品、化工原料及胶粘材料 > 化工原料 > 化工剂类,铝件清洁剂,洗铝水,ai_candidate,medium: 施工现场口语，指用于清洗铝件表面的液体
1541,油品、化工原料及胶粘材料 > 化工原料 > 化工剂类,防冻液,冷却液,ai_candidate,high: 在建筑机械上常与防冻液混用，均指发动机冷却介质
1541,油品、化工原料及胶粘材料 > 化工原料 > 化工剂类,阻垢剂,防垢剂,ai_candidate,high: 阻垢与防垢同义，常用于水处理领域
1541,油品、化工原料及胶粘材料 > 化工原料 > 化工剂类,除味剂,去味剂,ai_candidate,high: 除味与去味语义相同，常互称
1541,油品、化工原料及胶粘材料 > 化工原料 > 化工剂类,除油剂,去油剂,ai_candidate,high: 除油与去油口语中常通用
1541,油品、化工原料及胶粘材料 > 化工原料 > 化工剂类,除油剂,脱脂剂,ai_candidate,medium: 除油剂在工业清洗中常被称为脱脂剂
1541,油品、化工原料及胶粘材料 > 化工原料 > 化工剂类,除锈剂,去锈剂,ai_candidate,high: 除锈与去锈同义，口头常用
1541,油品、化工原料及胶粘材料 > 化工原料 > 化工剂类,除锈剂,除锈水,ai_candidate,medium: 液态除锈剂在工地常被称为除锈水
1541,油品、化工原料及胶粘材料 > 化工原料 > 化工剂类,高粘改性剂,高粘剂,ai_candidate,medium: 高粘改性剂的简称，施工中缩短称呼
1541,油品、化工原料及胶粘材料 > 化工原料 > 化工剂类,高粘改性剂,增粘剂,ai_candidate_low,low: 提高粘度的功能性助剂，有时代指高粘改性剂
1540,油品、化工原料及胶粘材料 > 化工原料 > 无机化工原料,水火肼(联胺),水合肼,ai_candidate,high: 联胺的水合物，俗称水合肼
1540,油品、化工原料及胶粘材料 > 化工原料 > 无机化工原料,水火肼(联胺),水合联氨,ai_candidate,high: 联胺的别名，与水合肼同义
1540,油品、化工原料及胶粘材料 > 化工原料 > 无机化工原料,活性氧化铝(干燥剂),氧化铝干燥剂,ai_candidate,high: 功能描述性别称，现场常用叫法
1540,油品、化工原料及胶粘材料 > 化工原料 > 无机化工原料,活性氧化铝(干燥剂),活性氧化铝干燥剂,ai_candidate,high: 全称简称
1540,油品、化工原料及胶粘材料 > 化工原料 > 无机化工原料,漂白水,漂水,ai_candidate,medium: 漂白水的简称
1540,油品、化工原料及胶粘材料 > 化工原料 > 无机化工原料,漂白粉,漂粉,ai_candidate,high: 漂白粉的简称
1540,油品、化工原料及胶粘材料 > 化工原料 > 无机化工原料,焦亚硫酸钠,偏重亚硫酸钠,ai_candidate,high: 焦亚硫酸钠的别名
1540,油品、化工原料及胶粘材料 > 化工原料 > 无机化工原料,焦亚硫酸钠,重亚硫酸钠,ai_candidate,medium: 别名，常见于行业叫法
1540,油品、化工原料及胶粘材料 > 化工原料 > 无机化工原料,焦磷酸钠,焦磷酸四钠,ai_candidate,medium: 化学成分的精确别称
1540,油品、化工原料及胶粘材料 > 化工原料 > 无机化工原料,甲酸钠,蚁酸钠,ai_candidate,high: 甲酸俗称蚁酸，对应盐类叫蚁酸钠
1540,油品、化工原料及胶粘材料 > 化工原料 > 无机化工原料,甲醛,福尔马林,ai_candidate,high: 甲醛水溶液的商品名，采购中常混用指甲醛
1540,油品、化工原料及胶粘材料 > 化工原料 > 无机化工原料,盐酸,氢氯酸,ai_candidate,medium: 盐酸的学名
1540,油品、化工原料及胶粘材料 > 化工原料 > 无机化工原料,硅酸钠,水玻璃,ai_candidate,high: 硅酸钠的工业俗称
1540,油品、化工原料及胶粘材料 > 化工原料 > 无机化工原料,硅酸钠,泡花碱,ai_candidate,high: 硅酸钠的别名
1540,油品、化工原料及胶粘材料 > 化工原料 > 无机化工原料,硅酸钾,钾水玻璃,ai_candidate,medium: 对应钠水玻璃的别称
1540,油品、化工原料及胶粘材料 > 化工原料 > 无机化工原料,硝酸,硝镪水,ai_candidate_low,low: 旧的俗称
1540,油品、化工原料及胶粘材料 > 化工原料 > 无机化工原料,硝酸钠,智利硝石,ai_candidate,medium: 天然矿产名，采购中可能指代工业硝酸钠
1540,油品、化工原料及胶粘材料 > 化工原料 > 无机化工原料,硝酸钠,钠硝石,ai_candidate,medium: 矿产别名
1540,油品、化工原料及胶粘材料 > 化工原料 > 无机化工原料,硝酸银,银硝,ai_candidate_low,low: 旧称，有时在试剂采购中出现
1540,油品、化工原料及胶粘材料 > 化工原料 > 无机化工原料,硫代硫酸钠,大苏打,ai_candidate,high: 最常见的俗称
1540,油品、化工原料及胶粘材料 > 化工原料 > 无机化工原料,硫代硫酸钠,海波,ai_candidate,high: 摄影行业俗称
1540,油品、化工原料及胶粘材料 > 化工原料 > 无机化工原料,硫化钠,硫化碱,ai_candidate,high: 工业俗称
1540,油品、化工原料及胶粘材料 > 化工原料 > 无机化工原料,硫化钠,臭碱,ai_candidate,high: 因其气味得名的俗称
1540,油品、化工原料及胶粘材料 > 化工原料 > 无机化工原料,醋酸钠,乙酸钠,ai_candidate,high: 系统化学名，在采购与生产中通用
1540,油品、化工原料及胶粘材料 > 化工原料 > 无机化工原料,重铬酸钾,红矾钾,ai_candidate,high: 化工行业传统俗称，因外观红色晶体
1540,油品、化工原料及胶粘材料 > 化工原料 > 无机化工原料,钾碱,碳酸钾,ai_candidate,high: 钾碱是碳酸钾的俗称，此处反向补充正式化学名
1540,油品、化工原料及胶粘材料 > 化工原料 > 无机化工原料,钾碱,草碱,ai_candidate,medium: 传统从植物灰中提取，亦称草碱
168,油品、化工原料及胶粘材料 > 化工原料 > 有机化工原料,聚乙烯,PE,ai_candidate,high: 英文缩写简称，工程与采购中广泛使用
168,油品、化工原料及胶粘材料 > 化工原料 > 有机化工原料,聚乙烯醇,PVA,ai_candidate,high: 英文缩写简称，化工行业通用
168,油品、化工原料及胶粘材料 > 化工原料 > 有机化工原料,草酸,乙二酸,ai_candidate,high: 系统命名法的常见别名
168,油品、化工原料及胶粘材料 > 化工原料 > 有机化工原料,邻羟基苯甲酸,水杨酸,ai_candidate,high: 传统俗名，医药与化工领域通用
168,油品、化工原料及胶粘材料 > 化工原料 > 有机化工原料,邻羟基苯甲酸,柳酸,ai_candidate,medium: 源于天然来源的俗称
168,油品、化工原料及胶粘材料 > 化工原料 > 有机化工原料,酒石酸锑钾,吐酒石,ai_candidate,medium: 历史上沿用下来的商业俗名
168,油品、化工原料及胶粘材料 > 化工原料 > 有机化工原料,醋酸乙烯,乙酸乙烯酯,ai_candidate,high: 系统命名，工程采购常混称
168,油品、化工原料及胶粘材料 > 化工原料 > 有机化工原料,醋酸乙烯,VAM,ai_candidate,high: 英文缩写（Vinyl Acetate Monomer）
168,油品、化工原料及胶粘材料 > 化工原料 > 有机化工原料,醋酸乙酯,乙酸乙酯,ai_candidate,high: 系统命名，同等常用
168,油品、化工原料及胶粘材料 > 化工原料 > 有机化工原料,醋酸乙酯,EA,ai_candidate,high: 英文缩写（Ethyl Acetate），采购单常见
1538,油品、化工原料及胶粘材料 > 化工原料 > 颜料,颜料,色粉,ai_candidate,high: 颜料在口语中常统称为色粉
1538,油品、化工原料及胶粘材料 > 化工原料 > 颜料,颜料,颜料粉,ai_candidate,high: 颜料在施工现场常直接叫颜料粉
1538,油品、化工原料及胶粘材料 > 化工原料 > 颜料,中铬黄,铬黄,ai_candidate,medium: 中铬黄是铬黄的一种，常简称为铬黄
1538,油品、化工原料及胶粘材料 > 化工原料 > 颜料,双飞粉,重钙粉,ai_candidate,high: 双飞粉主要成分是重质碳酸钙，工地常俗称重钙粉
1538,油品、化工原料及胶粘材料 > 化工原料 > 颜料,双飞粉,白石粉,ai_candidate,medium: 双飞粉又称白石粉，在某些地区口语叫法
1538,油品、化工原料及胶粘材料 > 化工原料 > 颜料,复合铁黑,铁黑,ai_candidate,medium: 复合铁黑常被口语简称为铁黑
1538,油品、化工原料及胶粘材料 > 化工原料 > 颜料,大白粉,大白,ai_candidate,high: 大白粉在北方装修中简称为大白
1538,油品、化工原料及胶粘材料 > 化工原料 > 颜料,大红粉,大红,ai_candidate,medium: 大红粉口语中常直接叫大红
1538,油品、化工原料及胶粘材料 > 化工原料 > 颜料,氧化铁棕,铁棕,ai_candidate,high: 氧化铁棕在采购时通常简称为铁棕
1538,油品、化工原料及胶粘材料 > 化工原料 > 颜料,氧化铁橙,铁橙,ai_candidate,high: 氧化铁橙口语常称为铁橙
1538,油品、化工原料及胶粘材料 > 化工原料 > 颜料,氧化铁红,铁红,ai_candidate,high: 氧化铁红在施工与采购中最常用的别称是铁红
1538,油品、化工原料及胶粘材料 > 化工原料 > 颜料,氧化铁红,铁锈红,ai_candidate_low,low: 某些地区把氧化铁红叫作铁锈红
1538,油品、化工原料及胶粘材料 > 化工原料 > 颜料,氧化铁绿,铁绿,ai_candidate,high: 氧化铁绿常被简称为铁绿
1538,油品、化工原料及胶粘材料 > 化工原料 > 颜料,氧化铁黄,铁黄,ai_candidate,high: 氧化铁黄在市场上习惯叫铁黄
1538,油品、化工原料及胶粘材料 > 化工原料 > 颜料,氧化铁黑,铁黑,ai_candidate,high: 氧化铁黑俗称铁黑
1538,油品、化工原料及胶粘材料 > 化工原料 > 颜料,氧化铬绿,铬绿,ai_candidate,high: 氧化铬绿通常简称为铬绿
1538,油品、化工原料及胶粘材料 > 化工原料 > 颜料,甲苯胺红,耐晒红,ai_candidate_low,low: 甲苯胺红有时被称为耐晒红
1538,油品、化工原料及胶粘材料 > 化工原料 > 颜料,石英粉、硅粉,硅微粉,ai_candidate,medium: 石英粉在建材中常被称为硅微粉
1538,油品、化工原料及胶粘材料 > 化工原料 > 颜料,石英粉、硅粉,石英砂粉,ai_candidate_low,low: 粗碎的石英粉有时叫石英砂粉
1538,油品、化工原料及胶粘材料 > 化工原料 > 颜料,颜料,色料,ai_candidate_low,low: 泛指着色用化工原料
1538,油品、化工原料及胶粘材料 > 化工原料 > 颜料,银粉,铝粉,ai_candidate,high: 银粉实为铝粉颜料，铝粉是标准别名
1538,油品、化工原料及胶粘材料 > 化工原料 > 颜料,银粉,铝银粉,ai_candidate,medium: 铝粉的俗称，强调金属感
1538,油品、化工原料及胶粘材料 > 化工原料 > 颜料,锑白,锑氧粉,ai_candidate,high: 锑白即三氧化二锑，俗称锑氧粉
1538,油品、化工原料及胶粘材料 > 化工原料 > 颜料,锑白,氧化锑,ai_candidate,medium: 强调其化学成分的简称
1538,油品、化工原料及胶粘材料 > 化工原料 > 颜料,锑红,锑朱,ai_candidate,medium: 锑红为硫化锑，古称锑朱
1538,油品、化工原料及胶粘材料 > 化工原料 > 颜料,镉红,镉硒红,ai_candidate,medium: 镉红化学成分为硒硫化镉，常称镉硒红
1538,油品、化工原料及胶粘材料 > 化工原料 > 颜料,高岭土、瓷土,白陶土,ai_candidate,medium: 高岭土的另一种常见叫法
167,油品、化工原料及胶粘材料 > 化工油品 > 其他油品,刹车油,制动液,ai_candidate,high: 汽车行业常用正式名称
167,油品、化工原料及胶粘材料 > 化工油品 > 其他油品,刹车油,制动油,ai_candidate,medium: 口语中常见与刹车油混用
167,油品、化工原料及胶粘材料 > 化工油品 > 其他油品,多用途助力油,转向助力油,ai_candidate,high: 通用别称，强调其转向系统用途
167,油品、化工原料及胶粘材料 > 化工油品 > 其他油品,多用途助力油,方向机油,ai_candidate,high: 维修市场口语叫法
167,油品、化工原料及胶粘材料 > 化工油品 > 其他油品,抗磨液压油,AW液压油,ai_candidate,medium: AW为抗磨（Anti-Wear）缩写，行业内常用
167,油品、化工原料及胶粘材料 > 化工油品 > 其他油品,液力传动油,液力油,ai_candidate,high: 液力传动系统简称
167,油品、化工原料及胶粘材料 > 化工油品 > 其他油品,液力传动油,变矩器油,ai_candidate,medium: 常用于液力变矩器，采购时有时如此称呼
167,油品、化工原料及胶粘材料 > 化工油品 > 其他油品,自动排挡液,自动变速箱油,ai_candidate,high: 标准中文名称
167,油品、化工原料及胶粘材料 > 化工油品 > 其他油品,自动排挡液,ATF油,ai_candidate,high: 英文Automatic Transmission Fluid缩写，行业通用
167,油品、化工原料及胶粘材料 > 化工油品 > 其他油品,自动排挡液,自动波箱油,ai_candidate,high: 粤语及南方维修市场常用
167,油品、化工原料及胶粘材料 > 化工油品 > 其他油品,自动排挡液,自动传动液,ai_candidate,medium: 正式技术名称
1536,油品、化工原料及胶粘材料 > 化工油品 > 润滑脂、蜡,润滑脂、蜡,黄油,ai_candidate,high: 润滑脂在施工现场常被称为黄油
1536,油品、化工原料及胶粘材料 > 化工油品 > 润滑脂、蜡,锂基润滑脂,锂基脂,ai_candidate,high: 常见的口语简称
1536,油品、化工原料及胶粘材料 > 化工油品 > 润滑脂、蜡,黄石蜡,黄蜡,ai_candidate,high: 按颜色简化的俗称
1533,油品、化工原料及胶粘材料 > 化工油品 > 燃料油,燃料油,燃油,ai_candidate,high: 燃料油的简称，口语中常统称为燃油
1533,油品、化工原料及胶粘材料 > 化工油品 > 燃料油,煤油,火油,ai_candidate,high: 煤油传统俗称，在南方部分地区及旧时行业惯用
1533,油品、化工原料及胶粘材料 > 化工油品 > 燃料油,煤油,灯油,ai_candidate,medium: 因常用于煤油灯，施工现场有时称灯用煤油
1533,油品、化工原料及胶粘材料 > 化工油品 > 燃料油,重油,渣油,ai_candidate,high: 重油是炼油残渣，工业现场常称渣油
1284,法兰及其垫片 > 法兰 > 盲板,盲板,盲法兰,ai_candidate,medium: 施工现场常将盲板混称为盲法兰
1284,法兰及其垫片 > 法兰 > 盲板,盲板,堵板,ai_candidate,medium: 起封堵作用的板状件，俗称堵板
1284,法兰及其垫片 > 法兰 > 盲板,8字盲板,眼镜盲板,ai_candidate,high: 形状类似眼镜，俗称眼镜盲板
1284,法兰及其垫片 > 法兰 > 盲板,8字盲板,8字盲法兰,ai_candidate,medium: 法兰形式盲板的口语简化叫法
1284,法兰及其垫片 > 法兰 > 盲板,8字盲板,图8盲板,ai_candidate,medium: 因8字形结构，现场口语称图8盲板
1284,法兰及其垫片 > 法兰 > 盲板,盲板+垫环,盲板组合,ai_candidate,medium: 盲板与垫环组合件的简称
1284,法兰及其垫片 > 法兰 > 盲板,盲板+垫环,带环盲板,ai_candidate,medium: 强调带垫环的盲板
1653,泵、供水设备 > 供水设备 > 供水控制柜,供水控制柜,水泵控制柜,ai_candidate,high: 行业内对所有水泵控制柜的统称，涵盖生活、消防、排污等
1653,泵、供水设备 > 供水设备 > 供水控制柜,供水控制柜,供水柜,ai_candidate,high: 供水控制柜的常用简称
1653,泵、供水设备 > 供水设备 > 供水控制柜,供水控制柜,泵控柜,ai_candidate,medium: 水泵控制柜的再次简称
1653,泵、供水设备 > 供水设备 > 供水控制柜,供水控制柜,给水控制柜,ai_candidate,medium: 供水系统的控制柜别称
1653,泵、供水设备 > 供水设备 > 供水控制柜,ABB变频控制柜,ABB变频柜,ai_candidate,high: 省去“控制”二字，口语句
1653,泵、供水设备 > 供水设备 > 供水控制柜,ABB变频控制柜,ABB柜,ai_candidate,high: 以品牌代称整个控制柜，现场极常用
1653,泵、供水设备 > 供水设备 > 供水控制柜,变频供水控制柜,变频供水柜,ai_candidate,high: 施工简略叫法，省略“控制”
1653,泵、供水设备 > 供水设备 > 供水控制柜,变频供水控制柜,供水变频柜,ai_candidate,medium: 语序调换，仍指同一设备
1653,泵、供水设备 > 供水设备 > 供水控制柜,变频恒压供水控制柜,恒压供水控制柜,ai_candidate,high: 省略“变频”，默认恒压由变频实现
1653,泵、供水设备 > 供水设备 > 供水控制柜,变频恒压供水控制柜,恒压变频柜,ai_candidate,high: 提炼核心功能词，口语句
1653,泵、供水设备 > 供水设备 > 供水控制柜,变频恒压供水控制柜,变频恒压柜,ai_candidate,high: 最简化的现场叫法
1653,泵、供水设备 > 供水设备 > 供水控制柜,变频控制柜,变频柜,ai_candidate,high: 最通用简称
1653,泵、供水设备 > 供水设备 > 供水控制柜,变频控制柜,变频器柜,ai_candidate,high: 强调内部核心器件，采购时常这样叫
1653,泵、供水设备 > 供水设备 > 供水控制柜,变频控制柜,VFD控制柜,ai_candidate_low,low: 借用英文缩写，在技术标书中偶见
1653,泵、供水设备 > 供水设备 > 供水控制柜,带双电源切换变频恒压生活水泵控制柜,双电源生活水泵控制柜,ai_candidate,high: 省略了变频恒压，因生活水泵大多已默认变频恒压
1653,泵、供水设备 > 供水设备 > 供水控制柜,带双电源切换变频恒压生活水泵控制柜,生活水泵变频控制柜,ai_candidate,medium: 省略双电源，但有时区分，口语简化
1653,泵、供水设备 > 供水设备 > 供水控制柜,带双电源切换变频恒压生活水泵控制柜,双电源恒压供水柜,ai_candidate,medium: 合并关键特征，生活水泵隐含在供水柜中
1653,泵、供水设备 > 供水设备 > 供水控制柜,带双电源切换消防水泵控制柜,双电源消防泵控制柜,ai_candidate,high: 施工及采购中最常用简称
1653,泵、供水设备 > 供水设备 > 供水控制柜,带双电源切换消防水泵控制柜,消防泵双电源柜,ai_candidate,medium: 调整词序，现场说法
1653,泵、供水设备 > 供水设备 > 供水控制柜,带双电源切换消防水泵控制柜,消防水泵控制柜,ai_candidate,medium: 省略双电源，当默认包含时这样叫
1653,泵、供水设备 > 供水设备 > 供水控制柜,排污水泵控制箱,排污泵控制箱,ai_candidate,high: 省去“水”字，为最常用叫法
1653,泵、供水设备 > 供水设备 > 供水控制柜,排污水泵控制箱,污水泵控制箱,ai_candidate,high: 将“排污水泵”简化为“污水泵”，现场混用
1653,泵、供水设备 > 供水设备 > 供水控制柜,潜污泵控制箱,潜污泵电控箱,ai_candidate,medium: 加“电”字，强调电气控制
1653,泵、供水设备 > 供水设备 > 供水控制柜,潜污泵控制箱,潜水泵控制箱,ai_candidate_low,low: 常与潜污泵混用，尽管不完全准确，但采购清单中常见
1653,泵、供水设备 > 供水设备 > 供水控制柜,集成控制柜,综合控制柜,ai_candidate,high: 集成多种控制功能，因此也叫综合柜
1653,泵、供水设备 > 供水设备 > 供水控制柜,集成控制柜,一体化控制柜,ai_candidate,high: 强调一体化集成
1653,泵、供水设备 > 供水设备 > 供水控制柜,集成控制柜,集控柜,ai_candidate,high: 最简洁的口语简称
31,泵、供水设备 > 泵类设备 > 其他泵,一体化泵站,一体化预制泵站,ai_candidate,high: 同义全称
31,泵、供水设备 > 泵类设备 > 其他泵,一体化泵站,整体泵站,ai_candidate,medium: 集成式结构
31,泵、供水设备 > 泵类设备 > 其他泵,一体化预制泵站,预制泵站,ai_candidate,high: 简称
31,泵、供水设备 > 泵类设备 > 其他泵,一体化预制泵站,一体化污水提升泵站,ai_candidate,medium: 常见功能细分叫法
31,泵、供水设备 > 泵类设备 > 其他泵,三集一体热泵,三合一热泵,ai_candidate,medium: 功能集成
31,泵、供水设备 > 泵类设备 > 其他泵,不锈钢碱泵,碱液泵,ai_candidate,high: 输送介质简称
31,泵、供水设备 > 泵类设备 > 其他泵,中开双吸泵,中开泵,ai_candidate,high: 结构简称
31,泵、供水设备 > 泵类设备 > 其他泵,中开双吸泵,水平中开泵,ai_candidate,high: 结构特征
31,泵、供水设备 > 泵类设备 > 其他泵,中水泵,再生水泵,ai_candidate,medium: 水源用途同义
31,泵、供水设备 > 泵类设备 > 其他泵,中水泵,中水给水泵,ai_candidate,medium: 功能延伸
31,泵、供水设备 > 泵类设备 > 其他泵,传输泵,输送泵,ai_candidate,high: 同义动词转换
31,泵、供水设备 > 泵类设备 > 其他泵,农业泵,农用泵,ai_candidate,high: 常见叫法
31,泵、供水设备 > 泵类设备 > 其他泵,冷冻泵,冷冻水泵,ai_candidate,high: 完整功能名称
31,泵、供水设备 > 泵类设备 > 其他泵,冷冻泵,冷冻循环泵,ai_candidate,medium: 系统角色
31,泵、供水设备 > 泵类设备 > 其他泵,冷却泵,冷却水泵,ai_candidate,high: 完整名称
31,泵、供水设备 > 泵类设备 > 其他泵,冷却泵,冷水泵,ai_candidate,medium: 介质俗称
31,泵、供水设备 > 泵类设备 > 其他泵,净水泵,净水加压泵,ai_candidate,medium: 功能描述
31,泵、供水设备 > 泵类设备 > 其他泵,副泵,辅助泵,ai_candidate,medium: 功能指代
31,泵、供水设备 > 泵类设备 > 其他泵,加药泵,计量泵,ai_candidate,high: 加药常用泵型
31,泵、供水设备 > 泵类设备 > 其他泵,加药泵,投药泵,ai_candidate,medium: 功能同义
31,泵、供水设备 > 泵类设备 > 其他泵,加酸泵,耐酸泵,ai_candidate,medium: 防腐特性
31,泵、供水设备 > 泵类设备 > 其他泵,加酸泵,酸液泵,ai_candidate,medium: 介质简称
31,泵、供水设备 > 泵类设备 > 其他泵,化学泵,化工泵,ai_candidate,high: 行业常用统称
31,泵、供水设备 > 泵类设备 > 其他泵,化学泵,耐腐蚀泵,ai_candidate,medium: 关键特性
31,泵、供水设备 > 泵类设备 > 其他泵,厌氧循环泵,厌氧泵,ai_candidate,medium: 简化叫法
31,泵、供水设备 > 泵类设备 > 其他泵,双吸泵,双吸离心泵,ai_candidate,high: 完整泵型名
31,泵、供水设备 > 泵类设备 > 其他泵,反洗泵,反冲洗泵,ai_candidate,high: 全称
31,泵、供水设备 > 泵类设备 > 其他泵,变频泵,变频水泵,ai_candidate,medium: 通用全称
31,泵、供水设备 > 泵类设备 > 其他泵,喷射泵,射流泵,ai_candidate,high: 工作原理同义
31,泵、供水设备 > 泵类设备 > 其他泵,喷射泵,水射器,ai_candidate_low,low: 特定场景叫法
31,泵、供水设备 > 泵类设备 > 其他泵,喷泉泵,景观泵,ai_candidate,medium: 应用场景
31,泵、供水设备 > 泵类设备 > 其他泵,喷泉泵,喷泉水泵,ai_candidate,medium: 完整说法
31,泵、供水设备 > 泵类设备 > 其他泵,太阳能集热循环泵,太阳能循环泵,ai_candidate,high: 功能简化
31,泵、供水设备 > 泵类设备 > 其他泵,太阳能集热循环泵,集热循环泵,ai_candidate,medium: 核心循环功能
1647,泵、供水设备 > 泵类设备 > 射流泵,射流泵,喷射泵,ai_candidate,high: 射流泵的通用俗称，广泛用于采购和施工现场
1647,泵、供水设备 > 泵类设备 > 射流泵,射流泵,引射泵,ai_candidate,medium: 强调引射功能的别称，在技术资料和订货中常见
1647,泵、供水设备 > 泵类设备 > 射流泵,射流泵,射流器,ai_candidate,medium: 水处理领域对射流泵的常见叫法
1647,泵、供水设备 > 泵类设备 > 射流泵,液体射流泵,水力射流泵,ai_candidate,high: 以水为工作介质的液体射流泵最常见形态，采购中常用此称
1647,泵、供水设备 > 泵类设备 > 射流泵,液体射流泵,水射流泵,ai_candidate,high: 施工现场简洁叫法，常指液体射流泵
1647,泵、供水设备 > 泵类设备 > 射流泵,液体射流泵,水力喷射泵,ai_candidate,medium: 在给排水、消防等工程中习惯称呼
1643,泵、供水设备 > 泵类设备 > 往复泵,柱塞泵往复泵,柱塞泵,ai_candidate,high: 施工现场及采购中对柱塞式往复泵的常用简称
1643,泵、供水设备 > 泵类设备 > 往复泵,活塞泵往复泵,活塞泵,ai_candidate,high: 行业内对活塞式往复泵的通用简称
1643,泵、供水设备 > 泵类设备 > 往复泵,计量往复泵,计量泵,ai_candidate,high: 计量用往复泵的行业通称
1643,泵、供水设备 > 泵类设备 > 往复泵,隔膜泵往复泵,隔膜泵,ai_candidate,high: 隔膜式往复泵的通用称谓
1642,泵、供水设备 > 泵类设备 > 旋涡泵,旋涡泵,漩涡泵,ai_candidate,high: 旋涡与漩涡同义，口语中常混用
1642,泵、供水设备 > 泵类设备 > 旋涡泵,旋涡泵,涡流泵,ai_candidate,medium: 部分区域或行业对旋涡泵的俗称
1642,泵、供水设备 > 泵类设备 > 旋涡泵,W型旋涡泵,W型漩涡泵,ai_candidate,high: 口语中常将“旋涡”说成“漩涡”
1642,泵、供水设备 > 泵类设备 > 旋涡泵,离心旋涡泵,离心漩涡泵,ai_candidate,high: 口语中常将“旋涡”说成“漩涡”
1642,泵、供水设备 > 泵类设备 > 旋涡泵,自吸旋涡泵,自吸漩涡泵,ai_candidate,high: 口语中常将“旋涡”说成“漩涡”
1649,泵、供水设备 > 泵类设备 > 水锤泵,水锤泵,水锤站,ai_candidate,high: 施工现场常将水锤泵站简称为水锤站
1649,泵、供水设备 > 泵类设备 > 水锤泵,水锤泵,水力冲压泵站,ai_candidate,medium: 水锤泵学名水力冲压泵，整套装置俗称水力冲压泵站
1649,泵、供水设备 > 泵类设备 > 水锤泵,水锤泵,水锤扬水站,ai_candidate_low,low: 利用水锤效应扬水，常被称为水锤扬水站
1641,泵、供水设备 > 泵类设备 > 混流泵,混流泵,斜流泵,ai_candidate,high: 混流泵在行业内常被称为斜流泵，是通用别称
1646,泵、供水设备 > 泵类设备 > 真空泵,射流式真空泵,喷射式真空泵,ai_candidate,high: 利用射流原理，现场常称喷射泵或喷射式真空泵
1646,泵、供水设备 > 泵类设备 > 真空泵,射流式真空泵,射流泵,ai_candidate,high: 简称，采购清单中常见
1646,泵、供水设备 > 泵类设备 > 真空泵,往复式真空泵,活塞真空泵,ai_candidate,high: 利用活塞往复运动抽气，俗称活塞真空泵
1646,泵、供水设备 > 泵类设备 > 真空泵,往复式真空泵,往复泵,ai_candidate,medium: 施工现场口语简称
1646,泵、供水设备 > 泵类设备 > 真空泵,旋片式真空泵,旋片泵,ai_candidate,high: 最常见的简称
1646,泵、供水设备 > 泵类设备 > 真空泵,旋片式真空泵,滑片式真空泵,ai_candidate,medium: 部分地区和行业习惯称滑片式
1646,泵、供水设备 > 泵类设备 > 真空泵,水环悬臂式真空泵,水环式真空泵,ai_candidate,high: 水环类真空泵统称，悬臂式为其结构形式
1646,泵、供水设备 > 泵类设备 > 真空泵,水环悬臂式真空泵,水环泵,ai_candidate,high: 现场及采购口语简称
1646,泵、供水设备 > 泵类设备 > 真空泵,水环悬臂式真空泵,悬臂水环泵,ai_candidate,medium: 强调悬臂结构的口语叫法
1646,泵、供水设备 > 泵类设备 > 真空泵,涡旋真空泵,涡旋泵,ai_candidate,high: 常用简称
1646,泵、供水设备 > 泵类设备 > 真空泵,涡旋真空泵,涡旋干泵,ai_candidate,medium: 突出其干式无油特点的行业别称
1646,泵、供水设备 > 泵类设备 > 真空泵,直联式真空泵,直联泵,ai_candidate,medium: 电机与泵直联结构的通用简称
1646,泵、供水设备 > 泵类设备 > 真空泵,罗茨真空泵,罗茨泵,ai_candidate,high: 行业通用简称
1646,泵、供水设备 > 泵类设备 > 真空泵,罗茨真空泵,罗茨式真空泵,ai_candidate,medium: 全称的另一种常见表述
1646,泵、供水设备 > 泵类设备 > 真空泵,螺杆式真空泵,螺杆真空泵,ai_candidate,high: 常见口语及采购名称
1646,泵、供水设备 > 泵类设备 > 真空泵,螺杆式真空泵,螺杆泵,ai_candidate,medium: 真空领域简称，需结合语境
1639,泵、供水设备 > 泵类设备 > 离心式杂质泵,离心式杂质泵,杂质泵,ai_candidate,high: 离心式杂质泵常简称为杂质泵
1639,泵、供水设备 > 泵类设备 > 离心式杂质泵,排沙泵,抽沙泵,ai_candidate,medium: 施工现场常称抽沙泵
1639,泵、供水设备 > 泵类设备 > 离心式杂质泵,排泥泵,抽泥泵,ai_candidate,medium: 用于抽取泥浆，口语称抽泥泵
1639,泵、供水设备 > 泵类设备 > 离心式杂质泵,排泥泵,清淤泵,ai_candidate_low,low: 常用于清淤工程
1639,泵、供水设备 > 泵类设备 > 离心式杂质泵,污水泵,排污泵,ai_candidate,high: 污水泵的常用别称
1639,泵、供水设备 > 泵类设备 > 离心式杂质泵,泥浆泵,泥泵,ai_candidate,medium: 泥浆泵的简称
1639,泵、供水设备 > 泵类设备 > 离心式杂质泵,灰渣泵,除灰泵,ai_candidate,medium: 电厂除灰系统常用叫法
1639,泵、供水设备 > 泵类设备 > 离心式杂质泵,灰渣泵,灰泵,ai_candidate_low,low: 简称
1639,泵、供水设备 > 泵类设备 > 离心式杂质泵,煤水泵,煤浆泵,ai_candidate,high: 输送煤浆，常称为煤浆泵
1639,泵、供水设备 > 泵类设备 > 离心式杂质泵,砂泵,抽砂泵,ai_candidate,high: 用于抽砂，口语称抽砂泵
1639,泵、供水设备 > 泵类设备 > 离心式杂质泵,砂浆泵,灰浆泵,ai_candidate,medium: 砂浆泵也可称为灰浆泵
1637,泵、供水设备 > 泵类设备 > 离心式油泵,离心式油泵,离心油泵,ai_candidate,high: 省略‘式’字，行业常用简称
1637,泵、供水设备 > 泵类设备 > 离心式油泵,离心式油泵,油离心泵,ai_candidate_low,low: 部分口语中语序变化
1637,泵、供水设备 > 泵类设备 > 离心式油泵,变压器油泵,变压器潜油泵,ai_candidate,medium: 变压器油泵常为潜油式，现场混用
1637,泵、供水设备 > 泵类设备 > 离心式油泵,变压器油泵,变压器循环泵,ai_candidate,medium: 用于变压器油循环冷却，操作人员口语简称
1637,泵、供水设备 > 泵类设备 > 离心式油泵,油浆泵,油浆循环泵,ai_candidate,high: 催化裂化装置中油浆泵多为循环工况，临场缩写
1637,泵、供水设备 > 泵类设备 > 离心式油泵,油浆泵,催化油浆泵,ai_candidate,medium: 特定装置来源的别称
1637,泵、供水设备 > 泵类设备 > 离心式油泵,液态烃泵,烃泵,ai_candidate,high: 石油化工现场最常用简称
1637,泵、供水设备 > 泵类设备 > 离心式油泵,液态烃泵,轻烃泵,ai_candidate,medium: 输送的液态烃多为轻烃，采购时常混称
1637,泵、供水设备 > 泵类设备 > 离心式油泵,热油泵(>200℃),高温油泵,ai_candidate,high: 以温度特征直接称呼
1637,泵、供水设备 > 泵类设备 > 离心式油泵,热油泵(>200℃),热油循环泵,ai_candidate,medium: 用于热油循环系统时的叫法
1637,泵、供水设备 > 泵类设备 > 离心式油泵,通用油泵,普通油泵,ai_candidate,medium: 与特殊用途泵相对的口语表达
1637,泵、供水设备 > 泵类设备 > 离心式油泵,通用油泵,标准油泵,ai_candidate,medium: 强调无特殊要求时的叫法
1638,泵、供水设备 > 泵类设备 > 离心式耐腐蚀泵,离心式耐腐蚀泵,耐腐蚀离心泵,ai_candidate,high: 离心式耐腐蚀泵的常见简称
1638,泵、供水设备 > 泵类设备 > 离心式耐腐蚀泵,离心式耐腐蚀泵,防腐离心泵,ai_candidate,high: 工地及采购通用叫法
1638,泵、供水设备 > 泵类设备 > 离心式耐腐蚀泵,离心式耐腐蚀泵,防腐泵,ai_candidate,high: 统称，同时涵盖金属与非金属泵
1638,泵、供水设备 > 泵类设备 > 离心式耐腐蚀泵,离心式耐腐蚀泵,化工离心泵,ai_candidate,medium: 多用于化工耐腐蚀场景
1638,泵、供水设备 > 泵类设备 > 离心式耐腐蚀泵,离心式耐腐蚀泵,耐酸碱离心泵,ai_candidate,medium: 强调耐酸碱性能
1638,泵、供水设备 > 泵类设备 > 离心式耐腐蚀泵,耐腐蚀金属泵,金属耐腐蚀泵,ai_candidate,high: 语序调换，采购中常见
1638,泵、供水设备 > 泵类设备 > 离心式耐腐蚀泵,耐腐蚀金属泵,防腐金属泵,ai_candidate,high: 简称，突出防腐+金属材质
1638,泵、供水设备 > 泵类设备 > 离心式耐腐蚀泵,耐腐蚀金属泵,合金耐腐蚀泵,ai_candidate,medium: 金属泵多为合金材质
1638,泵、供水设备 > 泵类设备 > 离心式耐腐蚀泵,耐腐蚀非金属泵,非金属耐腐蚀泵,ai_candidate,high: 语序调换
1638,泵、供水设备 > 泵类设备 > 离心式耐腐蚀泵,耐腐蚀非金属泵,防腐非金属泵,ai_candidate,high: 简称
1638,泵、供水设备 > 泵类设备 > 离心式耐腐蚀泵,耐腐蚀非金属泵,塑料耐腐蚀泵,ai_candidate,medium: 非金属泵常见为塑料材质
1645,泵、供水设备 > 泵类设备 > 计量泵,计量泵,加药泵,ai_candidate,high: 计量泵常用于水处理加药，现场俗称加药泵
1645,泵、供水设备 > 泵类设备 > 计量泵,计量泵,定量泵,ai_candidate,high: 可精确定量输送液体，常被称为定量泵
1645,泵、供水设备 > 泵类设备 > 计量泵,计量泵,比例泵,ai_candidate,medium: 可调节流量比例，部分场景称为比例泵
1645,泵、供水设备 > 泵类设备 > 计量泵,机械隔膜式计量泵,机械隔膜计量泵,ai_candidate,high: 省略'式'字的规范简称
1645,泵、供水设备 > 泵类设备 > 计量泵,机械隔膜式计量泵,机械隔膜泵,ai_candidate,medium: 在计量泵语境下简化为机械隔膜泵
1645,泵、供水设备 > 泵类设备 > 计量泵,机械隔膜式计量泵,机械隔膜加药泵,ai_candidate,medium: 加药用途的俗称
1645,泵、供水设备 > 泵类设备 > 计量泵,柱塞式计量泵,柱塞计量泵,ai_candidate,high: 省略'式'字的常见叫法
1645,泵、供水设备 > 泵类设备 > 计量泵,柱塞式计量泵,柱塞式加药泵,ai_candidate,medium: 加药用途的口语叫法
1645,泵、供水设备 > 泵类设备 > 计量泵,气动计量泵,气动加药泵,ai_candidate,medium: 以气动驱动的加药泵俗称
1645,泵、供水设备 > 泵类设备 > 计量泵,液压隔膜式计量泵,液压隔膜计量泵,ai_candidate,high: 省略'式'字的规范简称
1645,泵、供水设备 > 泵类设备 > 计量泵,液压隔膜式计量泵,液压隔膜泵,ai_candidate,medium: 计量泵语境下的简化叫法
1645,泵、供水设备 > 泵类设备 > 计量泵,电磁隔膜式计量泵,电磁计量泵,ai_candidate,high: 电磁驱动的计量泵最常见简称
1645,泵、供水设备 > 泵类设备 > 计量泵,电磁隔膜式计量泵,电磁隔膜泵,ai_candidate,medium: 省略'式'且隐含计量功能
1645,泵、供水设备 > 泵类设备 > 计量泵,电磁隔膜式计量泵,电磁加药泵,ai_candidate,medium: 加药用途的口语俗称
1645,泵、供水设备 > 泵类设备 > 计量泵,高温计量泵,耐高温计量泵,ai_candidate,medium: 强调耐高温性能的别称
1645,泵、供水设备 > 泵类设备 > 计量泵,高粘度计量泵,高粘计量泵,ai_candidate,medium: 口语中常将粘度简称为粘
1645,泵、供水设备 > 泵类设备 > 计量泵,高粘度计量泵,高粘度泵,ai_candidate_low,low: 在计量泵语境下可简化
1644,泵、供水设备 > 泵类设备 > 转子泵,三螺杆转子泵,三螺杆泵,ai_candidate,high: 省略“转子”，施工现场及采购中常用简称
1644,泵、供水设备 > 泵类设备 > 转子泵,凸轮式转子泵,凸轮泵,ai_candidate,high: 常用简称，直接以工作原理命名
1644,泵、供水设备 > 泵类设备 > 转子泵,凸轮式转子泵,罗茨泵,ai_candidate,medium: 凸轮转子泵与罗茨泵原理相近，在液泵领域常混称
1644,泵、供水设备 > 泵类设备 > 转子泵,单螺杆转子泵,单螺杆泵,ai_candidate,high: 省略“转子”，行业标准简称
1644,泵、供水设备 > 泵类设备 > 转子泵,双螺杆转子泵,双螺杆泵,ai_candidate,high: 省略“转子”，行业标准简称
1644,泵、供水设备 > 泵类设备 > 转子泵,径向柱塞式转子泵,径向柱塞泵,ai_candidate,high: 省略“式转子”，采购中常用叫法
1644,泵、供水设备 > 泵类设备 > 转子泵,滑片式转子泵,滑片泵,ai_candidate,high: 通俗简称
1644,泵、供水设备 > 泵类设备 > 转子泵,滑片式转子泵,叶片泵,ai_candidate,high: 滑片即叶片，现场常混称
1644,泵、供水设备 > 泵类设备 > 转子泵,环流活塞式转子泵,环形活塞泵,ai_candidate_low,low: 按其结构俗称
1644,泵、供水设备 > 泵类设备 > 转子泵,轴向柱塞式转子泵,轴向柱塞泵,ai_candidate,high: 省略“式转子”，常见叫法
1644,泵、供水设备 > 泵类设备 > 转子泵,齿轮转子泵,齿轮泵,ai_candidate,high: 最常用简称
1640,泵、供水设备 > 泵类设备 > 轴流泵,轴流泵,螺桨泵,ai_candidate,high: 轴流泵叶轮类似螺旋桨，俗称螺桨泵
1640,泵、供水设备 > 泵类设备 > 轴流泵,轴流泵,螺旋桨泵,ai_candidate,high: 轴流泵因叶轮形状常被称为螺旋桨泵
1640,泵、供水设备 > 泵类设备 > 轴流泵,轴流泵,旋桨泵,ai_candidate,medium: 轴流泵的简称，来源于工作原理
1640,泵、供水设备 > 泵类设备 > 轴流泵,循环轴流泵,轴流循环泵,ai_candidate,medium: 施工现场常用倒序叫法
1640,泵、供水设备 > 泵类设备 > 轴流泵,循环轴流泵,循环螺桨泵,ai_candidate_low,low: 结合功能与轴流泵俗称
1640,泵、供水设备 > 泵类设备 > 轴流泵,潜水轴流泵,潜轴泵,ai_candidate,high: 潜水轴流泵的缩略简称，采购时常见
1640,泵、供水设备 > 泵类设备 > 轴流泵,潜水轴流泵,潜水螺桨泵,ai_candidate_low,low: 结合安装形式与轴流泵俗称
35,洁具及燃气器具 > 其他洁具及器具 > 其他卫生洁具,半整体盒子卫生间,半整体卫浴间,ai_candidate,medium: 施工现场对半整体式预制卫生间的简称
35,洁具及燃气器具 > 其他洁具及器具 > 其他卫生洁具,多功能护理台,护理操作台,ai_candidate,medium: 医院采购常用叫法
35,洁具及燃气器具 > 其他洁具及器具 > 其他卫生洁具,干发器,干发机,ai_candidate,high: 通俗口语叫法
35,洁具及燃气器具 > 其他洁具及器具 > 其他卫生洁具,干发器,烘发器,ai_candidate,medium: 描述烘干头发的功能俗称
35,洁具及燃气器具 > 其他洁具及器具 > 其他卫生洁具,洗脚盆,洗脚池,ai_candidate,medium: 大型公共洗脚设施常用
35,洁具及燃气器具 > 其他洁具及器具 > 其他卫生洁具,洗脚盆,足浴盆,ai_candidate,medium: 商业或家庭足浴设备常见名称
35,洁具及燃气器具 > 其他洁具及器具 > 其他卫生洁具,浴室干燥机,浴室烘干机,ai_candidate,medium: 口语直接替代词
35,洁具及燃气器具 > 其他洁具及器具 > 其他卫生洁具,浴室干燥机,浴用干燥器,ai_candidate_low,low: 阐明设备安装位置的称呼
35,洁具及燃气器具 > 其他洁具及器具 > 其他卫生洁具,组装式半整体盒子卫生间,组装半整体卫浴间,ai_candidate,medium: 强调组装方式的口语简化
35,洁具及燃气器具 > 其他洁具及器具 > 其他卫生洁具,组装式整体盒子卫生间,组装整体卫浴间,ai_candidate,medium: 强调组装方式的口语简化
1563,洁具及燃气器具 > 其他洁具及器具 > 厨用隔油器,厨用隔油器,油水分离器,ai_candidate,high: 厨用隔油器的行业内通用俗称
1563,洁具及燃气器具 > 其他洁具及器具 > 厨用隔油器,厨用隔油器,隔油池,ai_candidate,high: 厨房用隔油设备的常见叫法，泛指各类隔油器
1563,洁具及燃气器具 > 其他洁具及器具 > 厨用隔油器,厨用隔油器,油脂分离器,ai_candidate,medium: 另一种常见称呼
1563,洁具及燃气器具 > 其他洁具及器具 > 厨用隔油器,地埋式隔油器,地埋式隔油池,ai_candidate,high: 强调埋地安装的隔油设备
1563,洁具及燃气器具 > 其他洁具及器具 > 厨用隔油器,地埋式隔油器,埋地隔油器,ai_candidate,high: 施工现场简称
1563,洁具及燃气器具 > 其他洁具及器具 > 厨用隔油器,嵌挂式隔油器,挂墙式隔油器,ai_candidate,medium: 嵌挂式安装常指可挂墙
1563,洁具及燃气器具 > 其他洁具及器具 > 厨用隔油器,嵌挂式隔油器,嵌入式隔油器,ai_candidate,medium: 也可嵌入安装
1563,洁具及燃气器具 > 其他洁具及器具 > 厨用隔油器,悬挂式隔油器,吊装式隔油器,ai_candidate,high: 悬挂吊装的叫法
1563,洁具及燃气器具 > 其他洁具及器具 > 厨用隔油器,悬挂式隔油器,悬挂隔油器,ai_candidate,high: 口语简称
1563,洁具及燃气器具 > 其他洁具及器具 > 厨用隔油器,隔油器,油水分离器,ai_candidate,high: 最通用的别名
1565,洁具及燃气器具 > 其他洁具及器具 > 抽水缸（凝水器）,抽水缸,凝水器,ai_candidate,high: 分类名中直接出现的别称，行业内通用
1565,洁具及燃气器具 > 其他洁具及器具 > 抽水缸（凝水器）,抽水缸,凝水缸,ai_candidate,high: 燃气施工现场常用叫法，功能完全一致
1554,洁具及燃气器具 > 卫浴家具、电器 > 化妆台、化妆镜,洗面化妆台,浴室柜,ai_candidate,high: 家装采购中洗面化妆台最常用叫法
1554,洁具及燃气器具 > 卫浴家具、电器 > 化妆台、化妆镜,洗面化妆台,洗脸台柜,ai_candidate,high: 强调带柜体的洗面台
1554,洁具及燃气器具 > 卫浴家具、电器 > 化妆台、化妆镜,洗面化妆台,洗手盆柜,ai_candidate,medium: 现场口语简洁叫法
1554,洁具及燃气器具 > 卫浴家具、电器 > 化妆台、化妆镜,洗面化妆台,面盆柜,ai_candidate,medium: 简称
1554,洁具及燃气器具 > 卫浴家具、电器 > 化妆台、化妆镜,浴镜,浴室镜,ai_candidate,high: 更完整称呼
1554,洁具及燃气器具 > 卫浴家具、电器 > 化妆台、化妆镜,浴镜,卫生间镜,ai_candidate,medium: 施工现场口语
1554,洁具及燃气器具 > 卫浴家具、电器 > 化妆台、化妆镜,镜柜,浴室镜柜,ai_candidate,high: 明确用于浴室
1554,洁具及燃气器具 > 卫浴家具、电器 > 化妆台、化妆镜,镜柜,镜箱,ai_candidate,medium: 老式叫法，嵌入式镜柜
1554,洁具及燃气器具 > 卫浴家具、电器 > 化妆台、化妆镜,镜柜,镜子柜,ai_candidate,medium: 直接描述
1557,洁具及燃气器具 > 卫浴家具、电器 > 卫浴小电器,全自动烘手器,烘手机,ai_candidate,high: 施工现场常用口语叫法
1557,洁具及燃气器具 > 卫浴家具、电器 > 卫浴小电器,全自动烘手器,干手器,ai_candidate,high: 行业内常用简称
1557,洁具及燃气器具 > 卫浴家具、电器 > 卫浴小电器,全自动烘手器,自动干手机,ai_candidate,high: 带自动描述的俗称
1557,洁具及燃气器具 > 卫浴家具、电器 > 卫浴小电器,干肤、干发两用机,干身机,ai_candidate,medium: 现场常用简化叫法
1557,洁具及燃气器具 > 卫浴家具、电器 > 卫浴小电器,干肤、干发两用机,干肤干发机,ai_candidate,medium: 缩略俗称
1557,洁具及燃气器具 > 卫浴家具、电器 > 卫浴小电器,干肤、干发两用机,双用干身器,ai_candidate_low,low: 描述两用功能的口语
1557,洁具及燃气器具 > 卫浴家具、电器 > 卫浴小电器,手消毒器,净手器,ai_candidate,high: 行业别称
1557,洁具及燃气器具 > 卫浴家具、电器 > 卫浴小电器,手消毒器,感应手消毒器,ai_candidate,high: 强调感应方式的叫法
1557,洁具及燃气器具 > 卫浴家具、电器 > 卫浴小电器,手消毒器,自动手消毒器,ai_candidate,medium: 施工现场常用
1556,洁具及燃气器具 > 卫浴家具、电器 > 卫生洁具用水箱,卫生洁具用水箱,洁具水箱,ai_candidate,medium: 行业内对卫生洁具用水箱的统称，涵盖各种冲厕水箱
1556,洁具及燃气器具 > 卫浴家具、电器 > 卫生洁具用水箱,冲洗水箱,冲水箱,ai_candidate,medium: 施工现场及采购中常用的简称
1556,洁具及燃气器具 > 卫浴家具、电器 > 卫生洁具用水箱,坐装式低位水箱,马桶水箱,ai_candidate,high: 直接安装在马桶上的水箱，俗称马桶水箱
1556,洁具及燃气器具 > 卫浴家具、电器 > 卫生洁具用水箱,坐装式低位水箱,坐便器水箱,ai_candidate,medium: 配套坐便器的低位水箱
1556,洁具及燃气器具 > 卫浴家具、电器 > 卫生洁具用水箱,坐装式低位水箱,低水箱,ai_candidate,medium: 区别于高位水箱，指低位安装的通用叫法
1556,洁具及燃气器具 > 卫浴家具、电器 > 卫生洁具用水箱,坐装式低位水箱,分体水箱,ai_candidate,medium: 分体马桶配套的水箱，采购中常用
1556,洁具及燃气器具 > 卫浴家具、电器 > 卫生洁具用水箱,壁挂式低位水箱,壁挂水箱,ai_candidate,high: 挂在墙面的水箱，最为通用的别称
1556,洁具及燃气器具 > 卫浴家具、电器 > 卫生洁具用水箱,壁挂式低位水箱,挂墙水箱,ai_candidate,high: 与壁挂式同义，口语中常用
1556,洁具及燃气器具 > 卫浴家具、电器 > 卫生洁具用水箱,自动冲洗水箱,感应冲水箱,ai_candidate,medium: 带感应自动冲水功能的水箱
1556,洁具及燃气器具 > 卫浴家具、电器 > 卫生洁具用水箱,自动冲洗水箱,自动冲水箱,ai_candidate,medium: 简称自动冲水箱，强调自动功能
1556,洁具及燃气器具 > 卫浴家具、电器 > 卫生洁具用水箱,隐藏式水箱,入墙水箱,ai_candidate,high: 安装于墙体内，施工和采购中极常用
1556,洁具及燃气器具 > 卫浴家具、电器 > 卫生洁具用水箱,隐藏式水箱,暗装水箱,ai_candidate,medium: 隐蔽安装方式的水箱别称
1556,洁具及燃气器具 > 卫浴家具、电器 > 卫生洁具用水箱,隐藏式水箱,隐蔽式水箱,ai_candidate,medium: 与隐藏式水箱同义，书面及口语均用
1556,洁具及燃气器具 > 卫浴家具、电器 > 卫生洁具用水箱,高位水箱,高水箱,ai_candidate,high: 高位水箱的简称，施工现场通用
1556,洁具及燃气器具 > 卫浴家具、电器 > 卫生洁具用水箱,高位水箱,高位冲水箱,ai_candidate,medium: 强调高位安装的冲水箱
1556,洁具及燃气器具 > 卫浴家具、电器 > 卫生洁具用水箱,高位水箱,拉绳水箱,ai_candidate,medium: 高位水箱常以拉绳控制冲洗，口语中会这样叫
1558,洁具及燃气器具 > 卫浴家具、电器 > 喷香机、给皂器,喷香机、给皂器,喷香器,ai_candidate,high: 喷香机是常见叫法，但口语中也称喷香器
1558,洁具及燃气器具 > 卫浴家具、电器 > 喷香机、给皂器,喷香机、给皂器,香薰机,ai_candidate,medium: 部分场景下喷香机被称作香薰机
1558,洁具及燃气器具 > 卫浴家具、电器 > 喷香机、给皂器,喷香机、给皂器,皂液器,ai_candidate,high: 给皂器在采购中大量被称为皂液器
1558,洁具及燃气器具 > 卫浴家具、电器 > 喷香机、给皂器,喷香机、给皂器,皂液分配器,ai_candidate,medium: 给皂器的正式别名
1558,洁具及燃气器具 > 卫浴家具、电器 > 喷香机、给皂器,厨房给皂器,厨房皂液器,ai_candidate,high: 给皂器在厨房场景常用皂液器称呼
1558,洁具及燃气器具 > 卫浴家具、电器 > 喷香机、给皂器,厨房给皂器,厨房皂液分配器,ai_candidate,medium: 完整别名
1558,洁具及燃气器具 > 卫浴家具、电器 > 喷香机、给皂器,定时自动喷香机,定时喷香器,ai_candidate,high: 带定时功能的喷香机简称
1558,洁具及燃气器具 > 卫浴家具、电器 > 喷香机、给皂器,定时自动喷香机,自动定时喷香机,ai_candidate,medium: 语序调换的常见叫法
1558,洁具及燃气器具 > 卫浴家具、电器 > 喷香机、给皂器,定时自动喷香机,定时电香机,ai_candidate_low,low: 部分地区口语
1558,洁具及燃气器具 > 卫浴家具、电器 > 喷香机、给皂器,感应喷香机,感应式喷香器,ai_candidate,high: 口语中加‘式’字
1558,洁具及燃气器具 > 卫浴家具、电器 > 喷香机、给皂器,感应喷香机,红外感应喷香机,ai_candidate,medium: 虽然红外是感应方式，但常组合在名称中
1558,洁具及燃气器具 > 卫浴家具、电器 > 喷香机、给皂器,手按式给皂器,手压皂液器,ai_candidate,high: 手按与手压含义相同，常用皂液器替代给皂器
1558,洁具及燃气器具 > 卫浴家具、电器 > 喷香机、给皂器,手按式给皂器,按压式皂液器,ai_candidate,high: 按压式是手按式的同义表述
1558,洁具及燃气器具 > 卫浴家具、电器 > 喷香机、给皂器,手按式给皂器,手按皂液器,ai_candidate,medium: 省去‘式’字
1558,洁具及燃气器具 > 卫浴家具、电器 > 喷香机、给皂器,气压式给皂器,气压皂液器,ai_candidate,high: 气压式给皂器在施工采购中称气压皂液器
1558,洁具及燃气器具 > 卫浴家具、电器 > 喷香机、给皂器,气压式给皂器,气动给皂器,ai_candidate,medium: 气压等同于气动，常见别名
1558,洁具及燃气器具 > 卫浴家具、电器 > 喷香机、给皂器,红外线自动感应给皂器,感应皂液器,ai_candidate,high: 最常见简称，涵盖红外和自动感应
1558,洁具及燃气器具 > 卫浴家具、电器 > 喷香机、给皂器,红外线自动感应给皂器,红外感应皂液器,ai_candidate,high: 突出红外线特性
1558,洁具及燃气器具 > 卫浴家具、电器 > 喷香机、给皂器,红外线自动感应给皂器,自动感应给皂器,ai_candidate,high: 略去红外线
1558,洁具及燃气器具 > 卫浴家具、电器 > 喷香机、给皂器,红外线自动感应给皂器,感应式皂液器,ai_candidate,medium: 加式字
1558,洁具及燃气器具 > 卫浴家具、电器 > 喷香机、给皂器,自动控制台式给皂器,台式自动给皂器,ai_candidate,high: 语序调整，更顺口
1558,洁具及燃气器具 > 卫浴家具、电器 > 喷香机、给皂器,自动控制台式给皂器,台面式皂液器,ai_candidate,high: 控制台一般指台面，皂液器替代给皂器
1558,洁具及燃气器具 > 卫浴家具、电器 > 喷香机、给皂器,自动控制台式给皂器,台式感应皂液器,ai_candidate,medium: 自动控制常指感应，集成感应皂液器叫法
1555,洁具及燃气器具 > 卫浴家具、电器 > 浴室家具,侧柜,边柜,ai_candidate,medium: 放置在侧面的柜子常被称为边柜
1555,洁具及燃气器具 > 卫浴家具、电器 > 浴室家具,侧柜,侧边柜,ai_candidate,medium: 口语中强调侧边的叫法
1555,洁具及燃气器具 > 卫浴家具、电器 > 浴室家具,平柜,地柜,ai_candidate_low,low: 落地安装的平柜有时统称地柜
1555,洁具及燃气器具 > 卫浴家具、电器 > 浴室家具,平柜,落地柜,ai_candidate_low,low: 指落地式平柜
1555,洁具及燃气器具 > 卫浴家具、电器 > 浴室家具,成套橱柜,浴室套柜,ai_candidate,medium: 成套的浴室柜组合
1555,洁具及燃气器具 > 卫浴家具、电器 > 浴室家具,成套橱柜,组合浴室柜,ai_candidate,medium: 由多个单元组合的浴室柜
1555,洁具及燃气器具 > 卫浴家具、电器 > 浴室家具,成套橱柜,卫浴套柜,ai_candidate,medium: 卫浴行业对成套橱柜的简称
1555,洁具及燃气器具 > 卫浴家具、电器 > 浴室家具,浴室柜,洗手柜,ai_candidate,high: 带洗手盆的柜子
1555,洁具及燃气器具 > 卫浴家具、电器 > 浴室家具,浴室柜,洗漱柜,ai_candidate,high: 用于洗漱的柜体
1555,洁具及燃气器具 > 卫浴家具、电器 > 浴室家具,浴室柜,卫浴柜,ai_candidate,high: 卫浴空间的柜类简称
1555,洁具及燃气器具 > 卫浴家具、电器 > 浴室家具,盆柜,台盆柜,ai_candidate,high: 支撑台盆的柜体
1555,洁具及燃气器具 > 卫浴家具、电器 > 浴室家具,盆柜,盆下柜,ai_candidate,high: 安装在台盆下方的柜子
1555,洁具及燃气器具 > 卫浴家具、电器 > 浴室家具,盆柜,面盆柜,ai_candidate,medium: 放置面盆的柜子
1555,洁具及燃气器具 > 卫浴家具、电器 > 浴室家具,立柜,高柜,ai_candidate,high: 高度较高的立式柜
1555,洁具及燃气器具 > 卫浴家具、电器 > 浴室家具,立柜,竖柜,ai_candidate,medium: 竖向摆放的柜子
1555,洁具及燃气器具 > 卫浴家具、电器 > 浴室家具,立柜,立式储物柜,ai_candidate,high: 立式带储物功能的柜子
1559,洁具及燃气器具 > 卫浴家具、电器 > 消毒器、消毒锅,感应式手消毒器,手消毒器,ai_candidate,high: 施工现场常用简称，省略‘感应式’
1559,洁具及燃气器具 > 卫浴家具、电器 > 消毒器、消毒锅,感应式手消毒器,自动手消毒器,ai_candidate,medium: 突出感应自动出液的特点，采购中偶见
1559,洁具及燃气器具 > 卫浴家具、电器 > 消毒器、消毒锅,空气消毒器,空气消毒机,ai_candidate,high: ‘机’与‘器’通用，采购与施工中普遍混用
1559,洁具及燃气器具 > 卫浴家具、电器 > 消毒器、消毒锅,臭氧式水箱自洁消毒器,水箱自洁消毒器,ai_candidate,high: 省略‘臭氧式’，现场常用简称
1559,洁具及燃气器具 > 卫浴家具、电器 > 消毒器、消毒锅,臭氧式水箱自洁消毒器,臭氧水箱消毒器,ai_candidate,medium: 倒置语序，突出水箱消毒功能
1559,洁具及燃气器具 > 卫浴家具、电器 > 消毒器、消毒锅,臭氧消毒器,臭氧机,ai_candidate,medium: 施工现场口语化叫法，常用于产生臭氧的设备
1545,洁具及燃气器具 > 卫浴洁具 > 台盆（洗脸盆、洗手盆）,台盆（洗脸盆、洗手盆）,面盆,ai_candidate,high: 台盆类产品统称，涵盖各类洗脸盆、洗手盆
1545,洁具及燃气器具 > 卫浴洁具 > 台盆（洗脸盆、洗手盆）,台盆,台上盆,ai_candidate,medium: 安装于台面上的盆常直接叫台上盆
1545,洁具及燃气器具 > 卫浴洁具 > 台盆（洗脸盆、洗手盆）,柱盆,立柱盆,ai_candidate,high: 带立柱的洗脸盆俗称立柱盆
1545,洁具及燃气器具 > 卫浴洁具 > 台盆（洗脸盆、洗手盆）,柱盆,落地盆,ai_candidate,medium: 因柱盆整体落地，又称落地盆
1545,洁具及燃气器具 > 卫浴洁具 > 台盆（洗脸盆、洗手盆）,洗手盆,洗手池,ai_candidate,medium: 小型洗手盆常被叫做洗手池
1545,洁具及燃气器具 > 卫浴洁具 > 台盆（洗脸盆、洗手盆）,洗脸盆,脸盆,ai_candidate,high: 洗脸盆的通用口语简称
1545,洁具及燃气器具 > 卫浴洁具 > 台盆（洗脸盆、洗手盆）,艺术盆,工艺盆,ai_candidate,high: 艺术盆在采购中常被称为工艺盆
1545,洁具及燃气器具 > 卫浴洁具 > 台盆（洗脸盆、洗手盆）,艺术盆,造型盆,ai_candidate,medium: 强调造型别致的叫法
1549,洁具及燃气器具 > 卫浴洁具 > 小便器,小便器,小便斗,ai_candidate,high: 行业内对小便器的通用俗称
1549,洁具及燃气器具 > 卫浴洁具 > 小便器,小便器,尿斗,ai_candidate,medium: 部分工地口语叫法
1549,洁具及燃气器具 > 卫浴洁具 > 小便器,冲洗阀,冲水阀,ai_candidate,high: 通用口语叫法
1549,洁具及燃气器具 > 卫浴洁具 > 小便器,冲洗阀,延时阀,ai_candidate,medium: 指延时自闭冲洗阀的简称
1549,洁具及燃气器具 > 卫浴洁具 > 小便器,大便器,马桶,ai_candidate_low,low: 民用口语统称，但通常特指座便器
1549,洁具及燃气器具 > 卫浴洁具 > 小便器,小便槽,尿槽,ai_candidate,high: 工地和部分方言区常用叫法
1549,洁具及燃气器具 > 卫浴洁具 > 小便器,小便槽,小便沟,ai_candidate,medium: 施工现场形象叫法
1549,洁具及燃气器具 > 卫浴洁具 > 小便器,感应挂式小便器,感应挂斗,ai_candidate,high: 挂式小便器的行业简称，配合感应器
1549,洁具及燃气器具 > 卫浴洁具 > 小便器,感应挂式小便器,挂式感应小便斗,ai_candidate,medium: 完整别称
1549,洁具及燃气器具 > 卫浴洁具 > 小便器,感应立式小便器,感应立斗,ai_candidate,high: 立式小便器的行业简称
1549,洁具及燃气器具 > 卫浴洁具 > 小便器,感应立式小便器,立式感应小便斗,ai_candidate,medium: 完整别称
1549,洁具及燃气器具 > 卫浴洁具 > 小便器,挂式小便器,挂斗,ai_candidate,high: 行业内口语简称
1549,洁具及燃气器具 > 卫浴洁具 > 小便器,挂式小便器,墙挂小便器,ai_candidate,medium: 强调安装方式
1549,洁具及燃气器具 > 卫浴洁具 > 小便器,立式小便器,立斗,ai_candidate,high: 行业内口语简称
1549,洁具及燃气器具 > 卫浴洁具 > 小便器,立式小便器,落地式小便斗,ai_candidate,medium: 描述落地形态
1549,洁具及燃气器具 > 卫浴洁具 > 小便器,落地小便器,落地斗,ai_candidate,medium: 强调直接落地
1549,洁具及燃气器具 > 卫浴洁具 > 小便器,角阀,八字阀,ai_candidate,high: 因外形形状得名，广泛使用
1549,洁具及燃气器具 > 卫浴洁具 > 小便器,角阀,三角阀,ai_candidate,medium: 部分区域习惯叫法
1548,洁具及燃气器具 > 卫浴洁具 > 座便器,座便器,马桶,ai_candidate,high: 座便器最常见的俗称，采购及施工现场通用
1548,洁具及燃气器具 > 卫浴洁具 > 座便器,座便器,座厕,ai_candidate,high: 行业书面及口语常用别称
1548,洁具及燃气器具 > 卫浴洁具 > 座便器,冲洗阀式坐便器,冲洗阀马桶,ai_candidate,medium: 施工现场因采用冲洗阀直冲而得名
1548,洁具及燃气器具 > 卫浴洁具 > 座便器,分体坐便器,分体马桶,ai_candidate,high: 水箱与便座分离的普遍叫法
1548,洁具及燃气器具 > 卫浴洁具 > 座便器,壁挂式坐便器,挂墙马桶,ai_candidate,high: 安装于墙面的悬挂式马桶，采购及安装常称挂墙马桶
1548,洁具及燃气器具 > 卫浴洁具 > 座便器,壁挂式坐便器,壁挂马桶,ai_candidate,high: 挂墙马桶的另一种常见叫法
1548,洁具及燃气器具 > 卫浴洁具 > 座便器,智能坐便器,智能马桶,ai_candidate,high: 消费者及采购端最通用的称谓
1548,洁具及燃气器具 > 卫浴洁具 > 座便器,智能坐便器,一体式智能马桶,ai_candidate,medium: 区别于智能马桶盖套装，指整体智能座便器
1548,洁具及燃气器具 > 卫浴洁具 > 座便器,连体坐便器,连体马桶,ai_candidate,high: 水箱与便座烧制成一体的马桶，行业通用叫法
1546,洁具及燃气器具 > 卫浴洁具 > 洗发盆（洗头槽）,洗发盆（洗头槽）,洗头盆,ai_candidate,high: 洗发盆最常见的口语叫法
1546,洁具及燃气器具 > 卫浴洁具 > 洗发盆（洗头槽）,洗发盆（洗头槽）,洗发槽,ai_candidate,high: 同标准路径中的洗头槽
1546,洁具及燃气器具 > 卫浴洁具 > 洗发盆（洗头槽）,洗发盆（洗头槽）,洗头床,ai_candidate,medium: 带躺卧设计的洗发盆整体俗称
1546,洁具及燃气器具 > 卫浴洁具 > 洗发盆（洗头槽）,洗发盆（洗头槽）,冲头盆,ai_candidate,medium: 强调带冲水功能的洗发盆
1546,洁具及燃气器具 > 卫浴洁具 > 洗发盆（洗头槽）,洗发盆（洗头槽）,美发洗头盆,ai_candidate,medium: 美发行业专称
1550,洁具及燃气器具 > 卫浴洁具 > 淋浴间（房）、淋浴屏,淋浴间（房）、淋浴屏,淋浴房,ai_candidate,high: 行业内淋浴间与淋浴房常混用，统称淋浴房
1550,洁具及燃气器具 > 卫浴洁具 > 淋浴间（房）、淋浴屏,淋浴间（房）、淋浴屏,沐浴房,ai_candidate,medium: 部分地区叫法
1550,洁具及燃气器具 > 卫浴洁具 > 淋浴间（房）、淋浴屏,淋浴间（房）、淋浴屏,淋浴隔断,ai_candidate,high: 淋浴屏常被称为淋浴隔断
1550,洁具及燃气器具 > 卫浴洁具 > 淋浴间（房）、淋浴屏,不锈钢淋浴屏,不锈钢淋浴隔断,ai_candidate,high: 施工现场常将淋浴屏叫隔断
1550,洁具及燃气器具 > 卫浴洁具 > 淋浴间（房）、淋浴屏,不锈钢淋浴屏,不锈钢淋浴房,ai_candidate,medium: 有时屏与房混叫
1550,洁具及燃气器具 > 卫浴洁具 > 淋浴间（房）、淋浴屏,亚克力淋浴屏,亚克力隔断,ai_candidate,high: 淋浴屏口语简称
1550,洁具及燃气器具 > 卫浴洁具 > 淋浴间（房）、淋浴屏,亚克力淋浴间,亚克力整体浴房,ai_candidate,medium: 亚克力淋浴间多为整体式
1550,洁具及燃气器具 > 卫浴洁具 > 淋浴间（房）、淋浴屏,亚克力淋浴间,亚克力淋浴房,ai_candidate,high: 间与房口语混用
1550,洁具及燃气器具 > 卫浴洁具 > 淋浴间（房）、淋浴屏,塑钢淋浴间,塑钢淋浴房,ai_candidate,high: 通用叫法
1550,洁具及燃气器具 > 卫浴洁具 > 淋浴间（房）、淋浴屏,塑钢淋浴间,PVC淋浴房,ai_candidate,medium: 塑钢本质是PVC型材
1550,洁具及燃气器具 > 卫浴洁具 > 淋浴间（房）、淋浴屏,玻璃淋浴屏,玻璃隔断,ai_candidate,high: 屏即隔断，常见简略叫法
1550,洁具及燃气器具 > 卫浴洁具 > 淋浴间（房）、淋浴屏,玻璃淋浴间,玻璃淋浴房,ai_candidate,high: 间与房替换
1550,洁具及燃气器具 > 卫浴洁具 > 淋浴间（房）、淋浴屏,钢化玻璃淋浴屏,钢化玻璃隔断,ai_candidate,high: 屏的具体说法
1550,洁具及燃气器具 > 卫浴洁具 > 淋浴间（房）、淋浴屏,钢化玻璃淋浴屏,钢化淋浴屏,ai_candidate,medium: 简省玻璃二字
1550,洁具及燃气器具 > 卫浴洁具 > 淋浴间（房）、淋浴屏,钢化玻璃淋浴间,钢化玻璃淋浴房,ai_candidate,high: 最通用叫法
1550,洁具及燃气器具 > 卫浴洁具 > 淋浴间（房）、淋浴屏,钢化玻璃淋浴间,钢化淋浴房,ai_candidate,medium: 简略口语
1551,洁具及燃气器具 > 卫浴洁具 > 蒸汽房、桑拿房,蒸汽房、桑拿房,湿蒸房,ai_candidate,high: 蒸汽房在口语中常被称为湿蒸房，区别于干蒸桑拿房
1551,洁具及燃气器具 > 卫浴洁具 > 蒸汽房、桑拿房,蒸汽房、桑拿房,整体蒸汽房,ai_candidate,high: 工程采购中常将一体式蒸汽房称为整体蒸汽房
1551,洁具及燃气器具 > 卫浴洁具 > 蒸汽房、桑拿房,蒸汽房、桑拿房,蒸汽淋浴房,ai_candidate,medium: 多数蒸汽房兼具淋浴功能，现场常混称蒸汽淋浴房
1551,洁具及燃气器具 > 卫浴洁具 > 蒸汽房、桑拿房,单人泡浴蒸汽房,单人蒸汽浴房,ai_candidate,medium: 带泡浴功能的蒸汽房，采购时简称蒸汽浴房
1551,洁具及燃气器具 > 卫浴洁具 > 蒸汽房、桑拿房,单人淋浴蒸汽房,单人蒸汽淋浴房,ai_candidate,high: 同义倒置，口语中常称蒸汽淋浴房
1551,洁具及燃气器具 > 卫浴洁具 > 蒸汽房、桑拿房,单人蒸汽房,单人蒸汽屋,ai_candidate_low,low: 小型独立蒸汽房有时被叫做蒸汽屋
1551,洁具及燃气器具 > 卫浴洁具 > 蒸汽房、桑拿房,双人泡浴蒸汽房,双人蒸汽浴房,ai_candidate,medium: 带泡浴的双人蒸汽房简称
1551,洁具及燃气器具 > 卫浴洁具 > 蒸汽房、桑拿房,双人淋浴蒸汽房,双人蒸汽淋浴房,ai_candidate,high: 同义倒置，口语常用
1551,洁具及燃气器具 > 卫浴洁具 > 蒸汽房、桑拿房,双人蒸汽房,双人蒸汽屋,ai_candidate_low,low: 现场偶尔使用
1551,洁具及燃气器具 > 卫浴洁具 > 蒸汽房、桑拿房,汗蒸房,韩式汗蒸房,ai_candidate,high: 汗蒸房多指韩式汗蒸，现场直接称韩式汗蒸房
1551,洁具及燃气器具 > 卫浴洁具 > 蒸汽房、桑拿房,汗蒸房,汗蒸室,ai_candidate,medium: 小型或独立房间式的汗蒸房常称汗蒸室
1547,洁具及燃气器具 > 卫浴洁具 > 蹲便器,蹲便器,蹲坑,ai_candidate,high: 施工现场及日常口语对蹲便器的俗称
1547,洁具及燃气器具 > 卫浴洁具 > 蹲便器,蹲便器,大便器,ai_candidate,high: 给排水设计/施工中的传统叫法，泛指蹲式大便器
1547,洁具及燃气器具 > 卫浴洁具 > 蹲便器,蹲便器,蹲式大便器,ai_candidate,high: 标准术语，口语中简化为蹲便器时的替代表述
1547,洁具及燃气器具 > 卫浴洁具 > 蹲便器,蹲便器,蹲便,ai_candidate,high: 采购清单和工人口头常用简称
1547,洁具及燃气器具 > 卫浴洁具 > 蹲便器,冲洗阀式蹲便器,脚踏式蹲便器,ai_candidate,high: 冲洗阀常用脚踏式开启，现场直接以此命名器具
1547,洁具及燃气器具 > 卫浴洁具 > 蹲便器,冲洗阀式蹲便器,延时阀蹲便器,ai_candidate,medium: 冲洗阀通常指延时自闭冲洗阀，简称延时阀蹲便器
1547,洁具及燃气器具 > 卫浴洁具 > 蹲便器,冲洗阀式蹲便器,自闭阀蹲便器,ai_candidate,medium: 延时自闭冲洗阀的另一简称，采购中会出现
1547,洁具及燃气器具 > 卫浴洁具 > 蹲便器,水箱式蹲便器,水箱蹲便器,ai_candidate,high: 采购和施工中的口语化简称，直接指明带水箱
1547,洁具及燃气器具 > 卫浴洁具 > 蹲便器,水箱式蹲便器,分体蹲便器,ai_candidate,high: 水箱与便器本体分离，区别于连体坐便器，蹲便器领域以此区分
1553,洁具及燃气器具 > 洗涤类洁具 > 洗涤盆、化验盆,拖布盆,拖把池,ai_candidate,high: 施工现场常见口语叫法，因主要用于清洗拖布（拖把）而得名
1553,洁具及燃气器具 > 洗涤类洁具 > 洗涤盆、化验盆,拖布盆,拖布池,ai_candidate,high: 另一种文字变体，与标准名仅‘盆’与‘池’一字之差
1553,洁具及燃气器具 > 洗涤类洁具 > 洗涤盆、化验盆,洗涤盆,水槽,ai_candidate,medium: 在厨房或通用洗涤语境中常称为水槽
1553,洁具及燃气器具 > 洗涤类洁具 > 洗涤盆、化验盆,洗涤盆,洗盆,ai_candidate,medium: 简略叫法，仅保留核心词素
1562,洁具及燃气器具 > 燃气器具 > 其他燃气器具,燃气凝水缸,凝水器,ai_candidate,high: 燃气工程中收集冷凝水的装置，也叫凝水器
1562,洁具及燃气器具 > 燃气器具 > 其他燃气器具,燃气凝水缸,排水缸,ai_candidate,medium: 施工现场口语常称排水缸
1562,洁具及燃气器具 > 燃气器具 > 其他燃气器具,玻璃灶盖,灶面玻璃,ai_candidate,high: 灶具玻璃面板的简称
1562,洁具及燃气器具 > 燃气器具 > 其他燃气器具,玻璃灶盖,钢化玻璃灶面板,ai_candidate,medium: 采购中常强调材质为钢化玻璃
1561,洁具及燃气器具 > 燃气器具 > 燃气管道专用附件,燃气管道专用附件,燃气管道附件,ai_candidate,high: 施工现场常用简称，省略'专用'
1561,洁具及燃气器具 > 燃气器具 > 燃气管道专用附件,燃气管道专用附件,燃气管路配件,ai_candidate,medium: 采购目录中常见叫法，涵盖安装用小型附件
1561,洁具及燃气器具 > 燃气器具 > 燃气管道专用附件,全胶软管,全胶管,ai_candidate,high: 简称，保留材质特征
1561,洁具及燃气器具 > 燃气器具 > 燃气管道专用附件,全胶软管,橡胶燃气管,ai_candidate,high: 突出用途和材质，工地常叫
1561,洁具及燃气器具 > 燃气器具 > 燃气管道专用附件,全胶软管,纯胶软管,ai_candidate,medium: 强调无钢丝层，口语中可能使用
1561,洁具及燃气器具 > 燃气器具 > 燃气管道专用附件,拖钩,燃气挂钩,ai_candidate,high: 明确用于燃气管道的钩子
1561,洁具及燃气器具 > 燃气器具 > 燃气管道专用附件,拖钩,管钓钩,ai_candidate_low,low: 施工人员有时将钩子称为'钓钩'
1561,洁具及燃气器具 > 燃气器具 > 燃气管道专用附件,支撑圈,管卡圈,ai_candidate,high: 固定管道的卡箍式圆圈
1561,洁具及燃气器具 > 燃气器具 > 燃气管道专用附件,支撑圈,管道抱箍,ai_candidate,medium: 类似抱箍作用，口语常用
1561,洁具及燃气器具 > 燃气器具 > 燃气管道专用附件,点火棒,点火枪,ai_candidate,high: 外形似枪，常见叫法
1561,洁具及燃气器具 > 燃气器具 > 燃气管道专用附件,点火棒,长臂点火器,ai_candidate,medium: 描述其长柄特征
1561,洁具及燃气器具 > 燃气器具 > 燃气管道专用附件,点火棒,打火棒,ai_candidate,medium: 直接点火工具俗称
1561,洁具及燃气器具 > 燃气器具 > 燃气管道专用附件,燃气嘴,气嘴,ai_candidate,high: 简略称呼
1561,洁具及燃气器具 > 燃气器具 > 燃气管道专用附件,燃气嘴,煤气嘴,ai_candidate,medium: 老旧说法，仍在使用
1561,洁具及燃气器具 > 燃气器具 > 燃气管道专用附件,燃气嘴,灶前嘴,ai_candidate,medium: 指连接灶具的出口嘴
1561,洁具及燃气器具 > 燃气器具 > 燃气管道专用附件,燃气接头,气管接头,ai_candidate,high: 通用叫法，明确连接气体管
1561,洁具及燃气器具 > 燃气器具 > 燃气管道专用附件,燃气接头,铜接头,ai_candidate,high: 常见材质为黄铜，现场指代
1561,洁具及燃气器具 > 燃气器具 > 燃气管道专用附件,燃气接头,燃气快接,ai_candidate,medium: 快速连接功能的口语表达
1561,洁具及燃气器具 > 燃气器具 > 燃气管道专用附件,表托盘,燃气表托架,ai_candidate,high: 直接描述承载表的支架
1561,洁具及燃气器具 > 燃气器具 > 燃气管道专用附件,表托盘,挂表盘,ai_candidate,medium: 墙挂式燃气表的底座俗称
1561,洁具及燃气器具 > 燃气器具 > 燃气管道专用附件,表托盘,表座,ai_candidate_low,low: 简易简称
1561,洁具及燃气器具 > 燃气器具 > 燃气管道专用附件,锁帽卡环,锁紧卡环,ai_candidate,high: 强调锁紧功能，采购单常见
1561,洁具及燃气器具 > 燃气器具 > 燃气管道专用附件,锁帽卡环,防脱卡箍,ai_candidate,medium: 防止接头松脱的卡箍件
1561,洁具及燃气器具 > 燃气器具 > 燃气管道专用附件,集气罩,收气罩,ai_candidate,high: 收集气体的罩子，口语说法
1561,洁具及燃气器具 > 燃气器具 > 燃气管道专用附件,集气罩,拢烟罩,ai_candidate,medium: 用在燃气热水器等排烟处，常称拢烟
1561,洁具及燃气器具 > 燃气器具 > 燃气管道专用附件,集气罩,吸气罩,ai_candidate_low,low: 部分场合用于抽吸气体
1560,洁具及燃气器具 > 燃气器具 > 调压装置,燃气调压器,燃气调压阀,ai_candidate,high: 行业内常将调压器称为调压阀，功能一致
1560,洁具及燃气器具 > 燃气器具 > 调压装置,燃气调压器,燃气减压阀,ai_candidate,high: 主要功能为减压，施工采购中俗称减压阀
1560,洁具及燃气器具 > 燃气器具 > 调压装置,燃气调压器,煤气调压器,ai_candidate,medium: 煤气时代遗留叫法，仍在使用
1560,洁具及燃气器具 > 燃气器具 > 调压装置,燃气调压器,调压器,ai_candidate,medium: 在燃气语境下的通用简称
1560,洁具及燃气器具 > 燃气器具 > 调压装置,燃气调压装置,调压柜,ai_candidate,high: 箱式调压装置施工现场常叫调压柜
1560,洁具及燃气器具 > 燃气器具 > 调压装置,燃气调压装置,调压撬,ai_candidate,high: 成撬集成的调压装置俗称调压撬
1560,洁具及燃气器具 > 燃气器具 > 调压装置,燃气调压装置,燃气调压柜,ai_candidate,high: 全称的口语化表达
1560,洁具及燃气器具 > 燃气器具 > 调压装置,燃气调压装置,调压站,ai_candidate,medium: 区域性调压设施常称为调压站
1560,洁具及燃气器具 > 燃气器具 > 调压装置,燃气调压装置,燃气调压箱,ai_candidate,medium: 小型挂墙或落地式调压装置俗称调压箱
231,涂料及防腐、防水材料 > 止水材料 > 止水材料,钢板止水带,止水钢板,ai_candidate,high: 施工现场最常用的口语叫法
231,涂料及防腐、防水材料 > 止水材料 > 止水材料,钢板止水带,钢板止水片,ai_candidate,medium: 有时用于形容片状钢板止水带
231,涂料及防腐、防水材料 > 止水材料 > 止水材料,钢板止水带,金属止水带,ai_candidate_low,low: 按材质泛称
231,涂料及防腐、防水材料 > 止水材料 > 止水材料,钢板腻子止水带,遇水膨胀钢板止水带,ai_candidate,medium: 腻子特性为遇水膨胀，此别称突出功能
231,涂料及防腐、防水材料 > 止水材料 > 止水材料,钢板腻子止水带,钢板腻子止水条,ai_candidate,medium: 现场常将条状止水材料统称为止水条
231,涂料及防腐、防水材料 > 止水材料 > 止水材料,钢边橡胶复合止水带,钢边止水带,ai_candidate,high: 省略橡胶字样，行业通用简称
231,涂料及防腐、防水材料 > 止水材料 > 止水材料,钢边橡胶复合止水带,复合钢边止水带,ai_candidate,medium: 语序调整后的别称
231,涂料及防腐、防水材料 > 止水材料 > 止水材料,钢边橡胶复合止水带,钢边橡胶带,ai_candidate_low,low: 施工现场简短的叫法
1181,涂料及防腐、防水材料 > 油漆 > 木器漆,木器漆,家具漆,ai_candidate,high: 木器漆常用于家具涂装，施工中常称为家具漆
1181,涂料及防腐、防水材料 > 油漆 > 木器漆,木器漆,木材漆,ai_candidate,medium: 直接以基材称呼
1181,涂料及防腐、防水材料 > 油漆 > 木器漆,木器漆,木工漆,ai_candidate,medium: 木工施工环节的俗称
1181,涂料及防腐、防水材料 > 油漆 > 木器漆,大漆,生漆,ai_candidate,high: 大漆是天然漆，未经精制的称为生漆
1181,涂料及防腐、防水材料 > 油漆 > 木器漆,大漆,国漆,ai_candidate,high: 中国传统天然漆的称呼
1181,涂料及防腐、防水材料 > 油漆 > 木器漆,大漆,土漆,ai_candidate,medium: 各地民间对天然漆的叫法
1181,涂料及防腐、防水材料 > 油漆 > 木器漆,木器中层漆,中间漆,ai_candidate,medium: 处于底漆和面漆之间，施工中常称中间漆
1181,涂料及防腐、防水材料 > 油漆 > 木器漆,木蜡油,蜡油,ai_candidate_low,low: 口语中简化为蜡油
1181,涂料及防腐、防水材料 > 油漆 > 木器漆,磁漆,瓷漆,ai_candidate,high: 磁漆即瓷漆，因漆膜似瓷得名，工程常用瓷漆
1181,涂料及防腐、防水材料 > 油漆 > 木器漆,调和漆,调合漆,ai_candidate,medium: 同音别字，采购或现场记录中常见
1181,涂料及防腐、防水材料 > 油漆 > 木器漆,酚醛磁漆,酚醛瓷漆,ai_candidate,high: 磁漆即瓷漆，加入酚醛的瓷漆
1180,涂料及防腐、防水材料 > 油漆 > 通用油漆,内墙氟碳漆,内墙氟碳,ai_candidate,medium: 口语中常省略“漆”字
1180,涂料及防腐、防水材料 > 油漆 > 通用油漆,内墙氟碳漆,室内氟碳漆,ai_candidate,medium: 内墙即室内墙面用漆
1180,涂料及防腐、防水材料 > 油漆 > 通用油漆,外墙氟碳漆,外墙氟碳,ai_candidate,medium: 口语中常省略“漆”字
1180,涂料及防腐、防水材料 > 油漆 > 通用油漆,外墙氟碳漆,户外氟碳漆,ai_candidate,medium: 外墙对应户外环境
1180,涂料及防腐、防水材料 > 油漆 > 通用油漆,外墙氟碳漆专用底漆,外墙氟碳底漆,ai_candidate,high: 施工中简化叫法
1180,涂料及防腐、防水材料 > 油漆 > 通用油漆,氟碳专用底漆,氟碳底漆,ai_candidate,high: 常见的省略叫法
1180,涂料及防腐、防水材料 > 油漆 > 通用油漆,氟碳漆,氟碳涂料,ai_candidate,high: 涂料是油漆的行业别称
1180,涂料及防腐、防水材料 > 油漆 > 通用油漆,水性氟碳漆,水性氟碳,ai_candidate,medium: 口语省略“漆”字
1180,涂料及防腐、防水材料 > 油漆 > 通用油漆,水性氟碳漆,水溶型氟碳漆,ai_candidate,medium: 水性有时称水溶型
1180,涂料及防腐、防水材料 > 油漆 > 通用油漆,金属氟碳漆,金属氟碳,ai_candidate,medium: 口语省略
1180,涂料及防腐、防水材料 > 油漆 > 通用油漆,金属氟碳漆,金属氟碳涂料,ai_candidate,medium: 涂料代替漆的行业叫法
1180,涂料及防腐、防水材料 > 油漆 > 通用油漆,金属氟碳漆专用底漆,金属氟碳底漆,ai_candidate,high: 简化叫法
1179,涂料及防腐、防水材料 > 涂料 > 其他专用涂料,其他专用涂料,特种涂料,ai_candidate,high: 行业常将非通用装饰或防护涂料统称为特种或专用涂料
1179,涂料及防腐、防水材料 > 涂料 > 其他专用涂料,其他专用涂料,专用漆,ai_candidate,medium: 施工现场对具有特定功能的涂料口语简称
1179,涂料及防腐、防水材料 > 涂料 > 其他专用涂料,黑板漆,黑板涂料,ai_candidate,medium: 部分采购清单或口语中直接用涂料代指漆
53,涂料及防腐、防水材料 > 涂料 > 建筑涂料,建筑涂料,建筑漆,ai_candidate,high: 建筑涂料的行业统称
53,涂料及防腐、防水材料 > 涂料 > 建筑涂料,建筑涂料,墙面涂料,ai_candidate,high: 用于内/外墙面的涂料泛称
53,涂料及防腐、防水材料 > 涂料 > 建筑涂料,防紫外线面油,防紫外线罩面漆,ai_candidate,medium: 施工现场将面油称为罩面漆
53,涂料及防腐、防水材料 > 涂料 > 建筑涂料,防紫外线面油,抗UV面漆,ai_candidate_low,low: 突出防紫外线功能的口语简称
53,涂料及防腐、防水材料 > 涂料 > 建筑涂料,面漆,罩面漆,ai_candidate,high: 面漆最常见俗称
53,涂料及防腐、防水材料 > 涂料 > 建筑涂料,面漆,面涂,ai_candidate,medium: 涂装工序中对最后一层涂料的叫法
53,涂料及防腐、防水材料 > 涂料 > 建筑涂料,骨浆,质感骨浆,ai_candidate,medium: 含骨料的厚浆涂料统称
53,涂料及防腐、防水材料 > 涂料 > 建筑涂料,骨浆,弹涂骨浆,ai_candidate,medium: 弹涂工艺中使用的骨浆
53,涂料及防腐、防水材料 > 涂料 > 建筑涂料,高级弹性拉毛外墙漆,弹性拉毛漆,ai_candidate,high: 省略高级和施工部位
53,涂料及防腐、防水材料 > 涂料 > 建筑涂料,高级弹性拉毛外墙漆,拉毛外墙漆,ai_candidate,high: 口语中常见简称
53,涂料及防腐、防水材料 > 涂料 > 建筑涂料,高级弹性拉毛外墙漆,高弹拉毛漆,ai_candidate,medium: 强调高弹性特点
53,涂料及防腐、防水材料 > 涂料 > 建筑涂料,高耐候质感型装饰涂料,质感涂料,ai_candidate,medium: 现场常简称为质感涂料
53,涂料及防腐、防水材料 > 涂料 > 建筑涂料,高耐候质感型装饰涂料,耐候质感漆,ai_candidate,medium: 省略装饰功能
53,涂料及防腐、防水材料 > 涂料 > 建筑涂料,黑色线条漆,线条漆,ai_candidate,high: 省略颜色，通用叫法
53,涂料及防腐、防水材料 > 涂料 > 建筑涂料,黑色线条漆,分格线漆,ai_candidate,medium: 用于涂刷分格缝
1178,涂料及防腐、防水材料 > 涂料 > 道路、路面涂料,道路、路面涂料,道路标线材料,ai_candidate,high: 施工现场常统称道路标线相关材料为道路标线材料
1178,涂料及防腐、防水材料 > 涂料 > 道路、路面涂料,道路、路面涂料,路面标线涂料,ai_candidate,high: 行业标准中常称为路面标线涂料
1178,涂料及防腐、防水材料 > 涂料 > 道路、路面涂料,道路、路面涂料,交通设施涂料,ai_candidate,medium: 采购清单中有时归入交通设施涂料大类
1178,涂料及防腐、防水材料 > 涂料 > 道路、路面涂料,划线漆,标线漆,ai_candidate,high: 划线漆的通用别名，采购和施工中两者互换使用
1178,涂料及防腐、防水材料 > 涂料 > 道路、路面涂料,划线漆,马路划线漆,ai_candidate,medium: 口语中强调用于马路划线的漆
1178,涂料及防腐、防水材料 > 涂料 > 道路、路面涂料,反光玻璃珠,反光珠,ai_candidate,high: 施工现场对反光玻璃珠的常用简称
1178,涂料及防腐、防水材料 > 涂料 > 道路、路面涂料,反光玻璃珠,玻璃珠,ai_candidate,high: 当上下文明确为标线用时，常简称为玻璃珠
1178,涂料及防腐、防水材料 > 涂料 > 道路、路面涂料,反光玻璃珠,标线反光珠,ai_candidate,medium: 突显用于标线反光的俗称
1178,涂料及防腐、防水材料 > 涂料 > 道路、路面涂料,护栏漆,栏杆漆,ai_candidate,medium: 护栏与栏杆在口语中常混用，因此也叫栏杆漆
1178,涂料及防腐、防水材料 > 涂料 > 道路、路面涂料,桥梁轨道漆,桥梁面漆,ai_candidate,medium: 部分工程将桥梁用漆直接称为桥梁面漆
1178,涂料及防腐、防水材料 > 涂料 > 道路、路面涂料,桥梁轨道漆,轨道漆,ai_candidate_low,low: 仅指用于轨道部分时的简称
1178,涂料及防腐、防水材料 > 涂料 > 道路、路面涂料,止滑坡道漆,防滑坡道漆,ai_candidate,high: 突出防滑功能的常用名称
1178,涂料及防腐、防水材料 > 涂料 > 道路、路面涂料,止滑坡道漆,坡道止滑漆,ai_candidate,medium: 施工现场口语中简称坡道止滑漆
1178,涂料及防腐、防水材料 > 涂料 > 道路、路面涂料,热熔涂料,热熔料,ai_candidate,high: 热熔类标线涂料在工地和采购中的极致简称
1178,涂料及防腐、防水材料 > 涂料 > 道路、路面涂料,热熔涂料,热熔标线涂料,ai_candidate,medium: 全称形式，采购合同中常与热熔涂料混用
1178,涂料及防腐、防水材料 > 涂料 > 道路、路面涂料,路桥专用涂料,路桥漆,ai_candidate,high: 道路桥梁专用涂料的简化俗称
1176,涂料及防腐、防水材料 > 防水材料 > 其他防水材料,防水膏,防水胶膏,ai_candidate,medium: 膏状防水材料的口语统称
1176,涂料及防腐、防水材料 > 防水材料 > 其他防水材料,防水膏,堵漏膏,ai_candidate_low,low: 用于堵漏的防水膏俗称
1176,涂料及防腐、防水材料 > 防水材料 > 其他防水材料,防水防潮修复剂,防潮修复液,ai_candidate,medium: 液态修复剂的口语叫法
1176,涂料及防腐、防水材料 > 防水材料 > 其他防水材料,防渗液,防渗剂,ai_candidate,high: 液态防渗材料简称
1176,涂料及防腐、防水材料 > 防水材料 > 其他防水材料,防渗液,防渗透液,ai_candidate,medium: 口语中强调渗透防护
1176,涂料及防腐、防水材料 > 防水材料 > 其他防水材料,防重流添加剂,防流挂剂,ai_candidate,medium: 防止涂料流挂的添加剂俗称
1176,涂料及防腐、防水材料 > 防水材料 > 其他防水材料,防重流添加剂,抗流挂剂,ai_candidate,medium: 同防流挂剂，功能等价
1176,涂料及防腐、防水材料 > 防水材料 > 其他防水材料,隔热砂浆粉,保温砂浆粉,ai_candidate,high: 工地常统称为保温砂浆粉
1176,涂料及防腐、防水材料 > 防水材料 > 其他防水材料,隔热砂浆粉,隔热灰泥,ai_candidate_low,low: 粉体加水成泥状的俗称
47,涂料及防腐、防水材料 > 防水材料 > 防水密封材料,陶瓷纤维盘根,陶瓷盘根,ai_candidate,high: 陶瓷纤维盘根的简略俗称
47,涂料及防腐、防水材料 > 防水材料 > 防水密封材料,陶瓷纤维盘根,硅酸铝盘根,ai_candidate,medium: 陶瓷纤维主要成分为硅酸铝，现场常以此称呼
47,涂料及防腐、防水材料 > 防水材料 > 防水密封材料,高压金属盘根,金属盘根,ai_candidate,high: 泛指金属丝增强的盘根，高压金属盘根的简称
47,涂料及防腐、防水材料 > 防水材料 > 防水密封材料,高压金属盘根,钢丝盘根,ai_candidate,medium: 采用不锈钢丝等金属丝编织的盘根，有时用作统称
47,涂料及防腐、防水材料 > 防水材料 > 防水密封材料,高水基盘根,芳纶盘根,ai_candidate,high: 高水基盘根的主要纤维材料为芳纶，市场上常互换称谓
47,涂料及防腐、防水材料 > 防水材料 > 防水密封材料,高水基盘根,水基盘根,ai_candidate,medium: 施工现场的口语简化叫法
232,涂料及防腐、防水材料 > 防水材料 > 防水涂料,防水涂料,防水涂膜,ai_candidate,medium: 防水涂料成膜后的俗称，口语中常混用
232,涂料及防腐、防水材料 > 防水材料 > 防水涂料,防水涂料,防水胶,ai_candidate_low,low: 部分防水涂料呈胶状，施工现场常称防水胶
232,涂料及防腐、防水材料 > 防水材料 > 防水涂料,聚合物乳液建筑防水涂料,丙烯酸防水涂料,ai_candidate,medium: 聚合物乳液多为丙烯酸乳液，行业常用此简称
232,涂料及防腐、防水材料 > 防水材料 > 防水涂料,聚合物复合改性沥青防水涂料,复合改性沥青防水涂料,ai_candidate,high: 省略‘聚合物’的口语叫法
232,涂料及防腐、防水材料 > 防水材料 > 防水涂料,聚合物水泥基(JS)防水涂料,JS防水涂料,ai_candidate,high: 行业标准简称，图纸和采购中极常用
232,涂料及防腐、防水材料 > 防水材料 > 防水涂料,聚合物水泥基(JS)防水涂料,JS涂料,ai_candidate,high: 进一步口语简化
232,涂料及防腐、防水材料 > 防水材料 > 防水涂料,聚合物水泥基(JS)防水涂料,弹性水泥防水涂料,ai_candidate,medium: 因其弹性特点，部分技术人员称呼
232,涂料及防腐、防水材料 > 防水材料 > 防水涂料,聚氨酯防水涂料,PU防水涂料,ai_candidate,high: 聚氨酯英文缩写PU，行业内通用
232,涂料及防腐、防水材料 > 防水材料 > 防水涂料,聚氨酯防水涂料,聚氨酯涂料,ai_candidate,high: 省略‘防水’的日常简称
232,涂料及防腐、防水材料 > 防水材料 > 防水涂料,聚脲防水涂料,喷涂聚脲,ai_candidate,high: 常以喷涂施工，口语中直接称喷涂聚脲
232,涂料及防腐、防水材料 > 防水材料 > 防水涂料,聚脲防水涂料,聚脲涂料,ai_candidate,high: 省略‘防水’的简称
232,涂料及防腐、防水材料 > 防水材料 > 防水涂料,自修复防水涂料,自愈合防水涂料,ai_candidate,high: 自修复也称自愈合，技术交流中通用
232,涂料及防腐、防水材料 > 防水材料 > 防水涂料,防水防碳化涂料,防碳化涂料,ai_candidate,medium: 省略‘防水’，功能聚焦于防碳化
1183,涂料及防腐、防水材料 > 防腐材料 > 沥青,冷底子油,冷底子,ai_candidate,high: 施工现场简称
1183,涂料及防腐、防水材料 > 防腐材料 > 沥青,冷底子油,冷底油,ai_candidate,high: 口语叫法
1183,涂料及防腐、防水材料 > 防腐材料 > 沥青,冷底子油,打底油,ai_candidate,medium: 施工前道工序的俗称
1183,涂料及防腐、防水材料 > 防腐材料 > 沥青,天然沥青,岩沥青,ai_candidate,high: 天然沥青的一种常见类型
1183,涂料及防腐、防水材料 > 防腐材料 > 沥青,天然沥青,湖沥青,ai_candidate,high: 特指特立尼达等湖中开采的天然沥青
1183,涂料及防腐、防水材料 > 防腐材料 > 沥青,彩色沥青(明色沥青),明色沥青,ai_candidate,high: 标准名称中已附带，行业常用
1183,涂料及防腐、防水材料 > 防腐材料 > 沥青,普通沥青,基质沥青,ai_candidate,high: 指未改性的基础沥青，采购和施工中常用
1183,涂料及防腐、防水材料 > 防腐材料 > 沥青,橡胶沥青防水粘结层,橡胶沥青粘结层,ai_candidate,medium: 现场省略防水二字
1183,涂料及防腐、防水材料 > 防腐材料 > 沥青,氯丁胶沥青胶液,氯丁胶液,ai_candidate,medium: 现场缩写叫法
1183,涂料及防腐、防水材料 > 防腐材料 > 沥青,沥青冷油,冷底油,ai_candidate,medium: 功用类似冷底子油，现场混称
1183,涂料及防腐、防水材料 > 防腐材料 > 沥青,热拌冷铺料,冷铺料,ai_candidate,high: 热拌冷铺混合料的简称
1183,涂料及防腐、防水材料 > 防腐材料 > 沥青,热拌冷铺料,冷补料,ai_candidate,high: 冬季或应急修补常用名称
1183,涂料及防腐、防水材料 > 防腐材料 > 沥青,煤沥青,柏油,ai_candidate,high: 传统施工现场对煤沥青的口语叫法
1183,涂料及防腐、防水材料 > 防腐材料 > 沥青,煤沥青,煤焦油沥青,ai_candidate,high: 全称的常见组合方式
1184,涂料及防腐、防水材料 > 防腐材料 > 耐酸砖、板,耐酸砖、板,防腐砖,ai_candidate,medium: 耐酸砖在施工现场常统称为防腐砖
1184,涂料及防腐、防水材料 > 防腐材料 > 耐酸砖、板,耐酸砖、板,防腐瓷板,ai_candidate,medium: 耐酸板常被称为防腐瓷板
1184,涂料及防腐、防水材料 > 防腐材料 > 耐酸砖、板,单釉面耐酸砖,单面釉砖,ai_candidate,high: 单釉面耐酸砖的简称
1184,涂料及防腐、防水材料 > 防腐材料 > 耐酸砖、板,单釉面耐酸砖,单面釉耐酸瓷砖,ai_candidate,medium: 突出单面有釉的耐酸瓷砖
1184,涂料及防腐、防水材料 > 防腐材料 > 耐酸砖、板,双槽耐酸砖,双沟耐酸砖,ai_candidate,high: 双槽常被称作双沟
1184,涂料及防腐、防水材料 > 防腐材料 > 耐酸砖、板,双槽耐酸砖,双槽砖,ai_candidate,medium: 施工口语简称为双槽砖
1184,涂料及防腐、防水材料 > 防腐材料 > 耐酸砖、板,双釉面耐酸砖,双面釉砖,ai_candidate,high: 双面有釉的简称
1184,涂料及防腐、防水材料 > 防腐材料 > 耐酸砖、板,双釉面耐酸砖,双面釉耐酸砖,ai_candidate,medium: 强调双面釉的完整叫法
1184,涂料及防腐、防水材料 > 防腐材料 > 耐酸砖、板,无釉面耐酸砖,无釉砖,ai_candidate,high: 无釉面耐酸砖的简称
1184,涂料及防腐、防水材料 > 防腐材料 > 耐酸砖、板,素面耐酸砖,素面砖,ai_candidate,high: 素面耐酸砖的简称
1184,涂料及防腐、防水材料 > 防腐材料 > 耐酸砖、板,耐酸板,耐酸瓷板,ai_candidate,high: 耐酸板多为瓷质，故称耐酸瓷板
1184,涂料及防腐、防水材料 > 防腐材料 > 耐酸砖、板,耐酸板,防腐板,ai_candidate,medium: 施工现场对耐酸板的通用叫法
1184,涂料及防腐、防水材料 > 防腐材料 > 耐酸砖、板,耐酸砖,耐酸瓷砖,ai_candidate,high: 明确材质为瓷的耐酸砖
1184,涂料及防腐、防水材料 > 防腐材料 > 耐酸砖、板,耐酸砖,防腐砖,ai_candidate,medium: 现场口头常用防腐砖代指耐酸砖
1184,涂料及防腐、防水材料 > 防腐材料 > 耐酸砖、板,釉面耐酸砖,釉面砖,ai_candidate,high: 釉面耐酸砖的简称
1184,涂料及防腐、防水材料 > 防腐材料 > 耐酸砖、板,釉面耐酸砖,有釉耐酸砖,ai_candidate,medium: 强调带有釉面
1229,消防器材 > 其他消防器材 > 其他消防器材及专用配件,集中监控系统远程监控软件,远程监控软件,ai_candidate,high: 现场常简称为远程监控软件
1229,消防器材 > 其他消防器材 > 其他消防器材及专用配件,集中监控系统远程监控软件,消防远程监控系统软件,ai_candidate,medium: 在消防行业中常用全称指代该软件
1229,消防器材 > 其他消防器材 > 其他消防器材及专用配件,集流管,汇流管,ai_candidate,high: 气体灭火系统汇集气流的管道，俗称汇流管
1229,消防器材 > 其他消防器材 > 其他消防器材及专用配件,集流管,集气管,ai_candidate,high: 按功能俗称集气管
1229,消防器材 > 其他消防器材 > 其他消防器材及专用配件,集热板,聚热板,ai_candidate,medium: 用于聚集热量的板件，现场称聚热板
1229,消防器材 > 其他消防器材 > 其他消防器材及专用配件,集热罩,聚热罩,ai_candidate,high: 喷头集热罩的常见别称
1229,消防器材 > 其他消防器材 > 其他消防器材及专用配件,集热罩,集烟罩,ai_candidate_low,low: 有少数现场因集烟功能而混称集烟罩
1221,消防器材 > 喷水灭火产品 > 末端试水装置,末端试水装置,末端试水,ai_candidate,high: 末端试水装置的简称，采购和施工现场常用
1221,消防器材 > 喷水灭火产品 > 末端试水装置,末端试水装置,试水装置,ai_candidate,medium: 口语中常省略“末端”
1221,消防器材 > 喷水灭火产品 > 末端试水装置,手动加电动型末端试水装置,手电两用末端试水,ai_candidate,high: 施工现场对兼具手动电动功能的简称
1221,消防器材 > 喷水灭火产品 > 末端试水装置,手动加电动型末端试水装置,手自一体末端试水装置,ai_candidate,medium: 类似阀门叫法，指手动与自动(电动)一体
1221,消防器材 > 喷水灭火产品 > 末端试水装置,手动加电动型末端试水装置,复合型末端试水,ai_candidate_low,low: 强调两种操作方式的复合
1221,消防器材 > 喷水灭火产品 > 末端试水装置,手动型末端试水装置,手动末端试水,ai_candidate,high: 简洁口语叫法
1221,消防器材 > 喷水灭火产品 > 末端试水装置,手动型末端试水装置,手动试水装置,ai_candidate,medium: 省略“末端”
1221,消防器材 > 喷水灭火产品 > 末端试水装置,智能型末端试水装置,智能末端试水,ai_candidate,high: 常用简称
1221,消防器材 > 喷水灭火产品 > 末端试水装置,智能型末端试水装置,智能试水装置,ai_candidate,medium: 省略“末端”
1221,消防器材 > 喷水灭火产品 > 末端试水装置,电动型末端试水装置,电动末端试水,ai_candidate,high: 简洁口语叫法
1221,消防器材 > 喷水灭火产品 > 末端试水装置,电动型末端试水装置,电动试水装置,ai_candidate,medium: 省略“末端”
1214,消防器材 > 喷水灭火产品 > 水流指示器,水流指示器,水流开关,ai_candidate,high: 施工现场通常称水流开关
1214,消防器材 > 喷水灭火产品 > 水流指示器,水流指示器,水流报警器,ai_candidate,medium: 少数场合的通俗叫法
1214,消防器材 > 喷水灭火产品 > 水流指示器,卡箍式水流指示器,卡箍式水流开关,ai_candidate,medium: 水流指示器常被简称为水流开关
1214,消防器材 > 喷水灭火产品 > 水流指示器,对夹式水流指示器,对夹式水流开关,ai_candidate,medium: 水流指示器常被简称为水流开关
1214,消防器材 > 喷水灭火产品 > 水流指示器,沟槽式水流指示器,沟槽式水流开关,ai_candidate,medium: 水流指示器常被简称为水流开关
1214,消防器材 > 喷水灭火产品 > 水流指示器,法兰式水流指示器,法兰式水流开关,ai_candidate,medium: 水流指示器常被简称为水流开关
1214,消防器材 > 喷水灭火产品 > 水流指示器,消防用流量开关,消防流量开关,ai_candidate,medium: 省略‘用’字的简略叫法
1214,消防器材 > 喷水灭火产品 > 水流指示器,焊接式水流指示器,焊接式水流开关,ai_candidate,medium: 水流指示器常被简称为水流开关
1214,消防器材 > 喷水灭火产品 > 水流指示器,螺纹式水流指示器,丝扣水流指示器,ai_candidate,high: 螺纹式连接在施工中称丝扣
1214,消防器材 > 喷水灭火产品 > 水流指示器,螺纹式水流指示器,螺纹式水流开关,ai_candidate,medium: 水流指示器常被简称为水流开关
1214,消防器材 > 喷水灭火产品 > 水流指示器,马鞍式水流指示器,马鞍式水流开关,ai_candidate,medium: 水流指示器常被简称为水流开关
103,消防器材 > 喷水灭火产品 > 消火栓,消火栓,消防栓,ai_candidate,high: 消火栓的常见同义称呼
103,消防器材 > 喷水灭火产品 > 消火栓,消火栓,消防水栓,ai_candidate,medium: 口语中强调消防用水功能
103,消防器材 > 喷水灭火产品 > 消火栓,室内消火栓,室内栓,ai_candidate,high: 施工现场常用简称
103,消防器材 > 喷水灭火产品 > 消火栓,室内消火栓,室内消防栓,ai_candidate,high: 全称的变体
103,消防器材 > 喷水灭火产品 > 消火栓,室外地上消火栓,地上栓,ai_candidate,high: 行业常用简称
103,消防器材 > 喷水灭火产品 > 消火栓,室外地上消火栓,室外地上栓,ai_candidate,high: 省略消火栓三字的口语叫法
103,消防器材 > 喷水灭火产品 > 消火栓,室外地上消火栓,地上式消火栓,ai_candidate,medium: 完整描述的变体
103,消防器材 > 喷水灭火产品 > 消火栓,室外地下消火栓,地下栓,ai_candidate,high: 行业常用简称
103,消防器材 > 喷水灭火产品 > 消火栓,室外地下消火栓,室外地下栓,ai_candidate,high: 省略消火栓三字的口语叫法
103,消防器材 > 喷水灭火产品 > 消火栓,室外地下消火栓,地下式消火栓,ai_candidate,medium: 完整描述的变体
103,消防器材 > 喷水灭火产品 > 消火栓,栓炮一体式消火栓,炮栓一体,ai_candidate,high: 采购与施工现场简化称呼
103,消防器材 > 喷水灭火产品 > 消火栓,栓炮一体式消火栓,栓炮一体栓,ai_candidate,medium: 口语中常见简称
103,消防器材 > 喷水灭火产品 > 消火栓,泡沫消火栓,泡沫栓,ai_candidate,high: 行业通用简称
103,消防器材 > 喷水灭火产品 > 消火栓,泡沫消火栓,泡沫消防栓,ai_candidate,high: 全称的口语变体
103,消防器材 > 喷水灭火产品 > 消火栓,洒水栓,消防洒水栓,ai_candidate,medium: 明确消防功能的口语叫法
103,消防器材 > 喷水灭火产品 > 消火栓,消防水鹤,水鹤,ai_candidate,high: 行业内普遍的简称
103,消防器材 > 喷水灭火产品 > 消火栓,消防水鹤,消防上水鹤,ai_candidate,medium: 部分地区习惯叫法
103,消防器材 > 喷水灭火产品 > 消火栓,试验消火栓,试水栓,ai_candidate,high: 强调测试功能的口语简称
103,消防器材 > 喷水灭火产品 > 消火栓,试验消火栓,测试消火栓,ai_candidate,medium: 功能描述性别称
1215,消防器材 > 喷水灭火产品 > 消防水枪,消防水枪,消防枪,ai_candidate,high: 行业简称，省略“水”字，采购中常用于指代消防水枪
1215,消防器材 > 喷水灭火产品 > 消防水枪,消防水枪,灭火水枪,ai_candidate,medium: 强调灭火用途，施工现场口语中可能使用
1215,消防器材 > 喷水灭火产品 > 消防水枪,卷盘水枪,卷盘枪,ai_candidate,medium: 配套消防卷盘使用，简称为卷盘枪
1215,消防器材 > 喷水灭火产品 > 消防水枪,卷盘水枪,软管卷盘水枪,ai_candidate_low,low: 全称扩展，采购目录中可能使用
1215,消防器材 > 喷水灭火产品 > 消防水枪,喷雾水枪,水雾枪,ai_candidate,high: 喷雾即产生水雾，施工现场常叫水雾枪
1215,消防器材 > 喷水灭火产品 > 消防水枪,喷雾水枪,雾化水枪,ai_candidate,high: 业内别称，强调雾化效果
1215,消防器材 > 喷水灭火产品 > 消防水枪,多用水枪,多功能水枪,ai_candidate,high: 具有多种射流功能，采购中常直接称多功能水枪
1215,消防器材 > 喷水灭火产品 > 消防水枪,多用水枪,多功能消防水枪,ai_candidate,high: 全称方式，招标文件中常见
1215,消防器材 > 喷水灭火产品 > 消防水枪,带架水枪,架式水枪,ai_candidate_low,low: 带有固定支架，施工口语中可能简化叫法
1215,消防器材 > 喷水灭火产品 > 消防水枪,开关水枪,开关枪,ai_candidate,medium: 简称，现场采购时常用
1215,消防器材 > 喷水灭火产品 > 消防水枪,开关水枪,带阀水枪,ai_candidate,medium: 强调带有开关阀功能
1215,消防器材 > 喷水灭火产品 > 消防水枪,泡沫枪,泡沫喷射枪,ai_candidate_low,low: 功能表述性叫法，施工交底中可能出现
1215,消防器材 > 喷水灭火产品 > 消防水枪,直流喷雾水枪,两用水枪,ai_candidate,medium: 兼具直流和喷雾两种模式，业内简称
1215,消防器材 > 喷水灭火产品 > 消防水枪,直流喷雾水枪,直流喷雾枪,ai_candidate,medium: 简化叫法
1215,消防器材 > 喷水灭火产品 > 消防水枪,直流开关水枪,开关直流水枪,ai_candidate,high: 词序调整，非常常见的采购名称
1215,消防器材 > 喷水灭火产品 > 消防水枪,直流开关水枪,直流带阀水枪,ai_candidate,medium: 强调带开关阀的直流水枪
1218,消防器材 > 喷水灭火产品 > 软管卷盘、水龙带及接口,软管卷盘、水龙带及接口,水龙带,ai_candidate,high: 消防水带的传统统称
1218,消防器材 > 喷水灭火产品 > 软管卷盘、水龙带及接口,软管卷盘、水龙带及接口,水带,ai_candidate,high: 消防水带的简称
1218,消防器材 > 喷水灭火产品 > 软管卷盘、水龙带及接口,软管卷盘、水龙带及接口,消防软管卷盘,ai_candidate,high: 包含软管卷盘全称
1218,消防器材 > 喷水灭火产品 > 软管卷盘、水龙带及接口,软管卷盘、水龙带及接口,消防水喉,ai_candidate,medium: 墙壁式卷盘装置常见叫法
1218,消防器材 > 喷水灭火产品 > 软管卷盘、水龙带及接口,PE消防水带,PE水带,ai_candidate,high: 材质简称
1218,消防器材 > 喷水灭火产品 > 软管卷盘、水龙带及接口,PE消防水带,聚乙烯水带,ai_candidate,medium: 材质全称俗称
1218,消防器材 > 喷水灭火产品 > 软管卷盘、水龙带及接口,PVC消防水带,PVC水带,ai_candidate,high: 材质简称
1218,消防器材 > 喷水灭火产品 > 软管卷盘、水龙带及接口,PVC消防水带,聚氯乙烯水带,ai_candidate,medium: 材质全称俗称
1218,消防器材 > 喷水灭火产品 > 软管卷盘、水龙带及接口,无衬里消防水带,无衬水带,ai_candidate,high: 简称
1218,消防器材 > 喷水灭火产品 > 软管卷盘、水龙带及接口,无衬里消防水带,麻织水带,ai_candidate,medium: 传统无衬里材质
1218,消防器材 > 喷水灭火产品 > 软管卷盘、水龙带及接口,无衬里消防水带,帆布水带,ai_candidate,medium: 传统外表材质
1218,消防器材 > 喷水灭火产品 > 软管卷盘、水龙带及接口,无衬里消防水带,棉水带,ai_candidate_low,low: 传统材质
1218,消防器材 > 喷水灭火产品 > 软管卷盘、水龙带及接口,橡塑消防水带,橡塑水带,ai_candidate,high: 材质简称
1218,消防器材 > 喷水灭火产品 > 软管卷盘、水龙带及接口,橡塑消防水带,橡塑复合水带,ai_candidate,medium: 全称扩展
1218,消防器材 > 喷水灭火产品 > 软管卷盘、水龙带及接口,消防卷盘,卷盘,ai_candidate,high: 施工现场简称
1218,消防器材 > 喷水灭火产品 > 软管卷盘、水龙带及接口,消防卷盘,消火栓卷盘,ai_candidate,medium: 与消火栓配套叫法
1218,消防器材 > 喷水灭火产品 > 软管卷盘、水龙带及接口,消防卷盘,软管卷盘,ai_candidate,medium: 功能描述
1218,消防器材 > 喷水灭火产品 > 软管卷盘、水龙带及接口,消防卷盘,消防水喉,ai_candidate,medium: 沿用国际叫法
1218,消防器材 > 喷水灭火产品 > 软管卷盘、水龙带及接口,消防自救卷盘,自救卷盘,ai_candidate,high: 简称
1218,消防器材 > 喷水灭火产品 > 软管卷盘、水龙带及接口,消防自救卷盘,自救软管卷盘,ai_candidate,high: 全称口语化
1218,消防器材 > 喷水灭火产品 > 软管卷盘、水龙带及接口,消防自救卷盘,小卷盘,ai_candidate,medium: 体积较小
1218,消防器材 > 喷水灭火产品 > 软管卷盘、水龙带及接口,消防自救卷盘,自救水喉,ai_candidate,medium: 结合功能
1218,消防器材 > 喷水灭火产品 > 软管卷盘、水龙带及接口,聚氨酯消防水带,PU水带,ai_candidate,high: 材质缩写
1218,消防器材 > 喷水灭火产品 > 软管卷盘、水龙带及接口,聚氨酯消防水带,聚氨酯水带,ai_candidate,high: 材质简称
1218,消防器材 > 喷水灭火产品 > 软管卷盘、水龙带及接口,衬胶消防水带,衬胶水带,ai_candidate,high: 结构简称
1218,消防器材 > 喷水灭火产品 > 软管卷盘、水龙带及接口,衬胶消防水带,胶里水带,ai_candidate,medium: 内衬描述
1218,消防器材 > 喷水灭火产品 > 软管卷盘、水龙带及接口,衬胶消防水带,橡胶水带,ai_candidate_low,low: 内衬材质俗称
1220,消防器材 > 喷水灭火产品 > 隔膜式气压水罐,隔膜式气压水罐,气压罐,ai_candidate,high: 省略隔膜式，施工现场常用简称
1220,消防器材 > 喷水灭火产品 > 隔膜式气压水罐,隔膜式气压水罐,隔膜罐,ai_candidate,high: 突出隔膜结构的简称
1220,消防器材 > 喷水灭火产品 > 隔膜式气压水罐,隔膜式气压水罐,稳压罐,ai_candidate,high: 在消防系统中主要起稳压作用，俗称稳压罐
1220,消防器材 > 喷水灭火产品 > 隔膜式气压水罐,隔膜式气压水罐,定压罐,ai_candidate,medium: 部分项目中用于维持管网定压，有此叫法
1220,消防器材 > 喷水灭火产品 > 隔膜式气压水罐,隔膜式气压水罐,消防气压罐,ai_candidate,medium: 特指消防用的隔膜气压水罐
1220,消防器材 > 喷水灭火产品 > 隔膜式气压水罐,卧式隔膜气压水罐,卧式气压罐,ai_candidate,high: 省略隔膜二字，突出安装形式
1220,消防器材 > 喷水灭火产品 > 隔膜式气压水罐,卧式隔膜气压水罐,卧式稳压罐,ai_candidate,high: 稳压功能的卧式罐叫法
1220,消防器材 > 喷水灭火产品 > 隔膜式气压水罐,卧式隔膜气压水罐,卧式隔膜罐,ai_candidate,medium: 突出隔膜与卧式结构
1220,消防器材 > 喷水灭火产品 > 隔膜式气压水罐,立式隔膜气压水罐,立式气压罐,ai_candidate,high: 省略隔膜，突出立式形式
1220,消防器材 > 喷水灭火产品 > 隔膜式气压水罐,立式隔膜气压水罐,立式稳压罐,ai_candidate,high: 稳压功能的立式罐叫法
1220,消防器材 > 喷水灭火产品 > 隔膜式气压水罐,立式隔膜气压水罐,立式隔膜罐,ai_candidate,medium: 突出隔膜与立式结构
1227,消防器材 > 消防工具 > 消防工具,救生器材类,救生器材,ai_candidate,high: 省略“类”字的口语简称
1227,消防器材 > 消防工具 > 消防工具,消防员装备,消防装备,ai_candidate,high: 施工现场常将消防员装备简称为消防装备
1227,消防器材 > 消防工具 > 消防工具,消防架,消防器材架,ai_candidate,high: 消防架常指放置灭火器等器材的架子，俗称消防器材架
105,消防器材 > 消防应急广播、电话系统 > 消防通讯广播器材,消防通讯广播器材,消防广播系统,ai_candidate,medium: 业内对消防广播与电话相关器材的统称
105,消防器材 > 消防应急广播、电话系统 > 消防通讯广播器材,消防通讯广播器材,消防通讯广播设备,ai_candidate,medium: 该类别包含电话和广播器材
105,消防器材 > 消防应急广播、电话系统 > 消防通讯广播器材,MP3录放盘,MP3录放机,ai_candidate,medium: 习惯将录放盘称为录放机
105,消防器材 > 消防应急广播、电话系统 > 消防通讯广播器材,MP3播放盘,MP3播放机,ai_candidate,medium: 习惯将播放盘称为播放机
105,消防器材 > 消防应急广播、电话系统 > 消防通讯广播器材,功率放大器,功放,ai_candidate,high: 功率放大器通用简称
105,消防器材 > 消防应急广播、电话系统 > 消防通讯广播器材,区域扩展盘,扩展盘,ai_candidate,medium: 施工现场省略区域
105,消防器材 > 消防应急广播、电话系统 > 消防通讯广播器材,区域控制盘,区域控盘,ai_candidate,medium: 口语中省略制字
105,消防器材 > 消防应急广播、电话系统 > 消防通讯广播器材,多线消防广播柜,多线广播柜,ai_candidate,medium: 省略消防二字
105,消防器材 > 消防应急广播、电话系统 > 消防通讯广播器材,多线消防电话分机,多线分机,ai_candidate,medium: 上下文明确时简化为多线分机
105,消防器材 > 消防应急广播、电话系统 > 消防通讯广播器材,多线消防电话总机,多线总机,ai_candidate,medium: 同上
105,消防器材 > 消防应急广播、电话系统 > 消防通讯广播器材,多线电话插孔,电话插孔,ai_candidate,medium: 多线可省略
105,消防器材 > 消防应急广播、电话系统 > 消防通讯广播器材,广播切换盒,切换盒,ai_candidate,medium: 简称
105,消防器材 > 消防应急广播、电话系统 > 消防通讯广播器材,应急广播控制器,广播控制器,ai_candidate,medium: 省略应急
105,消防器材 > 消防应急广播、电话系统 > 消防通讯广播器材,总线消防广播柜,总线广播柜,ai_candidate,medium: 省略消防
105,消防器材 > 消防应急广播、电话系统 > 消防通讯广播器材,总线消防电话分机,总线分机,ai_candidate,medium: 简称
105,消防器材 > 消防应急广播、电话系统 > 消防通讯广播器材,总线消防电话总机,总线总机,ai_candidate,medium: 简称
105,消防器材 > 消防应急广播、电话系统 > 消防通讯广播器材,总线电话插孔,总线插孔,ai_candidate,medium: 更简略的叫法
105,消防器材 > 消防应急广播、电话系统 > 消防通讯广播器材,手提式电话分机,手提分机,ai_candidate,medium: 口语省略式
105,消防器材 > 消防应急广播、电话系统 > 消防通讯广播器材,手提式电话分机,手提电话,ai_candidate,medium: 施工现场常叫
105,消防器材 > 消防应急广播、电话系统 > 消防通讯广播器材,消防广播主机,广播主机,ai_candidate,high: 省略消防
105,消防器材 > 消防应急广播、电话系统 > 消防通讯广播器材,消防广播分配盘,分配盘,ai_candidate,medium: 省略广播
105,消防器材 > 消防应急广播、电话系统 > 消防通讯广播器材,消防广播分配盘,广播分配盘,ai_candidate,medium: 省略消防
105,消防器材 > 消防应急广播、电话系统 > 消防通讯广播器材,消防广播功放/录放盘,功放录放一体盘,ai_candidate_low,low: 用来描述集成功能的盘
105,消防器材 > 消防应急广播、电话系统 > 消防通讯广播器材,消防广播功放盘,广播功放盘,ai_candidate,high: 省略消防
105,消防器材 > 消防应急广播、电话系统 > 消防通讯广播器材,消防广播录放盘,广播录放盘,ai_candidate,high: 省略消防
105,消防器材 > 消防应急广播、电话系统 > 消防通讯广播器材,消防广播扬声器,广播喇叭,ai_candidate,high: 安装人员口语
105,消防器材 > 消防应急广播、电话系统 > 消防通讯广播器材,消防广播扬声器,消防喇叭,ai_candidate,medium: 简称
105,消防器材 > 消防应急广播、电话系统 > 消防通讯广播器材,消防通讯广播器材,广播电话,ai_candidate,high: 消防通讯广播器材的简称，采购中常用
105,消防器材 > 消防应急广播、电话系统 > 消防通讯广播器材,消防通讯广播器材,消防广播电话,ai_candidate,high: 涵盖应急广播和电话系统
105,消防器材 > 消防应急广播、电话系统 > 消防通讯广播器材,消防应急广播设备,消防广播设备,ai_candidate,high: 简称，省略应急二字，现场常用
105,消防器材 > 消防应急广播、电话系统 > 消防通讯广播器材,消防应急广播设备,广播主机,ai_candidate,medium: 当指广播系统的控制主机时常用
105,消防器材 > 消防应急广播、电话系统 > 消防通讯广播器材,消防应急广播设备,应急广播,ai_candidate,high: 口语中常用简略叫法
105,消防器材 > 消防应急广播、电话系统 > 消防通讯广播器材,消防电话分机,消防分机,ai_candidate,high: 采购和施工中简略叫法
105,消防器材 > 消防应急广播、电话系统 > 消防通讯广播器材,消防电话总机,消防总机,ai_candidate,high: 现场口语简称
105,消防器材 > 消防应急广播、电话系统 > 消防通讯广播器材,消防电话总机,电话主机,ai_candidate,medium: 相对分机而言，常称为主机
105,消防器材 > 消防应急广播、电话系统 > 消防通讯广播器材,火警电话盘,消防电话盘,ai_candidate,medium: 功能相同，另一种常见叫法
105,消防器材 > 消防应急广播、电话系统 > 消防通讯广播器材,火警电话盘,火警电话,ai_candidate,medium: 省略“盘”字的简称
105,消防器材 > 消防应急广播、电话系统 > 消防通讯广播器材,编码型紧急启停按钮,编码急启按钮,ai_candidate,high: 工地现场缩略叫法
105,消防器材 > 消防应急广播、电话系统 > 消防通讯广播器材,非编码型紧急启停按钮,非编码急启按钮,ai_candidate,high: 工地现场缩略叫法
1226,消防器材 > 火灾报警产品 > 其他报警器材,消防泵、双电源控制设备,消防泵双电源控制柜,ai_candidate,medium: 施工现场通常将消防泵与双电源集成控制柜简称为此
1226,消防器材 > 火灾报警产品 > 其他报警器材,消防泵、双电源控制设备,双电源控制柜,ai_candidate,medium: 采购或施工中常省略消防泵，直接称双电源控制柜
1226,消防器材 > 火灾报警产品 > 其他报警器材,消防泵自动巡检、消防泵控制设备,消防泵巡检控制柜,ai_candidate,medium: 该设备通常以控制柜形式出现，自动巡检集成在内
1226,消防器材 > 火灾报警产品 > 其他报警器材,消防泵自动巡检、消防泵控制设备,消防泵自动巡检柜,ai_candidate,medium: 强调自动巡检功能的简称
1226,消防器材 > 火灾报警产品 > 其他报警器材,消防端子箱,消防接线箱,ai_candidate,high: 端子箱是用于接线的箱体，常被称作接线箱
1226,消防器材 > 火灾报警产品 > 其他报警器材,消防端子箱,消防接线端子箱,ai_candidate,high: 全称的日常叫法
1226,消防器材 > 火灾报警产品 > 其他报警器材,火灾信息发送器,火警信息传输器,ai_candidate,medium: 有些图纸和采购单将其称为火警信息传输设备
1226,消防器材 > 火灾报警产品 > 其他报警器材,防火门监控分机,防火门监控子站,ai_candidate,medium: 作为分机常被称作现场子站或区域子站
1226,消防器材 > 火灾报警产品 > 其他报警器材,防火门监控分机,防火门区域分机,ai_candidate,medium: 强调其区域分级管理功能
1226,消防器材 > 火灾报警产品 > 其他报警器材,防爆声光警报器,防爆声光报警器,ai_candidate,high: 警报器与报警器在施工现场常混用
1226,消防器材 > 火灾报警产品 > 其他报警器材,防爆声光警报器,防爆声光,ai_candidate,high: 口语简称
1226,消防器材 > 火灾报警产品 > 其他报警器材,防爆手动火灾报警按钮,防爆手报,ai_candidate,high: 手动火灾报警按钮简称手报，加上防爆属性
1226,消防器材 > 火灾报警产品 > 其他报警器材,防爆手动火灾报警按钮,防爆手动报警按钮,ai_candidate,high: 省略火灾二字的口语说法
1226,消防器材 > 火灾报警产品 > 其他报警器材,防爆消火栓按钮,防爆消报,ai_candidate,medium: 消火栓按钮常被简称为消报
1226,消防器材 > 火灾报警产品 > 其他报警器材,防爆消火栓按钮,防爆消火栓启泵按钮,ai_candidate,medium: 功能描述性简称
1226,消防器材 > 火灾报警产品 > 其他报警器材,隔离安全栅,安全隔离栅,ai_candidate,high: 顺序调换的常见叫法
1226,消防器材 > 火灾报警产品 > 其他报警器材,隔离安全栅,防爆隔离栅,ai_candidate,medium: 突出其防爆应用场景
1226,消防器材 > 火灾报警产品 > 其他报警器材,齐纳安全栅,齐纳栅,ai_candidate,high: 实验室和采购中常用简称
1226,消防器材 > 火灾报警产品 > 其他报警器材,齐纳安全栅,齐纳式安全栅,ai_candidate,high: 强调齐纳原理的完整简称
1225,消防器材 > 火灾报警产品 > 现场模块,现场模块,模块,ai_candidate,high: 施工现场对现场模块的统称
1225,消防器材 > 火灾报警产品 > 现场模块,现场模块,消防模块,ai_candidate,medium: 泛指火灾报警系统中的各种功能模块
1225,消防器材 > 火灾报警产品 > 现场模块,现场模块,现场接口模块,ai_candidate_low,low: 强调其现场接口功能，较技术化说法
1225,消防器材 > 火灾报警产品 > 现场模块,输入/输出模块,I/O模块,ai_candidate,high: 输入/输出的英文缩写，业内通用
1225,消防器材 > 火灾报警产品 > 现场模块,输入/输出模块,接口模块,ai_candidate,medium: 因其提供输入输出接口功能
1225,消防器材 > 火灾报警产品 > 现场模块,输入模块,监视模块,ai_candidate,high: 用于监视设备状态信号，业内标准俗称
1225,消防器材 > 火灾报警产品 > 现场模块,输入模块,输入监视模块,ai_candidate,medium: 强调其监视输入功能的全称
1225,消防器材 > 火灾报警产品 > 现场模块,输出模块,控制模块,ai_candidate,high: 用于输出控制信号，施工现场常用叫法
1225,消防器材 > 火灾报警产品 > 现场模块,输出模块,输出控制模块,ai_candidate,medium: 更完整地描述其输出控制功能
1225,消防器材 > 火灾报警产品 > 现场模块,通讯模块,通信模块,ai_candidate,high: 通讯与通信同义，常见代替叫法
1225,消防器材 > 火灾报警产品 > 现场模块,通讯模块,通讯接口模块,ai_candidate,medium: 强调其提供通讯接口的功能
1225,消防器材 > 火灾报警产品 > 现场模块,防雷模块,信号防雷模块,ai_candidate,medium: 专用于信号线路的防雷电涌模块
1225,消防器材 > 火灾报警产品 > 现场模块,防雷模块,防雷器,ai_candidate,medium: 施工现场对防雷模块的简化统称
1225,消防器材 > 火灾报警产品 > 现场模块,隔离器,总线隔离器,ai_candidate,high: 用于总线短路隔离，完整名称
1225,消防器材 > 火灾报警产品 > 现场模块,隔离器,短路隔离器,ai_candidate,high: 突出其短路保护功能
1225,消防器材 > 火灾报警产品 > 现场模块,隔离器底座,隔离器安装底座,ai_candidate,medium: 明确其安装配件的用途
1225,消防器材 > 火灾报警产品 > 现场模块,隔离模块,总线隔离模块,ai_candidate,high: 模块式的总线隔离器
1225,消防器材 > 火灾报警产品 > 现场模块,隔离模块,短路隔离模块,ai_candidate,high: 突出短路隔离功能的模块
1225,消防器材 > 火灾报警产品 > 现场模块,驱动模块,输出驱动模块,ai_candidate,medium: 强调其输出驱动现场设备的功能
1225,消防器材 > 火灾报警产品 > 现场模块,驱动模块,驱动器模块,ai_candidate_low,low: 简称为驱动器形式的模块
1209,消防器材 > 灭火器 > 成套泡沫灭火设备,成套泡沫灭火设备,泡沫灭火装置,ai_candidate,high: 行业内常将成套设备简称为装置，省略“成套”二字
1209,消防器材 > 灭火器 > 成套泡沫灭火设备,成套水雾灭火装置,细水雾灭火装置,ai_candidate,high: 水雾灭火的主流技术即细水雾，采购文件及现场常直接称细水雾灭火装置
1209,消防器材 > 灭火器 > 成套泡沫灭火设备,成套水雾灭火装置,高压水雾灭火系统,ai_candidate,medium: 部分产品采用高压细水雾，从而得名
1209,消防器材 > 灭火器 > 成套泡沫灭火设备,成套泡沫灭火装置,泡沫灭火系统,ai_candidate,high: 成套泡沫灭火装置在工程中统称为泡沫灭火系统
1209,消防器材 > 灭火器 > 成套泡沫灭火设备,成套泡沫灭火装置,泡沫站设备,ai_candidate,medium: 在一些工业项目中被称为泡沫站
1209,消防器材 > 灭火器 > 成套泡沫灭火设备,泡沫水灭火装置,泡沫-水两用灭火装置,ai_candidate,high: 泡沫和水交替或混合使用是其主要特征，采购清单中常用此名
1209,消防器材 > 灭火器 > 成套泡沫灭火设备,泡沫水灭火装置,泡沫水喷淋系统,ai_candidate,medium: 适用于自动喷水灭火系统结合泡沫的比例混合装置
1210,消防器材 > 灭火器 > 灭火剂,灭火剂,灭火器药剂,ai_candidate,high: 灭火剂是充装在灭火器内的核心物质，现场常统称为灭火器药剂
1210,消防器材 > 灭火器 > 灭火剂,灭火剂,灭火器填充剂,ai_candidate,medium: 在采购或灌装场景中会被叫做填充剂
1210,消防器材 > 灭火器 > 灭火剂,七氟丙烷药剂,FM200灭火剂,ai_candidate,high: FM200是七氟丙烷的商标名，行业广泛使用
1210,消防器材 > 灭火器 > 灭火剂,七氟丙烷药剂,HFC-227ea灭火剂,ai_candidate,high: 七氟丙烷的化学代号，常用于规格书和采购单
1210,消防器材 > 灭火器 > 灭火剂,七氟丙烷药剂,七氟丙烷气体,ai_candidate,medium: 强调其为气体灭火介质
1210,消防器材 > 灭火器 > 灭火剂,二氧化碳灭火剂,CO2灭火剂,ai_candidate,high: 化学式简称，施工现场口语极常用
1210,消防器材 > 灭火器 > 灭火剂,二氧化碳灭火剂,碳酸气灭火剂,ai_candidate,medium: 二氧化碳旧称，偶尔在老旧标书或口传中出现
1210,消防器材 > 灭火器 > 灭火剂,卤代烷灭火剂,哈龙灭火剂,ai_candidate,high: 卤代烷灭火剂的商品名，哈龙1211、1301等统称
1210,消防器材 > 灭火器 > 灭火剂,卤代烷灭火剂,卤代烷,ai_candidate,medium: 简略叫法，用于非正式技术交流
1210,消防器材 > 灭火器 > 灭火剂,合成泡沫灭火剂,合成泡沫液,ai_candidate,medium: 泡沫灭火剂通常以液态供应，加'液'字是常见习惯
1210,消防器材 > 灭火器 > 灭火剂,干粉灭火剂,干粉,ai_candidate,high: 最直接的简称，施工和采购中均用
1210,消防器材 > 灭火器 > 灭火剂,干粉灭火剂,灭火干粉,ai_candidate,medium: 在充装操作时的口语叫法
1210,消防器材 > 灭火器 > 灭火剂,抗溶性泡沫灭火剂(AR),抗溶性泡沫液,ai_candidate,high: 强调液态形式，采购时常说某某泡沫液
1210,消防器材 > 灭火器 > 灭火剂,抗溶性泡沫灭火剂(AR),AR泡沫灭火剂,ai_candidate,medium: 取缩写AR，行业内辨识度高
1210,消防器材 > 灭火器 > 灭火剂,气体灭火药剂,气灭药剂,ai_candidate,medium: 气体灭火系统所用化学药剂的简略统称
1210,消防器材 > 灭火器 > 灭火剂,气溶胶灭火药剂,气溶胶灭火剂,ai_candidate,high: 同义简写，省略'药'字
1210,消防器材 > 灭火器 > 灭火剂,气溶胶灭火药剂,气溶胶,ai_candidate,medium: 施工现场直接说气溶胶，默认即指其灭火剂
1210,消防器材 > 灭火器 > 灭火剂,氟蛋白泡沫灭火剂(FP),氟蛋白泡沫液,ai_candidate,high: 采购和灌装时均称泡沫液
1210,消防器材 > 灭火器 > 灭火剂,氟蛋白泡沫灭火剂(FP),FP泡沫,ai_candidate,medium: 英文缩写加泡沫，简短易记
1210,消防器材 > 灭火器 > 灭火剂,水成膜泡沫灭火剂(AFFF),轻水泡沫灭火剂,ai_candidate,high: 水成膜泡沫的通俗名称，源于其在油面形成薄膜
1210,消防器材 > 灭火器 > 灭火剂,水成膜泡沫灭火剂(AFFF),AFFF泡沫液,ai_candidate,medium: AFFF加泡沫液，是订货时的常见描述
1210,消防器材 > 灭火器 > 灭火剂,泡沫灭火剂,泡沫液,ai_candidate,high: 绝大多数泡沫灭火剂供应为液态，直接称泡沫液
1210,消防器材 > 灭火器 > 灭火剂,泡沫灭火剂,泡沫药剂,ai_candidate,medium: 在消防器材流通领域有一定使用
1210,消防器材 > 灭火器 > 灭火剂,清水灭火剂,水,ai_candidate,high: 清水灭火剂本质就是水，灭火器灌装时直接说加水
1210,消防器材 > 灭火器 > 灭火剂,蛋白泡沫灭火剂(P),蛋白泡沫液,ai_candidate,high: 液体形式，常被称为泡沫液
1210,消防器材 > 灭火器 > 灭火剂,蛋白泡沫灭火剂(P),普通蛋白泡沫,ai_candidate,medium: 区别于氟蛋白等，旧称普通蛋白泡沫
1210,消防器材 > 灭火器 > 灭火剂,高倍数泡沫灭火剂,高倍数泡沫液,ai_candidate,high: 以液态供应，习惯加液字
1210,消防器材 > 灭火器 > 灭火剂,高倍数泡沫灭火剂,高泡灭火剂,ai_candidate,medium: 施工现场简化叫法
220,消防器材 > 灭火器 > 灭火器,ABC干粉灭火器,ABC灭火器,ai_candidate,high: 施工现场口语简称
220,消防器材 > 灭火器 > 灭火器,BC干粉灭火器,BC灭火器,ai_candidate,high: 施工现场口语简称
220,消防器材 > 灭火器 > 灭火器,D类灭火器,金属灭火器,ai_candidate,medium: 按火灾类型俗称
220,消防器材 > 灭火器 > 灭火器,七氟丙烷灭火器,FM200灭火器,ai_candidate,high: 商品名
220,消防器材 > 灭火器 > 灭火器,二氧化碳灭火器,CO2灭火器,ai_candidate,high: 化学式简称
220,消防器材 > 灭火器 > 灭火器,六氟丙烷灭火器,FE-36灭火器,ai_candidate,medium: 商品名
220,消防器材 > 灭火器 > 灭火器,卤代烷灭火器,哈龙灭火器,ai_candidate,high: Halon音译俗称
220,消防器材 > 灭火器 > 灭火器,干粉灭火器,干粉,ai_candidate,high: 口语简称
220,消防器材 > 灭火器 > 灭火器,水基型灭火器,水基灭火器,ai_candidate,high: 简称
220,消防器材 > 灭火器 > 灭火器,泡沫灭火器,泡沫,ai_candidate,high: 口语简称
220,消防器材 > 灭火器 > 灭火器,洁净气体灭火器,洁净灭火器,ai_candidate,medium: 施工现场简称
220,消防器材 > 灭火器 > 灭火器,清水灭火器,水灭火器,ai_candidate,high: 以灭火介质俗称
220,消防器材 > 灭火器 > 灭火器,溶胶灭火器,气溶胶灭火器,ai_candidate,high: 完整技术名称俗称
220,消防器材 > 灭火器 > 灭火器,超细干粉灭火器,超细干粉,ai_candidate,high: 口语简称
1310,灯具、光源 > 其他灯具及附件 > 专用灯具电源,专用灯具电源,灯具电源,ai_candidate,medium: 该类别统指各类灯具专用电源，现场常简称灯具电源
1310,灯具、光源 > 其他灯具及附件 > 专用灯具电源,LED灯饰灯具电源,LED驱动电源,ai_candidate,high: LED灯具电源的通用俗称
1310,灯具、光源 > 其他灯具及附件 > 专用灯具电源,LED灯饰灯具电源,LED驱动,ai_candidate,high: 口语中常省略电源两字
1310,灯具、光源 > 其他灯具及附件 > 专用灯具电源,LED筒射灯模组,LED光源模组,ai_candidate,medium: 指集成LED光源的模组，常泛称光源模组
1310,灯具、光源 > 其他灯具及附件 > 专用灯具电源,LED筒射灯模组,筒灯模组,ai_candidate,medium: 现场对筒灯用一体化模组的简称
1310,灯具、光源 > 其他灯具及附件 > 专用灯具电源,模块电源,电源模块,ai_candidate,high: 最常见的叫法，指模块化封装的电源
1310,灯具、光源 > 其他灯具及附件 > 专用灯具电源,模块电源,LED电源模块,ai_candidate,medium: 当用于LED灯具时常如此称呼
1310,灯具、光源 > 其他灯具及附件 > 专用灯具电源,消防应急灯具专用应急电源,消防应急电源,ai_candidate,high: 针对消防灯具的应急电源俗称
1310,灯具、光源 > 其他灯具及附件 > 专用灯具电源,消防应急灯具专用应急电源,应急电源,ai_candidate,high: 在消防语境下口头常省略消防二字
1310,灯具、光源 > 其他灯具及附件 > 专用灯具电源,消防应急灯具专用应急电源,EPS应急电源,ai_candidate_low,low: 现场有时用EPS代指，尽管EPS通常指集中式，但口语中可能混用
1308,灯具、光源 > 其他灯具及附件 > 灯戗、灯伞、灯臂,灯戗、灯伞、灯臂,灯具支架附件,ai_candidate,medium: 该类包含灯臂、灯戗等支撑结构件
1308,灯具、光源 > 其他灯具及附件 > 灯戗、灯伞、灯臂,双弧灯臂,双弯灯臂,ai_candidate,medium: 双弧形状的灯臂，现场常称双弯臂
1308,灯具、光源 > 其他灯具及附件 > 灯戗、灯伞、灯臂,双弧灯臂,S型灯臂,ai_candidate_low,low: 双弧造型类似S形
1308,灯具、光源 > 其他灯具及附件 > 灯戗、灯伞、灯臂,灯具挑臂,挑臂,ai_candidate,high: 现场简称为挑臂
1308,灯具、光源 > 其他灯具及附件 > 灯戗、灯伞、灯臂,灯具挑臂,灯臂支架,ai_candidate,high: 具有支撑和悬挑功能的灯臂
1308,灯具、光源 > 其他灯具及附件 > 灯戗、灯伞、灯臂,灯具挑臂,悬挑臂,ai_candidate,medium: 强调悬挑结构
1308,灯具、光源 > 其他灯具及附件 > 灯戗、灯伞、灯臂,灯戗,灯撑,ai_candidate,medium: 戗即支撑，现场多叫做灯撑或斜撑
1308,灯具、光源 > 其他灯具及附件 > 灯戗、灯伞、灯臂,灯戗,斜撑杆,ai_candidate,medium: 灯具的斜向支撑杆件
1313,灯具、光源 > 其他灯具及附件 > 灯线及其附件,Hid灯线,氙气灯线,ai_candidate,high: HID灯俗称氙气灯，其专用线常称氙气灯线
1313,灯具、光源 > 其他灯具及附件 > 灯线及其附件,Hid灯线,安定器连接线,ai_candidate,medium: HID灯需配安定器，该连接线常被称为安定器线
1313,灯具、光源 > 其他灯具及附件 > 灯线及其附件,LED灯线,LED连接线,ai_candidate,high: LED灯常用连接线简称
1313,灯具、光源 > 其他灯具及附件 > 灯线及其附件,LED灯线,LED灯带线,ai_candidate,medium: 针对LED灯带配线的口语叫法
209,灯具、光源 > 室内照明 > 其他室内灯具,唤醒灯,起床灯,ai_candidate,medium: 施工现场或消费者口语中常以此描述其功能
209,灯具、光源 > 室内照明 > 其他室内灯具,镜前灯,镜灯,ai_candidate,high: 采购和安装时常用的简称
209,灯具、光源 > 室内照明 > 其他室内灯具,镜前灯,镜子灯,ai_candidate,medium: 口语化叫法
209,灯具、光源 > 室内照明 > 其他室内灯具,防水灯,防潮灯,ai_candidate,medium: 现场时常与防潮灯混称，尤其在卫生间、厨房场景
209,灯具、光源 > 室内照明 > 其他室内灯具,防水防尘灯,三防灯,ai_candidate,high: 施工采购中常将防水防尘灯俗称为三防灯，即使不含防腐
1297,灯具、光源 > 室内照明 > 台灯、落地灯,台灯、落地灯,桌灯/立灯,ai_candidate,medium: 台灯俗称为桌灯，落地灯俗称为立灯，采购或施工中常混用
1297,灯具、光源 > 室内照明 > 台灯、落地灯,LED台灯,LED桌灯,ai_candidate,medium: 台灯放置在桌面上，口语常称桌灯
1297,灯具、光源 > 室内照明 > 台灯、落地灯,LED落地灯,LED立灯,ai_candidate,medium: 落地灯也称立灯，对应立式放置形式
1297,灯具、光源 > 室内照明 > 台灯、落地灯,太阳能台灯,太阳能桌灯,ai_candidate,medium: 台灯俗称桌灯，太阳能台灯也可叫太阳能桌灯
1297,灯具、光源 > 室内照明 > 台灯、落地灯,太阳能落地灯,太阳能立灯,ai_candidate,medium: 落地灯俗称立灯，太阳能落地灯称呼为太阳能立灯
1297,灯具、光源 > 室内照明 > 台灯、落地灯,荧光灯管台灯,日光灯台灯,ai_candidate,high: 荧光灯管通常被称为日光灯管，因此得名
1297,灯具、光源 > 室内照明 > 台灯、落地灯,荧光灯管台灯,荧光台灯,ai_candidate,high: 简化的俗称，直接称为荧光台灯
1297,灯具、光源 > 室内照明 > 台灯、落地灯,荧光灯管落地灯,日光灯落地灯,ai_candidate,high: 荧光灯管一般叫日光灯管，所以落地灯款以此类推
1297,灯具、光源 > 室内照明 > 台灯、落地灯,荧光灯管落地灯,荧光落地灯,ai_candidate,high: 简称为荧光落地灯，采购中常见
1297,灯具、光源 > 室内照明 > 台灯、落地灯,螺旋灯头光源台灯,螺口台灯,ai_candidate,high: 螺旋灯头即是螺口，现场普遍叫螺口台灯
1297,灯具、光源 > 室内照明 > 台灯、落地灯,螺旋灯头光源台灯,螺旋口台灯,ai_candidate,medium: 螺旋口同螺口，为常见口语说法
1297,灯具、光源 > 室内照明 > 台灯、落地灯,螺旋灯头光源落地灯,螺口落地灯,ai_candidate,high: 螺旋灯头对应螺口，落地灯款称为螺口落地灯
1297,灯具、光源 > 室内照明 > 台灯、落地灯,螺旋灯头光源落地灯,螺旋口落地灯,ai_candidate,medium: 螺旋口为螺口的另一种口头叫法
1292,灯具、光源 > 室内照明 > 吸顶灯,吸顶灯,顶灯,ai_candidate,high: 吸顶灯最常见的简称，施工现场直接叫顶灯
1292,灯具、光源 > 室内照明 > 吸顶灯,吸顶灯,天花灯,ai_candidate,medium: 部分采购和安装场景称吸顶灯为天花灯，但有时也指嵌入式筒灯，需注意上下文
1292,灯具、光源 > 室内照明 > 吸顶灯,吸顶灯,吸顶式灯具,ai_candidate,medium: 较正式的行业称呼，采购清单中可能出现
1292,灯具、光源 > 室内照明 > 吸顶灯,LED吸顶灯,LED顶灯,ai_candidate,high: 口头简称
1292,灯具、光源 > 室内照明 > 吸顶灯,LED吸顶灯,LED吸顶,ai_candidate,medium: 省略“灯”字，口语常用
1292,灯具、光源 > 室内照明 > 吸顶灯,T5防潮吸顶荧光灯,T5防潮灯,ai_candidate,medium: 省略吸顶和荧光，具备防潮特征的T5灯具
1292,灯具、光源 > 室内照明 > 吸顶灯,T5防潮吸顶荧光灯,T5防潮吸顶灯,ai_candidate,medium: 省略荧光灯管描述，现场常用
1292,灯具、光源 > 室内照明 > 吸顶灯,吸顶荧光灯,荧光顶灯,ai_candidate,medium: 荧光灯管的吸顶灯，简称
1292,灯具、光源 > 室内照明 > 吸顶灯,声光控吸顶灯,声光控灯,ai_candidate,high: 省略吸顶，工程上直接叫声光控灯
1292,灯具、光源 > 室内照明 > 吸顶灯,声光控吸顶灯,感应吸顶灯,ai_candidate_low,low: 声光控属于感应控制，有时泛称感应吸顶灯
1292,灯具、光源 > 室内照明 > 吸顶灯,应急防潮吸顶荧光灯,防潮应急灯,ai_candidate,medium: 突出应急和防潮特征，采购时常见
1292,灯具、光源 > 室内照明 > 吸顶灯,应急防潮吸顶荧光灯,应急防潮灯,ai_candidate,medium: 简化说法
1292,灯具、光源 > 室内照明 > 吸顶灯,防水节能吸顶灯,防水吸顶灯,ai_candidate,medium: 防水为主要特征，节能通常默认，口语省略
1292,灯具、光源 > 室内照明 > 吸顶灯,防水节能吸顶灯,防水节能顶灯,ai_candidate_low,low: 顶灯替代吸顶灯
1292,灯具、光源 > 室内照明 > 吸顶灯,高效节能吸顶灯,节能吸顶灯,ai_candidate,medium: 高效常被省略，直接称节能吸顶灯
1296,灯具、光源 > 室内照明 > 射灯,吊杆式射灯,吊杆射灯,ai_candidate,high: 施工现场口语中常省略‘式’字，直接称吊杆射灯
1296,灯具、光源 > 室内照明 > 射灯,吊装式格栅射灯,吊装格栅灯,ai_candidate,high: 格栅射灯在采购中常简称为格栅灯
1296,灯具、光源 > 室内照明 > 射灯,吊装式格栅射灯,吊装斗胆灯,ai_candidate,medium: 格栅射灯（尤其是多头方形射灯）在行业和施工现场常被称为斗胆灯
1296,灯具、光源 > 室内照明 > 射灯,吸顶式射灯,吸顶射灯,ai_candidate,high: 省略‘式’字的常见简化叫法
1296,灯具、光源 > 室内照明 > 射灯,天花式射灯,明装射灯,ai_candidate,medium: 施工现场常将安装在天花表面的射灯称为明装射灯，以区别于嵌入式
1296,灯具、光源 > 室内照明 > 射灯,天花式射灯,天花射灯,ai_candidate,medium: 简化工地叫法
1296,灯具、光源 > 室内照明 > 射灯,导轨式射灯,轨道射灯,ai_candidate,high: 导轨俗称轨道，行业通用
1296,灯具、光源 > 室内照明 > 射灯,导轨式射灯,导轨灯,ai_candidate,high: 采购和施工中常用简称
1296,灯具、光源 > 室内照明 > 射灯,导轨式射灯,轨道灯,ai_candidate,high: 口语化叫法
1296,灯具、光源 > 室内照明 > 射灯,嵌入式射灯,牛眼灯,ai_candidate,high: 嵌入式可调角度射灯因外形像牛眼，在施工现场和设计师口中常用牛眼灯称呼
1296,灯具、光源 > 室内照明 > 射灯,嵌入式射灯,嵌灯,ai_candidate,medium: 嵌入安装的灯具简称，有时特指嵌入式射灯
210,灯具、光源 > 室外照明 > 庭院、广场、道路、景观灯,庭院、广场、道路、景观灯,路灯,ai_candidate,medium: 该类室外灯具统称
210,灯具、光源 > 室外照明 > 庭院、广场、道路、景观灯,太阳能路灯,太阳能灯,ai_candidate,high: 简称
210,灯具、光源 > 室外照明 > 庭院、广场、道路、景观灯,广场灯,广场照明灯,ai_candidate,medium: 全称
210,灯具、光源 > 室外照明 > 庭院、广场、道路、景观灯,庭院灯,花园灯,ai_candidate,high: 用于花园庭院
210,灯具、光源 > 室外照明 > 庭院、广场、道路、景观灯,庭院灯,庭院路灯,ai_candidate,high: 庭院内路灯叫法
210,灯具、光源 > 室外照明 > 庭院、广场、道路、景观灯,景观灯,景观照明灯,ai_candidate,high: 全称
210,灯具、光源 > 室外照明 > 庭院、广场、道路、景观灯,景观灯,装饰灯,ai_candidate,medium: 侧重装饰性
210,灯具、光源 > 室外照明 > 庭院、广场、道路、景观灯,球场灯,运动场灯,ai_candidate,medium: 用于各类球场
210,灯具、光源 > 室外照明 > 庭院、广场、道路、景观灯,球场灯,体育场灯,ai_candidate,medium: 大型场馆照明
210,灯具、光源 > 室外照明 > 庭院、广场、道路、景观灯,网球场灯,网球灯,ai_candidate,high: 简称
210,灯具、光源 > 室外照明 > 庭院、广场、道路、景观灯,路灯灯头,灯头,ai_candidate,high: 灯具部分
210,灯具、光源 > 室外照明 > 庭院、广场、道路、景观灯,路灯灯头,路灯头,ai_candidate,high: 口语叫法
210,灯具、光源 > 室外照明 > 庭院、广场、道路、景观灯,道路灯,马路灯,ai_candidate,high: 俗称
210,灯具、光源 > 室外照明 > 庭院、广场、道路、景观灯,道路灯,路灯,ai_candidate,medium: 道路照明常用叫法
210,灯具、光源 > 室外照明 > 庭院、广场、道路、景观灯,高杆灯,高杆路灯,ai_candidate,high: 全称
210,灯具、光源 > 室外照明 > 庭院、广场、道路、景观灯,高杆灯,升降灯,ai_candidate_low,low: 部分可升降
1302,灯具、光源 > 室外照明 > 水下灯,水下灯,水下照明灯,ai_candidate,high: 水下灯最常见的全称
1302,灯具、光源 > 室外照明 > 水下灯,水下灯,水底灯,ai_candidate,high: 常用于水池、池塘底部照明的俗称
1302,灯具、光源 > 室外照明 > 水下灯,水下灯,泳池灯,ai_candidate,medium: 游泳池专用水下灯
1302,灯具、光源 > 室外照明 > 水下灯,水下灯,水下景观灯,ai_candidate,medium: 景观水体中使用的统称
1302,灯具、光源 > 室外照明 > 水下灯,壁挂式水下灯,挂壁水下灯,ai_candidate,high: 口语中直接简化为挂壁
1302,灯具、光源 > 室外照明 > 水下灯,壁挂式水下灯,壁装水下灯,ai_candidate,high: 按安装方式壁装的叫法
1302,灯具、光源 > 室外照明 > 水下灯,壁挂式水下灯,墙挂水下灯,ai_candidate,medium: 挂在池壁墙面
1302,灯具、光源 > 室外照明 > 水下灯,嵌入式水下灯,嵌装水下灯,ai_candidate,high: 嵌入安装的简称
1302,灯具、光源 > 室外照明 > 水下灯,嵌入式水下灯,暗装水下灯,ai_candidate,medium: 安装后与壁面平齐的暗装叫法
1302,灯具、光源 > 室外照明 > 水下灯,嵌入式水下灯,池底灯,ai_candidate_low,low: 常见嵌入池底使用的叫法，但不包括池壁嵌入
1302,灯具、光源 > 室外照明 > 水下灯,支架式水下灯,支架水下灯,ai_candidate,high: 直接简称
1302,灯具、光源 > 室外照明 > 水下灯,支架式水下灯,座式水下灯,ai_candidate,high: 带底座支座的安装形式
1302,灯具、光源 > 室外照明 > 水下灯,支架式水下灯,支座式水下灯,ai_candidate,medium: 用支座支撑的叫法
1298,灯具、光源 > 室外照明 > 泛光灯、投光灯,泛光灯,投光灯,ai_candidate,high: 现场常将泛光灯与投光灯统称为投光灯，口语中两者基本混用
1298,灯具、光源 > 室外照明 > 泛光灯、投光灯,泛光灯,散光灯,ai_candidate,medium: 早期对大面积泛光照明灯具的俗称
1298,灯具、光源 > 室外照明 > 泛光灯、投光灯,泛光灯,金卤灯,ai_candidate,medium: 当使用金属卤化物光源时，工地常以光源类型直接称呼
1298,灯具、光源 > 室外照明 > 泛光灯、投光灯,洗墙灯,线条灯,ai_candidate,high: 因外形为长条形，常用于勾勒墙面轮廓，故称线条灯
1298,灯具、光源 > 室外照明 > 泛光灯、投光灯,洗墙灯,LED洗墙灯,ai_candidate,high: 目前主流采用LED光源，采购时习惯加上光源前缀
1298,灯具、光源 > 室外照明 > 泛光灯、投光灯,洗墙灯,墙灯,ai_candidate,medium: 简化的口语叫法
1298,灯具、光源 > 室外照明 > 泛光灯、投光灯,聚光灯,射灯,ai_candidate,high: 聚光和射灯在施工中常混用，指向类似的定向照明功能
1298,灯具、光源 > 室外照明 > 泛光灯、投光灯,聚光灯,投射灯,ai_candidate,medium: 强调投射光束，部分地区口语习惯
1298,灯具、光源 > 室外照明 > 泛光灯、投光灯,聚光灯,远射灯,ai_candidate_low,low: 当用于远距离照明时现场的叫法
1300,灯具、光源 > 室外照明 > 草坪灯,草坪灯,草地灯,ai_candidate,medium: 草坪灯安装在草地上，现场常称为草地灯
1300,灯具、光源 > 室外照明 > 草坪灯,草坪灯,插地灯,ai_candidate_low,low: 部分草坪灯采用插地安装方式，口语中常以安装方式代称
1300,灯具、光源 > 室外照明 > 草坪灯,LED草坪灯,LED草地灯,ai_candidate,medium: LED光源的草坪灯，口语中常与草地灯混用
1300,灯具、光源 > 室外照明 > 草坪灯,古典草坪灯,仿古草坪灯,ai_candidate,medium: 古典风格的草坪灯在采购中也称仿古草坪灯
1300,灯具、光源 > 室外照明 > 草坪灯,景观草坪灯,园林草坪灯,ai_candidate,medium: 用于景观园林照明的草坪灯，俗称园林草坪灯
1300,灯具、光源 > 室外照明 > 草坪灯,欧式草坪灯,欧陆草坪灯,ai_candidate_low,low: 欧式风格的草坪灯有时简称欧陆草坪灯
1300,灯具、光源 > 室外照明 > 草坪灯,现代草坪灯,简约草坪灯,ai_candidate_low,low: 现代风格以简约造型为主，施工中有时称简约草坪灯
1300,灯具、光源 > 室外照明 > 草坪灯,防盗草坪灯,防盗型草坪灯,ai_candidate,medium: 强调防盗功能的草坪灯常描述为防盗型
1301,灯具、光源 > 室外照明 > 轮廓装饰灯,轮廓装饰灯,轮廓灯,ai_candidate,high: 行业俗称，指用于勾勒建筑或景观轮廓的灯具
1301,灯具、光源 > 室外照明 > 轮廓装饰灯,轮廓装饰灯,景观轮廓灯,ai_candidate,medium: 强调用于景观照明的轮廓灯具
1301,灯具、光源 > 室外照明 > 轮廓装饰灯,台阶灯,踏步灯,ai_candidate,high: 施工现场常用叫法，指台阶上的灯具
1301,灯具、光源 > 室外照明 > 轮廓装饰灯,台阶灯,楼梯踏步灯,ai_candidate,high: 完整名称，采购时常简化为踏步灯
1301,灯具、光源 > 室外照明 > 轮廓装饰灯,地砖灯,发光地砖,ai_candidate,high: 强调地砖自带发光功能，设计与采购惯用名称
1301,灯具、光源 > 室外照明 > 轮廓装饰灯,地砖灯,LED地砖灯,ai_candidate,high: 特指采用LED光源的地砖灯具
1301,灯具、光源 > 室外照明 > 轮廓装饰灯,地砖灯,地埋砖灯,ai_candidate,medium: 突出埋地安装方式的叫法，有时通用
1301,灯具、光源 > 室外照明 > 轮廓装饰灯,地脚灯,踢脚灯,ai_candidate,high: 因安装于墙脚踢脚线位置而得名，现场口语
1301,灯具、光源 > 室外照明 > 轮廓装饰灯,地脚灯,墙脚灯,ai_candidate,medium: 直接描述安装位置的称法
1301,灯具、光源 > 室外照明 > 轮廓装饰灯,小夜灯,夜灯,ai_candidate,high: 简称，常见于口语与产品标称
1301,灯具、光源 > 室外照明 > 轮廓装饰灯,小夜灯,感应小夜灯,ai_candidate,medium: 带感应功能的细分叫法，有时指代通用小夜灯
1301,灯具、光源 > 室外照明 > 轮廓装饰灯,嵌墙灯,入墙灯,ai_candidate,medium: 描述灯具嵌入墙内的安装方式，现场及报价常用
1301,灯具、光源 > 室外照明 > 轮廓装饰灯,嵌墙灯,墙埋灯,ai_candidate,medium: 施工中预埋墙体或墙面安装的口语叫法
1301,灯具、光源 > 室外照明 > 轮廓装饰灯,护栏板灯,扶手灯,ai_candidate,high: 常安装于护栏扶手上或下方，口语化称呼
1301,灯具、光源 > 室外照明 > 轮廓装饰灯,护栏板灯,栏杆灯,ai_candidate,high: 泛指装在栏杆上的灯具，行业通用
1301,灯具、光源 > 室外照明 > 轮廓装饰灯,护栏管灯,LED护栏管,ai_candidate,high: 最普遍的行业叫法，突出LED光源与管状外形
1301,灯具、光源 > 室外照明 > 轮廓装饰灯,护栏管灯,轮廓管,ai_candidate,medium: 因常用于轮廓勾勒而得名，与数码管有交叉
1301,灯具、光源 > 室外照明 > 轮廓装饰灯,护栏管灯,数码管,ai_candidate,medium: 带控制功能护栏管的别称，在亮化工程中常见
1301,灯具、光源 > 室外照明 > 轮廓装饰灯,瓦楞灯,瓦片灯,ai_candidate,high: 因安装于瓦片之上而得名，俗称
1301,灯具、光源 > 室外照明 > 轮廓装饰灯,瓦楞灯,瓦面灯,ai_candidate,medium: 泛指安装在瓦面的灯具，工程交底常用
1301,灯具、光源 > 室外照明 > 轮廓装饰灯,瓦楞灯,琉璃瓦灯,ai_candidate,medium: 特指用于琉璃瓦屋面，采购时可能使用
1301,灯具、光源 > 室外照明 > 轮廓装饰灯,线条灯,线性灯,ai_candidate,high: 音译与意译结合，行业标准术语
1301,灯具、光源 > 室外照明 > 轮廓装饰灯,线条灯,LED线条灯,ai_candidate,high: 加光源类型的产品称谓
1301,灯具、光源 > 室外照明 > 轮廓装饰灯,线条灯,线形灯,ai_candidate,medium: 形状描述，常见于设计图纸和报价单
1306,灯具、光源 > 特种灯具 > 医院专用灯,手术室专用气密灯带,气密灯带,ai_candidate,high: 施工现场常用简称
1306,灯具、光源 > 特种灯具 > 医院专用灯,手术室专用气密灯带,手术室灯带,ai_candidate,medium: 功能与使用场景结合的叫法
1306,灯具、光源 > 特种灯具 > 医院专用灯,手术室无影灯,无影灯,ai_candidate,high: 最通用简称
1306,灯具、光源 > 特种灯具 > 医院专用灯,手术室无影灯,手术灯,ai_candidate,high: 现场口语叫法
1306,灯具、光源 > 特种灯具 > 医院专用灯,手术室无影灯,手术照明灯,ai_candidate,medium: 采购技术文件中常称
1306,灯具、光源 > 特种灯具 > 医院专用灯,牙科光固化灯,光固化灯,ai_candidate,high: 简称
1306,灯具、光源 > 特种灯具 > 医院专用灯,牙科光固化灯,固化灯,ai_candidate,medium: 更简短的口语叫法
1306,灯具、光源 > 特种灯具 > 医院专用灯,牙科光固化灯,牙科固化灯,ai_candidate,medium: 区分用途的叫法
1306,灯具、光源 > 特种灯具 > 医院专用灯,生化分析仪器灯,生化仪光源灯,ai_candidate,medium: 指明是生化分析仪的专用灯
1306,灯具、光源 > 特种灯具 > 医院专用灯,生化分析仪器灯,分析仪灯,ai_candidate_low,low: 简称
1306,灯具、光源 > 特种灯具 > 医院专用灯,病房叫号灯,呼叫灯,ai_candidate,medium: 病房呼叫系统显示灯
1306,灯具、光源 > 特种灯具 > 医院专用灯,病房叫号灯,叫号显示灯,ai_candidate_low,low: 功能全称的缩略
1306,灯具、光源 > 特种灯具 > 医院专用灯,病房指示灯,病房指示,ai_candidate_low,low: 口语省略
1306,灯具、光源 > 特种灯具 > 医院专用灯,病房暗脚灯,病房地脚灯,ai_candidate,medium: 暗脚灯即嵌入式地脚灯
1306,灯具、光源 > 特种灯具 > 医院专用灯,病房暗脚灯,暗装脚灯,ai_candidate_low,low: 安装方式的俗称
1306,灯具、光源 > 特种灯具 > 医院专用灯,看片灯,观片灯,ai_candidate,high: 标准别称，行业通用
1306,灯具、光源 > 特种灯具 > 医院专用灯,看片灯,阅片灯,ai_candidate,high: 放射科常用叫法
1306,灯具、光源 > 特种灯具 > 医院专用灯,看片灯,X光片看片灯,ai_candidate,medium: 加限定词以区分
1306,灯具、光源 > 特种灯具 > 医院专用灯,紫外线杀菌灯,紫外灯,ai_candidate,high: 日常简称
1306,灯具、光源 > 特种灯具 > 医院专用灯,紫外线杀菌灯,杀菌灯,ai_candidate,high: 按功能称呼
1306,灯具、光源 > 特种灯具 > 医院专用灯,紫外线杀菌灯,UV杀菌灯,ai_candidate,medium: 技术文件常用
1306,灯具、光源 > 特种灯具 > 医院专用灯,红外线理疗保健灯,红外理疗灯,ai_candidate,high: 最常见的称呼
1306,灯具、光源 > 特种灯具 > 医院专用灯,红外线理疗保健灯,红外灯,ai_candidate,medium: 口语简称
1306,灯具、光源 > 特种灯具 > 医院专用灯,红外线理疗保健灯,保健红外灯,ai_candidate_low,low: 强调保健功能
1421,玻璃及玻璃制品 > 普通玻璃 > 夹丝（夹网）玻璃,夹丝（夹网）玻璃,夹网玻璃,ai_candidate,high: 夹丝玻璃常内夹金属网，施工中称夹网玻璃
1421,玻璃及玻璃制品 > 普通玻璃 > 夹丝（夹网）玻璃,夹丝（夹网）玻璃,钢丝玻璃,ai_candidate,medium: 以钢丝为夹层，俗称钢丝玻璃
1421,玻璃及玻璃制品 > 普通玻璃 > 夹丝（夹网）玻璃,夹丝（夹网）玻璃,防碎玻璃,ai_candidate_low,low: 因夹丝不易碎散，偶被称为防碎玻璃
1421,玻璃及玻璃制品 > 普通玻璃 > 夹丝（夹网）玻璃,夹丝压花玻璃,压花夹丝玻璃,ai_candidate,medium: 口语中经常调换语序
1421,玻璃及玻璃制品 > 普通玻璃 > 夹丝（夹网）玻璃,夹丝磨光玻璃,磨光夹丝玻璃,ai_candidate_low,low: 倒序简称
1421,玻璃及玻璃制品 > 普通玻璃 > 夹丝（夹网）玻璃,夹绢丝玻璃,夹绢玻璃,ai_candidate_low,low: 省略‘丝’字的简称
1421,玻璃及玻璃制品 > 普通玻璃 > 夹丝（夹网）玻璃,夹金属丝玻璃,金属丝夹层玻璃,ai_candidate_low,low: 描述性俗称
1421,玻璃及玻璃制品 > 普通玻璃 > 夹丝（夹网）玻璃,夹钢丝玻璃,钢丝网玻璃,ai_candidate,high: 现场对夹钢丝网玻璃的直奔叫法
1421,玻璃及玻璃制品 > 普通玻璃 > 夹丝（夹网）玻璃,夹钢丝玻璃,夹网玻璃,ai_candidate,medium: 以夹网统称
1422,玻璃及玻璃制品 > 普通玻璃 > 夹层玻璃,夹层玻璃,夹胶玻璃,ai_candidate,high: 施工现场习惯将夹层玻璃统称为夹胶玻璃
1422,玻璃及玻璃制品 > 普通玻璃 > 夹层玻璃,LOW-E夹层玻璃,低辐射夹胶玻璃,ai_candidate,high: LOW-E即低辐射膜，夹层玻璃俗称夹胶玻璃
1422,玻璃及玻璃制品 > 普通玻璃 > 夹层玻璃,LOW-E夹层玻璃,LOW-E夹胶玻璃,ai_candidate,high: 直接替换为夹胶叫法
1422,玻璃及玻璃制品 > 普通玻璃 > 夹层玻璃,PVB夹层玻璃,PVB夹胶玻璃,ai_candidate,high: PVB是常见中间膜，夹胶为行业俗称
1422,玻璃及玻璃制品 > 普通玻璃 > 夹层玻璃,SGP夹层玻璃,SGP夹胶玻璃,ai_candidate,high: SGP离子性中间膜制作的夹层玻璃，常称SGP夹胶
1422,玻璃及玻璃制品 > 普通玻璃 > 夹层玻璃,SOLAR-E夹层玻璃,SOLAR-E夹胶玻璃,ai_candidate,medium: SOLAR-E为特定镀膜，直接加夹胶俗称
1422,玻璃及玻璃制品 > 普通玻璃 > 夹层玻璃,夹丝夹层玻璃,夹丝夹胶玻璃,ai_candidate,medium: 内置金属丝的夹层玻璃，口语加胶
1422,玻璃及玻璃制品 > 普通玻璃 > 夹层玻璃,彩釉夹层玻璃,彩釉夹胶玻璃,ai_candidate,high: 彩釉面与夹胶组合叫法
1422,玻璃及玻璃制品 > 普通玻璃 > 夹层玻璃,普通夹层玻璃,普通夹胶玻璃,ai_candidate,high: 不加特殊说明的夹胶玻璃
1422,玻璃及玻璃制品 > 普通玻璃 > 夹层玻璃,湿法夹胶玻璃,灌胶玻璃,ai_candidate,high: 湿法工艺即灌浆，现场简称为灌胶玻璃
1422,玻璃及玻璃制品 > 普通玻璃 > 夹层玻璃,湿法夹胶玻璃,湿法灌浆夹胶玻璃,ai_candidate,medium: 描述工艺的叫法
1422,玻璃及玻璃制品 > 普通玻璃 > 夹层玻璃,钢化夹层玻璃,钢化夹胶玻璃,ai_candidate,high: 钢化玻璃基片做的夹层，常称钢化夹胶
1422,玻璃及玻璃制品 > 普通玻璃 > 夹层玻璃,钢化夹胶玻璃,钢化夹层玻璃,ai_candidate,high: 与钢化夹胶同一产品，仅在标准中分为两种称法
1422,玻璃及玻璃制品 > 普通玻璃 > 夹层玻璃,镀膜夹层玻璃,镀膜夹胶玻璃,ai_candidate,high: 镀膜玻璃复合夹胶的简称
1420,玻璃及玻璃制品 > 普通玻璃 > 钢化玻璃,钢化玻璃,强化玻璃,ai_candidate,high: 钢化玻璃俗称，通过物理或化学方法增强强度
1420,玻璃及玻璃制品 > 普通玻璃 > 钢化玻璃,钢化玻璃,安全玻璃,ai_candidate,medium: 钢化玻璃是安全玻璃的一种，现场可能混称
1420,玻璃及玻璃制品 > 普通玻璃 > 钢化玻璃,平面钢化玻璃,平钢化玻璃,ai_candidate,high: 行业通用简称
1420,玻璃及玻璃制品 > 普通玻璃 > 钢化玻璃,平面钢化玻璃,平板钢化,ai_candidate,medium: 施工口语简称
1420,玻璃及玻璃制品 > 普通玻璃 > 钢化玻璃,彩釉钢化玻璃,釉面钢化玻璃,ai_candidate,high: 彩釉即釉料，常称釉面钢化
1420,玻璃及玻璃制品 > 普通玻璃 > 钢化玻璃,彩釉钢化玻璃,彩釉钢化,ai_candidate,medium: 省略玻璃二字
1420,玻璃及玻璃制品 > 普通玻璃 > 钢化玻璃,曲面钢化玻璃,弯钢化玻璃,ai_candidate,high: 曲面即弯曲，俗称弯钢化
1420,玻璃及玻璃制品 > 普通玻璃 > 钢化玻璃,曲面钢化玻璃,热弯钢化,ai_candidate,medium: 工艺俗称，热弯后钢化
1420,玻璃及玻璃制品 > 普通玻璃 > 钢化玻璃,曲面钢化玻璃,弧面钢化玻璃,ai_candidate,medium: 曲面也称弧面
1420,玻璃及玻璃制品 > 普通玻璃 > 钢化玻璃,烤漆钢化玻璃,钢化烤漆玻璃,ai_candidate,high: 语序不同，强调烤漆工艺
1420,玻璃及玻璃制品 > 普通玻璃 > 钢化玻璃,烤漆钢化玻璃,背漆钢化玻璃,ai_candidate,medium: 烤漆通常在背面，故称背漆钢化
1420,玻璃及玻璃制品 > 普通玻璃 > 钢化玻璃,超白钢化玻璃,低铁钢化玻璃,ai_candidate,high: 超白玻璃即低铁玻璃，钢化后沿用该称法
1420,玻璃及玻璃制品 > 普通玻璃 > 钢化玻璃,超白钢化玻璃,超白钢化,ai_candidate,medium: 日常简称
1420,玻璃及玻璃制品 > 普通玻璃 > 钢化玻璃,超白钢化玻璃,水晶钢化玻璃,ai_candidate_low,low: 超白玻璃有水晶玻璃之称，但易混淆
1424,玻璃及玻璃制品 > 普通玻璃 > 镀膜玻璃,钢化镀膜玻璃,钢化镀膜,ai_candidate,high: 口语简称
1424,玻璃及玻璃制品 > 普通玻璃 > 镀膜玻璃,镜面镀膜玻璃,镜面镀膜,ai_candidate,high: 直接简称
1424,玻璃及玻璃制品 > 普通玻璃 > 镀膜玻璃,镜面镀膜玻璃,镀镜玻璃,ai_candidate,medium: 施工现场口语叫法
1427,玻璃及玻璃制品 > 特种玻璃 > 特种玻璃,AG防眩玻璃,AG玻璃,ai_candidate,high: AG是防眩的缩写，行业内常用AG玻璃代指
1427,玻璃及玻璃制品 > 特种玻璃 > 特种玻璃,AG防眩玻璃,防眩玻璃,ai_candidate,high: 功能描述，口语中直接简称防眩玻璃
1427,玻璃及玻璃制品 > 特种玻璃 > 特种玻璃,低辐射镀膜防火玻璃,Low-E防火玻璃,ai_candidate,high: 低辐射即Low-Emissivity，常缩写为Low-E
1427,玻璃及玻璃制品 > 特种玻璃 > 特种玻璃,单向透视玻璃,单向玻璃,ai_candidate,high: 口语简称，省略透视
1427,玻璃及玻璃制品 > 特种玻璃 > 特种玻璃,单向透视玻璃,单面镜,ai_candidate,medium: 因其一侧像镜子，采购买手常称单面镜
1427,玻璃及玻璃制品 > 特种玻璃 > 特种玻璃,单向透视玻璃,单向透视镜,ai_candidate,medium: 施工现场偶尔混用
1427,玻璃及玻璃制品 > 特种玻璃 > 特种玻璃,复合防火玻璃,复合型防火玻璃,ai_candidate,medium: 强调复合结构，技术交流中常用
1427,玻璃及玻璃制品 > 特种玻璃 > 特种玻璃,调光玻璃,智能玻璃,ai_candidate,high: 市场推广常用名
1427,玻璃及玻璃制品 > 特种玻璃 > 特种玻璃,调光玻璃,电控玻璃,ai_candidate,medium: 电控调光原理，施工方简称
1427,玻璃及玻璃制品 > 特种玻璃 > 特种玻璃,调光玻璃,液晶玻璃,ai_candidate,medium: 核心材料为液晶膜，行业内简称
1427,玻璃及玻璃制品 > 特种玻璃 > 特种玻璃,防弹玻璃,防弹安全玻璃,ai_candidate_low,low: 安全玻璃的一种，采购时常合并称呼
1427,玻璃及玻璃制品 > 特种玻璃 > 特种玻璃,防火玻璃,耐火玻璃,ai_candidate,medium: 强调耐火完整性，技术标准中常见
1427,玻璃及玻璃制品 > 特种玻璃 > 特种玻璃,防火顺位器,顺位器,ai_candidate,high: 口语直接简称顺位器
1427,玻璃及玻璃制品 > 特种玻璃 > 特种玻璃,防火顺位器,关门顺序器,ai_candidate,medium: 描述其功能，施工人员口头叫法
1427,玻璃及玻璃制品 > 特种玻璃 > 特种玻璃,防爆玻璃,抗爆玻璃,ai_candidate_low,low: 防爆与抗爆概念相近，采购文件中偶见
1427,玻璃及玻璃制品 > 特种玻璃 > 特种玻璃,防辐射玻璃,铅玻璃,ai_candidate,high: 通常含铅以屏蔽辐射，俗称铅玻璃
1427,玻璃及玻璃制品 > 特种玻璃 > 特种玻璃,防辐射玻璃,防X射线玻璃,ai_candidate,medium: 主要用于X射线防护，医院项目常用叫法
1427,玻璃及玻璃制品 > 特种玻璃 > 特种玻璃,雾化玻璃,电子雾化玻璃,ai_candidate,high: 电控雾化原理，与调光玻璃技术同源但强调雾化态
1427,玻璃及玻璃制品 > 特种玻璃 > 特种玻璃,雾化玻璃,通电雾化玻璃,ai_candidate,medium: 描述通电变透明、断电变雾化的特点
1428,玻璃及玻璃制品 > 玻璃制品 > 玻璃砖,泡沫玻璃砖,泡沫玻璃砌块,ai_candidate,medium: 施工现场和采购中常将泡沫玻璃制成的砖类称为泡沫玻璃砌块
1428,玻璃及玻璃制品 > 玻璃制品 > 玻璃砖,热熔玻璃砖,熔融玻璃砖,ai_candidate,medium: 热熔工艺形成的玻璃砖，业内人士简称为熔融玻璃砖
1428,玻璃及玻璃制品 > 玻璃制品 > 玻璃砖,玻璃装饰砖,艺术玻璃砖,ai_candidate,high: 用于装饰的玻璃砖常被称为艺术玻璃砖
1428,玻璃及玻璃制品 > 玻璃制品 > 玻璃砖,空心玻璃砖,空心玻璃砌块,ai_candidate,high: 空心玻璃砖在工程中也称空心玻璃砌块
1428,玻璃及玻璃制品 > 玻璃制品 > 玻璃砖,镭射玻璃地砖,激光玻璃地砖,ai_candidate,high: 镭射即激光，镭射玻璃地砖口语中也称激光玻璃地砖
1430,玻璃及玻璃制品 > 玻璃制品 > 玻璃镜,玻璃镜,银镜,ai_candidate,high: 玻璃镜常用镀银工艺，行业统称银镜
1430,玻璃及玻璃制品 > 玻璃制品 > 玻璃镜,玻璃镜,镜面,ai_candidate,medium: 采购对话中常将玻璃镜简称为镜面
1430,玻璃及玻璃制品 > 玻璃制品 > 玻璃镜,原片玻璃镜,白镜,ai_candidate,medium: 未加工的银镜原片常称白镜，区别于色镜
1430,玻璃及玻璃制品 > 玻璃制品 > 玻璃镜,原片玻璃镜,银镜原片,ai_candidate,high: 强调镀银未加工的原片
1430,玻璃及玻璃制品 > 玻璃制品 > 玻璃镜,原片玻璃镜,光镜,ai_candidate_low,low: 口语中对未做工艺处理的平面镜的称呼
1430,玻璃及玻璃制品 > 玻璃制品 > 玻璃镜,工艺镜,装饰镜,ai_candidate,medium: 经深加工带装饰效果的镜子统称
1430,玻璃及玻璃制品 > 玻璃制品 > 玻璃镜,工艺镜,加工镜,ai_candidate,medium: 指经过磨边、雕花等二次加工的镜子
1430,玻璃及玻璃制品 > 玻璃制品 > 玻璃镜,除雾镜,防雾镜,ai_candidate,high: 除雾镜的标准别称
1430,玻璃及玻璃制品 > 玻璃制品 > 玻璃镜,除雾镜,加热镜,ai_candidate,medium: 采用电加热除雾的镜子，口头上称为加热镜
1426,玻璃及玻璃制品 > 艺术玻璃 > 镭射玻璃,镭射玻璃,激光玻璃,ai_candidate,high: 镭射是激光英文laser的音译，业内常直接称激光玻璃
1426,玻璃及玻璃制品 > 艺术玻璃 > 镭射玻璃,镭射玻璃,全息玻璃,ai_candidate,medium: 这类玻璃具有全息图案效果，采购文件中常写作全息玻璃
1426,玻璃及玻璃制品 > 艺术玻璃 > 镭射玻璃,单层镭射玻璃,单层镭射,ai_candidate,high: 施工现场口语简称
1426,玻璃及玻璃制品 > 艺术玻璃 > 镭射玻璃,单层镭射玻璃,单片镭射玻璃,ai_candidate,high: 相对夹层的单片结构，采购清单中常见叫法
1426,玻璃及玻璃制品 > 艺术玻璃 > 镭射玻璃,单层镭射玻璃,单层激光玻璃,ai_candidate,medium: 别名激光玻璃与单层组合
1426,玻璃及玻璃制品 > 艺术玻璃 > 镭射玻璃,夹层镭射玻璃,夹胶镭射玻璃,ai_candidate,high: 夹层结构俗称夹胶，实际订购时常用
1426,玻璃及玻璃制品 > 艺术玻璃 > 镭射玻璃,夹层镭射玻璃,安全镭射玻璃,ai_candidate,medium: 由于夹胶具有安全防碎特性，销售端常称安全镭射玻璃
1426,玻璃及玻璃制品 > 艺术玻璃 > 镭射玻璃,夹层镭射玻璃,夹层激光玻璃,ai_candidate,medium: 别名激光玻璃与夹层组合
1800,电极及劳保用品等其他材料 > 其他材料 > 低值易耗品,低值易耗品,低易品,ai_candidate,high: 低值易耗品的简称，在采购清单和仓库管理中常见
1800,电极及劳保用品等其他材料 > 其他材料 > 低值易耗品,低值易耗品,易耗品,ai_candidate,high: 口语和书面的省称，突出其易耗性质
1800,电极及劳保用品等其他材料 > 其他材料 > 低值易耗品,低值易耗品,消耗材料,ai_candidate,medium: 施工现场对该类材料的泛称
1800,电极及劳保用品等其他材料 > 其他材料 > 低值易耗品,低值易耗品,辅材,ai_candidate,medium: 辅助材料的俗称，低值易耗品多属于辅材
1800,电极及劳保用品等其他材料 > 其他材料 > 低值易耗品,钻头,钻咀,ai_candidate,high: 粤语及五金行业常用俗称，用于各类钻头
1800,电极及劳保用品等其他材料 > 其他材料 > 低值易耗品,钻头,钻花,ai_candidate,medium: 部分地区方言，尤其对麻花钻的口语叫法
1800,电极及劳保用品等其他材料 > 其他材料 > 低值易耗品,钻头,钻头子,ai_candidate_low,low: 口语化叫法，多在班组沟通中使用
1795,电极及劳保用品等其他材料 > 办公用品 > 纸、笔,木工用笔,木工铅笔,ai_candidate,high: 木工常用扁形铅笔
1795,电极及劳保用品等其他材料 > 办公用品 > 纸、笔,木工用笔,划线笔,ai_candidate,medium: 木工划线标记
1795,电极及劳保用品等其他材料 > 办公用品 > 纸、笔,标签纸,不干胶贴纸,ai_candidate,high: 自粘性标签
1795,电极及劳保用品等其他材料 > 办公用品 > 纸、笔,标签纸,自粘标签,ai_candidate,high: 背面带胶的标签
1795,电极及劳保用品等其他材料 > 办公用品 > 纸、笔,瓦楞纸,坑纸,ai_candidate,high: 瓦楞纸俗称坑纸
1795,电极及劳保用品等其他材料 > 办公用品 > 纸、笔,瓦楞纸,瓦楞板纸,ai_candidate,medium: 瓦楞纸板简称
1795,电极及劳保用品等其他材料 > 办公用品 > 纸、笔,石笔,滑石笔,ai_candidate,high: 由滑石制成，用于焊接划线
1795,电极及劳保用品等其他材料 > 办公用品 > 纸、笔,美纹纸,美纹胶带,ai_candidate,high: 美纹纸常指美纹纸胶带
1795,电极及劳保用品等其他材料 > 办公用品 > 纸、笔,美纹纸,皱纹纸胶带,ai_candidate,medium: 美纹纸的特征
1795,电极及劳保用品等其他材料 > 办公用品 > 纸、笔,记号笔,马克笔,ai_candidate,high: 记号笔俗称马克笔
1795,电极及劳保用品等其他材料 > 办公用品 > 纸、笔,记号笔,油性笔,ai_candidate,medium: 常用油性记号笔
1795,电极及劳保用品等其他材料 > 办公用品 > 纸、笔,铝箔纸,锡纸,ai_candidate,high: 口语中常将铝箔称为锡纸
1795,电极及劳保用品等其他材料 > 办公用品 > 纸、笔,铝箔纸,铝箔,ai_candidate,high: 简称
179,电极及劳保用品等其他材料 > 劳保用品 > 劳保用品,防毒面具过滤盒,滤毒盒,ai_candidate,high: 防毒面具过滤盒的常用简称
179,电极及劳保用品等其他材料 > 劳保用品 > 劳保用品,雨伞,伞,ai_candidate,high: 日常口语简称
179,电极及劳保用品等其他材料 > 劳保用品 > 劳保用品,雨衣,雨披,ai_candidate,high: 常见俗称
179,电极及劳保用品等其他材料 > 劳保用品 > 劳保用品,香皂,肥皂,ai_candidate,medium: 施工现场常混称为肥皂
179,电极及劳保用品等其他材料 > 劳保用品 > 劳保用品,马甲,反光背心,ai_candidate,high: 劳保用品中马甲通常指反光背心
179,电极及劳保用品等其他材料 > 劳保用品 > 劳保用品,马甲,安全背心,ai_candidate,high: 同义俗称
1799,电极及劳保用品等其他材料 > 火工、电极材料 > 火工材料,火工材料,火工品,ai_candidate,high: 火工材料的统称
1799,电极及劳保用品等其他材料 > 火工、电极材料 > 火工材料,火工材料,爆破器材,ai_candidate,high: 火工材料常被称为爆破器材
1799,电极及劳保用品等其他材料 > 火工、电极材料 > 火工材料,火工材料,火工产品,ai_candidate,medium: 行业统称
1799,电极及劳保用品等其他材料 > 火工、电极材料 > 火工材料,引爆线(索),导爆索,ai_candidate,high: 引爆线即为导爆索的俗称
1799,电极及劳保用品等其他材料 > 火工、电极材料 > 火工材料,引爆线(索),起爆线,ai_candidate,medium: 现场口语叫法
1799,电极及劳保用品等其他材料 > 火工、电极材料 > 火工材料,引爆线(索),导火线,ai_candidate_low,low: 早期对于引爆线的俗称，但可能混淆导火索
1799,电极及劳保用品等其他材料 > 火工、电极材料 > 火工材料,炸药箱,炮药箱,ai_candidate_low,low: 部分北方工地对炸药箱的口语称呼
1799,电极及劳保用品等其他材料 > 火工、电极材料 > 火工材料,电雷管,雷管,ai_candidate,medium: 在不区分类型时，电雷管常简称为雷管
1799,电极及劳保用品等其他材料 > 火工、电极材料 > 火工材料,硝酸铵类炸药,硝铵炸药,ai_candidate,high: 硝酸铵类炸药的简称
1799,电极及劳保用品等其他材料 > 火工、电极材料 > 火工材料,硝酸铵类炸药,铵梯炸药,ai_candidate,medium: 硝酸铵类炸药中常见的一种，有时泛指此类
196,电极及劳保用品等其他材料 > 零星施工用料 > 水、电、煤炭、木柴,工业酒精,工业乙醇,ai_candidate,high: 工业酒精主要成分为乙醇，采购中常称工业乙醇
196,电极及劳保用品等其他材料 > 零星施工用料 > 水、电、煤炭、木柴,工业酒精,变性酒精,ai_candidate,medium: 工业酒精常加入变性剂，有时被称为变性酒精
196,电极及劳保用品等其他材料 > 零星施工用料 > 水、电、煤炭、木柴,木柴,柴火,ai_candidate,high: 施工现场口语常用柴火指木柴
196,电极及劳保用品等其他材料 > 零星施工用料 > 水、电、煤炭、木柴,木柴,劈柴,ai_candidate,high: 经劈砍的木柴常直接称劈柴
196,电极及劳保用品等其他材料 > 零星施工用料 > 水、电、煤炭、木柴,汽,蒸汽,ai_candidate,high: 施工用汽多为蒸汽，材料单上常简写为汽
196,电极及劳保用品等其他材料 > 零星施工用料 > 水、电、煤炭、木柴,炭,木炭,ai_candidate,high: 采购中炭常指木炭，以便与煤炭区分
1796,电极及劳保用品等其他材料 > 零星施工用料 > 零星施工用料,零星施工用料,零星材料,ai_candidate,high: 在采购和施工现场常简称为零星材料
1796,电极及劳保用品等其他材料 > 零星施工用料 > 零星施工用料,零星施工用料,杂项用料,ai_candidate,medium: 有些工地或采购清单上会写杂项用料
1796,电极及劳保用品等其他材料 > 零星施工用料 > 零星施工用料,零星施工用料,零散材料,ai_candidate_low,low: 口语中有时称为零散材料
1796,电极及劳保用品等其他材料 > 零星施工用料 > 零星施工用料,大竹扫把,竹扫把,ai_candidate,high: 施工人员常省略‘大’直接叫竹扫把
1796,电极及劳保用品等其他材料 > 零星施工用料 > 零星施工用料,大竹扫把,大竹扫帚,ai_candidate,medium: 扫把与扫帚在一些地区混用
1796,电极及劳保用品等其他材料 > 零星施工用料 > 零星施工用料,安全网扎绳,网绳,ai_candidate,medium: 现场口语中常简称为网绳
1796,电极及劳保用品等其他材料 > 零星施工用料 > 零星施工用料,安全网扎绳,安全网绳,ai_candidate,medium: 有时称为安全网绳，与安全网扎绳同义
1796,电极及劳保用品等其他材料 > 零星施工用料 > 零星施工用料,小扫把,小扫帚,ai_candidate,high: 扫帚与扫把在口语中经常互换
1796,电极及劳保用品等其他材料 > 零星施工用料 > 零星施工用料,扫帚,扫把,ai_candidate,high: 扫把是扫帚的常见俗称
1796,电极及劳保用品等其他材料 > 零星施工用料 > 零星施工用料,扫把,扫帚,ai_candidate,high: 扫帚与扫把是同一物品的不同叫法
1796,电极及劳保用品等其他材料 > 零星施工用料 > 零星施工用料,棉布袋,布袋,ai_candidate,high: 简称布袋，材质可能不强调棉时通用
1796,电极及劳保用品等其他材料 > 零星施工用料 > 零星施工用料,棉布袋,棉布口袋,ai_candidate,medium: 口语中常说棉布口袋
1796,电极及劳保用品等其他材料 > 零星施工用料 > 零星施工用料,绑扎绳,扎绳,ai_candidate,high: 简称扎绳，现场普遍使用
1796,电极及劳保用品等其他材料 > 零星施工用料 > 零星施工用料,绑扎绳,绑绳,ai_candidate,high: 也称绑绳，与扎绳同义
1796,电极及劳保用品等其他材料 > 零星施工用料 > 零星施工用料,超声波驱鸟器,电子驱鸟器,ai_candidate,medium: 因利用电子产生超声波，常被称为电子驱鸟器
1796,电极及劳保用品等其他材料 > 零星施工用料 > 零星施工用料,超声波驱鸟器,超声驱鸟器,ai_candidate_low,low: 简称超声驱鸟器
1796,电极及劳保用品等其他材料 > 零星施工用料 > 零星施工用料,铁夹子,铁卡,ai_candidate,medium: 在紧固或夹持材料时，工人常叫铁卡
1796,电极及劳保用品等其他材料 > 零星施工用料 > 零星施工用料,风力驱鸟器,风动驱鸟器,ai_candidate,medium: 以风力驱动，常称风动驱鸟器
1796,电极及劳保用品等其他材料 > 零星施工用料 > 零星施工用料,风力驱鸟器,风车驱鸟器,ai_candidate,medium: 因其像风车转动，叫风车驱鸟器
1796,电极及劳保用品等其他材料 > 零星施工用料 > 零星施工用料,驱鸟刺,防鸟刺,ai_candidate,high: 安装目的是防鸟停留，常称防鸟刺
1796,电极及劳保用品等其他材料 > 零星施工用料 > 零星施工用料,驱鸟刺,鸟刺,ai_candidate,high: 口语简称鸟刺
1634,电梯 > 其他电梯及配件 > 电梯配件,电梯配件,电梯零件,ai_candidate_low,low: 施工现场口语泛称
1634,电梯 > 其他电梯及配件 > 电梯配件,导向轮,导轮,ai_candidate,high: 电梯行业简称
1634,电梯 > 其他电梯及配件 > 电梯配件,导轨架,导轨支架,ai_candidate,high: 同义别称
1634,电梯 > 其他电梯及配件 > 电梯配件,曳引机,电梯主机,ai_candidate,medium: 施工现场及采购俗称
1634,电梯 > 其他电梯及配件 > 电梯配件,曳引绳锥套,绳头锥套,ai_candidate,high: 施工与采购常用叫法
1634,电梯 > 其他电梯及配件 > 电梯配件,曳引绳锥套,巴氏合金锥套,ai_candidate,high: 以填充材料代称
1634,电梯 > 其他电梯及配件 > 电梯配件,曳引钢丝绳,电梯钢丝绳,ai_candidate,high: 通俗叫法
1634,电梯 > 其他电梯及配件 > 电梯配件,曳引钢丝绳,曳引绳,ai_candidate,high: 行业内简称
1634,电梯 > 其他电梯及配件 > 电梯配件,电梯无线对讲系统,五方对讲,ai_candidate,high: 国标要求电梯五方通话，俗称此名
1634,电梯 > 其他电梯及配件 > 电梯配件,电梯无线对讲系统,无线五方通话系统,ai_candidate,high: 安装采购常用全称
1634,电梯 > 其他电梯及配件 > 电梯配件,绳头卡板,绳头板,ai_candidate,high: 简化俗称
1627,电梯 > 普通电梯 > 杂物电梯,杂物电梯,传菜电梯,ai_candidate,high: 杂物电梯主要用于传送菜品、物品，行业俗称传菜电梯
1627,电梯 > 普通电梯 > 杂物电梯,杂物电梯,食梯,ai_candidate,high: 餐饮行业对传菜用杂物电梯的简称
1627,电梯 > 普通电梯 > 杂物电梯,杂物电梯,菜梯,ai_candidate,medium: 口语中简称为菜梯
1627,电梯 > 普通电梯 > 杂物电梯,杂物电梯,杂物梯,ai_candidate,high: 杂物电梯的简称
1627,电梯 > 普通电梯 > 杂物电梯,杂物电梯,送餐梯,ai_candidate,medium: 部分酒店、食堂的叫法
1627,电梯 > 普通电梯 > 杂物电梯,窗口式杂物电梯,窗口传菜梯,ai_candidate,high: 根据安装形式（窗口式）与俗称传菜梯组合
1627,电梯 > 普通电梯 > 杂物电梯,窗口式杂物电梯,窗口食梯,ai_candidate,medium: 窗口式结合食梯简称
1627,电梯 > 普通电梯 > 杂物电梯,落地式杂物电梯,落地传菜梯,ai_candidate,high: 落地式安装的传菜电梯
1627,电梯 > 普通电梯 > 杂物电梯,落地式杂物电梯,地平式传菜梯,ai_candidate,medium: 部分厂商称落地式无基坑的为地平式
1633,电梯 > 自动扶梯和自动人行道 > 自动人行道,自动人行道,自动步道,ai_candidate,high: 自动人行道的通用俗称
1633,电梯 > 自动扶梯和自动人行道 > 自动人行道,自动人行道,移动步道,ai_candidate,medium: 强调可移动行走的步道
1633,电梯 > 自动扶梯和自动人行道 > 自动人行道,自动人行道,电动步道,ai_candidate,medium: 电力驱动的步道
1633,电梯 > 自动扶梯和自动人行道 > 自动人行道,自动人行道,人行步道,ai_candidate,high: 口语中常简称为人行步道
1633,电梯 > 自动扶梯和自动人行道 > 自动人行道,自动人行道,水平扶梯,ai_candidate,medium: 外形与扶梯相似但水平的叫法
1633,电梯 > 自动扶梯和自动人行道 > 自动人行道,双线式自动人行道,双轨自动步道,ai_candidate,high: 双线式即双轨并行的结构
1633,电梯 > 自动扶梯和自动人行道 > 自动人行道,双线式自动人行道,双通道自动步道,ai_candidate,high: 双线提供两条通行道
1633,电梯 > 自动扶梯和自动人行道 > 自动人行道,双线式自动人行道,双线步道,ai_candidate,medium: 口语简称
1633,电梯 > 自动扶梯和自动人行道 > 自动人行道,带式自动人行道,胶带式自动人行道,ai_candidate,high: 采用胶带作为输送面
1633,电梯 > 自动扶梯和自动人行道 > 自动人行道,带式自动人行道,皮带式自动步道,ai_candidate,high: 施工现场俗称皮带式
1633,电梯 > 自动扶梯和自动人行道 > 自动人行道,带式自动人行道,输送带式步道,ai_candidate,medium: 强调其输送带结构
1633,电梯 > 自动扶梯和自动人行道 > 自动人行道,踏步式自动人行道,梯级式自动人行道,ai_candidate,high: 采用类似扶梯的梯级踏步
1633,电梯 > 自动扶梯和自动人行道 > 自动人行道,踏步式自动人行道,台阶式自动步道,ai_candidate,medium: 外观呈台阶状
1633,电梯 > 自动扶梯和自动人行道 > 自动人行道,踏步式自动人行道,阶梯步道,ai_candidate_low,low: 口语简称
1350,电气线路敷设材料 > 电力金具 > 变电金具,变电金具,变电站金具,ai_candidate,medium: 变电金具主要用于变电站，常被称为变电站金具
1350,电气线路敷设材料 > 电力金具 > 变电金具,SLG螺栓型铜铝过渡设备线夹,铜铝过渡线夹,ai_candidate,high: 施工中常简称为铜铝过渡线夹，省略螺栓型和型号前缀
1350,电气线路敷设材料 > 电力金具 > 变电金具,SLG螺栓型铜铝过渡设备线夹,螺栓型铜铝线夹,ai_candidate,high: 突出螺栓连接方式和铜铝材质，口语化简称
1350,电气线路敷设材料 > 电力金具 > 变电金具,SLG螺栓型铜铝过渡设备线夹,铜铝设备线夹,ai_candidate,medium: 直接省略螺栓型，强调铜铝过渡功能
1350,电气线路敷设材料 > 电力金具 > 变电金具,SLG螺栓型铜铝过渡设备线夹,SLG线夹,ai_candidate,medium: 以型号直接指代该类型线夹，采购中常见
1350,电气线路敷设材料 > 电力金具 > 变电金具,压缩型设备线夹,压接式设备线夹,ai_candidate,high: 压缩型即通过压接方式连接，口语常称压接式
1350,电气线路敷设材料 > 电力金具 > 变电金具,压缩型设备线夹,压缩线夹,ai_candidate,medium: 简称为压缩线夹，省略设备二字
1350,电气线路敷设材料 > 电力金具 > 变电金具,压缩型设备线夹,压接型线夹,ai_candidate,medium: 与压缩型同义，现场常用压接型表述
1353,电气线路敷设材料 > 电杆、塔及附件 > 杆塔支撑横担及附件,角钢刀闸担,刀闸横担,ai_candidate,medium: 安装隔离开关（刀闸）的横担，口语中常省略角钢
1353,电气线路敷设材料 > 电杆、塔及附件 > 杆塔支撑横担及附件,角钢支撑,角铁支撑,ai_candidate,high: 角钢也称角铁，现场互用
1353,电气线路敷设材料 > 电杆、塔及附件 > 杆塔支撑横担及附件,角钢支撑,撑铁,ai_candidate,medium: 角钢支撑的俗称，常用于拉线或横担支撑
1353,电气线路敷设材料 > 电杆、塔及附件 > 杆塔支撑横担及附件,角钢横担,横担角钢,ai_candidate,medium: 强调材质为角钢的横担，说法常见
1353,电气线路敷设材料 > 电杆、塔及附件 > 杆塔支撑横担及附件,角钢母线担,母线横担,ai_candidate,medium: 安装母线（铜排/铝排）的横担，口语省略角钢
1353,电气线路敷设材料 > 电杆、塔及附件 > 杆塔支撑横担及附件,角钢立担,立式横担,ai_candidate,medium: 竖向安装的横担，立担即立式担
1353,电气线路敷设材料 > 电杆、塔及附件 > 杆塔支撑横担及附件,角铁横担,铁横担,ai_candidate,high: 角铁横担的简称，现场常用
1353,电气线路敷设材料 > 电杆、塔及附件 > 杆塔支撑横担及附件,镀锌横担,热镀锌横担,ai_candidate,high: 镀锌工艺多为热镀锌，全称与简称通用
1353,电气线路敷设材料 > 电杆、塔及附件 > 杆塔支撑横担及附件,顶担,杆顶横担,ai_candidate,medium: 安装于电杆顶部的横担，俗称顶担
212,电气线路敷设材料 > 电杆、塔及附件 > 电杆、塔,电杆、塔,杆塔,ai_candidate,high: 电杆和铁塔的统称，施工现场常用
212,电气线路敷设材料 > 电杆、塔及附件 > 电杆、塔,电杆、塔,电线杆与铁塔,ai_candidate,medium: 口语中有时连称
212,电气线路敷设材料 > 电杆、塔及附件 > 电杆、塔,单悬杆,单臂杆,ai_candidate,medium: 单侧悬挑电杆的俗称
212,电气线路敷设材料 > 电杆、塔及附件 > 电杆、塔,单悬杆,单挑杆,ai_candidate,medium: 只有一侧有横担的电杆，工地口语叫法
212,电气线路敷设材料 > 电杆、塔及附件 > 电杆、塔,灯杆,路灯杆,ai_candidate,high: 明确用途的常见叫法
212,电气线路敷设材料 > 电杆、塔及附件 > 电杆、塔,灯杆,照明杆,ai_candidate,medium: 在一些工程中亦称照明杆
212,电气线路敷设材料 > 电杆、塔及附件 > 电杆、塔,电杆,电线杆,ai_candidate,high: 最通用的俗称
212,电气线路敷设材料 > 电杆、塔及附件 > 电杆、塔,电杆,水泥杆,ai_candidate,high: 当材质为混凝土时的常见口语叫法
212,电气线路敷设材料 > 电杆、塔及附件 > 电杆、塔,电杆,砼杆,ai_candidate,medium: 混凝土杆的工程简称
212,电气线路敷设材料 > 电杆、塔及附件 > 电杆、塔,铁塔,输电塔,ai_candidate,high: 用于输电线路的铁塔常见叫法
212,电气线路敷设材料 > 电杆、塔及附件 > 电杆、塔,铁塔,电力塔,ai_candidate,high: 电力工程中较正式的口语叫法
212,电气线路敷设材料 > 电杆、塔及附件 > 电杆、塔,铁塔,角钢塔,ai_candidate,medium: 当采用角钢构件时现场用名
1343,电气线路敷设材料 > 电缆桥架 > 电缆桥架连接件及附件,电缆桥架连接件及附件,桥架配件,ai_candidate,high: 施工现场对各类电缆桥架连接件、附件的泛称
1343,电气线路敷设材料 > 电缆桥架 > 电缆桥架连接件及附件,电缆桥架连接件及附件,桥架辅件,ai_candidate,medium: 与桥架主体配套的辅助材料统称
1343,电气线路敷设材料 > 电缆桥架 > 电缆桥架连接件及附件,伸缩节,补偿节,ai_candidate,high: 用于补偿桥架因温度变化产生的伸缩变形
1343,电气线路敷设材料 > 电缆桥架 > 电缆桥架连接件及附件,伸缩节,膨胀节,ai_candidate,high: 同伸缩节，在管道、桥架领域通用
1343,电气线路敷设材料 > 电缆桥架 > 电缆桥架连接件及附件,伸缩节,温度补偿器,ai_candidate,medium: 突出其补偿温度变形的作用
1343,电气线路敷设材料 > 电缆桥架 > 电缆桥架连接件及附件,凸通,上垂直弯通,ai_candidate,medium: 桥架向上垂直转向的弯通
1343,电气线路敷设材料 > 电缆桥架 > 电缆桥架连接件及附件,凸通,上弯通,ai_candidate,medium: 口语简称
1343,电气线路敷设材料 > 电缆桥架 > 电缆桥架连接件及附件,凹通,下垂直弯通,ai_candidate,medium: 桥架向下垂直转向的弯通
1343,电气线路敷设材料 > 电缆桥架 > 电缆桥架连接件及附件,凹通,下弯通,ai_candidate,medium: 口语简称
1343,电气线路敷设材料 > 电缆桥架 > 电缆桥架连接件及附件,加劲装置,加强板,ai_candidate,medium: 桥架连接处的加固板件
1343,电气线路敷设材料 > 电缆桥架 > 电缆桥架连接件及附件,加劲装置,加固件,ai_candidate_low,low: 泛称
1343,电气线路敷设材料 > 电缆桥架 > 电缆桥架连接件及附件,吊框,吊架框,ai_candidate,medium: 用于悬吊桥架的框形支架
1343,电气线路敷设材料 > 电缆桥架 > 电缆桥架连接件及附件,吊框,吊框支架,ai_candidate_low,low: 包含支架功能的口语叫法
1343,电气线路敷设材料 > 电缆桥架 > 电缆桥架连接件及附件,引下装置,引下管,ai_candidate,medium: 电缆从桥架引下时常通过管状保护件
1343,电气线路敷设材料 > 电缆桥架 > 电缆桥架连接件及附件,引下装置,下引装置,ai_candidate_low,low: 口语倒置
1343,电气线路敷设材料 > 电缆桥架 > 电缆桥架连接件及附件,弯通,弯头,ai_candidate,high: 管路、桥架改变方向的标准件俗称
1343,电气线路敷设材料 > 电缆桥架 > 电缆桥架连接件及附件,弯通,转角连接件,ai_candidate_low,low: 功能描述性别称
1343,电气线路敷设材料 > 电缆桥架 > 电缆桥架连接件及附件,支吊架专用槽钢,吊架槽钢,ai_candidate,high: 制作支吊架的热轧槽钢
1343,电气线路敷设材料 > 电缆桥架 > 电缆桥架连接件及附件,支吊架专用槽钢,支架槽钢,ai_candidate,high: 用于支架的槽钢简称
1343,电气线路敷设材料 > 电缆桥架 > 电缆桥架连接件及附件,支吊架专用槽钢,C型钢,ai_candidate,medium: 断面呈C形的槽钢，现场常用叫法
1343,电气线路敷设材料 > 电缆桥架 > 电缆桥架连接件及附件,终端封口,封头,ai_candidate,high: 封闭桥架末端的堵头
1343,电气线路敷设材料 > 电缆桥架 > 电缆桥架连接件及附件,终端封口,堵头,ai_candidate,high: 同封头，更通俗
1343,电气线路敷设材料 > 电缆桥架 > 电缆桥架连接件及附件,终端封口,端盖,ai_candidate,medium: 桥架终端盖板
1343,电气线路敷设材料 > 电缆桥架 > 电缆桥架连接件及附件,连接片,接片,ai_candidate,high: 连接片的简略叫法
1343,电气线路敷设材料 > 电缆桥架 > 电缆桥架连接件及附件,连接片,连接板,ai_candidate,high: 片状连接件也叫连接板
1343,电气线路敷设材料 > 电缆桥架 > 电缆桥架连接件及附件,连接片,搭接片,ai_candidate,medium: 强调搭接连接方式
1343,电气线路敷设材料 > 电缆桥架 > 电缆桥架连接件及附件,隔板,分隔板,ai_candidate,high: 用于分隔电缆的板件
1343,电气线路敷设材料 > 电缆桥架 > 电缆桥架连接件及附件,隔板,隔离板,ai_candidate,medium: 作用类似，口语常见
1343,电气线路敷设材料 > 电缆桥架 > 电缆桥架连接件及附件,马镫,骑马卡,ai_candidate,high: 形状像骑马鞍的卡固件，通用叫法
1343,电气线路敷设材料 > 电缆桥架 > 电缆桥架连接件及附件,马镫,骑马支架,ai_candidate,high: 桥架支撑用骑马形式支架
1343,电气线路敷设材料 > 电缆桥架 > 电缆桥架连接件及附件,马镫,U型卡,ai_candidate,medium: 断面为U形的固定卡
1344,电气线路敷设材料 > 线槽 > 线槽,线槽,槽盒,ai_candidate,high: 施工现场常将线槽称为槽盒，用于保护电线
1344,电气线路敷设材料 > 线槽 > 线槽,线槽,走线槽,ai_candidate,medium: 强调布线的功能，广泛用于口语
1344,电气线路敷设材料 > 线槽 > 线槽,线槽,线槽板,ai_candidate,medium: 民间通俗叫法，多指塑料线槽
1344,电气线路敷设材料 > 线槽 > 线槽,塑料地板线槽,PVC地板线槽,ai_candidate,high: 塑料材质多为PVC，现场直接叫PVC地板线槽
1344,电气线路敷设材料 > 线槽 > 线槽,塑料地板线槽,地面塑料线槽,ai_candidate,medium: 强调安装在地面，材质为塑料
1344,电气线路敷设材料 > 线槽 > 线槽,塑料线槽,PVC线槽,ai_candidate,high: 最常见的塑料线槽即PVC线槽，工地通称
1344,电气线路敷设材料 > 线槽 > 线槽,塑料线槽,塑胶线槽,ai_candidate,medium: 一些地区或厂家称塑料为塑胶
1344,电气线路敷设材料 > 线槽 > 线槽,塑料线槽,阻燃线槽,ai_candidate,medium: 塑料线槽常要求阻燃，采购时会以此代称
1344,电气线路敷设材料 > 线槽 > 线槽,玻璃钢线槽,FRP线槽,ai_candidate,high: 玻璃钢英文缩写为FRP，技术采购中常用
1344,电气线路敷设材料 > 线槽 > 线槽,玻璃钢线槽,玻璃钢槽,ai_candidate,high: 简称玻璃钢槽，口语中省略线字
1344,电气线路敷设材料 > 线槽 > 线槽,玻璃钢线槽,防腐线槽,ai_candidate,medium: 玻璃钢的主要优点是防腐，现场会代称为防腐线槽
1344,电气线路敷设材料 > 线槽 > 线槽,钢制线槽,铁线槽,ai_candidate,high: 施工人员习惯将钢制材料说成铁，如铁线槽
1344,电气线路敷设材料 > 线槽 > 线槽,钢制线槽,金属线槽,ai_candidate,high: 钢制线槽是金属线槽的主要类型，可通用
1344,电气线路敷设材料 > 线槽 > 线槽,钢制线槽,镀锌线槽,ai_candidate,medium: 钢制线槽常为镀锌，采购时会直接叫镀锌线槽
1344,电气线路敷设材料 > 线槽 > 线槽,铝合金地板线槽,铝地板线槽,ai_candidate,high: 简称铝地板线槽，口语中省略合金
1344,电气线路敷设材料 > 线槽 > 线槽,铝合金地板线槽,铝合金地面线槽,ai_candidate,high: 地板与地面同义，称铝合金地面线槽
1344,电气线路敷设材料 > 线槽 > 线槽,铝合金地板线槽,金属地板槽,ai_candidate,medium: 粗略称呼，强调金属材质和地板安装
1344,电气线路敷设材料 > 线槽 > 线槽,铝合金线槽,铝线槽,ai_candidate,high: 最常见的简称，铝合金直接说成铝线槽
1344,电气线路敷设材料 > 线槽 > 线槽,铝合金线槽,铝合金槽,ai_candidate,medium: 省略线字，口语表达为铝合金槽
1344,电气线路敷设材料 > 线槽 > 线槽,铝合金线槽,铝合金走线槽,ai_candidate,medium: 强调走线功能，完整叫法
59,电气设备及附件 > 其他电气设备 > 其他电气设备,累时器,计时累加器,ai_candidate,high: 行业常用同义称呼
59,电气设备及附件 > 其他电气设备 > 其他电气设备,累时器,运行小时计,ai_candidate,medium: 施工现场常根据功能叫法
59,电气设备及附件 > 其他电气设备 > 其他电气设备,计数器,计数表,ai_candidate,medium: 采购口语中简化的叫法
59,电气设备及附件 > 其他电气设备 > 其他电气设备,路灯自动控制开关,路灯控制器,ai_candidate,high: 现场常用简写称呼
59,电气设备及附件 > 其他电气设备 > 其他电气设备,路灯自动控制开关,路灯定时开关,ai_candidate,high: 突出定时控制功能的叫法
59,电气设备及附件 > 其他电气设备 > 其他电气设备,路灯自动控制开关,路灯自控开关,ai_candidate,medium: 自动控制开关的简称
59,电气设备及附件 > 其他电气设备 > 其他电气设备,轴承加热器,轴承感应加热器,ai_candidate,high: 明确指出加热方式
59,电气设备及附件 > 其他电气设备 > 其他电气设备,轴承加热器,轴承电加热器,ai_candidate,high: 区别于火烤的传统叫法
59,电气设备及附件 > 其他电气设备 > 其他电气设备,轴承加热器,轴承热装加热器,ai_candidate,medium: 强调用于热装配功能
59,电气设备及附件 > 其他电气设备 > 其他电气设备,辅助触头,辅助触点,ai_candidate,high: 触头与触点常混用
59,电气设备及附件 > 其他电气设备 > 其他电气设备,辅助触头,辅助触头组,ai_candidate,medium: 指代整个触头模块
59,电气设备及附件 > 其他电气设备 > 其他电气设备,道轨,滑线导轨,ai_candidate,high: 滑触线系统的轨道部常见称呼
59,电气设备及附件 > 其他电气设备 > 其他电气设备,道轨,滑触线导轨,ai_candidate,high: 电气设备中道轨的正式别称
59,电气设备及附件 > 其他电气设备 > 其他电气设备,道轨,导电轨,ai_candidate,medium: 强调导电功能的别称
59,电气设备及附件 > 其他电气设备 > 其他电气设备,防雨箱专用插头,防水插头,ai_candidate,high: 防雨箱配套插头的通用俗名
59,电气设备及附件 > 其他电气设备 > 其他电气设备,防雨箱专用插头,防雨电源插头,ai_candidate,high: 明确防雨用途的采购叫法
59,电气设备及附件 > 其他电气设备 > 其他电气设备,防雨箱专用插头,工业防水连接器,ai_candidate,medium: 部分场景下对防雨插头的专业称呼
59,电气设备及附件 > 其他电气设备 > 其他电气设备,齿圈加热器,齿圈感应加热器,ai_candidate,high: 常用技术全称
59,电气设备及附件 > 其他电气设备 > 其他电气设备,齿圈加热器,齿圈电加热器,ai_candidate,high: 区别于火焰加热方式的叫法
59,电气设备及附件 > 其他电气设备 > 其他电气设备,齿圈加热器,齿轮圈加热器,ai_candidate,medium: 口语中对齿圈的完整称呼
59,电气设备及附件 > 其他电气设备 > 其他电气设备,齿轮加热器,齿轮感应加热器,ai_candidate,high: 行业标准别称
59,电气设备及附件 > 其他电气设备 > 其他电气设备,齿轮加热器,齿轮电加热器,ai_candidate,high: 现场常用的直呼名称
59,电气设备及附件 > 其他电气设备 > 其他电气设备,齿轮加热器,齿轮热装加热器,ai_candidate,medium: 强调热装配功能的俗称
1390,电气设备及附件 > 其他电气设备 > 电笛、电铃,普通型电笛,电警笛,ai_candidate,high: 施工现场常用叫法，将电笛称为电警笛
1390,电气设备及附件 > 其他电气设备 > 电笛、电铃,普通型电笛,警报笛,ai_candidate,medium: 用于警示，俗称警报笛
1390,电气设备及附件 > 其他电气设备 > 电笛、电铃,普通型电铃,电铃铛,ai_candidate,medium: 俗称，强调其铃铛外形或声音
1390,电气设备及附件 > 其他电气设备 > 电笛、电铃,普通型电铃,响铃,ai_candidate,medium: 口语化表述，如'装个响铃'
1390,电气设备及附件 > 其他电气设备 > 电笛、电铃,防爆型电笛,防爆警笛,ai_candidate,high: 防爆场合使用的警笛，称呼简化
1390,电气设备及附件 > 其他电气设备 > 电笛、电铃,防爆型电铃,防爆电铃铛,ai_candidate,medium: 在防爆型电铃基础上加入俗称
1377,电气设备及附件 > 电气元器件 > 接触器,接触器,接触器,ai_candidate,high: 接触器类产品的通用简称，涵盖交流、直流等多种，无法特指某一具体材料
1377,电气设备及附件 > 电气元器件 > 接触器,接触器,电磁开关,ai_candidate,medium: 施工现场常将接触器统称为电磁开关，但也可能指继电器
1377,电气设备及附件 > 电气元器件 > 接触器,接触器,电磁接触器,ai_candidate,medium: 泛指通过电磁原理工作的接触器，既可能指交流也可能指直流，无法唯一对应一种材料
1377,电气设备及附件 > 电气元器件 > 接触器,交流接触器,交接触器,ai_candidate,medium: 交流接触器的常用简称
1377,电气设备及附件 > 电气元器件 > 接触器,交流接触器,AC接触器,ai_candidate,medium: 用AC表示交流，口头或书写常见
1377,电气设备及附件 > 电气元器件 > 接触器,交流真空接触器,真空接触器,ai_candidate,high: 省略交流的简称，以其真空灭弧特征识别
1377,电气设备及附件 > 电气元器件 > 接触器,交流真空接触器,真空交接触器,ai_candidate,medium: 真空交流接触器的缩略叫法
1377,电气设备及附件 > 电气元器件 > 接触器,接触器联锁模块,联锁模块,ai_candidate,high: 省略接触器一词的短称
1377,电气设备及附件 > 电气元器件 > 接触器,接触器联锁模块,互锁模块,ai_candidate,medium: 联锁与互锁常互换使用
1377,电气设备及附件 > 电气元器件 > 接触器,接触器联锁模块,机械联锁模块,ai_candidate,medium: 接触器联锁多为机械式，现场常明确指机械联锁
1377,电气设备及附件 > 电气元器件 > 接触器,电磁式交流接触器,电磁交流接触器,ai_candidate,high: 省略式字的口语化简称
1377,电气设备及附件 > 电气元器件 > 接触器,电磁式交流接触器,交流电磁接触器,ai_candidate,high: 词序变化，行业内常见
1377,电气设备及附件 > 电气元器件 > 接触器,直流接触器,直接触器,ai_candidate,medium: 直流接触器的简化俗称
1377,电气设备及附件 > 电气元器件 > 接触器,直流接触器,DC接触器,ai_candidate,high: DC直译表示直流，采购现场常用
1386,电气设备及附件 > 电气元器件 > 漏电保护器材,漏电保护器材,漏电保护装置,ai_candidate,high: 行业通用别称
1386,电气设备及附件 > 电气元器件 > 漏电保护器材,漏电保护器材,漏保器材,ai_candidate,medium: 漏电保护器材的简称
1386,电气设备及附件 > 电气元器件 > 漏电保护器材,漏电保护器,漏保,ai_candidate,high: 漏电保护器的常见简称
1386,电气设备及附件 > 电气元器件 > 漏电保护器材,漏电保护器,漏电断路器,ai_candidate,medium: 采购中常与漏电保护器混用
1386,电气设备及附件 > 电气元器件 > 漏电保护器材,漏电保护器,剩余电流保护器,ai_candidate,medium: 正式名称的俗称
1386,电气设备及附件 > 电气元器件 > 漏电保护器材,漏电保护开关,漏电开关,ai_candidate,high: 施工现场最常用叫法
1386,电气设备及附件 > 电气元器件 > 漏电保护器材,漏电保护开关,漏保开关,ai_candidate,high: 简称加开关
1386,电气设备及附件 > 电气元器件 > 漏电保护器材,漏电保护开关,漏电断路开关,ai_candidate_low,low: 口语中偶有使用
1386,电气设备及附件 > 电气元器件 > 漏电保护器材,漏电保护插座,漏电插座,ai_candidate,medium: 省略‘保护’的简称
1386,电气设备及附件 > 电气元器件 > 漏电保护器材,漏电保护插座,带漏保插座,ai_candidate_low,low: 描述性口语叫法
1386,电气设备及附件 > 电气元器件 > 漏电保护器材,漏电继电器,剩余电流继电器,ai_candidate,high: 更专业的名称，常替代使用
1386,电气设备及附件 > 电气元器件 > 漏电保护器材,漏电继电器,漏电流继电器,ai_candidate,medium: 省略‘电’字的叫法
1386,电气设备及附件 > 电气元器件 > 漏电保护器材,脱扣器,脱扣线圈,ai_candidate,medium: 施工现场常把脱扣器称为脱扣线圈
1386,电气设备及附件 > 电气元器件 > 漏电保护器材,脱扣器,跳闸线圈,ai_candidate_low,low: 因其功能而得的别称
1385,电气设备及附件 > 电气元器件 > 熔断器,熔断器,保险,ai_candidate,high: 施工现场对熔断器的俗称
1385,电气设备及附件 > 电气元器件 > 熔断器,熔断器,熔丝,ai_candidate,high: 对熔断器或熔断体的俗称
1385,电气设备及附件 > 电气元器件 > 熔断器,熔断器,保险丝,ai_candidate,high: 熔断器的通俗叫法
1385,电气设备及附件 > 电气元器件 > 熔断器,有填料封闭管式快速熔断器,快熔,ai_candidate,high: 快速熔断器的简称
1385,电气设备及附件 > 电气元器件 > 熔断器,有填料封闭管式快速熔断器,快速熔断器,ai_candidate,high: 行业通用简称
1385,电气设备及附件 > 电气元器件 > 熔断器,有填料封闭管式快速熔断器,半导体保护熔断器,ai_candidate,medium: 因其常用于保护半导体器件而得名
1385,电气设备及附件 > 电气元器件 > 熔断器,有填料管式熔断器,管式熔断器,ai_candidate,medium: 外形为管状，口语中常简化为管式
1385,电气设备及附件 > 电气元器件 > 熔断器,有填料管式熔断器,有填料熔断器,ai_candidate,medium: 强调填料特性的简称
1385,电气设备及附件 > 电气元器件 > 熔断器,熔断器底座,熔座,ai_candidate,high: 熔断器底座的简称
1385,电气设备及附件 > 电气元器件 > 熔断器,熔断器底座,保险座,ai_candidate,high: 因熔断器俗称保险而得
1385,电气设备及附件 > 电气元器件 > 熔断器,高压熔断器,高压保险,ai_candidate,high: 施工及配电现场对高压熔断器的口语叫法
1385,电气设备及附件 > 电气元器件 > 熔断器,高压熔断器,高压熔丝,ai_candidate,medium: 口语中常以熔丝代指整个高压熔断器
1379,电气设备及附件 > 电气元器件 > 电气控制器,主令控制器,主令开关,ai_candidate,medium: 主令控制器常被称作主令开关，因其本质是一种多位置转换开关
1379,电气设备及附件 > 电气元器件 > 电气控制器,交流凸轮控制器,凸轮控制器,ai_candidate,high: 通常省略交流，直接称为凸轮控制器
1379,电气设备及附件 > 电气元器件 > 电气控制器,交流凸轮控制器,凸轮开关,ai_candidate,medium: 部分现场称其为凸轮开关
1379,电气设备及附件 > 电气元器件 > 电气控制器,应急电源控制器,EPS控制器,ai_candidate,high: EPS是应急电源的英文缩写，行业内广泛使用
1379,电气设备及附件 > 电气元器件 > 电气控制器,应急电源控制器,应急电源控制模块,ai_candidate,medium: 有时称控制模块
1383,电气设备及附件 > 电气元器件 > 电磁器件,电磁器件,电磁元器件,ai_candidate,medium: 口语中常用统称
1383,电气设备及附件 > 电气元器件 > 电磁器件,制动电磁铁,刹车电磁铁,ai_candidate,high: 施工现场常用叫法
1383,电气设备及附件 > 电气元器件 > 电磁器件,制动电磁铁,抱闸电磁铁,ai_candidate,high: 因其用于抱闸制动
1383,电气设备及附件 > 电气元器件 > 电磁器件,牵引电磁铁(拉动式、推动式),牵引磁铁,ai_candidate,high: 简称，口语中常用
1383,电气设备及附件 > 电气元器件 > 电磁器件,牵引电磁铁(拉动式、推动式),拉式电磁铁,ai_candidate,high: 施工中直接叫法
1383,电气设备及附件 > 电气元器件 > 电磁器件,牵引电磁铁(拉动式、推动式),推式电磁铁,ai_candidate,high: 对应推动式
1383,电气设备及附件 > 电气元器件 > 电磁器件,电磁摩擦式制动器,电磁刹车,ai_candidate,high: 刹车制动器口语化叫法
1383,电气设备及附件 > 电气元器件 > 电磁器件,电磁摩擦式制动器,电磁抱闸,ai_candidate,high: 摩擦式制动器俗称
1383,电气设备及附件 > 电气元器件 > 电磁器件,电磁涡流制动器,涡流制动器,ai_candidate,high: 省略电磁，常见简称
1383,电气设备及附件 > 电气元器件 > 电磁器件,电磁涡流制动器,电涡流制动器,ai_candidate,high: 全称缩写，施工中常叫
1383,电气设备及附件 > 电气元器件 > 电磁器件,电磁粉末制动器,磁粉制动器,ai_candidate,high: 行业常见俗称
1383,电气设备及附件 > 电气元器件 > 电磁器件,电磁粉末制动器,磁粉刹车,ai_candidate,high: 粉末制动器口语叫法
1383,电气设备及附件 > 电气元器件 > 电磁器件,电磁锁,电锁,ai_candidate,high: 电磁锁简称
1383,电气设备及附件 > 电气元器件 > 电磁器件,电磁锁,磁力锁,ai_candidate,high: 利用电磁吸力的锁常见叫法
1383,电气设备及附件 > 电气元器件 > 电磁器件,电磁锁,电磁门锁,ai_candidate,high: 用于门的电磁锁
1383,电气设备及附件 > 电气元器件 > 电磁器件,起重电磁铁,电磁吸盘,ai_candidate,high: 起重电磁铁主要部件叫法
1383,电气设备及附件 > 电气元器件 > 电磁器件,起重电磁铁,起重磁铁,ai_candidate,high: 直接简称
1383,电气设备及附件 > 电气元器件 > 电磁器件,起重电磁铁,吸铁盘,ai_candidate,high: 施工现场常用口语
