物料ID,标准名称,分类(一级),分类(二级),分类(三级),分类路径,别名,特征关键词,适用范围(附录),适用范围(项目),排除关键词,采购单位,包装规格,最小起订量,最小起订单位,规格模式JSON,质量等级,标准代号,品类树节点ID,品类展示路径,品类标准损耗率
MAT-STE-001,热轧带肋钢筋 HRB400E,钢材,钢筋,带肋钢筋,钢材/钢筋/带肋钢筋,"[""螺纹钢"",""三级钢"",""HRB400钢筋"",""带肋钢筋"",""变形钢筋"",""抗震钢筋""]","[""HRB400"",""HRB400E"",""带肋"",""抗震""]","[""混凝土及钢筋混凝土工程"",""地基处理工程""]","[""基础"",""柱"",""梁"",""板"",""墙"",""楼梯"",""桩""]","[""冷轧"",""盘卷"",""光面"",""HPB"",""不锈钢"",""预应力钢绞线""]",t,捆/2t,1,t,"[{""param"": ""牌号"", ""type"": ""enum"", ""required"": true, ""source_standard"": ""GB 1499.2-2024"", ""source_clause"": ""GB1499.2-2024-4.1-表1"", ""default"": ""HRB400E"", ""values_count"": 7, ""values"": [""HRB400"", ""HRB400E"", ""HRB500"", ""HRB500E"", ""HRB600"", ""HRBF400"", ""HRBF500"", ""...""], ""linked_params"": {""HRB400"": {""yield_strength"": 400, ""tensile_strength"": 540, ""elongation"": 16}, ""HRB400E"": {""yield_strength"": 400, ""tensile_strength"": 540, ""total_elongation"": 9.0, ""strength_ratio"": 1.25, ""yield_ratio"": 1.3}, ""HRB500"": {""yield_strength"": 500, ""tensile_strength"": 630, ""elongation"": 15}, ""HRB500E"": {""yield_strength"": 500, ""tensile_strength"": 630, ""total_elongation"": 9.0, ""strength_ratio"": 1.25, ""yield_ratio"": 1.3}, ""HRB600"": {""yield_strength"": 600, ""tensile_strength"": 730, ""elongation"": 14}, ""HRBF400"": {""yield_strength"": 400, ""tensile_strength"": 540, ""elongation"": 16}, ""HRBF500"": {""yield_strength"": 500, ""tensile_strength"": 630, ""elongation"": 15}}}, {""param"": ""公称直径"", ""type"": ""enum"", ""required"": true, ""source_standard"": ""GB 1499.2-2024"", ""source_clause"": ""GB1499.2-2024-5.2-表2"", ""unit"": ""mm"", ""default"": ""16"", ""values_count"": 15, ""values"": [""6"", ""8"", ""10"", ""12"", ""14"", ""16"", ""18"", ""20"", ""...""], ""linked_params"": {""6"": {""theoretical_weight"": 0.222, ""cross_section_area"": 28.27}, ""8"": {""theoretical_weight"": 0.395, ""cross_section_area"": 50.27}, ""10"": {""theoretical_weight"": 0.617, ""cross_section_area"": 78.54}, ""12"": {""theoretical_weight"": 0.888, ""cross_section_area"": 113.1}, ""14"": {""theoretical_weight"": 1.21, ""cross_section_area"": 153.9}, ""16"": {""theoretical_weight"": 1.58, ""cross_section_area"": 201.1}, ""18"": {""theoretical_weight"": 2.0, ""cross_section_area"": 254.5}, ""20"": {""theoretical_weight"": 2.47, ""cross_section_area"": 314.2}, ""22"": {""theoretical_weight"": 2.98, ""cross_section_area"": 380.1}, ""25"": {""theoretical_weight"": 3.85, ""cross_section_area"": 490.9}, ""28"": {""theoretical_weight"": 4.83, ""cross_section_area"": 615.8}, ""32"": {""theoretical_weight"": 6.31, ""cross_section_area"": 804.2}, ""36"": {""theoretical_weight"": 7.99, ""cross_section_area"": 1018}, ""40"": {""theoretical_weight"": 9.87, ""cross_section_area"": 1257}, ""50"": {""theoretical_weight"": 15.42, ""cross_section_area"": 1964}}}, {""param"": ""理论单位重量"", ""type"": ""number"", ""required"": false, ""source_standard"": ""GB 1499.2-2024"", ""source_clause"": ""GB1499.2-2024-5.2-表2"", ""unit"": ""kg/m""}, {""param"": ""重量允许偏差"", ""type"": ""range"", ""required"": false, ""source_standard"": ""GB 1499.2-2024"", ""source_clause"": ""GB1499.2-2024-5.6-表4"", ""unit"": ""%"", ""values"": [""±5.5"", ""±4.5"", ""±3.5""]}, {""param"": ""下屈服强度ReL"", ""type"": ""number"", ""required"": false, ""source_standard"": ""GB 1499.2-2024"", ""source_clause"": ""GB1499.2-2024-6.3-表6"", ""unit"": ""MPa"", ""default"": ""400""}, {""param"": ""抗拉强度Rm"", ""type"": ""number"", ""required"": false, ""source_standard"": ""GB 1499.2-2024"", ""source_clause"": ""GB1499.2-2024-6.3-表6"", ""unit"": ""MPa"", ""default"": ""540""}, {""param"": ""断后伸长率A"", ""type"": ""number"", ""required"": false, ""source_standard"": ""GB 1499.2-2024"", ""source_clause"": ""GB1499.2-2024-6.3-表6"", ""unit"": ""%"", ""default"": ""16""}, {""param"": ""最大力总延伸率Agt"", ""type"": ""number"", ""required"": false, ""source_standard"": ""GB 1499.2-2024"", ""source_clause"": ""GB1499.2-2024-6.3-表6"", ""unit"": ""%"", ""default"": ""9.0""}, {""param"": ""强屈比R°m/R°eL"", ""type"": ""number"", ""required"": false, ""source_standard"": ""GB 1499.2-2024"", ""source_clause"": ""GB1499.2-2024-6.3-表6"", ""default"": ""1.25""}, {""param"": ""超强比R°eL/ReL"", ""type"": ""number"", ""required"": false, ""source_standard"": ""GB 1499.2-2024"", ""source_clause"": ""GB1499.2-2024-6.3-表6"", ""default"": ""1.30""}, {""param"": ""碳含量C"", ""type"": ""number"", ""required"": false, ""source_standard"": ""GB 1499.2-2024"", ""source_clause"": ""GB1499.2-2024-6.2-表5"", ""unit"": ""%"", ""default"": ""0.25""}, {""param"": ""碳当量Ceq"", ""type"": ""number"", ""required"": false, ""source_standard"": ""GB 1499.2-2024"", ""source_clause"": ""GB1499.2-2024-6.2-表5"", ""unit"": ""%"", ""default"": ""0.54""}, {""param"": ""弯曲压头直径"", ""type"": ""text"", ""required"": false, ""source_standard"": ""GB 1499.2-2024"", ""source_clause"": ""GB1499.2-2024-6.4-表7"", ""default"": ""4d""}, {""param"": ""反向弯曲"", ""type"": ""boolean"", ""required"": false, ""source_standard"": ""GB 1499.2-2024"", ""source_clause"": ""GB1499.2-2024-6.4.2-反向弯曲"", ""default"": ""Y""}, {""param"": ""表面标志"", ""type"": ""text"", ""required"": false, ""source_standard"": ""GB 1499.2-2024"", ""source_clause"": ""GB1499.2-2024-9.1-标志"", ""default"": ""4E""}]",HRB400E 合格品,GB 1499.2-2024,15,黑色及有色金属 > 建筑钢材 > 钢筋,0.025
MAT-STE-002,热轧光圆钢筋 HPB300,钢材,钢筋,光圆钢筋,钢材/钢筋/光圆钢筋,"[""圆钢"",""一级钢"",""HPB300钢筋"",""光圆钢筋"",""盘圆"",""线材""]","[""HPB300"",""光圆"",""一级钢"",""盘圆"",""Φ6"",""Φ8"",""Φ10""]","[""混凝土及钢筋混凝土工程""]","[""基础"",""柱"",""梁"",""板"",""墙"",""箍筋""]","[""带肋"",""螺纹"",""HRB"",""三级钢""]",t,捆/2t,1,t,"[{""param"": ""牌号"", ""type"": ""enum"", ""required"": true, ""source_standard"": ""GB 1499.1-2024"", ""source_clause"": ""GB1499.1-2024-4-表1"", ""default"": ""HPB300"", ""values"": [""HPB300""], ""linked_params"": {""HPB300"": {""yield_strength"": 300, ""tensile_strength"": 420, ""elongation"": 25, ""total_elongation"": 10}}}, {""param"": ""公称直径"", ""type"": ""enum"", ""required"": true, ""source_standard"": ""GB 1499.1-2024"", ""source_clause"": ""GB1499.1-2024-5.1-表2"", ""unit"": ""mm"", ""values_count"": 10, ""values"": [""6"", ""8"", ""10"", ""12"", ""14"", ""16"", ""18"", ""20"", ""...""], ""linked_params"": {""6"": {""theoretical_weight"": 0.222, ""cross_section_area"": 28.27}, ""8"": {""theoretical_weight"": 0.395, ""cross_section_area"": 50.27}, ""10"": {""theoretical_weight"": 0.617, ""cross_section_area"": 78.54}, ""12"": {""theoretical_weight"": 0.888, ""cross_section_area"": 113.1}, ""14"": {""theoretical_weight"": 1.21, ""cross_section_area"": 153.9}, ""16"": {""theoretical_weight"": 1.58, ""cross_section_area"": 201.1}, ""18"": {""theoretical_weight"": 2.0, ""cross_section_area"": 254.5}, ""20"": {""theoretical_weight"": 2.47, ""cross_section_area"": 314.2}, ""22"": {""theoretical_weight"": 2.98, ""cross_section_area"": 380.1}, ""25"": {""theoretical_weight"": 3.85, ""cross_section_area"": 490.9}}}, {""param"": ""理论单位重量"", ""type"": ""number"", ""required"": false, ""source_standard"": ""GB 1499.1-2024"", ""source_clause"": ""GB1499.1-2024-5.2-表2"", ""unit"": ""kg/m""}, {""param"": ""重量允许偏差"", ""type"": ""enum"", ""required"": false, ""source_standard"": ""GB 1499.1-2024"", ""source_clause"": ""GB1499.1-2024-5.4-表4"", ""unit"": ""%"", ""values"": [""±5.5"", ""±4.5""]}, {""param"": ""下屈服强度ReL"", ""type"": ""number"", ""required"": false, ""source_standard"": ""GB 1499.1-2024"", ""source_clause"": ""GB1499.1-2024-6.3-表6"", ""unit"": ""MPa"", ""default"": ""300""}, {""param"": ""抗拉强度Rm"", ""type"": ""number"", ""required"": false, ""source_standard"": ""GB 1499.1-2024"", ""source_clause"": ""GB1499.1-2024-6.3-表6"", ""unit"": ""MPa"", ""default"": ""420""}, {""param"": ""断后伸长率A"", ""type"": ""number"", ""required"": false, ""source_standard"": ""GB 1499.1-2024"", ""source_clause"": ""GB1499.1-2024-6.3-表6"", ""unit"": ""%"", ""default"": ""25""}, {""param"": ""最大力总延伸率Agt"", ""type"": ""number"", ""required"": false, ""source_standard"": ""GB 1499.1-2024"", ""source_clause"": ""GB1499.1-2024-6.3-表6"", ""unit"": ""%"", ""default"": ""10""}, {""param"": ""碳含量C"", ""type"": ""number"", ""required"": false, ""source_standard"": ""GB 1499.1-2024"", ""source_clause"": ""GB1499.1-2024-6.1-表5"", ""unit"": ""%"", ""default"": ""0.25""}, {""param"": ""弯曲压头直径"", ""type"": ""number"", ""required"": false, ""source_standard"": ""GB 1499.1-2024"", ""source_clause"": ""GB1499.1-2024-6.4-弯曲"", ""default"": ""1d""}]",HPB300,GB 1499.1-2024,15,黑色及有色金属 > 建筑钢材 > 钢筋,0.025
MAT-STE-003,热轧H型钢 Q355B,钢材,型钢,H型钢,钢材/型钢/H型钢,"[""H型钢"",""工字钢"",""H钢"",""H钢梁"",""宽翼缘""]","[""Q355"",""Q355B"",""H型"",""热轧""]","[""金属结构工程"",""钢结构工程""]","[""钢柱"",""钢梁"",""钢平台"",""栈桥""]","[""冷弯"",""C型"",""槽钢"",""角钢""]",t,NULL,1,t,"[{""param"": ""牌号"", ""type"": ""enum"", ""required"": true, ""source_standard"": ""GB/T 11263-2024"", ""source_clause"": ""GB11263-2024-5-牌号"", ""default"": ""Q355B"", ""values"": [""Q235B"", ""Q355B""]}, {""param"": ""截面型号"", ""type"": ""enum"", ""required"": true, ""source_standard"": ""GB/T 11263-2024"", ""source_clause"": ""GB11263-2024-4-分类"", ""values"": [""HW"", ""HM"", ""HN""]}, {""param"": ""截面高度H"", ""type"": ""number"", ""required"": true, ""source_standard"": ""GB/T 11263-2024"", ""source_clause"": ""GB11263-2024-6-表1"", ""unit"": ""mm"", ""values_count"": 45, ""values"": [""100"", ""125"", ""150"", ""175"", ""200"", ""204"", ""250"", ""255"", ""...""], ""linked_params"": {""100"": {""theoretical_weight"": 9.54, ""section_height"": 100, ""flange_width"": 50, ""web_thickness"": 5, ""flange_thickness"": 7}, ""125"": {""theoretical_weight"": 13.3, ""section_height"": 125, ""flange_width"": 60, ""web_thickness"": 6, ""flange_thickness"": 8}, ""150"": {""theoretical_weight"": 14.3, ""section_height"": 150, ""flange_width"": 75, ""web_thickness"": 5, ""flange_thickness"": 7}, ""175"": {""theoretical_weight"": 18.2, ""section_height"": 175, ""flange_width"": 90, ""web_thickness"": 5, ""flange_thickness"": 8}, ""200"": {""theoretical_weight"": 50.5, ""section_height"": 200, ""flange_width"": 200, ""web_thickness"": 8, ""flange_thickness"": 12}, ""204"": {""theoretical_weight"": 56.7, ""section_height"": 204, ""flange_width"": 200, ""web_thickness"": 12, ""flange_thickness"": 12}, ""250"": {""theoretical_weight"": 72.4, ""section_height"": 250, ""flange_width"": 250, ""web_thickness"": 9, ""flange_thickness"": 14}, ""255"": {""theoretical_weight"": 82.2, ""section_height"": 255, ""flange_width"": 250, ""web_thickness"": 14, ""flange_thickness"": 14}, ""294"": {""theoretical_weight"": 57.3, ""section_height"": 294, ""flange_width"": 200, ""web_thickness"": 8, ""flange_thickness"": 12}, ""300"": {""theoretical_weight"": 94.5, ""section_height"": 300, ""flange_width"": 300, ""web_thickness"": 10, ""flange_thickness"": 15}, ""350"": {""theoretical_weight"": 137, ""section_height"": 350, ""flange_width"": 350, ""web_thickness"": 12, ""flange_thickness"": 19}, ""400"": {""theoretical_weight"": 172, ""section_height"": 400, ""flange_width"": 400, ""web_thickness"": 13, ""flange_thickness"": 21}, ""414"": {""theoretical_weight"": 233, ""section_height"": 414, ""flange_width"": 405, ""web_thickness"": 18, ""flange_thickness"": 28}, ""148"": {""theoretical_weight"": 21.4, ""section_height"": 148, ""flange_width"": 100, ""web_thickness"": 6, ""flange_thickness"": 9}, ""194"": {""theoretical_weight"": 31.2, ""section_height"": 194, ""flange_width"": 150, ""web_thickness"": 6, ""flange_thickness"": 9}, ""244"": {""theoretical_weight"": 44.1, ""section_height"": 244, ""flange_width"": 175, ""web_thickness"": 7, ""flange_thickness"": 11}, ""340"": {""theoretical_weight"": 79.7, ""section_height"": 340, ""flange_width"": 250, ""web_thickness"": 9, ""flange_thickness"": 14}, ""390"": {""theoretical_weight"": 107, ""section_height"": 390, ""flange_width"": 300, ""web_thickness"": 10, ""flange_thickness"": 16}, ""440"": {""theoretical_weight"": 124, ""section_height"": 440, ""flange_width"": 300, ""web_thickness"": 11, ""flange_thickness"": 18}, ""488"": {""theoretical_weight"": 129, ""section_height"": 488, ""flange_width"": 300, ""web_thickness"": 11, ""flange_thickness"": 18}, ""588"": {""theoretical_weight"": 151, ""section_height"": 588, ""flange_width"": 300, ""web_thickness"": 12, ""flange_thickness"": 20}, ""198"": {""theoretical_weight"": 18.5, ""section_height"": 198, ""flange_width"": 99, ""web_thickness"": 4.5, ""flange_thickness"": 7}, ""248"": {""theoretical_weight"": 25.8, ""section_height"": 248, ""flange_width"": 124, ""web_thickness"": 5, ""flange_thickness"": 8}, ""298"": {""theoretical_weight"": 32.6, ""section_height"": 298, ""flange_width"": 149, ""web_thickness"": 5.5, ""flange_thickness"": 8}, ""346"": {""theoretical_weight"": 41.8, ""section_height"": 346, ""flange_width"": 174, ""web_thickness"": 6, ""flange_thickness"": 9}, ""396"": {""theoretical_weight"": 56.7, ""section_height"": 396, ""flange_width"": 199, ""web_thickness"": 7, ""flange_thickness"": 11}, ""446"": {""theoretical_weight"": 66.7, ""section_height"": 446, ""flange_width"": 199, ""web_thickness"": 8, ""flange_thickness"": 12}, ""496"": {""theoretical_weight"": 79.5, ""section_height"": 496, ""flange_width"": 199, ""web_thickness"": 9, ""flange_thickness"": 14}, ""596"": {""theoretical_weight"": 95.1, ""section_height"": 596, ""flange_width"": 199, ""web_thickness"": 10, ""flange_thickness"": 15}, ""700"": {""theoretical_weight"": 185, ""section_height"": 700, ""flange_width"": 300, ""web_thickness"": 13, ""flange_thickness"": 24}, ""800"": {""theoretical_weight"": 210, ""section_height"": 800, ""flange_width"": 300, ""web_thickness"": 14, ""flange_thickness"": 26}, ""900"": {""theoretical_weight"": 243, ""section_height"": 900, ""flange_width"": 300, ""web_thickness"": 16, ""flange_thickness"": 28}}}, {""param"": ""翼缘宽度B"", ""type"": ""number"", ""required"": true, ""source_standard"": ""GB/T 11263-2024"", ""source_clause"": ""GB11263-2024-6-表1"", ""unit"": ""mm""}, {""param"": ""腹板厚度t1"", ""type"": ""number"", ""required"": true, ""source_standard"": ""GB/T 11263-2024"", ""source_clause"": ""GB11263-2024-6-表1"", ""unit"": ""mm""}, {""param"": ""翼缘厚度t2"", ""type"": ""number"", ""required"": true, ""source_standard"": ""GB/T 11263-2024"", ""source_clause"": ""GB11263-2024-6-表1"", ""unit"": ""mm""}, {""param"": ""下屈服强度"", ""type"": ""number"", ""required"": false, ""source_standard"": ""GB/T 11263-2024"", ""source_clause"": ""GB11263-2024-7-力学性能"", ""unit"": ""MPa""}]",Q355B,GB/T 11263-2024,1092,黑色及有色金属 > 建筑钢材 > H型钢,0.05
MAT-STE-004,热轧槽钢 Q235B,钢材,型钢,槽钢,钢材/型钢/槽钢,"[""槽钢"",""C型钢"",""热轧槽钢"",""C型槽钢"",""冷弯槽钢""]","[""槽钢"",""Q235"",""C型"",""热轧"",""冷弯""]","[""金属结构工程"",""措施项目""]","[""钢支撑"",""檩条"",""龙骨"",""钢梯""]","[""H型钢"",""工字钢"",""角钢""]",t,NULL,1,t,"[{""param"": ""牌号"", ""type"": ""enum"", ""required"": true, ""source_standard"": ""GB/T 706-2016"", ""source_clause"": ""GB/T 706-2016 5.1.1"", ""default"": ""Q235B"", ""values"": [""Q235B"", ""Q345B"", ""Q355B""]}, {""param"": ""型号"", ""type"": ""enum"", ""required"": true, ""source_standard"": ""GB/T 706-2016"", ""source_clause"": ""GB/T 706-2016 表A.2"", ""unit"": ""mm"", ""default"": ""10"", ""values"": [""5"", ""6.3"", ""8"", ""10"", ""12.6"", ""14a"", ""14b"", ""16a"", ""16b"", ""18a"", ""18b"", ""20a"", ""20b"", ""22a"", ""22b"", ""25a"", ""25b"", ""25c"", ""28a"", ""28b"", ""28c"", ""32a"", ""32b"", ""32c"", ""36a"", ""36b"", ""36c"", ""40a"", ""40b"", ""40c""], ""linked_params"": {""5"": {""height"": 50, ""leg_width"": 37, ""waist_thickness"": 4.5, ""theoretical_weight"": 5.438}, ""6.3"": {""height"": 63, ""leg_width"": 40, ""waist_thickness"": 4.8, ""theoretical_weight"": 6.634}, ""8"": {""height"": 80, ""leg_width"": 43, ""waist_thickness"": 5.0, ""theoretical_weight"": 8.045}, ""10"": {""height"": 100, ""leg_width"": 48, ""waist_thickness"": 5.3, ""theoretical_weight"": 10.007}}}, {""param"": ""截面高度"", ""type"": ""number"", ""required"": false, ""source_standard"": ""GB/T 706-2016"", ""source_clause"": ""GB/T 706-2016 表A.2"", ""unit"": ""mm""}, {""param"": ""腿宽"", ""type"": ""number"", ""required"": false, ""source_standard"": ""GB/T 706-2016"", ""source_clause"": ""GB/T 706-2016 表A.2"", ""unit"": ""mm""}, {""param"": ""腰厚"", ""type"": ""number"", ""required"": false, ""source_standard"": ""GB/T 706-2016"", ""source_clause"": ""GB/T 706-2016 表A.2"", ""unit"": ""mm""}, {""param"": ""理论单位重量"", ""type"": ""number"", ""required"": false, ""source_standard"": ""GB/T 706-2016"", ""source_clause"": ""GB/T 706-2016 表A.2"", ""unit"": ""kg/m""}, {""param"": ""下屈服强度"", ""type"": ""number"", ""required"": false, ""source_standard"": ""GB/T 706-2016"", ""source_clause"": ""GB/T 706-2016 6.2"", ""unit"": ""MPa"", ""default"": ""235""}, {""param"": ""抗拉强度"", ""type"": ""number"", ""required"": false, ""source_standard"": ""GB/T 706-2016"", ""source_clause"": ""GB/T 706-2016 6.2"", ""unit"": ""MPa"", ""default"": ""370""}, {""param"": ""断后伸长率"", ""type"": ""number"", ""required"": false, ""source_standard"": ""GB/T 706-2016"", ""source_clause"": ""GB/T 706-2016 6.2"", ""unit"": ""%"", ""default"": ""26""}]",,GB/T 706-2016,,,
MAT-STE-005,热轧等边角钢 Q235B,钢材,型钢,角钢,钢材/型钢/角钢,"[""角钢"",""等边角钢"",""热轧角钢""]","[""角钢"",""Q235"",""等边"",""热轧""]","[""金属结构工程""]","[""钢支撑"",""钢梯"",""栏杆"",""连接件""]","[""H型钢"",""槽钢"",""工字钢""]",t,NULL,1,t,"[{""param"": ""牌号"", ""type"": ""enum"", ""required"": true, ""source_standard"": ""GB/T 706-2016"", ""source_clause"": ""GB/T 706-2016 5.1.1"", ""default"": ""Q235B"", ""values"": [""Q235B"", ""Q345B"", ""Q355B""]}, {""param"": ""型号"", ""type"": ""enum"", ""required"": true, ""source_standard"": ""GB/T 706-2016"", ""source_clause"": ""GB/T 706-2016 表A.3"", ""unit"": ""mm"", ""default"": ""5"", ""values"": [""2"", ""2.5"", ""3"", ""4"", ""5"", ""6.3"", ""7"", ""7.5"", ""8"", ""9"", ""10"", ""11"", ""12.5"", ""14"", ""16"", ""18"", ""20""], ""linked_params"": {""2"": {""leg_width"": 20, ""thickness"": 3, ""theoretical_weight"": 0.889}, ""2.5"": {""leg_width"": 25, ""thickness"": 3, ""theoretical_weight"": 1.124}, ""3"": {""leg_width"": 30, ""thickness"": 3, ""theoretical_weight"": 1.373}, ""4"": {""leg_width"": 40, ""thickness"": 3, ""theoretical_weight"": 1.852}, ""5"": {""leg_width"": 50, ""thickness"": 3, ""theoretical_weight"": 2.332}}}, {""param"": ""边宽"", ""type"": ""number"", ""required"": false, ""source_standard"": ""GB/T 706-2016"", ""source_clause"": ""GB/T 706-2016 表A.3"", ""unit"": ""mm""}, {""param"": ""边厚"", ""type"": ""number"", ""required"": false, ""source_standard"": ""GB/T 706-2016"", ""source_clause"": ""GB/T 706-2016 表A.3"", ""unit"": ""mm""}, {""param"": ""理论单位重量"", ""type"": ""number"", ""required"": false, ""source_standard"": ""GB/T 706-2016"", ""source_clause"": ""GB/T 706-2016 表A.3"", ""unit"": ""kg/m""}, {""param"": ""下屈服强度"", ""type"": ""number"", ""required"": false, ""source_standard"": ""GB/T 706-2016"", ""source_clause"": ""GB/T 706-2016 6.2"", ""unit"": ""MPa"", ""default"": ""235""}, {""param"": ""抗拉强度"", ""type"": ""number"", ""required"": false, ""source_standard"": ""GB/T 706-2016"", ""source_clause"": ""GB/T 706-2016 6.2"", ""unit"": ""MPa"", ""default"": ""370""}, {""param"": ""断后伸长率"", ""type"": ""number"", ""required"": false, ""source_standard"": ""GB/T 706-2016"", ""source_clause"": ""GB/T 706-2016 6.2"", ""unit"": ""%"", ""default"": ""26""}]",,GB/T 706-2016,1091,黑色及有色金属 > 建筑钢材 > 角钢,0.05
MAT-STE-006,钢板 Q235B,钢材,钢板,厚钢板,钢材/钢板/厚钢板,"[""钢板"",""中厚板"",""Q235B钢板"",""热轧钢板"",""花纹钢板""]","[""Q235B"",""钢板"",""中厚"",""花纹""]","[""金属结构工程""]","[""钢平台"",""钢梯"",""钢走道"",""预埋件"",""连接板""]","[""薄板"",""不锈钢"",""镀锌""]",t,NULL,1,t,"[{""param"": ""牌号"", ""type"": ""enum"", ""required"": true, ""source_standard"": ""GB/T 709-2019"", ""source_clause"": ""GB/T 709-2019 5.1"", ""default"": ""Q235B"", ""values"": [""Q235B"", ""Q345B"", ""Q355B""]}, {""param"": ""厚度"", ""type"": ""number"", ""required"": true, ""source_standard"": ""GB/T 709-2019"", ""source_clause"": ""GB/T 709-2019 表1"", ""unit"": ""mm"", ""default"": ""10"", ""values"": [""3"", ""4"", ""5"", ""6"", ""8"", ""10"", ""12"", ""14"", ""16"", ""18"", ""20"", ""22"", ""25"", ""28"", ""30"", ""32"", ""35"", ""38"", ""40"", ""45"", ""50"", ""55"", ""60"", ""65"", ""70"", ""75"", ""80"", ""85"", ""90"", ""100"", ""110"", ""120"", ""130"", ""140"", ""150"", ""160"", ""170"", ""180"", ""190"", ""200""]}, {""param"": ""宽度"", ""type"": ""number"", ""required"": true, ""source_standard"": ""GB/T 709-2019"", ""source_clause"": ""GB/T 709-2019 表1"", ""unit"": ""mm"", ""default"": ""1500""}, {""param"": ""长度"", ""type"": ""number"", ""required"": true, ""source_standard"": ""GB/T 709-2019"", ""source_clause"": ""GB/T 709-2019 表1"", ""unit"": ""mm"", ""default"": ""6000""}, {""param"": ""厚度允许偏差"", ""type"": ""text"", ""required"": false, ""source_standard"": ""GB/T 709-2019"", ""source_clause"": ""GB/T 709-2019 表2"", ""default"": ""N类""}, {""param"": ""理论单位重量"", ""type"": ""number"", ""required"": false, ""source_standard"": ""GB/T 709-2019"", ""source_clause"": ""GB/T 709-2019 附录A"", ""unit"": ""kg/m²""}, {""param"": ""下屈服强度"", ""type"": ""number"", ""required"": false, ""source_standard"": ""GB/T 709-2019"", ""source_clause"": ""GB/T 709-2019 6.2"", ""unit"": ""MPa"", ""default"": ""235""}, {""param"": ""抗拉强度"", ""type"": ""number"", ""required"": false, ""source_standard"": ""GB/T 709-2019"", ""source_clause"": ""GB/T 709-2019 6.2"", ""unit"": ""MPa"", ""default"": ""370""}, {""param"": ""断后伸长率"", ""type"": ""number"", ""required"": false, ""source_standard"": ""GB/T 709-2019"", ""source_clause"": ""GB/T 709-2019 6.2"", ""unit"": ""%"", ""default"": ""26""}]",,GB/T 709-2019,1095,黑色及有色金属 > 建筑钢材 > 钢板,0.05
MAT-STE-007,焊接钢管(直缝) Q235B,钢材,钢管,焊接钢管,钢材/钢管/焊接钢管,"[""焊接钢管"",""直缝钢管"",""焊管"",""Q235B钢管""]","[""Q235B"",""焊接钢管"",""直缝""]","[""金属结构工程"",""措施项目"",""钢结构工程""]","[""钢支撑"",""钢柱"",""钢桁架"",""脚手架"",""防护栏杆""]","[""无缝钢管"",""镀锌钢管"",""螺旋焊管"",""不锈钢管""]",t,NULL,1,t,"[{""param"": ""焊接方式"", ""type"": ""enum"", ""required"": true, ""source_standard"": ""GB/T 3091-2025"", ""source_clause"": ""GB3091-2025-5-分类"", ""default"": ""HFW"", ""values"": [""HFW"", ""SAWL"", ""SAWH""]}, {""param"": ""表面状态"", ""type"": ""enum"", ""required"": true, ""source_standard"": ""GB/T 3091-2025"", ""source_clause"": ""GB3091-2025-5-分类"", ""default"": ""不镀锌"", ""values"": [""不镀锌"", ""镀锌""]}, {""param"": ""公称通径DN"", ""type"": ""enum"", ""required"": true, ""source_standard"": ""GB/T 3091-2025"", ""source_clause"": ""GB3091-2025-6-表1"", ""default"": ""50"", ""values_count"": 12, ""values"": [""15"", ""20"", ""25"", ""32"", ""40"", ""50"", ""65"", ""80"", ""...""], ""linked_params"": {""15"": {""od_s1"": 21.3, ""od_s2"": 21.0, ""od_s3"": 20.0, ""wt_min"": 2.0}, ""20"": {""od_s1"": 26.9, ""od_s2"": 26.0, ""od_s3"": 25.0, ""wt_min"": 2.0}, ""25"": {""od_s1"": 33.7, ""od_s2"": 33.0, ""od_s3"": 32.0, ""wt_min"": 2.3}, ""32"": {""od_s1"": 42.4, ""od_s2"": 42.0, ""od_s3"": 40.0, ""wt_min"": 2.6}, ""40"": {""od_s1"": 48.3, ""od_s2"": 48.0, ""od_s3"": 47.0, ""wt_min"": 2.9}, ""50"": {""od_s1"": 60.3, ""od_s2"": 60.0, ""od_s3"": 59.0, ""wt_min"": 3.2}, ""65"": {""od_s1"": 76.1, ""od_s2"": 76.0, ""od_s3"": 75.0, ""wt_min"": 3.2}, ""80"": {""od_s1"": 88.9, ""od_s2"": 89.0, ""od_s3"": 88.0, ""wt_min"": 3.6}, ""100"": {""od_s1"": 114.3, ""od_s2"": 114.0, ""od_s3"": 113.0, ""wt_min"": 4.0}, ""125"": {""od_s1"": 139.7, ""od_s2"": 140.0, ""od_s3"": 138.0, ""wt_min"": 4.0}, ""150"": {""od_s1"": 165.1, ""od_s2"": 165.0, ""od_s3"": null, ""wt_min"": 4.5}, ""200"": {""od_s1"": 219.1, ""od_s2"": 219.0, ""od_s3"": null, ""wt_min"": 6.0}}}, {""param"": ""外径"", ""type"": ""number"", ""required"": true, ""source_standard"": ""GB/T 3091-2025"", ""source_clause"": ""GB3091-2025-6-表1"", ""unit"": ""mm"", ""default"": ""60.3""}, {""param"": ""外径系列"", ""type"": ""enum"", ""required"": false, ""source_standard"": ""GB/T 3091-2025"", ""source_clause"": ""GB3091-2025-6-表1"", ""default"": ""系列1""}, {""param"": ""最小壁厚"", ""type"": ""number"", ""required"": true, ""source_standard"": ""GB/T 3091-2025"", ""source_clause"": ""GB3091-2025-6-表1"", ""unit"": ""mm"", ""default"": ""3.2""}, {""param"": ""外径允许偏差"", ""type"": ""text"", ""required"": false, ""source_standard"": ""GB/T 3091-2025"", ""source_clause"": ""GB3091-2025-6-外径允许偏差"", ""default"": ""±1%D"", ""values"": [""±0.5mm"", ""±1%D""], ""linked_params"": {""±0.5mm"": {""od_range"": ""≤48.3mm""}, ""±1%D"": {""od_range"": ""48.3~219.1mm""}}}, {""param"": ""壁厚允许偏差"", ""type"": ""text"", ""required"": false, ""source_standard"": ""GB/T 3091-2025"", ""source_clause"": ""GB3091-2025-6-壁厚允许偏差"", ""default"": ""±10%t"", ""values"": [""±10%t""]}]",Q235B,GB/T 3091-2025,27,管材 > 金属管材 > 焊接钢管,0.02
MAT-STE-008,高强螺栓 10.9级,钢材,紧固件,高强螺栓,钢材/紧固件/高强螺栓,"[""高强螺栓"",""扭剪型螺栓"",""大六角螺栓"",""10.9级螺栓"",""摩擦型高强螺栓""]","[""高强螺栓"",""10.9级"",""扭剪型"",""摩擦型""]","[""金属结构工程"",""钢结构工程""]","[""钢柱接头"",""钢梁接头"",""钢桁架节点"",""钢柱底板""]","[""普通螺栓"",""膨胀螺栓"",""自攻钉"",""铆钉""]",套,100套/盒,50,套,"[{""param"": ""性能等级"", ""type"": ""enum"", ""required"": true, ""source_standard"": ""GB/T 1231-2024"", ""source_clause"": ""GB1231-2024-4-等级"", ""default"": ""10.9S"", ""values"": [""8.8S"", ""10.9S""], ""linked_params"": {""8.8S"": {""tensile_strength"": 830, ""proof_stress"": 660}, ""10.9S"": {""tensile_strength"": 1040, ""proof_stress"": 940}}}, {""param"": ""螺栓规格"", ""type"": ""enum"", ""required"": true, ""source_standard"": ""GB/T 1231-2024"", ""source_clause"": ""GB1231-2024-5-规格"", ""values_count"": 7, ""values"": [""M12"", ""M16"", ""M20"", ""M22"", ""M24"", ""M27"", ""M30"", ""...""]}, {""param"": ""抗拉强度Rm"", ""type"": ""number"", ""required"": false, ""source_standard"": ""GB/T 1231-2024"", ""source_clause"": ""GB1231-2024-6.2-力学性能"", ""unit"": ""MPa""}, {""param"": ""规定非比例延伸强度Rp0.2"", ""type"": ""number"", ""required"": false, ""source_standard"": ""GB/T 1231-2024"", ""source_clause"": ""GB1231-2024-6.2-力学性能"", ""unit"": ""MPa""}]",,GB/T 1231-2024,,,
MAT-CON-001,预拌混凝土 C30,混凝土及砂浆,预拌混凝土,普通混凝土C30,混凝土及砂浆/预拌混凝土/C30,"[""商品混凝土C30"",""商砼C30"",""C30混凝土"",""C30商混"",""预拌砼C30"",""商品砼""]","[""C30"",""预拌"",""商品"",""泵送""]","[""混凝土及钢筋混凝土工程"",""地基处理工程""]","[""柱"",""梁"",""板"",""墙"",""基础"",""垫层"",""楼梯"",""路面""]","[""预制"",""砂浆"",""自拌""]",m³,1m³/车,5,m³,"[{""param"": ""强度等级"", ""type"": ""enum"", ""required"": true, ""source_standard"": ""GB/T 14902-2012"", ""source_clause"": ""GB14902-2012-4.2.1-强度等级"", ""default"": ""C30"", ""values_count"": 19, ""values"": [""C10"", ""C15"", ""C20"", ""C25"", ""C30"", ""C35"", ""C40"", ""C45"", ""...""]}, {""param"": ""分类"", ""type"": ""enum"", ""required"": true, ""source_standard"": ""GB/T 14902-2012"", ""source_clause"": ""GB14902-2012-4.1-表1"", ""default"": ""A"", ""values"": [""A"", ""B""]}, {""param"": ""特制品子类"", ""type"": ""enum"", ""required"": false, ""source_standard"": ""GB/T 14902-2012"", ""source_clause"": ""GB14902-2012-4.1-表1"", ""values"": [""H"", ""S"", ""F"", ""L""], ""linked_params"": {""H"": {""parent_category"": ""B""}, ""S"": {""parent_category"": ""B""}, ""F"": {""parent_category"": ""B""}, ""L"": {""parent_category"": ""B""}}}, {""param"": ""坍落度等级"", ""type"": ""enum"", ""required"": true, ""source_standard"": ""GB/T 14902-2012"", ""source_clause"": ""GB14902-2012-4.2.2-表2"", ""default"": ""S3"", ""values"": [""S1"", ""S2"", ""S3"", ""S4"", ""S5""]}, {""param"": ""坍落度控制目标值"", ""type"": ""number"", ""required"": true, ""source_standard"": ""GB/T 14902-2012"", ""source_clause"": ""GB14902-2012-6.2-表8"", ""unit"": ""mm"", ""default"": ""120""}, {""param"": ""坍落度允许偏差"", ""type"": ""range"", ""required"": false, ""source_standard"": ""GB/T 14902-2012"", ""source_clause"": ""GB14902-2012-6.2-表8"", ""unit"": ""mm"", ""default"": ""±30"", ""values"": [""±10"", ""±20"", ""±30""], ""linked_params"": {""±10"": {""target_range"": ""≤40mm""}, ""±20"": {""target_range"": ""50~90mm""}, ""±30"": {""target_range"": ""≥100mm""}}}, {""param"": ""扩展度等级"", ""type"": ""enum"", ""required"": false, ""source_standard"": ""GB/T 14902-2012"", ""source_clause"": ""GB14902-2012-4.2.2-表3"", ""values"": [""F1"", ""F2"", ""F3"", ""F4"", ""F5"", ""F6""]}, {""param"": ""含气量"", ""type"": ""number"", ""required"": false, ""source_standard"": ""GB/T 14902-2012"", ""source_clause"": ""GB14902-2012-6.4-含气量"", ""unit"": ""%"", ""default"": ""7""}, {""param"": ""抗冻等级"", ""type"": ""enum"", ""required"": false, ""source_standard"": ""GB/T 14902-2012"", ""source_clause"": ""GB14902-2012-4.2.3-表4""}, {""param"": ""抗渗等级"", ""type"": ""enum"", ""required"": false, ""source_standard"": ""GB/T 14902-2012"", ""source_clause"": ""GB14902-2012-4.2.3-表4""}, {""param"": ""水溶性氯离子限量"", ""type"": ""number"", ""required"": false, ""source_standard"": ""GB/T 14902-2012"", ""source_clause"": ""GB14902-2012-6.5-表9"", ""unit"": ""%"", ""default"": ""0.3"", ""values"": [""0.3"", ""0.2"", ""0.1"", ""0.06""]}]",C30 合格品,GB/T 14902-2012,16,砼、砂浆及其他配合比材料 > 预拌混凝土 > 普通混凝土,0.01
MAT-CON-002,预拌混凝土 C25,混凝土及砂浆,预拌混凝土,普通混凝土C25,混凝土及砂浆/预拌混凝土/C25,"[""商品混凝土C25"",""商砼C25"",""C25混凝土"",""C25商混""]","[""C25"",""预拌"",""商品""]","[""混凝土及钢筋混凝土工程"",""地基处理工程""]","[""基础"",""垫层"",""地坪"",""路面"",""构造柱"",""圈梁""]","[""预制"",""砂浆""]",m³,1m³/车,5,m³,"[{""param"": ""强度等级"", ""values"": [""C25""]}]",C25 合格品,GB/T 14902-2012,16,砼、砂浆及其他配合比材料 > 预拌混凝土 > 普通混凝土,0.01
MAT-CON-003,预拌混凝土 C35,混凝土及砂浆,预拌混凝土,普通混凝土C35,混凝土及砂浆/预拌混凝土/C35,"[""商品混凝土C35"",""商砼C35"",""C35混凝土""]","[""C35"",""预拌"",""商品""]","[""混凝土及钢筋混凝土工程""]","[""柱"",""梁"",""板"",""墙"",""高层建筑主体""]","[""预制"",""砂浆""]",m³,1m³/车,5,m³,"[{""param"": ""强度等级"", ""values"": [""C35""]}]",C35 合格品,GB/T 14902-2012,16,砼、砂浆及其他配合比材料 > 预拌混凝土 > 普通混凝土,0.01
MAT-CON-004,细石混凝土 C20,混凝土及砂浆,预拌混凝土,细石混凝土,混凝土及砂浆/预拌混凝土/细石混凝土,"[""细石混凝土"",""C20细石"",""细石砼"",""C20细石混凝土"",""细石商混""]","[""细石"",""C20"",""5-10mm"",""豆石""]","[""楼地面装饰工程"",""屋面工程""]","[""地面"",""屋面找平"",""刚性防水层"",""地面面层""]","[""粗骨料"",""碎石"",""卵石""]",m³,1m³/车,5,m³,"[{""param"": ""强度等级"", ""type"": ""enum"", ""required"": true, ""source_standard"": ""GB/T 14902-2012"", ""source_clause"": ""GB14902-2012-4.2.1-强度等级"", ""default"": ""C20"", ""values"": [""C10"", ""C15"", ""C20"", ""C25"", ""C30"", ""C35"", ""C40"", ""C45"", ""C50"", ""C55"", ""C60"", ""C65"", ""C70"", ""C75"", ""C80"", ""C85"", ""C90"", ""C95"", ""C100""]}, {""param"": ""骨料类型"", ""type"": ""enum"", ""required"": true, ""source_standard"": ""GB/T 14902-2012"", ""source_clause"": ""GB14902-2012-4.1-特制品"", ""default"": ""细石"", ""values"": [""细石"", ""普通""]}, {""param"": ""最大粒径"", ""type"": ""enum"", ""required"": true, ""source_standard"": ""GB/T 14902-2012"", ""source_clause"": ""GB14902-2012-4.2.1-骨料粒径"", ""unit"": ""mm"", ""default"": ""10"", ""values"": [""5"", ""10"", ""16"", ""20"", ""25"", ""31.5"", ""40""]}, {""param"": ""坍落度等级"", ""type"": ""enum"", ""required"": true, ""source_standard"": ""GB/T 14902-2012"", ""source_clause"": ""GB14902-2012-4.2.2-表2"", ""default"": ""S3"", ""values"": [""S1"", ""S2"", ""S3"", ""S4"", ""S5""]}, {""param"": ""坍落度控制目标值"", ""type"": ""number"", ""required"": true, ""source_standard"": ""GB/T 14902-2012"", ""source_clause"": ""GB14902-2012-6.2-表8"", ""unit"": ""mm"", ""default"": ""120""}, {""param"": ""坍落度允许偏差"", ""type"": ""range"", ""required"": false, ""source_standard"": ""GB/T 14902-2012"", ""source_clause"": ""GB14902-2012-6.2-表8"", ""unit"": ""mm"", ""default"": ""±30"", ""values"": [""±10"", ""±20"", ""±30""]}, {""param"": ""水溶性氯离子限量"", ""type"": ""number"", ""required"": false, ""source_standard"": ""GB/T 14902-2012"", ""source_clause"": ""GB14902-2012-6.5-表9"", ""unit"": ""%"", ""default"": ""0.3"", ""values"": [""0.3"", ""0.2"", ""0.1"", ""0.06""]}]",,GB/T 14902-2012,16,砼、砂浆及其他配合比材料 > 预拌混凝土 > 普通混凝土,0.01
MAT-CON-005,预拌混凝土 C20,混凝土及砂浆,预拌混凝土,普通混凝土C20,混凝土及砂浆/预拌混凝土/C20,"[""商品混凝土C20"",""商砼C20"",""C20混凝土"",""C20商混""]","[""C20"",""预拌"",""商品""]","[""混凝土及钢筋混凝土工程"",""地基处理工程""]","[""基础垫层"",""基础"",""地坪"",""路面"",""构造柱"",""圈梁""]","[""预制"",""自拌""]",m³,1m³/车,5,m³,"[{""param"": ""强度等级"", ""values"": [""C20""]}]",C20 合格品,GB/T 14902-2012,16,砼、砂浆及其他配合比材料 > 预拌混凝土 > 普通混凝土,0.01
MAT-MOR-001,干混砌筑砂浆 DM M10,混凝土及砂浆,预拌砂浆,砌筑砂浆,混凝土及砂浆/预拌砂浆/砌筑砂浆,"[""水泥砂浆M10"",""M10砂浆"",""预拌砂浆M10"",""砌筑砂浆"",""干混砂浆M10"",""DM M10"",""砌筑砂浆M10""]","[""M10"",""水泥砂浆"",""预拌"",""砌筑"",""干混"",""DM""]","[""砌筑工程""]","[""砖墙"",""砌块墙"",""砖基础"",""石墙""]","[""抹灰"",""地面"",""石膏砂浆""]",m³,散装,1,m³,"[{""param"": ""强度等级"", ""type"": ""enum"", ""required"": true, ""source_standard"": ""GB/T 25181-2019"", ""source_clause"": ""GB25181-2019-4-分类"", ""values_count"": 7, ""values"": [""M5"", ""M7.5"", ""M10"", ""M15"", ""M20"", ""M25"", ""M30"", ""...""], ""linked_params"": {""M5"": {""compressive_strength"": 5.0}, ""M7.5"": {""compressive_strength"": 7.5}, ""M10"": {""compressive_strength"": 10.0}, ""M15"": {""compressive_strength"": 15.0}, ""M20"": {""compressive_strength"": 20.0}, ""M25"": {""compressive_strength"": 25.0}, ""M30"": {""compressive_strength"": 30.0}}}, {""param"": ""稠度"", ""type"": ""number"", ""required"": true, ""source_standard"": ""GB/T 25181-2019"", ""source_clause"": ""GB25181-2019-5-表3"", ""unit"": ""mm"", ""values"": [""90""]}, {""param"": ""保水率"", ""type"": ""number"", ""required"": true, ""source_standard"": ""GB/T 25181-2019"", ""source_clause"": ""GB25181-2019-5-表3"", ""unit"": ""%"", ""values"": [""88""]}, {""param"": ""28d抗压强度"", ""type"": ""number"", ""required"": true, ""source_standard"": ""GB/T 25181-2019"", ""source_clause"": ""GB25181-2019-5-表4"", ""unit"": ""MPa""}, {""param"": ""凝结时间"", ""type"": ""number"", ""required"": true, ""source_standard"": ""GB/T 25181-2019"", ""source_clause"": ""GB25181-2019-5-表5"", ""unit"": ""h"", ""values"": [""3""]}]",M10,GB/T 25181-2019,,,
MAT-MOR-002,干混抹灰砂浆 DP M10,混凝土及砂浆,预拌砂浆,抹灰砂浆,混凝土及砂浆/预拌砂浆/抹灰砂浆,"[""水泥砂浆M10"",""M10砂浆"",""预拌砂浆M10"",""抹灰砂浆"",""干混砂浆M10"",""DP M10"",""粉刷砂浆""]","[""M10"",""抹灰"",""粉刷"",""干混"",""DP"",""密度约1.6t/m³""]","[""墙柱面装饰工程"",""天棚工程"",""楼地面装饰工程""]","[""墙面抹灰"",""天棚抹灰"",""柱面抹灰""]","[""砌筑"",""地面""]",m³,散装/40kg袋,1,m³,"[{""param"": ""强度等级"", ""type"": ""enum"", ""required"": true, ""source_standard"": ""GB/T 25181-2019"", ""source_clause"": ""GB25181-2019-4-分类"", ""values"": [""M5"", ""M7.5"", ""M10"", ""M15"", ""M20""], ""linked_params"": {""M5"": {""compressive_strength"": 5.0, ""tensile_bond"": 0.15}, ""M7.5"": {""compressive_strength"": 7.5, ""tensile_bond"": 0.2}, ""M10"": {""compressive_strength"": 10.0, ""tensile_bond"": 0.2}, ""M15"": {""compressive_strength"": 15.0, ""tensile_bond"": 0.2}, ""M20"": {""compressive_strength"": 20.0, ""tensile_bond"": 0.25}}}, {""param"": ""稠度"", ""type"": ""number"", ""required"": true, ""source_standard"": ""GB/T 25181-2019"", ""source_clause"": ""GB25181-2019-5-表3"", ""unit"": ""mm"", ""default"": ""90"", ""values"": [""90""]}, {""param"": ""保水率"", ""type"": ""number"", ""required"": true, ""source_standard"": ""GB/T 25181-2019"", ""source_clause"": ""GB25181-2019-5-表3"", ""unit"": ""%"", ""default"": ""92"", ""values"": [""92""]}, {""param"": ""28d抗压强度"", ""type"": ""number"", ""required"": true, ""source_standard"": ""GB/T 25181-2019"", ""source_clause"": ""GB25181-2019-5-表4"", ""unit"": ""MPa""}, {""param"": ""凝结时间"", ""type"": ""number"", ""required"": true, ""source_standard"": ""GB/T 25181-2019"", ""source_clause"": ""GB25181-2019-5-表5"", ""unit"": ""h"", ""values"": [""3""]}, {""param"": ""拉伸粘结强度"", ""type"": ""number"", ""required"": true, ""source_standard"": ""GB/T 25181-2019"", ""source_clause"": ""GB25181-2019-5-表4"", ""unit"": ""MPa""}]",,GB/T 25181-2019,,,
MAT-MOR-003,干混地面砂浆 DS M20,混凝土及砂浆,预拌砂浆,地面砂浆,混凝土及砂浆/预拌砂浆/地面砂浆,"[""地面砂浆"",""DS M20"",""干混地面砂浆"",""水泥砂浆M20"",""M20砂浆""]","[""DS M20"",""地面"",""干混""]","[""楼地面装饰工程""]","[""地面找平"",""地砖铺贴"",""石材铺贴""]","[""砌筑"",""抹灰"",""墙面""]",t,散装/40kg袋,1,t,"[{""param"": ""强度等级"", ""type"": ""enum"", ""required"": true, ""source_standard"": ""GB/T 25181-2019"", ""source_clause"": ""GB25181-2019-4-分类"", ""values"": [""M15"", ""M20"", ""M25""], ""linked_params"": {""M15"": {""compressive_strength"": 15.0}, ""M20"": {""compressive_strength"": 20.0}, ""M25"": {""compressive_strength"": 25.0}}}, {""param"": ""稠度"", ""type"": ""number"", ""required"": true, ""source_standard"": ""GB/T 25181-2019"", ""source_clause"": ""GB25181-2019-5-表3"", ""unit"": ""mm"", ""default"": ""50"", ""values"": [""50""]}, {""param"": ""保水率"", ""type"": ""number"", ""required"": true, ""source_standard"": ""GB/T 25181-2019"", ""source_clause"": ""GB25181-2019-5-表3"", ""unit"": ""%"", ""default"": ""88"", ""values"": [""88""]}, {""param"": ""28d抗压强度"", ""type"": ""number"", ""required"": true, ""source_standard"": ""GB/T 25181-2019"", ""source_clause"": ""GB25181-2019-5-表4"", ""unit"": ""MPa""}, {""param"": ""凝结时间"", ""type"": ""number"", ""required"": true, ""source_standard"": ""GB/T 25181-2019"", ""source_clause"": ""GB25181-2019-5-表5"", ""unit"": ""h"", ""values"": [""3""]}]",,GB/T 25181-2019,,,
MAT-MOR-004,界面剂/墙固,混凝土及砂浆,界面处理,界面剂,混凝土及砂浆/界面处理/界面剂,"[""界面剂"",""墙固剂"",""界面处理剂"",""拉毛剂"",""108胶"",""界面砂浆"",""墙锢""]","[""界面"",""墙固"",""拉毛"",""108"",""基层处理""]","[""墙柱面装饰工程"",""天棚工程"",""楼地面装饰工程""]","[""墙面"",""天棚"",""地面"",""抹灰前"",""贴砖前""]","[""砌筑"",""抹灰"",""防水"",""瓷砖胶"",""底漆"",""面漆""]",kg,18kg/桶,50,kg,"[{""param"": ""类型"", ""type"": ""enum"", ""required"": true, ""source_standard"": ""JC/T 907-2018"", ""source_clause"": ""JC/T 907-2018-4-分类"", ""default"": ""I型"", ""values"": [""I型"", ""II型""]}, {""param"": ""适用基面"", ""type"": ""enum"", ""required"": false, ""source_standard"": ""JC/T 907-2018"", ""source_clause"": ""JC/T 907-2018-4-分类"", ""values"": [""混凝土"", ""加气混凝土"", ""砌体""]}, {""param"": ""剪切粘结强度"", ""type"": ""number"", ""required"": false, ""source_standard"": ""JC/T 907-2018"", ""source_clause"": ""JC/T 907-2018-6.3-表1"", ""unit"": ""MPa"", ""default"": ""1.0""}, {""param"": ""拉伸粘结强度"", ""type"": ""number"", ""required"": false, ""source_standard"": ""JC/T 907-2018"", ""source_clause"": ""JC/T 907-2018-6.3-表1"", ""unit"": ""MPa"", ""default"": ""0.5""}, {""param"": ""状态"", ""type"": ""enum"", ""required"": true, ""source_standard"": ""JC/T 907-2018"", ""source_clause"": ""JC/T 907-2018-4-分类"", ""default"": ""液体"", ""values"": [""液体"", ""粉体""]}]",,,134,油品、化工原料及胶粘材料 > 胶粘材料 > 胶粘剂,0.05
MAT-MOR-005,干混抹面砂浆,混凝土及砂浆,预拌砂浆,抹面砂浆,混凝土及砂浆/预拌砂浆/抹面砂浆,"[""抹面砂浆"",""抹面胶浆"",""抗裂砂浆"",""面层砂浆""]","[""抹面"",""胶浆"",""抗裂""]","[""保温隔热工程"",""墙柱面装饰工程""]","[""外墙保温面层"",""内墙抹面"",""抗裂层""]","[""砌筑"",""地面""]",kg,25kg/袋,50,kg,"[{""param"": ""类型"", ""type"": ""enum"", ""required"": true, ""source_standard"": ""GB/T 25181-2019"", ""source_clause"": ""GB/T 25181-2019-4-分类"", ""default"": ""普通抹面砂浆"", ""values"": [""普通抹面砂浆"", ""薄层抹面砂浆"", ""保温板抹面砂浆""]}, {""param"": ""强度等级"", ""type"": ""enum"", ""required"": false, ""source_standard"": ""GB/T 25181-2019"", ""source_clause"": ""GB/T 25181-2019-5.1-表1"", ""values"": [""M5"", ""M10"", ""M15"", ""M20""]}, {""param"": ""保水率"", ""type"": ""number"", ""required"": false, ""source_standard"": ""GB/T 25181-2019"", ""source_clause"": ""GB/T 25181-2019-5.2-表2"", ""unit"": ""%"", ""default"": ""88""}, {""param"": ""14d拉伸粘结强度"", ""type"": ""number"", ""required"": false, ""source_standard"": ""GB/T 25181-2019"", ""source_clause"": ""GB/T 25181-2019-5.2-表2"", ""unit"": ""MPa"", ""default"": ""0.15""}, {""param"": ""状态"", ""type"": ""enum"", ""required"": true, ""source_standard"": ""GB/T 25181-2019"", ""source_clause"": ""GB/T 25181-2019-4-分类"", ""default"": ""干混"", ""values"": [""干混"", ""湿拌""]}]",,GB/T 25181-2019,,,
MAT-MOR-006,砌块砌筑粘结剂,混凝土及砂浆,预拌砂浆,专用粘结剂,混凝土及砂浆/预拌砂浆/专用粘结剂,"[""砌块粘结剂"",""加气块粘结剂"",""砌筑粘结剂"",""专用粘结剂""]","[""粘结剂"",""砌块"",""加气"",""专用""]","[""砌筑工程""]","[""砌块墙"",""加气混凝土砌块""]","[""砂浆"",""水泥""]",kg,25kg/袋,50,kg,"[{""param"": ""类型"", ""type"": ""enum"", ""required"": true, ""source_standard"": ""JC/T 890-2017"", ""source_clause"": ""JC/T 890-2017-4-分类"", ""default"": ""薄层砌筑砂浆"", ""values"": [""薄层砌筑砂浆"", ""薄层抹灰砂浆""]}, {""param"": ""适用砌块"", ""type"": ""enum"", ""required"": false, ""source_standard"": ""JC/T 890-2017"", ""source_clause"": ""JC/T 890-2017-1-范围"", ""default"": ""蒸压加气混凝土砌块"", ""values"": [""蒸压加气混凝土砌块"", ""轻集料混凝土小型空心砌块""]}, {""param"": ""强度等级"", ""type"": ""enum"", ""required"": false, ""source_standard"": ""JC/T 890-2017"", ""source_clause"": ""JC/T 890-2017-5.1-表1"", ""values"": [""M5"", ""M10"", ""M15""]}, {""param"": ""保水率"", ""type"": ""number"", ""required"": false, ""source_standard"": ""JC/T 890-2017"", ""source_clause"": ""JC/T 890-2017-5.2-表2"", ""unit"": ""%"", ""default"": ""99""}, {""param"": ""14d拉伸粘结强度"", ""type"": ""number"", ""required"": false, ""source_standard"": ""JC/T 890-2017"", ""source_clause"": ""JC/T 890-2017-5.2-表2"", ""unit"": ""MPa"", ""default"": ""0.3""}]",,,17,水泥、砖瓦灰砂石及混凝土制品 > 砌砖、砌块 > 砌块,0.04
MAT-BRI-001,烧结普通砖 MU10,砌体材料,砖,烧结普通砖,砌体材料/砖/烧结普通砖,"[""标准砖"",""红砖"",""240砖"",""烧结砖"",""实心砖"",""普通砖"",""MU10砖"",""粘土砖""]","[""MU10"",""烧结"",""240×115×53"",""实心""]","[""砌筑工程""]","[""砖基础"",""实心砖墙"",""砖柱"",""砖砌体""]","[""多孔砖"",""空心砖"",""砌块""]",千块,1000块/千块,5,千块,"[{""param"": ""强度"", ""values"": [""MU10"", ""MU15"", ""MU20""]}, {""param"": ""尺寸"", ""values"": [""240×115×53""]}]",MU10 合格品,GB/T 5101-2017,1129,水泥、砖瓦灰砂石及混凝土制品 > 砌砖、砌块 > 砌砖,0.03
MAT-BRI-002,烧结多孔砖 MU10,砌体材料,砖,多孔砖,砌体材料/砖/多孔砖,"[""多孔砖"",""KP1砖"",""承重多孔砖"",""烧结多孔砖"",""空心砖（承重）"",""MU10多孔砖""]","[""多孔"",""MU10"",""烧结"",""KP1"",""240×115×90""]","[""砌筑工程""]","[""多孔砖墙"",""承重墙"",""填充墙"",""多孔砖柱""]","[""实心砖"",""砌块"",""加气块"",""混凝土砖""]",千块,1000块/千块,5,千块,"[{""param"": ""强度等级"", ""type"": ""enum"", ""required"": true, ""source_standard"": ""GB 13544-2011"", ""source_clause"": ""GB13544-2011-5.4"", ""default"": ""MU10"", ""values"": [""MU10"", ""MU15"", ""MU20"", ""MU25"", ""MU30""], ""linked_params"": {""MU10"": {""compressive_strength_avg"": 10.0, ""compressive_strength_std"": 6.5}, ""MU15"": {""compressive_strength_avg"": 15.0, ""compressive_strength_std"": 10.0}, ""MU20"": {""compressive_strength_avg"": 20.0, ""compressive_strength_std"": 14.0}, ""MU25"": {""compressive_strength_avg"": 25.0, ""compressive_strength_std"": 18.0}, ""MU30"": {""compressive_strength_avg"": 30.0, ""compressive_strength_std"": 22.0}}}, {""param"": ""密度等级"", ""type"": ""enum"", ""required"": true, ""source_standard"": ""GB 13544-2011"", ""source_clause"": ""GB13544-2011-5.3"", ""unit"": ""kg/m³"", ""default"": ""1000"", ""values"": [""900"", ""1000"", ""1100"", ""1200"", ""1300""]}, {""param"": ""孔洞率"", ""type"": ""number"", ""required"": true, ""source_standard"": ""GB 13544-2011"", ""source_clause"": ""GB13544-2011-5.5"", ""unit"": ""%"", ""default"": ""28"", ""values"": [""28""]}, {""param"": ""长度"", ""type"": ""number"", ""required"": true, ""source_standard"": ""GB 13544-2011"", ""source_clause"": ""GB13544-2011-4.2"", ""unit"": ""mm"", ""default"": ""290"", ""values"": [""290""]}, {""param"": ""宽度"", ""type"": ""number"", ""required"": true, ""source_standard"": ""GB 13544-2011"", ""source_clause"": ""GB13544-2011-4.2"", ""unit"": ""mm"", ""default"": ""140"", ""values"": [""140""]}, {""param"": ""高度"", ""type"": ""number"", ""required"": true, ""source_standard"": ""GB 13544-2011"", ""source_clause"": ""GB13544-2011-4.2"", ""unit"": ""mm"", ""default"": ""90"", ""values"": [""90""]}, {""param"": ""品种"", ""type"": ""enum"", ""required"": true, ""source_standard"": ""GB 13544-2011"", ""source_clause"": ""GB13544-2011-4.1"", ""default"": ""粘土"", ""values"": [""粘土"", ""粉煤灰"", ""页岩"", ""煤矸石""]}, {""param"": ""抗压强度平均值"", ""type"": ""number"", ""required"": false, ""source_standard"": ""GB 13544-2011"", ""source_clause"": ""GB13544-2011-表4"", ""unit"": ""MPa""}, {""param"": ""强度标准值fk"", ""type"": ""number"", ""required"": false, ""source_standard"": ""GB 13544-2011"", ""source_clause"": ""GB13544-2011-表4"", ""unit"": ""MPa""}]",MU10,GB 13544-2011,1129,水泥、砖瓦灰砂石及混凝土制品 > 砌砖、砌块 > 砌砖,0.03
MAT-BLO-001,蒸压加气混凝土砌块 A5.0 B06,砌体材料,砌块,加气混凝土砌块,砌体材料/砌块/加气混凝土砌块,"[""加气块"",""加气砖"",""加气混凝土砌块"",""轻质砖"",""泡沫砖"",""蒸压加气混凝土砌块"",""AAC砌块"",""发泡砖""]","[""A5.0"",""B06"",""加气"",""蒸压"",""600×240×200"",""600×240×100"",""轻质""]","[""砌筑工程""]","[""砌块墙"",""填充墙"",""非承重墙"",""隔墙"",""外墙""]","[""承重墙"",""实心砖"",""烧结砖""]",m³,1m³/托盘,10,m³,"[{""param"": ""强度"", ""values"": [""A3.5"", ""A5.0""]}, {""param"": ""密度"", ""values"": [""B06"", ""B07""]}]",A3.5 B06,GB/T 11968-2020,17,水泥、砖瓦灰砂石及混凝土制品 > 砌砖、砌块 > 砌块,0.04
MAT-BLO-002,轻集料混凝土小型空心砌块,砌体材料,砌块,轻集料砌块,砌体材料/砌块/轻集料砌块,"[""轻集料砌块"",""陶粒砌块"",""陶粒混凝土砌块"",""空心砌块"",""轻骨料砌块""]","[""轻集料"",""陶粒"",""空心"",""390×190×190""]","[""砌筑工程""]","[""填充墙"",""非承重墙"",""内隔墙""]","[""加气块"",""普通砖"",""烧结砖""]",m³,1m³/托盘,8,m³,"[{""param"": ""强度等级"", ""type"": ""enum"", ""required"": true, ""source_standard"": ""GB/T 15229-2011"", ""source_clause"": ""GB15229-2011-5.3"", ""default"": ""MU5.0"", ""values"": [""MU2.5"", ""MU3.5"", ""MU5.0"", ""MU7.5""], ""linked_params"": {""MU2.5"": {""compressive_strength_avg"": 2.5, ""compressive_strength_min"": 2.0, ""max_density_grade"": 800}, ""MU3.5"": {""compressive_strength_avg"": 3.5, ""compressive_strength_min"": 2.8, ""max_density_grade"": 1000}, ""MU5.0"": {""compressive_strength_avg"": 5.0, ""compressive_strength_min"": 4.0, ""max_density_grade"": 1200}, ""MU7.5"": {""compressive_strength_avg"": 7.5, ""compressive_strength_min"": 6.0, ""max_density_grade"": 1400}}}, {""param"": ""密度等级"", ""type"": ""enum"", ""required"": true, ""source_standard"": ""GB/T 15229-2011"", ""source_clause"": ""GB15229-2011-5.2"", ""unit"": ""kg/m³"", ""default"": ""900"", ""values_count"": 8, ""values"": [""700"", ""800"", ""900"", ""1000"", ""1100"", ""1200"", ""1300"", ""1400"", ""...""]}, {""param"": ""吸水率"", ""type"": ""number"", ""required"": true, ""source_standard"": ""GB/T 15229-2011"", ""source_clause"": ""GB15229-2011-5.4.1"", ""unit"": ""%"", ""default"": ""18"", ""values"": [""18""]}, {""param"": ""长度"", ""type"": ""number"", ""required"": true, ""source_standard"": ""GB/T 15229-2011"", ""source_clause"": ""GB15229-2011-4.1"", ""unit"": ""mm"", ""default"": ""390""}, {""param"": ""宽度"", ""type"": ""number"", ""required"": true, ""source_standard"": ""GB/T 15229-2011"", ""source_clause"": ""GB15229-2011-4.1"", ""unit"": ""mm"", ""default"": ""190""}, {""param"": ""高度"", ""type"": ""number"", ""required"": true, ""source_standard"": ""GB/T 15229-2011"", ""source_clause"": ""GB15229-2011-4.1"", ""unit"": ""mm"", ""default"": ""190""}, {""param"": ""抗冻标号"", ""type"": ""enum"", ""required"": true, ""source_standard"": ""GB/T 15229-2011"", ""source_clause"": ""GB15229-2011-5.5"", ""default"": ""D25"", ""values"": [""D15"", ""D25"", ""D35"", ""D50""]}]",,GB/T 15229-2011,1112,砼、砂浆及其他配合比材料 > 预拌混凝土 > 轻骨料混凝土,0.01
MAT-STO-001,毛石（块石） MU30,砌体材料,石材,毛石,砌体材料/石材/毛石,"[""毛石"",""块石"",""片石"",""乱毛石"",""MU30毛石"",""粗料石""]","[""毛石"",""块石"",""MU30"",""乱毛""]","[""砌筑工程"",""地基处理工程""]","[""石基础"",""石墙"",""石挡土墙"",""石护坡"",""垫层换填""]","[""料石"",""方整石"",""条石"",""花岗岩板材"",""大理石""]",t,NULL,5,t,"[{""param"": ""类别"", ""type"": ""enum"", ""required"": true, ""source_standard"": ""GB/T 14685-2022"", ""source_clause"": ""GB/T 14685-2022-4"", ""default"": ""毛石"", ""values"": [""毛石"", ""块石"", ""片石"", ""粗料石""]}, {""param"": ""强度等级"", ""type"": ""enum"", ""required"": true, ""source_standard"": ""GB/T 14685-2022"", ""source_clause"": ""GB/T 14685-2022-6.2"", ""default"": ""MU30"", ""values"": [""MU20"", ""MU30"", ""MU40"", ""MU50"", ""MU60"", ""MU80"", ""MU100""]}, {""param"": ""最大粒径"", ""type"": ""number"", ""required"": false, ""source_standard"": ""GB/T 14685-2022"", ""source_clause"": ""GB/T 14685-2022-5.1"", ""unit"": ""mm""}, {""param"": ""含泥量"", ""type"": ""number"", ""required"": false, ""source_standard"": ""GB/T 14685-2022"", ""source_clause"": ""GB/T 14685-2022-6.4"", ""unit"": ""%""}, {""param"": ""泥块含量"", ""type"": ""number"", ""required"": false, ""source_standard"": ""GB/T 14685-2022"", ""source_clause"": ""GB/T 14685-2022-6.5"", ""unit"": ""%""}, {""param"": ""针片状颗粒含量"", ""type"": ""number"", ""required"": false, ""source_standard"": ""GB/T 14685-2022"", ""source_clause"": ""GB/T 14685-2022-6.6"", ""unit"": ""%""}, {""param"": ""坚固性"", ""type"": ""number"", ""required"": false, ""source_standard"": ""GB/T 14685-2022"", ""source_clause"": ""GB/T 14685-2022-6.8"", ""unit"": ""%""}, {""param"": ""压碎指标"", ""type"": ""number"", ""required"": false, ""source_standard"": ""GB/T 14685-2022"", ""source_clause"": ""GB/T 14685-2022-6.7"", ""unit"": ""%""}, {""param"": ""表观密度"", ""type"": ""number"", ""required"": false, ""source_standard"": ""GB/T 14685-2022"", ""source_clause"": ""GB/T 14685-2022-6.9"", ""unit"": ""kg/m³""}, {""param"": ""吸水率"", ""type"": ""number"", ""required"": false, ""source_standard"": ""GB/T 14685-2022"", ""source_clause"": ""GB/T 14685-2022-6.10"", ""unit"": ""%""}]",,GB/T 14685-2022,1126,水泥、砖瓦灰砂石及混凝土制品 > 砂石、粉、灰、土 > 石料,0.03
MAT-WAL-001,轻质隔墙板（GRC）,砌体材料,墙板,轻质墙板,砌体材料/墙板/轻质墙板,"[""轻质墙板"",""GRC板"",""轻质隔墙板"",""玻璃纤维增强水泥板"",""空心隔墙板"",""轻质复合墙板""]","[""轻质"",""GRC"",""隔墙"",""空心"",""90mm"",""100mm"",""120mm""]","[""砌筑工程""]","[""轻质墙板"",""内隔墙""]","[""加气块"",""砖墙"",""ALC"",""石膏板""]",m²,NULL,50,m²,"[{""param"": ""厚度"", ""type"": ""enum"", ""required"": true, ""source_standard"": """", ""source_clause"": """", ""unit"": ""mm"", ""default"": ""90"", ""values"": [""60"", ""75"", ""90"", ""100"", ""120"", ""150""]}, {""param"": ""宽度"", ""type"": ""number"", ""required"": true, ""source_standard"": """", ""source_clause"": """", ""unit"": ""mm"", ""default"": ""600""}, {""param"": ""长度"", ""type"": ""number"", ""required"": true, ""source_standard"": """", ""source_clause"": """", ""unit"": ""mm"", ""default"": ""2800""}, {""param"": ""面密度"", ""type"": ""number"", ""required"": false, ""source_standard"": """", ""source_clause"": """", ""unit"": ""kg/m²""}, {""param"": ""抗弯破坏荷载"", ""type"": ""number"", ""required"": false, ""source_standard"": """", ""source_clause"": """", ""unit"": ""倍板自重""}, {""param"": ""抗冲击性能"", ""type"": ""number"", ""required"": false, ""source_standard"": """", ""source_clause"": """", ""unit"": ""次""}, {""param"": ""吊挂力"", ""type"": ""number"", ""required"": false, ""source_standard"": """", ""source_clause"": """", ""unit"": ""N""}, {""param"": ""空气声隔声量"", ""type"": ""number"", ""required"": false, ""source_standard"": """", ""source_clause"": """", ""unit"": ""dB""}, {""param"": ""耐火极限"", ""type"": ""number"", ""required"": false, ""source_standard"": """", ""source_clause"": """", ""unit"": ""h""}, {""param"": ""含水率"", ""type"": ""number"", ""required"": false, ""source_standard"": """", ""source_clause"": """", ""unit"": ""%""}]",,,52,墙面、天棚及屋面饰面材料 > 轻质复合板 > 轻质复合板,0.05
MAT-WAP-001,SBS改性沥青防水卷材 3mm,防水材料,卷材,SBS改性沥青,防水材料/卷材类/SBS改性沥青,"[""SBS防水卷材"",""SBS卷材"",""改性沥青卷材"",""弹性体改性沥青卷材"",""SBS防水"",""沥青防水卷材"",""聚酯胎卷材""]","[""SBS"",""改性沥青"",""聚酯胎"",""-20℃"",""热熔"",""3mm""]","[""屋面及防水工程"",""地下防水工程""]","[""屋面"",""地下室底板"",""地下室侧墙"",""顶板"",""卫生间""]","[""自粘"",""高分子"",""PVC卷材"",""TPO"",""涂料"",""4mm""]",m²,10m²/卷,100,m²,"[{""param"": ""胎基"", ""type"": ""enum"", ""required"": true, ""source_standard"": ""GB/T 18242-2025"", ""source_clause"": ""GB/T 18242-2025-4.1"", ""default"": ""PY"", ""values"": [""PY"", ""G""]}, {""param"": ""型号"", ""type"": ""enum"", ""required"": true, ""source_standard"": ""GB/T 18242-2025"", ""source_clause"": ""GB/T 18242-2025-4.2"", ""default"": ""I"", ""values"": [""I"", ""II""]}, {""param"": ""厚度"", ""type"": ""enum"", ""required"": true, ""source_standard"": ""GB/T 18242-2025"", ""source_clause"": ""GB/T 18242-2025-5.1"", ""unit"": ""mm"", ""default"": ""3"", ""values"": [""3"", ""4"", ""5""]}, {""param"": ""上表面隔离材料"", ""type"": ""enum"", ""required"": true, ""source_standard"": ""GB/T 18242-2025"", ""source_clause"": ""GB/T 18242-2025-4.3"", ""default"": ""PE"", ""values"": [""PE"", ""S"", ""M"", ""细砂""]}, {""param"": ""下表面隔离材料"", ""type"": ""enum"", ""required"": true, ""source_standard"": ""GB/T 18242-2025"", ""source_clause"": ""GB/T 18242-2025-4.3"", ""default"": ""PE"", ""values"": [""PE"", ""S""]}, {""param"": ""低温柔性"", ""type"": ""number"", ""required"": false, ""source_standard"": ""GB/T 18242-2025"", ""source_clause"": ""GB/T 18242-2025-6.7"", ""unit"": ""℃"", ""default"": ""-20""}, {""param"": ""耐热性"", ""type"": ""number"", ""required"": false, ""source_standard"": ""GB/T 18242-2025"", ""source_clause"": ""GB/T 18242-2025-6.6"", ""unit"": ""℃"", ""default"": ""90""}, {""param"": ""不透水性"", ""type"": ""text"", ""required"": false, ""source_standard"": ""GB/T 18242-2025"", ""source_clause"": ""GB/T 18242-2025-6.8"", ""default"": ""0.3MPa, 30min""}, {""param"": ""拉力"", ""type"": ""number"", ""required"": false, ""source_standard"": ""GB/T 18242-2025"", ""source_clause"": ""GB/T 18242-2025-6.4"", ""unit"": ""N/50mm""}, {""param"": ""延伸率"", ""type"": ""number"", ""required"": false, ""source_standard"": ""GB/T 18242-2025"", ""source_clause"": ""GB/T 18242-2025-6.4"", ""unit"": ""%""}]",,GB/T 18242-2025,223,涂料及防腐、防水材料 > 防水材料 > 防水卷材,0.12
MAT-WAP-002,SBS改性沥青防水卷材 4mm,防水材料,卷材,SBS改性沥青,防水材料/卷材类/SBS改性沥青,"[""SBS防水卷材4mm"",""SBS卷材4mm"",""4mmSBS"",""4mm改性沥青卷材""]","[""SBS"",""4mm"",""改性沥青"",""聚酯胎""]","[""屋面及防水工程""]","[""屋面"",""地下室"",""车库顶板""]","[""3mm"",""自粘"",""涂料""]",m²,10m²/卷,100,m²,"[{""param"": ""胎基"", ""type"": ""enum"", ""required"": true, ""source_standard"": ""GB/T 18242-2025"", ""source_clause"": ""GB/T 18242-2025-4.1"", ""default"": ""PY"", ""values"": [""PY"", ""G""]}, {""param"": ""型号"", ""type"": ""enum"", ""required"": true, ""source_standard"": ""GB/T 18242-2025"", ""source_clause"": ""GB/T 18242-2025-4.2"", ""default"": ""I"", ""values"": [""I"", ""II""]}, {""param"": ""厚度"", ""type"": ""enum"", ""required"": true, ""source_standard"": ""GB/T 18242-2025"", ""source_clause"": ""GB/T 18242-2025-5.1"", ""unit"": ""mm"", ""default"": ""4"", ""values"": [""3"", ""4"", ""5""]}, {""param"": ""上表面隔离材料"", ""type"": ""enum"", ""required"": true, ""source_standard"": ""GB/T 18242-2025"", ""source_clause"": ""GB/T 18242-2025-4.3"", ""default"": ""PE"", ""values"": [""PE"", ""S"", ""M"", ""细砂""]}, {""param"": ""下表面隔离材料"", ""type"": ""enum"", ""required"": true, ""source_standard"": ""GB/T 18242-2025"", ""source_clause"": ""GB/T 18242-2025-4.3"", ""default"": ""PE"", ""values"": [""PE"", ""S""]}, {""param"": ""低温柔性"", ""type"": ""number"", ""required"": false, ""source_standard"": ""GB/T 18242-2025"", ""source_clause"": ""GB/T 18242-2025-6.7"", ""unit"": ""℃"", ""default"": ""-20""}, {""param"": ""耐热性"", ""type"": ""number"", ""required"": false, ""source_standard"": ""GB/T 18242-2025"", ""source_clause"": ""GB/T 18242-2025-6.6"", ""unit"": ""℃"", ""default"": ""90""}, {""param"": ""不透水性"", ""type"": ""text"", ""required"": false, ""source_standard"": ""GB/T 18242-2025"", ""source_clause"": ""GB/T 18242-2025-6.8"", ""default"": ""0.3MPa, 30min""}, {""param"": ""拉力"", ""type"": ""number"", ""required"": false, ""source_standard"": ""GB/T 18242-2025"", ""source_clause"": ""GB/T 18242-2025-6.4"", ""unit"": ""N/50mm""}, {""param"": ""延伸率"", ""type"": ""number"", ""required"": false, ""source_standard"": ""GB/T 18242-2025"", ""source_clause"": ""GB/T 18242-2025-6.4"", ""unit"": ""%""}]",,GB/T 18242-2025,223,涂料及防腐、防水材料 > 防水材料 > 防水卷材,0.12
MAT-WAP-003,聚氨酯防水涂料（双组分）,防水材料,涂料类,聚氨酯防水涂料,防水材料/涂料类/聚氨酯,"[""聚氨酯防水涂料"",""PU防水涂料"",""聚氨酯涂膜"",""聚氨酯防水"",""水性聚氨酯"",""单组分聚氨酯"",""911聚氨酯"",""聚氨酯甲乙料""]","[""聚氨酯"",""PU"",""涂膜"",""单组分"",""双组分"",""弹性"",""液态""]","[""屋面及防水工程"",""楼地面""]","[""卫生间"",""阳台"",""屋面"",""地下室"",""水池"",""厨房""]","[""卷材"",""JS防水"",""水泥基"",""丙烯酸"",""喷涂聚脲""]",kg,25kg/桶,100,kg,"[{""param"": ""产品类型"", ""type"": ""enum"", ""required"": true, ""source_standard"": ""GB/T 19250-2013"", ""source_clause"": ""GB19250-2013-4.1"", ""default"": ""II"", ""values"": [""I"", ""II"", ""III""], ""linked_params"": {""I"": {""tensile_strength"": 2.0, ""elongation"": 500, ""tear_strength"": 15}, ""II"": {""tensile_strength"": 6.0, ""elongation"": 450, ""tear_strength"": 30}, ""III"": {""tensile_strength"": 12.0, ""elongation"": 250, ""tear_strength"": 40}}}, {""param"": ""组分类别"", ""type"": ""enum"", ""required"": true, ""source_standard"": ""GB/T 19250-2013"", ""source_clause"": ""GB19250-2013-4.2"", ""default"": ""双组分"", ""values"": [""单组分"", ""双组分""]}, {""param"": ""拉伸强度"", ""type"": ""number"", ""required"": false, ""source_standard"": ""GB/T 19250-2013"", ""source_clause"": ""GB19250-2013-表1"", ""unit"": ""MPa""}, {""param"": ""断裂伸长率"", ""type"": ""number"", ""required"": false, ""source_standard"": ""GB/T 19250-2013"", ""source_clause"": ""GB19250-2013-表1"", ""unit"": ""%""}, {""param"": ""撕裂强度"", ""type"": ""number"", ""required"": false, ""source_standard"": ""GB/T 19250-2013"", ""source_clause"": ""GB19250-2013-表1"", ""unit"": ""N/mm""}, {""param"": ""固体含量"", ""type"": ""number"", ""required"": true, ""source_standard"": ""GB/T 19250-2013"", ""source_clause"": ""GB19250-2013-表1"", ""unit"": ""%"", ""default"": ""92""}, {""param"": ""粘结强度"", ""type"": ""number"", ""required"": true, ""source_standard"": ""GB/T 19250-2013"", ""source_clause"": ""GB19250-2013-表1"", ""unit"": ""MPa"", ""default"": ""1.0"", ""values"": [""1.0""]}, {""param"": ""燃烧性能"", ""type"": ""enum"", ""required"": true, ""source_standard"": ""GB/T 19250-2013"", ""source_clause"": ""GB19250-2013-表1"", ""default"": ""B2-E"", ""values"": [""B2-E""]}, {""param"": ""环保等级"", ""type"": ""enum"", ""required"": false, ""source_standard"": ""GB/T 19250-2013"", ""source_clause"": ""GB19250-2013-5.3"", ""default"": ""A类"", ""values"": [""A类"", ""B类""], ""linked_params"": {""A类"": {""voc_limit"": ""50""}, ""B类"": {""voc_limit"": ""200""}}}]",,GB/T 19250-2013,232,涂料及防腐、防水材料 > 防水材料 > 防水涂料,0.05
MAT-WAP-004,水泥基渗透结晶型防水涂料,防水材料,涂料类,水泥基防水,防水材料/涂料类/水泥基渗透结晶,"[""水泥基防水涂料"",""渗透结晶"",""水泥基防水"",""刚性防水"",""渗透结晶型防水"",""CCCW"",""赛博斯""]","[""水泥基"",""渗透结晶"",""CCCW"",""刚性"",""涂刷""]","[""屋面及防水工程"",""地下防水工程""]","[""地下室底板"",""地下室侧墙"",""水池"",""基础"",""屋面"",""卫生间"",""墙面""]","[""卷材"",""聚氨酯"",""JS防水"",""柔性"",""丙烯酸""]",kg,25kg/桶,100,kg,"[{""param"": ""类型"", ""type"": ""enum"", ""required"": true, ""source_standard"": ""GB 18445-2012"", ""source_clause"": ""GB 18445-2012-4.1"", ""default"": ""C"", ""values"": [""C"", ""A""]}, {""param"": ""含水率"", ""type"": ""number"", ""required"": false, ""source_standard"": ""GB 18445-2012"", ""source_clause"": ""GB 18445-2012-6.1"", ""unit"": ""%""}, {""param"": ""细度"", ""type"": ""number"", ""required"": false, ""source_standard"": ""GB 18445-2012"", ""source_clause"": ""GB 18445-2012-6.2"", ""unit"": ""%""}, {""param"": ""氯离子含量"", ""type"": ""number"", ""required"": false, ""source_standard"": ""GB 18445-2012"", ""source_clause"": ""GB 18445-2012-6.3"", ""unit"": ""%""}, {""param"": ""施工性"", ""type"": ""text"", ""required"": false, ""source_standard"": ""GB 18445-2012"", ""source_clause"": ""GB 18445-2012-6.4"", ""default"": ""刮涂无障碍""}, {""param"": ""抗折强度"", ""type"": ""number"", ""required"": false, ""source_standard"": ""GB 18445-2012"", ""source_clause"": ""GB 18445-2012-6.5"", ""unit"": ""MPa""}, {""param"": ""抗压强度"", ""type"": ""number"", ""required"": false, ""source_standard"": ""GB 18445-2012"", ""source_clause"": ""GB 18445-2012-6.5"", ""unit"": ""MPa""}, {""param"": ""湿基面粘结强度"", ""type"": ""number"", ""required"": false, ""source_standard"": ""GB 18445-2012"", ""source_clause"": ""GB 18445-2012-6.6"", ""unit"": ""MPa""}, {""param"": ""抗渗压力"", ""type"": ""number"", ""required"": false, ""source_standard"": ""GB 18445-2012"", ""source_clause"": ""GB 18445-2012-6.7"", ""unit"": ""MPa""}, {""param"": ""第二次抗渗压力"", ""type"": ""number"", ""required"": false, ""source_standard"": ""GB 18445-2012"", ""source_clause"": ""GB 18445-2012-6.8"", ""unit"": ""MPa""}, {""param"": ""渗透压力比"", ""type"": ""number"", ""required"": false, ""source_standard"": ""GB 18445-2012"", ""source_clause"": ""GB 18445-2012-6.9"", ""unit"": ""%""}]",,GB 18445-2012,232,涂料及防腐、防水材料 > 防水材料 > 防水涂料,0.05
MAT-WAP-005,JS聚合物水泥防水涂料,防水材料,涂料类,聚合物水泥,防水材料/涂料类/JS防水涂料,"[""JS防水"",""JS涂料"",""聚合物水泥防水"",""JS聚合物"",""聚合物防水涂料""]","[""JS"",""聚合物"",""乳液"",""水泥基"",""双组分""]","[""屋面及防水工程""]","[""卫生间"",""厨房"",""阳台"",""墙面"",""楼面""]","[""聚氨酯"",""SBS"",""卷材"",""水泥基渗透结晶""]",kg,25kg/桶,100,kg,"[{""param"": ""类型"", ""type"": ""enum"", ""required"": true, ""source_standard"": ""GB/T 23445-2025"", ""source_clause"": ""GB/T 23445-2025-4.1"", ""default"": ""I"", ""values"": [""I"", ""II"", ""III""]}, {""param"": ""固体含量"", ""type"": ""number"", ""required"": false, ""source_standard"": ""GB/T 23445-2025"", ""source_clause"": ""GB/T 23445-2025-6.1"", ""unit"": ""%""}, {""param"": ""拉伸强度"", ""type"": ""number"", ""required"": false, ""source_standard"": ""GB/T 23445-2025"", ""source_clause"": ""GB/T 23445-2025-6.4"", ""unit"": ""MPa""}, {""param"": ""断裂伸长率"", ""type"": ""number"", ""required"": false, ""source_standard"": ""GB/T 23445-2025"", ""source_clause"": ""GB/T 23445-2025-6.4"", ""unit"": ""%""}, {""param"": ""粘结强度"", ""type"": ""number"", ""required"": false, ""source_standard"": ""GB/T 23445-2025"", ""source_clause"": ""GB/T 23445-2025-6.5"", ""unit"": ""MPa""}, {""param"": ""不透水性"", ""type"": ""text"", ""required"": false, ""source_standard"": ""GB/T 23445-2025"", ""source_clause"": ""GB/T 23445-2025-6.6"", ""default"": ""0.3MPa, 30min""}, {""param"": ""低温柔性"", ""type"": ""number"", ""required"": false, ""source_standard"": ""GB/T 23445-2025"", ""source_clause"": ""GB/T 23445-2025-6.7"", ""unit"": ""℃""}, {""param"": ""抗渗性"", ""type"": ""number"", ""required"": false, ""source_standard"": ""GB/T 23445-2025"", ""source_clause"": ""GB/T 23445-2025-6.8"", ""unit"": ""MPa""}]",,GB/T 23445-2025,232,涂料及防腐、防水材料 > 防水材料 > 防水涂料,0.05
MAT-WAP-006,自粘聚合物改性沥青防水卷材,防水材料,卷材类,自粘卷材,防水材料/卷材类/自粘沥青,"[""自粘卷材"",""自粘防水"",""自粘沥青"",""自粘SBS"",""湿铺自粘"",""干铺自粘"",""高聚物改性沥青自粘卷材""]","[""自粘"",""湿铺"",""干铺"",""无胎"",""有胎"",""1.5mm"",""2.0mm""]","[""屋面及防水工程""]","[""屋面"",""地下室"",""车库顶板"",""种植屋面""]","[""SBS"",""热熔"",""APP"",""涂料"",""JS""]",m²,10m²/卷,100,m²,"[{""param"": ""产品类型"", ""type"": ""enum"", ""required"": true, ""source_standard"": ""GB/T 23457-2025"", ""source_clause"": ""GB/T 23457-2025 4.1"", ""default"": ""PY"", ""values"": [""PY"", ""N"", ""R""], ""linked_params"": {""PY"": {""description"": ""聚酯胎基""}, ""N"": {""description"": ""无胎基""}, ""R"": {""description"": ""复合增强胎基""}}}, {""param"": ""施工方式"", ""type"": ""enum"", ""required"": true, ""source_standard"": ""GB/T 23457-2025"", ""source_clause"": ""GB/T 23457-2025 4.2"", ""default"": ""W"", ""values"": [""W"", ""D""], ""linked_params"": {""W"": {""description"": ""湿铺""}, ""D"": {""description"": ""干铺""}}}, {""param"": ""厚度"", ""type"": ""enum"", ""required"": true, ""source_standard"": ""GB/T 23457-2025"", ""source_clause"": ""GB/T 23457-2025 5.1"", ""unit"": ""mm"", ""default"": ""1.5"", ""values"": [""1.2"", ""1.5"", ""2.0"", ""3.0"", ""4.0""]}, {""param"": ""宽度"", ""type"": ""number"", ""required"": false, ""source_standard"": ""GB/T 23457-2025"", ""source_clause"": ""GB/T 23457-2025 5.1"", ""unit"": ""m"", ""default"": ""1.0""}, {""param"": ""面积"", ""type"": ""number"", ""required"": false, ""source_standard"": ""GB/T 23457-2025"", ""source_clause"": ""GB/T 23457-2025 5.1"", ""unit"": ""m²/卷"", ""default"": ""15""}, {""param"": ""上表面材料"", ""type"": ""enum"", ""required"": false, ""source_standard"": ""GB/T 23457-2025"", ""source_clause"": ""GB/T 23457-2025 4.3"", ""values"": [""PE"", ""S"", ""M"", ""AL""], ""linked_params"": {""PE"": {""description"": ""聚乙烯膜""}, ""S"": {""description"": ""细砂""}, ""M"": {""description"": ""矿物粒料""}, ""AL"": {""description"": ""铝箔""}}}, {""param"": ""拉力"", ""type"": ""number"", ""required"": false, ""source_standard"": ""GB/T 23457-2025"", ""source_clause"": ""GB/T 23457-2025 6.3 表2"", ""unit"": ""N/50mm""}, {""param"": ""延伸率"", ""type"": ""number"", ""required"": false, ""source_standard"": ""GB/T 23457-2025"", ""source_clause"": ""GB/T 23457-2025 6.3 表2"", ""unit"": ""%""}, {""param"": ""耐热性"", ""type"": ""text"", ""required"": false, ""source_standard"": ""GB/T 23457-2025"", ""source_clause"": ""GB/T 23457-2025 6.3 表2"", ""default"": ""70℃无流淌""}, {""param"": ""低温柔性"", ""type"": ""text"", ""required"": false, ""source_standard"": ""GB/T 23457-2025"", ""source_clause"": ""GB/T 23457-2025 6.3 表2"", ""default"": ""-20℃无裂纹""}, {""param"": ""不透水性"", ""type"": ""text"", ""required"": false, ""source_standard"": ""GB/T 23457-2025"", ""source_clause"": ""GB/T 23457-2025 6.3 表2"", ""default"": ""0.3MPa 120min不透水""}]",,GB/T 23457-2025,223,涂料及防腐、防水材料 > 防水材料 > 防水卷材,0.12
MAT-WAP-007,橡胶止水带 300×8mm,防水材料,止水带,橡胶止水带,防水材料/止水带/橡胶止水带,"[""止水带"",""橡胶止水带"",""变形缝止水带"",""止水条"",""膨胀止水条"",""钢板止水带""]","[""止水带"",""止水"",""300×8"",""中埋式"",""背贴式""]","[""屋面及防水工程"",""地下防水工程""]","[""基础"",""地下室"",""变形缝"",""施工缝"",""沉降缝""]","[""卷材"",""涂料""]",m,20m/卷,20,m,"[{""param"": ""止水带类型"", ""type"": ""enum"", ""required"": true, ""source_standard"": ""GB 18173.2-2014"", ""source_clause"": ""GB18173.2-2014-3.1"", ""default"": ""JX"", ""values"": [""JX"", ""JY"", ""JS""], ""linked_params"": {""JX"": {""tensile_strength"": 10, ""elongation"": 380, ""tear_strength"": 30, ""hardness"": 60}, ""JY"": {""tensile_strength"": 16, ""elongation"": 400, ""tear_strength"": 30, ""hardness"": 60}, ""JS"": {""tensile_strength"": 16, ""elongation"": 400, ""tear_strength"": 20, ""hardness"": 50}}}, {""param"": ""宽度"", ""type"": ""number"", ""required"": true, ""source_standard"": ""GB 18173.2-2014"", ""source_clause"": ""GB18173.2-2014-表1"", ""unit"": ""mm"", ""default"": ""300"", ""values"": [""300""]}, {""param"": ""厚度"", ""type"": ""number"", ""required"": true, ""source_standard"": ""GB 18173.2-2014"", ""source_clause"": ""GB18173.2-2014-表1"", ""unit"": ""mm"", ""default"": ""8"", ""values"": [""8""]}, {""param"": ""拉伸强度"", ""type"": ""number"", ""required"": true, ""source_standard"": ""GB 18173.2-2014"", ""source_clause"": ""GB18173.2-2014-表3"", ""unit"": ""MPa""}, {""param"": ""拉断伸长率"", ""type"": ""number"", ""required"": true, ""source_standard"": ""GB 18173.2-2014"", ""source_clause"": ""GB18173.2-2014-表3"", ""unit"": ""%""}, {""param"": ""撕裂强度"", ""type"": ""number"", ""required"": true, ""source_standard"": ""GB 18173.2-2014"", ""source_clause"": ""GB18173.2-2014-表3"", ""unit"": ""kN/m""}]",,GB 18173.2-2014,1218,消防器材 > 喷水灭火产品 > 软管卷盘、水龙带及接口,0.01
MAT-WAP-008,聚氯乙烯防水卷材(PVC),防水材料,卷材类,PVC防水卷材,防水材料/卷材类/PVC防水卷材,"[""PVC卷材"",""聚氯乙烯卷材"",""PVC防水""]","[""PVC"",""聚氯乙烯"",""冷粘"",""焊接""]","[""屋面及防水工程""]","[""屋面"",""地下室"",""水池""]","[""SBS"",""自粘"",""改性沥青""]",m²,10m²/卷,100,m²,"[{""param"": ""产品类型"", ""type"": ""enum"", ""required"": true, ""source_standard"": ""GB/T 11982.1-2015"", ""source_clause"": ""GB/T 11982.1-2015 4.1"", ""default"": ""H"", ""values"": [""H"", ""T""], ""linked_params"": {""H"": {""description"": ""同质聚氯乙烯卷材"", ""standard"": ""GB/T 11982.2-2015""}, ""T"": {""description"": ""非同质聚氯乙烯卷材"", ""standard"": ""GB/T 11982.1-2015""}}}, {""param"": ""厚度"", ""type"": ""enum"", ""required"": true, ""source_standard"": ""GB/T 11982.1-2015"", ""source_clause"": ""GB/T 11982.1-2015 5.1"", ""unit"": ""mm"", ""default"": ""2.0"", ""values"": [""1.5"", ""2.0"", ""2.5"", ""3.0""]}, {""param"": ""宽度"", ""type"": ""number"", ""required"": false, ""source_standard"": ""GB/T 11982.1-2015"", ""source_clause"": ""GB/T 11982.1-2015 5.1"", ""unit"": ""m"", ""default"": ""2.0""}, {""param"": ""长度"", ""type"": ""number"", ""required"": false, ""source_standard"": ""GB/T 11982.1-2015"", ""source_clause"": ""GB/T 11982.1-2015 5.1"", ""unit"": ""m"", ""default"": ""20""}, {""param"": ""耐磨层厚度"", ""type"": ""number"", ""required"": false, ""source_standard"": ""GB/T 11982.1-2015"", ""source_clause"": ""GB/T 11982.1-2015 5.1"", ""unit"": ""mm"", ""default"": ""0.35""}, {""param"": ""耐磨性"", ""type"": ""enum"", ""required"": false, ""source_standard"": ""GB/T 11982.1-2015"", ""source_clause"": ""GB/T 11982.1-2015 6.3 表3"", ""values"": [""T"", ""P"", ""M"", ""F""], ""linked_params"": {""T"": {""description"": ""极高耐磨""}, ""P"": {""description"": ""高耐磨""}, ""M"": {""description"": ""中耐磨""}, ""F"": {""description"": ""普通耐磨""}}}, {""param"": ""残余凹陷度"", ""type"": ""number"", ""required"": false, ""source_standard"": ""GB/T 11982.1-2015"", ""source_clause"": ""GB/T 11982.1-2015 6.3 表3"", ""unit"": ""mm""}, {""param"": ""色牢度"", ""type"": ""number"", ""required"": false, ""source_standard"": ""GB/T 11982.1-2015"", ""source_clause"": ""GB/T 11982.1-2015 6.3 表3"", ""unit"": ""级""}]",,GB/T 11982.1-2015; GB/T 11982.2-2015,223,涂料及防腐、防水材料 > 防水材料 > 防水卷材,0.12
MAT-WAP-009,冷底子油,防水材料,涂料类,基层处理剂,防水材料/涂料类/基层处理剂,"[""冷底子油"",""基层处理剂"",""底涂"",""基底处理剂""]","[""冷底"",""基层处理"",""底涂""]","[""屋面及防水工程""]","[""屋面"",""地下室"",""墙体防水基层""]","[""卷材"",""防水涂料""]",kg,20kg/桶,50,kg,"[{""param"": ""类型"", ""type"": ""enum"", ""required"": true, ""source_standard"": """", ""source_clause"": """", ""default"": ""石油沥青型"", ""values"": [""石油沥青型"", ""煤焦油沥青型"", ""乳化沥青型""]}, {""param"": ""固含量"", ""type"": ""number"", ""required"": false, ""source_standard"": """", ""source_clause"": """", ""unit"": ""%"", ""default"": ""40""}, {""param"": ""粘度"", ""type"": ""text"", ""required"": false, ""source_standard"": """", ""source_clause"": """", ""default"": ""涂-4杯 15-30s""}, {""param"": ""干燥时间"", ""type"": ""text"", ""required"": false, ""source_standard"": """", ""source_clause"": """", ""default"": ""表干≤2h""}]",,,,,
MAT-INS-001,绝热用挤塑聚苯乙烯泡沫塑料(XPS),保温隔热材料,有机保温,挤塑聚苯板,保温隔热材料/有机保温/XPS板,"[""XPS板"",""挤塑板"",""挤塑聚苯板"",""XPS保温板"",""挤塑保温板"",""聚苯乙烯保温板""]","[""XPS"",""挤塑"",""B1"",""闭孔""]","[""保温隔热工程"",""屋面工程""]","[""外墙"",""屋面"",""地面"",""冷库"",""地下室顶板""]","[""EPS"",""岩棉"",""聚氨酯"",""泡沫""]",m³,0.288m³/包,10,m³,"[{""param"": ""厚度"", ""unit"": ""mm"", ""values"": [""30"", ""40"", ""50"", ""60"", ""80"", ""100""]}, {""param"": ""密度"", ""unit"": ""kg/m³"", ""range"": [25, 35]}, {""param"": ""导热系数"", ""unit"": ""W/(m·K)"", ""max"": 0.03}]",B1级,GB/T 10801.2-2025,,,
MAT-INS-002,绝热用模塑聚苯乙烯泡沫塑料(EPS),保温隔热材料,有机保温,模塑聚苯板,保温隔热材料/有机保温/EPS板,"[""EPS板"",""苯板"",""聚苯板"",""EPS保温板"",""模塑板"",""泡沫板"",""聚苯保温板""]","[""EPS"",""模塑"",""B1"",""泡沫""]","[""保温隔热工程""]","[""外墙"",""屋面""]","[""XPS"",""岩棉"",""挤塑""]",m³,1m³/包,10,m³,"[{""param"": ""厚度"", ""unit"": ""mm"", ""values"": [""50"", ""60"", ""80"", ""100""]}]",B1级,GB/T 10801.1-2025,,,
MAT-INS-003,岩棉板 120kg/m³,保温隔热材料,无机保温,岩棉板,保温隔热材料/无机保温/岩棉板,"[""岩棉板"",""岩棉保温板"",""矿棉板"",""防火岩棉板"",""岩棉保温"",""外墙岩棉""]","[""岩棉"",""120kg"",""A级"",""不燃"",""憎水""]","[""保温隔热工程"",""防火工程""]","[""外墙"",""屋面"",""防火隔离带"",""幕墙""]","[""EPS"",""XPS"",""玻璃棉"",""聚氨酯""]",m³,1m³/包,10,m³,"[{""param"": ""密度"", ""type"": ""number"", ""required"": true, ""source_standard"": ""GB/T 25975-2018"", ""source_clause"": ""GB/T 25975-2018 5.1 表1"", ""unit"": ""kg/m³"", ""default"": ""120"", ""values"": [""60"", ""80"", ""100"", ""120"", ""140"", ""160"", ""180"", ""200""]}, {""param"": ""厚度"", ""type"": ""enum"", ""required"": true, ""source_standard"": ""GB/T 25975-2018"", ""source_clause"": ""GB/T 25975-2018 5.1 表1"", ""unit"": ""mm"", ""default"": ""50"", ""values"": [""30"", ""40"", ""50"", ""60"", ""80"", ""100"", ""120"", ""150""]}, {""param"": ""宽度"", ""type"": ""number"", ""required"": false, ""source_standard"": ""GB/T 25975-2018"", ""source_clause"": ""GB/T 25975-2018 5.1"", ""unit"": ""mm"", ""default"": ""600""}, {""param"": ""长度"", ""type"": ""number"", ""required"": false, ""source_standard"": ""GB/T 25975-2018"", ""source_clause"": ""GB/T 25975-2018 5.1"", ""unit"": ""mm"", ""default"": ""1200""}, {""param"": ""燃烧性能等级"", ""type"": ""enum"", ""required"": true, ""source_standard"": ""GB/T 25975-2018"", ""source_clause"": ""GB/T 25975-2018 6.2 表3"", ""default"": ""A1"", ""values"": [""A1"", ""A2""]}, {""param"": ""导热系数"", ""type"": ""number"", ""required"": false, ""source_standard"": ""GB/T 25975-2018"", ""source_clause"": ""GB/T 25975-2018 6.3 表4"", ""unit"": ""W/(m·K)"", ""default"": ""0.040""}, {""param"": ""憎水率"", ""type"": ""number"", ""required"": false, ""source_standard"": ""GB/T 25975-2018"", ""source_clause"": ""GB/T 25975-2018 6.3 表4"", ""unit"": ""%"", ""default"": ""98""}, {""param"": ""压缩强度"", ""type"": ""number"", ""required"": false, ""source_standard"": ""GB/T 25975-2018"", ""source_clause"": ""GB/T 25975-2018 6.3 表4"", ""unit"": ""kPa"", ""default"": ""40""}, {""param"": ""垂直于表面的抗拉强度"", ""type"": ""number"", ""required"": false, ""source_standard"": ""GB/T 25975-2018"", ""source_clause"": ""GB/T 25975-2018 6.3 表4"", ""unit"": ""kPa"", ""default"": ""7.5""}, {""param"": ""尺寸稳定性"", ""type"": ""number"", ""required"": false, ""source_standard"": ""GB/T 25975-2018"", ""source_clause"": ""GB/T 25975-2018 6.3 表4"", ""unit"": ""%"", ""default"": ""1.0""}, {""param"": ""酸度系数"", ""type"": ""number"", ""required"": false, ""source_standard"": ""GB/T 25975-2018"", ""source_clause"": ""GB/T 25975-2018 6.1 表2"", ""default"": ""1.6""}]",,GB/T 25975-2018,37,绝热（保温）、耐火材料 > 保温绝热材料 > 岩棉及其制品,0.05
MAT-INS-004,石墨聚苯板 SEPS B1级,保温隔热材料,有机保温,石墨聚苯板,保温隔热材料/有机保温/石墨聚苯板,"[""石墨聚苯板"",""SEPS板"",""石墨板"",""黑色聚苯板"",""石墨EPS"",""B1石墨板""]","[""石墨"",""SEPS"",""B1"",""黑色"",""聚苯""]","[""保温隔热工程""]","[""外墙保温"",""屋面保温""]","[""岩棉"",""XPS"",""挤塑"",""聚氨酯""]",m³,NULL,10,m³,"[{""param"": ""厚度"", ""unit"": ""mm"", ""values"": [""50"", ""60"", ""80"", ""100""]}]",A级(不燃),GB/T 25975-2018,1190,绝热（保温）、耐火材料 > 保温绝热材料 > 模塑聚苯乙烯泡沫塑料（EPS）制品,0.05
MAT-INS-005,无机纤维粒状棉,保温隔热材料,无机保温,无机纤维粒状棉,保温隔热材料/无机保温/无机纤维粒状棉,"[""无机纤维粒状棉"",""纤维棉"",""粒状棉"",""喷涂棉"",""无机纤维喷涂""]","[""无机纤维"",""粒状棉"",""喷涂""]","[""保温隔热工程""]","[""外墙内保温"",""顶棚保温"",""管道保温""]","[""岩棉"",""玻璃棉"",""矿棉"",""聚苯板""]",kg,20kg/袋,50,kg,"[{""param"": ""密度"", ""type"": ""number"", ""required"": true, ""source_standard"": ""GB/T 25998-2020"", ""source_clause"": ""GB/T 25998-2020 5.1 表1"", ""unit"": ""kg/m³"", ""default"": ""80"", ""values"": [""60"", ""80"", ""100"", ""120"", ""150""]}, {""param"": ""厚度"", ""type"": ""enum"", ""required"": true, ""source_standard"": ""GB/T 25998-2020"", ""source_clause"": ""GB/T 25998-2020 5.1 表1"", ""unit"": ""mm"", ""default"": ""25"", ""values"": [""15"", ""20"", ""25"", ""30"", ""40"", ""50""]}, {""param"": ""燃烧性能等级"", ""type"": ""enum"", ""required"": true, ""source_standard"": ""GB/T 25998-2020"", ""source_clause"": ""GB/T 25998-2020 6.2 表3"", ""default"": ""A"", ""values"": [""A1"", ""A2""]}, {""param"": ""导热系数"", ""type"": ""number"", ""required"": false, ""source_standard"": ""GB/T 25998-2020"", ""source_clause"": ""GB/T 25998-2020 6.3 表4"", ""unit"": ""W/(m·K)"", ""default"": ""0.044""}, {""param"": ""纤维平均直径"", ""type"": ""number"", ""required"": false, ""source_standard"": ""GB/T 25998-2020"", ""source_clause"": ""GB/T 25998-2020 6.1 表2"", ""unit"": ""μm"", ""default"": ""5.0""}, {""param"": ""渣球含量"", ""type"": ""number"", ""required"": false, ""source_standard"": ""GB/T 25998-2020"", ""source_clause"": ""GB/T 25998-2020 6.1 表2"", ""unit"": ""%"", ""default"": ""10""}, {""param"": ""压缩强度"", ""type"": ""number"", ""required"": false, ""source_standard"": ""GB/T 25998-2020"", ""source_clause"": ""GB/T 25998-2020 6.3 表4"", ""unit"": ""kPa"", ""default"": ""20""}, {""param"": ""尺寸稳定性"", ""type"": ""number"", ""required"": false, ""source_standard"": ""GB/T 25998-2020"", ""source_clause"": ""GB/T 25998-2020 6.3 表4"", ""unit"": ""%"", ""default"": ""2.0""}]",,GB/T 25998-2020,,,
MAT-TIL-001,全瓷抛光砖 600×600mm,装饰材料,瓷砖,抛光砖,装饰材料/瓷砖/抛光砖,"[""抛光砖"",""600×600抛光砖"",""地砖"",""玻化砖"",""渗花砖"",""聚晶微粉""]","[""抛光"",""600×600"",""玻化"",""渗花"",""地砖""]","[""楼地面装饰工程""]","[""客厅"",""卧室"",""走廊"",""大厅"",""公共区域""]","[""800×800"",""抛釉"",""防滑"",""仿古"",""内墙砖""]",m²,1.44m²/箱(4片),50,m²,"[{""param"": ""尺寸"", ""unit"": ""mm"", ""values"": [""300×300"", ""400×400""]}, {""param"": ""吸水率"", ""max_pct"": 3}]",合格品 防滑R10,GB/T 4100-2015,,,
MAT-TIL-002,防滑地砖 300×300mm,装饰材料,瓷砖,防滑地砖,装饰材料/瓷砖/防滑地砖,"[""防滑砖"",""防滑地砖"",""300×300防滑砖"",""止滑砖"",""厨房地砖"",""卫生间地砖""]","[""防滑"",""300×300"",""地砖"",""防滑系数""]","[""楼地面装饰工程""]","[""卫生间"",""厨房"",""阳台"",""走廊"",""坡道""]","[""800×800"",""抛釉"",""内墙砖"",""墙面砖"",""600×600""]",m²,1.62m²/箱(18片),30,m²,"[{""param"": ""公称尺寸"", ""type"": ""enum"", ""required"": true, ""source_standard"": ""GB/T 4100-2015"", ""source_clause"": ""GB/T 4100-2015-4.2-表1"", ""unit"": ""mm"", ""default"": ""300×300"", ""values"": [""300×300"", ""400×400"", ""500×500"", ""600×600"", ""800×800"", ""1000×1000"", ""300×600"", ""600×1200"", ""750×1500"", ""900×1800""]}, {""param"": ""吸水率"", ""type"": ""enum"", ""required"": true, ""source_standard"": ""GB/T 4100-2015"", ""source_clause"": ""GB/T 4100-2015-4.1-表1"", ""default"": ""0.5%<E≤3%"", ""values"": [""E≤0.5%"", ""0.5%<E≤3%"", ""3%<E≤6%"", ""6%<E≤10%"", ""E>10%""]}, {""param"": ""防滑系数"", ""type"": ""number"", ""required"": false, ""source_standard"": ""GB/T 4100-2015"", ""source_clause"": ""GB/T 4100-2015-附录M"", ""unit"": """", ""default"": ""0.5""}, {""param"": ""表面特征"", ""type"": ""enum"", ""required"": true, ""source_standard"": ""GB/T 4100-2015"", ""source_clause"": ""GB/T 4100-2015-4.3"", ""default"": ""防滑"", ""values"": [""釉面"", ""无釉"", ""抛光"", ""防滑"", ""哑光""]}, {""param"": ""边长允许偏差"", ""type"": ""text"", ""required"": false, ""source_standard"": ""GB/T 4100-2015"", ""source_clause"": ""GB/T 4100-2015-5.1-表2"", ""unit"": ""%"", ""default"": ""±0.5""}, {""param"": ""厚度允许偏差"", ""type"": ""text"", ""required"": false, ""source_standard"": ""GB/T 4100-2015"", ""source_clause"": ""GB/T 4100-2015-5.1-表2"", ""unit"": ""%"", ""default"": ""±5""}, {""param"": ""破坏强度"", ""type"": ""number"", ""required"": false, ""source_standard"": ""GB/T 4100-2015"", ""source_clause"": ""GB/T 4100-2015-6.2-表8"", ""unit"": ""N"", ""default"": ""1300""}, {""param"": ""断裂模数"", ""type"": ""number"", ""required"": false, ""source_standard"": ""GB/T 4100-2015"", ""source_clause"": ""GB/T 4100-2015-6.2-表8"", ""unit"": ""MPa"", ""default"": ""35""}]",,GB/T 4100-2015,1433,墙砖、地砖、地板、地毯类材料 > 陶瓷砖（板） > 瓷砖,0.04
MAT-TIL-003,釉面内墙砖 300×600mm,装饰材料,瓷砖,内墙砖,装饰材料/瓷砖/内墙砖,"[""内墙砖"",""瓷片"",""釉面砖"",""300×600墙砖"",""厨房墙砖"",""卫生间墙砖"",""墙面瓷砖"",""墙上砖""]","[""300×600"",""釉面"",""内墙"",""瓷片"",""墙砖""]","[""墙柱面装饰工程""]","[""厨房"",""卫生间"",""阳台"",""内墙""]","[""地砖"",""玻化砖"",""外墙砖"",""800×800"",""抛光""]",m²,1.44m²/箱(8片),30,m²,"[{""param"": ""尺寸"", ""unit"": ""mm"", ""values"": [""600×600"", ""800×800""]}]",优等品,GB/T 4100-2015,1433,墙砖、地砖、地板、地毯类材料 > 陶瓷砖（板） > 瓷砖,0.04
MAT-PAI-001,内墙乳胶漆 白色,装饰材料,涂料,内墙乳胶漆,装饰材料/涂料/内墙乳胶漆,"[""乳胶漆"",""内墙漆"",""内墙涂料"",""白色乳胶漆"",""墙面漆"",""水性乳胶漆"",""丙烯酸内墙漆"",""乳胶涂料"",""水性漆""]","[""内墙"",""乳胶"",""水性"",""白色"",""涂刷"",""滚涂""]","[""墙柱面装饰工程"",""天棚工程"",""油漆涂料裱糊工程""]","[""内墙面"",""天花"",""天棚""]","[""外墙"",""真石漆"",""防火"",""防水"",""艺术漆""]",kg,25kg/桶,50,kg,"[{""param"": ""产品类型"", ""type"": ""enum"", ""required"": true, ""source_standard"": ""GB/T 9755-2014"", ""source_clause"": ""GB/T 9755-2014-3-分类"", ""default"": ""内墙"", ""values"": [""内墙"", ""外墙""]}, {""param"": ""颜色"", ""type"": ""text"", ""required"": true, ""source_standard"": """", ""source_clause"": """", ""default"": ""白色""}, {""param"": ""对比率"", ""type"": ""number"", ""required"": false, ""source_standard"": ""GB/T 9755-2014"", ""source_clause"": ""GB/T 9755-2014-5.2-表1"", ""unit"": """", ""default"": ""0.95""}, {""param"": ""耐洗刷性"", ""type"": ""number"", ""required"": false, ""source_standard"": ""GB/T 9755-2014"", ""source_clause"": ""GB/T 9755-2014-5.2-表1"", ""unit"": ""次"", ""default"": ""5000""}, {""param"": ""耐碱性"", ""type"": ""text"", ""required"": false, ""source_standard"": ""GB/T 9755-2014"", ""source_clause"": ""GB/T 9755-2014-5.2-表1"", ""default"": ""48h无异常""}, {""param"": ""挥发性有机化合物含量"", ""type"": ""number"", ""required"": false, ""source_standard"": ""GB 18582-2020"", ""source_clause"": ""GB 18582-2020-4.1-表1"", ""unit"": ""g/L"", ""default"": ""80""}]",,GB/T 9755-2014,53,涂料及防腐、防水材料 > 涂料 > 建筑涂料,0.05
MAT-PAI-002,外墙乳胶漆,装饰材料,涂料,外墙乳胶漆,装饰材料/涂料/外墙乳胶漆,"[""外墙漆"",""外墙乳胶漆"",""外墙涂料"",""弹性外墙漆"",""外墙水性漆""]","[""外墙"",""弹性"",""水性"",""耐候"",""抗碱""]","[""墙柱面装饰工程""]","[""外墙面"",""外墙""]","[""内墙"",""真石漆"",""多彩"",""质感"",""氟碳""]",kg,25kg/桶,50,kg,"[{""param"": ""产品类型"", ""type"": ""enum"", ""required"": true, ""source_standard"": ""GB/T 9755-2024"", ""source_clause"": ""GB/T 9755-2024-3-分类"", ""default"": ""外墙"", ""values"": [""外墙""]}, {""param"": ""颜色"", ""type"": ""text"", ""required"": true, ""source_standard"": """", ""source_clause"": """", ""default"": ""白色""}, {""param"": ""对比率"", ""type"": ""number"", ""required"": false, ""source_standard"": ""GB/T 9755-2024"", ""source_clause"": ""GB/T 9755-2024-5.2-表1"", ""unit"": """", ""default"": ""0.93""}, {""param"": ""耐洗刷性"", ""type"": ""number"", ""required"": false, ""source_standard"": ""GB/T 9755-2024"", ""source_clause"": ""GB/T 9755-2024-5.2-表1"", ""unit"": ""次"", ""default"": ""2000""}, {""param"": ""耐碱性"", ""type"": ""text"", ""required"": false, ""source_standard"": ""GB/T 9755-2024"", ""source_clause"": ""GB/T 9755-2024-5.2-表1"", ""default"": ""48h无异常""}, {""param"": ""耐人工气候老化性"", ""type"": ""text"", ""required"": false, ""source_standard"": ""GB/T 9755-2024"", ""source_clause"": ""GB/T 9755-2024-5.2-表1"", ""default"": ""600h不起泡、不剥落、无裂纹""}, {""param"": ""挥发性有机化合物含量"", ""type"": ""number"", ""required"": false, ""source_standard"": ""GB 18582-2020"", ""source_clause"": ""GB 18582-2020-4.1-表1"", ""unit"": ""g/L"", ""default"": ""80""}]",,GB/T 9755-2024,53,涂料及防腐、防水材料 > 涂料 > 建筑涂料,0.05
MAT-PAI-003,真石漆,装饰材料,涂料,真石漆,装饰材料/涂料/真石漆,"[""真石漆"",""石头漆"",""仿石漆"",""仿石材涂料"",""天然真石漆""]","[""真石"",""仿石"",""天然"",""喷涂""]","[""墙柱面装饰工程""]","[""外墙面"",""门头"",""柱子"",""围墙""]","[""乳胶漆"",""氟碳漆"",""石材""]",kg,30kg/桶,100,kg,"[{""param"": ""产品类型"", ""type"": ""enum"", ""required"": true, ""source_standard"": ""JG/T 24-2018"", ""source_clause"": ""JG/T 24-2018-3-分类"", ""default"": ""真石漆"", ""values"": [""真石漆""]}, {""param"": ""颜色"", ""type"": ""text"", ""required"": true, ""source_standard"": """", ""source_clause"": """", ""default"": ""天然石色""}, {""param"": ""容器中状态"", ""type"": ""text"", ""required"": false, ""source_standard"": ""JG/T 24-2018"", ""source_clause"": ""JG/T 24-2018-5.2-表1"", ""default"": ""搅拌后无结块，呈均匀状态""}, {""param"": ""施工性"", ""type"": ""text"", ""required"": false, ""source_standard"": ""JG/T 24-2018"", ""source_clause"": ""JG/T 24-2018-5.2-表1"", ""default"": ""喷涂无困难""}, {""param"": ""干燥时间"", ""type"": ""number"", ""required"": false, ""source_standard"": ""JG/T 24-2018"", ""source_clause"": ""JG/T 24-2018-5.2-表1"", ""unit"": ""h"", ""default"": ""4""}, {""param"": ""耐水性"", ""type"": ""text"", ""required"": false, ""source_standard"": ""JG/T 24-2018"", ""source_clause"": ""JG/T 24-2018-5.2-表1"", ""default"": ""96h无异常""}, {""param"": ""耐碱性"", ""type"": ""text"", ""required"": false, ""source_standard"": ""JG/T 24-2018"", ""source_clause"": ""JG/T 24-2018-5.2-表1"", ""default"": ""96h无异常""}, {""param"": ""耐人工气候老化性"", ""type"": ""text"", ""required"": false, ""source_standard"": ""JG/T 24-2018"", ""source_clause"": ""JG/T 24-2018-5.2-表1"", ""default"": ""600h不起泡、不剥落、无裂纹""}]",,JG/T 24-2018,53,涂料及防腐、防水材料 > 涂料 > 建筑涂料,0.05
MAT-FPC-001,膨胀型钢结构防火涂料（薄型）,防火材料,涂料类,膨胀型,防火材料/涂料类/膨胀型(薄型),"[""膨胀型防火涂料"",""薄型防火涂料"",""水基防火涂料"",""钢构防火涂料"",""防火漆(薄型)"",""水性防火涂料"",""薄涂型防火涂料"",""超薄型防火涂料""]","[""膨胀型"",""水基"",""薄型"",""超薄型"",""涂层厚度≤5mm"",""水性"",""钢构"",""3mm"",""GB 14907"",""钢结构""]","[""油漆涂料裱糊工程"",""金属结构工程"",""钢结构工程""]","[""钢梁"",""吊车梁"",""屋面系杆"",""檩条"",""拉杆"",""钢柱"",""钢桁架"",""钢结构""]","[""木结构"",""混凝土结构"",""电缆"",""管道"",""装修"",""厚型"",""非膨胀型"",""石膏基"",""饰面型"",""隧道防火""]",kg,25kg/桶,100,kg,"[{""param"": ""产品类型"", ""type"": ""enum"", ""required"": true, ""source_standard"": ""GB 14907-2018"", ""source_clause"": ""GB 14907-2018-3-分类"", ""default"": ""膨胀型"", ""values"": [""膨胀型"", ""非膨胀型""]}, {""param"": ""涂层厚度"", ""type"": ""number"", ""required"": true, ""source_standard"": ""GB 14907-2018"", ""source_clause"": ""GB 14907-2018-4.2-表1"", ""unit"": ""mm"", ""default"": ""3"", ""values"": [""1"", ""2"", ""3"", ""4"", ""5""]}, {""param"": ""耐火极限"", ""type"": ""number"", ""required"": true, ""source_standard"": ""GB 14907-2018"", ""source_clause"": ""GB 14907-2018-4.2-表1"", ""unit"": ""h"", ""default"": ""1.5""}, {""param"": ""在容器中的状态"", ""type"": ""text"", ""required"": false, ""source_standard"": ""GB 14907-2018"", ""source_clause"": ""GB 14907-2018-5.2-表2"", ""default"": ""搅拌后呈均匀状态""}, {""param"": ""干燥时间"", ""type"": ""number"", ""required"": false, ""source_standard"": ""GB 14907-2018"", ""source_clause"": ""GB 14907-2018-5.2-表2"", ""unit"": ""h"", ""default"": ""24""}, {""param"": ""粘结强度"", ""type"": ""number"", ""required"": false, ""source_standard"": ""GB 14907-2018"", ""source_clause"": ""GB 14907-2018-5.2-表2"", ""unit"": ""MPa"", ""default"": ""0.15""}]",,GB 14907-2018,1177,涂料及防腐、防水材料 > 涂料 > 功能性建筑涂料,0.05
MAT-FPC-002,非膨胀型钢结构防火涂料（厚型）,防火材料,涂料类,非膨胀型,防火材料/涂料类/非膨胀型(厚型),"[""非膨胀型防火涂料"",""厚型防火涂料"",""石膏基防火涂料"",""钢结构厚型防火涂料"",""厚涂型防火涂料"",""厚浆型防火漆"",""水泥基防火涂料""]","[""非膨胀型"",""厚型"",""石膏基"",""水泥基"",""涂层厚度≥10mm"",""厚涂"",""10mm"",""20mm"",""25mm"",""30mm"",""40mm"",""蛭石""]","[""油漆涂料裱糊工程"",""金属结构工程"",""钢结构工程""]","[""钢柱"",""钢梁"",""柱间支撑"",""吊车梁"",""钢桁架""]","[""木结构"",""电缆"",""管道"",""装修"",""薄型"",""膨胀型"",""饰面型"",""隧道防火""]",kg,25kg/袋,100,kg,"[{""param"": ""产品类型"", ""type"": ""enum"", ""required"": true, ""source_standard"": ""GB 14907-2018"", ""source_clause"": ""GB 14907-2018-3-分类"", ""default"": ""非膨胀型"", ""values"": [""非膨胀型""]}, {""param"": ""涂层厚度"", ""type"": ""number"", ""required"": true, ""source_standard"": ""GB 14907-2018"", ""source_clause"": ""GB 14907-2018-4.2-表1"", ""unit"": ""mm"", ""default"": ""25"", ""values"": [""10"", ""15"", ""20"", ""25"", ""30"", ""35"", ""40"", ""45"", ""50""]}, {""param"": ""耐火极限"", ""type"": ""number"", ""required"": true, ""source_standard"": ""GB 14907-2018"", ""source_clause"": ""GB 14907-2018-4.2-表1"", ""unit"": ""h"", ""default"": ""2.5""}, {""param"": ""在容器中的状态"", ""type"": ""text"", ""required"": false, ""source_standard"": ""GB 14907-2018"", ""source_clause"": ""GB 14907-2018-5.2-表2"", ""default"": ""搅拌后呈均匀状态""}, {""param"": ""干燥时间"", ""type"": ""number"", ""required"": false, ""source_standard"": ""GB 14907-2018"", ""source_clause"": ""GB 14907-2018-5.2-表2"", ""unit"": ""h"", ""default"": ""24""}, {""param"": ""粘结强度"", ""type"": ""number"", ""required"": false, ""source_standard"": ""GB 14907-2018"", ""source_clause"": ""GB 14907-2018-5.2-表2"", ""unit"": ""MPa"", ""default"": ""0.04""}, {""param"": ""干密度"", ""type"": ""number"", ""required"": false, ""source_standard"": ""GB 14907-2018"", ""source_clause"": ""GB 14907-2018-5.2-表2"", ""unit"": ""kg/m³"", ""default"": ""500""}]",,GB 14907-2018,1177,涂料及防腐、防水材料 > 涂料 > 功能性建筑涂料,0.05
MAT-FPC-003,防火涂料稀释剂,防火材料,涂料类,稀释剂,防火材料/涂料类/稀释剂,"[""防火稀释剂"",""涂料稀释剂"",""专用稀释剂"",""超薄型防火涂料稀释剂""]","[""稀释"",""防火涂料"",""专用""]","[""油漆涂料裱糊工程"",""金属结构工程""]","[""钢结构表面"",""防火涂料施工""]","[""固化剂"",""胶粘剂"",""油漆""]",kg,15kg/桶,20,kg,,,,1177,涂料及防腐、防水材料 > 涂料 > 功能性建筑涂料,0.05
MAT-PNT-001,环氧富锌底漆,涂料,防腐涂料,环氧类,涂料/防腐涂料/环氧富锌底漆,"[""富锌底漆"",""环氧底漆"",""钢结构底漆"",""防锈漆"",""环氧富锌"",""锌粉底漆""]","[""环氧"",""富锌"",""底漆"",""防锈"",""含锌量≥70%""]","[""金属结构工程"",""钢结构工程"",""油漆涂料裱糊工程""]","[""钢柱"",""钢梁"",""钢结构表面"",""钢构件""]","[""面漆"",""中间漆"",""防火涂料"",""聚氨酯面漆""]",kg,25kg/桶,50,kg,"[{""param"": ""产品类型"", ""type"": ""enum"", ""required"": true, ""source_standard"": ""HG/T 3668-2009"", ""source_clause"": ""HG/T 3668-2009-3-分类"", ""default"": ""环氧富锌底漆"", ""values"": [""环氧富锌底漆""]}, {""param"": ""不挥发分中金属锌含量"", ""type"": ""number"", ""required"": true, ""source_standard"": ""HG/T 3668-2009"", ""source_clause"": ""HG/T 3668-2009-4.2-表1"", ""unit"": ""%"", ""default"": ""70"", ""values"": [""60"", ""70"", ""80""]}, {""param"": ""在容器中的状态"", ""type"": ""text"", ""required"": false, ""source_standard"": ""HG/T 3668-2009"", ""source_clause"": ""HG/T 3668-2009-4.2-表1"", ""default"": ""搅拌后呈均匀状态""}, {""param"": ""干燥时间"", ""type"": ""number"", ""required"": false, ""source_standard"": ""HG/T 3668-2009"", ""source_clause"": ""HG/T 3668-2009-4.2-表1"", ""unit"": ""h"", ""default"": ""24""}, {""param"": ""附着力"", ""type"": ""number"", ""required"": false, ""source_standard"": ""HG/T 3668-2009"", ""source_clause"": ""HG/T 3668-2009-4.2-表1"", ""unit"": ""MPa"", ""default"": ""6""}, {""param"": ""耐盐雾性"", ""type"": ""text"", ""required"": false, ""source_standard"": ""HG/T 3668-2009"", ""source_clause"": ""HG/T 3668-2009-4.2-表1"", ""default"": ""1000h不起泡、不生锈""}]",,HG/T 3668-2009,1180,涂料及防腐、防水材料 > 油漆 > 通用油漆,0.05
MAT-ADH-001,瓷砖胶粘剂 C1型,装饰材料,辅材,瓷砖胶,装饰材料/辅材/瓷砖胶,"[""瓷砖胶"",""瓷砖粘接剂"",""玻化砖胶粘剂"",""C1瓷砖胶"",""C2瓷砖胶"",""马赛克粘结剂"",""DTA砂浆"",""胶粘剂""]","[""瓷砖胶"",""C1"",""C2"",""粘接剂"",""薄贴"",""DTA""]","[""楼地面装饰工程"",""墙柱面装饰工程""]","[""瓷砖铺贴"",""石材铺贴"",""玻化砖铺贴""]","[""水泥砂浆"",""素水泥"",""白水泥""]",kg,25kg/袋,50,kg,"[{""param"": ""产品类型"", ""type"": ""enum"", ""required"": true, ""source_standard"": ""JC/T 547-2017"", ""source_clause"": ""JC/T 547-2017-4-分类"", ""default"": ""C1"", ""values"": [""C1"", ""C2"", ""C1T"", ""C2T"", ""C1F"", ""C2F"", ""C1S1"", ""C2S1"", ""C1S2"", ""C2S2""]}, {""param"": ""拉伸粘结强度"", ""type"": ""number"", ""required"": false, ""source_standard"": ""JC/T 547-2017"", ""source_clause"": ""JC/T 547-2017-5.2-表1"", ""unit"": ""MPa"", ""default"": ""0.5""}, {""param"": ""浸水后拉伸粘结强度"", ""type"": ""number"", ""required"": false, ""source_standard"": ""JC/T 547-2017"", ""source_clause"": ""JC/T 547-2017-5.2-表1"", ""unit"": ""MPa"", ""default"": ""0.5""}, {""param"": ""热老化后拉伸粘结强度"", ""type"": ""number"", ""required"": false, ""source_standard"": ""JC/T 547-2017"", ""source_clause"": ""JC/T 547-2017-5.2-表1"", ""unit"": ""MPa"", ""default"": ""0.5""}, {""param"": ""冻融循环后拉伸粘结强度"", ""type"": ""number"", ""required"": false, ""source_standard"": ""JC/T 547-2017"", ""source_clause"": ""JC/T 547-2017-5.2-表1"", ""unit"": ""MPa"", ""default"": ""0.5""}, {""param"": ""晾置时间"", ""type"": ""number"", ""required"": false, ""source_standard"": ""JC/T 547-2017"", ""source_clause"": ""JC/T 547-2017-5.2-表1"", ""unit"": ""min"", ""default"": ""20""}]",,JC/T 547-2017,1433,墙砖、地砖、地板、地毯类材料 > 陶瓷砖（板） > 瓷砖,0.04
MAT-GRO-001,填缝剂（美缝剂）,装饰材料,辅材,填缝剂,装饰材料/辅材/填缝剂,"[""填缝剂"",""美缝剂"",""勾缝剂"",""瓷砖填缝剂"",""环氧彩砂"",""瓷缝剂"",""真瓷胶""]","[""填缝"",""美缝"",""勾缝"",""环氧"",""彩砂"",""瓷缝""]","[""楼地面装饰工程"",""墙柱面装饰工程""]","[""瓷砖缝"",""石材缝"",""地砖缝"",""墙砖缝""]","[""瓷砖胶"",""白水泥""]",kg,2kg/组,10,kg,"[{""param"": ""产品类型"", ""type"": ""enum"", ""required"": true, ""source_standard"": ""JC/T 547-2017"", ""source_clause"": ""JC/T 547-2017-4.1-分类"", ""default"": ""C2"", ""values"": [""C1"", ""C2"", ""C1T"", ""C2T"", ""C1F"", ""C2F"", ""C1S1"", ""C1S2"", ""C2S1"", ""C2S2""]}, {""param"": ""反应型树脂类型"", ""type"": ""enum"", ""required"": false, ""source_standard"": ""JC/T 547-2017"", ""source_clause"": ""JC/T 547-2017-4.1-分类"", ""values"": [""R1"", ""R2""]}, {""param"": ""拉伸粘结强度"", ""type"": ""number"", ""required"": false, ""source_standard"": ""JC/T 547-2017"", ""source_clause"": ""JC/T 547-2017-5.2-表1"", ""unit"": ""MPa""}, {""param"": ""浸水后拉伸粘结强度"", ""type"": ""number"", ""required"": false, ""source_standard"": ""JC/T 547-2017"", ""source_clause"": ""JC/T 547-2017-5.2-表1"", ""unit"": ""MPa""}, {""param"": ""热老化后拉伸粘结强度"", ""type"": ""number"", ""required"": false, ""source_standard"": ""JC/T 547-2017"", ""source_clause"": ""JC/T 547-2017-5.2-表1"", ""unit"": ""MPa""}, {""param"": ""冻融循环后拉伸粘结强度"", ""type"": ""number"", ""required"": false, ""source_standard"": ""JC/T 547-2017"", ""source_clause"": ""JC/T 547-2017-5.2-表1"", ""unit"": ""MPa""}, {""param"": ""横向变形"", ""type"": ""number"", ""required"": false, ""source_standard"": ""JC/T 547-2017"", ""source_clause"": ""JC/T 547-2017-5.2-表1"", ""unit"": ""mm""}]",,,,,
MAT-PUT-001,内墙耐水腻子,装饰材料,辅材,腻子,装饰材料/辅材/腻子,"[""腻子"",""内墙腻子"",""耐水腻子"",""821腻子"",""内墙防水腻子"",""成品腻子"",""腻子粉""]","[""腻子"",""耐水"",""内墙"",""821"",""刮腻子""]","[""墙柱面装饰工程"",""天棚工程"",""油漆涂料裱糊工程""]","[""内墙"",""天棚"",""天花"",""墙面""]","[""外墙腻子"",""弹性腻子"",""瓷砖胶""]",kg,20kg/袋,100,kg,"[{""param"": ""产品类型"", ""type"": ""enum"", ""required"": true, ""source_standard"": ""JG/T 298-2010"", ""source_clause"": ""JG/T 298-2010-4.1-分类"", ""default"": ""N"", ""values"": [""Y"", ""N""], ""linked_params"": {""Y"": {""description"": ""一般型""}, ""N"": {""description"": ""耐水型""}}}, {""param"": ""容器中状态"", ""type"": ""text"", ""required"": false, ""source_standard"": ""JG/T 298-2010"", ""source_clause"": ""JG/T 298-2010-5.2-表1"", ""default"": ""无结块、均匀""}, {""param"": ""施工性"", ""type"": ""text"", ""required"": false, ""source_standard"": ""JG/T 298-2010"", ""source_clause"": ""JG/T 298-2010-5.2-表1"", ""default"": ""刮涂无障碍""}, {""param"": ""干燥时间（表干）"", ""type"": ""number"", ""required"": false, ""source_standard"": ""JG/T 298-2010"", ""source_clause"": ""JG/T 298-2010-5.2-表1"", ""unit"": ""h"", ""default"": ""2""}, {""param"": ""初期干燥抗裂性"", ""type"": ""text"", ""required"": false, ""source_standard"": ""JG/T 298-2010"", ""source_clause"": ""JG/T 298-2010-5.2-表1"", ""default"": ""无裂纹""}, {""param"": ""打磨性"", ""type"": ""text"", ""required"": false, ""source_standard"": ""JG/T 298-2010"", ""source_clause"": ""JG/T 298-2010-5.2-表1"", ""default"": ""手工可打磨""}, {""param"": ""耐水性"", ""type"": ""text"", ""required"": false, ""source_standard"": ""JG/T 298-2010"", ""source_clause"": ""JG/T 298-2010-5.2-表1"", ""default"": ""无异常""}, {""param"": ""粘结强度（标准状态）"", ""type"": ""number"", ""required"": false, ""source_standard"": ""JG/T 298-2010"", ""source_clause"": ""JG/T 298-2010-5.2-表1"", ""unit"": ""MPa"", ""default"": ""0.50""}, {""param"": ""粘结强度（浸水后）"", ""type"": ""number"", ""required"": false, ""source_standard"": ""JG/T 298-2010"", ""source_clause"": ""JG/T 298-2010-5.2-表1"", ""unit"": ""MPa"", ""default"": ""0.30""}]",,JG/T 298-2010,,,
MAT-PUT-002,外墙柔性腻子,装饰材料,辅材,外墙腻子,装饰材料/辅材/外墙腻子,"[""外墙腻子"",""弹性腻子"",""外墙柔性腻子"",""外墙防水腻子"",""R型腻子""]","[""外墙"",""腻子"",""弹性"",""柔性"",""防水"",""R型""]","[""墙柱面装饰工程"",""保温隔热工程""]","[""外墙"",""外保温面层""]","[""内墙腻子"",""耐水腻子"",""821腻子""]",kg,25kg/袋,100,kg,"[{""param"": ""产品类型"", ""type"": ""enum"", ""required"": true, ""source_standard"": ""JG/T 298-2010"", ""source_clause"": ""JG/T 298-2010-4.1-分类"", ""default"": ""R"", ""values"": [""Y"", ""N"", ""R""], ""linked_params"": {""Y"": {""description"": ""一般型""}, ""N"": {""description"": ""耐水型""}, ""R"": {""description"": ""柔性""}}}, {""param"": ""容器中状态"", ""type"": ""text"", ""required"": false, ""source_standard"": ""JG/T 298-2010"", ""source_clause"": ""JG/T 298-2010-5.2-表1"", ""default"": ""无结块、均匀""}, {""param"": ""施工性"", ""type"": ""text"", ""required"": false, ""source_standard"": ""JG/T 298-2010"", ""source_clause"": ""JG/T 298-2010-5.2-表1"", ""default"": ""刮涂无障碍""}, {""param"": ""干燥时间（表干）"", ""type"": ""number"", ""required"": false, ""source_standard"": ""JG/T 298-2010"", ""source_clause"": ""JG/T 298-2010-5.2-表1"", ""unit"": ""h"", ""default"": ""2""}, {""param"": ""初期干燥抗裂性"", ""type"": ""text"", ""required"": false, ""source_standard"": ""JG/T 298-2010"", ""source_clause"": ""JG/T 298-2010-5.2-表1"", ""default"": ""无裂纹""}, {""param"": ""打磨性"", ""type"": ""text"", ""required"": false, ""source_standard"": ""JG/T 298-2010"", ""source_clause"": ""JG/T 298-2010-5.2-表1"", ""default"": ""手工可打磨""}, {""param"": ""耐水性"", ""type"": ""text"", ""required"": false, ""source_standard"": ""JG/T 298-2010"", ""source_clause"": ""JG/T 298-2010-5.2-表1"", ""default"": ""无异常""}, {""param"": ""粘结强度（标准状态）"", ""type"": ""number"", ""required"": false, ""source_standard"": ""JG/T 298-2010"", ""source_clause"": ""JG/T 298-2010-5.2-表1"", ""unit"": ""MPa"", ""default"": ""0.60""}, {""param"": ""粘结强度（浸水后）"", ""type"": ""number"", ""required"": false, ""source_standard"": ""JG/T 298-2010"", ""source_clause"": ""JG/T 298-2010-5.2-表1"", ""unit"": ""MPa"", ""default"": ""0.40""}, {""param"": ""柔韧性"", ""type"": ""text"", ""required"": false, ""source_standard"": ""JG/T 298-2010"", ""source_clause"": ""JG/T 298-2010-5.2-表1"", ""default"": ""直径50mm无裂纹""}]",,JG/T 298-2010,53,涂料及防腐、防水材料 > 涂料 > 建筑涂料,0.05
MAT-MSH-001,耐碱玻纤网格布 160g/m²,装饰材料,辅材,网格布,装饰材料/辅材/网格布,"[""网格布"",""玻纤网格布"",""耐碱网格布"",""墙体网格布"",""抗裂网格布"",""保温网格布""]","[""耐碱"",""玻纤"",""160g"",""网格"",""抗裂""]","[""保温隔热工程"",""墙柱面装饰工程""]","[""外墙保温层"",""墙面抹灰"",""抗裂层""]","[""钢丝网"",""金属网""]",m²,50m²/卷,100,m²,"[{""param"": ""单位面积质量"", ""type"": ""number"", ""required"": true, ""source_standard"": """", ""source_clause"": """", ""unit"": ""g/m²"", ""default"": ""160""}, {""param"": ""网孔中心距"", ""type"": ""text"", ""required"": false, ""source_standard"": """", ""source_clause"": """", ""unit"": ""mm"", ""default"": ""4×4""}, {""param"": ""耐碱性"", ""type"": ""text"", ""required"": false, ""source_standard"": """", ""source_clause"": """", ""default"": ""耐碱""}, {""param"": ""断裂强力（经向）"", ""type"": ""number"", ""required"": false, ""source_standard"": """", ""source_clause"": """", ""unit"": ""N/50mm""}, {""param"": ""断裂强力（纬向）"", ""type"": ""number"", ""required"": false, ""source_standard"": """", ""source_clause"": """", ""unit"": ""N/50mm""}, {""param"": ""耐碱断裂强力保留率（经向）"", ""type"": ""number"", ""required"": false, ""source_standard"": """", ""source_clause"": """", ""unit"": ""%""}, {""param"": ""耐碱断裂强力保留率（纬向）"", ""type"": ""number"", ""required"": false, ""source_standard"": """", ""source_clause"": """", ""unit"": ""%""}]",,,,,
MAT-WMS-001,热镀锌钢丝网 Φ0.8@20×20,钢材,金属网,钢丝网,钢材/金属网/镀锌钢丝网,"[""钢丝网"",""镀锌钢丝网"",""铁丝网"",""热镀锌网"",""金属网"",""墙体钢丝网""]","[""镀锌"",""钢丝"",""Φ0.8"",""20×20""]","[""墙柱面装饰工程"",""保温隔热工程"",""油漆涂料裱糊工程""]","[""墙面抹灰"",""不同材料交界处"",""防火涂料加固""]","[""玻纤网格布"",""塑料网""]",m²,30m²/卷,30,m²,"[{""param"": ""丝径"", ""type"": ""number"", ""required"": true, ""source_standard"": """", ""source_clause"": """", ""unit"": ""mm"", ""default"": ""0.8""}, {""param"": ""网孔尺寸"", ""type"": ""text"", ""required"": true, ""source_standard"": """", ""source_clause"": """", ""unit"": ""mm"", ""default"": ""20×20""}, {""param"": ""表面处理"", ""type"": ""enum"", ""required"": true, ""source_standard"": """", ""source_clause"": """", ""default"": ""热镀锌"", ""values"": [""热镀锌"", ""电镀锌""]}, {""param"": ""镀锌层重量"", ""type"": ""number"", ""required"": false, ""source_standard"": ""GB/T 13912-2020"", ""source_clause"": """", ""unit"": ""g/m²""}]",,,1081,黑色及有色金属 > 建筑钢材 > 钢丝,0.03
MAT-FRM-001,轻钢龙骨（吊顶）,装饰材料,龙骨,轻钢龙骨,装饰材料/龙骨/轻钢龙骨,"[""轻钢龙骨"",""吊顶龙骨"",""主龙骨"",""副龙骨"",""承载龙骨"",""覆面龙骨"",""38龙骨"",""50龙骨"",""60龙骨""]","[""轻钢"",""龙骨"",""吊顶"",""主龙"",""副龙"",""38"",""50"",""60""]","[""天棚工程"",""墙柱面装饰工程""]","[""天棚吊顶"",""隔墙"",""隔断"",""幕墙""]","[""木龙骨"",""铝合金龙骨""]",m,3m/根,50,m,"[{""param"": ""龙骨类型"", ""type"": ""enum"", ""required"": true, ""source_standard"": ""GB/T 11981-2024"", ""source_clause"": ""GB/T 11981-2024-4-分类"", ""default"": ""C"", ""values"": [""C"", ""U"", ""L"", ""T"", ""H"", ""V""]}, {""param"": ""断面尺寸（宽度×高度）"", ""type"": ""text"", ""required"": true, ""source_standard"": ""GB/T 11981-2024"", ""source_clause"": ""GB/T 11981-2024-5-规格"", ""unit"": ""mm"", ""default"": ""50×19""}, {""param"": ""材料厚度"", ""type"": ""number"", ""required"": true, ""source_standard"": ""GB/T 11981-2024"", ""source_clause"": ""GB/T 11981-2024-5-规格"", ""unit"": ""mm"", ""default"": ""0.6""}, {""param"": ""长度"", ""type"": ""number"", ""required"": false, ""source_standard"": ""GB/T 11981-2024"", ""source_clause"": ""GB/T 11981-2024-5-规格"", ""unit"": ""mm"", ""default"": ""3000""}, {""param"": ""表面处理"", ""type"": ""enum"", ""required"": false, ""source_standard"": ""GB/T 11981-2024"", ""source_clause"": ""GB/T 11981-2024-6-要求"", ""default"": ""镀锌"", ""values"": [""镀锌"", ""镀铝锌""]}, {""param"": ""镀锌层双面总重量"", ""type"": ""number"", ""required"": false, ""source_standard"": ""GB/T 11981-2024"", ""source_clause"": ""GB/T 11981-2024-6-要求"", ""unit"": ""g/m²"", ""default"": ""100""}, {""param"": ""静载挠度"", ""type"": ""number"", ""required"": false, ""source_standard"": ""GB/T 11981-2024"", ""source_clause"": ""GB/T 11981-2024-6-要求"", ""unit"": ""mm""}]",,GB/T 11981-2024,1465,龙骨、龙骨配件 > 龙骨 > 轻钢龙骨,0.03
MAT-BRD-001,纸面石膏板 9.5mm,装饰材料,板材,石膏板,装饰材料/板材/纸面石膏板,"[""石膏板"",""纸面石膏板"",""普通石膏板"",""9.5mm石膏板"",""12mm石膏板"",""石膏天花板""]","[""石膏板"",""纸面"",""9.5mm"",""12mm""]","[""天棚工程"",""墙柱面装饰工程""]","[""天棚吊顶"",""隔墙"",""墙面""]","[""硅酸钙板"",""矿棉板"",""铝扣板"",""埃特板""]",m²,3m²/张(1.2×2.4m),50,m²,"[{""param"": ""板材类型"", ""type"": ""enum"", ""required"": true, ""source_standard"": ""GB/T 9775-2025"", ""source_clause"": ""GB/T 9775-2025-4-分类"", ""default"": ""普通"", ""values"": [""普通"", ""耐水"", ""耐火"", ""耐水耐火""]}, {""param"": ""厚度"", ""type"": ""enum"", ""required"": true, ""source_standard"": ""GB/T 9775-2025"", ""source_clause"": ""GB/T 9775-2025-5-规格"", ""unit"": ""mm"", ""default"": ""9.5"", ""values"": [""9.5"", ""12.0"", ""15.0""]}, {""param"": ""宽度"", ""type"": ""number"", ""required"": false, ""source_standard"": ""GB/T 9775-2025"", ""source_clause"": ""GB/T 9775-2025-5-规格"", ""unit"": ""mm"", ""default"": ""1200""}, {""param"": ""长度"", ""type"": ""number"", ""required"": false, ""source_standard"": ""GB/T 9775-2025"", ""source_clause"": ""GB/T 9775-2025-5-规格"", ""unit"": ""mm"", ""default"": ""2400""}, {""param"": ""棱边形状"", ""type"": ""enum"", ""required"": false, ""source_standard"": ""GB/T 9775-2025"", ""source_clause"": ""GB/T 9775-2025-5-规格"", ""default"": ""楔形"", ""values"": [""矩形"", ""楔形"", ""圆形""]}, {""param"": ""断裂荷载（纵向）"", ""type"": ""number"", ""required"": false, ""source_standard"": ""GB/T 9775-2025"", ""source_clause"": ""GB/T 9775-2025-6-要求"", ""unit"": ""N""}, {""param"": ""断裂荷载（横向）"", ""type"": ""number"", ""required"": false, ""source_standard"": ""GB/T 9775-2025"", ""source_clause"": ""GB/T 9775-2025-6-要求"", ""unit"": ""N""}, {""param"": ""面密度"", ""type"": ""number"", ""required"": false, ""source_standard"": ""GB/T 9775-2025"", ""source_clause"": ""GB/T 9775-2025-6-要求"", ""unit"": ""kg/m²""}]",,GB/T 9775-2025,51,墙面、天棚及屋面饰面材料 > 非金属装饰板 > 石膏板,0.03
MAT-BRD-002,铝合金扣板 600×600,装饰材料,板材,铝合金扣板,装饰材料/板材/铝合金扣板,"[""铝扣板"",""铝合金扣板"",""铝天花"",""铝方板"",""600铝扣板""]","[""铝扣板"",""铝合金"",""铝天花"",""600×600""]","[""天棚工程""]","[""天棚吊顶""]","[""石膏板"",""矿棉板"",""硅酸钙板""]",m²,,1.0,m²,"[{""param"": ""基材材质"", ""type"": ""enum"", ""required"": true, ""source_standard"": """", ""source_clause"": """", ""default"": ""铝合金"", ""values"": [""铝合金"", ""铝镁合金""]}, {""param"": ""表面处理"", ""type"": ""enum"", ""required"": true, ""source_standard"": """", ""source_clause"": """", ""default"": ""喷涂"", ""values"": [""喷涂"", ""辊涂"", ""覆膜""]}, {""param"": ""板面尺寸（长×宽）"", ""type"": ""text"", ""required"": true, ""source_standard"": """", ""source_clause"": """", ""unit"": ""mm"", ""default"": ""600×600""}, {""param"": ""厚度"", ""type"": ""number"", ""required"": true, ""source_standard"": """", ""source_clause"": """", ""unit"": ""mm"", ""default"": ""0.6""}, {""param"": ""板面形式"", ""type"": ""enum"", ""required"": false, ""source_standard"": """", ""source_clause"": """", ""default"": ""冲孔"", ""values"": [""平板"", ""冲孔"", ""浮雕""]}]",,,70,有色金属及制品 > 铝合金 > 铝合金板材,0.03
MAT-SEA-001,硅酮耐候密封胶,装饰材料,辅材,密封胶,装饰材料/辅材/密封胶,"[""密封胶"",""硅酮胶"",""耐候胶"",""玻璃胶"",""中性硅酮胶"",""结构胶"",""酸性玻璃胶""]","[""硅酮"",""密封胶"",""耐候"",""结构胶"",""中性"",""酸性""]","[""门窗工程"",""幕墙工程"",""屋面及防水工程""]","[""门窗框边"",""幕墙"",""玻璃"",""变形缝"",""接缝""]","[""聚氨酯胶"",""丙烯酸胶""]",支,300ml/支,10,支,"[{""param"": ""产品类型"", ""type"": ""enum"", ""required"": true, ""source_standard"": ""GB/T 14683-2017"", ""source_clause"": ""GB/T 14683-2017-4-分类"", ""default"": ""F"", ""values"": [""G"", ""F""], ""linked_params"": {""G"": {""description"": ""镶装玻璃用""}, ""F"": {""description"": ""接缝密封用""}}}, {""param"": ""固化体系"", ""type"": ""enum"", ""required"": false, ""source_standard"": ""GB/T 14683-2017"", ""source_clause"": ""GB/T 14683-2017-4-分类"", ""default"": ""中性"", ""values"": [""酸性"", ""中性""]}, {""param"": ""位移能力"", ""type"": ""enum"", ""required"": false, ""source_standard"": ""GB/T 14683-2017"", ""source_clause"": ""GB/T 14683-2017-5-要求"", ""default"": ""20"", ""values"": [""20"", ""25"", ""35"", ""50""]}, {""param"": ""下垂度"", ""type"": ""number"", ""required"": false, ""source_standard"": ""GB/T 14683-2017"", ""source_clause"": ""GB/T 14683-2017-5-要求"", ""unit"": ""mm"", ""default"": ""0""}, {""param"": ""表干时间"", ""type"": ""number"", ""required"": false, ""source_standard"": ""GB/T 14683-2017"", ""source_clause"": ""GB/T 14683-2017-5-要求"", ""unit"": ""min""}, {""param"": ""挤出性"", ""type"": ""number"", ""required"": false, ""source_standard"": ""GB/T 14683-2017"", ""source_clause"": ""GB/T 14683-2017-5-要求"", ""unit"": ""mL/min""}, {""param"": ""弹性恢复率"", ""type"": ""number"", ""required"": false, ""source_standard"": ""GB/T 14683-2017"", ""source_clause"": ""GB/T 14683-2017-5-要求"", ""unit"": ""%""}, {""param"": ""拉伸模量（23℃）"", ""type"": ""number"", ""required"": false, ""source_standard"": ""GB/T 14683-2017"", ""source_clause"": ""GB/T 14683-2017-5-要求"", ""unit"": ""MPa""}, {""param"": ""定伸粘结性"", ""type"": ""text"", ""required"": false, ""source_standard"": ""GB/T 14683-2017"", ""source_clause"": ""GB/T 14683-2017-5-要求"", ""default"": ""无破坏""}, {""param"": ""冷拉-热压后粘结性"", ""type"": ""text"", ""required"": false, ""source_standard"": ""GB/T 14683-2017"", ""source_clause"": ""GB/T 14683-2017-5-要求"", ""default"": ""无破坏""}, {""param"": ""浸水后定伸粘结性"", ""type"": ""text"", ""required"": false, ""source_standard"": ""GB/T 14683-2017"", ""source_clause"": ""GB/T 14683-2017-5-要求"", ""default"": ""无破坏""}, {""param"": ""质量损失率"", ""type"": ""number"", ""required"": false, ""source_standard"": ""GB/T 14683-2017"", ""source_clause"": ""GB/T 14683-2017-5-要求"", ""unit"": ""%""}]",,GB/T 14683-2017,134,油品、化工原料及胶粘材料 > 胶粘材料 > 胶粘剂,0.05
MAT-SEA-002,改性沥青嵌缝油膏,防水材料,密封材料,改性沥青油膏,防水材料/密封材料/改性沥青油膏,"[""嵌缝油膏"",""沥青油膏"",""防水油膏"",""改性沥青嵌缝油膏""]","[""嵌缝"",""油膏"",""改性沥青""]","[""屋面及防水工程""]","[""卷材搭接缝"",""伸缩缝"",""屋面节点""]","[""硅酮胶"",""密封胶"",""聚氨酯""]",kg,2kg/桶,10,kg,"[{""param"": ""耐热度"", ""type"": ""number"", ""required"": false, ""source_standard"": """", ""source_clause"": """", ""unit"": ""℃"", ""default"": ""80""}, {""param"": ""低温柔性"", ""type"": ""number"", ""required"": false, ""source_standard"": """", ""source_clause"": """", ""unit"": ""℃"", ""default"": ""-10""}, {""param"": ""拉伸粘结性"", ""type"": ""number"", ""required"": false, ""source_standard"": """", ""source_clause"": """", ""unit"": ""%"", ""default"": ""125""}, {""param"": ""施工度"", ""type"": ""number"", ""required"": false, ""source_standard"": """", ""source_clause"": """", ""unit"": ""mm"", ""default"": ""22""}, {""param"": ""挥发率"", ""type"": ""number"", ""required"": false, ""source_standard"": """", ""source_clause"": """", ""unit"": ""%""}, {""param"": ""渗出性（渗出幅度）"", ""type"": ""number"", ""required"": false, ""source_standard"": """", ""source_clause"": """", ""unit"": ""mm""}]",,,1183,涂料及防腐、防水材料 > 防腐材料 > 沥青,0.03
MAT-SEA-003,SBS弹性沥青防水胶,防水材料,密封材料,SBS防水胶,防水材料/密封材料/SBS防水胶,"[""SBS防水胶"",""弹性沥青胶"",""防水胶"",""SBS弹性沥青""]","[""SBS"",""弹性沥青"",""防水胶""]","[""屋面及防水工程""]","[""卷材基层"",""搭接缝"",""收口""]","[""硅酮"",""油膏"",""密封胶""]",kg,10kg/桶,20,kg,"[{""param"": ""材料类型"", ""type"": ""enum"", ""required"": true, ""source_standard"": ""GB/T 18242-2025"", ""source_clause"": ""GB/T 18242-2025-4-分类"", ""default"": ""SBS"", ""values"": [""SBS"", ""APP""]}, {""param"": ""施工方式"", ""type"": ""enum"", ""required"": true, ""source_standard"": ""GB/T 18242-2025"", ""source_clause"": ""GB/T 18242-2025-8-施工"", ""default"": ""热熔法"", ""values"": [""热熔法"", ""冷粘法"", ""热粘法""]}, {""param"": ""固含量"", ""type"": ""number"", ""required"": false, ""source_standard"": """", ""source_clause"": """", ""unit"": ""%"", ""default"": ""50""}, {""param"": ""耐热度"", ""type"": ""number"", ""required"": false, ""source_standard"": ""GB/T 18242-2025"", ""source_clause"": ""GB/T 18242-2025-6-物理力学性能"", ""unit"": ""℃"", ""default"": ""90""}, {""param"": ""低温柔性"", ""type"": ""number"", ""required"": false, ""source_standard"": ""GB/T 18242-2025"", ""source_clause"": ""GB/T 18242-2025-6-物理力学性能"", ""unit"": ""℃"", ""default"": ""-20""}, {""param"": ""粘结强度"", ""type"": ""number"", ""required"": false, ""source_standard"": """", ""source_clause"": """", ""unit"": ""MPa"", ""default"": ""0.3""}]",,GB/T 18242-2025,232,涂料及防腐、防水材料 > 防水材料 > 防水涂料,0.05
MAT-DOO-001,钢质防盗门（成品）,门窗,金属门,防盗门,门窗/金属门/防盗门,"[""防盗门"",""钢质防盗门"",""进户门"",""入户门"",""安全门"",""甲级防盗门"",""乙级防盗门""]","[""防盗门"",""钢质"",""甲级"",""乙级"",""进户"",""900×2100"",""1000×2100""]","[""门窗工程""]","[""进户门"",""入户门"",""单元门""]","[""木门"",""防火门"",""卷帘门"",""铝合金门""]",樘,NULL,1,樘,"[{""param"": ""防盗安全级别"", ""type"": ""enum"", ""required"": true, ""source_standard"": ""GB 17565-2022"", ""source_clause"": ""GB 17565-2022-4-分级"", ""default"": ""4级"", ""values"": [""1级"", ""2级"", ""3级"", ""4级""]}, {""param"": ""门扇厚度"", ""type"": ""number"", ""required"": true, ""source_standard"": ""GB 17565-2022"", ""source_clause"": ""GB 17565-2022-5.2-门扇"", ""unit"": ""mm"", ""default"": ""70""}, {""param"": ""门框钢板厚度"", ""type"": ""number"", ""required"": true, ""source_standard"": ""GB 17565-2022"", ""source_clause"": ""GB 17565-2022-5.1-门框"", ""unit"": ""mm"", ""default"": ""2.0""}, {""param"": ""门扇钢板厚度"", ""type"": ""number"", ""required"": true, ""source_standard"": ""GB 17565-2022"", ""source_clause"": ""GB 17565-2022-5.2-门扇"", ""unit"": ""mm"", ""default"": ""1.0""}, {""param"": ""锁闭点数"", ""type"": ""number"", ""required"": false, ""source_standard"": ""GB 17565-2022"", ""source_clause"": ""GB 17565-2022-5.4-锁具"", ""default"": ""12""}, {""param"": ""门洞尺寸"", ""type"": ""enum"", ""required"": true, ""source_standard"": """", ""source_clause"": """", ""unit"": ""mm"", ""values"": [""900×2100"", ""1000×2100"", ""1200×2100"", ""1500×2100""]}, {""param"": ""开启方向"", ""type"": ""enum"", ""required"": true, ""source_standard"": """", ""source_clause"": """", ""values"": [""外开"", ""内开""]}, {""param"": ""表面处理"", ""type"": ""enum"", ""required"": false, ""source_standard"": """", ""source_clause"": """", ""values"": [""喷塑"", ""转印"", ""氟碳漆""]}]",,GB/T 20909-2017,1488,门窗及楼梯制品 > 特种门窗 > 防盗门,0.01
MAT-DOO-002,钢质防火门 甲级（成品）,门窗,金属门,防火门,门窗/金属门/防火门,"[""防火门"",""钢质防火门"",""甲级防火门"",""乙级防火门"",""丙级防火门"",""钢制防火门"",""钢制防火门甲级"",""钢质门""]","[""防火门"",""钢质"",""甲级"",""乙级"",""丙级"",""1.5h"",""1.0h"",""0.5h"",""防火""]","[""门窗工程""]","[""消防通道"",""楼梯间"",""设备间"",""管道井"",""电梯前室"",""地下室""]","[""木门"",""防盗门"",""卷帘门"",""铝合金门"",""木质防火门""]",樘,NULL,1,樘,"[{""param"": ""防火等级"", ""type"": ""enum"", ""required"": true, ""source_standard"": ""GB 12955-2024"", ""source_clause"": ""GB 12955-2024-4-分类与代号"", ""default"": ""甲级"", ""values"": [""甲级"", ""乙级"", ""丙级""]}, {""param"": ""耐火极限"", ""type"": ""number"", ""required"": true, ""source_standard"": ""GB 12955-2024"", ""source_clause"": ""GB 12955-2024-4-分类与代号"", ""unit"": ""h"", ""default"": ""1.5""}, {""param"": ""门扇厚度"", ""type"": ""number"", ""required"": true, ""source_standard"": ""GB 12955-2024"", ""source_clause"": ""GB 12955-2024-5.2-门扇"", ""unit"": ""mm"", ""default"": ""50""}, {""param"": ""门框钢板厚度"", ""type"": ""number"", ""required"": true, ""source_standard"": ""GB 12955-2024"", ""source_clause"": ""GB 12955-2024-5.1-门框"", ""unit"": ""mm"", ""default"": ""1.5""}, {""param"": ""门扇钢板厚度"", ""type"": ""number"", ""required"": true, ""source_standard"": ""GB 12955-2024"", ""source_clause"": ""GB 12955-2024-5.2-门扇"", ""unit"": ""mm"", ""default"": ""0.8""}, {""param"": ""填充材料"", ""type"": ""enum"", ""required"": true, ""source_standard"": ""GB 12955-2024"", ""source_clause"": ""GB 12955-2024-5.3-填充材料"", ""values"": [""珍珠岩板"", ""岩棉"", ""硅酸铝纤维""]}, {""param"": ""闭门器配置"", ""type"": ""boolean"", ""required"": true, ""source_standard"": ""GB 12955-2024"", ""source_clause"": ""GB 12955-2024-5.5-五金配件"", ""default"": ""Y""}, {""param"": ""门洞尺寸"", ""type"": ""enum"", ""required"": true, ""source_standard"": """", ""source_clause"": """", ""unit"": ""mm"", ""values"": [""900×2100"", ""1000×2100"", ""1200×2100"", ""1500×2100""]}]",,GB 12955-2024,70,门窗及楼梯制品 > 特种门窗 > 防火门,0.01
MAT-DOO-003,断桥铝合金窗（成品）,门窗,铝合金窗,断桥铝窗,门窗/铝合金窗/断桥铝,"[""断桥铝窗"",""断桥铝合金窗"",""铝合金窗"",""中空玻璃窗"",""断桥窗""]","[""断桥铝"",""中空玻璃"",""5+12A+5"",""平开"",""Low-E""]","[""门窗工程""]","[""外窗"",""窗户""]","[""塑钢"",""推拉门"",""木窗""]",m²,NULL,10,m²,"[{""param"": ""型材系列"", ""type"": ""enum"", ""required"": true, ""source_standard"": ""GB/T 8478-2020"", ""source_clause"": ""GB/T 8478-2020-4-分类"", ""values"": [""50系列"", ""55系列"", ""60系列"", ""65系列"", ""70系列"", ""80系列""]}, {""param"": ""开启方式"", ""type"": ""enum"", ""required"": true, ""source_standard"": ""GB/T 8478-2020"", ""source_clause"": ""GB/T 8478-2020-4-分类"", ""default"": ""平开"", ""values"": [""平开"", ""推拉"", ""上悬"", ""内开内倒""]}, {""param"": ""玻璃配置"", ""type"": ""enum"", ""required"": true, ""source_standard"": """", ""source_clause"": """", ""default"": ""5+12A+5"", ""values"": [""5+9A+5"", ""5+12A+5"", ""5+12A+5Low-E"", ""6+12A+6"", ""6+12A+6Low-E""]}, {""param"": ""隔热条宽度"", ""type"": ""number"", ""required"": false, ""source_standard"": """", ""source_clause"": """", ""unit"": ""mm"", ""default"": ""24""}, {""param"": ""气密性能"", ""type"": ""enum"", ""required"": false, ""source_standard"": ""GB/T 8478-2020"", ""source_clause"": ""GB/T 8478-2020-6-性能"", ""values"": [""4级"", ""5级"", ""6级"", ""7级"", ""8级""]}, {""param"": ""水密性能"", ""type"": ""enum"", ""required"": false, ""source_standard"": ""GB/T 8478-2020"", ""source_clause"": ""GB/T 8478-2020-6-性能"", ""values"": [""3级"", ""4级"", ""5级"", ""6级""]}, {""param"": ""抗风压性能"", ""type"": ""enum"", ""required"": false, ""source_standard"": ""GB/T 8478-2020"", ""source_clause"": ""GB/T 8478-2020-6-性能"", ""values"": [""4级"", ""5级"", ""6级"", ""7级"", ""8级"", ""9级""]}, {""param"": ""表面处理"", ""type"": ""enum"", ""required"": false, ""source_standard"": ""GB/T 8478-2020"", ""source_clause"": ""GB/T 8478-2020-5.1-型材"", ""values"": [""粉末喷涂"", ""氟碳喷涂"", ""电泳涂漆"", ""阳极氧化""]}]",,GB/T 8478-2020,150,门窗及楼梯制品 > 普通门窗 > 铝合金门窗,0.01
MAT-DOO-004,铝合金门（成品）,门窗,金属门,铝合金门,门窗/金属门/铝合金门,"[""铝合金门"",""铝门"",""彩板门"",""金属门"",""塑钢门""]","[""铝合金"",""铝门"",""彩板"",""塑钢""]","[""门窗工程""]","[""阳台门"",""厨房门"",""卫生间门"",""单元门""]","[""防盗门"",""木门"",""防火门"",""钢质""]",樘,NULL,1,樘,"[{""param"": ""型材系列"", ""type"": ""enum"", ""required"": true, ""source_standard"": ""GB/T 8478-2020"", ""source_clause"": ""GB/T 8478-2020-4-分类"", ""values"": [""50系列"", ""60系列"", ""70系列"", ""80系列""]}, {""param"": ""开启方式"", ""type"": ""enum"", ""required"": true, ""source_standard"": ""GB/T 8478-2020"", ""source_clause"": ""GB/T 8478-2020-4-分类"", ""default"": ""平开"", ""values"": [""平开"", ""推拉"", ""折叠""]}, {""param"": ""玻璃配置"", ""type"": ""enum"", ""required"": false, ""source_standard"": """", ""source_clause"": """", ""values"": [""5mm钢化"", ""6mm钢化"", ""5+9A+5中空"", ""5+12A+5中空""]}, {""param"": ""门扇厚度"", ""type"": ""number"", ""required"": false, ""source_standard"": """", ""source_clause"": """", ""unit"": ""mm"", ""default"": ""50""}, {""param"": ""表面处理"", ""type"": ""enum"", ""required"": false, ""source_standard"": ""GB/T 8478-2020"", ""source_clause"": ""GB/T 8478-2020-5.1-型材"", ""values"": [""粉末喷涂"", ""氟碳喷涂"", ""电泳涂漆"", ""阳极氧化""]}, {""param"": ""门洞尺寸"", ""type"": ""enum"", ""required"": true, ""source_standard"": """", ""source_clause"": """", ""unit"": ""mm"", ""values"": [""700×2100"", ""800×2100"", ""900×2100"", ""1000×2100""]}]",,GB/T 8478-2020,150,门窗及楼梯制品 > 普通门窗 > 铝合金门窗,0.01
MAT-DOO-005,木质门（成品）,门窗,木门,成品木门,门窗/木门/成品木门,"[""木门"",""木质门"",""实木门"",""实木复合门"",""套装门"",""免漆门"",""烤漆门"",""木质防火门""]","[""木质"",""木门"",""实木复合"",""套装门"",""防火""]","[""门窗工程""]","[""户内门"",""卧室门"",""卫生间门"",""书房门""]","[""防盗门"",""防火门"",""钢制"",""铝合金""]",樘,NULL,1,樘,"[{""param"": ""门扇类型"", ""type"": ""enum"", ""required"": true, ""source_standard"": ""GB/T 29498-2024"", ""source_clause"": ""GB/T 29498-2024-4-分类"", ""values"": [""实木门"", ""实木复合门"", ""木质复合门""]}, {""param"": ""表面装饰"", ""type"": ""enum"", ""required"": true, ""source_standard"": ""GB/T 29498-2024"", ""source_clause"": ""GB/T 29498-2024-4-分类"", ""values"": [""油漆门"", ""免漆门"", ""贴皮门""]}, {""param"": ""门扇厚度"", ""type"": ""number"", ""required"": true, ""source_standard"": ""GB/T 29498-2024"", ""source_clause"": ""GB/T 29498-2024-5.2-门扇"", ""unit"": ""mm"", ""default"": ""40""}, {""param"": ""内部填充"", ""type"": ""enum"", ""required"": false, ""source_standard"": """", ""source_clause"": """", ""values"": [""蜂窝纸"", ""桥洞力学板"", ""实木芯板""]}, {""param"": ""门洞尺寸"", ""type"": ""enum"", ""required"": true, ""source_standard"": """", ""source_clause"": """", ""unit"": ""mm"", ""values"": [""700×2100"", ""800×2100"", ""900×2100"", ""1000×2100""]}, {""param"": ""含水率"", ""type"": ""number"", ""required"": false, ""source_standard"": ""GB/T 29498-2024"", ""source_clause"": ""GB/T 29498-2024-6-物理性能"", ""unit"": ""%"", ""default"": ""12""}]",,GB/T 29498-2024,152,门窗及楼梯制品 > 普通门窗 > 木门窗,0.01
MAT-GLA-001,中空钢化玻璃 5+12A+5,门窗,玻璃,中空玻璃,门窗/玻璃/中空钢化玻璃,"[""中空玻璃"",""钢化玻璃"",""中空钢化玻璃"",""5+12A+5"",""5+9A+5"",""双层中空"",""low-e中空玻璃""]","[""中空"",""钢化"",""5+12"",""5+9"",""low-e"",""Low-E"",""双钢化""]","[""门窗工程"",""幕墙工程""]","[""窗"",""门"",""幕墙"",""采光顶"",""玻璃栏杆""]","[""夹胶玻璃"",""单片玻璃"",""普通玻璃""]",m²,NULL,10,m²,"[{""param"": ""玻璃类型"", ""type"": ""enum"", ""required"": true, ""source_standard"": """", ""source_clause"": """", ""default"": ""钢化中空"", ""values"": [""钢化中空"", ""半钢化中空"", ""钢化Low-E中空""]}, {""param"": ""结构配置"", ""type"": ""enum"", ""required"": true, ""source_standard"": """", ""source_clause"": """", ""default"": ""5+12A+5"", ""values"": [""5+9A+5"", ""5+12A+5"", ""6+12A+6"", ""5+12A+5Low-E"", ""6+12A+6Low-E""]}, {""param"": ""单片厚度"", ""type"": ""number"", ""required"": true, ""source_standard"": ""GB 15763.2-2005"", ""source_clause"": ""GB 15763.2-2005-4-厚度"", ""unit"": ""mm"", ""default"": ""5""}, {""param"": ""中空层厚度"", ""type"": ""number"", ""required"": true, ""source_standard"": """", ""source_clause"": """", ""unit"": ""mm"", ""default"": ""12""}, {""param"": ""Low-E膜层"", ""type"": ""enum"", ""required"": false, ""source_standard"": """", ""source_clause"": """", ""values"": [""无"", ""单银"", ""双银""]}, {""param"": ""钢化方式"", ""type"": ""enum"", ""required"": false, ""source_standard"": ""GB 15763.2-2005"", ""source_clause"": ""GB 15763.2-2005-3-定义"", ""values"": [""物理钢化"", ""化学钢化""]}, {""param"": ""碎片状态"", ""type"": ""text"", ""required"": false, ""source_standard"": ""GB 15763.2-2005"", ""source_clause"": ""GB 15763.2-2005-5.6-碎片状态"", ""default"": ""符合标准要求""}]",,GB 15763.2-2005,1420,玻璃及玻璃制品 > 普通玻璃 > 钢化玻璃,0.03
MAT-TRN-001,木胶合板模板 1830×915×15mm,周转材料,模板,木模板,周转材料/模板/木模板,"[""木模板"",""胶合板"",""建筑模板"",""木胶板"",""15mm模板"",""镜面板"",""覆膜模板"",""清水模板"",""红模板"",""复合模板""]","[""1830×915"",""15mm"",""木模板"",""酚醛"",""周转"",""模板"",""胶合板"",""覆膜""]","[""混凝土及钢筋混凝土工程""]","[""柱模"",""梁模"",""板模"",""墙模"",""基础模"",""柱"",""梁"",""板"",""墙"",""基础"",""楼梯""]","[""钢模板"",""铝模板"",""塑料模板"",""爬模"",""滑模""]",张,张,100,张,"[{""param"": ""规格尺寸"", ""type"": ""enum"", ""required"": true, ""source_standard"": ""GB/T 17656-2018"", ""source_clause"": ""GB/T 17656-2018-4-规格"", ""unit"": ""mm"", ""default"": ""1830×915×15"", ""values"": [""1830×915×12"", ""1830×915×15"", ""1830×915×18"", ""2440×1220×15"", ""2440×1220×18""]}, {""param"": ""厚度"", ""type"": ""number"", ""required"": true, ""source_standard"": ""GB/T 17656-2018"", ""source_clause"": ""GB/T 17656-2018-4-规格"", ""unit"": ""mm"", ""default"": ""15""}, {""param"": ""胶合强度"", ""type"": ""number"", ""required"": false, ""source_standard"": ""GB/T 17656-2018"", ""source_clause"": ""GB/T 17656-2018-5.2-物理力学性能"", ""unit"": ""MPa"", ""default"": ""0.7""}, {""param"": ""静曲强度"", ""type"": ""number"", ""required"": false, ""source_standard"": ""GB/T 17656-2018"", ""source_clause"": ""GB/T 17656-2018-5.2-物理力学性能"", ""unit"": ""MPa"", ""default"": ""24""}, {""param"": ""弹性模量"", ""type"": ""number"", ""required"": false, ""source_standard"": ""GB/T 17656-2018"", ""source_clause"": ""GB/T 17656-2018-5.2-物理力学性能"", ""unit"": ""MPa"", ""default"": ""5000""}, {""param"": ""表面处理"", ""type"": ""enum"", ""required"": false, ""source_standard"": """", ""source_clause"": """", ""values"": [""覆膜"", ""素面"", ""涂漆""]}, {""param"": ""周转次数"", ""type"": ""number"", ""required"": false, ""source_standard"": """", ""source_clause"": """", ""default"": ""6""}]",,GB/T 17656-2018,1407,木、竹材料及其制品 > 木材及其制品 > 胶合板,0.06
MAT-TRN-002,钢管脚手架 Φ48×3.5mm,周转材料,脚手架,钢管脚手架,周转材料/脚手架/钢管,"[""钢管"",""架管"",""脚手架管"",""Φ48钢管"",""扣件式钢管"",""架子管"",""48管""]","[""Φ48"",""3.5mm"",""Q235""]","[""措施项目""]","[""外脚手架"",""里脚手架"",""支模架"",""操作平台""]","[""碗扣式"",""盘扣式"",""门式""]",m,6m/根,100,m,"[{""param"": ""外径"", ""type"": ""number"", ""required"": true, ""source_standard"": ""GB/T 3091-2025"", ""source_clause"": ""GB/T 3091-2025-6-表1"", ""unit"": ""mm"", ""default"": ""48.3""}, {""param"": ""壁厚"", ""type"": ""number"", ""required"": true, ""source_standard"": ""GB/T 3091-2025"", ""source_clause"": ""GB/T 3091-2025-6-表1"", ""unit"": ""mm"", ""default"": ""3.5""}, {""param"": ""材质"", ""type"": ""enum"", ""required"": true, ""source_standard"": ""GB/T 3091-2025"", ""source_clause"": ""GB/T 3091-2025-5-材料"", ""default"": ""Q235B"", ""values"": [""Q195"", ""Q215A"", ""Q215B"", ""Q235A"", ""Q235B"", ""Q345A"", ""Q345B""]}, {""param"": ""表面状态"", ""type"": ""enum"", ""required"": false, ""source_standard"": ""GB/T 3091-2025"", ""source_clause"": ""GB/T 3091-2025-5-分类"", ""default"": ""不镀锌"", ""values"": [""不镀锌"", ""镀锌""]}, {""param"": ""外径允许偏差"", ""type"": ""text"", ""required"": false, ""source_standard"": ""GB/T 3091-2025"", ""source_clause"": ""GB/T 3091-2025-6-外径允许偏差"", ""default"": ""±0.5mm""}, {""param"": ""壁厚允许偏差"", ""type"": ""text"", ""required"": false, ""source_standard"": ""GB/T 3091-2025"", ""source_clause"": ""GB/T 3091-2025-6-壁厚允许偏差"", ""default"": ""±10%t""}]",,GB/T 3091-2025,,,
MAT-TRN-003,组合钢模板,周转材料,模板,组合钢模板,周转材料/模板/组合钢模板,"[""组合钢模板"",""钢模板"",""定型钢模板"",""大钢模""]","[""组合"",""钢模板"",""定型""]","[""混凝土及钢筋混凝土工程""]","[""基础"",""柱"",""梁"",""板"",""墙""]","[""木模板"",""铝模板"",""塑料模板"",""爬模""]",kg,NULL,100,kg,"[{""param"": ""模板类型"", ""type"": ""enum"", ""required"": true, ""source_standard"": """", ""source_clause"": """", ""default"": ""平面模板"", ""values"": [""平面模板"", ""阴角模板"", ""阳角模板"", ""连接角模""]}, {""param"": ""面板厚度"", ""type"": ""number"", ""required"": true, ""source_standard"": ""GB/T 709-2019"", ""source_clause"": ""GB/T 709-2019-5-尺寸"", ""unit"": ""mm"", ""default"": ""2.5""}, {""param"": ""肋板厚度"", ""type"": ""number"", ""required"": false, ""source_standard"": ""GB/T 709-2019"", ""source_clause"": ""GB/T 709-2019-5-尺寸"", ""unit"": ""mm"", ""default"": ""2.5""}, {""param"": ""材质"", ""type"": ""enum"", ""required"": true, ""source_standard"": """", ""source_clause"": """", ""default"": ""Q235B"", ""values"": [""Q235B"", ""Q345B""]}, {""param"": ""宽度模数"", ""type"": ""enum"", ""required"": false, ""source_standard"": """", ""source_clause"": """", ""unit"": ""mm"", ""values"": [""100"", ""150"", ""200"", ""250"", ""300""]}, {""param"": ""长度模数"", ""type"": ""enum"", ""required"": false, ""source_standard"": """", ""source_clause"": """", ""unit"": ""mm"", ""values"": [""600"", ""900"", ""1200"", ""1500""]}]",,GB/T 709-2019,1160,周转材料及工器具 > 模板及附件 > 模板及其附件,
MAT-TRN-004,铝合金模板,周转材料,模板,铝合金模板,周转材料/模板/铝合金模板,"[""铝合金模板"",""铝模板"",""铝模"",""铝框""]","[""铝合金"",""铝模板"",""铝模"",""铝框""]","[""混凝土及钢筋混凝土工程""]","[""墙模"",""柱模"",""梁模"",""板模""]","[""木模板"",""钢模板"",""爬模""]",m²,NULL,50,m²,"[{""param"": ""材质"", ""type"": ""enum"", ""required"": true, ""source_standard"": """", ""source_clause"": """", ""default"": ""6061-T6"", ""values"": [""6061-T6"", ""6063-T5"", ""6063-T6"", ""6082-T6""]}, {""param"": ""模板厚度"", ""type"": ""number"", ""required"": true, ""source_standard"": """", ""source_clause"": """", ""unit"": ""mm"", ""default"": ""4"", ""values"": [""3.5"", ""4"", ""4.5"", ""5""]}, {""param"": ""表面处理"", ""type"": ""enum"", ""required"": false, ""source_standard"": """", ""source_clause"": """", ""default"": ""阳极氧化"", ""values"": [""阳极氧化"", ""粉末喷涂"", ""电泳涂装""]}, {""param"": ""屈服强度"", ""type"": ""number"", ""required"": false, ""source_standard"": """", ""source_clause"": """", ""unit"": ""MPa"", ""default"": ""240""}, {""param"": ""抗拉强度"", ""type"": ""number"", ""required"": false, ""source_standard"": """", ""source_clause"": """", ""unit"": ""MPa"", ""default"": ""260""}]",,,,,
MAT-WOO-001,规格材（工程用材）,木材,规格材,工程木材,木材/规格材/工程木材,"[""规格材"",""工程木材"",""板枋材"",""木材"",""木方""]","[""规格材"",""板枋材"",""木材"",""工程用材""]","[""木结构工程"",""装饰工程""]","[""木屋架"",""木梁"",""木柱"",""木檩"",""木楼梯"",""木基层""]","[""防腐木"",""胶合木"",""LVL"",""刨光材""]",m³,NULL,1,m³,"[{""param"": ""树种"", ""type"": ""enum"", ""required"": true, ""source_standard"": ""GB/T 153-2019"", ""source_clause"": ""GB/T 153-2019-4-分类"", ""default"": ""落叶松"", ""values"": [""落叶松"", ""樟子松"", ""马尾松"", ""辐射松"", ""花旗松"", ""云杉"", ""冷杉"", ""铁杉""]}, {""param"": ""厚度"", ""type"": ""enum"", ""required"": true, ""source_standard"": ""GB/T 153-2019"", ""source_clause"": ""GB/T 153-2019-5.1-尺寸"", ""unit"": ""mm"", ""default"": ""50"", ""values"": [""12"", ""15"", ""18"", ""21"", ""25"", ""30"", ""40"", ""50"", ""60"", ""70"", ""80"", ""100""]}, {""param"": ""宽度"", ""type"": ""enum"", ""required"": true, ""source_standard"": ""GB/T 153-2019"", ""source_clause"": ""GB/T 153-2019-5.1-尺寸"", ""unit"": ""mm"", ""default"": ""100"", ""values"": [""60"", ""80"", ""100"", ""120"", ""150"", ""180"", ""200"", ""250"", ""300""]}, {""param"": ""长度"", ""type"": ""enum"", ""required"": true, ""source_standard"": ""GB/T 153-2019"", ""source_clause"": ""GB/T 153-2019-5.1-尺寸"", ""unit"": ""m"", ""default"": ""4"", ""values"": [""2"", ""2.5"", ""3"", ""3.5"", ""4"", ""4.5"", ""5"", ""6""]}, {""param"": ""等级"", ""type"": ""enum"", ""required"": true, ""source_standard"": ""GB/T 153-2019"", ""source_clause"": ""GB/T 153-2019-4-分类"", ""default"": ""Ⅰ级"", ""values"": [""Ⅰ级"", ""Ⅱ级"", ""Ⅲ级"", ""Ⅳ级""]}, {""param"": ""含水率"", ""type"": ""number"", ""required"": false, ""source_standard"": ""GB/T 153-2019"", ""source_clause"": ""GB/T 153-2019-6.2-含水率"", ""unit"": ""%"", ""default"": ""20""}]",,GB/T 153-2019,143,木、竹材料及其制品 > 木材及其制品 > 原木,0.18
MAT-EAR-001,素土（回填用）,其他,回填材料,素土,其他/回填材料/素土,"[""素土"",""回填土"",""填土"",""种植土"",""净土"",""黄土""]","[""素土"",""回填"",""填土""]","[""土石方工程""]","[""基础回填"",""房心回填"",""管沟回填""]","[""灰土"",""砂石"",""级配碎石"",""垃圾土"",""淤泥""]",m³,NULL,10,m³,,,,,,
MAT-EAR-002,级配砂石,其他,回填材料,级配砂石,其他/回填材料/级配砂石,"[""级配砂石"",""砂石"",""级配碎石"",""碎石垫层"",""砂夹石"",""砂卵石"",""细砂""]","[""级配"",""砂石"",""碎石"",""砂夹石""]","[""土石方工程"",""地基处理工程""]","[""基础回填"",""垫层"",""换填"",""管沟回填""]","[""素土"",""灰土"",""混凝土""]",m³,NULL,10,m³,"[{""param"": ""最大粒径"", ""type"": ""enum"", ""required"": true, ""source_standard"": ""GB/T 14685-2022"", ""source_clause"": ""GB/T 14685-2022-5-分类与规格"", ""unit"": ""mm"", ""default"": ""40"", ""values"": [""20"", ""25"", ""31.5"", ""40"", ""50"", ""63"", ""80""]}, {""param"": ""级配类型"", ""type"": ""enum"", ""required"": true, ""source_standard"": ""GB/T 14685-2022"", ""source_clause"": ""GB/T 14685-2022-6.1-颗粒级配"", ""default"": ""连续级配"", ""values"": [""连续级配"", ""单粒级配""]}, {""param"": ""含泥量"", ""type"": ""number"", ""required"": false, ""source_standard"": ""GB/T 14685-2022"", ""source_clause"": ""GB/T 14685-2022-6.3-含泥量"", ""unit"": ""%"", ""default"": ""1.0""}, {""param"": ""泥块含量"", ""type"": ""number"", ""required"": false, ""source_standard"": ""GB/T 14685-2022"", ""source_clause"": ""GB/T 14685-2022-6.4-泥块含量"", ""unit"": ""%"", ""default"": ""0.5""}, {""param"": ""针片状颗粒含量"", ""type"": ""number"", ""required"": false, ""source_standard"": ""GB/T 14685-2022"", ""source_clause"": ""GB/T 14685-2022-6.5-针片状颗粒"", ""unit"": ""%"", ""default"": ""15""}, {""param"": ""压碎指标"", ""type"": ""number"", ""required"": false, ""source_standard"": ""GB/T 14685-2022"", ""source_clause"": ""GB/T 14685-2022-6.7-压碎指标"", ""unit"": ""%"", ""default"": ""20""}]",,GB/T 14685-2022,19,水泥、砖瓦灰砂石及混凝土制品 > 砂石、粉、灰、土 > 砂,0.03
MAT-AUX-001,石灰（消石灰）,其他,胶凝材料,石灰,其他/胶凝材料/石灰,"[""石灰"",""消石灰"",""生石灰"",""灰钙粉"",""熟石灰"",""白灰"",""石灰粉""]","[""石灰"",""消石灰"",""3:7灰土"",""2:8灰土""]","[""土石方工程"",""地基处理工程""]","[""灰土回填"",""灰土垫层"",""石灰稳定土""]","[""水泥"",""石膏""]",t,25kg/袋,1,t,"[{""param"": ""类型"", ""type"": ""enum"", ""required"": true, ""source_standard"": """", ""source_clause"": """", ""default"": ""消石灰"", ""values"": [""生石灰"", ""消石灰""]}, {""param"": ""氧化钙含量"", ""type"": ""number"", ""required"": false, ""source_standard"": """", ""source_clause"": """", ""unit"": ""%"", ""default"": ""85""}, {""param"": ""细度"", ""type"": ""number"", ""required"": false, ""source_standard"": """", ""source_clause"": """", ""unit"": ""目"", ""default"": ""200""}]",,,1128,水泥、砖瓦灰砂石及混凝土制品 > 砂石、粉、灰、土 > 灰、粉、土等掺合填充料,0.03
MAT-FUL-001,液化石油气,燃料,石油液化气,NULL,燃料/石油液化气,"[""液化气"",""石油气"",""LPG"",""丙烷""]","[""液化"",""石油气""]","[""屋面及防水工程"",""施工""]","[""热熔法卷材"",""烘烤"",""焊接""]","[""汽油"",""煤油""]",kg,15kg/瓶,10,kg,,,,,,
MAT-UTL-001,施工用水,施工辅助材料,水,NULL,施工辅助材料/水,"[""水"",""施工用水"",""养护水"",""拌合水""]","[""水"",""养护"",""拌合""]","[""全部""]","[""全部""]","[""生活用水"",""饮用水""]",m³,NULL,1,m³,,,,,,
MAT-GRO-002,装配式套筒灌浆料,其他,灌浆料,套筒灌浆,其他/灌浆料/套筒灌浆,"[""灌浆料"",""套筒灌浆"",""水泥基灌浆料""]","[""灌浆"",""套筒"",""装配式""]","[""010504""]","[""预制构件连接""]","[""防水""]",t,,1.0,t,"[{""param"": ""流动度"", ""type"": ""number"", ""required"": true, ""source_standard"": ""JC/T 986-2018"", ""source_clause"": ""JC/T 986-2018-5.2-流动度"", ""unit"": ""mm"", ""default"": ""300""}, {""param"": ""抗压强度(1d)"", ""type"": ""number"", ""required"": true, ""source_standard"": ""JC/T 986-2018"", ""source_clause"": ""JC/T 986-2018-5.4-抗压强度"", ""unit"": ""MPa"", ""default"": ""35""}, {""param"": ""抗压强度(28d)"", ""type"": ""number"", ""required"": true, ""source_standard"": ""JC/T 986-2018"", ""source_clause"": ""JC/T 986-2018-5.4-抗压强度"", ""unit"": ""MPa"", ""default"": ""60""}, {""param"": ""竖向膨胀率"", ""type"": ""number"", ""required"": false, ""source_standard"": ""JC/T 986-2018"", ""source_clause"": ""JC/T 986-2018-5.5-竖向膨胀率"", ""unit"": ""%"", ""default"": ""0.02""}, {""param"": ""氯离子含量"", ""type"": ""number"", ""required"": false, ""source_standard"": ""JC/T 986-2018"", ""source_clause"": ""JC/T 986-2018-5.7-氯离子含量"", ""unit"": ""%"", ""default"": ""0.06""}]",,JC/T 986-2018; GB/T 50448-2015,1158,五金制品 > 其他五金 > 钢筋接头、锚具及钢筋保护帽,0.025
MAT-GRO-003,座浆料,其他,灌浆料,座浆,其他/灌浆料/座浆,"[""座浆料"",""垫浆料""]","[""座浆"",""垫浆""]","[""010504""]","[""预制构件""]","[""防水""]",t,,1.0,t,"[{""param"": ""流动度"", ""type"": ""number"", ""required"": true, ""source_standard"": ""JC/T 986-2018"", ""source_clause"": ""JC/T 986-2018-5.2-流动度"", ""unit"": ""mm"", ""default"": ""290""}, {""param"": ""抗压强度(1d)"", ""type"": ""number"", ""required"": true, ""source_standard"": ""JC/T 986-2018"", ""source_clause"": ""JC/T 986-2018-5.4-抗压强度"", ""unit"": ""MPa"", ""default"": ""30""}, {""param"": ""抗压强度(28d)"", ""type"": ""number"", ""required"": true, ""source_standard"": ""JC/T 986-2018"", ""source_clause"": ""JC/T 986-2018-5.4-抗压强度"", ""unit"": ""MPa"", ""default"": ""50""}, {""param"": ""竖向膨胀率"", ""type"": ""number"", ""required"": false, ""source_standard"": ""JC/T 986-2018"", ""source_clause"": ""JC/T 986-2018-5.5-竖向膨胀率"", ""unit"": ""%"", ""default"": ""0.02""}]",,,232,涂料及防腐、防水材料 > 防水材料 > 防水涂料,0.05
MAT-STE-009,焊接球节点,钢材,钢构件,焊接球,钢材/钢构件/焊接球,"[""焊接球"",""空心球"",""钢球节点""]","[""焊接球"",""空心球""]","[""010601""]","[""钢网架""]","[""H型钢"",""钢板""]",t,,1.0,t,"[{""param"": ""球径"", ""type"": ""number"", ""required"": true, ""source_standard"": """", ""source_clause"": """", ""unit"": ""mm"", ""default"": ""300"", ""values"": [""200"", ""250"", ""300"", ""350"", ""400"", ""450"", ""500"", ""600"", ""700"", ""800""]}, {""param"": ""壁厚"", ""type"": ""number"", ""required"": true, ""source_standard"": """", ""source_clause"": """", ""unit"": ""mm"", ""default"": ""10"", ""values"": [""6"", ""8"", ""10"", ""12"", ""14"", ""16"", ""18"", ""20""]}, {""param"": ""材质"", ""type"": ""enum"", ""required"": true, ""source_standard"": """", ""source_clause"": """", ""default"": ""Q235B"", ""values"": [""Q235B"", ""Q355B""]}, {""param"": ""焊缝等级"", ""type"": ""enum"", ""required"": false, ""source_standard"": """", ""source_clause"": """", ""default"": ""一级"", ""values"": [""一级"", ""二级""]}]",,,,,
MAT-STE-010,无缝钢管 Q355B,钢材,钢管,无缝钢管,钢材/钢管/无缝钢管,"[""无缝钢管"",""钢管"",""Q355B钢管""]","[""无缝钢管"",""Q355B""]","[""010601"",""010602""]","[""钢网架"",""钢屋架""]","[""焊接钢管"",""镀锌""]",t,,1.0,t,"[{""param"": ""牌号"", ""type"": ""enum"", ""required"": true, ""source_standard"": ""GB/T 8163-2018"", ""source_clause"": ""GB/T 8163-2018-5.1-表1"", ""default"": ""Q355B"", ""values"": [""Q345B"", ""Q355B"", ""Q390B"", ""Q420B"", ""Q460B""]}, {""param"": ""外径"", ""type"": ""number"", ""required"": true, ""source_standard"": ""GB/T 8163-2018"", ""source_clause"": ""GB/T 8163-2018-6.1-表2"", ""unit"": ""mm""}, {""param"": ""壁厚"", ""type"": ""number"", ""required"": true, ""source_standard"": ""GB/T 8163-2018"", ""source_clause"": ""GB/T 8163-2018-6.1-表2"", ""unit"": ""mm""}, {""param"": ""外径允许偏差"", ""type"": ""text"", ""required"": false, ""source_standard"": ""GB/T 8163-2018"", ""source_clause"": ""GB/T 8163-2018-6.1-表3"", ""default"": ""±1%D""}, {""param"": ""壁厚允许偏差"", ""type"": ""text"", ""required"": false, ""source_standard"": ""GB/T 8163-2018"", ""source_clause"": ""GB/T 8163-2018-6.1-表4"", ""default"": ""±12.5%S""}, {""param"": ""下屈服强度"", ""type"": ""number"", ""required"": false, ""source_standard"": ""GB/T 8163-2018"", ""source_clause"": ""GB/T 8163-2018-5.1-表1"", ""unit"": ""MPa"", ""default"": ""355""}, {""param"": ""抗拉强度"", ""type"": ""number"", ""required"": false, ""source_standard"": ""GB/T 8163-2018"", ""source_clause"": ""GB/T 8163-2018-5.1-表1"", ""unit"": ""MPa"", ""default"": ""470""}, {""param"": ""断后伸长率"", ""type"": ""number"", ""required"": false, ""source_standard"": ""GB/T 8163-2018"", ""source_clause"": ""GB/T 8163-2018-5.1-表1"", ""unit"": ""%"", ""default"": ""21""}]",,GB/T 8163-2018,1233,管材 > 金属管材 > 无缝钢管,0.02
MAT-STE-011,热轧等边角钢 Q235B,钢材,型钢,角钢,钢材/型钢/角钢,"[""角钢"",""等边角钢"",""角铁""]","[""角钢"",""等边角钢"",""Q235B""]","[""010602"",""010606""]","[""钢屋架"",""钢天窗架""]","[""H型钢"",""槽钢""]",t,,1.0,t,"[{""param"": ""牌号"", ""type"": ""enum"", ""required"": true, ""source_standard"": ""GB/T 706-2016"", ""source_clause"": ""GB/T 706-2016-5.1-表1"", ""default"": ""Q235B"", ""values"": [""Q235B"", ""Q345B"", ""Q355B"", ""Q390B"", ""Q420B"", ""Q460B""]}, {""param"": ""截面型号"", ""type"": ""enum"", ""required"": true, ""source_standard"": ""GB/T 706-2016"", ""source_clause"": ""GB/T 706-2016-4-分类"", ""default"": ""等边角钢"", ""values"": [""等边角钢"", ""不等边角钢""]}, {""param"": ""边宽"", ""type"": ""number"", ""required"": true, ""source_standard"": ""GB/T 706-2016"", ""source_clause"": ""GB/T 706-2016-6-表2"", ""unit"": ""mm"", ""values"": [""20"", ""25"", ""30"", ""36"", ""40"", ""45"", ""50"", ""56"", ""63"", ""70"", ""75"", ""80"", ""90"", ""100"", ""110"", ""125"", ""140"", ""160"", ""180"", ""200""]}, {""param"": ""边厚"", ""type"": ""number"", ""required"": true, ""source_standard"": ""GB/T 706-2016"", ""source_clause"": ""GB/T 706-2016-6-表2"", ""unit"": ""mm""}, {""param"": ""理论单位重量"", ""type"": ""number"", ""required"": false, ""source_standard"": ""GB/T 706-2016"", ""source_clause"": ""GB/T 706-2016-6-表2"", ""unit"": ""kg/m""}, {""param"": ""下屈服强度"", ""type"": ""number"", ""required"": false, ""source_standard"": ""GB/T 706-2016"", ""source_clause"": ""GB/T 706-2016-5.1-表1"", ""unit"": ""MPa"", ""default"": ""235""}, {""param"": ""抗拉强度"", ""type"": ""number"", ""required"": false, ""source_standard"": ""GB/T 706-2016"", ""source_clause"": ""GB/T 706-2016-5.1-表1"", ""unit"": ""MPa"", ""default"": ""370""}]",,GB/T 706-2016,1091,黑色及有色金属 > 建筑钢材 > 角钢,0.05
MAT-STE-012,压型钢板 YX51-760,钢材,钢板,压型钢板,钢材/钢板/压型钢板,"[""压型钢板"",""彩钢板"",""波纹板"",""YX""]","[""压型"",""YX"",""彩钢""]","[""010605""]","[""钢板楼板"",""墙板"",""屋面板""]","[""钢筋""]",m2,,1.0,m2,"[{""param"": ""板型"", ""type"": ""enum"", ""required"": true, ""source_standard"": """", ""source_clause"": """", ""default"": ""YX51-760"", ""values"": [""YX51-760"", ""YX35-125-750"", ""YX130-300-600"", ""YX75-200-600"", ""YX75-230-690""]}, {""param"": ""基板厚度"", ""type"": ""number"", ""required"": true, ""source_standard"": """", ""source_clause"": """", ""unit"": ""mm"", ""default"": ""0.8"", ""values"": [""0.6"", ""0.8"", ""1.0"", ""1.2""]}, {""param"": ""基板牌号"", ""type"": ""enum"", ""required"": true, ""source_standard"": """", ""source_clause"": """", ""default"": ""Q235B"", ""values"": [""Q235B"", ""Q345B"", ""Q355B""]}, {""param"": ""镀层类型"", ""type"": ""enum"", ""required"": true, ""source_standard"": """", ""source_clause"": """", ""default"": ""热镀锌"", ""values"": [""热镀锌"", ""镀铝锌"", ""彩涂""]}, {""param"": ""镀层重量"", ""type"": ""number"", ""required"": false, ""source_standard"": """", ""source_clause"": """", ""unit"": ""g/m2"", ""default"": ""275""}, {""param"": ""有效覆盖宽度"", ""type"": ""number"", ""required"": false, ""source_standard"": """", ""source_clause"": """", ""unit"": ""mm"", ""default"": ""760""}]",,,1095,黑色及有色金属 > 建筑钢材 > 钢板,0.05
MAT-WOO-002,方木(屋架用),木材,方木,屋架用材,木材/方木/屋架用材,"[""方木"",""屋架木材"",""檩条"",""木檩条""]","[""方木"",""屋架"",""檩条""]","[""010701""]","[""木屋架""]","[""模板"",""装饰""]",m3,,1.0,m3,"[{""param"": ""树种"", ""type"": ""enum"", ""required"": true, ""source_standard"": ""GB/T 153-2019"", ""source_clause"": ""GB/T 153-2019-4-分类"", ""default"": ""落叶松"", ""values"": [""落叶松"", ""云杉"", ""冷杉"", ""铁杉"", ""马尾松"", ""樟子松"", ""花旗松""]}, {""param"": ""截面宽度"", ""type"": ""number"", ""required"": true, ""source_standard"": """", ""source_clause"": """", ""unit"": ""mm""}, {""param"": ""截面高度"", ""type"": ""number"", ""required"": true, ""source_standard"": """", ""source_clause"": """", ""unit"": ""mm""}, {""param"": ""长度"", ""type"": ""number"", ""required"": true, ""source_standard"": """", ""source_clause"": """", ""unit"": ""m""}, {""param"": ""材质等级"", ""type"": ""enum"", ""required"": true, ""source_standard"": """", ""source_clause"": """", ""default"": ""Ⅰa"", ""values"": [""Ⅰa"", ""Ⅰb"", ""Ⅱa"", ""Ⅱb"", ""Ⅲa""]}, {""param"": ""含水率"", ""type"": ""number"", ""required"": false, ""source_standard"": """", ""source_clause"": """", ""unit"": ""%"", ""default"": ""15""}]",,GB/T 153-2019; GB/T 4817-2019,,,
MAT-TIL-006,防滑地砖 800x800,装饰材料,地砖,防滑地砖,装饰材料/地砖/防滑地砖,"[""防滑地砖"",""地砖"",""地板砖"",""800地砖""]","[""防滑"",""地砖"",""800""]","[""011102"",""011103"",""011106"",""011107"",""011108""]","[""楼地面""]","[""墙面""]",m2,,1.0,m2,"[{""param"": ""砖面尺寸"", ""type"": ""enum"", ""required"": true, ""source_standard"": ""GB/T 4100-2015"", ""source_clause"": ""GB/T 4100-2015-4-分类"", ""default"": ""800x800"", ""values"": [""300x300"", ""400x400"", ""500x500"", ""600x600"", ""800x800"", ""1000x1000""]}, {""param"": ""厚度"", ""type"": ""number"", ""required"": true, ""source_standard"": ""GB/T 4100-2015"", ""source_clause"": ""GB/T 4100-2015-5-要求"", ""unit"": ""mm"", ""default"": ""10""}, {""param"": ""吸水率"", ""type"": ""enum"", ""required"": true, ""source_standard"": ""GB/T 4100-2015"", ""source_clause"": ""GB/T 4100-2015-4-表1"", ""default"": ""Ⅲ类"", ""values"": [""Ⅰa类"", ""Ⅰb类"", ""Ⅱa类"", ""Ⅱb类"", ""Ⅲ类""]}, {""param"": ""表面特征"", ""type"": ""enum"", ""required"": true, ""source_standard"": ""GB/T 4100-2015"", ""source_clause"": ""GB/T 4100-2015-4-分类"", ""default"": ""防滑"", ""values"": [""有釉"", ""无釉"", ""防滑"", ""抛光"", ""亚光""]}, {""param"": ""防滑等级"", ""type"": ""enum"", ""required"": false, ""source_standard"": """", ""source_clause"": """", ""default"": ""R10"", ""values"": [""R9"", ""R10"", ""R11"", ""R12"", ""R13""]}, {""param"": ""边长允许偏差"", ""type"": ""text"", ""required"": false, ""source_standard"": ""GB/T 4100-2015"", ""source_clause"": ""GB/T 4100-2015-5-表2"", ""default"": ""±0.5%""}, {""param"": ""厚度允许偏差"", ""type"": ""text"", ""required"": false, ""source_standard"": ""GB/T 4100-2015"", ""source_clause"": ""GB/T 4100-2015-5-表2"", ""default"": ""±5%""}]",,GB/T 4100-2015,1433,墙砖、地砖、地板、地毯类材料 > 陶瓷砖（板） > 瓷砖,0.04
MAT-STO-002,花岗岩板 20mm,装饰材料,石材,花岗岩,装饰材料/石材/花岗岩,"[""花岗岩"",""大理石"",""石材板"",""石板""]","[""花岗岩"",""大理石"",""石材""]","[""011102"",""011106"",""011107"",""011108""]","[""楼地面"",""楼梯""]","[""墙面"",""瓷砖""]",m2,,1.0,m2,"[{""param"": ""厚度"", ""type"": ""number"", ""required"": true, ""source_standard"": ""GB/T 18601-2024"", ""source_clause"": ""GB/T 18601-2024-6-要求"", ""unit"": ""mm"", ""default"": ""20"", ""values"": [""10"", ""15"", ""18"", ""20"", ""25"", ""30"", ""40"", ""50""]}, {""param"": ""表面处理"", ""type"": ""enum"", ""required"": true, ""source_standard"": ""GB/T 18601-2024"", ""source_clause"": ""GB/T 18601-2024-4-分类"", ""default"": ""抛光面"", ""values"": [""毛面"", ""抛光面"", ""火烧面"", ""荔枝面"", ""机切面"", ""亚光面""]}, {""param"": ""体积密度"", ""type"": ""number"", ""required"": false, ""source_standard"": ""GB/T 18601-2024"", ""source_clause"": ""GB/T 18601-2024-6-表1"", ""unit"": ""g/cm3"", ""default"": ""2.56""}, {""param"": ""吸水率"", ""type"": ""number"", ""required"": false, ""source_standard"": ""GB/T 18601-2024"", ""source_clause"": ""GB/T 18601-2024-6-表1"", ""unit"": ""%"", ""default"": ""0.6""}, {""param"": ""弯曲强度"", ""type"": ""number"", ""required"": false, ""source_standard"": ""GB/T 18601-2024"", ""source_clause"": ""GB/T 18601-2024-6-表1"", ""unit"": ""MPa"", ""default"": ""8.0""}, {""param"": ""边长允许偏差"", ""type"": ""text"", ""required"": false, ""source_standard"": ""GB/T 18601-2024"", ""source_clause"": ""GB/T 18601-2024-6-表2"", ""default"": ""±1.0mm""}, {""param"": ""厚度允许偏差"", ""type"": ""text"", ""required"": false, ""source_standard"": ""GB/T 18601-2024"", ""source_clause"": ""GB/T 18601-2024-6-表3"", ""default"": ""±1.5mm""}]",,GB/T 18601-2024,1447,装饰石材及石材制品 > 天然石材 > 花岗石板,0.02
MAT-FLR-001,同质透心塑胶地板 2mm,装饰材料,地板,塑胶地板,装饰材料/地板/塑胶地板,"[""塑胶地板"",""PVC地板"",""同透地板"",""运动地板""]","[""塑胶"",""PVC"",""同透"",""运动地板""]","[""011103""]","[""楼地面""]","[""地砖""]",m2,,1.0,m2,"[{""param"": ""结构类型"", ""type"": ""enum"", ""required"": true, ""source_standard"": ""GB/T 11982.1-2015"", ""source_clause"": ""GB11982-2015-4"", ""default"": ""同质"", ""values"": [""非同质"", ""同质""]}, {""param"": ""使用等级"", ""type"": ""enum"", ""required"": true, ""source_standard"": ""GB/T 11982.1-2015"", ""source_clause"": ""GB11982-2015-4"", ""default"": ""32"", ""values_count"": 7, ""values"": [""21"", ""22"", ""31"", ""32"", ""41"", ""42"", ""43"", ""...""]}, {""param"": ""耐磨等级"", ""type"": ""enum"", ""required"": true, ""source_standard"": ""GB/T 11982.1-2015"", ""source_clause"": ""GB11982-2015-4"", ""default"": ""T级"", ""values"": [""T级"", ""P级"", ""M级"", ""F级""]}, {""param"": ""总厚度"", ""type"": ""number"", ""required"": true, ""source_standard"": ""GB/T 11982.1-2015"", ""source_clause"": ""GB11982-2015-表1"", ""unit"": ""mm"", ""default"": ""2.0"", ""values"": [""1.5"", ""2.0"", ""2.5"", ""3.0""]}, {""param"": ""耐磨层厚度"", ""type"": ""number"", ""required"": false, ""source_standard"": ""GB/T 11982.1-2015"", ""source_clause"": ""GB11982-2015-表1"", ""unit"": ""mm"", ""default"": ""0.15"", ""values"": [""0.10"", ""0.15"", ""0.20"", ""0.30"", ""0.50""]}, {""param"": ""宽度"", ""type"": ""number"", ""required"": true, ""source_standard"": ""GB/T 11982.1-2015"", ""source_clause"": ""GB11982-2015-5.1.2"", ""unit"": ""m"", ""default"": ""2""}, {""param"": ""长度"", ""type"": ""number"", ""required"": true, ""source_standard"": ""GB/T 11982.1-2015"", ""source_clause"": ""GB11982-2015-5.1.2"", ""unit"": ""m"", ""default"": ""15""}]",,GB/T 11982.1-2015,129,墙砖、地砖、地板、地毯类材料 > 塑料、橡胶地板 > 塑料地板,0.03
MAT-AUX-003,地毯(满铺),装饰材料,地毯,化纤地毯,装饰材料/地毯/化纤地毯,"[""地毯"",""化纤地毯"",""满铺地毯""]","[""地毯"",""满铺"",""块毯""]","[""011104""]","[""楼地面""]","[""地砖""]",m2,,1.0,m2,"[{""param"": ""材质"", ""type"": ""enum"", ""required"": true, ""source_standard"": """", ""source_clause"": """", ""default"": ""丙纶"", ""values"": [""丙纶"", ""尼龙"", ""涤纶"", ""羊毛混纺"", ""纯羊毛""]}, {""param"": ""绒高"", ""type"": ""number"", ""required"": true, ""source_standard"": """", ""source_clause"": """", ""unit"": ""mm"", ""default"": ""6""}, {""param"": ""总厚度"", ""type"": ""number"", ""required"": true, ""source_standard"": """", ""source_clause"": """", ""unit"": ""mm"", ""default"": ""10""}, {""param"": ""底背材料"", ""type"": ""enum"", ""required"": true, ""source_standard"": """", ""source_clause"": """", ""default"": ""黄麻底背"", ""values"": [""黄麻底背"", ""无纺布底背"", ""PVC底背"", ""橡胶底背""]}, {""param"": ""幅宽"", ""type"": ""number"", ""required"": true, ""source_standard"": """", ""source_clause"": """", ""unit"": ""m"", ""default"": ""3.66"", ""values"": [""2.0"", ""3.0"", ""3.66"", ""4.0""]}, {""param"": ""防火等级"", ""type"": ""enum"", ""required"": false, ""source_standard"": """", ""source_clause"": """", ""default"": ""B1级"", ""values"": [""B1级"", ""B2级""]}]",,,98,墙砖、地砖、地板、地毯类材料 > 地毯、挂毯 > 地毯,0.03
MAT-AUX-004,木地板(成品),装饰材料,地板,木地板,装饰材料/地板/木地板,"[""木地板"",""复合地板"",""实木地板"",""强化地板""]","[""木地板"",""复合地板"",""实木""]","[""011104"",""011109""]","[""楼地面""]","[""地砖"",""地毯""]",m2,,1.0,m2,"[{""param"": ""类型"", ""type"": ""enum"", ""required"": true, ""source_standard"": """", ""source_clause"": """", ""default"": ""强化复合"", ""values"": [""实木"", ""实木复合"", ""强化复合"", ""竹木""]}, {""param"": ""厚度"", ""type"": ""number"", ""required"": true, ""source_standard"": """", ""source_clause"": """", ""unit"": ""mm"", ""default"": ""12"", ""values"": [""8"", ""10"", ""12"", ""15"", ""18""]}, {""param"": ""表面处理"", ""type"": ""enum"", ""required"": true, ""source_standard"": """", ""source_clause"": """", ""default"": ""UV漆"", ""values"": [""UV漆"", ""木蜡油"", ""素板"", ""耐磨层""]}, {""param"": ""单板尺寸"", ""type"": ""enum"", ""required"": true, ""source_standard"": """", ""source_clause"": """", ""default"": ""1210x195"", ""values"": [""1210x195"", ""1215x198"", ""910x125"", ""1818x303""]}, {""param"": ""耐磨等级"", ""type"": ""enum"", ""required"": false, ""source_standard"": """", ""source_clause"": """", ""default"": ""AC3"", ""values"": [""AC1"", ""AC2"", ""AC3"", ""AC4"", ""AC5""]}, {""param"": ""甲醛释放等级"", ""type"": ""enum"", ""required"": false, ""source_standard"": """", ""source_clause"": """", ""default"": ""E1"", ""values"": [""E0"", ""E1"", ""E2""]}]",,,40,墙砖、地砖、地板、地毯类材料 > 木地板 > 实木地板,0.03
MAT-AUX-005,预制水磨石踏步板,装饰材料,水磨石,预制踏步,装饰材料/水磨石/预制踏步,"[""水磨石踏步"",""预制踏步板"",""楼梯踏步""]","[""水磨石"",""踏步"",""楼梯板""]","[""011106""]","[""楼梯""]","[""地砖""]",m2,,1.0,m2,"[{""param"": ""类型"", ""type"": ""enum"", ""required"": true, ""source_standard"": """", ""source_clause"": """", ""default"": ""预制水磨石"", ""values"": [""预制水磨石"", ""现浇水磨石""]}, {""param"": ""厚度"", ""type"": ""number"", ""required"": true, ""source_standard"": """", ""source_clause"": """", ""unit"": ""mm"", ""default"": ""30"", ""values"": [""20"", ""25"", ""30"", ""35"", ""40""]}, {""param"": ""踏步板形式"", ""type"": ""enum"", ""required"": true, ""source_standard"": """", ""source_clause"": """", ""default"": ""L型"", ""values"": [""平板型"", ""L型"", ""F型""]}, {""param"": ""骨料种类"", ""type"": ""enum"", ""required"": true, ""source_standard"": """", ""source_clause"": """", ""default"": ""碎石"", ""values"": [""碎石"", ""卵石"", ""玻璃"", ""大理石粒""]}, {""param"": ""表面处理"", ""type"": ""enum"", ""required"": true, ""source_standard"": """", ""source_clause"": """", ""default"": ""磨光"", ""values"": [""磨光"", ""粗磨"", ""机刨""]}, {""param"": ""颜色"", ""type"": ""text"", ""required"": false, ""source_standard"": """", ""source_clause"": """", ""default"": ""灰白""}]",,,,,
MAT-AUX-006,木踢脚线,装饰材料,踢脚线,木踢脚,装饰材料/踢脚线/木踢脚,"[""木踢脚线"",""踢脚板"",""实木踢脚""]","[""踢脚线"",""踢脚板"",""木踢脚""]","[""011105""]","[""踢脚线""]","[""地砖""]",m,,1.0,m,"[{""param"": ""材质"", ""type"": ""enum"", ""required"": true, ""source_standard"": """", ""source_clause"": """", ""default"": ""实木"", ""values"": [""实木"", ""密度板"", ""多层实木""]}, {""param"": ""高度"", ""type"": ""number"", ""required"": true, ""source_standard"": """", ""source_clause"": """", ""unit"": ""mm"", ""default"": ""80"", ""values"": [""60"", ""80"", ""100"", ""120""]}, {""param"": ""厚度"", ""type"": ""number"", ""required"": true, ""source_standard"": """", ""source_clause"": """", ""unit"": ""mm"", ""default"": ""12"", ""values"": [""10"", ""12"", ""15""]}, {""param"": ""表面处理"", ""type"": ""enum"", ""required"": false, ""source_standard"": """", ""source_clause"": """", ""default"": ""清漆"", ""values"": [""清漆"", ""混油"", ""木蜡油"", ""免漆""]}]",,,1528,装饰线条、装饰件、栏杆、扶手及其他 > 装饰线条 > 踢脚线,0.03
MAT-AUX-007,石材踢脚线,装饰材料,踢脚线,石材踢脚,装饰材料/踢脚线/石材踢脚,"[""石材踢脚线"",""大理石踢脚"",""花岗岩踢脚""]","[""踢脚线"",""石材踢脚""]","[""011105""]","[""踢脚线""]","[""木""]",m,,1.0,m,"[{""param"": ""石材种类"", ""type"": ""enum"", ""required"": true, ""source_standard"": ""GB/T 18601-2024"", ""source_clause"": ""GB18601-2024-4-分类"", ""default"": ""花岗岩"", ""values"": [""花岗岩"", ""大理石"", ""石灰石"", ""砂岩""]}, {""param"": ""厚度"", ""type"": ""number"", ""required"": true, ""source_standard"": ""GB/T 18601-2024"", ""source_clause"": ""GB18601-2024-6.1-规格尺寸"", ""unit"": ""mm"", ""default"": ""15"", ""values"": [""10"", ""12"", ""15"", ""18"", ""20"", ""25"", ""30""]}, {""param"": ""高度"", ""type"": ""number"", ""required"": true, ""source_standard"": """", ""source_clause"": """", ""unit"": ""mm"", ""default"": ""100"", ""values"": [""60"", ""80"", ""100"", ""120"", ""150""]}, {""param"": ""表面处理"", ""type"": ""enum"", ""required"": false, ""source_standard"": ""GB/T 18601-2024"", ""source_clause"": ""GB18601-2024-6.5-加工质量"", ""default"": ""磨光"", ""values"": [""磨光"", ""亚光"", ""火烧面"", ""荔枝面"", ""自然面""]}, {""param"": ""体积密度"", ""type"": ""number"", ""required"": false, ""source_standard"": ""GB/T 18601-2024"", ""source_clause"": ""GB18601-2024-7.2-表6"", ""unit"": ""g/cm³"", ""default"": ""2.56""}, {""param"": ""吸水率"", ""type"": ""number"", ""required"": false, ""source_standard"": ""GB/T 18601-2024"", ""source_clause"": ""GB18601-2024-7.2-表6"", ""unit"": ""%"", ""default"": ""0.60""}, {""param"": ""弯曲强度"", ""type"": ""number"", ""required"": false, ""source_standard"": ""GB/T 18601-2024"", ""source_clause"": ""GB18601-2024-7.2-表6"", ""unit"": ""MPa"", ""default"": ""8.0""}]",,GB/T 18601-2024,1528,装饰线条、装饰件、栏杆、扶手及其他 > 装饰线条 > 踢脚线,0.03
MAT-TIL-004,墙面砖 300x600,装饰材料,面砖,墙面砖,装饰材料/面砖/墙面砖,"[""墙面砖"",""墙砖"",""釉面砖"",""瓷片"",""300x600""]","[""墙面砖"",""墙砖"",""釉面"",""瓷片""]","[""011204"",""011202""]","[""墙面""]","[""地面"",""楼面""]",m2,,1.0,m2,"[{""param"": ""砖类型"", ""type"": ""enum"", ""required"": true, ""source_standard"": ""GB/T 4100-2015"", ""source_clause"": ""GB4100-2015-4-分类"", ""default"": ""BIII类"", ""values"": [""BIa类"", ""BIb类"", ""BIIa类"", ""BIIb类"", ""BIII类""]}, {""param"": ""名义尺寸"", ""type"": ""enum"", ""required"": true, ""source_standard"": ""GB/T 4100-2015"", ""source_clause"": ""GB4100-2015-5.1-表1"", ""default"": ""300x600"", ""values"": [""300x600"", ""300x300"", ""400x800"", ""600x600""]}, {""param"": ""厚度"", ""type"": ""number"", ""required"": true, ""source_standard"": ""GB/T 4100-2015"", ""source_clause"": ""GB4100-2015-5.1-表1"", ""unit"": ""mm"", ""default"": ""9.5"", ""values"": [""7.5"", ""8.0"", ""9.0"", ""9.5"", ""10.0"", ""11.0""]}, {""param"": ""表面特征"", ""type"": ""enum"", ""required"": false, ""source_standard"": ""GB/T 4100-2015"", ""source_clause"": ""GB4100-2015-4-分类"", ""default"": ""有釉"", ""values"": [""有釉"", ""无釉""]}, {""param"": ""吸水率"", ""type"": ""number"", ""required"": false, ""source_standard"": ""GB/T 4100-2015"", ""source_clause"": ""GB4100-2015-4-分类"", ""unit"": ""%"", ""default"": ""10<E≤20"", ""values"": [""E≤0.5"", ""0.5<E≤3"", ""3<E≤6"", ""6<E≤10"", ""10<E≤20""]}, {""param"": ""破坏强度"", ""type"": ""number"", ""required"": false, ""source_standard"": ""GB/T 4100-2015"", ""source_clause"": ""GB4100-2015-7.2-表14"", ""unit"": ""N"", ""default"": ""600""}, {""param"": ""断裂模数"", ""type"": ""number"", ""required"": false, ""source_standard"": ""GB/T 4100-2015"", ""source_clause"": ""GB4100-2015-7.2-表14"", ""unit"": ""MPa"", ""default"": ""15""}]",,GB/T 4100-2015,,,
MAT-STO-003,花岗岩板(墙面用) 25mm,装饰材料,石材,花岗岩墙面,装饰材料/石材/花岗岩墙面,"[""干挂石材"",""石材幕墙"",""花岗岩墙面""]","[""干挂"",""石材幕墙"",""花岗岩墙面""]","[""011205""]","[""墙面""]","[""地面""]",m2,,1.0,m2,"[{""param"": ""石材种类"", ""type"": ""enum"", ""required"": true, ""source_standard"": ""GB/T 18601-2024"", ""source_clause"": ""GB18601-2024-4-分类"", ""default"": ""花岗岩"", ""values"": [""花岗岩"", ""大理石"", ""石灰石"", ""砂岩""]}, {""param"": ""厚度"", ""type"": ""number"", ""required"": true, ""source_standard"": ""GB/T 18601-2024"", ""source_clause"": ""GB18601-2024-6.1-规格尺寸"", ""unit"": ""mm"", ""default"": ""25"", ""values"": [""20"", ""25"", ""30"", ""35"", ""40""]}, {""param"": ""表面处理"", ""type"": ""enum"", ""required"": false, ""source_standard"": ""GB/T 18601-2024"", ""source_clause"": ""GB18601-2024-6.5-加工质量"", ""default"": ""磨光"", ""values"": [""磨光"", ""亚光"", ""火烧面"", ""荔枝面"", ""自然面""]}, {""param"": ""体积密度"", ""type"": ""number"", ""required"": false, ""source_standard"": ""GB/T 18601-2024"", ""source_clause"": ""GB18601-2024-7.2-表6"", ""unit"": ""g/cm³"", ""default"": ""2.56""}, {""param"": ""吸水率"", ""type"": ""number"", ""required"": false, ""source_standard"": ""GB/T 18601-2024"", ""source_clause"": ""GB18601-2024-7.2-表6"", ""unit"": ""%"", ""default"": ""0.60""}, {""param"": ""弯曲强度"", ""type"": ""number"", ""required"": false, ""source_standard"": ""GB/T 18601-2024"", ""source_clause"": ""GB18601-2024-7.2-表6"", ""unit"": ""MPa"", ""default"": ""8.0""}]",,GB/T 18601-2024,1447,装饰石材及石材制品 > 天然石材 > 花岗石板,0.02
MAT-FRM-002,轻钢龙骨(隔墙用) 75型,装饰材料,龙骨,隔墙龙骨,装饰材料/龙骨/隔墙龙骨,"[""隔墙龙骨"",""75龙骨"",""轻钢龙骨隔墙""]","[""隔墙龙骨"",""75龙骨"",""隔断龙骨""]","[""011207""]","[""隔墙"",""隔断""]","[""吊顶"",""天棚""]",m,,1.0,m,"[{""param"": ""龙骨类型"", ""type"": ""enum"", ""required"": true, ""source_standard"": ""GB/T 11981-2024"", ""source_clause"": ""GB11981-2024-4-分类"", ""default"": ""C型"", ""values"": [""C型"", ""U型""]}, {""param"": ""断面尺寸"", ""type"": ""enum"", ""required"": true, ""source_standard"": ""GB/T 11981-2024"", ""source_clause"": ""GB11981-2024-5.1-表1"", ""default"": ""75x50"", ""values"": [""50x35"", ""50x40"", ""75x35"", ""75x40"", ""75x45"", ""75x50"", ""100x35"", ""100x40"", ""100x45"", ""100x50""]}, {""param"": ""厚度"", ""type"": ""number"", ""required"": true, ""source_standard"": ""GB/T 11981-2024"", ""source_clause"": ""GB11981-2024-5.1-表1"", ""unit"": ""mm"", ""default"": ""0.6"", ""values"": [""0.6"", ""0.7"", ""0.8"", ""1.0"", ""1.2""]}, {""param"": ""表面处理"", ""type"": ""enum"", ""required"": false, ""source_standard"": ""GB/T 11981-2024"", ""source_clause"": ""GB11981-2024-6.3-镀锌量"", ""default"": ""镀锌"", ""values"": [""镀锌"", ""镀铝锌""]}, {""param"": ""镀锌量"", ""type"": ""number"", ""required"": false, ""source_standard"": ""GB/T 11981-2024"", ""source_clause"": ""GB11981-2024-6.3-表4"", ""unit"": ""g/m²"", ""default"": ""80""}]",,GB/T 11981-2024,1465,龙骨、龙骨配件 > 龙骨 > 轻钢龙骨,0.03
MAT-BRD-003,硅酸钙板 8mm,装饰材料,板材,硅酸钙板,装饰材料/板材/硅酸钙板,"[""硅酸钙板"",""FC板"",""纤维水泥板""]","[""硅酸钙"",""FC板"",""纤维水泥""]","[""011207"",""011303""]","[""隔墙"",""天棚""]","[""石膏板""]",m2,,1.0,m2,"[{""param"": ""厚度"", ""type"": ""number"", ""required"": true, ""source_standard"": """", ""source_clause"": """", ""unit"": ""mm"", ""default"": ""8"", ""values"": [""6"", ""8"", ""9"", ""10"", ""12"", ""15""]}, {""param"": ""密度"", ""type"": ""number"", ""required"": false, ""source_standard"": """", ""source_clause"": """", ""unit"": ""g/cm³"", ""default"": ""1.2"", ""values"": [""0.9"", ""1.0"", ""1.2"", ""1.4""]}, {""param"": ""防火等级"", ""type"": ""enum"", ""required"": false, ""source_standard"": """", ""source_clause"": """", ""default"": ""A级"", ""values"": [""A级"", ""B1级""]}, {""param"": ""尺寸"", ""type"": ""enum"", ""required"": true, ""source_standard"": """", ""source_clause"": """", ""default"": ""1220x2440"", ""values"": [""1220x2440"", ""1200x2400"", ""600x600""]}]",,,1195,绝热（保温）、耐火材料 > 保温绝热材料 > 复合硅酸盐绝热材料,0.05
MAT-ALM-001,铝合金型材(幕墙用),装饰材料,铝合金,幕墙型材,装饰材料/铝合金/幕墙型材,"[""铝合金型材"",""幕墙龙骨"",""铝型材""]","[""铝合金"",""幕墙"",""铝型材""]","[""011206""]","[""幕墙""]","[""门窗""]",t,,1.0,t,"[{""param"": ""合金牌号"", ""type"": ""enum"", ""required"": true, ""source_standard"": """", ""source_clause"": """", ""default"": ""6063-T5"", ""values"": [""6063-T5"", ""6063-T6"", ""6061-T6""]}, {""param"": ""表面处理"", ""type"": ""enum"", ""required"": true, ""source_standard"": """", ""source_clause"": """", ""default"": ""粉末喷涂"", ""values"": [""阳极氧化"", ""电泳涂漆"", ""粉末喷涂"", ""氟碳喷涂""]}, {""param"": ""截面系列"", ""type"": ""enum"", ""required"": true, ""source_standard"": """", ""source_clause"": """", ""default"": ""明框"", ""values"": [""明框"", ""隐框"", ""半隐框""]}, {""param"": ""壁厚"", ""type"": ""number"", ""required"": true, ""source_standard"": """", ""source_clause"": """", ""unit"": ""mm"", ""default"": ""2.0"", ""values"": [""1.4"", ""2.0"", ""2.5"", ""3.0""]}]",,,75,黑色及有色金属 > 铝材 > 铝合金建筑型材,0.03
MAT-GLA-002,钢化中空玻璃 6Low-E+12A+6,玻璃,安全玻璃,钢化中空,玻璃/安全玻璃/钢化中空,"[""钢化中空玻璃"",""Low-E玻璃"",""节能玻璃""]","[""钢化中空"",""Low-E"",""节能玻璃""]","[""011206""]","[""幕墙""]","[""门窗""]",m2,,1.0,m2,"[{""param"": ""结构"", ""type"": ""enum"", ""required"": true, ""source_standard"": """", ""source_clause"": """", ""default"": ""6Low-E+12A+6"", ""values"": [""5Low-E+9A+5"", ""6Low-E+12A+6"", ""8Low-E+12A+8"", ""6Low-E+12Ar+6""]}, {""param"": ""Low-E膜位置"", ""type"": ""enum"", ""required"": false, ""source_standard"": """", ""source_clause"": """", ""default"": ""2#面"", ""values"": [""2#面"", ""3#面""]}, {""param"": ""钢化类型"", ""type"": ""enum"", ""required"": true, ""source_standard"": """", ""source_clause"": """", ""default"": ""全钢化"", ""values"": [""全钢化"", ""半钢化""]}, {""param"": ""气体填充"", ""type"": ""enum"", ""required"": false, ""source_standard"": """", ""source_clause"": """", ""default"": ""空气"", ""values"": [""空气"", ""氩气""]}]",,,1423,玻璃及玻璃制品 > 普通玻璃 > 中空玻璃,0.03
MAT-FRM-003,铝合金龙骨(天棚用),装饰材料,龙骨,天棚龙骨,装饰材料/龙骨/天棚龙骨,"[""天棚龙骨"",""铝合金龙骨"",""T型龙骨""]","[""天棚龙骨"",""铝合金龙骨"",""T型龙骨""]","[""011303""]","[""天棚""]","[""隔墙""]",m,,1.0,m,"[{""param"": ""龙骨类型"", ""type"": ""enum"", ""required"": true, ""source_standard"": """", ""source_clause"": """", ""default"": ""T型"", ""values"": [""T型"", ""L型"", ""H型""]}, {""param"": ""主龙骨间距"", ""type"": ""number"", ""required"": true, ""source_standard"": """", ""source_clause"": """", ""unit"": ""mm"", ""default"": ""600"", ""values"": [""600"", ""1200""]}, {""param"": ""表面处理"", ""type"": ""enum"", ""required"": false, ""source_standard"": """", ""source_clause"": """", ""default"": ""烤漆"", ""values"": [""阳极氧化"", ""烤漆"", ""粉末喷涂""]}, {""param"": ""合金牌号"", ""type"": ""enum"", ""required"": false, ""source_standard"": """", ""source_clause"": """", ""default"": ""6063-T5"", ""values"": [""6063-T5"", ""6061-T6""]}]",,,1467,龙骨、龙骨配件 > 龙骨 > 铝合金龙骨,0.03
MAT-BRD-004,矿棉吸音板 600x600,装饰材料,板材,矿棉板,装饰材料/板材/矿棉板,"[""矿棉板"",""吸音板"",""矿棉吸音板"",""600x600""]","[""矿棉"",""吸音板"",""矿棉板""]","[""011303""]","[""天棚""]","[""石膏板""]",m2,,1.0,m2,"[{""param"": ""尺寸"", ""type"": ""enum"", ""required"": true, ""source_standard"": ""GB/T 25998-2020"", ""source_clause"": ""GB25998-2020-5.1-规格尺寸"", ""default"": ""600x600"", ""values"": [""300x600"", ""600x600"", ""600x1200""]}, {""param"": ""厚度"", ""type"": ""number"", ""required"": true, ""source_standard"": ""GB/T 25998-2020"", ""source_clause"": ""GB25998-2020-5.1-规格尺寸"", ""unit"": ""mm"", ""default"": ""15"", ""values"": [""12"", ""15"", ""18""]}, {""param"": ""密度"", ""type"": ""number"", ""required"": false, ""source_standard"": ""GB/T 25998-2020"", ""source_clause"": ""GB25998-2020-6.2-表3"", ""unit"": ""kg/m³"", ""default"": ""500""}, {""param"": ""降噪系数NRC"", ""type"": ""number"", ""required"": false, ""source_standard"": ""GB/T 25998-2020"", ""source_clause"": ""GB25998-2020-6.2-表3"", ""default"": ""0.55""}, {""param"": ""防火等级"", ""type"": ""enum"", ""required"": false, ""source_standard"": ""GB/T 25998-2020"", ""source_clause"": ""GB25998-2020-6.2-表3"", ""default"": ""A级"", ""values"": [""A级"", ""B1级""]}, {""param"": ""表面处理"", ""type"": ""enum"", ""required"": false, ""source_standard"": ""GB/T 25998-2020"", ""source_clause"": ""GB25998-2020-5.2-外观质量"", ""default"": ""白色"", ""values"": [""白色"", ""彩色"", ""覆膜""]}]",,GB/T 25998-2020,1475,吸声、抗辐射及无损探伤材料 > 吸声材料 > 木质吸音板,0.05
MAT-WAL-002,壁纸(无纺布),装饰材料,壁纸,无纺布壁纸,装饰材料/壁纸/无纺布壁纸,"[""壁纸"",""墙纸"",""无纺布壁纸"",""壁布""]","[""壁纸"",""墙纸"",""无纺布"",""壁布""]","[""011405""]","[""墙面""]","[""涂料"",""油漆""]",m2,,1.0,m2,"[{""param"": ""材质"", ""type"": ""enum"", ""required"": true, ""source_standard"": """", ""source_clause"": """", ""default"": ""无纺布"", ""values"": [""无纺布"", ""PVC"", ""纯纸"", ""织物""]}, {""param"": ""厚度"", ""type"": ""number"", ""required"": false, ""source_standard"": """", ""source_clause"": """", ""unit"": ""mm""}, {""param"": ""防火等级"", ""type"": ""enum"", ""required"": false, ""source_standard"": ""GB 50222-2017"", ""source_clause"": """", ""values"": [""A级"", ""B1级"", ""B2级"", ""B3级""]}, {""param"": ""环保等级"", ""type"": ""enum"", ""required"": false, ""source_standard"": ""GB 18585-2001"", ""source_clause"": """", ""values"": [""E0"", ""E1"", ""E2""]}]",,,128,墙面、天棚及屋面饰面材料 > 壁纸、壁布 > 壁纸,0.05
MAT-STE-013,不锈钢管 304  phi50,钢材,不锈钢,不锈钢管,钢材/不锈钢/不锈钢管,"[""不锈钢管"",""304不锈钢管"",""不锈钢扶手""]","[""不锈钢"",""304"",""不锈钢管""]","[""011503""]","[""扶手"",""栏杆""]","[""钢板"",""钢筋""]",m,,1.0,m,"[{""param"": ""材质"", ""type"": ""enum"", ""required"": true, ""source_standard"": ""GB/T 12771-2019"", ""source_clause"": ""GB/T 12771-2019-5-牌号"", ""default"": ""06Cr19Ni10"", ""values"": [""06Cr19Ni10"", ""022Cr19Ni10"", ""06Cr17Ni12Mo2"", ""022Cr17Ni12Mo2""]}, {""param"": ""外径"", ""type"": ""number"", ""required"": true, ""source_standard"": ""GB/T 12771-2019"", ""source_clause"": ""GB/T 12771-2019-6-尺寸"", ""unit"": ""mm"", ""default"": ""50""}, {""param"": ""壁厚"", ""type"": ""number"", ""required"": true, ""source_standard"": ""GB/T 12771-2019"", ""source_clause"": ""GB/T 12771-2019-6-尺寸"", ""unit"": ""mm""}, {""param"": ""表面处理"", ""type"": ""enum"", ""required"": false, ""source_standard"": """", ""source_clause"": """", ""values"": [""光亮"", ""拉丝"", ""镜面""]}]",,GB/T 12771-2019,1232,管材 > 金属管材 > 不锈钢管,0.02
MAT-GLA-003,钢化玻璃 12mm(落地玻璃),玻璃,安全玻璃,钢化玻璃,玻璃/安全玻璃/钢化玻璃,"[""钢化玻璃"",""12mm钢化玻璃"",""落地玻璃""]","[""钢化玻璃"",""12mm"",""落地""]","[""011503"",""011506""]","[""栏杆"",""雨篷""]","[""门窗""]",m2,,1.0,m2,"[{""param"": ""厚度"", ""type"": ""enum"", ""required"": true, ""source_standard"": ""GB 15763.2-2005"", ""source_clause"": ""GB 15763.2-2005-4-分类"", ""unit"": ""mm"", ""default"": ""12"", ""values"": [""4"", ""5"", ""6"", ""8"", ""10"", ""12"", ""15"", ""19""]}, {""param"": ""碎片状态"", ""type"": ""text"", ""required"": false, ""source_standard"": ""GB 15763.2-2005"", ""source_clause"": ""GB 15763.2-2005-5.5-碎片状态"", ""default"": ""符合标准要求""}, {""param"": ""表面应力"", ""type"": ""number"", ""required"": false, ""source_standard"": ""GB 15763.2-2005"", ""source_clause"": ""GB 15763.2-2005-5.6-表面应力"", ""unit"": ""MPa"", ""default"": ""≥90""}, {""param"": ""抗冲击性"", ""type"": ""text"", ""required"": false, ""source_standard"": ""GB 15763.2-2005"", ""source_clause"": ""GB 15763.2-2005-5.7-抗冲击性"", ""default"": ""符合标准要求""}]",,GB 15763.2-2005,1420,玻璃及玻璃制品 > 普通玻璃 > 钢化玻璃,0.03
MAT-PRE-002,化学锚栓 M12x160,其他,紧固件,化学锚栓,其他/紧固件/化学锚栓,"[""化学锚栓"",""膨胀螺栓"",""锚栓"",""螺栓""]","[""化学锚栓"",""膨胀螺栓"",""锚栓""]","[""011501"",""011503"",""011506""]","[""柜架"",""扶手"",""雨篷""]","[""高强""]",套,,1.0,套,"[{""param"": ""规格型号"", ""type"": ""text"", ""required"": true, ""source_standard"": """", ""source_clause"": """", ""default"": ""M12x160""}, {""param"": ""锚固深度"", ""type"": ""number"", ""required"": true, ""source_standard"": """", ""source_clause"": """", ""unit"": ""mm"", ""default"": ""110""}, {""param"": ""钻孔直径"", ""type"": ""number"", ""required"": true, ""source_standard"": """", ""source_clause"": """", ""unit"": ""mm"", ""default"": ""14""}, {""param"": ""材质"", ""type"": ""enum"", ""required"": false, ""source_standard"": """", ""source_clause"": """", ""values"": [""碳钢"", ""不锈钢""]}]",,,,,
MAT-WOO-003,细木工板 18mm,木材,人造板,细木工板,木材/人造板/细木工板,"[""细木工板"",""大芯板"",""木工板"",""18mm""]","[""细木工板"",""大芯板"",""木工板""]","[""011501"",""011502"",""011504"",""011507""]","[""柜架"",""线条"",""暖气罩"",""招牌""]","[""地板""]",m2,,1.0,m2,"[{""param"": ""厚度"", ""type"": ""enum"", ""required"": true, ""source_standard"": ""GB/T 5849-2016"", ""source_clause"": ""GB/T 5849-2016-4-分类"", ""unit"": ""mm"", ""default"": ""18"", ""values"": [""12"", ""15"", ""16"", ""18"", ""20"", ""22"", ""25""]}, {""param"": ""环保等级"", ""type"": ""enum"", ""required"": true, ""source_standard"": ""GB 18580-2017"", ""source_clause"": """", ""default"": ""E1"", ""values"": [""E0"", ""E1"", ""E2""]}, {""param"": ""含水率"", ""type"": ""number"", ""required"": false, ""source_standard"": ""GB/T 5849-2016"", ""source_clause"": ""GB/T 5849-2016-5-技术要求"", ""unit"": ""%"", ""default"": ""6~14""}]",,GB/T 5849-2016,1410,木、竹材料及其制品 > 木材及其制品 > 细木工板,0.06
MAT-AUX-008,装饰线条(成品木线),装饰材料,线条,木装饰线,装饰材料/线条/木装饰线,"[""装饰线条"",""木线条"",""木线"",""罗马线条""]","[""装饰线条"",""木线"",""罗马线"",""装饰线""]","[""011502""]","[""装饰线条""]","[""石膏""]",m,,1.0,m,"[{""param"": ""材质"", ""type"": ""enum"", ""required"": true, ""source_standard"": """", ""source_clause"": """", ""default"": ""实木"", ""values"": [""实木"", ""密度板"", ""实木复合""]}, {""param"": ""截面尺寸"", ""type"": ""text"", ""required"": true, ""source_standard"": """", ""source_clause"": """", ""default"": ""按设计""}, {""param"": ""表面处理"", ""type"": ""enum"", ""required"": false, ""source_standard"": """", ""source_clause"": """", ""values"": [""素面"", ""油漆"", ""贴皮""]}]",,,207,装饰线条、装饰件、栏杆、扶手及其他 > 装饰线条 > 其他装饰线条,0.03
MAT-FPC-004,防火涂料(饰面型),涂料,防火涂料,饰面型,涂料/防火涂料/饰面型,"[""饰面防火涂料"",""木结构防火涂料""]","[""饰面防火"",""防火涂料(饰面)""]","[""011401""]","[""木材面""]","[""厚型"",""钢结构""]",kg,,1.0,kg,"[{""param"": ""防火等级"", ""type"": ""enum"", ""required"": true, ""source_standard"": ""GB 12441-2018"", ""source_clause"": ""GB 12441-2018-4-分类"", ""default"": ""一级"", ""values"": [""一级"", ""二级""]}, {""param"": ""涂覆比"", ""type"": ""number"", ""required"": false, ""source_standard"": ""GB 12441-2018"", ""source_clause"": """", ""unit"": ""g/m2""}, {""param"": ""耐燃时间"", ""type"": ""number"", ""required"": false, ""source_standard"": ""GB 12441-2018"", ""source_clause"": ""GB 12441-2018-5-技术要求"", ""unit"": ""min""}]",,GB 12441-2018,1177,涂料及防腐、防水材料 > 涂料 > 功能性建筑涂料,0.05
MAT-GLA-004,镜子(银镜) 5mm,玻璃,装饰镜,银镜,玻璃/装饰镜/银镜,"[""银镜"",""镜子"",""浴室镜"",""化妆镜""]","[""银镜"",""镜子"",""浴厕""]","[""011505""]","[""浴厕配件""]","[""门窗""]",m2,,1.0,m2,"[{""param"": ""厚度"", ""type"": ""enum"", ""required"": true, ""source_standard"": """", ""source_clause"": """", ""unit"": ""mm"", ""default"": ""5"", ""values"": [""3"", ""4"", ""5"", ""6""]}, {""param"": ""镜面类型"", ""type"": ""enum"", ""required"": true, ""source_standard"": """", ""source_clause"": """", ""default"": ""银镜"", ""values"": [""银镜"", ""铝镜""]}, {""param"": ""边缘处理"", ""type"": ""enum"", ""required"": false, ""source_standard"": """", ""source_clause"": """", ""values"": [""磨边"", ""直边"", ""斜边""]}]",,,1430,玻璃及玻璃制品 > 玻璃制品 > 玻璃镜,0.03
MAT-AUX-009,亚克力灯箱板,其他,广告,亚克力板,其他/广告/亚克力板,"[""亚克力板"",""有机玻璃"",""灯箱片""]","[""亚克力"",""有机玻璃"",""灯箱""]","[""011507""]","[""招牌灯箱""]","[""结构""]",m2,,1.0,m2,"[{""param"": ""厚度"", ""type"": ""enum"", ""required"": true, ""source_standard"": """", ""source_clause"": """", ""unit"": ""mm"", ""default"": ""3"", ""values"": [""2"", ""3"", ""4"", ""5"", ""6"", ""8"", ""10""]}, {""param"": ""透光率"", ""type"": ""number"", ""required"": false, ""source_standard"": """", ""source_clause"": """", ""unit"": ""%""}, {""param"": ""颜色"", ""type"": ""enum"", ""required"": false, ""source_standard"": """", ""source_clause"": """", ""values"": [""透明"", ""乳白"", ""彩色""]}]",,,,,
MAT-PAI-004,氟碳漆(金属面),涂料,面漆,氟碳漆,涂料/面漆/氟碳漆,"[""氟碳漆"",""氟碳涂料"",""金属漆""]","[""氟碳"",""金属漆""]","[""011401""]","[""金属面""]","[""木材"",""内墙""]",kg,,1.0,kg,"[{""param"": ""涂料类型"", ""type"": ""enum"", ""required"": true, ""source_standard"": """", ""source_clause"": """", ""default"": ""氟碳面漆"", ""values"": [""氟碳底漆"", ""氟碳面漆"", ""氟碳清漆""]}, {""param"": ""光泽度"", ""type"": ""enum"", ""required"": false, ""source_standard"": """", ""source_clause"": """", ""values"": [""高光"", ""半光"", ""哑光""]}, {""param"": ""颜色"", ""type"": ""text"", ""required"": false, ""source_standard"": """", ""source_clause"": """"}, {""param"": ""固含量"", ""type"": ""number"", ""required"": false, ""source_standard"": """", ""source_clause"": """", ""unit"": ""%""}]",,,,,
MAT-WAP-010,屋面瓦(水泥彩瓦),防水,屋面瓦,水泥瓦,防水/屋面瓦/水泥瓦,"[""水泥瓦"",""彩瓦"",""屋面瓦"",""水泥彩瓦""]","[""水泥瓦"",""彩瓦"",""屋面瓦"",""西班牙瓦""]","[""010901""]","[""屋面""]","[""卷材"",""涂料""]",m2,,1.0,m2,"[{""param"": ""材质"", ""type"": ""enum"", ""required"": true, ""source_standard"": """", ""source_clause"": """", ""default"": ""水泥"", ""values"": [""水泥"", ""彩砂水泥""]}, {""param"": ""瓦型"", ""type"": ""enum"", ""required"": true, ""source_standard"": """", ""source_clause"": """", ""values"": [""西班牙瓦"", ""平板瓦"", ""波形瓦"", ""S形瓦""]}, {""param"": ""尺寸"", ""type"": ""text"", ""required"": true, ""source_standard"": """", ""source_clause"": """", ""unit"": ""mm"", ""default"": ""420×330""}, {""param"": ""厚度"", ""type"": ""number"", ""required"": true, ""source_standard"": """", ""source_clause"": """", ""unit"": ""mm"", ""default"": 12}, {""param"": ""吸水率"", ""type"": ""number"", ""required"": false, ""source_standard"": """", ""source_clause"": """", ""unit"": ""%"", ""default"": 10}, {""param"": ""抗折强度"", ""type"": ""number"", ""required"": false, ""source_standard"": """", ""source_clause"": """", ""unit"": ""N"", ""default"": 2000}]",,,20,水泥、砖瓦灰砂石及混凝土制品 > 水泥 > 水泥,0.02
MAT-INS-006,挤塑聚苯板 XPS 50mm,保温,板材,XPS挤塑板,保温/板材/XPS挤塑板,"[""挤塑板"",""XPS板"",""挤塑聚苯板"",""保温板""]","[""挤塑"",""XPS"",""保温板""]","[""011001"",""011002""]","[""屋面"",""墙面""]","[""EPS"",""岩棉""]",m3,,1.0,m3,"[{""param"": ""密度"", ""type"": ""number"", ""required"": true, ""source_standard"": ""GB/T 10801.2-2025"", ""source_clause"": ""GB10801.2-2025-5-表1"", ""unit"": ""kg/m³"", ""default"": 35, ""values"": [25, 30, 35, 40, 45, 50]}, {""param"": ""厚度"", ""type"": ""number"", ""required"": true, ""source_standard"": ""GB/T 10801.2-2025"", ""source_clause"": ""GB10801.2-2025-5-表1"", ""unit"": ""mm"", ""default"": 50, ""values"": [20, 25, 30, 40, 50, 60, 75, 80, 100]}, {""param"": ""燃烧性能等级"", ""type"": ""enum"", ""required"": true, ""source_standard"": ""GB/T 10801.2-2025"", ""source_clause"": ""GB10801.2-2025-6-燃烧性能"", ""default"": ""B1级"", ""values"": [""B1级"", ""B2级""]}, {""param"": ""导热系数"", ""type"": ""number"", ""required"": false, ""source_standard"": ""GB/T 10801.2-2025"", ""source_clause"": ""GB10801.2-2025-5-表1"", ""unit"": ""W/(m·K)"", ""default"": 0.03}, {""param"": ""压缩强度"", ""type"": ""number"", ""required"": false, ""source_standard"": ""GB/T 10801.2-2025"", ""source_clause"": ""GB10801.2-2025-5-表1"", ""unit"": ""kPa"", ""default"": 250}, {""param"": ""尺寸规格"", ""type"": ""text"", ""required"": false, ""source_standard"": ""GB/T 10801.2-2025"", ""source_clause"": ""GB10801.2-2025-5-尺寸"", ""unit"": ""mm"", ""default"": ""1200×600""}]",,GB/T 10801.2-2025,1190,绝热（保温）、耐火材料 > 保温绝热材料 > 模塑聚苯乙烯泡沫塑料（EPS）制品,0.05
MAT-PNT-002,过氯乙烯防腐漆,涂料,防腐漆,过氯乙烯,涂料/防腐漆/过氯乙烯,"[""过氯乙烯漆"",""防腐漆"",""防腐涂料""]","[""过氯乙烯"",""防腐漆""]","[""011003""]","[""防腐面层""]","[""防火"",""防水""]",kg,,1.0,kg,"[{""param"": ""颜色"", ""type"": ""text"", ""required"": true, ""source_standard"": """", ""source_clause"": """", ""default"": ""灰色""}, {""param"": ""固体含量"", ""type"": ""number"", ""required"": false, ""source_standard"": """", ""source_clause"": """", ""unit"": ""%"", ""default"": 60}, {""param"": ""干燥时间(表干)"", ""type"": ""number"", ""required"": false, ""source_standard"": """", ""source_clause"": """", ""unit"": ""h"", ""default"": 2}, {""param"": ""干燥时间(实干)"", ""type"": ""number"", ""required"": false, ""source_standard"": """", ""source_clause"": """", ""unit"": ""h"", ""default"": 24}, {""param"": ""附着力"", ""type"": ""text"", ""required"": false, ""source_standard"": """", ""source_clause"": """", ""default"": ""≤2级""}]",,,,,
MAT-DOO-016,钢质防火卷帘门,门窗,卷帘门,钢质防火,门窗/卷帘门/钢质防火,"[""防火卷帘"",""卷帘门"",""钢质卷帘"",""防火卷帘门""]","[""防火卷帘"",""卷帘门"",""钢质卷帘""]","[""010803""]","[""门""]","[""铝合金""]",m2,,1.0,m2,"[{""param"": ""防火等级"", ""type"": ""enum"", ""required"": true, ""source_standard"": ""GB 12955-2024"", ""source_clause"": ""GB12955-2024-4-分类"", ""default"": ""甲级"", ""values"": [""甲级"", ""乙级"", ""丙级""]}, {""param"": ""耐火极限"", ""type"": ""number"", ""required"": true, ""source_standard"": ""GB 12955-2024"", ""source_clause"": ""GB12955-2024-5-耐火极限"", ""unit"": ""h"", ""default"": 3.0, ""values"": [1.5, 2.0, 3.0]}, {""param"": ""材质"", ""type"": ""enum"", ""required"": true, ""source_standard"": ""GB 12955-2024"", ""source_clause"": ""GB12955-2024-4-分类"", ""default"": ""钢质"", ""values"": [""钢质"", ""无机布""]}, {""param"": ""启闭方式"", ""type"": ""enum"", ""required"": true, ""source_standard"": ""GB 12955-2024"", ""source_clause"": ""GB12955-2024-4-分类"", ""default"": ""垂直卷"", ""values"": [""垂直卷"", ""侧向卷"", ""水平卷""]}, {""param"": ""洞口宽度"", ""type"": ""number"", ""required"": true, ""source_standard"": """", ""source_clause"": """", ""unit"": ""mm""}, {""param"": ""洞口高度"", ""type"": ""number"", ""required"": true, ""source_standard"": """", ""source_clause"": """", ""unit"": ""mm""}]",,GB 12955-2024,73,门窗及楼梯制品 > 卷帘 > 普通卷帘,0.01
MAT-DOO-017,钢制保温门(成品),门窗,特种门,钢制保温门,门窗/特种门/钢制保温门,"[""钢制保温门"",""钢质保温门"",""保温钢门"",""钢保温门"",""工业保温门""]","[""钢制"",""钢质"",""保温门"",""保温"",""岩棉"",""聚氨酯""]","[""010802"",""010804""]","[""门"",""保温门"",""工业门"",""厂房"",""冷库穿堂""]","[""铝合金"",""木门"",""卷帘""]",樘,,1,樘,"[{""param"": ""面板材质"", ""type"": ""enum"", ""required"": true, ""default"": ""镀锌钢板"", ""values"": [""镀锌钢板"", ""不锈钢板"", ""彩钢板""]}, {""param"": ""保温芯材"", ""type"": ""enum"", ""required"": true, ""default"": ""岩棉"", ""values"": [""岩棉"", ""聚氨酯"", ""挤塑板"", ""玻璃棉""]}, {""param"": ""面板厚度"", ""type"": ""enum"", ""required"": true, ""default"": ""0.6mm"", ""values"": [""0.5mm"", ""0.6mm"", ""0.8mm"", ""1.0mm""]}, {""param"": ""门扇厚度"", ""type"": ""enum"", ""required"": false, ""default"": ""50mm"", ""values"": [""40mm"", ""50mm"", ""75mm"", ""100mm""]}, {""param"": ""防火等级"", ""type"": ""enum"", ""required"": false, ""values"": [""无"", ""甲级"", ""乙级"", ""丙级""], ""default"": ""无""}]",合格品,GB/T 20909-2017,,门窗及楼梯制品 > 特种门窗 > 特种门,0.01
MAT-DOO-006,钢木大门(平开),门窗,大门,钢木大门,门窗/大门/钢木大门,"[""钢木大门"",""平开大门"",""厂库大门"",""推拉大门""]","[""钢木大门"",""平开大门"",""厂库大门"",""推拉大门""]","[""010804""]","[""大门""]","[""卷帘""]",樘,,1.0,樘,"[{""param"": ""开启方式"", ""type"": ""enum"", ""required"": true, ""source_standard"": ""GB/T 20909-2017"", ""source_clause"": ""GB20909-2017-4-分类"", ""default"": ""平开"", ""values"": [""平开"", ""推拉""]}, {""param"": ""材质"", ""type"": ""enum"", ""required"": true, ""source_standard"": ""GB/T 20909-2017"", ""source_clause"": ""GB20909-2017-4-分类"", ""default"": ""钢木"", ""values"": [""钢木"", ""钢质""]}, {""param"": ""洞口宽度"", ""type"": ""number"", ""required"": true, ""source_standard"": """", ""source_clause"": """", ""unit"": ""mm""}, {""param"": ""洞口高度"", ""type"": ""number"", ""required"": true, ""source_standard"": """", ""source_clause"": """", ""unit"": ""mm""}, {""param"": ""门扇厚度"", ""type"": ""number"", ""required"": false, ""source_standard"": """", ""source_clause"": """", ""unit"": ""mm"", ""default"": 50}, {""param"": ""表面处理"", ""type"": ""enum"", ""required"": false, ""source_standard"": """", ""source_clause"": """", ""values"": [""喷漆"", ""烤漆"", ""热浸镀锌""]}]",,GB/T 20909-2017,,,
MAT-DOO-007,推拉门(成品),门窗,推拉门,成品,门窗/推拉门/成品,"[""推拉门"",""移门"",""成品推拉门""]","[""推拉门"",""移门"",""成品门""]","[""010805""]","[""门""]","[""铝合金"",""钢质""]",樘,,1.0,樘,"[{""param"": ""材质"", ""type"": ""enum"", ""required"": true, ""source_standard"": ""GB/T 20909-2017"", ""source_clause"": ""GB20909-2017-4-分类"", ""default"": ""铝合金"", ""values"": [""铝合金"", ""钢质"", ""不锈钢""]}, {""param"": ""开启方式"", ""type"": ""enum"", ""required"": true, ""source_standard"": ""GB/T 20909-2017"", ""source_clause"": ""GB20909-2017-4-分类"", ""default"": ""推拉"", ""values"": [""推拉"", ""平开"", ""折叠""]}, {""param"": ""洞口宽度"", ""type"": ""number"", ""required"": true, ""source_standard"": """", ""source_clause"": """", ""unit"": ""mm""}, {""param"": ""洞口高度"", ""type"": ""number"", ""required"": true, ""source_standard"": """", ""source_clause"": """", ""unit"": ""mm""}, {""param"": ""玻璃类型"", ""type"": ""enum"", ""required"": false, ""source_standard"": """", ""source_clause"": """", ""values"": [""钢化玻璃"", ""中空玻璃"", ""夹胶玻璃""]}, {""param"": ""表面处理"", ""type"": ""enum"", ""required"": false, ""source_standard"": """", ""source_clause"": """", ""values"": [""粉末喷涂"", ""氟碳喷涂"", ""电泳涂装"", ""阳极氧化""]}]",,GB/T 20909-2017; GB/T 8478-2020,151,门窗及楼梯制品 > 普通门窗 > 塑钢、塑铝门窗,0.01
MAT-DOO-008,木质防火门甲级,门窗,防火门,木质防火门,门窗/防火门/木质防火门,"[""木质防火门"",""木防火门"",""甲级防火门""]","[""木质防火"",""木防火门"",""甲级防火""]","[""010801""]","[""防火门""]","[""钢质""]",m2,,1.0,m2,"[{""param"": ""防火等级"", ""type"": ""enum"", ""required"": true, ""source_standard"": ""GB 12955-2024"", ""source_clause"": ""GB12955-2024-4-分类"", ""default"": ""甲级"", ""values"": [""甲级"", ""乙级"", ""丙级""]}, {""param"": ""耐火极限"", ""type"": ""number"", ""required"": true, ""source_standard"": ""GB 12955-2024"", ""source_clause"": ""GB12955-2024-5-耐火极限"", ""unit"": ""h"", ""default"": 1.5, ""values"": [0.5, 1.0, 1.5]}, {""param"": ""材质"", ""type"": ""enum"", ""required"": true, ""source_standard"": ""GB 12955-2024"", ""source_clause"": ""GB12955-2024-4-分类"", ""default"": ""木质"", ""values"": [""木质"", ""钢质"", ""钢木质""]}, {""param"": ""洞口宽度"", ""type"": ""number"", ""required"": true, ""source_standard"": """", ""source_clause"": """", ""unit"": ""mm""}, {""param"": ""洞口高度"", ""type"": ""number"", ""required"": true, ""source_standard"": """", ""source_clause"": """", ""unit"": ""mm""}, {""param"": ""门扇厚度"", ""type"": ""number"", ""required"": false, ""source_standard"": """", ""source_clause"": """", ""unit"": ""mm"", ""default"": 50}]",,GB 12955-2024,70,门窗及楼梯制品 > 特种门窗 > 防火门,0.01
MAT-WOO-004,木窗(成品),门窗,木窗,成品,门窗/木窗/成品,"[""木窗"",""实木窗"",""成品木窗""]","[""木窗"",""实木窗"",""成品木窗""]","[""010806""]","[""窗""]","[""铝合金"",""塑钢""]",m2,,1.0,m2,"[{""param"": ""材质"", ""type"": ""enum"", ""required"": true, ""source_standard"": ""GB/T 29498-2024"", ""source_clause"": ""GB29498-2024-4-分类"", ""default"": ""实木"", ""values"": [""实木"", ""实木复合"", ""木塑""]}, {""param"": ""开启方式"", ""type"": ""enum"", ""required"": true, ""source_standard"": ""GB/T 29498-2024"", ""source_clause"": ""GB29498-2024-4-分类"", ""default"": ""平开"", ""values"": [""平开"", ""推拉"", ""上悬"", ""下悬"", ""固定""]}, {""param"": ""洞口宽度"", ""type"": ""number"", ""required"": true, ""source_standard"": """", ""source_clause"": """", ""unit"": ""mm""}, {""param"": ""洞口高度"", ""type"": ""number"", ""required"": true, ""source_standard"": """", ""source_clause"": """", ""unit"": ""mm""}, {""param"": ""玻璃类型"", ""type"": ""enum"", ""required"": false, ""source_standard"": """", ""source_clause"": """", ""values"": [""中空玻璃"", ""钢化玻璃"", ""夹胶玻璃""]}, {""param"": ""表面处理"", ""type"": ""enum"", ""required"": false, ""source_standard"": """", ""source_clause"": """", ""values"": [""清漆"", ""色漆"", ""木蜡油""]}]",,GB/T 29498-2024,152,门窗及楼梯制品 > 普通门窗 > 木门窗,0.01
MAT-AUX-010,门窗套线(成品),门窗,门窗套,成品套线,门窗/门窗套/成品套线,"[""门窗套"",""门套"",""窗套"",""套线"",""成品门套""]","[""门窗套"",""门套"",""窗套"",""套线""]","[""010808""]","[""门窗""]","[""窗台板""]",m,,1.0,m,"[{""param"": ""材质"", ""type"": ""enum"", ""required"": true, ""source_standard"": """", ""source_clause"": """", ""default"": ""实木"", ""values"": [""实木"", ""密度板"", ""多层板"", ""PVC""]}, {""param"": ""截面宽度"", ""type"": ""number"", ""required"": true, ""source_standard"": """", ""source_clause"": """", ""unit"": ""mm"", ""default"": 60}, {""param"": ""截面厚度"", ""type"": ""number"", ""required"": true, ""source_standard"": """", ""source_clause"": """", ""unit"": ""mm"", ""default"": 15}, {""param"": ""表面处理"", ""type"": ""enum"", ""required"": false, ""source_standard"": """", ""source_clause"": """", ""values"": [""清漆"", ""色漆"", ""PVC覆膜"", ""三聚氰胺饰面""]}]",,,,,
MAT-AUX-011,窗台板(人造石),门窗,窗台板,人造石,门窗/窗台板/人造石,"[""窗台板"",""人造石窗台"",""大理石窗台板""]","[""窗台板"",""人造石"",""窗台""]","[""010809""]","[""窗""]","[""防盗""]",m,,1.0,m,"[{""param"": ""材质"", ""type"": ""enum"", ""required"": true, ""source_standard"": """", ""source_clause"": """", ""default"": ""人造石"", ""values"": [""人造石"", ""天然大理石"", ""天然花岗石"", ""石英石"", ""亚克力""]}, {""param"": ""厚度"", ""type"": ""number"", ""required"": true, ""source_standard"": """", ""source_clause"": """", ""unit"": ""mm"", ""default"": ""20"", ""values"": [""15"", ""18"", ""20"", ""25"", ""30""]}, {""param"": ""宽度"", ""type"": ""number"", ""required"": true, ""source_standard"": """", ""source_clause"": """", ""unit"": ""mm"", ""default"": ""300""}, {""param"": ""表面处理"", ""type"": ""enum"", ""required"": false, ""source_standard"": """", ""source_clause"": """", ""default"": ""抛光"", ""values"": [""抛光"", ""亚光"", ""火烧面"", ""荔枝面""]}, {""param"": ""颜色"", ""type"": ""text"", ""required"": false, ""source_standard"": """", ""source_clause"": """", ""default"": ""白色""}]",,,,,
MAT-AUX-012,窗帘(成品),门窗,窗帘,成品窗帘,门窗/窗帘/成品窗帘,"[""窗帘"",""布艺窗帘"",""卷帘"",""百叶帘""]","[""窗帘"",""卷帘"",""百叶帘"",""布艺""]","[""010810""]","[""窗帘""]","[""窗台""]",m2,,1.0,m2,"[{""param"": ""类型"", ""type"": ""enum"", ""required"": true, ""source_standard"": """", ""source_clause"": """", ""default"": ""布艺窗帘"", ""values"": [""布艺窗帘"", ""卷帘"", ""百叶帘"", ""柔纱帘"", ""香格里拉帘"", ""罗马帘""]}, {""param"": ""材质"", ""type"": ""enum"", ""required"": true, ""source_standard"": """", ""source_clause"": """", ""default"": ""涤纶"", ""values"": [""涤纶"", ""棉麻"", ""丝绸"", ""绒布"", ""铝合金"", ""PVC""]}, {""param"": ""遮光率"", ""type"": ""enum"", ""required"": false, ""source_standard"": """", ""source_clause"": """", ""default"": ""半遮光"", ""values"": [""全遮光"", ""半遮光"", ""透光""]}, {""param"": ""防火等级"", ""type"": ""enum"", ""required"": false, ""source_standard"": """", ""source_clause"": """", ""default"": ""B1级"", ""values"": [""A级"", ""B1级"", ""B2级""]}, {""param"": ""颜色"", ""type"": ""text"", ""required"": false, ""source_standard"": """", ""source_clause"": """", ""default"": ""米色""}]",,,,,
MAT-AUX-013,窗帘轨(成品),门窗,窗帘配件,窗帘轨,门窗/窗帘配件/窗帘轨,"[""窗帘轨"",""窗帘杆"",""罗马杆"",""滑轨""]","[""窗帘轨"",""窗帘杆"",""罗马杆"",""滑轨""]","[""010810""]","[""窗帘配件""]","[""窗帘""]",m,,1.0,m,"[{""param"": ""类型"", ""type"": ""enum"", ""required"": true, ""source_standard"": """", ""source_clause"": """", ""default"": ""罗马杆"", ""values"": [""罗马杆"", ""方轨"", ""直轨"", ""弯轨"", ""电动轨""]}, {""param"": ""材质"", ""type"": ""enum"", ""required"": true, ""source_standard"": """", ""source_clause"": """", ""default"": ""铝合金"", ""values"": [""铝合金"", ""不锈钢"", ""实木"", ""铁艺"", ""PVC""]}, {""param"": ""直径"", ""type"": ""number"", ""required"": false, ""source_standard"": """", ""source_clause"": """", ""unit"": ""mm"", ""default"": ""28"", ""values"": [""19"", ""25"", ""28"", ""32"", ""35"", ""38""]}, {""param"": ""表面处理"", ""type"": ""enum"", ""required"": false, ""source_standard"": """", ""source_clause"": """", ""default"": ""电泳"", ""values"": [""喷涂"", ""电泳"", ""氧化"", ""拉丝"", ""木纹转印""]}, {""param"": ""承重能力"", ""type"": ""number"", ""required"": false, ""source_standard"": """", ""source_clause"": """", ""unit"": ""kg/m"", ""default"": ""15""}]",,,,,
MAT-CON-006,防腐混凝土 C30,混凝土及砂浆,特种混凝土,防腐混凝土,混凝土及砂浆/特种混凝土/防腐混凝土,"[""防腐混凝土"",""耐酸混凝土"",""防腐蚀混凝土"",""抗腐蚀混凝土""]","[""防腐"",""耐酸"",""抗腐蚀""]","[""011002"",""011003""]","[""防腐面层"",""地面防腐"",""池槽防腐""]","[""普通"",""水下"",""防水""]",m³,,1.0,m³,"[{""param"": ""强度等级"", ""type"": ""enum"", ""required"": true, ""source_standard"": ""GB/T 14902-2012"", ""source_clause"": ""GB14902-2012-4.2.1-强度等级"", ""default"": ""C30"", ""values"": [""C20"", ""C25"", ""C30"", ""C35"", ""C40"", ""C45"", ""C50""]}, {""param"": ""防腐类型"", ""type"": ""enum"", ""required"": true, ""source_standard"": ""GB 50212-2014"", ""source_clause"": ""GB50212-2014-3-基本规定"", ""default"": ""耐酸混凝土"", ""values"": [""耐酸混凝土"", ""耐碱混凝土"", ""聚合物水泥混凝土"", ""树脂混凝土""]}, {""param"": ""坍落度等级"", ""type"": ""enum"", ""required"": true, ""source_standard"": ""GB/T 14902-2012"", ""source_clause"": ""GB14902-2012-4.2.2-表2"", ""default"": ""S3"", ""values"": [""S1"", ""S2"", ""S3"", ""S4"", ""S5""]}, {""param"": ""抗渗等级"", ""type"": ""enum"", ""required"": false, ""source_standard"": ""GB/T 14902-2012"", ""source_clause"": ""GB14902-2012-4.2.3-表4"", ""default"": ""P6"", ""values"": [""P4"", ""P6"", ""P8"", ""P10"", ""P12""]}, {""param"": ""水溶性氯离子限量"", ""type"": ""number"", ""required"": false, ""source_standard"": ""GB/T 14902-2012"", ""source_clause"": ""GB14902-2012-6.5-表9"", ""unit"": ""%"", ""default"": ""0.1""}]",,GB/T 14902-2012,16,砼、砂浆及其他配合比材料 > 预拌混凝土 > 普通混凝土,0.01
MAT-MOR-007,防腐砂浆,混凝土及砂浆,预拌砂浆,防腐砂浆,混凝土及砂浆/预拌砂浆/防腐砂浆,"[""防腐砂浆"",""耐酸砂浆"",""防腐蚀砂浆"",""树脂砂浆""]","[""防腐砂浆"",""耐酸砂浆"",""树脂砂浆""]","[""011002"",""011003""]","[""防腐面层"",""防腐基层""]","[""普通"",""防水"",""砌筑""]",m³,,1.0,m³,"[{""param"": ""类型"", ""type"": ""enum"", ""required"": true, ""source_standard"": ""GB 50212-2014"", ""source_clause"": ""GB50212-2014-3-基本规定"", ""default"": ""环氧砂浆"", ""values"": [""环氧砂浆"", ""呋喃砂浆"", ""不饱和聚酯砂浆"", ""水玻璃砂浆"", ""聚合物水泥砂浆""]}, {""param"": ""强度等级"", ""type"": ""enum"", ""required"": false, ""source_standard"": ""GB/T 25181-2019"", ""source_clause"": ""GB25181-2019-5-技术要求"", ""default"": ""M20"", ""values"": [""M5"", ""M7.5"", ""M10"", ""M15"", ""M20"", ""M25"", ""M30""]}, {""param"": ""施工方式"", ""type"": ""enum"", ""required"": false, ""source_standard"": ""GB 50212-2014"", ""source_clause"": ""GB50212-2014-5-树脂类防腐蚀工程"", ""default"": ""涂抹"", ""values"": [""涂抹"", ""喷涂"", ""镘抹"", ""灌浆""]}, {""param"": ""耐酸率"", ""type"": ""number"", ""required"": false, ""source_standard"": ""GB 50212-2014"", ""source_clause"": ""GB50212-2014-3.2-原材料"", ""unit"": ""%"", ""default"": ""98""}]",,GB/T 25181-2019; GB 50212-2014,,,
MAT-AUX-014,防腐胶泥,其他,防腐材料,防腐胶泥,其他/防腐材料/防腐胶泥,"[""防腐胶泥"",""耐酸胶泥"",""树脂胶泥"",""环氧胶泥""]","[""防腐胶泥"",""耐酸胶泥"",""树脂胶泥"",""环氧胶泥""]","[""011002"",""011003""]","[""防腐面层"",""防腐基层"",""勾缝""]","[""砂浆"",""涂料"",""混凝土""]",kg,25kg/桶,25.0,kg,"[{""param"": ""类型"", ""type"": ""enum"", ""required"": true, ""source_standard"": ""GB 50212-2014"", ""source_clause"": ""GB50212-2014-3.2-原材料"", ""default"": ""环氧胶泥"", ""values"": [""环氧胶泥"", ""呋喃胶泥"", ""不饱和聚酯胶泥"", ""水玻璃胶泥"", ""酚醛胶泥""]}, {""param"": ""用途"", ""type"": ""enum"", ""required"": false, ""source_standard"": ""GB 50212-2014"", ""source_clause"": ""GB50212-2014-5-树脂类防腐蚀工程"", ""default"": ""勾缝"", ""values"": [""勾缝"", ""找平"", ""粘贴"", ""涂抹""]}, {""param"": ""耐酸率"", ""type"": ""number"", ""required"": false, ""source_standard"": ""GB 50212-2014"", ""source_clause"": ""GB50212-2014-3.2-原材料"", ""unit"": ""%"", ""default"": ""98""}, {""param"": ""粘结强度"", ""type"": ""number"", ""required"": false, ""source_standard"": ""GB 50212-2014"", ""source_clause"": ""GB50212-2014-5.2-树脂砂浆和胶泥"", ""unit"": ""MPa"", ""default"": ""3.0""}]",,GB 50212-2014,1123,砼、砂浆及其他配合比材料 > 其他配合比材料 > 胶泥、脂、油,0.03
MAT-BRD-005,玻璃钢(FRP)板 2mm,装饰材料,板材,玻璃钢板,装饰材料/板材/玻璃钢板,"[""玻璃钢"",""FRP板"",""玻璃钢板"",""玻璃钢面层""]","[""玻璃钢"",""FRP"",""玻璃钢面层""]","[""011002"",""011003""]","[""防腐面层"",""防腐层""]","[""碳纤维"",""PVC"",""钢板""]",m²,,1.0,m²,"[{""param"": ""厚度"", ""type"": ""number"", ""required"": true, ""source_standard"": """", ""source_clause"": """", ""unit"": ""mm"", ""default"": ""2"", ""values"": [""1.5"", ""2"", ""3"", ""4"", ""5"", ""6""]}, {""param"": ""树脂类型"", ""type"": ""enum"", ""required"": true, ""source_standard"": """", ""source_clause"": """", ""default"": ""不饱和聚酯"", ""values"": [""不饱和聚酯"", ""环氧树脂"", ""乙烯基酯"", ""酚醛树脂""]}, {""param"": ""增强材料"", ""type"": ""enum"", ""required"": false, ""source_standard"": """", ""source_clause"": """", ""default"": ""玻璃纤维布"", ""values"": [""玻璃纤维布"", ""玻璃纤维毡"", ""短切纤维""]}, {""param"": ""表面处理"", ""type"": ""enum"", ""required"": false, ""source_standard"": """", ""source_clause"": """", ""default"": ""光滑面"", ""values"": [""光滑面"", ""防滑面"", ""胶衣面""]}, {""param"": ""颜色"", ""type"": ""text"", ""required"": false, ""source_standard"": """", ""source_clause"": """", ""default"": ""自然色""}]",,,1418,玻璃及玻璃制品 > 普通玻璃 > 浮法玻璃,0.03
MAT-BRD-006,聚氯乙烯板(PVC) 3mm,装饰材料,板材,聚氯乙烯板,装饰材料/板材/聚氯乙烯板,"[""PVC板"",""聚氯乙烯板"",""塑料板"",""硬聚氯乙烯板""]","[""PVC板"",""聚氯乙烯板"",""塑料板"",""硬PVC""]","[""011002"",""011003""]","[""防腐面层"",""防腐板面层""]","[""玻璃钢"",""橡胶"",""不锈钢""]",m²,,1.0,m²,"[{""param"": ""厚度"", ""type"": ""number"", ""required"": true, ""source_standard"": """", ""source_clause"": """", ""unit"": ""mm"", ""default"": ""3"", ""values"": [""2"", ""3"", ""4"", ""5"", ""6"", ""8"", ""10"", ""12"", ""15"", ""20""]}, {""param"": ""类型"", ""type"": ""enum"", ""required"": true, ""source_standard"": """", ""source_clause"": """", ""default"": ""硬质PVC板"", ""values"": [""硬质PVC板"", ""软质PVC板"", ""PVC发泡板""]}, {""param"": ""密度"", ""type"": ""number"", ""required"": false, ""source_standard"": """", ""source_clause"": """", ""unit"": ""g/cm³"", ""default"": ""1.4"", ""values"": [""1.35"", ""1.4"", ""1.45"", ""1.5"", ""1.55""]}, {""param"": ""颜色"", ""type"": ""text"", ""required"": false, ""source_standard"": """", ""source_clause"": """", ""default"": ""灰色""}, {""param"": ""表面处理"", ""type"": ""enum"", ""required"": false, ""source_standard"": """", ""source_clause"": """", ""default"": ""光面"", ""values"": [""光面"", ""哑光"", ""磨砂""]}]",,,,,
MAT-TIL-005,耐酸砖(面层用) 230×113×65,装饰材料,瓷砖,耐酸砖,装饰材料/瓷砖/耐酸砖,"[""耐酸砖"",""耐酸瓷砖"",""耐酸面砖"",""耐酸缸砖""]","[""耐酸砖"",""耐酸瓷"",""缸砖""]","[""011002"",""011003""]","[""防腐面层"",""块料面层"",""地面防腐""]","[""釉面"",""抛光"",""防滑""]",m²,,1.0,m²,"[{""param"": ""尺寸"", ""unit"": ""mm"", ""values"": [""300×600""]}]",合格品,GB/T 4100-2015,,,
MAT-CON-007,水下混凝土 C30,混凝土及砂浆,预拌混凝土,水下混凝土,混凝土及砂浆/预拌混凝土/水下混凝土,"[""水下混凝土"",""水下砼"",""水下C30"",""水下灌注混凝土""]","[""水下混凝土"",""水下灌注"",""水下C30""]","[""桩基工程"",""混凝土及钢筋混凝土工程""]","[""灌注桩"",""水下桩"",""水下基础"",""地下连续墙""]","[""普通"",""防水"",""耐酸"",""轻骨料""]",m³,1m³/车,5.0,m³,"[{""param"": ""强度等级"", ""type"": ""enum"", ""required"": true, ""source_standard"": ""GB/T 14902-2012"", ""source_clause"": ""GB14902-2012-4.2.1-强度等级"", ""default"": ""C30"", ""values"": [""C20"", ""C25"", ""C30"", ""C35"", ""C40"", ""C45"", ""C50""]}, {""param"": ""坍落度等级"", ""type"": ""enum"", ""required"": true, ""source_standard"": ""GB/T 14902-2012"", ""source_clause"": ""GB14902-2012-4.2.2-表2"", ""default"": ""S4"", ""values"": [""S3"", ""S4"", ""S5""]}, {""param"": ""扩展度等级"", ""type"": ""enum"", ""required"": false, ""source_standard"": ""GB/T 14902-2012"", ""source_clause"": ""GB14902-2012-4.2.2-表3"", ""default"": ""F3"", ""values"": [""F2"", ""F3"", ""F4"", ""F5""]}, {""param"": ""抗渗等级"", ""type"": ""enum"", ""required"": false, ""source_standard"": ""GB/T 14902-2012"", ""source_clause"": ""GB14902-2012-4.2.3-表4"", ""default"": ""P8"", ""values"": [""P6"", ""P8"", ""P10"", ""P12""]}, {""param"": ""水下不分散性"", ""type"": ""enum"", ""required"": false, ""source_standard"": ""GB 50666-2011"", ""source_clause"": ""GB50666-2011-8.4-水下混凝土"", ""default"": ""掺抗分散剂"", ""values"": [""掺抗分散剂"", ""不掺抗分散剂""]}, {""param"": ""水溶性氯离子限量"", ""type"": ""number"", ""required"": false, ""source_standard"": ""GB/T 14902-2012"", ""source_clause"": ""GB14902-2012-6.5-表9"", ""unit"": ""%"", ""default"": ""0.1""}]",,GB/T 14902-2012,16,砼、砂浆及其他配合比材料 > 预拌混凝土 > 普通混凝土,0.01
MAT-CON-008,防水混凝土 P8,混凝土及砂浆,预拌混凝土,防水混凝土,混凝土及砂浆/预拌混凝土/防水混凝土,"[""防水混凝土"",""抗渗混凝土"",""P8混凝土"",""P6混凝土""]","[""防水混凝土"",""抗渗"",""P6"",""P8"",""P10"",""P12""]","[""混凝土及钢筋混凝土工程"",""地基处理工程""]","[""地下室"",""基础底板"",""外墙"",""水池"",""屋面""]","[""普通"",""水下"",""耐酸"",""轻骨料""]",m³,1m³/车,5.0,m³,"[{""param"": ""强度等级"", ""type"": ""enum"", ""required"": true, ""source_standard"": ""GB/T 14902-2012"", ""source_clause"": ""GB14902-2012-4.2.1-强度等级"", ""default"": ""C30"", ""values"": [""C10"", ""C15"", ""C20"", ""C25"", ""C30"", ""C35"", ""C40"", ""C45"", ""C50"", ""C55"", ""C60"", ""C65"", ""C70"", ""C75"", ""C80"", ""C85"", ""C90"", ""C95"", ""C100""]}, {""param"": ""抗渗等级"", ""type"": ""enum"", ""required"": true, ""source_standard"": ""GB/T 14902-2012"", ""source_clause"": ""GB14902-2012-4.2.3-表4"", ""default"": ""P8"", ""values"": [""P6"", ""P8"", ""P10"", ""P12""]}, {""param"": ""分类"", ""type"": ""enum"", ""required"": true, ""source_standard"": ""GB/T 14902-2012"", ""source_clause"": ""GB14902-2012-4.1-表1"", ""default"": ""B"", ""values"": [""A"", ""B""]}, {""param"": ""特制品子类"", ""type"": ""enum"", ""required"": false, ""source_standard"": ""GB/T 14902-2012"", ""source_clause"": ""GB14902-2012-4.1-表1"", ""default"": ""S"", ""values"": [""H"", ""S"", ""F"", ""L""]}, {""param"": ""坍落度等级"", ""type"": ""enum"", ""required"": true, ""source_standard"": ""GB/T 14902-2012"", ""source_clause"": ""GB14902-2012-4.2.2-表2"", ""default"": ""S3"", ""values"": [""S1"", ""S2"", ""S3"", ""S4"", ""S5""]}, {""param"": ""坍落度控制目标值"", ""type"": ""number"", ""required"": true, ""source_standard"": ""GB/T 14902-2012"", ""source_clause"": ""GB14902-2012-6.2-表8"", ""unit"": ""mm"", ""default"": ""120""}, {""param"": ""坍落度允许偏差"", ""type"": ""enum"", ""required"": false, ""source_standard"": ""GB/T 14902-2012"", ""source_clause"": ""GB14902-2012-6.2-表8"", ""unit"": ""mm"", ""default"": ""±30"", ""values"": [""±10"", ""±20"", ""±30""]}, {""param"": ""水溶性氯离子限量"", ""type"": ""number"", ""required"": false, ""source_standard"": ""GB/T 14902-2012"", ""source_clause"": ""GB14902-2012-6.5-表9"", ""unit"": ""%"", ""default"": ""0.3"", ""values"": [""0.3"", ""0.2"", ""0.1"", ""0.06""]}]",,GB/T 14902-2012,232,涂料及防腐、防水材料 > 防水材料 > 防水涂料,0.05
MAT-CON-009,耐酸混凝土,混凝土及砂浆,特种混凝土,耐酸混凝土,混凝土及砂浆/特种混凝土/耐酸混凝土,"[""耐酸混凝土"",""抗酸混凝土"",""耐酸砼""]","[""耐酸混凝土"",""抗酸混凝土""]","[""保温隔热防腐工程"",""楼地面装饰工程""]","[""防腐面层"",""地面防腐"",""池槽防腐""]","[""普通"",""水下"",""防水"",""轻骨料""]",m³,1m³/车,5.0,m³,"[{""param"": ""强度等级"", ""type"": ""enum"", ""required"": true, ""source_standard"": ""GB 50212-2014"", ""source_clause"": ""GB50212-2014-5-耐酸混凝土"", ""default"": ""C25"", ""values"": [""C20"", ""C25"", ""C30"", ""C35"", ""C40""]}, {""param"": ""耐酸骨料类型"", ""type"": ""enum"", ""required"": true, ""source_standard"": ""GB 50212-2014"", ""source_clause"": ""GB50212-2014-5.1-材料要求"", ""default"": ""石英石"", ""values"": [""石英石"", ""花岗岩"", ""安山岩"", ""铸石""]}, {""param"": ""水玻璃模数"", ""type"": ""number"", ""required"": false, ""source_standard"": ""GB 50212-2014"", ""source_clause"": ""GB50212-2014-5.1.2-水玻璃"", ""default"": ""2.6"", ""unit"": """"}, {""param"": ""氟硅酸钠纯度"", ""type"": ""number"", ""required"": false, ""source_standard"": ""GB 50212-2014"", ""source_clause"": ""GB50212-2014-5.1.3-固化剂"", ""unit"": ""%"", ""default"": ""95""}, {""param"": ""耐酸度"", ""type"": ""number"", ""required"": false, ""source_standard"": ""GB 50212-2014"", ""source_clause"": ""GB50212-2014-5.1-材料要求"", ""unit"": ""%"", ""default"": ""95""}]",,GB 50212-2014,16,砼、砂浆及其他配合比材料 > 预拌混凝土 > 普通混凝土,0.01
MAT-CON-010,轻骨料混凝土 LC5.0,混凝土及砂浆,轻骨料混凝土,LC5.0,混凝土及砂浆/轻骨料混凝土/LC5.0,"[""轻骨料混凝土"",""轻质混凝土"",""LC5.0"",""陶粒混凝土""]","[""轻骨料"",""轻质混凝土"",""LC5.0"",""陶粒混凝土""]","[""混凝土及钢筋混凝土工程"",""保温隔热工程""]","[""楼地面"",""屋面找坡"",""填充层""]","[""普通"",""水下"",""防水"",""耐酸""]",m³,1m³/车,5.0,m³,"[{""param"": ""强度等级"", ""type"": ""enum"", ""required"": true, ""source_standard"": ""GB/T 14902-2012"", ""source_clause"": ""GB14902-2012-4.2.1-强度等级"", ""default"": ""LC5.0"", ""values"": [""LC5.0"", ""LC7.5"", ""LC10"", ""LC15"", ""LC20"", ""LC25"", ""LC30"", ""LC35"", ""LC40"", ""LC45"", ""LC50"", ""LC55"", ""LC60""]}, {""param"": ""密度等级"", ""type"": ""enum"", ""required"": true, ""source_standard"": """", ""source_clause"": """", ""default"": ""1400"", ""unit"": ""kg/m³"", ""values"": [""800"", ""900"", ""1000"", ""1100"", ""1200"", ""1300"", ""1400"", ""1500"", ""1600"", ""1700"", ""1800"", ""1900""]}, {""param"": ""轻骨料类型"", ""type"": ""enum"", ""required"": false, ""source_standard"": """", ""source_clause"": """", ""default"": ""陶粒"", ""values"": [""陶粒"", ""膨胀珍珠岩"", ""膨胀蛭石"", ""炉渣"", ""浮石""]}, {""param"": ""坍落度等级"", ""type"": ""enum"", ""required"": true, ""source_standard"": ""GB/T 14902-2012"", ""source_clause"": ""GB14902-2012-4.2.2-表2"", ""default"": ""S3"", ""values"": [""S1"", ""S2"", ""S3"", ""S4"", ""S5""]}]",,GB/T 14902-2012,1112,砼、砂浆及其他配合比材料 > 预拌混凝土 > 轻骨料混凝土,0.01
MAT-MOR-008,聚合物水泥砂浆,混凝土及砂浆,预拌砂浆,聚合物水泥砂浆,混凝土及砂浆/预拌砂浆/聚合物水泥砂浆,"[""聚合物砂浆"",""聚合物水泥砂浆"",""PCM砂浆""]","[""聚合物"",""PCM"",""聚合物水泥""]","[""011002"",""011003"",""011201""]","[""防腐面层"",""抹灰层"",""修补""]","[""普通"",""防水"",""砌筑""]",t,50kg/袋,0.05,t,"[{""param"": ""强度等级"", ""type"": ""enum"", ""required"": true, ""source_standard"": ""GB/T 25181-2019"", ""source_clause"": ""GB25181-2019-5-分类与标记"", ""default"": ""M15"", ""values"": [""M5"", ""M7.5"", ""M10"", ""M15"", ""M20"", ""M25"", ""M30""]}, {""param"": ""聚合物类型"", ""type"": ""enum"", ""required"": true, ""source_standard"": """", ""source_clause"": """", ""default"": ""丙烯酸酯"", ""values"": [""丙烯酸酯"", ""丁苯乳液"", ""环氧树脂"", ""聚乙烯醇""]}, {""param"": ""聚合物掺量"", ""type"": ""number"", ""required"": false, ""source_standard"": """", ""source_clause"": """", ""unit"": ""%"", ""default"": ""10""}, {""param"": ""施工方式"", ""type"": ""enum"", ""required"": false, ""source_standard"": """", ""source_clause"": """", ""default"": ""抹灰"", ""values"": [""抹灰"", ""喷涂"", ""修补""]}]",,GB/T 25181-2019,20,水泥、砖瓦灰砂石及混凝土制品 > 水泥 > 水泥,0.02
MAT-BRD-007,装饰饰面板(成品) 2440×1220,装饰材料,板材,装饰面板,装饰材料/板材/装饰面板,"[""装饰面板"",""饰面板"",""成品饰面板"",""装饰板""]","[""装饰面板"",""饰面板"",""装饰板""]","[""011205""]","[""墙柱饰面""]","[""石材"",""瓷砖"",""玻璃"",""金属""]",m²,,1.0,m²,"[{""param"": ""基材类型"", ""type"": ""enum"", ""required"": true, ""source_standard"": """", ""source_clause"": """", ""default"": ""胶合板"", ""values"": [""胶合板"", ""中密度纤维板"", ""刨花板"", ""细木工板"", ""实木拼接板""]}, {""param"": ""饰面类型"", ""type"": ""enum"", ""required"": true, ""source_standard"": """", ""source_clause"": """", ""default"": ""三聚氰胺浸渍纸"", ""values"": [""三聚氰胺浸渍纸"", ""PVC膜"", ""天然木皮"", ""科技木皮"", ""防火板"", ""PET膜""]}, {""param"": ""规格尺寸"", ""type"": ""enum"", ""required"": true, ""source_standard"": """", ""source_clause"": """", ""default"": ""2440×1220"", ""unit"": ""mm"", ""values"": [""2440×1220"", ""2440×1830"", ""3050×1220"", ""3660×1830""]}, {""param"": ""厚度"", ""type"": ""enum"", ""required"": true, ""source_standard"": """", ""source_clause"": """", ""unit"": ""mm"", ""default"": ""18"", ""values"": [""3"", ""5"", ""9"", ""12"", ""15"", ""18"", ""25""]}, {""param"": ""环保等级"", ""type"": ""enum"", ""required"": false, ""source_standard"": """", ""source_clause"": """", ""default"": ""E1"", ""values"": [""E0"", ""E1"", ""E2""]}]",,,1407,木、竹材料及其制品 > 木材及其制品 > 胶合板,0.06
MAT-AUX-015,软包面料(成品),装饰材料,软包,软包面料,装饰材料/软包/软包面料,"[""软包"",""软包面料"",""皮革软包"",""布艺软包"",""软包饰面""]","[""软包"",""皮革软包"",""布艺软包""]","[""011205""]","[""墙柱饰面"",""背景墙""]","[""石材"",""瓷砖"",""板材""]",m²,,1.0,m²,"[{""param"": ""面料材质"", ""type"": ""enum"", ""required"": true, ""source_standard"": """", ""source_clause"": """", ""default"": ""PU皮革"", ""values"": [""PU皮革"", ""真皮"", ""超纤皮"", ""绒布"", ""亚麻布"", ""丝绸"", ""PVC皮革""]}, {""param"": ""阻燃等级"", ""type"": ""enum"", ""required"": false, ""source_standard"": """", ""source_clause"": """", ""default"": ""B1级"", ""values"": [""A级"", ""B1级"", ""B2级""]}, {""param"": ""颜色"", ""type"": ""text"", ""required"": false, ""source_standard"": """", ""source_clause"": """", ""default"": ""米色""}, {""param"": ""厚度"", ""type"": ""number"", ""required"": false, ""source_standard"": """", ""source_clause"": """", ""unit"": ""mm"", ""default"": ""1.2""}]",,,,,
MAT-BRD-008,保温装饰一体板,保温隔热材料,复合板,保温装饰一体板,保温隔热材料/复合板/保温装饰一体板,"[""保温装饰一体板"",""保温一体板"",""保温装饰板"",""SI复合板""]","[""保温装饰一体板"",""保温一体板"",""SI板""]","[""011001"",""011205""]","[""外墙保温"",""墙柱饰面""]","[""XPS"",""EPS"",""岩棉"",""石材""]",m²,,1.0,m²,"[{""param"": ""保温芯材"", ""type"": ""enum"", ""required"": true, ""source_standard"": """", ""source_clause"": """", ""default"": ""岩棉"", ""values"": [""EPS板"", ""XPS板"", ""岩棉"", ""聚氨酯"", ""真空绝热板""]}, {""param"": ""饰面层材质"", ""type"": ""enum"", ""required"": true, ""source_standard"": """", ""source_clause"": """", ""default"": ""铝板"", ""values"": [""铝板"", ""镀锌钢板"", ""硅酸钙板"", ""水泥纤维板"", ""陶瓷薄板""]}, {""param"": ""保温层厚度"", ""type"": ""enum"", ""required"": true, ""source_standard"": """", ""source_clause"": """", ""unit"": ""mm"", ""default"": ""50"", ""values"": [""20"", ""30"", ""40"", ""50"", ""60"", ""80"", ""100""]}, {""param"": ""防火等级"", ""type"": ""enum"", ""required"": true, ""source_standard"": """", ""source_clause"": """", ""default"": ""A级"", ""values"": [""A级"", ""B1级""]}, {""param"": ""规格尺寸"", ""type"": ""enum"", ""required"": true, ""source_standard"": """", ""source_clause"": """", ""unit"": ""mm"", ""default"": ""2440×1220"", ""values"": [""2440×1220"", ""3000×1220"", ""2440×600""]}]",,,10005,绝热（保温）、耐火材料 > 保温绝热材料 > 保温装饰一体板,0.05
MAT-BRD-009,装配式装饰板(成品),装饰材料,板材,装配式装饰板,装饰材料/板材/装配式装饰板,"[""装配式装饰板"",""集成墙板"",""成品墙板"",""快装墙板"",""装配式墙板""]","[""装配式"",""集成墙板"",""快装墙板"",""装配式墙板""]","[""011205""]","[""墙柱饰面""]","[""石材"",""瓷砖"",""木材"",""软包""]",m²,,1.0,m²,"[{""param"": ""基材类型"", ""type"": ""enum"", ""required"": true, ""source_standard"": """", ""source_clause"": """", ""default"": ""竹木纤维"", ""values"": [""竹木纤维"", ""石塑"", ""铝蜂窝"", ""硅酸钙板"", ""石膏板""]}, {""param"": ""饰面类型"", ""type"": ""enum"", ""required"": true, ""source_standard"": """", ""source_clause"": """", ""default"": ""PVC膜"", ""values"": [""PVC膜"", ""PET膜"", ""三聚氰胺纸"", ""实木皮"", ""UV漆""]}, {""param"": ""厚度"", ""type"": ""enum"", ""required"": true, ""source_standard"": """", ""source_clause"": """", ""unit"": ""mm"", ""default"": ""9"", ""values"": [""5"", ""8"", ""9"", ""12"", ""15""]}, {""param"": ""宽度"", ""type"": ""enum"", ""required"": true, ""source_standard"": """", ""source_clause"": """", ""unit"": ""mm"", ""default"": ""600"", ""values"": [""300"", ""400"", ""600"", ""1200""]}, {""param"": ""连接方式"", ""type"": ""enum"", ""required"": true, ""source_standard"": """", ""source_clause"": """", ""default"": ""卡扣式"", ""values"": [""卡扣式"", ""平接式"", ""V缝式"", ""插接式""]}]",,,,,
MAT-DOO-009,塑钢窗(成品),门窗,塑钢窗,成品塑钢窗,门窗/塑钢窗/成品塑钢窗,"[""塑钢窗"",""塑料窗"",""PVC窗"",""塑钢推拉窗"",""塑钢平开窗""]","[""塑钢窗"",""塑料窗"",""PVC窗""]","[""010807""]","[""窗""]","[""铝合金"",""断桥铝"",""木窗""]",m²,,1.0,m²,"[{""param"": ""开启方式"", ""type"": ""enum"", ""required"": true, ""source_standard"": """", ""source_clause"": """", ""default"": ""推拉"", ""values"": [""推拉"", ""平开"", ""上悬"", ""下悬"", ""平开上悬"", ""固定""]}, {""param"": ""型材系列"", ""type"": ""enum"", ""required"": true, ""source_standard"": """", ""source_clause"": """", ""default"": ""60系列"", ""values"": [""50系列"", ""60系列"", ""65系列"", ""70系列"", ""80系列"", ""88系列""]}, {""param"": ""玻璃配置"", ""type"": ""enum"", ""required"": true, ""source_standard"": """", ""source_clause"": """", ""default"": ""5+12A+5中空钢化"", ""values"": [""5mm单玻"", ""5+9A+5中空"", ""5+12A+5中空"", ""5+12A+5中空钢化"", ""5+12A+5Low-E中空钢化""]}, {""param"": ""五金件品牌"", ""type"": ""text"", ""required"": false, ""source_standard"": """", ""source_clause"": """", ""default"": ""国产优质""}, {""param"": ""颜色"", ""type"": ""text"", ""required"": false, ""source_standard"": """", ""source_clause"": """", ""default"": ""白色""}]",,,151,门窗及楼梯制品 > 普通门窗 > 塑钢、塑铝门窗,0.01
MAT-DOO-010,防火窗(成品),门窗,特种窗,防火窗,门窗/特种窗/防火窗,"[""防火窗"",""耐火窗"",""防火玻璃窗"",""钢质防火窗""]","[""防火窗"",""耐火窗"",""防火玻璃窗""]","[""010807""]","[""防火窗""]","[""普通"",""木窗"",""塑钢""]",m²,,1.0,m²,"[{""param"": ""防火等级"", ""type"": ""enum"", ""required"": true, ""source_standard"": ""GB 16809-2024"", ""source_clause"": ""GB16809-2024-4-分类与代号"", ""default"": ""甲级"", ""values"": [""甲级"", ""乙级"", ""丙级""]}, {""param"": ""耐火极限"", ""type"": ""number"", ""required"": true, ""source_standard"": ""GB 16809-2024"", ""source_clause"": ""GB16809-2024-5-技术要求"", ""unit"": ""h"", ""default"": ""1.5"", ""values"": [""0.5"", ""1.0"", ""1.5""]}, {""param"": ""框架材质"", ""type"": ""enum"", ""required"": true, ""source_standard"": ""GB 16809-2024"", ""source_clause"": ""GB16809-2024-4-分类与代号"", ""default"": ""钢质"", ""values"": [""钢质"", ""钢木复合"", ""铝合金""]}, {""param"": ""玻璃类型"", ""type"": ""enum"", ""required"": true, ""source_standard"": ""GB 16809-2024"", ""source_clause"": ""GB16809-2024-5-技术要求"", ""default"": ""复合防火玻璃"", ""values"": [""单片防火玻璃"", ""复合防火玻璃"", ""灌浆防火玻璃""]}, {""param"": ""开启方式"", ""type"": ""enum"", ""required"": true, ""source_standard"": ""GB 16809-2024"", ""source_clause"": ""GB16809-2024-4-分类与代号"", ""default"": ""固定"", ""values"": [""固定"", ""平开"", ""上悬"", ""推拉""]}, {""param"": ""自动关闭功能"", ""type"": ""enum"", ""required"": false, ""source_standard"": ""GB 16809-2024"", ""source_clause"": ""GB16809-2024-5-技术要求"", ""default"": ""是"", ""values"": [""是"", ""否""]}]",,GB 16809-2024,149,门窗及楼梯制品 > 普通门窗 > 钢门窗,0.01
MAT-DOO-011,百叶窗(成品),门窗,特种窗,百叶窗,门窗/特种窗/百叶窗,"[""百叶窗"",""铝合金百叶"",""百叶"",""透气窗""]","[""百叶窗"",""铝合金百叶"",""百叶""]","[""010807""]","[""百叶窗""]","[""普通"",""防火"",""塑钢""]",m²,,1.0,m²,"[{""param"": ""材质"", ""type"": ""enum"", ""required"": true, ""source_standard"": ""GB/T 8478-2020"", ""source_clause"": ""GB/T 8478-2020-5.1-材料"", ""default"": ""铝合金"", ""values"": [""铝合金"", ""钢"", ""不锈钢"", ""木"", ""塑料""]}, {""param"": ""开启方式"", ""type"": ""enum"", ""required"": true, ""source_standard"": """", ""source_clause"": """", ""default"": ""固定式"", ""values"": [""固定式"", ""活动式"", ""电动式""]}, {""param"": ""百叶类型"", ""type"": ""enum"", ""required"": true, ""source_standard"": """", ""source_clause"": """", ""default"": ""单层百叶"", ""values"": [""单层百叶"", ""双层百叶"", ""防雨百叶"", ""消声百叶"", ""遮阳百叶""]}, {""param"": ""表面处理"", ""type"": ""enum"", ""required"": false, ""source_standard"": ""GB/T 8478-2020"", ""source_clause"": ""GB/T 8478-2020-5.3-表面处理"", ""default"": ""粉末喷涂"", ""values"": [""粉末喷涂"", ""氟碳喷涂"", ""阳极氧化"", ""电泳涂漆"", ""热浸镀锌""]}, {""param"": ""防火等级"", ""type"": ""enum"", ""required"": false, ""source_standard"": """", ""source_clause"": """", ""values"": [""A级"", ""B1级"", ""B2级""]}, {""param"": ""厚度"", ""type"": ""number"", ""required"": false, ""source_standard"": """", ""source_clause"": """", ""unit"": ""mm"", ""default"": ""1.2""}]",,GB/T 8478-2020,150,门窗及楼梯制品 > 普通门窗 > 铝合金门窗,0.01
MAT-DOO-012,纱窗(成品),门窗,特种窗,纱窗,门窗/特种窗/纱窗,"[""纱窗"",""纱门"",""金刚网纱窗"",""隐形纱窗""]","[""纱窗"",""金刚网"",""隐形纱窗""]","[""010807""]","[""纱窗""]","[""普通"",""防火"",""百叶""]",m²,,1.0,m²,"[{""param"": ""材质"", ""type"": ""enum"", ""required"": true, ""source_standard"": ""GB/T 8478-2020"", ""source_clause"": ""GB/T 8478-2020-5.1-材料"", ""default"": ""铝合金"", ""values"": [""铝合金"", ""不锈钢"", ""塑料"", ""玻璃纤维""]}, {""param"": ""纱网类型"", ""type"": ""enum"", ""required"": true, ""source_standard"": """", ""source_clause"": """", ""default"": ""金刚网"", ""values"": [""金刚网"", ""隐形纱网"", ""普通纱网"", ""不锈钢网""]}, {""param"": ""开启方式"", ""type"": ""enum"", ""required"": true, ""source_standard"": """", ""source_clause"": """", ""default"": ""推拉式"", ""values"": [""推拉式"", ""平开式"", ""固定式"", ""卷帘式"", ""磁吸式""]}, {""param"": ""目数"", ""type"": ""number"", ""required"": false, ""source_standard"": """", ""source_clause"": """", ""unit"": ""目/英寸"", ""default"": ""18"", ""values"": [""16"", ""18"", ""20"", ""24""]}, {""param"": ""表面处理"", ""type"": ""enum"", ""required"": false, ""source_standard"": ""GB/T 8478-2020"", ""source_clause"": ""GB/T 8478-2020-5.3-表面处理"", ""default"": ""粉末喷涂"", ""values"": [""粉末喷涂"", ""氟碳喷涂"", ""阳极氧化""]}]",,GB/T 8478-2020,1493,门窗及楼梯制品 > 其他门窗及配件 > 纱门、纱窗,0.01
MAT-DOO-013,特种门(成品),门窗,特种门,特种门,门窗/特种门/特种门,"[""特种门"",""保温门"",""隔音门"",""防射线门"",""屏蔽门""]","[""特种门"",""保温门"",""隔音门"",""防射线门""]","[""010804""]","[""特种门""]","[""普通"",""防盗"",""防火"",""卷帘""]",樘,,1.0,樘,"[{""param"": ""门类型"", ""type"": ""enum"", ""required"": true, ""source_standard"": """", ""source_clause"": """", ""default"": ""保温门"", ""values"": [""保温门"", ""隔音门"", ""防射线门"", ""屏蔽门"", ""防爆门"", ""防弹门"", ""气密门""]}, {""param"": ""材质"", ""type"": ""enum"", ""required"": true, ""source_standard"": """", ""source_clause"": """", ""default"": ""钢质"", ""values"": [""钢质"", ""不锈钢"", ""铝合金"", ""木质"", ""复合材料""]}, {""param"": ""防火等级"", ""type"": ""enum"", ""required"": false, ""source_standard"": ""GB 12955-2024"", ""source_clause"": ""GB 12955-2024-4-分类"", ""values"": [""甲级"", ""乙级"", ""丙级""]}, {""param"": ""隔声性能"", ""type"": ""number"", ""required"": false, ""source_standard"": """", ""source_clause"": """", ""unit"": ""dB"", ""default"": ""30""}, {""param"": ""保温性能"", ""type"": ""number"", ""required"": false, ""source_standard"": """", ""source_clause"": """", ""unit"": ""W/(m²·K)"", ""default"": ""2.0""}, {""param"": ""开启方式"", ""type"": ""enum"", ""required"": true, ""source_standard"": """", ""source_clause"": """", ""default"": ""平开"", ""values"": [""平开"", ""推拉"", ""折叠"", ""上翻""]}]",,GB 12955-2024; GB 16809-2024; GB 17565-2022,,,
MAT-DOO-014,电子感应门(成品),门窗,特种门,电子感应门,门窗/特种门/电子感应门,"[""感应门"",""自动门"",""电动感应门"",""自动感应门"",""电子感应门""]","[""感应门"",""自动门"",""电动感应门"",""电子感应门""]","[""010805""]","[""感应门""]","[""普通"",""推拉"",""旋转""]",樘,,1.0,樘,"[{""param"": ""门类型"", ""type"": ""enum"", ""required"": true, ""source_standard"": """", ""source_clause"": """", ""default"": ""平移式"", ""values"": [""平移式"", ""平开式"", ""旋转式"", ""折叠式"", ""弧形门""]}, {""param"": ""感应方式"", ""type"": ""enum"", ""required"": true, ""source_standard"": """", ""source_clause"": """", ""default"": ""红外感应"", ""values"": [""红外感应"", ""微波感应"", ""触摸感应"", ""人脸识别"", ""刷卡感应""]}, {""param"": ""材质"", ""type"": ""enum"", ""required"": true, ""source_standard"": """", ""source_clause"": """", ""default"": ""铝合金"", ""values"": [""铝合金"", ""不锈钢"", ""钢化玻璃"", ""铜""]}, {""param"": ""玻璃类型"", ""type"": ""enum"", ""required"": false, ""source_standard"": """", ""source_clause"": """", ""default"": ""钢化玻璃"", ""values"": [""钢化玻璃"", ""夹胶玻璃"", ""中空玻璃"", ""Low-E玻璃""]}, {""param"": ""电机功率"", ""type"": ""number"", ""required"": false, ""source_standard"": """", ""source_clause"": """", ""unit"": ""W"", ""default"": ""100""}, {""param"": ""开启速度"", ""type"": ""number"", ""required"": false, ""source_standard"": """", ""source_clause"": """", ""unit"": ""m/s"", ""default"": ""0.5""}]",,,154,门窗及楼梯制品 > 普通门窗 > 全玻门、自动门,0.01
MAT-DOO-015,全玻自由门(成品),门窗,特种门,全玻自由门,门窗/特种门/全玻自由门,"[""全玻门"",""玻璃自由门"",""全玻自由门"",""玻璃地弹簧门""]","[""全玻门"",""玻璃自由门"",""全玻自由门"",""地弹簧门""]","[""010805""]","[""全玻门""]","[""普通"",""推拉"",""感应""]",樘,,1.0,樘,"[{""param"": ""玻璃类型"", ""type"": ""enum"", ""required"": true, ""source_standard"": """", ""source_clause"": """", ""default"": ""钢化玻璃"", ""values"": [""钢化玻璃"", ""夹胶玻璃"", ""中空玻璃"", ""超白玻璃""]}, {""param"": ""玻璃厚度"", ""type"": ""enum"", ""required"": true, ""source_standard"": """", ""source_clause"": """", ""unit"": ""mm"", ""default"": ""12"", ""values"": [""10"", ""12"", ""15"", ""19""]}, {""param"": ""五金配件"", ""type"": ""enum"", ""required"": true, ""source_standard"": """", ""source_clause"": """", ""default"": ""地弹簧"", ""values"": [""地弹簧"", ""天地轴"", ""合页""]}, {""param"": ""开启方式"", ""type"": ""enum"", ""required"": true, ""source_standard"": """", ""source_clause"": """", ""default"": ""双向开启"", ""values"": [""单向开启"", ""双向开启""]}, {""param"": ""表面处理"", ""type"": ""enum"", ""required"": false, ""source_standard"": """", ""source_clause"": """", ""default"": ""不锈钢包边"", ""values"": [""不锈钢包边"", ""铝合金包边"", ""无边框""]}]",,,,,
MAT-HDW-001,窗用执手锁（铝合金）,门窗五金,执手锁,窗用执手锁,门窗五金/执手锁/窗用执手锁,"[""窗执手"",""执手锁"",""窗把手"",""铝合金执手"",""窗拉手""]","[""执手锁"",""把手"",""铝合金"",""窗用""]","[""010807""]","[""窗""]","[""门锁"",""防盗锁"",""防火锁""]",把,1把/盒,10,把,"[{""param"": ""材质"", ""type"": ""enum"", ""required"": true, ""source_standard"": ""GB/T 32223-2025"", ""source_clause"": ""GB/T 32223-2025-5-材料"", ""default"": ""铝合金"", ""values"": [""铝合金"", ""锌合金"", ""不锈钢"", ""铜""]}, {""param"": ""表面处理"", ""type"": ""enum"", ""required"": false, ""source_standard"": ""GB/T 32223-2025"", ""source_clause"": ""GB/T 32223-2025-5-表面处理"", ""default"": ""粉末喷涂"", ""values"": [""粉末喷涂"", ""氟碳喷涂"", ""阳极氧化"", ""电镀"", ""PVD""]}, {""param"": ""执手类型"", ""type"": ""enum"", ""required"": true, ""source_standard"": """", ""source_clause"": """", ""default"": ""单点执手"", ""values"": [""单点执手"", ""多点执手"", ""联动执手""]}, {""param"": ""安装方式"", ""type"": ""enum"", ""required"": true, ""source_standard"": """", ""source_clause"": """", ""default"": ""明装"", ""values"": [""明装"", ""暗装""]}, {""param"": ""承重等级"", ""type"": ""enum"", ""required"": false, ""source_standard"": ""GB/T 32223-2025"", ""source_clause"": ""GB/T 32223-2025-6-力学性能"", ""default"": ""80kg"", ""values"": [""60kg"", ""80kg"", ""100kg"", ""130kg""]}]",,GB/T 32223-2025,76,五金制品 > 门窗及幕墙五金 > 门窗五金,0.01
MAT-HDW-002,窗用摩擦铰链（不锈钢）,门窗五金,铰链,窗用铰链,门窗五金/铰链/窗用铰链,"[""窗铰链"",""摩擦铰链"",""滑撑铰链"",""不锈钢铰链"",""窗合页""]","[""铰链"",""摩擦"",""不锈钢"",""窗用"",""滑撑""]","[""010807""]","[""窗""]","[""门铰链"",""合页门""]",只,10只/盒,10,只,"[{""param"": ""材质"", ""type"": ""enum"", ""required"": true, ""source_standard"": ""GB/T 32223-2025"", ""source_clause"": ""GB/T 32223-2025-5-材料"", ""default"": ""不锈钢"", ""values"": [""不锈钢"", ""304不锈钢"", ""316不锈钢"", ""201不锈钢""]}, {""param"": ""铰链类型"", ""type"": ""enum"", ""required"": true, ""source_standard"": """", ""source_clause"": """", ""default"": ""摩擦铰链"", ""values"": [""摩擦铰链"", ""滑撑铰链"", ""合页铰链""]}, {""param"": ""承重等级"", ""type"": ""enum"", ""required"": true, ""source_standard"": ""GB/T 32223-2025"", ""source_clause"": ""GB/T 32223-2025-6-力学性能"", ""default"": ""80kg"", ""values"": [""60kg"", ""80kg"", ""100kg"", ""130kg""]}, {""param"": ""开启角度"", ""type"": ""enum"", ""required"": false, ""source_standard"": """", ""source_clause"": """", ""unit"": ""°"", ""default"": ""90"", ""values"": [""45"", ""60"", ""90"", ""180""]}, {""param"": ""表面处理"", ""type"": ""enum"", ""required"": false, ""source_standard"": ""GB/T 32223-2025"", ""source_clause"": ""GB/T 32223-2025-5-表面处理"", ""default"": ""拉丝"", ""values"": [""拉丝"", ""抛光"", ""电镀"", ""PVD""]}]",,GB/T 32223-2025,76,五金制品 > 门窗及幕墙五金 > 门窗五金,0.01
MAT-SEA-004,聚氨酯发泡剂 750ml,装饰材料,辅材,发泡剂,装饰材料/辅材/发泡剂,"[""发泡剂"",""聚氨酯发泡"",""发泡胶"",""泡沫填缝剂"",""PU发泡""]","[""聚氨酯"",""发泡"",""750ml"",""填缝""]","[""010807"",""010802"",""010801""]","[""门窗框边"",""窗框"",""门框""]","[""密封胶"",""硅酮胶""]",支,750ml/支,10,支,"[{""param"": ""容量"", ""type"": ""enum"", ""required"": true, ""source_standard"": """", ""source_clause"": """", ""unit"": ""ml"", ""default"": ""750"", ""values"": [""500"", ""750"", ""900""]}, {""param"": ""类型"", ""type"": ""enum"", ""required"": true, ""source_standard"": """", ""source_clause"": """", ""default"": ""单组分"", ""values"": [""单组分"", ""双组分""]}, {""param"": ""阻燃等级"", ""type"": ""enum"", ""required"": false, ""source_standard"": """", ""source_clause"": """", ""default"": ""B2级"", ""values"": [""B1级"", ""B2级"", ""B3级""]}, {""param"": ""适用温度范围"", ""type"": ""text"", ""required"": false, ""source_standard"": """", ""source_clause"": """", ""default"": ""-10℃~35℃""}]",,,134,油品、化工原料及胶粘材料 > 胶粘材料 > 胶粘剂,0.05
MAT-PRE-003,预埋铁脚（镀锌）,其他,紧固件,预埋铁脚,其他/紧固件/预埋铁脚,"[""预埋铁脚"",""铁脚"",""窗固定铁件"",""镀锌铁脚"",""窗锚固件""]","[""预埋铁脚"",""镀锌"",""窗固定"",""锚固""]","[""010807"",""010802""]","[""窗"",""门""]","[""化学锚栓"",""膨胀螺栓"",""高强螺栓""]",只,100只/袋,50,只,"[{""param"": ""材质"", ""type"": ""enum"", ""required"": true, ""source_standard"": """", ""source_clause"": """", ""default"": ""Q235B"", ""values"": [""Q235B"", ""Q345B"", ""304不锈钢""]}, {""param"": ""镀锌方式"", ""type"": ""enum"", ""required"": true, ""source_standard"": ""GB/T 13912-2020"", ""source_clause"": ""GB/T 13912-2020-4-镀锌方法"", ""default"": ""热浸镀锌"", ""values"": [""热浸镀锌"", ""电镀锌""]}, {""param"": ""镀锌层厚度"", ""type"": ""number"", ""required"": false, ""source_standard"": ""GB/T 13912-2020"", ""source_clause"": ""GB/T 13912-2020-6-镀层厚度"", ""unit"": ""μm"", ""default"": ""55""}, {""param"": ""规格尺寸"", ""type"": ""text"", ""required"": true, ""source_standard"": """", ""source_clause"": """", ""default"": ""按设计图纸""}, {""param"": ""锚固方式"", ""type"": ""enum"", ""required"": true, ""source_standard"": """", ""source_clause"": """", ""default"": ""膨胀螺栓"", ""values"": [""膨胀螺栓"", ""预埋焊接"", ""化学锚栓""]}]",,GB/T 13912-2020,,,
MAT-PRE-001,预制钢筋混凝土方桩,预制构件,桩,方桩,预制构件/桩/方桩,"[""预制方桩"",""钢筋混凝土方桩"",""预制桩""]",[],,,,m³,,1,m³,"[{""param"": ""混凝土强度等级"", ""type"": ""enum"", ""required"": true, ""source_standard"": ""GB 50010-2010"", ""source_clause"": ""GB 50010-2010-4.1-混凝土"", ""default"": ""C40"", ""values"": [""C30"", ""C35"", ""C40"", ""C45"", ""C50"", ""C55"", ""C60""]}, {""param"": ""截面尺寸"", ""type"": ""text"", ""required"": true, ""source_standard"": """", ""source_clause"": """", ""unit"": ""mm"", ""default"": ""400×400""}, {""param"": ""桩长"", ""type"": ""number"", ""required"": true, ""source_standard"": """", ""source_clause"": """", ""unit"": ""m"", ""default"": ""12""}, {""param"": ""主筋牌号"", ""type"": ""enum"", ""required"": true, ""source_standard"": ""GB 1499.2-2024"", ""source_clause"": ""GB 1499.2-2024-4.1-牌号"", ""default"": ""HRB400"", ""values"": [""HRB400"", ""HRB400E"", ""HRB500"", ""HRB500E""]}, {""param"": ""主筋直径"", ""type"": ""enum"", ""required"": true, ""source_standard"": ""GB 1499.2-2024"", ""source_clause"": ""GB 1499.2-2024-5.2-表2"", ""unit"": ""mm"", ""default"": ""20"", ""values"": [""16"", ""18"", ""20"", ""22"", ""25""]}, {""param"": ""箍筋牌号"", ""type"": ""enum"", ""required"": true, ""source_standard"": ""GB 1499.1-2024"", ""source_clause"": ""GB 1499.1-2024-4-表1"", ""default"": ""HPB300"", ""values"": [""HPB300""]}, {""param"": ""箍筋直径"", ""type"": ""enum"", ""required"": true, ""source_standard"": ""GB 1499.1-2024"", ""source_clause"": ""GB 1499.1-2024-5.1-表2"", ""unit"": ""mm"", ""default"": ""8"", ""values"": [""6"", ""8"", ""10""]}, {""param"": ""桩尖类型"", ""type"": ""enum"", ""required"": false, ""source_standard"": """", ""source_clause"": """", ""default"": ""锥形"", ""values"": [""锥形"", ""平底"", ""开口""]}]",,GB 50010-2010; GB 50204-2015,15,黑色及有色金属 > 建筑钢材 > 钢筋,0.025
MAT-CPR-001,预制混凝土化粪池,预制构件,混凝土制品,化粪池,预制构件/混凝土制品/化粪池,"[""化粪池"",""预制化粪池"",""成品化粪池""]",[],,,,座,,1,座,"[{""param"": ""有效容积"", ""type"": ""number"", ""required"": true, ""source_standard"": """", ""source_clause"": """", ""unit"": ""m³"", ""default"": ""6""}, {""param"": ""类型"", ""type"": ""enum"", ""required"": false, ""source_standard"": """", ""source_clause"": """", ""values"": [""三格化粪池"", ""双瓮漏斗式"", ""三联通式""]}, {""param"": ""材质"", ""type"": ""enum"", ""required"": true, ""source_standard"": """", ""source_clause"": """", ""values"": [""钢筋混凝土"", ""玻璃钢"", ""PE""]}, {""param"": ""覆土深度"", ""type"": ""number"", ""required"": false, ""source_standard"": """", ""source_clause"": """", ""unit"": ""m""}, {""param"": ""进出水管径"", ""type"": ""enum"", ""required"": false, ""source_standard"": """", ""source_clause"": """", ""unit"": ""mm"", ""values"": [""110"", ""160"", ""200""]}]",,,1671,水处理及环保设备 > 环保设备 > 化粪池,0.0
MAT-CPR-002,预制混凝土隔油池,预制构件,混凝土制品,隔油池,预制构件/混凝土制品/隔油池,"[""隔油池"",""预制隔油池"",""成品隔油池""]",[],,,,座,,1,座,"[{""param"": ""有效容积"", ""type"": ""number"", ""required"": true, ""source_standard"": """", ""source_clause"": """", ""unit"": ""m³"", ""default"": ""1""}, {""param"": ""材质"", ""type"": ""enum"", ""required"": true, ""source_standard"": """", ""source_clause"": """", ""values"": [""钢筋混凝土"", ""玻璃钢"", ""不锈钢""]}, {""param"": ""进出水管径"", ""type"": ""enum"", ""required"": false, ""source_standard"": """", ""source_clause"": """", ""unit"": ""mm"", ""values"": [""50"", ""75"", ""110""]}, {""param"": ""隔油效率"", ""type"": ""number"", ""required"": false, ""source_standard"": """", ""source_clause"": """", ""unit"": ""%""}]",,,16,砼、砂浆及其他配合比材料 > 预拌混凝土 > 普通混凝土,0.01
MAT-STN-001,方整石(料石),砌体材料,石材,方整石,砌体材料/石材/方整石,"[""方整石"",""料石"",""细料石"",""粗料石"",""条石""]",[],,,,m³,,1,m³,"[{""param"": ""石材种类"", ""type"": ""enum"", ""required"": true, ""source_standard"": """", ""source_clause"": """", ""values"": [""花岗岩"", ""石灰岩"", ""砂岩""]}, {""param"": ""加工精度"", ""type"": ""enum"", ""required"": true, ""source_standard"": """", ""source_clause"": """", ""values"": [""细料石"", ""粗料石"", ""毛料石""]}, {""param"": ""强度等级"", ""type"": ""enum"", ""required"": false, ""source_standard"": """", ""source_clause"": """", ""values"": [""MU30"", ""MU40"", ""MU50"", ""MU60"", ""MU80"", ""MU100""]}, {""param"": ""规格尺寸"", ""type"": ""text"", ""required"": false, ""source_standard"": """", ""source_clause"": """", ""unit"": ""mm""}]",,,,,
MAT-STN-002,凹凸假麻石块,装饰材料,石材,文化石,装饰材料/石材/文化石,"[""假麻石"",""文化石"",""凹凸石块"",""蘑菇石""]",[],,,,m²,,1,m²,"[{""param"": ""石材种类"", ""type"": ""enum"", ""required"": true, ""source_standard"": """", ""source_clause"": """", ""values"": [""花岗岩"", ""板岩"", ""砂岩"", ""人造石""]}, {""param"": ""表面处理"", ""type"": ""enum"", ""required"": true, ""source_standard"": """", ""source_clause"": """", ""values"": [""自然面"", ""蘑菇面"", ""仿古面""]}, {""param"": ""厚度"", ""type"": ""number"", ""required"": true, ""source_standard"": """", ""source_clause"": """", ""unit"": ""mm"", ""default"": ""20""}, {""param"": ""颜色"", ""type"": ""text"", ""required"": false, ""source_standard"": """", ""source_clause"": """"}]",,,1450,装饰石材及石材制品 > 天然石材 > 麻石,0.02
MAT-GLS-001,镜面玻璃(成品),装饰材料,玻璃,镜面玻璃,装饰材料/玻璃/镜面玻璃,"[""镜面玻璃"",""银镜"",""镜子"",""成品镜""]",[],,,,m²,,1,m²,"[{""param"": ""厚度"", ""type"": ""enum"", ""required"": true, ""source_standard"": """", ""source_clause"": """", ""unit"": ""mm"", ""values"": [""3"", ""4"", ""5"", ""6"", ""8""]}, {""param"": ""镜面类型"", ""type"": ""enum"", ""required"": false, ""source_standard"": """", ""source_clause"": """", ""values"": [""银镜"", ""铝镜"", ""无铜镜""]}, {""param"": ""安全性能"", ""type"": ""enum"", ""required"": false, ""source_standard"": """", ""source_clause"": """", ""values"": [""普通镜"", ""安全镜(贴膜)"", ""钢化镜""]}]",,,1418,玻璃及玻璃制品 > 普通玻璃 > 浮法玻璃,0.03
MAT-GLS-002,镭射玻璃(成品),装饰材料,玻璃,镭射玻璃,装饰材料/玻璃/镭射玻璃,"[""镭射玻璃"",""激光玻璃"",""幻彩玻璃""]",[],,,,m²,,1,m²,"[{""param"": ""厚度"", ""type"": ""enum"", ""required"": true, ""source_standard"": """", ""source_clause"": """", ""unit"": ""mm"", ""values"": [""5"", ""8"", ""10""]}, {""param"": ""基片类型"", ""type"": ""enum"", ""required"": false, ""source_standard"": """", ""source_clause"": """", ""values"": [""普通浮法"", ""钢化玻璃""]}, {""param"": ""图案类型"", ""type"": ""text"", ""required"": false, ""source_standard"": """", ""source_clause"": """"}]",,,1426,玻璃及玻璃制品 > 艺术玻璃 > 镭射玻璃,0.03
MAT-GLS-003,防弹玻璃,装饰材料,玻璃,防弹玻璃,装饰材料/玻璃/防弹玻璃,"[""防弹玻璃"",""安全玻璃"",""防爆玻璃""]",[],,,,m²,,1,m²,"[{""param"": ""防弹等级"", ""type"": ""enum"", ""required"": true, ""source_standard"": ""GB 17840-1999"", ""source_clause"": ""GB17840-1999-4-分类"", ""values"": [""F64"", ""F54"", ""F79"", ""F56"", ""F79B""]}, {""param"": ""厚度"", ""type"": ""number"", ""required"": true, ""source_standard"": """", ""source_clause"": """", ""unit"": ""mm""}, {""param"": ""结构类型"", ""type"": ""enum"", ""required"": false, ""source_standard"": """", ""source_clause"": """", ""values"": [""夹层玻璃"", ""夹层+中空"", ""防弹复合玻璃""]}]",,GB 17840-1999,1418,玻璃及玻璃制品 > 普通玻璃 > 浮法玻璃,0.03
MAT-GLS-004,磨砂玻璃,装饰材料,玻璃,磨砂玻璃,装饰材料/玻璃/磨砂玻璃,"[""磨砂玻璃"",""喷砂玻璃"",""雾面玻璃""]",[],,,,m²,,1,m²,"[{""param"": ""厚度"", ""type"": ""enum"", ""required"": true, ""source_standard"": """", ""source_clause"": """", ""unit"": ""mm"", ""values"": [""3"", ""4"", ""5"", ""6"", ""8"", ""10""]}, {""param"": ""磨砂工艺"", ""type"": ""enum"", ""required"": false, ""source_standard"": """", ""source_clause"": """", ""values"": [""单面磨砂"", ""双面磨砂"", ""药水砂""]}, {""param"": ""基片类型"", ""type"": ""enum"", ""required"": false, ""source_standard"": """", ""source_clause"": """", ""values"": [""普通浮法"", ""超白玻璃""]}]",,,1418,玻璃及玻璃制品 > 普通玻璃 > 浮法玻璃,0.03
MAT-GLS-005,玻璃马赛克,装饰材料,玻璃,玻璃马赛克,装饰材料/玻璃/玻璃马赛克,"[""玻璃马赛克"",""水晶马赛克"",""玻璃锦砖""]",[],,,,m²,,1,m²,"[{""param"": ""单片尺寸"", ""type"": ""text"", ""required"": true, ""source_standard"": """", ""source_clause"": """", ""unit"": ""mm"", ""default"": ""20x20""}, {""param"": ""厚度"", ""type"": ""enum"", ""required"": true, ""source_standard"": """", ""source_clause"": """", ""unit"": ""mm"", ""values"": [""4"", ""6"", ""8""]}, {""param"": ""表面效果"", ""type"": ""enum"", ""required"": false, ""source_standard"": """", ""source_clause"": """", ""values"": [""透明"", ""冰裂"", ""磨砂"", ""镀镜""]}, {""param"": ""拼贴方式"", ""type"": ""enum"", ""required"": false, ""source_standard"": """", ""source_clause"": """", ""values"": [""纸皮马赛克"", ""网贴马赛克"", ""散粒""]}]",,,1429,玻璃及玻璃制品 > 玻璃制品 > 玻璃马赛克,0.04
MAT-DEC-001,铝塑板,装饰材料,板材,铝塑板,装饰材料/板材/铝塑板,"[""铝塑板"",""铝塑复合板"",""铝复合板"",""铝塑板幕墙""]",[],,,,m²,,1,m²,"[{""param"": ""产品类型"", ""type"": ""enum"", ""required"": true, ""source_standard"": ""GB/T 17748-2016"", ""source_clause"": ""GB17748-2016-4-分类"", ""values"": [""普通型"", ""防火型"", ""抗菌型""]}, {""param"": ""厚度"", ""type"": ""enum"", ""required"": true, ""source_standard"": ""GB/T 17748-2016"", ""source_clause"": ""GB17748-2016-5-要求"", ""unit"": ""mm"", ""values"": [""3"", ""4"", ""5"", ""6""]}, {""param"": ""铝皮厚度"", ""type"": ""number"", ""required"": false, ""source_standard"": ""GB/T 17748-2016"", ""source_clause"": """", ""unit"": ""mm"", ""default"": ""0.21""}, {""param"": ""表面涂层"", ""type"": ""enum"", ""required"": false, ""source_standard"": """", ""source_clause"": """", ""values"": [""PE聚酯"", ""PVDF氟碳"", ""纳米自洁""]}, {""param"": ""芯材"", ""type"": ""enum"", ""required"": false, ""source_standard"": """", ""source_clause"": """", ""values"": [""普通PE"", ""阻燃PE"", ""防火芯料""]}]",,GB/T 17748-2016,,,
MAT-DEC-002,铝单板(幕墙),装饰材料,板材,铝单板,装饰材料/板材/铝单板,"[""铝单板"",""氟碳铝单板"",""铝板幕墙"",""幕墙铝板""]",[],,,,m²,,1,m²,"[{""param"": ""材质"", ""type"": ""enum"", ""required"": true, ""source_standard"": """", ""source_clause"": """", ""default"": ""3003-H24"", ""values"": [""1100-H24"", ""3003-H24"", ""3004-H24"", ""5052-H32""]}, {""param"": ""厚度"", ""type"": ""enum"", ""required"": true, ""source_standard"": """", ""source_clause"": """", ""unit"": ""mm"", ""default"": ""2.5"", ""values"": [""1.5"", ""2.0"", ""2.5"", ""3.0"", ""4.0""]}, {""param"": ""表面处理"", ""type"": ""enum"", ""required"": true, ""source_standard"": """", ""source_clause"": """", ""default"": ""氟碳喷涂"", ""values"": [""氟碳喷涂"", ""聚酯喷涂"", ""粉末喷涂"", ""阳极氧化""]}, {""param"": ""氟碳涂层类型"", ""type"": ""enum"", ""required"": false, ""source_standard"": """", ""source_clause"": """", ""default"": ""PVDF"", ""values"": [""PVDF"", ""FEVE""]}, {""param"": ""防火等级"", ""type"": ""enum"", ""required"": false, ""source_standard"": """", ""source_clause"": """", ""default"": ""A级"", ""values"": [""A级"", ""B1级""]}, {""param"": ""颜色"", ""type"": ""text"", ""required"": false, ""source_standard"": """", ""source_clause"": """"}]",,,,,
MAT-DEC-003,阳光板,装饰材料,板材,阳光板,装饰材料/板材/阳光板,"[""阳光板"",""PC阳光板"",""聚碳酸酯板"",""采光板""]",[],,,,m²,,1,m²,"[{""param"": ""材质"", ""type"": ""enum"", ""required"": true, ""source_standard"": """", ""source_clause"": """", ""default"": ""PC"", ""values"": [""PC"", ""PMMA""]}, {""param"": ""结构类型"", ""type"": ""enum"", ""required"": true, ""source_standard"": """", ""source_clause"": """", ""default"": ""双层"", ""values"": [""单层实心"", ""双层"", ""四层"", ""蜂窝状""]}, {""param"": ""厚度"", ""type"": ""enum"", ""required"": true, ""source_standard"": """", ""source_clause"": """", ""unit"": ""mm"", ""default"": ""10"", ""values"": [""4"", ""6"", ""8"", ""10"", ""12"", ""16"", ""20""]}, {""param"": ""透光率"", ""type"": ""number"", ""required"": false, ""source_standard"": """", ""source_clause"": """", ""unit"": ""%"", ""default"": ""80""}, {""param"": ""防火等级"", ""type"": ""enum"", ""required"": false, ""source_standard"": """", ""source_clause"": """", ""default"": ""B1级"", ""values"": [""B1级"", ""B2级""]}, {""param"": ""颜色"", ""type"": ""text"", ""required"": false, ""source_standard"": """", ""source_clause"": """"}]",,,,,
MAT-DEC-004,陶土板,装饰材料,板材,陶土板,装饰材料/板材/陶土板,"[""陶土板"",""陶板"",""陶土幕墙板"",""干挂陶板""]",[],,,,m²,,1,m²,"[{""param"": ""材质"", ""type"": ""text"", ""required"": true, ""source_standard"": """", ""source_clause"": """", ""default"": ""天然陶土""}, {""param"": ""厚度"", ""type"": ""enum"", ""required"": true, ""source_standard"": """", ""source_clause"": """", ""unit"": ""mm"", ""default"": ""30"", ""values"": [""18"", ""20"", ""25"", ""30"", ""40""]}, {""param"": ""表面处理"", ""type"": ""enum"", ""required"": false, ""source_standard"": """", ""source_clause"": """", ""default"": ""釉面"", ""values"": [""釉面"", ""素面"", ""拉毛面""]}, {""param"": ""颜色"", ""type"": ""text"", ""required"": false, ""source_standard"": """", ""source_clause"": """"}, {""param"": ""防火等级"", ""type"": ""enum"", ""required"": false, ""source_standard"": """", ""source_clause"": """", ""default"": ""A级"", ""values"": [""A级""]}]",,,,,
MAT-DEC-005,隔音板,装饰材料,板材,隔音板,装饰材料/板材/隔音板,"[""隔音板"",""吸音板"",""声学板"",""隔声板""]",[],,,,m²,,1,m²,"[{""param"": ""材质"", ""type"": ""enum"", ""required"": true, ""source_standard"": """", ""source_clause"": """", ""default"": ""玻璃棉"", ""values"": [""玻璃棉"", ""岩棉"", ""聚酯纤维"", ""木丝"", ""陶铝""]}, {""param"": ""厚度"", ""type"": ""enum"", ""required"": true, ""source_standard"": """", ""source_clause"": """", ""unit"": ""mm"", ""default"": ""25"", ""values"": [""9"", ""12"", ""15"", ""20"", ""25"", ""50""]}, {""param"": ""降噪系数NRC"", ""type"": ""number"", ""required"": false, ""source_standard"": """", ""source_clause"": """", ""default"": ""0.85""}, {""param"": ""防火等级"", ""type"": ""enum"", ""required"": false, ""source_standard"": """", ""source_clause"": """", ""default"": ""A级"", ""values"": [""A级"", ""B1级""]}, {""param"": ""安装方式"", ""type"": ""enum"", ""required"": false, ""source_standard"": """", ""source_clause"": """", ""default"": ""明装"", ""values"": [""明装"", ""暗装"", ""吊装""]}]",,,,,
MAT-ALM-002,铝方通,装饰材料,铝材,铝方通,装饰材料/铝材/铝方通,"[""铝方通"",""U型铝方通"",""铝通"",""铝方管吊顶""]",[],,,,m,,1,m,"[{""param"": ""材质"", ""type"": ""enum"", ""required"": true, ""source_standard"": """", ""source_clause"": """", ""default"": ""3003-H24"", ""values"": [""1100-H24"", ""3003-H24"", ""3004-H24""]}, {""param"": ""截面形状"", ""type"": ""enum"", ""required"": true, ""source_standard"": """", ""source_clause"": """", ""default"": ""U型"", ""values"": [""U型"", ""型材方通"", ""圆管""]}, {""param"": ""截面尺寸"", ""type"": ""text"", ""required"": true, ""source_standard"": """", ""source_clause"": """", ""default"": ""50x100"", ""values"": [""20x50"", ""25x80"", ""30x100"", ""50x100"", ""50x150""]}, {""param"": ""壁厚"", ""type"": ""enum"", ""required"": true, ""source_standard"": """", ""source_clause"": """", ""unit"": ""mm"", ""default"": ""1.0"", ""values"": [""0.6"", ""0.8"", ""1.0"", ""1.2"", ""1.5"", ""2.0""]}, {""param"": ""表面处理"", ""type"": ""enum"", ""required"": true, ""source_standard"": """", ""source_clause"": """", ""default"": ""粉末喷涂"", ""values"": [""粉末喷涂"", ""氟碳喷涂"", ""聚酯喷涂"", ""阳极氧化""]}, {""param"": ""颜色"", ""type"": ""text"", ""required"": false, ""source_standard"": """", ""source_clause"": """"}]",,,,,
MAT-ALM-003,铝格栅(吊顶),装饰材料,铝材,铝格栅,装饰材料/铝材/铝格栅,"[""铝格栅"",""铝格栅吊顶"",""铝合金格栅""]",[],,,,m²,,1,m²,"[{""param"": ""材质"", ""type"": ""enum"", ""required"": true, ""source_standard"": """", ""source_clause"": """", ""default"": ""3003-H24"", ""values"": [""1100-H24"", ""3003-H24"", ""3004-H24""]}, {""param"": ""网格尺寸"", ""type"": ""text"", ""required"": true, ""source_standard"": """", ""source_clause"": """", ""default"": ""100x100"", ""values"": [""50x50"", ""75x75"", ""100x100"", ""150x150"", ""200x200""]}, {""param"": ""格栅高度"", ""type"": ""enum"", ""required"": true, ""source_standard"": """", ""source_clause"": """", ""unit"": ""mm"", ""default"": ""40"", ""values"": [""30"", ""40"", ""50"", ""60"", ""80""]}, {""param"": ""壁厚"", ""type"": ""enum"", ""required"": true, ""source_standard"": """", ""source_clause"": """", ""unit"": ""mm"", ""default"": ""0.8"", ""values"": [""0.6"", ""0.8"", ""1.0"", ""1.2""]}, {""param"": ""表面处理"", ""type"": ""enum"", ""required"": true, ""source_standard"": """", ""source_clause"": """", ""default"": ""粉末喷涂"", ""values"": [""粉末喷涂"", ""氟碳喷涂"", ""聚酯喷涂""]}, {""param"": ""颜色"", ""type"": ""text"", ""required"": false, ""source_standard"": """", ""source_clause"": """"}]",,,181,橡胶、塑料及非金属材料 > 其他非金属材料 > 土工材料,0.03
MAT-ROF-001,彩色混凝土瓦,屋面材料,瓦,混凝土瓦,屋面材料/瓦/混凝土瓦,"[""混凝土瓦"",""彩瓦"",""水泥彩瓦"",""彩色混凝土瓦""]",[],,,,m²,,1,m²,"[{""param"": ""瓦型"", ""type"": ""enum"", ""required"": true, ""source_standard"": """", ""source_clause"": """", ""default"": ""平瓦"", ""values"": [""平瓦"", ""波形瓦"", ""S形瓦""]}, {""param"": ""尺寸"", ""type"": ""text"", ""required"": true, ""source_standard"": """", ""source_clause"": """", ""default"": ""420x330"", ""values"": [""420x330"", ""424x337"", ""420x332""]}, {""param"": ""颜色"", ""type"": ""text"", ""required"": false, ""source_standard"": """", ""source_clause"": """"}, {""param"": ""吸水率"", ""type"": ""number"", ""required"": false, ""source_standard"": """", ""source_clause"": """", ""unit"": ""%"", ""default"": ""10""}, {""param"": ""承载力"", ""type"": ""number"", ""required"": false, ""source_standard"": """", ""source_clause"": """", ""unit"": ""N"", ""default"": ""1000""}]",,,16,砼、砂浆及其他配合比材料 > 预拌混凝土 > 普通混凝土,0.01
MAT-ROF-002,小青瓦(粘土),屋面材料,瓦,小青瓦,屋面材料/瓦/小青瓦,"[""小青瓦"",""粘土瓦"",""蝴蝶瓦"",""阴阳瓦""]",[],,,,m²,,1,m²,"[{""param"": ""瓦型"", ""type"": ""enum"", ""required"": true, ""source_standard"": """", ""source_clause"": """", ""default"": ""小青瓦"", ""values"": [""小青瓦"", ""筒瓦"", ""板瓦""]}, {""param"": ""尺寸"", ""type"": ""text"", ""required"": true, ""source_standard"": """", ""source_clause"": """", ""default"": ""180x180"", ""values"": [""180x180"", ""200x200"", ""220x220""]}, {""param"": ""颜色"", ""type"": ""text"", ""required"": false, ""source_standard"": """", ""source_clause"": """", ""default"": ""青灰色""}, {""param"": ""吸水率"", ""type"": ""number"", ""required"": false, ""source_standard"": """", ""source_clause"": """", ""unit"": ""%"", ""default"": ""12""}]",,,,,
MAT-ROF-003,沥青瓦,屋面材料,瓦,沥青瓦,屋面材料/瓦/沥青瓦,"[""沥青瓦"",""玻纤瓦"",""油毡瓦"",""多彩沥青瓦""]",[],,,,m²,,1,m²,"[{""param"": ""类型"", ""type"": ""enum"", ""required"": true, ""source_standard"": """", ""source_clause"": """", ""default"": ""叠层式"", ""values"": [""叠层式"", ""六角形"", ""鱼鳞形""]}, {""param"": ""胎基"", ""type"": ""enum"", ""required"": true, ""source_standard"": """", ""source_clause"": """", ""default"": ""玻纤胎"", ""values"": [""玻纤胎"", ""聚酯胎""]}, {""param"": ""厚度"", ""type"": ""enum"", ""required"": true, ""source_standard"": """", ""source_clause"": """", ""unit"": ""mm"", ""default"": ""2.6"", ""values"": [""2.0"", ""2.6"", ""3.0""]}, {""param"": ""颜色"", ""type"": ""text"", ""required"": false, ""source_standard"": """", ""source_clause"": """"}, {""param"": ""防火等级"", ""type"": ""enum"", ""required"": false, ""source_standard"": """", ""source_clause"": """", ""default"": ""B2级"", ""values"": [""B1级"", ""B2级""]}]",,,1183,涂料及防腐、防水材料 > 防腐材料 > 沥青,0.03
MAT-ROF-004,S形瓦(陶瓷),屋面材料,瓦,陶瓷瓦,屋面材料/瓦/陶瓷瓦,"[""S形瓦"",""陶瓷瓦"",""西式瓦"",""西班牙瓦""]",[],,,,m²,,1,m²,"[{""param"": ""瓦型"", ""type"": ""enum"", ""required"": true, ""source_standard"": """", ""source_clause"": """", ""default"": ""S形瓦"", ""values"": [""S形瓦"", ""波形瓦""]}, {""param"": ""尺寸"", ""type"": ""text"", ""required"": true, ""source_standard"": """", ""source_clause"": """", ""default"": ""310x310"", ""values"": [""310x310"", ""350x350"", ""400x400""]}, {""param"": ""颜色"", ""type"": ""text"", ""required"": false, ""source_standard"": """", ""source_clause"": """"}, {""param"": ""吸水率"", ""type"": ""number"", ""required"": false, ""source_standard"": """", ""source_clause"": """", ""unit"": ""%"", ""default"": ""6""}, {""param"": ""釉面"", ""type"": ""enum"", ""required"": false, ""source_standard"": """", ""source_clause"": """", ""default"": ""有釉"", ""values"": [""有釉"", ""无釉""]}]",,,1433,墙砖、地砖、地板、地毯类材料 > 陶瓷砖（板） > 瓷砖,0.04
MAT-ROF-005,陶瓷锦砖(马赛克),装饰材料,瓷砖,马赛克,装饰材料/瓷砖/马赛克,"[""陶瓷锦砖"",""马赛克"",""纸皮砖"",""陶瓷马赛克""]",[],,,,m²,,1,m²,"[{""param"": ""材质"", ""type"": ""enum"", ""required"": true, ""source_standard"": ""GB/T 4100-2015"", ""source_clause"": ""GB/T 4100-2015-3-术语和定义"", ""default"": ""陶瓷"", ""values"": [""陶瓷""]}, {""param"": ""吸水率"", ""type"": ""enum"", ""required"": true, ""source_standard"": ""GB/T 4100-2015"", ""source_clause"": ""GB/T 4100-2015-4-分类"", ""default"": ""E≤0.5%"", ""values"": [""E≤0.5%"", ""0.5%<E≤3%"", ""3%<E≤6%"", ""6%<E≤10%"", ""E>10%""]}, {""param"": ""单块尺寸"", ""type"": ""text"", ""required"": true, ""source_standard"": ""GB/T 4100-2015"", ""source_clause"": ""GB/T 4100-2015-5-技术要求"", ""unit"": ""mm"", ""default"": ""25x25""}, {""param"": ""厚度"", ""type"": ""number"", ""required"": true, ""source_standard"": ""GB/T 4100-2015"", ""source_clause"": ""GB/T 4100-2015-5-技术要求"", ""unit"": ""mm"", ""default"": ""4""}, {""param"": ""表面特征"", ""type"": ""enum"", ""required"": false, ""source_standard"": ""GB/T 4100-2015"", ""source_clause"": ""GB/T 4100-2015-4-分类"", ""values"": [""有釉"", ""无釉""]}, {""param"": ""铺贴方式"", ""type"": ""enum"", ""required"": false, ""source_standard"": """", ""source_clause"": """", ""values"": [""纸皮联"", ""网联"", ""散片""]}]",,GB/T 4100-2015,1435,墙砖、地砖、地板、地毯类材料 > 陶瓷砖（板） > 马赛克,0.04
MAT-ROF-006,植草砖,装饰材料,砖,植草砖,装饰材料/砖/植草砖,"[""植草砖"",""草坪砖"",""生态砖"",""八字植草砖""]",[],,,,m²,,1,m²,"[{""param"": ""材质"", ""type"": ""enum"", ""required"": true, ""source_standard"": """", ""source_clause"": """", ""default"": ""混凝土"", ""values"": [""混凝土"", ""水泥""]}, {""param"": ""形状"", ""type"": ""enum"", ""required"": true, ""source_standard"": """", ""source_clause"": """", ""default"": ""八字形"", ""values"": [""八字形"", ""井字形"", ""方形"", ""圆形""]}, {""param"": ""厚度"", ""type"": ""number"", ""required"": true, ""source_standard"": """", ""source_clause"": """", ""unit"": ""mm"", ""default"": ""80""}, {""param"": ""强度等级"", ""type"": ""enum"", ""required"": false, ""source_standard"": """", ""source_clause"": """", ""values"": [""C20"", ""C25"", ""C30""]}]",,,,,
MAT-ROF-007,广场砖,装饰材料,砖,广场砖,装饰材料/砖/广场砖,"[""广场砖"",""铺路砖"",""通体砖"",""人行道砖""]",[],,,,m²,,1,m²,"[{""param"": ""材质"", ""type"": ""enum"", ""required"": true, ""source_standard"": ""GB/T 4100-2015"", ""source_clause"": ""GB/T 4100-2015-3-术语和定义"", ""default"": ""陶瓷"", ""values"": [""陶瓷"", ""通体砖""]}, {""param"": ""吸水率"", ""type"": ""enum"", ""required"": true, ""source_standard"": ""GB/T 4100-2015"", ""source_clause"": ""GB/T 4100-2015-4-分类"", ""default"": ""E≤0.5%"", ""values"": [""E≤0.5%"", ""0.5%<E≤3%"", ""3%<E≤6%""]}, {""param"": ""边长"", ""type"": ""number"", ""required"": true, ""source_standard"": ""GB/T 4100-2015"", ""source_clause"": ""GB/T 4100-2015-5-技术要求"", ""unit"": ""mm"", ""default"": ""100""}, {""param"": ""厚度"", ""type"": ""number"", ""required"": true, ""source_standard"": ""GB/T 4100-2015"", ""source_clause"": ""GB/T 4100-2015-5-技术要求"", ""unit"": ""mm"", ""default"": ""10""}, {""param"": ""表面特征"", ""type"": ""enum"", ""required"": false, ""source_standard"": ""GB/T 4100-2015"", ""source_clause"": ""GB/T 4100-2015-4-分类"", ""values"": [""有釉"", ""无釉""]}]",,GB/T 4100-2015,1730,道路桥梁专用材料 > 路面材料 > 路面砖、广场砖,0.03
MAT-SDR-001,装饰门扇(成品),门窗,成品门,装饰门扇,门窗/成品门/装饰门扇,"[""装饰门扇"",""成品装饰门"",""工艺门"",""造型门""]",[],,,,樘,,1,樘,"[{""param"": ""材质"", ""type"": ""enum"", ""required"": true, ""source_standard"": ""GB/T 29498-2024"", ""source_clause"": ""GB/T 29498-2024-4-分类"", ""default"": ""实木复合"", ""values"": [""实木"", ""实木复合"", ""木质复合""]}, {""param"": ""开启方式"", ""type"": ""enum"", ""required"": true, ""source_standard"": ""GB/T 29498-2024"", ""source_clause"": ""GB/T 29498-2024-4-分类"", ""default"": ""平开"", ""values"": [""平开"", ""推拉"", ""折叠""]}, {""param"": ""门扇厚度"", ""type"": ""number"", ""required"": true, ""source_standard"": ""GB/T 29498-2024"", ""source_clause"": ""GB/T 29498-2024-5-技术要求"", ""unit"": ""mm"", ""default"": ""40""}, {""param"": ""表面装饰"", ""type"": ""enum"", ""required"": false, ""source_standard"": ""GB/T 29498-2024"", ""source_clause"": ""GB/T 29498-2024-4-分类"", ""values"": [""油漆"", ""木皮"", ""三聚氰胺"", ""PVC覆膜""]}]",,GB/T 29498-2024,,,
MAT-SDR-002,冷藏库门,门窗,特种门,冷藏库门,门窗/特种门/冷藏库门,"[""冷藏库门"",""冷库门"",""冷藏门"",""保温门""]",[],,,,樘,,1,樘,"[{""param"": ""门扇材质"", ""type"": ""enum"", ""required"": true, ""source_standard"": """", ""source_clause"": """", ""default"": ""不锈钢"", ""values"": [""不锈钢"", ""彩钢板"", ""玻璃钢""]}, {""param"": ""保温材料"", ""type"": ""enum"", ""required"": true, ""source_standard"": """", ""source_clause"": """", ""default"": ""聚氨酯"", ""values"": [""聚氨酯"", ""聚苯乙烯"", ""岩棉""]}, {""param"": ""门扇厚度"", ""type"": ""number"", ""required"": true, ""source_standard"": """", ""source_clause"": """", ""unit"": ""mm"", ""default"": ""100""}, {""param"": ""使用温度范围"", ""type"": ""text"", ""required"": false, ""source_standard"": """", ""source_clause"": """", ""default"": ""-18℃~+4℃""}]",,,,,
MAT-SDR-003,人防砼密闭门,门窗,特种门,人防密闭门,门窗/特种门/人防密闭门,"[""人防密闭门"",""人防门"",""防护密闭门"",""砼密闭门""]",[],,,,樘,,1,樘,"[{""param"": ""抗力级别"", ""type"": ""enum"", ""required"": true, ""source_standard"": """", ""source_clause"": """", ""default"": ""六级"", ""values"": [""四级"", ""五级"", ""六级"", ""核四级"", ""核五级"", ""核六级""]}, {""param"": ""门扇材质"", ""type"": ""enum"", ""required"": true, ""source_standard"": """", ""source_clause"": """", ""default"": ""钢筋混凝土"", ""values"": [""钢筋混凝土"", ""钢制""]}, {""param"": ""开启方式"", ""type"": ""enum"", ""required"": true, ""source_standard"": """", ""source_clause"": """", ""default"": ""平开"", ""values"": [""平开"", ""推拉""]}, {""param"": ""门洞尺寸"", ""type"": ""text"", ""required"": true, ""source_standard"": """", ""source_clause"": """", ""unit"": ""mm"", ""default"": ""1000x2000""}]",,,,,
MAT-SDR-004,变电室门,门窗,特种门,变电室门,门窗/特种门/变电室门,"[""变电室门"",""配电室门"",""变压器室门""]",[],,,,樘,,1,樘,"[{""param"": ""门扇材质"", ""type"": ""enum"", ""required"": true, ""source_standard"": """", ""source_clause"": """", ""default"": ""钢制"", ""values"": [""钢制"", ""不锈钢"", ""铝合金""]}, {""param"": ""防火等级"", ""type"": ""enum"", ""required"": false, ""source_standard"": """", ""source_clause"": """", ""values"": [""甲级"", ""乙级"", ""丙级""]}, {""param"": ""通风方式"", ""type"": ""enum"", ""required"": false, ""source_standard"": """", ""source_clause"": """", ""values"": [""百叶通风"", ""格栅通风"", ""密闭""]}, {""param"": ""门洞尺寸"", ""type"": ""text"", ""required"": true, ""source_standard"": """", ""source_clause"": """", ""unit"": ""mm"", ""default"": ""1500x2400""}]",,,,,
MAT-TRM-001,木装饰线条,装饰材料,线条,木装饰线,装饰材料/线条/木装饰线,"[""木线条"",""装饰木线"",""木角线"",""木阴角线""]",[],,,,m,,1,m,"[{""param"": ""材质"", ""type"": ""enum"", ""required"": true, ""source_standard"": """", ""source_clause"": """", ""default"": ""实木"", ""values"": [""实木"", ""密度板"", ""多层板"", ""实木复合""]}, {""param"": ""截面形状"", ""type"": ""enum"", ""required"": true, ""source_standard"": """", ""source_clause"": """", ""default"": ""阴角线"", ""values"": [""阴角线"", ""阳角线"", ""平线"", ""半圆线"", ""踢脚线""]}, {""param"": ""截面尺寸"", ""type"": ""text"", ""required"": true, ""source_standard"": """", ""source_clause"": """", ""unit"": ""mm"", ""default"": ""15x15""}, {""param"": ""表面处理"", ""type"": ""enum"", ""required"": false, ""source_standard"": """", ""source_clause"": """", ""values"": [""油漆"", ""木皮"", ""PVC覆膜"", ""素面""]}]",,,207,装饰线条、装饰件、栏杆、扶手及其他 > 装饰线条 > 其他装饰线条,0.03
MAT-TRM-002,瓷腰线砖,装饰材料,瓷砖,腰线砖,装饰材料/瓷砖/腰线砖,"[""腰线砖"",""瓷腰线"",""花腰线"",""装饰腰线""]",[],,,,m,,1,m,"[{""param"": ""材质"", ""type"": ""enum"", ""required"": true, ""source_standard"": ""GB/T 4100-2015"", ""source_clause"": ""GB/T 4100-2015-3-术语和定义"", ""default"": ""陶瓷"", ""values"": [""陶瓷""]}, {""param"": ""吸水率"", ""type"": ""enum"", ""required"": true, ""source_standard"": ""GB/T 4100-2015"", ""source_clause"": ""GB/T 4100-2015-4-分类"", ""default"": ""E≤0.5%"", ""values"": [""E≤0.5%"", ""0.5%<E≤3%"", ""3%<E≤6%""]}, {""param"": ""宽度"", ""type"": ""number"", ""required"": true, ""source_standard"": ""GB/T 4100-2015"", ""source_clause"": ""GB/T 4100-2015-5-技术要求"", ""unit"": ""mm"", ""default"": ""80""}, {""param"": ""长度"", ""type"": ""number"", ""required"": true, ""source_standard"": ""GB/T 4100-2015"", ""source_clause"": ""GB/T 4100-2015-5-技术要求"", ""unit"": ""mm"", ""default"": ""300""}, {""param"": ""表面特征"", ""type"": ""enum"", ""required"": false, ""source_standard"": ""GB/T 4100-2015"", ""source_clause"": ""GB/T 4100-2015-4-分类"", ""values"": [""有釉"", ""无釉""]}]",,GB/T 4100-2015,,,
MAT-FAB-001,膜材料(建筑),装饰材料,膜材,建筑膜材,装饰材料/膜材/建筑膜材,"[""膜材料"",""张拉膜"",""PTFE膜"",""PVDF膜"",""建筑膜""]",[],,,,m²,,1,m²,"[{""param"": ""膜材类型"", ""type"": ""enum"", ""required"": true, ""source_standard"": """", ""source_clause"": """", ""default"": ""PTFE"", ""values"": [""PTFE"", ""PVDF"", ""PVC"", ""ETFE""]}, {""param"": ""基材"", ""type"": ""enum"", ""required"": true, ""source_standard"": """", ""source_clause"": """", ""default"": ""玻璃纤维"", ""values"": [""玻璃纤维"", ""聚酯纤维""]}, {""param"": ""厚度"", ""type"": ""number"", ""required"": true, ""source_standard"": """", ""source_clause"": """", ""unit"": ""mm"", ""default"": ""0.8""}, {""param"": ""防火等级"", ""type"": ""enum"", ""required"": false, ""source_standard"": """", ""source_clause"": """", ""values"": [""A级"", ""B1级"", ""B2级""]}, {""param"": ""透光率"", ""type"": ""number"", ""required"": false, ""source_standard"": """", ""source_clause"": """", ""unit"": ""%"", ""default"": ""15""}]",,,,,
MAT-FAB-002,丝绒面料(装饰),装饰材料,织物,丝绒面料,装饰材料/织物/丝绒面料,"[""丝绒"",""丝绒面料"",""金丝绒"",""装饰绒布""]",[],,,,m²,,1,m²,"[{""param"": ""材质"", ""type"": ""enum"", ""required"": true, ""source_standard"": """", ""source_clause"": """", ""default"": ""涤纶丝绒"", ""values"": [""真丝"", ""涤纶"", ""棉"", ""粘胶"", ""混纺""]}, {""param"": ""幅宽"", ""type"": ""number"", ""required"": true, ""source_standard"": """", ""source_clause"": """", ""unit"": ""cm"", ""default"": ""140""}, {""param"": ""克重"", ""type"": ""number"", ""required"": false, ""source_standard"": """", ""source_clause"": """", ""unit"": ""g/m²"", ""default"": ""280""}, {""param"": ""防火等级"", ""type"": ""enum"", ""required"": false, ""source_standard"": ""GB 50222-2017"", ""source_clause"": """", ""values"": [""B1级"", ""B2级""]}, {""param"": ""颜色"", ""type"": ""text"", ""required"": false, ""source_standard"": """", ""source_clause"": """"}, {""param"": ""绒毛高度"", ""type"": ""number"", ""required"": false, ""source_standard"": """", ""source_clause"": """", ""unit"": ""mm"", ""default"": ""2""}]",,,,,
MAT-FAB-003,织锦缎(装饰),装饰材料,织物,织锦缎,装饰材料/织物/织锦缎,"[""织锦缎"",""锦缎"",""丝绸墙布"",""提花缎""]",[],,,,m²,,1,m²,"[{""param"": ""材质"", ""type"": ""enum"", ""required"": true, ""source_standard"": """", ""source_clause"": """", ""default"": ""涤纶"", ""values"": [""真丝"", ""涤纶"", ""人造丝"", ""混纺""]}, {""param"": ""幅宽"", ""type"": ""number"", ""required"": true, ""source_standard"": """", ""source_clause"": """", ""unit"": ""cm"", ""default"": ""140""}, {""param"": ""克重"", ""type"": ""number"", ""required"": false, ""source_standard"": """", ""source_clause"": """", ""unit"": ""g/m²"", ""default"": ""200""}, {""param"": ""防火等级"", ""type"": ""enum"", ""required"": false, ""source_standard"": ""GB 50222-2017"", ""source_clause"": """", ""values"": [""B1级"", ""B2级""]}, {""param"": ""颜色"", ""type"": ""text"", ""required"": false, ""source_standard"": """", ""source_clause"": """"}, {""param"": ""花型"", ""type"": ""text"", ""required"": false, ""source_standard"": """", ""source_clause"": """"}]",,,,,
MAT-SGN-001,钛金字(标识),装饰材料,标识,钛金字,装饰材料/标识/钛金字,"[""钛金字"",""钛金标识"",""金属字"",""不锈钢字""]",[],,,,m²,,1,m²,"[{""param"": ""材质"", ""type"": ""enum"", ""required"": true, ""source_standard"": """", ""source_clause"": """", ""default"": ""钛金板"", ""values"": [""钛金板"", ""304不锈钢"", ""316不锈钢"", ""铜板"", ""铝板""]}, {""param"": ""厚度"", ""type"": ""number"", ""required"": true, ""source_standard"": """", ""source_clause"": """", ""unit"": ""mm"", ""default"": ""1.0"", ""values"": [""0.8"", ""1.0"", ""1.2"", ""1.5"", ""2.0""]}, {""param"": ""字高"", ""type"": ""number"", ""required"": true, ""source_standard"": """", ""source_clause"": """", ""unit"": ""mm"", ""default"": ""300""}, {""param"": ""表面处理"", ""type"": ""enum"", ""required"": false, ""source_standard"": """", ""source_clause"": """", ""default"": ""钛金镀层"", ""values"": [""钛金镀层"", ""拉丝"", ""镜面"", ""烤漆""]}, {""param"": ""安装方式"", ""type"": ""enum"", ""required"": false, ""source_standard"": """", ""source_clause"": """", ""default"": ""离墙安装"", ""values"": [""贴墙安装"", ""离墙安装"", ""悬挂安装""]}]",,,,,
MAT-MET-001,金属花饰栏杆(成品),装饰材料,栏杆,金属花饰栏杆,装饰材料/栏杆/金属花饰栏杆,"[""金属栏杆"",""花饰栏杆"",""铁艺栏杆"",""成品栏杆""]",[],,,,m,,1,m,"[{""param"": ""材质"", ""type"": ""enum"", ""required"": true, ""source_standard"": """", ""source_clause"": """", ""default"": ""Q235B"", ""values"": [""Q235B"", ""Q355B"", ""304不锈钢"", ""316不锈钢"", ""铝合金""]}, {""param"": ""高度"", ""type"": ""number"", ""required"": true, ""source_standard"": """", ""source_clause"": """", ""unit"": ""mm"", ""default"": ""1050""}, {""param"": ""立柱间距"", ""type"": ""number"", ""required"": false, ""source_standard"": """", ""source_clause"": """", ""unit"": ""mm"", ""default"": ""1200""}, {""param"": ""表面处理"", ""type"": ""enum"", ""required"": true, ""source_standard"": """", ""source_clause"": """", ""default"": ""热浸镀锌"", ""values"": [""热浸镀锌"", ""静电喷涂"", ""氟碳喷涂"", ""烤漆""]}, {""param"": ""花饰样式"", ""type"": ""text"", ""required"": false, ""source_standard"": """", ""source_clause"": """"}, {""param"": ""管材规格"", ""type"": ""text"", ""required"": false, ""source_standard"": """", ""source_clause"": """", ""default"": ""40×40×2.0""}]",,,74,装饰线条、装饰件、栏杆、扶手及其他 > 装饰栏杆及扶手 > 栏杆、栏板,0.01
MAT-MET-002,铁艺围栏,装饰材料,围栏,铁艺围栏,装饰材料/围栏/铁艺围栏,"[""铁艺围栏"",""铁围栏"",""铸铁围栏"",""铁艺围墙""]",[],,,,m,,1,m,"[{""param"": ""材质"", ""type"": ""enum"", ""required"": true, ""source_standard"": """", ""source_clause"": """", ""default"": ""Q235B"", ""values"": [""Q235B"", ""铸铁"", ""Q355B""]}, {""param"": ""高度"", ""type"": ""number"", ""required"": true, ""source_standard"": """", ""source_clause"": """", ""unit"": ""mm"", ""default"": ""1500""}, {""param"": ""立柱间距"", ""type"": ""number"", ""required"": false, ""source_standard"": """", ""source_clause"": """", ""unit"": ""mm"", ""default"": ""2500""}, {""param"": ""表面处理"", ""type"": ""enum"", ""required"": true, ""source_standard"": """", ""source_clause"": """", ""default"": ""热浸镀锌"", ""values"": [""热浸镀锌"", ""静电喷涂"", ""浸塑"", ""烤漆""]}, {""param"": ""管材规格"", ""type"": ""text"", ""required"": false, ""source_standard"": """", ""source_clause"": """", ""default"": ""50×50×2.5""}, {""param"": ""花型"", ""type"": ""text"", ""required"": false, ""source_standard"": """", ""source_clause"": """"}]",,,,,
MAT-MET-003,金属屋面板,装饰材料,板材,金属屋面板,装饰材料/板材/金属屋面板,"[""金属屋面板"",""彩钢屋面板"",""铝镁锰屋面板"",""金属屋面""]",[],,,,m²,,1,m²,"[{""param"": ""材质"", ""type"": ""enum"", ""required"": true, ""source_standard"": """", ""source_clause"": """", ""default"": ""彩钢"", ""values"": [""彩钢"", ""铝镁锰合金"", ""不锈钢"", ""钛锌板"", ""铜板""]}, {""param"": ""板型"", ""type"": ""enum"", ""required"": true, ""source_standard"": """", ""source_clause"": """", ""default"": ""YX65-430"", ""values"": [""YX65-430"", ""YX25-210-840"", ""YX35-125-750"", ""YX51-380-760"", ""HV-470""]}, {""param"": ""厚度"", ""type"": ""number"", ""required"": true, ""source_standard"": """", ""source_clause"": """", ""unit"": ""mm"", ""default"": ""0.6"", ""values"": [""0.5"", ""0.6"", ""0.8"", ""1.0"", ""1.2""]}, {""param"": ""涂层类型"", ""type"": ""enum"", ""required"": false, ""source_standard"": """", ""source_clause"": """", ""default"": ""PE聚酯"", ""values"": [""PE聚酯"", ""HDP高耐候聚酯"", ""PVDF氟碳"", ""SMP硅改性聚酯""]}, {""param"": ""屈服强度"", ""type"": ""number"", ""required"": false, ""source_standard"": """", ""source_clause"": """", ""unit"": ""MPa"", ""default"": ""345""}]",,,22,水泥、砖瓦灰砂石及混凝土制品 > 混凝土制品 > 钢筋混凝土预制构件（非装配式）,0.02
MAT-MET-004,自承式楼承板,装饰材料,板材,楼承板,装饰材料/板材/楼承板,"[""楼承板"",""自承式楼板"",""压型钢板楼承板"",""钢承板""]",[],,,,m²,,1,m²,"[{""param"": ""材质"", ""type"": ""enum"", ""required"": true, ""source_standard"": """", ""source_clause"": """", ""default"": ""Q235B"", ""values"": [""Q235B"", ""Q355B""]}, {""param"": ""板型"", ""type"": ""enum"", ""required"": true, ""source_standard"": """", ""source_clause"": """", ""default"": ""YX75-200-600"", ""values"": [""YX75-200-600"", ""YX76-344-688"", ""YX51-240-720"", ""YX65-185-555""]}, {""param"": ""厚度"", ""type"": ""number"", ""required"": true, ""source_standard"": """", ""source_clause"": """", ""unit"": ""mm"", ""default"": ""1.0"", ""values"": [""0.8"", ""1.0"", ""1.2"", ""1.5""]}, {""param"": ""镀锌量"", ""type"": ""number"", ""required"": false, ""source_standard"": """", ""source_clause"": """", ""unit"": ""g/m²"", ""default"": ""275""}, {""param"": ""屈服强度"", ""type"": ""number"", ""required"": false, ""source_standard"": """", ""source_clause"": """", ""unit"": ""MPa"", ""default"": ""235""}]",,,,,
MAT-MET-005,桁架格栅,金属结构,构件,桁架格栅,金属结构/构件/桁架格栅,"[""桁架格栅"",""钢格栅"",""装饰格栅"",""金属格栅""]",[],,,,m²,,1,m²,"[{""param"": ""材质"", ""type"": ""enum"", ""required"": true, ""source_standard"": """", ""source_clause"": """", ""default"": ""Q235B"", ""values"": [""Q235B"", ""Q355B"", ""304不锈钢"", ""铝合金""]}, {""param"": ""格栅类型"", ""type"": ""enum"", ""required"": true, ""source_standard"": """", ""source_clause"": """", ""default"": ""方管格栅"", ""values"": [""方管格栅"", ""圆管格栅"", ""扁钢格栅"", ""冲孔板格栅""]}, {""param"": ""网格间距"", ""type"": ""text"", ""required"": true, ""source_standard"": """", ""source_clause"": """", ""default"": ""100×100""}, {""param"": ""管材规格"", ""type"": ""text"", ""required"": false, ""source_standard"": """", ""source_clause"": """", ""default"": ""30×30×2.0""}, {""param"": ""表面处理"", ""type"": ""enum"", ""required"": true, ""source_standard"": """", ""source_clause"": """", ""default"": ""氟碳喷涂"", ""values"": [""氟碳喷涂"", ""粉末喷涂"", ""热浸镀锌"", ""阳极氧化""]}]",,,181,橡胶、塑料及非金属材料 > 其他非金属材料 > 土工材料,0.03
MAT-HDR-001,木扶手(成品),装饰材料,扶手,木扶手,装饰材料/扶手/木扶手,"[""木扶手"",""实木扶手"",""成品木扶手"",""硬木扶手""]",[],,,,m,,1,m,"[{""param"": ""木材种类"", ""type"": ""enum"", ""required"": true, ""source_standard"": """", ""source_clause"": """", ""default"": ""橡木"", ""values"": [""橡木"", ""榉木"", ""胡桃木"", ""樱桃木"", ""柚木"", ""水曲柳""]}, {""param"": ""截面尺寸"", ""type"": ""text"", ""required"": true, ""source_standard"": """", ""source_clause"": """", ""default"": ""70×45""}, {""param"": ""表面处理"", ""type"": ""enum"", ""required"": true, ""source_standard"": """", ""source_clause"": """", ""default"": ""清漆"", ""values"": [""清漆"", ""木蜡油"", ""混水漆"", ""开放漆""]}, {""param"": ""含水率"", ""type"": ""number"", ""required"": false, ""source_standard"": """", ""source_clause"": """", ""unit"": ""%"", ""default"": ""12""}]",,,1529,装饰线条、装饰件、栏杆、扶手及其他 > 装饰栏杆及扶手 > 扶手,0.01
MAT-HDR-002,木栏杆(成品),装饰材料,栏杆,木栏杆,装饰材料/栏杆/木栏杆,"[""木栏杆"",""实木栏杆"",""成品木栏杆"",""木花格""]",[],,,,m,,1,m,"[{""param"": ""木材种类"", ""type"": ""enum"", ""required"": true, ""source_standard"": """", ""source_clause"": """", ""default"": ""橡木"", ""values"": [""橡木"", ""榉木"", ""胡桃木"", ""樱桃木"", ""柚木""]}, {""param"": ""高度"", ""type"": ""number"", ""required"": true, ""source_standard"": """", ""source_clause"": """", ""unit"": ""mm"", ""default"": ""900""}, {""param"": ""立柱截面"", ""type"": ""text"", ""required"": true, ""source_standard"": """", ""source_clause"": """", ""default"": ""50×50""}, {""param"": ""立柱间距"", ""type"": ""number"", ""required"": false, ""source_standard"": """", ""source_clause"": """", ""unit"": ""mm"", ""default"": ""1200""}, {""param"": ""表面处理"", ""type"": ""enum"", ""required"": true, ""source_standard"": """", ""source_clause"": """", ""default"": ""清漆"", ""values"": [""清漆"", ""木蜡油"", ""混水漆""]}, {""param"": ""花型样式"", ""type"": ""text"", ""required"": false, ""source_standard"": """", ""source_clause"": """"}]",,,74,装饰线条、装饰件、栏杆、扶手及其他 > 装饰栏杆及扶手 > 栏杆、栏板,0.01
MAT-OTH-001,电闸箱,装饰材料,其他,电闸箱,装饰材料/其他/电闸箱,"[""电闸箱"",""电箱"",""开关箱"",""电表箱""]",[],,,,台,,1,台,"[{""param"": ""类型"", ""type"": ""enum"", ""required"": true, ""source_standard"": """", ""source_clause"": """", ""default"": ""配电箱"", ""values"": [""配电箱"", ""开关箱"", ""电表箱"", ""控制箱""]}, {""param"": ""材质"", ""type"": ""enum"", ""required"": false, ""source_standard"": """", ""source_clause"": """", ""values"": [""冷轧钢板"", ""不锈钢"", ""塑料""]}, {""param"": ""防护等级"", ""type"": ""enum"", ""required"": false, ""source_standard"": """", ""source_clause"": """", ""values"": [""IP30"", ""IP40"", ""IP54"", ""IP65""]}, {""param"": ""安装方式"", ""type"": ""enum"", ""required"": false, ""source_standard"": """", ""source_clause"": """", ""values"": [""明装"", ""暗装"", ""落地式""]}, {""param"": ""尺寸"", ""type"": ""text"", ""required"": false, ""source_standard"": """", ""source_clause"": """", ""unit"": ""mm""}]",,,,,
MAT-OTH-002,陶瓷活动地板,装饰材料,地板,陶瓷地板,装饰材料/地板/陶瓷地板,"[""陶瓷地板"",""防静电陶瓷地板"",""活动陶瓷地板"",""瓷质地板""]",[],,,,m²,,1,m²,"[{""param"": ""面层材质"", ""type"": ""enum"", ""required"": true, ""source_standard"": """", ""source_clause"": """", ""default"": ""陶瓷"", ""values"": [""陶瓷"", ""全钢"", ""硫酸钙"", ""铝合金""]}, {""param"": ""规格尺寸"", ""type"": ""enum"", ""required"": true, ""source_standard"": """", ""source_clause"": """", ""unit"": ""mm"", ""values"": [""600×600"", ""610×610""]}, {""param"": ""厚度"", ""type"": ""enum"", ""required"": false, ""source_standard"": """", ""source_clause"": """", ""unit"": ""mm"", ""values"": [""30"", ""35"", ""40""]}, {""param"": ""防静电性能"", ""type"": ""enum"", ""required"": false, ""source_standard"": """", ""source_clause"": """", ""values"": [""防静电"", ""非防静电""]}, {""param"": ""承载等级"", ""type"": ""enum"", ""required"": false, ""source_standard"": """", ""source_clause"": """", ""values"": [""轻型"", ""中型"", ""重型""]}]",,,1433,墙砖、地砖、地板、地毯类材料 > 陶瓷砖（板） > 瓷砖,0.04
MAT-OTH-003,广角镜,装饰材料,其他,广角镜,装饰材料/其他/广角镜,"[""广角镜"",""道路广角镜"",""凸面镜"",""转弯镜""]",[],,,,个,,1,个,"[{""param"": ""镜面材质"", ""type"": ""enum"", ""required"": true, ""source_standard"": """", ""source_clause"": """", ""default"": ""亚克力"", ""values"": [""亚克力"", ""PC"", ""不锈钢""]}, {""param"": ""直径"", ""type"": ""enum"", ""required"": true, ""source_standard"": """", ""source_clause"": """", ""unit"": ""mm"", ""values"": [""450"", ""600"", ""800"", ""1000"", ""1200""]}, {""param"": ""安装方式"", ""type"": ""enum"", ""required"": false, ""source_standard"": """", ""source_clause"": """", ""values"": [""立柱式"", ""壁挂式""]}]",,,,,
MAT-OTH-004,旗帜风动系统,装饰材料,其他,旗帜系统,装饰材料/其他/旗帜系统,"[""旗帜风动系统"",""旗帜系统"",""旗杆系统"",""风动旗杆""]",[],,,,套,,1,套,"[{""param"": ""旗杆材质"", ""type"": ""enum"", ""required"": true, ""source_standard"": """", ""source_clause"": """", ""default"": ""不锈钢"", ""values"": [""不锈钢"", ""铝合金"", ""碳钢""]}, {""param"": ""旗杆高度"", ""type"": ""number"", ""required"": true, ""source_standard"": """", ""source_clause"": """", ""unit"": ""m""}, {""param"": ""驱动方式"", ""type"": ""enum"", ""required"": false, ""source_standard"": """", ""source_clause"": """", ""values"": [""电动"", ""风动"", ""手动""]}, {""param"": ""旗帜数量"", ""type"": ""number"", ""required"": false, ""source_standard"": """", ""source_clause"": """"}]",,,,,
MAT-ROF-008,黏土脊瓦,屋面材料,瓦,脊瓦,屋面材料/瓦/脊瓦,"[""黏土脊瓦"",""陶土脊瓦"",""脊瓦"",""屋脊瓦""]",[],,,,m,,1,m,"[{""param"": ""材质"", ""type"": ""enum"", ""required"": true, ""source_standard"": """", ""source_clause"": """", ""default"": ""黏土"", ""values"": [""黏土"", ""陶土""]}, {""param"": ""颜色"", ""type"": ""text"", ""required"": false, ""source_standard"": """", ""source_clause"": """"}, {""param"": ""长度"", ""type"": ""number"", ""required"": false, ""source_standard"": """", ""source_clause"": """", ""unit"": ""mm""}, {""param"": ""宽度"", ""type"": ""number"", ""required"": false, ""source_standard"": """", ""source_clause"": """", ""unit"": ""mm""}]",,,,,
MAT-ROF-009,S形脊瓦,屋面材料,瓦,脊瓦,屋面材料/瓦/脊瓦,"[""S形脊瓦"",""陶瓷脊瓦"",""琉璃脊瓦"",""装饰脊瓦""]",[],,,,m,,1,m,"[{""param"": ""材质"", ""type"": ""enum"", ""required"": true, ""source_standard"": """", ""source_clause"": """", ""default"": ""陶瓷"", ""values"": [""陶瓷"", ""琉璃"", ""陶土""]}, {""param"": ""颜色"", ""type"": ""text"", ""required"": false, ""source_standard"": """", ""source_clause"": """"}, {""param"": ""长度"", ""type"": ""number"", ""required"": false, ""source_standard"": """", ""source_clause"": """", ""unit"": ""mm""}]",,,,,
MAT-ROF-010,瓷质波形瓦脊瓦,屋面材料,瓦,脊瓦,屋面材料/瓦/脊瓦,"[""瓷质波形瓦脊瓦"",""波纹脊瓦"",""波形脊瓦""]",[],,,,m,,1,m,"[{""param"": ""材质"", ""type"": ""enum"", ""required"": true, ""source_standard"": """", ""source_clause"": """", ""default"": ""瓷质"", ""values"": [""瓷质"", ""陶质""]}, {""param"": ""颜色"", ""type"": ""text"", ""required"": false, ""source_standard"": """", ""source_clause"": """"}, {""param"": ""长度"", ""type"": ""number"", ""required"": false, ""source_standard"": """", ""source_clause"": """", ""unit"": ""mm""}]",,,,,
MAT-STN-003,凹凸麻石块,装饰材料,石材,文化石,装饰材料/石材/文化石,"[""凹凸麻石块"",""假麻石"",""蘑菇石"",""文化石""]",[],,,,m²,,1,m²,"[{""param"": ""石材类型"", ""type"": ""enum"", ""required"": true, ""source_standard"": """", ""source_clause"": """", ""default"": ""麻石"", ""values"": [""麻石"", ""青石"", ""砂岩"", ""板岩""]}, {""param"": ""表面处理"", ""type"": ""enum"", ""required"": true, ""source_standard"": """", ""source_clause"": """", ""default"": ""凹凸面"", ""values"": [""凹凸面"", ""蘑菇面"", ""自然面"", ""劈开面""]}, {""param"": ""厚度"", ""type"": ""enum"", ""required"": false, ""source_standard"": """", ""source_clause"": """", ""unit"": ""mm"", ""values"": [""20"", ""25"", ""30"", ""40"", ""50""]}, {""param"": ""规格尺寸"", ""type"": ""text"", ""required"": false, ""source_standard"": """", ""source_clause"": """", ""unit"": ""mm""}]",,,1450,装饰石材及石材制品 > 天然石材 > 麻石,0.02
MAT-FAB-004,人造革,装饰材料,织物,人造革,装饰材料/织物/人造革,"[""人造革"",""PU革"",""PVC革"",""合成革"",""仿皮""]",[],,,,m²,,1,m²,"[{""param"": ""基材类型"", ""type"": ""enum"", ""required"": true, ""source_standard"": """", ""source_clause"": """", ""default"": ""PU"", ""values"": [""PU"", ""PVC"", ""超纤""]}, {""param"": ""厚度"", ""type"": ""number"", ""required"": false, ""source_standard"": """", ""source_clause"": """", ""unit"": ""mm""}, {""param"": ""幅宽"", ""type"": ""number"", ""required"": false, ""source_standard"": """", ""source_clause"": """", ""unit"": ""mm""}, {""param"": ""颜色"", ""type"": ""text"", ""required"": false, ""source_standard"": """", ""source_clause"": """"}, {""param"": ""表面纹理"", ""type"": ""text"", ""required"": false, ""source_standard"": """", ""source_clause"": """"}]",,,,,
MAT-GLS-006,玻璃砖,装饰材料,玻璃,玻璃砖,装饰材料/玻璃/玻璃砖,"[""玻璃砖"",""空心玻璃砖"",""实心玻璃砖"",""玻璃砌块""]",[],,,,m²,,1,m²,"[{""param"": ""类型"", ""type"": ""enum"", ""required"": true, ""source_standard"": """", ""source_clause"": """", ""default"": ""空心玻璃砖"", ""values"": [""空心玻璃砖"", ""实心玻璃砖""]}, {""param"": ""规格尺寸"", ""type"": ""enum"", ""required"": true, ""source_standard"": """", ""source_clause"": """", ""unit"": ""mm"", ""values"": [""190×190×80"", ""190×190×95"", ""240×240×80"", ""300×300×100""]}, {""param"": ""颜色"", ""type"": ""enum"", ""required"": false, ""source_standard"": """", ""source_clause"": """", ""values"": [""透明"", ""磨砂"", ""彩色""]}, {""param"": ""表面纹理"", ""type"": ""enum"", ""required"": false, ""source_standard"": """", ""source_clause"": """", ""values"": [""光面"", ""花纹"", ""波浪纹""]}]",,,1428,玻璃及玻璃制品 > 玻璃制品 > 玻璃砖,0.03
MAT-WOD-001,木格栅(装饰),装饰材料,木材,木格栅,装饰材料/木材/木格栅,"[""木格栅"",""木质格栅"",""装饰木格栅"",""花格栅""]",[],,,,m²,,1,m²,"[{""param"": ""材质"", ""type"": ""enum"", ""required"": true, ""source_standard"": """", ""source_clause"": """", ""default"": ""实木"", ""values"": [""实木"", ""木塑"", ""竹木"", ""科技木""]}, {""param"": ""木材种类"", ""type"": ""enum"", ""required"": false, ""source_standard"": """", ""source_clause"": """", ""values"": [""松木"", ""橡木"", ""榉木"", ""柚木"", ""杉木"", ""胡桃木""]}, {""param"": ""表面处理"", ""type"": ""enum"", ""required"": false, ""source_standard"": """", ""source_clause"": """", ""values"": [""清漆"", ""色漆"", ""木蜡油"", ""碳化"", ""免漆""]}, {""param"": ""防火等级"", ""type"": ""enum"", ""required"": false, ""source_standard"": ""GB 50222-2017"", ""source_clause"": """", ""values"": [""A级"", ""B1级"", ""B2级"", ""B3级""]}, {""param"": ""格栅间距"", ""type"": ""number"", ""required"": false, ""source_standard"": """", ""source_clause"": """", ""unit"": ""mm""}, {""param"": ""截面尺寸"", ""type"": ""text"", ""required"": false, ""source_standard"": """", ""source_clause"": """", ""unit"": ""mm""}, {""param"": ""含水率"", ""type"": ""number"", ""required"": false, ""source_standard"": """", ""source_clause"": """", ""unit"": ""%""}]",,,181,橡胶、塑料及非金属材料 > 其他非金属材料 > 土工材料,0.03
MAT-FAB-005,织物软雕,装饰材料,织物,软雕,装饰材料/织物/软雕,"[""织物软雕"",""软雕塑"",""布艺软雕"",""装饰软雕""]",[],,,,m²,,1,m²,"[{""param"": ""材质"", ""type"": ""enum"", ""required"": true, ""source_standard"": """", ""source_clause"": """", ""default"": ""聚酯纤维"", ""values"": [""聚酯纤维"", ""棉麻"", ""丝绒"", ""混纺"", ""玻璃纤维""]}, {""param"": ""防火等级"", ""type"": ""enum"", ""required"": true, ""source_standard"": ""GB 50222-2017"", ""source_clause"": """", ""values"": [""A级"", ""B1级"", ""B2级""]}, {""param"": ""厚度"", ""type"": ""number"", ""required"": false, ""source_standard"": """", ""source_clause"": """", ""unit"": ""mm""}, {""param"": ""颜色"", ""type"": ""text"", ""required"": false, ""source_standard"": """", ""source_clause"": """"}, {""param"": ""图案/造型"", ""type"": ""text"", ""required"": false, ""source_standard"": """", ""source_clause"": """"}]",,,,,
MAT-STN-004,石质缘石,装饰材料,石材,缘石,装饰材料/石材/缘石,"[""石质缘石"",""路缘石"",""路边石"",""缘石"",""道牙""]",[],,,,m,,1,m,"[{""param"": ""材质"", ""type"": ""enum"", ""required"": true, ""source_standard"": ""GB/T 18601-2024"", ""source_clause"": """", ""default"": ""花岗岩"", ""values"": [""花岗岩"", ""大理石"", ""砂岩"", ""石灰岩""]}, {""param"": ""规格尺寸"", ""type"": ""text"", ""required"": true, ""source_standard"": """", ""source_clause"": """", ""unit"": ""mm""}, {""param"": ""表面加工类型"", ""type"": ""enum"", ""required"": false, ""source_standard"": ""GB/T 18601-2024"", ""source_clause"": """", ""values"": [""机切面"", ""亚光面"", ""抛光面"", ""火烧面"", ""荔枝面"", ""自然面"", ""剁斧面""]}, {""param"": ""体积密度"", ""type"": ""number"", ""required"": false, ""source_standard"": ""GB/T 18601-2024"", ""source_clause"": """", ""unit"": ""g/cm³""}, {""param"": ""吸水率"", ""type"": ""number"", ""required"": false, ""source_standard"": ""GB/T 18601-2024"", ""source_clause"": """", ""unit"": ""%""}, {""param"": ""弯曲强度"", ""type"": ""number"", ""required"": false, ""source_standard"": ""GB/T 18601-2024"", ""source_clause"": """", ""unit"": ""MPa""}, {""param"": ""抗压强度"", ""type"": ""number"", ""required"": false, ""source_standard"": ""GB/T 18601-2024"", ""source_clause"": """", ""unit"": ""MPa""}]",,GB/T 18601-2024,1729,道路桥梁专用材料 > 路面材料 > 路面天然石构件,0.03
