value_id,material_id,param_code,value,value_text,min_value,max_value,unit,condition_json,derived_params_json,standard_id,clause_id,constraint_level
VAL-STE-001-001,MAT-STE-001,steel_grade,HRB400,HRB400,,,,,"{""yield_strength"":400,""tensile_strength"":540,""elongation"":16}",GB 1499.2-2024,GB1499.2-2024-4.1-表1,mandatory
VAL-STE-001-002,MAT-STE-001,steel_grade,HRB400E,HRB400E(抗震),,,,"{""seismic"":true}","{""yield_strength"":400,""tensile_strength"":540,""total_elongation"":9.0,""strength_ratio"":1.25,""yield_ratio"":1.30}",GB 1499.2-2024,GB1499.2-2024-4.1-表1,mandatory
VAL-STE-001-003,MAT-STE-001,steel_grade,HRB500,HRB500,,,,,"{""yield_strength"":500,""tensile_strength"":630,""elongation"":15}",GB 1499.2-2024,GB1499.2-2024-4.1-表1,mandatory
VAL-STE-001-004,MAT-STE-001,steel_grade,HRB500E,HRB500E(抗震),,,,"{""seismic"":true}","{""yield_strength"":500,""tensile_strength"":630,""total_elongation"":9.0,""strength_ratio"":1.25,""yield_ratio"":1.30}",GB 1499.2-2024,GB1499.2-2024-4.1-表1,mandatory
VAL-STE-001-005,MAT-STE-001,steel_grade,HRB600,HRB600,,,,,"{""yield_strength"":600,""tensile_strength"":730,""elongation"":14}",GB 1499.2-2024,GB1499.2-2024-4.1-表1,mandatory
VAL-STE-001-006,MAT-STE-001,steel_grade,HRBF400,HRBF400(细晶粒),,,,"{""fine_grain"":true}","{""yield_strength"":400,""tensile_strength"":540,""elongation"":16}",GB 1499.2-2024,GB1499.2-2024-4.1-表1,mandatory
VAL-STE-001-007,MAT-STE-001,steel_grade,HRBF500,HRBF500(细晶粒),,,,"{""fine_grain"":true}","{""yield_strength"":500,""tensile_strength"":630,""elongation"":15}",GB 1499.2-2024,GB1499.2-2024-4.1-表1,mandatory
VAL-STE-001-101,MAT-STE-001,nominal_diameter,6,Φ6,,,,,"{""theoretical_weight"":0.222,""cross_section_area"":28.27}",GB 1499.2-2024,GB1499.2-2024-5.2-表2,mandatory
VAL-STE-001-102,MAT-STE-001,nominal_diameter,8,Φ8,,,,,"{""theoretical_weight"":0.395,""cross_section_area"":50.27}",GB 1499.2-2024,GB1499.2-2024-5.2-表2,mandatory
VAL-STE-001-103,MAT-STE-001,nominal_diameter,10,Φ10,,,,,"{""theoretical_weight"":0.617,""cross_section_area"":78.54}",GB 1499.2-2024,GB1499.2-2024-5.2-表2,mandatory
VAL-STE-001-104,MAT-STE-001,nominal_diameter,12,Φ12,,,,,"{""theoretical_weight"":0.888,""cross_section_area"":113.1}",GB 1499.2-2024,GB1499.2-2024-5.2-表2,mandatory
VAL-STE-001-105,MAT-STE-001,nominal_diameter,14,Φ14,,,,,"{""theoretical_weight"":1.21,""cross_section_area"":153.9}",GB 1499.2-2024,GB1499.2-2024-5.2-表2,mandatory
VAL-STE-001-106,MAT-STE-001,nominal_diameter,16,Φ16,,,,,"{""theoretical_weight"":1.58,""cross_section_area"":201.1}",GB 1499.2-2024,GB1499.2-2024-5.2-表2,mandatory
VAL-STE-001-107,MAT-STE-001,nominal_diameter,18,Φ18,,,,,"{""theoretical_weight"":2.0,""cross_section_area"":254.5}",GB 1499.2-2024,GB1499.2-2024-5.2-表2,mandatory
VAL-STE-001-108,MAT-STE-001,nominal_diameter,20,Φ20,,,,,"{""theoretical_weight"":2.47,""cross_section_area"":314.2}",GB 1499.2-2024,GB1499.2-2024-5.2-表2,mandatory
VAL-STE-001-109,MAT-STE-001,nominal_diameter,22,Φ22,,,,,"{""theoretical_weight"":2.98,""cross_section_area"":380.1}",GB 1499.2-2024,GB1499.2-2024-5.2-表2,mandatory
VAL-STE-001-110,MAT-STE-001,nominal_diameter,25,Φ25,,,,,"{""theoretical_weight"":3.85,""cross_section_area"":490.9}",GB 1499.2-2024,GB1499.2-2024-5.2-表2,mandatory
VAL-STE-001-111,MAT-STE-001,nominal_diameter,28,Φ28,,,,,"{""theoretical_weight"":4.83,""cross_section_area"":615.8}",GB 1499.2-2024,GB1499.2-2024-5.2-表2,mandatory
VAL-STE-001-112,MAT-STE-001,nominal_diameter,32,Φ32,,,,,"{""theoretical_weight"":6.31,""cross_section_area"":804.2}",GB 1499.2-2024,GB1499.2-2024-5.2-表2,mandatory
VAL-STE-001-113,MAT-STE-001,nominal_diameter,36,Φ36,,,,,"{""theoretical_weight"":7.99,""cross_section_area"":1018}",GB 1499.2-2024,GB1499.2-2024-5.2-表2,mandatory
VAL-STE-001-114,MAT-STE-001,nominal_diameter,40,Φ40,,,,,"{""theoretical_weight"":9.87,""cross_section_area"":1257}",GB 1499.2-2024,GB1499.2-2024-5.2-表2,mandatory
VAL-STE-001-115,MAT-STE-001,nominal_diameter,50,Φ50,,,,,"{""theoretical_weight"":15.42,""cross_section_area"":1964}",GB 1499.2-2024,GB1499.2-2024-5.2-表2,mandatory
VAL-STE-001-201,MAT-STE-001,weight_deviation,±5.5,±5.5%,,,%,"{""d_range"":""6~12""}",,GB 1499.2-2024,GB1499.2-2024-5.6-表4,mandatory
VAL-STE-001-202,MAT-STE-001,weight_deviation,±4.5,±4.5%,,,%,"{""d_range"":""14~20""}",,GB 1499.2-2024,GB1499.2-2024-5.6-表4,mandatory
VAL-STE-001-203,MAT-STE-001,weight_deviation,±3.5,±3.5%,,,%,"{""d_range"":""22~50""}",,GB 1499.2-2024,GB1499.2-2024-5.6-表4,mandatory
VAL-STE-007-001,MAT-STE-007,pipe_type,HFW,直缝高频电阻焊,,,,,,GB/T 3091-2025,GB3091-2025-5-分类,mandatory
VAL-STE-007-002,MAT-STE-007,pipe_type,SAWL,直缝埋弧焊,,,,,,GB/T 3091-2025,GB3091-2025-5-分类,mandatory
VAL-STE-007-003,MAT-STE-007,pipe_type,SAWH,螺旋缝埋弧焊,,,,,,GB/T 3091-2025,GB3091-2025-5-分类,mandatory
VAL-STE-007-004,MAT-STE-007,surface_type,不镀锌,不镀锌,,,,,,GB/T 3091-2025,GB3091-2025-5-分类,mandatory
VAL-STE-007-005,MAT-STE-007,surface_type,镀锌,镀锌,,,,,,GB/T 3091-2025,GB3091-2025-5-分类,mandatory
VAL-STE-007-101,MAT-STE-007,dn,15,DN15,,,,,"{""od_s1"":21.3,""od_s2"":21.0,""od_s3"":20.0,""wt_min"":2.0}",GB/T 3091-2025,GB3091-2025-6-表1,mandatory
VAL-STE-007-102,MAT-STE-007,dn,20,DN20,,,,,"{""od_s1"":26.9,""od_s2"":26.0,""od_s3"":25.0,""wt_min"":2.0}",GB/T 3091-2025,GB3091-2025-6-表1,mandatory
VAL-STE-007-103,MAT-STE-007,dn,25,DN25,,,,,"{""od_s1"":33.7,""od_s2"":33.0,""od_s3"":32.0,""wt_min"":2.3}",GB/T 3091-2025,GB3091-2025-6-表1,mandatory
VAL-STE-007-104,MAT-STE-007,dn,32,DN32,,,,,"{""od_s1"":42.4,""od_s2"":42.0,""od_s3"":40.0,""wt_min"":2.6}",GB/T 3091-2025,GB3091-2025-6-表1,mandatory
VAL-STE-007-105,MAT-STE-007,dn,40,DN40,,,,,"{""od_s1"":48.3,""od_s2"":48.0,""od_s3"":47.0,""wt_min"":2.9}",GB/T 3091-2025,GB3091-2025-6-表1,mandatory
VAL-STE-007-106,MAT-STE-007,dn,50,DN50,,,,,"{""od_s1"":60.3,""od_s2"":60.0,""od_s3"":59.0,""wt_min"":3.2}",GB/T 3091-2025,GB3091-2025-6-表1,mandatory
VAL-STE-007-107,MAT-STE-007,dn,65,DN65,,,,,"{""od_s1"":76.1,""od_s2"":76.0,""od_s3"":75.0,""wt_min"":3.2}",GB/T 3091-2025,GB3091-2025-6-表1,mandatory
VAL-STE-007-108,MAT-STE-007,dn,80,DN80,,,,,"{""od_s1"":88.9,""od_s2"":89.0,""od_s3"":88.0,""wt_min"":3.6}",GB/T 3091-2025,GB3091-2025-6-表1,mandatory
VAL-STE-007-109,MAT-STE-007,dn,100,DN100,,,,,"{""od_s1"":114.3,""od_s2"":114.0,""od_s3"":113.0,""wt_min"":4.0}",GB/T 3091-2025,GB3091-2025-6-表1,mandatory
VAL-STE-007-110,MAT-STE-007,dn,125,DN125,,,,,"{""od_s1"":139.7,""od_s2"":140.0,""od_s3"":138.0,""wt_min"":4.0}",GB/T 3091-2025,GB3091-2025-6-表1,mandatory
VAL-STE-007-111,MAT-STE-007,dn,150,DN150,,,,,"{""od_s1"":165.1,""od_s2"":165.0,""od_s3"":null,""wt_min"":4.5}",GB/T 3091-2025,GB3091-2025-6-表1,mandatory
VAL-STE-007-112,MAT-STE-007,dn,200,DN200,,,,,"{""od_s1"":219.1,""od_s2"":219.0,""od_s3"":null,""wt_min"":6.0}",GB/T 3091-2025,GB3091-2025-6-表1,mandatory
VAL-STE-007-201,MAT-STE-007,od_tolerance,±0.5mm,D≤48.3mm:±0.5mm,,,,,"{""od_range"":""≤48.3mm""}",GB/T 3091-2025,GB3091-2025-6-外径允许偏差,mandatory
VAL-STE-007-202,MAT-STE-007,od_tolerance,±1%D,48.3mm<D≤219.1mm:±1%D,,,,,"{""od_range"":""48.3~219.1mm""}",GB/T 3091-2025,GB3091-2025-6-外径允许偏差,mandatory
VAL-STE-007-301,MAT-STE-007,wt_tolerance,±10%t,壁厚允许偏差±10%t,,,,,,GB/T 3091-2025,GB3091-2025-6-壁厚允许偏差,mandatory
VAL-STE-002-001,MAT-STE-002,steel_grade,HPB300,HPB300,,,,,"{""yield_strength"":300,""tensile_strength"":420,""elongation"":25,""total_elongation"":10}",GB 1499.1-2024,GB1499.1-2024-4-表1,mandatory
VAL-STE-002-101,MAT-STE-002,nominal_diameter,6,Φ6,,,,,"{""theoretical_weight"":0.222,""cross_section_area"":28.27}",GB 1499.1-2024,GB1499.1-2024-5.2-表2,mandatory
VAL-STE-002-102,MAT-STE-002,nominal_diameter,8,Φ8,,,,,"{""theoretical_weight"":0.395,""cross_section_area"":50.27}",GB 1499.1-2024,GB1499.1-2024-5.2-表2,mandatory
VAL-STE-002-103,MAT-STE-002,nominal_diameter,10,Φ10,,,,,"{""theoretical_weight"":0.617,""cross_section_area"":78.54}",GB 1499.1-2024,GB1499.1-2024-5.2-表2,mandatory
VAL-STE-002-104,MAT-STE-002,nominal_diameter,12,Φ12,,,,,"{""theoretical_weight"":0.888,""cross_section_area"":113.1}",GB 1499.1-2024,GB1499.1-2024-5.2-表2,mandatory
VAL-STE-002-105,MAT-STE-002,nominal_diameter,14,Φ14,,,,,"{""theoretical_weight"":1.21,""cross_section_area"":153.9}",GB 1499.1-2024,GB1499.1-2024-5.2-表2,mandatory
VAL-STE-002-106,MAT-STE-002,nominal_diameter,16,Φ16,,,,,"{""theoretical_weight"":1.58,""cross_section_area"":201.1}",GB 1499.1-2024,GB1499.1-2024-5.2-表2,mandatory
VAL-STE-002-107,MAT-STE-002,nominal_diameter,18,Φ18,,,,,"{""theoretical_weight"":2.0,""cross_section_area"":254.5}",GB 1499.1-2024,GB1499.1-2024-5.2-表2,mandatory
VAL-STE-002-108,MAT-STE-002,nominal_diameter,20,Φ20,,,,,"{""theoretical_weight"":2.47,""cross_section_area"":314.2}",GB 1499.1-2024,GB1499.1-2024-5.2-表2,mandatory
VAL-STE-002-109,MAT-STE-002,nominal_diameter,22,Φ22,,,,,"{""theoretical_weight"":2.98,""cross_section_area"":380.1}",GB 1499.1-2024,GB1499.1-2024-5.2-表2,mandatory
VAL-STE-002-110,MAT-STE-002,nominal_diameter,25,Φ25,,,,,"{""theoretical_weight"":3.85,""cross_section_area"":490.9}",GB 1499.1-2024,GB1499.1-2024-5.2-表2,mandatory
VAL-STE-002-201,MAT-STE-002,weight_deviation,±5.5,±5.5%,,,%,"{""d_range"":""6~12""}",,GB 1499.1-2024,GB1499.1-2024-5.4-表4,mandatory
VAL-STE-002-202,MAT-STE-002,weight_deviation,±4.5,±4.5%,,,%,"{""d_range"":""14~20""}",,GB 1499.1-2024,GB1499.1-2024-5.4-表4,mandatory
VAL-STE-008-001,MAT-STE-008,performance_grade,8.8S,8.8S,,,,,"{""tensile_strength"":830,""proof_stress"":660}",GB/T 1231-2024,GB1231-2024-6.2-力学性能,mandatory
VAL-STE-008-002,MAT-STE-008,performance_grade,10.9S,10.9S,,,,,"{""tensile_strength"":1040,""proof_stress"":940}",GB/T 1231-2024,GB1231-2024-6.2-力学性能,mandatory
VAL-STE-008-101,MAT-STE-008,bolt_size,M12,M12,,,,,,GB/T 1231-2024,GB1231-2024-5-规格,mandatory
VAL-STE-008-102,MAT-STE-008,bolt_size,M16,M16,,,,,,GB/T 1231-2024,GB1231-2024-5-规格,mandatory
VAL-STE-008-103,MAT-STE-008,bolt_size,M20,M20,,,,,,GB/T 1231-2024,GB1231-2024-5-规格,mandatory
VAL-STE-008-104,MAT-STE-008,bolt_size,M22,M22,,,,,,GB/T 1231-2024,GB1231-2024-5-规格,mandatory
VAL-STE-008-105,MAT-STE-008,bolt_size,M24,M24,,,,,,GB/T 1231-2024,GB1231-2024-5-规格,mandatory
VAL-STE-008-106,MAT-STE-008,bolt_size,M27,M27,,,,,,GB/T 1231-2024,GB1231-2024-5-规格,mandatory
VAL-STE-008-107,MAT-STE-008,bolt_size,M30,M30,,,,,,GB/T 1231-2024,GB1231-2024-5-规格,mandatory
VAL-MOR-001-001,MAT-MOR-001,strength_grade,M5,M5,,,,,"{""compressive_strength"":5.0}",GB/T 25181-2019,GB25181-2019-5-表4,mandatory
VAL-MOR-001-002,MAT-MOR-001,strength_grade,M7.5,M7.5,,,,,"{""compressive_strength"":7.5}",GB/T 25181-2019,GB25181-2019-5-表4,mandatory
VAL-MOR-001-003,MAT-MOR-001,strength_grade,M10,M10,,,,,"{""compressive_strength"":10.0}",GB/T 25181-2019,GB25181-2019-5-表4,mandatory
VAL-MOR-001-004,MAT-MOR-001,strength_grade,M15,M15,,,,,"{""compressive_strength"":15.0}",GB/T 25181-2019,GB25181-2019-5-表4,mandatory
VAL-MOR-001-005,MAT-MOR-001,strength_grade,M20,M20,,,,,"{""compressive_strength"":20.0}",GB/T 25181-2019,GB25181-2019-5-表4,mandatory
VAL-MOR-001-006,MAT-MOR-001,strength_grade,M25,M25,,,,,"{""compressive_strength"":25.0}",GB/T 25181-2019,GB25181-2019-5-表4,mandatory
VAL-MOR-001-007,MAT-MOR-001,strength_grade,M30,M30,,,,,"{""compressive_strength"":30.0}",GB/T 25181-2019,GB25181-2019-5-表4,mandatory
,MAT-STE-003,steel_grade,Q235B,Q235B,,,,,,GB/T 11263-2024,GB11263-2024-5-牌号,mandatory
,MAT-STE-003,steel_grade,Q355B,Q355B,,,,,,GB/T 11263-2024,GB11263-2024-5-牌号,mandatory
,MAT-STE-003,section_type,HW,HW (宽翼缘),,,,,,GB/T 11263-2024,GB11263-2024-3-分类,mandatory
,MAT-STE-003,section_type,HM,HM (中翼缘),,,,,,GB/T 11263-2024,GB11263-2024-3-分类,mandatory
,MAT-STE-003,section_type,HN,HN (窄翼缘),,,,,,GB/T 11263-2024,GB11263-2024-3-分类,mandatory
,MAT-STE-003,section_height,100,HW100x100 H=100mm,97,103,mm,"{""section_type"": ""HW"", ""section_code"": ""HW100x100"", ""steel_grade"": ""Q235B""}","{""theoretical_weight"": 17.2, ""section_height"": 100, ""flange_width"": 100, ""web_thickness"": 6, ""flange_thickness"": 8}",GB/T 11263-2024,GB11263-2024-Tab1,mandatory
,MAT-STE-003,section_height,125,HW125x125 H=125mm,122,128,mm,"{""section_type"": ""HW"", ""section_code"": ""HW125x125"", ""steel_grade"": ""Q235B""}","{""theoretical_weight"": 23.8, ""section_height"": 125, ""flange_width"": 125, ""web_thickness"": 6.5, ""flange_thickness"": 9}",GB/T 11263-2024,GB11263-2024-Tab1,mandatory
,MAT-STE-003,section_height,150,HW150x150 H=150mm,147,153,mm,"{""section_type"": ""HW"", ""section_code"": ""HW150x150"", ""steel_grade"": ""Q235B""}","{""theoretical_weight"": 31.9, ""section_height"": 150, ""flange_width"": 150, ""web_thickness"": 7, ""flange_thickness"": 10}",GB/T 11263-2024,GB11263-2024-Tab1,mandatory
,MAT-STE-003,section_height,175,HW175x175 H=175mm,172,178,mm,"{""section_type"": ""HW"", ""section_code"": ""HW175x175"", ""steel_grade"": ""Q235B""}","{""theoretical_weight"": 40.3, ""section_height"": 175, ""flange_width"": 175, ""web_thickness"": 7.5, ""flange_thickness"": 11}",GB/T 11263-2024,GB11263-2024-Tab1,mandatory
,MAT-STE-003,section_height,200,HW200x200 H=200mm,197,203,mm,"{""section_type"": ""HW"", ""section_code"": ""HW200x200"", ""steel_grade"": ""Q235B""}","{""theoretical_weight"": 50.5, ""section_height"": 200, ""flange_width"": 200, ""web_thickness"": 8, ""flange_thickness"": 12}",GB/T 11263-2024,GB11263-2024-Tab1,mandatory
,MAT-STE-003,section_height,204,HW200x200 H=204mm,201,207,mm,"{""section_type"": ""HW"", ""section_code"": ""HW200x200"", ""steel_grade"": ""Q235B""}","{""theoretical_weight"": 56.7, ""section_height"": 204, ""flange_width"": 200, ""web_thickness"": 12, ""flange_thickness"": 12}",GB/T 11263-2024,GB11263-2024-Tab1,mandatory
,MAT-STE-003,section_height,250,HW250x250 H=250mm,247,253,mm,"{""section_type"": ""HW"", ""section_code"": ""HW250x250"", ""steel_grade"": ""Q235B""}","{""theoretical_weight"": 72.4, ""section_height"": 250, ""flange_width"": 250, ""web_thickness"": 9, ""flange_thickness"": 14}",GB/T 11263-2024,GB11263-2024-Tab1,mandatory
,MAT-STE-003,section_height,255,HW250x250 H=255mm,252,258,mm,"{""section_type"": ""HW"", ""section_code"": ""HW250x250"", ""steel_grade"": ""Q235B""}","{""theoretical_weight"": 82.2, ""section_height"": 255, ""flange_width"": 250, ""web_thickness"": 14, ""flange_thickness"": 14}",GB/T 11263-2024,GB11263-2024-Tab1,mandatory
,MAT-STE-003,section_height,294,HW300x300 H=294mm,291,297,mm,"{""section_type"": ""HW"", ""section_code"": ""HW300x300"", ""steel_grade"": ""Q235B""}","{""theoretical_weight"": 85.0, ""section_height"": 294, ""flange_width"": 302, ""web_thickness"": 12, ""flange_thickness"": 12}",GB/T 11263-2024,GB11263-2024-Tab1,mandatory
,MAT-STE-003,section_height,300,HW300x300 H=300mm,297,303,mm,"{""section_type"": ""HW"", ""section_code"": ""HW300x300"", ""steel_grade"": ""Q235B""}","{""theoretical_weight"": 94.5, ""section_height"": 300, ""flange_width"": 300, ""web_thickness"": 10, ""flange_thickness"": 15}",GB/T 11263-2024,GB11263-2024-Tab1,mandatory
,MAT-STE-003,section_height,300,HW300x300 H=300mm,297,303,mm,"{""section_type"": ""HW"", ""section_code"": ""HW300x300"", ""steel_grade"": ""Q235B""}","{""theoretical_weight"": 106, ""section_height"": 300, ""flange_width"": 305, ""web_thickness"": 15, ""flange_thickness"": 15}",GB/T 11263-2024,GB11263-2024-Tab1,mandatory
,MAT-STE-003,section_height,350,HW350x350 H=350mm,347,353,mm,"{""section_type"": ""HW"", ""section_code"": ""HW350x350"", ""steel_grade"": ""Q235B""}","{""theoretical_weight"": 137, ""section_height"": 350, ""flange_width"": 350, ""web_thickness"": 12, ""flange_thickness"": 19}",GB/T 11263-2024,GB11263-2024-Tab1,mandatory
,MAT-STE-003,section_height,400,HW400x400 H=400mm,397,403,mm,"{""section_type"": ""HW"", ""section_code"": ""HW400x400"", ""steel_grade"": ""Q235B""}","{""theoretical_weight"": 172, ""section_height"": 400, ""flange_width"": 400, ""web_thickness"": 13, ""flange_thickness"": 21}",GB/T 11263-2024,GB11263-2024-Tab1,mandatory
,MAT-STE-003,section_height,414,HW400x400 H=414mm,411,417,mm,"{""section_type"": ""HW"", ""section_code"": ""HW400x400"", ""steel_grade"": ""Q235B""}","{""theoretical_weight"": 233, ""section_height"": 414, ""flange_width"": 405, ""web_thickness"": 18, ""flange_thickness"": 28}",GB/T 11263-2024,GB11263-2024-Tab1,mandatory
,MAT-STE-003,section_height,148,HM150x100 H=148mm,145,151,mm,"{""section_type"": ""HM"", ""section_code"": ""HM150x100"", ""steel_grade"": ""Q235B""}","{""theoretical_weight"": 21.4, ""section_height"": 148, ""flange_width"": 100, ""web_thickness"": 6, ""flange_thickness"": 9}",GB/T 11263-2024,GB11263-2024-Tab1,mandatory
,MAT-STE-003,section_height,194,HM200x150 H=194mm,191,197,mm,"{""section_type"": ""HM"", ""section_code"": ""HM200x150"", ""steel_grade"": ""Q235B""}","{""theoretical_weight"": 31.2, ""section_height"": 194, ""flange_width"": 150, ""web_thickness"": 6, ""flange_thickness"": 9}",GB/T 11263-2024,GB11263-2024-Tab1,mandatory
,MAT-STE-003,section_height,244,HM250x175 H=244mm,241,247,mm,"{""section_type"": ""HM"", ""section_code"": ""HM250x175"", ""steel_grade"": ""Q235B""}","{""theoretical_weight"": 44.1, ""section_height"": 244, ""flange_width"": 175, ""web_thickness"": 7, ""flange_thickness"": 11}",GB/T 11263-2024,GB11263-2024-Tab1,mandatory
,MAT-STE-003,section_height,294,HM300x200 H=294mm,291,297,mm,"{""section_type"": ""HM"", ""section_code"": ""HM300x200"", ""steel_grade"": ""Q235B""}","{""theoretical_weight"": 57.3, ""section_height"": 294, ""flange_width"": 200, ""web_thickness"": 8, ""flange_thickness"": 12}",GB/T 11263-2024,GB11263-2024-Tab1,mandatory
,MAT-STE-003,section_height,340,HM350x250 H=340mm,337,343,mm,"{""section_type"": ""HM"", ""section_code"": ""HM350x250"", ""steel_grade"": ""Q235B""}","{""theoretical_weight"": 79.7, ""section_height"": 340, ""flange_width"": 250, ""web_thickness"": 9, ""flange_thickness"": 14}",GB/T 11263-2024,GB11263-2024-Tab1,mandatory
,MAT-STE-003,section_height,390,HM400x300 H=390mm,387,393,mm,"{""section_type"": ""HM"", ""section_code"": ""HM400x300"", ""steel_grade"": ""Q235B""}","{""theoretical_weight"": 107, ""section_height"": 390, ""flange_width"": 300, ""web_thickness"": 10, ""flange_thickness"": 16}",GB/T 11263-2024,GB11263-2024-Tab1,mandatory
,MAT-STE-003,section_height,440,HM450x300 H=440mm,437,443,mm,"{""section_type"": ""HM"", ""section_code"": ""HM450x300"", ""steel_grade"": ""Q235B""}","{""theoretical_weight"": 124, ""section_height"": 440, ""flange_width"": 300, ""web_thickness"": 11, ""flange_thickness"": 18}",GB/T 11263-2024,GB11263-2024-Tab1,mandatory
,MAT-STE-003,section_height,488,HM500x300 H=488mm,485,491,mm,"{""section_type"": ""HM"", ""section_code"": ""HM500x300"", ""steel_grade"": ""Q235B""}","{""theoretical_weight"": 129, ""section_height"": 488, ""flange_width"": 300, ""web_thickness"": 11, ""flange_thickness"": 18}",GB/T 11263-2024,GB11263-2024-Tab1,mandatory
,MAT-STE-003,section_height,588,HM600x300 H=588mm,585,591,mm,"{""section_type"": ""HM"", ""section_code"": ""HM600x300"", ""steel_grade"": ""Q235B""}","{""theoretical_weight"": 151, ""section_height"": 588, ""flange_width"": 300, ""web_thickness"": 12, ""flange_thickness"": 20}",GB/T 11263-2024,GB11263-2024-Tab1,mandatory
,MAT-STE-003,section_height,100,HN100x50 H=100mm,97,103,mm,"{""section_type"": ""HN"", ""section_code"": ""HN100x50"", ""steel_grade"": ""Q235B""}","{""theoretical_weight"": 9.54, ""section_height"": 100, ""flange_width"": 50, ""web_thickness"": 5, ""flange_thickness"": 7}",GB/T 11263-2024,GB11263-2024-Tab1,mandatory
,MAT-STE-003,section_height,125,HN125x60 H=125mm,122,128,mm,"{""section_type"": ""HN"", ""section_code"": ""HN125x60"", ""steel_grade"": ""Q235B""}","{""theoretical_weight"": 13.3, ""section_height"": 125, ""flange_width"": 60, ""web_thickness"": 6, ""flange_thickness"": 8}",GB/T 11263-2024,GB11263-2024-Tab1,mandatory
,MAT-STE-003,section_height,150,HN150x75 H=150mm,147,153,mm,"{""section_type"": ""HN"", ""section_code"": ""HN150x75"", ""steel_grade"": ""Q235B""}","{""theoretical_weight"": 14.3, ""section_height"": 150, ""flange_width"": 75, ""web_thickness"": 5, ""flange_thickness"": 7}",GB/T 11263-2024,GB11263-2024-Tab1,mandatory
,MAT-STE-003,section_height,175,HN175x90 H=175mm,172,178,mm,"{""section_type"": ""HN"", ""section_code"": ""HN175x90"", ""steel_grade"": ""Q235B""}","{""theoretical_weight"": 18.2, ""section_height"": 175, ""flange_width"": 90, ""web_thickness"": 5, ""flange_thickness"": 8}",GB/T 11263-2024,GB11263-2024-Tab1,mandatory
,MAT-STE-003,section_height,198,HN200x100 H=198mm,195,201,mm,"{""section_type"": ""HN"", ""section_code"": ""HN200x100"", ""steel_grade"": ""Q235B""}","{""theoretical_weight"": 18.5, ""section_height"": 198, ""flange_width"": 99, ""web_thickness"": 4.5, ""flange_thickness"": 7}",GB/T 11263-2024,GB11263-2024-Tab1,mandatory
,MAT-STE-003,section_height,248,HN250x125 H=248mm,245,251,mm,"{""section_type"": ""HN"", ""section_code"": ""HN250x125"", ""steel_grade"": ""Q235B""}","{""theoretical_weight"": 25.8, ""section_height"": 248, ""flange_width"": 124, ""web_thickness"": 5, ""flange_thickness"": 8}",GB/T 11263-2024,GB11263-2024-Tab1,mandatory
,MAT-STE-003,section_height,298,HN300x150 H=298mm,295,301,mm,"{""section_type"": ""HN"", ""section_code"": ""HN300x150"", ""steel_grade"": ""Q235B""}","{""theoretical_weight"": 32.6, ""section_height"": 298, ""flange_width"": 149, ""web_thickness"": 5.5, ""flange_thickness"": 8}",GB/T 11263-2024,GB11263-2024-Tab1,mandatory
,MAT-STE-003,section_height,346,HN350x175 H=346mm,343,349,mm,"{""section_type"": ""HN"", ""section_code"": ""HN350x175"", ""steel_grade"": ""Q235B""}","{""theoretical_weight"": 41.8, ""section_height"": 346, ""flange_width"": 174, ""web_thickness"": 6, ""flange_thickness"": 9}",GB/T 11263-2024,GB11263-2024-Tab1,mandatory
,MAT-STE-003,section_height,396,HN400x200 H=396mm,393,399,mm,"{""section_type"": ""HN"", ""section_code"": ""HN400x200"", ""steel_grade"": ""Q235B""}","{""theoretical_weight"": 56.7, ""section_height"": 396, ""flange_width"": 199, ""web_thickness"": 7, ""flange_thickness"": 11}",GB/T 11263-2024,GB11263-2024-Tab1,mandatory
,MAT-STE-003,section_height,446,HN450x200 H=446mm,443,449,mm,"{""section_type"": ""HN"", ""section_code"": ""HN450x200"", ""steel_grade"": ""Q235B""}","{""theoretical_weight"": 66.7, ""section_height"": 446, ""flange_width"": 199, ""web_thickness"": 8, ""flange_thickness"": 12}",GB/T 11263-2024,GB11263-2024-Tab1,mandatory
,MAT-STE-003,section_height,496,HN500x200 H=496mm,493,499,mm,"{""section_type"": ""HN"", ""section_code"": ""HN500x200"", ""steel_grade"": ""Q235B""}","{""theoretical_weight"": 79.5, ""section_height"": 496, ""flange_width"": 199, ""web_thickness"": 9, ""flange_thickness"": 14}",GB/T 11263-2024,GB11263-2024-Tab1,mandatory
,MAT-STE-003,section_height,596,HN600x200 H=596mm,593,599,mm,"{""section_type"": ""HN"", ""section_code"": ""HN600x200"", ""steel_grade"": ""Q235B""}","{""theoretical_weight"": 95.1, ""section_height"": 596, ""flange_width"": 199, ""web_thickness"": 10, ""flange_thickness"": 15}",GB/T 11263-2024,GB11263-2024-Tab1,mandatory
,MAT-STE-003,section_height,700,HN700x300 H=700mm,697,703,mm,"{""section_type"": ""HN"", ""section_code"": ""HN700x300"", ""steel_grade"": ""Q235B""}","{""theoretical_weight"": 185, ""section_height"": 700, ""flange_width"": 300, ""web_thickness"": 13, ""flange_thickness"": 24}",GB/T 11263-2024,GB11263-2024-Tab1,mandatory
,MAT-STE-003,section_height,800,HN800x300 H=800mm,797,803,mm,"{""section_type"": ""HN"", ""section_code"": ""HN800x300"", ""steel_grade"": ""Q235B""}","{""theoretical_weight"": 210, ""section_height"": 800, ""flange_width"": 300, ""web_thickness"": 14, ""flange_thickness"": 26}",GB/T 11263-2024,GB11263-2024-Tab1,mandatory
,MAT-STE-003,section_height,900,HN900x300 H=900mm,897,903,mm,"{""section_type"": ""HN"", ""section_code"": ""HN900x300"", ""steel_grade"": ""Q235B""}","{""theoretical_weight"": 243, ""section_height"": 900, ""flange_width"": 300, ""web_thickness"": 16, ""flange_thickness"": 28}",GB/T 11263-2024,GB11263-2024-Tab1,mandatory
,MAT-STE-003,section_height,200,HW200x200 H=200mm,197,203,mm,"{""section_type"": ""HW"", ""section_code"": ""HW200x200"", ""steel_grade"": ""Q355B""}","{""theoretical_weight"": 50.5, ""section_height"": 200, ""flange_width"": 200, ""web_thickness"": 8, ""flange_thickness"": 12}",GB/T 11263-2024,GB11263-2024-Tab1,mandatory
,MAT-STE-003,section_height,250,HW250x250 H=250mm,247,253,mm,"{""section_type"": ""HW"", ""section_code"": ""HW250x250"", ""steel_grade"": ""Q355B""}","{""theoretical_weight"": 72.4, ""section_height"": 250, ""flange_width"": 250, ""web_thickness"": 9, ""flange_thickness"": 14}",GB/T 11263-2024,GB11263-2024-Tab1,mandatory
,MAT-STE-003,section_height,300,HW300x300 H=300mm,297,303,mm,"{""section_type"": ""HW"", ""section_code"": ""HW300x300"", ""steel_grade"": ""Q355B""}","{""theoretical_weight"": 94.5, ""section_height"": 300, ""flange_width"": 300, ""web_thickness"": 10, ""flange_thickness"": 15}",GB/T 11263-2024,GB11263-2024-Tab1,mandatory
,MAT-STE-003,section_height,294,HM300x200 H=294mm,291,297,mm,"{""section_type"": ""HM"", ""section_code"": ""HM300x200"", ""steel_grade"": ""Q355B""}","{""theoretical_weight"": 57.3, ""section_height"": 294, ""flange_width"": 200, ""web_thickness"": 8, ""flange_thickness"": 12}",GB/T 11263-2024,GB11263-2024-Tab1,mandatory
,MAT-STE-003,section_height,390,HM400x300 H=390mm,387,393,mm,"{""section_type"": ""HM"", ""section_code"": ""HM400x300"", ""steel_grade"": ""Q355B""}","{""theoretical_weight"": 107, ""section_height"": 390, ""flange_width"": 300, ""web_thickness"": 10, ""flange_thickness"": 16}",GB/T 11263-2024,GB11263-2024-Tab1,mandatory
,MAT-STE-003,section_height,396,HN400x200 H=396mm,393,399,mm,"{""section_type"": ""HN"", ""section_code"": ""HN400x200"", ""steel_grade"": ""Q355B""}","{""theoretical_weight"": 56.7, ""section_height"": 396, ""flange_width"": 199, ""web_thickness"": 7, ""flange_thickness"": 11}",GB/T 11263-2024,GB11263-2024-Tab1,mandatory
,MAT-STE-003,section_height,496,HN500x200 H=496mm,493,499,mm,"{""section_type"": ""HN"", ""section_code"": ""HN500x200"", ""steel_grade"": ""Q355B""}","{""theoretical_weight"": 79.5, ""section_height"": 496, ""flange_width"": 199, ""web_thickness"": 9, ""flange_thickness"": 14}",GB/T 11263-2024,GB11263-2024-Tab1,mandatory
,MAT-MOR-001,consistency,90,90mm,70,110,mm,,,GB/T 25181-2019,GB25181-2019-5-表3,mandatory
,MAT-MOR-001,water_retention,88,≥88%,88,100,%,,,GB/T 25181-2019,GB25181-2019-5-表3,mandatory
,MAT-MOR-001,setting_time,3,3~9h,3,9,h,,,GB/T 25181-2019,GB25181-2019-5-表5,mandatory
,MAT-MOR-002,strength_grade,M5,M5,,,,,"{""compressive_strength"": 5.0, ""tensile_bond"": 0.15}",GB/T 25181-2019,GB25181-2019-4-分类,mandatory
,MAT-MOR-002,strength_grade,M7.5,M7.5,,,,,"{""compressive_strength"": 7.5, ""tensile_bond"": 0.2}",GB/T 25181-2019,GB25181-2019-4-分类,mandatory
,MAT-MOR-002,strength_grade,M10,M10,,,,,"{""compressive_strength"": 10.0, ""tensile_bond"": 0.2}",GB/T 25181-2019,GB25181-2019-4-分类,mandatory
,MAT-MOR-002,strength_grade,M15,M15,,,,,"{""compressive_strength"": 15.0, ""tensile_bond"": 0.2}",GB/T 25181-2019,GB25181-2019-4-分类,mandatory
,MAT-MOR-002,strength_grade,M20,M20,,,,,"{""compressive_strength"": 20.0, ""tensile_bond"": 0.25}",GB/T 25181-2019,GB25181-2019-4-分类,mandatory
,MAT-MOR-002,consistency,90,90mm,80,110,mm,,,GB/T 25181-2019,GB25181-2019-5-表3,mandatory
,MAT-MOR-002,water_retention,92,≥92%,92,100,%,,,GB/T 25181-2019,GB25181-2019-5-表3,mandatory
,MAT-MOR-002,setting_time,3,3~9h,3,9,h,,,GB/T 25181-2019,GB25181-2019-5-表5,mandatory
,MAT-MOR-003,strength_grade,M15,M15,,,,,"{""compressive_strength"": 15.0}",GB/T 25181-2019,GB25181-2019-4-分类,mandatory
,MAT-MOR-003,strength_grade,M20,M20,,,,,"{""compressive_strength"": 20.0}",GB/T 25181-2019,GB25181-2019-4-分类,mandatory
,MAT-MOR-003,strength_grade,M25,M25,,,,,"{""compressive_strength"": 25.0}",GB/T 25181-2019,GB25181-2019-4-分类,mandatory
,MAT-MOR-003,consistency,50,50mm,45,55,mm,,,GB/T 25181-2019,GB25181-2019-5-表3,mandatory
,MAT-MOR-003,water_retention,88,≥88%,88,100,%,,,GB/T 25181-2019,GB25181-2019-5-表3,mandatory
,MAT-MOR-003,setting_time,3,3~9h,3,9,h,,,GB/T 25181-2019,GB25181-2019-5-表5,mandatory
,MAT-BRI-002,strength_grade,MU10,MU10,,,,,"{""compressive_strength_avg"": 10.0, ""compressive_strength_std"": 6.5}",GB 13544-2011,GB13544-2011-表4,mandatory
,MAT-BRI-002,strength_grade,MU15,MU15,,,,,"{""compressive_strength_avg"": 15.0, ""compressive_strength_std"": 10.0}",GB 13544-2011,GB13544-2011-表4,mandatory
,MAT-BRI-002,strength_grade,MU20,MU20,,,,,"{""compressive_strength_avg"": 20.0, ""compressive_strength_std"": 14.0}",GB 13544-2011,GB13544-2011-表4,mandatory
,MAT-BRI-002,strength_grade,MU25,MU25,,,,,"{""compressive_strength_avg"": 25.0, ""compressive_strength_std"": 18.0}",GB 13544-2011,GB13544-2011-表4,mandatory
,MAT-BRI-002,strength_grade,MU30,MU30,,,,,"{""compressive_strength_avg"": 30.0, ""compressive_strength_std"": 22.0}",GB 13544-2011,GB13544-2011-表4,mandatory
,MAT-BRI-002,density_grade,900,密度900级,800,900,kg/m³,,,GB 13544-2011,GB13544-2011-表3,mandatory
,MAT-BRI-002,density_grade,1000,密度1000级,900,1000,kg/m³,,,GB 13544-2011,GB13544-2011-表3,mandatory
,MAT-BRI-002,density_grade,1100,密度1100级,1000,1100,kg/m³,,,GB 13544-2011,GB13544-2011-表3,mandatory
,MAT-BRI-002,density_grade,1200,密度1200级,1100,1200,kg/m³,,,GB 13544-2011,GB13544-2011-表3,mandatory
,MAT-BRI-002,density_grade,1300,密度1300级,1200,1300,kg/m³,,,GB 13544-2011,GB13544-2011-表3,mandatory
,MAT-BRI-002,hole_rate,28,≥28%(砖),28,45,%,,,GB 13544-2011,GB13544-2011-表5,mandatory
,MAT-BRI-002,product_type,粘土,粘土烧结多孔砖,,,,,,GB 13544-2011,GB13544-2011-4.1,mandatory
,MAT-BRI-002,product_type,粉煤灰,粉煤灰烧结多孔砖,,,,,,GB 13544-2011,GB13544-2011-4.1,mandatory
,MAT-BRI-002,product_type,页岩,页岩烧结多孔砖,,,,,,GB 13544-2011,GB13544-2011-4.1,mandatory
,MAT-BRI-002,product_type,煤矸石,煤矸石烧结多孔砖,,,,,,GB 13544-2011,GB13544-2011-4.1,mandatory
,MAT-BRI-002,length,290,290mm,287,293,mm,,,GB 13544-2011,GB13544-2011-表1,mandatory
,MAT-BRI-002,width,140,140mm,138,142,mm,,,GB 13544-2011,GB13544-2011-表1,mandatory
,MAT-BRI-002,height,90,90mm,88,92,mm,,,GB 13544-2011,GB13544-2011-表1,mandatory
,MAT-BLO-002,strength_grade,MU2.5,MU2.5,,,,,"{""compressive_strength_avg"": 2.5, ""compressive_strength_min"": 2.0, ""max_density_grade"": 800}",GB/T 15229-2011,GB15229-2011-表3,mandatory
,MAT-BLO-002,strength_grade,MU3.5,MU3.5,,,,,"{""compressive_strength_avg"": 3.5, ""compressive_strength_min"": 2.8, ""max_density_grade"": 1000}",GB/T 15229-2011,GB15229-2011-表3,mandatory
,MAT-BLO-002,strength_grade,MU5.0,MU5.0,,,,,"{""compressive_strength_avg"": 5.0, ""compressive_strength_min"": 4.0, ""max_density_grade"": 1200}",GB/T 15229-2011,GB15229-2011-表3,mandatory
,MAT-BLO-002,strength_grade,MU7.5,MU7.5,,,,,"{""compressive_strength_avg"": 7.5, ""compressive_strength_min"": 6.0, ""max_density_grade"": 1400}",GB/T 15229-2011,GB15229-2011-表3,mandatory
,MAT-BLO-002,density_grade,700,密度700级,610,700,kg/m³,,,GB/T 15229-2011,GB15229-2011-表2,mandatory
,MAT-BLO-002,density_grade,800,密度800级,710,800,kg/m³,,,GB/T 15229-2011,GB15229-2011-表2,mandatory
,MAT-BLO-002,density_grade,900,密度900级,810,900,kg/m³,,,GB/T 15229-2011,GB15229-2011-表2,mandatory
,MAT-BLO-002,density_grade,1000,密度1000级,910,1000,kg/m³,,,GB/T 15229-2011,GB15229-2011-表2,mandatory
,MAT-BLO-002,density_grade,1100,密度1100级,1010,1100,kg/m³,,,GB/T 15229-2011,GB15229-2011-表2,mandatory
,MAT-BLO-002,density_grade,1200,密度1200级,1110,1200,kg/m³,,,GB/T 15229-2011,GB15229-2011-表2,mandatory
,MAT-BLO-002,density_grade,1300,密度1300级,1210,1300,kg/m³,,,GB/T 15229-2011,GB15229-2011-表2,mandatory
,MAT-BLO-002,density_grade,1400,密度1400级,1310,1400,kg/m³,,,GB/T 15229-2011,GB15229-2011-表2,mandatory
,MAT-BLO-002,water_absorption,18,≤18%,0,18,%,,,GB/T 15229-2011,GB15229-2011-5.4.1,mandatory
,MAT-BLO-002,freeze_thaw_grade,D15,D15,,,,,,GB/T 15229-2011,GB15229-2011-表5,mandatory
,MAT-BLO-002,freeze_thaw_grade,D25,D25,,,,,,GB/T 15229-2011,GB15229-2011-表5,mandatory
,MAT-BLO-002,freeze_thaw_grade,D35,D35,,,,,,GB/T 15229-2011,GB15229-2011-表5,mandatory
,MAT-BLO-002,freeze_thaw_grade,D50,D50,,,,,,GB/T 15229-2011,GB15229-2011-表5,mandatory
,MAT-WAP-003,product_type,I,I型(通用),,,,,"{""tensile_strength"": 2.0, ""elongation"": 500, ""tear_strength"": 15}",GB/T 19250-2013,GB19250-2013-表1,mandatory
,MAT-WAP-003,product_type,II,II型(高强度),,,,,"{""tensile_strength"": 6.0, ""elongation"": 450, ""tear_strength"": 30}",GB/T 19250-2013,GB19250-2013-表1,mandatory
,MAT-WAP-003,product_type,III,III型(超高强度),,,,,"{""tensile_strength"": 12.0, ""elongation"": 250, ""tear_strength"": 40}",GB/T 19250-2013,GB19250-2013-表1,mandatory
,MAT-WAP-003,component_type,单组分,单组分,,,,,,GB/T 19250-2013,GB19250-2013-4.2,mandatory
,MAT-WAP-003,component_type,双组分,双组分,,,,,,GB/T 19250-2013,GB19250-2013-4.2,mandatory
,MAT-WAP-003,env_class,A类,A类(VOC≤50g/L),,,,,"{""voc_limit"": ""50""}",GB/T 19250-2013,GB19250-2013-表3,optional
,MAT-WAP-003,env_class,B类,B类(VOC≤200g/L),,,,,"{""voc_limit"": ""200""}",GB/T 19250-2013,GB19250-2013-表3,optional
,MAT-WAP-003,combustion_grade,B2-E,"B2-E(点火15s,Fs≤150mm)",,,,,,GB/T 19250-2013,GB19250-2013-表1,mandatory
,MAT-WAP-003,bond_strength,1.0,≥1.0MPa,1.0,,MPa,,,GB/T 19250-2013,GB19250-2013-表1,mandatory
VAL-VALV002-DN50,MAT-VALV-002,dn,50,DN50,,,,"{""min_seat_dia"": 44}",,GB/T 12238-2008,GB12238-2008-4.8-表2,mandatory
VAL-VALV002-DN65,MAT-VALV-002,dn,65,DN65,,,,"{""min_seat_dia"": 55}",,GB/T 12238-2008,GB12238-2008-4.8-表2,mandatory
VAL-VALV002-DN80,MAT-VALV-002,dn,80,DN80,,,,"{""min_seat_dia"": 69}",,GB/T 12238-2008,GB12238-2008-4.8-表2,mandatory
VAL-VALV002-DN100,MAT-VALV-002,dn,100,DN100,,,,"{""min_seat_dia"": 88}",,GB/T 12238-2008,GB12238-2008-4.8-表2,mandatory
VAL-VALV002-DN125,MAT-VALV-002,dn,125,DN125,,,,"{""min_seat_dia"": 117}",,GB/T 12238-2008,GB12238-2008-4.8-表2,mandatory
VAL-VALV002-DN150,MAT-VALV-002,dn,150,DN150,,,,"{""min_seat_dia"": 138}",,GB/T 12238-2008,GB12238-2008-4.8-表2,mandatory
VAL-VALV002-DN200,MAT-VALV-002,dn,200,DN200,,,,"{""min_seat_dia"": 185}",,GB/T 12238-2008,GB12238-2008-4.8-表2,mandatory
VAL-VALV002-DN250,MAT-VALV-002,dn,250,DN250,,,,"{""min_seat_dia"": 230}",,GB/T 12238-2008,GB12238-2008-4.8-表2,mandatory
VAL-VALV002-DN300,MAT-VALV-002,dn,300,DN300,,,,"{""min_seat_dia"": 275}",,GB/T 12238-2008,GB12238-2008-4.8-表2,mandatory
VAL-VALV002-DN350,MAT-VALV-002,dn,350,DN350,,,,"{""min_seat_dia"": 321}",,GB/T 12238-2008,GB12238-2008-4.8-表2,mandatory
VAL-VALV002-DN400,MAT-VALV-002,dn,400,DN400,,,,"{""min_seat_dia"": 371}",,GB/T 12238-2008,GB12238-2008-4.8-表2,mandatory
VAL-VALV002-DN450,MAT-VALV-002,dn,450,DN450,,,,"{""min_seat_dia"": 422}",,GB/T 12238-2008,GB12238-2008-4.8-表2,mandatory
VAL-VALV002-DN500,MAT-VALV-002,dn,500,DN500,,,,"{""min_seat_dia"": 472}",,GB/T 12238-2008,GB12238-2008-4.8-表2,mandatory
VAL-VALV002-DN600,MAT-VALV-002,dn,600,DN600,,,,"{""min_seat_dia"": 575}",,GB/T 12238-2008,GB12238-2008-4.8-表2,mandatory
VAL-VALV002-DN700,MAT-VALV-002,dn,700,DN700,,,,"{""min_seat_dia"": 670}",,GB/T 12238-2008,GB12238-2008-4.8-表2,mandatory
VAL-VALV002-DN800,MAT-VALV-002,dn,800,DN800,,,,"{""min_seat_dia"": 770}",,GB/T 12238-2008,GB12238-2008-4.8-表2,mandatory
VAL-VALV002-DN900,MAT-VALV-002,dn,900,DN900,,,,"{""min_seat_dia"": 870}",,GB/T 12238-2008,GB12238-2008-4.8-表2,mandatory
VAL-VALV002-DN1000,MAT-VALV-002,dn,1000,DN1000,,,,"{""min_seat_dia"": 970}",,GB/T 12238-2008,GB12238-2008-4.8-表2,mandatory
VAL-VALV002-DN1200,MAT-VALV-002,dn,1200,DN1200,,,,"{""min_seat_dia"": 1160}",,GB/T 12238-2008,GB12238-2008-4.8-表2,mandatory
VAL-VALV002-DN1400,MAT-VALV-002,dn,1400,DN1400,,,,"{""min_seat_dia"": 1360}",,GB/T 12238-2008,GB12238-2008-4.8-表2,mandatory
VAL-VALV002-DN1600,MAT-VALV-002,dn,1600,DN1600,,,,"{""min_seat_dia"": 1560}",,GB/T 12238-2008,GB12238-2008-4.8-表2,mandatory
VAL-VALV002-DN1800,MAT-VALV-002,dn,1800,DN1800,,,,"{""min_seat_dia"": 1760}",,GB/T 12238-2008,GB12238-2008-4.8-表2,mandatory
VAL-VALV002-DN2000,MAT-VALV-002,dn,2000,DN2000,,,,"{""min_seat_dia"": 1950}",,GB/T 12238-2008,GB12238-2008-4.8-表2,mandatory
VAL-VALV002-PN2.5,MAT-VALV-002,pn,PN2.5,PN2.5,,,,,,GB/T 12238-2008,GB12238-2008-4.1,mandatory
VAL-VALV002-PN6,MAT-VALV-002,pn,PN6,PN6,,,,,,GB/T 12238-2008,GB12238-2008-4.1,mandatory
VAL-VALV002-PN10,MAT-VALV-002,pn,PN10,PN10,,,,,,GB/T 12238-2008,GB12238-2008-4.1,mandatory
VAL-VALV002-PN16,MAT-VALV-002,pn,PN16,PN16,,,,,,GB/T 12238-2008,GB12238-2008-4.1,mandatory
VAL-VALV002-PN25,MAT-VALV-002,pn,PN25,PN25,,,,,,GB/T 12238-2008,GB12238-2008-4.1,mandatory
VAL-VALV002-CT法兰,MAT-VALV-002,connection_type,法兰,法兰连接,,,,,,GB/T 12238-2008,GB12238-2008-3,mandatory
VAL-VALV002-CT对夹,MAT-VALV-002,connection_type,对夹,对夹连接,,,,,,GB/T 12238-2008,GB12238-2008-3,mandatory
VAL-VALV002-CT单法,MAT-VALV-002,connection_type,单法兰,单法兰对夹,,,,,,GB/T 12238-2008,GB12238-2008-3,mandatory
VAL-VALV002-CTU型,MAT-VALV-002,connection_type,U型法兰,U型法兰对夹,,,,,,GB/T 12238-2008,GB12238-2008-3,mandatory
VAL-VALV002-BMHT200,MAT-VALV-002,body_material,HT200,灰铸铁HT200,,,,,,GB/T 12238-2008,GB12238-2008-5.2,mandatory
VAL-VALV002-BMQT400-,MAT-VALV-002,body_material,QT400-15,球墨铸铁,,,,,,GB/T 12238-2008,GB12238-2008-5.2,mandatory
VAL-VALV002-BMWCB,MAT-VALV-002,body_material,WCB,碳素钢铸件WCB,,,,,,GB/T 12238-2008,GB12238-2008-5.2,mandatory
VAL-VALV002-BMCF8,MAT-VALV-002,body_material,CF8,不锈钢铸件304,,,,,,GB/T 12238-2008,GB12238-2008-5.2,mandatory
VAL-VALV002-SM铜合,MAT-VALV-002,seat_material,铜合金,铜合金密封,,,,,,GB/T 12238-2008,GB12238-2008-5.4,mandatory
VAL-VALV002-SM不锈,MAT-VALV-002,seat_material,不锈钢,不锈钢密封,,,,,,GB/T 12238-2008,GB12238-2008-5.4,mandatory
VAL-VALV002-OT手动,MAT-VALV-002,operation_type,手动,手动操作,,,,,,GB/T 12238-2008,GB12238-2008-4.9,optional
VAL-VALV002-OT电动,MAT-VALV-002,operation_type,电动,电动执行器,,,,,,GB/T 12238-2008,GB12238-2008-4.9,optional
VAL-VALV002-OT液动,MAT-VALV-002,operation_type,液动,液压驱动,,,,,,GB/T 12238-2008,GB12238-2008-4.9,optional
VAL-VALV002-OT气动,MAT-VALV-002,operation_type,气动,气动执行器,,,,,,GB/T 12238-2008,GB12238-2008-4.9,optional
VAL-STE007-SG01,MAT-STE-007,steel_grade,Q195,Q195,,,,"{""tensile_strength"": 315, ""yield_strength"": 195, ""elongation"": 20}",,GB/T 3091-2025,GB3091-2025-6.5-表6,mandatory
VAL-STE007-SG02,MAT-STE-007,steel_grade,Q215A,Q215A,,,,"{""tensile_strength"": 335, ""yield_strength"": 215, ""elongation"": 20}",,GB/T 3091-2025,GB3091-2025-6.5-表6,mandatory
VAL-STE007-SG03,MAT-STE-007,steel_grade,Q215B,Q215B,,,,"{""tensile_strength"": 335, ""yield_strength"": 215, ""elongation"": 20}",,GB/T 3091-2025,GB3091-2025-6.5-表6,mandatory
VAL-STE007-SG04,MAT-STE-007,steel_grade,Q235A,Q235A,,,,"{""tensile_strength"": 370, ""yield_strength"": 235, ""elongation"": 18}",,GB/T 3091-2025,GB3091-2025-6.5-表6,mandatory
VAL-STE007-SG05,MAT-STE-007,steel_grade,Q235B,Q235B,,,,"{""tensile_strength"": 370, ""yield_strength"": 235, ""elongation"": 18}",,GB/T 3091-2025,GB3091-2025-6.5-表6,mandatory
VAL-STE007-SG06,MAT-STE-007,steel_grade,Q275A,Q275A,,,,"{""tensile_strength"": 410, ""yield_strength"": 275, ""elongation"": 18}",,GB/T 3091-2025,GB3091-2025-6.5-表6,mandatory
VAL-STE007-SG07,MAT-STE-007,steel_grade,Q275B,Q275B,,,,"{""tensile_strength"": 410, ""yield_strength"": 275, ""elongation"": 18}",,GB/T 3091-2025,GB3091-2025-6.5-表6,mandatory
VAL-STE007-SG08,MAT-STE-007,steel_grade,Q355B,Q355B,,,,"{""tensile_strength"": 470, ""yield_strength"": 345, ""elongation"": 18}",,GB/T 3091-2025,GB3091-2025-6.5-表6,mandatory
VAL-STE007-GC300,MAT-STE-007,galv_coating,300,300g/m²标准镀锌,,,,,,GB/T 3091-2025,GB3091-2025-6.10.2,optional
VAL-STE007-GC500,MAT-STE-007,galv_coating,500,500g/m²加厚镀锌,,,,,,GB/T 3091-2025,GB3091-2025-6.10.2,optional
VSEA-0001,MAT-SEA-001,type,SR,硅酮密封胶(SR),,,,,,GB/T 14683-2017,GB14683-2017-4,mandatory
VSEA-0002,MAT-SEA-001,type,MS,改性硅酮密封胶(MS),,,,,,GB/T 14683-2017,GB14683-2017-4,mandatory
VSEA-0003,MAT-SEA-001,displacement_class,20,20级,,,,"{""tensile_strength"": 0.4, ""elongation"": 200}",,GB/T 14683-2017,GB14683-2017-4-表1,mandatory
VSEA-0004,MAT-SEA-001,displacement_class,25,25级,,,,"{""tensile_strength"": 0.5, ""elongation"": 300}",,GB/T 14683-2017,GB14683-2017-4-表1,mandatory
VSEA-0005,MAT-SEA-001,displacement_class,35,35级,,,,"{""tensile_strength"": 0.6, ""elongation"": 400}",,GB/T 14683-2017,GB14683-2017-4-表1,mandatory
VWAP-0006,MAT-WAP-001,type,SBS,弹性体SBS,,,,,,GB/T 18242-2025,GB18242-2025-4,mandatory
VWAP-0007,MAT-WAP-001,type,APP,塑性体APP,,,,,,GB/T 18242-2025,GB18242-2025-4,mandatory
VWAP-0008,MAT-WAP-001,substrate,PY,聚酯毡,,,,"{""tensile_force"": 800, ""elongation_max"": 40}",,GB/T 18242-2025,GB18242-2025-4-表1,mandatory
VWAP-0009,MAT-WAP-001,substrate,G,玻纤毡,,,,"{""tensile_force"": 500, ""elongation_max"": 5}",,GB/T 18242-2025,GB18242-2025-4-表1,mandatory
VWAP-0010,MAT-WAP-001,surface,PE膜,聚乙烯膜,,,,,,GB/T 18242-2025,GB18242-2025-4-表2,mandatory
VWAP-0011,MAT-WAP-001,surface,砂面,细砂面,,,,,,GB/T 18242-2025,GB18242-2025-4-表2,mandatory
VWAP-0012,MAT-WAP-001,surface,矿物粒料,矿物粒料面,,,,,,GB/T 18242-2025,GB18242-2025-4-表2,mandatory
VWAP-0013,MAT-WAP-001,thickness,3,3mm,,,,,,GB/T 18242-2025,GB18242-2025-5-表3,mandatory
VWAP-0014,MAT-WAP-001,thickness,4,4mm,,,,,,GB/T 18242-2025,GB18242-2025-5-表3,mandatory
VWAP-0015,MAT-WAP-001,thickness,5,5mm,,,,,,GB/T 18242-2025,GB18242-2025-5-表3,mandatory
VWAP-0016,MAT-WAP-001,low_temp_flex,-20,-20℃,,,,,,GB/T 18242-2025,GB18242-2025-5-表4,mandatory
VWAP-0017,MAT-WAP-001,low_temp_flex,-25,-25℃,,,,,,GB/T 18242-2025,GB18242-2025-5-表4,mandatory
VWAP-0018,MAT-WAP-001,heat_resistance,90,90℃,,,,,,GB/T 18242-2025,GB18242-2025-5-表4,mandatory
VWAP-0019,MAT-WAP-001,heat_resistance,105,105℃,,,,,,GB/T 18242-2025,GB18242-2025-5-表4,mandatory
VWAP5-0020,MAT-WAP-005,type,I型,I型-高柔,,,,"{""tensile_strength"": 1.2, ""elongation_break"": 200}",,GB/T 23445-2025,GB23445-2025-4,mandatory
VWAP5-0021,MAT-WAP-005,type,II型,II型-通用,,,,"{""tensile_strength"": 1.8, ""elongation_break"": 80}",,GB/T 23445-2025,GB23445-2025-4,mandatory
VWAP5-0022,MAT-WAP-005,type,III型,III型-刚性,,,,"{""tensile_strength"": 2.0, ""elongation_break"": 30}",,GB/T 23445-2025,GB23445-2025-4,mandatory
VWAP6-0023,MAT-WAP-006,type,P,高分子类-P型,,,,,,GB/T 23457-2025,GB23457-2025-4,mandatory
VWAP6-0024,MAT-WAP-006,type,H,高分子类-H型,,,,,,GB/T 23457-2025,GB23457-2025-4,mandatory
VWAP6-0025,MAT-WAP-006,type,R,沥青类-R型,,,,,,GB/T 23457-2025,GB23457-2025-4,mandatory
VWAP6-0026,MAT-WAP-006,type,ER,沥青类-ER型,,,,,,GB/T 23457-2025,GB23457-2025-4,mandatory
VWAP6-0027,MAT-WAP-006,thickness,0.7,0.7mm,,,,,,GB/T 23457-2025,GB23457-2025-5,mandatory
VWAP6-0028,MAT-WAP-006,thickness,1.2,1.2mm,,,,,,GB/T 23457-2025,GB23457-2025-5,mandatory
VWAP6-0029,MAT-WAP-006,thickness,1.5,1.5mm,,,,,,GB/T 23457-2025,GB23457-2025-5,mandatory
VWAP6-0030,MAT-WAP-006,thickness,2.0,2.0mm,,,,,,GB/T 23457-2025,GB23457-2025-5,mandatory
VINS3-0031,MAT-INS-003,density,80,80kg/m³,,,,,,GB/T 25975-2018,GB25975-2018-5,mandatory
VINS3-0032,MAT-INS-003,density,100,100kg/m³,,,,,,GB/T 25975-2018,GB25975-2018-5,mandatory
VINS3-0033,MAT-INS-003,density,120,120kg/m³,,,,,,GB/T 25975-2018,GB25975-2018-5,mandatory
VINS3-0034,MAT-INS-003,density,150,150kg/m³,,,,,,GB/T 25975-2018,GB25975-2018-5,mandatory
VINS3-0035,MAT-INS-003,density,200,200kg/m³,,,,,,GB/T 25975-2018,GB25975-2018-5,mandatory
VINS3-0036,MAT-INS-003,fire_class,A1,不燃A1级,,,,,,GB/T 25975-2018,GB25975-2018-5-表1,mandatory
VINS3-0037,MAT-INS-003,fire_class,A2,不燃A2级,,,,,,GB/T 25975-2018,GB25975-2018-5-表1,mandatory
VINS3-0038,MAT-INS-003,tensile_strength_perp,TR7.5,TR7.5 ≥7.5kPa,,,,,,GB/T 25975-2018,GB25975-2018-5-表1,mandatory
VINS3-0039,MAT-INS-003,tensile_strength_perp,TR10,TR10 ≥10kPa,,,,,,GB/T 25975-2018,GB25975-2018-5-表1,mandatory
VINS3-0040,MAT-INS-003,tensile_strength_perp,TR15,TR15 ≥15kPa,,,,,,GB/T 25975-2018,GB25975-2018-5-表1,mandatory
VSTO-0041,MAT-STO-002,surface_finish,镜面,镜面板（抛光）,,,,,,GB/T 18601-2024,GB18601-2024-4,mandatory
VSTO-0042,MAT-STO-002,surface_finish,火烧,火烧板（烧毛）,,,,,,GB/T 18601-2024,GB18601-2024-4,mandatory
VSTO-0043,MAT-STO-002,surface_finish,荔枝面,荔枝面板（锤击）,,,,,,GB/T 18601-2024,GB18601-2024-4,mandatory
VSTO-0044,MAT-STO-002,surface_finish,机切,机切板（锯切）,,,,,,GB/T 18601-2024,GB18601-2024-4,mandatory
VSTO-0045,MAT-STO-002,thickness,10,10mm,,,,,,GB/T 18601-2024,GB18601-2024-5,mandatory
VSTO-0046,MAT-STO-002,thickness,15,15mm,,,,,,GB/T 18601-2024,GB18601-2024-5,mandatory
VSTO-0047,MAT-STO-002,thickness,20,20mm,,,,,,GB/T 18601-2024,GB18601-2024-5,mandatory
VSTO-0048,MAT-STO-002,thickness,25,25mm,,,,,,GB/T 18601-2024,GB18601-2024-5,mandatory
VSTO-0049,MAT-STO-002,thickness,30,30mm,,,,,,GB/T 18601-2024,GB18601-2024-5,mandatory
VSTO-0050,MAT-STO-002,thickness,40,40mm,,,,,,GB/T 18601-2024,GB18601-2024-5,mandatory
VSTO-0051,MAT-STO-002,thickness,50,50mm,,,,,,GB/T 18601-2024,GB18601-2024-5,mandatory
VEAR-0063,MAT-EAR-002,size_range,5~10,5~10mm,,,,,,GB/T 14685-2022,GB14685-2022-5,mandatory
VEAR-0064,MAT-EAR-002,size_range,5~20,5~20mm,,,,,,GB/T 14685-2022,GB14685-2022-5,mandatory
VEAR-0065,MAT-EAR-002,size_range,5~31.5,5~31.5mm,,,,,,GB/T 14685-2022,GB14685-2022-5,mandatory
VEAR-0066,MAT-EAR-002,size_range,20~40,20~40mm,,,,,,GB/T 14685-2022,GB14685-2022-5,mandatory
VEAR-0067,MAT-EAR-002,size_range,40~80,40~80mm,,,,,,GB/T 14685-2022,GB14685-2022-5,mandatory
VEAR-0068,MAT-EAR-002,class,I类,I类,,,,"{""mud_content"": 0.5, ""needle_flake"": 5, ""crushing_index"": 10}",,GB/T 14685-2022,GB14685-2022-4,mandatory
VEAR-0069,MAT-EAR-002,class,II类,II类,,,,"{""mud_content"": 1.0, ""needle_flake"": 10, ""crushing_index"": 20}",,GB/T 14685-2022,GB14685-2022-4,mandatory
VEAR-0070,MAT-EAR-002,class,III类,III类,,,,"{""mud_content"": 1.5, ""needle_flake"": 15, ""crushing_index"": 30}",,GB/T 14685-2022,GB14685-2022-4,mandatory
VDOO1-0071,MAT-DOO-001,type,外门,外门,,,,,,GB/T 20909-2017,GB20909-2017-4,mandatory
VDOO1-0072,MAT-DOO-001,type,外窗,外窗,,,,,,GB/T 20909-2017,GB20909-2017-4,mandatory
VDOO1-0073,MAT-DOO-001,type,内门,内门,,,,,,GB/T 20909-2017,GB20909-2017-4,mandatory
VDOO1-0074,MAT-DOO-001,type,内窗,内窗,,,,,,GB/T 20909-2017,GB20909-2017-4,mandatory
VDOO1-0075,MAT-DOO-001,type,隔断,隔断门/窗,,,,,,GB/T 20909-2017,GB20909-2017-4,mandatory
VDOO5-0076,MAT-DOO-005,type,实木,实木,,,,,,GB/T 29498-2024,GB29498-2024-4,mandatory
VDOO5-0077,MAT-DOO-005,type,实木复合,实木复合,,,,,,GB/T 29498-2024,GB29498-2024-4,mandatory
VDOO5-0078,MAT-DOO-005,type,木塑,木塑,,,,,,GB/T 29498-2024,GB29498-2024-4,mandatory
VDOO5-0079,MAT-DOO-005,style,平开,平开,,,,,,GB/T 29498-2024,GB29498-2024-4,mandatory
VDOO5-0080,MAT-DOO-005,style,推拉,推拉,,,,,,GB/T 29498-2024,GB29498-2024-4,mandatory
VDOO5-0081,MAT-DOO-005,style,折叠,折叠,,,,,,GB/T 29498-2024,GB29498-2024-4,mandatory
VHDW-0082,MAT-HDW-001,type,执手,执手,,,,,,GB/T 32223-2025,GB32223-2025-5,mandatory
VHDW-0083,MAT-HDW-001,type,合页,合页,,,,,,GB/T 32223-2025,GB32223-2025-5,mandatory
VHDW-0084,MAT-HDW-001,type,传动锁闭器,传动锁闭器,,,,,,GB/T 32223-2025,GB32223-2025-5,mandatory
VHDW-0085,MAT-HDW-001,type,撑挡,撑挡,,,,,,GB/T 32223-2025,GB32223-2025-5,mandatory
VHDW-0086,MAT-HDW-001,type,滑轮,滑轮,,,,,,GB/T 32223-2025,GB32223-2025-5,mandatory
VHDW-0087,MAT-HDW-001,durability,25000,2.5万次(窗),,,,,,GB/T 32223-2025,GB32223-2025-5-表1,mandatory
VHDW-0088,MAT-HDW-001,durability,50000,5万次(门),,,,,,GB/T 32223-2025,GB32223-2025-5-表1,mandatory
VVAL1-0098,MAT-VALV-001,dn,15,DN15,,,,,,GB/T 12232-2025,GB12232-2025-4,mandatory
VVAL1-0099,MAT-VALV-001,dn,20,DN20,,,,,,GB/T 12232-2025,GB12232-2025-4,mandatory
VVAL1-0100,MAT-VALV-001,dn,25,DN25,,,,,,GB/T 12232-2025,GB12232-2025-4,mandatory
VVAL1-0101,MAT-VALV-001,dn,32,DN32,,,,,,GB/T 12232-2025,GB12232-2025-4,mandatory
VVAL1-0102,MAT-VALV-001,dn,40,DN40,,,,,,GB/T 12232-2025,GB12232-2025-4,mandatory
VVAL1-0103,MAT-VALV-001,dn,50,DN50,,,,,,GB/T 12232-2025,GB12232-2025-4,mandatory
VVAL1-0104,MAT-VALV-001,dn,65,DN65,,,,,,GB/T 12232-2025,GB12232-2025-4,mandatory
VVAL1-0105,MAT-VALV-001,dn,80,DN80,,,,,,GB/T 12232-2025,GB12232-2025-4,mandatory
VVAL1-0106,MAT-VALV-001,dn,100,DN100,,,,,,GB/T 12232-2025,GB12232-2025-4,mandatory
VVAL1-0107,MAT-VALV-001,dn,125,DN125,,,,,,GB/T 12232-2025,GB12232-2025-4,mandatory
VVAL1-0108,MAT-VALV-001,dn,150,DN150,,,,,,GB/T 12232-2025,GB12232-2025-4,mandatory
VVAL1-0109,MAT-VALV-001,dn,200,DN200,,,,,,GB/T 12232-2025,GB12232-2025-4,mandatory
VVAL1-0110,MAT-VALV-001,dn,250,DN250,,,,,,GB/T 12232-2025,GB12232-2025-4,mandatory
VVAL1-0111,MAT-VALV-001,dn,300,DN300,,,,,,GB/T 12232-2025,GB12232-2025-4,mandatory
VVAL1-0112,MAT-VALV-001,pn,PN2.5,PN2.5,,,,,,GB/T 12232-2025,GB12232-2025-4,mandatory
VVAL1-0113,MAT-VALV-001,pn,PN6,PN6,,,,,,GB/T 12232-2025,GB12232-2025-4,mandatory
VVAL1-0114,MAT-VALV-001,pn,PN10,PN10,,,,,,GB/T 12232-2025,GB12232-2025-4,mandatory
VVAL1-0115,MAT-VALV-001,pn,PN16,PN16,,,,,,GB/T 12232-2025,GB12232-2025-4,mandatory
VVAL1-0116,MAT-VALV-001,pn,PN25,PN25,,,,,,GB/T 12232-2025,GB12232-2025-4,mandatory
VVAL1-0117,MAT-VALV-001,pn,PN40,PN40,,,,,,GB/T 12232-2025,GB12232-2025-4,mandatory
VVAL1-0118,MAT-VALV-001,body_material,HT200,灰铸铁HT200,,,,,,GB/T 12232-2025,GB12232-2025-5,mandatory
VVAL1-0119,MAT-VALV-001,body_material,QT400-18,球墨铸铁QT400-18,,,,,,GB/T 12232-2025,GB12232-2025-5,mandatory
VVAL1-0120,MAT-VALV-001,body_material,WCB,碳素钢铸件WCB,,,,,,GB/T 12232-2025,GB12232-2025-5,mandatory
VVAL3-0121,MAT-VALV-003,dn,15,DN15,,,,,,GB/T 12235-2025,GB12235-2025-4,mandatory
VVAL3-0122,MAT-VALV-003,dn,20,DN20,,,,,,GB/T 12235-2025,GB12235-2025-4,mandatory
VVAL3-0123,MAT-VALV-003,dn,25,DN25,,,,,,GB/T 12235-2025,GB12235-2025-4,mandatory
VVAL3-0124,MAT-VALV-003,dn,32,DN32,,,,,,GB/T 12235-2025,GB12235-2025-4,mandatory
VVAL3-0125,MAT-VALV-003,dn,40,DN40,,,,,,GB/T 12235-2025,GB12235-2025-4,mandatory
VVAL3-0126,MAT-VALV-003,dn,50,DN50,,,,,,GB/T 12235-2025,GB12235-2025-4,mandatory
VVAL3-0127,MAT-VALV-003,dn,65,DN65,,,,,,GB/T 12235-2025,GB12235-2025-4,mandatory
VVAL3-0128,MAT-VALV-003,dn,80,DN80,,,,,,GB/T 12235-2025,GB12235-2025-4,mandatory
VVAL3-0129,MAT-VALV-003,dn,100,DN100,,,,,,GB/T 12235-2025,GB12235-2025-4,mandatory
VVAL3-0130,MAT-VALV-003,dn,150,DN150,,,,,,GB/T 12235-2025,GB12235-2025-4,mandatory
VVAL3-0131,MAT-VALV-003,dn,200,DN200,,,,,,GB/T 12235-2025,GB12235-2025-4,mandatory
VVAL3-0132,MAT-VALV-003,pn,PN16,PN16,,,,,,GB/T 12235-2025,GB12235-2025-4,mandatory
VVAL3-0133,MAT-VALV-003,pn,PN25,PN25,,,,,,GB/T 12235-2025,GB12235-2025-4,mandatory
VVAL3-0134,MAT-VALV-003,pn,PN40,PN40,,,,,,GB/T 12235-2025,GB12235-2025-4,mandatory
VVAL3-0135,MAT-VALV-003,pn,PN63,PN63,,,,,,GB/T 12235-2025,GB12235-2025-4,mandatory
VVAL3-0136,MAT-VALV-003,pn,PN100,PN100,,,,,,GB/T 12235-2025,GB12235-2025-4,mandatory
VVAL3-0137,MAT-VALV-003,body_material,WCB,碳素钢铸件WCB,,,,,,GB/T 12235-2025,GB12235-2025-5,mandatory
VVAL3-0138,MAT-VALV-003,body_material,CF8,不锈钢铸件304,,,,,,GB/T 12235-2025,GB12235-2025-5,mandatory
VVAL3-0139,MAT-VALV-003,body_material,CF8M,不锈钢铸件316,,,,,,GB/T 12235-2025,GB12235-2025-5,mandatory
VVAL3-0140,MAT-VALV-003,disc_seat_material,13Cr,13Cr不锈钢,,,,,,GB/T 12235-2025,GB12235-2025-5,mandatory
VVAL3-0141,MAT-VALV-003,disc_seat_material,STL,司太立合金,,,,,,GB/T 12235-2025,GB12235-2025-5,mandatory
VVAL3-0142,MAT-VALV-003,disc_seat_material,PTFE,聚四氟乙烯,,,,,,GB/T 12235-2025,GB12235-2025-5,mandatory
VVAL4-0143,MAT-VALV-004,dn,50,DN50,,,,,,GB/T 12236-2025,GB12236-2025-4,mandatory
VVAL4-0144,MAT-VALV-004,dn,65,DN65,,,,,,GB/T 12236-2025,GB12236-2025-4,mandatory
VVAL4-0145,MAT-VALV-004,dn,80,DN80,,,,,,GB/T 12236-2025,GB12236-2025-4,mandatory
VVAL4-0146,MAT-VALV-004,dn,100,DN100,,,,,,GB/T 12236-2025,GB12236-2025-4,mandatory
VVAL4-0147,MAT-VALV-004,dn,150,DN150,,,,,,GB/T 12236-2025,GB12236-2025-4,mandatory
VVAL4-0148,MAT-VALV-004,dn,200,DN200,,,,,,GB/T 12236-2025,GB12236-2025-4,mandatory
VVAL4-0149,MAT-VALV-004,dn,250,DN250,,,,,,GB/T 12236-2025,GB12236-2025-4,mandatory
VVAL4-0150,MAT-VALV-004,dn,300,DN300,,,,,,GB/T 12236-2025,GB12236-2025-4,mandatory
VVAL4-0151,MAT-VALV-004,dn,400,DN400,,,,,,GB/T 12236-2025,GB12236-2025-4,mandatory
VVAL4-0152,MAT-VALV-004,dn,500,DN500,,,,,,GB/T 12236-2025,GB12236-2025-4,mandatory
VVAL4-0153,MAT-VALV-004,dn,600,DN600,,,,,,GB/T 12236-2025,GB12236-2025-4,mandatory
VVAL4-0154,MAT-VALV-004,pn,PN16,PN16,,,,,,GB/T 12236-2025,GB12236-2025-4,mandatory
VVAL4-0155,MAT-VALV-004,pn,PN25,PN25,,,,,,GB/T 12236-2025,GB12236-2025-4,mandatory
VVAL4-0156,MAT-VALV-004,pn,PN40,PN40,,,,,,GB/T 12236-2025,GB12236-2025-4,mandatory
VVAL4-0157,MAT-VALV-004,pn,PN63,PN63,,,,,,GB/T 12236-2025,GB12236-2025-4,mandatory
VVAL4-0158,MAT-VALV-004,pn,PN100,PN100,,,,,,GB/T 12236-2025,GB12236-2025-4,mandatory
VVAL4-0159,MAT-VALV-004,pn,PN160,PN160,,,,,,GB/T 12236-2025,GB12236-2025-4,mandatory
VVAL4-0160,MAT-VALV-004,pn,PN250,PN250,,,,,,GB/T 12236-2025,GB12236-2025-4,mandatory
VVAL5-0161,MAT-VALV-005,dn,15,DN15,,,,,,GB/T 12237-2021,GB12237-2021-4,mandatory
VVAL5-0162,MAT-VALV-005,dn,20,DN20,,,,,,GB/T 12237-2021,GB12237-2021-4,mandatory
VVAL5-0163,MAT-VALV-005,dn,25,DN25,,,,,,GB/T 12237-2021,GB12237-2021-4,mandatory
VVAL5-0164,MAT-VALV-005,dn,32,DN32,,,,,,GB/T 12237-2021,GB12237-2021-4,mandatory
VVAL5-0165,MAT-VALV-005,dn,40,DN40,,,,,,GB/T 12237-2021,GB12237-2021-4,mandatory
VVAL5-0166,MAT-VALV-005,dn,50,DN50,,,,,,GB/T 12237-2021,GB12237-2021-4,mandatory
VVAL5-0167,MAT-VALV-005,dn,65,DN65,,,,,,GB/T 12237-2021,GB12237-2021-4,mandatory
VVAL5-0168,MAT-VALV-005,dn,80,DN80,,,,,,GB/T 12237-2021,GB12237-2021-4,mandatory
VVAL5-0169,MAT-VALV-005,dn,100,DN100,,,,,,GB/T 12237-2021,GB12237-2021-4,mandatory
VVAL5-0170,MAT-VALV-005,dn,150,DN150,,,,,,GB/T 12237-2021,GB12237-2021-4,mandatory
VVAL5-0171,MAT-VALV-005,dn,200,DN200,,,,,,GB/T 12237-2021,GB12237-2021-4,mandatory
VVAL5-0172,MAT-VALV-005,dn,300,DN300,,,,,,GB/T 12237-2021,GB12237-2021-4,mandatory
VVAL5-0173,MAT-VALV-005,ball_type,浮动球,浮动球结构,,,,,,GB/T 12237-2021,GB12237-2021-3,mandatory
VVAL5-0174,MAT-VALV-005,ball_type,固定球,固定球结构,,,,,,GB/T 12237-2021,GB12237-2021-3,mandatory
VVAL5-0175,MAT-VALV-005,seat_material,PTFE,纯聚四氟乙烯,,,,,,GB/T 12237-2021,GB12237-2021-5,mandatory
VVAL5-0176,MAT-VALV-005,seat_material,RPTFE,增强聚四氟乙烯,,,,,,GB/T 12237-2021,GB12237-2021-5,mandatory
VVAL5-0177,MAT-VALV-005,seat_material,PPL,对位聚苯,,,,,,GB/T 12237-2021,GB12237-2021-5,mandatory
VHDW2-0217,MAT-HDW-002,type,摩擦铰链,摩擦铰链(窗用),,,,,,GB/T 32223-2025,GB32223-2025-5,mandatory
VHDW2-0218,MAT-HDW-002,type,合页,合页(门用),,,,,,GB/T 32223-2025,GB32223-2025-5,mandatory
,MAT-TIL-001,wa_group,BIa,BIa: ≤0.5%,,,,{},[],GB/T 4100-2015,第4条/表1,required
,MAT-TIL-001,wa_group,BIb,BIb: 0.5%~3%,,,,{},[],GB/T 4100-2015,第4条/表1,required
,MAT-TIL-001,wa_group,BIIa,BIIa: 3%~6%,,,,{},[],GB/T 4100-2015,第4条/表1,required
,MAT-TIL-001,wa_group,BIIb,BIIb: 6%~10%,,,,{},[],GB/T 4100-2015,第4条/表1,required
,MAT-TIL-001,wa_group,BIII,BIII: >10%,,,,{},[],GB/T 4100-2015,第4条/表1,required
,MAT-TIL-001,breaking_strength,1300,≥1300N(BIa组),1300,,N,{},[],GB/T 4100-2015,表7,mandatory
,MAT-TIL-001,breaking_strength,1100,≥1100N(BIb组),1100,,N,{},[],GB/T 4100-2015,表7,mandatory
,MAT-TIL-001,breaking_strength,1000,≥1000N(BIIa组),1000,,N,{},[],GB/T 4100-2015,表7,mandatory
,MAT-TIL-001,breaking_strength,800,≥800N(BIIb组),800,,N,{},[],GB/T 4100-2015,表7,mandatory
,MAT-TIL-001,breaking_strength,600,≥600N(BIII组),600,,N,{},[],GB/T 4100-2015,表7,mandatory
,MAT-TIL-001,modulus_of_rupture,35,≥35MPa(BIa组),35,,MPa,{},[],GB/T 4100-2015,表7,mandatory
,MAT-TIL-001,modulus_of_rupture,30,≥30MPa(BIb组),30,,MPa,{},[],GB/T 4100-2015,表7,mandatory
,MAT-TIL-001,modulus_of_rupture,22,≥22MPa(BIIa组),22,,MPa,{},[],GB/T 4100-2015,表7,mandatory
,MAT-TIL-001,modulus_of_rupture,18,≥18MPa(BIIb组),18,,MPa,{},[],GB/T 4100-2015,表7,mandatory
,MAT-TIL-001,modulus_of_rupture,15,≥15MPa(BIII组),15,,MPa,{},[],GB/T 4100-2015,表7,mandatory
,MAT-TIL-001,surface_quality,优等品,优等品,,,,{},[],GB/T 4100-2015,第5.1.3条,mandatory
,MAT-TIL-001,surface_quality,一级品,一级品,,,,{},[],GB/T 4100-2015,第5.1.3条,mandatory
,MAT-TIL-001,surface_quality,合格品,合格品,,,,{},[],GB/T 4100-2015,第5.1.3条,mandatory
,MAT-TIL-001,dim_length_width,±0.5%,每块砖尺寸偏差,,,%,{},[],GB/T 4100-2015,第5.1.1条/表1,mandatory
,MAT-TIL-001,dim_thickness,±5%,厚度偏差,,,%,{},[],GB/T 4100-2015,第5.1.1条/表5,mandatory
,MAT-TIL-001,dim_flatness,±0.5%,中心弯曲度,,,,{},[],GB/T 4100-2015,第5.1.2条/表6,mandatory
,MAT-TIL-001,crazing_resistance,无釉裂,蒸压试验后无釉裂,,,,{},[],GB/T 4100-2015,附录E,mandatory
,MAT-TIL-001,thermal_shock,无裂纹,10次循环无裂纹,,,,{},[],GB/T 4100-2015,附录F,mandatory
,MAT-TIL-001,surface_gloss,55,光泽度≥55GU,55,,GU,{},[],GB/T 4100-2015,第5.2条,mandatory
,MAT-TIL-003,wa_group,BIa,BIa: ≤0.5%,,,,{},[],GB/T 4100-2015,第4条/表1,required
,MAT-TIL-003,wa_group,BIb,BIb: 0.5%~3%,,,,{},[],GB/T 4100-2015,第4条/表1,required
,MAT-TIL-003,wa_group,BIIa,BIIa: 3%~6%,,,,{},[],GB/T 4100-2015,第4条/表1,required
,MAT-TIL-003,wa_group,BIIb,BIIb: 6%~10%,,,,{},[],GB/T 4100-2015,第4条/表1,required
,MAT-TIL-003,wa_group,BIII,BIII: >10%,,,,{},[],GB/T 4100-2015,第4条/表1,required
,MAT-TIL-003,breaking_strength,1300,≥1300N(BIa组),1300,,N,{},[],GB/T 4100-2015,表7,mandatory
,MAT-TIL-003,breaking_strength,1100,≥1100N(BIb组),1100,,N,{},[],GB/T 4100-2015,表7,mandatory
,MAT-TIL-003,breaking_strength,1000,≥1000N(BIIa组),1000,,N,{},[],GB/T 4100-2015,表7,mandatory
,MAT-TIL-003,breaking_strength,800,≥800N(BIIb组),800,,N,{},[],GB/T 4100-2015,表7,mandatory
,MAT-TIL-003,breaking_strength,600,≥600N(BIII组),600,,N,{},[],GB/T 4100-2015,表7,mandatory
,MAT-TIL-003,modulus_of_rupture,35,≥35MPa(BIa组),35,,MPa,{},[],GB/T 4100-2015,表7,mandatory
,MAT-TIL-003,modulus_of_rupture,30,≥30MPa(BIb组),30,,MPa,{},[],GB/T 4100-2015,表7,mandatory
,MAT-TIL-003,modulus_of_rupture,22,≥22MPa(BIIa组),22,,MPa,{},[],GB/T 4100-2015,表7,mandatory
,MAT-TIL-003,modulus_of_rupture,18,≥18MPa(BIIb组),18,,MPa,{},[],GB/T 4100-2015,表7,mandatory
,MAT-TIL-003,modulus_of_rupture,15,≥15MPa(BIII组),15,,MPa,{},[],GB/T 4100-2015,表7,mandatory
,MAT-TIL-003,surface_quality,优等品,优等品,,,,{},[],GB/T 4100-2015,第5.1.3条,mandatory
,MAT-TIL-003,surface_quality,一级品,一级品,,,,{},[],GB/T 4100-2015,第5.1.3条,mandatory
,MAT-TIL-003,surface_quality,合格品,合格品,,,,{},[],GB/T 4100-2015,第5.1.3条,mandatory
,MAT-TIL-003,dim_length_width,±0.5%,每块砖尺寸偏差,,,%,{},[],GB/T 4100-2015,第5.1.1条/表1,mandatory
,MAT-TIL-003,dim_thickness,±5%,厚度偏差,,,%,{},[],GB/T 4100-2015,第5.1.1条/表5,mandatory
,MAT-TIL-003,dim_flatness,±0.5%,中心弯曲度,,,,{},[],GB/T 4100-2015,第5.1.2条/表6,mandatory
,MAT-TIL-003,crazing_resistance,无釉裂,蒸压试验后无釉裂,,,,{},[],GB/T 4100-2015,附录E,mandatory
,MAT-TIL-003,thermal_shock,无裂纹,10次循环无裂纹,,,,{},[],GB/T 4100-2015,附录F,mandatory
,MAT-TIL-004,wa_group,BIa,BIa: ≤0.5%,,,,{},[],GB/T 4100-2015,第4条/表1,required
,MAT-TIL-004,wa_group,BIb,BIb: 0.5%~3%,,,,{},[],GB/T 4100-2015,第4条/表1,required
,MAT-TIL-004,wa_group,BIIa,BIIa: 3%~6%,,,,{},[],GB/T 4100-2015,第4条/表1,required
,MAT-TIL-004,wa_group,BIIb,BIIb: 6%~10%,,,,{},[],GB/T 4100-2015,第4条/表1,required
,MAT-TIL-004,wa_group,BIII,BIII: >10%,,,,{},[],GB/T 4100-2015,第4条/表1,required
,MAT-TIL-004,breaking_strength,1300,≥1300N(BIa组),1300,,N,{},[],GB/T 4100-2015,表7,mandatory
,MAT-TIL-004,breaking_strength,1100,≥1100N(BIb组),1100,,N,{},[],GB/T 4100-2015,表7,mandatory
,MAT-TIL-004,breaking_strength,1000,≥1000N(BIIa组),1000,,N,{},[],GB/T 4100-2015,表7,mandatory
,MAT-TIL-004,breaking_strength,800,≥800N(BIIb组),800,,N,{},[],GB/T 4100-2015,表7,mandatory
,MAT-TIL-004,breaking_strength,600,≥600N(BIII组),600,,N,{},[],GB/T 4100-2015,表7,mandatory
,MAT-TIL-004,modulus_of_rupture,35,≥35MPa(BIa组),35,,MPa,{},[],GB/T 4100-2015,表7,mandatory
,MAT-TIL-004,modulus_of_rupture,30,≥30MPa(BIb组),30,,MPa,{},[],GB/T 4100-2015,表7,mandatory
,MAT-TIL-004,modulus_of_rupture,22,≥22MPa(BIIa组),22,,MPa,{},[],GB/T 4100-2015,表7,mandatory
,MAT-TIL-004,modulus_of_rupture,18,≥18MPa(BIIb组),18,,MPa,{},[],GB/T 4100-2015,表7,mandatory
,MAT-TIL-004,modulus_of_rupture,15,≥15MPa(BIII组),15,,MPa,{},[],GB/T 4100-2015,表7,mandatory
,MAT-TIL-004,surface_quality,优等品,优等品,,,,{},[],GB/T 4100-2015,第5.1.3条,mandatory
,MAT-TIL-004,surface_quality,一级品,一级品,,,,{},[],GB/T 4100-2015,第5.1.3条,mandatory
,MAT-TIL-004,surface_quality,合格品,合格品,,,,{},[],GB/T 4100-2015,第5.1.3条,mandatory
,MAT-TIL-004,dim_length_width,±0.5%,每块砖尺寸偏差,,,%,{},[],GB/T 4100-2015,第5.1.1条/表1,mandatory
,MAT-TIL-004,dim_thickness,±5%,厚度偏差,,,%,{},[],GB/T 4100-2015,第5.1.1条/表5,mandatory
,MAT-TIL-004,dim_flatness,±0.5%,中心弯曲度,,,,{},[],GB/T 4100-2015,第5.1.2条/表6,mandatory
,MAT-TIL-004,crazing_resistance,无釉裂,蒸压试验后无釉裂,,,,{},[],GB/T 4100-2015,附录E,mandatory
,MAT-TIL-004,thermal_shock,无裂纹,10次循环无裂纹,,,,{},[],GB/T 4100-2015,附录F,mandatory
,MAT-TIL-005,wa_group,BIa,BIa: ≤0.5%,,,,{},[],GB/T 4100-2015,第4条/表1,required
,MAT-TIL-005,wa_group,BIb,BIb: 0.5%~3%,,,,{},[],GB/T 4100-2015,第4条/表1,required
,MAT-TIL-005,wa_group,BIIa,BIIa: 3%~6%,,,,{},[],GB/T 4100-2015,第4条/表1,required
,MAT-TIL-005,wa_group,BIIb,BIIb: 6%~10%,,,,{},[],GB/T 4100-2015,第4条/表1,required
,MAT-TIL-005,wa_group,BIII,BIII: >10%,,,,{},[],GB/T 4100-2015,第4条/表1,required
,MAT-TIL-005,breaking_strength,1300,≥1300N(BIa组),1300,,N,{},[],GB/T 4100-2015,表7,mandatory
,MAT-TIL-005,breaking_strength,1100,≥1100N(BIb组),1100,,N,{},[],GB/T 4100-2015,表7,mandatory
,MAT-TIL-005,breaking_strength,1000,≥1000N(BIIa组),1000,,N,{},[],GB/T 4100-2015,表7,mandatory
,MAT-TIL-005,breaking_strength,800,≥800N(BIIb组),800,,N,{},[],GB/T 4100-2015,表7,mandatory
,MAT-TIL-005,breaking_strength,600,≥600N(BIII组),600,,N,{},[],GB/T 4100-2015,表7,mandatory
,MAT-TIL-005,modulus_of_rupture,35,≥35MPa(BIa组),35,,MPa,{},[],GB/T 4100-2015,表7,mandatory
,MAT-TIL-005,modulus_of_rupture,30,≥30MPa(BIb组),30,,MPa,{},[],GB/T 4100-2015,表7,mandatory
,MAT-TIL-005,modulus_of_rupture,22,≥22MPa(BIIa组),22,,MPa,{},[],GB/T 4100-2015,表7,mandatory
,MAT-TIL-005,modulus_of_rupture,18,≥18MPa(BIIb组),18,,MPa,{},[],GB/T 4100-2015,表7,mandatory
,MAT-TIL-005,modulus_of_rupture,15,≥15MPa(BIII组),15,,MPa,{},[],GB/T 4100-2015,表7,mandatory
,MAT-TIL-005,surface_quality,优等品,优等品,,,,{},[],GB/T 4100-2015,第5.1.3条,mandatory
,MAT-TIL-005,surface_quality,一级品,一级品,,,,{},[],GB/T 4100-2015,第5.1.3条,mandatory
,MAT-TIL-005,surface_quality,合格品,合格品,,,,{},[],GB/T 4100-2015,第5.1.3条,mandatory
,MAT-TIL-005,dim_length_width,±0.5%,每块砖尺寸偏差,,,%,{},[],GB/T 4100-2015,第5.1.1条/表1,mandatory
,MAT-TIL-005,dim_thickness,±5%,厚度偏差,,,%,{},[],GB/T 4100-2015,第5.1.1条/表5,mandatory
,MAT-TIL-005,dim_flatness,±0.5%,中心弯曲度,,,,{},[],GB/T 4100-2015,第5.1.2条/表6,mandatory
,MAT-TIL-005,crazing_resistance,无釉裂,蒸压试验后无釉裂,,,,{},[],GB/T 4100-2015,附录E,mandatory
,MAT-TIL-005,thermal_shock,无裂纹,10次循环无裂纹,,,,{},[],GB/T 4100-2015,附录F,mandatory
,MAT-TIL-005,acid_resistance,A,耐酸等级A,,,,{},[],GB/T 4100-2015,附录H,mandatory
,MAT-TIL-005,acid_resistance,B,耐酸等级B,,,,{},[],GB/T 4100-2015,附录H,mandatory
,MAT-TIL-005,acid_resistance,C,耐酸等级C,,,,{},[],GB/T 4100-2015,附录H,mandatory
,MAT-TIL-006,wa_group,BIa,BIa: ≤0.5%,,,,{},[],GB/T 4100-2015,第4条/表1,required
,MAT-TIL-006,wa_group,BIb,BIb: 0.5%~3%,,,,{},[],GB/T 4100-2015,第4条/表1,required
,MAT-TIL-006,wa_group,BIIa,BIIa: 3%~6%,,,,{},[],GB/T 4100-2015,第4条/表1,required
,MAT-TIL-006,wa_group,BIIb,BIIb: 6%~10%,,,,{},[],GB/T 4100-2015,第4条/表1,required
,MAT-TIL-006,wa_group,BIII,BIII: >10%,,,,{},[],GB/T 4100-2015,第4条/表1,required
,MAT-TIL-006,breaking_strength,1300,≥1300N(BIa组),1300,,N,{},[],GB/T 4100-2015,表7,mandatory
,MAT-TIL-006,breaking_strength,1100,≥1100N(BIb组),1100,,N,{},[],GB/T 4100-2015,表7,mandatory
,MAT-TIL-006,breaking_strength,1000,≥1000N(BIIa组),1000,,N,{},[],GB/T 4100-2015,表7,mandatory
,MAT-TIL-006,breaking_strength,800,≥800N(BIIb组),800,,N,{},[],GB/T 4100-2015,表7,mandatory
,MAT-TIL-006,breaking_strength,600,≥600N(BIII组),600,,N,{},[],GB/T 4100-2015,表7,mandatory
,MAT-TIL-006,modulus_of_rupture,35,≥35MPa(BIa组),35,,MPa,{},[],GB/T 4100-2015,表7,mandatory
,MAT-TIL-006,modulus_of_rupture,30,≥30MPa(BIb组),30,,MPa,{},[],GB/T 4100-2015,表7,mandatory
,MAT-TIL-006,modulus_of_rupture,22,≥22MPa(BIIa组),22,,MPa,{},[],GB/T 4100-2015,表7,mandatory
,MAT-TIL-006,modulus_of_rupture,18,≥18MPa(BIIb组),18,,MPa,{},[],GB/T 4100-2015,表7,mandatory
,MAT-TIL-006,modulus_of_rupture,15,≥15MPa(BIII组),15,,MPa,{},[],GB/T 4100-2015,表7,mandatory
,MAT-TIL-006,surface_quality,优等品,优等品,,,,{},[],GB/T 4100-2015,第5.1.3条,mandatory
,MAT-TIL-006,surface_quality,一级品,一级品,,,,{},[],GB/T 4100-2015,第5.1.3条,mandatory
,MAT-TIL-006,surface_quality,合格品,合格品,,,,{},[],GB/T 4100-2015,第5.1.3条,mandatory
,MAT-TIL-006,dim_length_width,±0.5%,每块砖尺寸偏差,,,%,{},[],GB/T 4100-2015,第5.1.1条/表1,mandatory
,MAT-TIL-006,dim_thickness,±5%,厚度偏差,,,%,{},[],GB/T 4100-2015,第5.1.1条/表5,mandatory
,MAT-TIL-006,dim_flatness,±0.5%,中心弯曲度,,,,{},[],GB/T 4100-2015,第5.1.2条/表6,mandatory
,MAT-TIL-006,crazing_resistance,无釉裂,蒸压试验后无釉裂,,,,{},[],GB/T 4100-2015,附录E,mandatory
,MAT-TIL-006,thermal_shock,无裂纹,10次循环无裂纹,,,,{},[],GB/T 4100-2015,附录F,mandatory
,MAT-INSU-001,product_form,板,板,,,,{},[],GB/T 11835-2016,第4条,mandatory
,MAT-INSU-001,product_form,管壳,管壳,,,,{},[],GB/T 11835-2016,第4条,mandatory
,MAT-INSU-001,product_form,毡,毡,,,,{},[],GB/T 11835-2016,第4条,mandatory
,MAT-INSU-001,product_form,带,带,,,,{},[],GB/T 11835-2016,第4条,mandatory
,MAT-INSU-001,nominal_density,40,40kg/m³,40,40,kg/m³,{},[],GB/T 11835-2016,表1,mandatory
,MAT-INSU-001,nominal_density,60,60kg/m³,60,60,kg/m³,{},[],GB/T 11835-2016,表1,mandatory
,MAT-INSU-001,nominal_density,80,80kg/m³,80,80,kg/m³,{},[],GB/T 11835-2016,表1,mandatory
,MAT-INSU-001,nominal_density,100,100kg/m³,100,100,kg/m³,{},[],GB/T 11835-2016,表1,mandatory
,MAT-INSU-001,nominal_density,120,120kg/m³,120,120,kg/m³,{},[],GB/T 11835-2016,表1,mandatory
,MAT-INSU-001,nominal_density,150,150kg/m³,150,150,kg/m³,{},[],GB/T 11835-2016,表1,mandatory
,MAT-INSU-001,nominal_density,200,200kg/m³,200,200,kg/m³,{},[],GB/T 11835-2016,表1,mandatory
,MAT-INSU-001,thermal_cond_25,0.040,≤0.040,,0.040,W/(m·K),{},[],GB/T 11835-2016,表2,mandatory
,MAT-INSU-001,compressive_strength,40,≥40kPa,40,,kPa,{},[],GB/T 11835-2016,第5.2条,mandatory
,MAT-INSU-001,tensile_strength_perp,7.5,≥7.5kPa,7.5,,kPa,{},[],GB/T 11835-2016,第5.3条,mandatory
,MAT-INSU-001,tensile_strength_perp,15,≥15kPa(高抗拉),15,,kPa,{},[],GB/T 11835-2016,第5.3条,mandatory
,MAT-INSU-001,water_short,1.0,≤1.0,,1.0,kg/m²,{},[],GB/T 11835-2016,第5.5条,mandatory
,MAT-INSU-001,shot_content,10,≤10%,,10,%,{},[],GB/T 11835-2016,第5.6条,mandatory
,MAT-INSU-001,fire_class,A1,不燃A1,,,,{},[],GB/T 11835-2016,第5.4条,mandatory
,MAT-INSU-001,fire_class,A2,A2级,,,,{},[],GB/T 11835-2016,第5.4条,mandatory
,MAT-INSU-003,product_form,板,板,,,,{},[],GB/T 11835-2016,第4条,mandatory
,MAT-INSU-003,product_form,管壳,管壳,,,,{},[],GB/T 11835-2016,第4条,mandatory
,MAT-INSU-003,product_form,毡,毡,,,,{},[],GB/T 11835-2016,第4条,mandatory
,MAT-INSU-003,product_form,带,带,,,,{},[],GB/T 11835-2016,第4条,mandatory
,MAT-INSU-003,nominal_density,24,24kg/m³,24,24,kg/m³,{},[],GB/T 11835-2016,表1,mandatory
,MAT-INSU-003,nominal_density,32,32kg/m³,32,32,kg/m³,{},[],GB/T 11835-2016,表1,mandatory
,MAT-INSU-003,nominal_density,48,48kg/m³,48,48,kg/m³,{},[],GB/T 11835-2016,表1,mandatory
,MAT-INSU-003,nominal_density,64,64kg/m³,64,64,kg/m³,{},[],GB/T 11835-2016,表1,mandatory
,MAT-INSU-003,nominal_density,80,80kg/m³,80,80,kg/m³,{},[],GB/T 11835-2016,表1,mandatory
,MAT-INSU-003,nominal_density,96,96kg/m³,96,96,kg/m³,{},[],GB/T 11835-2016,表1,mandatory
,MAT-INSU-003,thermal_cond_25,0.042,≤0.042,,0.042,W/(m·K),{},[],GB/T 11835-2016,表2,mandatory
,MAT-INSU-003,compressive_strength,20,≥20kPa,20,,kPa,{},[],GB/T 11835-2016,第5.2条,mandatory
,MAT-INSU-003,tensile_strength_perp,5,≥5kPa,5,,kPa,{},[],GB/T 11835-2016,第5.3条,mandatory
,MAT-INSU-003,water_short,0.5,≤0.5,,0.5,kg/m²,{},[],GB/T 11835-2016,第5.5条,mandatory
,MAT-INSU-003,shot_content,12,≤12%,,12,%,{},[],GB/T 11835-2016,第5.6条,mandatory
,MAT-INSU-003,fire_class,A1,不燃A1,,,,{},[],GB/T 11835-2016,第5.4条,mandatory
,MAT-INSU-003,fire_class,A2,A2级,,,,{},[],GB/T 11835-2016,第5.4条,mandatory
,MAT-STE-004,steel_grade,Q235B,Q235B,,,,{},[],GB/T 706-2016,表1,required
,MAT-STE-004,steel_grade,Q345B,Q345B,,,,{},[],GB/T 706-2016,表1,required
,MAT-STE-004,steel_grade,Q390B,Q390B,,,,{},[],GB/T 706-2016,表1,required
,MAT-STE-004,steel_grade,Q420B,Q420B,,,,{},[],GB/T 706-2016,表1,required
,MAT-STE-004,steel_grade,Q460,Q460,,,,{},[],GB/T 706-2016,表1,required
,MAT-STE-004,surface_quality,合格,合格,,,,{},[],GB/T 706-2016,第5.6条,mandatory
,MAT-STE-004,surface_quality,修磨后合格,修磨后合格,,,,{},[],GB/T 706-2016,第5.6条,mandatory
,MAT-STE-004,deviation_class,普通精度,普通精度,,,,{},[],GB/T 706-2016,第5.2条,mandatory
,MAT-STE-004,deviation_class,较高精度,较高精度,,,,{},[],GB/T 706-2016,第5.2条,mandatory
,MAT-STE-004,channel_model,[5,[5,,,,{},[],GB/T 706-2016,表A.1,mandatory
,MAT-STE-004,height_h,50,[5h=50,50,50,mm,{},[],GB/T 706-2016,表A.1,mandatory
,MAT-STE-004,leg_width_b,37,[5b=37,37,37,mm,{},[],GB/T 706-2016,表A.1,mandatory
,MAT-STE-004,waist_d,4.5,[5d=4.5,4.5,4.5,mm,{},[],GB/T 706-2016,表A.1,mandatory
,MAT-STE-004,theoretical_weight,5.438,[55.438kg/m,5.438,5.438,kg/m,{},[],GB/T 706-2016,表A.1,derived
,MAT-STE-004,section_area,6.93,[56.93cm²,6.93,6.93,cm²,{},[],GB/T 706-2016,表A.1,derived
,MAT-STE-004,channel_model,[6.3,[6.3,,,,{},[],GB/T 706-2016,表A.1,mandatory
,MAT-STE-004,height_h,63,[6.3h=63,63,63,mm,{},[],GB/T 706-2016,表A.1,mandatory
,MAT-STE-004,leg_width_b,40,[6.3b=40,40,40,mm,{},[],GB/T 706-2016,表A.1,mandatory
,MAT-STE-004,waist_d,4.8,[6.3d=4.8,4.8,4.8,mm,{},[],GB/T 706-2016,表A.1,mandatory
,MAT-STE-004,theoretical_weight,6.634,[6.36.634kg/m,6.634,6.634,kg/m,{},[],GB/T 706-2016,表A.1,derived
,MAT-STE-004,section_area,8.44,[6.38.44cm²,8.44,8.44,cm²,{},[],GB/T 706-2016,表A.1,derived
,MAT-STE-004,channel_model,[8,[8,,,,{},[],GB/T 706-2016,表A.1,mandatory
,MAT-STE-004,height_h,80,[8h=80,80,80,mm,{},[],GB/T 706-2016,表A.1,mandatory
,MAT-STE-004,leg_width_b,43,[8b=43,43,43,mm,{},[],GB/T 706-2016,表A.1,mandatory
,MAT-STE-004,waist_d,5.0,[8d=5.0,5.0,5.0,mm,{},[],GB/T 706-2016,表A.1,mandatory
,MAT-STE-004,theoretical_weight,8.045,[88.045kg/m,8.045,8.045,kg/m,{},[],GB/T 706-2016,表A.1,derived
,MAT-STE-004,section_area,10.24,[810.24cm²,10.24,10.24,cm²,{},[],GB/T 706-2016,表A.1,derived
,MAT-STE-004,channel_model,[10,[10,,,,{},[],GB/T 706-2016,表A.1,mandatory
,MAT-STE-004,height_h,100,[10h=100,100,100,mm,{},[],GB/T 706-2016,表A.1,mandatory
,MAT-STE-004,leg_width_b,48,[10b=48,48,48,mm,{},[],GB/T 706-2016,表A.1,mandatory
,MAT-STE-004,waist_d,5.3,[10d=5.3,5.3,5.3,mm,{},[],GB/T 706-2016,表A.1,mandatory
,MAT-STE-004,theoretical_weight,10.007,[1010.007kg/m,10.007,10.007,kg/m,{},[],GB/T 706-2016,表A.1,derived
,MAT-STE-004,section_area,12.74,[1012.74cm²,12.74,12.74,cm²,{},[],GB/T 706-2016,表A.1,derived
,MAT-STE-004,channel_model,[12.6,[12.6,,,,{},[],GB/T 706-2016,表A.1,mandatory
,MAT-STE-004,height_h,126,[12.6h=126,126,126,mm,{},[],GB/T 706-2016,表A.1,mandatory
,MAT-STE-004,leg_width_b,53,[12.6b=53,53,53,mm,{},[],GB/T 706-2016,表A.1,mandatory
,MAT-STE-004,waist_d,5.5,[12.6d=5.5,5.5,5.5,mm,{},[],GB/T 706-2016,表A.1,mandatory
,MAT-STE-004,theoretical_weight,12.318,[12.612.318kg/m,12.318,12.318,kg/m,{},[],GB/T 706-2016,表A.1,derived
,MAT-STE-004,section_area,15.69,[12.615.69cm²,15.69,15.69,cm²,{},[],GB/T 706-2016,表A.1,derived
,MAT-STE-004,channel_model,[14a,[14a,,,,{},[],GB/T 706-2016,表A.1,mandatory
,MAT-STE-004,height_h,140,[14ah=140,140,140,mm,{},[],GB/T 706-2016,表A.1,mandatory
,MAT-STE-004,leg_width_b,58,[14ab=58,58,58,mm,{},[],GB/T 706-2016,表A.1,mandatory
,MAT-STE-004,waist_d,6.0,[14ad=6.0,6.0,6.0,mm,{},[],GB/T 706-2016,表A.1,mandatory
,MAT-STE-004,theoretical_weight,14.535,[14a14.535kg/m,14.535,14.535,kg/m,{},[],GB/T 706-2016,表A.1,derived
,MAT-STE-004,section_area,18.51,[14a18.51cm²,18.51,18.51,cm²,{},[],GB/T 706-2016,表A.1,derived
,MAT-STE-004,channel_model,[16a,[16a,,,,{},[],GB/T 706-2016,表A.1,mandatory
,MAT-STE-004,height_h,160,[16ah=160,160,160,mm,{},[],GB/T 706-2016,表A.1,mandatory
,MAT-STE-004,leg_width_b,63,[16ab=63,63,63,mm,{},[],GB/T 706-2016,表A.1,mandatory
,MAT-STE-004,waist_d,6.5,[16ad=6.5,6.5,6.5,mm,{},[],GB/T 706-2016,表A.1,mandatory
,MAT-STE-004,theoretical_weight,17.240,[16a17.240kg/m,17.240,17.240,kg/m,{},[],GB/T 706-2016,表A.1,derived
,MAT-STE-004,section_area,21.95,[16a21.95cm²,21.95,21.95,cm²,{},[],GB/T 706-2016,表A.1,derived
,MAT-STE-004,channel_model,[18a,[18a,,,,{},[],GB/T 706-2016,表A.1,mandatory
,MAT-STE-004,height_h,180,[18ah=180,180,180,mm,{},[],GB/T 706-2016,表A.1,mandatory
,MAT-STE-004,leg_width_b,68,[18ab=68,68,68,mm,{},[],GB/T 706-2016,表A.1,mandatory
,MAT-STE-004,waist_d,7.0,[18ad=7.0,7.0,7.0,mm,{},[],GB/T 706-2016,表A.1,mandatory
,MAT-STE-004,theoretical_weight,20.174,[18a20.174kg/m,20.174,20.174,kg/m,{},[],GB/T 706-2016,表A.1,derived
,MAT-STE-004,section_area,25.69,[18a25.69cm²,25.69,25.69,cm²,{},[],GB/T 706-2016,表A.1,derived
,MAT-STE-004,channel_model,[20a,[20a,,,,{},[],GB/T 706-2016,表A.1,mandatory
,MAT-STE-004,height_h,200,[20ah=200,200,200,mm,{},[],GB/T 706-2016,表A.1,mandatory
,MAT-STE-004,leg_width_b,73,[20ab=73,73,73,mm,{},[],GB/T 706-2016,表A.1,mandatory
,MAT-STE-004,waist_d,7.0,[20ad=7.0,7.0,7.0,mm,{},[],GB/T 706-2016,表A.1,mandatory
,MAT-STE-004,theoretical_weight,22.637,[20a22.637kg/m,22.637,22.637,kg/m,{},[],GB/T 706-2016,表A.1,derived
,MAT-STE-004,section_area,28.83,[20a28.83cm²,28.83,28.83,cm²,{},[],GB/T 706-2016,表A.1,derived
,MAT-STE-004,channel_model,[22a,[22a,,,,{},[],GB/T 706-2016,表A.1,mandatory
,MAT-STE-004,height_h,220,[22ah=220,220,220,mm,{},[],GB/T 706-2016,表A.1,mandatory
,MAT-STE-004,leg_width_b,77,[22ab=77,77,77,mm,{},[],GB/T 706-2016,表A.1,mandatory
,MAT-STE-004,waist_d,7.0,[22ad=7.0,7.0,7.0,mm,{},[],GB/T 706-2016,表A.1,mandatory
,MAT-STE-004,theoretical_weight,24.999,[22a24.999kg/m,24.999,24.999,kg/m,{},[],GB/T 706-2016,表A.1,derived
,MAT-STE-004,section_area,31.84,[22a31.84cm²,31.84,31.84,cm²,{},[],GB/T 706-2016,表A.1,derived
,MAT-STE-004,channel_model,[25a,[25a,,,,{},[],GB/T 706-2016,表A.1,mandatory
,MAT-STE-004,height_h,250,[25ah=250,250,250,mm,{},[],GB/T 706-2016,表A.1,mandatory
,MAT-STE-004,leg_width_b,78,[25ab=78,78,78,mm,{},[],GB/T 706-2016,表A.1,mandatory
,MAT-STE-004,waist_d,7.0,[25ad=7.0,7.0,7.0,mm,{},[],GB/T 706-2016,表A.1,mandatory
,MAT-STE-004,theoretical_weight,27.410,[25a27.410kg/m,27.410,27.410,kg/m,{},[],GB/T 706-2016,表A.1,derived
,MAT-STE-004,section_area,34.91,[25a34.91cm²,34.91,34.91,cm²,{},[],GB/T 706-2016,表A.1,derived
,MAT-STE-004,channel_model,[28a,[28a,,,,{},[],GB/T 706-2016,表A.1,mandatory
,MAT-STE-004,height_h,280,[28ah=280,280,280,mm,{},[],GB/T 706-2016,表A.1,mandatory
,MAT-STE-004,leg_width_b,82,[28ab=82,82,82,mm,{},[],GB/T 706-2016,表A.1,mandatory
,MAT-STE-004,waist_d,7.5,[28ad=7.5,7.5,7.5,mm,{},[],GB/T 706-2016,表A.1,mandatory
,MAT-STE-004,theoretical_weight,31.427,[28a31.427kg/m,31.427,31.427,kg/m,{},[],GB/T 706-2016,表A.1,derived
,MAT-STE-004,section_area,40.02,[28a40.02cm²,40.02,40.02,cm²,{},[],GB/T 706-2016,表A.1,derived
,MAT-STE-004,channel_model,[32a,[32a,,,,{},[],GB/T 706-2016,表A.1,mandatory
,MAT-STE-004,height_h,320,[32ah=320,320,320,mm,{},[],GB/T 706-2016,表A.1,mandatory
,MAT-STE-004,leg_width_b,88,[32ab=88,88,88,mm,{},[],GB/T 706-2016,表A.1,mandatory
,MAT-STE-004,waist_d,8.0,[32ad=8.0,8.0,8.0,mm,{},[],GB/T 706-2016,表A.1,mandatory
,MAT-STE-004,theoretical_weight,38.083,[32a38.083kg/m,38.083,38.083,kg/m,{},[],GB/T 706-2016,表A.1,derived
,MAT-STE-004,section_area,48.50,[32a48.50cm²,48.50,48.50,cm²,{},[],GB/T 706-2016,表A.1,derived
,MAT-STE-011,steel_grade,Q235B,Q235B,,,,{},[],GB/T 706-2016,表1,required
,MAT-STE-011,steel_grade,Q345B,Q345B,,,,{},[],GB/T 706-2016,表1,required
,MAT-STE-011,steel_grade,Q390B,Q390B,,,,{},[],GB/T 706-2016,表1,required
,MAT-STE-011,steel_grade,Q420B,Q420B,,,,{},[],GB/T 706-2016,表1,required
,MAT-STE-011,steel_grade,Q460,Q460,,,,{},[],GB/T 706-2016,表1,required
,MAT-STE-011,surface_quality,合格,合格,,,,{},[],GB/T 706-2016,第5.6条,mandatory
,MAT-STE-011,surface_quality,修磨后合格,修磨后合格,,,,{},[],GB/T 706-2016,第5.6条,mandatory
,MAT-STE-011,deviation_class,普通精度,普通精度,,,,{},[],GB/T 706-2016,第5.2条,mandatory
,MAT-STE-011,deviation_class,较高精度,较高精度,,,,{},[],GB/T 706-2016,第5.2条,mandatory
,MAT-STE-011,angle_model,L20×3,L20×3,,,,{},[],GB/T 706-2016,表A.2,mandatory
,MAT-STE-011,leg_width_b,20,L20×3b=20,20,20,mm,{},[],GB/T 706-2016,表A.2,mandatory
,MAT-STE-011,leg_thick_d,3,L20×3d=3,3,3,mm,{},[],GB/T 706-2016,表A.2,mandatory
,MAT-STE-011,theoretical_weight,0.889,L20×30.889kg/m,0.889,0.889,kg/m,{},[],GB/T 706-2016,表A.2,derived
,MAT-STE-011,section_area,1.132,L20×31.132cm²,1.132,1.132,cm²,{},[],GB/T 706-2016,表A.2,derived
,MAT-STE-011,angle_model,L25×3,L25×3,,,,{},[],GB/T 706-2016,表A.2,mandatory
,MAT-STE-011,leg_width_b,25,L25×3b=25,25,25,mm,{},[],GB/T 706-2016,表A.2,mandatory
,MAT-STE-011,leg_thick_d,3,L25×3d=3,3,3,mm,{},[],GB/T 706-2016,表A.2,mandatory
,MAT-STE-011,theoretical_weight,1.124,L25×31.124kg/m,1.124,1.124,kg/m,{},[],GB/T 706-2016,表A.2,derived
,MAT-STE-011,section_area,1.432,L25×31.432cm²,1.432,1.432,cm²,{},[],GB/T 706-2016,表A.2,derived
,MAT-STE-011,angle_model,L30×3,L30×3,,,,{},[],GB/T 706-2016,表A.2,mandatory
,MAT-STE-011,leg_width_b,30,L30×3b=30,30,30,mm,{},[],GB/T 706-2016,表A.2,mandatory
,MAT-STE-011,leg_thick_d,3,L30×3d=3,3,3,mm,{},[],GB/T 706-2016,表A.2,mandatory
,MAT-STE-011,theoretical_weight,1.373,L30×31.373kg/m,1.373,1.373,kg/m,{},[],GB/T 706-2016,表A.2,derived
,MAT-STE-011,section_area,1.749,L30×31.749cm²,1.749,1.749,cm²,{},[],GB/T 706-2016,表A.2,derived
,MAT-STE-011,angle_model,L30×4,L30×4,,,,{},[],GB/T 706-2016,表A.2,mandatory
,MAT-STE-011,leg_width_b,30,L30×4b=30,30,30,mm,{},[],GB/T 706-2016,表A.2,mandatory
,MAT-STE-011,leg_thick_d,4,L30×4d=4,4,4,mm,{},[],GB/T 706-2016,表A.2,mandatory
,MAT-STE-011,theoretical_weight,1.786,L30×41.786kg/m,1.786,1.786,kg/m,{},[],GB/T 706-2016,表A.2,derived
,MAT-STE-011,section_area,2.276,L30×42.276cm²,2.276,2.276,cm²,{},[],GB/T 706-2016,表A.2,derived
,MAT-STE-011,angle_model,L40×4,L40×4,,,,{},[],GB/T 706-2016,表A.2,mandatory
,MAT-STE-011,leg_width_b,40,L40×4b=40,40,40,mm,{},[],GB/T 706-2016,表A.2,mandatory
,MAT-STE-011,leg_thick_d,4,L40×4d=4,4,4,mm,{},[],GB/T 706-2016,表A.2,mandatory
,MAT-STE-011,theoretical_weight,2.422,L40×42.422kg/m,2.422,2.422,kg/m,{},[],GB/T 706-2016,表A.2,derived
,MAT-STE-011,section_area,3.086,L40×43.086cm²,3.086,3.086,cm²,{},[],GB/T 706-2016,表A.2,derived
,MAT-STE-011,angle_model,L45×4,L45×4,,,,{},[],GB/T 706-2016,表A.2,mandatory
,MAT-STE-011,leg_width_b,45,L45×4b=45,45,45,mm,{},[],GB/T 706-2016,表A.2,mandatory
,MAT-STE-011,leg_thick_d,4,L45×4d=4,4,4,mm,{},[],GB/T 706-2016,表A.2,mandatory
,MAT-STE-011,theoretical_weight,2.736,L45×42.736kg/m,2.736,2.736,kg/m,{},[],GB/T 706-2016,表A.2,derived
,MAT-STE-011,section_area,3.486,L45×43.486cm²,3.486,3.486,cm²,{},[],GB/T 706-2016,表A.2,derived
,MAT-STE-011,angle_model,L50×5,L50×5,,,,{},[],GB/T 706-2016,表A.2,mandatory
,MAT-STE-011,leg_width_b,50,L50×5b=50,50,50,mm,{},[],GB/T 706-2016,表A.2,mandatory
,MAT-STE-011,leg_thick_d,5,L50×5d=5,5,5,mm,{},[],GB/T 706-2016,表A.2,mandatory
,MAT-STE-011,theoretical_weight,3.769,L50×53.769kg/m,3.769,3.769,kg/m,{},[],GB/T 706-2016,表A.2,derived
,MAT-STE-011,section_area,4.803,L50×54.803cm²,4.803,4.803,cm²,{},[],GB/T 706-2016,表A.2,derived
,MAT-STE-011,angle_model,L63×5,L63×5,,,,{},[],GB/T 706-2016,表A.2,mandatory
,MAT-STE-011,leg_width_b,63,L63×5b=63,63,63,mm,{},[],GB/T 706-2016,表A.2,mandatory
,MAT-STE-011,leg_thick_d,5,L63×5d=5,5,5,mm,{},[],GB/T 706-2016,表A.2,mandatory
,MAT-STE-011,theoretical_weight,4.822,L63×54.822kg/m,4.822,4.822,kg/m,{},[],GB/T 706-2016,表A.2,derived
,MAT-STE-011,section_area,6.143,L63×56.143cm²,6.143,6.143,cm²,{},[],GB/T 706-2016,表A.2,derived
,MAT-STE-011,angle_model,L70×6,L70×6,,,,{},[],GB/T 706-2016,表A.2,mandatory
,MAT-STE-011,leg_width_b,70,L70×6b=70,70,70,mm,{},[],GB/T 706-2016,表A.2,mandatory
,MAT-STE-011,leg_thick_d,6,L70×6d=6,6,6,mm,{},[],GB/T 706-2016,表A.2,mandatory
,MAT-STE-011,theoretical_weight,6.406,L70×66.406kg/m,6.406,6.406,kg/m,{},[],GB/T 706-2016,表A.2,derived
,MAT-STE-011,section_area,8.160,L70×68.160cm²,8.160,8.160,cm²,{},[],GB/T 706-2016,表A.2,derived
,MAT-STE-011,angle_model,L80×6,L80×6,,,,{},[],GB/T 706-2016,表A.2,mandatory
,MAT-STE-011,leg_width_b,80,L80×6b=80,80,80,mm,{},[],GB/T 706-2016,表A.2,mandatory
,MAT-STE-011,leg_thick_d,6,L80×6d=6,6,6,mm,{},[],GB/T 706-2016,表A.2,mandatory
,MAT-STE-011,theoretical_weight,7.376,L80×67.376kg/m,7.376,7.376,kg/m,{},[],GB/T 706-2016,表A.2,derived
,MAT-STE-011,section_area,9.397,L80×69.397cm²,9.397,9.397,cm²,{},[],GB/T 706-2016,表A.2,derived
,MAT-STE-011,angle_model,L90×8,L90×8,,,,{},[],GB/T 706-2016,表A.2,mandatory
,MAT-STE-011,leg_width_b,90,L90×8b=90,90,90,mm,{},[],GB/T 706-2016,表A.2,mandatory
,MAT-STE-011,leg_thick_d,8,L90×8d=8,8,8,mm,{},[],GB/T 706-2016,表A.2,mandatory
,MAT-STE-011,theoretical_weight,10.946,L90×810.946kg/m,10.946,10.946,kg/m,{},[],GB/T 706-2016,表A.2,derived
,MAT-STE-011,section_area,13.944,L90×813.944cm²,13.944,13.944,cm²,{},[],GB/T 706-2016,表A.2,derived
,MAT-STE-011,angle_model,L100×8,L100×8,,,,{},[],GB/T 706-2016,表A.2,mandatory
,MAT-STE-011,leg_width_b,100,L100×8b=100,100,100,mm,{},[],GB/T 706-2016,表A.2,mandatory
,MAT-STE-011,leg_thick_d,8,L100×8d=8,8,8,mm,{},[],GB/T 706-2016,表A.2,mandatory
,MAT-STE-011,theoretical_weight,12.276,L100×812.276kg/m,12.276,12.276,kg/m,{},[],GB/T 706-2016,表A.2,derived
,MAT-STE-011,section_area,15.638,L100×815.638cm²,15.638,15.638,cm²,{},[],GB/T 706-2016,表A.2,derived
,MAT-STE-011,angle_model,L125×10,L125×10,,,,{},[],GB/T 706-2016,表A.2,mandatory
,MAT-STE-011,leg_width_b,125,L125×10b=125,125,125,mm,{},[],GB/T 706-2016,表A.2,mandatory
,MAT-STE-011,leg_thick_d,10,L125×10d=10,10,10,mm,{},[],GB/T 706-2016,表A.2,mandatory
,MAT-STE-011,theoretical_weight,19.133,L125×1019.133kg/m,19.133,19.133,kg/m,{},[],GB/T 706-2016,表A.2,derived
,MAT-STE-011,section_area,24.373,L125×1024.373cm²,24.373,24.373,cm²,{},[],GB/T 706-2016,表A.2,derived
,MAT-STE-011,angle_model,L160×12,L160×12,,,,{},[],GB/T 706-2016,表A.2,mandatory
,MAT-STE-011,leg_width_b,160,L160×12b=160,160,160,mm,{},[],GB/T 706-2016,表A.2,mandatory
,MAT-STE-011,leg_thick_d,12,L160×12d=12,12,12,mm,{},[],GB/T 706-2016,表A.2,mandatory
,MAT-STE-011,theoretical_weight,29.391,L160×1229.391kg/m,29.391,29.391,kg/m,{},[],GB/T 706-2016,表A.2,derived
,MAT-STE-011,section_area,37.441,L160×1237.441cm²,37.441,37.441,cm²,{},[],GB/T 706-2016,表A.2,derived
,MAT-STE-011,angle_model,L200×14,L200×14,,,,{},[],GB/T 706-2016,表A.2,mandatory
,MAT-STE-011,leg_width_b,200,L200×14b=200,200,200,mm,{},[],GB/T 706-2016,表A.2,mandatory
,MAT-STE-011,leg_thick_d,14,L200×14d=14,14,14,mm,{},[],GB/T 706-2016,表A.2,mandatory
,MAT-STE-011,theoretical_weight,42.894,L200×1442.894kg/m,42.894,42.894,kg/m,{},[],GB/T 706-2016,表A.2,derived
,MAT-STE-011,section_area,54.642,L200×1454.642cm²,54.642,54.642,cm²,{},[],GB/T 706-2016,表A.2,derived
,MAT-STEL-001,steel_grade,Q235B,Q235B,,,,{},[],GB/T 706-2016,表1,required
,MAT-STEL-001,steel_grade,Q345B,Q345B,,,,{},[],GB/T 706-2016,表1,required
,MAT-STEL-001,steel_grade,Q390B,Q390B,,,,{},[],GB/T 706-2016,表1,required
,MAT-STEL-001,steel_grade,Q420B,Q420B,,,,{},[],GB/T 706-2016,表1,required
,MAT-STEL-001,steel_grade,Q460,Q460,,,,{},[],GB/T 706-2016,表1,required
,MAT-STEL-001,surface_quality,合格,合格,,,,{},[],GB/T 706-2016,第5.6条,mandatory
,MAT-STEL-001,surface_quality,修磨后合格,修磨后合格,,,,{},[],GB/T 706-2016,第5.6条,mandatory
,MAT-STEL-001,deviation_class,普通精度,普通精度,,,,{},[],GB/T 706-2016,第5.2条,mandatory
,MAT-STEL-001,deviation_class,较高精度,较高精度,,,,{},[],GB/T 706-2016,第5.2条,mandatory
,MAT-STEL-001,angle_model,L20×3,L20×3,,,,{},[],GB/T 706-2016,表A.2,mandatory
,MAT-STEL-001,leg_width_b,20,L20×3b=20,20,20,mm,{},[],GB/T 706-2016,表A.2,mandatory
,MAT-STEL-001,leg_thick_d,3,L20×3d=3,3,3,mm,{},[],GB/T 706-2016,表A.2,mandatory
,MAT-STEL-001,theoretical_weight,0.889,L20×30.889kg/m,0.889,0.889,kg/m,{},[],GB/T 706-2016,表A.2,derived
,MAT-STEL-001,section_area,1.132,L20×31.132cm²,1.132,1.132,cm²,{},[],GB/T 706-2016,表A.2,derived
,MAT-STEL-001,angle_model,L25×3,L25×3,,,,{},[],GB/T 706-2016,表A.2,mandatory
,MAT-STEL-001,leg_width_b,25,L25×3b=25,25,25,mm,{},[],GB/T 706-2016,表A.2,mandatory
,MAT-STEL-001,leg_thick_d,3,L25×3d=3,3,3,mm,{},[],GB/T 706-2016,表A.2,mandatory
,MAT-STEL-001,theoretical_weight,1.124,L25×31.124kg/m,1.124,1.124,kg/m,{},[],GB/T 706-2016,表A.2,derived
,MAT-STEL-001,section_area,1.432,L25×31.432cm²,1.432,1.432,cm²,{},[],GB/T 706-2016,表A.2,derived
,MAT-STEL-001,angle_model,L30×3,L30×3,,,,{},[],GB/T 706-2016,表A.2,mandatory
,MAT-STEL-001,leg_width_b,30,L30×3b=30,30,30,mm,{},[],GB/T 706-2016,表A.2,mandatory
,MAT-STEL-001,leg_thick_d,3,L30×3d=3,3,3,mm,{},[],GB/T 706-2016,表A.2,mandatory
,MAT-STEL-001,theoretical_weight,1.373,L30×31.373kg/m,1.373,1.373,kg/m,{},[],GB/T 706-2016,表A.2,derived
,MAT-STEL-001,section_area,1.749,L30×31.749cm²,1.749,1.749,cm²,{},[],GB/T 706-2016,表A.2,derived
,MAT-STEL-001,angle_model,L30×4,L30×4,,,,{},[],GB/T 706-2016,表A.2,mandatory
,MAT-STEL-001,leg_width_b,30,L30×4b=30,30,30,mm,{},[],GB/T 706-2016,表A.2,mandatory
,MAT-STEL-001,leg_thick_d,4,L30×4d=4,4,4,mm,{},[],GB/T 706-2016,表A.2,mandatory
,MAT-STEL-001,theoretical_weight,1.786,L30×41.786kg/m,1.786,1.786,kg/m,{},[],GB/T 706-2016,表A.2,derived
,MAT-STEL-001,section_area,2.276,L30×42.276cm²,2.276,2.276,cm²,{},[],GB/T 706-2016,表A.2,derived
,MAT-STEL-001,angle_model,L40×4,L40×4,,,,{},[],GB/T 706-2016,表A.2,mandatory
,MAT-STEL-001,leg_width_b,40,L40×4b=40,40,40,mm,{},[],GB/T 706-2016,表A.2,mandatory
,MAT-STEL-001,leg_thick_d,4,L40×4d=4,4,4,mm,{},[],GB/T 706-2016,表A.2,mandatory
,MAT-STEL-001,theoretical_weight,2.422,L40×42.422kg/m,2.422,2.422,kg/m,{},[],GB/T 706-2016,表A.2,derived
,MAT-STEL-001,section_area,3.086,L40×43.086cm²,3.086,3.086,cm²,{},[],GB/T 706-2016,表A.2,derived
,MAT-STEL-001,angle_model,L45×4,L45×4,,,,{},[],GB/T 706-2016,表A.2,mandatory
,MAT-STEL-001,leg_width_b,45,L45×4b=45,45,45,mm,{},[],GB/T 706-2016,表A.2,mandatory
,MAT-STEL-001,leg_thick_d,4,L45×4d=4,4,4,mm,{},[],GB/T 706-2016,表A.2,mandatory
,MAT-STEL-001,theoretical_weight,2.736,L45×42.736kg/m,2.736,2.736,kg/m,{},[],GB/T 706-2016,表A.2,derived
,MAT-STEL-001,section_area,3.486,L45×43.486cm²,3.486,3.486,cm²,{},[],GB/T 706-2016,表A.2,derived
,MAT-STEL-001,angle_model,L50×5,L50×5,,,,{},[],GB/T 706-2016,表A.2,mandatory
,MAT-STEL-001,leg_width_b,50,L50×5b=50,50,50,mm,{},[],GB/T 706-2016,表A.2,mandatory
,MAT-STEL-001,leg_thick_d,5,L50×5d=5,5,5,mm,{},[],GB/T 706-2016,表A.2,mandatory
,MAT-STEL-001,theoretical_weight,3.769,L50×53.769kg/m,3.769,3.769,kg/m,{},[],GB/T 706-2016,表A.2,derived
,MAT-STEL-001,section_area,4.803,L50×54.803cm²,4.803,4.803,cm²,{},[],GB/T 706-2016,表A.2,derived
,MAT-STEL-001,angle_model,L63×5,L63×5,,,,{},[],GB/T 706-2016,表A.2,mandatory
,MAT-STEL-001,leg_width_b,63,L63×5b=63,63,63,mm,{},[],GB/T 706-2016,表A.2,mandatory
,MAT-STEL-001,leg_thick_d,5,L63×5d=5,5,5,mm,{},[],GB/T 706-2016,表A.2,mandatory
,MAT-STEL-001,theoretical_weight,4.822,L63×54.822kg/m,4.822,4.822,kg/m,{},[],GB/T 706-2016,表A.2,derived
,MAT-STEL-001,section_area,6.143,L63×56.143cm²,6.143,6.143,cm²,{},[],GB/T 706-2016,表A.2,derived
,MAT-STEL-001,angle_model,L70×6,L70×6,,,,{},[],GB/T 706-2016,表A.2,mandatory
,MAT-STEL-001,leg_width_b,70,L70×6b=70,70,70,mm,{},[],GB/T 706-2016,表A.2,mandatory
,MAT-STEL-001,leg_thick_d,6,L70×6d=6,6,6,mm,{},[],GB/T 706-2016,表A.2,mandatory
,MAT-STEL-001,theoretical_weight,6.406,L70×66.406kg/m,6.406,6.406,kg/m,{},[],GB/T 706-2016,表A.2,derived
,MAT-STEL-001,section_area,8.160,L70×68.160cm²,8.160,8.160,cm²,{},[],GB/T 706-2016,表A.2,derived
,MAT-STEL-001,angle_model,L80×6,L80×6,,,,{},[],GB/T 706-2016,表A.2,mandatory
,MAT-STEL-001,leg_width_b,80,L80×6b=80,80,80,mm,{},[],GB/T 706-2016,表A.2,mandatory
,MAT-STEL-001,leg_thick_d,6,L80×6d=6,6,6,mm,{},[],GB/T 706-2016,表A.2,mandatory
,MAT-STEL-001,theoretical_weight,7.376,L80×67.376kg/m,7.376,7.376,kg/m,{},[],GB/T 706-2016,表A.2,derived
,MAT-STEL-001,section_area,9.397,L80×69.397cm²,9.397,9.397,cm²,{},[],GB/T 706-2016,表A.2,derived
,MAT-STEL-001,angle_model,L90×8,L90×8,,,,{},[],GB/T 706-2016,表A.2,mandatory
,MAT-STEL-001,leg_width_b,90,L90×8b=90,90,90,mm,{},[],GB/T 706-2016,表A.2,mandatory
,MAT-STEL-001,leg_thick_d,8,L90×8d=8,8,8,mm,{},[],GB/T 706-2016,表A.2,mandatory
,MAT-STEL-001,theoretical_weight,10.946,L90×810.946kg/m,10.946,10.946,kg/m,{},[],GB/T 706-2016,表A.2,derived
,MAT-STEL-001,section_area,13.944,L90×813.944cm²,13.944,13.944,cm²,{},[],GB/T 706-2016,表A.2,derived
,MAT-STEL-001,angle_model,L100×8,L100×8,,,,{},[],GB/T 706-2016,表A.2,mandatory
,MAT-STEL-001,leg_width_b,100,L100×8b=100,100,100,mm,{},[],GB/T 706-2016,表A.2,mandatory
,MAT-STEL-001,leg_thick_d,8,L100×8d=8,8,8,mm,{},[],GB/T 706-2016,表A.2,mandatory
,MAT-STEL-001,theoretical_weight,12.276,L100×812.276kg/m,12.276,12.276,kg/m,{},[],GB/T 706-2016,表A.2,derived
,MAT-STEL-001,section_area,15.638,L100×815.638cm²,15.638,15.638,cm²,{},[],GB/T 706-2016,表A.2,derived
,MAT-STEL-001,angle_model,L125×10,L125×10,,,,{},[],GB/T 706-2016,表A.2,mandatory
,MAT-STEL-001,leg_width_b,125,L125×10b=125,125,125,mm,{},[],GB/T 706-2016,表A.2,mandatory
,MAT-STEL-001,leg_thick_d,10,L125×10d=10,10,10,mm,{},[],GB/T 706-2016,表A.2,mandatory
,MAT-STEL-001,theoretical_weight,19.133,L125×1019.133kg/m,19.133,19.133,kg/m,{},[],GB/T 706-2016,表A.2,derived
,MAT-STEL-001,section_area,24.373,L125×1024.373cm²,24.373,24.373,cm²,{},[],GB/T 706-2016,表A.2,derived
,MAT-STEL-001,angle_model,L160×12,L160×12,,,,{},[],GB/T 706-2016,表A.2,mandatory
,MAT-STEL-001,leg_width_b,160,L160×12b=160,160,160,mm,{},[],GB/T 706-2016,表A.2,mandatory
,MAT-STEL-001,leg_thick_d,12,L160×12d=12,12,12,mm,{},[],GB/T 706-2016,表A.2,mandatory
,MAT-STEL-001,theoretical_weight,29.391,L160×1229.391kg/m,29.391,29.391,kg/m,{},[],GB/T 706-2016,表A.2,derived
,MAT-STEL-001,section_area,37.441,L160×1237.441cm²,37.441,37.441,cm²,{},[],GB/T 706-2016,表A.2,derived
,MAT-STEL-001,angle_model,L200×14,L200×14,,,,{},[],GB/T 706-2016,表A.2,mandatory
,MAT-STEL-001,leg_width_b,200,L200×14b=200,200,200,mm,{},[],GB/T 706-2016,表A.2,mandatory
,MAT-STEL-001,leg_thick_d,14,L200×14d=14,14,14,mm,{},[],GB/T 706-2016,表A.2,mandatory
,MAT-STEL-001,theoretical_weight,42.894,L200×1442.894kg/m,42.894,42.894,kg/m,{},[],GB/T 706-2016,表A.2,derived
,MAT-STEL-001,section_area,54.642,L200×1454.642cm²,54.642,54.642,cm²,{},[],GB/T 706-2016,表A.2,derived
,MAT-CABL-002,rated_voltage_uo_u,3.6/6,U₀/U=3.6/6kV,,,kV,{},[],GB/T 12706.3-2020,第4条/表1,required
,MAT-CABL-002,rated_voltage_uo_u,6/6,U₀/U=6/6kV,,,kV,{},[],GB/T 12706.3-2020,第4条/表1,required
,MAT-CABL-002,rated_voltage_uo_u,6/10,U₀/U=6/10kV,,,kV,{},[],GB/T 12706.3-2020,第4条/表1,required
,MAT-CABL-002,rated_voltage_uo_u,8.7/10,U₀/U=8.7/10kV,,,kV,{},[],GB/T 12706.3-2020,第4条/表1,required
,MAT-CABL-002,rated_voltage_uo_u,8.7/15,U₀/U=8.7/15kV,,,kV,{},[],GB/T 12706.3-2020,第4条/表1,required
,MAT-CABL-002,rated_voltage_uo_u,12/20,U₀/U=12/20kV,,,kV,{},[],GB/T 12706.3-2020,第4条/表1,required
,MAT-CABL-002,rated_voltage_uo_u,18/30,U₀/U=18/30kV,,,kV,{},[],GB/T 12706.3-2020,第4条/表1,required
,MAT-CABL-002,rated_voltage_uo_u,21/35,U₀/U=21/35kV,,,kV,{},[],GB/T 12706.3-2020,第4条/表1,required
,MAT-CABL-002,rated_voltage_uo_u,26/35,U₀/U=26/35kV,,,kV,{},[],GB/T 12706.3-2020,第4条/表1,required
,MAT-CABL-002,conductor_material,铜,铜,,,,{},[],GB/T 12706.3-2020,第5.1条,required
,MAT-CABL-002,conductor_material,铝,铝,,,,{},[],GB/T 12706.3-2020,第5.1条,required
,MAT-CABL-002,num_cores,1,1芯,1,1,,{},[],GB/T 12706.3-2020,第5.2条/表2,mandatory
,MAT-CABL-002,num_cores,3,3芯,3,3,,{},[],GB/T 12706.3-2020,第5.2条/表2,mandatory
,MAT-CABL-002,conductor_cross_section,1.5,1.5mm²,1.5,1.5,mm²,{},[],GB/T 12706.3-2020,第5.2条/表2,mandatory
,MAT-CABL-002,conductor_cross_section,2.5,2.5mm²,2.5,2.5,mm²,{},[],GB/T 12706.3-2020,第5.2条/表2,mandatory
,MAT-CABL-002,conductor_cross_section,4,4mm²,4,4,mm²,{},[],GB/T 12706.3-2020,第5.2条/表2,mandatory
,MAT-CABL-002,conductor_cross_section,6,6mm²,6,6,mm²,{},[],GB/T 12706.3-2020,第5.2条/表2,mandatory
,MAT-CABL-002,conductor_cross_section,10,10mm²,10,10,mm²,{},[],GB/T 12706.3-2020,第5.2条/表2,mandatory
,MAT-CABL-002,conductor_cross_section,16,16mm²,16,16,mm²,{},[],GB/T 12706.3-2020,第5.2条/表2,mandatory
,MAT-CABL-002,conductor_cross_section,25,25mm²,25,25,mm²,{},[],GB/T 12706.3-2020,第5.2条/表2,mandatory
,MAT-CABL-002,conductor_cross_section,35,35mm²,35,35,mm²,{},[],GB/T 12706.3-2020,第5.2条/表2,mandatory
,MAT-CABL-002,conductor_cross_section,50,50mm²,50,50,mm²,{},[],GB/T 12706.3-2020,第5.2条/表2,mandatory
,MAT-CABL-002,conductor_cross_section,70,70mm²,70,70,mm²,{},[],GB/T 12706.3-2020,第5.2条/表2,mandatory
,MAT-CABL-002,conductor_cross_section,95,95mm²,95,95,mm²,{},[],GB/T 12706.3-2020,第5.2条/表2,mandatory
,MAT-CABL-002,conductor_cross_section,120,120mm²,120,120,mm²,{},[],GB/T 12706.3-2020,第5.2条/表2,mandatory
,MAT-CABL-002,conductor_cross_section,150,150mm²,150,150,mm²,{},[],GB/T 12706.3-2020,第5.2条/表2,mandatory
,MAT-CABL-002,conductor_cross_section,185,185mm²,185,185,mm²,{},[],GB/T 12706.3-2020,第5.2条/表2,mandatory
,MAT-CABL-002,conductor_cross_section,240,240mm²,240,240,mm²,{},[],GB/T 12706.3-2020,第5.2条/表2,mandatory
,MAT-CABL-002,conductor_cross_section,300,300mm²,300,300,mm²,{},[],GB/T 12706.3-2020,第5.2条/表2,mandatory
,MAT-CABL-002,conductor_cross_section,400,400mm²,400,400,mm²,{},[],GB/T 12706.3-2020,第5.2条/表2,mandatory
,MAT-CABL-002,conductor_cross_section,500,500mm²,500,500,mm²,{},[],GB/T 12706.3-2020,第5.2条/表2,mandatory
,MAT-CABL-002,conductor_cross_section,630,630mm²,630,630,mm²,{},[],GB/T 12706.3-2020,第5.2条/表2,mandatory
,MAT-CABL-002,insulation_type,PVC,PVC,,,,{},[],GB/T 12706.3-2020,第6条/表3,required
,MAT-CABL-002,insulation_type,XLPE,XLPE,,,,{},[],GB/T 12706.3-2020,第6条/表3,required
,MAT-CABL-002,insulation_type,EPR,EPR,,,,{},[],GB/T 12706.3-2020,第6条/表3,required
,MAT-CABL-002,armor_type,无铠装,无铠装,,,,{},[],GB/T 12706.3-2020,第7.1条/表4,mandatory
,MAT-CABL-002,armor_type,钢带铠装,钢带铠装,,,,{},[],GB/T 12706.3-2020,第7.1条/表4,mandatory
,MAT-CABL-002,armor_type,钢丝铠装,钢丝铠装,,,,{},[],GB/T 12706.3-2020,第7.1条/表4,mandatory
,MAT-CABL-002,sheath_material,PVC,PVC,,,,{},[],GB/T 12706.3-2020,第7.2条/表5,mandatory
,MAT-CABL-002,sheath_material,PE,PE,,,,{},[],GB/T 12706.3-2020,第7.2条/表5,mandatory
,MAT-CABL-002,sheath_material,低烟无卤,低烟无卤,,,,{},[],GB/T 12706.3-2020,第7.2条/表5,mandatory
,MAT-CABL-002,min_bending_radius,15D,15倍电缆外径,,,mm,{},[],GB/T 12706.3-2020,第9条/表6,mandatory
,MAT-CABL-002,min_bending_radius,20D,20倍电缆外径,,,mm,{},[],GB/T 12706.3-2020,第9条/表6,mandatory
,MAT-CABL-008,flame_retardant_class,ZA,ZA级阻燃,,,,{},[],GB/T 19666-2019,第4.1条/表1,required
,MAT-CABL-008,flame_retardant_class,ZB,ZB级阻燃,,,,{},[],GB/T 19666-2019,第4.1条/表1,required
,MAT-CABL-008,flame_retardant_class,ZC,ZC级阻燃,,,,{},[],GB/T 19666-2019,第4.1条/表1,required
,MAT-CABL-008,flame_retardant_class,ZD,ZD级阻燃,,,,{},[],GB/T 19666-2019,第4.1条/表1,required
,MAT-CABL-008,fire_resistance_class,N,N级耐火,,,,{},[],GB/T 19666-2019,第4.2条/表2,mandatory
,MAT-CABL-008,fire_resistance_class,NJ,NJ级耐火,,,,{},[],GB/T 19666-2019,第4.2条/表2,mandatory
,MAT-CABL-008,fire_resistance_class,NS,NS级耐火,,,,{},[],GB/T 19666-2019,第4.2条/表2,mandatory
,MAT-CABL-008,low_smoke,是,低烟: 是,,,,{},[],GB/T 19666-2019,第4.3条,mandatory
,MAT-CABL-008,halogen_free,是,无卤: 是,,,,{},[],GB/T 19666-2019,第4.4条,mandatory
,MAT-CABL-008,low_toxicity,是,低毒: 是,,,,{},[],GB/T 19666-2019,第4.5条,mandatory
,MAT-CABL-008,low_corrosion,是,低腐蚀: 是,,,,{},[],GB/T 19666-2019,第4.6条,mandatory
,MAT-CABL-008,low_smoke,否,低烟: 否,,,,{},[],GB/T 19666-2019,第4.3条,mandatory
,MAT-CABL-008,halogen_free,否,无卤: 否,,,,{},[],GB/T 19666-2019,第4.4条,mandatory
,MAT-CABL-008,low_toxicity,否,低毒: 否,,,,{},[],GB/T 19666-2019,第4.5条,mandatory
,MAT-CABL-008,low_corrosion,否,低腐蚀: 否,,,,{},[],GB/T 19666-2019,第4.6条,mandatory
,MAT-CABL-008,cable_type_code,WDZA,WDZA,,,,{},[],GB/T 19666-2019,第5条/附录A,mandatory
,MAT-CABL-008,cable_type_code,WDZB,WDZB,,,,{},[],GB/T 19666-2019,第5条/附录A,mandatory
,MAT-CABL-008,cable_type_code,WDZC,WDZC,,,,{},[],GB/T 19666-2019,第5条/附录A,mandatory
,MAT-CABL-008,cable_type_code,WDZAN,WDZAN,,,,{},[],GB/T 19666-2019,第5条/附录A,mandatory
,MAT-CABL-008,cable_type_code,WDZBN,WDZBN,,,,{},[],GB/T 19666-2019,第5条/附录A,mandatory
,MAT-CABL-008,cable_type_code,WDZCN,WDZCN,,,,{},[],GB/T 19666-2019,第5条/附录A,mandatory
,MAT-BRD-004,nominal_dimensions,300×600,300×600,,,mm,{},[],GB/T 25998-2020,第4.1条/表1,required
,MAT-BRD-004,nominal_dimensions,600×600,600×600,,,mm,{},[],GB/T 25998-2020,第4.1条/表1,required
,MAT-BRD-004,nominal_dimensions,600×1200,600×1200,,,mm,{},[],GB/T 25998-2020,第4.1条/表1,required
,MAT-BRD-004,nominal_dimensions,300×1200,300×1200,,,mm,{},[],GB/T 25998-2020,第4.1条/表1,required
,MAT-BRD-004,nominal_dimensions,400×600,400×600,,,mm,{},[],GB/T 25998-2020,第4.1条/表1,required
,MAT-BRD-004,thickness,9,9mm,9,9,mm,{},[],GB/T 25998-2020,第4.1条/表1,mandatory
,MAT-BRD-004,thickness,12,12mm,12,12,mm,{},[],GB/T 25998-2020,第4.1条/表1,mandatory
,MAT-BRD-004,thickness,15,15mm,15,15,mm,{},[],GB/T 25998-2020,第4.1条/表1,mandatory
,MAT-BRD-004,thickness,18,18mm,18,18,mm,{},[],GB/T 25998-2020,第4.1条/表1,mandatory
,MAT-BRD-004,density_max,500,≤500kg/m³,,500,kg/m³,{},[],GB/T 25998-2020,第5.1条/表2,mandatory
,MAT-BRD-004,nrc,0.45,NRC≥0.45,0.45,,,{},[],GB/T 25998-2020,第5.2条/表2,mandatory
,MAT-BRD-004,nrc,0.50,NRC≥0.50,0.50,,,{},[],GB/T 25998-2020,第5.2条/表2,mandatory
,MAT-BRD-004,nrc,0.55,NRC≥0.55,0.55,,,{},[],GB/T 25998-2020,第5.2条/表2,mandatory
,MAT-BRD-004,nrc,0.60,NRC≥0.60,0.60,,,{},[],GB/T 25998-2020,第5.2条/表2,mandatory
,MAT-BRD-004,nrc,0.65,NRC≥0.65,0.65,,,{},[],GB/T 25998-2020,第5.2条/表2,mandatory
,MAT-BRD-004,nrc,0.70,NRC≥0.70,0.70,,,{},[],GB/T 25998-2020,第5.2条/表2,mandatory
,MAT-BRD-004,fire_class,A1,A1级,,,,{},[],GB/T 25998-2020,第5.3条/表2,mandatory
,MAT-BRD-004,fire_class,A2,A2级,,,,{},[],GB/T 25998-2020,第5.3条/表2,mandatory
,MAT-BRD-004,fire_class,B1,B1级,,,,{},[],GB/T 25998-2020,第5.3条/表2,mandatory
,MAT-BRD-004,bending_strength,60,≥60N,60,,N,{},[],GB/T 25998-2020,第5.4条/表2,mandatory
,MAT-BRD-004,bending_strength,80,≥80N,80,,N,{},[],GB/T 25998-2020,第5.4条/表2,mandatory
,MAT-BRD-004,bending_strength,100,≥100N,100,,N,{},[],GB/T 25998-2020,第5.4条/表2,mandatory
,MAT-BRD-004,bending_strength,120,≥120N,120,,N,{},[],GB/T 25998-2020,第5.4条/表2,mandatory
,MAT-BRD-004,formaldehyde_class,E0,E0级甲醛,,,,{},[],GB/T 25998-2020,第5.5条/表2,mandatory
,MAT-BRD-004,formaldehyde_class,E1,E1级甲醛,,,,{},[],GB/T 25998-2020,第5.5条/表2,mandatory
,MAT-BRD-004,thermal_conductivity,0.055,≤0.055W/(m·K),,0.055,W/(m·K),{},[],GB/T 25998-2020,第5.6条/表2,mandatory
,MAT-BRD-004,surface_pattern,平板,平板,,,,{},[],GB/T 25998-2020,第4.2条,mandatory
,MAT-BRD-004,surface_pattern,穿孔,穿孔,,,,{},[],GB/T 25998-2020,第4.2条,mandatory
,MAT-BRD-004,surface_pattern,浮雕,浮雕,,,,{},[],GB/T 25998-2020,第4.2条,mandatory
,MAT-BRD-004,surface_pattern,立体,立体,,,,{},[],GB/T 25998-2020,第4.2条,mandatory
,MAT-VALV-008,nominal_diameter,15,DN15,15,15,mm,{},[],GB/T 12244-2025,第4.1条/表1,mandatory
,MAT-VALV-008,nominal_diameter,20,DN20,20,20,mm,{},[],GB/T 12244-2025,第4.1条/表1,mandatory
,MAT-VALV-008,nominal_diameter,25,DN25,25,25,mm,{},[],GB/T 12244-2025,第4.1条/表1,mandatory
,MAT-VALV-008,nominal_diameter,32,DN32,32,32,mm,{},[],GB/T 12244-2025,第4.1条/表1,mandatory
,MAT-VALV-008,nominal_diameter,40,DN40,40,40,mm,{},[],GB/T 12244-2025,第4.1条/表1,mandatory
,MAT-VALV-008,nominal_diameter,50,DN50,50,50,mm,{},[],GB/T 12244-2025,第4.1条/表1,mandatory
,MAT-VALV-008,nominal_diameter,65,DN65,65,65,mm,{},[],GB/T 12244-2025,第4.1条/表1,mandatory
,MAT-VALV-008,nominal_diameter,80,DN80,80,80,mm,{},[],GB/T 12244-2025,第4.1条/表1,mandatory
,MAT-VALV-008,nominal_diameter,100,DN100,100,100,mm,{},[],GB/T 12244-2025,第4.1条/表1,mandatory
,MAT-VALV-008,nominal_diameter,125,DN125,125,125,mm,{},[],GB/T 12244-2025,第4.1条/表1,mandatory
,MAT-VALV-008,nominal_diameter,150,DN150,150,150,mm,{},[],GB/T 12244-2025,第4.1条/表1,mandatory
,MAT-VALV-008,nominal_diameter,200,DN200,200,200,mm,{},[],GB/T 12244-2025,第4.1条/表1,mandatory
,MAT-VALV-008,nominal_diameter,250,DN250,250,250,mm,{},[],GB/T 12244-2025,第4.1条/表1,mandatory
,MAT-VALV-008,nominal_diameter,300,DN300,300,300,mm,{},[],GB/T 12244-2025,第4.1条/表1,mandatory
,MAT-VALV-008,nominal_diameter,350,DN350,350,350,mm,{},[],GB/T 12244-2025,第4.1条/表1,mandatory
,MAT-VALV-008,nominal_diameter,400,DN400,400,400,mm,{},[],GB/T 12244-2025,第4.1条/表1,mandatory
,MAT-VALV-008,nominal_diameter,450,DN450,450,450,mm,{},[],GB/T 12244-2025,第4.1条/表1,mandatory
,MAT-VALV-008,nominal_diameter,500,DN500,500,500,mm,{},[],GB/T 12244-2025,第4.1条/表1,mandatory
,MAT-VALV-008,pressure_rating,1.0,PN1.0,1.0,1.0,MPa,{},[],GB/T 12244-2025,第4.1条/表1,mandatory
,MAT-VALV-008,pressure_rating,1.6,PN1.6,1.6,1.6,MPa,{},[],GB/T 12244-2025,第4.1条/表1,mandatory
,MAT-VALV-008,pressure_rating,2.5,PN2.5,2.5,2.5,MPa,{},[],GB/T 12244-2025,第4.1条/表1,mandatory
,MAT-VALV-008,pressure_rating,4.0,PN4.0,4.0,4.0,MPa,{},[],GB/T 12244-2025,第4.1条/表1,mandatory
,MAT-VALV-008,body_material,铸铁,铸铁,,,,{},[],GB/T 12244-2025,第5.1条/表2,mandatory
,MAT-VALV-008,body_material,铸钢,铸钢,,,,{},[],GB/T 12244-2025,第5.1条/表2,mandatory
,MAT-VALV-008,body_material,不锈钢,不锈钢,,,,{},[],GB/T 12244-2025,第5.1条/表2,mandatory
,MAT-VALV-008,body_material,铜合金,铜合金,,,,{},[],GB/T 12244-2025,第5.1条/表2,mandatory
,MAT-VALV-008,inlet_pressure_range,0.05~1.0,P1=0.05~1.0MPa,,,MPa,{},[],GB/T 12244-2025,第4.2条/表3,mandatory
,MAT-VALV-008,inlet_pressure_range,0.1~1.6,P1=0.1~1.6MPa,,,MPa,{},[],GB/T 12244-2025,第4.2条/表3,mandatory
,MAT-VALV-008,inlet_pressure_range,0.2~2.5,P1=0.2~2.5MPa,,,MPa,{},[],GB/T 12244-2025,第4.2条/表3,mandatory
,MAT-VALV-008,inlet_pressure_range,0.3~4.0,P1=0.3~4.0MPa,,,MPa,{},[],GB/T 12244-2025,第4.2条/表3,mandatory
,MAT-VALV-008,outlet_pressure_range,0.03~0.5,P2=0.03~0.5MPa,,,MPa,{},[],GB/T 12244-2025,第4.3条/表3,mandatory
,MAT-VALV-008,outlet_pressure_range,0.05~1.0,P2=0.05~1.0MPa,,,MPa,{},[],GB/T 12244-2025,第4.3条/表3,mandatory
,MAT-VALV-008,outlet_pressure_range,0.1~1.6,P2=0.1~1.6MPa,,,MPa,{},[],GB/T 12244-2025,第4.3条/表3,mandatory
,MAT-VALV-008,outlet_pressure_range,0.2~2.5,P2=0.2~2.5MPa,,,MPa,{},[],GB/T 12244-2025,第4.3条/表3,mandatory
,MAT-VALV-008,connection_type,法兰,法兰,,,,{},[],GB/T 12244-2025,第6.1条,required
,MAT-VALV-008,connection_type,螺纹,螺纹,,,,{},[],GB/T 12244-2025,第6.1条,required
,MAT-VALV-008,connection_type,焊接,焊接,,,,{},[],GB/T 12244-2025,第6.1条,required
,MAT-VALV-008,medium_temp_range,-20~80,-20~80℃,,,℃,{},[],GB/T 12244-2025,第4.4条/表4,mandatory
,MAT-VALV-008,medium_temp_range,-20~150,-20~150℃,,,℃,{},[],GB/T 12244-2025,第4.4条/表4,mandatory
,MAT-VALV-008,medium_temp_range,-20~200,-20~200℃,,,℃,{},[],GB/T 12244-2025,第4.4条/表4,mandatory
,MAT-VALV-008,medium_temp_range,-20~250,-20~250℃,,,℃,{},[],GB/T 12244-2025,第4.4条/表4,mandatory
,MAT-VALV-008,spring_range,0.05~0.5,0.05~0.5MPa,,,MPa,{},[],GB/T 12244-2025,第4.5条/表5,mandatory
,MAT-VALV-008,spring_range,0.1~1.0,0.1~1.0MPa,,,MPa,{},[],GB/T 12244-2025,第4.5条/表5,mandatory
,MAT-VALV-008,spring_range,0.2~1.6,0.2~1.6MPa,,,MPa,{},[],GB/T 12244-2025,第4.5条/表5,mandatory
,MAT-VALV-008,spring_range,0.3~2.5,0.3~2.5MPa,,,MPa,{},[],GB/T 12244-2025,第4.5条/表5,mandatory
,MAT-VALV-008,min_pressure_diff,0.05,≥0.05MPa,0.05,,MPa,{},[],GB/T 12244-2025,第4.6条,mandatory
,MAT-PAI-001,paint_type,面漆,面漆,,,,{},[],GB/T 9755-2024,第3条/表1,required
,MAT-PAI-001,paint_type,底漆,底漆,,,,{},[],GB/T 9755-2024,第3条/表1,required
,MAT-PAI-001,paint_type,中涂,中涂,,,,{},[],GB/T 9755-2024,第3条/表1,required
,MAT-PAI-001,contrast_ratio,0.90,≥0.90(合格品),0.90,,,{},[],GB/T 9755-2024,第5.1条/表2,mandatory
,MAT-PAI-001,contrast_ratio,0.93,≥0.93(一级品),0.93,,,{},[],GB/T 9755-2024,第5.1条/表2,mandatory
,MAT-PAI-001,contrast_ratio,0.95,≥0.95(优等品),0.95,,,{},[],GB/T 9755-2024,第5.1条/表2,mandatory
,MAT-PAI-001,scrub_resistance,2000,≥2000次(合格品),2000,,次,{},[],GB/T 9755-2024,第5.2条/表2,mandatory
,MAT-PAI-001,scrub_resistance,5000,≥5000次(一级品),5000,,次,{},[],GB/T 9755-2024,第5.2条/表2,mandatory
,MAT-PAI-001,scrub_resistance,10000,≥10000次(优等品),10000,,次,{},[],GB/T 9755-2024,第5.2条/表2,mandatory
,MAT-PAI-001,alkali_resistance,48,≥48h,48,,h,{},[],GB/T 9755-2024,第5.3条/表2,mandatory
,MAT-PAI-001,alkali_resistance,72,≥72h,72,,h,{},[],GB/T 9755-2024,第5.3条/表2,mandatory
,MAT-PAI-001,weathering_resistance,600,≥600h(合格品),600,,h,{},[],GB/T 9755-2024,第5.4条/表2,mandatory
,MAT-PAI-001,weathering_resistance,1000,≥1000h(一级品),1000,,h,{},[],GB/T 9755-2024,第5.4条/表2,mandatory
,MAT-PAI-001,weathering_resistance,1500,≥1500h(优等品),1500,,h,{},[],GB/T 9755-2024,第5.4条/表2,mandatory
,MAT-PAI-001,low_temp_stability,不变质,低温循环不变质,,,,{},[],GB/T 9755-2024,第5.5条,mandatory
,MAT-PAI-001,coating_appearance,正常,涂膜平整无缺陷,,,,{},[],GB/T 9755-2024,第5.6条,mandatory
,MAT-PAI-001,drying_time_surface,2,≤2h,,2,h,{},[],GB/T 9755-2024,第5.7条/表2,mandatory
,MAT-PAI-001,water_resistance,96,≥96h无异常,96,,h,{},[],GB/T 9755-2024,第5.8条/表2,mandatory
,MAT-PAI-001,voc_content,80,≤80g/L(水性内墙),,80,g/L,{},[],GB 18582-2020,第4.1条/表1,mandatory
,MAT-PAI-001,voc_content,50,≤50g/L(水性外墙),,50,g/L,{},[],GB 18582-2020,第4.1条/表1,mandatory
,MAT-PAI-001,formaldehyde_content,50,≤50mg/kg,,50,mg/kg,{},[],GB 18582-2020,第4.2条/表1,mandatory
,MAT-FPC-001,coating_type,厚型(H),厚型(H),,,,{},[],GB 14907-2018,第4条/表1,required
,MAT-FPC-001,coating_type,薄型(B),薄型(B),,,,{},[],GB 14907-2018,第4条/表1,required
,MAT-FPC-001,coating_type,超薄型(CB),超薄型(CB),,,,{},[],GB 14907-2018,第4条/表1,required
,MAT-FPC-001,use_location,室内,室内,,,,{},[],GB 14907-2018,第4条/表1,required
,MAT-FPC-001,use_location,室外,室外,,,,{},[],GB 14907-2018,第4条/表1,required
,MAT-FPC-001,fire_rating,F1.0,F1.0h,,,h,{},[],GB 14907-2018,第5.1条/表2,mandatory
,MAT-FPC-001,fire_rating,F1.5,F1.5h,,,h,{},[],GB 14907-2018,第5.1条/表2,mandatory
,MAT-FPC-001,fire_rating,F2.0,F2.0h,,,h,{},[],GB 14907-2018,第5.1条/表2,mandatory
,MAT-FPC-001,fire_rating,F2.5,F2.5h,,,h,{},[],GB 14907-2018,第5.1条/表2,mandatory
,MAT-FPC-001,fire_rating,F3.0,F3.0h,,,h,{},[],GB 14907-2018,第5.1条/表2,mandatory
,MAT-FPC-001,design_thickness,2,2mm,2,2,mm,{},[],GB 14907-2018,第5.2条/表2,mandatory
,MAT-FPC-001,design_thickness,3,3mm,3,3,mm,{},[],GB 14907-2018,第5.2条/表2,mandatory
,MAT-FPC-001,design_thickness,4,4mm,4,4,mm,{},[],GB 14907-2018,第5.2条/表2,mandatory
,MAT-FPC-001,design_thickness,5,5mm,5,5,mm,{},[],GB 14907-2018,第5.2条/表2,mandatory
,MAT-FPC-001,design_thickness,6,6mm,6,6,mm,{},[],GB 14907-2018,第5.2条/表2,mandatory
,MAT-FPC-001,design_thickness,7,7mm,7,7,mm,{},[],GB 14907-2018,第5.2条/表2,mandatory
,MAT-FPC-001,design_thickness,8,8mm,8,8,mm,{},[],GB 14907-2018,第5.2条/表2,mandatory
,MAT-FPC-001,design_thickness,10,10mm,10,10,mm,{},[],GB 14907-2018,第5.2条/表2,mandatory
,MAT-FPC-001,design_thickness,12,12mm,12,12,mm,{},[],GB 14907-2018,第5.2条/表2,mandatory
,MAT-FPC-001,design_thickness,15,15mm,15,15,mm,{},[],GB 14907-2018,第5.2条/表2,mandatory
,MAT-FPC-001,design_thickness,20,20mm,20,20,mm,{},[],GB 14907-2018,第5.2条/表2,mandatory
,MAT-FPC-001,design_thickness,25,25mm,25,25,mm,{},[],GB 14907-2018,第5.2条/表2,mandatory
,MAT-FPC-001,bond_strength,0.15,≥0.15MPa(厚型),0.15,,MPa,{},[],GB 14907-2018,第5.3条/表2,mandatory
,MAT-FPC-001,bond_strength,0.20,≥0.20MPa(薄型/超薄型),0.20,,MPa,{},[],GB 14907-2018,第5.3条/表2,mandatory
,MAT-FPC-001,compressive_strength_thick,0.5,≥0.5MPa,0.5,,MPa,{},[],GB 14907-2018,第5.3条/表2,mandatory
,MAT-FPC-001,dry_density_thick,600,≤600kg/m³,,600,kg/m³,{},[],GB 14907-2018,第5.4条/表2,mandatory
,MAT-FPC-001,water_resistance,24,≥24h,24,,h,{},[],GB 14907-2018,第5.5条/表2,mandatory
,MAT-FPC-001,thermal_shock_resistance,15,≥15次,15,,次,{},[],GB 14907-2018,第5.6条/表2,mandatory
,MAT-FPC-001,heat_exposure_resistance,720,≥720h,720,,h,{},[],GB 14907-2018,第5.7条/表2,mandatory
,MAT-FPC-001,humidity_heat_resistance,504,≥504h,504,,h,{},[],GB 14907-2018,第5.8条/表2,mandatory
,MAT-STE-007,galvanizing_coating_grade,A,A级(≥610g/m²),,,,{},[],GB/T 8349-2000,第3条/表1,required
,MAT-STE-007,min_coating_mass,610,≥610g/m²(A级),610,,g/m²,{},[],GB/T 8349-2000,第3条/表1,mandatory
,MAT-STE-007,galvanizing_coating_grade,B,B级(≥460g/m²),,,,{},[],GB/T 8349-2000,第3条/表1,required
,MAT-STE-007,min_coating_mass,460,≥460g/m²(B级),460,,g/m²,{},[],GB/T 8349-2000,第3条/表1,mandatory
,MAT-STE-007,galvanizing_coating_grade,C,C级(≥305g/m²),,,,{},[],GB/T 8349-2000,第3条/表1,required
,MAT-STE-007,min_coating_mass,305,≥305g/m²(C级),305,,g/m²,{},[],GB/T 8349-2000,第3条/表1,mandatory
,MAT-STE-007,coating_adhesion,合格,附着力合格,,,,{},[],GB/T 8349-2000,第4条,mandatory
,MAT-STE-007,coating_adhesion,不合格,附着力不合格,,,,{},[],GB/T 8349-2000,第4条,mandatory
,MAT-STE-007,coating_uniformity,合格(4次),合格(4次),,,,{},[],GB/T 8349-2000,第5条/表2,mandatory
,MAT-STE-007,coating_uniformity,合格(5次),合格(5次),,,,{},[],GB/T 8349-2000,第5条/表2,mandatory
,MAT-STE-007,coating_uniformity,合格(6次),合格(6次),,,,{},[],GB/T 8349-2000,第5条/表2,mandatory
,MAT-STE-007,coating_repair_method,锌基涂料修补,锌基涂料修补,,,,{},[],GB/T 8349-2000,第6条/附录A,mandatory
,MAT-STE-007,coating_repair_method,锌丝喷涂修补,锌丝喷涂修补,,,,{},[],GB/T 8349-2000,第6条/附录A,mandatory
,MAT-STE-007,coating_repair_method,熔融锌焊修补,熔融锌焊修补,,,,{},[],GB/T 8349-2000,第6条/附录A,mandatory
,MAT-FRM-001,galvanizing_coating_grade,A,A级(≥610g/m²),,,,{},[],GB/T 8349-2000,第3条/表1,required
,MAT-FRM-001,min_coating_mass,610,≥610g/m²(A级),610,,g/m²,{},[],GB/T 8349-2000,第3条/表1,mandatory
,MAT-FRM-001,galvanizing_coating_grade,B,B级(≥460g/m²),,,,{},[],GB/T 8349-2000,第3条/表1,required
,MAT-FRM-001,min_coating_mass,460,≥460g/m²(B级),460,,g/m²,{},[],GB/T 8349-2000,第3条/表1,mandatory
,MAT-FRM-001,galvanizing_coating_grade,C,C级(≥305g/m²),,,,{},[],GB/T 8349-2000,第3条/表1,required
,MAT-FRM-001,min_coating_mass,305,≥305g/m²(C级),305,,g/m²,{},[],GB/T 8349-2000,第3条/表1,mandatory
,MAT-FRM-001,coating_adhesion,合格,附着力合格,,,,{},[],GB/T 8349-2000,第4条,mandatory
,MAT-FRM-001,coating_adhesion,不合格,附着力不合格,,,,{},[],GB/T 8349-2000,第4条,mandatory
,MAT-FRM-001,coating_uniformity,合格(4次),合格(4次),,,,{},[],GB/T 8349-2000,第5条/表2,mandatory
,MAT-FRM-001,coating_uniformity,合格(5次),合格(5次),,,,{},[],GB/T 8349-2000,第5条/表2,mandatory
,MAT-FRM-001,coating_uniformity,合格(6次),合格(6次),,,,{},[],GB/T 8349-2000,第5条/表2,mandatory
,MAT-FRM-001,coating_repair_method,锌基涂料修补,锌基涂料修补,,,,{},[],GB/T 8349-2000,第6条/附录A,mandatory
,MAT-FRM-001,coating_repair_method,锌丝喷涂修补,锌丝喷涂修补,,,,{},[],GB/T 8349-2000,第6条/附录A,mandatory
,MAT-FRM-001,coating_repair_method,熔融锌焊修补,熔融锌焊修补,,,,{},[],GB/T 8349-2000,第6条/附录A,mandatory
,MAT-CON-002,strength_grade,C10,C10,,,,{},[],GB/T 14902-2012,第5.1条/表1,required
,MAT-CON-002,strength_grade,C15,C15,,,,{},[],GB/T 14902-2012,第5.1条/表1,required
,MAT-CON-002,strength_grade,C20,C20,,,,{},[],GB/T 14902-2012,第5.1条/表1,required
,MAT-CON-002,strength_grade,C25,C25,,,,{},[],GB/T 14902-2012,第5.1条/表1,required
,MAT-CON-002,strength_grade,C30,C30,,,,{},[],GB/T 14902-2012,第5.1条/表1,required
,MAT-CON-002,strength_grade,C35,C35,,,,{},[],GB/T 14902-2012,第5.1条/表1,required
,MAT-CON-002,strength_grade,C40,C40,,,,{},[],GB/T 14902-2012,第5.1条/表1,required
,MAT-CON-002,strength_grade,C45,C45,,,,{},[],GB/T 14902-2012,第5.1条/表1,required
,MAT-CON-002,strength_grade,C50,C50,,,,{},[],GB/T 14902-2012,第5.1条/表1,required
,MAT-CON-002,strength_grade,C55,C55,,,,{},[],GB/T 14902-2012,第5.1条/表1,required
,MAT-CON-002,strength_grade,C60,C60,,,,{},[],GB/T 14902-2012,第5.1条/表1,required
,MAT-CON-002,slump,30,30±30mm,30,30,mm,{},[],GB/T 14902-2012,第5.2条/表2,mandatory
,MAT-CON-002,slump,50,50±30mm,50,50,mm,{},[],GB/T 14902-2012,第5.2条/表2,mandatory
,MAT-CON-002,slump,70,70±30mm,70,70,mm,{},[],GB/T 14902-2012,第5.2条/表2,mandatory
,MAT-CON-002,slump,90,90±30mm,90,90,mm,{},[],GB/T 14902-2012,第5.2条/表2,mandatory
,MAT-CON-002,slump,100,100±30mm,100,100,mm,{},[],GB/T 14902-2012,第5.2条/表2,mandatory
,MAT-CON-002,slump,120,120±30mm,120,120,mm,{},[],GB/T 14902-2012,第5.2条/表2,mandatory
,MAT-CON-002,slump,150,150±30mm,150,150,mm,{},[],GB/T 14902-2012,第5.2条/表2,mandatory
,MAT-CON-002,slump,180,180±30mm,180,180,mm,{},[],GB/T 14902-2012,第5.2条/表2,mandatory
,MAT-CON-002,slump,200,200±30mm,200,200,mm,{},[],GB/T 14902-2012,第5.2条/表2,mandatory
,MAT-CON-002,slump,220,220±30mm,220,220,mm,{},[],GB/T 14902-2012,第5.2条/表2,mandatory
,MAT-CON-002,max_aggregate_size,20,20mm,20,20,mm,{},[],GB/T 14902-2012,第5.3条/附录A,mandatory
,MAT-CON-002,max_aggregate_size,25,25mm,25,25,mm,{},[],GB/T 14902-2012,第5.3条/附录A,mandatory
,MAT-CON-002,max_aggregate_size,31.5,31.5mm,31.5,31.5,mm,{},[],GB/T 14902-2012,第5.3条/附录A,mandatory
,MAT-CON-002,max_aggregate_size,40,40mm,40,40,mm,{},[],GB/T 14902-2012,第5.3条/附录A,mandatory
,MAT-CON-003,strength_grade,C10,C10,,,,{},[],GB/T 14902-2012,第5.1条/表1,required
,MAT-CON-003,strength_grade,C15,C15,,,,{},[],GB/T 14902-2012,第5.1条/表1,required
,MAT-CON-003,strength_grade,C20,C20,,,,{},[],GB/T 14902-2012,第5.1条/表1,required
,MAT-CON-003,strength_grade,C25,C25,,,,{},[],GB/T 14902-2012,第5.1条/表1,required
,MAT-CON-003,strength_grade,C30,C30,,,,{},[],GB/T 14902-2012,第5.1条/表1,required
,MAT-CON-003,strength_grade,C35,C35,,,,{},[],GB/T 14902-2012,第5.1条/表1,required
,MAT-CON-003,strength_grade,C40,C40,,,,{},[],GB/T 14902-2012,第5.1条/表1,required
,MAT-CON-003,strength_grade,C45,C45,,,,{},[],GB/T 14902-2012,第5.1条/表1,required
,MAT-CON-003,strength_grade,C50,C50,,,,{},[],GB/T 14902-2012,第5.1条/表1,required
,MAT-CON-003,strength_grade,C55,C55,,,,{},[],GB/T 14902-2012,第5.1条/表1,required
,MAT-CON-003,strength_grade,C60,C60,,,,{},[],GB/T 14902-2012,第5.1条/表1,required
,MAT-CON-003,slump,30,30±30mm,30,30,mm,{},[],GB/T 14902-2012,第5.2条/表2,mandatory
,MAT-CON-003,slump,50,50±30mm,50,50,mm,{},[],GB/T 14902-2012,第5.2条/表2,mandatory
,MAT-CON-003,slump,70,70±30mm,70,70,mm,{},[],GB/T 14902-2012,第5.2条/表2,mandatory
,MAT-CON-003,slump,90,90±30mm,90,90,mm,{},[],GB/T 14902-2012,第5.2条/表2,mandatory
,MAT-CON-003,slump,100,100±30mm,100,100,mm,{},[],GB/T 14902-2012,第5.2条/表2,mandatory
,MAT-CON-003,slump,120,120±30mm,120,120,mm,{},[],GB/T 14902-2012,第5.2条/表2,mandatory
,MAT-CON-003,slump,150,150±30mm,150,150,mm,{},[],GB/T 14902-2012,第5.2条/表2,mandatory
,MAT-CON-003,slump,180,180±30mm,180,180,mm,{},[],GB/T 14902-2012,第5.2条/表2,mandatory
,MAT-CON-003,slump,200,200±30mm,200,200,mm,{},[],GB/T 14902-2012,第5.2条/表2,mandatory
,MAT-CON-003,slump,220,220±30mm,220,220,mm,{},[],GB/T 14902-2012,第5.2条/表2,mandatory
,MAT-CON-003,max_aggregate_size,20,20mm,20,20,mm,{},[],GB/T 14902-2012,第5.3条/附录A,mandatory
,MAT-CON-003,max_aggregate_size,25,25mm,25,25,mm,{},[],GB/T 14902-2012,第5.3条/附录A,mandatory
,MAT-CON-003,max_aggregate_size,31.5,31.5mm,31.5,31.5,mm,{},[],GB/T 14902-2012,第5.3条/附录A,mandatory
,MAT-CON-003,max_aggregate_size,40,40mm,40,40,mm,{},[],GB/T 14902-2012,第5.3条/附录A,mandatory
,MAT-CON-004,strength_grade,C10,C10,,,,{},[],GB/T 14902-2012,第5.1条/表1,required
,MAT-CON-004,strength_grade,C15,C15,,,,{},[],GB/T 14902-2012,第5.1条/表1,required
,MAT-CON-004,strength_grade,C20,C20,,,,{},[],GB/T 14902-2012,第5.1条/表1,required
,MAT-CON-004,strength_grade,C25,C25,,,,{},[],GB/T 14902-2012,第5.1条/表1,required
,MAT-CON-004,strength_grade,C30,C30,,,,{},[],GB/T 14902-2012,第5.1条/表1,required
,MAT-CON-004,strength_grade,C35,C35,,,,{},[],GB/T 14902-2012,第5.1条/表1,required
,MAT-CON-004,strength_grade,C40,C40,,,,{},[],GB/T 14902-2012,第5.1条/表1,required
,MAT-CON-004,strength_grade,C45,C45,,,,{},[],GB/T 14902-2012,第5.1条/表1,required
,MAT-CON-004,strength_grade,C50,C50,,,,{},[],GB/T 14902-2012,第5.1条/表1,required
,MAT-CON-004,strength_grade,C55,C55,,,,{},[],GB/T 14902-2012,第5.1条/表1,required
,MAT-CON-004,strength_grade,C60,C60,,,,{},[],GB/T 14902-2012,第5.1条/表1,required
,MAT-CON-004,slump,30,30±30mm,30,30,mm,{},[],GB/T 14902-2012,第5.2条/表2,mandatory
,MAT-CON-004,slump,50,50±30mm,50,50,mm,{},[],GB/T 14902-2012,第5.2条/表2,mandatory
,MAT-CON-004,slump,70,70±30mm,70,70,mm,{},[],GB/T 14902-2012,第5.2条/表2,mandatory
,MAT-CON-004,slump,90,90±30mm,90,90,mm,{},[],GB/T 14902-2012,第5.2条/表2,mandatory
,MAT-CON-004,slump,100,100±30mm,100,100,mm,{},[],GB/T 14902-2012,第5.2条/表2,mandatory
,MAT-CON-004,slump,120,120±30mm,120,120,mm,{},[],GB/T 14902-2012,第5.2条/表2,mandatory
,MAT-CON-004,slump,150,150±30mm,150,150,mm,{},[],GB/T 14902-2012,第5.2条/表2,mandatory
,MAT-CON-004,slump,180,180±30mm,180,180,mm,{},[],GB/T 14902-2012,第5.2条/表2,mandatory
,MAT-CON-004,slump,200,200±30mm,200,200,mm,{},[],GB/T 14902-2012,第5.2条/表2,mandatory
,MAT-CON-004,slump,220,220±30mm,220,220,mm,{},[],GB/T 14902-2012,第5.2条/表2,mandatory
,MAT-CON-004,max_aggregate_size,20,20mm,20,20,mm,{},[],GB/T 14902-2012,第5.3条/附录A,mandatory
,MAT-CON-004,max_aggregate_size,25,25mm,25,25,mm,{},[],GB/T 14902-2012,第5.3条/附录A,mandatory
,MAT-CON-004,max_aggregate_size,31.5,31.5mm,31.5,31.5,mm,{},[],GB/T 14902-2012,第5.3条/附录A,mandatory
,MAT-CON-004,max_aggregate_size,40,40mm,40,40,mm,{},[],GB/T 14902-2012,第5.3条/附录A,mandatory
,MAT-CON-005,strength_grade,C10,C10,,,,{},[],GB/T 14902-2012,第5.1条/表1,required
,MAT-CON-005,strength_grade,C15,C15,,,,{},[],GB/T 14902-2012,第5.1条/表1,required
,MAT-CON-005,strength_grade,C20,C20,,,,{},[],GB/T 14902-2012,第5.1条/表1,required
,MAT-CON-005,strength_grade,C25,C25,,,,{},[],GB/T 14902-2012,第5.1条/表1,required
,MAT-CON-005,strength_grade,C30,C30,,,,{},[],GB/T 14902-2012,第5.1条/表1,required
,MAT-CON-005,strength_grade,C35,C35,,,,{},[],GB/T 14902-2012,第5.1条/表1,required
,MAT-CON-005,strength_grade,C40,C40,,,,{},[],GB/T 14902-2012,第5.1条/表1,required
,MAT-CON-005,strength_grade,C45,C45,,,,{},[],GB/T 14902-2012,第5.1条/表1,required
,MAT-CON-005,strength_grade,C50,C50,,,,{},[],GB/T 14902-2012,第5.1条/表1,required
,MAT-CON-005,strength_grade,C55,C55,,,,{},[],GB/T 14902-2012,第5.1条/表1,required
,MAT-CON-005,strength_grade,C60,C60,,,,{},[],GB/T 14902-2012,第5.1条/表1,required
,MAT-CON-005,slump,30,30±30mm,30,30,mm,{},[],GB/T 14902-2012,第5.2条/表2,mandatory
,MAT-CON-005,slump,50,50±30mm,50,50,mm,{},[],GB/T 14902-2012,第5.2条/表2,mandatory
,MAT-CON-005,slump,70,70±30mm,70,70,mm,{},[],GB/T 14902-2012,第5.2条/表2,mandatory
,MAT-CON-005,slump,90,90±30mm,90,90,mm,{},[],GB/T 14902-2012,第5.2条/表2,mandatory
,MAT-CON-005,slump,100,100±30mm,100,100,mm,{},[],GB/T 14902-2012,第5.2条/表2,mandatory
,MAT-CON-005,slump,120,120±30mm,120,120,mm,{},[],GB/T 14902-2012,第5.2条/表2,mandatory
,MAT-CON-005,slump,150,150±30mm,150,150,mm,{},[],GB/T 14902-2012,第5.2条/表2,mandatory
,MAT-CON-005,slump,180,180±30mm,180,180,mm,{},[],GB/T 14902-2012,第5.2条/表2,mandatory
,MAT-CON-005,slump,200,200±30mm,200,200,mm,{},[],GB/T 14902-2012,第5.2条/表2,mandatory
,MAT-CON-005,slump,220,220±30mm,220,220,mm,{},[],GB/T 14902-2012,第5.2条/表2,mandatory
,MAT-CON-005,max_aggregate_size,20,20mm,20,20,mm,{},[],GB/T 14902-2012,第5.3条/附录A,mandatory
,MAT-CON-005,max_aggregate_size,25,25mm,25,25,mm,{},[],GB/T 14902-2012,第5.3条/附录A,mandatory
,MAT-CON-005,max_aggregate_size,31.5,31.5mm,31.5,31.5,mm,{},[],GB/T 14902-2012,第5.3条/附录A,mandatory
,MAT-CON-005,max_aggregate_size,40,40mm,40,40,mm,{},[],GB/T 14902-2012,第5.3条/附录A,mandatory
,MAT-CON-006,strength_grade,C10,C10,,,,{},[],GB/T 14902-2012,第5.1条/表1,required
,MAT-CON-006,strength_grade,C15,C15,,,,{},[],GB/T 14902-2012,第5.1条/表1,required
,MAT-CON-006,strength_grade,C20,C20,,,,{},[],GB/T 14902-2012,第5.1条/表1,required
,MAT-CON-006,strength_grade,C25,C25,,,,{},[],GB/T 14902-2012,第5.1条/表1,required
,MAT-CON-006,strength_grade,C30,C30,,,,{},[],GB/T 14902-2012,第5.1条/表1,required
,MAT-CON-006,strength_grade,C35,C35,,,,{},[],GB/T 14902-2012,第5.1条/表1,required
,MAT-CON-006,strength_grade,C40,C40,,,,{},[],GB/T 14902-2012,第5.1条/表1,required
,MAT-CON-006,strength_grade,C45,C45,,,,{},[],GB/T 14902-2012,第5.1条/表1,required
,MAT-CON-006,strength_grade,C50,C50,,,,{},[],GB/T 14902-2012,第5.1条/表1,required
,MAT-CON-006,strength_grade,C55,C55,,,,{},[],GB/T 14902-2012,第5.1条/表1,required
,MAT-CON-006,strength_grade,C60,C60,,,,{},[],GB/T 14902-2012,第5.1条/表1,required
,MAT-CON-006,slump,30,30±30mm,30,30,mm,{},[],GB/T 14902-2012,第5.2条/表2,mandatory
,MAT-CON-006,slump,50,50±30mm,50,50,mm,{},[],GB/T 14902-2012,第5.2条/表2,mandatory
,MAT-CON-006,slump,70,70±30mm,70,70,mm,{},[],GB/T 14902-2012,第5.2条/表2,mandatory
,MAT-CON-006,slump,90,90±30mm,90,90,mm,{},[],GB/T 14902-2012,第5.2条/表2,mandatory
,MAT-CON-006,slump,100,100±30mm,100,100,mm,{},[],GB/T 14902-2012,第5.2条/表2,mandatory
,MAT-CON-006,slump,120,120±30mm,120,120,mm,{},[],GB/T 14902-2012,第5.2条/表2,mandatory
,MAT-CON-006,slump,150,150±30mm,150,150,mm,{},[],GB/T 14902-2012,第5.2条/表2,mandatory
,MAT-CON-006,slump,180,180±30mm,180,180,mm,{},[],GB/T 14902-2012,第5.2条/表2,mandatory
,MAT-CON-006,slump,200,200±30mm,200,200,mm,{},[],GB/T 14902-2012,第5.2条/表2,mandatory
,MAT-CON-006,slump,220,220±30mm,220,220,mm,{},[],GB/T 14902-2012,第5.2条/表2,mandatory
,MAT-CON-006,max_aggregate_size,20,20mm,20,20,mm,{},[],GB/T 14902-2012,第5.3条/附录A,mandatory
,MAT-CON-006,max_aggregate_size,25,25mm,25,25,mm,{},[],GB/T 14902-2012,第5.3条/附录A,mandatory
,MAT-CON-006,max_aggregate_size,31.5,31.5mm,31.5,31.5,mm,{},[],GB/T 14902-2012,第5.3条/附录A,mandatory
,MAT-CON-006,max_aggregate_size,40,40mm,40,40,mm,{},[],GB/T 14902-2012,第5.3条/附录A,mandatory
,MAT-CON-007,strength_grade,C10,C10,,,,{},[],GB/T 14902-2012,第5.1条/表1,required
,MAT-CON-007,strength_grade,C15,C15,,,,{},[],GB/T 14902-2012,第5.1条/表1,required
,MAT-CON-007,strength_grade,C20,C20,,,,{},[],GB/T 14902-2012,第5.1条/表1,required
,MAT-CON-007,strength_grade,C25,C25,,,,{},[],GB/T 14902-2012,第5.1条/表1,required
,MAT-CON-007,strength_grade,C30,C30,,,,{},[],GB/T 14902-2012,第5.1条/表1,required
,MAT-CON-007,strength_grade,C35,C35,,,,{},[],GB/T 14902-2012,第5.1条/表1,required
,MAT-CON-007,strength_grade,C40,C40,,,,{},[],GB/T 14902-2012,第5.1条/表1,required
,MAT-CON-007,strength_grade,C45,C45,,,,{},[],GB/T 14902-2012,第5.1条/表1,required
,MAT-CON-007,strength_grade,C50,C50,,,,{},[],GB/T 14902-2012,第5.1条/表1,required
,MAT-CON-007,strength_grade,C55,C55,,,,{},[],GB/T 14902-2012,第5.1条/表1,required
,MAT-CON-007,strength_grade,C60,C60,,,,{},[],GB/T 14902-2012,第5.1条/表1,required
,MAT-CON-007,slump,30,30±30mm,30,30,mm,{},[],GB/T 14902-2012,第5.2条/表2,mandatory
,MAT-CON-007,slump,50,50±30mm,50,50,mm,{},[],GB/T 14902-2012,第5.2条/表2,mandatory
,MAT-CON-007,slump,70,70±30mm,70,70,mm,{},[],GB/T 14902-2012,第5.2条/表2,mandatory
,MAT-CON-007,slump,90,90±30mm,90,90,mm,{},[],GB/T 14902-2012,第5.2条/表2,mandatory
,MAT-CON-007,slump,100,100±30mm,100,100,mm,{},[],GB/T 14902-2012,第5.2条/表2,mandatory
,MAT-CON-007,slump,120,120±30mm,120,120,mm,{},[],GB/T 14902-2012,第5.2条/表2,mandatory
,MAT-CON-007,slump,150,150±30mm,150,150,mm,{},[],GB/T 14902-2012,第5.2条/表2,mandatory
,MAT-CON-007,slump,180,180±30mm,180,180,mm,{},[],GB/T 14902-2012,第5.2条/表2,mandatory
,MAT-CON-007,slump,200,200±30mm,200,200,mm,{},[],GB/T 14902-2012,第5.2条/表2,mandatory
,MAT-CON-007,slump,220,220±30mm,220,220,mm,{},[],GB/T 14902-2012,第5.2条/表2,mandatory
,MAT-CON-007,max_aggregate_size,20,20mm,20,20,mm,{},[],GB/T 14902-2012,第5.3条/附录A,mandatory
,MAT-CON-007,max_aggregate_size,25,25mm,25,25,mm,{},[],GB/T 14902-2012,第5.3条/附录A,mandatory
,MAT-CON-007,max_aggregate_size,31.5,31.5mm,31.5,31.5,mm,{},[],GB/T 14902-2012,第5.3条/附录A,mandatory
,MAT-CON-007,max_aggregate_size,40,40mm,40,40,mm,{},[],GB/T 14902-2012,第5.3条/附录A,mandatory
,MAT-CON-008,strength_grade,C10,C10,,,,{},[],GB/T 14902-2012,第5.1条/表1,required
,MAT-CON-008,strength_grade,C15,C15,,,,{},[],GB/T 14902-2012,第5.1条/表1,required
,MAT-CON-008,strength_grade,C20,C20,,,,{},[],GB/T 14902-2012,第5.1条/表1,required
,MAT-CON-008,strength_grade,C25,C25,,,,{},[],GB/T 14902-2012,第5.1条/表1,required
,MAT-CON-008,strength_grade,C30,C30,,,,{},[],GB/T 14902-2012,第5.1条/表1,required
,MAT-CON-008,strength_grade,C35,C35,,,,{},[],GB/T 14902-2012,第5.1条/表1,required
,MAT-CON-008,strength_grade,C40,C40,,,,{},[],GB/T 14902-2012,第5.1条/表1,required
,MAT-CON-008,strength_grade,C45,C45,,,,{},[],GB/T 14902-2012,第5.1条/表1,required
,MAT-CON-008,strength_grade,C50,C50,,,,{},[],GB/T 14902-2012,第5.1条/表1,required
,MAT-CON-008,strength_grade,C55,C55,,,,{},[],GB/T 14902-2012,第5.1条/表1,required
,MAT-CON-008,strength_grade,C60,C60,,,,{},[],GB/T 14902-2012,第5.1条/表1,required
,MAT-CON-008,slump,30,30±30mm,30,30,mm,{},[],GB/T 14902-2012,第5.2条/表2,mandatory
,MAT-CON-008,slump,50,50±30mm,50,50,mm,{},[],GB/T 14902-2012,第5.2条/表2,mandatory
,MAT-CON-008,slump,70,70±30mm,70,70,mm,{},[],GB/T 14902-2012,第5.2条/表2,mandatory
,MAT-CON-008,slump,90,90±30mm,90,90,mm,{},[],GB/T 14902-2012,第5.2条/表2,mandatory
,MAT-CON-008,slump,100,100±30mm,100,100,mm,{},[],GB/T 14902-2012,第5.2条/表2,mandatory
,MAT-CON-008,slump,120,120±30mm,120,120,mm,{},[],GB/T 14902-2012,第5.2条/表2,mandatory
,MAT-CON-008,slump,150,150±30mm,150,150,mm,{},[],GB/T 14902-2012,第5.2条/表2,mandatory
,MAT-CON-008,slump,180,180±30mm,180,180,mm,{},[],GB/T 14902-2012,第5.2条/表2,mandatory
,MAT-CON-008,slump,200,200±30mm,200,200,mm,{},[],GB/T 14902-2012,第5.2条/表2,mandatory
,MAT-CON-008,slump,220,220±30mm,220,220,mm,{},[],GB/T 14902-2012,第5.2条/表2,mandatory
,MAT-CON-008,max_aggregate_size,20,20mm,20,20,mm,{},[],GB/T 14902-2012,第5.3条/附录A,mandatory
,MAT-CON-008,max_aggregate_size,25,25mm,25,25,mm,{},[],GB/T 14902-2012,第5.3条/附录A,mandatory
,MAT-CON-008,max_aggregate_size,31.5,31.5mm,31.5,31.5,mm,{},[],GB/T 14902-2012,第5.3条/附录A,mandatory
,MAT-CON-008,max_aggregate_size,40,40mm,40,40,mm,{},[],GB/T 14902-2012,第5.3条/附录A,mandatory
,MAT-FRM-002,keel_type,天地龙骨,天地龙骨,,,,{},[],GB/T 11981-2024,第4条/表1,required
,MAT-FRM-002,keel_type,竖龙骨,竖龙骨,,,,{},[],GB/T 11981-2024,第4条/表1,required
,MAT-FRM-002,keel_type,通贯龙骨,通贯龙骨,,,,{},[],GB/T 11981-2024,第4条/表1,required
,MAT-FRM-002,keel_type,吊顶主龙骨,吊顶主龙骨,,,,{},[],GB/T 11981-2024,第4条/表1,required
,MAT-FRM-002,keel_type,吊顶副龙骨,吊顶副龙骨,,,,{},[],GB/T 11981-2024,第4条/表1,required
,MAT-FRM-002,steel_thickness,0.6,0.6mm,0.6,0.6,mm,{},[],GB/T 11981-2024,第4条/表1,mandatory
,MAT-FRM-002,steel_thickness,0.7,0.7mm,0.7,0.7,mm,{},[],GB/T 11981-2024,第4条/表1,mandatory
,MAT-FRM-002,steel_thickness,0.8,0.8mm,0.8,0.8,mm,{},[],GB/T 11981-2024,第4条/表1,mandatory
,MAT-FRM-002,steel_thickness,1.0,1.0mm,1.0,1.0,mm,{},[],GB/T 11981-2024,第4条/表1,mandatory
,MAT-FRM-002,steel_thickness,1.2,1.2mm,1.2,1.2,mm,{},[],GB/T 11981-2024,第4条/表1,mandatory
,MAT-FRM-002,steel_thickness,1.5,1.5mm,1.5,1.5,mm,{},[],GB/T 11981-2024,第4条/表1,mandatory
,MAT-FRM-002,section_shape,C型,C型,,,,{},[],GB/T 11981-2024,第4条/表1,mandatory
,MAT-FRM-002,section_shape,U型,U型,,,,{},[],GB/T 11981-2024,第4条/表1,mandatory
,MAT-FRM-002,section_shape,L型,L型,,,,{},[],GB/T 11981-2024,第4条/表1,mandatory
,MAT-FRM-002,section_dimensions,50×25,50×25,,,mm,{},[],GB/T 11981-2024,第4条/表1,mandatory
,MAT-FRM-002,section_dimensions,50×40,50×40,,,mm,{},[],GB/T 11981-2024,第4条/表1,mandatory
,MAT-FRM-002,section_dimensions,75×35,75×35,,,mm,{},[],GB/T 11981-2024,第4条/表1,mandatory
,MAT-FRM-002,section_dimensions,75×40,75×40,,,mm,{},[],GB/T 11981-2024,第4条/表1,mandatory
,MAT-FRM-002,section_dimensions,75×50,75×50,,,mm,{},[],GB/T 11981-2024,第4条/表1,mandatory
,MAT-FRM-002,section_dimensions,100×35,100×35,,,mm,{},[],GB/T 11981-2024,第4条/表1,mandatory
,MAT-FRM-002,section_dimensions,100×40,100×40,,,mm,{},[],GB/T 11981-2024,第4条/表1,mandatory
,MAT-FRM-002,section_dimensions,100×50,100×50,,,mm,{},[],GB/T 11981-2024,第4条/表1,mandatory
,MAT-FRM-002,section_dimensions,150×40,150×40,,,mm,{},[],GB/T 11981-2024,第4条/表1,mandatory
,MAT-FRM-002,section_dimensions,150×50,150×50,,,mm,{},[],GB/T 11981-2024,第4条/表1,mandatory
,MAT-FRM-002,nominal_length,2700,2700mm,2700,2700,mm,{},[],GB/T 11981-2024,第4条/表2,mandatory
,MAT-FRM-002,nominal_length,3000,3000mm,3000,3000,mm,{},[],GB/T 11981-2024,第4条/表2,mandatory
,MAT-FRM-002,nominal_length,3300,3300mm,3300,3300,mm,{},[],GB/T 11981-2024,第4条/表2,mandatory
,MAT-FRM-002,nominal_length,3600,3600mm,3600,3600,mm,{},[],GB/T 11981-2024,第4条/表2,mandatory
,MAT-FRM-002,nominal_length,4000,4000mm,4000,4000,mm,{},[],GB/T 11981-2024,第4条/表2,mandatory
,MAT-FRM-002,steel_grade_design,Q195,Q195,,,,{},[],GB/T 11981-2024,第5.1条,mandatory
,MAT-FRM-002,steel_grade_design,Q215,Q215,,,,{},[],GB/T 11981-2024,第5.1条,mandatory
,MAT-FRM-002,steel_grade_design,Q235B,Q235B,,,,{},[],GB/T 11981-2024,第5.1条,mandatory
,MAT-FRM-002,surface_treatment,镀锌,镀锌,,,,{},[],GB/T 11981-2024,第5.2条,mandatory
,MAT-FRM-002,surface_treatment,镀铝锌,镀铝锌,,,,{},[],GB/T 11981-2024,第5.2条,mandatory
,MAT-FRM-002,surface_treatment,彩涂,彩涂,,,,{},[],GB/T 11981-2024,第5.2条,mandatory
,MAT-FRM-002,zinc_coating_mass,100,Z100(双面100g/m²),100,100,g/m²,{},[],GB/T 11981-2024,第5.2条/表3,mandatory
,MAT-FRM-002,zinc_coating_mass,120,Z120(双面120g/m²),120,120,g/m²,{},[],GB/T 11981-2024,第5.2条/表3,mandatory
,MAT-FRM-002,zinc_coating_mass,150,Z150(双面150g/m²),150,150,g/m²,{},[],GB/T 11981-2024,第5.2条/表3,mandatory
,MAT-FRM-002,zinc_coating_mass,180,Z180(双面180g/m²),180,180,g/m²,{},[],GB/T 11981-2024,第5.2条/表3,mandatory
,MAT-FRM-002,zinc_coating_mass,275,Z275(双面275g/m²),275,275,g/m²,{},[],GB/T 11981-2024,第5.2条/表3,mandatory
,MAT-FRM-002,dimension_deviation_length,±3,≤3000mm:±3mm,,,mm,{},[],GB/T 11981-2024,第6.1条/表4,mandatory
,MAT-FRM-002,dimension_deviation_section,±0.5,截面±0.5mm,,,mm,{},[],GB/T 11981-2024,第6.1条/表4,mandatory
,MAT-FRM-002,straightness,1.0,侧面≤1.0mm/m,,1.0,mm/m,{},[],GB/T 11981-2024,第6.2条,mandatory
,MAT-FRM-002,straightness,2.0,底面≤2.0mm/m,,2.0,mm/m,{},[],GB/T 11981-2024,第6.2条,mandatory
,MAT-FRM-002,torsion,3,≤3mm,,3,mm,{},[],GB/T 11981-2024,第6.3条,mandatory
,MAT-FRM-002,flatness_keel,1.5,底面≤1.5mm,,1.5,mm,{},[],GB/T 11981-2024,第6.4条,mandatory
,MAT-FRM-002,load_capacity,200,≥200N,200,,N,{},[],GB/T 11981-2024,第7条/表5,mandatory
,MAT-FRM-002,load_capacity,300,≥300N,300,,N,{},[],GB/T 11981-2024,第7条/表5,mandatory
,MAT-FRM-002,load_capacity,400,≥400N,400,,N,{},[],GB/T 11981-2024,第7条/表5,mandatory
,MAT-FRM-002,load_capacity,500,≥500N,500,,N,{},[],GB/T 11981-2024,第7条/表5,mandatory
,MAT-FRM-002,load_capacity,600,≥600N,600,,N,{},[],GB/T 11981-2024,第7条/表5,mandatory
,MAT-FRM-002,stiffness,L/300,≤L/300,,,mm,{},[],GB/T 11981-2024,第7条/表5,mandatory
,MAT-FRM-002,stiffness,L/360,≤L/360,,,mm,{},[],GB/T 11981-2024,第7条/表5,mandatory
,MAT-FRM-002,impact_resistance,合格,抗冲击试验合格,,,,{},[],GB/T 11981-2024,第8条,mandatory
,MAT-STE-010,steel_grade,10,10,,,,{},[],GB/T 8163-2018,第5.1条/表1,required
,MAT-STE-010,steel_grade,20,20,,,,{},[],GB/T 8163-2018,第5.1条/表1,required
,MAT-STE-010,steel_grade,Q345B,Q345B,,,,{},[],GB/T 8163-2018,第5.1条/表1,required
,MAT-STE-010,steel_grade,Q390B,Q390B,,,,{},[],GB/T 8163-2018,第5.1条/表1,required
,MAT-STE-010,steel_grade,Q420B,Q420B,,,,{},[],GB/T 8163-2018,第5.1条/表1,required
,MAT-STE-010,steel_grade,Q460C,Q460C,,,,{},[],GB/T 8163-2018,第5.1条/表1,required
,MAT-STE-010,outer_diameter,21.3,D21.3,21.3,21.3,mm,{},[],GB/T 8163-2018,第4条/表2,mandatory
,MAT-STE-010,outer_diameter,26.9,D26.9,26.9,26.9,mm,{},[],GB/T 8163-2018,第4条/表2,mandatory
,MAT-STE-010,outer_diameter,33.7,D33.7,33.7,33.7,mm,{},[],GB/T 8163-2018,第4条/表2,mandatory
,MAT-STE-010,outer_diameter,42.4,D42.4,42.4,42.4,mm,{},[],GB/T 8163-2018,第4条/表2,mandatory
,MAT-STE-010,outer_diameter,48.3,D48.3,48.3,48.3,mm,{},[],GB/T 8163-2018,第4条/表2,mandatory
,MAT-STE-010,outer_diameter,60.3,D60.3,60.3,60.3,mm,{},[],GB/T 8163-2018,第4条/表2,mandatory
,MAT-STE-010,outer_diameter,76.1,D76.1,76.1,76.1,mm,{},[],GB/T 8163-2018,第4条/表2,mandatory
,MAT-STE-010,outer_diameter,88.9,D88.9,88.9,88.9,mm,{},[],GB/T 8163-2018,第4条/表2,mandatory
,MAT-STE-010,outer_diameter,114.3,D114.3,114.3,114.3,mm,{},[],GB/T 8163-2018,第4条/表2,mandatory
,MAT-STE-010,outer_diameter,139.7,D139.7,139.7,139.7,mm,{},[],GB/T 8163-2018,第4条/表2,mandatory
,MAT-STE-010,outer_diameter,168.3,D168.3,168.3,168.3,mm,{},[],GB/T 8163-2018,第4条/表2,mandatory
,MAT-STE-010,outer_diameter,219.1,D219.1,219.1,219.1,mm,{},[],GB/T 8163-2018,第4条/表2,mandatory
,MAT-STE-010,outer_diameter,273,D273,273,273,mm,{},[],GB/T 8163-2018,第4条/表2,mandatory
,MAT-STE-010,outer_diameter,323.9,D323.9,323.9,323.9,mm,{},[],GB/T 8163-2018,第4条/表2,mandatory
,MAT-STE-010,outer_diameter,355.6,D355.6,355.6,355.6,mm,{},[],GB/T 8163-2018,第4条/表2,mandatory
,MAT-STE-010,outer_diameter,406.4,D406.4,406.4,406.4,mm,{},[],GB/T 8163-2018,第4条/表2,mandatory
,MAT-STE-010,outer_diameter,457,D457,457,457,mm,{},[],GB/T 8163-2018,第4条/表2,mandatory
,MAT-STE-010,outer_diameter,508,D508,508,508,mm,{},[],GB/T 8163-2018,第4条/表2,mandatory
,MAT-STE-010,outer_diameter,610,D610,610,610,mm,{},[],GB/T 8163-2018,第4条/表2,mandatory
,MAT-STE-010,outer_diameter,630,D630,630,630,mm,{},[],GB/T 8163-2018,第4条/表2,mandatory
,MAT-STE-010,wall_thickness,2.5,S=2.5,2.5,2.5,mm,{},[],GB/T 8163-2018,第4条/表2,mandatory
,MAT-STE-010,wall_thickness,3.0,S=3.0,3.0,3.0,mm,{},[],GB/T 8163-2018,第4条/表2,mandatory
,MAT-STE-010,wall_thickness,3.5,S=3.5,3.5,3.5,mm,{},[],GB/T 8163-2018,第4条/表2,mandatory
,MAT-STE-010,wall_thickness,4.0,S=4.0,4.0,4.0,mm,{},[],GB/T 8163-2018,第4条/表2,mandatory
,MAT-STE-010,wall_thickness,5.0,S=5.0,5.0,5.0,mm,{},[],GB/T 8163-2018,第4条/表2,mandatory
,MAT-STE-010,wall_thickness,6.0,S=6.0,6.0,6.0,mm,{},[],GB/T 8163-2018,第4条/表2,mandatory
,MAT-STE-010,wall_thickness,6.5,S=6.5,6.5,6.5,mm,{},[],GB/T 8163-2018,第4条/表2,mandatory
,MAT-STE-010,wall_thickness,8.0,S=8.0,8.0,8.0,mm,{},[],GB/T 8163-2018,第4条/表2,mandatory
,MAT-STE-010,wall_thickness,10.0,S=10.0,10.0,10.0,mm,{},[],GB/T 8163-2018,第4条/表2,mandatory
,MAT-STE-010,wall_thickness,12.5,S=12.5,12.5,12.5,mm,{},[],GB/T 8163-2018,第4条/表2,mandatory
,MAT-STE-010,wall_thickness,15.0,S=15.0,15.0,15.0,mm,{},[],GB/T 8163-2018,第4条/表2,mandatory
,MAT-STE-010,wall_thickness,20.0,S=20.0,20.0,20.0,mm,{},[],GB/T 8163-2018,第4条/表2,mandatory
,MAT-STE-010,wall_thickness,25.0,S=25.0,25.0,25.0,mm,{},[],GB/T 8163-2018,第4条/表2,mandatory
,MAT-STE-010,wall_thickness,30.0,S=30.0,30.0,30.0,mm,{},[],GB/T 8163-2018,第4条/表2,mandatory
,MAT-STE-010,wall_thickness,40.0,S=40.0,40.0,40.0,mm,{},[],GB/T 8163-2018,第4条/表2,mandatory
,MAT-STE-010,delivery_condition,热轧,热轧,,,,{},[],GB/T 8163-2018,第5.2条,mandatory
,MAT-STE-010,delivery_condition,冷拔,冷拔,,,,{},[],GB/T 8163-2018,第5.2条,mandatory
,MAT-STE-010,delivery_condition,正火,正火,,,,{},[],GB/T 8163-2018,第5.2条,mandatory
,MAT-STE-010,delivery_condition,调质,调质,,,,{},[],GB/T 8163-2018,第5.2条,mandatory
,MAT-STE-010,tensile_strength_rm,335,≥335MPa(10钢),335,,MPa,{},[],GB/T 8163-2018,第6.1条/表3,mandatory
,MAT-STE-010,tensile_strength_rm,410,≥410MPa(20钢),410,,MPa,{},[],GB/T 8163-2018,第6.1条/表3,mandatory
,MAT-STE-010,tensile_strength_rm,470,≥470MPa(Q345B),470,,MPa,{},[],GB/T 8163-2018,第6.1条/表3,mandatory
,MAT-STE-010,tensile_strength_rm,490,≥490MPa(Q390B),490,,MPa,{},[],GB/T 8163-2018,第6.1条/表3,mandatory
,MAT-STE-010,tensile_strength_rm,520,≥520MPa(Q420B),520,,MPa,{},[],GB/T 8163-2018,第6.1条/表3,mandatory
,MAT-STE-010,tensile_strength_rm,570,≥570MPa(),570,,MPa,{},[],GB/T 8163-2018,第6.1条/表3,mandatory
,MAT-STE-010,tensile_strength_rm,630,≥630MPa(Q460C),630,,MPa,{},[],GB/T 8163-2018,第6.1条/表3,mandatory
,MAT-STE-010,yield_strength_rel,205,≥205MPa(10钢),205,,MPa,{},[],GB/T 8163-2018,第6.1条/表3,mandatory
,MAT-STE-010,yield_strength_rel,235,≥235MPa(20钢),235,,MPa,{},[],GB/T 8163-2018,第6.1条/表3,mandatory
,MAT-STE-010,yield_strength_rel,345,≥345MPa(Q345B),345,,MPa,{},[],GB/T 8163-2018,第6.1条/表3,mandatory
,MAT-STE-010,yield_strength_rel,370,≥370MPa(Q390B),370,,MPa,{},[],GB/T 8163-2018,第6.1条/表3,mandatory
,MAT-STE-010,yield_strength_rel,400,≥400MPa(Q420B),400,,MPa,{},[],GB/T 8163-2018,第6.1条/表3,mandatory
,MAT-STE-010,yield_strength_rel,420,≥420MPa(Q460C),420,,MPa,{},[],GB/T 8163-2018,第6.1条/表3,mandatory
,MAT-STE-010,elongation_a,20,≥20%,20,,%,{},[],GB/T 8163-2018,第6.1条/表3,mandatory
,MAT-STE-010,elongation_a,21,≥21%,21,,%,{},[],GB/T 8163-2018,第6.1条/表3,mandatory
,MAT-STE-010,elongation_a,22,≥22%,22,,%,{},[],GB/T 8163-2018,第6.1条/表3,mandatory
,MAT-STE-010,elongation_a,24,≥24%,24,,%,{},[],GB/T 8163-2018,第6.1条/表3,mandatory
,MAT-STE-010,elongation_a,25,≥25%,25,,%,{},[],GB/T 8163-2018,第6.1条/表3,mandatory
,MAT-STE-010,surface_quality,合格,无缺陷,,,,{},[],GB/T 8163-2018,第6.5条,mandatory
,MAT-STE-010,dimension_tolerance,±1%,外径≤50mm,,,%,{},[],GB/T 8163-2018,第7条/表4,mandatory
,MAT-STE-010,dimension_tolerance,±0.75%,外径>50mm,,,%,{},[],GB/T 8163-2018,第7条/表4,mandatory
,MAT-DOO-003,profile_series,50,50系列,,,,{},[],GB/T 8478-2020,第4条/表1,mandatory
,MAT-DOO-003,profile_series,55,55系列,,,,{},[],GB/T 8478-2020,第4条/表1,mandatory
,MAT-DOO-003,profile_series,60,60系列,,,,{},[],GB/T 8478-2020,第4条/表1,mandatory
,MAT-DOO-003,profile_series,65,65系列,,,,{},[],GB/T 8478-2020,第4条/表1,mandatory
,MAT-DOO-003,profile_series,70,70系列,,,,{},[],GB/T 8478-2020,第4条/表1,mandatory
,MAT-DOO-003,profile_series,75,75系列,,,,{},[],GB/T 8478-2020,第4条/表1,mandatory
,MAT-DOO-003,profile_series,80,80系列,,,,{},[],GB/T 8478-2020,第4条/表1,mandatory
,MAT-DOO-003,profile_wall_thickness,1.4,≥1.4mm,1.4,,mm,{},[],GB/T 8478-2020,第5.1条/表2,mandatory
,MAT-DOO-003,profile_wall_thickness,1.6,≥1.6mm,1.6,,mm,{},[],GB/T 8478-2020,第5.1条/表2,mandatory
,MAT-DOO-003,profile_wall_thickness,1.8,≥1.8mm,1.8,,mm,{},[],GB/T 8478-2020,第5.1条/表2,mandatory
,MAT-DOO-003,profile_wall_thickness,2.0,≥2.0mm,2.0,,mm,{},[],GB/T 8478-2020,第5.1条/表2,mandatory
,MAT-DOO-003,profile_wall_thickness,2.2,≥2.2mm,2.2,,mm,{},[],GB/T 8478-2020,第5.1条/表2,mandatory
,MAT-DOO-003,glass_type,中空钢化,中空钢化,,,,{},[],GB/T 8478-2020,第5.2条,mandatory
,MAT-DOO-003,glass_type,中空Low-E,中空Low-E,,,,{},[],GB/T 8478-2020,第5.2条,mandatory
,MAT-DOO-003,glass_type,夹胶钢化,夹胶钢化,,,,{},[],GB/T 8478-2020,第5.2条,mandatory
,MAT-DOO-003,glass_type,单片钢化,单片钢化,,,,{},[],GB/T 8478-2020,第5.2条,mandatory
,MAT-DOO-003,glass_type,三玻两腔,三玻两腔,,,,{},[],GB/T 8478-2020,第5.2条,mandatory
,MAT-DOO-003,thermal_transmittance,1.1,K≤1.1,1.1,,W/(m²·K),{},[],GB/T 8478-2020,第6.1条/表3,mandatory
,MAT-DOO-003,thermal_transmittance,1.3,K≤1.3,1.3,,W/(m²·K),{},[],GB/T 8478-2020,第6.1条/表3,mandatory
,MAT-DOO-003,thermal_transmittance,1.6,K≤1.6,1.6,,W/(m²·K),{},[],GB/T 8478-2020,第6.1条/表3,mandatory
,MAT-DOO-003,thermal_transmittance,1.8,K≤1.8,1.8,,W/(m²·K),{},[],GB/T 8478-2020,第6.1条/表3,mandatory
,MAT-DOO-003,thermal_transmittance,2.0,K≤2.0,2.0,,W/(m²·K),{},[],GB/T 8478-2020,第6.1条/表3,mandatory
,MAT-DOO-003,thermal_transmittance,2.2,K≤2.2,2.2,,W/(m²·K),{},[],GB/T 8478-2020,第6.1条/表3,mandatory
,MAT-DOO-003,thermal_transmittance,2.5,K≤2.5,2.5,,W/(m²·K),{},[],GB/T 8478-2020,第6.1条/表3,mandatory
,MAT-DOO-003,thermal_transmittance,2.8,K≤2.8,2.8,,W/(m²·K),{},[],GB/T 8478-2020,第6.1条/表3,mandatory
,MAT-DOO-003,air_permeability,1,1级,,,,{},[],GB/T 8478-2020,第6.2条/表4,mandatory
,MAT-DOO-003,air_permeability,2,2级,,,,{},[],GB/T 8478-2020,第6.2条/表4,mandatory
,MAT-DOO-003,air_permeability,3,3级,,,,{},[],GB/T 8478-2020,第6.2条/表4,mandatory
,MAT-DOO-003,air_permeability,4,4级,,,,{},[],GB/T 8478-2020,第6.2条/表4,mandatory
,MAT-DOO-003,air_permeability,5,5级,,,,{},[],GB/T 8478-2020,第6.2条/表4,mandatory
,MAT-DOO-003,air_permeability,6,6级,,,,{},[],GB/T 8478-2020,第6.2条/表4,mandatory
,MAT-DOO-003,air_permeability,7,7级,,,,{},[],GB/T 8478-2020,第6.2条/表4,mandatory
,MAT-DOO-003,air_permeability,8,8级,,,,{},[],GB/T 8478-2020,第6.2条/表4,mandatory
,MAT-DOO-003,water_tightness,100,≥100Pa,100,,Pa,{},[],GB/T 8478-2020,第6.3条/表5,mandatory
,MAT-DOO-003,water_tightness,150,≥150Pa,150,,Pa,{},[],GB/T 8478-2020,第6.3条/表5,mandatory
,MAT-DOO-003,water_tightness,200,≥200Pa,200,,Pa,{},[],GB/T 8478-2020,第6.3条/表5,mandatory
,MAT-DOO-003,water_tightness,250,≥250Pa,250,,Pa,{},[],GB/T 8478-2020,第6.3条/表5,mandatory
,MAT-DOO-003,water_tightness,300,≥300Pa,300,,Pa,{},[],GB/T 8478-2020,第6.3条/表5,mandatory
,MAT-DOO-003,water_tightness,350,≥350Pa,350,,Pa,{},[],GB/T 8478-2020,第6.3条/表5,mandatory
,MAT-DOO-003,water_tightness,500,≥500Pa,500,,Pa,{},[],GB/T 8478-2020,第6.3条/表5,mandatory
,MAT-DOO-003,water_tightness,700,≥700Pa,700,,Pa,{},[],GB/T 8478-2020,第6.3条/表5,mandatory
,MAT-DOO-003,wind_resistance,1.0,≥1.0kPa,1.0,,kPa,{},[],GB/T 8478-2020,第6.4条/表6,mandatory
,MAT-DOO-003,wind_resistance,1.5,≥1.5kPa,1.5,,kPa,{},[],GB/T 8478-2020,第6.4条/表6,mandatory
,MAT-DOO-003,wind_resistance,2.0,≥2.0kPa,2.0,,kPa,{},[],GB/T 8478-2020,第6.4条/表6,mandatory
,MAT-DOO-003,wind_resistance,2.5,≥2.5kPa,2.5,,kPa,{},[],GB/T 8478-2020,第6.4条/表6,mandatory
,MAT-DOO-003,wind_resistance,3.0,≥3.0kPa,3.0,,kPa,{},[],GB/T 8478-2020,第6.4条/表6,mandatory
,MAT-DOO-003,wind_resistance,3.5,≥3.5kPa,3.5,,kPa,{},[],GB/T 8478-2020,第6.4条/表6,mandatory
,MAT-DOO-003,wind_resistance,4.0,≥4.0kPa,4.0,,kPa,{},[],GB/T 8478-2020,第6.4条/表6,mandatory
,MAT-DOO-003,wind_resistance,4.5,≥4.5kPa,4.5,,kPa,{},[],GB/T 8478-2020,第6.4条/表6,mandatory
,MAT-DOO-003,wind_resistance,5.0,≥5.0kPa,5.0,,kPa,{},[],GB/T 8478-2020,第6.4条/表6,mandatory
,MAT-DOO-003,sound_insulation,20,Rw≥20dB,20,,dB,{},[],GB/T 8478-2020,第6.5条/表7,mandatory
,MAT-DOO-003,sound_insulation,25,Rw≥25dB,25,,dB,{},[],GB/T 8478-2020,第6.5条/表7,mandatory
,MAT-DOO-003,sound_insulation,30,Rw≥30dB,30,,dB,{},[],GB/T 8478-2020,第6.5条/表7,mandatory
,MAT-DOO-003,sound_insulation,35,Rw≥35dB,35,,dB,{},[],GB/T 8478-2020,第6.5条/表7,mandatory
,MAT-DOO-003,sound_insulation,40,Rw≥40dB,40,,dB,{},[],GB/T 8478-2020,第6.5条/表7,mandatory
,MAT-DOO-003,sound_insulation,45,Rw≥45dB,45,,dB,{},[],GB/T 8478-2020,第6.5条/表7,mandatory
,MAT-DOO-003,hardware_cycles,20000,≥20000次,20000,,次,{},[],GB/T 8478-2020,第7条/表8,mandatory
,MAT-DOO-003,hardware_cycles,30000,≥30000次,30000,,次,{},[],GB/T 8478-2020,第7条/表8,mandatory
,MAT-DOO-003,hardware_cycles,50000,≥50000次,50000,,次,{},[],GB/T 8478-2020,第7条/表8,mandatory
,MAT-DOO-003,hardware_cycles,100000,≥100000次,100000,,次,{},[],GB/T 8478-2020,第7条/表8,mandatory
,MAT-DOO-003,surface_coating,阳极氧化,阳极氧化,,,,{},[],GB/T 8478-2020,第8条/表9,mandatory
,MAT-DOO-003,surface_coating,电泳涂漆,电泳涂漆,,,,{},[],GB/T 8478-2020,第8条/表9,mandatory
,MAT-DOO-003,surface_coating,粉末喷涂,粉末喷涂,,,,{},[],GB/T 8478-2020,第8条/表9,mandatory
,MAT-DOO-003,surface_coating,氟碳喷涂,氟碳喷涂,,,,{},[],GB/T 8478-2020,第8条/表9,mandatory
,MAT-DOO-004,profile_series,50,50系列,,,,{},[],GB/T 8478-2020,第4条/表1,mandatory
,MAT-DOO-004,profile_series,55,55系列,,,,{},[],GB/T 8478-2020,第4条/表1,mandatory
,MAT-DOO-004,profile_series,60,60系列,,,,{},[],GB/T 8478-2020,第4条/表1,mandatory
,MAT-DOO-004,profile_series,65,65系列,,,,{},[],GB/T 8478-2020,第4条/表1,mandatory
,MAT-DOO-004,profile_series,70,70系列,,,,{},[],GB/T 8478-2020,第4条/表1,mandatory
,MAT-DOO-004,profile_series,75,75系列,,,,{},[],GB/T 8478-2020,第4条/表1,mandatory
,MAT-DOO-004,profile_series,80,80系列,,,,{},[],GB/T 8478-2020,第4条/表1,mandatory
,MAT-DOO-004,profile_wall_thickness,1.4,≥1.4mm,1.4,,mm,{},[],GB/T 8478-2020,第5.1条/表2,mandatory
,MAT-DOO-004,profile_wall_thickness,1.6,≥1.6mm,1.6,,mm,{},[],GB/T 8478-2020,第5.1条/表2,mandatory
,MAT-DOO-004,profile_wall_thickness,1.8,≥1.8mm,1.8,,mm,{},[],GB/T 8478-2020,第5.1条/表2,mandatory
,MAT-DOO-004,profile_wall_thickness,2.0,≥2.0mm,2.0,,mm,{},[],GB/T 8478-2020,第5.1条/表2,mandatory
,MAT-DOO-004,profile_wall_thickness,2.2,≥2.2mm,2.2,,mm,{},[],GB/T 8478-2020,第5.1条/表2,mandatory
,MAT-DOO-004,glass_type,中空钢化,中空钢化,,,,{},[],GB/T 8478-2020,第5.2条,mandatory
,MAT-DOO-004,glass_type,中空Low-E,中空Low-E,,,,{},[],GB/T 8478-2020,第5.2条,mandatory
,MAT-DOO-004,glass_type,夹胶钢化,夹胶钢化,,,,{},[],GB/T 8478-2020,第5.2条,mandatory
,MAT-DOO-004,glass_type,单片钢化,单片钢化,,,,{},[],GB/T 8478-2020,第5.2条,mandatory
,MAT-DOO-004,glass_type,三玻两腔,三玻两腔,,,,{},[],GB/T 8478-2020,第5.2条,mandatory
,MAT-DOO-004,thermal_transmittance,1.1,K≤1.1,1.1,,W/(m²·K),{},[],GB/T 8478-2020,第6.1条/表3,mandatory
,MAT-DOO-004,thermal_transmittance,1.3,K≤1.3,1.3,,W/(m²·K),{},[],GB/T 8478-2020,第6.1条/表3,mandatory
,MAT-DOO-004,thermal_transmittance,1.6,K≤1.6,1.6,,W/(m²·K),{},[],GB/T 8478-2020,第6.1条/表3,mandatory
,MAT-DOO-004,thermal_transmittance,1.8,K≤1.8,1.8,,W/(m²·K),{},[],GB/T 8478-2020,第6.1条/表3,mandatory
,MAT-DOO-004,thermal_transmittance,2.0,K≤2.0,2.0,,W/(m²·K),{},[],GB/T 8478-2020,第6.1条/表3,mandatory
,MAT-DOO-004,thermal_transmittance,2.2,K≤2.2,2.2,,W/(m²·K),{},[],GB/T 8478-2020,第6.1条/表3,mandatory
,MAT-DOO-004,thermal_transmittance,2.5,K≤2.5,2.5,,W/(m²·K),{},[],GB/T 8478-2020,第6.1条/表3,mandatory
,MAT-DOO-004,thermal_transmittance,2.8,K≤2.8,2.8,,W/(m²·K),{},[],GB/T 8478-2020,第6.1条/表3,mandatory
,MAT-DOO-004,air_permeability,1,1级,,,,{},[],GB/T 8478-2020,第6.2条/表4,mandatory
,MAT-DOO-004,air_permeability,2,2级,,,,{},[],GB/T 8478-2020,第6.2条/表4,mandatory
,MAT-DOO-004,air_permeability,3,3级,,,,{},[],GB/T 8478-2020,第6.2条/表4,mandatory
,MAT-DOO-004,air_permeability,4,4级,,,,{},[],GB/T 8478-2020,第6.2条/表4,mandatory
,MAT-DOO-004,air_permeability,5,5级,,,,{},[],GB/T 8478-2020,第6.2条/表4,mandatory
,MAT-DOO-004,air_permeability,6,6级,,,,{},[],GB/T 8478-2020,第6.2条/表4,mandatory
,MAT-DOO-004,air_permeability,7,7级,,,,{},[],GB/T 8478-2020,第6.2条/表4,mandatory
,MAT-DOO-004,air_permeability,8,8级,,,,{},[],GB/T 8478-2020,第6.2条/表4,mandatory
,MAT-DOO-004,water_tightness,100,≥100Pa,100,,Pa,{},[],GB/T 8478-2020,第6.3条/表5,mandatory
,MAT-DOO-004,water_tightness,150,≥150Pa,150,,Pa,{},[],GB/T 8478-2020,第6.3条/表5,mandatory
,MAT-DOO-004,water_tightness,200,≥200Pa,200,,Pa,{},[],GB/T 8478-2020,第6.3条/表5,mandatory
,MAT-DOO-004,water_tightness,250,≥250Pa,250,,Pa,{},[],GB/T 8478-2020,第6.3条/表5,mandatory
,MAT-DOO-004,water_tightness,300,≥300Pa,300,,Pa,{},[],GB/T 8478-2020,第6.3条/表5,mandatory
,MAT-DOO-004,water_tightness,350,≥350Pa,350,,Pa,{},[],GB/T 8478-2020,第6.3条/表5,mandatory
,MAT-DOO-004,water_tightness,500,≥500Pa,500,,Pa,{},[],GB/T 8478-2020,第6.3条/表5,mandatory
,MAT-DOO-004,water_tightness,700,≥700Pa,700,,Pa,{},[],GB/T 8478-2020,第6.3条/表5,mandatory
,MAT-DOO-004,wind_resistance,1.0,≥1.0kPa,1.0,,kPa,{},[],GB/T 8478-2020,第6.4条/表6,mandatory
,MAT-DOO-004,wind_resistance,1.5,≥1.5kPa,1.5,,kPa,{},[],GB/T 8478-2020,第6.4条/表6,mandatory
,MAT-DOO-004,wind_resistance,2.0,≥2.0kPa,2.0,,kPa,{},[],GB/T 8478-2020,第6.4条/表6,mandatory
,MAT-DOO-004,wind_resistance,2.5,≥2.5kPa,2.5,,kPa,{},[],GB/T 8478-2020,第6.4条/表6,mandatory
,MAT-DOO-004,wind_resistance,3.0,≥3.0kPa,3.0,,kPa,{},[],GB/T 8478-2020,第6.4条/表6,mandatory
,MAT-DOO-004,wind_resistance,3.5,≥3.5kPa,3.5,,kPa,{},[],GB/T 8478-2020,第6.4条/表6,mandatory
,MAT-DOO-004,wind_resistance,4.0,≥4.0kPa,4.0,,kPa,{},[],GB/T 8478-2020,第6.4条/表6,mandatory
,MAT-DOO-004,wind_resistance,4.5,≥4.5kPa,4.5,,kPa,{},[],GB/T 8478-2020,第6.4条/表6,mandatory
,MAT-DOO-004,wind_resistance,5.0,≥5.0kPa,5.0,,kPa,{},[],GB/T 8478-2020,第6.4条/表6,mandatory
,MAT-DOO-004,sound_insulation,20,Rw≥20dB,20,,dB,{},[],GB/T 8478-2020,第6.5条/表7,mandatory
,MAT-DOO-004,sound_insulation,25,Rw≥25dB,25,,dB,{},[],GB/T 8478-2020,第6.5条/表7,mandatory
,MAT-DOO-004,sound_insulation,30,Rw≥30dB,30,,dB,{},[],GB/T 8478-2020,第6.5条/表7,mandatory
,MAT-DOO-004,sound_insulation,35,Rw≥35dB,35,,dB,{},[],GB/T 8478-2020,第6.5条/表7,mandatory
,MAT-DOO-004,sound_insulation,40,Rw≥40dB,40,,dB,{},[],GB/T 8478-2020,第6.5条/表7,mandatory
,MAT-DOO-004,sound_insulation,45,Rw≥45dB,45,,dB,{},[],GB/T 8478-2020,第6.5条/表7,mandatory
,MAT-DOO-004,hardware_cycles,20000,≥20000次,20000,,次,{},[],GB/T 8478-2020,第7条/表8,mandatory
,MAT-DOO-004,hardware_cycles,30000,≥30000次,30000,,次,{},[],GB/T 8478-2020,第7条/表8,mandatory
,MAT-DOO-004,hardware_cycles,50000,≥50000次,50000,,次,{},[],GB/T 8478-2020,第7条/表8,mandatory
,MAT-DOO-004,hardware_cycles,100000,≥100000次,100000,,次,{},[],GB/T 8478-2020,第7条/表8,mandatory
,MAT-DOO-004,surface_coating,阳极氧化,阳极氧化,,,,{},[],GB/T 8478-2020,第8条/表9,mandatory
,MAT-DOO-004,surface_coating,电泳涂漆,电泳涂漆,,,,{},[],GB/T 8478-2020,第8条/表9,mandatory
,MAT-DOO-004,surface_coating,粉末喷涂,粉末喷涂,,,,{},[],GB/T 8478-2020,第8条/表9,mandatory
,MAT-DOO-004,surface_coating,氟碳喷涂,氟碳喷涂,,,,{},[],GB/T 8478-2020,第8条/表9,mandatory
,MAT-STE-013,steel_grade,06Cr19Ni10,06Cr19Ni10,,,,{},[],GB/T 12771-2019,第5.1条/表1,required
,MAT-STE-013,steel_grade,022Cr19Ni10,022Cr19Ni10,,,,{},[],GB/T 12771-2019,第5.1条/表1,required
,MAT-STE-013,steel_grade,06Cr17Ni12Mo2,06Cr17Ni12Mo2,,,,{},[],GB/T 12771-2019,第5.1条/表1,required
,MAT-STE-013,steel_grade,022Cr17Ni12Mo2,022Cr17Ni12Mo2,,,,{},[],GB/T 12771-2019,第5.1条/表1,required
,MAT-STE-013,steel_grade,06Cr18Ni11Ti,06Cr18Ni11Ti,,,,{},[],GB/T 12771-2019,第5.1条/表1,required
,MAT-STE-013,steel_grade,019Cr19Mo2NbTi,019Cr19Mo2NbTi,,,,{},[],GB/T 12771-2019,第5.1条/表1,required
,MAT-STE-013,outer_diameter,13.5,D13.5,13.5,13.5,mm,{},[],GB/T 12771-2019,第4条/表2,mandatory
,MAT-STE-013,outer_diameter,17.2,D17.2,17.2,17.2,mm,{},[],GB/T 12771-2019,第4条/表2,mandatory
,MAT-STE-013,outer_diameter,21.3,D21.3,21.3,21.3,mm,{},[],GB/T 12771-2019,第4条/表2,mandatory
,MAT-STE-013,outer_diameter,26.9,D26.9,26.9,26.9,mm,{},[],GB/T 12771-2019,第4条/表2,mandatory
,MAT-STE-013,outer_diameter,33.7,D33.7,33.7,33.7,mm,{},[],GB/T 12771-2019,第4条/表2,mandatory
,MAT-STE-013,outer_diameter,42.4,D42.4,42.4,42.4,mm,{},[],GB/T 12771-2019,第4条/表2,mandatory
,MAT-STE-013,outer_diameter,48.3,D48.3,48.3,48.3,mm,{},[],GB/T 12771-2019,第4条/表2,mandatory
,MAT-STE-013,outer_diameter,60.3,D60.3,60.3,60.3,mm,{},[],GB/T 12771-2019,第4条/表2,mandatory
,MAT-STE-013,outer_diameter,76.1,D76.1,76.1,76.1,mm,{},[],GB/T 12771-2019,第4条/表2,mandatory
,MAT-STE-013,outer_diameter,88.9,D88.9,88.9,88.9,mm,{},[],GB/T 12771-2019,第4条/表2,mandatory
,MAT-STE-013,outer_diameter,114.3,D114.3,114.3,114.3,mm,{},[],GB/T 12771-2019,第4条/表2,mandatory
,MAT-STE-013,outer_diameter,139.7,D139.7,139.7,139.7,mm,{},[],GB/T 12771-2019,第4条/表2,mandatory
,MAT-STE-013,outer_diameter,168.3,D168.3,168.3,168.3,mm,{},[],GB/T 12771-2019,第4条/表2,mandatory
,MAT-STE-013,outer_diameter,219.1,D219.1,219.1,219.1,mm,{},[],GB/T 12771-2019,第4条/表2,mandatory
,MAT-STE-013,outer_diameter,273,D273,273,273,mm,{},[],GB/T 12771-2019,第4条/表2,mandatory
,MAT-STE-013,outer_diameter,323.9,D323.9,323.9,323.9,mm,{},[],GB/T 12771-2019,第4条/表2,mandatory
,MAT-STE-013,outer_diameter,355.6,D355.6,355.6,355.6,mm,{},[],GB/T 12771-2019,第4条/表2,mandatory
,MAT-STE-013,outer_diameter,406.4,D406.4,406.4,406.4,mm,{},[],GB/T 12771-2019,第4条/表2,mandatory
,MAT-STE-013,wall_thickness,1.0,S=1.0,1.0,1.0,mm,{},[],GB/T 12771-2019,第4条/表2,mandatory
,MAT-STE-013,wall_thickness,1.2,S=1.2,1.2,1.2,mm,{},[],GB/T 12771-2019,第4条/表2,mandatory
,MAT-STE-013,wall_thickness,1.5,S=1.5,1.5,1.5,mm,{},[],GB/T 12771-2019,第4条/表2,mandatory
,MAT-STE-013,wall_thickness,2.0,S=2.0,2.0,2.0,mm,{},[],GB/T 12771-2019,第4条/表2,mandatory
,MAT-STE-013,wall_thickness,2.5,S=2.5,2.5,2.5,mm,{},[],GB/T 12771-2019,第4条/表2,mandatory
,MAT-STE-013,wall_thickness,3.0,S=3.0,3.0,3.0,mm,{},[],GB/T 12771-2019,第4条/表2,mandatory
,MAT-STE-013,wall_thickness,3.5,S=3.5,3.5,3.5,mm,{},[],GB/T 12771-2019,第4条/表2,mandatory
,MAT-STE-013,wall_thickness,4.0,S=4.0,4.0,4.0,mm,{},[],GB/T 12771-2019,第4条/表2,mandatory
,MAT-STE-013,wall_thickness,5.0,S=5.0,5.0,5.0,mm,{},[],GB/T 12771-2019,第4条/表2,mandatory
,MAT-STE-013,wall_thickness,6.0,S=6.0,6.0,6.0,mm,{},[],GB/T 12771-2019,第4条/表2,mandatory
,MAT-STE-013,wall_thickness,8.0,S=8.0,8.0,8.0,mm,{},[],GB/T 12771-2019,第4条/表2,mandatory
,MAT-STE-013,wall_thickness,10.0,S=10.0,10.0,10.0,mm,{},[],GB/T 12771-2019,第4条/表2,mandatory
,MAT-STE-013,welding_method,TIG,TIG,,,,{},[],GB/T 12771-2019,第5.2条,mandatory
,MAT-STE-013,welding_method,HF,HF,,,,{},[],GB/T 12771-2019,第5.2条,mandatory
,MAT-STE-013,welding_method,LASER,LASER,,,,{},[],GB/T 12771-2019,第5.2条,mandatory
,MAT-STE-013,welding_method,SAW,SAW,,,,{},[],GB/T 12771-2019,第5.2条,mandatory
,MAT-STE-013,heat_treatment,固溶,固溶,,,,{},[],GB/T 12771-2019,第5.3条/表3,mandatory
,MAT-STE-013,heat_treatment,退火,退火,,,,{},[],GB/T 12771-2019,第5.3条/表3,mandatory
,MAT-STE-013,heat_treatment,固溶+酸洗钝化,固溶+酸洗钝化,,,,{},[],GB/T 12771-2019,第5.3条/表3,mandatory
,MAT-STE-013,tensile_strength,485,≥485MPa,485,,MPa,{},[],GB/T 12771-2019,第6.1条/表4,mandatory
,MAT-STE-013,tensile_strength,520,≥520MPa,520,,MPa,{},[],GB/T 12771-2019,第6.1条/表4,mandatory
,MAT-STE-013,yield_strength,170,≥170MPa,170,,MPa,{},[],GB/T 12771-2019,第6.1条/表4,mandatory
,MAT-STE-013,yield_strength,205,≥205MPa,205,,MPa,{},[],GB/T 12771-2019,第6.1条/表4,mandatory
,MAT-STE-013,elongation,35,≥35%,35,,%,{},[],GB/T 12771-2019,第6.1条/表4,mandatory
,MAT-STE-013,elongation,40,≥40%,40,,%,{},[],GB/T 12771-2019,第6.1条/表4,mandatory
,MAT-STE-013,intergranular_corrosion,合格,晶间腐蚀试验合格,,,,{},[],GB/T 12771-2019,第6.2条/附录B,mandatory
,MAT-STE-013,surface_quality,合格,无缺陷,,,,{},[],GB/T 12771-2019,第6.4条,mandatory
,MAT-CABL-004,cross_section,0.5,0.5mm²,0.5,0.5,mm²,{},[],GB/T 5023-2008,第5条/表1,mandatory
,MAT-CABL-004,cross_section,0.75,0.75mm²,0.75,0.75,mm²,{},[],GB/T 5023-2008,第5条/表1,mandatory
,MAT-CABL-004,cross_section,1,1mm²,1,1,mm²,{},[],GB/T 5023-2008,第5条/表1,mandatory
,MAT-CABL-004,cross_section,1.5,1.5mm²,1.5,1.5,mm²,{},[],GB/T 5023-2008,第5条/表1,mandatory
,MAT-CABL-004,cross_section,2.5,2.5mm²,2.5,2.5,mm²,{},[],GB/T 5023-2008,第5条/表1,mandatory
,MAT-CABL-004,cross_section,4,4mm²,4,4,mm²,{},[],GB/T 5023-2008,第5条/表1,mandatory
,MAT-CABL-004,cross_section,6,6mm²,6,6,mm²,{},[],GB/T 5023-2008,第5条/表1,mandatory
,MAT-CABL-004,cross_section,10,10mm²,10,10,mm²,{},[],GB/T 5023-2008,第5条/表1,mandatory
,MAT-CABL-004,cross_section,16,16mm²,16,16,mm²,{},[],GB/T 5023-2008,第5条/表1,mandatory
,MAT-CABL-004,cross_section,25,25mm²,25,25,mm²,{},[],GB/T 5023-2008,第5条/表1,mandatory
,MAT-CABL-004,cross_section,35,35mm²,35,35,mm²,{},[],GB/T 5023-2008,第5条/表1,mandatory
,MAT-CABL-004,cross_section,50,50mm²,50,50,mm²,{},[],GB/T 5023-2008,第5条/表1,mandatory
,MAT-CABL-004,cross_section,70,70mm²,70,70,mm²,{},[],GB/T 5023-2008,第5条/表1,mandatory
,MAT-CABL-004,cross_section,95,95mm²,95,95,mm²,{},[],GB/T 5023-2008,第5条/表1,mandatory
,MAT-CABL-004,cross_section,120,120mm²,120,120,mm²,{},[],GB/T 5023-2008,第5条/表1,mandatory
,MAT-CABL-004,cross_section,150,150mm²,150,150,mm²,{},[],GB/T 5023-2008,第5条/表1,mandatory
,MAT-CABL-004,cross_section,185,185mm²,185,185,mm²,{},[],GB/T 5023-2008,第5条/表1,mandatory
,MAT-CABL-004,cross_section,240,240mm²,240,240,mm²,{},[],GB/T 5023-2008,第5条/表1,mandatory
,MAT-CABL-004,cross_section,300,300mm²,300,300,mm²,{},[],GB/T 5023-2008,第5条/表1,mandatory
,MAT-CABL-004,cross_section,400,400mm²,400,400,mm²,{},[],GB/T 5023-2008,第5条/表1,mandatory
,MAT-CABL-004,conductor_class,1类(实心),1类(实心),,,,{},[],GB/T 5023-2008,第5条/表1,mandatory
,MAT-CABL-004,conductor_class,2类(绞合),2类(绞合),,,,{},[],GB/T 5023-2008,第5条/表1,mandatory
,MAT-CABL-004,conductor_class,5类(软导体),5类(软导体),,,,{},[],GB/T 5023-2008,第5条/表1,mandatory
,MAT-CABL-004,insulation_material,PVC/C,PVC/C,,,,{},[],GB/T 5023-2008,第6条/表2,mandatory
,MAT-CABL-004,insulation_material,PVC/D,PVC/D,,,,{},[],GB/T 5023-2008,第6条/表2,mandatory
,MAT-CABL-004,insulation_material,PVC/E,PVC/E,,,,{},[],GB/T 5023-2008,第6条/表2,mandatory
,MAT-CABL-005,cross_section,0.5,0.5mm²,0.5,0.5,mm²,{},[],GB/T 5023-2008,第5条/表1,mandatory
,MAT-CABL-005,cross_section,0.75,0.75mm²,0.75,0.75,mm²,{},[],GB/T 5023-2008,第5条/表1,mandatory
,MAT-CABL-005,cross_section,1,1mm²,1,1,mm²,{},[],GB/T 5023-2008,第5条/表1,mandatory
,MAT-CABL-005,cross_section,1.5,1.5mm²,1.5,1.5,mm²,{},[],GB/T 5023-2008,第5条/表1,mandatory
,MAT-CABL-005,cross_section,2.5,2.5mm²,2.5,2.5,mm²,{},[],GB/T 5023-2008,第5条/表1,mandatory
,MAT-CABL-005,cross_section,4,4mm²,4,4,mm²,{},[],GB/T 5023-2008,第5条/表1,mandatory
,MAT-CABL-005,cross_section,6,6mm²,6,6,mm²,{},[],GB/T 5023-2008,第5条/表1,mandatory
,MAT-CABL-005,cross_section,10,10mm²,10,10,mm²,{},[],GB/T 5023-2008,第5条/表1,mandatory
,MAT-CABL-005,cross_section,16,16mm²,16,16,mm²,{},[],GB/T 5023-2008,第5条/表1,mandatory
,MAT-CABL-005,cross_section,25,25mm²,25,25,mm²,{},[],GB/T 5023-2008,第5条/表1,mandatory
,MAT-CABL-005,cross_section,35,35mm²,35,35,mm²,{},[],GB/T 5023-2008,第5条/表1,mandatory
,MAT-CABL-005,cross_section,50,50mm²,50,50,mm²,{},[],GB/T 5023-2008,第5条/表1,mandatory
,MAT-CABL-005,cross_section,70,70mm²,70,70,mm²,{},[],GB/T 5023-2008,第5条/表1,mandatory
,MAT-CABL-005,cross_section,95,95mm²,95,95,mm²,{},[],GB/T 5023-2008,第5条/表1,mandatory
,MAT-CABL-005,cross_section,120,120mm²,120,120,mm²,{},[],GB/T 5023-2008,第5条/表1,mandatory
,MAT-CABL-005,cross_section,150,150mm²,150,150,mm²,{},[],GB/T 5023-2008,第5条/表1,mandatory
,MAT-CABL-005,cross_section,185,185mm²,185,185,mm²,{},[],GB/T 5023-2008,第5条/表1,mandatory
,MAT-CABL-005,cross_section,240,240mm²,240,240,mm²,{},[],GB/T 5023-2008,第5条/表1,mandatory
,MAT-CABL-005,cross_section,300,300mm²,300,300,mm²,{},[],GB/T 5023-2008,第5条/表1,mandatory
,MAT-CABL-005,cross_section,400,400mm²,400,400,mm²,{},[],GB/T 5023-2008,第5条/表1,mandatory
,MAT-CABL-005,conductor_class,1类(实心),1类(实心),,,,{},[],GB/T 5023-2008,第5条/表1,mandatory
,MAT-CABL-005,conductor_class,2类(绞合),2类(绞合),,,,{},[],GB/T 5023-2008,第5条/表1,mandatory
,MAT-CABL-005,conductor_class,5类(软导体),5类(软导体),,,,{},[],GB/T 5023-2008,第5条/表1,mandatory
,MAT-CABL-005,insulation_material,PVC/C,PVC/C,,,,{},[],GB/T 5023-2008,第6条/表2,mandatory
,MAT-CABL-005,insulation_material,PVC/D,PVC/D,,,,{},[],GB/T 5023-2008,第6条/表2,mandatory
,MAT-CABL-005,insulation_material,PVC/E,PVC/E,,,,{},[],GB/T 5023-2008,第6条/表2,mandatory
,MAT-CON-001,concrete_grade,C15,C15,,,,{},[],GB 50010-2010,第4.1条/表4.1.3,required
,MAT-CON-001,concrete_grade,C20,C20,,,,{},[],GB 50010-2010,第4.1条/表4.1.3,required
,MAT-CON-001,concrete_grade,C25,C25,,,,{},[],GB 50010-2010,第4.1条/表4.1.3,required
,MAT-CON-001,concrete_grade,C30,C30,,,,{},[],GB 50010-2010,第4.1条/表4.1.3,required
,MAT-CON-001,concrete_grade,C35,C35,,,,{},[],GB 50010-2010,第4.1条/表4.1.3,required
,MAT-CON-001,concrete_grade,C40,C40,,,,{},[],GB 50010-2010,第4.1条/表4.1.3,required
,MAT-CON-001,concrete_grade,C45,C45,,,,{},[],GB 50010-2010,第4.1条/表4.1.3,required
,MAT-CON-001,concrete_grade,C50,C50,,,,{},[],GB 50010-2010,第4.1条/表4.1.3,required
,MAT-CON-001,concrete_grade,C55,C55,,,,{},[],GB 50010-2010,第4.1条/表4.1.3,required
,MAT-CON-001,concrete_grade,C60,C60,,,,{},[],GB 50010-2010,第4.1条/表4.1.3,required
,MAT-CON-001,concrete_grade,C65,C65,,,,{},[],GB 50010-2010,第4.1条/表4.1.3,required
,MAT-CON-001,concrete_grade,C70,C70,,,,{},[],GB 50010-2010,第4.1条/表4.1.3,required
,MAT-CON-001,concrete_grade,C75,C75,,,,{},[],GB 50010-2010,第4.1条/表4.1.3,required
,MAT-CON-001,concrete_grade,C80,C80,,,,{},[],GB 50010-2010,第4.1条/表4.1.3,required
,MAT-CON-001,fc_cube,15,C15=>15MPa,15,15,MPa,{},[],GB 50010-2010,第4.1条/表4.1.3-1,derived
,MAT-CON-001,fc_design,7.5,C15=>7.5MPa,7.5,7.5,MPa,{},[],GB 50010-2010,第4.1条/表4.1.4-1,derived
,MAT-CON-001,ft_design,1.06,C15=>1.06MPa,1.06,1.06,MPa,{},[],GB 50010-2010,第4.1条/表4.1.4-2,derived
,MAT-CON-001,fc_cube,20,C20=>20MPa,20,20,MPa,{},[],GB 50010-2010,第4.1条/表4.1.3-1,derived
,MAT-CON-001,fc_design,10.0,C20=>10.0MPa,10.0,10.0,MPa,{},[],GB 50010-2010,第4.1条/表4.1.4-1,derived
,MAT-CON-001,ft_design,1.42,C20=>1.42MPa,1.42,1.42,MPa,{},[],GB 50010-2010,第4.1条/表4.1.4-2,derived
,MAT-CON-001,fc_cube,25,C25=>25MPa,25,25,MPa,{},[],GB 50010-2010,第4.1条/表4.1.3-1,derived
,MAT-CON-001,fc_design,12.5,C25=>12.5MPa,12.5,12.5,MPa,{},[],GB 50010-2010,第4.1条/表4.1.4-1,derived
,MAT-CON-001,ft_design,1.77,C25=>1.77MPa,1.77,1.77,MPa,{},[],GB 50010-2010,第4.1条/表4.1.4-2,derived
,MAT-CON-001,fc_cube,30,C30=>30MPa,30,30,MPa,{},[],GB 50010-2010,第4.1条/表4.1.3-1,derived
,MAT-CON-001,fc_design,15.0,C30=>15.0MPa,15.0,15.0,MPa,{},[],GB 50010-2010,第4.1条/表4.1.4-1,derived
,MAT-CON-001,ft_design,2.13,C30=>2.13MPa,2.13,2.13,MPa,{},[],GB 50010-2010,第4.1条/表4.1.4-2,derived
,MAT-CON-001,fc_cube,35,C35=>35MPa,35,35,MPa,{},[],GB 50010-2010,第4.1条/表4.1.3-1,derived
,MAT-CON-001,fc_design,17.5,C35=>17.5MPa,17.5,17.5,MPa,{},[],GB 50010-2010,第4.1条/表4.1.4-1,derived
,MAT-CON-001,ft_design,2.48,C35=>2.48MPa,2.48,2.48,MPa,{},[],GB 50010-2010,第4.1条/表4.1.4-2,derived
,MAT-CON-001,fc_cube,40,C40=>40MPa,40,40,MPa,{},[],GB 50010-2010,第4.1条/表4.1.3-1,derived
,MAT-CON-001,fc_design,20.0,C40=>20.0MPa,20.0,20.0,MPa,{},[],GB 50010-2010,第4.1条/表4.1.4-1,derived
,MAT-CON-001,ft_design,2.84,C40=>2.84MPa,2.84,2.84,MPa,{},[],GB 50010-2010,第4.1条/表4.1.4-2,derived
,MAT-CON-001,fc_cube,45,C45=>45MPa,45,45,MPa,{},[],GB 50010-2010,第4.1条/表4.1.3-1,derived
,MAT-CON-001,fc_design,22.5,C45=>22.5MPa,22.5,22.5,MPa,{},[],GB 50010-2010,第4.1条/表4.1.4-1,derived
,MAT-CON-001,ft_design,3.19,C45=>3.19MPa,3.19,3.19,MPa,{},[],GB 50010-2010,第4.1条/表4.1.4-2,derived
,MAT-CON-001,fc_cube,50,C50=>50MPa,50,50,MPa,{},[],GB 50010-2010,第4.1条/表4.1.3-1,derived
,MAT-CON-001,fc_design,25.0,C50=>25.0MPa,25.0,25.0,MPa,{},[],GB 50010-2010,第4.1条/表4.1.4-1,derived
,MAT-CON-001,ft_design,3.55,C50=>3.55MPa,3.55,3.55,MPa,{},[],GB 50010-2010,第4.1条/表4.1.4-2,derived
,MAT-CON-001,fc_cube,55,C55=>55MPa,55,55,MPa,{},[],GB 50010-2010,第4.1条/表4.1.3-1,derived
,MAT-CON-001,fc_design,27.5,C55=>27.5MPa,27.5,27.5,MPa,{},[],GB 50010-2010,第4.1条/表4.1.4-1,derived
,MAT-CON-001,ft_design,3.9,C55=>3.9MPa,3.9,3.9,MPa,{},[],GB 50010-2010,第4.1条/表4.1.4-2,derived
,MAT-CON-001,fc_cube,60,C60=>60MPa,60,60,MPa,{},[],GB 50010-2010,第4.1条/表4.1.3-1,derived
,MAT-CON-001,fc_design,30.0,C60=>30.0MPa,30.0,30.0,MPa,{},[],GB 50010-2010,第4.1条/表4.1.4-1,derived
,MAT-CON-001,ft_design,4.26,C60=>4.26MPa,4.26,4.26,MPa,{},[],GB 50010-2010,第4.1条/表4.1.4-2,derived
,MAT-CON-001,fc_cube,65,C65=>65MPa,65,65,MPa,{},[],GB 50010-2010,第4.1条/表4.1.3-1,derived
,MAT-CON-001,fc_design,32.5,C65=>32.5MPa,32.5,32.5,MPa,{},[],GB 50010-2010,第4.1条/表4.1.4-1,derived
,MAT-CON-001,ft_design,4.61,C65=>4.61MPa,4.61,4.61,MPa,{},[],GB 50010-2010,第4.1条/表4.1.4-2,derived
,MAT-CON-001,fc_cube,70,C70=>70MPa,70,70,MPa,{},[],GB 50010-2010,第4.1条/表4.1.3-1,derived
,MAT-CON-001,fc_design,35.0,C70=>35.0MPa,35.0,35.0,MPa,{},[],GB 50010-2010,第4.1条/表4.1.4-1,derived
,MAT-CON-001,ft_design,4.97,C70=>4.97MPa,4.97,4.97,MPa,{},[],GB 50010-2010,第4.1条/表4.1.4-2,derived
,MAT-CON-001,fc_cube,75,C75=>75MPa,75,75,MPa,{},[],GB 50010-2010,第4.1条/表4.1.3-1,derived
,MAT-CON-001,fc_design,37.5,C75=>37.5MPa,37.5,37.5,MPa,{},[],GB 50010-2010,第4.1条/表4.1.4-1,derived
,MAT-CON-001,ft_design,5.32,C75=>5.32MPa,5.32,5.32,MPa,{},[],GB 50010-2010,第4.1条/表4.1.4-2,derived
,MAT-CON-001,fc_cube,80,C80=>80MPa,80,80,MPa,{},[],GB 50010-2010,第4.1条/表4.1.3-1,derived
,MAT-CON-001,fc_design,40.0,C80=>40.0MPa,40.0,40.0,MPa,{},[],GB 50010-2010,第4.1条/表4.1.4-1,derived
,MAT-CON-001,ft_design,5.68,C80=>5.68MPa,5.68,5.68,MPa,{},[],GB 50010-2010,第4.1条/表4.1.4-2,derived
,MAT-CON-001,ec_elastic_modulus,2.20,2.20×10⁴MPa,2.20,2.20,×10⁴MPa,{},[],GB 50010-2010,第4.1条/表4.1.5,derived
,MAT-CON-001,ec_elastic_modulus,2.55,2.55×10⁴MPa,2.55,2.55,×10⁴MPa,{},[],GB 50010-2010,第4.1条/表4.1.5,derived
,MAT-CON-001,ec_elastic_modulus,2.80,2.80×10⁴MPa,2.80,2.80,×10⁴MPa,{},[],GB 50010-2010,第4.1条/表4.1.5,derived
,MAT-CON-001,ec_elastic_modulus,3.00,3.00×10⁴MPa,3.00,3.00,×10⁴MPa,{},[],GB 50010-2010,第4.1条/表4.1.5,derived
,MAT-CON-001,ec_elastic_modulus,3.15,3.15×10⁴MPa,3.15,3.15,×10⁴MPa,{},[],GB 50010-2010,第4.1条/表4.1.5,derived
,MAT-CON-001,ec_elastic_modulus,3.25,3.25×10⁴MPa,3.25,3.25,×10⁴MPa,{},[],GB 50010-2010,第4.1条/表4.1.5,derived
,MAT-CON-001,ec_elastic_modulus,3.35,3.35×10⁴MPa,3.35,3.35,×10⁴MPa,{},[],GB 50010-2010,第4.1条/表4.1.5,derived
,MAT-CON-001,ec_elastic_modulus,3.45,3.45×10⁴MPa,3.45,3.45,×10⁴MPa,{},[],GB 50010-2010,第4.1条/表4.1.5,derived
,MAT-CON-001,ec_elastic_modulus,3.55,3.55×10⁴MPa,3.55,3.55,×10⁴MPa,{},[],GB 50010-2010,第4.1条/表4.1.5,derived
,MAT-CON-001,ec_elastic_modulus,3.60,3.60×10⁴MPa,3.60,3.60,×10⁴MPa,{},[],GB 50010-2010,第4.1条/表4.1.5,derived
,MAT-CON-001,ec_elastic_modulus,3.65,3.65×10⁴MPa,3.65,3.65,×10⁴MPa,{},[],GB 50010-2010,第4.1条/表4.1.5,derived
,MAT-CON-001,ec_elastic_modulus,3.70,3.70×10⁴MPa,3.70,3.70,×10⁴MPa,{},[],GB 50010-2010,第4.1条/表4.1.5,derived
,MAT-CON-001,ec_elastic_modulus,3.75,3.75×10⁴MPa,3.75,3.75,×10⁴MPa,{},[],GB 50010-2010,第4.1条/表4.1.5,derived
,MAT-CON-001,ec_elastic_modulus,3.80,3.80×10⁴MPa,3.80,3.80,×10⁴MPa,{},[],GB 50010-2010,第4.1条/表4.1.5,derived
,MAT-CON-001,durability_grade,一,一类环境,,,,{},[],GB 50010-2010,第3.5条/表3.5.1,mandatory
,MAT-CON-001,durability_grade,二a,二a类环境,,,,{},[],GB 50010-2010,第3.5条/表3.5.1,mandatory
,MAT-CON-001,durability_grade,二b,二b类环境,,,,{},[],GB 50010-2010,第3.5条/表3.5.1,mandatory
,MAT-CON-001,durability_grade,三a,三a类环境,,,,{},[],GB 50010-2010,第3.5条/表3.5.1,mandatory
,MAT-CON-001,durability_grade,三b,三b类环境,,,,{},[],GB 50010-2010,第3.5条/表3.5.1,mandatory
,MAT-CON-001,durability_grade,四,四类环境,,,,{},[],GB 50010-2010,第3.5条/表3.5.1,mandatory
,MAT-CON-001,durability_grade,五,五类环境,,,,{},[],GB 50010-2010,第3.5条/表3.5.1,mandatory
,MAT-CON-001,min_cover,15,≥15mm,15,15,mm,{},[],GB 50010-2010,第8.2条/表8.2.1,mandatory
,MAT-CON-001,min_cover,20,≥20mm,20,20,mm,{},[],GB 50010-2010,第8.2条/表8.2.1,mandatory
,MAT-CON-001,min_cover,25,≥25mm,25,25,mm,{},[],GB 50010-2010,第8.2条/表8.2.1,mandatory
,MAT-CON-001,min_cover,30,≥30mm,30,30,mm,{},[],GB 50010-2010,第8.2条/表8.2.1,mandatory
,MAT-CON-001,min_cover,35,≥35mm,35,35,mm,{},[],GB 50010-2010,第8.2条/表8.2.1,mandatory
,MAT-CON-001,min_cover,40,≥40mm,40,40,mm,{},[],GB 50010-2010,第8.2条/表8.2.1,mandatory
,MAT-CON-001,min_cover,45,≥45mm,45,45,mm,{},[],GB 50010-2010,第8.2条/表8.2.1,mandatory
,MAT-CON-001,min_cover,50,≥50mm,50,50,mm,{},[],GB 50010-2010,第8.2条/表8.2.1,mandatory
,MAT-CON-001,slump_quality,≤40mm:±10,≤40mm:±10,,,mm,{},[],GB 50164-2011,第3.1条/表3.1.2,mandatory
,MAT-CON-001,slump_quality,50~90mm:±20,50~90mm:±20,,,mm,{},[],GB 50164-2011,第3.1条/表3.1.2,mandatory
,MAT-CON-001,slump_quality,≥100mm:±30,≥100mm:±30,,,mm,{},[],GB 50164-2011,第3.1条/表3.1.2,mandatory
,MAT-CON-001,strength_evaluation,统计法(≥10组),统计法(≥10组),,,,{},[],GB 50164-2011,第4.1条,mandatory
,MAT-CON-001,strength_evaluation,统计法(5~9组),统计法(5~9组),,,,{},[],GB 50164-2011,第4.1条,mandatory
,MAT-CON-001,strength_evaluation,非统计法(<5组),非统计法(<5组),,,,{},[],GB 50164-2011,第4.1条,mandatory
,MAT-CON-001,water_cement_ratio,0.40,≤0.40,,0.40,,{},[],GB 50164-2011,第3.2条/表3.2.2,mandatory
,MAT-CON-001,water_cement_ratio,0.45,≤0.45,,0.45,,{},[],GB 50164-2011,第3.2条/表3.2.2,mandatory
,MAT-CON-001,water_cement_ratio,0.50,≤0.50,,0.50,,{},[],GB 50164-2011,第3.2条/表3.2.2,mandatory
,MAT-CON-001,water_cement_ratio,0.55,≤0.55,,0.55,,{},[],GB 50164-2011,第3.2条/表3.2.2,mandatory
,MAT-CON-001,water_cement_ratio,0.60,≤0.60,,0.60,,{},[],GB 50164-2011,第3.2条/表3.2.2,mandatory
,MAT-CON-001,chloride_content,0.06,≤0.06%,,0.06,%,{},[],GB 50164-2011,第3.3条/表3.3.1,mandatory
,MAT-CON-001,chloride_content,0.10,≤0.10%,,0.10,%,{},[],GB 50164-2011,第3.3条/表3.3.1,mandatory
,MAT-CON-001,chloride_content,0.15,≤0.15%,,0.15,%,{},[],GB 50164-2011,第3.3条/表3.3.1,mandatory
,MAT-CON-001,chloride_content,0.30,≤0.30%,,0.30,%,{},[],GB 50164-2011,第3.3条/表3.3.1,mandatory
,MAT-BRD-001,board_type,普通,普通,,,,{},[],GB/T 9775-2025,第4条/表1,required
,MAT-BRD-001,board_type,耐水,耐水,,,,{},[],GB/T 9775-2025,第4条/表1,required
,MAT-BRD-001,board_type,耐火,耐火,,,,{},[],GB/T 9775-2025,第4条/表1,required
,MAT-BRD-001,board_type,耐潮,耐潮,,,,{},[],GB/T 9775-2025,第4条/表1,required
,MAT-BRD-001,nominal_thickness,9.5,9.5mm,9.5,9.5,mm,{},[],GB/T 9775-2025,第4条/表1,mandatory
,MAT-BRD-001,nominal_thickness,12,12mm,12,12,mm,{},[],GB/T 9775-2025,第4条/表1,mandatory
,MAT-BRD-001,nominal_thickness,15,15mm,15,15,mm,{},[],GB/T 9775-2025,第4条/表1,mandatory
,MAT-BRD-001,nominal_width,900,900mm,900,900,mm,{},[],GB/T 9775-2025,第4条/表1,mandatory
,MAT-BRD-001,nominal_width,1200,1200mm,1200,1200,mm,{},[],GB/T 9775-2025,第4条/表1,mandatory
,MAT-BRD-001,nominal_width,1220,1220mm,1220,1220,mm,{},[],GB/T 9775-2025,第4条/表1,mandatory
,MAT-BRD-001,nominal_length,1800,1800mm,1800,1800,mm,{},[],GB/T 9775-2025,第4条/表1,mandatory
,MAT-BRD-001,nominal_length,2100,2100mm,2100,2100,mm,{},[],GB/T 9775-2025,第4条/表1,mandatory
,MAT-BRD-001,nominal_length,2400,2400mm,2400,2400,mm,{},[],GB/T 9775-2025,第4条/表1,mandatory
,MAT-BRD-001,nominal_length,2700,2700mm,2700,2700,mm,{},[],GB/T 9775-2025,第4条/表1,mandatory
,MAT-BRD-001,nominal_length,3000,3000mm,3000,3000,mm,{},[],GB/T 9775-2025,第4条/表1,mandatory
,MAT-BRD-001,nominal_length,3300,3300mm,3300,3300,mm,{},[],GB/T 9775-2025,第4条/表1,mandatory
,MAT-BRD-001,nominal_length,3600,3600mm,3600,3600,mm,{},[],GB/T 9775-2025,第4条/表1,mandatory
,MAT-BRD-001,edge_shape,楔形,楔形,,,,{},[],GB/T 9775-2025,第4条/表2,mandatory
,MAT-BRD-001,edge_shape,直角,直角,,,,{},[],GB/T 9775-2025,第4条/表2,mandatory
,MAT-BRD-001,edge_shape,圆形,圆形,,,,{},[],GB/T 9775-2025,第4条/表2,mandatory
,MAT-BRD-001,edge_shape,倒角,倒角,,,,{},[],GB/T 9775-2025,第4条/表2,mandatory
,MAT-DOO-002,fire_rating_door,甲级(A1.5h),甲级(A1.5h),,,,{},[],GB 12955-2024,第4条/表1,required
,MAT-DOO-002,fire_rating_door,乙级(A1.0h),乙级(A1.0h),,,,{},[],GB 12955-2024,第4条/表1,required
,MAT-DOO-002,fire_rating_door,丙级(A0.5h),丙级(A0.5h),,,,{},[],GB 12955-2024,第4条/表1,required
,MAT-DOO-002,door_material,钢质,钢质,,,,{},[],GB 12955-2024,第5.1条,mandatory
,MAT-DOO-002,door_material,木质,木质,,,,{},[],GB 12955-2024,第5.1条,mandatory
,MAT-DOO-002,door_material,钢木复合,钢木复合,,,,{},[],GB 12955-2024,第5.1条,mandatory
,MAT-DOO-002,door_size,900×2100,900×2100,,,mm,{},[],GB 12955-2024,第5.2条,mandatory
,MAT-DOO-002,door_size,1000×2100,1000×2100,,,mm,{},[],GB 12955-2024,第5.2条,mandatory
,MAT-DOO-002,door_size,1200×2100,1200×2100,,,mm,{},[],GB 12955-2024,第5.2条,mandatory
,MAT-DOO-002,door_size,1500×2100,1500×2100,,,mm,{},[],GB 12955-2024,第5.2条,mandatory
,MAT-DOO-002,door_size,1800×2100,1800×2100,,,mm,{},[],GB 12955-2024,第5.2条,mandatory
,MAT-DOO-002,door_size,1800×2400,1800×2400,,,mm,{},[],GB 12955-2024,第5.2条,mandatory
,MAT-DOO-002,door_size,1800×2700,1800×2700,,,mm,{},[],GB 12955-2024,第5.2条,mandatory
,MAT-DOO-002,door_hardware,防火锁+闭门器,防火锁+闭门器,,,,{},[],GB 12955-2024,第6条/表2,mandatory
,MAT-DOO-002,door_hardware,防火锁+闭门器+顺序器,防火锁+闭门器+顺序器,,,,{},[],GB 12955-2024,第6条/表2,mandatory
,MAT-DOO-002,door_hardware,防火锁+闭门器+顺序器+防火铰链,防火锁+闭门器+顺序器+防火铰链,,,,{},[],GB 12955-2024,第6条/表2,mandatory
,MAT-DOO-002,smoke_seal,有,密封件: 有,,,,{},[],GB 12955-2024,第7条,mandatory
,MAT-DOO-002,smoke_seal,无,密封件: 无,,,,{},[],GB 12955-2024,第7条,mandatory
,MAT-DOO-001,security_grade,1级,1级,,,,{},[],GB 17565-2022,第4条/表1,required
,MAT-DOO-001,security_grade,2级,2级,,,,{},[],GB 17565-2022,第4条/表1,required
,MAT-DOO-001,security_grade,3级,3级,,,,{},[],GB 17565-2022,第4条/表1,required
,MAT-DOO-001,security_grade,4级,4级,,,,{},[],GB 17565-2022,第4条/表1,required
,MAT-DOO-001,door_leaf_thickness,50,≥50mm,50,,mm,{},[],GB 17565-2022,第5.1条/表2,mandatory
,MAT-DOO-001,door_leaf_thickness,55,≥55mm,55,,mm,{},[],GB 17565-2022,第5.1条/表2,mandatory
,MAT-DOO-001,door_leaf_thickness,60,≥60mm,60,,mm,{},[],GB 17565-2022,第5.1条/表2,mandatory
,MAT-DOO-001,door_leaf_thickness,65,≥65mm,65,,mm,{},[],GB 17565-2022,第5.1条/表2,mandatory
,MAT-DOO-001,door_leaf_thickness,70,≥70mm,70,,mm,{},[],GB 17565-2022,第5.1条/表2,mandatory
,MAT-DOO-001,steel_plate_thickness,0.6,≥0.6mm,0.6,,mm,{},[],GB 17565-2022,第5.2条/表2,mandatory
,MAT-DOO-001,steel_plate_thickness,0.8,≥0.8mm,0.8,,mm,{},[],GB 17565-2022,第5.2条/表2,mandatory
,MAT-DOO-001,steel_plate_thickness,1.0,≥1.0mm,1.0,,mm,{},[],GB 17565-2022,第5.2条/表2,mandatory
,MAT-DOO-001,steel_plate_thickness,1.2,≥1.2mm,1.2,,mm,{},[],GB 17565-2022,第5.2条/表2,mandatory
,MAT-DOO-001,steel_plate_thickness,1.5,≥1.5mm,1.5,,mm,{},[],GB 17565-2022,第5.2条/表2,mandatory
,MAT-DOO-001,steel_plate_thickness,2.0,≥2.0mm,2.0,,mm,{},[],GB 17565-2022,第5.2条/表2,mandatory
,MAT-DOO-001,locking_points,4,≥4点,4,,,{},[],GB 17565-2022,第5.3条/表2,mandatory
,MAT-DOO-001,locking_points,6,≥6点,6,,,{},[],GB 17565-2022,第5.3条/表2,mandatory
,MAT-DOO-001,locking_points,8,≥8点,8,,,{},[],GB 17565-2022,第5.3条/表2,mandatory
,MAT-DOO-001,locking_points,10,≥10点,10,,,{},[],GB 17565-2022,第5.3条/表2,mandatory
,MAT-DOO-001,locking_points,12,≥12点,12,,,{},[],GB 17565-2022,第5.3条/表2,mandatory
,MAT-PIPE-002,steel_grade,Q195,Q195,,,,{},[],GB/T 3091-2015,第5条/表1,required
,MAT-PIPE-002,steel_grade,Q215,Q215,,,,{},[],GB/T 3091-2015,第5条/表1,required
,MAT-PIPE-002,steel_grade,Q235B,Q235B,,,,{},[],GB/T 3091-2015,第5条/表1,required
,MAT-PIPE-002,steel_grade,Q345B,Q345B,,,,{},[],GB/T 3091-2015,第5条/表1,required
,MAT-PIPE-002,nominal_diameter_pipe,15,DN15,15,15,mm,{},[],GB/T 3091-2015,第4条/表1,mandatory
,MAT-PIPE-002,nominal_diameter_pipe,20,DN20,20,20,mm,{},[],GB/T 3091-2015,第4条/表1,mandatory
,MAT-PIPE-002,nominal_diameter_pipe,25,DN25,25,25,mm,{},[],GB/T 3091-2015,第4条/表1,mandatory
,MAT-PIPE-002,nominal_diameter_pipe,32,DN32,32,32,mm,{},[],GB/T 3091-2015,第4条/表1,mandatory
,MAT-PIPE-002,nominal_diameter_pipe,40,DN40,40,40,mm,{},[],GB/T 3091-2015,第4条/表1,mandatory
,MAT-PIPE-002,nominal_diameter_pipe,50,DN50,50,50,mm,{},[],GB/T 3091-2015,第4条/表1,mandatory
,MAT-PIPE-002,nominal_diameter_pipe,65,DN65,65,65,mm,{},[],GB/T 3091-2015,第4条/表1,mandatory
,MAT-PIPE-002,nominal_diameter_pipe,80,DN80,80,80,mm,{},[],GB/T 3091-2015,第4条/表1,mandatory
,MAT-PIPE-002,nominal_diameter_pipe,100,DN100,100,100,mm,{},[],GB/T 3091-2015,第4条/表1,mandatory
,MAT-PIPE-002,nominal_diameter_pipe,125,DN125,125,125,mm,{},[],GB/T 3091-2015,第4条/表1,mandatory
,MAT-PIPE-002,nominal_diameter_pipe,150,DN150,150,150,mm,{},[],GB/T 3091-2015,第4条/表1,mandatory
,MAT-PIPE-002,nominal_diameter_pipe,200,DN200,200,200,mm,{},[],GB/T 3091-2015,第4条/表1,mandatory
,MAT-PIPE-002,galvanizing_type,热浸镀锌,热浸镀锌,,,,{},[],GB/T 3091-2015,第6条/表2,mandatory
,MAT-PIPE-002,galvanizing_type,电镀锌,电镀锌,,,,{},[],GB/T 3091-2015,第6条/表2,mandatory
,MAT-PIPE-002,galvanizing_type,不镀锌(黑管),不镀锌(黑管),,,,{},[],GB/T 3091-2015,第6条/表2,mandatory
,MAT-PIPE-002,pipe_end_type,平端,平端,,,,{},[],GB/T 3091-2015,第4条,mandatory
,MAT-PIPE-002,pipe_end_type,螺纹,螺纹,,,,{},[],GB/T 3091-2015,第4条,mandatory
,MAT-PIPE-002,pipe_end_type,坡口,坡口,,,,{},[],GB/T 3091-2015,第4条,mandatory
,MAT-STE-006,steel_plate_thickness_param,1.2,1.2mm,1.2,1.2,mm,{},[],GB/T 709-2019,第4条/表1,mandatory
,MAT-STE-006,steel_plate_thickness_param,1.5,1.5mm,1.5,1.5,mm,{},[],GB/T 709-2019,第4条/表1,mandatory
,MAT-STE-006,steel_plate_thickness_param,2,2mm,2,2,mm,{},[],GB/T 709-2019,第4条/表1,mandatory
,MAT-STE-006,steel_plate_thickness_param,2.5,2.5mm,2.5,2.5,mm,{},[],GB/T 709-2019,第4条/表1,mandatory
,MAT-STE-006,steel_plate_thickness_param,3,3mm,3,3,mm,{},[],GB/T 709-2019,第4条/表1,mandatory
,MAT-STE-006,steel_plate_thickness_param,4,4mm,4,4,mm,{},[],GB/T 709-2019,第4条/表1,mandatory
,MAT-STE-006,steel_plate_thickness_param,5,5mm,5,5,mm,{},[],GB/T 709-2019,第4条/表1,mandatory
,MAT-STE-006,steel_plate_thickness_param,6,6mm,6,6,mm,{},[],GB/T 709-2019,第4条/表1,mandatory
,MAT-STE-006,steel_plate_thickness_param,8,8mm,8,8,mm,{},[],GB/T 709-2019,第4条/表1,mandatory
,MAT-STE-006,steel_plate_thickness_param,10,10mm,10,10,mm,{},[],GB/T 709-2019,第4条/表1,mandatory
,MAT-STE-006,steel_plate_thickness_param,12,12mm,12,12,mm,{},[],GB/T 709-2019,第4条/表1,mandatory
,MAT-STE-006,steel_plate_thickness_param,15,15mm,15,15,mm,{},[],GB/T 709-2019,第4条/表1,mandatory
,MAT-STE-006,steel_plate_thickness_param,20,20mm,20,20,mm,{},[],GB/T 709-2019,第4条/表1,mandatory
,MAT-STE-006,steel_plate_thickness_param,25,25mm,25,25,mm,{},[],GB/T 709-2019,第4条/表1,mandatory
,MAT-STE-006,steel_plate_thickness_param,30,30mm,30,30,mm,{},[],GB/T 709-2019,第4条/表1,mandatory
,MAT-STE-006,steel_plate_thickness_param,40,40mm,40,40,mm,{},[],GB/T 709-2019,第4条/表1,mandatory
,MAT-STE-006,steel_plate_thickness_param,50,50mm,50,50,mm,{},[],GB/T 709-2019,第4条/表1,mandatory
,MAT-STE-006,steel_plate_thickness_param,60,60mm,60,60,mm,{},[],GB/T 709-2019,第4条/表1,mandatory
,MAT-STE-006,steel_plate_thickness_param,80,80mm,80,80,mm,{},[],GB/T 709-2019,第4条/表1,mandatory
,MAT-STE-006,steel_plate_thickness_param,100,100mm,100,100,mm,{},[],GB/T 709-2019,第4条/表1,mandatory
,MAT-STE-006,steel_plate_width,600,600mm,600,600,mm,{},[],GB/T 709-2019,第4条/表1,mandatory
,MAT-STE-006,steel_plate_width,750,750mm,750,750,mm,{},[],GB/T 709-2019,第4条/表1,mandatory
,MAT-STE-006,steel_plate_width,900,900mm,900,900,mm,{},[],GB/T 709-2019,第4条/表1,mandatory
,MAT-STE-006,steel_plate_width,1000,1000mm,1000,1000,mm,{},[],GB/T 709-2019,第4条/表1,mandatory
,MAT-STE-006,steel_plate_width,1250,1250mm,1250,1250,mm,{},[],GB/T 709-2019,第4条/表1,mandatory
,MAT-STE-006,steel_plate_width,1500,1500mm,1500,1500,mm,{},[],GB/T 709-2019,第4条/表1,mandatory
,MAT-STE-006,steel_plate_width,1800,1800mm,1800,1800,mm,{},[],GB/T 709-2019,第4条/表1,mandatory
,MAT-STE-006,steel_plate_width,2000,2000mm,2000,2000,mm,{},[],GB/T 709-2019,第4条/表1,mandatory
,MAT-STE-006,steel_plate_width,2200,2200mm,2200,2200,mm,{},[],GB/T 709-2019,第4条/表1,mandatory
,MAT-STE-006,steel_plate_width,2500,2500mm,2500,2500,mm,{},[],GB/T 709-2019,第4条/表1,mandatory
,MAT-STE-006,steel_plate_width,3000,3000mm,3000,3000,mm,{},[],GB/T 709-2019,第4条/表1,mandatory
,MAT-STE-006,thickness_tolerance,N类,N类偏差,,,mm,{},[],GB/T 709-2019,第5条/表2,mandatory
,MAT-STE-006,thickness_tolerance,A类,A类偏差,,,mm,{},[],GB/T 709-2019,第5条/表2,mandatory
,MAT-STE-006,thickness_tolerance,B类,B类偏差,,,mm,{},[],GB/T 709-2019,第5条/表2,mandatory
,MAT-STE-006,thickness_tolerance,C类,C类偏差,,,mm,{},[],GB/T 709-2019,第5条/表2,mandatory
,MAT-BRI-001,strength_grade_brick,MU10,MU10(≥10MPa),10,,MPa,{},[],GB/T 5101-2017,第5条/表1,required
,MAT-BRI-001,strength_grade_brick,MU15,MU15(≥15MPa),15,,MPa,{},[],GB/T 5101-2017,第5条/表1,required
,MAT-BRI-001,strength_grade_brick,MU20,MU20(≥20MPa),20,,MPa,{},[],GB/T 5101-2017,第5条/表1,required
,MAT-BRI-001,strength_grade_brick,MU25,MU25(≥25MPa),25,,MPa,{},[],GB/T 5101-2017,第5条/表1,required
,MAT-BRI-001,strength_grade_brick,MU30,MU30(≥30MPa),30,,MPa,{},[],GB/T 5101-2017,第5条/表1,required
,MAT-BRI-001,frost_resistance,合格,冻融试验合格,,,,{},[],GB/T 5101-2017,第6条/表2,mandatory
,MAT-BRI-001,lime_blast,合格,石灰爆裂合格,,,,{},[],GB/T 5101-2017,第7条/表3,mandatory
,MAT-BRI-001,efflorescence,无泛霜,无泛霜,,,,{},[],GB/T 5101-2017,第8条,mandatory
,MAT-BRI-001,efflorescence,轻微泛霜,轻微泛霜,,,,{},[],GB/T 5101-2017,第8条,mandatory
,MAT-BRI-001,efflorescence,中等泛霜,中等泛霜,,,,{},[],GB/T 5101-2017,第8条,mandatory
,MAT-BRI-001,efflorescence,严重泛霜,严重泛霜,,,,{},[],GB/T 5101-2017,第8条,mandatory
,MAT-BRI-001,weathering_zone,严重风化区,严重风化区,,,,{},[],GB/T 5101-2017,第4条/附录A,mandatory
,MAT-BRI-001,weathering_zone,非严重风化区,非严重风化区,,,,{},[],GB/T 5101-2017,第4条/附录A,mandatory
,MAT-BRI-001,dimension_std_brick,±2.0,长度±2.0mm,,,mm,{},[],GB/T 5101-2017,第4条/表4,mandatory
,MAT-BRI-001,dimension_std_brick,±1.5,宽度/高度±1.5mm,,,mm,{},[],GB/T 5101-2017,第4条/表4,mandatory
,MAT-BLO-001,strength_grade_aac,A1.0,A1.0(≥1.0MPa),1.0,,MPa,{},[],GB/T 11968-2020,第4条/表1,required
,MAT-BLO-001,strength_grade_aac,A2.0,A2.0(≥2.0MPa),2.0,,MPa,{},[],GB/T 11968-2020,第4条/表1,required
,MAT-BLO-001,strength_grade_aac,A2.5,A2.5(≥2.5MPa),2.5,,MPa,{},[],GB/T 11968-2020,第4条/表1,required
,MAT-BLO-001,strength_grade_aac,A3.5,A3.5(≥3.5MPa),3.5,,MPa,{},[],GB/T 11968-2020,第4条/表1,required
,MAT-BLO-001,strength_grade_aac,A5.0,A5.0(≥5.0MPa),5.0,,MPa,{},[],GB/T 11968-2020,第4条/表1,required
,MAT-BLO-001,strength_grade_aac,A7.5,A7.5(≥7.5MPa),7.5,,MPa,{},[],GB/T 11968-2020,第4条/表1,required
,MAT-BLO-001,density_grade_aac,B03,B03(≤0300kg/m³),,,,{},[],GB/T 11968-2020,第4条/表2,mandatory
,MAT-BLO-001,density_grade_aac,B04,B04(≤0400kg/m³),,,,{},[],GB/T 11968-2020,第4条/表2,mandatory
,MAT-BLO-001,density_grade_aac,B05,B05(≤0500kg/m³),,,,{},[],GB/T 11968-2020,第4条/表2,mandatory
,MAT-BLO-001,density_grade_aac,B06,B06(≤0600kg/m³),,,,{},[],GB/T 11968-2020,第4条/表2,mandatory
,MAT-BLO-001,density_grade_aac,B07,B07(≤0700kg/m³),,,,{},[],GB/T 11968-2020,第4条/表2,mandatory
,MAT-BLO-001,density_grade_aac,B08,B08(≤0800kg/m³),,,,{},[],GB/T 11968-2020,第4条/表2,mandatory
,MAT-BLO-001,compressive_strength_aac,1.0,≥1.0MPa,1.0,,MPa,{},[],GB/T 11968-2020,第5条/表1,mandatory
,MAT-BLO-001,compressive_strength_aac,2.0,≥2.0MPa,2.0,,MPa,{},[],GB/T 11968-2020,第5条/表1,mandatory
,MAT-BLO-001,compressive_strength_aac,2.5,≥2.5MPa,2.5,,MPa,{},[],GB/T 11968-2020,第5条/表1,mandatory
,MAT-BLO-001,compressive_strength_aac,3.5,≥3.5MPa,3.5,,MPa,{},[],GB/T 11968-2020,第5条/表1,mandatory
,MAT-BLO-001,compressive_strength_aac,5.0,≥5.0MPa,5.0,,MPa,{},[],GB/T 11968-2020,第5条/表1,mandatory
,MAT-BLO-001,compressive_strength_aac,7.5,≥7.5MPa,7.5,,MPa,{},[],GB/T 11968-2020,第5条/表1,mandatory
,MAT-BLO-001,dry_thermal_cond,0.10,≤0.10W/(m·K),0.10,,W/(m·K),{},[],GB/T 11968-2020,第6条/表3,mandatory
,MAT-BLO-001,dry_thermal_cond,0.12,≤0.12W/(m·K),0.12,,W/(m·K),{},[],GB/T 11968-2020,第6条/表3,mandatory
,MAT-BLO-001,dry_thermal_cond,0.14,≤0.14W/(m·K),0.14,,W/(m·K),{},[],GB/T 11968-2020,第6条/表3,mandatory
,MAT-BLO-001,dry_thermal_cond,0.16,≤0.16W/(m·K),0.16,,W/(m·K),{},[],GB/T 11968-2020,第6条/表3,mandatory
,MAT-BLO-001,dry_thermal_cond,0.18,≤0.18W/(m·K),0.18,,W/(m·K),{},[],GB/T 11968-2020,第6条/表3,mandatory
,MAT-BLO-001,dry_thermal_cond,0.20,≤0.20W/(m·K),0.20,,W/(m·K),{},[],GB/T 11968-2020,第6条/表3,mandatory
,MAT-BLO-001,drying_shrinkage,0.50,标准法≤0.50mm/m,,0.50,mm/m,{},[],GB/T 11968-2020,第7条/表4,mandatory
,MAT-BLO-001,drying_shrinkage,0.80,快速法≤0.80mm/m,,0.80,mm/m,{},[],GB/T 11968-2020,第7条/表4,mandatory
,MAT-BLO-001,frost_resist_aac,≤5%/≤20%,"质量≤5%,强度≤20%",,,%,{},[],GB/T 11968-2020,第8条/表5,mandatory
,MAT-INS-001,density_eps,10,10kg/m³,10,10,kg/m³,{},[],GB/T 10801.1-2025,第4条/表1,mandatory
,MAT-INS-001,density_eps,12,12kg/m³,12,12,kg/m³,{},[],GB/T 10801.1-2025,第4条/表1,mandatory
,MAT-INS-001,density_eps,15,15kg/m³,15,15,kg/m³,{},[],GB/T 10801.1-2025,第4条/表1,mandatory
,MAT-INS-001,density_eps,18,18kg/m³,18,18,kg/m³,{},[],GB/T 10801.1-2025,第4条/表1,mandatory
,MAT-INS-001,density_eps,20,20kg/m³,20,20,kg/m³,{},[],GB/T 10801.1-2025,第4条/表1,mandatory
,MAT-INS-001,density_eps,25,25kg/m³,25,25,kg/m³,{},[],GB/T 10801.1-2025,第4条/表1,mandatory
,MAT-INS-001,density_eps,30,30kg/m³,30,30,kg/m³,{},[],GB/T 10801.1-2025,第4条/表1,mandatory
,MAT-INS-001,density_eps,35,35kg/m³,35,35,kg/m³,{},[],GB/T 10801.1-2025,第4条/表1,mandatory
,MAT-INS-001,thermal_cond_eps,0.039,≤0.039W/(m·K),0.039,,W/(m·K),{},[],GB/T 10801.1-2025,第5条/表2,mandatory
,MAT-INS-001,thermal_cond_eps,0.041,≤0.041W/(m·K),0.041,,W/(m·K),{},[],GB/T 10801.1-2025,第5条/表2,mandatory
,MAT-INS-001,compressive_strength_eps,60,≥60kPa,60,,kPa,{},[],GB/T 10801.1-2025,第5条/表2,mandatory
,MAT-INS-001,compressive_strength_eps,80,≥80kPa,80,,kPa,{},[],GB/T 10801.1-2025,第5条/表2,mandatory
,MAT-INS-001,compressive_strength_eps,100,≥100kPa,100,,kPa,{},[],GB/T 10801.1-2025,第5条/表2,mandatory
,MAT-INS-001,compressive_strength_eps,120,≥120kPa,120,,kPa,{},[],GB/T 10801.1-2025,第5条/表2,mandatory
,MAT-INS-001,compressive_strength_eps,150,≥150kPa,150,,kPa,{},[],GB/T 10801.1-2025,第5条/表2,mandatory
,MAT-INS-001,compressive_strength_eps,200,≥200kPa,200,,kPa,{},[],GB/T 10801.1-2025,第5条/表2,mandatory
,MAT-INS-001,water_absorption_eps,4,≤4%(体积),,4,%,{},[],GB/T 10801.1-2025,第6条/表3,mandatory
,MAT-INS-001,fire_class_eps,B1,B1级(GB8624),,,,{},[],GB/T 10801.1-2025,第7条,mandatory
,MAT-INS-001,fire_class_eps,B2,B2级(GB8624),,,,{},[],GB/T 10801.1-2025,第7条,mandatory
,MAT-INS-002,density_xps,25,25kg/m³,25,25,kg/m³,{},[],GB/T 10801.2-2025,第4条/表1,mandatory
,MAT-INS-002,density_xps,28,28kg/m³,28,28,kg/m³,{},[],GB/T 10801.2-2025,第4条/表1,mandatory
,MAT-INS-002,density_xps,30,30kg/m³,30,30,kg/m³,{},[],GB/T 10801.2-2025,第4条/表1,mandatory
,MAT-INS-002,density_xps,32,32kg/m³,32,32,kg/m³,{},[],GB/T 10801.2-2025,第4条/表1,mandatory
,MAT-INS-002,density_xps,35,35kg/m³,35,35,kg/m³,{},[],GB/T 10801.2-2025,第4条/表1,mandatory
,MAT-INS-002,density_xps,40,40kg/m³,40,40,kg/m³,{},[],GB/T 10801.2-2025,第4条/表1,mandatory
,MAT-INS-002,density_xps,45,45kg/m³,45,45,kg/m³,{},[],GB/T 10801.2-2025,第4条/表1,mandatory
,MAT-INS-002,thermal_cond_xps,0.030,≤0.030W/(m·K),0.030,,W/(m·K),{},[],GB/T 10801.2-2025,第5条/表2,mandatory
,MAT-INS-002,thermal_cond_xps,0.032,≤0.032W/(m·K),0.032,,W/(m·K),{},[],GB/T 10801.2-2025,第5条/表2,mandatory
,MAT-INS-002,compressive_strength_xps,150,≥150kPa,150,,kPa,{},[],GB/T 10801.2-2025,第5条/表2,mandatory
,MAT-INS-002,compressive_strength_xps,200,≥200kPa,200,,kPa,{},[],GB/T 10801.2-2025,第5条/表2,mandatory
,MAT-INS-002,compressive_strength_xps,250,≥250kPa,250,,kPa,{},[],GB/T 10801.2-2025,第5条/表2,mandatory
,MAT-INS-002,compressive_strength_xps,300,≥300kPa,300,,kPa,{},[],GB/T 10801.2-2025,第5条/表2,mandatory
,MAT-INS-002,compressive_strength_xps,350,≥350kPa,350,,kPa,{},[],GB/T 10801.2-2025,第5条/表2,mandatory
,MAT-INS-002,compressive_strength_xps,500,≥500kPa,500,,kPa,{},[],GB/T 10801.2-2025,第5条/表2,mandatory
,MAT-INS-002,compressive_strength_xps,700,≥700kPa,700,,kPa,{},[],GB/T 10801.2-2025,第5条/表2,mandatory
,MAT-INS-002,water_absorption_xps,1.5,≤1.5%(体积),,1.5,%,{},[],GB/T 10801.2-2025,第6条/表3,mandatory
,MAT-INS-002,dimensional_stability,2.0,80℃/48h≤2.0%,,2.0,%,{},[],GB/T 10801.2-2025,第7条/表4,mandatory
,MAT-INS-002,fire_class_xps,B1,B1级(GB8624),,,,{},[],GB/T 10801.2-2025,第8条,mandatory
,MAT-INS-002,fire_class_xps,B2,B2级(GB8624),,,,{},[],GB/T 10801.2-2025,第8条,mandatory
,MAT-CABL-003,rated_voltage_ctrl,450/750,U₀/U=450/750V,,,V,{},[],GB/T 9330-2020,第4条/表1,required
,MAT-CABL-003,num_cores_ctrl,2,2芯,2,2,,{},[],GB/T 9330-2020,第5条/表2,mandatory
,MAT-CABL-003,num_cores_ctrl,3,3芯,3,3,,{},[],GB/T 9330-2020,第5条/表2,mandatory
,MAT-CABL-003,num_cores_ctrl,4,4芯,4,4,,{},[],GB/T 9330-2020,第5条/表2,mandatory
,MAT-CABL-003,num_cores_ctrl,5,5芯,5,5,,{},[],GB/T 9330-2020,第5条/表2,mandatory
,MAT-CABL-003,num_cores_ctrl,7,7芯,7,7,,{},[],GB/T 9330-2020,第5条/表2,mandatory
,MAT-CABL-003,num_cores_ctrl,10,10芯,10,10,,{},[],GB/T 9330-2020,第5条/表2,mandatory
,MAT-CABL-003,num_cores_ctrl,12,12芯,12,12,,{},[],GB/T 9330-2020,第5条/表2,mandatory
,MAT-CABL-003,num_cores_ctrl,14,14芯,14,14,,{},[],GB/T 9330-2020,第5条/表2,mandatory
,MAT-CABL-003,num_cores_ctrl,16,16芯,16,16,,{},[],GB/T 9330-2020,第5条/表2,mandatory
,MAT-CABL-003,num_cores_ctrl,19,19芯,19,19,,{},[],GB/T 9330-2020,第5条/表2,mandatory
,MAT-CABL-003,num_cores_ctrl,24,24芯,24,24,,{},[],GB/T 9330-2020,第5条/表2,mandatory
,MAT-CABL-003,num_cores_ctrl,27,27芯,27,27,,{},[],GB/T 9330-2020,第5条/表2,mandatory
,MAT-CABL-003,num_cores_ctrl,30,30芯,30,30,,{},[],GB/T 9330-2020,第5条/表2,mandatory
,MAT-CABL-003,num_cores_ctrl,37,37芯,37,37,,{},[],GB/T 9330-2020,第5条/表2,mandatory
,MAT-CABL-003,num_cores_ctrl,44,44芯,44,44,,{},[],GB/T 9330-2020,第5条/表2,mandatory
,MAT-CABL-003,num_cores_ctrl,48,48芯,48,48,,{},[],GB/T 9330-2020,第5条/表2,mandatory
,MAT-CABL-003,num_cores_ctrl,52,52芯,52,52,,{},[],GB/T 9330-2020,第5条/表2,mandatory
,MAT-CABL-003,num_cores_ctrl,61,61芯,61,61,,{},[],GB/T 9330-2020,第5条/表2,mandatory
,MAT-CABL-003,cross_section_ctrl,0.5,0.5mm²,0.5,0.5,mm²,{},[],GB/T 9330-2020,第5条/表2,mandatory
,MAT-CABL-003,cross_section_ctrl,0.75,0.75mm²,0.75,0.75,mm²,{},[],GB/T 9330-2020,第5条/表2,mandatory
,MAT-CABL-003,cross_section_ctrl,1.0,1.0mm²,1.0,1.0,mm²,{},[],GB/T 9330-2020,第5条/表2,mandatory
,MAT-CABL-003,cross_section_ctrl,1.5,1.5mm²,1.5,1.5,mm²,{},[],GB/T 9330-2020,第5条/表2,mandatory
,MAT-CABL-003,cross_section_ctrl,2.5,2.5mm²,2.5,2.5,mm²,{},[],GB/T 9330-2020,第5条/表2,mandatory
,MAT-CABL-003,cross_section_ctrl,4,4mm²,4,4,mm²,{},[],GB/T 9330-2020,第5条/表2,mandatory
,MAT-CABL-003,cross_section_ctrl,6,6mm²,6,6,mm²,{},[],GB/T 9330-2020,第5条/表2,mandatory
,MAT-CABL-003,cross_section_ctrl,10,10mm²,10,10,mm²,{},[],GB/T 9330-2020,第5条/表2,mandatory
,MAT-CABL-003,insulation_ctrl,PVC,PVC,,,,{},[],GB/T 9330-2020,第6条/表3,mandatory
,MAT-CABL-003,insulation_ctrl,XLPE,XLPE,,,,{},[],GB/T 9330-2020,第6条/表3,mandatory
,MAT-CABL-003,sheath_ctrl,PVC,PVC,,,,{},[],GB/T 9330-2020,第7条/表4,mandatory
,MAT-CABL-003,sheath_ctrl,PE,PE,,,,{},[],GB/T 9330-2020,第7条/表4,mandatory
,MAT-CABL-003,sheath_ctrl,低烟无卤,低烟无卤,,,,{},[],GB/T 9330-2020,第7条/表4,mandatory
,MAT-DOO-010,fire_rating_window,甲级(A1.5h),甲级(A1.5h),,,,{},[],GB 16809-2024,第4条/表1,required
,MAT-DOO-010,fire_rating_window,乙级(A1.0h),乙级(A1.0h),,,,{},[],GB 16809-2024,第4条/表1,required
,MAT-DOO-010,fire_rating_window,丙级(A0.5h),丙级(A0.5h),,,,{},[],GB 16809-2024,第4条/表1,required
,MAT-DOO-010,window_frame_material,钢质,钢质,,,,{},[],GB 16809-2024,第5.1条,mandatory
,MAT-DOO-010,window_frame_material,木质,木质,,,,{},[],GB 16809-2024,第5.1条,mandatory
,MAT-DOO-010,window_frame_material,钢木复合,钢木复合,,,,{},[],GB 16809-2024,第5.1条,mandatory
,MAT-DOO-010,glass_type_fire,复合防火玻璃,复合防火玻璃,,,,{},[],GB 16809-2024,第5.2条,mandatory
,MAT-DOO-010,glass_type_fire,单片防火玻璃,单片防火玻璃,,,,{},[],GB 16809-2024,第5.2条,mandatory
,MAT-DOO-010,glass_type_fire,灌浆防火玻璃,灌浆防火玻璃,,,,{},[],GB 16809-2024,第5.2条,mandatory
,MAT-DOO-010,window_operation,固定式,固定式,,,,{},[],GB 16809-2024,第4条,mandatory
,MAT-DOO-010,window_operation,活动式,活动式,,,,{},[],GB 16809-2024,第4条,mandatory
,MAT-DOO-010,auto_close_device,温控释放,74±2℃自动关闭,,,,{},[],GB 16809-2024,第6条,mandatory
,MAT-DOO-010,smoke_seal_window,有,带防火密封件,,,,{},[],GB 16809-2024,第7条,mandatory
,MAT-FLR-001,floor_type_pvc,发泡层,发泡层,,,,{},[],GB/T 11982.1-2015,第4条/表1,required
,MAT-FLR-001,floor_type_pvc,密实,密实,,,,{},[],GB/T 11982.1-2015,第4条/表1,required
,MAT-FLR-001,floor_type_pvc,同质透心,同质透心,,,,{},[],GB/T 11982.1-2015,第4条/表1,required
,MAT-FLR-001,total_thickness,0.8,0.8mm,0.8,0.8,mm,{},[],GB/T 11982.1-2015,第4条/表1,mandatory
,MAT-FLR-001,total_thickness,1.5,1.5mm,1.5,1.5,mm,{},[],GB/T 11982.1-2015,第4条/表1,mandatory
,MAT-FLR-001,total_thickness,2.0,2.0mm,2.0,2.0,mm,{},[],GB/T 11982.1-2015,第4条/表1,mandatory
,MAT-FLR-001,total_thickness,2.5,2.5mm,2.5,2.5,mm,{},[],GB/T 11982.1-2015,第4条/表1,mandatory
,MAT-FLR-001,total_thickness,3.0,3.0mm,3.0,3.0,mm,{},[],GB/T 11982.1-2015,第4条/表1,mandatory
,MAT-FLR-001,total_thickness,4.0,4.0mm,4.0,4.0,mm,{},[],GB/T 11982.1-2015,第4条/表1,mandatory
,MAT-FLR-001,wear_layer_thickness,0.15,≥0.15mm,0.15,,mm,{},[],GB/T 11982.1-2015,第5条/表2,mandatory
,MAT-FLR-001,wear_layer_thickness,0.20,≥0.20mm,0.20,,mm,{},[],GB/T 11982.1-2015,第5条/表2,mandatory
,MAT-FLR-001,wear_layer_thickness,0.30,≥0.30mm,0.30,,mm,{},[],GB/T 11982.1-2015,第5条/表2,mandatory
,MAT-FLR-001,wear_layer_thickness,0.50,≥0.50mm,0.50,,mm,{},[],GB/T 11982.1-2015,第5条/表2,mandatory
,MAT-FLR-001,wear_layer_thickness,0.70,≥0.70mm,0.70,,mm,{},[],GB/T 11982.1-2015,第5条/表2,mandatory
,MAT-FLR-001,wear_resistance_group,T级,T级,,,,{},[],GB/T 11982.1-2015,第5条/表2,mandatory
,MAT-FLR-001,wear_resistance_group,P级,P级,,,,{},[],GB/T 11982.1-2015,第5条/表2,mandatory
,MAT-FLR-001,wear_resistance_group,M级,M级,,,,{},[],GB/T 11982.1-2015,第5条/表2,mandatory
,MAT-FLR-001,wear_resistance_group,F级,F级,,,,{},[],GB/T 11982.1-2015,第5条/表2,mandatory
,MAT-FLR-001,residual_indentation,0.20,≤0.20mm(发泡层),,0.20,mm,{},[],GB/T 11982.1-2015,第6条/表3,mandatory
,MAT-FLR-001,residual_indentation,0.10,≤0.10mm(密实),,0.10,mm,{},[],GB/T 11982.1-2015,第6条/表3,mandatory
,MAT-WAP-007,membrane_type,均质片,均质片,,,,{},[],GB 18173.2-2014,第4条/表1,required
,MAT-WAP-007,membrane_type,复合片,复合片,,,,{},[],GB 18173.2-2014,第4条/表1,required
,MAT-WAP-007,membrane_type,自粘片,自粘片,,,,{},[],GB 18173.2-2014,第4条/表1,required
,MAT-WAP-007,nominal_thickness_mb,1.2,1.2mm,1.2,1.2,mm,{},[],GB 18173.2-2014,第4条/表1,mandatory
,MAT-WAP-007,nominal_thickness_mb,1.5,1.5mm,1.5,1.5,mm,{},[],GB 18173.2-2014,第4条/表1,mandatory
,MAT-WAP-007,nominal_thickness_mb,2.0,2.0mm,2.0,2.0,mm,{},[],GB 18173.2-2014,第4条/表1,mandatory
,MAT-WAP-007,tensile_strength_mb,5.0,≥5.0MPa,5.0,,MPa,{},[],GB 18173.2-2014,第5条/表2,mandatory
,MAT-WAP-007,tensile_strength_mb,7.5,≥7.5MPa,7.5,,MPa,{},[],GB 18173.2-2014,第5条/表2,mandatory
,MAT-WAP-007,tensile_strength_mb,10.0,≥10.0MPa,10.0,,MPa,{},[],GB 18173.2-2014,第5条/表2,mandatory
,MAT-WAP-007,tensile_strength_mb,12.0,≥12.0MPa,12.0,,MPa,{},[],GB 18173.2-2014,第5条/表2,mandatory
,MAT-WAP-007,elongation_mb,200,≥200%,200,,%,{},[],GB 18173.2-2014,第5条/表2,mandatory
,MAT-WAP-007,elongation_mb,250,≥250%,250,,%,{},[],GB 18173.2-2014,第5条/表2,mandatory
,MAT-WAP-007,elongation_mb,300,≥300%,300,,%,{},[],GB 18173.2-2014,第5条/表2,mandatory
,MAT-WAP-007,elongation_mb,400,≥400%,400,,%,{},[],GB 18173.2-2014,第5条/表2,mandatory
,MAT-WAP-007,water_tightness_mb,0.3/30min,0.3MPa/30min,,,,{},[],GB 18173.2-2014,第6条/表3,mandatory
,MAT-WAP-007,low_temp_flex,-20℃,-20℃无裂纹,,,℃,{},[],GB 18173.2-2014,第7条/表4,mandatory
,MAT-WAP-007,low_temp_flex,-25℃,-25℃无裂纹,,,℃,{},[],GB 18173.2-2014,第7条/表4,mandatory
,MAT-ELEQ-005,protection_level,一类,防雷等级=一类,一类,一类,,{},[],GB 50057-2010,第4.2条,required
,MAT-ELEQ-005,protection_level,二类,防雷等级=二类,二类,二类,,{},[],GB 50057-2010,第4.2条,required
,MAT-ELEQ-005,protection_level,三类,防雷等级=三类,三类,三类,,{},[],GB 50057-2010,第4.2条,required
,MAT-ELEQ-005,ground_resistance,1,接地电阻=1,1,1,Ω,{},[],GB 50057-2010,第5.4条,required
,MAT-ELEQ-005,ground_resistance,4,接地电阻=4,4,4,Ω,{},[],GB 50057-2010,第5.4条,required
,MAT-ELEQ-005,ground_resistance,10,接地电阻=10,10,10,Ω,{},[],GB 50057-2010,第5.4条,required
,MAT-ELEQ-005,down_conductor_spacing,12,引下线间距=12,12,12,m,{},[],GB 50057-2010,第4.3条,required
,MAT-ELEQ-005,down_conductor_spacing,18,引下线间距=18,18,18,m,{},[],GB 50057-2010,第4.3条,required
,MAT-ELEQ-005,down_conductor_spacing,25,引下线间距=25,25,25,m,{},[],GB 50057-2010,第4.3条,required
,MAT-ELEQ-005,lightning_arrester_type,接闪杆,接闪器类型=接闪杆,接闪杆,接闪杆,,{},[],GB 50057-2010,第5.1条,mandatory
,MAT-ELEQ-005,lightning_arrester_type,接闪带,接闪器类型=接闪带,接闪带,接闪带,,{},[],GB 50057-2010,第5.1条,mandatory
,MAT-ELEQ-005,lightning_arrester_type,接闪网,接闪器类型=接闪网,接闪网,接闪网,,{},[],GB 50057-2010,第5.1条,mandatory
,MAT-ELEQ-005,equipotential_bonding,是,等电位连接=是,是,是,,{},[],GB 50057-2010,第6.3条,mandatory
,MAT-ELEQ-005,equipotential_bonding,否,等电位连接=否,否,否,,{},[],GB 50057-2010,第6.3条,mandatory
,MAT-ELEQ-005,spd_installation,I级,电涌保护器SPD=I级,I级,I级,,{},[],GB 50057-2010,第5.5条,mandatory
,MAT-ELEQ-005,spd_installation,I+II级,电涌保护器SPD=I+II级,I+II级,I+II级,,{},[],GB 50057-2010,第5.5条,mandatory
,MAT-ELEQ-005,spd_installation,II级,电涌保护器SPD=II级,II级,II级,,{},[],GB 50057-2010,第5.5条,mandatory
,MAT-PLUM-004,faucet_type,单柄单控,水嘴类型=单柄单控,单柄单控,单柄单控,,{},[],GB 18145-2014,第4条,required
,MAT-PLUM-004,faucet_type,单柄双控,水嘴类型=单柄双控,单柄双控,单柄双控,,{},[],GB 18145-2014,第4条,required
,MAT-PLUM-004,faucet_type,双柄双控,水嘴类型=双柄双控,双柄双控,双柄双控,,{},[],GB 18145-2014,第4条,required
,MAT-PLUM-004,nominal_diameter_fn,15,公称通径DN=15,15,15,mm,{},[],GB 18145-2014,第4条/表1,required
,MAT-PLUM-004,nominal_diameter_fn,20,公称通径DN=20,20,20,mm,{},[],GB 18145-2014,第4条/表1,required
,MAT-PLUM-004,nominal_diameter_fn,25,公称通径DN=25,25,25,mm,{},[],GB 18145-2014,第4条/表1,required
,MAT-PLUM-004,flow_rate_class,0.100,流量等级=0.100,0.100,0.100,L/s,{},[],GB 18145-2014,第5条/表2,required
,MAT-PLUM-004,flow_rate_class,0.125,流量等级=0.125,0.125,0.125,L/s,{},[],GB 18145-2014,第5条/表2,required
,MAT-PLUM-004,flow_rate_class,0.150,流量等级=0.150,0.150,0.150,L/s,{},[],GB 18145-2014,第5条/表2,required
,MAT-PLUM-004,sealing_test_pressure,1.6,密封试验压力=1.6,1.6,1.6,MPa,{},[],GB 18145-2014,第6条,mandatory
,MAT-PLUM-004,surface_quality_fn,优等品,表面质量=优等品,优等品,优等品,,{},[],GB 18145-2014,第7条,mandatory
,MAT-PLUM-004,surface_quality_fn,一级品,表面质量=一级品,一级品,一级品,,{},[],GB 18145-2014,第7条,mandatory
,MAT-PLUM-004,surface_quality_fn,合格品,表面质量=合格品,合格品,合格品,,{},[],GB 18145-2014,第7条,mandatory
,MAT-PLUM-004,coating_adhesion_fn,合格,镀层附着力=合格,合格,合格,,{},[],GB 18145-2014,第8条,mandatory
,MAT-PLUM-004,coating_adhesion_fn,不合格,镀层附着力=不合格,不合格,不合格,,{},[],GB 18145-2014,第8条,mandatory
,MAT-FIRE-003,extinguishing_agent,七氟丙烷,灭火剂类型=七氟丙烷,七氟丙烷,七氟丙烷,,{},[],GB 25972-2024,第4条,required
,MAT-FIRE-003,extinguishing_agent,IG541,灭火剂类型=IG541,IG541,IG541,,{},[],GB 25972-2024,第4条,required
,MAT-FIRE-003,extinguishing_agent,IG100,灭火剂类型=IG100,IG100,IG100,,{},[],GB 25972-2024,第4条,required
,MAT-FIRE-003,extinguishing_agent,CO2,灭火剂类型=CO2,CO2,CO2,,{},[],GB 25972-2024,第4条,required
,MAT-FIRE-003,discharge_time,10,喷放时间=10,10,10,s,{},[],GB 25972-2024,第5条,required
,MAT-FIRE-003,discharge_time,60,喷放时间=60,60,60,s,{},[],GB 25972-2024,第5条,required
,MAT-FIRE-003,cylinder_pressure,2.5,钢瓶储存压力=2.5,2.5,2.5,MPa,{},[],GB 25972-2024,第6条,mandatory
,MAT-FIRE-003,cylinder_pressure,4.2,钢瓶储存压力=4.2,4.2,4.2,MPa,{},[],GB 25972-2024,第6条,mandatory
,MAT-FIRE-003,cylinder_pressure,5.6,钢瓶储存压力=5.6,5.6,5.6,MPa,{},[],GB 25972-2024,第6条,mandatory
,MAT-FIRE-003,nozzle_type,全淹没,喷头类型=全淹没,全淹没,全淹没,,{},[],GB 25972-2024,第7条,mandatory
,MAT-FIRE-003,nozzle_type,局部应用,喷头类型=局部应用,局部应用,局部应用,,{},[],GB 25972-2024,第7条,mandatory
,MAT-FIRE-003,control_mode,自动,控制方式=自动,自动,自动,,{},[],GB 25972-2024,第8条,mandatory
,MAT-FIRE-003,control_mode,手动,控制方式=手动,手动,手动,,{},[],GB 25972-2024,第8条,mandatory
,MAT-FIRE-003,control_mode,机械应急,控制方式=机械应急,机械应急,机械应急,,{},[],GB 25972-2024,第8条,mandatory
,MAT-FIRE-005,controller_type,区域,控制器类型=区域,区域,区域,,{},[],GB 4717-2024,第4条,required
,MAT-FIRE-005,controller_type,集中,控制器类型=集中,集中,集中,,{},[],GB 4717-2024,第4条,required
,MAT-FIRE-005,controller_type,控制中心,控制器类型=控制中心,控制中心,控制中心,,{},[],GB 4717-2024,第4条,required
,MAT-FIRE-005,loop_capacity,200,回路容量=200,200,200,点,{},[],GB 4717-2024,第5条/表1,required
,MAT-FIRE-005,loop_capacity,242,回路容量=242,242,242,点,{},[],GB 4717-2024,第5条/表1,required
,MAT-FIRE-005,loop_capacity,324,回路容量=324,324,324,点,{},[],GB 4717-2024,第5条/表1,required
,MAT-FIRE-005,loop_capacity,484,回路容量=484,484,484,点,{},[],GB 4717-2024,第5条/表1,required
,MAT-FIRE-005,power_backup,8,备电时间=8,8,8,h,{},[],GB 4717-2024,第6条,mandatory
,MAT-FIRE-005,env_class,室内型,使用环境=室内型,室内型,室内型,,{},[],GB 4717-2024,第8条,mandatory
,MAT-FIRE-005,env_class,户外型,使用环境=户外型,户外型,户外型,,{},[],GB 4717-2024,第8条,mandatory
,MAT-FIRE-005,env_class,防爆型,使用环境=防爆型,防爆型,防爆型,,{},[],GB 4717-2024,第8条,mandatory
,MAT-FIRE-001,hose_diameter,25,公称内径=25,25,25,mm,{},[],GB 6246-2026,第4条/表1,required
,MAT-FIRE-001,hose_diameter,40,公称内径=40,40,40,mm,{},[],GB 6246-2026,第4条/表1,required
,MAT-FIRE-001,hose_diameter,50,公称内径=50,50,50,mm,{},[],GB 6246-2026,第4条/表1,required
,MAT-FIRE-001,hose_diameter,65,公称内径=65,65,65,mm,{},[],GB 6246-2026,第4条/表1,required
,MAT-FIRE-001,hose_diameter,80,公称内径=80,80,80,mm,{},[],GB 6246-2026,第4条/表1,required
,MAT-FIRE-001,hose_diameter,100,公称内径=100,100,100,mm,{},[],GB 6246-2026,第4条/表1,required
,MAT-FIRE-001,hose_length,20,公称长度=20,20,20,m,{},[],GB 6246-2026,第4条/表1,required
,MAT-FIRE-001,hose_length,25,公称长度=25,25,25,m,{},[],GB 6246-2026,第4条/表1,required
,MAT-FIRE-001,hose_length,30,公称长度=30,30,30,m,{},[],GB 6246-2026,第4条/表1,required
,MAT-FIRE-001,hose_length,40,公称长度=40,40,40,m,{},[],GB 6246-2026,第4条/表1,required
,MAT-FIRE-001,working_pressure,0.8,工作压力=0.8,0.8,0.8,MPa,{},[],GB 6246-2026,第5条/表2,required
,MAT-FIRE-001,working_pressure,1.0,工作压力=1.0,1.0,1.0,MPa,{},[],GB 6246-2026,第5条/表2,required
,MAT-FIRE-001,working_pressure,1.3,工作压力=1.3,1.3,1.3,MPa,{},[],GB 6246-2026,第5条/表2,required
,MAT-FIRE-001,working_pressure,1.6,工作压力=1.6,1.6,1.6,MPa,{},[],GB 6246-2026,第5条/表2,required
,MAT-FIRE-001,working_pressure,2.0,工作压力=2.0,2.0,2.0,MPa,{},[],GB 6246-2026,第5条/表2,required
,MAT-FIRE-001,working_pressure,2.5,工作压力=2.5,2.5,2.5,MPa,{},[],GB 6246-2026,第5条/表2,required
,MAT-FIRE-001,liner_material,橡胶,衬里材质=橡胶,橡胶,橡胶,,{},[],GB 6246-2026,第6条,mandatory
,MAT-FIRE-001,liner_material,聚氨酯,衬里材质=聚氨酯,聚氨酯,聚氨酯,,{},[],GB 6246-2026,第6条,mandatory
,MAT-FIRE-001,liner_material,PVC,衬里材质=PVC,PVC,PVC,,{},[],GB 6246-2026,第6条,mandatory
,MAT-FIRE-001,coupling_type,内扣式,接口类型=内扣式,内扣式,内扣式,,{},[],GB 6246-2026,第7条,mandatory
,MAT-FIRE-001,coupling_type,卡式,接口类型=卡式,卡式,卡式,,{},[],GB 6246-2026,第7条,mandatory
,MAT-FIRE-001,coupling_type,螺纹式,接口类型=螺纹式,螺纹式,螺纹式,,{},[],GB 6246-2026,第7条,mandatory
,MAT-ELEC-004,socket_type,单相二极,插座类型=单相二极,单相二极,单相二极,,{},[],GB/T 2099.10-2026,第4条,required
,MAT-ELEC-004,socket_type,单相三极,插座类型=单相三极,单相三极,单相三极,,{},[],GB/T 2099.10-2026,第4条,required
,MAT-ELEC-004,socket_type,三相四极,插座类型=三相四极,三相四极,三相四极,,{},[],GB/T 2099.10-2026,第4条,required
,MAT-ELEC-004,rated_current,10,额定电流=10,10,10,A,{},[],GB/T 2099.10-2026,第4条/表1,required
,MAT-ELEC-004,rated_current,16,额定电流=16,16,16,A,{},[],GB/T 2099.10-2026,第4条/表1,required
,MAT-ELEC-004,rated_current,25,额定电流=25,25,25,A,{},[],GB/T 2099.10-2026,第4条/表1,required
,MAT-ELEC-004,rated_current,32,额定电流=32,32,32,A,{},[],GB/T 2099.10-2026,第4条/表1,required
,MAT-ELEC-004,rated_voltage_socket,250,额定电压=250,250,250,V,{},[],GB/T 2099.10-2026,第4条/表1,required
,MAT-ELEC-004,rated_voltage_socket,380,额定电压=380,380,380,V,{},[],GB/T 2099.10-2026,第4条/表1,required
,MAT-ELEC-004,protection_degree,IP20,防护等级=IP20,IP20,IP20,,{},[],GB/T 2099.10-2026,第5条,mandatory
,MAT-ELEC-004,protection_degree,IP44,防护等级=IP44,IP44,IP44,,{},[],GB/T 2099.10-2026,第5条,mandatory
,MAT-ELEC-004,protection_degree,IP54,防护等级=IP54,IP54,IP54,,{},[],GB/T 2099.10-2026,第5条,mandatory
,MAT-ELEC-004,protection_degree,IP66,防护等级=IP66,IP66,IP66,,{},[],GB/T 2099.10-2026,第5条,mandatory
,MAT-ELEC-004,material_socket,PC,外壳材质=PC,PC,PC,,{},[],GB/T 2099.10-2026,第6条,mandatory
,MAT-ELEC-004,material_socket,PA,外壳材质=PA,PA,PA,,{},[],GB/T 2099.10-2026,第6条,mandatory
,MAT-ELEC-004,material_socket,尿素树脂,外壳材质=尿素树脂,尿素树脂,尿素树脂,,{},[],GB/T 2099.10-2026,第6条,mandatory
,MAT-ELEC-004,child_protection,有,儿童保护门=有,有,有,,{},[],GB/T 2099.10-2026,第7条,mandatory
,MAT-ELEC-004,child_protection,无,儿童保护门=无,无,无,,{},[],GB/T 2099.10-2026,第7条,mandatory
,MAT-FIRE-008,cabinet_type,琴台柜,机柜类型=琴台柜,琴台柜,琴台柜,,{},[],GB/T 14561-2019,第4条,required
,MAT-FIRE-008,cabinet_type,立柜,机柜类型=立柜,立柜,立柜,,{},[],GB/T 14561-2019,第4条,required
,MAT-FIRE-008,cabinet_type,壁挂,机柜类型=壁挂,壁挂,壁挂,,{},[],GB/T 14561-2019,第4条,required
,MAT-FIRE-008,display_type,LED点阵,显示方式=LED点阵,LED点阵,LED点阵,,{},[],GB/T 14561-2019,第5条,required
,MAT-FIRE-008,display_type,LCD,显示方式=LCD,LCD,LCD,,{},[],GB/T 14561-2019,第5条,required
,MAT-FIRE-008,display_type,GIS地图,显示方式=GIS地图,GIS地图,GIS地图,,{},[],GB/T 14561-2019,第5条,required
,MAT-FIRE-008,communication_protocol,CAN,通信协议=CAN,CAN,CAN,,{},[],GB/T 14561-2019,第6条,required
,MAT-FIRE-008,communication_protocol,RS485,通信协议=RS485,RS485,RS485,,{},[],GB/T 14561-2019,第6条,required
,MAT-FIRE-008,communication_protocol,以太网,通信协议=以太网,以太网,以太网,,{},[],GB/T 14561-2019,第6条,required
,MAT-FIRE-008,communication_protocol,无线,通信协议=无线,无线,无线,,{},[],GB/T 14561-2019,第6条,required
,MAT-FIRE-008,event_log_capacity,10000,事件记录容量=10000,10000,10000,条,{},[],GB/T 14561-2019,第7条,mandatory
,MAT-FIRE-008,power_consumption,500,功耗=500,500,500,W,{},[],GB/T 14561-2019,第8条,mandatory
,MAT-FIRE-008,backup_battery_time,8,备电时间=8,8,8,h,{},[],GB/T 14561-2019,第9条,mandatory
,MAT-FIRE-008,rated_capacity,30,额定容量=30,30,30,kVA,{},[],GB/T 10228-2023,第4条/表1,required
,MAT-FIRE-008,rated_capacity,50,额定容量=50,50,50,kVA,{},[],GB/T 10228-2023,第4条/表1,required
,MAT-FIRE-008,rated_capacity,80,额定容量=80,80,80,kVA,{},[],GB/T 10228-2023,第4条/表1,required
,MAT-FIRE-008,rated_capacity,100,额定容量=100,100,100,kVA,{},[],GB/T 10228-2023,第4条/表1,required
,MAT-FIRE-008,rated_capacity,160,额定容量=160,160,160,kVA,{},[],GB/T 10228-2023,第4条/表1,required
,MAT-FIRE-008,rated_capacity,200,额定容量=200,200,200,kVA,{},[],GB/T 10228-2023,第4条/表1,required
,MAT-FIRE-008,rated_capacity,250,额定容量=250,250,250,kVA,{},[],GB/T 10228-2023,第4条/表1,required
,MAT-FIRE-008,rated_capacity,315,额定容量=315,315,315,kVA,{},[],GB/T 10228-2023,第4条/表1,required
,MAT-FIRE-008,rated_capacity,400,额定容量=400,400,400,kVA,{},[],GB/T 10228-2023,第4条/表1,required
,MAT-FIRE-008,rated_capacity,500,额定容量=500,500,500,kVA,{},[],GB/T 10228-2023,第4条/表1,required
,MAT-FIRE-008,rated_capacity,630,额定容量=630,630,630,kVA,{},[],GB/T 10228-2023,第4条/表1,required
,MAT-FIRE-008,rated_capacity,800,额定容量=800,800,800,kVA,{},[],GB/T 10228-2023,第4条/表1,required
,MAT-FIRE-008,rated_capacity,1000,额定容量=1000,1000,1000,kVA,{},[],GB/T 10228-2023,第4条/表1,required
,MAT-FIRE-008,rated_capacity,1250,额定容量=1250,1250,1250,kVA,{},[],GB/T 10228-2023,第4条/表1,required
,MAT-FIRE-008,rated_capacity,1600,额定容量=1600,1600,1600,kVA,{},[],GB/T 10228-2023,第4条/表1,required
,MAT-FIRE-008,rated_capacity,2000,额定容量=2000,2000,2000,kVA,{},[],GB/T 10228-2023,第4条/表1,required
,MAT-FIRE-008,rated_capacity,2500,额定容量=2500,2500,2500,kVA,{},[],GB/T 10228-2023,第4条/表1,required
,MAT-FIRE-008,primary_voltage,6,一次电压=6,6,6,kV,{},[],GB/T 10228-2023,第4条/表1,required
,MAT-FIRE-008,primary_voltage,10,一次电压=10,10,10,kV,{},[],GB/T 10228-2023,第4条/表1,required
,MAT-FIRE-008,primary_voltage,20,一次电压=20,20,20,kV,{},[],GB/T 10228-2023,第4条/表1,required
,MAT-FIRE-008,primary_voltage,35,一次电压=35,35,35,kV,{},[],GB/T 10228-2023,第4条/表1,required
,MAT-FIRE-008,secondary_voltage,400,二次电压=400,400,400,V,{},[],GB/T 10228-2023,第4条/表1,required
,MAT-FIRE-008,secondary_voltage,690,二次电压=690,690,690,V,{},[],GB/T 10228-2023,第4条/表1,required
,MAT-FIRE-008,cooling_method,AN,冷却方式=AN,AN,AN,,{},[],GB/T 10228-2023,第5条,mandatory
,MAT-FIRE-008,cooling_method,AF,冷却方式=AF,AF,AF,,{},[],GB/T 10228-2023,第5条,mandatory
,MAT-FIRE-008,insulation_class,F级,绝缘等级=F级,F级,F级,,{},[],GB/T 10228-2023,第6条,mandatory
,MAT-FIRE-008,insulation_class,H级,绝缘等级=H级,H级,H级,,{},[],GB/T 10228-2023,第6条,mandatory
,MAT-FIRE-008,air_volume,2000,额定风量=2000,2000,2000,m³/h,{},[],GB/T 14294-2026,第4条/表1,required
,MAT-FIRE-008,air_volume,3000,额定风量=3000,3000,3000,m³/h,{},[],GB/T 14294-2026,第4条/表1,required
,MAT-FIRE-008,air_volume,5000,额定风量=5000,5000,5000,m³/h,{},[],GB/T 14294-2026,第4条/表1,required
,MAT-FIRE-008,air_volume,8000,额定风量=8000,8000,8000,m³/h,{},[],GB/T 14294-2026,第4条/表1,required
,MAT-FIRE-008,air_volume,10000,额定风量=10000,10000,10000,m³/h,{},[],GB/T 14294-2026,第4条/表1,required
,MAT-FIRE-008,air_volume,15000,额定风量=15000,15000,15000,m³/h,{},[],GB/T 14294-2026,第4条/表1,required
,MAT-FIRE-008,air_volume,20000,额定风量=20000,20000,20000,m³/h,{},[],GB/T 14294-2026,第4条/表1,required
,MAT-FIRE-008,air_volume,30000,额定风量=30000,30000,30000,m³/h,{},[],GB/T 14294-2026,第4条/表1,required
,MAT-FIRE-008,air_volume,50000,额定风量=50000,50000,50000,m³/h,{},[],GB/T 14294-2026,第4条/表1,required
,MAT-FIRE-008,static_pressure,150,机外静压=150,150,150,Pa,{},[],GB/T 14294-2026,第6条,mandatory
,MAT-FIRE-008,static_pressure,200,机外静压=200,200,200,Pa,{},[],GB/T 14294-2026,第6条,mandatory
,MAT-FIRE-008,static_pressure,300,机外静压=300,300,300,Pa,{},[],GB/T 14294-2026,第6条,mandatory
,MAT-FIRE-008,static_pressure,400,机外静压=400,400,400,Pa,{},[],GB/T 14294-2026,第6条,mandatory
,MAT-FIRE-008,static_pressure,500,机外静压=500,500,500,Pa,{},[],GB/T 14294-2026,第6条,mandatory
,MAT-FIRE-008,static_pressure,800,机外静压=800,800,800,Pa,{},[],GB/T 14294-2026,第6条,mandatory
,MAT-FIRE-008,filter_grade,G3,过滤等级=G3,G3,G3,,{},[],GB/T 14294-2026,第7条,mandatory
,MAT-FIRE-008,filter_grade,G4,过滤等级=G4,G4,G4,,{},[],GB/T 14294-2026,第7条,mandatory
,MAT-FIRE-008,filter_grade,F5,过滤等级=F5,F5,F5,,{},[],GB/T 14294-2026,第7条,mandatory
,MAT-FIRE-008,filter_grade,F6,过滤等级=F6,F6,F6,,{},[],GB/T 14294-2026,第7条,mandatory
,MAT-FIRE-008,filter_grade,F7,过滤等级=F7,F7,F7,,{},[],GB/T 14294-2026,第7条,mandatory
,MAT-FIRE-008,filter_grade,F8,过滤等级=F8,F8,F8,,{},[],GB/T 14294-2026,第7条,mandatory
,MAT-FIRE-008,filter_grade,F9,过滤等级=F9,F9,F9,,{},[],GB/T 14294-2026,第7条,mandatory
,MAT-FLR-001,floor_grade_pvc,21,使用等级=21,21,21,,{},[],GB/T 11982.2-2015,第4条,required
,MAT-FLR-001,floor_grade_pvc,23,使用等级=23,23,23,,{},[],GB/T 11982.2-2015,第4条,required
,MAT-FLR-001,floor_grade_pvc,31,使用等级=31,31,31,,{},[],GB/T 11982.2-2015,第4条,required
,MAT-FLR-001,floor_grade_pvc,33,使用等级=33,33,33,,{},[],GB/T 11982.2-2015,第4条,required
,MAT-FLR-001,floor_grade_pvc,42,使用等级=42,42,42,,{},[],GB/T 11982.2-2015,第4条,required
,MAT-FLR-001,total_thickness_homo,1.5,总厚度=1.5,1.5,1.5,mm,{},[],GB/T 11982.2-2015,第4条/表1,required
,MAT-FLR-001,total_thickness_homo,2.0,总厚度=2.0,2.0,2.0,mm,{},[],GB/T 11982.2-2015,第4条/表1,required
,MAT-FLR-001,total_thickness_homo,2.5,总厚度=2.5,2.5,2.5,mm,{},[],GB/T 11982.2-2015,第4条/表1,required
,MAT-FLR-001,total_thickness_homo,3.0,总厚度=3.0,3.0,3.0,mm,{},[],GB/T 11982.2-2015,第4条/表1,required
,MAT-FLR-001,abrasion_resistance,2.0,耐磨性=2.0,2.0,2.0,mm³,{},[],GB/T 11982.2-2015,第5条/表2,required
,MAT-FLR-001,abrasion_resistance,4.0,耐磨性=4.0,4.0,4.0,mm³,{},[],GB/T 11982.2-2015,第5条/表2,required
,MAT-FLR-001,abrasion_resistance,7.5,耐磨性=7.5,7.5,7.5,mm³,{},[],GB/T 11982.2-2015,第5条/表2,required
,MAT-FLR-001,slip_resistance,R9,防滑性=R9,R9,R9,,{},[],GB/T 11982.2-2015,第6条,mandatory
,MAT-FLR-001,slip_resistance,R10,防滑性=R10,R10,R10,,{},[],GB/T 11982.2-2015,第6条,mandatory
,MAT-FLR-001,slip_resistance,R11,防滑性=R11,R11,R11,,{},[],GB/T 11982.2-2015,第6条,mandatory
,MAT-FLR-001,slip_resistance,R12,防滑性=R12,R12,R12,,{},[],GB/T 11982.2-2015,第6条,mandatory
,MAT-FLR-001,dimensional_stability_homo,0.15,尺寸稳定性=0.15,0.15,0.15,%,{},[],GB/T 11982.2-2015,第7条,mandatory
,MAT-FLR-001,dimensional_stability_homo,0.25,尺寸稳定性=0.25,0.25,0.25,%,{},[],GB/T 11982.2-2015,第7条,mandatory
,MAT-FIRE-006,nominal_diameter_sv,50,公称通径DN=50,50,50,mm,{},[],GB 5135.2-2025,第4条/表1,required
,MAT-FIRE-006,nominal_diameter_sv,65,公称通径DN=65,65,65,mm,{},[],GB 5135.2-2025,第4条/表1,required
,MAT-FIRE-006,nominal_diameter_sv,80,公称通径DN=80,80,80,mm,{},[],GB 5135.2-2025,第4条/表1,required
,MAT-FIRE-006,nominal_diameter_sv,100,公称通径DN=100,100,100,mm,{},[],GB 5135.2-2025,第4条/表1,required
,MAT-FIRE-006,nominal_diameter_sv,150,公称通径DN=150,150,150,mm,{},[],GB 5135.2-2025,第4条/表1,required
,MAT-FIRE-006,nominal_diameter_sv,200,公称通径DN=200,200,200,mm,{},[],GB 5135.2-2025,第4条/表1,required
,MAT-FIRE-006,nominal_diameter_sv,250,公称通径DN=250,250,250,mm,{},[],GB 5135.2-2025,第4条/表1,required
,MAT-FIRE-006,pressure_rating_sv,1.2,公称压力PN=1.2,1.2,1.2,MPa,{},[],GB 5135.2-2025,第4条/表1,required
,MAT-FIRE-006,pressure_rating_sv,1.6,公称压力PN=1.6,1.6,1.6,MPa,{},[],GB 5135.2-2025,第4条/表1,required
,MAT-FIRE-006,alarm_flow_rate,15,报警流量=15,15,15,L/min,{},[],GB 5135.2-2025,第5条,required
,MAT-FIRE-006,alarm_flow_rate,30,报警流量=30,30,30,L/min,{},[],GB 5135.2-2025,第5条,required
,MAT-FIRE-006,alarm_flow_rate,45,报警流量=45,45,45,L/min,{},[],GB 5135.2-2025,第5条,required
,MAT-FIRE-006,alarm_flow_rate,60,报警流量=60,60,60,L/min,{},[],GB 5135.2-2025,第5条,required
,MAT-FIRE-006,body_material_sv,球墨铸铁,阀体材质=球墨铸铁,球墨铸铁,球墨铸铁,,{},[],GB 5135.2-2025,第7条,mandatory
,MAT-FIRE-006,body_material_sv,铸钢,阀体材质=铸钢,铸钢,铸钢,,{},[],GB 5135.2-2025,第7条,mandatory
,MAT-FIRE-006,body_material_sv,不锈钢,阀体材质=不锈钢,不锈钢,不锈钢,,{},[],GB 5135.2-2025,第7条,mandatory
,MAT-FIRE-007,nominal_diameter_dv,50,公称通径DN=50,50,50,mm,{},[],GB 5135.3-2025,第4条/表1,required
,MAT-FIRE-007,nominal_diameter_dv,65,公称通径DN=65,65,65,mm,{},[],GB 5135.3-2025,第4条/表1,required
,MAT-FIRE-007,nominal_diameter_dv,80,公称通径DN=80,80,80,mm,{},[],GB 5135.3-2025,第4条/表1,required
,MAT-FIRE-007,nominal_diameter_dv,100,公称通径DN=100,100,100,mm,{},[],GB 5135.3-2025,第4条/表1,required
,MAT-FIRE-007,nominal_diameter_dv,150,公称通径DN=150,150,150,mm,{},[],GB 5135.3-2025,第4条/表1,required
,MAT-FIRE-007,nominal_diameter_dv,200,公称通径DN=200,200,200,mm,{},[],GB 5135.3-2025,第4条/表1,required
,MAT-FIRE-007,nominal_diameter_dv,250,公称通径DN=250,250,250,mm,{},[],GB 5135.3-2025,第4条/表1,required
,MAT-FIRE-007,pressure_rating_dv,1.2,公称压力PN=1.2,1.2,1.2,MPa,{},[],GB 5135.3-2025,第4条/表1,required
,MAT-FIRE-007,pressure_rating_dv,1.6,公称压力PN=1.6,1.6,1.6,MPa,{},[],GB 5135.3-2025,第4条/表1,required
,MAT-FIRE-007,pressure_rating_dv,2.5,公称压力PN=2.5,2.5,2.5,MPa,{},[],GB 5135.3-2025,第4条/表1,required
,MAT-FIRE-007,actuation_method,湿式先导,启动方式=湿式先导,湿式先导,湿式先导,,{},[],GB 5135.3-2025,第5条,required
,MAT-FIRE-007,actuation_method,干式先导,启动方式=干式先导,干式先导,干式先导,,{},[],GB 5135.3-2025,第5条,required
,MAT-FIRE-007,actuation_method,电控,启动方式=电控,电控,电控,,{},[],GB 5135.3-2025,第5条,required
,MAT-FIRE-007,actuation_method,手动,启动方式=手动,手动,手动,,{},[],GB 5135.3-2025,第5条,required
,MAT-FIRE-007,reset_method,自动,复位方式=自动,自动,自动,,{},[],GB 5135.3-2025,第6条,mandatory
,MAT-FIRE-007,reset_method,手动,复位方式=手动,手动,手动,,{},[],GB 5135.3-2025,第6条,mandatory
,MAT-FIRE-007,body_material_dv,球墨铸铁,阀体材质=球墨铸铁,球墨铸铁,球墨铸铁,,{},[],GB 5135.3-2025,第7条,mandatory
,MAT-FIRE-007,body_material_dv,铸钢,阀体材质=铸钢,铸钢,铸钢,,{},[],GB 5135.3-2025,第7条,mandatory
,MAT-FIRE-007,body_material_dv,不锈钢,阀体材质=不锈钢,不锈钢,不锈钢,,{},[],GB 5135.3-2025,第7条,mandatory
,MAT-FIRE-006,nominal_diameter_dry,50,公称通径DN=50,50,50,mm,{},[],GB 5135.4-2025,第4条/表1,required
,MAT-FIRE-006,nominal_diameter_dry,65,公称通径DN=65,65,65,mm,{},[],GB 5135.4-2025,第4条/表1,required
,MAT-FIRE-006,nominal_diameter_dry,80,公称通径DN=80,80,80,mm,{},[],GB 5135.4-2025,第4条/表1,required
,MAT-FIRE-006,nominal_diameter_dry,100,公称通径DN=100,100,100,mm,{},[],GB 5135.4-2025,第4条/表1,required
,MAT-FIRE-006,nominal_diameter_dry,150,公称通径DN=150,150,150,mm,{},[],GB 5135.4-2025,第4条/表1,required
,MAT-FIRE-006,nominal_diameter_dry,200,公称通径DN=200,200,200,mm,{},[],GB 5135.4-2025,第4条/表1,required
,MAT-FIRE-006,pressure_rating_dry,1.2,公称压力PN=1.2,1.2,1.2,MPa,{},[],GB 5135.4-2025,第4条/表1,required
,MAT-FIRE-006,pressure_rating_dry,1.6,公称压力PN=1.6,1.6,1.6,MPa,{},[],GB 5135.4-2025,第4条/表1,required
,MAT-FIRE-006,acceleration_device,有,加速器=有,有,有,,{},[],GB 5135.4-2025,第6条,mandatory
,MAT-FIRE-006,acceleration_device,无,加速器=无,无,无,,{},[],GB 5135.4-2025,第6条,mandatory
,MAT-FIRE-006,body_material_dry,球墨铸铁,阀体材质=球墨铸铁,球墨铸铁,球墨铸铁,,{},[],GB 5135.4-2025,第7条,mandatory
,MAT-FIRE-006,body_material_dry,铸钢,阀体材质=铸钢,铸钢,铸钢,,{},[],GB 5135.4-2025,第7条,mandatory
,MAT-FIRE-008,nominal_diameter_gj,25,公称通径DN=25,25,25,mm,{},[],GB 5135.11-2025,第4条/表1,required
,MAT-FIRE-008,nominal_diameter_gj,32,公称通径DN=32,32,32,mm,{},[],GB 5135.11-2025,第4条/表1,required
,MAT-FIRE-008,nominal_diameter_gj,40,公称通径DN=40,40,40,mm,{},[],GB 5135.11-2025,第4条/表1,required
,MAT-FIRE-008,nominal_diameter_gj,50,公称通径DN=50,50,50,mm,{},[],GB 5135.11-2025,第4条/表1,required
,MAT-FIRE-008,nominal_diameter_gj,65,公称通径DN=65,65,65,mm,{},[],GB 5135.11-2025,第4条/表1,required
,MAT-FIRE-008,nominal_diameter_gj,80,公称通径DN=80,80,80,mm,{},[],GB 5135.11-2025,第4条/表1,required
,MAT-FIRE-008,nominal_diameter_gj,100,公称通径DN=100,100,100,mm,{},[],GB 5135.11-2025,第4条/表1,required
,MAT-FIRE-008,nominal_diameter_gj,125,公称通径DN=125,125,125,mm,{},[],GB 5135.11-2025,第4条/表1,required
,MAT-FIRE-008,nominal_diameter_gj,150,公称通径DN=150,150,150,mm,{},[],GB 5135.11-2025,第4条/表1,required
,MAT-FIRE-008,nominal_diameter_gj,200,公称通径DN=200,200,200,mm,{},[],GB 5135.11-2025,第4条/表1,required
,MAT-FIRE-008,nominal_diameter_gj,250,公称通径DN=250,250,250,mm,{},[],GB 5135.11-2025,第4条/表1,required
,MAT-FIRE-008,nominal_diameter_gj,300,公称通径DN=300,300,300,mm,{},[],GB 5135.11-2025,第4条/表1,required
,MAT-FIRE-008,pressure_rating_gj,1.6,公称压力PN=1.6,1.6,1.6,MPa,{},[],GB 5135.11-2025,第4条/表1,required
,MAT-FIRE-008,pressure_rating_gj,2.5,公称压力PN=2.5,2.5,2.5,MPa,{},[],GB 5135.11-2025,第4条/表1,required
,MAT-FIRE-008,pressure_rating_gj,4.0,公称压力PN=4.0,4.0,4.0,MPa,{},[],GB 5135.11-2025,第4条/表1,required
,MAT-FIRE-008,gasket_material,EPDM,密封圈材质=EPDM,EPDM,EPDM,,{},[],GB 5135.11-2025,第5条,required
,MAT-FIRE-008,gasket_material,丁腈,密封圈材质=丁腈,丁腈,丁腈,,{},[],GB 5135.11-2025,第5条,required
,MAT-FIRE-008,gasket_material,硅橡胶,密封圈材质=硅橡胶,硅橡胶,硅橡胶,,{},[],GB 5135.11-2025,第5条,required
,MAT-FIRE-008,housing_material,球墨铸铁,卡箍壳体材质=球墨铸铁,球墨铸铁,球墨铸铁,,{},[],GB 5135.11-2025,第6条,mandatory
,MAT-FIRE-008,housing_material,锻钢,卡箍壳体材质=锻钢,锻钢,锻钢,,{},[],GB 5135.11-2025,第6条,mandatory
,MAT-FIRE-008,surface_treatment_gj,镀锌,表面处理=镀锌,镀锌,镀锌,,{},[],GB 5135.11-2025,第7条,mandatory
,MAT-FIRE-008,surface_treatment_gj,涂塑,表面处理=涂塑,涂塑,涂塑,,{},[],GB 5135.11-2025,第7条,mandatory
,MAT-FIRE-008,surface_treatment_gj,达克罗,表面处理=达克罗,达克罗,达克罗,,{},[],GB 5135.11-2025,第7条,mandatory
,MAT-FIRE-008,nominal_diameter_nozzle,10,公称口径=10,10,10,mm,{},[],GB 5135.21-2025,第4条/表1,required
,MAT-FIRE-008,nominal_diameter_nozzle,15,公称口径=15,15,15,mm,{},[],GB 5135.21-2025,第4条/表1,required
,MAT-FIRE-008,nominal_diameter_nozzle,20,公称口径=20,20,20,mm,{},[],GB 5135.21-2025,第4条/表1,required
,MAT-FIRE-008,k_factor,57,流量系数K=57,57,57,,{},[],GB 5135.21-2025,第5条/表2,required
,MAT-FIRE-008,k_factor,80,流量系数K=80,80,80,,{},[],GB 5135.21-2025,第5条/表2,required
,MAT-FIRE-008,k_factor,115,流量系数K=115,115,115,,{},[],GB 5135.21-2025,第5条/表2,required
,MAT-FIRE-008,response_temp,57,动作温度=57,57,57,℃,{},[],GB 5135.21-2025,第6条/表3,required
,MAT-FIRE-008,response_temp,68,动作温度=68,68,68,℃,{},[],GB 5135.21-2025,第6条/表3,required
,MAT-FIRE-008,response_temp,79,动作温度=79,79,79,℃,{},[],GB 5135.21-2025,第6条/表3,required
,MAT-FIRE-008,response_temp,93,动作温度=93,93,93,℃,{},[],GB 5135.21-2025,第6条/表3,required
,MAT-FIRE-008,response_temp,141,动作温度=141,141,141,℃,{},[],GB 5135.21-2025,第6条/表3,required
,MAT-FIRE-008,coverage_pattern,标准覆盖,布水方式=标准覆盖,标准覆盖,标准覆盖,,{},[],GB 5135.21-2025,第7条,mandatory
,MAT-FIRE-008,coverage_pattern,扩大覆盖,布水方式=扩大覆盖,扩大覆盖,扩大覆盖,,{},[],GB 5135.21-2025,第7条,mandatory
,MAT-VALV-006,nominal_diameter_sp,15,公称口径=15,15,15,mm,{},[],GB 5135.23-2026,第4条/表1,required
,MAT-VALV-006,nominal_diameter_sp,20,公称口径=20,20,20,mm,{},[],GB 5135.23-2026,第4条/表1,required
,MAT-VALV-006,k_factor_sp,115,流量系数K=115,115,115,,{},[],GB 5135.23-2026,第5条/表2,required
,MAT-VALV-006,k_factor_sp,161,流量系数K=161,161,161,,{},[],GB 5135.23-2026,第5条/表2,required
,MAT-VALV-006,k_factor_sp,202,流量系数K=202,202,202,,{},[],GB 5135.23-2026,第5条/表2,required
,MAT-VALV-006,k_factor_sp,242,流量系数K=242,242,242,,{},[],GB 5135.23-2026,第5条/表2,required
,MAT-VALV-006,k_factor_sp,323,流量系数K=323,323,323,,{},[],GB 5135.23-2026,第5条/表2,required
,MAT-VALV-006,k_factor_sp,363,流量系数K=363,363,363,,{},[],GB 5135.23-2026,第5条/表2,required
,MAT-VALV-006,response_type,标准响应,响应类型=标准响应,标准响应,标准响应,,{},[],GB 5135.23-2026,第6条,required
,MAT-VALV-006,response_type,快速响应,响应类型=快速响应,快速响应,快速响应,,{},[],GB 5135.23-2026,第6条,required
,MAT-VALV-006,application_type,仓储,应用类型=仓储,仓储,仓储,,{},[],GB 5135.23-2026,第7条,mandatory
,MAT-VALV-006,application_type,高架,应用类型=高架,高架,高架,,{},[],GB 5135.23-2026,第7条,mandatory
,MAT-VALV-006,application_type,中庭,应用类型=中庭,中庭,中庭,,{},[],GB 5135.23-2026,第7条,mandatory
,MAT-VALV-006,application_type,隧道,应用类型=隧道,隧道,隧道,,{},[],GB 5135.23-2026,第7条,mandatory
,MAT-VALV-006,deflector_type,上喷,溅水盘类型=上喷,上喷,上喷,,{},[],GB 5135.23-2026,第8条,mandatory
,MAT-VALV-006,deflector_type,下喷,溅水盘类型=下喷,下喷,下喷,,{},[],GB 5135.23-2026,第8条,mandatory
,MAT-VALV-006,deflector_type,水平侧喷,溅水盘类型=水平侧喷,水平侧喷,水平侧喷,,{},[],GB 5135.23-2026,第8条,mandatory
,MAT-PLUM-001,product_type_toilet,坐便器,产品类型=坐便器,坐便器,坐便器,,{},[],GB/T 6952-2015,第4条,required
,MAT-PLUM-001,product_type_toilet,蹲便器,产品类型=蹲便器,蹲便器,蹲便器,,{},[],GB/T 6952-2015,第4条,required
,MAT-PLUM-001,product_type_toilet,小便器,产品类型=小便器,小便器,小便器,,{},[],GB/T 6952-2015,第4条,required
,MAT-PLUM-001,product_type_toilet,洗面器,产品类型=洗面器,洗面器,洗面器,,{},[],GB/T 6952-2015,第4条,required
,MAT-PLUM-001,flush_volume,6.0,冲洗水量=6.0,6.0,6.0,L,{},[],GB/T 6952-2015,第5条/表1,required
,MAT-PLUM-001,flush_volume,4.0,冲洗水量=4.0,4.0,4.0,L,{},[],GB/T 6952-2015,第5条/表1,required
,MAT-PLUM-001,flush_volume,3.0,冲洗水量=3.0,3.0,3.0,L,{},[],GB/T 6952-2015,第5条/表1,required
,MAT-PLUM-001,flush_method,冲落式,冲洗方式=冲落式,冲落式,冲落式,,{},[],GB/T 6952-2015,第5条,required
,MAT-PLUM-001,flush_method,虹吸式,冲洗方式=虹吸式,虹吸式,虹吸式,,{},[],GB/T 6952-2015,第5条,required
,MAT-PLUM-001,flush_method,喷射虹吸,冲洗方式=喷射虹吸,喷射虹吸,喷射虹吸,,{},[],GB/T 6952-2015,第5条,required
,MAT-PLUM-001,water_seal_depth,50,水封深度=50,50,50,mm,{},[],GB/T 6952-2015,第6条,mandatory
,MAT-PLUM-001,surface_quality_cerm,优等品,釉面质量=优等品,优等品,优等品,,{},[],GB/T 6952-2015,第7条,mandatory
,MAT-PLUM-001,surface_quality_cerm,一级品,釉面质量=一级品,一级品,一级品,,{},[],GB/T 6952-2015,第7条,mandatory
,MAT-PLUM-001,surface_quality_cerm,合格品,釉面质量=合格品,合格品,合格品,,{},[],GB/T 6952-2015,第7条,mandatory
,MAT-PLUM-003,shower_set_type,顶喷花洒,花洒类型=顶喷花洒,顶喷花洒,顶喷花洒,,{},[],GB/T 23447-2023,第4条,required
,MAT-PLUM-003,shower_set_type,手持花洒,花洒类型=手持花洒,手持花洒,手持花洒,,{},[],GB/T 23447-2023,第4条,required
,MAT-PLUM-003,shower_set_type,侧喷花洒,花洒类型=侧喷花洒,侧喷花洒,侧喷花洒,,{},[],GB/T 23447-2023,第4条,required
,MAT-PLUM-003,flow_rate_shower,9.0,流量=9.0,9.0,9.0,L/min,{},[],GB/T 23447-2023,第5条/表1,required
,MAT-PLUM-003,flow_rate_shower,7.5,流量=7.5,7.5,7.5,L/min,{},[],GB/T 23447-2023,第5条/表1,required
,MAT-PLUM-003,surface_finish,镀铬,表面镀层=镀铬,镀铬,镀铬,,{},[],GB/T 23447-2023,第7条,mandatory
,MAT-PLUM-003,surface_finish,拉丝镍,表面镀层=拉丝镍,拉丝镍,拉丝镍,,{},[],GB/T 23447-2023,第7条,mandatory
,MAT-PLUM-003,surface_finish,烤漆,表面镀层=烤漆,烤漆,烤漆,,{},[],GB/T 23447-2023,第7条,mandatory
,MAT-PLUM-003,surface_finish,PVD,表面镀层=PVD,PVD,PVD,,{},[],GB/T 23447-2023,第7条,mandatory
,MAT-PLUM-003,hose_length_shower,1500,软管长度=1500,1500,1500,mm,{},[],GB/T 23447-2023,第8条,mandatory
,MAT-PLUM-003,hose_length_shower,2000,软管长度=2000,2000,2000,mm,{},[],GB/T 23447-2023,第8条,mandatory
,MAT-PLUM-005,valve_type_fire,防火阀,阀门类型=防火阀,防火阀,防火阀,,{},[],GB/T 27710-2020,第4条,required
,MAT-PLUM-005,valve_type_fire,排烟防火阀,阀门类型=排烟防火阀,排烟防火阀,排烟防火阀,,{},[],GB/T 27710-2020,第4条,required
,MAT-PLUM-005,valve_type_fire,排烟阀,阀门类型=排烟阀,排烟阀,排烟阀,,{},[],GB/T 27710-2020,第4条,required
,MAT-PLUM-005,operation_temp,70,动作温度=70,70,70,℃,{},[],GB/T 27710-2020,第5条,required
,MAT-PLUM-005,operation_temp,280,动作温度=280,280,280,℃,{},[],GB/T 27710-2020,第5条,required
,MAT-PLUM-005,leakage_rate,200,漏风量=200,200,200,m³/(m²·h),{},[],GB/T 27710-2020,第6条,mandatory
,MAT-PLUM-005,leakage_rate,500,漏风量=500,500,500,m³/(m²·h),{},[],GB/T 27710-2020,第6条,mandatory
,MAT-PLUM-005,actuator_type,电磁铁,执行机构=电磁铁,电磁铁,电磁铁,,{},[],GB/T 27710-2020,第7条,mandatory
,MAT-PLUM-005,actuator_type,电动,执行机构=电动,电动,电动,,{},[],GB/T 27710-2020,第7条,mandatory
,MAT-PLUM-005,actuator_type,气动,执行机构=气动,气动,气动,,{},[],GB/T 27710-2020,第7条,mandatory
,MAT-ELEC-002,rated_current_pdb,63,额定电流=63,63,63,A,{},[],GB/T 7251.8-2020,第4条/表1,required
,MAT-ELEC-002,rated_current_pdb,100,额定电流=100,100,100,A,{},[],GB/T 7251.8-2020,第4条/表1,required
,MAT-ELEC-002,rated_current_pdb,160,额定电流=160,160,160,A,{},[],GB/T 7251.8-2020,第4条/表1,required
,MAT-ELEC-002,rated_current_pdb,250,额定电流=250,250,250,A,{},[],GB/T 7251.8-2020,第4条/表1,required
,MAT-ELEC-002,rated_current_pdb,400,额定电流=400,400,400,A,{},[],GB/T 7251.8-2020,第4条/表1,required
,MAT-ELEC-002,rated_current_pdb,630,额定电流=630,630,630,A,{},[],GB/T 7251.8-2020,第4条/表1,required
,MAT-ELEC-002,rated_voltage_pdb,230,额定电压=230,230,230,V,{},[],GB/T 7251.8-2020,第4条/表1,required
,MAT-ELEC-002,rated_voltage_pdb,400,额定电压=400,400,400,V,{},[],GB/T 7251.8-2020,第4条/表1,required
,MAT-ELEC-002,protection_degree_pdb,IP44,防护等级=IP44,IP44,IP44,,{},[],GB/T 7251.8-2020,第5条,required
,MAT-ELEC-002,protection_degree_pdb,IP54,防护等级=IP54,IP54,IP54,,{},[],GB/T 7251.8-2020,第5条,required
,MAT-ELEC-002,protection_degree_pdb,IP65,防护等级=IP65,IP65,IP65,,{},[],GB/T 7251.8-2020,第5条,required
,MAT-ELEC-002,enclosure_material,钢板,箱体材质=钢板,钢板,钢板,,{},[],GB/T 7251.8-2020,第6条,mandatory
,MAT-ELEC-002,enclosure_material,不锈钢,箱体材质=不锈钢,不锈钢,不锈钢,,{},[],GB/T 7251.8-2020,第6条,mandatory
,MAT-ELEC-002,enclosure_material,绝缘材料,箱体材质=绝缘材料,绝缘材料,绝缘材料,,{},[],GB/T 7251.8-2020,第6条,mandatory
,MAT-CABL-001,voltage,0.6/1,0.6/1kV,0.6/1,0.6/1,kV,{},[],GB/T 12706.3-2020,第4条/表1,required
,MAT-CABL-001,voltage,1.8/3,1.8/3kV,1.8/3,1.8/3,kV,{},[],GB/T 12706.3-2020,第4条/表1,required
,MAT-CABL-001,voltage,3.6/6,3.6/6kV,3.6/6,3.6/6,kV,{},[],GB/T 12706.3-2020,第4条/表1,required
,MAT-CABL-001,voltage,6/10,6/10kV,6/10,6/10,kV,{},[],GB/T 12706.3-2020,第4条/表1,required
,MAT-CABL-001,voltage,8.7/15,8.7/15kV,8.7/15,8.7/15,kV,{},[],GB/T 12706.3-2020,第4条/表1,required
,MAT-CABL-001,voltage,12/20,12/20kV,12/20,12/20,kV,{},[],GB/T 12706.3-2020,第4条/表1,required
,MAT-CABL-001,voltage,18/30,18/30kV,18/30,18/30,kV,{},[],GB/T 12706.3-2020,第4条/表1,required
,MAT-CABL-001,voltage,21/35,21/35kV,21/35,21/35,kV,{},[],GB/T 12706.3-2020,第4条/表1,required
,MAT-CABL-001,voltage,26/35,26/35kV,26/35,26/35,kV,{},[],GB/T 12706.3-2020,第4条/表1,required
,MAT-CABL-001,cores,1,1芯,1,1,,{},[],GB/T 12706.3-2020,第5.2条/表2,mandatory
,MAT-CABL-001,cores,2,2芯,2,2,,{},[],GB/T 12706.3-2020,第5.2条/表2,mandatory
,MAT-CABL-001,cores,3,3芯,3,3,,{},[],GB/T 12706.3-2020,第5.2条/表2,mandatory
,MAT-CABL-001,cores,4,4芯,4,4,,{},[],GB/T 12706.3-2020,第5.2条/表2,mandatory
,MAT-CABL-001,cores,5,5芯,5,5,,{},[],GB/T 12706.3-2020,第5.2条/表2,mandatory
,MAT-CABL-001,cross_section,1.5,1.5mm²,1.5,1.5,mm²,{},[],GB/T 12706.3-2020,第5.2条/表2,mandatory
,MAT-CABL-001,cross_section,2.5,2.5mm²,2.5,2.5,mm²,{},[],GB/T 12706.3-2020,第5.2条/表2,mandatory
,MAT-CABL-001,cross_section,4,4mm²,4,4,mm²,{},[],GB/T 12706.3-2020,第5.2条/表2,mandatory
,MAT-CABL-001,cross_section,6,6mm²,6,6,mm²,{},[],GB/T 12706.3-2020,第5.2条/表2,mandatory
,MAT-CABL-001,cross_section,10,10mm²,10,10,mm²,{},[],GB/T 12706.3-2020,第5.2条/表2,mandatory
,MAT-CABL-001,cross_section,16,16mm²,16,16,mm²,{},[],GB/T 12706.3-2020,第5.2条/表2,mandatory
,MAT-CABL-001,cross_section,25,25mm²,25,25,mm²,{},[],GB/T 12706.3-2020,第5.2条/表2,mandatory
,MAT-CABL-001,cross_section,35,35mm²,35,35,mm²,{},[],GB/T 12706.3-2020,第5.2条/表2,mandatory
,MAT-CABL-001,cross_section,50,50mm²,50,50,mm²,{},[],GB/T 12706.3-2020,第5.2条/表2,mandatory
,MAT-CABL-001,cross_section,70,70mm²,70,70,mm²,{},[],GB/T 12706.3-2020,第5.2条/表2,mandatory
,MAT-CABL-001,cross_section,95,95mm²,95,95,mm²,{},[],GB/T 12706.3-2020,第5.2条/表2,mandatory
,MAT-CABL-001,cross_section,120,120mm²,120,120,mm²,{},[],GB/T 12706.3-2020,第5.2条/表2,mandatory
,MAT-CABL-001,cross_section,150,150mm²,150,150,mm²,{},[],GB/T 12706.3-2020,第5.2条/表2,mandatory
,MAT-CABL-001,cross_section,185,185mm²,185,185,mm²,{},[],GB/T 12706.3-2020,第5.2条/表2,mandatory
,MAT-CABL-001,cross_section,240,240mm²,240,240,mm²,{},[],GB/T 12706.3-2020,第5.2条/表2,mandatory
,MAT-CABL-001,cross_section,300,300mm²,300,300,mm²,{},[],GB/T 12706.3-2020,第5.2条/表2,mandatory
,MAT-CABL-001,cross_section,400,400mm²,400,400,mm²,{},[],GB/T 12706.3-2020,第5.2条/表2,mandatory
,MAT-CABL-001,cross_section,500,500mm²,500,500,mm²,{},[],GB/T 12706.3-2020,第5.2条/表2,mandatory
,MAT-CABL-001,cross_section,630,630mm²,630,630,mm²,{},[],GB/T 12706.3-2020,第5.2条/表2,mandatory
,MAT-CABL-001,insulation,PVC,PVC,,,,{},[],GB/T 12706.3-2020,第6条/表3,required
,MAT-CABL-001,insulation,XLPE,XLPE,,,,{},[],GB/T 12706.3-2020,第6条/表3,required
,MAT-CABL-001,insulation,EPR,EPR,,,,{},[],GB/T 12706.3-2020,第6条/表3,required
,MAT-CABL-001,sheath,PVC,PVC,,,,{},[],GB/T 12706.3-2020,第7.2条/表5,mandatory
,MAT-CABL-001,sheath,PE,PE,,,,{},[],GB/T 12706.3-2020,第7.2条/表5,mandatory
,MAT-CABL-001,sheath,低烟无卤,低烟无卤,,,,{},[],GB/T 12706.3-2020,第7.2条/表5,mandatory
,MAT-CABL-007,flame_class,ZA,ZA级阻燃,,,,{},[],GB/T 19666-2019,第4.1条/表1,required
,MAT-CABL-007,flame_class,ZB,ZB级阻燃,,,,{},[],GB/T 19666-2019,第4.1条/表1,required
,MAT-CABL-007,flame_class,ZC,ZC级阻燃,,,,{},[],GB/T 19666-2019,第4.1条/表1,required
,MAT-CABL-007,flame_class,ZD,ZD级阻燃,,,,{},[],GB/T 19666-2019,第4.1条/表1,required
,MAT-CABL-007,fire_resist,N,N级耐火,,,,{},[],GB/T 19666-2019,第4.2条/表2,mandatory
,MAT-CABL-007,fire_resist,NJ,NJ级耐火,,,,{},[],GB/T 19666-2019,第4.2条/表2,mandatory
,MAT-CABL-007,fire_resist,NS,NS级耐火,,,,{},[],GB/T 19666-2019,第4.2条/表2,mandatory
,MAT-INS-005,size,300×600,300×600,,,mm,{},[],GB/T 25998-2020,第4.1条/表1,required
,MAT-INS-005,size,600×600,600×600,,,mm,{},[],GB/T 25998-2020,第4.1条/表1,required
,MAT-INS-005,size,600×1200,600×1200,,,mm,{},[],GB/T 25998-2020,第4.1条/表1,required
,MAT-INS-005,thickness,9,9mm,9,9,mm,{},[],GB/T 25998-2020,第4.1条/表1,mandatory
,MAT-INS-005,thickness,12,12mm,12,12,mm,{},[],GB/T 25998-2020,第4.1条/表1,mandatory
,MAT-INS-005,thickness,15,15mm,15,15,mm,{},[],GB/T 25998-2020,第4.1条/表1,mandatory
,MAT-INS-005,thickness,18,18mm,18,18,mm,{},[],GB/T 25998-2020,第4.1条/表1,mandatory
,MAT-INS-005,nrc,0.45,NRC≥0.45,0.45,,,{},[],GB/T 25998-2020,第5.2条/表2,mandatory
,MAT-INS-005,nrc,0.50,NRC≥0.50,0.50,,,{},[],GB/T 25998-2020,第5.2条/表2,mandatory
,MAT-INS-005,nrc,0.55,NRC≥0.55,0.55,,,{},[],GB/T 25998-2020,第5.2条/表2,mandatory
,MAT-INS-005,nrc,0.60,NRC≥0.60,0.60,,,{},[],GB/T 25998-2020,第5.2条/表2,mandatory
,MAT-INS-005,flexural_strength,60,≥60N,60,,N,{},[],GB/T 25998-2020,第5.4条/表2,mandatory
,MAT-INS-005,flexural_strength,80,≥80N,80,,N,{},[],GB/T 25998-2020,第5.4条/表2,mandatory
,MAT-INS-005,flexural_strength,100,≥100N,100,,N,{},[],GB/T 25998-2020,第5.4条/表2,mandatory
,MAT-INS-005,flexural_strength,120,≥120N,120,,N,{},[],GB/T 25998-2020,第5.4条/表2,mandatory
,MAT-INS-005,fire_class,A2,A2级,,,,{},[],GB/T 25998-2020,第5.3条/表2,mandatory
,MAT-INS-005,fire_class,B1,B1级,,,,{},[],GB/T 25998-2020,第5.3条/表2,mandatory
,MAT-PAI-003,container_state,搅拌后均匀无硬块,搅拌后均匀无硬块,,,,{},[],GB/T 25251-2010,第5条/表1,mandatory
,MAT-PAI-003,workability,刷涂二道无障碍,刷涂二道无障碍,,,,{},[],GB/T 25251-2010,第5条/表1,mandatory
,MAT-PAI-003,low_temp_stability,不变质,3次循环不变质,,,,{},[],GB/T 25251-2010,第5条/表1,mandatory
,MAT-PAI-003,film_appearance,正常,涂膜均匀无缺陷,,,,{},[],GB/T 25251-2010,第5条/表1,mandatory
,MAT-PAI-003,drying_time_surface,2,≤2h,,2,h,{},[],GB/T 25251-2010,第5条/表1,mandatory
,MAT-PAI-003,contrast_ratio,0.90,≥0.90(合格品),0.90,,,{},[],GB/T 25251-2010,第5条/表1,mandatory
,MAT-PAI-003,contrast_ratio,0.93,≥0.93(一等品),0.93,,,{},[],GB/T 25251-2010,第5条/表1,mandatory
,MAT-PAI-003,contrast_ratio,0.95,≥0.95(优等品),0.95,,,{},[],GB/T 25251-2010,第5条/表1,mandatory
,MAT-PAI-003,alkali_resistance,无异常,24h碱液浸泡无异常,,,,{},[],GB/T 25251-2010,第5条/表1,mandatory
,MAT-PAI-003,scrub_resistance,300,≥300次(合格品),300,,次,{},[],GB/T 25251-2010,第5条/表1,mandatory
,MAT-PAI-003,scrub_resistance,1000,≥1000次(一等品),1000,,次,{},[],GB/T 25251-2010,第5条/表1,mandatory
,MAT-PAI-003,scrub_resistance,5000,≥5000次(优等品),5000,,次,{},[],GB/T 25251-2010,第5条/表1,mandatory
,MAT-PIPE-001,nominal_diameter_sp,15,DN15,15,15,mm,{},[],GB/T 32321-2015,第4条/表1,mandatory
,MAT-PIPE-001,nominal_diameter_sp,20,DN20,20,20,mm,{},[],GB/T 32321-2015,第4条/表1,mandatory
,MAT-PIPE-001,nominal_diameter_sp,25,DN25,25,25,mm,{},[],GB/T 32321-2015,第4条/表1,mandatory
,MAT-PIPE-001,nominal_diameter_sp,32,DN32,32,32,mm,{},[],GB/T 32321-2015,第4条/表1,mandatory
,MAT-PIPE-001,nominal_diameter_sp,40,DN40,40,40,mm,{},[],GB/T 32321-2015,第4条/表1,mandatory
,MAT-PIPE-001,nominal_diameter_sp,50,DN50,50,50,mm,{},[],GB/T 32321-2015,第4条/表1,mandatory
,MAT-PIPE-001,nominal_diameter_sp,65,DN65,65,65,mm,{},[],GB/T 32321-2015,第4条/表1,mandatory
,MAT-PIPE-001,nominal_diameter_sp,80,DN80,80,80,mm,{},[],GB/T 32321-2015,第4条/表1,mandatory
,MAT-PIPE-001,nominal_diameter_sp,100,DN100,100,100,mm,{},[],GB/T 32321-2015,第4条/表1,mandatory
,MAT-PIPE-001,nominal_diameter_sp,125,DN125,125,125,mm,{},[],GB/T 32321-2015,第4条/表1,mandatory
,MAT-PIPE-001,nominal_diameter_sp,150,DN150,150,150,mm,{},[],GB/T 32321-2015,第4条/表1,mandatory
,MAT-PIPE-001,nominal_diameter_sp,200,DN200,200,200,mm,{},[],GB/T 32321-2015,第4条/表1,mandatory
,MAT-PIPE-001,nominal_diameter_sp,250,DN250,250,250,mm,{},[],GB/T 32321-2015,第4条/表1,mandatory
,MAT-PIPE-001,nominal_diameter_sp,300,DN300,300,300,mm,{},[],GB/T 32321-2015,第4条/表1,mandatory
,MAT-PIPE-001,nominal_diameter_sp,350,DN350,350,350,mm,{},[],GB/T 32321-2015,第4条/表1,mandatory
,MAT-PIPE-001,nominal_diameter_sp,400,DN400,400,400,mm,{},[],GB/T 32321-2015,第4条/表1,mandatory
,MAT-PIPE-001,nominal_diameter_sp,450,DN450,450,450,mm,{},[],GB/T 32321-2015,第4条/表1,mandatory
,MAT-PIPE-001,nominal_diameter_sp,500,DN500,500,500,mm,{},[],GB/T 32321-2015,第4条/表1,mandatory
,MAT-PIPE-001,nominal_diameter_sp,600,DN600,600,600,mm,{},[],GB/T 32321-2015,第4条/表1,mandatory
,MAT-PIPE-001,nominal_diameter_sp,700,DN700,700,700,mm,{},[],GB/T 32321-2015,第4条/表1,mandatory
,MAT-PIPE-001,nominal_diameter_sp,800,DN800,800,800,mm,{},[],GB/T 32321-2015,第4条/表1,mandatory
,MAT-PIPE-001,nominal_diameter_sp,900,DN900,900,900,mm,{},[],GB/T 32321-2015,第4条/表1,mandatory
,MAT-PIPE-001,nominal_diameter_sp,1000,DN1000,1000,1000,mm,{},[],GB/T 32321-2015,第4条/表1,mandatory
,MAT-PIPE-001,nominal_diameter_sp,1200,DN1200,1200,1200,mm,{},[],GB/T 32321-2015,第4条/表1,mandatory
,MAT-PIPE-001,wall_thickness_sp,2.0,2.0mm,2.0,2.0,mm,{},[],GB/T 32321-2015,第4条/表2,mandatory
,MAT-PIPE-001,wall_thickness_sp,2.5,2.5mm,2.5,2.5,mm,{},[],GB/T 32321-2015,第4条/表2,mandatory
,MAT-PIPE-001,wall_thickness_sp,3.0,3.0mm,3.0,3.0,mm,{},[],GB/T 32321-2015,第4条/表2,mandatory
,MAT-PIPE-001,wall_thickness_sp,3.5,3.5mm,3.5,3.5,mm,{},[],GB/T 32321-2015,第4条/表2,mandatory
,MAT-PIPE-001,wall_thickness_sp,4.0,4.0mm,4.0,4.0,mm,{},[],GB/T 32321-2015,第4条/表2,mandatory
,MAT-PIPE-001,wall_thickness_sp,4.5,4.5mm,4.5,4.5,mm,{},[],GB/T 32321-2015,第4条/表2,mandatory
,MAT-PIPE-001,wall_thickness_sp,5.0,5.0mm,5.0,5.0,mm,{},[],GB/T 32321-2015,第4条/表2,mandatory
,MAT-PIPE-001,wall_thickness_sp,6.0,6.0mm,6.0,6.0,mm,{},[],GB/T 32321-2015,第4条/表2,mandatory
,MAT-PIPE-001,wall_thickness_sp,7.0,7.0mm,7.0,7.0,mm,{},[],GB/T 32321-2015,第4条/表2,mandatory
,MAT-PIPE-001,wall_thickness_sp,8.0,8.0mm,8.0,8.0,mm,{},[],GB/T 32321-2015,第4条/表2,mandatory
,MAT-PIPE-001,wall_thickness_sp,10.0,10.0mm,10.0,10.0,mm,{},[],GB/T 32321-2015,第4条/表2,mandatory
,MAT-PIPE-001,wall_thickness_sp,12.0,12.0mm,12.0,12.0,mm,{},[],GB/T 32321-2015,第4条/表2,mandatory
,MAT-PIPE-001,steel_grade_sp,Q195,Q195,,,,{},[],GB/T 32321-2015,第5.1条/表3,mandatory
,MAT-PIPE-001,steel_grade_sp,Q215,Q215,,,,{},[],GB/T 32321-2015,第5.1条/表3,mandatory
,MAT-PIPE-001,steel_grade_sp,Q235B,Q235B,,,,{},[],GB/T 32321-2015,第5.1条/表3,mandatory
,MAT-PIPE-001,plastic_material,PE,PE,,,,{},[],GB/T 32321-2015,第5.2条,mandatory
,MAT-PIPE-001,plastic_material,PEX,PEX,,,,{},[],GB/T 32321-2015,第5.2条,mandatory
,MAT-PIPE-001,plastic_material,PP-R,PP-R,,,,{},[],GB/T 32321-2015,第5.2条,mandatory
,MAT-PIPE-001,working_pressure_sp,1.0,1.0MPa,1.0,1.0,MPa,{},[],GB/T 32321-2015,第5.3条/表4,mandatory
,MAT-PIPE-001,working_pressure_sp,1.6,1.6MPa,1.6,1.6,MPa,{},[],GB/T 32321-2015,第5.3条/表4,mandatory
,MAT-PIPE-001,working_pressure_sp,2.5,2.5MPa,2.5,2.5,MPa,{},[],GB/T 32321-2015,第5.3条/表4,mandatory
,MAT-PIPE-001,bonding_strength,0.3,≥0.3MPa,0.3,,MPa,{},[],GB/T 32321-2015,第6条/表5,mandatory
,MAT-PIPE-005,nominal_diameter_sp,15,DN15,15,15,mm,{},[],GB/T 32321-2015,第4条/表1,mandatory
,MAT-PIPE-005,nominal_diameter_sp,20,DN20,20,20,mm,{},[],GB/T 32321-2015,第4条/表1,mandatory
,MAT-PIPE-005,nominal_diameter_sp,25,DN25,25,25,mm,{},[],GB/T 32321-2015,第4条/表1,mandatory
,MAT-PIPE-005,nominal_diameter_sp,32,DN32,32,32,mm,{},[],GB/T 32321-2015,第4条/表1,mandatory
,MAT-PIPE-005,nominal_diameter_sp,40,DN40,40,40,mm,{},[],GB/T 32321-2015,第4条/表1,mandatory
,MAT-PIPE-005,nominal_diameter_sp,50,DN50,50,50,mm,{},[],GB/T 32321-2015,第4条/表1,mandatory
,MAT-PIPE-005,nominal_diameter_sp,65,DN65,65,65,mm,{},[],GB/T 32321-2015,第4条/表1,mandatory
,MAT-PIPE-005,nominal_diameter_sp,80,DN80,80,80,mm,{},[],GB/T 32321-2015,第4条/表1,mandatory
,MAT-PIPE-005,nominal_diameter_sp,100,DN100,100,100,mm,{},[],GB/T 32321-2015,第4条/表1,mandatory
,MAT-PIPE-005,nominal_diameter_sp,125,DN125,125,125,mm,{},[],GB/T 32321-2015,第4条/表1,mandatory
,MAT-PIPE-005,nominal_diameter_sp,150,DN150,150,150,mm,{},[],GB/T 32321-2015,第4条/表1,mandatory
,MAT-PIPE-005,nominal_diameter_sp,200,DN200,200,200,mm,{},[],GB/T 32321-2015,第4条/表1,mandatory
,MAT-PIPE-005,nominal_diameter_sp,250,DN250,250,250,mm,{},[],GB/T 32321-2015,第4条/表1,mandatory
,MAT-PIPE-005,nominal_diameter_sp,300,DN300,300,300,mm,{},[],GB/T 32321-2015,第4条/表1,mandatory
,MAT-PIPE-005,nominal_diameter_sp,350,DN350,350,350,mm,{},[],GB/T 32321-2015,第4条/表1,mandatory
,MAT-PIPE-005,nominal_diameter_sp,400,DN400,400,400,mm,{},[],GB/T 32321-2015,第4条/表1,mandatory
,MAT-PIPE-005,nominal_diameter_sp,450,DN450,450,450,mm,{},[],GB/T 32321-2015,第4条/表1,mandatory
,MAT-PIPE-005,nominal_diameter_sp,500,DN500,500,500,mm,{},[],GB/T 32321-2015,第4条/表1,mandatory
,MAT-PIPE-005,nominal_diameter_sp,600,DN600,600,600,mm,{},[],GB/T 32321-2015,第4条/表1,mandatory
,MAT-PIPE-005,nominal_diameter_sp,700,DN700,700,700,mm,{},[],GB/T 32321-2015,第4条/表1,mandatory
,MAT-PIPE-005,nominal_diameter_sp,800,DN800,800,800,mm,{},[],GB/T 32321-2015,第4条/表1,mandatory
,MAT-PIPE-005,nominal_diameter_sp,900,DN900,900,900,mm,{},[],GB/T 32321-2015,第4条/表1,mandatory
,MAT-PIPE-005,nominal_diameter_sp,1000,DN1000,1000,1000,mm,{},[],GB/T 32321-2015,第4条/表1,mandatory
,MAT-PIPE-005,nominal_diameter_sp,1200,DN1200,1200,1200,mm,{},[],GB/T 32321-2015,第4条/表1,mandatory
,MAT-PIPE-005,wall_thickness_sp,2.0,2.0mm,2.0,2.0,mm,{},[],GB/T 32321-2015,第4条/表2,mandatory
,MAT-PIPE-005,wall_thickness_sp,2.5,2.5mm,2.5,2.5,mm,{},[],GB/T 32321-2015,第4条/表2,mandatory
,MAT-PIPE-005,wall_thickness_sp,3.0,3.0mm,3.0,3.0,mm,{},[],GB/T 32321-2015,第4条/表2,mandatory
,MAT-PIPE-005,wall_thickness_sp,3.5,3.5mm,3.5,3.5,mm,{},[],GB/T 32321-2015,第4条/表2,mandatory
,MAT-PIPE-005,wall_thickness_sp,4.0,4.0mm,4.0,4.0,mm,{},[],GB/T 32321-2015,第4条/表2,mandatory
,MAT-PIPE-005,wall_thickness_sp,4.5,4.5mm,4.5,4.5,mm,{},[],GB/T 32321-2015,第4条/表2,mandatory
,MAT-PIPE-005,wall_thickness_sp,5.0,5.0mm,5.0,5.0,mm,{},[],GB/T 32321-2015,第4条/表2,mandatory
,MAT-PIPE-005,wall_thickness_sp,6.0,6.0mm,6.0,6.0,mm,{},[],GB/T 32321-2015,第4条/表2,mandatory
,MAT-PIPE-005,wall_thickness_sp,7.0,7.0mm,7.0,7.0,mm,{},[],GB/T 32321-2015,第4条/表2,mandatory
,MAT-PIPE-005,wall_thickness_sp,8.0,8.0mm,8.0,8.0,mm,{},[],GB/T 32321-2015,第4条/表2,mandatory
,MAT-PIPE-005,wall_thickness_sp,10.0,10.0mm,10.0,10.0,mm,{},[],GB/T 32321-2015,第4条/表2,mandatory
,MAT-PIPE-005,wall_thickness_sp,12.0,12.0mm,12.0,12.0,mm,{},[],GB/T 32321-2015,第4条/表2,mandatory
,MAT-PIPE-005,steel_grade_sp,Q195,Q195,,,,{},[],GB/T 32321-2015,第5.1条/表3,mandatory
,MAT-PIPE-005,steel_grade_sp,Q215,Q215,,,,{},[],GB/T 32321-2015,第5.1条/表3,mandatory
,MAT-PIPE-005,steel_grade_sp,Q235B,Q235B,,,,{},[],GB/T 32321-2015,第5.1条/表3,mandatory
,MAT-PIPE-005,plastic_material,PE,PE,,,,{},[],GB/T 32321-2015,第5.2条,mandatory
,MAT-PIPE-005,plastic_material,PEX,PEX,,,,{},[],GB/T 32321-2015,第5.2条,mandatory
,MAT-PIPE-005,plastic_material,PP-R,PP-R,,,,{},[],GB/T 32321-2015,第5.2条,mandatory
,MAT-PIPE-005,working_pressure_sp,1.0,1.0MPa,1.0,1.0,MPa,{},[],GB/T 32321-2015,第5.3条/表4,mandatory
,MAT-PIPE-005,working_pressure_sp,1.6,1.6MPa,1.6,1.6,MPa,{},[],GB/T 32321-2015,第5.3条/表4,mandatory
,MAT-PIPE-005,working_pressure_sp,2.5,2.5MPa,2.5,2.5,MPa,{},[],GB/T 32321-2015,第5.3条/表4,mandatory
,MAT-PIPE-005,bonding_strength,0.3,≥0.3MPa,0.3,,MPa,{},[],GB/T 32321-2015,第6条/表5,mandatory
,MAT-COAT-001,coating_type_ac,环氧树脂,环氧树脂,,,,{},[],GB 50212-2014,第4章/表4.1.1,required
,MAT-COAT-001,coating_type_ac,聚氨酯,聚氨酯,,,,{},[],GB 50212-2014,第4章/表4.1.1,required
,MAT-COAT-001,coating_type_ac,乙烯基酯,乙烯基酯,,,,{},[],GB 50212-2014,第4章/表4.1.1,required
,MAT-COAT-001,coating_type_ac,氯化橡胶,氯化橡胶,,,,{},[],GB 50212-2014,第4章/表4.1.1,required
,MAT-COAT-001,coating_type_ac,耐酸涂料,耐酸涂料,,,,{},[],GB 50212-2014,第4章/表4.1.1,required
,MAT-COAT-001,coating_type_ac,沥青涂料,沥青涂料,,,,{},[],GB 50212-2014,第4章/表4.1.1,required
,MAT-COAT-001,substrate_treatment,St2,除锈St2级,,,,{},[],GB 50212-2014,第5.2条/表5.2.4,mandatory
,MAT-COAT-001,substrate_treatment,St3,除锈St3级,,,,{},[],GB 50212-2014,第5.2条/表5.2.4,mandatory
,MAT-COAT-001,substrate_treatment,Sa2,除锈Sa2级,,,,{},[],GB 50212-2014,第5.2条/表5.2.4,mandatory
,MAT-COAT-001,substrate_treatment,Sa2.5,除锈Sa2.5级,,,,{},[],GB 50212-2014,第5.2条/表5.2.4,mandatory
,MAT-COAT-001,substrate_treatment,Sa3,除锈Sa3级,,,,{},[],GB 50212-2014,第5.2条/表5.2.4,mandatory
,MAT-COAT-001,coating_thickness_ac,200,≥200μm,200,,μm,{},[],GB 50212-2014,第6章/表6.1.4,mandatory
,MAT-COAT-001,coating_thickness_ac,300,≥300μm,300,,μm,{},[],GB 50212-2014,第6章/表6.1.4,mandatory
,MAT-COAT-001,coating_thickness_ac,400,≥400μm,400,,μm,{},[],GB 50212-2014,第6章/表6.1.4,mandatory
,MAT-COAT-001,coating_thickness_ac,500,≥500μm,500,,μm,{},[],GB 50212-2014,第6章/表6.1.4,mandatory
,MAT-COAT-001,pinhole_test,合格(无针孔),电火花检测无针孔,,,,{},[],GB 50212-2014,第6.4条,mandatory
,MAT-COAT-001,adhesion_pulloff,1.5,≥1.5MPa(环氧类),1.5,,MPa,{},[],GB 50212-2014,第6.5条/附录A,mandatory
,MAT-COAT-001,adhesion_pulloff,1.0,≥1.0MPa(其他类),1.0,,MPa,{},[],GB 50212-2014,第6.5条/附录A,mandatory
,MAT-COAT-005,coating_type_ac,环氧树脂,环氧树脂,,,,{},[],GB 50212-2014,第4章/表4.1.1,required
,MAT-COAT-005,coating_type_ac,聚氨酯,聚氨酯,,,,{},[],GB 50212-2014,第4章/表4.1.1,required
,MAT-COAT-005,coating_type_ac,乙烯基酯,乙烯基酯,,,,{},[],GB 50212-2014,第4章/表4.1.1,required
,MAT-COAT-005,coating_type_ac,氯化橡胶,氯化橡胶,,,,{},[],GB 50212-2014,第4章/表4.1.1,required
,MAT-COAT-005,coating_type_ac,耐酸涂料,耐酸涂料,,,,{},[],GB 50212-2014,第4章/表4.1.1,required
,MAT-COAT-005,coating_type_ac,沥青涂料,沥青涂料,,,,{},[],GB 50212-2014,第4章/表4.1.1,required
,MAT-COAT-005,substrate_treatment,St2,除锈St2级,,,,{},[],GB 50212-2014,第5.2条/表5.2.4,mandatory
,MAT-COAT-005,substrate_treatment,St3,除锈St3级,,,,{},[],GB 50212-2014,第5.2条/表5.2.4,mandatory
,MAT-COAT-005,substrate_treatment,Sa2,除锈Sa2级,,,,{},[],GB 50212-2014,第5.2条/表5.2.4,mandatory
,MAT-COAT-005,substrate_treatment,Sa2.5,除锈Sa2.5级,,,,{},[],GB 50212-2014,第5.2条/表5.2.4,mandatory
,MAT-COAT-005,substrate_treatment,Sa3,除锈Sa3级,,,,{},[],GB 50212-2014,第5.2条/表5.2.4,mandatory
,MAT-COAT-005,coating_thickness_ac,200,≥200μm,200,,μm,{},[],GB 50212-2014,第6章/表6.1.4,mandatory
,MAT-COAT-005,coating_thickness_ac,300,≥300μm,300,,μm,{},[],GB 50212-2014,第6章/表6.1.4,mandatory
,MAT-COAT-005,coating_thickness_ac,400,≥400μm,400,,μm,{},[],GB 50212-2014,第6章/表6.1.4,mandatory
,MAT-COAT-005,coating_thickness_ac,500,≥500μm,500,,μm,{},[],GB 50212-2014,第6章/表6.1.4,mandatory
,MAT-COAT-005,pinhole_test,合格(无针孔),电火花检测无针孔,,,,{},[],GB 50212-2014,第6.4条,mandatory
,MAT-COAT-005,adhesion_pulloff,1.5,≥1.5MPa(环氧类),1.5,,MPa,{},[],GB 50212-2014,第6.5条/附录A,mandatory
,MAT-COAT-005,adhesion_pulloff,1.0,≥1.0MPa(其他类),1.0,,MPa,{},[],GB 50212-2014,第6.5条/附录A,mandatory
,MAT-PAI-003,cross_cut_grade,0,≤0级,,,,{},[],GB/T 9286-2021,第7条/表1,mandatory
,MAT-PAI-003,cross_cut_grade,1,≤1级,,,,{},[],GB/T 9286-2021,第7条/表1,mandatory
,MAT-PAI-003,cross_cut_grade,2,≤2级,,,,{},[],GB/T 9286-2021,第7条/表1,mandatory
,MAT-PAI-003,cross_cut_grade,3,≤3级,,,,{},[],GB/T 9286-2021,第7条/表1,mandatory
,MAT-PAI-003,cross_cut_grade,4,≤4级,,,,{},[],GB/T 9286-2021,第7条/表1,mandatory
,MAT-PAI-003,cross_cut_grade,5,≤5级,,,,{},[],GB/T 9286-2021,第7条/表1,mandatory
,MAT-PAI-003,cross_cut_spacing,1,1mm间距,1,1,mm,{},[],GB/T 9286-2021,第5条/表2,mandatory
,MAT-PAI-003,cross_cut_spacing,2,2mm间距,2,2,mm,{},[],GB/T 9286-2021,第5条/表2,mandatory
,MAT-PAI-003,cross_cut_spacing,3,3mm间距,3,3,mm,{},[],GB/T 9286-2021,第5条/表2,mandatory
,MAT-PUT-001,cross_cut_grade,0,≤0级,,,,{},[],GB/T 9286-2021,第7条/表1,mandatory
,MAT-PUT-001,cross_cut_grade,1,≤1级,,,,{},[],GB/T 9286-2021,第7条/表1,mandatory
,MAT-PUT-001,cross_cut_grade,2,≤2级,,,,{},[],GB/T 9286-2021,第7条/表1,mandatory
,MAT-PUT-001,cross_cut_grade,3,≤3级,,,,{},[],GB/T 9286-2021,第7条/表1,mandatory
,MAT-PUT-001,cross_cut_grade,4,≤4级,,,,{},[],GB/T 9286-2021,第7条/表1,mandatory
,MAT-PUT-001,cross_cut_grade,5,≤5级,,,,{},[],GB/T 9286-2021,第7条/表1,mandatory
,MAT-PUT-001,cross_cut_spacing,1,1mm间距,1,1,mm,{},[],GB/T 9286-2021,第5条/表2,mandatory
,MAT-PUT-001,cross_cut_spacing,2,2mm间距,2,2,mm,{},[],GB/T 9286-2021,第5条/表2,mandatory
,MAT-PUT-001,cross_cut_spacing,3,3mm间距,3,3,mm,{},[],GB/T 9286-2021,第5条/表2,mandatory
,MAT-HVAC-003,duct_material,镀锌钢板,镀锌钢板,,,,{},[],GB 50243-2016,第4.2条/表4.2.4-1,required
,MAT-HVAC-003,duct_material,不锈钢,不锈钢,,,,{},[],GB 50243-2016,第4.2条/表4.2.4-1,required
,MAT-HVAC-003,duct_material,玻璃钢,玻璃钢,,,,{},[],GB 50243-2016,第4.2条/表4.2.4-1,required
,MAT-HVAC-003,duct_material,酚醛复合,酚醛复合,,,,{},[],GB 50243-2016,第4.2条/表4.2.4-1,required
,MAT-HVAC-003,duct_material,玻纤复合,玻纤复合,,,,{},[],GB 50243-2016,第4.2条/表4.2.4-1,required
,MAT-HVAC-003,duct_thickness,0.5,0.5mm,0.5,0.5,mm,{},[],GB 50243-2016,第4.2条/表4.2.4-2,mandatory
,MAT-HVAC-003,duct_thickness,0.6,0.6mm,0.6,0.6,mm,{},[],GB 50243-2016,第4.2条/表4.2.4-2,mandatory
,MAT-HVAC-003,duct_thickness,0.75,0.75mm,0.75,0.75,mm,{},[],GB 50243-2016,第4.2条/表4.2.4-2,mandatory
,MAT-HVAC-003,duct_thickness,0.8,0.8mm,0.8,0.8,mm,{},[],GB 50243-2016,第4.2条/表4.2.4-2,mandatory
,MAT-HVAC-003,duct_thickness,1.0,1.0mm,1.0,1.0,mm,{},[],GB 50243-2016,第4.2条/表4.2.4-2,mandatory
,MAT-HVAC-003,duct_thickness,1.2,1.2mm,1.2,1.2,mm,{},[],GB 50243-2016,第4.2条/表4.2.4-2,mandatory
,MAT-HVAC-003,duct_sealing_class,A级(低压),A级(低压),,,,{},[],GB 50243-2016,第4.3条/表4.3.1,mandatory
,MAT-HVAC-003,duct_sealing_class,B级(一般),B级(一般),,,,{},[],GB 50243-2016,第4.3条/表4.3.1,mandatory
,MAT-HVAC-003,duct_sealing_class,C级(中压),C级(中压),,,,{},[],GB 50243-2016,第4.3条/表4.3.1,mandatory
,MAT-HVAC-003,duct_sealing_class,D级(高压),D级(高压),,,,{},[],GB 50243-2016,第4.3条/表4.3.1,mandatory
,MAT-HVAC-003,insulation_material_duct,离心玻璃棉,离心玻璃棉,,,,{},[],GB 50243-2016,第10章/表10.2.3,mandatory
,MAT-HVAC-003,insulation_material_duct,橡塑,橡塑,,,,{},[],GB 50243-2016,第10章/表10.2.3,mandatory
,MAT-HVAC-003,insulation_material_duct,聚氨酯,聚氨酯,,,,{},[],GB 50243-2016,第10章/表10.2.3,mandatory
,MAT-HVAC-003,insulation_material_duct,岩棉,岩棉,,,,{},[],GB 50243-2016,第10章/表10.2.3,mandatory
,MAT-HVAC-003,insulation_thickness,25,≥25mm,25,,mm,{},[],GB 50243-2016,第10章/表10.2.3,mandatory
,MAT-HVAC-003,insulation_thickness,30,≥30mm,30,,mm,{},[],GB 50243-2016,第10章/表10.2.3,mandatory
,MAT-HVAC-003,insulation_thickness,35,≥35mm,35,,mm,{},[],GB 50243-2016,第10章/表10.2.3,mandatory
,MAT-HVAC-003,insulation_thickness,40,≥40mm,40,,mm,{},[],GB 50243-2016,第10章/表10.2.3,mandatory
,MAT-HVAC-003,insulation_thickness,50,≥50mm,50,,mm,{},[],GB 50243-2016,第10章/表10.2.3,mandatory
,MAT-HVAC-003,insulation_thickness,60,≥60mm,60,,mm,{},[],GB 50243-2016,第10章/表10.2.3,mandatory
,MAT-FIRE-002,extinguisher_type,干粉(ABC),干粉(ABC),,,,{},[],GB 4351-2023,第4条/表1,required
,MAT-FIRE-002,extinguisher_type,干粉(BC),干粉(BC),,,,{},[],GB 4351-2023,第4条/表1,required
,MAT-FIRE-002,extinguisher_type,CO2,CO2,,,,{},[],GB 4351-2023,第4条/表1,required
,MAT-FIRE-002,extinguisher_type,水基(清水),水基(清水),,,,{},[],GB 4351-2023,第4条/表1,required
,MAT-FIRE-002,extinguisher_type,水基(泡沫),水基(泡沫),,,,{},[],GB 4351-2023,第4条/表1,required
,MAT-FIRE-002,extinguisher_type,洁净气体(七氟丙烷),洁净气体(七氟丙烷),,,,{},[],GB 4351-2023,第4条/表1,required
,MAT-FIRE-002,filling_weight,1,1kg,1,1,kg,{},[],GB 4351-2023,第4条/表1,mandatory
,MAT-FIRE-002,filling_weight,2,2kg,2,2,kg,{},[],GB 4351-2023,第4条/表1,mandatory
,MAT-FIRE-002,filling_weight,3,3kg,3,3,kg,{},[],GB 4351-2023,第4条/表1,mandatory
,MAT-FIRE-002,filling_weight,4,4kg,4,4,kg,{},[],GB 4351-2023,第4条/表1,mandatory
,MAT-FIRE-002,filling_weight,5,5kg,5,5,kg,{},[],GB 4351-2023,第4条/表1,mandatory
,MAT-FIRE-002,filling_weight,6,6kg,6,6,kg,{},[],GB 4351-2023,第4条/表1,mandatory
,MAT-FIRE-002,filling_weight,8,8kg,8,8,kg,{},[],GB 4351-2023,第4条/表1,mandatory
,MAT-FIRE-002,filling_weight,9,9kg,9,9,kg,{},[],GB 4351-2023,第4条/表1,mandatory
,MAT-FIRE-002,filling_weight,12,12kg,12,12,kg,{},[],GB 4351-2023,第4条/表1,mandatory
,MAT-FIRE-002,fire_rating_ext,1A/21B,1A/21B,,,,{},[],GB 4351-2023,第5条/表2,mandatory
,MAT-FIRE-002,fire_rating_ext,2A/34B,2A/34B,,,,{},[],GB 4351-2023,第5条/表2,mandatory
,MAT-FIRE-002,fire_rating_ext,2A/55B,2A/55B,,,,{},[],GB 4351-2023,第5条/表2,mandatory
,MAT-FIRE-002,fire_rating_ext,3A/89B,3A/89B,,,,{},[],GB 4351-2023,第5条/表2,mandatory
,MAT-FIRE-002,fire_rating_ext,4A/144B,4A/144B,,,,{},[],GB 4351-2023,第5条/表2,mandatory
,MAT-FIRE-002,fire_rating_ext,6A/183B,6A/183B,,,,{},[],GB 4351-2023,第5条/表2,mandatory
,MAT-FIRE-002,operating_temp,-20~55℃,-20~55℃,,,℃,{},[],GB 4351-2023,第6条,mandatory
,MAT-FIRE-002,operating_temp,-10~55℃,-10~55℃,,,℃,{},[],GB 4351-2023,第6条,mandatory
,MAT-FIRE-002,operating_temp,0~55℃,0~55℃,,,℃,{},[],GB 4351-2023,第6条,mandatory
,MAT-FIRE-003,detector_type_smoke,点型光电感烟,点型光电感烟,,,,{},[],GB 4715-2024,第4条/表1,required
,MAT-FIRE-003,detector_type_smoke,点型离子感烟,点型离子感烟,,,,{},[],GB 4715-2024,第4条/表1,required
,MAT-FIRE-003,detector_type_smoke,红外光束感烟,红外光束感烟,,,,{},[],GB 4715-2024,第4条/表1,required
,MAT-FIRE-003,detector_type_smoke,吸气式感烟,吸气式感烟,,,,{},[],GB 4715-2024,第4条/表1,required
,MAT-FIRE-003,sensitivity_smoke,0.05,≤0.05dB/m,0.05,,dB/m,{},[],GB 4715-2024,第5条/表2,mandatory
,MAT-FIRE-003,sensitivity_smoke,0.10,≤0.10dB/m,0.10,,dB/m,{},[],GB 4715-2024,第5条/表2,mandatory
,MAT-FIRE-003,sensitivity_smoke,0.15,≤0.15dB/m,0.15,,dB/m,{},[],GB 4715-2024,第5条/表2,mandatory
,MAT-FIRE-003,sensitivity_smoke,0.20,≤0.20dB/m,0.20,,dB/m,{},[],GB 4715-2024,第5条/表2,mandatory
,MAT-FIRE-003,rated_voltage_det,DC12,DC12,,,V,{},[],GB 4715-2024,第6条,mandatory
,MAT-FIRE-003,rated_voltage_det,DC24,DC24,,,V,{},[],GB 4715-2024,第6条,mandatory
,MAT-FIRE-003,rated_voltage_det,总线供电,总线供电,,,V,{},[],GB 4715-2024,第6条,mandatory
,MAT-FIRE-003,monitoring_current,300,≤300μA,,300,μA,{},[],GB 4715-2024,第6条,mandatory
,MAT-FIRE-003,alarm_current,30,≤30mA,,30,mA,{},[],GB 4715-2024,第6条,mandatory
,MAT-FIRE-004,detector_type_heat,点型定温,点型定温,,,,{},[],GB 4716-2024,第4条/表1,required
,MAT-FIRE-004,detector_type_heat,点型差温,点型差温,,,,{},[],GB 4716-2024,第4条/表1,required
,MAT-FIRE-004,detector_type_heat,点型差定温,点型差定温,,,,{},[],GB 4716-2024,第4条/表1,required
,MAT-FIRE-004,detector_type_heat,线型定温,线型定温,,,,{},[],GB 4716-2024,第4条/表1,required
,MAT-FIRE-004,detector_type_heat,线型差定温,线型差定温,,,,{},[],GB 4716-2024,第4条/表1,required
,MAT-FIRE-004,response_class,I级(灵敏),I级(灵敏),,,,{},[],GB 4716-2024,第5条/表2,mandatory
,MAT-FIRE-004,response_class,II级(普通),II级(普通),,,,{},[],GB 4716-2024,第5条/表2,mandatory
,MAT-FIRE-004,response_class,III级(不灵敏),III级(不灵敏),,,,{},[],GB 4716-2024,第5条/表2,mandatory
,MAT-FIRE-004,rated_action_temp,54,54℃,54,54,℃,{},[],GB 4716-2024,第5条/表3,mandatory
,MAT-FIRE-004,rated_action_temp,62,62℃,62,62,℃,{},[],GB 4716-2024,第5条/表3,mandatory
,MAT-FIRE-004,rated_action_temp,70,70℃,70,70,℃,{},[],GB 4716-2024,第5条/表3,mandatory
,MAT-FIRE-004,rated_action_temp,78,78℃,78,78,℃,{},[],GB 4716-2024,第5条/表3,mandatory
,MAT-FIRE-004,rated_action_temp,84,84℃,84,84,℃,{},[],GB 4716-2024,第5条/表3,mandatory
,MAT-FIRE-004,rated_action_temp,93,93℃,93,93,℃,{},[],GB 4716-2024,第5条/表3,mandatory
,MAT-FIRE-004,rated_action_temp,102,102℃,102,102,℃,{},[],GB 4716-2024,第5条/表3,mandatory
,MAT-FIRE-004,max_static_temp,42,≤42℃,42,,℃,{},[],GB 4716-2024,第5条/表3,mandatory
,MAT-FIRE-004,max_static_temp,50,≤50℃,50,,℃,{},[],GB 4716-2024,第5条/表3,mandatory
,MAT-FIRE-004,max_static_temp,58,≤58℃,58,,℃,{},[],GB 4716-2024,第5条/表3,mandatory
,MAT-FIRE-004,max_static_temp,66,≤66℃,66,,℃,{},[],GB 4716-2024,第5条/表3,mandatory
,MAT-FIRE-004,max_static_temp,72,≤72℃,72,,℃,{},[],GB 4716-2024,第5条/表3,mandatory
,MAT-FIRE-004,max_static_temp,78,≤78℃,78,,℃,{},[],GB 4716-2024,第5条/表3,mandatory
,MAT-FIRE-004,max_static_temp,86,≤86℃,86,,℃,{},[],GB 4716-2024,第5条/表3,mandatory
,MAT-FIRE-004,response_time,≤30(I级),≤30(I级),,,s,{},[],GB 4716-2024,第6条/表4,mandatory
,MAT-FIRE-004,response_time,≤40(II级),≤40(II级),,,s,{},[],GB 4716-2024,第6条/表4,mandatory
,MAT-FIRE-004,response_time,≤50(III级),≤50(III级),,,s,{},[],GB 4716-2024,第6条/表4,mandatory
,MAT-AUXI-019,nominal_diameter_conduit,15,DN15,15,15,mm,{},[],GB/T 3091-2015,第4条/表1,mandatory
,MAT-AUXI-019,nominal_diameter_conduit,20,DN20,20,20,mm,{},[],GB/T 3091-2015,第4条/表1,mandatory
,MAT-AUXI-019,nominal_diameter_conduit,25,DN25,25,25,mm,{},[],GB/T 3091-2015,第4条/表1,mandatory
,MAT-AUXI-019,nominal_diameter_conduit,32,DN32,32,32,mm,{},[],GB/T 3091-2015,第4条/表1,mandatory
,MAT-AUXI-019,nominal_diameter_conduit,40,DN40,40,40,mm,{},[],GB/T 3091-2015,第4条/表1,mandatory
,MAT-AUXI-019,nominal_diameter_conduit,50,DN50,50,50,mm,{},[],GB/T 3091-2015,第4条/表1,mandatory
,MAT-AUXI-019,nominal_diameter_conduit,65,DN65,65,65,mm,{},[],GB/T 3091-2015,第4条/表1,mandatory
,MAT-AUXI-019,nominal_diameter_conduit,80,DN80,80,80,mm,{},[],GB/T 3091-2015,第4条/表1,mandatory
,MAT-AUXI-019,nominal_diameter_conduit,100,DN100,100,100,mm,{},[],GB/T 3091-2015,第4条/表1,mandatory
,MAT-AUXI-019,wall_thickness_conduit,2.75,2.75mm(DN15普通型),2.75,2.75,mm,{},[],GB/T 3091-2015,第4条/表1,mandatory
,MAT-AUXI-019,wall_thickness_conduit,3.25,3.25mm(DN15加厚型),3.25,3.25,mm,{},[],GB/T 3091-2015,第4条/表1,mandatory
,MAT-AUXI-019,wall_thickness_conduit,2.75,2.75mm(DN20普通型),2.75,2.75,mm,{},[],GB/T 3091-2015,第4条/表1,mandatory
,MAT-AUXI-019,wall_thickness_conduit,3.25,3.25mm(DN20加厚型),3.25,3.25,mm,{},[],GB/T 3091-2015,第4条/表1,mandatory
,MAT-AUXI-019,wall_thickness_conduit,3.25,3.25mm(DN25普通型),3.25,3.25,mm,{},[],GB/T 3091-2015,第4条/表1,mandatory
,MAT-AUXI-019,wall_thickness_conduit,4.00,4.00mm(DN25加厚型),4.00,4.00,mm,{},[],GB/T 3091-2015,第4条/表1,mandatory
,MAT-AUXI-019,wall_thickness_conduit,3.25,3.25mm(DN32普通型),3.25,3.25,mm,{},[],GB/T 3091-2015,第4条/表1,mandatory
,MAT-AUXI-019,wall_thickness_conduit,4.00,4.00mm(DN32加厚型),4.00,4.00,mm,{},[],GB/T 3091-2015,第4条/表1,mandatory
,MAT-AUXI-019,wall_thickness_conduit,3.50,3.50mm(DN40普通型),3.50,3.50,mm,{},[],GB/T 3091-2015,第4条/表1,mandatory
,MAT-AUXI-019,wall_thickness_conduit,4.25,4.25mm(DN40加厚型),4.25,4.25,mm,{},[],GB/T 3091-2015,第4条/表1,mandatory
,MAT-AUXI-019,wall_thickness_conduit,3.50,3.50mm(DN50普通型),3.50,3.50,mm,{},[],GB/T 3091-2015,第4条/表1,mandatory
,MAT-AUXI-019,wall_thickness_conduit,4.50,4.50mm(DN50加厚型),4.50,4.50,mm,{},[],GB/T 3091-2015,第4条/表1,mandatory
,MAT-AUXI-019,wall_thickness_conduit,3.75,3.75mm(DN65普通型),3.75,3.75,mm,{},[],GB/T 3091-2015,第4条/表1,mandatory
,MAT-AUXI-019,wall_thickness_conduit,4.50,4.50mm(DN65加厚型),4.50,4.50,mm,{},[],GB/T 3091-2015,第4条/表1,mandatory
,MAT-AUXI-019,wall_thickness_conduit,4.00,4.00mm(DN80普通型),4.00,4.00,mm,{},[],GB/T 3091-2015,第4条/表1,mandatory
,MAT-AUXI-019,wall_thickness_conduit,5.00,5.00mm(DN80加厚型),5.00,5.00,mm,{},[],GB/T 3091-2015,第4条/表1,mandatory
,MAT-AUXI-019,wall_thickness_conduit,4.00,4.00mm(DN100普通型),4.00,4.00,mm,{},[],GB/T 3091-2015,第4条/表1,mandatory
,MAT-AUXI-019,wall_thickness_conduit,5.00,5.00mm(DN100加厚型),5.00,5.00,mm,{},[],GB/T 3091-2015,第4条/表1,mandatory
,MAT-AUXI-019,outer_diameter_conduit,21.3,21.3mm(DN15),21.3,21.3,mm,{},[],GB/T 3091-2015,第4条/表1,mandatory
,MAT-AUXI-019,outer_diameter_conduit,26.9,26.9mm(DN20),26.9,26.9,mm,{},[],GB/T 3091-2015,第4条/表1,mandatory
,MAT-AUXI-019,outer_diameter_conduit,33.7,33.7mm(DN25),33.7,33.7,mm,{},[],GB/T 3091-2015,第4条/表1,mandatory
,MAT-AUXI-019,outer_diameter_conduit,42.4,42.4mm(DN32),42.4,42.4,mm,{},[],GB/T 3091-2015,第4条/表1,mandatory
,MAT-AUXI-019,outer_diameter_conduit,48.3,48.3mm(DN40),48.3,48.3,mm,{},[],GB/T 3091-2015,第4条/表1,mandatory
,MAT-AUXI-019,outer_diameter_conduit,60.3,60.3mm(DN50),60.3,60.3,mm,{},[],GB/T 3091-2015,第4条/表1,mandatory
,MAT-AUXI-019,outer_diameter_conduit,76.1,76.1mm(DN65),76.1,76.1,mm,{},[],GB/T 3091-2015,第4条/表1,mandatory
,MAT-AUXI-019,outer_diameter_conduit,88.9,88.9mm(DN80),88.9,88.9,mm,{},[],GB/T 3091-2015,第4条/表1,mandatory
,MAT-AUXI-019,outer_diameter_conduit,114.3,114.3mm(DN100),114.3,114.3,mm,{},[],GB/T 3091-2015,第4条/表1,mandatory
,MAT-AUXI-019,steel_grade_conduit,Q195,Q195,,,,{},[],GB/T 3091-2015,第5条/表1,required
,MAT-AUXI-019,steel_grade_conduit,Q215,Q215,,,,{},[],GB/T 3091-2015,第5条/表1,required
,MAT-AUXI-019,steel_grade_conduit,Q235B,Q235B,,,,{},[],GB/T 3091-2015,第5条/表1,required
,MAT-AUXI-019,galvanizing_type_conduit,热浸镀锌,热浸镀锌,,,,{},[],GB/T 3091-2015,第6条/表2,required
,MAT-AUXI-019,galvanizing_type_conduit,电镀锌,电镀锌,,,,{},[],GB/T 3091-2015,第6条/表2,required
,MAT-AUXI-019,zinc_coating_weight,300,≥300g/m²(热浸镀锌),300,,g/m²,{},[],GB/T 3091-2015,第6条/表2,mandatory
,MAT-AUXI-019,zinc_coating_weight,120,≥120g/m²(电镀锌),120,,g/m²,{},[],GB/T 3091-2015,第6条/表2,mandatory
,MAT-AUXI-019,tensile_strength_conduit,375,≥375MPa(Q235B),375,,MPa,{},[],GB/T 3091-2015,第7条/表3,mandatory
,MAT-AUXI-019,yield_strength_conduit,235,"≥235MPa(Q235B,≤16mm)",235,,MPa,{},[],GB/T 3091-2015,第7条/表3,mandatory
,MAT-AUXI-019,elongation_conduit,26,≥26%(Q235B),26,,%,{},[],GB/T 3091-2015,第7条/表3,mandatory
,MAT-AUXI-019,bend_test_conduit,合格(无裂纹),弯曲90°外径8倍无裂纹,,,,{},[],GB/T 3091-2015,第8条/表4,mandatory
,MAT-AUXI-019,surface_quality_conduit,光滑无毛刺,内外表面光滑无毛刺无裂纹,,,,{},[],GB/T 3091-2015,第10条,mandatory
,MAT-AUXI-019,hydrostatic_test_conduit,合格(无渗漏),5.0MPa保压≥5s,,,,{},[],GB/T 3091-2015,第12条/表6,mandatory
,MAT-AUXI-002,bolt_size,M8,M8,M8,M8,mm,{},[],GB/T 799-2020,第4条/表1,mandatory
,MAT-AUXI-002,bolt_size,M10,M10,M10,M10,mm,{},[],GB/T 799-2020,第4条/表1,mandatory
,MAT-AUXI-002,bolt_size,M12,M12,M12,M12,mm,{},[],GB/T 799-2020,第4条/表1,mandatory
,MAT-AUXI-002,bolt_size,M16,M16,M16,M16,mm,{},[],GB/T 799-2020,第4条/表1,mandatory
,MAT-AUXI-002,bolt_size,M20,M20,M20,M20,mm,{},[],GB/T 799-2020,第4条/表1,mandatory
,MAT-AUXI-002,bolt_size,M24,M24,M24,M24,mm,{},[],GB/T 799-2020,第4条/表1,mandatory
,MAT-AUXI-002,bolt_size,M30,M30,M30,M30,mm,{},[],GB/T 799-2020,第4条/表1,mandatory
,MAT-AUXI-002,bolt_size,M36,M36,M36,M36,mm,{},[],GB/T 799-2020,第4条/表1,mandatory
,MAT-AUXI-002,bolt_size,M42,M42,M42,M42,mm,{},[],GB/T 799-2020,第4条/表1,mandatory
,MAT-AUXI-002,bolt_size,M48,M48,M48,M48,mm,{},[],GB/T 799-2020,第4条/表1,mandatory
,MAT-AUXI-002,bolt_size,M56,M56,M56,M56,mm,{},[],GB/T 799-2020,第4条/表1,mandatory
,MAT-AUXI-002,bolt_size,M64,M64,M64,M64,mm,{},[],GB/T 799-2020,第4条/表1,mandatory
,MAT-AUXI-002,bolt_size,M72,M72,M72,M72,mm,{},[],GB/T 799-2020,第4条/表1,mandatory
,MAT-AUXI-002,bolt_type,A型,A型,,,,{},[],GB/T 799-2020,第3条,required
,MAT-AUXI-002,bolt_type,B型,B型,,,,{},[],GB/T 799-2020,第3条,required
,MAT-AUXI-002,bolt_type,C型,C型,,,,{},[],GB/T 799-2020,第3条,required
,MAT-AUXI-002,performance_grade,4.6,4.6级,4.6,4.6,,{},[],GB/T 799-2020,第4条,required
,MAT-AUXI-002,performance_grade,5.6,5.6级,5.6,5.6,,{},[],GB/T 799-2020,第4条,required
,MAT-AUXI-002,surface_treatment,不处理,不处理,,,,{},[],GB/T 799-2020,第4条,mandatory
,MAT-AUXI-002,surface_treatment,镀锌(热浸),镀锌(热浸),,,,{},[],GB/T 799-2020,第4条,mandatory
,MAT-AUXI-002,surface_treatment,镀锌(电镀),镀锌(电镀),,,,{},[],GB/T 799-2020,第4条,mandatory
,MAT-AUXI-002,surface_treatment,氧化处理,氧化处理,,,,{},[],GB/T 799-2020,第4条,mandatory
,MAT-AUXI-002,thread_pitch,1.25,P=1.25mm,1.25,1.25,mm,{},[],GB/T 799-2020,第4条/表1,mandatory
,MAT-AUXI-002,thread_pitch,1.5,P=1.5mm,1.5,1.5,mm,{},[],GB/T 799-2020,第4条/表1,mandatory
,MAT-AUXI-002,thread_pitch,1.75,P=1.75mm,1.75,1.75,mm,{},[],GB/T 799-2020,第4条/表1,mandatory
,MAT-AUXI-002,thread_pitch,2,P=2mm,2,2,mm,{},[],GB/T 799-2020,第4条/表1,mandatory
,MAT-AUXI-002,thread_pitch,2.5,P=2.5mm,2.5,2.5,mm,{},[],GB/T 799-2020,第4条/表1,mandatory
,MAT-AUXI-002,thread_pitch,3,P=3mm,3,3,mm,{},[],GB/T 799-2020,第4条/表1,mandatory
,MAT-AUXI-002,thread_pitch,3.5,P=3.5mm,3.5,3.5,mm,{},[],GB/T 799-2020,第4条/表1,mandatory
,MAT-AUXI-002,thread_pitch,4,P=4mm,4,4,mm,{},[],GB/T 799-2020,第4条/表1,mandatory
,MAT-AUXI-002,thread_pitch,4.5,P=4.5mm,4.5,4.5,mm,{},[],GB/T 799-2020,第4条/表1,mandatory
,MAT-AUXI-002,thread_pitch,5,P=5mm,5,5,mm,{},[],GB/T 799-2020,第4条/表1,mandatory
,MAT-AUXI-002,thread_pitch,5.5,P=5.5mm,5.5,5.5,mm,{},[],GB/T 799-2020,第4条/表1,mandatory
,MAT-AUXI-002,thread_pitch,6,P=6mm,6,6,mm,{},[],GB/T 799-2020,第4条/表1,mandatory
,MAT-AUXI-002,bolt_length,46,A型M8:l=46mm,46,46,mm,{},[],GB/T 799-2020,第4条/表1,mandatory
,MAT-AUXI-002,bolt_length,65,A型M10:l=65mm,65,65,mm,{},[],GB/T 799-2020,第4条/表1,mandatory
,MAT-AUXI-002,bolt_length,82,A型M12:l=82mm,82,82,mm,{},[],GB/T 799-2020,第4条/表1,mandatory
,MAT-AUXI-002,bolt_length,93,A型M16:l=93mm,93,93,mm,{},[],GB/T 799-2020,第4条/表1,mandatory
,MAT-AUXI-002,bolt_length,127,A型M20:l=127mm,127,127,mm,{},[],GB/T 799-2020,第4条/表1,mandatory
,MAT-AUXI-002,bolt_length,139,A型M24:l=139mm,139,139,mm,{},[],GB/T 799-2020,第4条/表1,mandatory
,MAT-AUXI-002,bolt_length,192,A型M30:l=192mm,192,192,mm,{},[],GB/T 799-2020,第4条/表1,mandatory
,MAT-AUXI-002,bolt_length,244,A型M36:l=244mm,244,244,mm,{},[],GB/T 799-2020,第4条/表1,mandatory
,MAT-AUXI-002,bolt_length,261,A型M42:l=261mm,261,261,mm,{},[],GB/T 799-2020,第4条/表1,mandatory
,MAT-AUXI-002,bolt_length,302,A型M48:l=302mm,302,302,mm,{},[],GB/T 799-2020,第4条/表1,mandatory
,MAT-AUXI-002,bolt_length,343,A型M56:l=343mm,343,343,mm,{},[],GB/T 799-2020,第4条/表1,mandatory
,MAT-AUXI-002,bolt_length,385,A型M64:l=385mm,385,385,mm,{},[],GB/T 799-2020,第4条/表1,mandatory
,MAT-AUXI-002,bolt_length,430,A型M72:l=430mm,430,430,mm,{},[],GB/T 799-2020,第4条/表1,mandatory
,MAT-AUXI-002,bolt_length,48,B型M8:l=48mm,48,48,mm,{},[],GB/T 799-2020,第4条/表2,mandatory
,MAT-AUXI-002,bolt_length,60,B型M10:l=60mm,60,60,mm,{},[],GB/T 799-2020,第4条/表2,mandatory
,MAT-AUXI-002,bolt_length,72,B型M12:l=72mm,72,72,mm,{},[],GB/T 799-2020,第4条/表2,mandatory
,MAT-AUXI-002,bolt_length,96,B型M16:l=96mm,96,96,mm,{},[],GB/T 799-2020,第4条/表2,mandatory
,MAT-AUXI-002,bolt_length,120,B型M20:l=120mm,120,120,mm,{},[],GB/T 799-2020,第4条/表2,mandatory
,MAT-AUXI-002,bolt_length,144,B型M24:l=144mm,144,144,mm,{},[],GB/T 799-2020,第4条/表2,mandatory
,MAT-AUXI-002,bolt_length,180,B型M30:l=180mm,180,180,mm,{},[],GB/T 799-2020,第4条/表2,mandatory
,MAT-AUXI-002,bolt_length,216,B型M36:l=216mm,216,216,mm,{},[],GB/T 799-2020,第4条/表2,mandatory
,MAT-AUXI-002,bolt_length,252,B型M42:l=252mm,252,252,mm,{},[],GB/T 799-2020,第4条/表2,mandatory
,MAT-AUXI-002,bolt_length,288,B型M48:l=288mm,288,288,mm,{},[],GB/T 799-2020,第4条/表2,mandatory
,MAT-AUXI-002,bolt_length,336,B型M56:l=336mm,336,336,mm,{},[],GB/T 799-2020,第4条/表2,mandatory
,MAT-AUXI-002,bolt_length,384,B型M64:l=384mm,384,384,mm,{},[],GB/T 799-2020,第4条/表2,mandatory
,MAT-AUXI-002,bolt_length,432,B型M72:l=432mm,432,432,mm,{},[],GB/T 799-2020,第4条/表2,mandatory
,MAT-AUXI-002,bolt_length,32,C型M8:l=32mm,32,32,mm,{},[],GB/T 799-2020,第4条/表3,mandatory
,MAT-AUXI-002,bolt_length,40,C型M10:l=40mm,40,40,mm,{},[],GB/T 799-2020,第4条/表3,mandatory
,MAT-AUXI-002,bolt_length,48,C型M12:l=48mm,48,48,mm,{},[],GB/T 799-2020,第4条/表3,mandatory
,MAT-AUXI-002,bolt_length,64,C型M16:l=64mm,64,64,mm,{},[],GB/T 799-2020,第4条/表3,mandatory
,MAT-AUXI-002,bolt_length,80,C型M20:l=80mm,80,80,mm,{},[],GB/T 799-2020,第4条/表3,mandatory
,MAT-AUXI-002,bolt_length,96,C型M24:l=96mm,96,96,mm,{},[],GB/T 799-2020,第4条/表3,mandatory
,MAT-AUXI-002,bolt_length,120,C型M30:l=120mm,120,120,mm,{},[],GB/T 799-2020,第4条/表3,mandatory
,MAT-AUXI-002,bolt_length,144,C型M36:l=144mm,144,144,mm,{},[],GB/T 799-2020,第4条/表3,mandatory
,MAT-AUXI-002,bolt_length,168,C型M42:l=168mm,168,168,mm,{},[],GB/T 799-2020,第4条/表3,mandatory
,MAT-AUXI-002,bolt_length,192,C型M48:l=192mm,192,192,mm,{},[],GB/T 799-2020,第4条/表3,mandatory
,MAT-AUXI-002,bolt_length,224,C型M56:l=224mm,224,224,mm,{},[],GB/T 799-2020,第4条/表3,mandatory
,MAT-AUXI-002,bolt_length,256,C型M64:l=256mm,256,256,mm,{},[],GB/T 799-2020,第4条/表3,mandatory
,MAT-AUXI-002,bolt_length,288,C型M72:l=288mm,288,288,mm,{},[],GB/T 799-2020,第4条/表3,mandatory
,MAT-AUXI-002,bolt_length,80,公称长度l=80mm,80,80,mm,{},[],GB/T 799-2020,第4条,mandatory
,MAT-AUXI-002,bolt_length,100,公称长度l=100mm,100,100,mm,{},[],GB/T 799-2020,第4条,mandatory
,MAT-AUXI-002,bolt_length,120,公称长度l=120mm,120,120,mm,{},[],GB/T 799-2020,第4条,mandatory
,MAT-AUXI-002,bolt_length,160,公称长度l=160mm,160,160,mm,{},[],GB/T 799-2020,第4条,mandatory
,MAT-AUXI-002,bolt_length,200,公称长度l=200mm,200,200,mm,{},[],GB/T 799-2020,第4条,mandatory
,MAT-AUXI-002,bolt_length,250,公称长度l=250mm,250,250,mm,{},[],GB/T 799-2020,第4条,mandatory
,MAT-AUXI-002,bolt_length,300,公称长度l=300mm,300,300,mm,{},[],GB/T 799-2020,第4条,mandatory
,MAT-AUXI-002,bolt_length,400,公称长度l=400mm,400,400,mm,{},[],GB/T 799-2020,第4条,mandatory
,MAT-AUXI-002,bolt_length,500,公称长度l=500mm,500,500,mm,{},[],GB/T 799-2020,第4条,mandatory
,MAT-AUXI-002,bolt_length,600,公称长度l=600mm,600,600,mm,{},[],GB/T 799-2020,第4条,mandatory
,MAT-AUXI-002,bolt_length,800,公称长度l=800mm,800,800,mm,{},[],GB/T 799-2020,第4条,mandatory
,MAT-AUXI-002,bolt_length,1000,公称长度l=1000mm,1000,1000,mm,{},[],GB/T 799-2020,第4条,mandatory
,MAT-AUXI-002,thread_length,31,A型M8:b=31mm,31,31,mm,{},[],GB/T 799-2020,第4条/表1,mandatory
,MAT-AUXI-002,thread_length,36,A型M10:b=36mm,36,36,mm,{},[],GB/T 799-2020,第4条/表1,mandatory
,MAT-AUXI-002,thread_length,40,A型M12:b=40mm,40,40,mm,{},[],GB/T 799-2020,第4条/表1,mandatory
,MAT-AUXI-002,thread_length,50,A型M16:b=50mm,50,50,mm,{},[],GB/T 799-2020,第4条/表1,mandatory
,MAT-AUXI-002,thread_length,58,A型M20:b=58mm,58,58,mm,{},[],GB/T 799-2020,第4条/表1,mandatory
,MAT-AUXI-002,thread_length,68,A型M24:b=68mm,68,68,mm,{},[],GB/T 799-2020,第4条/表1,mandatory
,MAT-AUXI-002,thread_length,80,A型M30:b=80mm,80,80,mm,{},[],GB/T 799-2020,第4条/表1,mandatory
,MAT-AUXI-002,thread_length,94,A型M36:b=94mm,94,94,mm,{},[],GB/T 799-2020,第4条/表1,mandatory
,MAT-AUXI-002,thread_length,106,A型M42:b=106mm,106,106,mm,{},[],GB/T 799-2020,第4条/表1,mandatory
,MAT-AUXI-002,thread_length,120,A型M48:b=120mm,120,120,mm,{},[],GB/T 799-2020,第4条/表1,mandatory
,MAT-AUXI-002,thread_length,140,A型M56:b=140mm,140,140,mm,{},[],GB/T 799-2020,第4条/表1,mandatory
,MAT-AUXI-002,thread_length,160,A型M64:b=160mm,160,160,mm,{},[],GB/T 799-2020,第4条/表1,mandatory
,MAT-AUXI-002,thread_length,180,A型M72:b=180mm,180,180,mm,{},[],GB/T 799-2020,第4条/表1,mandatory
,MAT-FITT-001,fitting_type,90°长半径弯头,90°长半径弯头,,,,{},[],GB/T 12459-2025,第4条/表1,required
,MAT-FITT-001,fitting_code,90EL,90EL,,,,{},[],GB/T 12459-2025,第4条/表1,mandatory
,MAT-FITT-001,fitting_type,90°短半径弯头,90°短半径弯头,,,,{},[],GB/T 12459-2025,第4条/表1,required
,MAT-FITT-001,fitting_code,90ES,90ES,,,,{},[],GB/T 12459-2025,第4条/表1,mandatory
,MAT-FITT-001,fitting_type,45°长半径弯头,45°长半径弯头,,,,{},[],GB/T 12459-2025,第4条/表1,required
,MAT-FITT-001,fitting_code,45EL,45EL,,,,{},[],GB/T 12459-2025,第4条/表1,mandatory
,MAT-FITT-001,fitting_type,180°长半径弯头,180°长半径弯头,,,,{},[],GB/T 12459-2025,第4条/表1,required
,MAT-FITT-001,fitting_code,180EL,180EL,,,,{},[],GB/T 12459-2025,第4条/表1,mandatory
,MAT-FITT-001,fitting_type,180°短半径弯头,180°短半径弯头,,,,{},[],GB/T 12459-2025,第4条/表1,required
,MAT-FITT-001,fitting_code,180ES,180ES,,,,{},[],GB/T 12459-2025,第4条/表1,mandatory
,MAT-FITT-001,fitting_type,等径三通,等径三通,,,,{},[],GB/T 12459-2025,第4条/表1,required
,MAT-FITT-001,fitting_code,TS,TS,TS,TS,,{},[],GB/T 12459-2025,第4条/表1,mandatory
,MAT-FITT-001,fitting_type,异径三通,异径三通,,,,{},[],GB/T 12459-2025,第4条/表1,required
,MAT-FITT-001,fitting_code,TR,TR,TR,TR,,{},[],GB/T 12459-2025,第4条/表1,mandatory
,MAT-FITT-001,fitting_type,同心异径管,同心异径管,,,,{},[],GB/T 12459-2025,第4条/表1,required
,MAT-FITT-001,fitting_code,RC,RC,,,,{},[],GB/T 12459-2025,第4条/表1,mandatory
,MAT-FITT-001,fitting_type,偏心异径管,偏心异径管,,,,{},[],GB/T 12459-2025,第4条/表1,required
,MAT-FITT-001,fitting_code,RE,RE,,,,{},[],GB/T 12459-2025,第4条/表1,mandatory
,MAT-FITT-001,fitting_type,管帽,管帽,,,,{},[],GB/T 12459-2025,第4条/表1,required
,MAT-FITT-001,fitting_code,CAP,CAP,,,,{},[],GB/T 12459-2025,第4条/表1,mandatory
,MAT-FITT-001,fitting_type,翻边短节,翻边短节,,,,{},[],GB/T 12459-2025,第4条/表1,required
,MAT-FITT-001,fitting_code,SE,SE,SE,SE,,{},[],GB/T 12459-2025,第4条/表1,mandatory
,MAT-FITT-001,fitting_type,等径四通,等径四通,等径四通,等径四通,,{},[],GB/T 12459-2025,第4条/表1,required
,MAT-FITT-001,fitting_code,CRS,CRS,CRS,CRS,,{},[],GB/T 12459-2025,第4条/表1,mandatory
,MAT-FITT-001,fitting_type,异径四通,异径四通,异径四通,异径四通,,{},[],GB/T 12459-2025,第4条/表1,required
,MAT-FITT-001,fitting_code,CRR,CRR,CRR,CRR,,{},[],GB/T 12459-2025,第4条/表1,mandatory
,MAT-FITT-001,nominal_size,8,DN8,8,8,mm,{},[],GB/T 12459-2025,第6条,mandatory
,MAT-FITT-001,nominal_size,10,DN10,10,10,mm,{},[],GB/T 12459-2025,第6条,mandatory
,MAT-FITT-001,nominal_size,15,DN15,15,15,mm,{},[],GB/T 12459-2025,第6条,mandatory
,MAT-FITT-001,nominal_size,20,DN20,20,20,mm,{},[],GB/T 12459-2025,第6条,mandatory
,MAT-FITT-001,nominal_size,25,DN25,25,25,mm,{},[],GB/T 12459-2025,第6条,mandatory
,MAT-FITT-001,nominal_size,32,DN32,32,32,mm,{},[],GB/T 12459-2025,第6条,mandatory
,MAT-FITT-001,nominal_size,40,DN40,40,40,mm,{},[],GB/T 12459-2025,第6条,mandatory
,MAT-FITT-001,nominal_size,50,DN50,50,50,mm,{},[],GB/T 12459-2025,第6条,mandatory
,MAT-FITT-001,nominal_size,65,DN65,65,65,mm,{},[],GB/T 12459-2025,第6条,mandatory
,MAT-FITT-001,nominal_size,80,DN80,80,80,mm,{},[],GB/T 12459-2025,第6条,mandatory
,MAT-FITT-001,nominal_size,100,DN100,100,100,mm,{},[],GB/T 12459-2025,第6条,mandatory
,MAT-FITT-001,nominal_size,125,DN125,125,125,mm,{},[],GB/T 12459-2025,第6条,mandatory
,MAT-FITT-001,nominal_size,150,DN150,150,150,mm,{},[],GB/T 12459-2025,第6条,mandatory
,MAT-FITT-001,nominal_size,200,DN200,200,200,mm,{},[],GB/T 12459-2025,第6条,mandatory
,MAT-FITT-001,nominal_size,250,DN250,250,250,mm,{},[],GB/T 12459-2025,第6条,mandatory
,MAT-FITT-001,nominal_size,300,DN300,300,300,mm,{},[],GB/T 12459-2025,第6条,mandatory
,MAT-FITT-001,nominal_size,350,DN350,350,350,mm,{},[],GB/T 12459-2025,第6条,mandatory
,MAT-FITT-001,nominal_size,400,DN400,400,400,mm,{},[],GB/T 12459-2025,第6条,mandatory
,MAT-FITT-001,nominal_size,450,DN450,450,450,mm,{},[],GB/T 12459-2025,第6条,mandatory
,MAT-FITT-001,nominal_size,500,DN500,500,500,mm,{},[],GB/T 12459-2025,第6条,mandatory
,MAT-FITT-001,nominal_size,550,DN550,550,550,mm,{},[],GB/T 12459-2025,第6条,mandatory
,MAT-FITT-001,nominal_size,600,DN600,600,600,mm,{},[],GB/T 12459-2025,第6条,mandatory
,MAT-FITT-001,nominal_size,650,DN650,650,650,mm,{},[],GB/T 12459-2025,第6条,mandatory
,MAT-FITT-001,nominal_size,700,DN700,700,700,mm,{},[],GB/T 12459-2025,第6条,mandatory
,MAT-FITT-001,nominal_size,750,DN750,750,750,mm,{},[],GB/T 12459-2025,第6条,mandatory
,MAT-FITT-001,nominal_size,800,DN800,800,800,mm,{},[],GB/T 12459-2025,第6条,mandatory
,MAT-FITT-001,nominal_size,850,DN850,850,850,mm,{},[],GB/T 12459-2025,第6条,mandatory
,MAT-FITT-001,nominal_size,900,DN900,900,900,mm,{},[],GB/T 12459-2025,第6条,mandatory
,MAT-FITT-001,nominal_size,950,DN950,950,950,mm,{},[],GB/T 12459-2025,第6条,mandatory
,MAT-FITT-001,nominal_size,1000,DN1000,1000,1000,mm,{},[],GB/T 12459-2025,第6条,mandatory
,MAT-FITT-001,nominal_size,1050,DN1050,1050,1050,mm,{},[],GB/T 12459-2025,第6条,mandatory
,MAT-FITT-001,nominal_size,1100,DN1100,1100,1100,mm,{},[],GB/T 12459-2025,第6条,mandatory
,MAT-FITT-001,nominal_size,1150,DN1150,1150,1150,mm,{},[],GB/T 12459-2025,第6条,mandatory
,MAT-FITT-001,nominal_size,1200,DN1200,1200,1200,mm,{},[],GB/T 12459-2025,第6条,mandatory
,MAT-FITT-001,wall_thickness_sch,SCH5S,SCH5S,,,,{},[],GB/T 12459-2025,第6条/表2,mandatory
,MAT-FITT-001,wall_thickness_sch,SCH10S,SCH10S,,,,{},[],GB/T 12459-2025,第6条/表2,mandatory
,MAT-FITT-001,wall_thickness_sch,SCH20,SCH20,,,,{},[],GB/T 12459-2025,第6条/表2,mandatory
,MAT-FITT-001,wall_thickness_sch,SCH30,SCH30,,,,{},[],GB/T 12459-2025,第6条/表2,mandatory
,MAT-FITT-001,wall_thickness_sch,SCH40S,SCH40S,,,,{},[],GB/T 12459-2025,第6条/表2,mandatory
,MAT-FITT-001,wall_thickness_sch,SCH40,SCH40,,,,{},[],GB/T 12459-2025,第6条/表2,mandatory
,MAT-FITT-001,wall_thickness_sch,STD,STD,,,,{},[],GB/T 12459-2025,第6条/表2,mandatory
,MAT-FITT-001,wall_thickness_sch,SCH60,SCH60,,,,{},[],GB/T 12459-2025,第6条/表2,mandatory
,MAT-FITT-001,wall_thickness_sch,SCH80S,SCH80S,,,,{},[],GB/T 12459-2025,第6条/表2,mandatory
,MAT-FITT-001,wall_thickness_sch,SCH80,SCH80,,,,{},[],GB/T 12459-2025,第6条/表2,mandatory
,MAT-FITT-001,wall_thickness_sch,XS,XS,,,,{},[],GB/T 12459-2025,第6条/表2,mandatory
,MAT-FITT-001,wall_thickness_sch,SCH100,SCH100,,,,{},[],GB/T 12459-2025,第6条/表2,mandatory
,MAT-FITT-001,wall_thickness_sch,SCH120,SCH120,,,,{},[],GB/T 12459-2025,第6条/表2,mandatory
,MAT-FITT-001,wall_thickness_sch,SCH140,SCH140,,,,{},[],GB/T 12459-2025,第6条/表2,mandatory
,MAT-FITT-001,wall_thickness_sch,SCH160,SCH160,,,,{},[],GB/T 12459-2025,第6条/表2,mandatory
,MAT-FITT-001,wall_thickness_sch,XXS,XXS,,,,{},[],GB/T 12459-2025,第6条/表2,mandatory
,MAT-FITT-001,material_group_fit,碳钢,碳钢,,,,{},[],GB/T 12459-2025,第9条/附录A,required
,MAT-FITT-001,material_group_fit,合金钢(低合金),合金钢(低合金),,,,{},[],GB/T 12459-2025,第9条/附录A,required
,MAT-FITT-001,material_group_fit,奥氏体不锈钢,奥氏体不锈钢,,,,{},[],GB/T 12459-2025,第9条/附录A,required
,MAT-FITT-001,material_group_fit,双相不锈钢,双相不锈钢,,,,{},[],GB/T 12459-2025,第9条/附录A,required
,MAT-FITT-001,material_group_fit,镍基合金,镍基合金,,,,{},[],GB/T 12459-2025,第9条/附录A,required
,MAT-FITT-001,pressure_class_fit,Class150,Class150,,,,{},[],GB/T 12459-2025,第5条,mandatory
,MAT-FITT-001,pressure_class_fit,Class300,Class300,,,,{},[],GB/T 12459-2025,第5条,mandatory
,MAT-FITT-001,pressure_class_fit,Class600,Class600,,,,{},[],GB/T 12459-2025,第5条,mandatory
,MAT-FITT-001,pressure_class_fit,Class900,Class900,,,,{},[],GB/T 12459-2025,第5条,mandatory
,MAT-FITT-001,pressure_class_fit,Class1500,Class1500,,,,{},[],GB/T 12459-2025,第5条,mandatory
,MAT-FITT-001,pressure_class_fit,Class2500,Class2500,,,,{},[],GB/T 12459-2025,第5条,mandatory
,MAT-FITT-001,end_bevel,符合第8条,按壁厚加工坡口,,,,{},[],GB/T 12459-2025,第8条,mandatory
,MAT-FITT-001,surface_contour_fit,光滑无裂纹,内外表面光滑无缺陷,,,,{},[],GB/T 12459-2025,第7条,mandatory
,MAT-TRN-001,board_type_trn,普通型,普通型,,,,{},[],GB/T 17656-2018,第4条,required
,MAT-TRN-001,board_type_trn,覆膜型,覆膜型,,,,{},[],GB/T 17656-2018,第4条,required
,MAT-TRN-001,board_type_trn,涂膜型,涂膜型,,,,{},[],GB/T 17656-2018,第4条,required
,MAT-TRN-001,thickness_trn,12,12mm,12,12,mm,{},[],GB/T 17656-2018,第5.3条/表1,mandatory
,MAT-TRN-001,thickness_trn,15,15mm,15,15,mm,{},[],GB/T 17656-2018,第5.3条/表1,mandatory
,MAT-TRN-001,thickness_trn,18,18mm,18,18,mm,{},[],GB/T 17656-2018,第5.3条/表1,mandatory
,MAT-TRN-001,thickness_trn,21,21mm,21,21,mm,{},[],GB/T 17656-2018,第5.3条/表1,mandatory
,MAT-TRN-001,nominal_width_trn,900,900mm,900,900,mm,{},[],GB/T 17656-2018,第5.3条/表1,mandatory
,MAT-TRN-001,nominal_width_trn,915,915mm,915,915,mm,{},[],GB/T 17656-2018,第5.3条/表1,mandatory
,MAT-TRN-001,nominal_width_trn,1000,1000mm,1000,1000,mm,{},[],GB/T 17656-2018,第5.3条/表1,mandatory
,MAT-TRN-001,nominal_width_trn,1200,1200mm,1200,1200,mm,{},[],GB/T 17656-2018,第5.3条/表1,mandatory
,MAT-TRN-001,nominal_width_trn,1220,1220mm,1220,1220,mm,{},[],GB/T 17656-2018,第5.3条/表1,mandatory
,MAT-TRN-001,nominal_width_trn,1250,1250mm,1250,1250,mm,{},[],GB/T 17656-2018,第5.3条/表1,mandatory
,MAT-TRN-001,nominal_length_trn,1800,1800mm,1800,1800,mm,{},[],GB/T 17656-2018,第5.3条/表1,mandatory
,MAT-TRN-001,nominal_length_trn,1830,1830mm,1830,1830,mm,{},[],GB/T 17656-2018,第5.3条/表1,mandatory
,MAT-TRN-001,nominal_length_trn,1880,1880mm,1880,1880,mm,{},[],GB/T 17656-2018,第5.3条/表1,mandatory
,MAT-TRN-001,nominal_length_trn,2000,2000mm,2000,2000,mm,{},[],GB/T 17656-2018,第5.3条/表1,mandatory
,MAT-TRN-001,nominal_length_trn,2135,2135mm,2135,2135,mm,{},[],GB/T 17656-2018,第5.3条/表1,mandatory
,MAT-TRN-001,nominal_length_trn,2400,2400mm,2400,2400,mm,{},[],GB/T 17656-2018,第5.3条/表1,mandatory
,MAT-TRN-001,nominal_length_trn,2440,2440mm,2440,2440,mm,{},[],GB/T 17656-2018,第5.3条/表1,mandatory
,MAT-TRN-001,nominal_length_trn,2500,2500mm,2500,2500,mm,{},[],GB/T 17656-2018,第5.3条/表1,mandatory
,MAT-TRN-001,bending_strength_parallel,50.0,"≥50.0MPa(普通型,12≤t<15)",50.0,,MPa,{},[],GB/T 17656-2018,第5.5条/表3,mandatory
,MAT-TRN-001,bending_strength_perp,30.0,"≥30.0MPa(普通型,12≤t<15)",30.0,,MPa,{},[],GB/T 17656-2018,第5.5条/表3,mandatory
,MAT-TRN-001,bending_strength_parallel,45.0,"≥45.0MPa(普通型,15≤t<18)",45.0,,MPa,{},[],GB/T 17656-2018,第5.5条/表3,mandatory
,MAT-TRN-001,bending_strength_perp,30.0,"≥30.0MPa(普通型,15≤t<18)",30.0,,MPa,{},[],GB/T 17656-2018,第5.5条/表3,mandatory
,MAT-TRN-001,bending_strength_parallel,40.0,"≥40.0MPa(普通型,18≤t<21)",40.0,,MPa,{},[],GB/T 17656-2018,第5.5条/表3,mandatory
,MAT-TRN-001,bending_strength_perp,25.0,"≥25.0MPa(普通型,18≤t<21)",25.0,,MPa,{},[],GB/T 17656-2018,第5.5条/表3,mandatory
,MAT-TRN-001,bending_strength_parallel,35.0,"≥35.0MPa(普通型,21≤t<24)",35.0,,MPa,{},[],GB/T 17656-2018,第5.5条/表3,mandatory
,MAT-TRN-001,bending_strength_perp,25.0,"≥25.0MPa(普通型,21≤t<24)",25.0,,MPa,{},[],GB/T 17656-2018,第5.5条/表3,mandatory
,MAT-TRN-001,elastic_mod_parallel,6000,"≥6000MPa(普通型,12≤t<15)",6000,,MPa,{},[],GB/T 17656-2018,第5.5条/表3,mandatory
,MAT-TRN-001,elastic_mod_perp,4500,"≥4500MPa(普通型,12≤t<15)",4500,,MPa,{},[],GB/T 17656-2018,第5.5条/表3,mandatory
,MAT-TRN-001,elastic_mod_parallel,6000,"≥6000MPa(普通型,15≤t<18)",6000,,MPa,{},[],GB/T 17656-2018,第5.5条/表3,mandatory
,MAT-TRN-001,elastic_mod_perp,4500,"≥4500MPa(普通型,15≤t<18)",4500,,MPa,{},[],GB/T 17656-2018,第5.5条/表3,mandatory
,MAT-TRN-001,elastic_mod_parallel,5000,"≥5000MPa(普通型,18≤t<21)",5000,,MPa,{},[],GB/T 17656-2018,第5.5条/表3,mandatory
,MAT-TRN-001,elastic_mod_perp,4000,"≥4000MPa(普通型,18≤t<21)",4000,,MPa,{},[],GB/T 17656-2018,第5.5条/表3,mandatory
,MAT-TRN-001,elastic_mod_parallel,5000,"≥5000MPa(普通型,21≤t<24)",5000,,MPa,{},[],GB/T 17656-2018,第5.5条/表3,mandatory
,MAT-TRN-001,elastic_mod_perp,4000,"≥4000MPa(普通型,21≤t<24)",4000,,MPa,{},[],GB/T 17656-2018,第5.5条/表3,mandatory
,MAT-TRN-001,moisture_content,5,≥5%,5,,%,{},[],GB/T 17656-2018,第5.6条/表6,mandatory
,MAT-TRN-001,moisture_content,14,≤14%,,14,%,{},[],GB/T 17656-2018,第5.6条/表6,mandatory
,MAT-TRN-001,bond_strength_trn,0.70,≥0.70MPa,0.70,,MPa,{},[],GB/T 17656-2018,第5.6条/表6,mandatory
,MAT-ADH-001,adhesive_type,C1(普通型水泥基),C1(普通型水泥基),,,,{},[],JC/T 547-2017,第4条/表1,required
,MAT-ADH-001,adhesive_type,C2(增强型水泥基),C2(增强型水泥基),,,,{},[],JC/T 547-2017,第4条/表1,required
,MAT-ADH-001,adhesive_type,D1(普通型膏状乳液),D1(普通型膏状乳液),,,,{},[],JC/T 547-2017,第4条/表1,required
,MAT-ADH-001,adhesive_type,D2(增强型膏状乳液),D2(增强型膏状乳液),,,,{},[],JC/T 547-2017,第4条/表1,required
,MAT-ADH-001,adhesive_type,R1(普通型反应树脂),R1(普通型反应树脂),,,,{},[],JC/T 547-2017,第4条/表1,required
,MAT-ADH-001,adhesive_type,R2(增强型反应树脂),R2(增强型反应树脂),,,,{},[],JC/T 547-2017,第4条/表1,required
,MAT-ADH-001,tensile_adhesion_std,0.5,≥0.5MPa(C1),0.5,,MPa,{},[],JC/T 547-2017,第5条/表2,mandatory
,MAT-ADH-001,tensile_adhesion_water,0.5,≥0.5MPa(C1浸水),0.5,,MPa,{},[],JC/T 547-2017,第5条/表2,mandatory
,MAT-ADH-001,tensile_adhesion_heat,0.5,≥0.5MPa(C1热老化),0.5,,MPa,{},[],JC/T 547-2017,第5条/表2,mandatory
,MAT-ADH-001,tensile_adhesion_freeze,0.5,≥0.5MPa(C1冻融),0.5,,MPa,{},[],JC/T 547-2017,第5条/表2,mandatory
,MAT-ADH-001,tensile_adhesion_std,1.0,≥1.0MPa(C2),1.0,,MPa,{},[],JC/T 547-2017,第5条/表2,mandatory
,MAT-ADH-001,tensile_adhesion_water,1.0,≥1.0MPa(C2浸水),1.0,,MPa,{},[],JC/T 547-2017,第5条/表2,mandatory
,MAT-ADH-001,tensile_adhesion_heat,1.0,≥1.0MPa(C2热老化),1.0,,MPa,{},[],JC/T 547-2017,第5条/表2,mandatory
,MAT-ADH-001,tensile_adhesion_freeze,1.0,≥1.0MPa(C2冻融),1.0,,MPa,{},[],JC/T 547-2017,第5条/表2,mandatory
,MAT-ADH-001,open_time_20min,0.5,≥0.5MPa(20min晾置),0.5,,MPa,{},[],JC/T 547-2017,第5条/表2,mandatory
,MAT-ADH-001,slip_resistance,0.5,≤0.5mm,,0.5,mm,{},[],JC/T 547-2017,第5条/表2,mandatory
,MAT-ADH-001,transverse_deformation,S1(≥2.5mm),S1(≥2.5mm),,,mm,{},[],JC/T 547-2017,第5条/表2,mandatory
,MAT-ADH-001,transverse_deformation,S2(≥5.0mm),S2(≥5.0mm),,,mm,{},[],JC/T 547-2017,第5条/表2,mandatory
